2,0.004,0.006
3,0.004,0.008
4,0.004,0.006
5,0.004,0.006
6,0.004,0.006
7,0.004,0.006
8,0.004,0.006
9,0.004,0.006
10,0.004,0.006
11,0.004,0.006
12,0.004,0.006
13,0.005,0.006
14,0.005,0.006
15,0.004,0.006
16,0.004,0.006
17,0.005,0.006
18,0.004,0.005
19,0.005,0.006
20,0.004,0.006
21,0.004,0.006
22,0.004,0.006
23,0.004,0.006
24,0.004,0.006
25,0.004,0.006
26,0.005,0.006
27,0.005,0.006
28,0.004,0.006
29,0.005,0.006
30,0.004,0.006
31,0.004,0.005
32,0.004,0.006
33,0.004,0.006
34,0.004,0.006
35,0.005,0.006
36,0.004,0.006
37,0.004,0.005
38,0.004,0.006
39,0.004,0.006
40,0.005,0.006
41,0.005,0.006
42,0.004,0.006
43,0.005,0.006
44,0.004,0.006
45,0.004,0.006
46,0.004,0.006
47,0.004,0.006
48,0.004,0.006
49,0.004,0.006
50,0.005,0.006
51,0.004,0.005
52,0.004,0.006
53,0.004,0.005
54,0.004,0.005
55,0.005,0.006
56,0.004,0.006
57,0.004,0.006
58,0.004,0.005
59,0.004,0.005
60,0.005,0.006
61,0.004,0.006
62,0.005,0.006
63,0.004,0.006
64,0.004,0.006
65,0.004,0.006
66,0.004,0.005
67,0.004,0.005
68,0.004,0.006
69,0.004,0.006
70,0.004,0.006
71,0.004,0.005
72,0.004,0.005
73,0.004,0.006
74,0.004,0.006
75,0.004,0.006
76,0.005,0.006
77,0.004,0.006
78,0.004,0.006
79,0.004,0.006
80,0.004,0.005
81,0.004,0.006
82,0.004,0.005
83,0.004,0.005
84,0.004,0.006
85,0.004,0.006
86,0.004,0.005
87,0.004,0.005
88,0.005,0.006
89,0.005,0.006
90,0.005,0.006
91,0.004,0.006
92,0.004,0.006
93,0.004,0.005
94,0.004,0.006
95,0.004,0.006
96,0.004,0.006
97,0.004,0.006
98,0.004,0.006
99,0.005,0.006
100,0.004,0.006
101,0.004,0.005
102,0.004,0.006
103,0.004,0.006
104,0.004,0.006
105,0.005,0.006
106,0.005,0.006
107,0.005,0.006
108,0.005,0.006
109,0.005,0.006
110,0.004,0.005
111,0.004,0.006
112,0.005,0.006
113,0.004,0.006
114,0.004,0.006
115,0.004,0.006
116,0.004,0.005
117,0.004,0.005
118,0.004,0.006
119,0.004,0.006
120,0.004,0.005
121,0.004,0.005
122,0.004,0.006
123,0.005,0.006
124,0.005,0.006
125,0.004,0.006
126,0.005,0.006
127,0.004,0.006
128,0.004,0.006
129,0.004,0.005
130,0.004,0.005
131,0.004,0.005
132,0.004,0.006
133,0.005,0.006
134,0.004,0.006
135,0.004,0.006
136,0.004,0.005
137,0.004,0.006
138,0.004,0.006
139,0.004,0.006
140,0.005,0.006
141,0.004,0.005
142,0.004,0.006
143,0.004,0.006
144,0.005,0.006
145,0.004,0.006
146,0.004,0.006
147,0.005,0.006
148,0.004,0.005
149,0.004,0.005
150,0.004,0.005
151,0.004,0.005
152,0.004,0.006
153,0.004,0.006
154,0.005,0.006
155,0.005,0.006
156,0.005,0.006
157,0.004,0.006
158,0.004,0.005
159,0.005,0.006
160,0.005,0.006
161,0.005,0.006
162,0.004,0.006
163,0.004,0.006
164,0.004,0.005
165,0.004,0.005
166,0.004,0.005
167,0.004,0.006
168,0.004,0.006
169,0.004,0.006
170,0.004,0.006
171,0.004,0.005
172,0.004,0.006
173,0.004,0.006
174,0.005,0.006
175,0.005,0.006
176,0.005,0.006
177,0.004,0.006
178,0.004,0.006
179,0.005,0.006
180,0.004,0.005
181,0.004,0.006
182,0.004,0.006
183,0.004,0.006
184,0.005,0.006
185,0.004,0.005
186,0.004,0.006
187,0.004,0.006
188,0.005,0.006
189,0.004,0.006
190,0.004,0.006
191,0.005,0.006
192,0.005,0.006
193,0.005,0.006
194,0.005,0.006
195,0.005,0.006
196,0.004,0.005
197,0.005,0.006
198,0.004,0.005
199,0.005,0.006
200,0.004,0.006
201,0.004,0.006
202,0.004,0.005
203,0.004,0.006
204,0.004,0.006
205,0.004,0.006
206,0.005,0.006
207,0.004,0.006
208,0.004,0.005
209,0.004,0.006
210,0.004,0.006
211,0.004,0.006
212,0.004,0.005
213,0.004,0.006
214,0.005,0.006
215,0.004,0.006
216,0.005,0.006
217,0.005,0.006
218,0.004,0.006
219,0.004,0.006
220,0.005,0.006
221,0.004,0.005
222,0.004,0.006
223,0.004,0.006
224,0.004,0.006
225,0.005,0.006
226,0.004,0.006
227,0.005,0.006
228,0.004,0.006
229,0.004,0.005
230,0.004,0.006
231,0.004,0.005
232,0.005,0.006
233,0.004,0.005
234,0.004,0.006
235,0.004,0.006
236,0.004,0.006
237,0.005,0.006
238,0.004,0.005
239,0.004,0.005
240,0.004,0.006
241,0.004,0.005
242,0.004,0.005
243,0.004,0.006
244,0.004,0.006
245,0.005,0.006
246,0.005,0.006
247,0.005,0.006
248,0.004,0.006
249,0.004,0.006
250,0.004,0.005
251,0.005,0.006
252,0.004,0.006
253,0.004,0.006
254,0.004,0.006
255,0.004,0.006
256,0.005,0.006
257,0.004,0.006
258,0.004,0.006
259,0.004,0.006
260,0.004,0.006
261,0.005,0.006
262,0.005,0.006
263,0.005,0.006
264,0.005,0.006
265,0.004,0.006
266,0.004,0.006
267,0.004,0.006
268,0.004,0.006
269,0.004,0.006
270,0.004,0.005
271,0.004,0.005
272,0.004,0.005
273,0.004,0.006
274,0.005,0.006
275,0.004,0.006
276,0.004,0.006
277,0.004,0.006
278,0.005,0.006
279,0.005,0.006
280,0.004,0.006
281,0.004,0.006
282,0.004,0.006
283,0.004,0.005
284,0.004,0.006
285,0.005,0.006
286,0.005,0.006
287,0.005,0.006
288,0.004,0.005
289,0.005,0.006
290,0.004,0.006
291,0.004,0.006
292,0.004,0.005
293,0.005,0.006
294,0.004,0.006
295,0.004,0.006
296,0.005,0.006
297,0.004,0.006
298,0.004,0.006
299,0.005,0.006
300,0.005,0.006
301,0.005,0.006
302,0.005,0.006
303,0.004,0.006
304,0.005,0.006
305,0.005,0.006
306,0.005,0.006
307,0.005,0.006
308,0.004,0.005
309,0.004,0.005
310,0.004,0.006
311,0.005,0.006
312,0.004,0.006
313,0.004,0.006
314,0.004,0.006
315,0.004,0.006
316,0.005,0.006
317,0.004,0.006
318,0.004,0.006
319,0.004,0.006
320,0.004,0.006
321,0.004,0.006
322,0.004,0.006
323,0.004,0.006
324,0.005,0.006
325,0.005,0.006
326,0.005,0.006
327,0.005,0.006
328,0.004,0.006
329,0.004,0.005
330,0.004,0.006
331,0.004,0.006
332,0.004,0.006
333,0.004,0.006
334,0.004,0.006
335,0.004,0.005
336,0.004,0.006
337,0.004,0.006
338,0.004,0.006
339,0.004,0.006
340,0.004,0.006
341,0.004,0.006
342,0.004,0.005
343,0.005,0.006
344,0.004,0.006
345,0.005,0.006
346,0.004,0.006
347,0.004,0.006
348,0.004,0.005
349,0.004,0.006
350,0.004,0.006
351,0.004,0.006
352,0.004,0.005
353,0.005,0.006
354,0.004,0.006
355,0.005,0.006
356,0.004,0.005
357,0.005,0.006
358,0.005,0.006
359,0.005,0.006
360,0.005,0.006
361,0.004,0.006
362,0.005,0.006
363,0.004,0.006
364,0.005,0.006
365,0.005,0.006
366,0.004,0.005
367,0.004,0.006
368,0.004,0.006
369,0.004,0.006
370,0.004,0.006
371,0.005,0.006
372,0.004,0.005
373,0.004,0.006
374,0.004,0.006
375,0.005,0.006
376,0.004,0.006
377,0.005,0.006
378,0.004,0.005
379,0.005,0.006
380,0.004,0.006
381,0.004,0.006
382,0.004,0.005
383,0.004,0.006
384,0.004,0.006
385,0.005,0.006
386,0.005,0.006
387,0.005,0.006
388,0.005,0.006
389,0.004,0.006
390,0.004,0.006
391,0.005,0.006
392,0.004,0.006
393,0.004,0.005
394,0.004,0.006
395,0.004,0.006
396,0.004,0.006
397,0.004,0.006
398,0.004,0.006
399,0.004,0.006
400,0.004,0.006
401,0.004,0.006
402,0.004,0.005
403,0.004,0.006
404,0.004,0.006
405,0.004,0.006
406,0.004,0.006
407,0.004,0.005
408,0.004,0.006
409,0.004,0.005
410,0.004,0.006
411,0.005,0.006
412,0.005,0.006
413,0.005,0.006
414,0.004,0.006
415,0.004,0.005
416,0.005,0.006
417,0.005,0.006
418,0.005,0.006
419,0.005,0.006
420,0.005,0.006
421,0.004,0.006
422,0.004,0.006
423,0.004,0.006
424,0.004,0.006
425,0.004,0.006
426,0.004,0.005
427,0.004,0.006
428,0.004,0.006
429,0.004,0.006
430,0.005,0.006
431,0.005,0.006
432,0.005,0.006
433,0.005,0.006
434,0.005,0.006
435,0.004,0.006
436,0.005,0.006
437,0.004,0.006
438,0.004,0.006
439,0.004,0.006
440,0.004,0.005
441,0.004,0.005
442,0.004,0.006
443,0.004,0.006
444,0.005,0.006
445,0.005,0.006
446,0.004,0.006
447,0.004,0.005
448,0.005,0.006
449,0.004,0.005
450,0.004,0.006
451,0.005,0.006
452,0.004,0.006
453,0.004,0.006
454,0.004,0.006
455,0.004,0.006
456,0.005,0.006
457,0.005,0.006
458,0.004,0.006
459,0.004,0.006
460,0.004,0.006
461,0.004,0.006
462,0.004,0.006
463,0.004,0.005
464,0.004,0.006
465,0.004,0.006
466,0.005,0.006
467,0.004,0.006
468,0.005,0.006
469,0.004,0.006
470,0.004,0.005
471,0.005,0.006
472,0.005,0.006
473,0.004,0.006
474,0.004,0.006
475,0.004,0.006
476,0.005,0.006
477,0.004,0.005
478,0.004,0.006
479,0.004,0.006
480,0.005,0.006
481,0.005,0.006
482,0.005,0.006
483,0.004,0.006
484,0.004,0.006
485,0.004,0.006
486,0.004,0.006
487,0.004,0.006
488,0.004,0.006
489,0.004,0.006
490,0.004,0.006
491,0.004,0.006
492,0.004,0.006
493,0.005,0.006
494,0.004,0.005
495,0.004,0.006
496,0.004,0.006
497,0.004,0.005
498,0.004,0.005
499,0.004,0.005
500,0.004,0.006
501,0.004,0.006
502,0.005,0.006
503,0.004,0.006
504,0.004,0.006
505,0.004,0.006
506,0.004,0.006
507,0.004,0.006
508,0.004,0.005
509,0.004,0.006
510,0.005,0.006
511,0.004,0.005
512,0.004,0.006
513,0.004,0.006
514,0.004,0.006
515,0.004,0.005
516,0.004,0.006
517,0.004,0.006
518,0.004,0.005
519,0.004,0.006
520,0.004,0.006
521,0.004,0.005
522,0.005,0.006
523,0.005,0.006
524,0.005,0.006
525,0.005,0.006
526,0.004,0.006
527,0.005,0.006
528,0.004,0.006
529,0.004,0.006
530,0.004,0.006
531,0.004,0.006
532,0.004,0.006
533,0.005,0.006
534,0.004,0.005
535,0.004,0.006
536,0.004,0.006
537,0.005,0.006
538,0.005,0.006
539,0.004,0.006
540,0.004,0.005
541,0.004,0.006
542,0.004,0.006
543,0.004,0.005
544,0.004,0.005
545,0.005,0.006
546,0.005,0.006
547,0.005,0.006
548,0.005,0.006
549,0.005,0.006
550,0.004,0.005
551,0.004,0.005
552,0.004,0.005
553,0.004,0.005
554,0.004,0.005
555,0.005,0.006
556,0.004,0.006
557,0.005,0.006
558,0.004,0.006
559,0.004,0.006
560,0.005,0.006
561,0.004,0.006
562,0.004,0.005
563,0.004,0.005
564,0.004,0.005
565,0.004,0.005
566,0.004,0.005
567,0.005,0.006
568,0.005,0.006
569,0.005,0.006
570,0.005,0.006
571,0.005,0.006
572,0.005,0.006
573,0.004,0.005
574,0.004,0.005
575,0.004,0.005
576,0.004,0.006
577,0.004,0.006
578,0.004,0.005
579,0.005,0.006
580,0.004,0.005
581,0.004,0.005
582,0.005,0.006
583,0.005,0.006
584,0.004,0.006
585,0.004,0.006
586,0.004,0.005
587,0.004,0.006
588,0.004,0.006
589,0.004,0.005
590,0.004,0.005
591,0.004,0.005
592,0.004,0.006
593,0.004,0.005
594,0.004,0.006
595,0.004,0.005
596,0.004,0.006
597,0.004,0.006
598,0.004,0.006
599,0.005,0.006
600,0.004,0.006
601,0.004,0.006
602,0.005,0.006
603,0.004,0.006
604,0.004,0.006
605,0.004,0.006
606,0.005,0.006
607,0.005,0.006
608,0.004,0.005
609,0.004,0.005
610,0.004,0.006
611,0.004,0.006
612,0.004,0.006
613,0.004,0.006
614,0.004,0.006
615,0.004,0.005
616,0.005,0.006
617,0.005,0.006
618,0.004,0.006
619,0.005,0.006
620,0.004,0.006
621,0.004,0.006
622,0.004,0.006
623,0.004,0.006
624,0.005,0.006
625,0.004,0.006
626,0.005,0.006
627,0.005,0.006
628,0.005,0.006
629,0.005,0.006
630,0.005,0.006
631,0.004,0.006
632,0.004,0.006
633,0.004,0.006
634,0.004,0.006
635,0.004,0.005
636,0.004,0.006
637,0.004,0.005
638,0.004,0.005
639,0.004,0.005
640,0.004,0.005
641,0.004,0.005
642,0.005,0.006
643,0.005,0.006
644,0.004,0.006
645,0.004,0.005
646,0.004,0.006
647,0.004,0.005
648,0.004,0.005
649,0.004,0.006
650,0.004,0.005
651,0.005,0.006
652,0.005,0.006
653,0.004,0.005
654,0.004,0.006
655,0.004,0.006
656,0.004,0.006
657,0.004,0.005
658,0.004,0.005
659,0.005,0.006
660,0.005,0.006
661,0.004,0.006
662,0.005,0.006
663,0.004,0.006
664,0.004,0.006
665,0.004,0.006
666,0.004,0.005
667,0.005,0.006
668,0.004,0.006
669,0.004,0.006
670,0.004,0.006
671,0.005,0.006
672,0.004,0.005
673,0.005,0.006
674,0.004,0.005
675,0.004,0.006
676,0.004,0.006
677,0.005,0.006
678,0.004,0.006
679,0.004,0.006
680,0.004,0.006
681,0.004,0.005
682,0.004,0.005
683,0.004,0.005
684,0.005,0.006
685,0.004,0.006
686,0.004,0.005
687,0.004,0.006
688,0.004,0.005
689,0.004,0.006
690,0.004,0.006
691,0.004,0.005
692,0.004,0.005
693,0.005,0.006
694,0.004,0.006
695,0.004,0.006
696,0.004,0.005
697,0.004,0.006
698,0.004,0.006
699,0.004,0.005
700,0.004,0.005
701,0.004,0.006
702,0.004,0.005
703,0.004,0.005
704,0.004,0.006
705,0.004,0.005
706,0.004,0.006
707,0.004,0.006
708,0.004,0.006
709,0.004,0.006
710,0.004,0.005
711,0.004,0.005
712,0.005,0.006
713,0.004,0.005
714,0.005,0.006
715,0.004,0.006
716,0.004,0.006
717,0.004,0.006
718,0.004,0.006
719,0.005,0.006
720,0.004,0.005
721,0.005,0.006
722,0.005,0.006
723,0.004,0.006
724,0.005,0.006
725,0.004,0.005
726,0.004,0.006
727,0.004,0.006
728,0.004,0.005
729,0.004,0.005
730,0.004,0.005
731,0.004,0.006
732,0.005,0.006
733,0.004,0.006
734,0.005,0.006
735,0.004,0.006
736,0.004,0.006
737,0.004,0.006
738,0.004,0.005
739,0.004,0.006
740,0.004,0.006
741,0.004,0.005
742,0.004,0.006
743,0.004,0.005
744,0.004,0.005
745,0.004,0.005
746,0.004,0.006
747,0.004,0.006
748,0.004,0.005
749,0.004,0.006
750,0.004,0.005
751,0.004,0.006
752,0.005,0.006
753,0.004,0.006
754,0.004,0.006
755,0.004,0.005
756,0.005,0.006
757,0.005,0.006
758,0.004,0.006
759,0.005,0.006
760,0.004,0.006
761,0.004,0.005
762,0.004,0.005
763,0.005,0.006
764,0.005,0.006
765,0.005,0.006
766,0.005,0.006
767,0.004,0.006
768,0.005,0.006
769,0.005,0.006
770,0.004,0.006
771,0.005,0.006
772,0.004,0.006
773,0.004,0.006
774,0.004,0.006
775,0.004,0.006
776,0.004,0.005
777,0.005,0.006
778,0.004,0.005
779,0.004,0.005
780,0.004,0.005
781,0.004,0.005
782,0.005,0.006
783,0.004,0.005
784,0.004,0.006
785,0.004,0.006
786,0.004,0.005
787,0.004,0.005
788,0.004,0.005
789,0.005,0.006
790,0.004,0.005
791,0.004,0.005
792,0.004,0.005
793,0.005,0.006
794,0.005,0.006
795,0.004,0.006
796,0.005,0.006
797,0.004,0.006
798,0.004,0.006
799,0.004,0.005
800,0.005,0.006
801,0.005,0.006
802,0.005,0.006
803,0.005,0.006
804,0.004,0.005
805,0.004,0.005
806,0.004,0.006
807,0.004,0.006
808,0.004,0.006
809,0.004,0.005
810,0.005,0.006
811,0.005,0.006
812,0.004,0.005
813,0.004,0.005
814,0.004,0.005
815,0.004,0.005
816,0.005,0.006
817,0.004,0.005
818,0.004,0.006
819,0.004,0.005
820,0.004,0.005
821,0.004,0.005
822,0.004,0.005
823,0.004,0.005
824,0.004,0.005
825,0.004,0.006
826,0.004,0.005
827,0.004,0.006
828,0.004,0.005
829,0.004,0.006
830,0.004,0.006
831,0.004,0.006
832,0.004,0.006
833,0.004,0.005
834,0.005,0.006
835,0.005,0.006
836,0.004,0.005
837,0.005,0.006
838,0.004,0.006
839,0.004,0.005
840,0.004,0.006
841,0.004,0.006
842,0.005,0.006
843,0.004,0.005
844,0.004,0.006
845,0.004,0.006
846,0.004,0.006
847,0.005,0.006
848,0.005,0.006
849,0.004,0.006
850,0.004,0.005
851,0.005,0.006
852,0.004,0.006
853,0.004,0.006
854,0.004,0.006
855,0.004,0.006
856,0.004,0.006
857,0.004,0.005
858,0.004,0.006
859,0.004,0.005
860,0.004,0.005
861,0.005,0.006
862,0.005,0.006
863,0.005,0.006
864,0.005,0.006
865,0.004,0.006
866,0.004,0.005
867,0.004,0.006
868,0.004,0.006
869,0.004,0.006
870,0.005,0.006
871,0.005,0.006
872,0.004,0.006
873,0.004,0.006
874,0.004,0.005
875,0.004,0.006
876,0.004,0.006
877,0.004,0.006
878,0.004,0.006
879,0.004,0.005
880,0.004,0.005
881,0.005,0.006
882,0.004,0.005
883,0.004,0.006
884,0.004,0.006
885,0.004,0.006
886,0.004,0.005
887,0.004,0.006
888,0.004,0.006
889,0.004,0.006
890,0.005,0.006
891,0.004,0.006
892,0.004,0.006
893,0.005,0.006
894,0.004,0.006
895,0.004,0.005
896,0.004,0.006
897,0.005,0.006
898,0.004,0.006
899,0.005,0.006
900,0.004,0.006
901,0.004,0.006
902,0.005,0.006
903,0.004,0.005
904,0.004,0.005
905,0.004,0.005
906,0.004,0.005
907,0.004,0.005
908,0.004,0.006
909,0.004,0.006
910,0.005,0.006
911,0.004,0.005
912,0.004,0.005
913,0.004,0.006
914,0.004,0.006
915,0.004,0.006
916,0.004,0.006
917,0.004,0.005
918,0.004,0.006
919,0.005,0.006
920,0.004,0.005
921,0.004,0.006
922,0.004,0.006
923,0.004,0.006
924,0.004,0.006
925,0.004,0.006
926,0.004,0.006
927,0.004,0.006
928,0.004,0.006
929,0.004,0.006
930,0.004,0.006
931,0.004,0.006
932,0.004,0.006
933,0.004,0.005
934,0.005,0.006
935,0.004,0.005
936,0.005,0.006
937,0.004,0.006
938,0.005,0.006
939,0.004,0.005
940,0.004,0.006
941,0.004,0.006
942,0.004,0.005
943,0.004,0.006
944,0.004,0.006
945,0.004,0.006
946,0.004,0.006
947,0.004,0.006
948,0.005,0.006
949,0.004,0.005
950,0.004,0.006
951,0.005,0.006
952,0.004,0.006
953,0.004,0.005
954,0.004,0.006
955,0.004,0.005
956,0.004,0.005
957,0.004,0.006
958,0.004,0.005
959,0.004,0.006
960,0.004,0.006
961,0.005,0.006
962,0.004,0.006
963,0.004,0.006
964,0.005,0.006
965,0.004,0.006
966,0.004,0.005
967,0.005,0.006
968,0.004,0.005
969,0.004,0.005
970,0.004,0.006
971,0.004,0.005
972,0.004,0.006
973,0.005,0.006
974,0.005,0.006
975,0.005,0.006
976,0.005,0.006
977,0.004,0.005
978,0.004,0.005
979,0.005,0.006
980,0.005,0.006
981,0.004,0.006
982,0.004,0.005
983,0.004,0.006
984,0.004,0.006
985,0.004,0.006
986,0.005,0.006
987,0.004,0.005
988,0.005,0.006
989,0.005,0.006
990,0.004,0.005
991,0.004,0.006
992,0.004,0.005
993,0.004,0.006
994,0.004,0.005
995,0.005,0.006
996,0.004,0.005
997,0.004,0.006
998,0.004,0.006
999,0.004,0.006
1000,0.004,0.006
1001,0.005,0.006
1002,0.004,0.005
1003,0.004,0.006
1004,0.004,0.006
1005,0.004,0.006
1006,0.004,0.006
1007,0.005,0.006
1008,0.004,0.005
1009,0.004,0.005
1010,0.004,0.006
1011,0.005,0.006
1012,0.004,0.005
1013,0.004,0.006
1014,0.004,0.005
1015,0.004,0.005
1016,0.004,0.006
1017,0.004,0.006
1018,0.005,0.006
1019,0.005,0.006
1020,0.004,0.005
1021,0.004,0.005
1022,0.005,0.006
1023,0.005,0.006
1024,0.004,0.006
1025,0.004,0.006
1026,0.004,0.006
1027,0.004,0.005
1028,0.004,0.005
1029,0.005,0.006
1030,0.004,0.006
1031,0.004,0.005
1032,0.004,0.005
1033,0.005,0.006
1034,0.004,0.005
1035,0.004,0.005
1036,0.004,0.006
1037,0.004,0.006
1038,0.004,0.006
1039,0.004,0.005
1040,0.005,0.006
1041,0.004,0.005
1042,0.004,0.005
1043,0.004,0.006
1044,0.004,0.006
1045,0.004,0.006
1046,0.004,0.006
1047,0.004,0.005
1048,0.004,0.006
1049,0.004,0.005
1050,0.004,0.005
1051,0.004,0.005
1052,0.004,0.006
1053,0.004,0.005
1054,0.004,0.006
1055,0.004,0.005
1056,0.004,0.006
1057,0.004,0.006
1058,0.004,0.006
1059,0.004,0.006
1060,0.004,0.005
1061,0.004,0.006
1062,0.004,0.005
1063,0.004,0.005
1064,0.004,0.005
1065,0.005,0.006
1066,0.004,0.005
1067,0.005,0.006
1068,0.005,0.006
1069,0.005,0.006
1070,0.004,0.005
1071,0.004,0.005
1072,0.004,0.005
1073,0.004,0.006
1074,0.004,0.006
1075,0.004,0.006
1076,0.004,0.006
1077,0.004,0.005
1078,0.004,0.006
1079,0.005,0.006
1080,0.004,0.006
1081,0.004,0.006
1082,0.005,0.006
1083,0.004,0.006
1084,0.004,0.006
1085,0.004,0.006
1086,0.004,0.006
1087,0.004,0.006
1088,0.004,0.006
1089,0.004,0.006
1090,0.005,0.006
1091,0.004,0.005
1092,0.005,0.006
1093,0.004,0.006
1094,0.004,0.006
1095,0.004,0.006
1096,0.004,0.006
1097,0.004,0.006
1098,0.004,0.005
1099,0.004,0.005
1100,0.004,0.005
1101,0.004,0.005
1102,0.004,0.005
1103,0.004,0.006
1104,0.004,0.006
1105,0.005,0.006
1106,0.005,0.006
1107,0.004,0.006
1108,0.004,0.006
1109,0.004,0.006
1110,0.005,0.006
1111,0.004,0.006
1112,0.004,0.005
1113,0.004,0.005
1114,0.005,0.006
1115,0.004,0.006
1116,0.004,0.006
1117,0.005,0.006
1118,0.004,0.005
1119,0.004,0.006
1120,0.005,0.006
1121,0.004,0.006
1122,0.004,0.005
1123,0.004,0.006
1124,0.005,0.006
1125,0.004,0.006
1126,0.004,0.005
1127,0.004,0.005
1128,0.004,0.006
1129,0.004,0.006
1130,0.004,0.006
1131,0.004,0.006
1132,0.004,0.006
1133,0.004,0.006
1134,0.004,0.006
1135,0.005,0.006
1136,0.005,0.006
1137,0.004,0.006
1138,0.004,0.006
1139,0.004,0.006
1140,0.005,0.006
1141,0.004,0.006
1142,0.004,0.006
1143,0.005,0.006
1144,0.005,0.006
1145,0.005,0.006
1146,0.005,0.006
1147,0.004,0.005
1148,0.005,0.006
1149,0.004,0.006
1150,0.005,0.006
1151,0.005,0.006
1152,0.004,0.006
1153,0.004,0.005
1154,0.004,0.006
1155,0.004,0.006
1156,0.005,0.006
1157,0.004,0.005
1158,0.004,0.005
1159,0.004,0.005
1160,0.004,0.006
1161,0.004,0.005
1162,0.004,0.005
1163,0.004,0.005
1164,0.004,0.005
1165,0.004,0.006
1166,0.004,0.005
1167,0.005,0.006
1168,0.005,0.006
1169,0.004,0.005
1170,0.004,0.006
1171,0.004,0.006
1172,0.004,0.006
1173,0.004,0.005
1174,0.004,0.006
1175,0.005,0.006
1176,0.004,0.005
1177,0.004,0.005
1178,0.005,0.006
1179,0.004,0.005
1180,0.004,0.006
1181,0.004,0.005
1182,0.004,0.006
1183,0.004,0.005
1184,0.004,0.005
1185,0.004,0.006
1186,0.005,0.006
1187,0.005,0.006
1188,0.005,0.006
1189,0.004,0.006
1190,0.004,0.006
1191,0.005,0.006
1192,0.005,0.006
1193,0.004,0.005
1194,0.005,0.006
1195,0.005,0.006
1196,0.004,0.006
1197,0.004,0.006
1198,0.004,0.006
1199,0.004,0.006
1200,0.004,0.006
1201,0.005,0.006
1202,0.004,0.006
1203,0.004,0.005
1204,0.004,0.006
1205,0.004,0.006
1206,0.004,0.005
1207,0.004,0.005
1208,0.004,0.006
1209,0.004,0.006
1210,0.004,0.005
1211,0.004,0.005
1212,0.005,0.006
1213,0.004,0.006
1214,0.004,0.006
1215,0.004,0.005
1216,0.005,0.006
1217,0.004,0.006
1218,0.004,0.006
1219,0.004,0.006
1220,0.004,0.006
1221,0.004,0.006
1222,0.004,0.005
1223,0.004,0.005
1224,0.004,0.005
1225,0.004,0.005
1226,0.005,0.006
1227,0.005,0.006
1228,0.004,0.006
1229,0.004,0.006
1230,0.005,0.006
1231,0.005,0.006
1232,0.004,0.005
1233,0.005,0.006
1234,0.005,0.006
1235,0.005,0.006
1236,0.004,0.006
1237,0.005,0.006
1238,0.005,0.006
1239,0.005,0.006
1240,0.004,0.006
1241,0.004,0.005
1242,0.004,0.006
1243,0.004,0.005
1244,0.005,0.006
1245,0.004,0.005
1246,0.004,0.006
1247,0.004,0.005
1248,0.004,0.005
1249,0.005,0.006
1250,0.004,0.005
1251,0.004,0.005
1252,0.004,0.006
1253,0.004,0.005
1254,0.004,0.005
1255,0.005,0.006
1256,0.004,0.006
1257,0.004,0.005
1258,0.005,0.006
1259,0.005,0.006
1260,0.004,0.005
1261,0.004,0.005
1262,0.004,0.005
1263,0.004,0.005
1264,0.005,0.006
1265,0.004,0.005
1266,0.004,0.005
1267,0.004,0.005
1268,0.005,0.006
1269,0.004,0.006
1270,0.004,0.005
1271,0.004,0.005
1272,0.004,0.006
1273,0.004,0.006
1274,0.004,0.005
1275,0.004,0.005
1276,0.004,0.005
1277,0.005,0.006
1278,0.005,0.006
1279,0.004,0.006
1280,0.004,0.006
1281,0.004,0.005
1282,0.005,0.006
1283,0.005,0.006
1284,0.005,0.006
1285,0.005,0.006
1286,0.005,0.006
1287,0.005,0.006
1288,0.004,0.005
1289,0.005,0.006
1290,0.004,0.006
1291,0.005,0.006
1292,0.005,0.006
1293,0.005,0.006
1294,0.004,0.005
1295,0.004,0.006
1296,0.004,0.006
1297,0.004,0.005
1298,0.004,0.005
1299,0.004,0.005
1300,0.004,0.005
1301,0.005,0.006
1302,0.005,0.006
1303,0.004,0.005
1304,0.005,0.006
1305,0.004,0.006
1306,0.004,0.006
1307,0.004,0.006
1308,0.004,0.005
1309,0.004,0.006
1310,0.004,0.005
1311,0.004,0.005
1312,0.004,0.006
1313,0.004,0.006
1314,0.004,0.006
1315,0.005,0.006
1316,0.005,0.006
1317,0.004,0.005
1318,0.004,0.006
1319,0.004,0.006
1320,0.004,0.005
1321,0.004,0.005
1322,0.004,0.005
1323,0.005,0.006
1324,0.004,0.006
1325,0.004,0.006
1326,0.004,0.006
1327,0.004,0.005
1328,0.004,0.005
1329,0.004,0.006
1330,0.004,0.006
1331,0.004,0.006
1332,0.005,0.006
1333,0.004,0.006
1334,0.004,0.005
1335,0.004,0.006
1336,0.005,0.006
1337,0.004,0.005
1338,0.004,0.005
1339,0.005,0.006
1340,0.005,0.006
1341,0.004,0.006
1342,0.004,0.006
1343,0.004,0.006
1344,0.004,0.006
1345,0.005,0.006
1346,0.005,0.006
1347,0.005,0.006
1348,0.005,0.006
1349,0.005,0.006
1350,0.005,0.006
1351,0.004,0.005
1352,0.004,0.005
1353,0.004,0.006
1354,0.004,0.006
1355,0.004,0.006
1356,0.004,0.006
1357,0.004,0.005
1358,0.005,0.006
1359,0.004,0.006
1360,0.004,0.005
1361,0.004,0.005
1362,0.004,0.005
1363,0.004,0.005
1364,0.004,0.005
1365,0.004,0.005
1366,0.004,0.005
1367,0.005,0.006
1368,0.005,0.006
1369,0.005,0.006
1370,0.004,0.006
1371,0.004,0.006
1372,0.005,0.006
1373,0.005,0.006
1374,0.004,0.006
1375,0.004,0.006
1376,0.004,0.005
1377,0.004,0.006
1378,0.004,0.006
1379,0.004,0.006
1380,0.004,0.006
1381,0.004,0.005
1382,0.005,0.006
1383,0.004,0.005
1384,0.004,0.006
1385,0.004,0.006
1386,0.004,0.006
1387,0.004,0.006
1388,0.004,0.005
1389,0.004,0.005
1390,0.004,0.006
1391,0.004,0.006
1392,0.005,0.006
1393,0.004,0.006
1394,0.004,0.006
1395,0.004,0.005
1396,0.004,0.005
1397,0.004,0.006
1398,0.004,0.005
1399,0.005,0.006
1400,0.005,0.006
1401,0.004,0.006
1402,0.004,0.005
1403,0.004,0.005
1404,0.004,0.005
1405,0.004,0.005
1406,0.004,0.005
1407,0.004,0.005
1408,0.004,0.005
1409,0.004,0.006
1410,0.004,0.006
1411,0.004,0.006
1412,0.004,0.005
1413,0.004,0.005
1414,0.005,0.006
1415,0.004,0.005
1416,0.004,0.005
1417,0.004,0.005
1418,0.004,0.006
1419,0.004,0.005
1420,0.004,0.005
1421,0.004,0.005
1422,0.004,0.005
1423,0.004,0.006
1424,0.004,0.006
1425,0.005,0.006
1426,0.004,0.005
1427,0.004,0.005
1428,0.004,0.006
1429,0.005,0.006
1430,0.004,0.006
1431,0.004,0.005
1432,0.005,0.006
1433,0.004,0.006
1434,0.004,0.006
1435,0.004,0.006
1436,0.004,0.005
1437,0.004,0.006
1438,0.004,0.006
1439,0.004,0.006
1440,0.004,0.006
1441,0.004,0.006
1442,0.004,0.006
1443,0.004,0.006
1444,0.004,0.006
1445,0.005,0.006
1446,0.005,0.006
1447,0.004,0.006
1448,0.004,0.005
1449,0.004,0.005
1450,0.004,0.006
1451,0.004,0.006
1452,0.004,0.006
1453,0.004,0.005
1454,0.005,0.006
1455,0.004,0.006
1456,0.004,0.006
1457,0.004,0.005
1458,0.004,0.006
1459,0.004,0.005
1460,0.004,0.005
1461,0.005,0.006
1462,0.005,0.006
1463,0.004,0.006
1464,0.004,0.005
1465,0.004,0.005
1466,0.004,0.005
1467,0.004,0.005
1468,0.004,0.005
1469,0.004,0.006
1470,0.004,0.005
1471,0.004,0.006
1472,0.004,0.006
1473,0.004,0.005
1474,0.004,0.006
1475,0.004,0.006
1476,0.004,0.006
1477,0.004,0.006
1478,0.004,0.005
1479,0.005,0.006
1480,0.004,0.005
1481,0.004,0.005
1482,0.004,0.005
1483,0.004,0.006
1484,0.004,0.006
1485,0.004,0.005
1486,0.005,0.006
1487,0.005,0.006
1488,0.004,0.005
1489,0.004,0.006
1490,0.004,0.005
1491,0.004,0.005
1492,0.004,0.005
1493,0.004,0.006
1494,0.004,0.006
1495,0.004,0.006
1496,0.005,0.006
1497,0.004,0.005
1498,0.004,0.005
1499,0.004,0.006
1500,0.004,0.006
1501,0.004,0.006
1502,0.004,0.005
1503,0.004,0.005
1504,0.004,0.006
1505,0.004,0.005
1506,0.004,0.005
1507,0.004,0.005
1508,0.004,0.006
1509,0.004,0.006
1510,0.004,0.005
1511,0.004,0.005
1512,0.005,0.006
1513,0.005,0.006
1514,0.004,0.005
1515,0.004,0.005
1516,0.004,0.005
1517,0.004,0.006
1518,0.005,0.006
1519,0.004,0.005
1520,0.004,0.006
1521,0.004,0.006
1522,0.004,0.005
1523,0.004,0.006
1524,0.004,0.005
1525,0.005,0.006
1526,0.004,0.006
1527,0.004,0.006
1528,0.005,0.006
1529,0.005,0.006
1530,0.004,0.006
1531,0.005,0.006
1532,0.004,0.006
1533,0.004,0.006
1534,0.004,0.006
1535,0.005,0.006
1536,0.004,0.005
1537,0.004,0.005
1538,0.004,0.006
1539,0.004,0.006
1540,0.004,0.006
1541,0.005,0.006
1542,0.004,0.006
1543,0.005,0.006
1544,0.004,0.005
1545,0.004,0.005
1546,0.004,0.006
1547,0.004,0.005
1548,0.004,0.006
1549,0.004,0.005
1550,0.004,0.006
1551,0.004,0.005
1552,0.004,0.005
1553,0.004,0.006
1554,0.004,0.005
1555,0.004,0.005
1556,0.004,0.006
1557,0.004,0.006
1558,0.004,0.006
1559,0.005,0.006
1560,0.005,0.006
1561,0.004,0.006
1562,0.004,0.006
1563,0.004,0.005
1564,0.004,0.006
1565,0.005,0.006
1566,0.005,0.006
1567,0.005,0.006
1568,0.004,0.005
1569,0.004,0.006
1570,0.005,0.006
1571,0.004,0.006
1572,0.004,0.006
1573,0.004,0.006
1574,0.004,0.006
1575,0.004,0.006
1576,0.004,0.006
1577,0.004,0.006
1578,0.004,0.006
1579,0.004,0.005
1580,0.005,0.006
1581,0.005,0.006
1582,0.004,0.006
1583,0.004,0.006
1584,0.004,0.005
1585,0.004,0.005
1586,0.005,0.006
1587,0.005,0.006
1588,0.005,0.006
1589,0.004,0.006
1590,0.004,0.006
1591,0.004,0.005
1592,0.004,0.006
1593,0.004,0.006
1594,0.004,0.006
1595,0.004,0.005
1596,0.004,0.006
1597,0.004,0.005
1598,0.005,0.006
1599,0.004,0.005
1600,0.004,0.006
1601,0.004,0.005
1602,0.004,0.005
1603,0.004,0.006
1604,0.004,0.005
1605,0.004,0.005
1606,0.004,0.005
1607,0.004,0.006
1608,0.004,0.006
1609,0.004,0.005
1610,0.004,0.005
1611,0.004,0.005
1612,0.004,0.005
1613,0.004,0.006
1614,0.004,0.005
1615,0.004,0.006
1616,0.004,0.005
1617,0.005,0.006
1618,0.005,0.006
1619,0.004,0.006
1620,0.004,0.006
1621,0.004,0.006
1622,0.005,0.006
1623,0.004,0.005
1624,0.005,0.006
1625,0.005,0.006
1626,0.004,0.006
1627,0.004,0.006
1628,0.005,0.006
1629,0.004,0.005
1630,0.004,0.006
1631,0.004,0.006
1632,0.004,0.006
1633,0.005,0.006
1634,0.004,0.006
1635,0.004,0.005
1636,0.005,0.006
1637,0.005,0.006
1638,0.004,0.006
1639,0.004,0.006
1640,0.004,0.005
1641,0.004,0.005
1642,0.004,0.006
1643,0.004,0.006
1644,0.004,0.006
1645,0.005,0.006
1646,0.005,0.006
1647,0.004,0.005
1648,0.004,0.005
1649,0.004,0.005
1650,0.004,0.005
1651,0.004,0.006
1652,0.004,0.005
1653,0.004,0.005
1654,0.004,0.006
1655,0.004,0.005
1656,0.004,0.005
1657,0.004,0.005
1658,0.004,0.006
1659,0.004,0.006
1660,0.004,0.005
1661,0.005,0.006
1662,0.004,0.006
1663,0.004,0.005
1664,0.004,0.006
1665,0.004,0.005
1666,0.004,0.006
1667,0.004,0.005
1668,0.004,0.006
1669,0.004,0.005
1670,0.004,0.005
1671,0.004,0.006
1672,0.005,0.006
1673,0.004,0.006
1674,0.004,0.006
1675,0.004,0.006
1676,0.005,0.006
1677,0.004,0.005
1678,0.004,0.005
1679,0.004,0.005
1680,0.005,0.006
1681,0.005,0.006
1682,0.004,0.006
1683,0.004,0.005
1684,0.005,0.006
1685,0.004,0.006
1686,0.004,0.006
1687,0.004,0.005
1688,0.004,0.006
1689,0.004,0.005
1690,0.004,0.005
1691,0.004,0.005
1692,0.005,0.006
1693,0.004,0.005
1694,0.005,0.006
1695,0.004,0.006
1696,0.004,0.005
1697,0.004,0.006
1698,0.004,0.006
1699,0.004,0.006
1700,0.004,0.005
1701,0.004,0.006
1702,0.004,0.006
1703,0.004,0.006
1704,0.005,0.006
1705,0.004,0.006
1706,0.004,0.006
1707,0.004,0.006
1708,0.005,0.006
1709,0.004,0.005
1710,0.004,0.005
1711,0.004,0.005
1712,0.004,0.005
1713,0.004,0.006
1714,0.004,0.005
1715,0.005,0.006
1716,0.005,0.006
1717,0.005,0.006
1718,0.004,0.006
1719,0.004,0.006
1720,0.004,0.006
1721,0.004,0.006
1722,0.004,0.005
1723,0.004,0.005
1724,0.004,0.005
1725,0.005,0.006
1726,0.004,0.006
1727,0.005,0.006
1728,0.005,0.006
1729,0.005,0.006
1730,0.005,0.006
1731,0.004,0.006
1732,0.005,0.006
1733,0.005,0.006
1734,0.004,0.005
1735,0.005,0.006
1736,0.005,0.006
1737,0.004,0.006
1738,0.004,0.006
1739,0.004,0.006
1740,0.004,0.005
1741,0.005,0.006
1742,0.004,0.005
1743,0.005,0.006
1744,0.005,0.006
1745,0.004,0.005
1746,0.004,0.005
1747,0.004,0.005
1748,0.004,0.005
1749,0.005,0.006
1750,0.005,0.006
1751,0.005,0.006
1752,0.004,0.005
1753,0.004,0.005
1754,0.004,0.005
1755,0.004,0.005
1756,0.005,0.006
1757,0.004,0.006
1758,0.004,0.005
1759,0.005,0.006
1760,0.004,0.006
1761,0.004,0.006
1762,0.005,0.006
1763,0.004,0.006
1764,0.004,0.006
1765,0.004,0.005
1766,0.005,0.006
1767,0.004,0.005
1768,0.004,0.005
1769,0.005,0.006
1770,0.005,0.006
1771,0.004,0.005
1772,0.004,0.006
1773,0.004,0.006
1774,0.004,0.005
1775,0.004,0.005
1776,0.004,0.006
1777,0.005,0.006
1778,0.004,0.006
1779,0.004,0.005
1780,0.004,0.005
1781,0.004,0.005
1782,0.004,0.005
1783,0.004,0.005
1784,0.004,0.006
1785,0.004,0.006
1786,0.004,0.005
1787,0.005,0.006
1788,0.005,0.006
1789,0.004,0.005
1790,0.005,0.006
1791,0.004,0.005
1792,0.004,0.005
1793,0.004,0.005
1794,0.004,0.005
1795,0.004,0.006
1796,0.004,0.006
1797,0.004,0.005
1798,0.004,0.005
1799,0.004,0.006
1800,0.004,0.006
1801,0.004,0.006
1802,0.004,0.006
1803,0.004,0.005
1804,0.004,0.006
1805,0.004,0.005
1806,0.004,0.005
1807,0.005,0.006
1808,0.004,0.005
1809,0.004,0.006
1810,0.004,0.005
1811,0.004,0.006
1812,0.004,0.006
1813,0.004,0.006
1814,0.004,0.005
1815,0.004,0.006
1816,0.004,0.005
1817,0.004,0.005
1818,0.004,0.005
1819,0.004,0.005
1820,0.004,0.006
1821,0.004,0.005
1822,0.004,0.006
1823,0.004,0.005
1824,0.005,0.006
1825,0.004,0.006
1826,0.004,0.006
1827,0.004,0.005
1828,0.004,0.006
1829,0.005,0.006
1830,0.005,0.006
1831,0.004,0.005
1832,0.004,0.006
1833,0.004,0.006
1834,0.005,0.006
1835,0.004,0.005
1836,0.005,0.006
1837,0.005,0.006
1838,0.004,0.005
1839,0.004,0.005
1840,0.005,0.006
1841,0.004,0.005
1842,0.004,0.006
1843,0.004,0.005
1844,0.004,0.006
1845,0.004,0.005
1846,0.004,0.006
1847,0.004,0.006
1848,0.004,0.006
1849,0.004,0.006
1850,0.005,0.006
1851,0.004,0.005
1852,0.005,0.006
1853,0.004,0.006
1854,0.004,0.006
1855,0.005,0.006
1856,0.004,0.005
1857,0.004,0.005
1858,0.004,0.006
1859,0.004,0.005
1860,0.004,0.006
1861,0.005,0.006
1862,0.004,0.005
1863,0.004,0.005
1864,0.004,0.006
1865,0.004,0.005
1866,0.005,0.006
1867,0.004,0.006
1868,0.004,0.005
1869,0.004,0.005
1870,0.004,0.006
1871,0.004,0.005
1872,0.004,0.006
1873,0.004,0.006
1874,0.004,0.006
1875,0.004,0.005
1876,0.004,0.005
1877,0.004,0.006
1878,0.004,0.006
1879,0.004,0.006
1880,0.004,0.005
1881,0.004,0.005
1882,0.004,0.005
1883,0.005,0.006
1884,0.004,0.006
1885,0.004,0.005
1886,0.004,0.005
1887,0.004,0.006
1888,0.005,0.006
1889,0.005,0.006
1890,0.004,0.005
1891,0.004,0.006
1892,0.005,0.006
1893,0.004,0.006
1894,0.004,0.006
1895,0.004,0.006
1896,0.004,0.006
1897,0.004,0.006
1898,0.004,0.005
1899,0.004,0.006
1900,0.004,0.005
1901,0.004,0.006
1902,0.004,0.006
1903,0.004,0.006
1904,0.004,0.006
1905,0.004,0.006
1906,0.004,0.006
1907,0.004,0.005
1908,0.004,0.005
1909,0.004,0.005
1910,0.004,0.005
1911,0.004,0.005
1912,0.004,0.006
1913,0.004,0.005
1914,0.004,0.006
1915,0.005,0.006
1916,0.004,0.005
1917,0.004,0.006
1918,0.005,0.006
1919,0.005,0.006
1920,0.005,0.006
1921,0.005,0.006
1922,0.005,0.006
1923,0.004,0.005
1924,0.004,0.005
1925,0.004,0.006
1926,0.004,0.006
1927,0.004,0.006
1928,0.004,0.006
1929,0.004,0.006
1930,0.004,0.006
1931,0.004,0.006
1932,0.005,0.006
1933,0.005,0.006
1934,0.004,0.006
1935,0.005,0.006
1936,0.005,0.006
1937,0.004,0.005
1938,0.004,0.006
1939,0.004,0.005
1940,0.004,0.006
1941,0.004,0.005
1942,0.004,0.006
1943,0.004,0.006
1944,0.004,0.005
1945,0.004,0.005
1946,0.004,0.005
1947,0.004,0.006
1948,0.004,0.006
1949,0.004,0.006
1950,0.004,0.006
1951,0.005,0.006
1952,0.005,0.006
1953,0.005,0.006
1954,0.005,0.006
1955,0.004,0.005
1956,0.004,0.005
1957,0.004,0.005
1958,0.005,0.006
1959,0.005,0.006
1960,0.004,0.005
1961,0.005,0.006
1962,0.004,0.005
1963,0.005,0.006
1964,0.004,0.005
1965,0.004,0.005
1966,0.004,0.006
1967,0.005,0.006
1968,0.005,0.006
1969,0.004,0.006
1970,0.004,0.006
1971,0.004,0.005
1972,0.004,0.005
1973,0.004,0.005
1974,0.004,0.006
1975,0.004,0.005
1976,0.005,0.006
1977,0.005,0.006
1978,0.004,0.006
1979,0.004,0.005
1980,0.004,0.005
1981,0.004,0.006
1982,0.005,0.006
1983,0.004,0.006
1984,0.005,0.006
1985,0.004,0.005
1986,0.005,0.006
1987,0.004,0.006
1988,0.004,0.006
1989,0.004,0.006
1990,0.004,0.005
1991,0.004,0.005
1992,0.004,0.005
1993,0.004,0.006
1994,0.004,0.005
1995,0.004,0.005
1996,0.004,0.005
1997,0.004,0.005
1998,0.004,0.005
1999,0.004,0.006
2000,0.005,0.006
2001,0.004,0.005
2002,0.005,0.006
2003,0.005,0.006
2004,0.004,0.005
2005,0.004,0.005
2006,0.004,0.006
2007,0.005,0.006
2008,0.004,0.006
2009,0.004,0.006
2010,0.004,0.006
2011,0.004,0.006
2012,0.005,0.006
2013,0.004,0.005
2014,0.005,0.006
2015,0.004,0.005
2016,0.004,0.005
2017,0.005,0.006
2018,0.004,0.006
2019,0.005,0.006
2020,0.004,0.005
2021,0.004,0.006
2022,0.004,0.005
2023,0.004,0.006
2024,0.004,0.005
2025,0.005,0.006
2026,0.005,0.006
2027,0.005,0.006
2028,0.004,0.005
2029,0.004,0.006
2030,0.005,0.006
2031,0.005,0.006
2032,0.005,0.006
2033,0.005,0.006
2034,0.005,0.006
2035,0.004,0.005
2036,0.004,0.006
2037,0.004,0.005
2038,0.004,0.006
2039,0.004,0.006
2040,0.005,0.006
2041,0.004,0.005
2042,0.004,0.006
2043,0.004,0.006
2044,0.004,0.006
2045,0.004,0.005
2046,0.004,0.005
2047,0.005,0.006
2048,0.005,0.006
2049,0.004,0.006
2050,0.004,0.005
2051,0.004,0.006
2052,0.004,0.006
2053,0.005,0.006
2054,0.005,0.006
2055,0.004,0.006
2056,0.004,0.006
2057,0.004,0.006
2058,0.005,0.006
2059,0.004,0.006
2060,0.004,0.006
2061,0.005,0.006
2062,0.005,0.006
2063,0.004,0.005
2064,0.004,0.005
2065,0.005,0.006
2066,0.004,0.005
2067,0.004,0.006
2068,0.004,0.006
2069,0.004,0.006
2070,0.004,0.006
2071,0.004,0.005
2072,0.005,0.006
2073,0.005,0.006
2074,0.004,0.005
2075,0.004,0.005
2076,0.004,0.006
2077,0.004,0.006
2078,0.004,0.006
2079,0.004,0.005
2080,0.004,0.006
2081,0.004,0.005
2082,0.004,0.005
2083,0.004,0.006
2084,0.004,0.005
2085,0.004,0.006
2086,0.004,0.006
2087,0.005,0.006
2088,0.004,0.006
2089,0.004,0.005
2090,0.004,0.006
2091,0.004,0.005
2092,0.004,0.005
2093,0.004,0.006
2094,0.004,0.005
2095,0.005,0.006
2096,0.005,0.006
2097,0.005,0.006
2098,0.004,0.006
2099,0.004,0.005
2100,0.005,0.006
2101,0.005,0.006
2102,0.004,0.006
2103,0.004,0.006
2104,0.004,0.006
2105,0.004,0.005
2106,0.005,0.006
2107,0.004,0.005
2108,0.004,0.005
2109,0.004,0.005
2110,0.004,0.006
2111,0.005,0.006
2112,0.004,0.005
2113,0.004,0.005
2114,0.004,0.006
2115,0.004,0.005
2116,0.004,0.005
2117,0.005,0.006
2118,0.005,0.006
2119,0.004,0.005
2120,0.004,0.005
2121,0.005,0.006
2122,0.005,0.006
2123,0.004,0.006
2124,0.005,0.006
2125,0.004,0.005
2126,0.004,0.006
2127,0.004,0.006
2128,0.004,0.006
2129,0.004,0.006
2130,0.005,0.006
2131,0.004,0.006
2132,0.005,0.006
2133,0.005,0.006
2134,0.004,0.005
2135,0.004,0.005
2136,0.004,0.005
2137,0.005,0.006
2138,0.004,0.005
2139,0.004,0.005
2140,0.004,0.006
2141,0.004,0.005
2142,0.005,0.006
2143,0.004,0.005
2144,0.004,0.006
2145,0.004,0.006
2146,0.004,0.005
2147,0.004,0.006
2148,0.004,0.006
2149,0.004,0.006
2150,0.004,0.005
2151,0.004,0.005
2152,0.004,0.005
2153,0.004,0.005
2154,0.004,0.005
2155,0.004,0.005
2156,0.004,0.005
2157,0.004,0.005
2158,0.004,0.005
2159,0.004,0.006
2160,0.004,0.005
2161,0.005,0.006
2162,0.004,0.006
2163,0.004,0.006
2164,0.004,0.006
2165,0.004,0.006
2166,0.004,0.006
2167,0.004,0.005
2168,0.004,0.005
2169,0.005,0.006
2170,0.004,0.005
2171,0.004,0.005
2172,0.004,0.005
2173,0.004,0.005
2174,0.004,0.005
2175,0.005,0.006
2176,0.004,0.006
2177,0.004,0.006
2178,0.004,0.005
2179,0.005,0.006
2180,0.004,0.005
2181,0.004,0.005
2182,0.004,0.005
2183,0.004,0.005
2184,0.004,0.006
2185,0.004,0.006
2186,0.004,0.005
2187,0.004,0.005
2188,0.004,0.006
2189,0.005,0.006
2190,0.005,0.006
2191,0.005,0.006
2192,0.004,0.006
2193,0.004,0.005
2194,0.004,0.005
2195,0.004,0.006
2196,0.004,0.005
2197,0.004,0.006
2198,0.004,0.006
2199,0.004,0.006
2200,0.004,0.006
2201,0.004,0.006
2202,0.004,0.005
2203,0.005,0.006
2204,0.004,0.006
2205,0.004,0.006
2206,0.004,0.005
2207,0.005,0.006
2208,0.004,0.005
2209,0.004,0.005
2210,0.004,0.005
2211,0.005,0.006
2212,0.004,0.005
2213,0.004,0.006
2214,0.005,0.006
2215,0.004,0.005
2216,0.004,0.005
2217,0.005,0.006
2218,0.005,0.006
2219,0.004,0.006
2220,0.004,0.005
2221,0.004,0.005
2222,0.005,0.006
2223,0.004,0.006
2224,0.005,0.006
2225,0.004,0.005
2226,0.004,0.006
2227,0.004,0.006
2228,0.004,0.005
2229,0.004,0.006
2230,0.005,0.006
2231,0.004,0.005
2232,0.004,0.006
2233,0.005,0.006
2234,0.004,0.005
2235,0.005,0.006
2236,0.005,0.006
2237,0.004,0.005
2238,0.004,0.005
2239,0.004,0.005
2240,0.004,0.005
2241,0.004,0.005
2242,0.004,0.005
2243,0.004,0.005
2244,0.005,0.006
2245,0.004,0.005
2246,0.004,0.005
2247,0.004,0.005
2248,0.004,0.005
2249,0.004,0.006
2250,0.005,0.006
2251,0.005,0.006
2252,0.004,0.005
2253,0.004,0.006
2254,0.004,0.006
2255,0.005,0.006
2256,0.004,0.005
2257,0.004,0.005
2258,0.004,0.005
2259,0.004,0.006
2260,0.005,0.006
2261,0.004,0.006
2262,0.004,0.006
2263,0.005,0.006
2264,0.004,0.006
2265,0.004,0.005
2266,0.004,0.005
2267,0.005,0.006
2268,0.004,0.006
2269,0.004,0.005
2270,0.004,0.006
2271,0.004,0.006
2272,0.004,0.005
2273,0.005,0.006
2274,0.005,0.006
2275,0.005,0.006
2276,0.005,0.006
2277,0.005,0.006
2278,0.005,0.006
2279,0.004,0.005
2280,0.005,0.006
2281,0.004,0.005
2282,0.004,0.005
2283,0.004,0.005
2284,0.004,0.005
2285,0.005,0.006
2286,0.004,0.005
2287,0.004,0.005
2288,0.004,0.005
2289,0.004,0.005
2290,0.004,0.005
2291,0.004,0.006
2292,0.004,0.005
2293,0.004,0.005
2294,0.004,0.005
2295,0.004,0.005
2296,0.004,0.005
2297,0.004,0.005
2298,0.004,0.006
2299,0.005,0.006
2300,0.004,0.006
2301,0.004,0.005
2302,0.004,0.006
2303,0.004,0.005
2304,0.004,0.005
2305,0.004,0.005
2306,0.004,0.005
2307,0.004,0.005
2308,0.005,0.006
2309,0.004,0.005
2310,0.004,0.006
2311,0.004,0.005
2312,0.005,0.006
2313,0.004,0.005
2314,0.004,0.005
2315,0.004,0.006
2316,0.004,0.005
2317,0.004,0.005
2318,0.004,0.006
2319,0.004,0.006
2320,0.004,0.005
2321,0.004,0.005
2322,0.004,0.005
2323,0.004,0.005
2324,0.004,0.005
2325,0.004,0.005
2326,0.005,0.006
2327,0.005,0.006
2328,0.004,0.006
2329,0.004,0.005
2330,0.004,0.006
2331,0.004,0.006
2332,0.004,0.006
2333,0.004,0.005
2334,0.004,0.005
2335,0.005,0.006
2336,0.004,0.006
2337,0.004,0.006
2338,0.004,0.006
2339,0.004,0.005
2340,0.004,0.005
2341,0.004,0.005
2342,0.005,0.006
2343,0.005,0.006
2344,0.004,0.006
2345,0.004,0.005
2346,0.004,0.005
2347,0.005,0.006
2348,0.005,0.005
2349,0.004,0.005
2350,0.004,0.006
2351,0.004,0.005
2352,0.004,0.005
2353,0.004,0.005
2354,0.004,0.005
2355,0.004,0.005
2356,0.004,0.006
2357,0.004,0.006
2358,0.004,0.005
2359,0.004,0.005
2360,0.004,0.006
2361,0.005,0.006
2362,0.005,0.006
2363,0.004,0.005
2364,0.005,0.006
2365,0.004,0.006
2366,0.004,0.006
2367,0.004,0.005
2368,0.004,0.005
2369,0.005,0.006
2370,0.004,0.005
2371,0.004,0.006
2372,0.004,0.006
2373,0.004,0.005
2374,0.004,0.005
2375,0.004,0.005
2376,0.004,0.006
2377,0.004,0.006
2378,0.005,0.006
2379,0.005,0.006
2380,0.004,0.005
2381,0.004,0.005
2382,0.005,0.006
2383,0.004,0.005
2384,0.004,0.006
2385,0.004,0.005
2386,0.004,0.005
2387,0.004,0.005
2388,0.004,0.006
2389,0.004,0.006
2390,0.004,0.006
2391,0.005,0.006
2392,0.004,0.005
2393,0.005,0.006
2394,0.004,0.006
2395,0.004,0.006
2396,0.004,0.005
2397,0.004,0.005
2398,0.004,0.005
2399,0.004,0.005
2400,0.005,0.006
2401,0.005,0.006
2402,0.004,0.005
2403,0.004,0.006
2404,0.004,0.005
2405,0.004,0.005
2406,0.005,0.006
2407,0.005,0.006
2408,0.004,0.005
2409,0.004,0.005
2410,0.004,0.006
2411,0.004,0.006
2412,0.004,0.005
2413,0.004,0.005
2414,0.004,0.005
2415,0.004,0.005
2416,0.004,0.006
2417,0.004,0.005
2418,0.004,0.006
2419,0.004,0.005
2420,0.004,0.005
2421,0.004,0.005
2422,0.004,0.006
2423,0.004,0.005
2424,0.004,0.005
2425,0.004,0.005
2426,0.004,0.006
2427,0.004,0.006
2428,0.005,0.006
2429,0.004,0.005
2430,0.004,0.006
2431,0.004,0.005
2432,0.004,0.005
2433,0.004,0.006
2434,0.005,0.006
2435,0.005,0.006
2436,0.004,0.006
2437,0.004,0.005
2438,0.004,0.006
2439,0.004,0.005
2440,0.005,0.006
2441,0.004,0.006
2442,0.004,0.006
2443,0.004,0.006
2444,0.005,0.006
2445,0.005,0.006
2446,0.005,0.006
2447,0.004,0.005
2448,0.005,0.006
2449,0.005,0.006
2450,0.004,0.006
2451,0.004,0.005
2452,0.004,0.006
2453,0.004,0.006
2454,0.004,0.006
2455,0.004,0.006
2456,0.004,0.006
2457,0.004,0.005
2458,0.004,0.005
2459,0.004,0.006
2460,0.004,0.005
2461,0.005,0.006
2462,0.004,0.005
2463,0.005,0.006
2464,0.005,0.006
2465,0.004,0.005
2466,0.004,0.005
2467,0.004,0.005
2468,0.004,0.006
2469,0.004,0.005
2470,0.004,0.005
2471,0.004,0.005
2472,0.004,0.006
2473,0.005,0.006
2474,0.004,0.005
2475,0.004,0.005
2476,0.005,0.006
2477,0.005,0.006
2478,0.005,0.006
2479,0.004,0.006
2480,0.004,0.006
2481,0.004,0.005
2482,0.004,0.005
2483,0.004,0.005
2484,0.004,0.005
2485,0.004,0.005
2486,0.005,0.006
2487,0.004,0.006
2488,0.004,0.006
2489,0.004,0.006
2490,0.004,0.006
2491,0.005,0.006
2492,0.005,0.006
2493,0.005,0.006
2494,0.004,0.005
2495,0.004,0.005
2496,0.004,0.005
2497,0.004,0.005
2498,0.005,0.006
2499,0.004,0.005
2500,0.004,0.006
2501,0.004,0.005
2502,0.004,0.005
2503,0.004,0.005
2504,0.004,0.005
2505,0.004,0.005
2506,0.004,0.005
2507,0.004,0.005
2508,0.004,0.005
2509,0.004,0.006
2510,0.005,0.006
2511,0.004,0.005
2512,0.005,0.006
2513,0.004,0.005
2514,0.004,0.006
2515,0.004,0.006
2516,0.004,0.006
2517,0.004,0.006
2518,0.004,0.005
2519,0.004,0.005
2520,0.005,0.006
2521,0.004,0.005
2522,0.004,0.006
2523,0.004,0.006
2524,0.005,0.006
2525,0.005,0.006
2526,0.004,0.005
2527,0.005,0.006
2528,0.004,0.005
2529,0.004,0.005
2530,0.004,0.005
2531,0.005,0.006
2532,0.004,0.005
2533,0.004,0.005
2534,0.004,0.006
2535,0.004,0.006
2536,0.004,0.005
2537,0.004,0.006
2538,0.004,0.006
2539,0.004,0.005
2540,0.004,0.005
2541,0.004,0.005
2542,0.004,0.005
2543,0.005,0.006
2544,0.004,0.006
2545,0.004,0.005
2546,0.004,0.005
2547,0.004,0.005
2548,0.004,0.006
2549,0.005,0.006
2550,0.004,0.005
2551,0.004,0.005
2552,0.005,0.006
2553,0.004,0.006
2554,0.004,0.005
2555,0.004,0.005
2556,0.004,0.005
2557,0.004,0.005
2558,0.005,0.006
2559,0.004,0.005
2560,0.004,0.005
2561,0.004,0.006
2562,0.004,0.006
2563,0.004,0.005
2564,0.004,0.005
2565,0.004,0.006
2566,0.004,0.005
2567,0.004,0.005
2568,0.004,0.005
2569,0.004,0.005
2570,0.004,0.005
2571,0.004,0.005
2572,0.005,0.006
2573,0.004,0.005
2574,0.005,0.006
2575,0.004,0.006
2576,0.004,0.006
2577,0.005,0.006
2578,0.004,0.006
2579,0.004,0.005
2580,0.004,0.006
2581,0.004,0.006
2582,0.004,0.005
2583,0.004,0.005
2584,0.004,0.006
2585,0.004,0.006
2586,0.004,0.005
2587,0.004,0.005
2588,0.004,0.005
2589,0.004,0.005
2590,0.005,0.006
2591,0.004,0.006
2592,0.005,0.006
2593,0.004,0.006
2594,0.004,0.006
2595,0.004,0.006
2596,0.004,0.006
2597,0.004,0.005
2598,0.004,0.006
2599,0.004,0.005
2600,0.004,0.005
2601,0.005,0.006
2602,0.004,0.006
2603,0.004,0.006
2604,0.005,0.006
2605,0.004,0.006
2606,0.004,0.005
2607,0.005,0.006
2608,0.004,0.006
2609,0.004,0.006
2610,0.004,0.006
2611,0.004,0.005
2612,0.004,0.005
2613,0.004,0.006
2614,0.004,0.005
2615,0.004,0.005
2616,0.004,0.006
2617,0.004,0.006
2618,0.004,0.005
2619,0.004,0.006
2620,0.004,0.006
2621,0.004,0.005
2622,0.004,0.006
2623,0.004,0.006
2624,0.004,0.006
2625,0.004,0.005
2626,0.004,0.005
2627,0.004,0.005
2628,0.004,0.005
2629,0.004,0.006
2630,0.004,0.006
2631,0.005,0.006
2632,0.004,0.005
2633,0.004,0.005
2634,0.004,0.005
2635,0.005,0.006
2636,0.004,0.005
2637,0.004,0.005
2638,0.004,0.006
2639,0.005,0.006
2640,0.005,0.006
2641,0.005,0.006
2642,0.004,0.005
2643,0.004,0.005
2644,0.004,0.005
2645,0.004,0.006
2646,0.004,0.005
2647,0.004,0.005
2648,0.004,0.005
2649,0.005,0.006
2650,0.004,0.005
2651,0.004,0.005
2652,0.004,0.005
2653,0.004,0.005
2654,0.004,0.006
2655,0.004,0.005
2656,0.005,0.006
2657,0.004,0.005
2658,0.004,0.005
2659,0.004,0.006
2660,0.005,0.006
2661,0.005,0.006
2662,0.005,0.006
2663,0.005,0.006
2664,0.004,0.005
2665,0.004,0.006
2666,0.004,0.005
2667,0.004,0.005
2668,0.005,0.006
2669,0.005,0.006
2670,0.005,0.006
2671,0.005,0.006
2672,0.004,0.006
2673,0.004,0.005
2674,0.004,0.006
2675,0.004,0.006
2676,0.004,0.006
2677,0.004,0.006
2678,0.004,0.005
2679,0.004,0.006
2680,0.004,0.006
2681,0.004,0.005
2682,0.004,0.006
2683,0.004,0.005
2684,0.004,0.005
2685,0.004,0.005
2686,0.005,0.006
2687,0.004,0.005
2688,0.004,0.006
2689,0.005,0.006
2690,0.004,0.006
2691,0.004,0.005
2692,0.004,0.006
2693,0.004,0.005
2694,0.005,0.006
2695,0.004,0.005
2696,0.004,0.005
2697,0.004,0.005
2698,0.004,0.005
2699,0.004,0.005
2700,0.004,0.005
2701,0.004,0.005
2702,0.004,0.005
2703,0.004,0.005
2704,0.004,0.005
2705,0.004,0.006
2706,0.004,0.005
2707,0.004,0.005
2708,0.005,0.006
2709,0.004,0.005
2710,0.004,0.005
2711,0.004,0.005
2712,0.004,0.006
2713,0.004,0.006
2714,0.004,0.006
2715,0.004,0.005
2716,0.005,0.006
2717,0.004,0.005
2718,0.004,0.005
2719,0.005,0.006
2720,0.004,0.005
2721,0.004,0.005
2722,0.004,0.006
2723,0.004,0.006
2724,0.004,0.005
2725,0.004,0.005
2726,0.004,0.006
2727,0.005,0.006
2728,0.005,0.006
2729,0.004,0.005
2730,0.004,0.005
2731,0.004,0.005
2732,0.004,0.006
2733,0.005,0.006
2734,0.004,0.006
2735,0.004,0.005
2736,0.004,0.005
2737,0.004,0.005
2738,0.004,0.006
2739,0.004,0.006
2740,0.004,0.006
2741,0.004,0.005
2742,0.004,0.006
2743,0.004,0.005
2744,0.004,0.006
2745,0.005,0.006
2746,0.004,0.005
2747,0.004,0.005
2748,0.004,0.005
2749,0.004,0.005
2750,0.004,0.005
2751,0.005,0.006
2752,0.004,0.006
2753,0.004,0.006
2754,0.004,0.005
2755,0.004,0.005
2756,0.004,0.006
2757,0.005,0.006
2758,0.004,0.005
2759,0.005,0.006
2760,0.005,0.006
2761,0.004,0.006
2762,0.004,0.006
2763,0.004,0.005
2764,0.004,0.005
2765,0.004,0.005
2766,0.004,0.005
2767,0.004,0.005
2768,0.004,0.006
2769,0.004,0.005
2770,0.005,0.006
2771,0.004,0.006
2772,0.004,0.006
2773,0.004,0.006
2774,0.005,0.006
2775,0.004,0.006
2776,0.004,0.005
2777,0.005,0.006
2778,0.004,0.005
2779,0.004,0.005
2780,0.004,0.005
2781,0.005,0.006
2782,0.004,0.006
2783,0.004,0.005
2784,0.005,0.006
2785,0.005,0.006
2786,0.004,0.006
2787,0.004,0.005
2788,0.005,0.006
2789,0.004,0.005
2790,0.004,0.006
2791,0.004,0.006
2792,0.004,0.006
2793,0.004,0.005
2794,0.005,0.006
2795,0.005,0.006
2796,0.005,0.006
2797,0.005,0.006
2798,0.004,0.006
2799,0.004,0.005
2800,0.004,0.006
2801,0.004,0.005
2802,0.005,0.006
2803,0.004,0.005
2804,0.004,0.006
2805,0.004,0.006
2806,0.004,0.006
2807,0.004,0.005
2808,0.004,0.006
2809,0.004,0.005
2810,0.004,0.005
2811,0.004,0.005
2812,0.004,0.005
2813,0.004,0.005
2814,0.004,0.005
2815,0.004,0.005
2816,0.004,0.005
2817,0.004,0.006
2818,0.004,0.006
2819,0.004,0.006
2820,0.004,0.006
2821,0.004,0.006
2822,0.005,0.006
2823,0.004,0.005
2824,0.004,0.006
2825,0.004,0.006
2826,0.004,0.005
2827,0.004,0.006
2828,0.004,0.006
2829,0.004,0.005
2830,0.004,0.006
2831,0.004,0.005
2832,0.004,0.005
2833,0.004,0.005
2834,0.005,0.006
2835,0.004,0.005
2836,0.004,0.005
2837,0.004,0.005
2838,0.004,0.006
2839,0.004,0.006
2840,0.005,0.006
2841,0.005,0.006
2842,0.004,0.005
2843,0.005,0.006
2844,0.005,0.006
2845,0.004,0.005
2846,0.004,0.005
2847,0.004,0.005
2848,0.004,0.005
2849,0.004,0.006
2850,0.004,0.006
2851,0.004,0.006
2852,0.004,0.005
2853,0.004,0.006
2854,0.004,0.006
2855,0.005,0.006
2856,0.004,0.006
2857,0.004,0.005
2858,0.004,0.005
2859,0.004,0.005
2860,0.004,0.005
2861,0.005,0.006
2862,0.004,0.005
2863,0.005,0.006
2864,0.004,0.006
2865,0.004,0.005
2866,0.005,0.006
2867,0.004,0.005
2868,0.004,0.006
2869,0.004,0.005
2870,0.004,0.005
2871,0.004,0.006
2872,0.004,0.006
2873,0.004,0.005
2874,0.004,0.006
2875,0.004,0.005
2876,0.004,0.005
2877,0.004,0.006
2878,0.004,0.005
2879,0.004,0.005
2880,0.004,0.005
2881,0.004,0.005
2882,0.004,0.005
2883,0.004,0.005
2884,0.004,0.005
2885,0.004,0.005
2886,0.004,0.005
2887,0.004,0.005
2888,0.004,0.006
2889,0.004,0.005
2890,0.004,0.006
2891,0.005,0.006
2892,0.004,0.005
2893,0.004,0.005
2894,0.005,0.006
2895,0.004,0.005
2896,0.004,0.006
2897,0.005,0.006
2898,0.005,0.006
2899,0.005,0.006
2900,0.005,0.006
2901,0.004,0.006
2902,0.004,0.005
2903,0.004,0.005
2904,0.004,0.005
2905,0.004,0.005
2906,0.005,0.006
2907,0.004,0.005
2908,0.004,0.005
2909,0.005,0.006
2910,0.004,0.005
2911,0.004,0.005
2912,0.004,0.006
2913,0.004,0.006
2914,0.004,0.005
2915,0.004,0.005
2916,0.004,0.005
2917,0.004,0.005
2918,0.004,0.005
2919,0.004,0.006
2920,0.004,0.006
2921,0.004,0.005
2922,0.004,0.005
2923,0.005,0.006
2924,0.004,0.006
2925,0.004,0.005
2926,0.004,0.005
2927,0.004,0.005
2928,0.005,0.006
2929,0.005,0.006
2930,0.004,0.006
2931,0.004,0.006
2932,0.005,0.006
2933,0.004,0.006
2934,0.004,0.006
2935,0.005,0.006
2936,0.005,0.006
2937,0.004,0.006
2938,0.004,0.005
2939,0.004,0.005
2940,0.005,0.006
2941,0.004,0.005
2942,0.004,0.005
2943,0.004,0.006
2944,0.004,0.005
2945,0.004,0.005
2946,0.004,0.005
2947,0.004,0.005
2948,0.004,0.006
2949,0.004,0.005
2950,0.004,0.006
2951,0.005,0.006
2952,0.004,0.006
2953,0.004,0.005
2954,0.004,0.005
2955,0.004,0.005
2956,0.004,0.005
2957,0.005,0.006
2958,0.004,0.006
2959,0.004,0.005
2960,0.004,0.005
2961,0.004,0.005
2962,0.005,0.006
2963,0.004,0.006
2964,0.004,0.005
2965,0.004,0.005
2966,0.004,0.006
2967,0.004,0.005
2968,0.004,0.005
2969,0.004,0.005
2970,0.004,0.006
2971,0.005,0.006
2972,0.004,0.006
2973,0.004,0.006
2974,0.005,0.006
2975,0.004,0.005
2976,0.004,0.005
2977,0.004,0.005
2978,0.004,0.005
2979,0.004,0.005
2980,0.005,0.006
2981,0.004,0.005
2982,0.004,0.005
2983,0.004,0.006
2984,0.005,0.006
2985,0.005,0.006
2986,0.004,0.006
2987,0.005,0.006
2988,0.004,0.006
2989,0.004,0.005
2990,0.004,0.005
2991,0.004,0.005
2992,0.004,0.005
2993,0.004,0.005
2994,0.004,0.005
2995,0.004,0.006
2996,0.004,0.005
2997,0.005,0.006
2998,0.004,0.005
2999,0.004,0.006
3000,0.004,0.006
3001,0.005,0.006
3002,0.004,0.006
3003,0.005,0.006
3004,0.004,0.006
3005,0.004,0.005
3006,0.004,0.005
3007,0.004,0.005
3008,0.004,0.005
3009,0.004,0.006
3010,0.004,0.005
3011,0.004,0.006
3012,0.004,0.006
3013,0.004,0.005
3014,0.004,0.006
3015,0.005,0.006
3016,0.004,0.005
3017,0.004,0.005
3018,0.004,0.006
3019,0.004,0.005
3020,0.005,0.006
3021,0.004,0.005
3022,0.005,0.006
3023,0.004,0.005
3024,0.005,0.006
3025,0.005,0.006
3026,0.004,0.005
3027,0.004,0.005
3028,0.004,0.005
3029,0.005,0.006
3030,0.004,0.005
3031,0.005,0.006
3032,0.004,0.005
3033,0.004,0.006
3034,0.004,0.006
3035,0.004,0.005
3036,0.004,0.005
3037,0.005,0.006
3038,0.004,0.006
3039,0.004,0.006
3040,0.004,0.006
3041,0.004,0.006
3042,0.004,0.006
3043,0.005,0.006
3044,0.004,0.005
3045,0.004,0.006
3046,0.004,0.005
3047,0.005,0.006
3048,0.004,0.005
3049,0.004,0.005
3050,0.004,0.005
3051,0.004,0.006
3052,0.004,0.006
3053,0.004,0.006
3054,0.004,0.005
3055,0.004,0.005
3056,0.004,0.005
3057,0.004,0.005
3058,0.004,0.005
3059,0.004,0.005
3060,0.004,0.005
3061,0.004,0.005
3062,0.004,0.005
3063,0.004,0.005
3064,0.004,0.006
3065,0.005,0.006
3066,0.004,0.006
3067,0.004,0.006
3068,0.005,0.006
3069,0.005,0.006
3070,0.004,0.005
3071,0.004,0.006
3072,0.004,0.005
3073,0.004,0.005
3074,0.004,0.006
3075,0.004,0.006
3076,0.004,0.005
3077,0.004,0.006
3078,0.005,0.006
3079,0.004,0.006
3080,0.004,0.006
3081,0.004,0.006
3082,0.005,0.006
3083,0.005,0.006
3084,0.004,0.005
3085,0.004,0.006
3086,0.004,0.006
3087,0.004,0.006
3088,0.004,0.006
3089,0.005,0.006
3090,0.005,0.006
3091,0.004,0.006
3092,0.004,0.006
3093,0.004,0.005
3094,0.004,0.006
3095,0.004,0.005
3096,0.005,0.006
3097,0.004,0.005
3098,0.004,0.005
3099,0.004,0.006
3100,0.004,0.005
3101,0.004,0.005
3102,0.004,0.005
3103,0.005,0.006
3104,0.004,0.005
3105,0.004,0.005
3106,0.004,0.006
3107,0.004,0.005
3108,0.004,0.005
3109,0.005,0.006
3110,0.004,0.006
3111,0.004,0.005
3112,0.004,0.006
3113,0.005,0.006
3114,0.005,0.006
3115,0.004,0.005
3116,0.004,0.005
3117,0.004,0.005
3118,0.004,0.005
3119,0.004,0.005
3120,0.005,0.006
3121,0.005,0.006
3122,0.004,0.006
3123,0.004,0.006
3124,0.004,0.005
3125,0.004,0.006
3126,0.004,0.005
3127,0.004,0.005
3128,0.004,0.005
3129,0.004,0.005
3130,0.004,0.005
3131,0.004,0.005
3132,0.005,0.006
3133,0.004,0.006
3134,0.004,0.006
3135,0.004,0.005
3136,0.004,0.005
3137,0.004,0.006
3138,0.004,0.006
3139,0.004,0.006
3140,0.004,0.006
3141,0.004,0.005
3142,0.005,0.006
3143,0.005,0.006
3144,0.004,0.006
3145,0.004,0.005
3146,0.004,0.006
3147,0.004,0.005
3148,0.004,0.005
3149,0.004,0.005
3150,0.004,0.006
3151,0.005,0.006
3152,0.004,0.005
3153,0.004,0.005
3154,0.004,0.005
3155,0.004,0.006
3156,0.004,0.006
3157,0.004,0.006
3158,0.004,0.005
3159,0.005,0.006
3160,0.004,0.005
3161,0.004,0.006
3162,0.004,0.006
3163,0.004,0.006
3164,0.004,0.005
3165,0.004,0.006
3166,0.004,0.005
3167,0.004,0.005
3168,0.005,0.006
3169,0.004,0.006
3170,0.004,0.005
3171,0.004,0.005
3172,0.004,0.006
3173,0.005,0.006
3174,0.004,0.005
3175,0.004,0.005
3176,0.005,0.006
3177,0.004,0.005
3178,0.004,0.005
3179,0.004,0.005
3180,0.005,0.006
3181,0.005,0.006
3182,0.005,0.006
3183,0.005,0.006
3184,0.005,0.006
3185,0.004,0.005
3186,0.004,0.006
3187,0.004,0.006
3188,0.004,0.005
3189,0.005,0.006
3190,0.004,0.005
3191,0.004,0.006
3192,0.004,0.005
3193,0.004,0.006
3194,0.004,0.006
3195,0.004,0.005
3196,0.004,0.005
3197,0.004,0.005
3198,0.004,0.005
3199,0.004,0.005
3200,0.004,0.006
3201,0.004,0.006
3202,0.004,0.006
3203,0.005,0.006
3204,0.004,0.006
3205,0.004,0.005
3206,0.004,0.005
3207,0.004,0.005
3208,0.004,0.006
3209,0.004,0.005
3210,0.005,0.006
3211,0.004,0.005
3212,0.005,0.006
3213,0.004,0.005
3214,0.004,0.005
3215,0.004,0.005
3216,0.004,0.005
3217,0.004,0.005
3218,0.004,0.006
3219,0.005,0.006
3220,0.004,0.005
3221,0.004,0.005
3222,0.004,0.006
3223,0.004,0.005
3224,0.004,0.005
3225,0.004,0.006
3226,0.004,0.006
3227,0.004,0.006
3228,0.004,0.006
3229,0.004,0.006
3230,0.005,0.006
3231,0.004,0.005
3232,0.004,0.006
3233,0.004,0.005
3234,0.004,0.006
3235,0.005,0.006
3236,0.004,0.005
3237,0.005,0.006
3238,0.004,0.005
3239,0.004,0.005
3240,0.004,0.005
3241,0.004,0.005
3242,0.005,0.006
3243,0.005,0.006
3244,0.005,0.006
3245,0.005,0.006
3246,0.004,0.006
3247,0.004,0.005
3248,0.004,0.005
3249,0.004,0.005
3250,0.005,0.006
3251,0.004,0.006
3252,0.004,0.006
3253,0.004,0.006
3254,0.004,0.005
3255,0.004,0.006
3256,0.004,0.006
3257,0.004,0.005
3258,0.004,0.005
3259,0.004,0.005
3260,0.004,0.005
3261,0.004,0.005
3262,0.004,0.005
3263,0.004,0.005
3264,0.004,0.005
3265,0.004,0.005
3266,0.004,0.006
3267,0.004,0.006
3268,0.004,0.006
3269,0.004,0.006
3270,0.004,0.005
3271,0.004,0.005
3272,0.005,0.006
3273,0.004,0.006
3274,0.004,0.006
3275,0.004,0.006
3276,0.004,0.005
3277,0.004,0.005
3278,0.004,0.006
3279,0.004,0.006
3280,0.004,0.006
3281,0.004,0.006
3282,0.005,0.006
3283,0.004,0.005
3284,0.004,0.005
3285,0.004,0.005
3286,0.004,0.005
3287,0.004,0.005
3288,0.005,0.006
3289,0.004,0.005
3290,0.005,0.006
3291,0.004,0.005
3292,0.005,0.006
3293,0.004,0.006
3294,0.005,0.006
3295,0.004,0.006
3296,0.004,0.005
3297,0.004,0.005
3298,0.004,0.006
3299,0.005,0.006
3300,0.005,0.006
3301,0.004,0.006
3302,0.005,0.006
3303,0.004,0.006
3304,0.004,0.005
3305,0.004,0.005
3306,0.005,0.006
3307,0.004,0.005
3308,0.004,0.006
3309,0.004,0.005
3310,0.004,0.006
3311,0.004,0.005
3312,0.004,0.005
3313,0.004,0.005
3314,0.004,0.005
3315,0.005,0.006
3316,0.005,0.006
3317,0.004,0.006
3318,0.004,0.006
3319,0.004,0.005
3320,0.004,0.005
3321,0.005,0.006
3322,0.004,0.006
3323,0.004,0.006
3324,0.004,0.006
3325,0.004,0.005
3326,0.004,0.005
3327,0.004,0.005
3328,0.004,0.005
3329,0.004,0.005
3330,0.004,0.005
3331,0.005,0.006
3332,0.004,0.005
3333,0.004,0.005
3334,0.004,0.006
3335,0.004,0.005
3336,0.004,0.005
3337,0.004,0.006
3338,0.004,0.006
3339,0.004,0.006
3340,0.005,0.006
3341,0.004,0.005
3342,0.004,0.005
3343,0.005,0.006
3344,0.004,0.005
3345,0.004,0.006
3346,0.004,0.006
3347,0.004,0.006
3348,0.005,0.006
3349,0.004,0.006
3350,0.004,0.006
3351,0.005,0.006
3352,0.004,0.005
3353,0.004,0.005
3354,0.004,0.005
3355,0.005,0.006
3356,0.004,0.005
3357,0.005,0.006
3358,0.004,0.005
3359,0.004,0.005
3360,0.004,0.005
3361,0.004,0.005
3362,0.004,0.005
3363,0.004,0.005
3364,0.004,0.005
3365,0.004,0.005
3366,0.004,0.005
3367,0.004,0.005
3368,0.004,0.006
3369,0.004,0.006
3370,0.005,0.006
3371,0.004,0.005
3372,0.004,0.006
3373,0.004,0.005
3374,0.004,0.005
3375,0.005,0.006
3376,0.004,0.005
3377,0.004,0.006
3378,0.004,0.006
3379,0.004,0.005
3380,0.005,0.006
3381,0.004,0.005
3382,0.004,0.005
3383,0.004,0.005
3384,0.005,0.006
3385,0.005,0.006
3386,0.004,0.005
3387,0.004,0.006
3388,0.005,0.006
3389,0.004,0.005
3390,0.004,0.005
3391,0.004,0.005
3392,0.004,0.006
3393,0.004,0.005
3394,0.004,0.006
3395,0.004,0.005
3396,0.004,0.005
3397,0.005,0.006
3398,0.004,0.006
3399,0.004,0.005
3400,0.004,0.006
3401,0.004,0.005
3402,0.004,0.005
3403,0.004,0.005
3404,0.004,0.005
3405,0.004,0.006
3406,0.004,0.005
3407,0.004,0.006
3408,0.004,0.005
3409,0.004,0.006
3410,0.004,0.005
3411,0.004,0.006
3412,0.004,0.005
3413,0.004,0.005
3414,0.004,0.005
3415,0.004,0.006
3416,0.004,0.006
3417,0.004,0.005
3418,0.004,0.005
3419,0.005,0.006
3420,0.004,0.005
3421,0.004,0.005
3422,0.004,0.006
3423,0.004,0.006
3424,0.004,0.005
3425,0.005,0.006
3426,0.004,0.006
3427,0.004,0.006
3428,0.005,0.006
3429,0.004,0.005
3430,0.004,0.006
3431,0.004,0.005
3432,0.004,0.005
3433,0.004,0.005
3434,0.004,0.006
3435,0.004,0.006
3436,0.004,0.005
3437,0.004,0.005
3438,0.005,0.006
3439,0.004,0.006
3440,0.004,0.006
3441,0.005,0.006
3442,0.004,0.006
3443,0.004,0.005
3444,0.004,0.005
3445,0.004,0.005
3446,0.004,0.006
3447,0.004,0.005
3448,0.004,0.005
3449,0.004,0.006
3450,0.004,0.006
3451,0.004,0.005
3452,0.004,0.006
3453,0.004,0.005
3454,0.004,0.006
3455,0.004,0.005
3456,0.004,0.006
3457,0.004,0.006
3458,0.004,0.005
3459,0.004,0.005
3460,0.004,0.005
3461,0.004,0.005
3462,0.004,0.005
3463,0.004,0.005
3464,0.004,0.005
3465,0.004,0.005
3466,0.004,0.005
3467,0.004,0.006
3468,0.004,0.006
3469,0.004,0.005
3470,0.004,0.005
3471,0.005,0.006
3472,0.004,0.005
3473,0.004,0.006
3474,0.004,0.006
3475,0.005,0.006
3476,0.004,0.005
3477,0.004,0.005
3478,0.004,0.006
3479,0.004,0.005
3480,0.004,0.005
3481,0.004,0.005
3482,0.004,0.005
3483,0.005,0.006
3484,0.004,0.005
3485,0.004,0.005
3486,0.004,0.005
3487,0.004,0.005
3488,0.005,0.006
3489,0.004,0.005
3490,0.004,0.005
3491,0.004,0.005
3492,0.004,0.005
3493,0.004,0.005
3494,0.004,0.005
3495,0.004,0.005
3496,0.004,0.006
3497,0.004,0.005
3498,0.004,0.005
3499,0.004,0.006
3500,0.004,0.006
3501,0.005,0.006
3502,0.004,0.005
3503,0.005,0.006
3504,0.004,0.006
3505,0.005,0.006
3506,0.005,0.006
3507,0.004,0.005
3508,0.004,0.005
3509,0.004,0.006
3510,0.004,0.005
3511,0.004,0.005
3512,0.004,0.005
3513,0.004,0.005
3514,0.005,0.006
3515,0.005,0.006
3516,0.004,0.005
3517,0.004,0.006
3518,0.005,0.006
3519,0.004,0.006
3520,0.004,0.005
3521,0.004,0.005
3522,0.004,0.005
3523,0.004,0.006
3524,0.004,0.005
3525,0.004,0.005
3526,0.004,0.005
3527,0.004,0.006
3528,0.005,0.006
3529,0.004,0.006
3530,0.005,0.006
3531,0.005,0.006
3532,0.004,0.005
3533,0.004,0.005
3534,0.004,0.006
3535,0.004,0.006
3536,0.004,0.005
3537,0.004,0.006
3538,0.004,0.005
3539,0.004,0.005
3540,0.004,0.005
3541,0.004,0.005
3542,0.004,0.005
3543,0.005,0.006
3544,0.004,0.006
3545,0.004,0.005
3546,0.004,0.005
3547,0.004,0.006
3548,0.004,0.005
3549,0.004,0.006
3550,0.004,0.006
3551,0.004,0.006
3552,0.004,0.005
3553,0.004,0.005
3554,0.004,0.005
3555,0.004,0.006
3556,0.004,0.005
3557,0.004,0.006
3558,0.004,0.005
3559,0.004,0.006
3560,0.004,0.005
3561,0.004,0.005
3562,0.004,0.005
3563,0.005,0.006
3564,0.004,0.005
3565,0.004,0.006
3566,0.004,0.006
3567,0.004,0.005
3568,0.004,0.006
3569,0.004,0.005
3570,0.004,0.005
3571,0.004,0.005
3572,0.004,0.006
3573,0.004,0.005
3574,0.005,0.006
3575,0.004,0.006
3576,0.004,0.006
3577,0.004,0.005
3578,0.005,0.006
3579,0.005,0.006
3580,0.004,0.006
3581,0.004,0.006
3582,0.004,0.006
3583,0.004,0.005
3584,0.004,0.006
3585,0.004,0.005
3586,0.004,0.005
3587,0.004,0.006
3588,0.004,0.005
3589,0.004,0.005
3590,0.004,0.005
3591,0.004,0.005
3592,0.004,0.005
3593,0.005,0.006
3594,0.004,0.005
3595,0.004,0.005
3596,0.004,0.005
3597,0.004,0.005
3598,0.004,0.005
3599,0.005,0.006
3600,0.005,0.006
3601,0.004,0.005
3602,0.004,0.005
3603,0.004,0.006
3604,0.005,0.006
3605,0.005,0.006
3606,0.005,0.006
3607,0.004,0.005
3608,0.004,0.005
3609,0.005,0.006
3610,0.004,0.006
3611,0.004,0.005
3612,0.004,0.006
3613,0.004,0.006
3614,0.004,0.005
3615,0.005,0.006
3616,0.004,0.006
3617,0.004,0.006
3618,0.004,0.005
3619,0.004,0.005
3620,0.004,0.006
3621,0.004,0.005
3622,0.004,0.005
3623,0.005,0.006
3624,0.004,0.005
3625,0.004,0.006
3626,0.004,0.006
3627,0.004,0.005
3628,0.004,0.005
3629,0.004,0.005
3630,0.005,0.006
3631,0.004,0.005
3632,0.004,0.006
3633,0.004,0.005
3634,0.004,0.006
3635,0.004,0.006
3636,0.004,0.005
3637,0.004,0.005
3638,0.004,0.006
3639,0.004,0.006
3640,0.004,0.005
3641,0.004,0.005
3642,0.004,0.005
3643,0.004,0.005
3644,0.005,0.006
3645,0.004,0.005
3646,0.005,0.006
3647,0.004,0.005
3648,0.005,0.006
3649,0.004,0.005
3650,0.004,0.006
3651,0.004,0.005
3652,0.005,0.006
3653,0.004,0.006
3654,0.004,0.006
3655,0.004,0.005
3656,0.004,0.006
3657,0.004,0.005
3658,0.004,0.005
3659,0.004,0.005
3660,0.004,0.005
3661,0.004,0.006
3662,0.004,0.005
3663,0.004,0.006
3664,0.004,0.006
3665,0.004,0.005
3666,0.004,0.005
3667,0.004,0.005
3668,0.004,0.005
3669,0.004,0.005
3670,0.004,0.005
3671,0.004,0.006
3672,0.004,0.006
3673,0.004,0.006
3674,0.004,0.005
3675,0.004,0.005
3676,0.004,0.005
3677,0.005,0.006
3678,0.004,0.005
3679,0.004,0.006
3680,0.004,0.005
3681,0.004,0.005
3682,0.004,0.006
3683,0.004,0.005
3684,0.004,0.005
3685,0.004,0.005
3686,0.004,0.006
3687,0.004,0.006
3688,0.004,0.006
3689,0.004,0.005
3690,0.004,0.005
3691,0.005,0.006
3692,0.004,0.005
3693,0.004,0.005
3694,0.004,0.005
3695,0.004,0.005
3696,0.004,0.005
3697,0.004,0.005
3698,0.004,0.006
3699,0.004,0.005
3700,0.004,0.005
3701,0.004,0.005
3702,0.004,0.005
3703,0.004,0.005
3704,0.005,0.006
3705,0.004,0.005
3706,0.004,0.005
3707,0.004,0.006
3708,0.004,0.006
3709,0.004,0.005
3710,0.004,0.006
3711,0.004,0.005
3712,0.004,0.006
3713,0.004,0.006
3714,0.004,0.005
3715,0.004,0.005
3716,0.005,0.006
3717,0.004,0.006
3718,0.004,0.005
3719,0.004,0.005
3720,0.004,0.005
3721,0.005,0.006
3722,0.004,0.006
3723,0.004,0.005
3724,0.004,0.006
3725,0.004,0.005
3726,0.004,0.005
3727,0.004,0.005
3728,0.004,0.006
3729,0.004,0.005
3730,0.004,0.006
3731,0.004,0.006
3732,0.004,0.005
3733,0.004,0.005
3734,0.004,0.005
3735,0.004,0.006
3736,0.004,0.005
3737,0.004,0.006
3738,0.004,0.005
3739,0.005,0.006
3740,0.004,0.005
3741,0.004,0.005
3742,0.004,0.006
3743,0.004,0.005
3744,0.004,0.005
3745,0.004,0.005
3746,0.004,0.006
3747,0.004,0.006
3748,0.004,0.006
3749,0.004,0.005
3750,0.004,0.005
3751,0.004,0.005
3752,0.004,0.006
3753,0.004,0.005
3754,0.004,0.005
3755,0.004,0.005
3756,0.004,0.005
3757,0.004,0.006
3758,0.004,0.005
3759,0.005,0.006
3760,0.004,0.005
3761,0.004,0.005
3762,0.004,0.005
3763,0.004,0.005
3764,0.004,0.006
3765,0.005,0.006
3766,0.004,0.005
3767,0.004,0.005
3768,0.004,0.006
3769,0.004,0.006
3770,0.004,0.006
3771,0.004,0.005
3772,0.004,0.006
3773,0.005,0.006
3774,0.004,0.006
3775,0.004,0.005
3776,0.004,0.005
3777,0.004,0.005
3778,0.004,0.005
3779,0.004,0.006
3780,0.004,0.006
3781,0.004,0.005
3782,0.004,0.006
3783,0.004,0.005
3784,0.004,0.005
3785,0.004,0.005
3786,0.004,0.006
3787,0.004,0.005
3788,0.004,0.005
3789,0.004,0.005
3790,0.004,0.005
3791,0.004,0.005
3792,0.005,0.006
3793,0.004,0.005
3794,0.004,0.005
3795,0.004,0.005
3796,0.004,0.006
3797,0.004,0.006
3798,0.004,0.005
3799,0.004,0.005
3800,0.004,0.005
3801,0.004,0.005
3802,0.004,0.005
3803,0.004,0.005
3804,0.004,0.006
3805,0.004,0.005
3806,0.004,0.006
3807,0.005,0.006
3808,0.004,0.005
3809,0.004,0.005
3810,0.004,0.005
3811,0.004,0.005
3812,0.004,0.005
3813,0.005,0.006
3814,0.004,0.005
3815,0.004,0.006
3816,0.004,0.005
3817,0.004,0.005
3818,0.005,0.006
3819,0.004,0.006
3820,0.004,0.005
3821,0.004,0.006
3822,0.004,0.006
3823,0.004,0.006
3824,0.004,0.005
3825,0.004,0.005
3826,0.004,0.005
3827,0.004,0.005
3828,0.004,0.005
3829,0.004,0.005
3830,0.005,0.006
3831,0.004,0.005
3832,0.004,0.005
3833,0.004,0.006
3834,0.004,0.006
3835,0.004,0.005
3836,0.004,0.005
3837,0.004,0.006
3838,0.004,0.005
3839,0.004,0.005
3840,0.005,0.006
3841,0.004,0.006
3842,0.004,0.005
3843,0.004,0.005
3844,0.005,0.006
3845,0.004,0.005
3846,0.004,0.006
3847,0.004,0.005
3848,0.004,0.005
3849,0.004,0.005
3850,0.004,0.006
3851,0.004,0.005
3852,0.005,0.006
3853,0.005,0.006
3854,0.004,0.005
3855,0.004,0.005
3856,0.004,0.005
3857,0.005,0.006
3858,0.004,0.006
3859,0.004,0.006
3860,0.004,0.006
3861,0.004,0.006
3862,0.004,0.006
3863,0.005,0.006
3864,0.004,0.005
3865,0.004,0.006
3866,0.004,0.005
3867,0.004,0.006
3868,0.005,0.006
3869,0.004,0.005
3870,0.004,0.006
3871,0.004,0.006
3872,0.004,0.005
3873,0.004,0.005
3874,0.004,0.006
3875,0.004,0.006
3876,0.004,0.006
3877,0.004,0.005
3878,0.004,0.005
3879,0.004,0.006
3880,0.004,0.005
3881,0.004,0.005
3882,0.004,0.005
3883,0.004,0.005
3884,0.004,0.005
3885,0.004,0.006
3886,0.004,0.005
3887,0.004,0.005
3888,0.004,0.005
3889,0.004,0.005
3890,0.004,0.005
3891,0.004,0.005
3892,0.004,0.005
3893,0.004,0.005
3894,0.004,0.006
3895,0.004,0.005
3896,0.004,0.006
3897,0.005,0.006
3898,0.004,0.006
3899,0.004,0.005
3900,0.004,0.005
3901,0.004,0.005
3902,0.004,0.005
3903,0.004,0.006
3904,0.005,0.006
3905,0.004,0.005
3906,0.004,0.005
3907,0.004,0.005
3908,0.004,0.005
3909,0.004,0.005
3910,0.005,0.006
3911,0.004,0.005
3912,0.004,0.006
3913,0.004,0.006
3914,0.005,0.006
3915,0.004,0.006
3916,0.004,0.005
3917,0.004,0.006
3918,0.004,0.006
3919,0.004,0.006
3920,0.004,0.006
3921,0.004,0.005
3922,0.004,0.005
3923,0.004,0.006
3924,0.004,0.005
3925,0.004,0.006
3926,0.004,0.005
3927,0.004,0.006
3928,0.004,0.005
3929,0.004,0.005
3930,0.004,0.006
3931,0.004,0.005
3932,0.004,0.005
3933,0.004,0.005
3934,0.004,0.006
3935,0.004,0.005
3936,0.004,0.005
3937,0.004,0.005
3938,0.004,0.005
3939,0.004,0.005
3940,0.005,0.006
3941,0.004,0.005
3942,0.004,0.005
3943,0.004,0.005
3944,0.005,0.006
3945,0.004,0.005
3946,0.004,0.005
3947,0.004,0.005
3948,0.004,0.006
3949,0.004,0.005
3950,0.004,0.005
3951,0.004,0.005
3952,0.004,0.005
3953,0.004,0.005
3954,0.004,0.005
3955,0.004,0.005
3956,0.004,0.006
3957,0.004,0.006
3958,0.004,0.006
3959,0.004,0.006
3960,0.004,0.006
3961,0.004,0.006
3962,0.004,0.006
3963,0.004,0.006
3964,0.004,0.005
3965,0.004,0.005
3966,0.004,0.005
3967,0.004,0.006
3968,0.004,0.005
3969,0.005,0.006
3970,0.004,0.005
3971,0.004,0.006
3972,0.004,0.006
3973,0.005,0.006
3974,0.005,0.006
3975,0.004,0.006
3976,0.004,0.005
3977,0.004,0.006
3978,0.004,0.005
3979,0.004,0.005
3980,0.004,0.006
3981,0.004,0.005
3982,0.004,0.006
3983,0.004,0.006
3984,0.004,0.005
3985,0.004,0.006
3986,0.004,0.006
3987,0.005,0.006
3988,0.005,0.006
3989,0.004,0.006
3990,0.004,0.005
3991,0.004,0.006
3992,0.004,0.005
3993,0.005,0.006
3994,0.004,0.005
3995,0.004,0.006
3996,0.004,0.005
3997,0.004,0.006
3998,0.004,0.006
3999,0.005,0.006
4000,0.004,0.005
4001,0.004,0.005
4002,0.004,0.005
4003,0.004,0.006
4004,0.004,0.005
4005,0.004,0.006
4006,0.004,0.006
4007,0.004,0.006
4008,0.004,0.005
4009,0.004,0.006
4010,0.005,0.006
4011,0.004,0.006
4012,0.004,0.005
4013,0.004,0.006
4014,0.004,0.005
4015,0.004,0.005
4016,0.004,0.005
4017,0.005,0.006
4018,0.004,0.005
4019,0.004,0.005
4020,0.004,0.006
4021,0.004,0.005
4022,0.005,0.006
4023,0.004,0.005
4024,0.004,0.006
4025,0.004,0.006
4026,0.004,0.005
4027,0.004,0.005
4028,0.005,0.006
4029,0.004,0.006
4030,0.004,0.005
4031,0.004,0.005
4032,0.005,0.006
4033,0.004,0.006
4034,0.004,0.006
4035,0.004,0.006
4036,0.004,0.006
4037,0.005,0.006
4038,0.004,0.006
4039,0.004,0.005
4040,0.004,0.005
4041,0.004,0.005
4042,0.004,0.005
4043,0.004,0.006
4044,0.004,0.005
4045,0.004,0.006
4046,0.005,0.006
4047,0.004,0.005
4048,0.004,0.005
4049,0.005,0.006
4050,0.004,0.005
4051,0.004,0.005
4052,0.004,0.006
4053,0.004,0.005
4054,0.004,0.006
4055,0.004,0.006
4056,0.004,0.006
4057,0.004,0.006
4058,0.004,0.005
4059,0.004,0.006
4060,0.005,0.006
4061,0.004,0.005
4062,0.004,0.005
4063,0.004,0.005
4064,0.005,0.006
4065,0.004,0.006
4066,0.004,0.005
4067,0.004,0.005
4068,0.005,0.006
4069,0.004,0.005
4070,0.004,0.005
4071,0.004,0.005
4072,0.004,0.005
4073,0.004,0.005
4074,0.004,0.006
4075,0.004,0.005
4076,0.004,0.005
4077,0.004,0.006
4078,0.004,0.006
4079,0.004,0.005
4080,0.004,0.006
4081,0.004,0.006
4082,0.004,0.005
4083,0.004,0.006
4084,0.004,0.005
4085,0.004,0.005
4086,0.004,0.005
4087,0.004,0.005
4088,0.004,0.005
4089,0.004,0.006
4090,0.004,0.005
4091,0.004,0.006
4092,0.004,0.006
4093,0.004,0.005
4094,0.004,0.006
4095,0.005,0.006
4096,0.005,0.006
4097,0.004,0.006
4098,0.004,0.005
4099,0.004,0.006
4100,0.004,0.005
4101,0.004,0.005
4102,0.004,0.005
4103,0.004,0.005
4104,0.004,0.005
4105,0.004,0.005
4106,0.004,0.006
4107,0.004,0.006
4108,0.004,0.005
4109,0.004,0.005
4110,0.004,0.005
4111,0.004,0.005
4112,0.005,0.006
4113,0.004,0.006
4114,0.004,0.005
4115,0.005,0.006
4116,0.004,0.005
4117,0.004,0.005
4118,0.004,0.005
4119,0.005,0.006
4120,0.004,0.006
4121,0.004,0.006
4122,0.004,0.006
4123,0.004,0.005
4124,0.004,0.005
4125,0.004,0.005
4126,0.004,0.005
4127,0.004,0.005
4128,0.004,0.005
4129,0.004,0.006
4130,0.004,0.005
4131,0.004,0.006
4132,0.004,0.005
4133,0.004,0.005
4134,0.005,0.006
4135,0.004,0.005
4136,0.004,0.005
4137,0.004,0.006
4138,0.005,0.006
4139,0.004,0.005
4140,0.004,0.006
4141,0.004,0.006
4142,0.004,0.006
4143,0.004,0.005
4144,0.004,0.005
4145,0.004,0.006
4146,0.004,0.006
4147,0.004,0.005
4148,0.004,0.005
4149,0.004,0.006
4150,0.004,0.006
4151,0.004,0.006
4152,0.004,0.005
4153,0.004,0.005
4154,0.004,0.005
4155,0.004,0.006
4156,0.005,0.006
4157,0.004,0.006
4158,0.004,0.006
4159,0.004,0.005
4160,0.004,0.005
4161,0.004,0.005
4162,0.004,0.005
4163,0.005,0.006
4164,0.004,0.006
4165,0.005,0.006
4166,0.004,0.006
4167,0.004,0.006
4168,0.004,0.006
4169,0.004,0.005
4170,0.004,0.006
4171,0.005,0.006
4172,0.004,0.006
4173,0.004,0.006
4174,0.004,0.005
4175,0.004,0.006
4176,0.004,0.005
4177,0.004,0.005
4178,0.005,0.006
4179,0.004,0.005
4180,0.004,0.005
4181,0.004,0.006
4182,0.004,0.005
4183,0.004,0.005
4184,0.005,0.006
4185,0.004,0.005
4186,0.004,0.005
4187,0.004,0.006
4188,0.004,0.006
4189,0.005,0.006
4190,0.004,0.005
4191,0.004,0.006
4192,0.004,0.006
4193,0.004,0.006
4194,0.005,0.006
4195,0.004,0.005
4196,0.004,0.006
4197,0.004,0.005
4198,0.004,0.005
4199,0.004,0.005
4200,0.005,0.006
4201,0.004,0.005
4202,0.005,0.006
4203,0.004,0.005
4204,0.004,0.005
4205,0.004,0.005
4206,0.004,0.005
4207,0.004,0.005
4208,0.004,0.005
4209,0.004,0.006
4210,0.004,0.005
4211,0.004,0.005
4212,0.004,0.005
4213,0.004,0.005
4214,0.004,0.006
4215,0.004,0.006
4216,0.004,0.006
4217,0.004,0.005
4218,0.004,0.006
4219,0.004,0.005
4220,0.004,0.005
4221,0.004,0.006
4222,0.004,0.005
4223,0.004,0.005
4224,0.004,0.005
4225,0.004,0.006
4226,0.004,0.005
4227,0.004,0.005
4228,0.004,0.005
4229,0.004,0.006
4230,0.004,0.005
4231,0.004,0.005
4232,0.004,0.006
4233,0.004,0.005
4234,0.004,0.005
4235,0.004,0.005
4236,0.004,0.005
4237,0.004,0.006
4238,0.004,0.005
4239,0.004,0.005
4240,0.004,0.005
4241,0.005,0.006
4242,0.005,0.006
4243,0.004,0.006
4244,0.004,0.005
4245,0.005,0.006
4246,0.005,0.006
4247,0.004,0.006
4248,0.004,0.006
4249,0.004,0.006
4250,0.004,0.005
4251,0.004,0.005
4252,0.004,0.006
4253,0.004,0.006
4254,0.005,0.006
4255,0.004,0.006
4256,0.004,0.005
4257,0.004,0.006
4258,0.004,0.005
4259,0.004,0.005
4260,0.004,0.006
4261,0.005,0.006
4262,0.004,0.005
4263,0.004,0.005
4264,0.004,0.005
4265,0.004,0.005
4266,0.004,0.005
4267,0.004,0.005
4268,0.004,0.005
4269,0.004,0.005
4270,0.004,0.005
4271,0.004,0.006
4272,0.005,0.006
4273,0.005,0.006
4274,0.004,0.005
4275,0.004,0.005
4276,0.004,0.005
4277,0.004,0.005
4278,0.004,0.005
4279,0.004,0.006
4280,0.004,0.006
4281,0.004,0.005
4282,0.004,0.005
4283,0.005,0.006
4284,0.005,0.006
4285,0.004,0.005
4286,0.005,0.006
4287,0.004,0.005
4288,0.004,0.005
4289,0.004,0.005
4290,0.004,0.006
4291,0.004,0.006
4292,0.004,0.005
4293,0.004,0.005
4294,0.004,0.005
4295,0.004,0.006
4296,0.004,0.006
4297,0.004,0.005
4298,0.004,0.005
4299,0.004,0.005
4300,0.004,0.005
4301,0.004,0.006
4302,0.004,0.005
4303,0.004,0.005
4304,0.005,0.006
4305,0.004,0.006
4306,0.004,0.006
4307,0.004,0.005
4308,0.004,0.005
4309,0.004,0.006
4310,0.004,0.005
4311,0.004,0.005
4312,0.004,0.006
4313,0.004,0.005
4314,0.004,0.005
4315,0.004,0.005
4316,0.004,0.005
4317,0.004,0.005
4318,0.004,0.006
4319,0.004,0.005
4320,0.004,0.005
4321,0.004,0.005
4322,0.004,0.006
4323,0.005,0.006
4324,0.004,0.005
4325,0.004,0.005
4326,0.004,0.005
4327,0.004,0.005
4328,0.004,0.005
4329,0.004,0.006
4330,0.005,0.006
4331,0.005,0.006
4332,0.004,0.005
4333,0.004,0.006
4334,0.005,0.006
4335,0.004,0.006
4336,0.005,0.006
4337,0.004,0.006
4338,0.004,0.006
4339,0.004,0.006
4340,0.004,0.005
4341,0.004,0.005
4342,0.005,0.006
4343,0.004,0.006
4344,0.004,0.005
4345,0.004,0.005
4346,0.004,0.006
4347,0.004,0.006
4348,0.004,0.005
4349,0.004,0.005
4350,0.004,0.005
4351,0.004,0.005
4352,0.004,0.005
4353,0.004,0.005
4354,0.005,0.006
4355,0.004,0.005
4356,0.004,0.005
4357,0.004,0.005
4358,0.004,0.005
4359,0.004,0.006
4360,0.004,0.006
4361,0.005,0.006
4362,0.005,0.006
4363,0.004,0.006
4364,0.004,0.006
4365,0.004,0.005
4366,0.004,0.005
4367,0.004,0.005
4368,0.004,0.006
4369,0.004,0.006
4370,0.005,0.006
4371,0.004,0.006
4372,0.005,0.006
4373,0.005,0.006
4374,0.005,0.006
4375,0.004,0.005
4376,0.004,0.006
4377,0.004,0.006
4378,0.004,0.005
4379,0.004,0.005
4380,0.004,0.005
4381,0.005,0.006
4382,0.004,0.006
4383,0.004,0.005
4384,0.004,0.006
4385,0.004,0.006
4386,0.004,0.006
4387,0.004,0.005
4388,0.005,0.006
4389,0.005,0.006
4390,0.004,0.005
4391,0.004,0.005
4392,0.004,0.006
4393,0.005,0.006
4394,0.004,0.005
4395,0.005,0.006
4396,0.004,0.005
4397,0.004,0.006
4398,0.004,0.006
4399,0.004,0.006
4400,0.004,0.005
4401,0.004,0.005
4402,0.004,0.006
4403,0.004,0.005
4404,0.004,0.005
4405,0.004,0.006
4406,0.005,0.006
4407,0.004,0.005
4408,0.005,0.006
4409,0.004,0.006
4410,0.004,0.006
4411,0.004,0.006
4412,0.004,0.005
4413,0.005,0.006
4414,0.004,0.006
4415,0.004,0.005
4416,0.004,0.005
4417,0.004,0.006
4418,0.004,0.005
4419,0.004,0.005
4420,0.004,0.006
4421,0.004,0.006
4422,0.004,0.006
4423,0.004,0.006
4424,0.005,0.006
4425,0.004,0.005
4426,0.004,0.005
4427,0.005,0.006
4428,0.005,0.006
4429,0.004,0.006
4430,0.004,0.006
4431,0.004,0.006
4432,0.004,0.005
4433,0.004,0.005
4434,0.004,0.006
4435,0.004,0.006
4436,0.004,0.005
4437,0.004,0.005
4438,0.004,0.005
4439,0.004,0.005
4440,0.004,0.005
4441,0.004,0.006
4442,0.004,0.005
4443,0.004,0.006
4444,0.004,0.005
4445,0.004,0.006
4446,0.004,0.005
4447,0.004,0.005
4448,0.004,0.005
4449,0.004,0.005
4450,0.004,0.005
4451,0.005,0.006
4452,0.004,0.005
4453,0.004,0.006
4454,0.005,0.006
4455,0.004,0.006
4456,0.004,0.006
4457,0.004,0.006
4458,0.004,0.006
4459,0.005,0.006
4460,0.004,0.005
4461,0.004,0.005
4462,0.005,0.006
4463,0.004,0.005
4464,0.004,0.006
4465,0.004,0.005
4466,0.005,0.006
4467,0.004,0.005
4468,0.004,0.006
4469,0.004,0.005
4470,0.004,0.005
4471,0.004,0.006
4472,0.004,0.005
4473,0.004,0.006
4474,0.004,0.005
4475,0.004,0.006
4476,0.004,0.005
4477,0.004,0.006
4478,0.004,0.006
4479,0.004,0.006
4480,0.004,0.006
4481,0.004,0.005
4482,0.004,0.005
4483,0.005,0.006
4484,0.004,0.006
4485,0.004,0.006
4486,0.005,0.006
4487,0.004,0.006
4488,0.004,0.006
4489,0.005,0.006
4490,0.004,0.005
4491,0.004,0.006
4492,0.004,0.006
4493,0.004,0.006
4494,0.004,0.005
4495,0.004,0.005
4496,0.004,0.006
4497,0.004,0.006
4498,0.004,0.005
4499,0.005,0.006
4500,0.005,0.006
4501,0.004,0.005
4502,0.004,0.005
4503,0.004,0.005
4504,0.004,0.005
4505,0.004,0.006
4506,0.005,0.006
4507,0.004,0.006
4508,0.004,0.005
4509,0.004,0.005
4510,0.004,0.005
4511,0.004,0.005
4512,0.004,0.005
4513,0.004,0.005
4514,0.004,0.005
4515,0.005,0.006
4516,0.004,0.005
4517,0.004,0.005
4518,0.004,0.005
4519,0.005,0.006
4520,0.005,0.006
4521,0.005,0.006
4522,0.004,0.005
4523,0.004,0.006
4524,0.005,0.006
4525,0.005,0.006
4526,0.004,0.006
4527,0.004,0.005
4528,0.004,0.005
4529,0.005,0.006
4530,0.004,0.005
4531,0.005,0.006
4532,0.004,0.005
4533,0.005,0.006
4534,0.004,0.006
4535,0.004,0.006
4536,0.004,0.005
4537,0.004,0.006
4538,0.004,0.006
4539,0.004,0.005
4540,0.004,0.006
4541,0.004,0.005
4542,0.005,0.006
4543,0.004,0.005
4544,0.005,0.006
4545,0.005,0.006
4546,0.004,0.005
4547,0.005,0.006
4548,0.004,0.006
4549,0.004,0.005
4550,0.004,0.005
4551,0.004,0.005
4552,0.004,0.005
4553,0.005,0.006
4554,0.004,0.005
4555,0.004,0.006
4556,0.004,0.005
4557,0.005,0.006
4558,0.004,0.005
4559,0.004,0.005
4560,0.004,0.005
4561,0.004,0.005
4562,0.004,0.005
4563,0.005,0.006
4564,0.004,0.006
4565,0.004,0.005
4566,0.004,0.006
4567,0.004,0.006
4568,0.004,0.005
4569,0.004,0.005
4570,0.004,0.005
4571,0.004,0.005
4572,0.004,0.005
4573,0.004,0.005
4574,0.004,0.006
4575,0.004,0.005
4576,0.004,0.006
4577,0.005,0.006
4578,0.005,0.006
4579,0.005,0.006
4580,0.004,0.005
4581,0.004,0.005
4582,0.004,0.006
4583,0.004,0.005
4584,0.004,0.005
4585,0.004,0.005
4586,0.004,0.005
4587,0.004,0.005
4588,0.004,0.005
4589,0.005,0.006
4590,0.005,0.006
4591,0.004,0.005
4592,0.005,0.006
4593,0.004,0.005
4594,0.004,0.005
4595,0.004,0.006
4596,0.004,0.006
4597,0.004,0.005
4598,0.004,0.005
4599,0.004,0.005
4600,0.004,0.005
4601,0.004,0.005
4602,0.004,0.005
4603,0.005,0.005
4604,0.004,0.006
4605,0.004,0.005
4606,0.004,0.005
4607,0.004,0.006
4608,0.004,0.005
4609,0.004,0.005
4610,0.004,0.006
4611,0.004,0.006
4612,0.004,0.006
4613,0.004,0.005
4614,0.004,0.005
4615,0.004,0.005
4616,0.004,0.006
4617,0.004,0.005
4618,0.005,0.006
4619,0.004,0.005
4620,0.004,0.005
4621,0.004,0.006
4622,0.004,0.006
4623,0.005,0.006
4624,0.004,0.005
4625,0.005,0.006
4626,0.004,0.006
4627,0.004,0.005
4628,0.004,0.005
4629,0.004,0.006
4630,0.005,0.006
4631,0.004,0.005
4632,0.004,0.005
4633,0.004,0.005
4634,0.004,0.005
4635,0.004,0.005
4636,0.005,0.006
4637,0.005,0.006
4638,0.004,0.005
4639,0.004,0.006
4640,0.004,0.006
4641,0.004,0.006
4642,0.004,0.005
4643,0.004,0.005
4644,0.004,0.005
4645,0.005,0.006
4646,0.004,0.006
4647,0.004,0.005
4648,0.004,0.005
4649,0.004,0.005
4650,0.004,0.005
4651,0.004,0.005
4652,0.004,0.005
4653,0.004,0.005
4654,0.004,0.005
4655,0.004,0.006
4656,0.004,0.006
4657,0.004,0.006
4658,0.004,0.006
4659,0.004,0.005
4660,0.004,0.005
4661,0.005,0.006
4662,0.005,0.006
4663,0.004,0.006
4664,0.004,0.005
4665,0.004,0.005
4666,0.004,0.005
4667,0.004,0.005
4668,0.004,0.006
4669,0.004,0.006
4670,0.004,0.006
4671,0.005,0.006
4672,0.005,0.006
4673,0.004,0.006
4674,0.004,0.006
4675,0.004,0.005
4676,0.004,0.005
4677,0.004,0.006
4678,0.004,0.005
4679,0.004,0.005
4680,0.004,0.006
4681,0.004,0.005
4682,0.004,0.005
4683,0.004,0.005
4684,0.004,0.006
4685,0.004,0.006
4686,0.004,0.005
4687,0.004,0.005
4688,0.004,0.005
4689,0.004,0.005
4690,0.004,0.006
4691,0.004,0.005
4692,0.004,0.005
4693,0.004,0.006
4694,0.004,0.005
4695,0.004,0.005
4696,0.004,0.005
4697,0.004,0.005
4698,0.004,0.006
4699,0.004,0.005
4700,0.004,0.005
4701,0.004,0.005
4702,0.004,0.005
4703,0.004,0.005
4704,0.004,0.005
4705,0.004,0.006
4706,0.004,0.005
4707,0.004,0.005
4708,0.004,0.006
4709,0.004,0.005
4710,0.004,0.006
4711,0.004,0.006
4712,0.004,0.005
4713,0.004,0.006
4714,0.004,0.006
4715,0.004,0.006
4716,0.004,0.006
4717,0.004,0.006
4718,0.004,0.006
4719,0.004,0.005
4720,0.005,0.006
4721,0.004,0.006
4722,0.005,0.006
4723,0.004,0.005
4724,0.004,0.005
4725,0.004,0.005
4726,0.004,0.005
4727,0.005,0.006
4728,0.005,0.006
4729,0.004,0.006
4730,0.004,0.006
4731,0.004,0.005
4732,0.005,0.006
4733,0.004,0.006
4734,0.005,0.006
4735,0.004,0.006
4736,0.004,0.005
4737,0.004,0.005
4738,0.004,0.006
4739,0.004,0.005
4740,0.005,0.006
4741,0.004,0.005
4742,0.004,0.005
4743,0.005,0.006
4744,0.004,0.006
4745,0.005,0.006
4746,0.004,0.005
4747,0.004,0.005
4748,0.004,0.005
4749,0.004,0.006
4750,0.005,0.006
4751,0.004,0.005
4752,0.004,0.005
4753,0.004,0.005
4754,0.004,0.006
4755,0.004,0.006
4756,0.004,0.006
4757,0.004,0.006
4758,0.004,0.006
4759,0.004,0.006
4760,0.004,0.006
4761,0.004,0.006
4762,0.004,0.005
4763,0.004,0.005
4764,0.004,0.006
4765,0.005,0.006
4766,0.004,0.005
4767,0.005,0.006
4768,0.004,0.005
4769,0.004,0.006
4770,0.004,0.005
4771,0.004,0.005
4772,0.004,0.005
4773,0.004,0.005
4774,0.004,0.005
4775,0.004,0.006
4776,0.004,0.006
4777,0.004,0.006
4778,0.004,0.005
4779,0.004,0.006
4780,0.004,0.005
4781,0.004,0.006
4782,0.004,0.005
4783,0.004,0.005
4784,0.004,0.005
4785,0.004,0.005
4786,0.004,0.005
4787,0.004,0.005
4788,0.004,0.005
4789,0.004,0.006
4790,0.004,0.005
4791,0.004,0.005
4792,0.004,0.006
4793,0.004,0.005
4794,0.004,0.006
4795,0.004,0.006
4796,0.004,0.005
4797,0.004,0.005
4798,0.004,0.005
4799,0.004,0.005
4800,0.004,0.005
4801,0.004,0.006
4802,0.004,0.005
4803,0.004,0.005
4804,0.004,0.005
4805,0.004,0.005
4806,0.004,0.005
4807,0.004,0.006
4808,0.004,0.005
4809,0.004,0.005
4810,0.004,0.005
4811,0.004,0.005
4812,0.004,0.005
4813,0.004,0.005
4814,0.004,0.005
4815,0.004,0.006
4816,0.004,0.005
4817,0.004,0.005
4818,0.004,0.006
4819,0.005,0.006
4820,0.004,0.005
4821,0.004,0.005
4822,0.005,0.006
4823,0.005,0.006
4824,0.004,0.005
4825,0.005,0.006
4826,0.005,0.006
4827,0.004,0.006
4828,0.005,0.006
4829,0.004,0.005
4830,0.005,0.006
4831,0.004,0.005
4832,0.004,0.005
4833,0.004,0.006
4834,0.005,0.006
4835,0.004,0.006
4836,0.004,0.005
4837,0.004,0.005
4838,0.004,0.005
4839,0.005,0.006
4840,0.005,0.006
4841,0.005,0.006
4842,0.004,0.005
4843,0.004,0.005
4844,0.004,0.005
4845,0.004,0.006
4846,0.004,0.005
4847,0.004,0.005
4848,0.004,0.005
4849,0.004,0.005
4850,0.004,0.005
4851,0.004,0.005
4852,0.004,0.005
4853,0.004,0.005
4854,0.004,0.005
4855,0.005,0.006
4856,0.004,0.006
4857,0.004,0.005
4858,0.004,0.006
4859,0.004,0.006
4860,0.004,0.005
4861,0.004,0.005
4862,0.004,0.005
4863,0.004,0.005
4864,0.004,0.006
4865,0.004,0.006
4866,0.004,0.005
4867,0.004,0.005
4868,0.004,0.005
4869,0.004,0.005
4870,0.004,0.005
4871,0.004,0.005
4872,0.004,0.005
4873,0.004,0.006
4874,0.004,0.005
4875,0.004,0.005
4876,0.004,0.006
4877,0.004,0.005
4878,0.004,0.005
4879,0.004,0.005
4880,0.004,0.006
4881,0.004,0.006
4882,0.004,0.006
4883,0.004,0.006
4884,0.004,0.005
4885,0.004,0.005
4886,0.004,0.005
4887,0.004,0.006
4888,0.004,0.005
4889,0.004,0.005
4890,0.004,0.005
4891,0.004,0.005
4892,0.005,0.006
4893,0.004,0.005
4894,0.004,0.005
4895,0.004,0.006
4896,0.004,0.006
4897,0.004,0.006
4898,0.004,0.006
4899,0.004,0.005
4900,0.004,0.005
4901,0.005,0.006
4902,0.004,0.006
4903,0.004,0.005
4904,0.004,0.006
4905,0.004,0.006
4906,0.005,0.006
4907,0.004,0.005
4908,0.005,0.006
4909,0.004,0.005
4910,0.005,0.006
4911,0.005,0.006
4912,0.004,0.006
4913,0.005,0.006
4914,0.004,0.006
4915,0.004,0.005
4916,0.004,0.006
4917,0.005,0.006
4918,0.004,0.005
4919,0.004,0.005
4920,0.004,0.005
4921,0.004,0.006
4922,0.004,0.005
4923,0.005,0.006
4924,0.005,0.006
4925,0.004,0.005
4926,0.005,0.006
4927,0.005,0.006
4928,0.004,0.005
4929,0.004,0.006
4930,0.004,0.005
4931,0.004,0.005
4932,0.004,0.005
4933,0.004,0.005
4934,0.004,0.005
4935,0.004,0.005
4936,0.004,0.006
4937,0.004,0.006
4938,0.004,0.005
4939,0.004,0.005
4940,0.004,0.006
4941,0.004,0.005
4942,0.004,0.005
4943,0.004,0.005
4944,0.004,0.005
4945,0.004,0.005
4946,0.004,0.005
4947,0.004,0.005
4948,0.004,0.006
4949,0.004,0.006
4950,0.004,0.005
4951,0.004,0.006
4952,0.004,0.005
4953,0.004,0.006
4954,0.004,0.006
4955,0.004,0.005
4956,0.004,0.006
4957,0.004,0.005
4958,0.004,0.006
4959,0.005,0.006
4960,0.004,0.006
4961,0.005,0.006
4962,0.004,0.006
4963,0.004,0.006
4964,0.005,0.006
4965,0.005,0.006
4966,0.004,0.005
4967,0.004,0.005
4968,0.004,0.006
4969,0.004,0.005
4970,0.005,0.006
4971,0.004,0.005
4972,0.004,0.006
4973,0.004,0.006
4974,0.005,0.006
4975,0.004,0.005
4976,0.004,0.005
4977,0.004,0.006
4978,0.004,0.005
4979,0.004,0.005
4980,0.004,0.005
4981,0.004,0.006
4982,0.004,0.005
4983,0.004,0.005
4984,0.004,0.005
4985,0.005,0.006
4986,0.004,0.005
4987,0.004,0.006
4988,0.004,0.005
4989,0.005,0.006
4990,0.004,0.005
4991,0.004,0.005
4992,0.004,0.006
4993,0.004,0.006
4994,0.004,0.005
4995,0.004,0.005
4996,0.005,0.006
4997,0.004,0.005
4998,0.004,0.006
4999,0.004,0.005
5000,0.004,0.005
5001,0.004,0.005
5002,0.004,0.005
5003,0.004,0.006
5004,0.004,0.005
5005,0.004,0.006
5006,0.004,0.006
5007,0.004,0.005
5008,0.004,0.005
5009,0.004,0.005
5010,0.004,0.005
5011,0.004,0.005
5012,0.004,0.005
5013,0.004,0.006
5014,0.004,0.005
5015,0.004,0.005
5016,0.004,0.005
5017,0.004,0.005
5018,0.004,0.006
5019,0.005,0.006
5020,0.005,0.006
5021,0.004,0.006
5022,0.004,0.006
5023,0.004,0.006
5024,0.005,0.006
5025,0.004,0.005
5026,0.004,0.006
5027,0.005,0.006
5028,0.004,0.006
5029,0.004,0.005
5030,0.005,0.006
5031,0.004,0.005
5032,0.004,0.005
5033,0.005,0.006
5034,0.004,0.006
5035,0.004,0.005
5036,0.004,0.005
5037,0.004,0.005
5038,0.004,0.006
5039,0.004,0.006
5040,0.005,0.006
5041,0.005,0.006
5042,0.005,0.006
5043,0.004,0.006
5044,0.004,0.005
5045,0.004,0.006
5046,0.005,0.006
5047,0.004,0.005
5048,0.004,0.005
5049,0.004,0.005
5050,0.004,0.005
5051,0.004,0.005
5052,0.004,0.005
5053,0.004,0.005
5054,0.004,0.006
5055,0.004,0.006
5056,0.004,0.006
5057,0.004,0.005
5058,0.004,0.006
5059,0.004,0.005
5060,0.004,0.005
5061,0.004,0.005
5062,0.004,0.005
5063,0.004,0.006
5064,0.004,0.006
5065,0.004,0.005
5066,0.004,0.005
5067,0.004,0.006
5068,0.004,0.006
5069,0.004,0.006
5070,0.004,0.005
5071,0.005,0.006
5072,0.004,0.005
5073,0.004,0.005
5074,0.004,0.006
5075,0.004,0.006
5076,0.004,0.005
5077,0.004,0.005
5078,0.004,0.005
5079,0.004,0.005
5080,0.004,0.005
5081,0.005,0.006
5082,0.005,0.006
5083,0.004,0.005
5084,0.004,0.005
5085,0.004,0.005
5086,0.005,0.006
5087,0.004,0.005
5088,0.004,0.005
5089,0.004,0.005
5090,0.004,0.005
5091,0.004,0.006
5092,0.005,0.006
5093,0.005,0.006
5094,0.004,0.006
5095,0.005,0.006
5096,0.005,0.006
5097,0.004,0.005
5098,0.004,0.005
5099,0.004,0.006
5100,0.004,0.005
5101,0.004,0.005
5102,0.004,0.005
5103,0.004,0.006
5104,0.004,0.005
5105,0.004,0.005
5106,0.005,0.006
5107,0.005,0.006
5108,0.004,0.005
5109,0.004,0.005
5110,0.004,0.005
5111,0.004,0.006
5112,0.005,0.006
5113,0.004,0.006
5114,0.005,0.006
5115,0.005,0.006
5116,0.004,0.006
5117,0.004,0.006
5118,0.004,0.005
5119,0.004,0.006
5120,0.004,0.005
5121,0.004,0.005
5122,0.004,0.005
5123,0.004,0.005
5124,0.005,0.006
5125,0.005,0.006
5126,0.004,0.006
5127,0.004,0.005
5128,0.004,0.006
5129,0.004,0.006
5130,0.005,0.006
5131,0.004,0.005
5132,0.004,0.006
5133,0.004,0.005
5134,0.004,0.005
5135,0.005,0.006
5136,0.005,0.006
5137,0.004,0.005
5138,0.004,0.006
5139,0.005,0.006
5140,0.004,0.005
5141,0.005,0.006
5142,0.004,0.005
5143,0.004,0.006
5144,0.005,0.006
5145,0.004,0.005
5146,0.004,0.006
5147,0.004,0.005
5148,0.004,0.005
5149,0.005,0.006
5150,0.004,0.005
5151,0.004,0.005
5152,0.004,0.005
5153,0.004,0.005
5154,0.004,0.005
5155,0.004,0.005
5156,0.004,0.005
5157,0.004,0.005
5158,0.004,0.006
5159,0.004,0.005
5160,0.004,0.005
5161,0.004,0.005
5162,0.004,0.005
5163,0.004,0.006
5164,0.005,0.006
5165,0.004,0.005
5166,0.004,0.005
5167,0.005,0.006
5168,0.004,0.006
5169,0.004,0.005
5170,0.004,0.006
5171,0.004,0.005
5172,0.004,0.006
5173,0.004,0.006
5174,0.004,0.005
5175,0.004,0.005
5176,0.004,0.005
5177,0.004,0.006
5178,0.004,0.005
5179,0.004,0.005
5180,0.004,0.005
5181,0.004,0.006
5182,0.004,0.005
5183,0.004,0.005
5184,0.004,0.006
5185,0.004,0.005
5186,0.004,0.006
5187,0.004,0.006
5188,0.004,0.005
5189,0.004,0.005
5190,0.004,0.005
5191,0.004,0.006
5192,0.004,0.005
5193,0.004,0.006
5194,0.004,0.005
5195,0.004,0.005
5196,0.004,0.006
5197,0.005,0.006
5198,0.004,0.005
5199,0.004,0.005
5200,0.004,0.005
5201,0.005,0.006
5202,0.004,0.005
5203,0.004,0.006
5204,0.004,0.005
5205,0.004,0.006
5206,0.004,0.006
5207,0.004,0.005
5208,0.004,0.005
5209,0.004,0.006
5210,0.004,0.005
5211,0.004,0.005
5212,0.004,0.005
5213,0.004,0.006
5214,0.004,0.006
5215,0.004,0.005
5216,0.004,0.005
5217,0.004,0.005
5218,0.004,0.005
5219,0.004,0.005
5220,0.004,0.005
5221,0.004,0.006
5222,0.004,0.006
5223,0.004,0.005
5224,0.004,0.005
5225,0.004,0.006
5226,0.004,0.005
5227,0.004,0.005
5228,0.005,0.006
5229,0.004,0.005
5230,0.004,0.005
5231,0.004,0.006
5232,0.004,0.006
5233,0.004,0.005
5234,0.004,0.006
5235,0.004,0.005
5236,0.004,0.005
5237,0.004,0.005
5238,0.004,0.005
5239,0.004,0.005
5240,0.004,0.005
5241,0.004,0.006
5242,0.004,0.006
5243,0.004,0.006
5244,0.004,0.005
5245,0.004,0.005
5246,0.004,0.006
5247,0.004,0.006
5248,0.004,0.005
5249,0.004,0.006
5250,0.004,0.005
5251,0.005,0.006
5252,0.004,0.005
5253,0.004,0.005
5254,0.005,0.006
5255,0.005,0.006
5256,0.004,0.006
5257,0.004,0.005
5258,0.004,0.005
5259,0.005,0.006
5260,0.004,0.005
5261,0.004,0.006
5262,0.004,0.005
5263,0.005,0.006
5264,0.004,0.005
5265,0.004,0.005
5266,0.005,0.006
5267,0.004,0.005
5268,0.004,0.005
5269,0.004,0.005
5270,0.004,0.006
5271,0.004,0.005
5272,0.004,0.005
5273,0.004,0.005
5274,0.004,0.005
5275,0.004,0.005
5276,0.004,0.005
5277,0.004,0.005
5278,0.004,0.006
5279,0.004,0.006
5280,0.004,0.005
5281,0.005,0.006
5282,0.004,0.006
5283,0.004,0.005
5284,0.004,0.005
5285,0.004,0.005
5286,0.004,0.006
5287,0.004,0.005
5288,0.004,0.005
5289,0.004,0.005
5290,0.004,0.005
5291,0.005,0.006
5292,0.004,0.005
5293,0.005,0.006
5294,0.004,0.005
5295,0.005,0.006
5296,0.004,0.006
5297,0.004,0.006
5298,0.004,0.006
5299,0.005,0.006
5300,0.005,0.006
5301,0.004,0.005
5302,0.004,0.005
5303,0.004,0.005
5304,0.004,0.005
5305,0.004,0.006
5306,0.004,0.005
5307,0.004,0.005
5308,0.004,0.005
5309,0.004,0.005
5310,0.004,0.005
5311,0.005,0.006
5312,0.005,0.006
5313,0.004,0.006
5314,0.004,0.005
5315,0.004,0.005
5316,0.004,0.005
5317,0.004,0.005
5318,0.004,0.006
5319,0.004,0.006
5320,0.004,0.005
5321,0.004,0.005
5322,0.004,0.006
5323,0.004,0.006
5324,0.004,0.005
5325,0.004,0.005
5326,0.004,0.006
5327,0.004,0.005
5328,0.004,0.006
5329,0.004,0.006
5330,0.004,0.006
5331,0.004,0.006
5332,0.004,0.006
5333,0.004,0.005
5334,0.004,0.006
5335,0.004,0.006
5336,0.004,0.005
5337,0.004,0.005
5338,0.005,0.006
5339,0.004,0.005
5340,0.005,0.006
5341,0.004,0.005
5342,0.004,0.006
5343,0.005,0.006
5344,0.004,0.005
5345,0.004,0.005
5346,0.004,0.005
5347,0.004,0.005
5348,0.004,0.005
5349,0.004,0.006
5350,0.005,0.006
5351,0.004,0.005
5352,0.004,0.005
5353,0.005,0.006
5354,0.004,0.006
5355,0.004,0.006
5356,0.005,0.006
5357,0.004,0.006
5358,0.004,0.005
5359,0.004,0.006
5360,0.004,0.005
5361,0.004,0.005
5362,0.004,0.006
5363,0.004,0.005
5364,0.005,0.006
5365,0.004,0.005
5366,0.004,0.005
5367,0.004,0.006
5368,0.004,0.005
5369,0.005,0.006
5370,0.004,0.006
5371,0.005,0.006
5372,0.004,0.005
5373,0.004,0.005
5374,0.004,0.005
5375,0.004,0.005
5376,0.004,0.006
5377,0.004,0.006
5378,0.004,0.006
5379,0.004,0.006
5380,0.004,0.005
5381,0.004,0.005
5382,0.004,0.005
5383,0.004,0.006
5384,0.004,0.006
5385,0.005,0.006
5386,0.005,0.006
5387,0.004,0.006
5388,0.004,0.006
5389,0.004,0.005
5390,0.005,0.006
5391,0.004,0.005
5392,0.004,0.005
5393,0.004,0.005
5394,0.004,0.005
5395,0.004,0.005
5396,0.004,0.005
5397,0.004,0.005
5398,0.004,0.005
5399,0.005,0.006
5400,0.005,0.006
5401,0.004,0.005
5402,0.004,0.005
5403,0.005,0.006
5404,0.004,0.006
5405,0.004,0.005
5406,0.004,0.005
5407,0.004,0.006
5408,0.005,0.006
5409,0.004,0.006
5410,0.005,0.006
5411,0.004,0.006
5412,0.004,0.005
5413,0.004,0.005
5414,0.004,0.005
5415,0.004,0.006
5416,0.004,0.006
5417,0.004,0.006
5418,0.004,0.006
5419,0.004,0.006
5420,0.004,0.005
5421,0.004,0.005
5422,0.004,0.005
5423,0.004,0.005
5424,0.004,0.006
5425,0.004,0.006
5426,0.004,0.005
5427,0.004,0.005
5428,0.004,0.006
5429,0.004,0.005
5430,0.004,0.005
5431,0.004,0.005
5432,0.005,0.006
5433,0.005,0.006
5434,0.004,0.005
5435,0.004,0.006
5436,0.004,0.005
5437,0.004,0.005
5438,0.004,0.005
5439,0.004,0.005
5440,0.004,0.005
5441,0.004,0.006
5442,0.005,0.006
5443,0.004,0.005
5444,0.004,0.005
5445,0.004,0.006
5446,0.004,0.005
5447,0.004,0.006
5448,0.004,0.005
5449,0.004,0.005
5450,0.004,0.005
5451,0.005,0.006
5452,0.004,0.005
5453,0.004,0.005
5454,0.004,0.005
5455,0.004,0.005
5456,0.004,0.005
5457,0.004,0.005
5458,0.004,0.005
5459,0.004,0.006
5460,0.004,0.005
5461,0.004,0.006
5462,0.004,0.006
5463,0.004,0.005
5464,0.004,0.006
5465,0.004,0.005
5466,0.004,0.006
5467,0.004,0.005
5468,0.004,0.005
5469,0.004,0.006
5470,0.004,0.006
5471,0.004,0.005
5472,0.004,0.005
5473,0.004,0.006
5474,0.004,0.005
5475,0.004,0.006
5476,0.004,0.005
5477,0.004,0.006
5478,0.004,0.005
5479,0.004,0.005
5480,0.004,0.005
5481,0.004,0.005
5482,0.004,0.005
5483,0.004,0.006
5484,0.004,0.006
5485,0.004,0.005
5486,0.004,0.005
5487,0.005,0.006
5488,0.005,0.006
5489,0.004,0.005
5490,0.004,0.005
5491,0.004,0.005
5492,0.004,0.006
5493,0.005,0.006
5494,0.005,0.006
5495,0.005,0.006
5496,0.005,0.006
5497,0.005,0.006
5498,0.004,0.005
5499,0.004,0.005
5500,0.004,0.006
5501,0.004,0.006
5502,0.004,0.005
5503,0.004,0.006
5504,0.004,0.006
5505,0.004,0.005
5506,0.004,0.005
5507,0.004,0.006
5508,0.004,0.006
5509,0.004,0.006
5510,0.004,0.006
5511,0.004,0.005
5512,0.004,0.006
5513,0.004,0.005
5514,0.004,0.006
5515,0.004,0.005
5516,0.004,0.005
5517,0.005,0.006
5518,0.004,0.005
5519,0.004,0.005
5520,0.004,0.005
5521,0.004,0.006
5522,0.004,0.006
5523,0.004,0.006
5524,0.004,0.005
5525,0.005,0.006
5526,0.004,0.006
5527,0.004,0.005
5528,0.004,0.005
5529,0.005,0.006
5530,0.004,0.006
5531,0.004,0.006
5532,0.004,0.005
5533,0.004,0.005
5534,0.005,0.006
5535,0.004,0.006
5536,0.004,0.006
5537,0.004,0.006
5538,0.004,0.006
5539,0.004,0.005
5540,0.004,0.005
5541,0.004,0.005
5542,0.004,0.006
5543,0.004,0.005
5544,0.005,0.006
5545,0.005,0.006
5546,0.004,0.005
5547,0.004,0.005
5548,0.005,0.006
5549,0.004,0.006
5550,0.004,0.006
5551,0.005,0.006
5552,0.005,0.006
5553,0.005,0.006
5554,0.004,0.006
5555,0.004,0.005
5556,0.004,0.005
5557,0.005,0.006
5558,0.004,0.005
5559,0.004,0.005
5560,0.004,0.005
5561,0.004,0.005
5562,0.004,0.006
5563,0.005,0.006
5564,0.004,0.005
5565,0.004,0.005
5566,0.004,0.005
5567,0.004,0.005
5568,0.004,0.005
5569,0.004,0.006
5570,0.004,0.005
5571,0.005,0.006
5572,0.005,0.006
5573,0.004,0.005
5574,0.004,0.005
5575,0.004,0.005
5576,0.005,0.006
5577,0.005,0.006
5578,0.004,0.006
5579,0.004,0.005
5580,0.004,0.006
5581,0.004,0.006
5582,0.004,0.005
5583,0.005,0.006
5584,0.004,0.005
5585,0.005,0.006
5586,0.004,0.006
5587,0.004,0.005
5588,0.004,0.005
5589,0.004,0.006
5590,0.004,0.005
5591,0.004,0.005
5592,0.004,0.006
5593,0.004,0.006
5594,0.004,0.005
5595,0.004,0.006
5596,0.004,0.005
5597,0.004,0.005
5598,0.004,0.005
5599,0.004,0.006
5600,0.005,0.006
5601,0.005,0.006
5602,0.004,0.006
5603,0.004,0.006
5604,0.004,0.005
5605,0.004,0.005
5606,0.004,0.005
5607,0.005,0.006
5608,0.004,0.005
5609,0.004,0.006
5610,0.004,0.005
5611,0.005,0.006
5612,0.005,0.006
5613,0.004,0.005
5614,0.004,0.005
5615,0.004,0.005
5616,0.004,0.005
5617,0.004,0.005
5618,0.004,0.005
5619,0.004,0.006
5620,0.004,0.006
5621,0.004,0.005
5622,0.004,0.005
5623,0.004,0.005
5624,0.004,0.006
5625,0.005,0.006
5626,0.004,0.006
5627,0.005,0.006
5628,0.004,0.005
5629,0.004,0.006
5630,0.004,0.006
5631,0.005,0.006
5632,0.005,0.006
5633,0.004,0.005
5634,0.004,0.006
5635,0.004,0.006
5636,0.004,0.006
5637,0.004,0.005
5638,0.004,0.005
5639,0.005,0.006
5640,0.004,0.006
5641,0.004,0.006
5642,0.004,0.006
5643,0.004,0.005
5644,0.004,0.006
5645,0.004,0.005
5646,0.004,0.006
5647,0.004,0.006
5648,0.004,0.006
5649,0.004,0.006
5650,0.004,0.005
5651,0.004,0.005
5652,0.004,0.006
5653,0.004,0.005
5654,0.004,0.006
5655,0.004,0.006
5656,0.005,0.006
5657,0.004,0.006
5658,0.004,0.006
5659,0.004,0.005
5660,0.004,0.005
5661,0.004,0.005
5662,0.004,0.005
5663,0.004,0.005
5664,0.004,0.005
5665,0.004,0.006
5666,0.004,0.006
5667,0.004,0.006
5668,0.004,0.006
5669,0.004,0.005
5670,0.004,0.005
5671,0.004,0.005
5672,0.004,0.005
5673,0.004,0.005
5674,0.004,0.005
5675,0.004,0.006
5676,0.004,0.006
5677,0.005,0.006
5678,0.004,0.005
5679,0.004,0.006
5680,0.004,0.005
5681,0.005,0.006
5682,0.004,0.005
5683,0.004,0.005
5684,0.004,0.006
5685,0.004,0.005
5686,0.004,0.006
5687,0.004,0.005
5688,0.004,0.005
5689,0.004,0.005
5690,0.004,0.005
5691,0.005,0.006
5692,0.005,0.006
5693,0.004,0.006
5694,0.005,0.006
5695,0.004,0.005
5696,0.004,0.006
5697,0.004,0.005
5698,0.004,0.006
5699,0.005,0.006
5700,0.004,0.005
5701,0.004,0.005
5702,0.004,0.005
5703,0.004,0.005
5704,0.004,0.006
5705,0.004,0.005
5706,0.004,0.006
5707,0.004,0.006
5708,0.004,0.005
5709,0.004,0.005
5710,0.005,0.006
5711,0.004,0.006
5712,0.004,0.005
5713,0.004,0.006
5714,0.004,0.006
5715,0.004,0.005
5716,0.004,0.006
5717,0.004,0.006
5718,0.004,0.005
5719,0.004,0.005
5720,0.004,0.005
5721,0.004,0.005
5722,0.004,0.005
5723,0.005,0.006
5724,0.004,0.006
5725,0.004,0.006
5726,0.004,0.006
5727,0.004,0.005
5728,0.004,0.005
5729,0.004,0.006
5730,0.004,0.005
5731,0.005,0.006
5732,0.005,0.006
5733,0.004,0.005
5734,0.004,0.005
5735,0.004,0.006
5736,0.004,0.006
5737,0.004,0.005
5738,0.004,0.005
5739,0.005,0.006
5740,0.004,0.006
5741,0.004,0.006
5742,0.004,0.006
5743,0.004,0.005
5744,0.004,0.006
5745,0.005,0.006
5746,0.004,0.006
5747,0.004,0.006
5748,0.004,0.006
5749,0.004,0.005
5750,0.004,0.005
5751,0.004,0.005
5752,0.004,0.005
5753,0.004,0.005
5754,0.004,0.006
5755,0.004,0.006
5756,0.004,0.005
5757,0.004,0.006
5758,0.004,0.005
5759,0.004,0.006
5760,0.004,0.005
5761,0.004,0.005
5762,0.005,0.006
5763,0.005,0.006
5764,0.005,0.006
5765,0.004,0.006
5766,0.004,0.005
5767,0.004,0.006
5768,0.004,0.006
5769,0.005,0.006
5770,0.004,0.006
5771,0.004,0.005
5772,0.004,0.005
5773,0.004,0.006
5774,0.004,0.006
5775,0.005,0.006
5776,0.004,0.005
5777,0.004,0.006
5778,0.004,0.005
5779,0.004,0.006
5780,0.004,0.005
5781,0.004,0.005
5782,0.004,0.005
5783,0.005,0.006
5784,0.005,0.006
5785,0.004,0.005
5786,0.004,0.005
5787,0.005,0.006
5788,0.004,0.006
5789,0.004,0.006
5790,0.005,0.006
5791,0.005,0.006
5792,0.004,0.005
5793,0.004,0.006
5794,0.004,0.005
5795,0.005,0.006
5796,0.004,0.006
5797,0.004,0.005
5798,0.005,0.006
5799,0.005,0.006
5800,0.004,0.005
5801,0.004,0.005
5802,0.005,0.006
5803,0.004,0.005
5804,0.004,0.005
5805,0.004,0.006
5806,0.004,0.005
5807,0.004,0.005
5808,0.005,0.006
5809,0.005,0.006
5810,0.004,0.006
5811,0.004,0.006
5812,0.004,0.006
5813,0.004,0.005
5814,0.004,0.006
5815,0.005,0.006
5816,0.004,0.006
5817,0.004,0.005
5818,0.004,0.005
5819,0.004,0.005
5820,0.005,0.006
5821,0.004,0.006
5822,0.004,0.005
5823,0.004,0.005
5824,0.005,0.006
5825,0.004,0.005
5826,0.004,0.005
5827,0.005,0.006
5828,0.004,0.005
5829,0.004,0.005
5830,0.004,0.006
5831,0.004,0.006
5832,0.004,0.005
5833,0.004,0.005
5834,0.004,0.006
5835,0.005,0.006
5836,0.004,0.005
5837,0.004,0.006
5838,0.005,0.006
5839,0.005,0.006
5840,0.004,0.006
5841,0.004,0.005
5842,0.005,0.006
5843,0.005,0.006
5844,0.004,0.006
5845,0.004,0.005
5846,0.004,0.005
5847,0.004,0.005
5848,0.004,0.006
5849,0.004,0.005
5850,0.005,0.006
5851,0.004,0.005
5852,0.004,0.005
5853,0.004,0.005
5854,0.005,0.006
5855,0.004,0.006
5856,0.004,0.005
5857,0.004,0.005
5858,0.004,0.005
5859,0.004,0.006
5860,0.004,0.006
5861,0.004,0.005
5862,0.004,0.005
5863,0.004,0.006
5864,0.004,0.006
5865,0.004,0.006
5866,0.004,0.005
5867,0.004,0.005
5868,0.005,0.006
5869,0.004,0.005
5870,0.004,0.005
5871,0.004,0.005
5872,0.004,0.006
5873,0.005,0.006
5874,0.004,0.006
5875,0.005,0.006
5876,0.004,0.005
5877,0.004,0.005
5878,0.004,0.005
5879,0.004,0.006
5880,0.004,0.005
5881,0.004,0.006
5882,0.005,0.006
5883,0.004,0.005
5884,0.005,0.006
5885,0.004,0.005
5886,0.004,0.005
5887,0.005,0.006
5888,0.004,0.005
5889,0.004,0.005
5890,0.004,0.005
5891,0.004,0.005
5892,0.004,0.006
5893,0.004,0.005
5894,0.004,0.006
5895,0.004,0.005
5896,0.004,0.006
5897,0.004,0.006
5898,0.005,0.006
5899,0.004,0.005
5900,0.004,0.005
5901,0.004,0.005
5902,0.004,0.006
5903,0.005,0.006
5904,0.005,0.006
5905,0.005,0.006
5906,0.004,0.006
5907,0.004,0.005
5908,0.004,0.005
5909,0.004,0.005
5910,0.005,0.006
5911,0.004,0.006
5912,0.004,0.005
5913,0.004,0.006
5914,0.005,0.006
5915,0.004,0.005
5916,0.004,0.005
5917,0.004,0.005
5918,0.004,0.005
5919,0.004,0.005
5920,0.004,0.005
5921,0.004,0.006
5922,0.004,0.006
5923,0.004,0.006
5924,0.004,0.005
5925,0.004,0.006
5926,0.004,0.006
5927,0.004,0.005
5928,0.004,0.006
5929,0.004,0.006
5930,0.004,0.006
5931,0.004,0.005
5932,0.004,0.006
5933,0.004,0.006
5934,0.004,0.005
5935,0.004,0.005
5936,0.004,0.005
5937,0.004,0.006
5938,0.004,0.006
5939,0.004,0.006
5940,0.004,0.006
5941,0.004,0.005
5942,0.004,0.005
5943,0.004,0.006
5944,0.004,0.005
5945,0.004,0.006
5946,0.004,0.005
5947,0.005,0.006
5948,0.004,0.005
5949,0.004,0.005
5950,0.004,0.006
5951,0.004,0.006
5952,0.004,0.005
5953,0.004,0.006
5954,0.004,0.006
5955,0.004,0.006
5956,0.004,0.005
5957,0.005,0.006
5958,0.004,0.005
5959,0.004,0.005
5960,0.004,0.006
5961,0.004,0.006
5962,0.004,0.005
5963,0.004,0.006
5964,0.005,0.006
5965,0.004,0.005
5966,0.005,0.006
5967,0.004,0.005
5968,0.004,0.006
5969,0.004,0.005
5970,0.004,0.006
5971,0.004,0.006
5972,0.004,0.006
5973,0.004,0.005
5974,0.004,0.005
5975,0.004,0.006
5976,0.004,0.005
5977,0.004,0.005
5978,0.004,0.005
5979,0.005,0.006
5980,0.004,0.006
5981,0.004,0.005
5982,0.004,0.005
5983,0.005,0.006
5984,0.004,0.005
5985,0.004,0.006
5986,0.004,0.005
5987,0.004,0.006
5988,0.004,0.006
5989,0.004,0.006
5990,0.004,0.005
5991,0.004,0.006
5992,0.004,0.006
5993,0.004,0.005
5994,0.004,0.005
5995,0.004,0.005
5996,0.004,0.005
5997,0.004,0.006
5998,0.004,0.005
5999,0.004,0.006
6000,0.004,0.005
6001,0.004,0.006
6002,0.004,0.006
6003,0.004,0.005
6004,0.004,0.006
6005,0.004,0.006
6006,0.005,0.006
6007,0.004,0.006
6008,0.004,0.005
6009,0.004,0.005
6010,0.004,0.006
6011,0.004,0.006
6012,0.004,0.005
6013,0.004,0.006
6014,0.005,0.006
6015,0.004,0.006
6016,0.005,0.006
6017,0.004,0.005
6018,0.004,0.006
6019,0.004,0.006
6020,0.004,0.005
6021,0.004,0.006
6022,0.004,0.005
6023,0.004,0.005
6024,0.004,0.005
6025,0.005,0.006
6026,0.004,0.005
6027,0.004,0.005
6028,0.004,0.006
6029,0.004,0.005
6030,0.004,0.006
6031,0.004,0.005
6032,0.004,0.006
6033,0.004,0.005
6034,0.004,0.006
6035,0.004,0.006
6036,0.004,0.005
6037,0.004,0.006
6038,0.004,0.005
6039,0.004,0.005
6040,0.004,0.006
6041,0.004,0.006
6042,0.004,0.006
6043,0.005,0.006
6044,0.004,0.005
6045,0.005,0.006
6046,0.004,0.006
6047,0.004,0.005
6048,0.005,0.006
6049,0.004,0.005
6050,0.004,0.005
6051,0.005,0.006
6052,0.005,0.006
6053,0.004,0.005
6054,0.004,0.005
6055,0.005,0.006
6056,0.005,0.006
6057,0.004,0.006
6058,0.004,0.005
6059,0.004,0.005
6060,0.004,0.005
6061,0.004,0.005
6062,0.004,0.006
6063,0.004,0.005
6064,0.004,0.006
6065,0.004,0.006
6066,0.004,0.006
6067,0.004,0.006
6068,0.004,0.006
6069,0.004,0.006
6070,0.004,0.005
6071,0.004,0.005
6072,0.004,0.006
6073,0.005,0.006
6074,0.004,0.005
6075,0.004,0.005
6076,0.004,0.006
6077,0.004,0.006
6078,0.004,0.005
6079,0.004,0.005
6080,0.004,0.005
6081,0.004,0.005
6082,0.004,0.006
6083,0.004,0.005
6084,0.004,0.005
6085,0.004,0.006
6086,0.004,0.006
6087,0.004,0.006
6088,0.004,0.006
6089,0.004,0.006
6090,0.004,0.006
6091,0.004,0.005
6092,0.004,0.006
6093,0.004,0.006
6094,0.004,0.005
6095,0.004,0.005
6096,0.004,0.006
6097,0.005,0.006
6098,0.005,0.006
6099,0.004,0.005
6100,0.004,0.006
6101,0.004,0.005
6102,0.004,0.006
6103,0.004,0.005
6104,0.004,0.005
6105,0.004,0.005
6106,0.004,0.006
6107,0.004,0.005
6108,0.004,0.006
6109,0.005,0.006
6110,0.005,0.006
6111,0.004,0.005
6112,0.004,0.005
6113,0.005,0.006
6114,0.004,0.005
6115,0.005,0.006
6116,0.004,0.006
6117,0.004,0.006
6118,0.005,0.006
6119,0.004,0.006
6120,0.004,0.006
6121,0.004,0.005
6122,0.005,0.006
6123,0.004,0.006
6124,0.004,0.006
6125,0.004,0.005
6126,0.004,0.005
6127,0.004,0.005
6128,0.005,0.006
6129,0.004,0.006
6130,0.004,0.005
6131,0.004,0.006
6132,0.005,0.006
6133,0.004,0.005
6134,0.004,0.005
6135,0.004,0.006
6136,0.005,0.006
6137,0.004,0.006
6138,0.004,0.006
6139,0.005,0.006
6140,0.004,0.006
6141,0.004,0.005
6142,0.004,0.006
6143,0.004,0.005
6144,0.004,0.006
6145,0.004,0.005
6146,0.004,0.005
6147,0.004,0.005
6148,0.004,0.006
6149,0.004,0.005
6150,0.004,0.006
6151,0.004,0.005
6152,0.004,0.006
6153,0.004,0.005
6154,0.004,0.005
6155,0.004,0.006
6156,0.004,0.006
6157,0.005,0.006
6158,0.004,0.006
6159,0.004,0.005
6160,0.004,0.006
6161,0.004,0.006
6162,0.005,0.006
6163,0.004,0.005
6164,0.004,0.005
6165,0.004,0.005
6166,0.004,0.005
6167,0.005,0.006
6168,0.005,0.006
6169,0.004,0.006
6170,0.004,0.006
6171,0.004,0.006
6172,0.005,0.006
6173,0.005,0.006
6174,0.005,0.006
6175,0.004,0.006
6176,0.005,0.006
6177,0.005,0.006
6178,0.005,0.006
6179,0.004,0.005
6180,0.004,0.005
6181,0.004,0.005
6182,0.005,0.006
6183,0.004,0.005
6184,0.004,0.005
6185,0.004,0.006
6186,0.004,0.006
6187,0.004,0.006
6188,0.005,0.006
6189,0.005,0.006
6190,0.004,0.005
6191,0.004,0.005
6192,0.004,0.005
6193,0.004,0.006
6194,0.004,0.005
6195,0.004,0.005
6196,0.005,0.006
6197,0.004,0.005
6198,0.004,0.005
6199,0.004,0.006
6200,0.004,0.005
6201,0.004,0.006
6202,0.004,0.005
6203,0.004,0.006
6204,0.004,0.006
6205,0.004,0.005
6206,0.004,0.005
6207,0.004,0.006
6208,0.004,0.006
6209,0.004,0.005
6210,0.004,0.005
6211,0.005,0.006
6212,0.004,0.005
6213,0.004,0.006
6214,0.004,0.006
6215,0.004,0.005
6216,0.004,0.005
6217,0.005,0.006
6218,0.004,0.005
6219,0.004,0.006
6220,0.004,0.006
6221,0.004,0.005
6222,0.005,0.006
6223,0.004,0.006
6224,0.004,0.005
6225,0.005,0.006
6226,0.004,0.005
6227,0.005,0.006
6228,0.004,0.006
6229,0.005,0.006
6230,0.004,0.005
6231,0.005,0.006
6232,0.004,0.006
6233,0.004,0.005
6234,0.004,0.005
6235,0.004,0.006
6236,0.005,0.006
6237,0.004,0.006
6238,0.004,0.006
6239,0.004,0.005
6240,0.004,0.006
6241,0.004,0.005
6242,0.004,0.005
6243,0.004,0.005
6244,0.004,0.005
6245,0.004,0.005
6246,0.004,0.005
6247,0.004,0.006
6248,0.005,0.006
6249,0.004,0.006
6250,0.004,0.006
6251,0.004,0.006
6252,0.004,0.006
6253,0.004,0.006
6254,0.004,0.005
6255,0.004,0.006
6256,0.004,0.005
6257,0.004,0.005
6258,0.004,0.006
6259,0.004,0.005
6260,0.005,0.006
6261,0.004,0.005
6262,0.004,0.006
6263,0.004,0.005
6264,0.004,0.005
6265,0.004,0.005
6266,0.004,0.005
6267,0.004,0.006
6268,0.004,0.005
6269,0.004,0.006
6270,0.004,0.005
6271,0.004,0.006
6272,0.004,0.006
6273,0.004,0.005
6274,0.004,0.005
6275,0.004,0.006
6276,0.004,0.005
6277,0.004,0.005
6278,0.004,0.006
6279,0.005,0.006
6280,0.004,0.006
6281,0.004,0.006
6282,0.004,0.006
6283,0.004,0.006
6284,0.004,0.005
6285,0.004,0.005
6286,0.004,0.006
6287,0.004,0.006
6288,0.005,0.006
6289,0.004,0.005
6290,0.004,0.006
6291,0.004,0.005
6292,0.004,0.005
6293,0.004,0.005
6294,0.005,0.006
6295,0.004,0.006
6296,0.004,0.005
6297,0.004,0.006
6298,0.005,0.006
6299,0.005,0.006
6300,0.004,0.006
6301,0.004,0.006
6302,0.004,0.006
6303,0.004,0.005
6304,0.004,0.006
6305,0.004,0.006
6306,0.004,0.006
6307,0.004,0.005
6308,0.004,0.005
6309,0.004,0.005
6310,0.005,0.006
6311,0.005,0.006
6312,0.004,0.005
6313,0.005,0.006
6314,0.004,0.005
6315,0.004,0.005
6316,0.004,0.005
6317,0.004,0.006
6318,0.004,0.005
6319,0.005,0.006
6320,0.005,0.006
6321,0.004,0.005
6322,0.004,0.005
6323,0.004,0.005
6324,0.005,0.006
6325,0.004,0.005
6326,0.004,0.005
6327,0.004,0.005
6328,0.004,0.006
6329,0.004,0.006
6330,0.004,0.005
6331,0.004,0.005
6332,0.004,0.006
6333,0.004,0.006
6334,0.004,0.005
6335,0.004,0.005
6336,0.004,0.006
6337,0.004,0.005
6338,0.004,0.005
6339,0.005,0.006
6340,0.004,0.006
6341,0.004,0.006
6342,0.004,0.006
6343,0.004,0.006
6344,0.004,0.005
6345,0.004,0.006
6346,0.004,0.006
6347,0.004,0.006
6348,0.004,0.005
6349,0.004,0.006
6350,0.004,0.005
6351,0.005,0.006
6352,0.004,0.006
6353,0.004,0.006
6354,0.004,0.005
6355,0.004,0.005
6356,0.004,0.005
6357,0.004,0.005
6358,0.004,0.005
6359,0.004,0.005
6360,0.004,0.006
6361,0.005,0.006
6362,0.004,0.006
6363,0.004,0.006
6364,0.005,0.006
6365,0.004,0.005
6366,0.005,0.006
6367,0.004,0.006
6368,0.005,0.006
6369,0.004,0.006
6370,0.005,0.006
6371,0.005,0.006
6372,0.004,0.006
6373,0.004,0.005
6374,0.005,0.006
6375,0.004,0.005
6376,0.004,0.005
6377,0.004,0.006
6378,0.004,0.006
6379,0.004,0.005
6380,0.004,0.005
6381,0.004,0.005
6382,0.004,0.005
6383,0.004,0.006
6384,0.005,0.006
6385,0.005,0.006
6386,0.004,0.005
6387,0.004,0.005
6388,0.004,0.005
6389,0.004,0.005
6390,0.004,0.006
6391,0.004,0.006
6392,0.004,0.005
6393,0.004,0.006
6394,0.004,0.005
6395,0.004,0.005
6396,0.004,0.005
6397,0.004,0.005
6398,0.004,0.005
6399,0.004,0.005
6400,0.004,0.006
6401,0.004,0.006
6402,0.004,0.006
6403,0.004,0.005
6404,0.004,0.006
6405,0.004,0.006
6406,0.005,0.006
6407,0.005,0.006
6408,0.004,0.005
6409,0.004,0.005
6410,0.004,0.006
6411,0.004,0.005
6412,0.004,0.005
6413,0.004,0.005
6414,0.004,0.005
6415,0.004,0.006
6416,0.004,0.005
6417,0.004,0.005
6418,0.004,0.005
6419,0.004,0.006
6420,0.005,0.006
6421,0.004,0.005
6422,0.005,0.006
6423,0.004,0.005
6424,0.004,0.005
6425,0.004,0.005
6426,0.004,0.006
6427,0.004,0.005
6428,0.004,0.005
6429,0.004,0.005
6430,0.004,0.006
6431,0.004,0.005
6432,0.004,0.006
6433,0.004,0.006
6434,0.004,0.006
6435,0.005,0.006
6436,0.004,0.005
6437,0.004,0.006
6438,0.004,0.006
6439,0.004,0.006
6440,0.005,0.006
6441,0.004,0.005
6442,0.004,0.006
6443,0.004,0.005
6444,0.004,0.005
6445,0.005,0.006
6446,0.004,0.005
6447,0.004,0.006
6448,0.004,0.005
6449,0.004,0.005
6450,0.004,0.005
6451,0.004,0.005
6452,0.004,0.006
6453,0.004,0.005
6454,0.004,0.006
6455,0.005,0.006
6456,0.005,0.006
6457,0.004,0.005
6458,0.004,0.005
6459,0.004,0.005
6460,0.004,0.006
6461,0.004,0.006
6462,0.004,0.006
6463,0.004,0.006
6464,0.004,0.005
6465,0.004,0.006
6466,0.004,0.005
6467,0.004,0.005
6468,0.004,0.006
6469,0.005,0.006
6470,0.005,0.006
6471,0.004,0.005
6472,0.004,0.006
6473,0.004,0.006
6474,0.005,0.006
6475,0.004,0.006
6476,0.004,0.006
6477,0.004,0.006
6478,0.004,0.005
6479,0.005,0.006
6480,0.004,0.006
6481,0.004,0.006
6482,0.004,0.005
6483,0.004,0.006
6484,0.004,0.005
6485,0.004,0.005
6486,0.005,0.006
6487,0.004,0.005
6488,0.005,0.006
6489,0.004,0.005
6490,0.005,0.006
6491,0.005,0.006
6492,0.004,0.005
6493,0.004,0.006
6494,0.004,0.006
6495,0.004,0.006
6496,0.004,0.006
6497,0.004,0.006
6498,0.004,0.005
6499,0.004,0.006
6500,0.004,0.005
6501,0.004,0.005
6502,0.004,0.006
6503,0.004,0.005
6504,0.005,0.006
6505,0.005,0.006
6506,0.005,0.006
6507,0.004,0.006
6508,0.005,0.006
6509,0.004,0.005
6510,0.005,0.006
6511,0.004,0.006
6512,0.004,0.005
6513,0.004,0.006
6514,0.004,0.005
6515,0.004,0.005
6516,0.004,0.005
6517,0.004,0.006
6518,0.004,0.005
6519,0.004,0.005
6520,0.004,0.005
6521,0.004,0.006
6522,0.004,0.006
6523,0.004,0.005
6524,0.004,0.006
6525,0.004,0.005
6526,0.004,0.005
6527,0.004,0.005
6528,0.004,0.006
6529,0.004,0.006
6530,0.004,0.005
6531,0.004,0.006
6532,0.004,0.006
6533,0.004,0.006
6534,0.004,0.005
6535,0.004,0.005
6536,0.005,0.006
6537,0.004,0.005
6538,0.004,0.006
6539,0.004,0.005
6540,0.005,0.006
6541,0.005,0.006
6542,0.005,0.006
6543,0.005,0.006
6544,0.004,0.005
6545,0.004,0.006
6546,0.004,0.005
6547,0.004,0.006
6548,0.005,0.006
6549,0.004,0.005
6550,0.004,0.006
6551,0.004,0.006
6552,0.005,0.006
6553,0.004,0.005
6554,0.005,0.006
6555,0.004,0.006
6556,0.004,0.006
6557,0.004,0.006
6558,0.004,0.006
6559,0.005,0.006
6560,0.004,0.005
6561,0.005,0.006
6562,0.004,0.006
6563,0.004,0.005
6564,0.005,0.006
6565,0.004,0.005
6566,0.004,0.005
6567,0.005,0.006
6568,0.004,0.006
6569,0.004,0.006
6570,0.004,0.005
6571,0.004,0.005
6572,0.004,0.005
6573,0.004,0.006
6574,0.005,0.006
6575,0.004,0.005
6576,0.005,0.006
6577,0.004,0.005
6578,0.004,0.006
6579,0.004,0.006
6580,0.004,0.006
6581,0.004,0.005
6582,0.004,0.005
6583,0.005,0.006
6584,0.004,0.005
6585,0.004,0.006
6586,0.004,0.005
6587,0.004,0.005
6588,0.005,0.006
6589,0.004,0.006
6590,0.005,0.006
6591,0.005,0.006
6592,0.005,0.006
6593,0.004,0.006
6594,0.004,0.005
6595,0.004,0.006
6596,0.004,0.006
6597,0.004,0.005
6598,0.004,0.005
6599,0.004,0.005
6600,0.004,0.005
6601,0.004,0.006
6602,0.004,0.005
6603,0.004,0.006
6604,0.004,0.005
6605,0.004,0.005
6606,0.004,0.005
6607,0.004,0.006
6608,0.004,0.006
6609,0.004,0.006
6610,0.004,0.005
6611,0.004,0.005
6612,0.004,0.005
6613,0.004,0.006
6614,0.004,0.005
6615,0.005,0.006
6616,0.004,0.006
6617,0.004,0.006
6618,0.004,0.006
6619,0.004,0.006
6620,0.004,0.006
6621,0.004,0.006
6622,0.004,0.006
6623,0.004,0.005
6624,0.005,0.006
6625,0.004,0.006
6626,0.004,0.006
6627,0.004,0.006
6628,0.005,0.006
6629,0.005,0.006
6630,0.004,0.005
6631,0.005,0.006
6632,0.004,0.005
6633,0.004,0.006
6634,0.004,0.006
6635,0.004,0.005
6636,0.005,0.006
6637,0.004,0.005
6638,0.004,0.005
6639,0.004,0.006
6640,0.005,0.006
6641,0.005,0.006
6642,0.004,0.005
6643,0.004,0.006
6644,0.005,0.006
6645,0.004,0.005
6646,0.005,0.006
6647,0.004,0.006
6648,0.004,0.005
6649,0.004,0.005
6650,0.004,0.005
6651,0.004,0.005
6652,0.004,0.006
6653,0.005,0.006
6654,0.004,0.006
6655,0.005,0.006
6656,0.005,0.006
6657,0.005,0.006
6658,0.004,0.005
6659,0.004,0.005
6660,0.004,0.005
6661,0.005,0.006
6662,0.004,0.005
6663,0.004,0.006
6664,0.004,0.006
6665,0.004,0.005
6666,0.004,0.005
6667,0.004,0.005
6668,0.004,0.006
6669,0.004,0.005
6670,0.004,0.006
6671,0.005,0.006
6672,0.004,0.005
6673,0.004,0.005
6674,0.004,0.005
6675,0.004,0.006
6676,0.004,0.006
6677,0.004,0.006
6678,0.004,0.005
6679,0.004,0.005
6680,0.004,0.005
6681,0.004,0.006
6682,0.004,0.006
6683,0.004,0.005
6684,0.004,0.006
6685,0.004,0.005
6686,0.004,0.006
6687,0.004,0.005
6688,0.004,0.006
6689,0.004,0.005
6690,0.004,0.006
6691,0.004,0.005
6692,0.004,0.006
6693,0.004,0.005
6694,0.004,0.005
6695,0.005,0.006
6696,0.004,0.006
6697,0.004,0.005
6698,0.004,0.006
6699,0.004,0.005
6700,0.004,0.005
6701,0.004,0.006
6702,0.005,0.006
6703,0.004,0.006
6704,0.004,0.005
6705,0.004,0.005
6706,0.005,0.006
6707,0.004,0.006
6708,0.004,0.005
6709,0.004,0.006
6710,0.004,0.005
6711,0.004,0.006
6712,0.004,0.005
6713,0.004,0.005
6714,0.004,0.006
6715,0.004,0.006
6716,0.004,0.005
6717,0.004,0.005
6718,0.004,0.005
6719,0.004,0.005
6720,0.004,0.006
6721,0.004,0.006
6722,0.005,0.006
6723,0.005,0.006
6724,0.004,0.005
6725,0.004,0.006
6726,0.004,0.005
6727,0.004,0.006
6728,0.004,0.005
6729,0.004,0.006
6730,0.004,0.006
6731,0.005,0.006
6732,0.004,0.005
6733,0.004,0.006
6734,0.004,0.006
6735,0.004,0.005
6736,0.004,0.005
6737,0.004,0.005
6738,0.004,0.005
6739,0.004,0.005
6740,0.004,0.005
6741,0.004,0.005
6742,0.005,0.006
6743,0.004,0.005
6744,0.004,0.006
6745,0.005,0.006
6746,0.004,0.006
6747,0.005,0.006
6748,0.005,0.006
6749,0.005,0.006
6750,0.004,0.005
6751,0.005,0.006
6752,0.004,0.006
6753,0.004,0.005
6754,0.004,0.005
6755,0.004,0.006
6756,0.004,0.005
6757,0.004,0.005
6758,0.004,0.006
6759,0.004,0.005
6760,0.004,0.006
6761,0.004,0.006
6762,0.004,0.005
6763,0.004,0.006
6764,0.005,0.006
6765,0.004,0.005
6766,0.004,0.006
6767,0.005,0.006
6768,0.004,0.005
6769,0.004,0.005
6770,0.004,0.005
6771,0.004,0.005
6772,0.004,0.006
6773,0.004,0.005
6774,0.004,0.005
6775,0.004,0.005
6776,0.004,0.005
6777,0.004,0.006
6778,0.004,0.006
6779,0.004,0.006
6780,0.004,0.005
6781,0.005,0.006
6782,0.004,0.005
6783,0.004,0.005
6784,0.005,0.006
6785,0.004,0.005
6786,0.004,0.005
6787,0.004,0.005
6788,0.004,0.005
6789,0.004,0.005
6790,0.004,0.005
6791,0.004,0.005
6792,0.004,0.005
6793,0.004,0.005
6794,0.004,0.005
6795,0.004,0.005
6796,0.005,0.006
6797,0.004,0.006
6798,0.004,0.005
6799,0.005,0.006
6800,0.005,0.006
6801,0.005,0.006
6802,0.004,0.005
6803,0.004,0.006
6804,0.004,0.005
6805,0.004,0.006
6806,0.005,0.006
6807,0.005,0.006
6808,0.005,0.006
6809,0.004,0.006
6810,0.005,0.006
6811,0.004,0.006
6812,0.004,0.006
6813,0.004,0.005
6814,0.004,0.006
6815,0.004,0.005
6816,0.004,0.005
6817,0.004,0.005
6818,0.005,0.006
6819,0.004,0.005
6820,0.004,0.005
6821,0.004,0.005
6822,0.004,0.005
6823,0.004,0.005
6824,0.004,0.006
6825,0.005,0.006
6826,0.004,0.005
6827,0.004,0.006
6828,0.004,0.006
6829,0.004,0.005
6830,0.004,0.005
6831,0.004,0.006
6832,0.004,0.006
6833,0.004,0.005
6834,0.005,0.006
6835,0.004,0.005
6836,0.005,0.006
6837,0.004,0.006
6838,0.004,0.005
6839,0.004,0.005
6840,0.004,0.005
6841,0.004,0.005
6842,0.004,0.005
6843,0.004,0.005
6844,0.004,0.005
6845,0.004,0.006
6846,0.004,0.005
6847,0.004,0.005
6848,0.004,0.005
6849,0.004,0.006
6850,0.004,0.006
6851,0.004,0.006
6852,0.005,0.006
6853,0.004,0.005
6854,0.004,0.005
6855,0.004,0.005
6856,0.004,0.005
6857,0.005,0.006
6858,0.005,0.006
6859,0.004,0.006
6860,0.004,0.005
6861,0.004,0.006
6862,0.004,0.005
6863,0.004,0.005
6864,0.004,0.005
6865,0.004,0.005
6866,0.004,0.005
6867,0.005,0.006
6868,0.004,0.006
6869,0.004,0.006
6870,0.004,0.005
6871,0.004,0.005
6872,0.004,0.005
6873,0.005,0.006
6874,0.004,0.006
6875,0.004,0.005
6876,0.005,0.006
6877,0.004,0.005
6878,0.004,0.005
6879,0.004,0.005
6880,0.004,0.005
6881,0.004,0.006
6882,0.004,0.005
6883,0.004,0.005
6884,0.004,0.006
6885,0.005,0.006
6886,0.004,0.005
6887,0.004,0.006
6888,0.004,0.006
6889,0.004,0.005
6890,0.005,0.006
6891,0.004,0.005
6892,0.004,0.005
6893,0.004,0.005
6894,0.005,0.006
6895,0.004,0.005
6896,0.004,0.005
6897,0.004,0.006
6898,0.004,0.005
6899,0.005,0.006
6900,0.004,0.005
6901,0.004,0.005
6902,0.004,0.005
6903,0.005,0.006
6904,0.005,0.006
6905,0.004,0.006
6906,0.004,0.006
6907,0.004,0.006
6908,0.004,0.005
6909,0.004,0.006
6910,0.005,0.006
6911,0.005,0.006
6912,0.004,0.005
6913,0.005,0.006
6914,0.004,0.006
6915,0.005,0.006
6916,0.004,0.005
6917,0.005,0.006
6918,0.004,0.005
6919,0.004,0.005
6920,0.004,0.005
6921,0.004,0.006
6922,0.004,0.006
6923,0.004,0.006
6924,0.004,0.006
6925,0.005,0.006
6926,0.004,0.006
6927,0.004,0.006
6928,0.004,0.006
6929,0.004,0.005
6930,0.005,0.006
6931,0.005,0.006
6932,0.004,0.005
6933,0.004,0.005
6934,0.004,0.006
6935,0.004,0.005
6936,0.004,0.006
6937,0.004,0.005
6938,0.004,0.005
6939,0.005,0.006
6940,0.004,0.006
6941,0.004,0.006
6942,0.004,0.006
6943,0.004,0.006
6944,0.004,0.005
6945,0.004,0.005
6946,0.004,0.006
6947,0.004,0.006
6948,0.004,0.005
6949,0.004,0.006
6950,0.005,0.006
6951,0.004,0.006
6952,0.004,0.005
6953,0.004,0.006
6954,0.004,0.005
6955,0.004,0.006
6956,0.005,0.006
6957,0.004,0.005
6958,0.005,0.006
6959,0.005,0.006
6960,0.004,0.006
6961,0.005,0.006
6962,0.005,0.006
6963,0.004,0.006
6964,0.004,0.006
6965,0.004,0.006
6966,0.004,0.006
6967,0.004,0.005
6968,0.004,0.005
6969,0.004,0.006
6970,0.004,0.005
6971,0.004,0.006
6972,0.005,0.006
6973,0.004,0.006
6974,0.004,0.006
6975,0.004,0.006
6976,0.004,0.006
6977,0.005,0.006
6978,0.004,0.005
6979,0.004,0.006
6980,0.004,0.006
6981,0.004,0.006
6982,0.004,0.006
6983,0.004,0.006
6984,0.004,0.006
6985,0.004,0.006
6986,0.005,0.006
6987,0.005,0.006
6988,0.004,0.005
6989,0.004,0.005
6990,0.004,0.006
6991,0.004,0.006
6992,0.005,0.006
6993,0.004,0.005
6994,0.004,0.005
6995,0.004,0.006
6996,0.004,0.006
6997,0.004,0.006
6998,0.004,0.005
6999,0.004,0.005
7000,0.004,0.005
7001,0.004,0.006
7002,0.005,0.006
7003,0.004,0.005
7004,0.004,0.006
7005,0.004,0.006
7006,0.004,0.006
7007,0.004,0.005
7008,0.004,0.005
7009,0.004,0.006
7010,0.004,0.006
7011,0.004,0.005
7012,0.004,0.005
7013,0.004,0.006
7014,0.005,0.006
7015,0.005,0.006
7016,0.004,0.005
7017,0.004,0.005
7018,0.005,0.006
7019,0.004,0.005
7020,0.004,0.005
7021,0.004,0.005
7022,0.004,0.006
7023,0.004,0.005
7024,0.004,0.005
7025,0.004,0.006
7026,0.005,0.006
7027,0.004,0.005
7028,0.004,0.006
7029,0.004,0.006
7030,0.004,0.006
7031,0.004,0.006
7032,0.004,0.005
7033,0.004,0.005
7034,0.004,0.005
7035,0.004,0.005
7036,0.004,0.005
7037,0.004,0.005
7038,0.004,0.006
7039,0.004,0.005
7040,0.004,0.005
7041,0.005,0.006
7042,0.004,0.005
7043,0.004,0.006
7044,0.004,0.005
7045,0.004,0.005
7046,0.004,0.005
7047,0.004,0.006
7048,0.004,0.005
7049,0.004,0.005
7050,0.004,0.005
7051,0.004,0.005
7052,0.004,0.006
7053,0.004,0.006
7054,0.004,0.005
7055,0.004,0.006
7056,0.004,0.005
7057,0.004,0.006
7058,0.004,0.005
7059,0.005,0.006
7060,0.004,0.005
7061,0.004,0.005
7062,0.004,0.005
7063,0.004,0.006
7064,0.004,0.006
7065,0.004,0.005
7066,0.004,0.006
7067,0.004,0.005
7068,0.005,0.006
7069,0.005,0.006
7070,0.004,0.006
7071,0.004,0.005
7072,0.004,0.005
7073,0.004,0.006
7074,0.004,0.005
7075,0.004,0.005
7076,0.005,0.006
7077,0.004,0.005
7078,0.005,0.006
7079,0.005,0.006
7080,0.004,0.005
7081,0.004,0.005
7082,0.004,0.005
7083,0.004,0.005
7084,0.004,0.005
7085,0.004,0.006
7086,0.004,0.005
7087,0.004,0.005
7088,0.005,0.006
7089,0.004,0.006
7090,0.004,0.005
7091,0.004,0.006
7092,0.004,0.006
7093,0.004,0.006
7094,0.004,0.006
7095,0.004,0.005
7096,0.004,0.006
7097,0.004,0.006
7098,0.004,0.005
7099,0.004,0.005
7100,0.005,0.006
7101,0.004,0.006
7102,0.004,0.005
7103,0.004,0.005
7104,0.004,0.006
7105,0.005,0.006
7106,0.004,0.006
7107,0.005,0.006
7108,0.004,0.005
7109,0.004,0.006
7110,0.005,0.006
7111,0.004,0.005
7112,0.004,0.005
7113,0.004,0.005
7114,0.005,0.006
7115,0.004,0.005
7116,0.004,0.005
7117,0.004,0.006
7118,0.004,0.006
7119,0.005,0.006
7120,0.004,0.005
7121,0.005,0.006
7122,0.004,0.006
7123,0.004,0.005
7124,0.005,0.006
7125,0.004,0.006
7126,0.004,0.006
7127,0.004,0.006
7128,0.004,0.006
7129,0.004,0.006
7130,0.004,0.005
7131,0.004,0.005
7132,0.004,0.006
7133,0.004,0.006
7134,0.004,0.005
7135,0.004,0.005
7136,0.004,0.005
7137,0.004,0.006
7138,0.004,0.006
7139,0.004,0.005
7140,0.005,0.006
7141,0.004,0.005
7142,0.004,0.005
7143,0.004,0.005
7144,0.004,0.005
7145,0.004,0.006
7146,0.005,0.006
7147,0.004,0.006
7148,0.004,0.005
7149,0.004,0.005
7150,0.004,0.006
7151,0.004,0.006
7152,0.004,0.006
7153,0.004,0.006
7154,0.004,0.006
7155,0.004,0.005
7156,0.004,0.005
7157,0.004,0.006
7158,0.004,0.006
7159,0.004,0.005
7160,0.005,0.006
7161,0.004,0.005
7162,0.004,0.005
7163,0.004,0.006
7164,0.004,0.005
7165,0.004,0.005
7166,0.004,0.006
7167,0.004,0.006
7168,0.004,0.006
7169,0.004,0.006
7170,0.004,0.005
7171,0.004,0.006
7172,0.004,0.006
7173,0.004,0.006
7174,0.004,0.006
7175,0.004,0.006
7176,0.004,0.005
7177,0.004,0.005
7178,0.004,0.005
7179,0.005,0.006
7180,0.004,0.005
7181,0.004,0.005
7182,0.004,0.005
7183,0.004,0.005
7184,0.005,0.006
7185,0.004,0.005
7186,0.005,0.006
7187,0.004,0.005
7188,0.004,0.005
7189,0.004,0.006
7190,0.004,0.006
7191,0.004,0.006
7192,0.004,0.006
7193,0.004,0.005
7194,0.004,0.005
7195,0.004,0.005
7196,0.005,0.006
7197,0.004,0.005
7198,0.005,0.006
7199,0.004,0.006
7200,0.005,0.006
7201,0.004,0.005
7202,0.004,0.006
7203,0.004,0.005
7204,0.004,0.006
7205,0.004,0.006
7206,0.004,0.006
7207,0.004,0.005
7208,0.004,0.006
7209,0.004,0.006
7210,0.004,0.006
7211,0.004,0.005
7212,0.004,0.005
7213,0.004,0.005
7214,0.004,0.005
7215,0.004,0.005
7216,0.004,0.005
7217,0.004,0.006
7218,0.004,0.006
7219,0.004,0.005
7220,0.004,0.005
7221,0.004,0.005
7222,0.004,0.006
7223,0.005,0.005
7224,0.004,0.006
7225,0.005,0.006
7226,0.005,0.006
7227,0.004,0.006
7228,0.004,0.006
7229,0.004,0.006
7230,0.004,0.005
7231,0.004,0.006
7232,0.004,0.006
7233,0.004,0.005
7234,0.004,0.006
7235,0.004,0.006
7236,0.004,0.005
7237,0.004,0.006
7238,0.004,0.006
7239,0.004,0.006
7240,0.005,0.006
7241,0.004,0.006
7242,0.004,0.005
7243,0.004,0.005
7244,0.005,0.006
7245,0.004,0.006
7246,0.004,0.006
7247,0.004,0.005
7248,0.005,0.006
7249,0.004,0.006
7250,0.005,0.006
7251,0.004,0.006
7252,0.004,0.005
7253,0.004,0.006
7254,0.004,0.005
7255,0.004,0.005
7256,0.004,0.005
7257,0.004,0.005
7258,0.004,0.006
7259,0.004,0.005
7260,0.005,0.006
7261,0.005,0.006
7262,0.004,0.005
7263,0.005,0.006
7264,0.004,0.005
7265,0.004,0.006
7266,0.004,0.005
7267,0.004,0.005
7268,0.004,0.006
7269,0.004,0.006
7270,0.004,0.006
7271,0.004,0.006
7272,0.004,0.005
7273,0.004,0.005
7274,0.004,0.005
7275,0.004,0.006
7276,0.004,0.005
7277,0.004,0.006
7278,0.004,0.005
7279,0.004,0.005
7280,0.004,0.006
7281,0.004,0.005
7282,0.004,0.005
7283,0.004,0.005
7284,0.004,0.006
7285,0.004,0.005
7286,0.004,0.005
7287,0.004,0.005
7288,0.004,0.006
7289,0.004,0.006
7290,0.004,0.005
7291,0.004,0.005
7292,0.004,0.006
7293,0.004,0.006
7294,0.004,0.005
7295,0.004,0.005
7296,0.004,0.005
7297,0.004,0.005
7298,0.004,0.005
7299,0.004,0.006
7300,0.004,0.006
7301,0.004,0.005
7302,0.004,0.005
7303,0.004,0.006
7304,0.004,0.005
7305,0.004,0.006
7306,0.004,0.006
7307,0.005,0.006
7308,0.004,0.005
7309,0.004,0.006
7310,0.004,0.005
7311,0.004,0.005
7312,0.005,0.006
7313,0.004,0.006
7314,0.004,0.006
7315,0.004,0.005
7316,0.004,0.005
7317,0.004,0.005
7318,0.004,0.006
7319,0.004,0.005
7320,0.004,0.006
7321,0.005,0.006
7322,0.005,0.006
7323,0.004,0.006
7324,0.004,0.006
7325,0.004,0.006
7326,0.004,0.005
7327,0.004,0.005
7328,0.004,0.006
7329,0.005,0.006
7330,0.004,0.005
7331,0.005,0.006
7332,0.004,0.006
7333,0.004,0.005
7334,0.005,0.006
7335,0.005,0.006
7336,0.004,0.006
7337,0.004,0.006
7338,0.004,0.006
7339,0.004,0.006
7340,0.004,0.006
7341,0.005,0.006
7342,0.005,0.006
7343,0.004,0.006
7344,0.004,0.006
7345,0.004,0.005
7346,0.004,0.005
7347,0.004,0.005
7348,0.004,0.005
7349,0.004,0.005
7350,0.004,0.005
7351,0.004,0.006
7352,0.005,0.006
7353,0.004,0.006
7354,0.004,0.006
7355,0.004,0.006
7356,0.004,0.005
7357,0.004,0.006
7358,0.004,0.006
7359,0.004,0.006
7360,0.004,0.006
7361,0.004,0.006
7362,0.004,0.005
7363,0.004,0.006
7364,0.005,0.006
7365,0.004,0.005
7366,0.004,0.005
7367,0.005,0.006
7368,0.004,0.005
7369,0.004,0.006
7370,0.004,0.006
7371,0.004,0.006
7372,0.004,0.006
7373,0.004,0.006
7374,0.005,0.006
7375,0.004,0.006
7376,0.004,0.006
7377,0.005,0.006
7378,0.004,0.005
7379,0.004,0.005
7380,0.004,0.006
7381,0.004,0.005
7382,0.005,0.006
7383,0.004,0.005
7384,0.004,0.005
7385,0.004,0.006
7386,0.004,0.006
7387,0.004,0.006
7388,0.004,0.006
7389,0.005,0.006
7390,0.004,0.005
7391,0.004,0.005
7392,0.004,0.005
7393,0.005,0.006
7394,0.004,0.006
7395,0.005,0.006
7396,0.004,0.006
7397,0.004,0.006
7398,0.005,0.006
7399,0.005,0.006
7400,0.004,0.005
7401,0.004,0.006
7402,0.004,0.006
7403,0.004,0.005
7404,0.005,0.006
7405,0.005,0.006
7406,0.004,0.005
7407,0.004,0.005
7408,0.004,0.006
7409,0.004,0.005
7410,0.004,0.006
7411,0.004,0.006
7412,0.004,0.006
7413,0.004,0.005
7414,0.004,0.005
7415,0.004,0.005
7416,0.004,0.005
7417,0.004,0.006
7418,0.005,0.006
7419,0.004,0.006
7420,0.004,0.005
7421,0.004,0.006
7422,0.004,0.006
7423,0.004,0.005
7424,0.004,0.006
7425,0.004,0.005
7426,0.004,0.005
7427,0.004,0.005
7428,0.005,0.006
7429,0.004,0.006
7430,0.004,0.006
7431,0.004,0.006
7432,0.004,0.006
7433,0.004,0.006
7434,0.004,0.005
7435,0.004,0.006
7436,0.004,0.006
7437,0.005,0.006
7438,0.004,0.005
7439,0.004,0.006
7440,0.004,0.006
7441,0.004,0.006
7442,0.004,0.005
7443,0.004,0.005
7444,0.004,0.005
7445,0.004,0.006
7446,0.005,0.006
7447,0.004,0.006
7448,0.004,0.006
7449,0.004,0.006
7450,0.004,0.005
7451,0.004,0.006
7452,0.004,0.006
7453,0.004,0.005
7454,0.004,0.005
7455,0.004,0.005
7456,0.004,0.005
7457,0.004,0.005
7458,0.005,0.006
7459,0.004,0.005
7460,0.004,0.005
7461,0.004,0.005
7462,0.004,0.005
7463,0.005,0.006
7464,0.004,0.006
7465,0.005,0.006
7466,0.004,0.005
7467,0.004,0.005
7468,0.004,0.006
7469,0.004,0.005
7470,0.004,0.005
7471,0.004,0.005
7472,0.004,0.006
7473,0.004,0.005
7474,0.004,0.006
7475,0.004,0.005
7476,0.004,0.005
7477,0.004,0.006
7478,0.004,0.005
7479,0.005,0.006
7480,0.005,0.006
7481,0.005,0.006
7482,0.004,0.005
7483,0.004,0.005
7484,0.004,0.005
7485,0.004,0.005
7486,0.004,0.006
7487,0.004,0.006
7488,0.004,0.005
7489,0.004,0.005
7490,0.004,0.005
7491,0.004,0.006
7492,0.004,0.006
7493,0.004,0.005
7494,0.004,0.005
7495,0.004,0.006
7496,0.004,0.006
7497,0.004,0.006
7498,0.005,0.006
7499,0.005,0.006
7500,0.004,0.006
7501,0.004,0.006
7502,0.004,0.005
7503,0.004,0.005
7504,0.004,0.005
7505,0.004,0.006
7506,0.004,0.005
7507,0.004,0.006
7508,0.004,0.006
7509,0.004,0.005
7510,0.004,0.005
7511,0.004,0.005
7512,0.004,0.005
7513,0.004,0.006
7514,0.005,0.006
7515,0.004,0.006
7516,0.004,0.005
7517,0.004,0.005
7518,0.005,0.006
7519,0.004,0.006
7520,0.004,0.006
7521,0.005,0.006
7522,0.005,0.006
7523,0.004,0.005
7524,0.004,0.006
7525,0.004,0.005
7526,0.004,0.006
7527,0.004,0.005
7528,0.004,0.005
7529,0.004,0.005
7530,0.004,0.005
7531,0.004,0.005
7532,0.004,0.005
7533,0.004,0.006
7534,0.004,0.006
7535,0.005,0.006
7536,0.004,0.006
7537,0.004,0.006
7538,0.004,0.006
7539,0.004,0.005
7540,0.004,0.005
7541,0.004,0.006
7542,0.004,0.005
7543,0.005,0.006
7544,0.004,0.005
7545,0.005,0.006
7546,0.004,0.006
7547,0.004,0.006
7548,0.004,0.006
7549,0.004,0.006
7550,0.004,0.006
7551,0.004,0.005
7552,0.005,0.006
7553,0.004,0.006
7554,0.005,0.006
7555,0.004,0.005
7556,0.004,0.005
7557,0.004,0.005
7558,0.004,0.005
7559,0.005,0.006
7560,0.004,0.006
7561,0.004,0.005
7562,0.004,0.006
7563,0.004,0.005
7564,0.004,0.005
7565,0.005,0.006
7566,0.004,0.005
7567,0.004,0.006
7568,0.005,0.006
7569,0.004,0.006
7570,0.005,0.006
7571,0.004,0.005
7572,0.004,0.005
7573,0.004,0.005
7574,0.005,0.006
7575,0.004,0.006
7576,0.004,0.006
7577,0.004,0.005
7578,0.004,0.006
7579,0.004,0.005
7580,0.004,0.005
7581,0.004,0.006
7582,0.004,0.006
7583,0.004,0.006
7584,0.004,0.005
7585,0.004,0.005
7586,0.004,0.006
7587,0.004,0.006
7588,0.004,0.006
7589,0.004,0.006
7590,0.004,0.005
7591,0.004,0.006
7592,0.004,0.006
7593,0.005,0.006
7594,0.004,0.005
7595,0.004,0.006
7596,0.004,0.006
7597,0.004,0.006
7598,0.004,0.005
7599,0.004,0.006
7600,0.004,0.005
7601,0.004,0.006
7602,0.004,0.005
7603,0.005,0.006
7604,0.004,0.006
7605,0.004,0.005
7606,0.004,0.005
7607,0.004,0.006
7608,0.004,0.005
7609,0.004,0.006
7610,0.004,0.006
7611,0.004,0.006
7612,0.005,0.006
7613,0.004,0.006
7614,0.004,0.006
7615,0.004,0.005
7616,0.004,0.006
7617,0.004,0.005
7618,0.004,0.006
7619,0.004,0.006
7620,0.004,0.005
7621,0.004,0.005
7622,0.004,0.005
7623,0.005,0.006
7624,0.004,0.006
7625,0.004,0.005
7626,0.004,0.005
7627,0.004,0.005
7628,0.004,0.005
7629,0.004,0.006
7630,0.004,0.006
7631,0.004,0.006
7632,0.004,0.006
7633,0.004,0.006
7634,0.004,0.005
7635,0.004,0.006
7636,0.004,0.006
7637,0.004,0.005
7638,0.005,0.006
7639,0.005,0.006
7640,0.005,0.006
7641,0.004,0.006
7642,0.004,0.006
7643,0.004,0.005
7644,0.004,0.006
7645,0.004,0.006
7646,0.005,0.006
7647,0.005,0.006
7648,0.004,0.006
7649,0.004,0.006
7650,0.004,0.005
7651,0.004,0.006
7652,0.004,0.005
7653,0.004,0.005
7654,0.004,0.006
7655,0.004,0.006
7656,0.005,0.006
7657,0.005,0.006
7658,0.005,0.006
7659,0.005,0.006
7660,0.004,0.005
7661,0.004,0.005
7662,0.004,0.005
7663,0.005,0.006
7664,0.004,0.006
7665,0.004,0.006
7666,0.004,0.006
7667,0.004,0.005
7668,0.004,0.005
7669,0.005,0.006
7670,0.004,0.005
7671,0.004,0.005
7672,0.004,0.006
7673,0.004,0.006
7674,0.004,0.005
7675,0.004,0.005
7676,0.004,0.005
7677,0.004,0.006
7678,0.004,0.005
7679,0.004,0.005
7680,0.004,0.006
7681,0.004,0.005
7682,0.004,0.005
7683,0.005,0.006
7684,0.005,0.006
7685,0.005,0.006
7686,0.005,0.006
7687,0.004,0.006
7688,0.004,0.005
7689,0.004,0.006
7690,0.004,0.006
7691,0.004,0.006
7692,0.004,0.005
7693,0.004,0.006
7694,0.004,0.005
7695,0.004,0.005
7696,0.004,0.005
7697,0.004,0.006
7698,0.005,0.006
7699,0.004,0.006
7700,0.004,0.005
7701,0.004,0.005
7702,0.004,0.005
7703,0.004,0.006
7704,0.005,0.006
7705,0.004,0.006
7706,0.004,0.006
7707,0.004,0.006
7708,0.004,0.005
7709,0.005,0.006
7710,0.004,0.005
7711,0.004,0.006
7712,0.004,0.006
7713,0.004,0.005
7714,0.004,0.006
7715,0.005,0.006
7716,0.004,0.006
7717,0.004,0.006
7718,0.004,0.006
7719,0.004,0.005
7720,0.004,0.006
7721,0.005,0.006
7722,0.004,0.005
7723,0.005,0.006
7724,0.004,0.005
7725,0.004,0.005
7726,0.004,0.005
7727,0.005,0.006
7728,0.005,0.006
7729,0.004,0.006
7730,0.005,0.006
7731,0.004,0.005
7732,0.004,0.005
7733,0.004,0.005
7734,0.004,0.005
7735,0.004,0.006
7736,0.004,0.006
7737,0.004,0.005
7738,0.004,0.005
7739,0.004,0.005
7740,0.004,0.006
7741,0.005,0.006
7742,0.005,0.006
7743,0.004,0.005
7744,0.004,0.006
7745,0.004,0.006
7746,0.004,0.006
7747,0.004,0.006
7748,0.004,0.006
7749,0.004,0.006
7750,0.004,0.006
7751,0.004,0.005
7752,0.005,0.006
7753,0.004,0.005
7754,0.004,0.005
7755,0.004,0.005
7756,0.004,0.005
7757,0.004,0.005
7758,0.004,0.005
7759,0.004,0.005
7760,0.004,0.006
7761,0.004,0.005
7762,0.004,0.006
7763,0.005,0.006
7764,0.005,0.006
7765,0.004,0.006
7766,0.005,0.006
7767,0.004,0.006
7768,0.004,0.006
7769,0.005,0.006
7770,0.004,0.005
7771,0.005,0.006
7772,0.004,0.005
7773,0.004,0.006
7774,0.005,0.006
7775,0.005,0.006
7776,0.004,0.005
7777,0.004,0.005
7778,0.005,0.006
7779,0.004,0.006
7780,0.004,0.006
7781,0.004,0.005
7782,0.004,0.005
7783,0.004,0.005
7784,0.004,0.005
7785,0.004,0.006
7786,0.004,0.005
7787,0.004,0.005
7788,0.004,0.005
7789,0.004,0.006
7790,0.004,0.005
7791,0.005,0.006
7792,0.004,0.006
7793,0.004,0.005
7794,0.004,0.005
7795,0.004,0.005
7796,0.004,0.005
7797,0.005,0.006
7798,0.004,0.005
7799,0.004,0.006
7800,0.004,0.006
7801,0.005,0.006
7802,0.004,0.006
7803,0.004,0.005
7804,0.004,0.005
7805,0.004,0.005
7806,0.004,0.005
7807,0.004,0.005
7808,0.004,0.005
7809,0.004,0.005
7810,0.004,0.005
7811,0.004,0.005
7812,0.004,0.005
7813,0.004,0.005
7814,0.004,0.005
7815,0.004,0.006
7816,0.004,0.006
7817,0.004,0.005
7818,0.005,0.006
7819,0.004,0.006
7820,0.004,0.006
7821,0.004,0.005
7822,0.004,0.005
7823,0.004,0.005
7824,0.004,0.006
7825,0.004,0.005
7826,0.004,0.005
7827,0.004,0.006
7828,0.004,0.005
7829,0.004,0.006
7830,0.005,0.006
7831,0.005,0.006
7832,0.004,0.006
7833,0.004,0.005
7834,0.004,0.005
7835,0.005,0.006
7836,0.004,0.005
7837,0.005,0.006
7838,0.004,0.005
7839,0.004,0.006
7840,0.004,0.006
7841,0.004,0.006
7842,0.004,0.006
7843,0.004,0.005
7844,0.004,0.006
7845,0.005,0.006
7846,0.005,0.006
7847,0.005,0.006
7848,0.004,0.005
7849,0.004,0.006
7850,0.004,0.006
7851,0.004,0.005
7852,0.004,0.005
7853,0.004,0.005
7854,0.004,0.005
7855,0.005,0.006
7856,0.004,0.006
7857,0.004,0.005
7858,0.004,0.005
7859,0.005,0.006
7860,0.005,0.006
7861,0.004,0.005
7862,0.004,0.005
7863,0.004,0.006
7864,0.004,0.005
7865,0.005,0.006
7866,0.005,0.006
7867,0.004,0.006
7868,0.004,0.006
7869,0.005,0.006
7870,0.004,0.005
7871,0.004,0.006
7872,0.004,0.006
7873,0.004,0.006
7874,0.005,0.006
7875,0.005,0.006
7876,0.004,0.005
7877,0.004,0.006
7878,0.005,0.006
7879,0.004,0.006
7880,0.004,0.005
7881,0.004,0.006
7882,0.004,0.006
7883,0.005,0.006
7884,0.005,0.006
7885,0.004,0.006
7886,0.004,0.006
7887,0.004,0.006
7888,0.004,0.005
7889,0.004,0.006
7890,0.004,0.006
7891,0.004,0.006
7892,0.004,0.006
7893,0.004,0.005
7894,0.004,0.006
7895,0.005,0.006
7896,0.005,0.006
7897,0.004,0.005
7898,0.004,0.005
7899,0.005,0.006
7900,0.004,0.005
7901,0.004,0.005
7902,0.004,0.006
7903,0.004,0.005
7904,0.005,0.006
7905,0.005,0.006
7906,0.004,0.006
7907,0.004,0.006
7908,0.004,0.006
7909,0.004,0.006
7910,0.004,0.006
7911,0.004,0.006
7912,0.004,0.006
7913,0.004,0.005
7914,0.004,0.006
7915,0.004,0.005
7916,0.005,0.006
7917,0.004,0.005
7918,0.004,0.006
7919,0.004,0.005
7920,0.004,0.006
7921,0.004,0.006
7922,0.004,0.006
7923,0.004,0.005
7924,0.004,0.005
7925,0.004,0.006
7926,0.004,0.005
7927,0.005,0.006
7928,0.004,0.006
7929,0.004,0.006
7930,0.004,0.005
7931,0.004,0.006
7932,0.004,0.006
7933,0.004,0.006
7934,0.004,0.006
7935,0.005,0.006
7936,0.004,0.005
7937,0.004,0.005
7938,0.004,0.005
7939,0.004,0.005
7940,0.004,0.005
7941,0.004,0.005
7942,0.004,0.005
7943,0.004,0.005
7944,0.004,0.006
7945,0.004,0.005
7946,0.004,0.006
7947,0.004,0.005
7948,0.005,0.006
7949,0.004,0.006
7950,0.004,0.006
7951,0.005,0.006
7952,0.005,0.006
7953,0.004,0.006
7954,0.004,0.005
7955,0.004,0.006
7956,0.005,0.006
7957,0.004,0.006
7958,0.005,0.006
7959,0.004,0.005
7960,0.005,0.006
7961,0.004,0.005
7962,0.004,0.005
7963,0.005,0.006
7964,0.004,0.006
7965,0.005,0.006
7966,0.004,0.006
7967,0.005,0.006
7968,0.004,0.005
7969,0.004,0.005
7970,0.004,0.005
7971,0.004,0.005
7972,0.004,0.005
7973,0.004,0.006
7974,0.004,0.006
7975,0.004,0.006
7976,0.004,0.005
7977,0.004,0.006
7978,0.004,0.005
7979,0.004,0.006
7980,0.004,0.006
7981,0.004,0.005
7982,0.004,0.006
7983,0.004,0.006
7984,0.005,0.006
7985,0.004,0.005
7986,0.004,0.006
7987,0.004,0.006
7988,0.004,0.005
7989,0.005,0.006
7990,0.004,0.006
7991,0.004,0.005
7992,0.005,0.006
7993,0.005,0.006
7994,0.004,0.005
7995,0.004,0.005
7996,0.005,0.006
7997,0.005,0.006
7998,0.004,0.006
7999,0.004,0.005
8000,0.004,0.005
8001,0.004,0.005
8002,0.004,0.006
8003,0.004,0.005
8004,0.005,0.006
8005,0.004,0.005
8006,0.004,0.006
8007,0.004,0.006
8008,0.005,0.006
8009,0.005,0.006
8010,0.004,0.006
8011,0.004,0.006
8012,0.004,0.006
8013,0.004,0.005
8014,0.004,0.005
8015,0.004,0.006
8016,0.004,0.005
8017,0.004,0.005
8018,0.004,0.005
8019,0.004,0.005
8020,0.004,0.006
8021,0.004,0.006
8022,0.004,0.006
8023,0.004,0.005
8024,0.004,0.005
8025,0.004,0.006
8026,0.004,0.005
8027,0.004,0.006
8028,0.004,0.006
8029,0.004,0.006
8030,0.005,0.006
8031,0.004,0.006
8032,0.004,0.005
8033,0.004,0.005
8034,0.005,0.006
8035,0.004,0.005
8036,0.004,0.005
8037,0.004,0.005
8038,0.004,0.006
8039,0.004,0.006
8040,0.004,0.006
8041,0.004,0.006
8042,0.004,0.006
8043,0.004,0.006
8044,0.004,0.006
8045,0.005,0.006
8046,0.004,0.005
8047,0.004,0.006
8048,0.005,0.006
8049,0.004,0.006
8050,0.004,0.006
8051,0.004,0.006
8052,0.004,0.005
8053,0.004,0.005
8054,0.004,0.006
8055,0.004,0.006
8056,0.004,0.006
8057,0.004,0.006
8058,0.004,0.005
8059,0.004,0.006
8060,0.004,0.005
8061,0.004,0.006
8062,0.004,0.005
8063,0.004,0.006
8064,0.005,0.006
8065,0.004,0.005
8066,0.004,0.005
8067,0.004,0.005
8068,0.004,0.005
8069,0.005,0.006
8070,0.004,0.006
8071,0.004,0.006
8072,0.004,0.006
8073,0.005,0.006
8074,0.004,0.006
8075,0.004,0.006
8076,0.004,0.005
8077,0.004,0.005
8078,0.005,0.006
8079,0.004,0.005
8080,0.004,0.005
8081,0.004,0.006
8082,0.004,0.006
8083,0.004,0.006
8084,0.004,0.006
8085,0.005,0.006
8086,0.004,0.006
8087,0.004,0.006
8088,0.004,0.006
8089,0.004,0.006
8090,0.005,0.006
8091,0.005,0.006
8092,0.004,0.005
8093,0.004,0.006
8094,0.004,0.005
8095,0.004,0.006
8096,0.005,0.006
8097,0.005,0.006
8098,0.004,0.006
8099,0.004,0.005
8100,0.004,0.006
8101,0.004,0.005
8102,0.004,0.005
8103,0.004,0.005
8104,0.004,0.005
8105,0.004,0.005
8106,0.004,0.005
8107,0.004,0.006
8108,0.004,0.006
8109,0.004,0.005
8110,0.004,0.006
8111,0.004,0.005
8112,0.004,0.006
8113,0.004,0.005
8114,0.004,0.006
8115,0.004,0.005
8116,0.004,0.005
8117,0.004,0.006
8118,0.004,0.005
8119,0.004,0.005
8120,0.004,0.005
8121,0.004,0.006
8122,0.005,0.006
8123,0.004,0.006
8124,0.004,0.005
8125,0.004,0.006
8126,0.004,0.005
8127,0.004,0.005
8128,0.004,0.005
8129,0.004,0.005
8130,0.004,0.006
8131,0.005,0.006
8132,0.004,0.006
8133,0.004,0.006
8134,0.004,0.006
8135,0.004,0.005
8136,0.004,0.005
8137,0.004,0.006
8138,0.004,0.005
8139,0.004,0.006
8140,0.004,0.005
8141,0.004,0.005
8142,0.004,0.006
8143,0.004,0.006
8144,0.005,0.006
8145,0.004,0.006
8146,0.004,0.005
8147,0.004,0.005
8148,0.004,0.006
8149,0.004,0.006
8150,0.004,0.006
8151,0.004,0.005
8152,0.005,0.006
8153,0.005,0.006
8154,0.004,0.006
8155,0.004,0.006
8156,0.004,0.006
8157,0.004,0.005
8158,0.004,0.006
8159,0.004,0.006
8160,0.004,0.005
8161,0.004,0.006
8162,0.004,0.005
8163,0.004,0.006
8164,0.004,0.005
8165,0.004,0.006
8166,0.004,0.006
8167,0.004,0.005
8168,0.004,0.006
8169,0.004,0.006
8170,0.004,0.006
8171,0.005,0.006
8172,0.004,0.005
8173,0.004,0.006
8174,0.005,0.006
8175,0.004,0.005
8176,0.004,0.005
8177,0.004,0.006
8178,0.004,0.005
8179,0.004,0.006
8180,0.004,0.006
8181,0.004,0.006
8182,0.004,0.005
8183,0.004,0.005
8184,0.004,0.005
8185,0.004,0.006
8186,0.004,0.005
8187,0.004,0.005
8188,0.005,0.006
8189,0.005,0.006
8190,0.004,0.005
8191,0.004,0.006
8192,0.004,0.006
8193,0.004,0.005
8194,0.004,0.006
8195,0.004,0.005
8196,0.004,0.005
8197,0.004,0.006
8198,0.004,0.005
8199,0.005,0.006
8200,0.004,0.006
8201,0.004,0.005
8202,0.004,0.006
8203,0.004,0.005
8204,0.004,0.005
8205,0.004,0.005
8206,0.004,0.005
8207,0.004,0.006
8208,0.005,0.006
8209,0.004,0.005
8210,0.004,0.005
8211,0.004,0.005
8212,0.004,0.005
8213,0.004,0.006
8214,0.004,0.006
8215,0.004,0.005
8216,0.004,0.005
8217,0.005,0.006
8218,0.004,0.005
8219,0.004,0.006
8220,0.004,0.005
8221,0.004,0.006
8222,0.004,0.005
8223,0.004,0.005
8224,0.004,0.006
8225,0.004,0.006
8226,0.004,0.006
8227,0.005,0.006
8228,0.004,0.006
8229,0.004,0.005
8230,0.005,0.006
8231,0.004,0.006
8232,0.004,0.006
8233,0.005,0.006
8234,0.004,0.006
8235,0.004,0.006
8236,0.004,0.005
8237,0.004,0.005
8238,0.004,0.005
8239,0.004,0.005
8240,0.004,0.006
8241,0.004,0.006
8242,0.005,0.006
8243,0.005,0.006
8244,0.004,0.006
8245,0.004,0.005
8246,0.004,0.005
8247,0.004,0.006
8248,0.004,0.006
8249,0.005,0.006
8250,0.004,0.006
8251,0.004,0.006
8252,0.004,0.006
8253,0.004,0.005
8254,0.004,0.006
8255,0.004,0.006
8256,0.005,0.006
8257,0.004,0.006
8258,0.004,0.006
8259,0.004,0.006
8260,0.005,0.006
8261,0.004,0.006
8262,0.004,0.005
8263,0.004,0.006
8264,0.004,0.006
8265,0.005,0.006
8266,0.004,0.005
8267,0.004,0.006
8268,0.004,0.006
8269,0.004,0.005
8270,0.004,0.005
8271,0.004,0.006
8272,0.004,0.006
8273,0.004,0.005
8274,0.004,0.005
8275,0.004,0.005
8276,0.004,0.006
8277,0.004,0.006
8278,0.004,0.006
8279,0.004,0.005
8280,0.005,0.006
8281,0.004,0.005
8282,0.004,0.005
8283,0.005,0.006
8284,0.004,0.006
8285,0.004,0.005
8286,0.004,0.005
8287,0.004,0.006
8288,0.004,0.006
8289,0.004,0.006
8290,0.004,0.006
8291,0.004,0.005
8292,0.005,0.006
8293,0.004,0.005
8294,0.005,0.006
8295,0.004,0.005
8296,0.004,0.006
8297,0.004,0.006
8298,0.004,0.006
8299,0.005,0.006
8300,0.005,0.006
8301,0.004,0.006
8302,0.005,0.006
8303,0.004,0.005
8304,0.004,0.005
8305,0.004,0.005
8306,0.004,0.006
8307,0.004,0.005
8308,0.005,0.006
8309,0.004,0.006
8310,0.004,0.006
8311,0.004,0.006
8312,0.004,0.006
8313,0.004,0.006
8314,0.004,0.005
8315,0.005,0.006
8316,0.004,0.006
8317,0.004,0.006
8318,0.005,0.006
8319,0.004,0.005
8320,0.005,0.006
8321,0.004,0.005
8322,0.004,0.005
8323,0.004,0.005
8324,0.004,0.005
8325,0.004,0.005
8326,0.004,0.005
8327,0.004,0.006
8328,0.004,0.006
8329,0.004,0.006
8330,0.005,0.006
8331,0.004,0.006
8332,0.004,0.005
8333,0.004,0.005
8334,0.005,0.006
8335,0.004,0.005
8336,0.004,0.006
8337,0.004,0.006
8338,0.004,0.005
8339,0.004,0.005
8340,0.004,0.006
8341,0.004,0.006
8342,0.004,0.006
8343,0.004,0.005
8344,0.004,0.005
8345,0.004,0.006
8346,0.005,0.006
8347,0.004,0.005
8348,0.004,0.006
8349,0.004,0.005
8350,0.004,0.006
8351,0.005,0.006
8352,0.004,0.005
8353,0.004,0.006
8354,0.004,0.006
8355,0.004,0.006
8356,0.005,0.006
8357,0.004,0.005
8358,0.004,0.005
8359,0.004,0.005
8360,0.004,0.006
8361,0.004,0.006
8362,0.005,0.006
8363,0.004,0.005
8364,0.004,0.005
8365,0.004,0.005
8366,0.005,0.006
8367,0.004,0.006
8368,0.004,0.006
8369,0.004,0.006
8370,0.004,0.006
8371,0.004,0.006
8372,0.004,0.005
8373,0.005,0.006
8374,0.004,0.005
8375,0.005,0.006
8376,0.005,0.006
8377,0.004,0.006
8378,0.004,0.006
8379,0.004,0.006
8380,0.005,0.006
8381,0.004,0.005
8382,0.004,0.005
8383,0.004,0.005
8384,0.004,0.005
8385,0.004,0.005
8386,0.004,0.005
8387,0.004,0.006
8388,0.004,0.005
8389,0.004,0.006
8390,0.004,0.005
8391,0.004,0.005
8392,0.004,0.006
8393,0.004,0.006
8394,0.004,0.006
8395,0.004,0.006
8396,0.005,0.006
8397,0.004,0.005
8398,0.004,0.006
8399,0.004,0.006
8400,0.004,0.005
8401,0.004,0.005
8402,0.004,0.005
8403,0.004,0.005
8404,0.004,0.005
8405,0.004,0.006
8406,0.004,0.006
8407,0.004,0.005
8408,0.004,0.005
8409,0.005,0.006
8410,0.004,0.006
8411,0.004,0.006
8412,0.004,0.006
8413,0.004,0.006
8414,0.004,0.006
8415,0.004,0.005
8416,0.005,0.006
8417,0.004,0.006
8418,0.005,0.006
8419,0.004,0.005
8420,0.004,0.005
8421,0.004,0.005
8422,0.004,0.006
8423,0.004,0.005
8424,0.004,0.006
8425,0.005,0.006
8426,0.005,0.006
8427,0.004,0.006
8428,0.004,0.006
8429,0.004,0.006
8430,0.005,0.006
8431,0.004,0.006
8432,0.004,0.006
8433,0.004,0.005
8434,0.004,0.006
8435,0.004,0.005
8436,0.005,0.006
8437,0.004,0.005
8438,0.004,0.005
8439,0.004,0.005
8440,0.004,0.006
8441,0.004,0.006
8442,0.004,0.006
8443,0.004,0.005
8444,0.004,0.005
8445,0.004,0.006
8446,0.004,0.006
8447,0.005,0.006
8448,0.004,0.006
8449,0.005,0.006
8450,0.004,0.006
8451,0.004,0.006
8452,0.004,0.005
8453,0.004,0.006
8454,0.004,0.005
8455,0.004,0.006
8456,0.004,0.006
8457,0.004,0.005
8458,0.005,0.006
8459,0.004,0.006
8460,0.004,0.006
8461,0.004,0.006
8462,0.004,0.005
8463,0.004,0.006
8464,0.004,0.005
8465,0.004,0.006
8466,0.004,0.005
8467,0.004,0.005
8468,0.004,0.006
8469,0.004,0.005
8470,0.005,0.006
8471,0.004,0.006
8472,0.004,0.006
8473,0.004,0.006
8474,0.005,0.006
8475,0.004,0.006
8476,0.004,0.006
8477,0.004,0.005
8478,0.004,0.005
8479,0.004,0.006
8480,0.004,0.005
8481,0.004,0.005
8482,0.004,0.006
8483,0.004,0.006
8484,0.004,0.006
8485,0.004,0.006
8486,0.004,0.006
8487,0.004,0.006
8488,0.004,0.005
8489,0.004,0.006
8490,0.004,0.005
8491,0.004,0.005
8492,0.004,0.006
8493,0.004,0.005
8494,0.004,0.006
8495,0.004,0.005
8496,0.004,0.005
8497,0.004,0.005
8498,0.004,0.005
8499,0.004,0.006
8500,0.004,0.006
8501,0.004,0.005
8502,0.004,0.005
8503,0.005,0.006
8504,0.005,0.006
8505,0.004,0.006
8506,0.005,0.006
8507,0.004,0.006
8508,0.004,0.006
8509,0.004,0.005
8510,0.005,0.006
8511,0.004,0.006
8512,0.004,0.006
8513,0.004,0.006
8514,0.004,0.006
8515,0.004,0.005
8516,0.004,0.006
8517,0.004,0.006
8518,0.004,0.006
8519,0.004,0.006
8520,0.004,0.005
8521,0.004,0.006
8522,0.004,0.006
8523,0.004,0.005
8524,0.004,0.006
8525,0.004,0.005
8526,0.004,0.006
8527,0.004,0.005
8528,0.004,0.005
8529,0.004,0.006
8530,0.004,0.006
8531,0.004,0.006
8532,0.005,0.006
8533,0.004,0.005
8534,0.004,0.005
8535,0.005,0.006
8536,0.004,0.005
8537,0.004,0.006
8538,0.004,0.006
8539,0.004,0.005
8540,0.004,0.005
8541,0.004,0.005
8542,0.004,0.005
8543,0.004,0.005
8544,0.004,0.005
8545,0.005,0.006
8546,0.005,0.006
8547,0.004,0.005
8548,0.004,0.006
8549,0.004,0.006
8550,0.004,0.006
8551,0.004,0.006
8552,0.004,0.005
8553,0.005,0.006
8554,0.005,0.006
8555,0.004,0.006
8556,0.004,0.005
8557,0.004,0.005
8558,0.004,0.006
8559,0.004,0.006
8560,0.004,0.005
8561,0.004,0.005
8562,0.004,0.005
8563,0.004,0.006
8564,0.004,0.006
8565,0.004,0.005
8566,0.005,0.006
8567,0.004,0.006
8568,0.004,0.005
8569,0.005,0.006
8570,0.004,0.005
8571,0.004,0.005
8572,0.004,0.006
8573,0.004,0.005
8574,0.004,0.005
8575,0.004,0.006
8576,0.004,0.005
8577,0.004,0.005
8578,0.004,0.005
8579,0.004,0.006
8580,0.004,0.005
8581,0.004,0.006
8582,0.004,0.005
8583,0.004,0.006
8584,0.005,0.006
8585,0.004,0.005
8586,0.004,0.005
8587,0.004,0.005
8588,0.004,0.005
8589,0.004,0.006
8590,0.004,0.006
8591,0.004,0.006
8592,0.004,0.005
8593,0.004,0.005
8594,0.004,0.005
8595,0.004,0.005
8596,0.004,0.006
8597,0.004,0.006
8598,0.004,0.006
8599,0.004,0.005
8600,0.004,0.005
8601,0.004,0.006
8602,0.004,0.006
8603,0.004,0.006
8604,0.004,0.005
8605,0.004,0.005
8606,0.004,0.005
8607,0.005,0.006
8608,0.004,0.005
8609,0.004,0.005
8610,0.004,0.005
8611,0.004,0.005
8612,0.004,0.005
8613,0.005,0.006
8614,0.004,0.006
8615,0.004,0.006
8616,0.005,0.006
8617,0.004,0.006
8618,0.005,0.006
8619,0.005,0.006
8620,0.004,0.005
8621,0.005,0.006
8622,0.005,0.006
8623,0.004,0.005
8624,0.004,0.006
8625,0.004,0.006
8626,0.004,0.006
8627,0.004,0.005
8628,0.004,0.005
8629,0.004,0.006
8630,0.004,0.005
8631,0.004,0.006
8632,0.004,0.006
8633,0.005,0.006
8634,0.004,0.006
8635,0.004,0.006
8636,0.004,0.006
8637,0.005,0.006
8638,0.004,0.006
8639,0.004,0.006
8640,0.004,0.005
8641,0.005,0.006
8642,0.004,0.005
8643,0.004,0.006
8644,0.004,0.005
8645,0.004,0.005
8646,0.004,0.006
8647,0.004,0.005
8648,0.004,0.006
8649,0.004,0.006
8650,0.004,0.005
8651,0.004,0.005
8652,0.004,0.005
8653,0.005,0.006
8654,0.004,0.006
8655,0.004,0.005
8656,0.004,0.006
8657,0.004,0.005
8658,0.004,0.005
8659,0.004,0.005
8660,0.005,0.006
8661,0.004,0.006
8662,0.004,0.005
8663,0.005,0.006
8664,0.004,0.005
8665,0.004,0.005
8666,0.004,0.005
8667,0.004,0.006
8668,0.004,0.005
8669,0.004,0.006
8670,0.004,0.005
8671,0.005,0.006
8672,0.004,0.006
8673,0.005,0.006
8674,0.004,0.005
8675,0.004,0.005
8676,0.004,0.006
8677,0.004,0.006
8678,0.004,0.005
8679,0.005,0.006
8680,0.004,0.006
8681,0.004,0.006
8682,0.004,0.005
8683,0.004,0.006
8684,0.005,0.006
8685,0.004,0.005
8686,0.004,0.006
8687,0.005,0.006
8688,0.004,0.005
8689,0.005,0.006
8690,0.005,0.006
8691,0.004,0.006
8692,0.005,0.006
8693,0.004,0.006
8694,0.004,0.006
8695,0.004,0.006
8696,0.004,0.005
8697,0.004,0.006
8698,0.005,0.006
8699,0.004,0.005
8700,0.004,0.006
8701,0.005,0.006
8702,0.004,0.006
8703,0.004,0.005
8704,0.004,0.006
8705,0.005,0.006
8706,0.004,0.005
8707,0.004,0.005
8708,0.004,0.005
8709,0.004,0.005
8710,0.004,0.005
8711,0.004,0.005
8712,0.004,0.005
8713,0.004,0.006
8714,0.005,0.006
8715,0.005,0.006
8716,0.004,0.005
8717,0.004,0.006
8718,0.004,0.005
8719,0.004,0.006
8720,0.004,0.005
8721,0.005,0.006
8722,0.005,0.006
8723,0.005,0.006
8724,0.004,0.006
8725,0.004,0.006
8726,0.004,0.006
8727,0.004,0.006
8728,0.004,0.006
8729,0.004,0.006
8730,0.005,0.006
8731,0.004,0.006
8732,0.004,0.005
8733,0.004,0.006
8734,0.005,0.006
8735,0.005,0.006
8736,0.004,0.005
8737,0.004,0.006
8738,0.005,0.006
8739,0.004,0.005
8740,0.004,0.005
8741,0.004,0.006
8742,0.004,0.006
8743,0.004,0.006
8744,0.004,0.005
8745,0.004,0.005
8746,0.004,0.005
8747,0.004,0.006
8748,0.004,0.006
8749,0.004,0.005
8750,0.005,0.006
8751,0.004,0.006
8752,0.004,0.006
8753,0.004,0.006
8754,0.004,0.005
8755,0.004,0.006
8756,0.004,0.006
8757,0.005,0.006
8758,0.004,0.006
8759,0.005,0.006
8760,0.004,0.005
8761,0.004,0.005
8762,0.004,0.006
8763,0.004,0.006
8764,0.005,0.006
8765,0.004,0.005
8766,0.004,0.005
8767,0.004,0.005
8768,0.004,0.005
8769,0.004,0.006
8770,0.004,0.005
8771,0.004,0.006
8772,0.004,0.006
8773,0.004,0.005
8774,0.005,0.006
8775,0.004,0.006
8776,0.004,0.005
8777,0.005,0.006
8778,0.005,0.006
8779,0.005,0.006
8780,0.004,0.005
8781,0.005,0.006
8782,0.004,0.005
8783,0.004,0.005
8784,0.005,0.006
8785,0.004,0.006
8786,0.004,0.005
8787,0.005,0.006
8788,0.005,0.006
8789,0.005,0.006
8790,0.004,0.005
8791,0.004,0.006
8792,0.004,0.006
8793,0.005,0.006
8794,0.004,0.006
8795,0.004,0.006
8796,0.004,0.006
8797,0.004,0.006
8798,0.004,0.006
8799,0.004,0.006
8800,0.004,0.006
8801,0.004,0.006
8802,0.004,0.006
8803,0.004,0.006
8804,0.004,0.006
8805,0.004,0.006
8806,0.004,0.006
8807,0.005,0.006
8808,0.004,0.006
8809,0.004,0.005
8810,0.004,0.006
8811,0.005,0.006
8812,0.004,0.005
8813,0.004,0.006
8814,0.004,0.005
8815,0.004,0.006
8816,0.004,0.006
8817,0.004,0.006
8818,0.005,0.006
8819,0.004,0.005
8820,0.004,0.006
8821,0.004,0.005
8822,0.004,0.005
8823,0.004,0.005
8824,0.004,0.006
8825,0.004,0.006
8826,0.004,0.005
8827,0.004,0.006
8828,0.004,0.006
8829,0.004,0.006
8830,0.005,0.006
8831,0.004,0.006
8832,0.004,0.006
8833,0.005,0.006
8834,0.004,0.006
8835,0.005,0.006
8836,0.005,0.006
8837,0.004,0.005
8838,0.004,0.005
8839,0.004,0.005
8840,0.004,0.005
8841,0.004,0.006
8842,0.004,0.005
8843,0.004,0.005
8844,0.005,0.006
8845,0.004,0.005
8846,0.004,0.006
8847,0.004,0.005
8848,0.004,0.005
8849,0.004,0.005
8850,0.004,0.006
8851,0.004,0.005
8852,0.004,0.006
8853,0.004,0.005
8854,0.005,0.006
8855,0.004,0.006
8856,0.004,0.005
8857,0.004,0.005
8858,0.004,0.005
8859,0.004,0.005
8860,0.004,0.005
8861,0.004,0.006
8862,0.004,0.005
8863,0.004,0.005
8864,0.004,0.005
8865,0.004,0.006
8866,0.005,0.006
8867,0.004,0.006
8868,0.004,0.005
8869,0.004,0.005
8870,0.004,0.006
8871,0.004,0.006
8872,0.004,0.006
8873,0.004,0.006
8874,0.004,0.006
8875,0.004,0.005
8876,0.004,0.006
8877,0.004,0.005
8878,0.004,0.005
8879,0.004,0.006
8880,0.004,0.006
8881,0.004,0.006
8882,0.005,0.006
8883,0.004,0.006
8884,0.004,0.006
8885,0.005,0.006
8886,0.005,0.006
8887,0.004,0.005
8888,0.004,0.005
8889,0.004,0.005
8890,0.004,0.006
8891,0.004,0.005
8892,0.004,0.006
8893,0.004,0.006
8894,0.004,0.006
8895,0.004,0.006
8896,0.004,0.006
8897,0.004,0.006
8898,0.004,0.006
8899,0.004,0.005
8900,0.004,0.005
8901,0.004,0.005
8902,0.005,0.006
8903,0.005,0.006
8904,0.004,0.006
8905,0.004,0.005
8906,0.004,0.006
8907,0.004,0.006
8908,0.004,0.005
8909,0.004,0.006
8910,0.004,0.006
8911,0.005,0.006
8912,0.004,0.006
8913,0.004,0.005
8914,0.004,0.006
8915,0.004,0.006
8916,0.004,0.006
8917,0.005,0.006
8918,0.004,0.005
8919,0.004,0.006
8920,0.004,0.005
8921,0.005,0.006
8922,0.005,0.006
8923,0.004,0.005
8924,0.004,0.005
8925,0.005,0.006
8926,0.004,0.005
8927,0.004,0.006
8928,0.004,0.005
8929,0.004,0.006
8930,0.004,0.006
8931,0.004,0.005
8932,0.004,0.005
8933,0.004,0.005
8934,0.004,0.005
8935,0.004,0.006
8936,0.004,0.005
8937,0.004,0.005
8938,0.004,0.006
8939,0.004,0.005
8940,0.004,0.006
8941,0.004,0.006
8942,0.004,0.006
8943,0.005,0.006
8944,0.004,0.006
8945,0.005,0.006
8946,0.004,0.005
8947,0.004,0.006
8948,0.004,0.006
8949,0.004,0.006
8950,0.004,0.005
8951,0.004,0.005
8952,0.005,0.006
8953,0.004,0.005
8954,0.005,0.006
8955,0.004,0.006
8956,0.004,0.006
8957,0.004,0.006
8958,0.004,0.006
8959,0.004,0.005
8960,0.004,0.005
8961,0.004,0.006
8962,0.004,0.005
8963,0.004,0.006
8964,0.004,0.005
8965,0.004,0.006
8966,0.004,0.005
8967,0.004,0.006
8968,0.004,0.005
8969,0.004,0.006
8970,0.004,0.006
8971,0.004,0.005
8972,0.004,0.006
8973,0.004,0.006
8974,0.004,0.005
8975,0.004,0.005
8976,0.004,0.006
8977,0.004,0.006
8978,0.004,0.005
8979,0.004,0.006
8980,0.004,0.005
8981,0.005,0.006
8982,0.004,0.006
8983,0.004,0.006
8984,0.004,0.005
8985,0.004,0.006
8986,0.004,0.006
8987,0.004,0.005
8988,0.005,0.006
8989,0.004,0.005
8990,0.004,0.006
8991,0.004,0.005
8992,0.004,0.005
8993,0.004,0.005
8994,0.004,0.005
8995,0.004,0.005
8996,0.004,0.005
8997,0.004,0.006
8998,0.004,0.006
8999,0.004,0.006
9000,0.004,0.005
9001,0.004,0.005
9002,0.004,0.006
9003,0.004,0.005
9004,0.005,0.006
9005,0.005,0.006
9006,0.004,0.005
9007,0.004,0.005
9008,0.004,0.005
9009,0.004,0.005
9010,0.005,0.006
9011,0.004,0.006
9012,0.004,0.006
9013,0.004,0.006
9014,0.005,0.006
9015,0.004,0.006
9016,0.004,0.006
9017,0.004,0.006
9018,0.004,0.005
9019,0.004,0.005
9020,0.004,0.005
9021,0.004,0.005
9022,0.005,0.006
9023,0.004,0.006
9024,0.004,0.006
9025,0.004,0.006
9026,0.005,0.006
9027,0.004,0.005
9028,0.005,0.006
9029,0.004,0.005
9030,0.004,0.006
9031,0.004,0.006
9032,0.004,0.006
9033,0.004,0.005
9034,0.004,0.005
9035,0.005,0.006
9036,0.004,0.005
9037,0.004,0.006
9038,0.004,0.006
9039,0.004,0.006
9040,0.004,0.006
9041,0.004,0.005
9042,0.004,0.006
9043,0.004,0.006
9044,0.004,0.005
9045,0.004,0.006
9046,0.004,0.005
9047,0.004,0.006
9048,0.004,0.005
9049,0.005,0.006
9050,0.004,0.006
9051,0.004,0.006
9052,0.004,0.005
9053,0.004,0.006
9054,0.004,0.005
9055,0.005,0.006
9056,0.005,0.006
9057,0.005,0.006
9058,0.005,0.006
9059,0.005,0.006
9060,0.004,0.006
9061,0.004,0.005
9062,0.004,0.006
9063,0.004,0.005
9064,0.004,0.005
9065,0.004,0.005
9066,0.004,0.006
9067,0.005,0.006
9068,0.004,0.006
9069,0.004,0.006
9070,0.004,0.006
9071,0.004,0.005
9072,0.004,0.006
9073,0.005,0.006
9074,0.005,0.006
9075,0.004,0.006
9076,0.004,0.006
9077,0.004,0.006
9078,0.004,0.006
9079,0.004,0.006
9080,0.005,0.006
9081,0.005,0.006
9082,0.004,0.005
9083,0.004,0.006
9084,0.004,0.006
9085,0.004,0.006
9086,0.004,0.005
9087,0.004,0.006
9088,0.004,0.006
9089,0.004,0.005
9090,0.004,0.005
9091,0.004,0.005
9092,0.004,0.005
9093,0.004,0.005
9094,0.004,0.005
9095,0.005,0.006
9096,0.004,0.006
9097,0.004,0.006
9098,0.004,0.006
9099,0.004,0.006
9100,0.004,0.006
9101,0.004,0.006
9102,0.004,0.006
9103,0.004,0.005
9104,0.004,0.006
9105,0.004,0.006
9106,0.005,0.006
9107,0.005,0.006
9108,0.005,0.006
9109,0.004,0.006
9110,0.004,0.006
9111,0.004,0.006
9112,0.004,0.006
9113,0.005,0.006
9114,0.004,0.005
9115,0.004,0.005
9116,0.004,0.006
9117,0.004,0.006
9118,0.004,0.006
9119,0.004,0.006
9120,0.004,0.006
9121,0.004,0.006
9122,0.004,0.006
9123,0.005,0.006
9124,0.004,0.005
9125,0.004,0.005
9126,0.004,0.006
9127,0.004,0.005
9128,0.004,0.006
9129,0.004,0.006
9130,0.005,0.006
9131,0.005,0.006
9132,0.005,0.006
9133,0.004,0.006
9134,0.004,0.006
9135,0.004,0.006
9136,0.004,0.006
9137,0.005,0.006
9138,0.004,0.006
9139,0.004,0.006
9140,0.004,0.006
9141,0.004,0.006
9142,0.004,0.005
9143,0.004,0.005
9144,0.004,0.005
9145,0.005,0.006
9146,0.005,0.006
9147,0.004,0.006
9148,0.004,0.006
9149,0.004,0.006
9150,0.005,0.006
9151,0.004,0.005
9152,0.004,0.005
9153,0.004,0.005
9154,0.004,0.005
9155,0.004,0.005
9156,0.005,0.006
9157,0.004,0.005
9158,0.004,0.006
9159,0.004,0.006
9160,0.004,0.005
9161,0.004,0.006
9162,0.004,0.006
9163,0.004,0.006
9164,0.004,0.005
9165,0.004,0.006
9166,0.005,0.006
9167,0.004,0.006
9168,0.004,0.005
9169,0.005,0.006
9170,0.004,0.006
9171,0.004,0.006
9172,0.004,0.006
9173,0.004,0.006
9174,0.004,0.005
9175,0.004,0.005
9176,0.005,0.006
9177,0.004,0.005
9178,0.004,0.005
9179,0.004,0.006
9180,0.005,0.006
9181,0.004,0.006
9182,0.004,0.006
9183,0.004,0.006
9184,0.004,0.005
9185,0.004,0.005
9186,0.004,0.006
9187,0.004,0.005
9188,0.004,0.006
9189,0.004,0.006
9190,0.004,0.006
9191,0.004,0.006
9192,0.004,0.006
9193,0.004,0.005
9194,0.004,0.006
9195,0.004,0.006
9196,0.004,0.005
9197,0.004,0.006
9198,0.004,0.006
9199,0.004,0.006
9200,0.004,0.006
9201,0.004,0.006
9202,0.004,0.005
9203,0.004,0.005
9204,0.004,0.006
9205,0.005,0.006
9206,0.004,0.006
9207,0.004,0.006
9208,0.004,0.005
9209,0.004,0.006
9210,0.005,0.006
9211,0.004,0.006
9212,0.004,0.005
9213,0.004,0.005
9214,0.004,0.005
9215,0.004,0.006
9216,0.004,0.006
9217,0.004,0.006
9218,0.004,0.005
9219,0.004,0.005
9220,0.004,0.006
9221,0.004,0.005
9222,0.004,0.005
9223,0.004,0.005
9224,0.004,0.005
9225,0.004,0.006
9226,0.004,0.005
9227,0.005,0.006
9228,0.004,0.005
9229,0.004,0.006
9230,0.005,0.006
9231,0.004,0.005
9232,0.004,0.006
9233,0.004,0.006
9234,0.004,0.005
9235,0.004,0.005
9236,0.004,0.006
9237,0.005,0.006
9238,0.004,0.006
9239,0.005,0.006
9240,0.004,0.005
9241,0.004,0.005
9242,0.004,0.006
9243,0.004,0.006
9244,0.004,0.006
9245,0.005,0.006
9246,0.004,0.006
9247,0.004,0.006
9248,0.004,0.005
9249,0.005,0.006
9250,0.004,0.006
9251,0.005,0.006
9252,0.004,0.006
9253,0.004,0.006
9254,0.004,0.006
9255,0.005,0.006
9256,0.004,0.006
9257,0.004,0.005
9258,0.004,0.006
9259,0.004,0.005
9260,0.004,0.005
9261,0.004,0.006
9262,0.004,0.006
9263,0.004,0.006
9264,0.004,0.005
9265,0.004,0.005
9266,0.004,0.005
9267,0.004,0.006
9268,0.005,0.006
9269,0.004,0.005
9270,0.004,0.005
9271,0.005,0.006
9272,0.004,0.005
9273,0.004,0.006
9274,0.004,0.006
9275,0.004,0.006
9276,0.004,0.006
9277,0.004,0.005
9278,0.004,0.005
9279,0.005,0.006
9280,0.004,0.006
9281,0.004,0.006
9282,0.004,0.006
9283,0.004,0.006
9284,0.004,0.006
9285,0.004,0.006
9286,0.004,0.006
9287,0.004,0.006
9288,0.004,0.005
9289,0.005,0.006
9290,0.004,0.006
9291,0.004,0.006
9292,0.005,0.006
9293,0.004,0.006
9294,0.004,0.006
9295,0.004,0.006
9296,0.004,0.005
9297,0.004,0.005
9298,0.004,0.006
9299,0.004,0.006
9300,0.004,0.006
9301,0.004,0.005
9302,0.005,0.006
9303,0.004,0.005
9304,0.004,0.005
9305,0.004,0.006
9306,0.004,0.006
9307,0.004,0.006
9308,0.004,0.006
9309,0.004,0.006
9310,0.004,0.006
9311,0.004,0.006
9312,0.004,0.005
9313,0.004,0.005
9314,0.004,0.006
9315,0.004,0.006
9316,0.004,0.006
9317,0.004,0.005
9318,0.004,0.005
9319,0.004,0.005
9320,0.004,0.005
9321,0.004,0.005
9322,0.004,0.005
9323,0.004,0.005
9324,0.004,0.005
9325,0.004,0.006
9326,0.004,0.006
9327,0.004,0.006
9328,0.004,0.005
9329,0.004,0.006
9330,0.005,0.006
9331,0.004,0.006
9332,0.004,0.005
9333,0.004,0.006
9334,0.004,0.006
9335,0.004,0.006
9336,0.005,0.006
9337,0.004,0.005
9338,0.004,0.005
9339,0.005,0.006
9340,0.004,0.005
9341,0.004,0.005
9342,0.004,0.005
9343,0.004,0.006
9344,0.004,0.006
9345,0.004,0.006
9346,0.005,0.006
9347,0.004,0.006
9348,0.004,0.005
9349,0.004,0.005
9350,0.004,0.005
9351,0.005,0.006
9352,0.005,0.006
9353,0.005,0.006
9354,0.005,0.006
9355,0.004,0.005
9356,0.004,0.006
9357,0.004,0.006
9358,0.004,0.006
9359,0.004,0.005
9360,0.005,0.006
9361,0.004,0.006
9362,0.005,0.006
9363,0.004,0.005
9364,0.005,0.006
9365,0.004,0.005
9366,0.004,0.005
9367,0.005,0.006
9368,0.004,0.006
9369,0.004,0.005
9370,0.004,0.006
9371,0.004,0.006
9372,0.005,0.006
9373,0.005,0.006
9374,0.004,0.006
9375,0.004,0.006
9376,0.004,0.006
9377,0.005,0.006
9378,0.004,0.006
9379,0.004,0.006
9380,0.005,0.006
9381,0.005,0.006
9382,0.005,0.006
9383,0.005,0.006
9384,0.005,0.006
9385,0.005,0.006
9386,0.004,0.006
9387,0.004,0.005
9388,0.004,0.005
9389,0.004,0.005
9390,0.004,0.006
9391,0.004,0.005
9392,0.005,0.006
9393,0.005,0.006
9394,0.004,0.006
9395,0.004,0.006
9396,0.005,0.006
9397,0.004,0.006
9398,0.004,0.006
9399,0.004,0.005
9400,0.004,0.006
9401,0.004,0.006
9402,0.004,0.006
9403,0.004,0.006
9404,0.004,0.005
9405,0.004,0.005
9406,0.004,0.006
9407,0.004,0.005
9408,0.005,0.006
9409,0.004,0.006
9410,0.005,0.006
9411,0.004,0.006
9412,0.004,0.005
9413,0.004,0.006
9414,0.004,0.006
9415,0.005,0.006
9416,0.004,0.006
9417,0.004,0.006
9418,0.004,0.005
9419,0.005,0.006
9420,0.004,0.006
9421,0.004,0.005
9422,0.004,0.005
9423,0.004,0.006
9424,0.004,0.005
9425,0.004,0.006
9426,0.004,0.005
9427,0.004,0.005
9428,0.004,0.006
9429,0.004,0.006
9430,0.004,0.006
9431,0.004,0.006
9432,0.004,0.006
9433,0.004,0.005
9434,0.004,0.005
9435,0.004,0.005
9436,0.004,0.005
9437,0.004,0.005
9438,0.004,0.005
9439,0.004,0.006
9440,0.005,0.006
9441,0.004,0.005
9442,0.004,0.006
9443,0.004,0.006
9444,0.004,0.005
9445,0.004,0.006
9446,0.004,0.006
9447,0.005,0.006
9448,0.004,0.006
9449,0.004,0.006
9450,0.004,0.006
9451,0.005,0.006
9452,0.005,0.006
9453,0.004,0.006
9454,0.004,0.006
9455,0.004,0.005
9456,0.004,0.005
9457,0.005,0.006
9458,0.005,0.006
9459,0.004,0.006
9460,0.004,0.006
9461,0.004,0.005
9462,0.004,0.005
9463,0.004,0.005
9464,0.004,0.006
9465,0.004,0.005
9466,0.005,0.006
9467,0.004,0.006
9468,0.004,0.006
9469,0.004,0.006
9470,0.004,0.006
9471,0.004,0.005
9472,0.005,0.006
9473,0.004,0.005
9474,0.004,0.006
9475,0.004,0.005
9476,0.004,0.006
9477,0.004,0.005
9478,0.004,0.005
9479,0.004,0.005
9480,0.004,0.006
9481,0.004,0.006
9482,0.004,0.005
9483,0.005,0.006
9484,0.004,0.006
9485,0.004,0.005
9486,0.004,0.006
9487,0.004,0.006
9488,0.005,0.006
9489,0.004,0.005
9490,0.004,0.006
9491,0.004,0.005
9492,0.004,0.006
9493,0.004,0.005
9494,0.004,0.005
9495,0.005,0.006
9496,0.004,0.006
9497,0.005,0.006
9498,0.004,0.006
9499,0.004,0.005
9500,0.005,0.006
9501,0.004,0.006
9502,0.005,0.006
9503,0.004,0.005
9504,0.004,0.006
9505,0.004,0.006
9506,0.004,0.006
9507,0.004,0.006
9508,0.004,0.005
9509,0.005,0.006
9510,0.005,0.006
9511,0.004,0.006
9512,0.004,0.006
9513,0.005,0.006
9514,0.004,0.006
9515,0.004,0.006
9516,0.004,0.006
9517,0.004,0.005
9518,0.004,0.006
9519,0.005,0.006
9520,0.004,0.006
9521,0.004,0.005
9522,0.004,0.006
9523,0.005,0.006
9524,0.005,0.006
9525,0.005,0.006
9526,0.004,0.006
9527,0.004,0.006
9528,0.004,0.006
9529,0.004,0.006
9530,0.004,0.005
9531,0.005,0.006
9532,0.004,0.006
9533,0.004,0.006
9534,0.004,0.005
9535,0.004,0.005
9536,0.005,0.006
9537,0.004,0.005
9538,0.004,0.006
9539,0.004,0.006
9540,0.004,0.006
9541,0.005,0.006
9542,0.004,0.005
9543,0.004,0.005
9544,0.005,0.006
9545,0.004,0.005
9546,0.004,0.005
9547,0.005,0.006
9548,0.004,0.005
9549,0.004,0.006
9550,0.004,0.006
9551,0.004,0.005
9552,0.004,0.006
9553,0.004,0.006
9554,0.004,0.006
9555,0.004,0.006
9556,0.004,0.006
9557,0.005,0.006
9558,0.004,0.006
9559,0.004,0.005
9560,0.004,0.006
9561,0.004,0.005
9562,0.004,0.005
9563,0.004,0.006
9564,0.004,0.006
9565,0.004,0.005
9566,0.004,0.005
9567,0.004,0.005
9568,0.004,0.006
9569,0.004,0.006
9570,0.004,0.006
9571,0.005,0.006
9572,0.004,0.006
9573,0.005,0.006
9574,0.004,0.005
9575,0.004,0.006
9576,0.004,0.005
9577,0.004,0.005
9578,0.004,0.006
9579,0.004,0.006
9580,0.004,0.006
9581,0.004,0.006
9582,0.004,0.005
9583,0.004,0.006
9584,0.004,0.006
9585,0.004,0.006
9586,0.004,0.006
9587,0.004,0.006
9588,0.005,0.006
9589,0.004,0.006
9590,0.004,0.005
9591,0.004,0.005
9592,0.004,0.006
9593,0.004,0.005
9594,0.004,0.006
9595,0.005,0.006
9596,0.004,0.006
9597,0.004,0.006
9598,0.005,0.006
9599,0.004,0.006
9600,0.004,0.006
9601,0.004,0.006
9602,0.004,0.005
9603,0.004,0.005
9604,0.004,0.006
9605,0.004,0.006
9606,0.004,0.005
9607,0.004,0.006
9608,0.004,0.005
9609,0.005,0.006
9610,0.004,0.006
9611,0.004,0.005
9612,0.004,0.005
9613,0.004,0.006
9614,0.004,0.005
9615,0.004,0.005
9616,0.004,0.005
9617,0.005,0.006
9618,0.004,0.006
9619,0.004,0.005
9620,0.004,0.006
9621,0.004,0.006
9622,0.004,0.006
9623,0.004,0.006
9624,0.004,0.005
9625,0.005,0.006
9626,0.005,0.006
9627,0.004,0.006
9628,0.004,0.006
9629,0.004,0.006
9630,0.004,0.006
9631,0.005,0.006
9632,0.005,0.006
9633,0.004,0.005
9634,0.004,0.006
9635,0.004,0.005
9636,0.005,0.006
9637,0.004,0.006
9638,0.004,0.005
9639,0.005,0.006
9640,0.004,0.005
9641,0.005,0.006
9642,0.004,0.006
9643,0.004,0.005
9644,0.005,0.006
9645,0.004,0.006
9646,0.004,0.005
9647,0.004,0.006
9648,0.004,0.005
9649,0.004,0.005
9650,0.004,0.006
9651,0.005,0.006
9652,0.004,0.006
9653,0.004,0.006
9654,0.004,0.006
9655,0.005,0.006
9656,0.004,0.006
9657,0.004,0.006
9658,0.004,0.006
9659,0.004,0.005
9660,0.004,0.005
9661,0.004,0.005
9662,0.004,0.006
9663,0.004,0.005
9664,0.004,0.006
9665,0.004,0.005
9666,0.004,0.005
9667,0.004,0.005
9668,0.005,0.006
9669,0.004,0.005
9670,0.005,0.006
9671,0.005,0.006
9672,0.005,0.006
9673,0.004,0.006
9674,0.004,0.005
9675,0.004,0.005
9676,0.004,0.006
9677,0.004,0.006
9678,0.004,0.006
9679,0.004,0.005
9680,0.004,0.006
9681,0.004,0.005
9682,0.005,0.006
9683,0.004,0.006
9684,0.005,0.006
9685,0.004,0.006
9686,0.004,0.006
9687,0.004,0.005
9688,0.004,0.006
9689,0.004,0.005
9690,0.004,0.006
9691,0.004,0.005
9692,0.004,0.006
9693,0.005,0.006
9694,0.005,0.006
9695,0.004,0.006
9696,0.005,0.006
9697,0.004,0.005
9698,0.005,0.006
9699,0.005,0.006
9700,0.005,0.006
9701,0.004,0.005
9702,0.004,0.006
9703,0.005,0.006
9704,0.004,0.006
9705,0.005,0.006
9706,0.005,0.006
9707,0.004,0.005
9708,0.004,0.006
9709,0.005,0.006
9710,0.005,0.006
9711,0.005,0.006
9712,0.005,0.006
9713,0.004,0.005
9714,0.004,0.006
9715,0.004,0.006
9716,0.004,0.006
9717,0.004,0.006
9718,0.004,0.005
9719,0.004,0.005
9720,0.004,0.006
9721,0.004,0.006
9722,0.004,0.006
9723,0.004,0.006
9724,0.005,0.006
9725,0.004,0.005
9726,0.005,0.006
9727,0.004,0.006
9728,0.004,0.006
9729,0.004,0.006
9730,0.004,0.006
9731,0.004,0.006
9732,0.005,0.006
9733,0.004,0.006
9734,0.005,0.006
9735,0.005,0.006
9736,0.004,0.006
9737,0.004,0.005
9738,0.004,0.006
9739,0.005,0.006
9740,0.004,0.005
9741,0.004,0.005
9742,0.004,0.005
9743,0.004,0.006
9744,0.004,0.006
9745,0.004,0.005
9746,0.004,0.005
9747,0.004,0.005
9748,0.005,0.006
9749,0.004,0.006
9750,0.004,0.006
9751,0.004,0.006
9752,0.004,0.006
9753,0.004,0.006
9754,0.004,0.006
9755,0.004,0.005
9756,0.004,0.005
9757,0.004,0.006
9758,0.004,0.006
9759,0.004,0.005
9760,0.004,0.006
9761,0.004,0.005
9762,0.004,0.006
9763,0.004,0.006
9764,0.005,0.006
9765,0.004,0.006
9766,0.004,0.005
9767,0.004,0.005
9768,0.004,0.006
9769,0.004,0.006
9770,0.005,0.006
9771,0.004,0.006
9772,0.004,0.005
9773,0.004,0.006
9774,0.004,0.005
9775,0.004,0.006
9776,0.004,0.006
9777,0.005,0.006
9778,0.004,0.006
9779,0.004,0.006
9780,0.004,0.006
9781,0.004,0.005
9782,0.004,0.006
9783,0.005,0.006
9784,0.005,0.006
9785,0.004,0.005
9786,0.004,0.006
9787,0.004,0.005
9788,0.004,0.006
9789,0.004,0.006
9790,0.004,0.006
9791,0.004,0.005
9792,0.004,0.005
9793,0.005,0.006
9794,0.005,0.006
9795,0.005,0.006
9796,0.005,0.006
9797,0.004,0.005
9798,0.004,0.005
9799,0.004,0.006
9800,0.005,0.006
9801,0.004,0.006
9802,0.004,0.006
9803,0.004,0.006
9804,0.004,0.006
9805,0.004,0.005
9806,0.004,0.006
9807,0.004,0.005
9808,0.004,0.005
9809,0.004,0.005
9810,0.004,0.006
9811,0.004,0.006
9812,0.004,0.005
9813,0.004,0.005
9814,0.004,0.006
9815,0.004,0.006
9816,0.004,0.006
9817,0.004,0.005
9818,0.004,0.006
9819,0.005,0.006
9820,0.005,0.006
9821,0.004,0.005
9822,0.004,0.006
9823,0.004,0.006
9824,0.004,0.006
9825,0.004,0.005
9826,0.005,0.006
9827,0.005,0.006
9828,0.004,0.006
9829,0.004,0.005
9830,0.004,0.005
9831,0.005,0.006
9832,0.004,0.006
9833,0.004,0.006
9834,0.004,0.005
9835,0.004,0.006
9836,0.004,0.005
9837,0.004,0.005
9838,0.004,0.005
9839,0.004,0.005
9840,0.004,0.005
9841,0.004,0.005
9842,0.004,0.005
9843,0.004,0.006
9844,0.005,0.006
9845,0.005,0.006
9846,0.005,0.006
9847,0.004,0.006
9848,0.004,0.006
9849,0.005,0.006
9850,0.004,0.005
9851,0.004,0.005
9852,0.004,0.005
9853,0.004,0.006
9854,0.004,0.006
9855,0.004,0.005
9856,0.004,0.006
9857,0.004,0.006
9858,0.004,0.005
9859,0.004,0.005
9860,0.005,0.006
9861,0.004,0.005
9862,0.004,0.006
9863,0.005,0.006
9864,0.004,0.006
9865,0.005,0.006
9866,0.004,0.005
9867,0.004,0.006
9868,0.004,0.006
9869,0.004,0.005
9870,0.004,0.006
9871,0.004,0.006
9872,0.005,0.006
9873,0.005,0.006
9874,0.004,0.006
9875,0.004,0.006
9876,0.005,0.006
9877,0.004,0.005
9878,0.005,0.006
9879,0.004,0.006
9880,0.005,0.006
9881,0.005,0.006
9882,0.004,0.006
9883,0.004,0.006
9884,0.004,0.006
9885,0.004,0.006
9886,0.004,0.006
9887,0.004,0.006
9888,0.005,0.006
9889,0.004,0.006
9890,0.004,0.006
9891,0.004,0.006
9892,0.004,0.005
9893,0.004,0.006
9894,0.004,0.006
9895,0.004,0.006
9896,0.004,0.006
9897,0.004,0.006
9898,0.004,0.005
9899,0.004,0.005
9900,0.004,0.005
9901,0.004,0.006
9902,0.004,0.006
9903,0.004,0.005
9904,0.004,0.006
9905,0.004,0.006
9906,0.004,0.005
9907,0.004,0.006
9908,0.004,0.005
9909,0.004,0.006
9910,0.004,0.006
9911,0.004,0.006
9912,0.004,0.005
9913,0.005,0.006
9914,0.004,0.006
9915,0.004,0.006
9916,0.005,0.006
9917,0.004,0.005
9918,0.004,0.005
9919,0.004,0.005
9920,0.004,0.005
9921,0.004,0.006
9922,0.005,0.006
9923,0.004,0.006
9924,0.004,0.005
9925,0.004,0.006
9926,0.004,0.005
9927,0.005,0.006
9928,0.004,0.005
9929,0.004,0.006
9930,0.004,0.005
9931,0.005,0.006
9932,0.004,0.005
9933,0.004,0.005
9934,0.004,0.005
9935,0.004,0.005
9936,0.004,0.006
9937,0.004,0.006
9938,0.004,0.006
9939,0.004,0.005
9940,0.005,0.006
9941,0.005,0.006
9942,0.004,0.006
9943,0.005,0.006
9944,0.004,0.006
9945,0.005,0.006
9946,0.005,0.006
9947,0.004,0.005
9948,0.004,0.005
9949,0.004,0.005
9950,0.004,0.006
9951,0.004,0.006
9952,0.004,0.006
9953,0.004,0.006
9954,0.004,0.006
9955,0.005,0.006
9956,0.004,0.006
9957,0.004,0.006
9958,0.004,0.006
9959,0.004,0.005
9960,0.004,0.006
9961,0.004,0.006
9962,0.004,0.006
9963,0.005,0.006
9964,0.004,0.006
9965,0.004,0.006
9966,0.005,0.006
9967,0.004,0.006
9968,0.004,0.006
9969,0.004,0.006
9970,0.004,0.006
9971,0.004,0.005
9972,0.004,0.005
9973,0.004,0.006
9974,0.004,0.006
9975,0.004,0.005
9976,0.004,0.006
9977,0.004,0.005
9978,0.004,0.005
9979,0.004,0.005
9980,0.004,0.005
9981,0.004,0.005
9982,0.004,0.005
9983,0.004,0.006
9984,0.004,0.006
9985,0.004,0.006
9986,0.004,0.006
9987,0.004,0.005
9988,0.004,0.006
9989,0.004,0.006
9990,0.004,0.005
9991,0.005,0.006
9992,0.004,0.006
9993,0.004,0.005
9994,0.004,0.005
9995,0.004,0.006
9996,0.004,0.006
9997,0.004,0.005
9998,0.005,0.006
9999,0.004,0.006
10000,0.004,0.005
10001,0.004,0.006
10002,0.004,0.005
10003,0.004,0.006
10004,0.005,0.006
10005,0.004,0.005
10006,0.004,0.005
10007,0.004,0.005
10008,0.004,0.005
10009,0.004,0.006
10010,0.004,0.005
10011,0.004,0.005
10012,0.004,0.005
10013,0.004,0.005
10014,0.004,0.005
10015,0.004,0.005
10016,0.004,0.006
10017,0.004,0.006
10018,0.004,0.006
10019,0.004,0.005
10020,0.005,0.006
10021,0.004,0.006
10022,0.004,0.005
10023,0.004,0.006
10024,0.005,0.006
10025,0.004,0.005
10026,0.004,0.005
10027,0.005,0.006
10028,0.005,0.006
10029,0.004,0.006
10030,0.004,0.005
10031,0.004,0.005
10032,0.004,0.006
10033,0.004,0.006
10034,0.004,0.006
10035,0.004,0.005
10036,0.005,0.006
10037,0.004,0.005
10038,0.004,0.005
10039,0.005,0.006
10040,0.004,0.005
10041,0.004,0.006
10042,0.004,0.005
10043,0.004,0.006
10044,0.005,0.006
10045,0.004,0.006
10046,0.005,0.006
10047,0.005,0.006
10048,0.004,0.006
10049,0.005,0.006
10050,0.004,0.006
10051,0.004,0.005
10052,0.004,0.005
10053,0.004,0.005
10054,0.004,0.006
10055,0.004,0.005
10056,0.004,0.006
10057,0.005,0.006
10058,0.005,0.006
10059,0.005,0.006
10060,0.004,0.006
10061,0.005,0.006
10062,0.004,0.006
10063,0.005,0.006
10064,0.004,0.006
10065,0.004,0.005
10066,0.004,0.006
10067,0.004,0.006
10068,0.004,0.006
10069,0.004,0.005
10070,0.004,0.005
10071,0.004,0.005
10072,0.004,0.006
10073,0.004,0.005
10074,0.004,0.006
10075,0.005,0.006
10076,0.004,0.005
10077,0.004,0.006
10078,0.004,0.006
10079,0.004,0.006
10080,0.004,0.006
10081,0.004,0.006
10082,0.004,0.006
10083,0.004,0.006
10084,0.004,0.006
10085,0.004,0.006
10086,0.004,0.005
10087,0.004,0.006
10088,0.005,0.006
10089,0.004,0.006
10090,0.004,0.005
10091,0.005,0.006
10092,0.004,0.006
10093,0.004,0.006
10094,0.004,0.006
10095,0.004,0.006
10096,0.004,0.006
10097,0.004,0.005
10098,0.005,0.006
10099,0.004,0.006
10100,0.004,0.006
10101,0.004,0.006
10102,0.004,0.006
10103,0.004,0.005
10104,0.004,0.005
10105,0.004,0.005
10106,0.004,0.005
10107,0.004,0.006
10108,0.005,0.006
10109,0.004,0.006
10110,0.004,0.006
10111,0.004,0.006
10112,0.004,0.005
10113,0.004,0.005
10114,0.004,0.005
10115,0.004,0.006
10116,0.005,0.006
10117,0.004,0.005
10118,0.004,0.006
10119,0.004,0.005
10120,0.005,0.006
10121,0.005,0.006
10122,0.004,0.005
10123,0.004,0.005
10124,0.004,0.006
10125,0.005,0.006
10126,0.005,0.006
10127,0.005,0.006
10128,0.004,0.006
10129,0.005,0.006
10130,0.004,0.006
10131,0.005,0.006
10132,0.004,0.006
10133,0.004,0.006
10134,0.004,0.005
10135,0.004,0.005
10136,0.004,0.005
10137,0.004,0.006
10138,0.004,0.006
10139,0.004,0.005
10140,0.004,0.005
10141,0.004,0.005
10142,0.004,0.005
10143,0.004,0.005
10144,0.005,0.006
10145,0.004,0.006
10146,0.004,0.006
10147,0.004,0.006
10148,0.005,0.006
10149,0.004,0.006
10150,0.004,0.006
10151,0.004,0.006
10152,0.005,0.006
10153,0.005,0.006
10154,0.004,0.006
10155,0.004,0.005
10156,0.004,0.006
10157,0.004,0.006
10158,0.004,0.006
10159,0.005,0.006
10160,0.005,0.006
10161,0.004,0.006
10162,0.004,0.005
10163,0.004,0.005
10164,0.004,0.005
10165,0.004,0.006
10166,0.004,0.006
10167,0.004,0.006
10168,0.004,0.005
10169,0.004,0.006
10170,0.004,0.006
10171,0.004,0.006
10172,0.004,0.005
10173,0.004,0.006
10174,0.004,0.006
10175,0.004,0.006
10176,0.004,0.006
10177,0.004,0.006
10178,0.004,0.005
10179,0.004,0.006
10180,0.004,0.006
10181,0.004,0.005
10182,0.004,0.005
10183,0.005,0.006
10184,0.005,0.006
10185,0.004,0.005
10186,0.004,0.005
10187,0.004,0.005
10188,0.004,0.005
10189,0.005,0.006
10190,0.004,0.005
10191,0.004,0.005
10192,0.004,0.005
10193,0.004,0.005
10194,0.004,0.005
10195,0.004,0.006
10196,0.004,0.006
10197,0.004,0.006
10198,0.005,0.006
10199,0.004,0.005
10200,0.004,0.006
10201,0.004,0.005
10202,0.005,0.006
10203,0.004,0.005
10204,0.004,0.005
10205,0.004,0.005
10206,0.004,0.005
10207,0.004,0.006
10208,0.004,0.006
10209,0.004,0.006
10210,0.004,0.006
10211,0.004,0.006
10212,0.004,0.005
10213,0.004,0.006
10214,0.004,0.006
10215,0.004,0.006
10216,0.004,0.006
10217,0.005,0.006
10218,0.004,0.005
10219,0.004,0.006
10220,0.004,0.006
10221,0.004,0.006
10222,0.004,0.006
10223,0.004,0.006
10224,0.005,0.006
10225,0.005,0.006
10226,0.004,0.006
10227,0.004,0.006
10228,0.004,0.006
10229,0.004,0.006
10230,0.004,0.005
10231,0.004,0.006
10232,0.005,0.006
10233,0.004,0.005
10234,0.004,0.005
10235,0.004,0.005
10236,0.005,0.006
10237,0.005,0.006
10238,0.004,0.005
10239,0.004,0.006
10240,0.005,0.006
10241,0.004,0.005
10242,0.005,0.006
10243,0.005,0.006
10244,0.005,0.006
10245,0.004,0.006
10246,0.004,0.006
10247,0.004,0.006
10248,0.004,0.006
10249,0.004,0.006
10250,0.004,0.006
10251,0.004,0.006
10252,0.004,0.005
10253,0.005,0.006
10254,0.004,0.005
10255,0.004,0.006
10256,0.004,0.006
10257,0.004,0.005
10258,0.004,0.006
10259,0.004,0.005
10260,0.004,0.006
10261,0.005,0.006
10262,0.005,0.006
10263,0.004,0.006
10264,0.005,0.006
10265,0.004,0.005
10266,0.004,0.005
10267,0.004,0.005
10268,0.004,0.006
10269,0.004,0.005
10270,0.004,0.006
10271,0.004,0.005
10272,0.004,0.005
10273,0.005,0.006
10274,0.004,0.006
10275,0.004,0.006
10276,0.004,0.006
10277,0.004,0.006
10278,0.004,0.005
10279,0.004,0.005
10280,0.005,0.006
10281,0.004,0.005
10282,0.004,0.006
10283,0.004,0.006
10284,0.004,0.006
10285,0.004,0.005
10286,0.005,0.006
10287,0.004,0.005
10288,0.004,0.006
10289,0.005,0.006
10290,0.004,0.005
10291,0.004,0.005
10292,0.004,0.006
10293,0.005,0.006
10294,0.004,0.006
10295,0.004,0.006
10296,0.004,0.006
10297,0.004,0.006
10298,0.004,0.005
10299,0.004,0.006
10300,0.005,0.006
10301,0.004,0.006
10302,0.004,0.006
10303,0.004,0.005
10304,0.004,0.006
10305,0.004,0.006
10306,0.004,0.006
10307,0.005,0.006
10308,0.004,0.005
10309,0.005,0.006
10310,0.005,0.006
10311,0.004,0.006
10312,0.004,0.006
10313,0.004,0.005
10314,0.005,0.006
10315,0.004,0.005
10316,0.004,0.006
10317,0.005,0.006
10318,0.004,0.005
10319,0.005,0.006
10320,0.004,0.005
10321,0.004,0.005
10322,0.004,0.006
10323,0.004,0.006
10324,0.005,0.006
10325,0.004,0.005
10326,0.004,0.005
10327,0.005,0.006
10328,0.004,0.006
10329,0.005,0.006
10330,0.004,0.005
10331,0.004,0.005
10332,0.004,0.005
10333,0.005,0.006
10334,0.004,0.005
10335,0.004,0.005
10336,0.004,0.006
10337,0.004,0.005
10338,0.004,0.005
10339,0.004,0.005
10340,0.004,0.005
10341,0.005,0.006
10342,0.004,0.005
10343,0.005,0.006
10344,0.004,0.006
10345,0.004,0.006
10346,0.004,0.005
10347,0.004,0.005
10348,0.005,0.006
10349,0.004,0.005
10350,0.004,0.006
10351,0.004,0.006
10352,0.004,0.005
10353,0.004,0.006
10354,0.005,0.006
10355,0.004,0.006
10356,0.004,0.005
10357,0.004,0.006
10358,0.004,0.006
10359,0.004,0.005
10360,0.004,0.005
10361,0.004,0.005
10362,0.004,0.006
10363,0.004,0.006
10364,0.004,0.005
10365,0.004,0.005
10366,0.005,0.006
10367,0.004,0.006
10368,0.004,0.005
10369,0.004,0.006
10370,0.004,0.006
10371,0.004,0.005
10372,0.004,0.005
10373,0.004,0.006
10374,0.004,0.006
10375,0.004,0.006
10376,0.004,0.005
10377,0.004,0.006
10378,0.004,0.005
10379,0.004,0.005
10380,0.004,0.005
10381,0.004,0.006
10382,0.004,0.006
10383,0.004,0.006
10384,0.004,0.006
10385,0.004,0.006
10386,0.004,0.005
10387,0.004,0.005
10388,0.004,0.006
10389,0.004,0.006
10390,0.004,0.005
10391,0.004,0.005
10392,0.004,0.006
10393,0.004,0.005
10394,0.004,0.005
10395,0.004,0.005
10396,0.004,0.005
10397,0.004,0.005
10398,0.004,0.006
10399,0.004,0.005
10400,0.004,0.006
10401,0.004,0.006
10402,0.004,0.005
10403,0.004,0.005
10404,0.004,0.006
10405,0.004,0.005
10406,0.004,0.005
10407,0.004,0.005
10408,0.004,0.005
10409,0.004,0.006
10410,0.004,0.006
10411,0.004,0.006
10412,0.005,0.006
10413,0.005,0.006
10414,0.005,0.006
10415,0.004,0.006
10416,0.004,0.006
10417,0.004,0.005
10418,0.004,0.006
10419,0.004,0.006
10420,0.005,0.006
10421,0.004,0.006
10422,0.004,0.006
10423,0.004,0.006
10424,0.004,0.005
10425,0.005,0.006
10426,0.004,0.006
10427,0.004,0.005
10428,0.005,0.006
10429,0.004,0.006
10430,0.004,0.005
10431,0.004,0.005
10432,0.004,0.005
10433,0.004,0.006
10434,0.004,0.006
10435,0.005,0.006
10436,0.004,0.005
10437,0.004,0.006
10438,0.004,0.006
10439,0.004,0.006
10440,0.004,0.006
10441,0.004,0.005
10442,0.005,0.006
10443,0.005,0.006
10444,0.004,0.005
10445,0.004,0.005
10446,0.004,0.005
10447,0.004,0.005
10448,0.004,0.005
10449,0.004,0.006
10450,0.004,0.006
10451,0.004,0.006
10452,0.004,0.005
10453,0.004,0.005
10454,0.004,0.005
10455,0.004,0.005
10456,0.004,0.005
10457,0.004,0.005
10458,0.004,0.005
10459,0.004,0.006
10460,0.004,0.006
10461,0.004,0.006
10462,0.004,0.006
10463,0.004,0.006
10464,0.005,0.006
10465,0.004,0.005
10466,0.005,0.006
10467,0.004,0.006
10468,0.004,0.006
10469,0.004,0.005
10470,0.004,0.006
10471,0.005,0.006
10472,0.005,0.006
10473,0.004,0.006
10474,0.004,0.006
10475,0.004,0.006
10476,0.004,0.006
10477,0.004,0.005
10478,0.004,0.006
10479,0.004,0.005
10480,0.004,0.006
10481,0.004,0.005
10482,0.004,0.006
10483,0.004,0.005
10484,0.004,0.006
10485,0.004,0.006
10486,0.004,0.006
10487,0.004,0.006
10488,0.005,0.006
10489,0.004,0.005
10490,0.004,0.005
10491,0.004,0.005
10492,0.004,0.006
10493,0.004,0.006
10494,0.004,0.005
10495,0.004,0.006
10496,0.004,0.006
10497,0.004,0.005
10498,0.004,0.005
10499,0.004,0.006
10500,0.004,0.006
10501,0.005,0.006
10502,0.005,0.006
10503,0.004,0.005
10504,0.004,0.006
10505,0.004,0.006
10506,0.004,0.006
10507,0.004,0.006
10508,0.004,0.006
10509,0.004,0.006
10510,0.004,0.006
10511,0.004,0.005
10512,0.004,0.006
10513,0.004,0.006
10514,0.004,0.005
10515,0.004,0.005
10516,0.004,0.006
10517,0.005,0.006
10518,0.004,0.006
10519,0.004,0.005
10520,0.004,0.005
10521,0.004,0.006
10522,0.004,0.005
10523,0.004,0.006
10524,0.004,0.006
10525,0.004,0.006
10526,0.004,0.005
10527,0.004,0.006
10528,0.004,0.006
10529,0.004,0.006
10530,0.004,0.005
10531,0.004,0.006
10532,0.004,0.005
10533,0.004,0.006
10534,0.004,0.005
10535,0.004,0.005
10536,0.004,0.005
10537,0.004,0.006
10538,0.004,0.006
10539,0.004,0.005
10540,0.004,0.006
10541,0.004,0.005
10542,0.004,0.005
10543,0.004,0.006
10544,0.004,0.006
10545,0.004,0.006
10546,0.004,0.005
10547,0.004,0.005
10548,0.005,0.006
10549,0.004,0.006
10550,0.004,0.005
10551,0.005,0.006
10552,0.004,0.005
10553,0.004,0.005
10554,0.004,0.005
10555,0.005,0.006
10556,0.004,0.005
10557,0.005,0.006
10558,0.004,0.005
10559,0.004,0.006
10560,0.004,0.005
10561,0.004,0.005
10562,0.004,0.006
10563,0.004,0.006
10564,0.005,0.006
10565,0.004,0.005
10566,0.004,0.006
10567,0.004,0.006
10568,0.004,0.006
10569,0.004,0.005
10570,0.004,0.005
10571,0.004,0.005
10572,0.004,0.006
10573,0.004,0.006
10574,0.004,0.005
10575,0.004,0.006
10576,0.004,0.006
10577,0.004,0.005
10578,0.004,0.005
10579,0.004,0.006
10580,0.004,0.005
10581,0.004,0.006
10582,0.004,0.005
10583,0.004,0.005
10584,0.004,0.006
10585,0.004,0.005
10586,0.004,0.006
10587,0.004,0.006
10588,0.004,0.006
10589,0.004,0.005
10590,0.004,0.006
10591,0.005,0.006
10592,0.004,0.006
10593,0.005,0.006
10594,0.004,0.006
10595,0.004,0.006
10596,0.004,0.006
10597,0.004,0.006
10598,0.004,0.005
10599,0.005,0.006
10600,0.004,0.006
10601,0.004,0.006
10602,0.004,0.005
10603,0.004,0.006
10604,0.004,0.005
10605,0.005,0.006
10606,0.004,0.005
10607,0.004,0.006
10608,0.004,0.006
10609,0.004,0.006
10610,0.004,0.006
10611,0.005,0.006
10612,0.004,0.006
10613,0.004,0.006
10614,0.004,0.005
10615,0.005,0.006
10616,0.004,0.005
10617,0.005,0.006
10618,0.004,0.005
10619,0.004,0.005
10620,0.004,0.005
10621,0.004,0.005
10622,0.004,0.006
10623,0.004,0.005
10624,0.004,0.006
10625,0.004,0.006
10626,0.004,0.005
10627,0.004,0.005
10628,0.004,0.006
10629,0.005,0.006
10630,0.004,0.006
10631,0.004,0.005
10632,0.004,0.006
10633,0.005,0.006
10634,0.004,0.006
10635,0.004,0.005
10636,0.004,0.006
10637,0.005,0.006
10638,0.004,0.005
10639,0.004,0.005
10640,0.004,0.005
10641,0.005,0.006
10642,0.004,0.006
10643,0.005,0.006
10644,0.004,0.005
10645,0.004,0.006
10646,0.005,0.006
10647,0.004,0.005
10648,0.004,0.005
10649,0.004,0.005
10650,0.005,0.006
10651,0.005,0.006
10652,0.005,0.006
10653,0.004,0.005
10654,0.004,0.006
10655,0.004,0.006
10656,0.004,0.006
10657,0.004,0.006
10658,0.004,0.006
10659,0.004,0.006
10660,0.004,0.005
10661,0.004,0.006
10662,0.004,0.006
10663,0.005,0.006
10664,0.004,0.006
10665,0.004,0.005
10666,0.004,0.005
10667,0.004,0.006
10668,0.004,0.006
10669,0.004,0.006
10670,0.005,0.006
10671,0.004,0.006
10672,0.004,0.006
10673,0.004,0.005
10674,0.005,0.006
10675,0.005,0.006
10676,0.004,0.006
10677,0.004,0.006
10678,0.004,0.005
10679,0.005,0.006
10680,0.004,0.005
10681,0.004,0.005
10682,0.004,0.005
10683,0.004,0.006
10684,0.004,0.005
10685,0.004,0.005
10686,0.004,0.006
10687,0.004,0.006
10688,0.004,0.005
10689,0.004,0.006
10690,0.004,0.005
10691,0.004,0.005
10692,0.004,0.005
10693,0.005,0.006
10694,0.004,0.005
10695,0.005,0.006
10696,0.004,0.005
10697,0.005,0.006
10698,0.004,0.006
10699,0.004,0.006
10700,0.005,0.006
10701,0.004,0.005
10702,0.004,0.006
10703,0.004,0.005
10704,0.004,0.006
10705,0.004,0.006
10706,0.005,0.006
10707,0.004,0.006
10708,0.004,0.005
10709,0.004,0.005
10710,0.004,0.006
10711,0.004,0.005
10712,0.005,0.006
10713,0.005,0.006
10714,0.004,0.006
10715,0.004,0.006
10716,0.004,0.005
10717,0.004,0.006
10718,0.004,0.005
10719,0.004,0.005
10720,0.004,0.006
10721,0.004,0.006
10722,0.004,0.006
10723,0.004,0.006
10724,0.004,0.006
10725,0.004,0.005
10726,0.004,0.005
10727,0.004,0.005
10728,0.004,0.005
10729,0.005,0.006
10730,0.004,0.005
10731,0.004,0.006
10732,0.004,0.006
10733,0.004,0.006
10734,0.004,0.006
10735,0.004,0.005
10736,0.004,0.005
10737,0.005,0.006
10738,0.004,0.006
10739,0.005,0.006
10740,0.004,0.006
10741,0.004,0.006
10742,0.004,0.005
10743,0.004,0.006
10744,0.005,0.006
10745,0.004,0.006
10746,0.004,0.006
10747,0.004,0.006
10748,0.004,0.006
10749,0.005,0.006
10750,0.004,0.006
10751,0.004,0.005
10752,0.004,0.006
10753,0.005,0.006
10754,0.004,0.006
10755,0.004,0.005
10756,0.004,0.006
10757,0.005,0.006
10758,0.004,0.006
10759,0.005,0.006
10760,0.005,0.006
10761,0.005,0.006
10762,0.005,0.006
10763,0.004,0.005
10764,0.004,0.006
10765,0.005,0.006
10766,0.004,0.006
10767,0.004,0.006
10768,0.005,0.006
10769,0.004,0.005
10770,0.004,0.006
10771,0.004,0.005
10772,0.004,0.005
10773,0.004,0.005
10774,0.004,0.006
10775,0.004,0.006
10776,0.004,0.005
10777,0.004,0.005
10778,0.004,0.005
10779,0.004,0.005
10780,0.004,0.005
10781,0.004,0.006
10782,0.004,0.005
10783,0.004,0.006
10784,0.004,0.005
10785,0.004,0.005
10786,0.004,0.006
10787,0.004,0.005
10788,0.004,0.006
10789,0.004,0.006
10790,0.004,0.006
10791,0.004,0.005
10792,0.004,0.006
10793,0.004,0.006
10794,0.004,0.006
10795,0.004,0.006
10796,0.004,0.005
10797,0.004,0.006
10798,0.004,0.006
10799,0.004,0.005
10800,0.004,0.006
10801,0.005,0.006
10802,0.005,0.006
10803,0.005,0.006
10804,0.004,0.006
10805,0.004,0.006
10806,0.004,0.005
10807,0.004,0.006
10808,0.004,0.006
10809,0.004,0.006
10810,0.004,0.006
10811,0.004,0.006
10812,0.004,0.006
10813,0.005,0.006
10814,0.004,0.006
10815,0.004,0.005
10816,0.004,0.006
10817,0.004,0.006
10818,0.004,0.006
10819,0.004,0.006
10820,0.004,0.006
10821,0.004,0.006
10822,0.004,0.006
10823,0.005,0.006
10824,0.004,0.006
10825,0.004,0.005
10826,0.004,0.006
10827,0.004,0.005
10828,0.004,0.006
10829,0.004,0.005
10830,0.004,0.006
10831,0.004,0.006
10832,0.004,0.006
10833,0.004,0.006
10834,0.004,0.006
10835,0.005,0.006
10836,0.004,0.006
10837,0.004,0.006
10838,0.004,0.006
10839,0.004,0.006
10840,0.004,0.006
10841,0.004,0.006
10842,0.005,0.006
10843,0.004,0.006
10844,0.004,0.006
10845,0.005,0.006
10846,0.004,0.006
10847,0.004,0.006
10848,0.005,0.006
10849,0.004,0.006
10850,0.004,0.005
10851,0.005,0.006
10852,0.004,0.006
10853,0.004,0.006
10854,0.005,0.006
10855,0.004,0.005
10856,0.005,0.006
10857,0.004,0.006
10858,0.004,0.006
10859,0.004,0.005
10860,0.004,0.006
10861,0.004,0.006
10862,0.004,0.006
10863,0.004,0.006
10864,0.004,0.006
10865,0.005,0.006
10866,0.004,0.006
10867,0.004,0.006
10868,0.004,0.006
10869,0.004,0.006
10870,0.005,0.006
10871,0.004,0.006
10872,0.005,0.006
10873,0.004,0.006
10874,0.004,0.005
10875,0.004,0.006
10876,0.005,0.006
10877,0.005,0.006
10878,0.005,0.006
10879,0.005,0.006
10880,0.004,0.006
10881,0.004,0.006
10882,0.004,0.006
10883,0.004,0.005
10884,0.005,0.006
10885,0.004,0.006
10886,0.004,0.006
10887,0.004,0.006
10888,0.004,0.006
10889,0.004,0.006
10890,0.004,0.005
10891,0.004,0.006
10892,0.004,0.005
10893,0.004,0.006
10894,0.004,0.006
10895,0.004,0.006
10896,0.004,0.006
10897,0.004,0.006
10898,0.004,0.005
10899,0.004,0.006
10900,0.005,0.006
10901,0.004,0.005
10902,0.004,0.006
10903,0.004,0.005
10904,0.004,0.006
10905,0.004,0.005
10906,0.005,0.006
10907,0.004,0.006
10908,0.004,0.006
10909,0.005,0.006
10910,0.004,0.006
10911,0.004,0.006
10912,0.004,0.005
10913,0.004,0.006
10914,0.004,0.005
10915,0.004,0.006
10916,0.004,0.006
10917,0.005,0.006
10918,0.004,0.005
10919,0.004,0.006
10920,0.004,0.006
10921,0.004,0.005
10922,0.005,0.006
10923,0.005,0.006
10924,0.004,0.006
10925,0.004,0.006
10926,0.004,0.006
10927,0.004,0.006
10928,0.004,0.005
10929,0.005,0.006
10930,0.005,0.006
10931,0.004,0.005
10932,0.004,0.005
10933,0.004,0.006
10934,0.004,0.006
10935,0.004,0.005
10936,0.004,0.006
10937,0.004,0.006
10938,0.004,0.005
10939,0.004,0.005
10940,0.004,0.006
10941,0.004,0.006
10942,0.004,0.006
10943,0.004,0.006
10944,0.005,0.006
10945,0.005,0.006
10946,0.004,0.005
10947,0.004,0.006
10948,0.004,0.006
10949,0.004,0.006
10950,0.004,0.006
10951,0.004,0.005
10952,0.004,0.005
10953,0.004,0.005
10954,0.004,0.006
10955,0.004,0.006
10956,0.004,0.005
10957,0.004,0.006
10958,0.004,0.005
10959,0.004,0.006
10960,0.005,0.006
10961,0.005,0.006
10962,0.004,0.006
10963,0.004,0.005
10964,0.004,0.005
10965,0.004,0.006
10966,0.004,0.006
10967,0.004,0.006
10968,0.004,0.006
10969,0.005,0.006
10970,0.004,0.006
10971,0.004,0.006
10972,0.004,0.006
10973,0.004,0.005
10974,0.004,0.006
10975,0.004,0.005
10976,0.004,0.006
10977,0.004,0.006
10978,0.004,0.006
10979,0.004,0.006
10980,0.005,0.006
10981,0.004,0.005
10982,0.004,0.005
10983,0.005,0.006
10984,0.004,0.005
10985,0.004,0.006
10986,0.005,0.006
10987,0.004,0.006
10988,0.004,0.006
10989,0.005,0.006
10990,0.004,0.005
10991,0.004,0.005
10992,0.004,0.005
10993,0.005,0.006
10994,0.004,0.006
10995,0.004,0.005
10996,0.005,0.006
10997,0.004,0.006
10998,0.004,0.005
10999,0.005,0.006
11000,0.005,0.006
11001,0.005,0.006
11002,0.004,0.005
11003,0.004,0.006
11004,0.004,0.006
11005,0.004,0.005
11006,0.004,0.006
11007,0.004,0.005
11008,0.005,0.006
11009,0.004,0.006
11010,0.004,0.006
11011,0.004,0.005
11012,0.004,0.005
11013,0.005,0.006
11014,0.004,0.006
11015,0.004,0.006
11016,0.004,0.006
11017,0.004,0.006
11018,0.005,0.006
11019,0.004,0.005
11020,0.004,0.005
11021,0.004,0.006
11022,0.004,0.006
11023,0.004,0.006
11024,0.004,0.006
11025,0.004,0.006
11026,0.004,0.006
11027,0.004,0.005
11028,0.004,0.006
11029,0.004,0.006
11030,0.004,0.005
11031,0.004,0.005
11032,0.004,0.006
11033,0.004,0.006
11034,0.004,0.006
11035,0.004,0.006
11036,0.004,0.006
11037,0.004,0.005
11038,0.004,0.006
11039,0.004,0.006
11040,0.004,0.005
11041,0.004,0.005
11042,0.004,0.005
11043,0.004,0.006
11044,0.004,0.006
11045,0.005,0.006
11046,0.004,0.005
11047,0.004,0.005
11048,0.004,0.005
11049,0.004,0.006
11050,0.004,0.005
11051,0.004,0.005
11052,0.004,0.005
11053,0.004,0.006
11054,0.005,0.006
11055,0.004,0.006
11056,0.004,0.006
11057,0.004,0.006
11058,0.005,0.006
11059,0.005,0.006
11060,0.004,0.006
11061,0.004,0.006
11062,0.004,0.006
11063,0.004,0.006
11064,0.004,0.006
11065,0.004,0.005
11066,0.004,0.006
11067,0.004,0.006
11068,0.004,0.006
11069,0.005,0.006
11070,0.004,0.006
11071,0.005,0.006
11072,0.005,0.006
11073,0.004,0.006
11074,0.005,0.006
11075,0.004,0.005
11076,0.004,0.006
11077,0.004,0.005
11078,0.004,0.005
11079,0.005,0.006
11080,0.004,0.006
11081,0.004,0.006
11082,0.004,0.005
11083,0.005,0.006
11084,0.005,0.006
11085,0.004,0.006
11086,0.004,0.006
11087,0.004,0.006
11088,0.004,0.006
11089,0.004,0.005
11090,0.004,0.005
11091,0.004,0.006
11092,0.004,0.006
11093,0.004,0.006
11094,0.004,0.006
11095,0.005,0.006
11096,0.004,0.006
11097,0.004,0.006
11098,0.004,0.006
11099,0.004,0.006
11100,0.004,0.006
11101,0.004,0.006
11102,0.005,0.006
11103,0.004,0.006
11104,0.004,0.006
11105,0.005,0.006
11106,0.005,0.006
11107,0.005,0.006
11108,0.004,0.005
11109,0.004,0.005
11110,0.004,0.005
11111,0.004,0.005
11112,0.004,0.005
11113,0.004,0.005
11114,0.004,0.005
11115,0.004,0.005
11116,0.004,0.005
11117,0.004,0.005
11118,0.005,0.006
11119,0.004,0.006
11120,0.004,0.005
11121,0.005,0.006
11122,0.004,0.006
11123,0.004,0.006
11124,0.004,0.006
11125,0.004,0.006
11126,0.005,0.006
11127,0.004,0.006
11128,0.004,0.005
11129,0.004,0.006
11130,0.004,0.005
11131,0.004,0.006
11132,0.004,0.005
11133,0.004,0.006
11134,0.004,0.005
11135,0.004,0.006
11136,0.004,0.006
11137,0.004,0.006
11138,0.004,0.006
11139,0.005,0.006
11140,0.004,0.006
11141,0.004,0.006
11142,0.004,0.006
11143,0.004,0.006
11144,0.004,0.006
11145,0.004,0.006
11146,0.005,0.006
11147,0.004,0.006
11148,0.005,0.006
11149,0.005,0.006
11150,0.005,0.006
11151,0.005,0.006
11152,0.004,0.006
11153,0.004,0.005
11154,0.004,0.006
11155,0.005,0.006
11156,0.004,0.006
11157,0.004,0.006
11158,0.004,0.006
11159,0.004,0.006
11160,0.005,0.006
11161,0.004,0.006
11162,0.004,0.006
11163,0.004,0.005
11164,0.004,0.005
11165,0.004,0.005
11166,0.004,0.005
11167,0.004,0.006
11168,0.004,0.005
11169,0.004,0.006
11170,0.004,0.006
11171,0.005,0.006
11172,0.005,0.006
11173,0.004,0.006
11174,0.004,0.006
11175,0.004,0.006
11176,0.004,0.006
11177,0.004,0.006
11178,0.004,0.006
11179,0.004,0.006
11180,0.004,0.006
11181,0.004,0.006
11182,0.004,0.006
11183,0.004,0.005
11184,0.004,0.006
11185,0.004,0.005
11186,0.004,0.006
11187,0.004,0.006
11188,0.004,0.006
11189,0.005,0.006
11190,0.005,0.006
11191,0.004,0.006
11192,0.004,0.006
11193,0.004,0.005
11194,0.004,0.005
11195,0.004,0.006
11196,0.004,0.006
11197,0.004,0.006
11198,0.004,0.005
11199,0.005,0.006
11200,0.004,0.006
11201,0.005,0.006
11202,0.004,0.006
11203,0.005,0.006
11204,0.004,0.006
11205,0.004,0.005
11206,0.004,0.006
11207,0.004,0.006
11208,0.004,0.006
11209,0.004,0.006
11210,0.004,0.006
11211,0.004,0.005
11212,0.005,0.006
11213,0.004,0.005
11214,0.004,0.006
11215,0.004,0.006
11216,0.004,0.006
11217,0.004,0.005
11218,0.004,0.006
11219,0.005,0.006
11220,0.005,0.006
11221,0.005,0.006
11222,0.004,0.005
11223,0.005,0.006
11224,0.004,0.005
11225,0.004,0.005
11226,0.004,0.005
11227,0.004,0.006
11228,0.004,0.006
11229,0.005,0.006
11230,0.004,0.005
11231,0.004,0.005
11232,0.004,0.006
11233,0.004,0.005
11234,0.004,0.005
11235,0.004,0.006
11236,0.004,0.005
11237,0.004,0.006
11238,0.004,0.006
11239,0.004,0.006
11240,0.004,0.006
11241,0.004,0.006
11242,0.004,0.005
11243,0.004,0.005
11244,0.004,0.006
11245,0.004,0.005
11246,0.004,0.005
11247,0.005,0.006
11248,0.004,0.006
11249,0.004,0.006
11250,0.004,0.006
11251,0.004,0.006
11252,0.004,0.006
11253,0.004,0.006
11254,0.004,0.006
11255,0.004,0.006
11256,0.004,0.005
11257,0.005,0.006
11258,0.004,0.006
11259,0.004,0.006
11260,0.004,0.005
11261,0.004,0.006
11262,0.004,0.006
11263,0.004,0.006
11264,0.004,0.005
11265,0.005,0.006
11266,0.004,0.006
11267,0.004,0.005
11268,0.004,0.006
11269,0.005,0.006
11270,0.004,0.005
11271,0.005,0.006
11272,0.004,0.006
11273,0.004,0.005
11274,0.004,0.005
11275,0.005,0.006
11276,0.004,0.006
11277,0.004,0.006
11278,0.005,0.006
11279,0.004,0.006
11280,0.004,0.006
11281,0.004,0.005
11282,0.004,0.006
11283,0.004,0.006
11284,0.005,0.006
11285,0.004,0.006
11286,0.004,0.006
11287,0.004,0.006
11288,0.004,0.006
11289,0.004,0.006
11290,0.004,0.005
11291,0.004,0.005
11292,0.004,0.006
11293,0.004,0.006
11294,0.004,0.006
11295,0.004,0.006
11296,0.004,0.006
11297,0.004,0.006
11298,0.004,0.006
11299,0.004,0.006
11300,0.004,0.006
11301,0.004,0.005
11302,0.004,0.005
11303,0.004,0.006
11304,0.004,0.005
11305,0.004,0.005
11306,0.004,0.006
11307,0.004,0.006
11308,0.004,0.005
11309,0.005,0.006
11310,0.005,0.006
11311,0.005,0.006
11312,0.004,0.006
11313,0.004,0.006
11314,0.004,0.006
11315,0.004,0.006
11316,0.004,0.005
11317,0.005,0.006
11318,0.005,0.006
11319,0.005,0.006
11320,0.004,0.006
11321,0.005,0.006
11322,0.004,0.006
11323,0.004,0.006
11324,0.004,0.006
11325,0.004,0.006
11326,0.004,0.005
11327,0.004,0.005
11328,0.004,0.006
11329,0.005,0.006
11330,0.004,0.006
11331,0.004,0.006
11332,0.004,0.006
11333,0.005,0.006
11334,0.004,0.006
11335,0.005,0.006
11336,0.004,0.006
11337,0.005,0.006
11338,0.004,0.006
11339,0.004,0.006
11340,0.004,0.005
11341,0.004,0.006
11342,0.004,0.006
11343,0.004,0.005
11344,0.004,0.006
11345,0.004,0.005
11346,0.004,0.006
11347,0.004,0.006
11348,0.005,0.006
11349,0.004,0.006
11350,0.004,0.006
11351,0.004,0.005
11352,0.004,0.005
11353,0.004,0.005
11354,0.004,0.006
11355,0.004,0.006
11356,0.004,0.005
11357,0.004,0.006
11358,0.004,0.006
11359,0.004,0.006
11360,0.004,0.006
11361,0.004,0.006
11362,0.004,0.005
11363,0.004,0.005
11364,0.004,0.005
11365,0.004,0.006
11366,0.004,0.006
11367,0.004,0.005
11368,0.004,0.005
11369,0.005,0.006
11370,0.004,0.006
11371,0.005,0.006
11372,0.004,0.006
11373,0.004,0.006
11374,0.004,0.006
11375,0.004,0.006
11376,0.004,0.006
11377,0.004,0.005
11378,0.004,0.006
11379,0.004,0.006
11380,0.004,0.006
11381,0.004,0.006
11382,0.004,0.006
11383,0.005,0.006
11384,0.004,0.006
11385,0.004,0.006
11386,0.004,0.006
11387,0.004,0.006
11388,0.004,0.006
11389,0.005,0.006
11390,0.004,0.006
11391,0.004,0.006
11392,0.004,0.006
11393,0.004,0.006
11394,0.004,0.005
11395,0.004,0.006
11396,0.004,0.006
11397,0.004,0.006
11398,0.004,0.006
11399,0.004,0.006
11400,0.004,0.005
11401,0.005,0.006
11402,0.004,0.005
11403,0.004,0.006
11404,0.004,0.006
11405,0.004,0.006
11406,0.004,0.006
11407,0.005,0.006
11408,0.004,0.005
11409,0.005,0.006
11410,0.004,0.006
11411,0.004,0.005
11412,0.005,0.006
11413,0.004,0.005
11414,0.004,0.005
11415,0.004,0.006
11416,0.004,0.006
11417,0.005,0.006
11418,0.004,0.005
11419,0.004,0.006
11420,0.004,0.006
11421,0.004,0.006
11422,0.004,0.006
11423,0.004,0.006
11424,0.005,0.006
11425,0.004,0.005
11426,0.004,0.006
11427,0.004,0.005
11428,0.004,0.006
11429,0.004,0.006
11430,0.004,0.005
11431,0.004,0.006
11432,0.004,0.005
11433,0.004,0.006
11434,0.004,0.006
11435,0.004,0.006
11436,0.004,0.006
11437,0.004,0.005
11438,0.004,0.006
11439,0.004,0.006
11440,0.004,0.005
11441,0.004,0.005
11442,0.004,0.006
11443,0.004,0.006
11444,0.004,0.006
11445,0.004,0.006
11446,0.004,0.006
11447,0.004,0.005
11448,0.004,0.005
11449,0.004,0.005
11450,0.004,0.006
11451,0.004,0.006
11452,0.004,0.005
11453,0.004,0.006
11454,0.004,0.005
11455,0.004,0.005
11456,0.005,0.006
11457,0.004,0.006
11458,0.004,0.005
11459,0.004,0.006
11460,0.004,0.005
11461,0.004,0.006
11462,0.004,0.005
11463,0.005,0.006
11464,0.005,0.006
11465,0.004,0.006
11466,0.004,0.006
11467,0.004,0.006
11468,0.004,0.006
11469,0.004,0.006
11470,0.004,0.005
11471,0.004,0.006
11472,0.005,0.006
11473,0.004,0.006
11474,0.005,0.006
11475,0.005,0.006
11476,0.004,0.006
11477,0.004,0.006
11478,0.005,0.006
11479,0.005,0.006
11480,0.004,0.006
11481,0.004,0.005
11482,0.004,0.006
11483,0.004,0.006
11484,0.004,0.006
11485,0.004,0.006
11486,0.004,0.006
11487,0.004,0.006
11488,0.004,0.006
11489,0.005,0.006
11490,0.004,0.006
11491,0.004,0.005
11492,0.004,0.006
11493,0.004,0.006
11494,0.004,0.006
11495,0.004,0.006
11496,0.005,0.006
11497,0.004,0.006
11498,0.004,0.005
11499,0.004,0.005
11500,0.004,0.006
11501,0.004,0.005
11502,0.004,0.006
11503,0.004,0.006
11504,0.004,0.005
11505,0.004,0.005
11506,0.004,0.005
11507,0.004,0.006
11508,0.004,0.006
11509,0.004,0.006
11510,0.004,0.005
11511,0.005,0.006
11512,0.004,0.006
11513,0.004,0.006
11514,0.004,0.005
11515,0.004,0.005
11516,0.004,0.006
11517,0.004,0.005
11518,0.005,0.006
11519,0.005,0.006
11520,0.004,0.006
11521,0.004,0.006
11522,0.004,0.006
11523,0.004,0.006
11524,0.004,0.006
11525,0.004,0.006
11526,0.004,0.005
11527,0.004,0.006
11528,0.004,0.006
11529,0.004,0.006
11530,0.004,0.006
11531,0.004,0.006
11532,0.004,0.006
11533,0.004,0.006
11534,0.005,0.006
11535,0.004,0.005
11536,0.005,0.006
11537,0.004,0.006
11538,0.004,0.006
11539,0.004,0.006
11540,0.004,0.005
11541,0.004,0.005
11542,0.005,0.006
11543,0.004,0.006
11544,0.004,0.006
11545,0.004,0.006
11546,0.004,0.006
11547,0.005,0.006
11548,0.004,0.006
11549,0.004,0.006
11550,0.004,0.006
11551,0.005,0.006
11552,0.004,0.006
11553,0.004,0.005
11554,0.004,0.006
11555,0.004,0.006
11556,0.004,0.005
11557,0.004,0.005
11558,0.004,0.006
11559,0.004,0.006
11560,0.004,0.005
11561,0.004,0.006
11562,0.004,0.006
11563,0.004,0.006
11564,0.004,0.005
11565,0.004,0.006
11566,0.004,0.006
11567,0.004,0.005
11568,0.004,0.005
11569,0.005,0.006
11570,0.004,0.006
11571,0.004,0.006
11572,0.004,0.006
11573,0.004,0.005
11574,0.005,0.006
11575,0.004,0.005
11576,0.004,0.005
11577,0.004,0.005
11578,0.004,0.006
11579,0.004,0.006
11580,0.005,0.006
11581,0.004,0.005
11582,0.004,0.006
11583,0.004,0.006
11584,0.004,0.006
11585,0.004,0.005
11586,0.004,0.005
11587,0.004,0.005
11588,0.004,0.005
11589,0.005,0.006
11590,0.004,0.006
11591,0.004,0.005
11592,0.004,0.006
11593,0.005,0.006
11594,0.004,0.006
11595,0.005,0.006
11596,0.005,0.006
11597,0.004,0.006
11598,0.004,0.006
11599,0.004,0.005
11600,0.004,0.006
11601,0.005,0.006
11602,0.004,0.006
11603,0.004,0.006
11604,0.004,0.006
11605,0.004,0.006
11606,0.004,0.006
11607,0.004,0.005
11608,0.004,0.006
11609,0.004,0.006
11610,0.004,0.005
11611,0.004,0.006
11612,0.004,0.005
11613,0.004,0.005
11614,0.004,0.005
11615,0.004,0.006
11616,0.004,0.006
11617,0.004,0.006
11618,0.005,0.006
11619,0.004,0.006
11620,0.004,0.006
11621,0.004,0.005
11622,0.004,0.005
11623,0.004,0.006
11624,0.004,0.006
11625,0.004,0.006
11626,0.004,0.006
11627,0.004,0.006
11628,0.004,0.006
11629,0.004,0.006
11630,0.004,0.005
11631,0.004,0.006
11632,0.005,0.006
11633,0.004,0.006
11634,0.004,0.006
11635,0.004,0.006
11636,0.004,0.006
11637,0.004,0.006
11638,0.004,0.006
11639,0.004,0.006
11640,0.004,0.006
11641,0.004,0.006
11642,0.004,0.006
11643,0.004,0.005
11644,0.004,0.005
11645,0.004,0.006
11646,0.004,0.006
11647,0.004,0.005
11648,0.004,0.006
11649,0.004,0.006
11650,0.004,0.005
11651,0.004,0.006
11652,0.004,0.005
11653,0.005,0.006
11654,0.004,0.006
11655,0.004,0.006
11656,0.004,0.006
11657,0.005,0.006
11658,0.004,0.006
11659,0.004,0.006
11660,0.005,0.006
11661,0.005,0.006
11662,0.004,0.005
11663,0.004,0.006
11664,0.004,0.006
11665,0.004,0.006
11666,0.004,0.006
11667,0.004,0.006
11668,0.004,0.006
11669,0.004,0.006
11670,0.004,0.006
11671,0.004,0.006
11672,0.004,0.006
11673,0.004,0.006
11674,0.005,0.006
11675,0.004,0.005
11676,0.005,0.006
11677,0.004,0.005
11678,0.004,0.006
11679,0.004,0.006
11680,0.004,0.006
11681,0.004,0.006
11682,0.004,0.006
11683,0.005,0.006
11684,0.004,0.006
11685,0.004,0.005
11686,0.004,0.006
11687,0.004,0.005
11688,0.004,0.005
11689,0.004,0.005
11690,0.004,0.006
11691,0.004,0.006
11692,0.004,0.006
11693,0.004,0.006
11694,0.004,0.006
11695,0.004,0.006
11696,0.005,0.006
11697,0.004,0.006
11698,0.004,0.006
11699,0.004,0.006
11700,0.004,0.006
11701,0.005,0.006
11702,0.005,0.006
11703,0.004,0.006
11704,0.004,0.006
11705,0.005,0.006
11706,0.004,0.006
11707,0.004,0.006
11708,0.004,0.005
11709,0.005,0.006
11710,0.005,0.006
11711,0.004,0.005
11712,0.004,0.005
11713,0.004,0.005
11714,0.004,0.005
11715,0.005,0.006
11716,0.004,0.005
11717,0.005,0.006
11718,0.004,0.005
11719,0.004,0.005
11720,0.004,0.005
11721,0.004,0.005
11722,0.004,0.005
11723,0.004,0.005
11724,0.004,0.006
11725,0.004,0.006
11726,0.004,0.006
11727,0.004,0.006
11728,0.005,0.006
11729,0.005,0.006
11730,0.004,0.005
11731,0.004,0.005
11732,0.004,0.006
11733,0.004,0.005
11734,0.004,0.005
11735,0.004,0.006
11736,0.004,0.006
11737,0.004,0.006
11738,0.004,0.006
11739,0.004,0.006
11740,0.004,0.005
11741,0.004,0.005
11742,0.004,0.005
11743,0.005,0.006
11744,0.005,0.006
11745,0.005,0.006
11746,0.005,0.006
11747,0.004,0.006
11748,0.004,0.006
11749,0.004,0.006
11750,0.004,0.005
11751,0.004,0.006
11752,0.005,0.006
11753,0.004,0.006
11754,0.004,0.006
11755,0.005,0.006
11756,0.005,0.006
11757,0.005,0.006
11758,0.005,0.006
11759,0.005,0.006
11760,0.004,0.006
11761,0.004,0.006
11762,0.004,0.005
11763,0.004,0.005
11764,0.004,0.005
11765,0.004,0.005
11766,0.005,0.006
11767,0.004,0.006
11768,0.004,0.006
11769,0.004,0.005
11770,0.004,0.005
11771,0.004,0.006
11772,0.004,0.006
11773,0.005,0.006
11774,0.004,0.005
11775,0.004,0.006
11776,0.004,0.005
11777,0.004,0.006
11778,0.005,0.006
11779,0.004,0.005
11780,0.004,0.006
11781,0.004,0.006
11782,0.004,0.006
11783,0.004,0.005
11784,0.004,0.006
11785,0.005,0.006
11786,0.005,0.006
11787,0.004,0.006
11788,0.004,0.006
11789,0.004,0.006
11790,0.004,0.006
11791,0.004,0.006
11792,0.004,0.006
11793,0.004,0.006
11794,0.004,0.006
11795,0.004,0.006
11796,0.004,0.005
11797,0.005,0.006
11798,0.005,0.006
11799,0.004,0.006
11800,0.004,0.005
11801,0.004,0.005
11802,0.004,0.005
11803,0.004,0.006
11804,0.004,0.005
11805,0.005,0.006
11806,0.004,0.006
11807,0.004,0.006
11808,0.004,0.005
11809,0.004,0.005
11810,0.005,0.006
11811,0.004,0.006
11812,0.004,0.006
11813,0.004,0.006
11814,0.004,0.006
11815,0.005,0.006
11816,0.004,0.006
11817,0.005,0.006
11818,0.004,0.005
11819,0.004,0.006
11820,0.004,0.005
11821,0.004,0.006
11822,0.004,0.005
11823,0.004,0.006
11824,0.004,0.005
11825,0.005,0.006
11826,0.004,0.005
11827,0.004,0.005
11828,0.004,0.006
11829,0.004,0.006
11830,0.004,0.006
11831,0.004,0.006
11832,0.004,0.005
11833,0.004,0.006
11834,0.004,0.006
11835,0.004,0.006
11836,0.004,0.006
11837,0.004,0.006
11838,0.004,0.006
11839,0.004,0.006
11840,0.005,0.006
11841,0.005,0.006
11842,0.004,0.005
11843,0.004,0.005
11844,0.004,0.006
11845,0.004,0.006
11846,0.004,0.006
11847,0.004,0.006
11848,0.004,0.006
11849,0.004,0.005
11850,0.004,0.006
11851,0.004,0.006
11852,0.004,0.005
11853,0.004,0.006
11854,0.004,0.006
11855,0.004,0.006
11856,0.004,0.005
11857,0.004,0.005
11858,0.004,0.005
11859,0.004,0.005
11860,0.004,0.006
11861,0.005,0.006
11862,0.004,0.006
11863,0.004,0.006
11864,0.004,0.006
11865,0.004,0.006
11866,0.005,0.006
11867,0.004,0.006
11868,0.004,0.005
11869,0.004,0.006
11870,0.004,0.005
11871,0.004,0.006
11872,0.004,0.006
11873,0.004,0.005
11874,0.005,0.006
11875,0.004,0.006
11876,0.004,0.006
11877,0.004,0.006
11878,0.004,0.006
11879,0.004,0.005
11880,0.004,0.006
11881,0.004,0.006
11882,0.004,0.006
11883,0.004,0.006
11884,0.004,0.006
11885,0.004,0.006
11886,0.004,0.006
11887,0.004,0.006
11888,0.004,0.006
11889,0.004,0.006
11890,0.004,0.005
11891,0.004,0.005
11892,0.004,0.005
11893,0.005,0.006
11894,0.004,0.006
11895,0.004,0.006
11896,0.004,0.006
11897,0.004,0.006
11898,0.004,0.006
11899,0.004,0.006
11900,0.004,0.006
11901,0.004,0.005
11902,0.004,0.006
11903,0.004,0.006
11904,0.004,0.005
11905,0.004,0.005
11906,0.004,0.005
11907,0.004,0.006
11908,0.004,0.006
11909,0.004,0.006
11910,0.004,0.006
11911,0.004,0.005
11912,0.004,0.006
11913,0.004,0.006
11914,0.004,0.006
11915,0.004,0.006
11916,0.004,0.006
11917,0.004,0.005
11918,0.004,0.006
11919,0.005,0.006
11920,0.004,0.005
11921,0.004,0.006
11922,0.004,0.005
11923,0.004,0.006
11924,0.004,0.006
11925,0.004,0.006
11926,0.004,0.005
11927,0.004,0.005
11928,0.005,0.006
11929,0.004,0.006
11930,0.004,0.006
11931,0.004,0.006
11932,0.005,0.006
11933,0.005,0.006
11934,0.004,0.006
11935,0.005,0.006
11936,0.004,0.006
11937,0.004,0.006
11938,0.004,0.005
11939,0.004,0.006
11940,0.005,0.006
11941,0.004,0.005
11942,0.004,0.005
11943,0.004,0.006
11944,0.004,0.006
11945,0.004,0.006
11946,0.004,0.006
11947,0.004,0.006
11948,0.005,0.006
11949,0.004,0.006
11950,0.004,0.005
11951,0.004,0.005
11952,0.004,0.006
11953,0.004,0.006
11954,0.004,0.006
11955,0.005,0.006
11956,0.004,0.005
11957,0.004,0.005
11958,0.004,0.006
11959,0.004,0.005
11960,0.004,0.006
11961,0.004,0.006
11962,0.004,0.006
11963,0.004,0.006
11964,0.004,0.006
11965,0.004,0.006
11966,0.004,0.005
11967,0.004,0.006
11968,0.004,0.006
11969,0.004,0.006
11970,0.004,0.006
11971,0.005,0.006
11972,0.005,0.006
11973,0.004,0.005
11974,0.004,0.006
11975,0.004,0.005
11976,0.004,0.005
11977,0.004,0.005
11978,0.004,0.005
11979,0.004,0.006
11980,0.004,0.006
11981,0.004,0.006
11982,0.004,0.005
11983,0.004,0.006
11984,0.004,0.006
11985,0.005,0.006
11986,0.004,0.006
11987,0.004,0.005
11988,0.004,0.006
11989,0.004,0.006
11990,0.004,0.005
11991,0.004,0.006
11992,0.004,0.006
11993,0.004,0.006
11994,0.005,0.006
11995,0.004,0.006
11996,0.004,0.006
11997,0.004,0.006
11998,0.004,0.006
11999,0.004,0.005
12000,0.004,0.005
12001,0.004,0.006
12002,0.004,0.006
12003,0.004,0.006
12004,0.004,0.006
12005,0.004,0.006
12006,0.005,0.006
12007,0.004,0.006
12008,0.005,0.006
12009,0.004,0.006
12010,0.004,0.006
12011,0.004,0.006
12012,0.004,0.006
12013,0.004,0.006
12014,0.004,0.006
12015,0.004,0.006
12016,0.004,0.006
12017,0.004,0.006
12018,0.005,0.006
12019,0.004,0.005
12020,0.004,0.006
12021,0.004,0.006
12022,0.005,0.006
12023,0.004,0.006
12024,0.004,0.005
12025,0.004,0.006
12026,0.004,0.006
12027,0.005,0.006
12028,0.004,0.006
12029,0.004,0.005
12030,0.004,0.006
12031,0.004,0.006
12032,0.004,0.006
12033,0.004,0.005
12034,0.005,0.006
12035,0.005,0.006
12036,0.005,0.006
12037,0.004,0.006
12038,0.004,0.006
12039,0.004,0.006
12040,0.004,0.006
12041,0.004,0.006
12042,0.004,0.006
12043,0.005,0.006
12044,0.005,0.006
12045,0.004,0.006
12046,0.005,0.006
12047,0.005,0.006
12048,0.004,0.006
12049,0.005,0.006
12050,0.004,0.005
12051,0.004,0.005
12052,0.004,0.005
12053,0.004,0.006
12054,0.004,0.006
12055,0.004,0.006
12056,0.004,0.005
12057,0.005,0.006
12058,0.004,0.005
12059,0.004,0.006
12060,0.004,0.006
12061,0.004,0.005
12062,0.004,0.006
12063,0.004,0.006
12064,0.004,0.006
12065,0.004,0.006
12066,0.004,0.006
12067,0.004,0.005
12068,0.005,0.006
12069,0.004,0.005
12070,0.004,0.006
12071,0.004,0.006
12072,0.004,0.006
12073,0.004,0.005
12074,0.004,0.006
12075,0.004,0.006
12076,0.005,0.006
12077,0.005,0.006
12078,0.004,0.006
12079,0.005,0.006
12080,0.004,0.006
12081,0.005,0.006
12082,0.005,0.006
12083,0.004,0.005
12084,0.004,0.006
12085,0.004,0.006
12086,0.004,0.006
12087,0.004,0.006
12088,0.004,0.005
12089,0.004,0.005
12090,0.004,0.006
12091,0.005,0.006
12092,0.005,0.006
12093,0.004,0.006
12094,0.004,0.006
12095,0.005,0.006
12096,0.004,0.006
12097,0.004,0.006
12098,0.004,0.005
12099,0.004,0.006
12100,0.004,0.005
12101,0.004,0.005
12102,0.004,0.005
12103,0.004,0.006
12104,0.005,0.006
12105,0.004,0.006
12106,0.004,0.006
12107,0.004,0.006
12108,0.004,0.006
12109,0.004,0.006
12110,0.004,0.005
12111,0.004,0.006
12112,0.004,0.006
12113,0.004,0.006
12114,0.004,0.006
12115,0.004,0.005
12116,0.004,0.005
12117,0.005,0.006
12118,0.004,0.005
12119,0.004,0.005
12120,0.004,0.005
12121,0.004,0.006
12122,0.004,0.006
12123,0.004,0.006
12124,0.004,0.006
12125,0.004,0.005
12126,0.004,0.006
12127,0.004,0.006
12128,0.004,0.006
12129,0.005,0.006
12130,0.004,0.006
12131,0.005,0.006
12132,0.004,0.006
12133,0.004,0.006
12134,0.005,0.006
12135,0.004,0.006
12136,0.004,0.006
12137,0.004,0.006
12138,0.004,0.006
12139,0.004,0.006
12140,0.004,0.005
12141,0.004,0.005
12142,0.005,0.006
12143,0.005,0.006
12144,0.004,0.006
12145,0.004,0.006
12146,0.004,0.005
12147,0.004,0.005
12148,0.004,0.006
12149,0.004,0.005
12150,0.004,0.006
12151,0.004,0.006
12152,0.004,0.006
12153,0.004,0.006
12154,0.004,0.005
12155,0.004,0.005
12156,0.004,0.005
12157,0.004,0.006
12158,0.004,0.006
12159,0.004,0.006
12160,0.004,0.005
12161,0.005,0.006
12162,0.005,0.006
12163,0.004,0.006
12164,0.004,0.006
12165,0.005,0.006
12166,0.004,0.006
12167,0.004,0.006
12168,0.004,0.006
12169,0.004,0.006
12170,0.005,0.006
12171,0.004,0.006
12172,0.004,0.006
12173,0.004,0.006
12174,0.004,0.006
12175,0.004,0.006
12176,0.004,0.006
12177,0.004,0.006
12178,0.004,0.006
12179,0.004,0.006
12180,0.005,0.006
12181,0.004,0.005
12182,0.004,0.005
12183,0.004,0.006
12184,0.005,0.006
12185,0.004,0.006
12186,0.004,0.006
12187,0.004,0.006
12188,0.004,0.006
12189,0.004,0.005
12190,0.004,0.005
12191,0.004,0.005
12192,0.004,0.005
12193,0.005,0.006
12194,0.004,0.005
12195,0.004,0.006
12196,0.004,0.005
12197,0.005,0.006
12198,0.004,0.006
12199,0.004,0.006
12200,0.004,0.006
12201,0.004,0.006
12202,0.005,0.006
12203,0.005,0.006
12204,0.004,0.006
12205,0.004,0.006
12206,0.004,0.005
12207,0.004,0.006
12208,0.005,0.006
12209,0.005,0.006
12210,0.004,0.006
12211,0.004,0.006
12212,0.005,0.006
12213,0.004,0.006
12214,0.004,0.005
12215,0.004,0.006
12216,0.004,0.006
12217,0.004,0.005
12218,0.005,0.006
12219,0.004,0.006
12220,0.004,0.006
12221,0.004,0.005
12222,0.004,0.006
12223,0.004,0.006
12224,0.004,0.006
12225,0.005,0.006
12226,0.005,0.006
12227,0.004,0.006
12228,0.004,0.006
12229,0.004,0.006
12230,0.005,0.006
12231,0.004,0.005
12232,0.004,0.005
12233,0.005,0.006
12234,0.004,0.006
12235,0.004,0.005
12236,0.004,0.005
12237,0.004,0.006
12238,0.004,0.006
12239,0.005,0.006
12240,0.005,0.006
12241,0.004,0.006
12242,0.004,0.006
12243,0.004,0.006
12244,0.004,0.006
12245,0.004,0.006
12246,0.004,0.006
12247,0.004,0.006
12248,0.004,0.005
12249,0.004,0.005
12250,0.004,0.006
12251,0.004,0.006
12252,0.004,0.005
12253,0.004,0.005
12254,0.005,0.006
12255,0.004,0.005
12256,0.004,0.005
12257,0.005,0.006
12258,0.004,0.006
12259,0.004,0.006
12260,0.004,0.005
12261,0.004,0.006
12262,0.005,0.006
12263,0.004,0.006
12264,0.004,0.006
12265,0.004,0.005
12266,0.005,0.006
12267,0.005,0.006
12268,0.004,0.005
12269,0.004,0.005
12270,0.004,0.006
12271,0.004,0.006
12272,0.004,0.006
12273,0.004,0.006
12274,0.004,0.006
12275,0.004,0.005
12276,0.004,0.005
12277,0.005,0.006
12278,0.004,0.006
12279,0.004,0.006
12280,0.004,0.006
12281,0.004,0.006
12282,0.005,0.006
12283,0.004,0.006
12284,0.005,0.006
12285,0.005,0.006
12286,0.004,0.006
12287,0.004,0.006
12288,0.004,0.006
12289,0.004,0.006
12290,0.005,0.006
12291,0.004,0.006
12292,0.005,0.006
12293,0.005,0.006
12294,0.004,0.006
12295,0.004,0.006
12296,0.004,0.005
12297,0.004,0.006
12298,0.004,0.006
12299,0.004,0.006
12300,0.004,0.005
12301,0.004,0.006
12302,0.004,0.006
12303,0.004,0.005
12304,0.005,0.006
12305,0.004,0.006
12306,0.004,0.005
12307,0.004,0.006
12308,0.004,0.006
12309,0.004,0.005
12310,0.004,0.006
12311,0.004,0.005
12312,0.004,0.006
12313,0.004,0.006
12314,0.004,0.006
12315,0.004,0.005
12316,0.004,0.005
12317,0.004,0.006
12318,0.004,0.006
12319,0.004,0.006
12320,0.005,0.006
12321,0.004,0.006
12322,0.004,0.005
12323,0.004,0.006
12324,0.004,0.006
12325,0.004,0.006
12326,0.004,0.006
12327,0.005,0.006
12328,0.004,0.005
12329,0.004,0.006
12330,0.004,0.005
12331,0.005,0.006
12332,0.005,0.006
12333,0.004,0.006
12334,0.004,0.006
12335,0.004,0.006
12336,0.004,0.006
12337,0.004,0.006
12338,0.004,0.006
12339,0.004,0.006
12340,0.004,0.005
12341,0.004,0.005
12342,0.004,0.006
12343,0.004,0.006
12344,0.004,0.005
12345,0.004,0.005
12346,0.004,0.005
12347,0.004,0.006
12348,0.004,0.005
12349,0.004,0.006
12350,0.004,0.006
12351,0.004,0.006
12352,0.005,0.006
12353,0.004,0.006
12354,0.004,0.006
12355,0.004,0.006
12356,0.004,0.006
12357,0.004,0.006
12358,0.004,0.005
12359,0.004,0.006
12360,0.004,0.006
12361,0.004,0.006
12362,0.004,0.006
12363,0.004,0.006
12364,0.004,0.006
12365,0.005,0.006
12366,0.004,0.006
12367,0.004,0.006
12368,0.004,0.006
12369,0.004,0.006
12370,0.005,0.006
12371,0.004,0.006
12372,0.004,0.006
12373,0.004,0.006
12374,0.004,0.006
12375,0.004,0.006
12376,0.005,0.006
12377,0.004,0.006
12378,0.004,0.006
12379,0.004,0.006
12380,0.005,0.006
12381,0.004,0.006
12382,0.005,0.006
12383,0.004,0.006
12384,0.004,0.006
12385,0.005,0.006
12386,0.005,0.006
12387,0.005,0.006
12388,0.004,0.006
12389,0.004,0.005
12390,0.004,0.006
12391,0.005,0.006
12392,0.005,0.006
12393,0.004,0.005
12394,0.004,0.005
12395,0.004,0.006
12396,0.004,0.006
12397,0.004,0.006
12398,0.005,0.006
12399,0.004,0.006
12400,0.004,0.006
12401,0.004,0.006
12402,0.005,0.006
12403,0.004,0.005
12404,0.004,0.006
12405,0.004,0.006
12406,0.004,0.006
12407,0.004,0.006
12408,0.004,0.005
12409,0.005,0.006
12410,0.004,0.006
12411,0.004,0.006
12412,0.004,0.006
12413,0.004,0.005
12414,0.004,0.005
12415,0.004,0.005
12416,0.004,0.006
12417,0.004,0.005
12418,0.004,0.006
12419,0.005,0.006
12420,0.005,0.006
12421,0.005,0.006
12422,0.004,0.005
12423,0.004,0.006
12424,0.004,0.006
12425,0.004,0.006
12426,0.004,0.006
12427,0.004,0.006
12428,0.004,0.006
12429,0.004,0.006
12430,0.005,0.006
12431,0.004,0.006
12432,0.004,0.006
12433,0.005,0.006
12434,0.004,0.006
12435,0.004,0.006
12436,0.004,0.005
12437,0.005,0.006
12438,0.005,0.006
12439,0.004,0.005
12440,0.005,0.006
12441,0.004,0.006
12442,0.005,0.006
12443,0.004,0.006
12444,0.005,0.006
12445,0.004,0.006
12446,0.004,0.005
12447,0.004,0.006
12448,0.004,0.006
12449,0.004,0.006
12450,0.004,0.006
12451,0.004,0.005
12452,0.004,0.005
12453,0.004,0.006
12454,0.004,0.006
12455,0.004,0.006
12456,0.004,0.005
12457,0.005,0.006
12458,0.004,0.006
12459,0.004,0.006
12460,0.004,0.006
12461,0.004,0.006
12462,0.004,0.006
12463,0.004,0.006
12464,0.004,0.005
12465,0.004,0.006
12466,0.004,0.006
12467,0.004,0.005
12468,0.004,0.006
12469,0.005,0.006
12470,0.005,0.006
12471,0.004,0.006
12472,0.004,0.006
12473,0.004,0.006
12474,0.004,0.005
12475,0.005,0.006
12476,0.004,0.006
12477,0.004,0.006
12478,0.004,0.006
12479,0.005,0.006
12480,0.004,0.005
12481,0.004,0.006
12482,0.004,0.006
12483,0.004,0.006
12484,0.004,0.006
12485,0.004,0.006
12486,0.004,0.006
12487,0.004,0.006
12488,0.004,0.005
12489,0.004,0.006
12490,0.005,0.006
12491,0.004,0.005
12492,0.004,0.006
12493,0.004,0.006
12494,0.004,0.006
12495,0.004,0.005
12496,0.005,0.006
12497,0.004,0.006
12498,0.005,0.006
12499,0.004,0.006
12500,0.005,0.006
12501,0.004,0.006
12502,0.005,0.006
12503,0.004,0.006
12504,0.004,0.006
12505,0.004,0.006
12506,0.004,0.006
12507,0.004,0.006
12508,0.005,0.006
12509,0.004,0.006
12510,0.004,0.006
12511,0.004,0.006
12512,0.005,0.006
12513,0.004,0.006
12514,0.004,0.006
12515,0.004,0.006
12516,0.004,0.006
12517,0.004,0.005
12518,0.004,0.006
12519,0.004,0.006
12520,0.004,0.006
12521,0.004,0.006
12522,0.004,0.006
12523,0.004,0.006
12524,0.004,0.006
12525,0.004,0.006
12526,0.004,0.006
12527,0.004,0.006
12528,0.005,0.006
12529,0.004,0.006
12530,0.004,0.006
12531,0.005,0.006
12532,0.004,0.006
12533,0.004,0.006
12534,0.004,0.006
12535,0.004,0.006
12536,0.004,0.006
12537,0.004,0.006
12538,0.004,0.005
12539,0.005,0.006
12540,0.005,0.006
12541,0.004,0.006
12542,0.004,0.006
12543,0.004,0.006
12544,0.005,0.006
12545,0.004,0.005
12546,0.004,0.006
12547,0.005,0.006
12548,0.004,0.006
12549,0.004,0.006
12550,0.004,0.006
12551,0.004,0.006
12552,0.005,0.006
12553,0.004,0.006
12554,0.004,0.006
12555,0.004,0.005
12556,0.004,0.005
12557,0.004,0.005
12558,0.004,0.006
12559,0.004,0.006
12560,0.004,0.006
12561,0.004,0.005
12562,0.004,0.005
12563,0.004,0.006
12564,0.004,0.006
12565,0.004,0.006
12566,0.004,0.005
12567,0.004,0.006
12568,0.004,0.005
12569,0.004,0.006
12570,0.004,0.005
12571,0.005,0.006
12572,0.004,0.006
12573,0.004,0.006
12574,0.005,0.006
12575,0.005,0.006
12576,0.004,0.006
12577,0.004,0.005
12578,0.005,0.006
12579,0.004,0.006
12580,0.004,0.006
12581,0.005,0.006
12582,0.004,0.006
12583,0.004,0.006
12584,0.005,0.006
12585,0.005,0.006
12586,0.004,0.006
12587,0.004,0.006
12588,0.004,0.006
12589,0.004,0.005
12590,0.005,0.006
12591,0.005,0.006
12592,0.005,0.006
12593,0.004,0.005
12594,0.005,0.006
12595,0.004,0.006
12596,0.004,0.006
12597,0.004,0.006
12598,0.004,0.006
12599,0.004,0.006
12600,0.005,0.006
12601,0.004,0.006
12602,0.004,0.006
12603,0.004,0.005
12604,0.004,0.005
12605,0.005,0.006
12606,0.004,0.006
12607,0.005,0.006
12608,0.004,0.005
12609,0.004,0.006
12610,0.004,0.006
12611,0.004,0.006
12612,0.004,0.006
12613,0.004,0.006
12614,0.005,0.006
12615,0.004,0.006
12616,0.005,0.006
12617,0.004,0.006
12618,0.004,0.006
12619,0.004,0.006
12620,0.004,0.006
12621,0.004,0.006
12622,0.005,0.006
12623,0.004,0.006
12624,0.004,0.005
12625,0.005,0.006
12626,0.005,0.006
12627,0.004,0.005
12628,0.004,0.006
12629,0.004,0.006
12630,0.004,0.005
12631,0.004,0.005
12632,0.004,0.006
12633,0.004,0.006
12634,0.004,0.006
12635,0.004,0.006
12636,0.005,0.006
12637,0.004,0.006
12638,0.004,0.005
12639,0.004,0.005
12640,0.005,0.006
12641,0.004,0.006
12642,0.004,0.006
12643,0.004,0.006
12644,0.005,0.006
12645,0.004,0.005
12646,0.004,0.006
12647,0.004,0.006
12648,0.004,0.005
12649,0.004,0.006
12650,0.004,0.006
12651,0.004,0.006
12652,0.004,0.006
12653,0.005,0.006
12654,0.005,0.006
12655,0.004,0.006
12656,0.004,0.006
12657,0.004,0.006
12658,0.004,0.005
12659,0.004,0.006
12660,0.004,0.006
12661,0.004,0.006
12662,0.004,0.006
12663,0.004,0.006
12664,0.004,0.005
12665,0.004,0.006
12666,0.004,0.006
12667,0.004,0.006
12668,0.004,0.006
12669,0.004,0.006
12670,0.005,0.006
12671,0.004,0.005
12672,0.004,0.006
12673,0.004,0.006
12674,0.004,0.006
12675,0.004,0.006
12676,0.004,0.006
12677,0.005,0.006
12678,0.004,0.006
12679,0.004,0.005
12680,0.004,0.005
12681,0.004,0.006
12682,0.004,0.005
12683,0.004,0.006
12684,0.004,0.006
12685,0.004,0.006
12686,0.004,0.005
12687,0.004,0.005
12688,0.004,0.005
12689,0.004,0.006
12690,0.004,0.006
12691,0.004,0.006
12692,0.004,0.005
12693,0.004,0.006
12694,0.005,0.006
12695,0.004,0.006
12696,0.004,0.006
12697,0.004,0.006
12698,0.004,0.006
12699,0.004,0.006
12700,0.005,0.006
12701,0.004,0.006
12702,0.004,0.006
12703,0.004,0.006
12704,0.004,0.005
12705,0.004,0.006
12706,0.004,0.006
12707,0.004,0.006
12708,0.004,0.005
12709,0.004,0.006
12710,0.004,0.006
12711,0.004,0.006
12712,0.004,0.006
12713,0.004,0.006
12714,0.004,0.006
12715,0.004,0.006
12716,0.004,0.006
12717,0.004,0.006
12718,0.004,0.006
12719,0.005,0.006
12720,0.004,0.006
12721,0.004,0.005
12722,0.004,0.005
12723,0.004,0.005
12724,0.004,0.006
12725,0.005,0.006
12726,0.004,0.005
12727,0.005,0.006
12728,0.004,0.006
12729,0.005,0.006
12730,0.004,0.006
12731,0.004,0.005
12732,0.004,0.006
12733,0.004,0.006
12734,0.004,0.005
12735,0.004,0.006
12736,0.005,0.006
12737,0.004,0.006
12738,0.004,0.005
12739,0.005,0.006
12740,0.004,0.005
12741,0.004,0.006
12742,0.004,0.005
12743,0.004,0.006
12744,0.004,0.006
12745,0.004,0.006
12746,0.004,0.005
12747,0.004,0.006
12748,0.004,0.005
12749,0.004,0.006
12750,0.004,0.006
12751,0.004,0.006
12752,0.005,0.006
12753,0.005,0.006
12754,0.004,0.005
12755,0.004,0.006
12756,0.004,0.006
12757,0.005,0.006
12758,0.005,0.006
12759,0.004,0.006
12760,0.005,0.006
12761,0.004,0.006
12762,0.005,0.006
12763,0.005,0.006
12764,0.004,0.005
12765,0.005,0.006
12766,0.004,0.006
12767,0.004,0.006
12768,0.005,0.006
12769,0.004,0.006
12770,0.004,0.006
12771,0.004,0.006
12772,0.004,0.006
12773,0.005,0.006
12774,0.004,0.006
12775,0.004,0.005
12776,0.004,0.006
12777,0.004,0.006
12778,0.004,0.006
12779,0.004,0.006
12780,0.004,0.006
12781,0.005,0.006
12782,0.004,0.006
12783,0.004,0.006
12784,0.004,0.006
12785,0.005,0.006
12786,0.004,0.005
12787,0.004,0.006
12788,0.004,0.006
12789,0.004,0.006
12790,0.004,0.006
12791,0.004,0.006
12792,0.004,0.005
12793,0.004,0.006
12794,0.004,0.006
12795,0.004,0.006
12796,0.005,0.006
12797,0.004,0.006
12798,0.004,0.006
12799,0.005,0.006
12800,0.004,0.006
12801,0.004,0.006
12802,0.004,0.006
12803,0.004,0.006
12804,0.004,0.006
12805,0.004,0.006
12806,0.004,0.006
12807,0.004,0.006
12808,0.004,0.005
12809,0.004,0.006
12810,0.005,0.006
12811,0.005,0.006
12812,0.004,0.006
12813,0.004,0.006
12814,0.004,0.006
12815,0.005,0.006
12816,0.005,0.006
12817,0.004,0.006
12818,0.004,0.005
12819,0.004,0.005
12820,0.004,0.005
12821,0.004,0.005
12822,0.004,0.006
12823,0.004,0.005
12824,0.004,0.006
12825,0.004,0.005
12826,0.004,0.005
12827,0.004,0.005
12828,0.004,0.005
12829,0.004,0.006
12830,0.004,0.006
12831,0.004,0.006
12832,0.005,0.006
12833,0.004,0.006
12834,0.005,0.006
12835,0.004,0.006
12836,0.004,0.006
12837,0.004,0.006
12838,0.004,0.006
12839,0.005,0.006
12840,0.004,0.005
12841,0.004,0.006
12842,0.004,0.006
12843,0.004,0.006
12844,0.004,0.006
12845,0.004,0.005
12846,0.004,0.006
12847,0.004,0.006
12848,0.004,0.006
12849,0.004,0.006
12850,0.004,0.006
12851,0.004,0.006
12852,0.005,0.006
12853,0.004,0.006
12854,0.004,0.006
12855,0.005,0.006
12856,0.004,0.006
12857,0.004,0.005
12858,0.005,0.006
12859,0.004,0.006
12860,0.004,0.006
12861,0.004,0.006
12862,0.004,0.006
12863,0.004,0.006
12864,0.005,0.006
12865,0.004,0.006
12866,0.004,0.006
12867,0.004,0.006
12868,0.004,0.005
12869,0.004,0.005
12870,0.004,0.006
12871,0.004,0.006
12872,0.004,0.006
12873,0.004,0.006
12874,0.004,0.006
12875,0.004,0.006
12876,0.004,0.005
12877,0.004,0.005
12878,0.004,0.006
12879,0.004,0.006
12880,0.004,0.006
12881,0.004,0.006
12882,0.004,0.006
12883,0.004,0.006
12884,0.004,0.006
12885,0.004,0.006
12886,0.004,0.006
12887,0.004,0.006
12888,0.004,0.006
12889,0.005,0.006
12890,0.004,0.005
12891,0.004,0.006
12892,0.004,0.006
12893,0.004,0.006
12894,0.004,0.006
12895,0.004,0.006
12896,0.004,0.005
12897,0.004,0.005
12898,0.004,0.005
12899,0.005,0.006
12900,0.004,0.006
12901,0.004,0.006
12902,0.005,0.006
12903,0.004,0.005
12904,0.004,0.006
12905,0.004,0.006
12906,0.004,0.006
12907,0.004,0.006
12908,0.004,0.006
12909,0.004,0.006
12910,0.004,0.006
12911,0.004,0.005
12912,0.004,0.006
12913,0.004,0.005
12914,0.005,0.006
12915,0.004,0.005
12916,0.004,0.005
12917,0.004,0.006
12918,0.004,0.006
12919,0.004,0.005
12920,0.004,0.005
12921,0.004,0.006
12922,0.004,0.006
12923,0.004,0.006
12924,0.004,0.006
12925,0.004,0.005
12926,0.004,0.006
12927,0.004,0.006
12928,0.004,0.006
12929,0.004,0.006
12930,0.004,0.006
12931,0.004,0.006
12932,0.004,0.005
12933,0.004,0.005
12934,0.004,0.006
12935,0.004,0.006
12936,0.005,0.006
12937,0.004,0.006
12938,0.004,0.006
12939,0.004,0.005
12940,0.004,0.006
12941,0.004,0.006
12942,0.005,0.006
12943,0.004,0.006
12944,0.004,0.006
12945,0.005,0.006
12946,0.004,0.006
12947,0.004,0.006
12948,0.004,0.006
12949,0.004,0.006
12950,0.004,0.006
12951,0.004,0.006
12952,0.004,0.005
12953,0.004,0.005
12954,0.004,0.006
12955,0.004,0.006
12956,0.004,0.005
12957,0.004,0.006
12958,0.005,0.006
12959,0.005,0.006
12960,0.005,0.006
12961,0.004,0.006
12962,0.004,0.006
12963,0.005,0.006
12964,0.004,0.006
12965,0.004,0.005
12966,0.004,0.006
12967,0.005,0.006
12968,0.005,0.006
12969,0.004,0.006
12970,0.004,0.006
12971,0.004,0.005
12972,0.004,0.005
12973,0.004,0.006
12974,0.004,0.005
12975,0.005,0.006
12976,0.004,0.006
12977,0.004,0.006
12978,0.004,0.006
12979,0.004,0.006
12980,0.004,0.006
12981,0.005,0.006
12982,0.004,0.006
12983,0.004,0.006
12984,0.004,0.006
12985,0.005,0.006
12986,0.004,0.006
12987,0.004,0.006
12988,0.005,0.006
12989,0.005,0.006
12990,0.004,0.006
12991,0.005,0.006
12992,0.004,0.006
12993,0.004,0.006
12994,0.005,0.006
12995,0.004,0.006
12996,0.004,0.005
12997,0.004,0.006
12998,0.004,0.005
12999,0.005,0.006
13000,0.005,0.006
13001,0.004,0.006
13002,0.005,0.006
13003,0.004,0.005
13004,0.004,0.006
13005,0.004,0.006
13006,0.004,0.006
13007,0.004,0.006
13008,0.004,0.005
13009,0.005,0.006
13010,0.004,0.006
13011,0.004,0.006
13012,0.004,0.006
13013,0.004,0.006
13014,0.004,0.006
13015,0.005,0.006
13016,0.004,0.006
13017,0.004,0.006
13018,0.004,0.006
13019,0.004,0.006
13020,0.005,0.006
13021,0.004,0.006
13022,0.004,0.006
13023,0.004,0.006
13024,0.004,0.006
13025,0.004,0.006
13026,0.004,0.006
13027,0.004,0.005
13028,0.004,0.006
13029,0.004,0.006
13030,0.004,0.006
13031,0.005,0.006
13032,0.004,0.006
13033,0.004,0.006
13034,0.005,0.006
13035,0.005,0.006
13036,0.004,0.006
13037,0.004,0.006
13038,0.004,0.006
13039,0.004,0.006
13040,0.004,0.006
13041,0.004,0.006
13042,0.004,0.006
13043,0.004,0.006
13044,0.004,0.006
13045,0.004,0.006
13046,0.004,0.005
13047,0.004,0.006
13048,0.004,0.006
13049,0.004,0.006
13050,0.004,0.006
13051,0.004,0.006
13052,0.004,0.006
13053,0.004,0.006
13054,0.004,0.005
13055,0.004,0.006
13056,0.004,0.006
13057,0.004,0.006
13058,0.005,0.006
13059,0.004,0.006
13060,0.004,0.006
13061,0.004,0.006
13062,0.004,0.005
13063,0.004,0.005
13064,0.004,0.006
13065,0.004,0.005
13066,0.004,0.006
13067,0.004,0.006
13068,0.004,0.006
13069,0.004,0.006
13070,0.005,0.006
13071,0.004,0.006
13072,0.004,0.006
13073,0.004,0.006
13074,0.004,0.005
13075,0.005,0.006
13076,0.005,0.006
13077,0.004,0.006
13078,0.005,0.006
13079,0.004,0.006
13080,0.004,0.006
13081,0.004,0.006
13082,0.005,0.006
13083,0.004,0.006
13084,0.004,0.005
13085,0.004,0.006
13086,0.004,0.005
13087,0.004,0.006
13088,0.004,0.005
13089,0.004,0.005
13090,0.004,0.005
13091,0.004,0.006
13092,0.004,0.005
13093,0.004,0.006
13094,0.004,0.006
13095,0.004,0.006
13096,0.004,0.006
13097,0.005,0.006
13098,0.004,0.006
13099,0.004,0.006
13100,0.004,0.006
13101,0.004,0.005
13102,0.004,0.006
13103,0.004,0.006
13104,0.004,0.006
13105,0.004,0.005
13106,0.004,0.005
13107,0.004,0.006
13108,0.005,0.006
13109,0.004,0.006
13110,0.004,0.006
13111,0.004,0.006
13112,0.005,0.006
13113,0.005,0.006
13114,0.004,0.006
13115,0.004,0.006
13116,0.004,0.006
13117,0.004,0.005
13118,0.004,0.006
13119,0.005,0.006
13120,0.004,0.006
13121,0.004,0.006
13122,0.004,0.006
13123,0.004,0.006
13124,0.004,0.006
13125,0.004,0.006
13126,0.004,0.006
13127,0.004,0.006
13128,0.004,0.005
13129,0.005,0.006
13130,0.004,0.006
13131,0.005,0.006
13132,0.004,0.006
13133,0.004,0.005
13134,0.005,0.006
13135,0.004,0.006
13136,0.004,0.006
13137,0.004,0.006
13138,0.004,0.006
13139,0.004,0.005
13140,0.004,0.005
13141,0.004,0.006
13142,0.004,0.006
13143,0.004,0.006
13144,0.004,0.006
13145,0.004,0.006
13146,0.004,0.005
13147,0.004,0.005
13148,0.004,0.006
13149,0.004,0.006
13150,0.004,0.005
13151,0.004,0.006
13152,0.004,0.006
13153,0.004,0.006
13154,0.004,0.006
13155,0.004,0.006
13156,0.004,0.006
13157,0.004,0.006
13158,0.004,0.006
13159,0.004,0.006
13160,0.004,0.006
13161,0.004,0.006
13162,0.005,0.006
13163,0.005,0.006
13164,0.004,0.006
13165,0.004,0.005
13166,0.004,0.006
13167,0.004,0.006
13168,0.004,0.006
13169,0.005,0.006
13170,0.004,0.006
13171,0.004,0.006
13172,0.004,0.006
13173,0.004,0.006
13174,0.004,0.006
13175,0.004,0.006
13176,0.004,0.006
13177,0.004,0.006
13178,0.004,0.006
13179,0.004,0.006
13180,0.004,0.005
13181,0.004,0.006
13182,0.005,0.006
13183,0.005,0.006
13184,0.004,0.006
13185,0.004,0.005
13186,0.004,0.006
13187,0.005,0.006
13188,0.004,0.006
13189,0.004,0.006
13190,0.005,0.006
13191,0.004,0.006
13192,0.005,0.006
13193,0.004,0.005
13194,0.004,0.006
13195,0.004,0.006
13196,0.004,0.006
13197,0.004,0.005
13198,0.004,0.006
13199,0.004,0.006
13200,0.004,0.006
13201,0.005,0.006
13202,0.004,0.006
13203,0.004,0.005
13204,0.004,0.005
13205,0.004,0.006
13206,0.004,0.006
13207,0.004,0.006
13208,0.004,0.006
13209,0.004,0.006
13210,0.004,0.006
13211,0.004,0.005
13212,0.004,0.006
13213,0.004,0.006
13214,0.004,0.006
13215,0.004,0.006
13216,0.004,0.005
13217,0.004,0.006
13218,0.004,0.006
13219,0.004,0.006
13220,0.004,0.006
13221,0.004,0.005
13222,0.004,0.005
13223,0.004,0.006
13224,0.004,0.006
13225,0.004,0.006
13226,0.004,0.006
13227,0.004,0.006
13228,0.004,0.006
13229,0.004,0.005
13230,0.004,0.006
13231,0.005,0.006
13232,0.004,0.006
13233,0.004,0.006
13234,0.004,0.006
13235,0.004,0.005
13236,0.004,0.006
13237,0.004,0.006
13238,0.004,0.005
13239,0.004,0.006
13240,0.004,0.006
13241,0.005,0.006
13242,0.004,0.006
13243,0.005,0.006
13244,0.004,0.006
13245,0.004,0.006
13246,0.004,0.006
13247,0.004,0.006
13248,0.004,0.006
13249,0.004,0.006
13250,0.004,0.006
13251,0.004,0.005
13252,0.004,0.006
13253,0.004,0.006
13254,0.004,0.006
13255,0.004,0.006
13256,0.004,0.006
13257,0.004,0.005
13258,0.004,0.005
13259,0.004,0.006
13260,0.004,0.006
13261,0.004,0.006
13262,0.005,0.006
13263,0.004,0.006
13264,0.004,0.006
13265,0.004,0.006
13266,0.004,0.006
13267,0.004,0.006
13268,0.004,0.005
13269,0.004,0.006
13270,0.005,0.006
13271,0.004,0.006
13272,0.005,0.006
13273,0.004,0.006
13274,0.004,0.005
13275,0.004,0.006
13276,0.004,0.005
13277,0.005,0.006
13278,0.004,0.006
13279,0.004,0.005
13280,0.005,0.006
13281,0.004,0.006
13282,0.004,0.006
13283,0.004,0.006
13284,0.004,0.005
13285,0.004,0.006
13286,0.004,0.006
13287,0.004,0.006
13288,0.004,0.006
13289,0.004,0.006
13290,0.004,0.005
13291,0.004,0.005
13292,0.004,0.005
13293,0.004,0.005
13294,0.005,0.006
13295,0.004,0.006
13296,0.005,0.006
13297,0.005,0.006
13298,0.004,0.006
13299,0.004,0.006
13300,0.004,0.006
13301,0.005,0.006
13302,0.004,0.006
13303,0.004,0.006
13304,0.004,0.005
13305,0.004,0.006
13306,0.005,0.006
13307,0.005,0.006
13308,0.004,0.006
13309,0.005,0.006
13310,0.005,0.006
13311,0.004,0.006
13312,0.004,0.005
13313,0.004,0.006
13314,0.004,0.006
13315,0.004,0.006
13316,0.004,0.006
13317,0.005,0.006
13318,0.005,0.006
13319,0.004,0.006
13320,0.005,0.006
13321,0.004,0.006
13322,0.004,0.005
13323,0.004,0.006
13324,0.004,0.006
13325,0.004,0.006
13326,0.004,0.005
13327,0.004,0.006
13328,0.004,0.006
13329,0.004,0.005
13330,0.004,0.006
13331,0.004,0.006
13332,0.004,0.006
13333,0.005,0.006
13334,0.004,0.006
13335,0.005,0.006
13336,0.005,0.006
13337,0.004,0.006
13338,0.004,0.005
13339,0.004,0.006
13340,0.004,0.006
13341,0.004,0.006
13342,0.005,0.006
13343,0.004,0.006
13344,0.004,0.006
13345,0.004,0.005
13346,0.004,0.006
13347,0.004,0.006
13348,0.004,0.006
13349,0.005,0.006
13350,0.004,0.005
13351,0.004,0.006
13352,0.004,0.006
13353,0.004,0.006
13354,0.005,0.006
13355,0.004,0.005
13356,0.004,0.006
13357,0.005,0.006
13358,0.005,0.006
13359,0.005,0.006
13360,0.005,0.006
13361,0.004,0.006
13362,0.004,0.005
13363,0.004,0.005
13364,0.004,0.005
13365,0.004,0.005
13366,0.004,0.006
13367,0.004,0.006
13368,0.004,0.006
13369,0.004,0.006
13370,0.004,0.006
13371,0.004,0.006
13372,0.004,0.006
13373,0.004,0.006
13374,0.005,0.006
13375,0.004,0.005
13376,0.004,0.006
13377,0.004,0.006
13378,0.005,0.006
13379,0.005,0.006
13380,0.004,0.006
13381,0.004,0.006
13382,0.004,0.005
13383,0.004,0.006
13384,0.004,0.006
13385,0.004,0.006
13386,0.004,0.005
13387,0.004,0.006
13388,0.005,0.006
13389,0.005,0.006
13390,0.004,0.006
13391,0.004,0.006
13392,0.004,0.006
13393,0.004,0.006
13394,0.004,0.006
13395,0.004,0.006
13396,0.004,0.006
13397,0.005,0.006
13398,0.004,0.006
13399,0.004,0.006
13400,0.004,0.006
13401,0.004,0.006
13402,0.004,0.006
13403,0.004,0.005
13404,0.004,0.005
13405,0.004,0.006
13406,0.004,0.006
13407,0.004,0.005
13408,0.004,0.006
13409,0.004,0.006
13410,0.004,0.006
13411,0.005,0.006
13412,0.004,0.005
13413,0.004,0.006
13414,0.005,0.006
13415,0.004,0.006
13416,0.004,0.006
13417,0.004,0.006
13418,0.005,0.006
13419,0.004,0.006
13420,0.005,0.006
13421,0.004,0.006
13422,0.005,0.006
13423,0.004,0.006
13424,0.004,0.006
13425,0.004,0.006
13426,0.004,0.005
13427,0.005,0.006
13428,0.005,0.006
13429,0.004,0.005
13430,0.005,0.006
13431,0.004,0.006
13432,0.004,0.005
13433,0.004,0.006
13434,0.005,0.006
13435,0.004,0.006
13436,0.004,0.006
13437,0.004,0.006
13438,0.004,0.006
13439,0.004,0.006
13440,0.004,0.005
13441,0.005,0.006
13442,0.004,0.006
13443,0.004,0.006
13444,0.004,0.006
13445,0.004,0.006
13446,0.004,0.006
13447,0.004,0.005
13448,0.004,0.006
13449,0.004,0.006
13450,0.004,0.005
13451,0.005,0.006
13452,0.004,0.006
13453,0.004,0.006
13454,0.004,0.006
13455,0.004,0.005
13456,0.004,0.006
13457,0.005,0.006
13458,0.004,0.006
13459,0.004,0.006
13460,0.004,0.006
13461,0.004,0.006
13462,0.004,0.006
13463,0.005,0.006
13464,0.004,0.005
13465,0.005,0.006
13466,0.004,0.006
13467,0.004,0.006
13468,0.004,0.005
13469,0.004,0.005
13470,0.004,0.006
13471,0.005,0.006
13472,0.004,0.006
13473,0.004,0.005
13474,0.004,0.005
13475,0.004,0.006
13476,0.004,0.006
13477,0.004,0.006
13478,0.004,0.006
13479,0.004,0.006
13480,0.004,0.006
13481,0.004,0.005
13482,0.005,0.006
13483,0.005,0.006
13484,0.004,0.006
13485,0.004,0.005
13486,0.004,0.006
13487,0.005,0.006
13488,0.004,0.006
13489,0.004,0.006
13490,0.005,0.006
13491,0.004,0.006
13492,0.004,0.006
13493,0.004,0.006
13494,0.004,0.005
13495,0.004,0.006
13496,0.004,0.005
13497,0.004,0.006
13498,0.004,0.005
13499,0.004,0.006
13500,0.004,0.006
13501,0.004,0.006
13502,0.005,0.006
13503,0.005,0.006
13504,0.004,0.006
13505,0.005,0.006
13506,0.004,0.006
13507,0.004,0.006
13508,0.004,0.006
13509,0.004,0.006
13510,0.004,0.006
13511,0.004,0.006
13512,0.004,0.006
13513,0.004,0.005
13514,0.004,0.005
13515,0.004,0.006
13516,0.004,0.006
13517,0.005,0.006
13518,0.004,0.006
13519,0.004,0.005
13520,0.004,0.006
13521,0.004,0.006
13522,0.004,0.005
13523,0.004,0.006
13524,0.004,0.006
13525,0.004,0.006
13526,0.004,0.005
13527,0.004,0.005
13528,0.005,0.006
13529,0.005,0.006
13530,0.005,0.006
13531,0.004,0.006
13532,0.004,0.005
13533,0.005,0.006
13534,0.004,0.005
13535,0.005,0.006
13536,0.004,0.005
13537,0.004,0.005
13538,0.004,0.005
13539,0.005,0.006
13540,0.004,0.005
13541,0.004,0.006
13542,0.005,0.006
13543,0.004,0.005
13544,0.004,0.006
13545,0.004,0.006
13546,0.005,0.006
13547,0.004,0.006
13548,0.004,0.006
13549,0.004,0.006
13550,0.004,0.005
13551,0.005,0.006
13552,0.004,0.006
13553,0.005,0.006
13554,0.004,0.006
13555,0.004,0.006
13556,0.004,0.006
13557,0.004,0.006
13558,0.005,0.006
13559,0.004,0.006
13560,0.004,0.006
13561,0.004,0.006
13562,0.004,0.006
13563,0.004,0.006
13564,0.005,0.006
13565,0.005,0.006
13566,0.004,0.006
13567,0.004,0.006
13568,0.005,0.006
13569,0.004,0.006
13570,0.004,0.006
13571,0.004,0.005
13572,0.004,0.006
13573,0.004,0.006
13574,0.004,0.005
13575,0.004,0.006
13576,0.004,0.006
13577,0.004,0.006
13578,0.004,0.006
13579,0.004,0.006
13580,0.005,0.006
13581,0.004,0.006
13582,0.004,0.006
13583,0.004,0.006
13584,0.004,0.006
13585,0.004,0.006
13586,0.004,0.005
13587,0.004,0.006
13588,0.004,0.006
13589,0.005,0.006
13590,0.004,0.006
13591,0.004,0.006
13592,0.004,0.006
13593,0.004,0.005
13594,0.005,0.006
13595,0.004,0.006
13596,0.004,0.006
13597,0.004,0.006
13598,0.004,0.006
13599,0.004,0.005
13600,0.005,0.006
13601,0.004,0.005
13602,0.004,0.006
13603,0.004,0.006
13604,0.004,0.005
13605,0.004,0.006
13606,0.004,0.006
13607,0.004,0.006
13608,0.004,0.006
13609,0.004,0.006
13610,0.004,0.006
13611,0.005,0.006
13612,0.004,0.006
13613,0.004,0.006
13614,0.004,0.006
13615,0.004,0.006
13616,0.004,0.006
13617,0.004,0.005
13618,0.004,0.006
13619,0.004,0.006
13620,0.004,0.006
13621,0.004,0.006
13622,0.004,0.006
13623,0.004,0.006
13624,0.004,0.006
13625,0.004,0.005
13626,0.004,0.005
13627,0.004,0.006
13628,0.004,0.006
13629,0.004,0.006
13630,0.004,0.006
13631,0.004,0.006
13632,0.004,0.005
13633,0.004,0.006
13634,0.004,0.006
13635,0.004,0.006
13636,0.004,0.005
13637,0.005,0.006
13638,0.005,0.006
13639,0.004,0.006
13640,0.005,0.006
13641,0.004,0.006
13642,0.004,0.006
13643,0.004,0.006
13644,0.004,0.006
13645,0.004,0.005
13646,0.004,0.005
13647,0.004,0.006
13648,0.004,0.006
13649,0.004,0.006
13650,0.004,0.006
13651,0.004,0.006
13652,0.004,0.005
13653,0.004,0.006
13654,0.005,0.006
13655,0.004,0.005
13656,0.004,0.006
13657,0.004,0.006
13658,0.004,0.006
13659,0.005,0.006
13660,0.004,0.006
13661,0.004,0.005
13662,0.004,0.005
13663,0.005,0.006
13664,0.004,0.006
13665,0.004,0.005
13666,0.004,0.006
13667,0.004,0.006
13668,0.004,0.006
13669,0.005,0.006
13670,0.005,0.006
13671,0.004,0.006
13672,0.004,0.005
13673,0.004,0.006
13674,0.004,0.006
13675,0.005,0.006
13676,0.004,0.006
13677,0.004,0.006
13678,0.005,0.006
13679,0.005,0.006
13680,0.004,0.005
13681,0.004,0.005
13682,0.004,0.006
13683,0.004,0.006
13684,0.004,0.006
13685,0.004,0.006
13686,0.004,0.006
13687,0.004,0.005
13688,0.004,0.006
13689,0.004,0.006
13690,0.004,0.006
13691,0.004,0.005
13692,0.005,0.006
13693,0.004,0.005
13694,0.004,0.006
13695,0.004,0.006
13696,0.004,0.006
13697,0.004,0.006
13698,0.004,0.006
13699,0.004,0.005
13700,0.004,0.006
13701,0.004,0.006
13702,0.004,0.006
13703,0.005,0.006
13704,0.005,0.006
13705,0.004,0.006
13706,0.004,0.005
13707,0.004,0.005
13708,0.004,0.006
13709,0.004,0.006
13710,0.004,0.006
13711,0.004,0.006
13712,0.004,0.005
13713,0.004,0.006
13714,0.004,0.006
13715,0.004,0.006
13716,0.004,0.005
13717,0.005,0.006
13718,0.004,0.006
13719,0.004,0.006
13720,0.005,0.006
13721,0.004,0.006
13722,0.004,0.006
13723,0.004,0.006
13724,0.004,0.006
13725,0.004,0.006
13726,0.004,0.005
13727,0.004,0.005
13728,0.004,0.006
13729,0.004,0.006
13730,0.005,0.006
13731,0.004,0.006
13732,0.004,0.005
13733,0.004,0.006
13734,0.004,0.006
13735,0.004,0.006
13736,0.004,0.006
13737,0.004,0.006
13738,0.004,0.006
13739,0.005,0.006
13740,0.005,0.006
13741,0.004,0.005
13742,0.004,0.006
13743,0.004,0.006
13744,0.004,0.006
13745,0.004,0.006
13746,0.004,0.006
13747,0.004,0.006
13748,0.004,0.006
13749,0.004,0.005
13750,0.004,0.006
13751,0.005,0.006
13752,0.004,0.006
13753,0.005,0.006
13754,0.005,0.006
13755,0.004,0.006
13756,0.004,0.006
13757,0.004,0.006
13758,0.004,0.005
13759,0.005,0.006
13760,0.004,0.006
13761,0.004,0.006
13762,0.005,0.006
13763,0.004,0.005
13764,0.004,0.006
13765,0.004,0.006
13766,0.004,0.005
13767,0.004,0.006
13768,0.004,0.006
13769,0.004,0.006
13770,0.004,0.006
13771,0.004,0.005
13772,0.004,0.006
13773,0.004,0.005
13774,0.004,0.006
13775,0.004,0.006
13776,0.004,0.005
13777,0.005,0.006
13778,0.004,0.006
13779,0.004,0.006
13780,0.004,0.006
13781,0.005,0.006
13782,0.005,0.006
13783,0.005,0.006
13784,0.004,0.006
13785,0.004,0.006
13786,0.004,0.006
13787,0.004,0.006
13788,0.004,0.006
13789,0.004,0.006
13790,0.005,0.006
13791,0.005,0.006
13792,0.005,0.006
13793,0.004,0.006
13794,0.004,0.006
13795,0.004,0.005
13796,0.004,0.006
13797,0.004,0.006
13798,0.005,0.006
13799,0.004,0.006
13800,0.005,0.006
13801,0.004,0.006
13802,0.004,0.006
13803,0.004,0.006
13804,0.004,0.005
13805,0.004,0.006
13806,0.004,0.006
13807,0.004,0.005
13808,0.004,0.006
13809,0.004,0.006
13810,0.004,0.006
13811,0.004,0.006
13812,0.004,0.006
13813,0.004,0.006
13814,0.004,0.006
13815,0.005,0.006
13816,0.004,0.006
13817,0.005,0.006
13818,0.004,0.006
13819,0.004,0.006
13820,0.004,0.006
13821,0.004,0.006
13822,0.004,0.006
13823,0.004,0.006
13824,0.004,0.006
13825,0.004,0.006
13826,0.005,0.006
13827,0.005,0.006
13828,0.004,0.006
13829,0.005,0.006
13830,0.005,0.006
13831,0.004,0.006
13832,0.005,0.006
13833,0.004,0.006
13834,0.005,0.006
13835,0.004,0.006
13836,0.005,0.006
13837,0.004,0.006
13838,0.004,0.006
13839,0.004,0.005
13840,0.005,0.006
13841,0.004,0.005
13842,0.004,0.006
13843,0.004,0.006
13844,0.005,0.006
13845,0.004,0.005
13846,0.005,0.006
13847,0.004,0.006
13848,0.004,0.006
13849,0.004,0.005
13850,0.004,0.006
13851,0.004,0.006
13852,0.004,0.006
13853,0.005,0.006
13854,0.005,0.006
13855,0.005,0.006
13856,0.004,0.005
13857,0.004,0.005
13858,0.004,0.006
13859,0.004,0.006
13860,0.004,0.006
13861,0.004,0.006
13862,0.004,0.005
13863,0.004,0.006
13864,0.004,0.005
13865,0.005,0.006
13866,0.004,0.005
13867,0.005,0.006
13868,0.004,0.006
13869,0.004,0.005
13870,0.004,0.005
13871,0.004,0.006
13872,0.004,0.006
13873,0.004,0.006
13874,0.004,0.005
13875,0.004,0.006
13876,0.004,0.005
13877,0.004,0.006
13878,0.004,0.006
13879,0.004,0.006
13880,0.004,0.006
13881,0.005,0.006
13882,0.004,0.006
13883,0.004,0.005
13884,0.004,0.006
13885,0.005,0.006
13886,0.004,0.006
13887,0.004,0.005
13888,0.004,0.006
13889,0.004,0.006
13890,0.004,0.006
13891,0.004,0.006
13892,0.004,0.006
13893,0.004,0.005
13894,0.004,0.006
13895,0.004,0.005
13896,0.004,0.006
13897,0.004,0.006
13898,0.004,0.006
13899,0.005,0.006
13900,0.005,0.006
13901,0.004,0.005
13902,0.004,0.006
13903,0.004,0.006
13904,0.004,0.006
13905,0.004,0.006
13906,0.004,0.005
13907,0.005,0.006
13908,0.004,0.006
13909,0.004,0.006
13910,0.004,0.006
13911,0.004,0.006
13912,0.004,0.006
13913,0.004,0.006
13914,0.005,0.006
13915,0.004,0.005
13916,0.004,0.006
13917,0.004,0.006
13918,0.004,0.006
13919,0.004,0.006
13920,0.004,0.006
13921,0.004,0.006
13922,0.004,0.006
13923,0.004,0.005
13924,0.004,0.006
13925,0.005,0.006
13926,0.004,0.006
13927,0.004,0.006
13928,0.004,0.006
13929,0.005,0.006
13930,0.004,0.005
13931,0.005,0.006
13932,0.004,0.006
13933,0.004,0.006
13934,0.004,0.006
13935,0.004,0.006
13936,0.004,0.006
13937,0.004,0.005
13938,0.004,0.006
13939,0.004,0.006
13940,0.004,0.006
13941,0.004,0.006
13942,0.004,0.006
13943,0.004,0.006
13944,0.004,0.006
13945,0.004,0.006
13946,0.004,0.006
13947,0.004,0.006
13948,0.004,0.006
13949,0.004,0.006
13950,0.004,0.006
13951,0.005,0.006
13952,0.004,0.005
13953,0.004,0.006
13954,0.004,0.006
13955,0.004,0.005
13956,0.004,0.005
13957,0.004,0.006
13958,0.004,0.006
13959,0.004,0.006
13960,0.004,0.006
13961,0.004,0.006
13962,0.004,0.006
13963,0.004,0.006
13964,0.005,0.006
13965,0.005,0.006
13966,0.005,0.006
13967,0.005,0.006
13968,0.004,0.005
13969,0.004,0.006
13970,0.004,0.005
13971,0.004,0.006
13972,0.005,0.006
13973,0.005,0.006
13974,0.004,0.005
13975,0.004,0.006
13976,0.004,0.005
13977,0.005,0.006
13978,0.004,0.006
13979,0.004,0.006
13980,0.004,0.006
13981,0.004,0.005
13982,0.004,0.005
13983,0.004,0.005
13984,0.004,0.006
13985,0.004,0.006
13986,0.004,0.006
13987,0.004,0.006
13988,0.004,0.006
13989,0.004,0.006
13990,0.004,0.006
13991,0.005,0.006
13992,0.004,0.006
13993,0.005,0.006
13994,0.004,0.006
13995,0.004,0.005
13996,0.004,0.006
13997,0.004,0.006
13998,0.004,0.006
13999,0.005,0.006
14000,0.004,0.006
14001,0.004,0.006
14002,0.004,0.006
14003,0.004,0.006
14004,0.004,0.006
14005,0.004,0.006
14006,0.004,0.005
14007,0.004,0.005
14008,0.004,0.006
14009,0.004,0.006
14010,0.004,0.005
14011,0.004,0.006
14012,0.004,0.006
14013,0.005,0.006
14014,0.004,0.005
14015,0.004,0.006
14016,0.004,0.006
14017,0.004,0.006
14018,0.004,0.006
14019,0.004,0.005
14020,0.004,0.005
14021,0.004,0.005
14022,0.004,0.006
14023,0.004,0.006
14024,0.004,0.006
14025,0.004,0.006
14026,0.004,0.006
14027,0.004,0.006
14028,0.004,0.006
14029,0.004,0.006
14030,0.004,0.005
14031,0.005,0.006
14032,0.004,0.006
14033,0.004,0.005
14034,0.004,0.005
14035,0.004,0.005
14036,0.004,0.006
14037,0.004,0.006
14038,0.004,0.006
14039,0.004,0.005
14040,0.004,0.005
14041,0.004,0.006
14042,0.004,0.005
14043,0.004,0.006
14044,0.004,0.006
14045,0.004,0.006
14046,0.004,0.006
14047,0.004,0.006
14048,0.004,0.005
14049,0.004,0.005
14050,0.004,0.006
14051,0.004,0.005
14052,0.004,0.006
14053,0.005,0.006
14054,0.004,0.006
14055,0.004,0.006
14056,0.004,0.006
14057,0.004,0.006
14058,0.004,0.006
14059,0.004,0.006
14060,0.004,0.006
14061,0.004,0.006
14062,0.004,0.006
14063,0.004,0.006
14064,0.004,0.006
14065,0.005,0.006
14066,0.004,0.006
14067,0.004,0.006
14068,0.005,0.006
14069,0.004,0.006
14070,0.005,0.006
14071,0.004,0.006
14072,0.004,0.006
14073,0.004,0.005
14074,0.004,0.006
14075,0.004,0.006
14076,0.004,0.006
14077,0.005,0.006
14078,0.004,0.006
14079,0.004,0.006
14080,0.004,0.006
14081,0.004,0.006
14082,0.004,0.006
14083,0.004,0.006
14084,0.004,0.005
14085,0.004,0.005
14086,0.004,0.005
14087,0.004,0.006
14088,0.004,0.006
14089,0.004,0.006
14090,0.004,0.006
14091,0.004,0.006
14092,0.004,0.006
14093,0.004,0.006
14094,0.004,0.006
14095,0.004,0.006
14096,0.004,0.006
14097,0.004,0.006
14098,0.005,0.006
14099,0.004,0.005
14100,0.004,0.006
14101,0.004,0.005
14102,0.004,0.005
14103,0.005,0.006
14104,0.004,0.006
14105,0.004,0.005
14106,0.004,0.005
14107,0.004,0.006
14108,0.004,0.006
14109,0.004,0.006
14110,0.004,0.006
14111,0.005,0.006
14112,0.005,0.006
14113,0.004,0.006
14114,0.005,0.006
14115,0.005,0.006
14116,0.005,0.006
14117,0.004,0.006
14118,0.004,0.006
14119,0.004,0.006
14120,0.005,0.006
14121,0.004,0.006
14122,0.005,0.006
14123,0.004,0.006
14124,0.004,0.006
14125,0.004,0.006
14126,0.004,0.006
14127,0.004,0.006
14128,0.004,0.006
14129,0.005,0.006
14130,0.004,0.006
14131,0.004,0.005
14132,0.004,0.006
14133,0.004,0.005
14134,0.005,0.006
14135,0.005,0.006
14136,0.004,0.006
14137,0.005,0.006
14138,0.004,0.006
14139,0.004,0.006
14140,0.004,0.006
14141,0.004,0.006
14142,0.005,0.006
14143,0.004,0.006
14144,0.004,0.005
14145,0.004,0.006
14146,0.004,0.006
14147,0.004,0.006
14148,0.004,0.006
14149,0.004,0.006
14150,0.004,0.006
14151,0.005,0.006
14152,0.004,0.006
14153,0.004,0.005
14154,0.004,0.006
14155,0.004,0.006
14156,0.004,0.006
14157,0.005,0.006
14158,0.004,0.006
14159,0.004,0.006
14160,0.004,0.006
14161,0.004,0.006
14162,0.004,0.006
14163,0.004,0.006
14164,0.004,0.005
14165,0.004,0.006
14166,0.004,0.006
14167,0.004,0.005
14168,0.004,0.006
14169,0.004,0.005
14170,0.004,0.006
14171,0.004,0.005
14172,0.004,0.005
14173,0.004,0.005
14174,0.004,0.006
14175,0.004,0.005
14176,0.004,0.005
14177,0.005,0.006
14178,0.004,0.005
14179,0.004,0.006
14180,0.004,0.006
14181,0.004,0.006
14182,0.004,0.006
14183,0.004,0.006
14184,0.004,0.006
14185,0.004,0.006
14186,0.004,0.006
14187,0.005,0.006
14188,0.005,0.006
14189,0.004,0.006
14190,0.004,0.006
14191,0.005,0.006
14192,0.004,0.006
14193,0.004,0.006
14194,0.004,0.006
14195,0.004,0.006
14196,0.005,0.006
14197,0.005,0.006
14198,0.004,0.006
14199,0.005,0.006
14200,0.004,0.006
14201,0.004,0.006
14202,0.004,0.006
14203,0.004,0.006
14204,0.005,0.006
14205,0.004,0.005
14206,0.004,0.005
14207,0.004,0.005
14208,0.004,0.006
14209,0.004,0.006
14210,0.004,0.006
14211,0.004,0.006
14212,0.004,0.006
14213,0.004,0.006
14214,0.005,0.006
14215,0.004,0.005
14216,0.005,0.006
14217,0.004,0.006
14218,0.004,0.006
14219,0.004,0.006
14220,0.004,0.006
14221,0.004,0.006
14222,0.005,0.006
14223,0.005,0.006
14224,0.004,0.006
14225,0.004,0.005
14226,0.004,0.006
14227,0.004,0.006
14228,0.004,0.006
14229,0.005,0.006
14230,0.004,0.006
14231,0.004,0.006
14232,0.005,0.006
14233,0.004,0.006
14234,0.005,0.006
14235,0.005,0.006
14236,0.005,0.006
14237,0.004,0.006
14238,0.005,0.006
14239,0.004,0.006
14240,0.004,0.006
14241,0.004,0.006
14242,0.004,0.006
14243,0.004,0.006
14244,0.004,0.006
14245,0.004,0.006
14246,0.005,0.006
14247,0.004,0.006
14248,0.004,0.006
14249,0.004,0.006
14250,0.004,0.006
14251,0.005,0.006
14252,0.004,0.006
14253,0.005,0.006
14254,0.004,0.006
14255,0.004,0.005
14256,0.004,0.006
14257,0.004,0.006
14258,0.004,0.006
14259,0.004,0.005
14260,0.004,0.006
14261,0.004,0.005
14262,0.004,0.005
14263,0.004,0.006
14264,0.004,0.006
14265,0.004,0.005
14266,0.004,0.006
14267,0.004,0.006
14268,0.004,0.006
14269,0.004,0.006
14270,0.004,0.005
14271,0.004,0.005
14272,0.004,0.005
14273,0.004,0.006
14274,0.004,0.006
14275,0.004,0.006
14276,0.004,0.005
14277,0.004,0.005
14278,0.004,0.006
14279,0.005,0.006
14280,0.004,0.006
14281,0.004,0.005
14282,0.004,0.006
14283,0.005,0.006
14284,0.004,0.006
14285,0.004,0.005
14286,0.004,0.006
14287,0.004,0.006
14288,0.004,0.006
14289,0.004,0.006
14290,0.004,0.006
14291,0.004,0.005
14292,0.004,0.006
14293,0.004,0.006
14294,0.004,0.006
14295,0.005,0.006
14296,0.004,0.005
14297,0.004,0.006
14298,0.004,0.006
14299,0.005,0.006
14300,0.004,0.005
14301,0.004,0.006
14302,0.004,0.006
14303,0.004,0.006
14304,0.004,0.006
14305,0.004,0.006
14306,0.004,0.006
14307,0.004,0.005
14308,0.004,0.006
14309,0.004,0.005
14310,0.004,0.006
14311,0.004,0.005
14312,0.004,0.006
14313,0.004,0.005
14314,0.004,0.005
14315,0.004,0.005
14316,0.005,0.006
14317,0.005,0.006
14318,0.005,0.006
14319,0.004,0.006
14320,0.004,0.005
14321,0.004,0.006
14322,0.004,0.006
14323,0.004,0.006
14324,0.004,0.005
14325,0.004,0.005
14326,0.004,0.006
14327,0.005,0.006
14328,0.004,0.006
14329,0.004,0.006
14330,0.004,0.005
14331,0.004,0.005
14332,0.004,0.006
14333,0.005,0.006
14334,0.005,0.006
14335,0.004,0.005
14336,0.004,0.006
14337,0.004,0.006
14338,0.004,0.006
14339,0.004,0.005
14340,0.004,0.006
14341,0.005,0.006
14342,0.004,0.005
14343,0.004,0.006
14344,0.004,0.006
14345,0.004,0.006
14346,0.005,0.006
14347,0.004,0.006
14348,0.004,0.005
14349,0.004,0.006
14350,0.004,0.006
14351,0.004,0.006
14352,0.004,0.005
14353,0.004,0.006
14354,0.005,0.006
14355,0.004,0.006
14356,0.004,0.005
14357,0.004,0.006
14358,0.004,0.005
14359,0.004,0.006
14360,0.004,0.006
14361,0.004,0.006
14362,0.004,0.006
14363,0.005,0.006
14364,0.004,0.005
14365,0.004,0.006
14366,0.004,0.005
14367,0.004,0.005
14368,0.004,0.006
14369,0.004,0.006
14370,0.004,0.006
14371,0.004,0.005
14372,0.004,0.006
14373,0.004,0.006
14374,0.004,0.006
14375,0.004,0.006
14376,0.004,0.006
14377,0.004,0.006
14378,0.004,0.006
14379,0.005,0.006
14380,0.004,0.005
14381,0.004,0.005
14382,0.004,0.006
14383,0.005,0.006
14384,0.005,0.006
14385,0.005,0.006
14386,0.005,0.006
14387,0.005,0.006
14388,0.004,0.006
14389,0.004,0.006
14390,0.004,0.006
14391,0.004,0.006
14392,0.005,0.006
14393,0.004,0.005
14394,0.004,0.005
14395,0.004,0.006
14396,0.004,0.005
14397,0.004,0.006
14398,0.004,0.006
14399,0.004,0.006
14400,0.004,0.006
14401,0.004,0.006
14402,0.004,0.006
14403,0.004,0.005
14404,0.004,0.006
14405,0.004,0.005
14406,0.005,0.006
14407,0.005,0.006
14408,0.004,0.006
14409,0.005,0.006
14410,0.005,0.006
14411,0.004,0.006
14412,0.004,0.006
14413,0.004,0.006
14414,0.004,0.005
14415,0.004,0.005
14416,0.004,0.006
14417,0.004,0.005
14418,0.004,0.006
14419,0.004,0.006
14420,0.004,0.006
14421,0.004,0.006
14422,0.005,0.006
14423,0.004,0.006
14424,0.004,0.006
14425,0.005,0.006
14426,0.005,0.006
14427,0.004,0.005
14428,0.004,0.006
14429,0.004,0.005
14430,0.004,0.006
14431,0.004,0.006
14432,0.004,0.005
14433,0.004,0.006
14434,0.005,0.006
14435,0.004,0.006
14436,0.004,0.006
14437,0.005,0.006
14438,0.005,0.006
14439,0.004,0.006
14440,0.004,0.006
14441,0.004,0.005
14442,0.004,0.005
14443,0.005,0.006
14444,0.004,0.006
14445,0.004,0.006
14446,0.004,0.006
14447,0.004,0.006
14448,0.004,0.006
14449,0.004,0.006
14450,0.004,0.005
14451,0.005,0.006
14452,0.004,0.006
14453,0.004,0.006
14454,0.004,0.006
14455,0.005,0.006
14456,0.005,0.006
14457,0.005,0.006
14458,0.005,0.006
14459,0.004,0.005
14460,0.004,0.006
14461,0.005,0.006
14462,0.005,0.006
14463,0.004,0.006
14464,0.004,0.006
14465,0.004,0.006
14466,0.004,0.005
14467,0.005,0.006
14468,0.005,0.006
14469,0.004,0.006
14470,0.004,0.005
14471,0.005,0.006
14472,0.004,0.006
14473,0.004,0.006
14474,0.005,0.006
14475,0.004,0.006
14476,0.004,0.005
14477,0.004,0.006
14478,0.004,0.006
14479,0.004,0.005
14480,0.004,0.005
14481,0.004,0.005
14482,0.004,0.006
14483,0.004,0.006
14484,0.004,0.006
14485,0.004,0.005
14486,0.004,0.006
14487,0.004,0.005
14488,0.004,0.006
14489,0.004,0.005
14490,0.004,0.006
14491,0.004,0.006
14492,0.004,0.005
14493,0.004,0.005
14494,0.004,0.006
14495,0.004,0.005
14496,0.004,0.006
14497,0.004,0.006
14498,0.004,0.006
14499,0.004,0.006
14500,0.004,0.005
14501,0.004,0.006
14502,0.005,0.006
14503,0.004,0.005
14504,0.004,0.006
14505,0.004,0.006
14506,0.004,0.006
14507,0.004,0.006
14508,0.004,0.005
14509,0.004,0.005
14510,0.004,0.006
14511,0.004,0.006
14512,0.004,0.005
14513,0.005,0.006
14514,0.005,0.006
14515,0.004,0.006
14516,0.004,0.006
14517,0.004,0.006
14518,0.005,0.006
14519,0.004,0.006
14520,0.004,0.006
14521,0.004,0.006
14522,0.004,0.006
14523,0.004,0.006
14524,0.004,0.006
14525,0.004,0.006
14526,0.004,0.006
14527,0.005,0.006
14528,0.004,0.006
14529,0.004,0.006
14530,0.004,0.006
14531,0.005,0.006
14532,0.004,0.005
14533,0.004,0.006
14534,0.005,0.006
14535,0.004,0.005
14536,0.005,0.006
14537,0.004,0.006
14538,0.004,0.005
14539,0.005,0.006
14540,0.005,0.006
14541,0.004,0.005
14542,0.004,0.006
14543,0.004,0.005
14544,0.005,0.006
14545,0.005,0.006
14546,0.004,0.005
14547,0.004,0.005
14548,0.005,0.006
14549,0.004,0.005
14550,0.004,0.006
14551,0.004,0.006
14552,0.005,0.006
14553,0.004,0.006
14554,0.004,0.006
14555,0.004,0.006
14556,0.005,0.006
14557,0.004,0.006
14558,0.004,0.006
14559,0.004,0.005
14560,0.004,0.006
14561,0.004,0.006
14562,0.004,0.005
14563,0.004,0.005
14564,0.005,0.006
14565,0.004,0.005
14566,0.004,0.006
14567,0.004,0.006
14568,0.004,0.006
14569,0.004,0.006
14570,0.005,0.006
14571,0.005,0.006
14572,0.004,0.006
14573,0.004,0.005
14574,0.004,0.006
14575,0.005,0.006
14576,0.004,0.006
14577,0.004,0.006
14578,0.004,0.006
14579,0.004,0.006
14580,0.004,0.006
14581,0.005,0.006
14582,0.005,0.006
14583,0.004,0.006
14584,0.004,0.006
14585,0.005,0.006
14586,0.004,0.006
14587,0.004,0.006
14588,0.004,0.005
14589,0.004,0.006
14590,0.004,0.006
14591,0.004,0.006
14592,0.005,0.006
14593,0.005,0.006
14594,0.004,0.006
14595,0.004,0.005
14596,0.004,0.005
14597,0.004,0.006
14598,0.004,0.006
14599,0.005,0.006
14600,0.005,0.006
14601,0.004,0.006
14602,0.004,0.006
14603,0.004,0.006
14604,0.004,0.006
14605,0.004,0.006
14606,0.005,0.006
14607,0.004,0.006
14608,0.004,0.006
14609,0.005,0.006
14610,0.004,0.006
14611,0.005,0.006
14612,0.005,0.006
14613,0.004,0.006
14614,0.004,0.006
14615,0.004,0.005
14616,0.004,0.006
14617,0.004,0.006
14618,0.004,0.005
14619,0.004,0.006
14620,0.005,0.006
14621,0.004,0.006
14622,0.004,0.006
14623,0.004,0.006
14624,0.005,0.006
14625,0.004,0.006
14626,0.004,0.006
14627,0.004,0.006
14628,0.004,0.006
14629,0.004,0.006
14630,0.004,0.006
14631,0.004,0.006
14632,0.004,0.006
14633,0.004,0.006
14634,0.004,0.006
14635,0.004,0.006
14636,0.004,0.006
14637,0.004,0.006
14638,0.004,0.006
14639,0.004,0.006
14640,0.004,0.005
14641,0.005,0.006
14642,0.004,0.006
14643,0.004,0.006
14644,0.005,0.006
14645,0.004,0.005
14646,0.005,0.006
14647,0.004,0.005
14648,0.004,0.006
14649,0.004,0.006
14650,0.004,0.006
14651,0.005,0.006
14652,0.004,0.006
14653,0.004,0.006
14654,0.004,0.006
14655,0.005,0.006
14656,0.004,0.005
14657,0.005,0.006
14658,0.005,0.006
14659,0.005,0.006
14660,0.004,0.006
14661,0.004,0.006
14662,0.004,0.006
14663,0.004,0.006
14664,0.004,0.006
14665,0.004,0.005
14666,0.004,0.006
14667,0.004,0.005
14668,0.005,0.006
14669,0.004,0.006
14670,0.005,0.006
14671,0.004,0.006
14672,0.004,0.006
14673,0.004,0.006
14674,0.004,0.006
14675,0.005,0.006
14676,0.005,0.006
14677,0.004,0.005
14678,0.004,0.006
14679,0.004,0.006
14680,0.004,0.006
14681,0.005,0.006
14682,0.004,0.006
14683,0.005,0.006
14684,0.004,0.005
14685,0.004,0.006
14686,0.004,0.006
14687,0.004,0.006
14688,0.004,0.005
14689,0.005,0.006
14690,0.004,0.006
14691,0.005,0.006
14692,0.005,0.006
14693,0.004,0.006
14694,0.004,0.006
14695,0.004,0.006
14696,0.004,0.005
14697,0.004,0.006
14698,0.004,0.006
14699,0.004,0.006
14700,0.004,0.006
14701,0.004,0.006
14702,0.004,0.006
14703,0.004,0.006
14704,0.004,0.006
14705,0.004,0.006
14706,0.004,0.006
14707,0.004,0.006
14708,0.004,0.006
14709,0.004,0.006
14710,0.004,0.005
14711,0.004,0.006
14712,0.004,0.006
14713,0.004,0.006
14714,0.004,0.006
14715,0.004,0.006
14716,0.004,0.005
14717,0.004,0.006
14718,0.005,0.006
14719,0.004,0.006
14720,0.005,0.006
14721,0.004,0.006
14722,0.005,0.006
14723,0.004,0.006
14724,0.004,0.006
14725,0.004,0.006
14726,0.004,0.006
14727,0.004,0.006
14728,0.005,0.006
14729,0.004,0.006
14730,0.004,0.006
14731,0.004,0.006
14732,0.004,0.006
14733,0.004,0.006
14734,0.004,0.006
14735,0.004,0.006
14736,0.005,0.006
14737,0.004,0.006
14738,0.005,0.006
14739,0.004,0.006
14740,0.004,0.006
14741,0.004,0.006
14742,0.004,0.006
14743,0.004,0.006
14744,0.004,0.006
14745,0.005,0.006
14746,0.004,0.005
14747,0.004,0.006
14748,0.004,0.006
14749,0.004,0.006
14750,0.004,0.006
14751,0.004,0.006
14752,0.004,0.006
14753,0.004,0.005
14754,0.004,0.006
14755,0.005,0.006
14756,0.005,0.006
14757,0.004,0.006
14758,0.004,0.006
14759,0.004,0.005
14760,0.004,0.006
14761,0.005,0.006
14762,0.004,0.006
14763,0.005,0.006
14764,0.004,0.006
14765,0.005,0.006
14766,0.004,0.005
14767,0.005,0.006
14768,0.005,0.006
14769,0.004,0.006
14770,0.004,0.006
14771,0.004,0.005
14772,0.004,0.006
14773,0.004,0.006
14774,0.004,0.006
14775,0.004,0.006
14776,0.004,0.006
14777,0.004,0.006
14778,0.004,0.006
14779,0.004,0.006
14780,0.004,0.006
14781,0.004,0.006
14782,0.004,0.006
14783,0.004,0.006
14784,0.005,0.006
14785,0.004,0.005
14786,0.004,0.006
14787,0.004,0.006
14788,0.004,0.005
14789,0.004,0.006
14790,0.004,0.006
14791,0.004,0.006
14792,0.004,0.006
14793,0.004,0.006
14794,0.005,0.006
14795,0.005,0.006
14796,0.004,0.005
14797,0.004,0.006
14798,0.004,0.006
14799,0.004,0.006
14800,0.005,0.006
14801,0.004,0.005
14802,0.004,0.006
14803,0.004,0.005
14804,0.004,0.006
14805,0.004,0.006
14806,0.004,0.006
14807,0.004,0.005
14808,0.004,0.005
14809,0.004,0.005
14810,0.004,0.005
14811,0.004,0.006
14812,0.004,0.006
14813,0.005,0.006
14814,0.005,0.006
14815,0.004,0.006
14816,0.005,0.006
14817,0.004,0.006
14818,0.004,0.005
14819,0.004,0.006
14820,0.004,0.005
14821,0.004,0.005
14822,0.004,0.006
14823,0.005,0.006
14824,0.005,0.006
14825,0.004,0.005
14826,0.004,0.005
14827,0.004,0.006
14828,0.004,0.006
14829,0.004,0.006
14830,0.004,0.006
14831,0.004,0.006
14832,0.004,0.006
14833,0.004,0.006
14834,0.004,0.005
14835,0.004,0.005
14836,0.005,0.006
14837,0.004,0.005
14838,0.004,0.006
14839,0.004,0.006
14840,0.004,0.006
14841,0.004,0.006
14842,0.004,0.006
14843,0.005,0.006
14844,0.004,0.006
14845,0.004,0.006
14846,0.004,0.006
14847,0.004,0.006
14848,0.005,0.006
14849,0.004,0.006
14850,0.004,0.006
14851,0.004,0.006
14852,0.004,0.006
14853,0.004,0.006
14854,0.004,0.006
14855,0.004,0.005
14856,0.004,0.005
14857,0.005,0.006
14858,0.005,0.006
14859,0.004,0.006
14860,0.004,0.006
14861,0.004,0.006
14862,0.005,0.006
14863,0.004,0.006
14864,0.004,0.006
14865,0.004,0.005
14866,0.004,0.005
14867,0.004,0.005
14868,0.004,0.006
14869,0.004,0.005
14870,0.004,0.006
14871,0.004,0.006
14872,0.004,0.005
14873,0.004,0.006
14874,0.005,0.006
14875,0.004,0.006
14876,0.004,0.006
14877,0.004,0.006
14878,0.004,0.006
14879,0.004,0.006
14880,0.004,0.005
14881,0.004,0.006
14882,0.004,0.005
14883,0.004,0.005
14884,0.005,0.006
14885,0.004,0.006
14886,0.004,0.006
14887,0.004,0.005
14888,0.004,0.006
14889,0.004,0.006
14890,0.004,0.005
14891,0.004,0.006
14892,0.005,0.006
14893,0.004,0.006
14894,0.004,0.006
14895,0.004,0.006
14896,0.004,0.006
14897,0.004,0.006
14898,0.005,0.006
14899,0.004,0.006
14900,0.004,0.006
14901,0.004,0.006
14902,0.005,0.006
14903,0.004,0.006
14904,0.004,0.006
14905,0.005,0.006
14906,0.005,0.006
14907,0.004,0.006
14908,0.004,0.006
14909,0.004,0.005
14910,0.004,0.005
14911,0.004,0.006
14912,0.004,0.005
14913,0.004,0.005
14914,0.005,0.006
14915,0.004,0.006
14916,0.004,0.006
14917,0.004,0.006
14918,0.004,0.006
14919,0.004,0.005
14920,0.004,0.005
14921,0.004,0.005
14922,0.004,0.006
14923,0.004,0.005
14924,0.004,0.006
14925,0.004,0.006
14926,0.004,0.006
14927,0.004,0.006
14928,0.004,0.005
14929,0.004,0.006
14930,0.004,0.005
14931,0.004,0.005
14932,0.004,0.006
14933,0.004,0.006
14934,0.004,0.006
14935,0.005,0.006
14936,0.004,0.006
14937,0.004,0.006
14938,0.004,0.006
14939,0.004,0.006
14940,0.004,0.006
14941,0.004,0.005
14942,0.004,0.006
14943,0.004,0.005
14944,0.005,0.006
14945,0.004,0.006
14946,0.004,0.006
14947,0.004,0.006
14948,0.004,0.006
14949,0.004,0.006
14950,0.004,0.005
14951,0.004,0.006
14952,0.004,0.006
14953,0.004,0.006
14954,0.005,0.006
14955,0.004,0.006
14956,0.005,0.006
14957,0.004,0.006
14958,0.004,0.006
14959,0.004,0.006
14960,0.005,0.006
14961,0.005,0.006
14962,0.005,0.006
14963,0.005,0.006
14964,0.004,0.006
14965,0.004,0.006
14966,0.004,0.006
14967,0.004,0.006
14968,0.005,0.006
14969,0.005,0.006
14970,0.005,0.006
14971,0.004,0.006
14972,0.004,0.006
14973,0.004,0.006
14974,0.004,0.006
14975,0.004,0.006
14976,0.005,0.006
14977,0.004,0.006
14978,0.004,0.006
14979,0.004,0.005
14980,0.005,0.006
14981,0.004,0.006
14982,0.005,0.006
14983,0.005,0.006
14984,0.004,0.006
14985,0.004,0.005
14986,0.004,0.006
14987,0.005,0.006
14988,0.004,0.005
14989,0.004,0.006
14990,0.004,0.005
14991,0.004,0.006
14992,0.004,0.006
14993,0.004,0.006
14994,0.005,0.006
14995,0.004,0.006
14996,0.004,0.005
14997,0.004,0.006
14998,0.004,0.006
14999,0.004,0.006
15000,0.004,0.006
15001,0.004,0.006
15002,0.004,0.006
15003,0.004,0.006
15004,0.005,0.006
15005,0.004,0.006
15006,0.004,0.005
15007,0.004,0.006
15008,0.004,0.006
15009,0.005,0.006
15010,0.005,0.006
15011,0.004,0.006
15012,0.004,0.006
15013,0.005,0.006
15014,0.004,0.006
15015,0.004,0.006
15016,0.004,0.006
15017,0.004,0.006
15018,0.004,0.006
15019,0.004,0.006
15020,0.004,0.006
15021,0.004,0.005
15022,0.005,0.006
15023,0.004,0.006
15024,0.004,0.006
15025,0.004,0.006
15026,0.004,0.006
15027,0.004,0.006
15028,0.004,0.006
15029,0.004,0.006
15030,0.004,0.006
15031,0.004,0.006
15032,0.004,0.005
15033,0.004,0.006
15034,0.004,0.006
15035,0.004,0.006
15036,0.005,0.006
15037,0.005,0.006
15038,0.005,0.006
15039,0.005,0.006
15040,0.005,0.006
15041,0.004,0.006
15042,0.004,0.006
15043,0.004,0.006
15044,0.004,0.006
15045,0.004,0.006
15046,0.005,0.006
15047,0.004,0.006
15048,0.005,0.006
15049,0.005,0.006
15050,0.005,0.006
15051,0.005,0.006
15052,0.005,0.006
15053,0.004,0.006
15054,0.004,0.006
15055,0.004,0.006
15056,0.004,0.005
15057,0.004,0.006
15058,0.005,0.006
15059,0.004,0.006
15060,0.004,0.006
15061,0.004,0.006
15062,0.004,0.006
15063,0.005,0.006
15064,0.005,0.006
15065,0.005,0.006
15066,0.004,0.006
15067,0.004,0.005
15068,0.004,0.006
15069,0.005,0.006
15070,0.004,0.005
15071,0.005,0.006
15072,0.004,0.006
15073,0.004,0.006
15074,0.004,0.005
15075,0.004,0.006
15076,0.004,0.006
15077,0.004,0.005
15078,0.004,0.006
15079,0.004,0.006
15080,0.004,0.006
15081,0.004,0.006
15082,0.004,0.006
15083,0.004,0.006
15084,0.004,0.005
15085,0.004,0.005
15086,0.005,0.006
15087,0.005,0.006
15088,0.004,0.006
15089,0.004,0.006
15090,0.005,0.006
15091,0.004,0.006
15092,0.004,0.006
15093,0.004,0.006
15094,0.005,0.006
15095,0.005,0.006
15096,0.005,0.006
15097,0.004,0.006
15098,0.004,0.006
15099,0.004,0.005
15100,0.004,0.006
15101,0.004,0.005
15102,0.004,0.006
15103,0.005,0.006
15104,0.004,0.006
15105,0.005,0.006
15106,0.004,0.006
15107,0.004,0.006
15108,0.004,0.005
15109,0.005,0.006
15110,0.005,0.006
15111,0.005,0.006
15112,0.004,0.005
15113,0.004,0.005
15114,0.005,0.006
15115,0.005,0.006
15116,0.005,0.006
15117,0.005,0.006
15118,0.004,0.006
15119,0.004,0.006
15120,0.004,0.006
15121,0.004,0.006
15122,0.005,0.006
15123,0.004,0.006
15124,0.005,0.006
15125,0.004,0.006
15126,0.004,0.006
15127,0.004,0.005
15128,0.004,0.006
15129,0.004,0.006
15130,0.004,0.005
15131,0.005,0.006
15132,0.005,0.006
15133,0.004,0.006
15134,0.004,0.006
15135,0.004,0.006
15136,0.004,0.006
15137,0.004,0.005
15138,0.004,0.005
15139,0.004,0.005
15140,0.004,0.006
15141,0.004,0.006
15142,0.004,0.006
15143,0.004,0.005
15144,0.004,0.006
15145,0.005,0.006
15146,0.005,0.006
15147,0.004,0.006
15148,0.004,0.005
15149,0.004,0.006
15150,0.004,0.006
15151,0.004,0.006
15152,0.005,0.006
15153,0.005,0.006
15154,0.004,0.006
15155,0.004,0.006
15156,0.005,0.006
15157,0.005,0.006
15158,0.004,0.006
15159,0.004,0.005
15160,0.004,0.006
15161,0.004,0.005
15162,0.004,0.006
15163,0.005,0.006
15164,0.005,0.006
15165,0.004,0.006
15166,0.004,0.005
15167,0.005,0.006
15168,0.004,0.006
15169,0.004,0.005
15170,0.004,0.005
15171,0.004,0.006
15172,0.004,0.006
15173,0.004,0.006
15174,0.004,0.006
15175,0.005,0.006
15176,0.004,0.005
15177,0.004,0.006
15178,0.004,0.006
15179,0.004,0.006
15180,0.004,0.005
15181,0.004,0.005
15182,0.004,0.006
15183,0.005,0.006
15184,0.004,0.006
15185,0.004,0.006
15186,0.005,0.006
15187,0.004,0.006
15188,0.004,0.005
15189,0.004,0.006
15190,0.004,0.005
15191,0.005,0.006
15192,0.004,0.006
15193,0.005,0.006
15194,0.004,0.006
15195,0.004,0.006
15196,0.004,0.005
15197,0.004,0.006
15198,0.004,0.006
15199,0.004,0.005
15200,0.004,0.005
15201,0.005,0.006
15202,0.004,0.006
15203,0.004,0.006
15204,0.005,0.006
15205,0.004,0.005
15206,0.005,0.006
15207,0.004,0.006
15208,0.004,0.006
15209,0.005,0.006
15210,0.004,0.006
15211,0.004,0.006
15212,0.005,0.006
15213,0.004,0.006
15214,0.004,0.006
15215,0.004,0.006
15216,0.004,0.005
15217,0.005,0.006
15218,0.004,0.006
15219,0.004,0.006
15220,0.005,0.006
15221,0.005,0.006
15222,0.004,0.006
15223,0.004,0.006
15224,0.005,0.006
15225,0.005,0.006
15226,0.005,0.006
15227,0.004,0.006
15228,0.004,0.006
15229,0.004,0.006
15230,0.004,0.005
15231,0.004,0.006
15232,0.004,0.005
15233,0.004,0.006
15234,0.004,0.006
15235,0.004,0.006
15236,0.004,0.006
15237,0.004,0.005
15238,0.004,0.005
15239,0.004,0.005
15240,0.004,0.005
15241,0.004,0.006
15242,0.004,0.006
15243,0.004,0.006
15244,0.004,0.006
15245,0.004,0.006
15246,0.004,0.005
15247,0.005,0.006
15248,0.005,0.006
15249,0.004,0.006
15250,0.004,0.006
15251,0.004,0.005
15252,0.004,0.006
15253,0.004,0.005
15254,0.005,0.006
15255,0.004,0.006
15256,0.004,0.006
15257,0.004,0.005
15258,0.004,0.006
15259,0.004,0.006
15260,0.004,0.006
15261,0.004,0.006
15262,0.004,0.006
15263,0.005,0.006
15264,0.004,0.006
15265,0.004,0.005
15266,0.004,0.006
15267,0.004,0.005
15268,0.004,0.006
15269,0.004,0.006
15270,0.005,0.006
15271,0.004,0.005
15272,0.004,0.005
15273,0.004,0.006
15274,0.004,0.005
15275,0.004,0.006
15276,0.004,0.006
15277,0.004,0.006
15278,0.004,0.006
15279,0.004,0.006
15280,0.004,0.005
15281,0.004,0.006
15282,0.004,0.006
15283,0.004,0.006
15284,0.004,0.006
15285,0.004,0.005
15286,0.005,0.006
15287,0.004,0.006
15288,0.004,0.006
15289,0.004,0.005
15290,0.004,0.006
15291,0.004,0.006
15292,0.004,0.006
15293,0.004,0.006
15294,0.005,0.006
15295,0.004,0.005
15296,0.005,0.006
15297,0.004,0.006
15298,0.004,0.006
15299,0.004,0.006
15300,0.004,0.006
15301,0.004,0.006
15302,0.004,0.006
15303,0.004,0.006
15304,0.004,0.005
15305,0.004,0.006
15306,0.004,0.006
15307,0.004,0.006
15308,0.004,0.006
15309,0.004,0.005
15310,0.004,0.006
15311,0.004,0.006
15312,0.005,0.006
15313,0.004,0.006
15314,0.004,0.005
15315,0.005,0.006
15316,0.004,0.006
15317,0.004,0.005
15318,0.004,0.006
15319,0.004,0.006
15320,0.004,0.006
15321,0.004,0.006
15322,0.004,0.005
15323,0.004,0.006
15324,0.004,0.005
15325,0.004,0.005
15326,0.004,0.006
15327,0.004,0.006
15328,0.005,0.006
15329,0.005,0.006
15330,0.004,0.006
15331,0.004,0.006
15332,0.004,0.006
15333,0.004,0.006
15334,0.004,0.006
15335,0.005,0.006
15336,0.005,0.006
15337,0.005,0.006
15338,0.004,0.006
15339,0.004,0.006
15340,0.004,0.006
15341,0.004,0.006
15342,0.004,0.006
15343,0.004,0.006
15344,0.004,0.006
15345,0.005,0.006
15346,0.005,0.006
15347,0.004,0.006
15348,0.005,0.006
15349,0.004,0.005
15350,0.005,0.006
15351,0.004,0.006
15352,0.004,0.006
15353,0.004,0.006
15354,0.004,0.006
15355,0.004,0.006
15356,0.004,0.006
15357,0.004,0.006
15358,0.004,0.006
15359,0.004,0.006
15360,0.004,0.005
15361,0.004,0.005
15362,0.004,0.006
15363,0.004,0.006
15364,0.005,0.006
15365,0.004,0.006
15366,0.004,0.005
15367,0.004,0.005
15368,0.004,0.006
15369,0.005,0.006
15370,0.005,0.006
15371,0.004,0.005
15372,0.004,0.006
15373,0.004,0.006
15374,0.004,0.006
15375,0.004,0.006
15376,0.004,0.006
15377,0.005,0.006
15378,0.004,0.005
15379,0.004,0.006
15380,0.004,0.006
15381,0.004,0.005
15382,0.004,0.006
15383,0.005,0.006
15384,0.004,0.006
15385,0.004,0.005
15386,0.004,0.005
15387,0.005,0.006
15388,0.004,0.006
15389,0.005,0.006
15390,0.004,0.005
15391,0.004,0.006
15392,0.004,0.006
15393,0.005,0.006
15394,0.004,0.006
15395,0.004,0.005
15396,0.004,0.006
15397,0.004,0.006
15398,0.004,0.006
15399,0.005,0.006
15400,0.004,0.006
15401,0.005,0.006
15402,0.004,0.006
15403,0.004,0.006
15404,0.004,0.006
15405,0.004,0.005
15406,0.004,0.006
15407,0.004,0.005
15408,0.004,0.005
15409,0.004,0.006
15410,0.004,0.005
15411,0.004,0.006
15412,0.004,0.006
15413,0.004,0.006
15414,0.004,0.006
15415,0.004,0.006
15416,0.004,0.006
15417,0.005,0.006
15418,0.004,0.006
15419,0.005,0.006
15420,0.005,0.006
15421,0.004,0.005
15422,0.005,0.006
15423,0.004,0.006
15424,0.004,0.006
15425,0.004,0.005
15426,0.005,0.006
15427,0.005,0.006
15428,0.005,0.006
15429,0.004,0.005
15430,0.004,0.006
15431,0.004,0.006
15432,0.004,0.005
15433,0.005,0.006
15434,0.005,0.006
15435,0.004,0.005
15436,0.004,0.005
15437,0.004,0.006
15438,0.004,0.006
15439,0.004,0.006
15440,0.005,0.006
15441,0.005,0.006
15442,0.004,0.006
15443,0.004,0.005
15444,0.005,0.006
15445,0.004,0.006
15446,0.004,0.006
15447,0.004,0.006
15448,0.005,0.006
15449,0.005,0.006
15450,0.004,0.006
15451,0.004,0.005
15452,0.004,0.006
15453,0.004,0.006
15454,0.004,0.006
15455,0.004,0.006
15456,0.005,0.006
15457,0.004,0.006
15458,0.004,0.006
15459,0.004,0.006
15460,0.004,0.006
15461,0.004,0.006
15462,0.004,0.006
15463,0.005,0.006
15464,0.004,0.006
15465,0.004,0.006
15466,0.004,0.006
15467,0.004,0.006
15468,0.005,0.006
15469,0.005,0.006
15470,0.004,0.005
15471,0.004,0.006
15472,0.004,0.006
15473,0.004,0.006
15474,0.005,0.006
15475,0.004,0.005
15476,0.004,0.006
15477,0.005,0.006
15478,0.004,0.005
15479,0.004,0.006
15480,0.004,0.006
15481,0.004,0.006
15482,0.004,0.006
15483,0.004,0.006
15484,0.004,0.006
15485,0.004,0.006
15486,0.004,0.006
15487,0.004,0.006
15488,0.004,0.006
15489,0.004,0.006
15490,0.005,0.006
15491,0.004,0.005
15492,0.004,0.005
15493,0.004,0.005
15494,0.004,0.006
15495,0.004,0.005
15496,0.004,0.005
15497,0.005,0.006
15498,0.004,0.006
15499,0.004,0.006
15500,0.004,0.005
15501,0.004,0.005
15502,0.005,0.006
15503,0.005,0.006
15504,0.005,0.006
15505,0.004,0.006
15506,0.004,0.006
15507,0.004,0.005
15508,0.005,0.006
15509,0.004,0.005
15510,0.004,0.005
15511,0.005,0.006
15512,0.004,0.006
15513,0.005,0.006
15514,0.004,0.006
15515,0.004,0.006
15516,0.004,0.006
15517,0.004,0.006
15518,0.004,0.006
15519,0.004,0.005
15520,0.004,0.006
15521,0.004,0.006
15522,0.004,0.006
15523,0.004,0.006
15524,0.004,0.006
15525,0.004,0.006
15526,0.004,0.006
15527,0.004,0.006
15528,0.004,0.006
15529,0.004,0.006
15530,0.004,0.006
15531,0.004,0.006
15532,0.005,0.006
15533,0.004,0.005
15534,0.005,0.006
15535,0.004,0.005
15536,0.004,0.006
15537,0.004,0.005
15538,0.004,0.005
15539,0.004,0.006
15540,0.004,0.005
15541,0.004,0.006
15542,0.004,0.006
15543,0.004,0.006
15544,0.005,0.006
15545,0.005,0.006
15546,0.004,0.006
15547,0.005,0.006
15548,0.004,0.006
15549,0.004,0.006
15550,0.005,0.006
15551,0.004,0.006
15552,0.005,0.006
15553,0.004,0.006
15554,0.004,0.006
15555,0.004,0.006
15556,0.004,0.006
15557,0.004,0.005
15558,0.005,0.006
15559,0.005,0.006
15560,0.004,0.006
15561,0.004,0.005
15562,0.004,0.006
15563,0.004,0.006
15564,0.004,0.006
15565,0.005,0.006
15566,0.004,0.005
15567,0.004,0.006
15568,0.005,0.006
15569,0.004,0.006
15570,0.005,0.006
15571,0.004,0.006
15572,0.005,0.006
15573,0.004,0.006
15574,0.004,0.006
15575,0.004,0.006
15576,0.004,0.006
15577,0.005,0.006
15578,0.004,0.006
15579,0.004,0.006
15580,0.004,0.006
15581,0.004,0.005
15582,0.005,0.006
15583,0.004,0.006
15584,0.004,0.006
15585,0.004,0.006
15586,0.004,0.006
15587,0.004,0.005
15588,0.004,0.006
15589,0.004,0.006
15590,0.004,0.006
15591,0.004,0.006
15592,0.004,0.006
15593,0.005,0.006
15594,0.005,0.006
15595,0.004,0.005
15596,0.004,0.006
15597,0.004,0.006
15598,0.004,0.006
15599,0.004,0.005
15600,0.004,0.005
15601,0.004,0.006
15602,0.005,0.006
15603,0.004,0.006
15604,0.004,0.006
15605,0.004,0.006
15606,0.004,0.006
15607,0.004,0.006
15608,0.004,0.005
15609,0.004,0.006
15610,0.004,0.006
15611,0.004,0.006
15612,0.004,0.006
15613,0.004,0.005
15614,0.004,0.006
15615,0.004,0.006
15616,0.004,0.006
15617,0.004,0.006
15618,0.004,0.006
15619,0.004,0.006
15620,0.004,0.006
15621,0.004,0.006
15622,0.005,0.006
15623,0.005,0.006
15624,0.004,0.005
15625,0.004,0.006
15626,0.005,0.006
15627,0.004,0.006
15628,0.004,0.006
15629,0.004,0.006
15630,0.004,0.005
15631,0.004,0.006
15632,0.004,0.006
15633,0.005,0.006
15634,0.004,0.006
15635,0.004,0.006
15636,0.005,0.006
15637,0.004,0.005
15638,0.004,0.006
15639,0.004,0.005
15640,0.004,0.006
15641,0.004,0.005
15642,0.004,0.006
15643,0.004,0.006
15644,0.004,0.006
15645,0.004,0.005
15646,0.004,0.005
15647,0.004,0.006
15648,0.004,0.006
15649,0.004,0.006
15650,0.004,0.005
15651,0.005,0.006
15652,0.004,0.005
15653,0.005,0.006
15654,0.005,0.006
15655,0.005,0.006
15656,0.004,0.006
15657,0.004,0.006
15658,0.004,0.006
15659,0.004,0.006
15660,0.004,0.006
15661,0.004,0.006
15662,0.004,0.006
15663,0.005,0.006
15664,0.004,0.006
15665,0.004,0.006
15666,0.004,0.006
15667,0.004,0.006
15668,0.005,0.006
15669,0.005,0.006
15670,0.004,0.006
15671,0.004,0.005
15672,0.004,0.006
15673,0.004,0.006
15674,0.004,0.006
15675,0.004,0.006
15676,0.004,0.006
15677,0.004,0.006
15678,0.004,0.006
15679,0.004,0.006
15680,0.004,0.006
15681,0.005,0.006
15682,0.004,0.005
15683,0.004,0.006
15684,0.004,0.006
15685,0.004,0.005
15686,0.004,0.005
15687,0.005,0.006
15688,0.004,0.006
15689,0.005,0.006
15690,0.004,0.006
15691,0.004,0.006
15692,0.004,0.005
15693,0.004,0.006
15694,0.004,0.006
15695,0.004,0.006
15696,0.004,0.006
15697,0.004,0.006
15698,0.004,0.006
15699,0.004,0.006
15700,0.004,0.005
15701,0.004,0.006
15702,0.004,0.005
15703,0.004,0.006
15704,0.004,0.005
15705,0.004,0.006
15706,0.004,0.006
15707,0.004,0.005
15708,0.004,0.005
15709,0.004,0.006
15710,0.004,0.006
15711,0.004,0.006
15712,0.004,0.006
15713,0.004,0.006
15714,0.004,0.006
15715,0.004,0.006
15716,0.005,0.006
15717,0.004,0.006
15718,0.004,0.006
15719,0.005,0.006
15720,0.004,0.005
15721,0.005,0.006
15722,0.004,0.006
15723,0.004,0.006
15724,0.004,0.006
15725,0.005,0.006
15726,0.005,0.006
15727,0.004,0.005
15728,0.004,0.006
15729,0.004,0.006
15730,0.004,0.006
15731,0.004,0.006
15732,0.004,0.006
15733,0.004,0.006
15734,0.004,0.005
15735,0.005,0.006
15736,0.004,0.006
15737,0.004,0.006
15738,0.005,0.006
15739,0.004,0.005
15740,0.004,0.006
15741,0.004,0.006
15742,0.004,0.006
15743,0.004,0.006
15744,0.004,0.006
15745,0.004,0.006
15746,0.004,0.006
15747,0.004,0.006
15748,0.004,0.006
15749,0.004,0.006
15750,0.004,0.005
15751,0.004,0.005
15752,0.005,0.006
15753,0.004,0.006
15754,0.004,0.006
15755,0.004,0.006
15756,0.004,0.006
15757,0.004,0.006
15758,0.004,0.005
15759,0.004,0.005
15760,0.004,0.005
15761,0.004,0.006
15762,0.004,0.006
15763,0.004,0.006
15764,0.004,0.005
15765,0.004,0.005
15766,0.004,0.006
15767,0.004,0.006
15768,0.005,0.006
15769,0.005,0.006
15770,0.004,0.006
15771,0.005,0.006
15772,0.004,0.006
15773,0.005,0.006
15774,0.004,0.006
15775,0.004,0.006
15776,0.004,0.005
15777,0.004,0.006
15778,0.005,0.006
15779,0.005,0.006
15780,0.004,0.006
15781,0.004,0.006
15782,0.004,0.006
15783,0.004,0.005
15784,0.004,0.006
15785,0.004,0.006
15786,0.005,0.006
15787,0.004,0.006
15788,0.004,0.006
15789,0.004,0.006
15790,0.005,0.006
15791,0.004,0.006
15792,0.005,0.006
15793,0.004,0.006
15794,0.004,0.006
15795,0.004,0.006
15796,0.004,0.005
15797,0.004,0.006
15798,0.004,0.006
15799,0.005,0.006
15800,0.004,0.006
15801,0.004,0.006
15802,0.004,0.006
15803,0.004,0.006
15804,0.004,0.006
15805,0.004,0.006
15806,0.005,0.006
15807,0.004,0.006
15808,0.005,0.006
15809,0.004,0.006
15810,0.004,0.006
15811,0.004,0.006
15812,0.004,0.006
15813,0.004,0.006
15814,0.004,0.006
15815,0.004,0.006
15816,0.004,0.006
15817,0.004,0.005
15818,0.005,0.006
15819,0.005,0.006
15820,0.004,0.006
15821,0.005,0.006
15822,0.004,0.006
15823,0.004,0.006
15824,0.004,0.006
15825,0.004,0.006
15826,0.004,0.006
15827,0.004,0.006
15828,0.004,0.005
15829,0.005,0.006
15830,0.004,0.006
15831,0.004,0.005
15832,0.004,0.006
15833,0.004,0.006
15834,0.004,0.006
15835,0.004,0.006
15836,0.004,0.006
15837,0.004,0.006
15838,0.004,0.006
15839,0.004,0.006
15840,0.004,0.006
15841,0.004,0.006
15842,0.005,0.006
15843,0.004,0.006
15844,0.005,0.006
15845,0.004,0.006
15846,0.004,0.006
15847,0.004,0.006
15848,0.004,0.006
15849,0.005,0.006
15850,0.004,0.006
15851,0.004,0.006
15852,0.004,0.006
15853,0.004,0.006
15854,0.005,0.006
15855,0.005,0.006
15856,0.004,0.006
15857,0.004,0.006
15858,0.005,0.006
15859,0.004,0.006
15860,0.005,0.006
15861,0.004,0.006
15862,0.004,0.006
15863,0.004,0.006
15864,0.004,0.006
15865,0.004,0.006
15866,0.004,0.006
15867,0.004,0.006
15868,0.004,0.006
15869,0.004,0.006
15870,0.004,0.006
15871,0.004,0.006
15872,0.005,0.006
15873,0.005,0.006
15874,0.004,0.006
15875,0.004,0.006
15876,0.004,0.006
15877,0.004,0.006
15878,0.004,0.006
15879,0.004,0.006
15880,0.004,0.006
15881,0.004,0.006
15882,0.004,0.006
15883,0.004,0.006
15884,0.005,0.006
15885,0.004,0.006
15886,0.004,0.005
15887,0.004,0.006
15888,0.004,0.006
15889,0.004,0.006
15890,0.004,0.006
15891,0.004,0.006
15892,0.004,0.006
15893,0.004,0.006
15894,0.005,0.006
15895,0.004,0.005
15896,0.004,0.005
15897,0.004,0.006
15898,0.004,0.006
15899,0.004,0.006
15900,0.005,0.006
15901,0.004,0.006
15902,0.004,0.006
15903,0.004,0.006
15904,0.004,0.006
15905,0.004,0.006
15906,0.004,0.006
15907,0.004,0.006
15908,0.004,0.006
15909,0.004,0.006
15910,0.004,0.006
15911,0.004,0.006
15912,0.004,0.006
15913,0.004,0.006
15914,0.004,0.006
15915,0.005,0.006
15916,0.005,0.006
15917,0.004,0.006
15918,0.004,0.006
15919,0.004,0.006
15920,0.004,0.006
15921,0.004,0.005
15922,0.004,0.006
15923,0.005,0.006
15924,0.004,0.006
15925,0.004,0.005
15926,0.004,0.005
15927,0.004,0.006
15928,0.004,0.006
15929,0.004,0.005
15930,0.005,0.006
15931,0.004,0.006
15932,0.004,0.006
15933,0.004,0.006
15934,0.004,0.006
15935,0.004,0.006
15936,0.004,0.006
15937,0.004,0.006
15938,0.004,0.006
15939,0.004,0.005
15940,0.004,0.006
15941,0.004,0.005
15942,0.005,0.006
15943,0.004,0.006
15944,0.004,0.006
15945,0.004,0.005
15946,0.005,0.006
15947,0.004,0.006
15948,0.004,0.005
15949,0.004,0.006
15950,0.004,0.005
15951,0.004,0.006
15952,0.005,0.006
15953,0.004,0.005
15954,0.004,0.005
15955,0.004,0.006
15956,0.004,0.005
15957,0.005,0.006
15958,0.004,0.006
15959,0.004,0.005
15960,0.004,0.005
15961,0.004,0.006
15962,0.004,0.006
15963,0.004,0.006
15964,0.004,0.006
15965,0.004,0.006
15966,0.004,0.006
15967,0.005,0.006
15968,0.004,0.006
15969,0.005,0.006
15970,0.004,0.006
15971,0.004,0.006
15972,0.005,0.006
15973,0.005,0.006
15974,0.005,0.006
15975,0.004,0.006
15976,0.004,0.006
15977,0.004,0.006
15978,0.004,0.006
15979,0.004,0.006
15980,0.005,0.006
15981,0.005,0.006
15982,0.004,0.006
15983,0.004,0.006
15984,0.004,0.006
15985,0.004,0.006
15986,0.004,0.006
15987,0.004,0.006
15988,0.004,0.006
15989,0.005,0.006
15990,0.004,0.006
15991,0.004,0.006
15992,0.005,0.006
15993,0.004,0.005
15994,0.004,0.005
15995,0.004,0.006
15996,0.004,0.006
15997,0.004,0.005
15998,0.005,0.006
15999,0.004,0.006
16000,0.004,0.005
16001,0.004,0.006
16002,0.004,0.006
16003,0.004,0.006
16004,0.005,0.006
16005,0.004,0.006
16006,0.004,0.006
16007,0.004,0.006
16008,0.005,0.006
16009,0.004,0.006
16010,0.004,0.006
16011,0.004,0.006
16012,0.004,0.006
16013,0.004,0.006
16014,0.004,0.006
16015,0.004,0.006
16016,0.005,0.006
16017,0.004,0.006
16018,0.004,0.006
16019,0.004,0.006
16020,0.004,0.006
16021,0.004,0.006
16022,0.004,0.006
16023,0.004,0.006
16024,0.005,0.006
16025,0.005,0.006
16026,0.005,0.006
16027,0.004,0.006
16028,0.004,0.006
16029,0.004,0.006
16030,0.004,0.006
16031,0.004,0.005
16032,0.004,0.006
16033,0.005,0.006
16034,0.004,0.006
16035,0.004,0.006
16036,0.004,0.006
16037,0.004,0.006
16038,0.004,0.006
16039,0.004,0.006
16040,0.004,0.006
16041,0.005,0.006
16042,0.004,0.006
16043,0.004,0.006
16044,0.004,0.006
16045,0.004,0.006
16046,0.004,0.006
16047,0.004,0.005
16048,0.004,0.006
16049,0.004,0.006
16050,0.004,0.006
16051,0.004,0.006
16052,0.004,0.006
16053,0.005,0.006
16054,0.005,0.006
16055,0.004,0.005
16056,0.005,0.006
16057,0.004,0.006
16058,0.004,0.006
16059,0.004,0.006
16060,0.005,0.006
16061,0.004,0.006
16062,0.004,0.006
16063,0.004,0.006
16064,0.004,0.005
16065,0.004,0.006
16066,0.004,0.006
16067,0.004,0.006
16068,0.004,0.006
16069,0.004,0.006
16070,0.004,0.005
16071,0.004,0.006
16072,0.004,0.006
16073,0.005,0.006
16074,0.004,0.006
16075,0.004,0.006
16076,0.004,0.006
16077,0.004,0.006
16078,0.004,0.006
16079,0.004,0.006
16080,0.004,0.006
16081,0.004,0.006
16082,0.004,0.006
16083,0.005,0.006
16084,0.005,0.006
16085,0.004,0.006
16086,0.004,0.006
16087,0.005,0.006
16088,0.005,0.006
16089,0.004,0.006
16090,0.005,0.006
16091,0.004,0.005
16092,0.005,0.006
16093,0.004,0.006
16094,0.004,0.005
16095,0.004,0.006
16096,0.004,0.006
16097,0.004,0.006
16098,0.004,0.006
16099,0.005,0.006
16100,0.004,0.006
16101,0.005,0.006
16102,0.004,0.006
16103,0.004,0.006
16104,0.004,0.006
16105,0.004,0.006
16106,0.004,0.005
16107,0.004,0.006
16108,0.004,0.006
16109,0.004,0.006
16110,0.004,0.006
16111,0.004,0.006
16112,0.004,0.006
16113,0.004,0.006
16114,0.005,0.006
16115,0.004,0.005
16116,0.004,0.006
16117,0.004,0.006
16118,0.005,0.006
16119,0.004,0.006
16120,0.005,0.006
16121,0.004,0.006
16122,0.004,0.006
16123,0.005,0.006
16124,0.004,0.006
16125,0.004,0.006
16126,0.005,0.006
16127,0.004,0.006
16128,0.005,0.006
16129,0.004,0.006
16130,0.004,0.006
16131,0.004,0.005
16132,0.004,0.006
16133,0.004,0.006
16134,0.004,0.006
16135,0.005,0.006
16136,0.005,0.006
16137,0.004,0.006
16138,0.005,0.006
16139,0.004,0.006
16140,0.004,0.005
16141,0.004,0.006
16142,0.004,0.006
16143,0.004,0.005
16144,0.004,0.006
16145,0.004,0.006
16146,0.004,0.006
16147,0.004,0.006
16148,0.005,0.006
16149,0.004,0.006
16150,0.004,0.006
16151,0.004,0.006
16152,0.004,0.006
16153,0.004,0.005
16154,0.004,0.006
16155,0.004,0.005
16156,0.004,0.005
16157,0.004,0.005
16158,0.005,0.006
16159,0.004,0.006
16160,0.004,0.006
16161,0.004,0.006
16162,0.005,0.006
16163,0.004,0.006
16164,0.005,0.006
16165,0.004,0.006
16166,0.004,0.006
16167,0.004,0.006
16168,0.004,0.006
16169,0.005,0.006
16170,0.004,0.005
16171,0.004,0.006
16172,0.004,0.006
16173,0.005,0.006
16174,0.005,0.006
16175,0.004,0.006
16176,0.004,0.006
16177,0.005,0.006
16178,0.004,0.006
16179,0.004,0.006
16180,0.004,0.006
16181,0.004,0.006
16182,0.005,0.006
16183,0.005,0.006
16184,0.004,0.006
16185,0.004,0.005
16186,0.004,0.006
16187,0.004,0.006
16188,0.004,0.006
16189,0.004,0.006
16190,0.004,0.006
16191,0.004,0.006
16192,0.004,0.006
16193,0.005,0.006
16194,0.004,0.006
16195,0.004,0.006
16196,0.004,0.006
16197,0.004,0.006
16198,0.004,0.006
16199,0.004,0.006
16200,0.004,0.006
16201,0.004,0.006
16202,0.005,0.006
16203,0.004,0.006
16204,0.004,0.006
16205,0.004,0.005
16206,0.005,0.006
16207,0.005,0.006
16208,0.004,0.006
16209,0.004,0.006
16210,0.005,0.006
16211,0.005,0.006
16212,0.005,0.006
16213,0.004,0.006
16214,0.005,0.006
16215,0.004,0.006
16216,0.004,0.006
16217,0.004,0.006
16218,0.004,0.005
16219,0.004,0.006
16220,0.005,0.006
16221,0.004,0.006
16222,0.004,0.006
16223,0.004,0.006
16224,0.004,0.006
16225,0.004,0.006
16226,0.004,0.006
16227,0.004,0.006
16228,0.004,0.006
16229,0.004,0.005
16230,0.004,0.005
16231,0.004,0.005
16232,0.004,0.005
16233,0.004,0.006
16234,0.004,0.005
16235,0.004,0.006
16236,0.004,0.006
16237,0.005,0.006
16238,0.004,0.006
16239,0.005,0.006
16240,0.005,0.006
16241,0.004,0.006
16242,0.004,0.006
16243,0.005,0.006
16244,0.004,0.006
16245,0.004,0.006
16246,0.004,0.006
16247,0.004,0.005
16248,0.004,0.006
16249,0.004,0.006
16250,0.004,0.006
16251,0.004,0.006
16252,0.004,0.006
16253,0.004,0.006
16254,0.004,0.006
16255,0.004,0.006
16256,0.004,0.006
16257,0.004,0.006
16258,0.004,0.006
16259,0.004,0.006
16260,0.004,0.006
16261,0.004,0.006
16262,0.005,0.006
16263,0.004,0.006
16264,0.004,0.006
16265,0.004,0.006
16266,0.004,0.006
16267,0.004,0.006
16268,0.004,0.006
16269,0.004,0.006
16270,0.004,0.005
16271,0.004,0.006
16272,0.004,0.006
16273,0.004,0.006
16274,0.004,0.006
16275,0.005,0.006
16276,0.004,0.006
16277,0.004,0.006
16278,0.004,0.006
16279,0.005,0.006
16280,0.005,0.006
16281,0.004,0.006
16282,0.005,0.006
16283,0.004,0.005
16284,0.004,0.006
16285,0.004,0.006
16286,0.004,0.006
16287,0.004,0.006
16288,0.004,0.006
16289,0.004,0.006
16290,0.004,0.006
16291,0.005,0.006
16292,0.004,0.006
16293,0.004,0.006
16294,0.005,0.006
16295,0.004,0.006
16296,0.004,0.006
16297,0.005,0.006
16298,0.004,0.006
16299,0.004,0.005
16300,0.004,0.006
16301,0.004,0.006
16302,0.005,0.006
16303,0.004,0.006
16304,0.004,0.006
16305,0.004,0.006
16306,0.004,0.006
16307,0.005,0.006
16308,0.005,0.006
16309,0.004,0.005
16310,0.004,0.006
16311,0.004,0.006
16312,0.004,0.006
16313,0.004,0.006
16314,0.004,0.006
16315,0.004,0.006
16316,0.004,0.006
16317,0.004,0.006
16318,0.004,0.005
16319,0.004,0.006
16320,0.005,0.006
16321,0.004,0.006
16322,0.004,0.006
16323,0.005,0.006
16324,0.005,0.006
16325,0.004,0.006
16326,0.004,0.006
16327,0.004,0.006
16328,0.004,0.006
16329,0.004,0.006
16330,0.004,0.006
16331,0.004,0.006
16332,0.004,0.006
16333,0.004,0.006
16334,0.004,0.006
16335,0.004,0.006
16336,0.004,0.005
16337,0.004,0.006
16338,0.004,0.006
16339,0.004,0.006
16340,0.004,0.006
16341,0.004,0.006
16342,0.005,0.006
16343,0.004,0.006
16344,0.005,0.006
16345,0.004,0.006
16346,0.004,0.006
16347,0.004,0.006
16348,0.004,0.006
16349,0.005,0.006
16350,0.004,0.006
16351,0.004,0.006
16352,0.004,0.006
16353,0.004,0.006
16354,0.004,0.006
16355,0.004,0.005
16356,0.004,0.006
16357,0.004,0.006
16358,0.004,0.006
16359,0.004,0.006
16360,0.004,0.006
16361,0.004,0.005
16362,0.004,0.005
16363,0.004,0.005
16364,0.005,0.006
16365,0.004,0.006
16366,0.004,0.006
16367,0.004,0.006
16368,0.004,0.006
16369,0.004,0.005
16370,0.005,0.006
16371,0.004,0.006
16372,0.004,0.006
16373,0.004,0.006
16374,0.004,0.006
16375,0.004,0.005
16376,0.004,0.006
16377,0.005,0.006
16378,0.004,0.006
16379,0.004,0.006
16380,0.004,0.005
16381,0.004,0.006
16382,0.004,0.006
16383,0.004,0.006
16384,0.004,0.006
16385,0.005,0.006
16386,0.004,0.006
16387,0.004,0.005
16388,0.005,0.006
16389,0.004,0.006
16390,0.004,0.006
16391,0.004,0.005
16392,0.004,0.005
16393,0.004,0.006
16394,0.004,0.006
16395,0.005,0.006
16396,0.004,0.006
16397,0.004,0.006
16398,0.005,0.006
16399,0.004,0.006
16400,0.004,0.005
16401,0.004,0.006
16402,0.004,0.006
16403,0.005,0.006
16404,0.004,0.006
16405,0.004,0.006
16406,0.004,0.006
16407,0.004,0.006
16408,0.004,0.006
16409,0.004,0.006
16410,0.004,0.005
16411,0.004,0.006
16412,0.004,0.006
16413,0.004,0.006
16414,0.004,0.006
16415,0.005,0.006
16416,0.004,0.006
16417,0.004,0.005
16418,0.004,0.006
16419,0.004,0.006
16420,0.004,0.006
16421,0.004,0.006
16422,0.004,0.006
16423,0.004,0.006
16424,0.004,0.006
16425,0.004,0.005
16426,0.004,0.006
16427,0.004,0.006
16428,0.004,0.006
16429,0.004,0.006
16430,0.004,0.006
16431,0.004,0.006
16432,0.005,0.006
16433,0.004,0.006
16434,0.004,0.006
16435,0.004,0.006
16436,0.004,0.006
16437,0.005,0.006
16438,0.005,0.006
16439,0.004,0.006
16440,0.004,0.006
16441,0.005,0.006
16442,0.004,0.006
16443,0.004,0.006
16444,0.004,0.006
16445,0.005,0.006
16446,0.004,0.006
16447,0.004,0.006
16448,0.004,0.005
16449,0.004,0.006
16450,0.004,0.006
16451,0.004,0.006
16452,0.004,0.005
16453,0.004,0.006
16454,0.004,0.006
16455,0.004,0.006
16456,0.004,0.006
16457,0.004,0.006
16458,0.005,0.006
16459,0.004,0.006
16460,0.004,0.006
16461,0.004,0.006
16462,0.005,0.006
16463,0.005,0.006
16464,0.004,0.006
16465,0.004,0.006
16466,0.004,0.006
16467,0.004,0.006
16468,0.004,0.006
16469,0.005,0.006
16470,0.004,0.006
16471,0.004,0.006
16472,0.004,0.006
16473,0.004,0.006
16474,0.004,0.006
16475,0.004,0.006
16476,0.004,0.006
16477,0.004,0.006
16478,0.005,0.006
16479,0.005,0.006
16480,0.005,0.006
16481,0.004,0.006
16482,0.004,0.006
16483,0.004,0.006
16484,0.005,0.006
16485,0.004,0.006
16486,0.005,0.006
16487,0.004,0.006
16488,0.004,0.006
16489,0.005,0.006
16490,0.005,0.006
16491,0.005,0.006
16492,0.005,0.006
16493,0.004,0.006
16494,0.004,0.006
16495,0.004,0.006
16496,0.004,0.006
16497,0.004,0.006
16498,0.004,0.006
16499,0.004,0.006
16500,0.005,0.006
16501,0.005,0.006
16502,0.005,0.006
16503,0.005,0.006
16504,0.004,0.005
16505,0.004,0.006
16506,0.004,0.005
16507,0.004,0.006
16508,0.004,0.006
16509,0.004,0.006
16510,0.004,0.006
16511,0.004,0.006
16512,0.005,0.006
16513,0.004,0.006
16514,0.004,0.005
16515,0.004,0.006
16516,0.005,0.006
16517,0.004,0.005
16518,0.004,0.006
16519,0.004,0.006
16520,0.004,0.006
16521,0.004,0.006
16522,0.004,0.006
16523,0.004,0.006
16524,0.004,0.006
16525,0.004,0.006
16526,0.004,0.006
16527,0.004,0.006
16528,0.004,0.006
16529,0.004,0.006
16530,0.004,0.006
16531,0.004,0.005
16532,0.004,0.006
16533,0.004,0.006
16534,0.004,0.006
16535,0.004,0.006
16536,0.004,0.006
16537,0.004,0.005
16538,0.004,0.006
16539,0.005,0.006
16540,0.005,0.006
16541,0.004,0.006
16542,0.004,0.006
16543,0.005,0.006
16544,0.005,0.006
16545,0.004,0.005
16546,0.004,0.006
16547,0.004,0.006
16548,0.005,0.006
16549,0.004,0.006
16550,0.005,0.006
16551,0.004,0.006
16552,0.004,0.006
16553,0.004,0.006
16554,0.004,0.006
16555,0.004,0.006
16556,0.004,0.006
16557,0.004,0.006
16558,0.004,0.006
16559,0.004,0.006
16560,0.004,0.006
16561,0.004,0.006
16562,0.004,0.006
16563,0.004,0.005
16564,0.004,0.006
16565,0.004,0.006
16566,0.004,0.006
16567,0.004,0.006
16568,0.004,0.006
16569,0.005,0.006
16570,0.004,0.006
16571,0.004,0.006
16572,0.005,0.006
16573,0.004,0.005
16574,0.004,0.005
16575,0.004,0.006
16576,0.005,0.006
16577,0.004,0.005
16578,0.004,0.005
16579,0.004,0.006
16580,0.004,0.005
16581,0.004,0.006
16582,0.005,0.006
16583,0.004,0.006
16584,0.004,0.006
16585,0.004,0.006
16586,0.004,0.006
16587,0.004,0.006
16588,0.004,0.006
16589,0.004,0.006
16590,0.004,0.006
16591,0.004,0.006
16592,0.004,0.006
16593,0.004,0.006
16594,0.004,0.006
16595,0.004,0.006
16596,0.004,0.006
16597,0.004,0.006
16598,0.004,0.006
16599,0.004,0.006
16600,0.004,0.006
16601,0.004,0.006
16602,0.004,0.006
16603,0.005,0.006
16604,0.004,0.006
16605,0.004,0.006
16606,0.005,0.006
16607,0.005,0.006
16608,0.004,0.006
16609,0.004,0.006
16610,0.004,0.006
16611,0.005,0.006
16612,0.004,0.006
16613,0.004,0.006
16614,0.005,0.006
16615,0.005,0.006
16616,0.005,0.006
16617,0.005,0.006
16618,0.004,0.006
16619,0.004,0.006
16620,0.004,0.006
16621,0.005,0.006
16622,0.004,0.006
16623,0.004,0.006
16624,0.004,0.006
16625,0.004,0.005
16626,0.004,0.005
16627,0.004,0.006
16628,0.004,0.006
16629,0.005,0.006
16630,0.005,0.006
16631,0.004,0.006
16632,0.004,0.006
16633,0.004,0.006
16634,0.004,0.006
16635,0.004,0.005
16636,0.004,0.006
16637,0.005,0.006
16638,0.005,0.006
16639,0.004,0.006
16640,0.004,0.006
16641,0.004,0.006
16642,0.004,0.006
16643,0.004,0.006
16644,0.004,0.006
16645,0.004,0.006
16646,0.004,0.006
16647,0.004,0.006
16648,0.004,0.006
16649,0.005,0.006
16650,0.004,0.006
16651,0.005,0.006
16652,0.004,0.006
16653,0.004,0.006
16654,0.004,0.006
16655,0.004,0.005
16656,0.005,0.006
16657,0.005,0.006
16658,0.004,0.006
16659,0.004,0.006
16660,0.004,0.006
16661,0.004,0.006
16662,0.004,0.005
16663,0.005,0.006
16664,0.004,0.006
16665,0.005,0.006
16666,0.004,0.006
16667,0.004,0.006
16668,0.004,0.005
16669,0.004,0.006
16670,0.004,0.006
16671,0.004,0.006
16672,0.004,0.006
16673,0.004,0.006
16674,0.004,0.006
16675,0.004,0.005
16676,0.004,0.006
16677,0.004,0.006
16678,0.005,0.006
16679,0.005,0.006
16680,0.005,0.006
16681,0.004,0.005
16682,0.004,0.006
16683,0.005,0.006
16684,0.004,0.006
16685,0.005,0.006
16686,0.005,0.006
16687,0.005,0.006
16688,0.005,0.006
16689,0.004,0.005
16690,0.004,0.005
16691,0.005,0.006
16692,0.004,0.005
16693,0.004,0.005
16694,0.004,0.005
16695,0.004,0.006
16696,0.004,0.006
16697,0.004,0.006
16698,0.005,0.006
16699,0.004,0.006
16700,0.004,0.006
16701,0.004,0.006
16702,0.004,0.005
16703,0.004,0.006
16704,0.004,0.005
16705,0.004,0.006
16706,0.004,0.006
16707,0.005,0.006
16708,0.004,0.006
16709,0.004,0.005
16710,0.004,0.006
16711,0.004,0.006
16712,0.005,0.006
16713,0.005,0.006
16714,0.004,0.006
16715,0.004,0.006
16716,0.004,0.006
16717,0.005,0.006
16718,0.004,0.006
16719,0.004,0.006
16720,0.004,0.006
16721,0.004,0.006
16722,0.004,0.006
16723,0.004,0.006
16724,0.005,0.006
16725,0.005,0.006
16726,0.004,0.006
16727,0.004,0.005
16728,0.004,0.006
16729,0.004,0.006
16730,0.004,0.006
16731,0.005,0.006
16732,0.004,0.005
16733,0.004,0.006
16734,0.005,0.006
16735,0.005,0.006
16736,0.004,0.006
16737,0.004,0.006
16738,0.004,0.006
16739,0.005,0.006
16740,0.004,0.006
16741,0.004,0.006
16742,0.004,0.006
16743,0.005,0.006
16744,0.004,0.006
16745,0.004,0.006
16746,0.004,0.006
16747,0.004,0.006
16748,0.004,0.006
16749,0.004,0.006
16750,0.004,0.006
16751,0.004,0.006
16752,0.004,0.005
16753,0.004,0.006
16754,0.004,0.006
16755,0.005,0.006
16756,0.005,0.006
16757,0.004,0.006
16758,0.005,0.006
16759,0.005,0.006
16760,0.004,0.005
16761,0.004,0.006
16762,0.005,0.006
16763,0.004,0.006
16764,0.004,0.006
16765,0.004,0.006
16766,0.005,0.006
16767,0.004,0.006
16768,0.005,0.006
16769,0.004,0.005
16770,0.004,0.006
16771,0.004,0.006
16772,0.004,0.006
16773,0.004,0.005
16774,0.004,0.005
16775,0.004,0.006
16776,0.005,0.006
16777,0.005,0.006
16778,0.005,0.006
16779,0.005,0.006
16780,0.004,0.006
16781,0.004,0.006
16782,0.004,0.006
16783,0.004,0.006
16784,0.004,0.006
16785,0.004,0.006
16786,0.004,0.006
16787,0.004,0.006
16788,0.004,0.006
16789,0.004,0.006
16790,0.004,0.006
16791,0.004,0.006
16792,0.004,0.005
16793,0.004,0.006
16794,0.004,0.006
16795,0.004,0.006
16796,0.005,0.006
16797,0.004,0.005
16798,0.005,0.006
16799,0.004,0.006
16800,0.004,0.006
16801,0.005,0.006
16802,0.004,0.006
16803,0.004,0.006
16804,0.004,0.005
16805,0.005,0.006
16806,0.004,0.006
16807,0.004,0.006
16808,0.004,0.006
16809,0.004,0.006
16810,0.004,0.006
16811,0.004,0.006
16812,0.004,0.006
16813,0.004,0.005
16814,0.004,0.005
16815,0.004,0.006
16816,0.005,0.006
16817,0.004,0.006
16818,0.004,0.006
16819,0.005,0.006
16820,0.004,0.006
16821,0.005,0.006
16822,0.004,0.006
16823,0.004,0.006
16824,0.004,0.006
16825,0.004,0.006
16826,0.004,0.006
16827,0.004,0.006
16828,0.005,0.006
16829,0.004,0.006
16830,0.004,0.006
16831,0.004,0.006
16832,0.005,0.006
16833,0.004,0.006
16834,0.005,0.006
16835,0.004,0.006
16836,0.004,0.006
16837,0.004,0.006
16838,0.004,0.006
16839,0.005,0.006
16840,0.004,0.005
16841,0.004,0.006
16842,0.004,0.006
16843,0.004,0.005
16844,0.004,0.006
16845,0.004,0.006
16846,0.004,0.005
16847,0.004,0.006
16848,0.005,0.006
16849,0.004,0.006
16850,0.004,0.006
16851,0.004,0.006
16852,0.004,0.006
16853,0.004,0.006
16854,0.005,0.006
16855,0.005,0.006
16856,0.004,0.006
16857,0.004,0.006
16858,0.004,0.006
16859,0.004,0.005
16860,0.004,0.006
16861,0.004,0.006
16862,0.004,0.005
16863,0.004,0.006
16864,0.004,0.006
16865,0.004,0.006
16866,0.004,0.006
16867,0.005,0.006
16868,0.004,0.006
16869,0.004,0.006
16870,0.004,0.006
16871,0.004,0.006
16872,0.004,0.006
16873,0.004,0.006
16874,0.004,0.006
16875,0.004,0.006
16876,0.004,0.006
16877,0.005,0.006
16878,0.004,0.006
16879,0.005,0.006
16880,0.004,0.006
16881,0.005,0.006
16882,0.005,0.006
16883,0.004,0.006
16884,0.004,0.005
16885,0.004,0.006
16886,0.004,0.006
16887,0.004,0.006
16888,0.004,0.006
16889,0.005,0.006
16890,0.005,0.006
16891,0.004,0.006
16892,0.004,0.006
16893,0.004,0.006
16894,0.005,0.006
16895,0.004,0.006
16896,0.004,0.006
16897,0.004,0.005
16898,0.005,0.006
16899,0.004,0.006
16900,0.004,0.006
16901,0.004,0.005
16902,0.004,0.006
16903,0.004,0.006
16904,0.004,0.006
16905,0.004,0.006
16906,0.004,0.005
16907,0.005,0.006
16908,0.004,0.006
16909,0.004,0.006
16910,0.004,0.006
16911,0.004,0.006
16912,0.004,0.006
16913,0.005,0.006
16914,0.004,0.006
16915,0.004,0.006
16916,0.004,0.006
16917,0.005,0.006
16918,0.004,0.005
16919,0.004,0.006
16920,0.004,0.005
16921,0.004,0.005
16922,0.005,0.006
16923,0.004,0.006
16924,0.004,0.006
16925,0.005,0.006
16926,0.004,0.006
16927,0.005,0.006
16928,0.004,0.006
16929,0.005,0.006
16930,0.004,0.006
16931,0.005,0.006
16932,0.004,0.005
16933,0.004,0.005
16934,0.005,0.006
16935,0.004,0.006
16936,0.005,0.006
16937,0.004,0.006
16938,0.005,0.006
16939,0.004,0.006
16940,0.005,0.006
16941,0.004,0.006
16942,0.004,0.006
16943,0.004,0.006
16944,0.005,0.006
16945,0.004,0.006
16946,0.004,0.006
16947,0.004,0.006
16948,0.004,0.006
16949,0.005,0.006
16950,0.004,0.006
16951,0.004,0.006
16952,0.005,0.006
16953,0.004,0.006
16954,0.004,0.005
16955,0.004,0.006
16956,0.005,0.006
16957,0.004,0.006
16958,0.004,0.006
16959,0.004,0.006
16960,0.004,0.006
16961,0.004,0.006
16962,0.005,0.006
16963,0.004,0.006
16964,0.005,0.006
16965,0.004,0.006
16966,0.005,0.006
16967,0.004,0.006
16968,0.004,0.006
16969,0.005,0.006
16970,0.004,0.006
16971,0.004,0.006
16972,0.005,0.006
16973,0.004,0.006
16974,0.004,0.006
16975,0.004,0.006
16976,0.004,0.006
16977,0.004,0.006
16978,0.004,0.005
16979,0.004,0.006
16980,0.004,0.006
16981,0.005,0.006
16982,0.005,0.006
16983,0.004,0.006
16984,0.004,0.005
16985,0.004,0.006
16986,0.004,0.006
16987,0.004,0.006
16988,0.004,0.006
16989,0.004,0.006
16990,0.004,0.006
16991,0.004,0.006
16992,0.004,0.006
16993,0.004,0.006
16994,0.005,0.006
16995,0.004,0.006
16996,0.004,0.006
16997,0.004,0.006
16998,0.004,0.005
16999,0.004,0.005
17000,0.004,0.005
17001,0.004,0.006
17002,0.004,0.006
17003,0.004,0.006
17004,0.004,0.006
17005,0.004,0.006
17006,0.004,0.006
17007,0.004,0.006
17008,0.004,0.006
17009,0.004,0.006
17010,0.004,0.006
17011,0.004,0.006
17012,0.004,0.006
17013,0.004,0.006
17014,0.004,0.005
17015,0.004,0.005
17016,0.004,0.006
17017,0.005,0.006
17018,0.005,0.006
17019,0.005,0.006
17020,0.005,0.006
17021,0.004,0.005
17022,0.004,0.005
17023,0.004,0.006
17024,0.004,0.006
17025,0.005,0.006
17026,0.004,0.006
17027,0.004,0.005
17028,0.004,0.006
17029,0.004,0.006
17030,0.004,0.006
17031,0.004,0.006
17032,0.004,0.006
17033,0.004,0.006
17034,0.005,0.006
17035,0.004,0.006
17036,0.004,0.006
17037,0.005,0.006
17038,0.004,0.006
17039,0.004,0.006
17040,0.004,0.006
17041,0.004,0.006
17042,0.005,0.006
17043,0.005,0.006
17044,0.005,0.006
17045,0.004,0.006
17046,0.004,0.006
17047,0.004,0.005
17048,0.005,0.006
17049,0.004,0.006
17050,0.004,0.006
17051,0.004,0.006
17052,0.004,0.006
17053,0.004,0.006
17054,0.004,0.006
17055,0.004,0.006
17056,0.005,0.006
17057,0.005,0.006
17058,0.004,0.006
17059,0.005,0.006
17060,0.005,0.006
17061,0.004,0.006
17062,0.005,0.006
17063,0.004,0.006
17064,0.005,0.006
17065,0.004,0.006
17066,0.005,0.006
17067,0.004,0.005
17068,0.004,0.006
17069,0.004,0.006
17070,0.004,0.006
17071,0.004,0.006
17072,0.004,0.006
17073,0.005,0.006
17074,0.004,0.006
17075,0.004,0.006
17076,0.005,0.006
17077,0.004,0.006
17078,0.004,0.006
17079,0.004,0.006
17080,0.004,0.006
17081,0.005,0.006
17082,0.004,0.006
17083,0.005,0.006
17084,0.005,0.006
17085,0.004,0.006
17086,0.004,0.006
17087,0.004,0.006
17088,0.005,0.006
17089,0.004,0.006
17090,0.004,0.006
17091,0.004,0.006
17092,0.004,0.005
17093,0.004,0.006
17094,0.004,0.006
17095,0.004,0.006
17096,0.004,0.006
17097,0.004,0.005
17098,0.004,0.006
17099,0.005,0.006
17100,0.004,0.006
17101,0.004,0.006
17102,0.004,0.006
17103,0.004,0.005
17104,0.004,0.006
17105,0.004,0.006
17106,0.004,0.006
17107,0.004,0.006
17108,0.004,0.006
17109,0.005,0.006
17110,0.004,0.006
17111,0.004,0.006
17112,0.004,0.006
17113,0.004,0.006
17114,0.004,0.006
17115,0.005,0.006
17116,0.005,0.006
17117,0.005,0.006
17118,0.004,0.006
17119,0.005,0.006
17120,0.004,0.006
17121,0.004,0.005
17122,0.004,0.006
17123,0.004,0.006
17124,0.004,0.006
17125,0.004,0.006
17126,0.004,0.005
17127,0.004,0.006
17128,0.005,0.006
17129,0.005,0.006
17130,0.004,0.005
17131,0.004,0.006
17132,0.004,0.006
17133,0.004,0.006
17134,0.004,0.006
17135,0.005,0.006
17136,0.004,0.006
17137,0.004,0.006
17138,0.004,0.006
17139,0.005,0.006
17140,0.004,0.006
17141,0.004,0.006
17142,0.004,0.006
17143,0.004,0.006
17144,0.004,0.006
17145,0.004,0.006
17146,0.004,0.006
17147,0.004,0.006
17148,0.004,0.006
17149,0.004,0.006
17150,0.004,0.006
17151,0.004,0.006
17152,0.005,0.006
17153,0.004,0.006
17154,0.004,0.006
17155,0.004,0.006
17156,0.005,0.006
17157,0.005,0.006
17158,0.004,0.005
17159,0.004,0.006
17160,0.004,0.006
17161,0.004,0.006
17162,0.004,0.006
17163,0.004,0.005
17164,0.004,0.006
17165,0.005,0.006
17166,0.005,0.006
17167,0.004,0.006
17168,0.004,0.005
17169,0.004,0.005
17170,0.004,0.006
17171,0.004,0.005
17172,0.004,0.005
17173,0.004,0.006
17174,0.004,0.006
17175,0.005,0.006
17176,0.004,0.006
17177,0.005,0.006
17178,0.004,0.006
17179,0.004,0.006
17180,0.005,0.006
17181,0.004,0.006
17182,0.004,0.006
17183,0.004,0.006
17184,0.004,0.006
17185,0.004,0.006
17186,0.004,0.006
17187,0.004,0.006
17188,0.004,0.006
17189,0.004,0.006
17190,0.004,0.006
17191,0.004,0.006
17192,0.005,0.006
17193,0.004,0.006
17194,0.005,0.006
17195,0.004,0.006
17196,0.005,0.006
17197,0.004,0.006
17198,0.005,0.006
17199,0.005,0.006
17200,0.005,0.006
17201,0.005,0.006
17202,0.004,0.006
17203,0.004,0.006
17204,0.004,0.006
17205,0.004,0.006
17206,0.004,0.006
17207,0.004,0.006
17208,0.004,0.006
17209,0.005,0.006
17210,0.004,0.005
17211,0.004,0.006
17212,0.004,0.006
17213,0.004,0.006
17214,0.004,0.006
17215,0.004,0.006
17216,0.004,0.006
17217,0.004,0.006
17218,0.004,0.006
17219,0.004,0.006
17220,0.004,0.005
17221,0.004,0.006
17222,0.005,0.006
17223,0.004,0.006
17224,0.004,0.006
17225,0.004,0.006
17226,0.004,0.006
17227,0.005,0.006
17228,0.004,0.006
17229,0.004,0.006
17230,0.004,0.005
17231,0.004,0.006
17232,0.004,0.006
17233,0.005,0.006
17234,0.004,0.006
17235,0.004,0.006
17236,0.004,0.006
17237,0.004,0.006
17238,0.004,0.005
17239,0.005,0.006
17240,0.004,0.006
17241,0.004,0.006
17242,0.004,0.006
17243,0.004,0.006
17244,0.004,0.006
17245,0.004,0.006
17246,0.005,0.006
17247,0.005,0.006
17248,0.004,0.006
17249,0.004,0.006
17250,0.004,0.006
17251,0.004,0.006
17252,0.004,0.006
17253,0.004,0.006
17254,0.004,0.006
17255,0.004,0.006
17256,0.004,0.006
17257,0.004,0.006
17258,0.004,0.006
17259,0.004,0.006
17260,0.005,0.006
17261,0.004,0.006
17262,0.004,0.006
17263,0.004,0.006
17264,0.004,0.006
17265,0.005,0.006
17266,0.004,0.005
17267,0.004,0.005
17268,0.004,0.006
17269,0.004,0.006
17270,0.004,0.006
17271,0.004,0.006
17272,0.004,0.006
17273,0.005,0.006
17274,0.004,0.006
17275,0.004,0.006
17276,0.004,0.006
17277,0.004,0.006
17278,0.004,0.006
17279,0.004,0.006
17280,0.004,0.006
17281,0.004,0.006
17282,0.005,0.006
17283,0.005,0.006
17284,0.005,0.006
17285,0.004,0.006
17286,0.004,0.006
17287,0.004,0.006
17288,0.005,0.006
17289,0.005,0.006
17290,0.004,0.006
17291,0.004,0.006
17292,0.005,0.006
17293,0.004,0.005
17294,0.004,0.006
17295,0.005,0.006
17296,0.004,0.006
17297,0.004,0.006
17298,0.004,0.006
17299,0.004,0.006
17300,0.004,0.006
17301,0.005,0.006
17302,0.004,0.006
17303,0.004,0.006
17304,0.004,0.006
17305,0.004,0.005
17306,0.005,0.006
17307,0.004,0.006
17308,0.004,0.006
17309,0.004,0.006
17310,0.004,0.006
17311,0.004,0.006
17312,0.004,0.006
17313,0.004,0.006
17314,0.004,0.006
17315,0.004,0.006
17316,0.004,0.006
17317,0.004,0.005
17318,0.004,0.005
17319,0.004,0.006
17320,0.004,0.006
17321,0.005,0.006
17322,0.004,0.006
17323,0.004,0.006
17324,0.004,0.006
17325,0.004,0.006
17326,0.004,0.006
17327,0.004,0.006
17328,0.004,0.005
17329,0.005,0.006
17330,0.004,0.005
17331,0.004,0.006
17332,0.004,0.006
17333,0.005,0.006
17334,0.004,0.006
17335,0.004,0.006
17336,0.004,0.006
17337,0.005,0.006
17338,0.004,0.005
17339,0.004,0.006
17340,0.004,0.005
17341,0.004,0.005
17342,0.004,0.006
17343,0.004,0.006
17344,0.004,0.006
17345,0.004,0.006
17346,0.004,0.006
17347,0.004,0.005
17348,0.004,0.006
17349,0.004,0.006
17350,0.004,0.006
17351,0.004,0.006
17352,0.004,0.006
17353,0.004,0.005
17354,0.004,0.006
17355,0.004,0.005
17356,0.004,0.006
17357,0.005,0.006
17358,0.004,0.006
17359,0.005,0.006
17360,0.004,0.006
17361,0.004,0.006
17362,0.004,0.006
17363,0.004,0.006
17364,0.004,0.006
17365,0.004,0.006
17366,0.004,0.006
17367,0.004,0.006
17368,0.004,0.006
17369,0.005,0.006
17370,0.004,0.006
17371,0.004,0.006
17372,0.004,0.006
17373,0.004,0.006
17374,0.004,0.006
17375,0.005,0.006
17376,0.005,0.006
17377,0.005,0.006
17378,0.004,0.006
17379,0.004,0.006
17380,0.004,0.005
17381,0.004,0.006
17382,0.005,0.006
17383,0.004,0.006
17384,0.004,0.006
17385,0.004,0.006
17386,0.004,0.006
17387,0.004,0.006
17388,0.005,0.006
17389,0.004,0.006
17390,0.004,0.006
17391,0.004,0.005
17392,0.004,0.005
17393,0.004,0.006
17394,0.004,0.006
17395,0.004,0.006
17396,0.005,0.006
17397,0.004,0.006
17398,0.004,0.006
17399,0.004,0.006
17400,0.004,0.006
17401,0.004,0.006
17402,0.005,0.006
17403,0.004,0.006
17404,0.004,0.006
17405,0.005,0.006
17406,0.004,0.006
17407,0.004,0.006
17408,0.004,0.006
17409,0.004,0.006
17410,0.005,0.006
17411,0.004,0.006
17412,0.004,0.006
17413,0.004,0.006
17414,0.004,0.006
17415,0.004,0.006
17416,0.004,0.005
17417,0.005,0.006
17418,0.004,0.005
17419,0.004,0.006
17420,0.005,0.006
17421,0.004,0.006
17422,0.004,0.006
17423,0.004,0.006
17424,0.005,0.006
17425,0.005,0.006
17426,0.004,0.006
17427,0.004,0.006
17428,0.004,0.006
17429,0.004,0.006
17430,0.004,0.006
17431,0.004,0.006
17432,0.004,0.006
17433,0.004,0.006
17434,0.004,0.005
17435,0.004,0.006
17436,0.004,0.005
17437,0.004,0.006
17438,0.005,0.006
17439,0.004,0.006
17440,0.004,0.005
17441,0.004,0.005
17442,0.004,0.006
17443,0.004,0.006
17444,0.005,0.006
17445,0.004,0.006
17446,0.004,0.006
17447,0.005,0.006
17448,0.004,0.006
17449,0.004,0.005
17450,0.005,0.006
17451,0.005,0.006
17452,0.004,0.006
17453,0.004,0.005
17454,0.004,0.006
17455,0.005,0.006
17456,0.004,0.006
17457,0.004,0.006
17458,0.004,0.006
17459,0.004,0.006
17460,0.005,0.006
17461,0.005,0.006
17462,0.004,0.006
17463,0.004,0.006
17464,0.005,0.006
17465,0.004,0.006
17466,0.005,0.006
17467,0.004,0.005
17468,0.004,0.006
17469,0.004,0.006
17470,0.004,0.006
17471,0.005,0.006
17472,0.004,0.006
17473,0.004,0.006
17474,0.004,0.006
17475,0.004,0.006
17476,0.004,0.006
17477,0.004,0.006
17478,0.004,0.006
17479,0.004,0.006
17480,0.004,0.006
17481,0.004,0.006
17482,0.004,0.006
17483,0.004,0.006
17484,0.004,0.006
17485,0.004,0.006
17486,0.004,0.006
17487,0.004,0.005
17488,0.004,0.006
17489,0.005,0.006
17490,0.004,0.006
17491,0.004,0.006
17492,0.004,0.005
17493,0.005,0.006
17494,0.004,0.006
17495,0.004,0.006
17496,0.004,0.006
17497,0.004,0.006
17498,0.004,0.006
17499,0.004,0.006
17500,0.004,0.005
17501,0.004,0.006
17502,0.005,0.006
17503,0.004,0.005
17504,0.004,0.006
17505,0.004,0.006
17506,0.004,0.006
17507,0.004,0.006
17508,0.004,0.005
17509,0.004,0.006
17510,0.004,0.006
17511,0.004,0.006
17512,0.004,0.006
17513,0.004,0.006
17514,0.004,0.006
17515,0.005,0.006
17516,0.005,0.006
17517,0.004,0.006
17518,0.004,0.005
17519,0.004,0.005
17520,0.004,0.006
17521,0.004,0.006
17522,0.005,0.006
17523,0.004,0.006
17524,0.004,0.005
17525,0.004,0.006
17526,0.005,0.006
17527,0.004,0.006
17528,0.004,0.006
17529,0.004,0.006
17530,0.005,0.006
17531,0.004,0.005
17532,0.004,0.006
17533,0.004,0.006
17534,0.004,0.006
17535,0.004,0.006
17536,0.004,0.006
17537,0.004,0.005
17538,0.004,0.006
17539,0.004,0.006
17540,0.005,0.006
17541,0.004,0.006
17542,0.005,0.006
17543,0.005,0.006
17544,0.004,0.006
17545,0.005,0.006
17546,0.004,0.006
17547,0.004,0.006
17548,0.004,0.006
17549,0.005,0.006
17550,0.004,0.006
17551,0.004,0.006
17552,0.004,0.006
17553,0.004,0.006
17554,0.004,0.006
17555,0.004,0.005
17556,0.004,0.006
17557,0.004,0.006
17558,0.004,0.005
17559,0.004,0.005
17560,0.004,0.006
17561,0.004,0.006
17562,0.005,0.006
17563,0.005,0.006
17564,0.004,0.006
17565,0.004,0.006
17566,0.004,0.006
17567,0.005,0.006
17568,0.004,0.006
17569,0.004,0.006
17570,0.004,0.006
17571,0.004,0.005
17572,0.004,0.006
17573,0.004,0.006
17574,0.004,0.005
17575,0.004,0.005
17576,0.004,0.006
17577,0.004,0.006
17578,0.004,0.006
17579,0.004,0.006
17580,0.004,0.006
17581,0.004,0.005
17582,0.004,0.005
17583,0.005,0.006
17584,0.004,0.006
17585,0.004,0.006
17586,0.004,0.006
17587,0.004,0.005
17588,0.004,0.006
17589,0.004,0.006
17590,0.005,0.006
17591,0.005,0.006
17592,0.005,0.006
17593,0.005,0.006
17594,0.004,0.006
17595,0.004,0.006
17596,0.004,0.006
17597,0.004,0.006
17598,0.004,0.006
17599,0.004,0.006
17600,0.004,0.006
17601,0.004,0.006
17602,0.004,0.006
17603,0.005,0.006
17604,0.004,0.006
17605,0.004,0.006
17606,0.004,0.005
17607,0.004,0.006
17608,0.004,0.006
17609,0.004,0.006
17610,0.004,0.006
17611,0.004,0.006
17612,0.005,0.006
17613,0.004,0.006
17614,0.004,0.006
17615,0.004,0.005
17616,0.005,0.006
17617,0.005,0.006
17618,0.004,0.006
17619,0.004,0.006
17620,0.004,0.006
17621,0.004,0.006
17622,0.004,0.006
17623,0.005,0.006
17624,0.004,0.006
17625,0.004,0.005
17626,0.004,0.006
17627,0.004,0.006
17628,0.004,0.006
17629,0.004,0.006
17630,0.004,0.006
17631,0.004,0.006
17632,0.004,0.006
17633,0.004,0.006
17634,0.004,0.006
17635,0.004,0.006
17636,0.004,0.006
17637,0.005,0.006
17638,0.005,0.006
17639,0.004,0.005
17640,0.004,0.006
17641,0.004,0.006
17642,0.004,0.006
17643,0.004,0.005
17644,0.004,0.005
17645,0.004,0.005
17646,0.004,0.006
17647,0.004,0.006
17648,0.005,0.006
17649,0.005,0.006
17650,0.004,0.006
17651,0.004,0.006
17652,0.004,0.005
17653,0.004,0.006
17654,0.004,0.006
17655,0.004,0.006
17656,0.004,0.006
17657,0.004,0.006
17658,0.004,0.006
17659,0.005,0.006
17660,0.005,0.006
17661,0.004,0.006
17662,0.004,0.005
17663,0.004,0.006
17664,0.004,0.006
17665,0.005,0.006
17666,0.005,0.006
17667,0.004,0.006
17668,0.004,0.006
17669,0.005,0.006
17670,0.004,0.006
17671,0.004,0.006
17672,0.004,0.006
17673,0.004,0.006
17674,0.004,0.005
17675,0.004,0.006
17676,0.004,0.006
17677,0.005,0.006
17678,0.004,0.005
17679,0.004,0.006
17680,0.004,0.006
17681,0.004,0.006
17682,0.004,0.006
17683,0.004,0.006
17684,0.004,0.006
17685,0.004,0.006
17686,0.005,0.006
17687,0.005,0.006
17688,0.004,0.006
17689,0.004,0.006
17690,0.004,0.006
17691,0.004,0.006
17692,0.004,0.006
17693,0.004,0.006
17694,0.005,0.006
17695,0.004,0.006
17696,0.004,0.006
17697,0.005,0.006
17698,0.004,0.006
17699,0.004,0.006
17700,0.004,0.006
17701,0.004,0.006
17702,0.004,0.006
17703,0.004,0.006
17704,0.004,0.006
17705,0.004,0.006
17706,0.005,0.006
17707,0.004,0.006
17708,0.004,0.006
17709,0.005,0.006
17710,0.005,0.006
17711,0.004,0.006
17712,0.004,0.006
17713,0.004,0.006
17714,0.004,0.006
17715,0.004,0.006
17716,0.004,0.006
17717,0.005,0.006
17718,0.005,0.006
17719,0.004,0.006
17720,0.005,0.006
17721,0.004,0.006
17722,0.004,0.006
17723,0.004,0.006
17724,0.004,0.006
17725,0.004,0.006
17726,0.004,0.006
17727,0.004,0.006
17728,0.004,0.005
17729,0.004,0.006
17730,0.005,0.006
17731,0.004,0.006
17732,0.004,0.006
17733,0.004,0.006
17734,0.004,0.006
17735,0.004,0.006
17736,0.004,0.006
17737,0.004,0.006
17738,0.005,0.006
17739,0.004,0.006
17740,0.004,0.006
17741,0.005,0.006
17742,0.004,0.006
17743,0.004,0.006
17744,0.004,0.006
17745,0.004,0.006
17746,0.004,0.006
17747,0.005,0.006
17748,0.004,0.006
17749,0.004,0.006
17750,0.004,0.006
17751,0.004,0.006
17752,0.004,0.006
17753,0.004,0.006
17754,0.004,0.005
17755,0.004,0.006
17756,0.004,0.006
17757,0.004,0.006
17758,0.004,0.005
17759,0.004,0.006
17760,0.005,0.006
17761,0.004,0.006
17762,0.004,0.006
17763,0.004,0.006
17764,0.005,0.006
17765,0.004,0.006
17766,0.005,0.006
17767,0.004,0.006
17768,0.005,0.006
17769,0.005,0.006
17770,0.004,0.006
17771,0.004,0.006
17772,0.004,0.006
17773,0.004,0.006
17774,0.004,0.006
17775,0.004,0.006
17776,0.005,0.006
17777,0.004,0.006
17778,0.004,0.006
17779,0.004,0.006
17780,0.004,0.006
17781,0.004,0.006
17782,0.004,0.006
17783,0.004,0.006
17784,0.004,0.006
17785,0.004,0.006
17786,0.004,0.006
17787,0.004,0.006
17788,0.004,0.006
17789,0.004,0.006
17790,0.004,0.006
17791,0.005,0.006
17792,0.004,0.006
17793,0.005,0.006
17794,0.004,0.006
17795,0.005,0.006
17796,0.004,0.006
17797,0.004,0.006
17798,0.004,0.006
17799,0.004,0.006
17800,0.004,0.006
17801,0.004,0.006
17802,0.004,0.006
17803,0.004,0.006
17804,0.004,0.006
17805,0.004,0.006
17806,0.004,0.006
17807,0.004,0.006
17808,0.004,0.006
17809,0.004,0.006
17810,0.004,0.006
17811,0.005,0.006
17812,0.004,0.006
17813,0.004,0.006
17814,0.004,0.006
17815,0.004,0.006
17816,0.004,0.006
17817,0.005,0.006
17818,0.004,0.006
17819,0.004,0.006
17820,0.005,0.006
17821,0.005,0.006
17822,0.005,0.006
17823,0.004,0.006
17824,0.004,0.005
17825,0.004,0.006
17826,0.005,0.006
17827,0.004,0.006
17828,0.004,0.006
17829,0.004,0.006
17830,0.005,0.006
17831,0.004,0.006
17832,0.004,0.006
17833,0.004,0.006
17834,0.004,0.005
17835,0.004,0.006
17836,0.004,0.006
17837,0.005,0.006
17838,0.004,0.006
17839,0.004,0.005
17840,0.004,0.006
17841,0.004,0.006
17842,0.004,0.005
17843,0.004,0.006
17844,0.004,0.006
17845,0.004,0.006
17846,0.004,0.005
17847,0.004,0.006
17848,0.005,0.006
17849,0.004,0.005
17850,0.004,0.006
17851,0.004,0.006
17852,0.004,0.006
17853,0.004,0.006
17854,0.004,0.005
17855,0.004,0.006
17856,0.004,0.006
17857,0.004,0.006
17858,0.004,0.006
17859,0.005,0.006
17860,0.004,0.006
17861,0.004,0.005
17862,0.004,0.006
17863,0.005,0.006
17864,0.004,0.005
17865,0.004,0.006
17866,0.004,0.005
17867,0.004,0.006
17868,0.004,0.006
17869,0.004,0.006
17870,0.004,0.005
17871,0.005,0.006
17872,0.004,0.006
17873,0.004,0.006
17874,0.004,0.006
17875,0.004,0.006
17876,0.005,0.006
17877,0.004,0.006
17878,0.004,0.006
17879,0.004,0.006
17880,0.004,0.006
17881,0.004,0.006
17882,0.004,0.006
17883,0.004,0.006
17884,0.004,0.006
17885,0.004,0.006
17886,0.005,0.006
17887,0.004,0.006
17888,0.004,0.006
17889,0.004,0.005
17890,0.004,0.005
17891,0.004,0.005
17892,0.004,0.006
17893,0.004,0.005
17894,0.004,0.006
17895,0.004,0.006
17896,0.004,0.006
17897,0.004,0.006
17898,0.004,0.006
17899,0.005,0.006
17900,0.004,0.005
17901,0.004,0.005
17902,0.004,0.005
17903,0.005,0.006
17904,0.004,0.006
17905,0.004,0.006
17906,0.004,0.006
17907,0.005,0.006
17908,0.004,0.006
17909,0.004,0.005
17910,0.004,0.006
17911,0.004,0.006
17912,0.004,0.006
17913,0.004,0.006
17914,0.004,0.005
17915,0.004,0.006
17916,0.004,0.006
17917,0.005,0.006
17918,0.004,0.006
17919,0.005,0.006
17920,0.005,0.006
17921,0.004,0.006
17922,0.004,0.006
17923,0.005,0.006
17924,0.004,0.005
17925,0.004,0.006
17926,0.004,0.006
17927,0.004,0.006
17928,0.004,0.006
17929,0.004,0.005
17930,0.004,0.005
17931,0.004,0.006
17932,0.004,0.006
17933,0.004,0.006
17934,0.004,0.006
17935,0.004,0.006
17936,0.004,0.005
17937,0.005,0.006
17938,0.004,0.005
17939,0.004,0.006
17940,0.004,0.006
17941,0.005,0.006
17942,0.005,0.006
17943,0.004,0.006
17944,0.004,0.006
17945,0.004,0.006
17946,0.004,0.006
17947,0.004,0.006
17948,0.004,0.006
17949,0.004,0.006
17950,0.005,0.006
17951,0.004,0.006
17952,0.005,0.006
17953,0.004,0.006
17954,0.004,0.006
17955,0.005,0.006
17956,0.004,0.006
17957,0.005,0.006
17958,0.004,0.006
17959,0.005,0.006
17960,0.004,0.006
17961,0.004,0.006
17962,0.004,0.006
17963,0.004,0.006
17964,0.004,0.006
17965,0.004,0.006
17966,0.004,0.006
17967,0.005,0.006
17968,0.004,0.006
17969,0.004,0.006
17970,0.004,0.006
17971,0.004,0.006
17972,0.005,0.006
17973,0.005,0.006
17974,0.004,0.006
17975,0.004,0.006
17976,0.004,0.006
17977,0.005,0.006
17978,0.004,0.006
17979,0.004,0.006
17980,0.004,0.006
17981,0.004,0.006
17982,0.004,0.006
17983,0.005,0.006
17984,0.004,0.006
17985,0.004,0.006
17986,0.004,0.006
17987,0.004,0.006
17988,0.004,0.006
17989,0.005,0.006
17990,0.005,0.006
17991,0.004,0.006
17992,0.004,0.005
17993,0.004,0.006
17994,0.004,0.005
17995,0.004,0.006
17996,0.005,0.006
17997,0.004,0.006
17998,0.004,0.006
17999,0.005,0.006
18000,0.004,0.006
18001,0.004,0.006
18002,0.004,0.006
18003,0.004,0.006
18004,0.004,0.006
18005,0.004,0.005
18006,0.004,0.006
18007,0.004,0.006
18008,0.004,0.005
18009,0.004,0.005
18010,0.004,0.006
18011,0.004,0.006
18012,0.004,0.006
18013,0.005,0.006
18014,0.004,0.006
18015,0.004,0.006
18016,0.005,0.006
18017,0.004,0.006
18018,0.004,0.006
18019,0.004,0.006
18020,0.004,0.006
18021,0.004,0.006
18022,0.004,0.006
18023,0.004,0.006
18024,0.005,0.006
18025,0.005,0.006
18026,0.005,0.006
18027,0.004,0.006
18028,0.004,0.005
18029,0.004,0.006
18030,0.004,0.006
18031,0.004,0.006
18032,0.004,0.006
18033,0.004,0.006
18034,0.004,0.006
18035,0.004,0.006
18036,0.004,0.006
18037,0.004,0.005
18038,0.004,0.006
18039,0.004,0.006
18040,0.004,0.006
18041,0.004,0.006
18042,0.005,0.006
18043,0.004,0.006
18044,0.004,0.006
18045,0.004,0.006
18046,0.005,0.006
18047,0.004,0.006
18048,0.004,0.006
18049,0.004,0.006
18050,0.004,0.006
18051,0.004,0.006
18052,0.004,0.006
18053,0.004,0.006
18054,0.004,0.006
18055,0.004,0.006
18056,0.004,0.006
18057,0.005,0.006
18058,0.005,0.006
18059,0.004,0.006
18060,0.004,0.005
18061,0.004,0.006
18062,0.005,0.006
18063,0.004,0.006
18064,0.004,0.006
18065,0.004,0.006
18066,0.004,0.006
18067,0.004,0.006
18068,0.004,0.006
18069,0.004,0.006
18070,0.004,0.006
18071,0.004,0.006
18072,0.004,0.006
18073,0.004,0.006
18074,0.004,0.006
18075,0.004,0.006
18076,0.004,0.006
18077,0.004,0.006
18078,0.004,0.006
18079,0.004,0.006
18080,0.004,0.006
18081,0.005,0.006
18082,0.005,0.006
18083,0.004,0.006
18084,0.004,0.006
18085,0.004,0.006
18086,0.004,0.006
18087,0.004,0.006
18088,0.004,0.006
18089,0.004,0.006
18090,0.004,0.006
18091,0.004,0.006
18092,0.004,0.006
18093,0.004,0.006
18094,0.004,0.006
18095,0.005,0.006
18096,0.004,0.006
18097,0.004,0.006
18098,0.004,0.006
18099,0.005,0.006
18100,0.005,0.006
18101,0.004,0.005
18102,0.004,0.006
18103,0.004,0.006
18104,0.004,0.006
18105,0.005,0.006
18106,0.005,0.006
18107,0.005,0.006
18108,0.005,0.006
18109,0.004,0.006
18110,0.004,0.006
18111,0.004,0.006
18112,0.004,0.005
18113,0.004,0.006
18114,0.004,0.005
18115,0.004,0.006
18116,0.004,0.006
18117,0.004,0.006
18118,0.004,0.005
18119,0.004,0.005
18120,0.005,0.006
18121,0.005,0.006
18122,0.005,0.006
18123,0.004,0.006
18124,0.004,0.006
18125,0.005,0.006
18126,0.004,0.006
18127,0.004,0.006
18128,0.004,0.006
18129,0.005,0.006
18130,0.004,0.005
18131,0.004,0.006
18132,0.004,0.006
18133,0.004,0.006
18134,0.004,0.006
18135,0.004,0.006
18136,0.004,0.006
18137,0.004,0.006
18138,0.004,0.006
18139,0.004,0.006
18140,0.004,0.005
18141,0.004,0.005
18142,0.004,0.006
18143,0.004,0.006
18144,0.004,0.006
18145,0.004,0.006
18146,0.005,0.006
18147,0.004,0.005
18148,0.004,0.006
18149,0.004,0.006
18150,0.004,0.006
18151,0.004,0.005
18152,0.004,0.006
18153,0.004,0.006
18154,0.004,0.006
18155,0.004,0.006
18156,0.004,0.006
18157,0.004,0.006
18158,0.004,0.006
18159,0.004,0.006
18160,0.004,0.006
18161,0.004,0.006
18162,0.004,0.006
18163,0.004,0.006
18164,0.004,0.005
18165,0.004,0.006
18166,0.004,0.006
18167,0.004,0.006
18168,0.004,0.006
18169,0.004,0.006
18170,0.005,0.006
18171,0.004,0.005
18172,0.004,0.006
18173,0.004,0.006
18174,0.004,0.006
18175,0.004,0.006
18176,0.004,0.006
18177,0.004,0.006
18178,0.004,0.005
18179,0.004,0.006
18180,0.004,0.006
18181,0.004,0.006
18182,0.004,0.006
18183,0.004,0.005
18184,0.005,0.006
18185,0.004,0.006
18186,0.004,0.006
18187,0.004,0.006
18188,0.005,0.006
18189,0.004,0.006
18190,0.004,0.006
18191,0.004,0.006
18192,0.004,0.006
18193,0.004,0.005
18194,0.004,0.006
18195,0.004,0.006
18196,0.004,0.006
18197,0.004,0.005
18198,0.004,0.005
18199,0.004,0.006
18200,0.004,0.006
18201,0.005,0.006
18202,0.004,0.006
18203,0.004,0.005
18204,0.004,0.006
18205,0.004,0.005
18206,0.004,0.006
18207,0.004,0.006
18208,0.004,0.006
18209,0.004,0.006
18210,0.005,0.006
18211,0.004,0.006
18212,0.004,0.006
18213,0.004,0.006
18214,0.004,0.006
18215,0.004,0.006
18216,0.004,0.006
18217,0.004,0.006
18218,0.004,0.006
18219,0.004,0.006
18220,0.004,0.006
18221,0.004,0.006
18222,0.004,0.006
18223,0.004,0.006
18224,0.004,0.005
18225,0.004,0.006
18226,0.004,0.006
18227,0.004,0.005
18228,0.004,0.005
18229,0.004,0.006
18230,0.004,0.006
18231,0.004,0.006
18232,0.005,0.006
18233,0.004,0.006
18234,0.004,0.006
18235,0.004,0.006
18236,0.004,0.006
18237,0.004,0.006
18238,0.004,0.006
18239,0.004,0.006
18240,0.004,0.006
18241,0.004,0.006
18242,0.004,0.006
18243,0.004,0.006
18244,0.004,0.006
18245,0.004,0.006
18246,0.005,0.006
18247,0.004,0.006
18248,0.005,0.006
18249,0.004,0.006
18250,0.004,0.006
18251,0.004,0.006
18252,0.004,0.006
18253,0.004,0.006
18254,0.005,0.006
18255,0.005,0.006
18256,0.004,0.006
18257,0.004,0.006
18258,0.005,0.006
18259,0.004,0.006
18260,0.004,0.006
18261,0.004,0.006
18262,0.004,0.006
18263,0.004,0.006
18264,0.005,0.006
18265,0.005,0.006
18266,0.004,0.006
18267,0.004,0.006
18268,0.004,0.006
18269,0.004,0.006
18270,0.004,0.006
18271,0.004,0.006
18272,0.004,0.006
18273,0.004,0.006
18274,0.004,0.006
18275,0.004,0.006
18276,0.004,0.006
18277,0.005,0.006
18278,0.004,0.006
18279,0.004,0.006
18280,0.004,0.006
18281,0.004,0.006
18282,0.004,0.006
18283,0.004,0.006
18284,0.004,0.006
18285,0.004,0.006
18286,0.004,0.006
18287,0.004,0.006
18288,0.004,0.006
18289,0.005,0.006
18290,0.004,0.006
18291,0.004,0.005
18292,0.004,0.006
18293,0.004,0.006
18294,0.004,0.006
18295,0.004,0.006
18296,0.004,0.006
18297,0.004,0.005
18298,0.004,0.006
18299,0.005,0.006
18300,0.004,0.006
18301,0.004,0.006
18302,0.004,0.005
18303,0.004,0.006
18304,0.004,0.006
18305,0.004,0.006
18306,0.004,0.005
18307,0.004,0.006
18308,0.005,0.006
18309,0.004,0.006
18310,0.004,0.006
18311,0.004,0.006
18312,0.004,0.006
18313,0.004,0.006
18314,0.004,0.006
18315,0.005,0.006
18316,0.004,0.006
18317,0.004,0.006
18318,0.004,0.005
18319,0.004,0.005
18320,0.004,0.006
18321,0.005,0.006
18322,0.004,0.006
18323,0.005,0.006
18324,0.004,0.005
18325,0.004,0.006
18326,0.005,0.006
18327,0.004,0.006
18328,0.004,0.006
18329,0.004,0.006
18330,0.005,0.006
18331,0.004,0.006
18332,0.004,0.006
18333,0.004,0.006
18334,0.004,0.006
18335,0.004,0.006
18336,0.004,0.006
18337,0.005,0.006
18338,0.004,0.005
18339,0.004,0.006
18340,0.004,0.005
18341,0.004,0.006
18342,0.004,0.006
18343,0.004,0.006
18344,0.004,0.006
18345,0.004,0.006
18346,0.004,0.005
18347,0.004,0.006
18348,0.004,0.006
18349,0.004,0.006
18350,0.004,0.006
18351,0.004,0.006
18352,0.004,0.006
18353,0.004,0.006
18354,0.004,0.006
18355,0.004,0.006
18356,0.004,0.006
18357,0.004,0.006
18358,0.005,0.006
18359,0.004,0.006
18360,0.004,0.006
18361,0.004,0.006
18362,0.005,0.006
18363,0.004,0.006
18364,0.004,0.006
18365,0.004,0.006
18366,0.004,0.006
18367,0.004,0.005
18368,0.004,0.006
18369,0.004,0.006
18370,0.004,0.006
18371,0.004,0.006
18372,0.004,0.005
18373,0.004,0.006
18374,0.004,0.006
18375,0.004,0.006
18376,0.004,0.005
18377,0.004,0.005
18378,0.004,0.006
18379,0.004,0.006
18380,0.004,0.005
18381,0.004,0.006
18382,0.004,0.006
18383,0.004,0.006
18384,0.004,0.006
18385,0.004,0.006
18386,0.004,0.006
18387,0.004,0.006
18388,0.004,0.006
18389,0.004,0.005
18390,0.004,0.006
18391,0.004,0.006
18392,0.004,0.006
18393,0.004,0.006
18394,0.004,0.006
18395,0.004,0.006
18396,0.004,0.006
18397,0.004,0.006
18398,0.004,0.005
18399,0.004,0.006
18400,0.004,0.006
18401,0.004,0.005
18402,0.004,0.006
18403,0.004,0.005
18404,0.004,0.006
18405,0.004,0.005
18406,0.004,0.006
18407,0.004,0.006
18408,0.004,0.005
18409,0.004,0.005
18410,0.004,0.006
18411,0.004,0.006
18412,0.004,0.006
18413,0.004,0.005
18414,0.004,0.006
18415,0.004,0.006
18416,0.004,0.006
18417,0.004,0.005
18418,0.004,0.006
18419,0.004,0.006
18420,0.004,0.005
18421,0.004,0.006
18422,0.004,0.005
18423,0.004,0.006
18424,0.004,0.006
18425,0.004,0.006
18426,0.004,0.006
18427,0.004,0.006
18428,0.004,0.005
18429,0.004,0.006
18430,0.004,0.005
18431,0.004,0.005
18432,0.004,0.006
18433,0.004,0.006
18434,0.004,0.006
18435,0.004,0.006
18436,0.004,0.006
18437,0.004,0.006
18438,0.004,0.006
18439,0.004,0.006
18440,0.004,0.005
18441,0.004,0.006
18442,0.004,0.006
18443,0.004,0.006
18444,0.004,0.006
18445,0.004,0.005
18446,0.004,0.006
18447,0.004,0.006
18448,0.004,0.006
18449,0.004,0.006
18450,0.004,0.005
18451,0.004,0.005
18452,0.004,0.005
18453,0.004,0.006
18454,0.004,0.006
18455,0.004,0.005
18456,0.004,0.006
18457,0.004,0.005
18458,0.004,0.005
18459,0.004,0.005
18460,0.004,0.005
18461,0.004,0.006
18462,0.004,0.006
18463,0.004,0.006
18464,0.004,0.006
18465,0.004,0.006
18466,0.004,0.005
18467,0.004,0.005
18468,0.004,0.006
18469,0.004,0.006
18470,0.004,0.006
18471,0.004,0.006
18472,0.004,0.006
18473,0.004,0.006
18474,0.004,0.006
18475,0.004,0.006
18476,0.004,0.006
18477,0.004,0.005
18478,0.004,0.006
18479,0.004,0.005
18480,0.004,0.006
18481,0.004,0.005
18482,0.004,0.006
18483,0.004,0.006
18484,0.004,0.006
18485,0.004,0.006
18486,0.005,0.006
18487,0.004,0.005
18488,0.004,0.006
18489,0.004,0.006
18490,0.004,0.006
18491,0.004,0.005
18492,0.004,0.006
18493,0.004,0.005
18494,0.004,0.005
18495,0.004,0.005
18496,0.004,0.006
18497,0.004,0.005
18498,0.004,0.006
18499,0.004,0.006
18500,0.004,0.006
18501,0.004,0.006
18502,0.004,0.006
18503,0.004,0.006
18504,0.004,0.005
18505,0.004,0.006
18506,0.004,0.006
18507,0.004,0.006
18508,0.004,0.006
18509,0.004,0.006
18510,0.004,0.006
18511,0.004,0.006
18512,0.004,0.006
18513,0.004,0.006
18514,0.004,0.006
18515,0.004,0.006
18516,0.004,0.006
18517,0.004,0.005
18518,0.004,0.005
18519,0.004,0.006
18520,0.004,0.006
18521,0.004,0.006
18522,0.004,0.006
18523,0.004,0.006
18524,0.005,0.006
18525,0.004,0.006
18526,0.004,0.006
18527,0.004,0.006
18528,0.004,0.006
18529,0.004,0.005
18530,0.004,0.006
18531,0.004,0.006
18532,0.004,0.006
18533,0.004,0.006
18534,0.004,0.006
18535,0.004,0.006
18536,0.004,0.005
18537,0.004,0.006
18538,0.004,0.006
18539,0.004,0.006
18540,0.004,0.006
18541,0.004,0.006
18542,0.004,0.006
18543,0.004,0.006
18544,0.004,0.006
18545,0.004,0.006
18546,0.004,0.006
18547,0.004,0.006
18548,0.004,0.005
18549,0.004,0.006
18550,0.004,0.006
18551,0.004,0.006
18552,0.004,0.006
18553,0.004,0.005
18554,0.004,0.006
18555,0.005,0.006
18556,0.004,0.006
18557,0.004,0.006
18558,0.004,0.006
18559,0.004,0.006
18560,0.004,0.006
18561,0.004,0.006
18562,0.004,0.006
18563,0.004,0.006
18564,0.004,0.005
18565,0.004,0.006
18566,0.004,0.006
18567,0.004,0.006
18568,0.004,0.006
18569,0.004,0.006
18570,0.004,0.005
18571,0.004,0.006
18572,0.004,0.006
18573,0.004,0.006
18574,0.004,0.005
18575,0.004,0.006
18576,0.004,0.006
18577,0.004,0.006
18578,0.004,0.006
18579,0.004,0.006
18580,0.004,0.006
18581,0.004,0.006
18582,0.005,0.006
18583,0.004,0.006
18584,0.004,0.006
18585,0.004,0.006
18586,0.004,0.006
18587,0.004,0.006
18588,0.004,0.006
18589,0.004,0.005
18590,0.004,0.005
18591,0.004,0.006
18592,0.004,0.006
18593,0.004,0.005
18594,0.004,0.006
18595,0.004,0.006
18596,0.004,0.006
18597,0.004,0.006
18598,0.004,0.005
18599,0.004,0.006
18600,0.004,0.005
18601,0.004,0.005
18602,0.004,0.006
18603,0.004,0.005
18604,0.004,0.006
18605,0.004,0.006
18606,0.004,0.006
18607,0.004,0.006
18608,0.004,0.005
18609,0.004,0.006
18610,0.004,0.006
18611,0.004,0.006
18612,0.004,0.006
18613,0.004,0.006
18614,0.004,0.005
18615,0.005,0.006
18616,0.004,0.006
18617,0.005,0.006
18618,0.005,0.006
18619,0.004,0.005
18620,0.004,0.005
18621,0.004,0.006
18622,0.004,0.005
18623,0.004,0.006
18624,0.004,0.006
18625,0.004,0.006
18626,0.004,0.005
18627,0.004,0.006
18628,0.004,0.005
18629,0.004,0.006
18630,0.004,0.006
18631,0.004,0.005
18632,0.004,0.005
18633,0.004,0.006
18634,0.005,0.006
18635,0.004,0.005
18636,0.004,0.005
18637,0.004,0.006
18638,0.004,0.006
18639,0.004,0.006
18640,0.004,0.006
18641,0.004,0.006
18642,0.004,0.006
18643,0.004,0.006
18644,0.004,0.006
18645,0.004,0.005
18646,0.004,0.005
18647,0.005,0.006
18648,0.004,0.006
18649,0.004,0.005
18650,0.004,0.006
18651,0.004,0.006
18652,0.004,0.006
18653,0.004,0.005
18654,0.004,0.006
18655,0.004,0.006
18656,0.004,0.006
18657,0.004,0.005
18658,0.004,0.006
18659,0.004,0.006
18660,0.004,0.006
18661,0.004,0.006
18662,0.004,0.006
18663,0.004,0.006
18664,0.004,0.005
18665,0.004,0.006
18666,0.004,0.006
18667,0.004,0.005
18668,0.004,0.006
18669,0.004,0.005
18670,0.004,0.005
18671,0.004,0.006
18672,0.004,0.006
18673,0.004,0.006
18674,0.004,0.006
18675,0.004,0.006
18676,0.004,0.006
18677,0.004,0.005
18678,0.004,0.005
18679,0.004,0.006
18680,0.004,0.006
18681,0.004,0.005
18682,0.004,0.006
18683,0.004,0.006
18684,0.004,0.006
18685,0.004,0.006
18686,0.004,0.006
18687,0.004,0.006
18688,0.004,0.006
18689,0.004,0.006
18690,0.004,0.006
18691,0.004,0.005
18692,0.004,0.006
18693,0.004,0.006
18694,0.004,0.006
18695,0.004,0.006
18696,0.004,0.006
18697,0.004,0.005
18698,0.005,0.006
18699,0.004,0.006
18700,0.004,0.005
18701,0.004,0.006
18702,0.004,0.006
18703,0.004,0.006
18704,0.004,0.006
18705,0.004,0.006
18706,0.004,0.005
18707,0.004,0.006
18708,0.004,0.006
18709,0.004,0.006
18710,0.004,0.006
18711,0.004,0.006
18712,0.004,0.005
18713,0.004,0.006
18714,0.004,0.006
18715,0.004,0.006
18716,0.004,0.006
18717,0.004,0.006
18718,0.004,0.005
18719,0.004,0.006
18720,0.004,0.005
18721,0.004,0.005
18722,0.004,0.006
18723,0.004,0.005
18724,0.004,0.005
18725,0.004,0.005
18726,0.004,0.006
18727,0.004,0.005
18728,0.004,0.006
18729,0.004,0.006
18730,0.004,0.006
18731,0.004,0.005
18732,0.004,0.006
18733,0.004,0.005
18734,0.004,0.006
18735,0.004,0.006
18736,0.004,0.006
18737,0.004,0.005
18738,0.004,0.005
18739,0.004,0.005
18740,0.004,0.005
18741,0.004,0.005
18742,0.004,0.006
18743,0.004,0.005
18744,0.004,0.006
18745,0.004,0.005
18746,0.004,0.005
18747,0.004,0.005
18748,0.004,0.005
18749,0.004,0.005
18750,0.004,0.006
18751,0.004,0.006
18752,0.004,0.006
18753,0.004,0.006
18754,0.004,0.005
18755,0.004,0.006
18756,0.004,0.006
18757,0.004,0.005
18758,0.004,0.006
18759,0.004,0.006
18760,0.004,0.005
18761,0.004,0.005
18762,0.004,0.006
18763,0.004,0.006
18764,0.004,0.006
18765,0.004,0.006
18766,0.004,0.005
18767,0.004,0.005
18768,0.004,0.006
18769,0.004,0.006
18770,0.004,0.006
18771,0.004,0.006
18772,0.004,0.005
18773,0.004,0.005
18774,0.004,0.006
18775,0.004,0.006
18776,0.004,0.005
18777,0.004,0.005
18778,0.004,0.005
18779,0.004,0.005
18780,0.004,0.005
18781,0.004,0.006
18782,0.004,0.005
18783,0.004,0.005
18784,0.004,0.005
18785,0.004,0.005
18786,0.004,0.006
18787,0.004,0.006
18788,0.004,0.006
18789,0.004,0.005
18790,0.004,0.006
18791,0.004,0.005
18792,0.004,0.006
18793,0.004,0.005
18794,0.004,0.005
18795,0.004,0.005
18796,0.004,0.006
18797,0.004,0.006
18798,0.004,0.006
18799,0.004,0.006
18800,0.004,0.006
18801,0.004,0.006
18802,0.004,0.005
18803,0.004,0.005
18804,0.004,0.006
18805,0.004,0.006
18806,0.004,0.006
18807,0.004,0.005
18808,0.004,0.006
18809,0.004,0.006
18810,0.004,0.006
18811,0.004,0.006
18812,0.004,0.005
18813,0.004,0.006
18814,0.004,0.006
18815,0.004,0.006
18816,0.004,0.006
18817,0.004,0.005
18818,0.004,0.006
18819,0.004,0.006
18820,0.004,0.006
18821,0.004,0.006
18822,0.004,0.005
18823,0.004,0.006
18824,0.004,0.006
18825,0.004,0.006
18826,0.004,0.005
18827,0.004,0.006
18828,0.004,0.006
18829,0.004,0.005
18830,0.004,0.006
18831,0.004,0.006
18832,0.004,0.006
18833,0.004,0.006
18834,0.004,0.006
18835,0.004,0.006
18836,0.004,0.006
18837,0.004,0.006
18838,0.004,0.006
18839,0.004,0.005
18840,0.004,0.005
18841,0.004,0.005
18842,0.004,0.005
18843,0.004,0.005
18844,0.004,0.006
18845,0.004,0.006
18846,0.004,0.005
18847,0.004,0.006
18848,0.004,0.005
18849,0.004,0.005
18850,0.004,0.006
18851,0.004,0.005
18852,0.004,0.006
18853,0.004,0.006
18854,0.004,0.006
18855,0.004,0.006
18856,0.004,0.006
18857,0.004,0.005
18858,0.004,0.005
18859,0.004,0.005
18860,0.004,0.006
18861,0.004,0.006
18862,0.004,0.005
18863,0.004,0.006
18864,0.004,0.006
18865,0.004,0.005
18866,0.004,0.006
18867,0.004,0.005
18868,0.004,0.005
18869,0.004,0.006
18870,0.004,0.005
18871,0.004,0.005
18872,0.004,0.006
18873,0.004,0.006
18874,0.004,0.006
18875,0.004,0.005
18876,0.004,0.005
18877,0.004,0.006
18878,0.004,0.006
18879,0.004,0.005
18880,0.004,0.006
18881,0.004,0.006
18882,0.004,0.006
18883,0.005,0.006
18884,0.004,0.005
18885,0.004,0.005
18886,0.004,0.005
18887,0.004,0.005
18888,0.004,0.005
18889,0.004,0.006
18890,0.004,0.006
18891,0.004,0.005
18892,0.004,0.006
18893,0.004,0.006
18894,0.004,0.006
18895,0.004,0.005
18896,0.004,0.005
18897,0.004,0.005
18898,0.004,0.005
18899,0.004,0.005
18900,0.004,0.006
18901,0.004,0.006
18902,0.004,0.006
18903,0.004,0.005
18904,0.004,0.006
18905,0.004,0.005
18906,0.004,0.006
18907,0.004,0.005
18908,0.004,0.006
18909,0.004,0.006
18910,0.004,0.005
18911,0.004,0.006
18912,0.004,0.006
18913,0.004,0.006
18914,0.004,0.006
18915,0.004,0.005
18916,0.004,0.006
18917,0.004,0.006
18918,0.004,0.006
18919,0.004,0.005
18920,0.004,0.006
18921,0.004,0.006
18922,0.004,0.005
18923,0.004,0.006
18924,0.004,0.006
18925,0.004,0.005
18926,0.004,0.005
18927,0.004,0.005
18928,0.004,0.006
18929,0.004,0.005
18930,0.004,0.005
18931,0.004,0.006
18932,0.004,0.005
18933,0.004,0.006
18934,0.004,0.005
18935,0.004,0.006
18936,0.004,0.006
18937,0.004,0.006
18938,0.004,0.006
18939,0.004,0.006
18940,0.004,0.006
18941,0.004,0.006
18942,0.004,0.006
18943,0.004,0.006
18944,0.004,0.005
18945,0.004,0.006
18946,0.004,0.005
18947,0.004,0.006
18948,0.004,0.006
18949,0.004,0.006
18950,0.004,0.005
18951,0.005,0.006
18952,0.004,0.005
18953,0.004,0.006
18954,0.004,0.005
18955,0.004,0.006
18956,0.004,0.006
18957,0.004,0.006
18958,0.004,0.006
18959,0.004,0.005
18960,0.004,0.006
18961,0.004,0.006
18962,0.004,0.005
18963,0.004,0.006
18964,0.004,0.006
18965,0.004,0.006
18966,0.004,0.005
18967,0.004,0.006
18968,0.005,0.006
18969,0.004,0.006
18970,0.004,0.006
18971,0.004,0.005
18972,0.004,0.005
18973,0.004,0.005
18974,0.004,0.005
18975,0.004,0.005
18976,0.004,0.005
18977,0.004,0.005
18978,0.004,0.006
18979,0.004,0.006
18980,0.004,0.006
18981,0.004,0.005
18982,0.004,0.005
18983,0.004,0.006
18984,0.004,0.006
18985,0.004,0.006
18986,0.004,0.006
18987,0.004,0.006
18988,0.004,0.006
18989,0.004,0.006
18990,0.004,0.005
18991,0.004,0.005
18992,0.004,0.006
18993,0.004,0.005
18994,0.004,0.005
18995,0.004,0.005
18996,0.004,0.005
18997,0.004,0.006
18998,0.004,0.005
18999,0.004,0.006
19000,0.004,0.006
19001,0.004,0.006
19002,0.004,0.006
19003,0.004,0.006
19004,0.004,0.005
19005,0.004,0.005
19006,0.004,0.006
19007,0.004,0.005
19008,0.004,0.005
19009,0.004,0.006
19010,0.004,0.006
19011,0.004,0.006
19012,0.004,0.005
19013,0.004,0.005
19014,0.004,0.005
19015,0.004,0.005
19016,0.004,0.005
19017,0.005,0.006
19018,0.004,0.006
19019,0.004,0.006
19020,0.004,0.006
19021,0.004,0.005
19022,0.004,0.005
19023,0.004,0.006
19024,0.004,0.006
19025,0.004,0.005
19026,0.004,0.005
19027,0.004,0.005
19028,0.004,0.006
19029,0.004,0.006
19030,0.004,0.006
19031,0.004,0.005
19032,0.004,0.005
19033,0.004,0.006
19034,0.004,0.005
19035,0.004,0.005
19036,0.004,0.005
19037,0.004,0.005
19038,0.004,0.006
19039,0.004,0.006
19040,0.004,0.005
19041,0.004,0.006
19042,0.004,0.005
19043,0.004,0.005
19044,0.004,0.006
19045,0.004,0.005
19046,0.004,0.006
19047,0.004,0.005
19048,0.004,0.005
19049,0.004,0.005
19050,0.004,0.005
19051,0.004,0.005
19052,0.004,0.006
19053,0.004,0.005
19054,0.004,0.006
19055,0.004,0.005
19056,0.004,0.006
19057,0.004,0.006
19058,0.004,0.006
19059,0.004,0.006
19060,0.004,0.005
19061,0.004,0.005
19062,0.004,0.006
19063,0.004,0.005
19064,0.004,0.005
19065,0.004,0.005
19066,0.004,0.005
19067,0.004,0.005
19068,0.004,0.005
19069,0.004,0.005
19070,0.004,0.005
19071,0.004,0.006
19072,0.004,0.006
19073,0.004,0.006
19074,0.004,0.006
19075,0.004,0.006
19076,0.004,0.006
19077,0.004,0.006
19078,0.004,0.005
19079,0.004,0.006
19080,0.004,0.006
19081,0.004,0.005
19082,0.004,0.005
19083,0.004,0.006
19084,0.004,0.006
19085,0.004,0.006
19086,0.004,0.006
19087,0.004,0.006
19088,0.004,0.006
19089,0.004,0.006
19090,0.004,0.006
19091,0.004,0.006
19092,0.004,0.006
19093,0.004,0.006
19094,0.004,0.005
19095,0.004,0.006
19096,0.004,0.006
19097,0.004,0.005
19098,0.004,0.006
19099,0.004,0.006
19100,0.004,0.005
19101,0.004,0.005
19102,0.004,0.006
19103,0.004,0.005
19104,0.004,0.006
19105,0.004,0.005
19106,0.004,0.005
19107,0.004,0.005
19108,0.004,0.005
19109,0.004,0.005
19110,0.004,0.006
19111,0.004,0.005
19112,0.004,0.006
19113,0.004,0.005
19114,0.004,0.006
19115,0.004,0.006
19116,0.004,0.005
19117,0.004,0.005
19118,0.004,0.006
19119,0.004,0.006
19120,0.004,0.005
19121,0.004,0.005
19122,0.004,0.005
19123,0.004,0.005
19124,0.004,0.005
19125,0.004,0.006
19126,0.004,0.006
19127,0.004,0.006
19128,0.004,0.005
19129,0.004,0.006
19130,0.004,0.006
19131,0.004,0.005
19132,0.004,0.005
19133,0.004,0.006
19134,0.004,0.006
19135,0.004,0.005
19136,0.004,0.006
19137,0.004,0.006
19138,0.004,0.005
19139,0.004,0.005
19140,0.004,0.005
19141,0.004,0.006
19142,0.004,0.006
19143,0.004,0.006
19144,0.005,0.006
19145,0.004,0.006
19146,0.004,0.005
19147,0.004,0.005
19148,0.004,0.006
19149,0.004,0.006
19150,0.004,0.005
19151,0.004,0.006
19152,0.004,0.005
19153,0.004,0.006
19154,0.004,0.006
19155,0.004,0.005
19156,0.004,0.006
19157,0.004,0.006
19158,0.004,0.005
19159,0.004,0.006
19160,0.004,0.005
19161,0.004,0.005
19162,0.004,0.005
19163,0.004,0.005
19164,0.004,0.006
19165,0.004,0.006
19166,0.004,0.006
19167,0.004,0.006
19168,0.004,0.006
19169,0.004,0.005
19170,0.004,0.005
19171,0.004,0.006
19172,0.004,0.005
19173,0.004,0.005
19174,0.004,0.006
19175,0.004,0.006
19176,0.004,0.006
19177,0.004,0.005
19178,0.004,0.005
19179,0.004,0.006
19180,0.004,0.006
19181,0.004,0.006
19182,0.005,0.006
19183,0.004,0.006
19184,0.004,0.005
19185,0.005,0.006
19186,0.004,0.006
19187,0.004,0.005
19188,0.004,0.006
19189,0.004,0.006
19190,0.004,0.006
19191,0.004,0.005
19192,0.004,0.005
19193,0.004,0.005
19194,0.004,0.005
19195,0.004,0.005
19196,0.004,0.006
19197,0.004,0.006
19198,0.004,0.006
19199,0.004,0.005
19200,0.004,0.006
19201,0.004,0.006
19202,0.004,0.006
19203,0.004,0.005
19204,0.004,0.006
19205,0.004,0.006
19206,0.004,0.006
19207,0.004,0.006
19208,0.004,0.006
19209,0.004,0.005
19210,0.004,0.006
19211,0.004,0.006
19212,0.004,0.006
19213,0.004,0.005
19214,0.004,0.005
19215,0.004,0.006
19216,0.004,0.006
19217,0.004,0.005
19218,0.004,0.006
19219,0.004,0.005
19220,0.004,0.005
19221,0.004,0.005
19222,0.004,0.006
19223,0.004,0.006
19224,0.004,0.005
19225,0.004,0.006
19226,0.004,0.006
19227,0.004,0.006
19228,0.004,0.006
19229,0.004,0.005
19230,0.004,0.006
19231,0.004,0.006
19232,0.004,0.006
19233,0.004,0.005
19234,0.004,0.006
19235,0.004,0.006
19236,0.005,0.006
19237,0.004,0.005
19238,0.004,0.006
19239,0.004,0.006
19240,0.004,0.005
19241,0.004,0.005
19242,0.004,0.006
19243,0.004,0.005
19244,0.004,0.006
19245,0.004,0.005
19246,0.004,0.005
19247,0.004,0.005
19248,0.004,0.006
19249,0.004,0.006
19250,0.004,0.006
19251,0.004,0.005
19252,0.004,0.006
19253,0.004,0.005
19254,0.004,0.006
19255,0.004,0.005
19256,0.004,0.005
19257,0.004,0.006
19258,0.004,0.005
19259,0.004,0.005
19260,0.004,0.005
19261,0.004,0.006
19262,0.004,0.006
19263,0.004,0.005
19264,0.004,0.006
19265,0.004,0.005
19266,0.004,0.006
19267,0.004,0.006
19268,0.004,0.006
19269,0.004,0.005
19270,0.004,0.006
19271,0.004,0.005
19272,0.004,0.005
19273,0.004,0.006
19274,0.004,0.005
19275,0.004,0.005
19276,0.004,0.006
19277,0.004,0.006
19278,0.004,0.006
19279,0.004,0.006
19280,0.004,0.006
19281,0.004,0.006
19282,0.004,0.006
19283,0.004,0.006
19284,0.004,0.006
19285,0.004,0.006
19286,0.004,0.006
19287,0.004,0.005
19288,0.004,0.005
19289,0.004,0.006
19290,0.004,0.005
19291,0.004,0.005
19292,0.004,0.005
19293,0.004,0.005
19294,0.004,0.006
19295,0.004,0.006
19296,0.004,0.005
19297,0.004,0.006
19298,0.004,0.006
19299,0.004,0.005
19300,0.004,0.005
19301,0.004,0.006
19302,0.004,0.005
19303,0.004,0.005
19304,0.004,0.005
19305,0.004,0.005
19306,0.004,0.006
19307,0.004,0.005
19308,0.004,0.006
19309,0.004,0.006
19310,0.004,0.006
19311,0.004,0.005
19312,0.004,0.005
19313,0.004,0.006
19314,0.004,0.006
19315,0.004,0.005
19316,0.004,0.005
19317,0.004,0.005
19318,0.004,0.005
19319,0.004,0.006
19320,0.004,0.006
19321,0.004,0.006
19322,0.004,0.006
19323,0.004,0.006
19324,0.004,0.006
19325,0.004,0.006
19326,0.004,0.006
19327,0.004,0.006
19328,0.004,0.005
19329,0.004,0.006
19330,0.004,0.006
19331,0.004,0.006
19332,0.004,0.006
19333,0.004,0.005
19334,0.004,0.006
19335,0.004,0.006
19336,0.004,0.006
19337,0.004,0.005
19338,0.004,0.006
19339,0.004,0.006
19340,0.004,0.005
19341,0.004,0.006
19342,0.004,0.005
19343,0.004,0.005
19344,0.004,0.005
19345,0.004,0.006
19346,0.004,0.006
19347,0.004,0.005
19348,0.004,0.006
19349,0.004,0.006
19350,0.004,0.006
19351,0.004,0.005
19352,0.004,0.005
19353,0.004,0.005
19354,0.004,0.006
19355,0.004,0.006
19356,0.004,0.005
19357,0.004,0.005
19358,0.004,0.006
19359,0.004,0.006
19360,0.004,0.006
19361,0.004,0.005
19362,0.004,0.005
19363,0.004,0.006
19364,0.004,0.005
19365,0.004,0.006
19366,0.004,0.005
19367,0.004,0.005
19368,0.004,0.005
19369,0.004,0.006
19370,0.004,0.006
19371,0.004,0.006
19372,0.004,0.005
19373,0.004,0.006
19374,0.004,0.006
19375,0.004,0.005
19376,0.004,0.005
19377,0.004,0.006
19378,0.004,0.006
19379,0.004,0.005
19380,0.004,0.005
19381,0.004,0.005
19382,0.004,0.006
19383,0.004,0.006
19384,0.004,0.006
19385,0.004,0.006
19386,0.004,0.006
19387,0.004,0.005
19388,0.004,0.006
19389,0.004,0.005
19390,0.004,0.005
19391,0.004,0.005
19392,0.004,0.006
19393,0.004,0.006
19394,0.004,0.006
19395,0.004,0.006
19396,0.004,0.005
19397,0.004,0.006
19398,0.004,0.005
19399,0.004,0.006
19400,0.004,0.005
19401,0.004,0.005
19402,0.005,0.006
19403,0.004,0.005
19404,0.004,0.006
19405,0.004,0.006
19406,0.004,0.005
19407,0.004,0.005
19408,0.004,0.006
19409,0.004,0.005
19410,0.004,0.005
19411,0.004,0.006
19412,0.004,0.006
19413,0.004,0.006
19414,0.004,0.005
19415,0.004,0.006
19416,0.004,0.006
19417,0.004,0.006
19418,0.004,0.006
19419,0.004,0.006
19420,0.004,0.006
19421,0.004,0.006
19422,0.004,0.006
19423,0.004,0.006
19424,0.004,0.005
19425,0.004,0.006
19426,0.004,0.005
19427,0.004,0.006
19428,0.004,0.006
19429,0.004,0.006
19430,0.004,0.005
19431,0.004,0.005
19432,0.004,0.006
19433,0.004,0.006
19434,0.004,0.005
19435,0.004,0.005
19436,0.004,0.006
19437,0.005,0.006
19438,0.004,0.005
19439,0.004,0.006
19440,0.004,0.006
19441,0.004,0.005
19442,0.004,0.006
19443,0.004,0.005
19444,0.004,0.006
19445,0.004,0.005
19446,0.004,0.005
19447,0.004,0.005
19448,0.004,0.005
19449,0.004,0.005
19450,0.004,0.005
19451,0.004,0.006
19452,0.004,0.006
19453,0.004,0.006
19454,0.004,0.006
19455,0.004,0.006
19456,0.004,0.006
19457,0.004,0.005
19458,0.004,0.005
19459,0.004,0.005
19460,0.004,0.005
19461,0.004,0.005
19462,0.004,0.005
19463,0.004,0.005
19464,0.004,0.006
19465,0.004,0.005
19466,0.004,0.006
19467,0.004,0.005
19468,0.004,0.005
19469,0.004,0.005
19470,0.004,0.006
19471,0.004,0.005
19472,0.004,0.006
19473,0.004,0.005
19474,0.004,0.006
19475,0.004,0.005
19476,0.004,0.006
19477,0.004,0.005
19478,0.004,0.006
19479,0.004,0.006
19480,0.004,0.006
19481,0.004,0.005
19482,0.004,0.005
19483,0.004,0.006
19484,0.004,0.006
19485,0.004,0.005
19486,0.004,0.006
19487,0.004,0.006
19488,0.004,0.006
19489,0.004,0.005
19490,0.004,0.005
19491,0.004,0.006
19492,0.004,0.006
19493,0.004,0.005
19494,0.004,0.005
19495,0.004,0.005
19496,0.004,0.005
19497,0.004,0.005
19498,0.004,0.005
19499,0.004,0.006
19500,0.004,0.006
19501,0.004,0.006
19502,0.004,0.006
19503,0.004,0.006
19504,0.004,0.006
19505,0.004,0.005
19506,0.004,0.006
19507,0.004,0.006
19508,0.004,0.006
19509,0.004,0.005
19510,0.004,0.005
19511,0.004,0.005
19512,0.004,0.005
19513,0.004,0.005
19514,0.004,0.005
19515,0.004,0.006
19516,0.004,0.005
19517,0.004,0.006
19518,0.004,0.006
19519,0.004,0.006
19520,0.005,0.006
19521,0.004,0.005
19522,0.004,0.006
19523,0.004,0.005
19524,0.004,0.005
19525,0.004,0.006
19526,0.004,0.006
19527,0.004,0.006
19528,0.004,0.005
19529,0.004,0.005
19530,0.004,0.006
19531,0.004,0.005
19532,0.004,0.006
19533,0.004,0.005
19534,0.004,0.005
19535,0.004,0.006
19536,0.004,0.005
19537,0.004,0.006
19538,0.004,0.005
19539,0.004,0.006
19540,0.004,0.005
19541,0.004,0.006
19542,0.004,0.006
19543,0.004,0.006
19544,0.004,0.006
19545,0.004,0.006
19546,0.004,0.005
19547,0.004,0.006
19548,0.004,0.006
19549,0.004,0.005
19550,0.004,0.005
19551,0.004,0.005
19552,0.004,0.005
19553,0.004,0.006
19554,0.004,0.006
19555,0.004,0.005
19556,0.004,0.006
19557,0.004,0.005
19558,0.004,0.005
19559,0.004,0.005
19560,0.004,0.005
19561,0.004,0.005
19562,0.004,0.005
19563,0.004,0.006
19564,0.004,0.006
19565,0.004,0.005
19566,0.004,0.005
19567,0.004,0.006
19568,0.004,0.005
19569,0.004,0.006
19570,0.004,0.006
19571,0.004,0.005
19572,0.004,0.005
19573,0.004,0.005
19574,0.004,0.005
19575,0.004,0.006
19576,0.005,0.006
19577,0.004,0.006
19578,0.004,0.005
19579,0.004,0.005
19580,0.004,0.005
19581,0.004,0.005
19582,0.004,0.005
19583,0.004,0.006
19584,0.004,0.006
19585,0.004,0.006
19586,0.004,0.005
19587,0.004,0.006
19588,0.004,0.005
19589,0.004,0.005
19590,0.004,0.005
19591,0.004,0.006
19592,0.004,0.006
19593,0.004,0.005
19594,0.004,0.006
19595,0.004,0.006
19596,0.004,0.006
19597,0.004,0.005
19598,0.004,0.005
19599,0.004,0.005
19600,0.004,0.006
19601,0.004,0.005
19602,0.004,0.005
19603,0.004,0.006
19604,0.004,0.005
19605,0.004,0.006
19606,0.004,0.006
19607,0.004,0.006
19608,0.004,0.005
19609,0.004,0.005
19610,0.004,0.005
19611,0.004,0.006
19612,0.004,0.006
19613,0.004,0.005
19614,0.004,0.005
19615,0.004,0.006
19616,0.004,0.005
19617,0.004,0.006
19618,0.004,0.005
19619,0.004,0.006
19620,0.004,0.005
19621,0.004,0.005
19622,0.004,0.005
19623,0.004,0.005
19624,0.004,0.005
19625,0.004,0.006
19626,0.004,0.006
19627,0.004,0.006
19628,0.004,0.005
19629,0.004,0.005
19630,0.004,0.005
19631,0.004,0.005
19632,0.004,0.005
19633,0.004,0.006
19634,0.004,0.006
19635,0.004,0.005
19636,0.004,0.005
19637,0.004,0.006
19638,0.004,0.005
19639,0.004,0.005
19640,0.004,0.005
19641,0.004,0.005
19642,0.004,0.005
19643,0.004,0.005
19644,0.004,0.006
19645,0.004,0.006
19646,0.004,0.006
19647,0.004,0.005
19648,0.004,0.005
19649,0.004,0.006
19650,0.004,0.005
19651,0.004,0.006
19652,0.004,0.005
19653,0.004,0.006
19654,0.004,0.005
19655,0.004,0.006
19656,0.004,0.005
19657,0.004,0.005
19658,0.004,0.006
19659,0.004,0.006
19660,0.004,0.005
19661,0.004,0.005
19662,0.004,0.005
19663,0.004,0.006
19664,0.004,0.005
19665,0.004,0.006
19666,0.004,0.006
19667,0.004,0.006
19668,0.004,0.005
19669,0.004,0.005
19670,0.004,0.005
19671,0.004,0.005
19672,0.004,0.005
19673,0.004,0.006
19674,0.004,0.006
19675,0.004,0.006
19676,0.005,0.006
19677,0.004,0.005
19678,0.004,0.005
19679,0.004,0.006
19680,0.005,0.006
19681,0.004,0.005
19682,0.004,0.006
19683,0.004,0.006
19684,0.004,0.006
19685,0.004,0.006
19686,0.004,0.005
19687,0.004,0.006
19688,0.004,0.005
19689,0.004,0.005
19690,0.004,0.006
19691,0.004,0.005
19692,0.004,0.005
19693,0.004,0.005
19694,0.004,0.006
19695,0.004,0.006
19696,0.004,0.005
19697,0.004,0.006
19698,0.004,0.006
19699,0.004,0.006
19700,0.004,0.005
19701,0.004,0.005
19702,0.004,0.005
19703,0.004,0.006
19704,0.004,0.006
19705,0.004,0.006
19706,0.004,0.005
19707,0.004,0.005
19708,0.004,0.006
19709,0.004,0.006
19710,0.004,0.006
19711,0.004,0.006
19712,0.004,0.005
19713,0.004,0.005
19714,0.004,0.005
19715,0.004,0.006
19716,0.004,0.006
19717,0.004,0.005
19718,0.004,0.006
19719,0.004,0.005
19720,0.004,0.005
19721,0.004,0.005
19722,0.004,0.006
19723,0.004,0.006
19724,0.004,0.006
19725,0.004,0.005
19726,0.004,0.005
19727,0.004,0.005
19728,0.004,0.005
19729,0.004,0.005
19730,0.004,0.005
19731,0.004,0.005
19732,0.004,0.006
19733,0.004,0.005
19734,0.004,0.005
19735,0.004,0.006
19736,0.004,0.006
19737,0.004,0.005
19738,0.004,0.006
19739,0.004,0.006
19740,0.004,0.005
19741,0.004,0.005
19742,0.004,0.005
19743,0.004,0.005
19744,0.004,0.006
19745,0.004,0.006
19746,0.004,0.005
19747,0.004,0.005
19748,0.004,0.005
19749,0.004,0.005
19750,0.004,0.005
19751,0.004,0.005
19752,0.004,0.006
19753,0.004,0.005
19754,0.004,0.005
19755,0.004,0.005
19756,0.004,0.005
19757,0.004,0.005
19758,0.004,0.005
19759,0.004,0.006
19760,0.004,0.005
19761,0.004,0.006
19762,0.004,0.006
19763,0.004,0.005
19764,0.004,0.006
19765,0.004,0.006
19766,0.004,0.005
19767,0.004,0.005
19768,0.004,0.006
19769,0.004,0.006
19770,0.004,0.005
19771,0.004,0.005
19772,0.004,0.005
19773,0.004,0.006
19774,0.004,0.006
19775,0.004,0.005
19776,0.004,0.005
19777,0.004,0.005
19778,0.004,0.006
19779,0.004,0.005
19780,0.004,0.005
19781,0.004,0.006
19782,0.004,0.006
19783,0.004,0.006
19784,0.004,0.005
19785,0.004,0.006
19786,0.004,0.005
19787,0.004,0.006
19788,0.004,0.005
19789,0.004,0.005
19790,0.005,0.006
19791,0.005,0.006
19792,0.004,0.006
19793,0.004,0.005
19794,0.004,0.005
19795,0.004,0.006
19796,0.004,0.006
19797,0.004,0.005
19798,0.004,0.006
19799,0.004,0.006
19800,0.004,0.006
19801,0.004,0.006
19802,0.004,0.005
19803,0.004,0.005
19804,0.004,0.006
19805,0.004,0.006
19806,0.004,0.005
19807,0.004,0.005
19808,0.004,0.005
19809,0.004,0.005
19810,0.004,0.005
19811,0.004,0.005
19812,0.004,0.006
19813,0.004,0.005
19814,0.004,0.006
19815,0.004,0.006
19816,0.004,0.005
19817,0.004,0.006
19818,0.004,0.006
19819,0.004,0.006
19820,0.004,0.006
19821,0.004,0.006
19822,0.004,0.005
19823,0.004,0.006
19824,0.004,0.005
19825,0.004,0.005
19826,0.004,0.006
19827,0.004,0.006
19828,0.004,0.005
19829,0.004,0.005
19830,0.004,0.005
19831,0.004,0.005
19832,0.004,0.006
19833,0.004,0.006
19834,0.004,0.005
19835,0.004,0.006
19836,0.004,0.006
19837,0.004,0.005
19838,0.004,0.005
19839,0.004,0.005
19840,0.004,0.005
19841,0.004,0.005
19842,0.004,0.005
19843,0.004,0.005
19844,0.004,0.006
19845,0.004,0.005
19846,0.004,0.006
19847,0.004,0.006
19848,0.004,0.005
19849,0.004,0.005
19850,0.004,0.005
19851,0.004,0.005
19852,0.004,0.005
19853,0.004,0.005
19854,0.004,0.005
19855,0.004,0.005
19856,0.004,0.005
19857,0.005,0.006
19858,0.004,0.006
19859,0.004,0.005
19860,0.004,0.005
19861,0.004,0.005
19862,0.004,0.006
19863,0.004,0.005
19864,0.004,0.005
19865,0.004,0.005
19866,0.004,0.005
19867,0.004,0.005
19868,0.004,0.005
19869,0.004,0.005
19870,0.004,0.005
19871,0.004,0.006
19872,0.004,0.005
19873,0.004,0.006
19874,0.004,0.005
19875,0.004,0.005
19876,0.004,0.006
19877,0.004,0.005
19878,0.004,0.005
19879,0.004,0.006
19880,0.004,0.006
19881,0.004,0.005
19882,0.004,0.006
19883,0.004,0.005
19884,0.004,0.005
19885,0.004,0.005
19886,0.004,0.005
19887,0.004,0.005
19888,0.004,0.006
19889,0.004,0.005
19890,0.004,0.006
19891,0.004,0.006
19892,0.004,0.006
19893,0.004,0.006
19894,0.004,0.006
19895,0.004,0.005
19896,0.004,0.006
19897,0.004,0.006
19898,0.004,0.006
19899,0.004,0.006
19900,0.004,0.005
19901,0.004,0.005
19902,0.004,0.006
19903,0.004,0.006
19904,0.004,0.005
19905,0.004,0.006
19906,0.004,0.005
19907,0.004,0.005
19908,0.004,0.005
19909,0.004,0.006
19910,0.004,0.005
19911,0.004,0.005
19912,0.004,0.005
19913,0.004,0.005
19914,0.004,0.005
19915,0.004,0.005
19916,0.004,0.005
19917,0.004,0.005
19918,0.004,0.005
19919,0.004,0.006
19920,0.004,0.006
19921,0.004,0.006
19922,0.004,0.006
19923,0.004,0.006
19924,0.004,0.006
19925,0.004,0.005
19926,0.004,0.005
19927,0.004,0.006
19928,0.004,0.005
19929,0.004,0.005
19930,0.004,0.006
19931,0.004,0.006
19932,0.004,0.005
19933,0.004,0.005
19934,0.004,0.005
19935,0.004,0.005
19936,0.004,0.005
19937,0.004,0.005
19938,0.004,0.005
19939,0.004,0.005
19940,0.004,0.005
19941,0.004,0.005
19942,0.004,0.006
19943,0.004,0.006
19944,0.004,0.005
19945,0.004,0.005
19946,0.004,0.005
19947,0.004,0.006
19948,0.004,0.006
19949,0.004,0.006
19950,0.004,0.006
19951,0.004,0.005
19952,0.004,0.005
19953,0.004,0.006
19954,0.004,0.006
19955,0.004,0.006
19956,0.004,0.006
19957,0.004,0.006
19958,0.004,0.005
19959,0.004,0.005
19960,0.004,0.006
19961,0.004,0.006
19962,0.004,0.005
19963,0.004,0.006
19964,0.004,0.005
19965,0.004,0.005
19966,0.004,0.006
19967,0.004,0.005
19968,0.004,0.005
19969,0.004,0.005
19970,0.004,0.005
19971,0.004,0.005
19972,0.004,0.006
19973,0.004,0.005
19974,0.004,0.005
19975,0.004,0.005
19976,0.004,0.005
19977,0.004,0.006
19978,0.004,0.005
19979,0.004,0.005
19980,0.004,0.005
19981,0.004,0.005
19982,0.004,0.005
19983,0.004,0.006
19984,0.004,0.006
19985,0.004,0.006
19986,0.004,0.006
19987,0.004,0.005
19988,0.004,0.005
19989,0.004,0.005
19990,0.004,0.005
19991,0.004,0.005
19992,0.004,0.005
19993,0.004,0.005
19994,0.004,0.005
19995,0.004,0.006
19996,0.004,0.006
19997,0.004,0.006
19998,0.004,0.005
19999,0.004,0.005
20000,0.004,0.005
20001,0.004,0.005
20002,0.004,0.006
20003,0.004,0.005
20004,0.004,0.005
20005,0.004,0.006
20006,0.004,0.005
20007,0.004,0.005
20008,0.004,0.005
20009,0.004,0.006
20010,0.004,0.006
20011,0.004,0.005
20012,0.004,0.005
20013,0.004,0.006
20014,0.004,0.006
20015,0.004,0.006
20016,0.004,0.005
20017,0.004,0.005
20018,0.004,0.005
20019,0.004,0.005
20020,0.004,0.006
20021,0.004,0.006
20022,0.004,0.005
20023,0.004,0.005
20024,0.004,0.006
20025,0.004,0.005
20026,0.004,0.005
20027,0.004,0.005
20028,0.004,0.005
20029,0.004,0.005
20030,0.004,0.005
20031,0.004,0.005
20032,0.004,0.005
20033,0.004,0.005
20034,0.004,0.006
20035,0.004,0.005
20036,0.004,0.005
20037,0.004,0.006
20038,0.004,0.005
20039,0.004,0.006
20040,0.004,0.005
20041,0.004,0.005
20042,0.004,0.006
20043,0.004,0.005
20044,0.004,0.005
20045,0.004,0.006
20046,0.004,0.005
20047,0.004,0.005
20048,0.004,0.006
20049,0.004,0.006
20050,0.004,0.005
20051,0.004,0.006
20052,0.004,0.005
20053,0.004,0.006
20054,0.004,0.005
20055,0.004,0.005
20056,0.004,0.005
20057,0.004,0.005
20058,0.004,0.005
20059,0.004,0.005
20060,0.004,0.005
20061,0.004,0.005
20062,0.004,0.005
20063,0.004,0.005
20064,0.004,0.005
20065,0.004,0.006
20066,0.004,0.005
20067,0.004,0.005
20068,0.004,0.006
20069,0.004,0.005
20070,0.004,0.006
20071,0.004,0.005
20072,0.004,0.006
20073,0.004,0.006
20074,0.004,0.005
20075,0.004,0.005
20076,0.004,0.005
20077,0.004,0.005
20078,0.004,0.006
20079,0.004,0.006
20080,0.004,0.005
20081,0.004,0.006
20082,0.004,0.005
20083,0.004,0.005
20084,0.004,0.005
20085,0.004,0.006
20086,0.004,0.005
20087,0.004,0.006
20088,0.004,0.005
20089,0.004,0.005
20090,0.004,0.005
20091,0.004,0.005
20092,0.004,0.006
20093,0.004,0.006
20094,0.004,0.006
20095,0.004,0.006
20096,0.004,0.006
20097,0.004,0.006
20098,0.004,0.006
20099,0.004,0.006
20100,0.004,0.006
20101,0.004,0.005
20102,0.004,0.005
20103,0.004,0.005
20104,0.004,0.006
20105,0.004,0.005
20106,0.004,0.006
20107,0.004,0.006
20108,0.004,0.006
20109,0.004,0.006
20110,0.004,0.006
20111,0.004,0.005
20112,0.004,0.005
20113,0.004,0.005
20114,0.004,0.005
20115,0.004,0.006
20116,0.004,0.005
20117,0.004,0.006
20118,0.004,0.005
20119,0.004,0.005
20120,0.004,0.005
20121,0.004,0.005
20122,0.004,0.005
20123,0.004,0.006
20124,0.004,0.006
20125,0.004,0.005
20126,0.004,0.005
20127,0.004,0.005
20128,0.004,0.006
20129,0.004,0.005
20130,0.004,0.005
20131,0.004,0.005
20132,0.004,0.005
20133,0.004,0.006
20134,0.004,0.005
20135,0.004,0.005
20136,0.004,0.005
20137,0.004,0.005
20138,0.004,0.005
20139,0.004,0.005
20140,0.004,0.005
20141,0.004,0.006
20142,0.004,0.005
20143,0.004,0.005
20144,0.004,0.005
20145,0.004,0.005
20146,0.004,0.005
20147,0.004,0.005
20148,0.004,0.005
20149,0.004,0.005
20150,0.004,0.005
20151,0.004,0.005
20152,0.004,0.005
20153,0.004,0.005
20154,0.004,0.005
20155,0.004,0.006
20156,0.004,0.005
20157,0.004,0.005
20158,0.004,0.005
20159,0.004,0.005
20160,0.004,0.005
20161,0.004,0.005
20162,0.004,0.005
20163,0.004,0.005
20164,0.004,0.006
20165,0.004,0.006
20166,0.004,0.005
20167,0.004,0.006
20168,0.004,0.005
20169,0.004,0.005
20170,0.004,0.005
20171,0.004,0.005
20172,0.004,0.005
20173,0.004,0.006
20174,0.004,0.006
20175,0.004,0.006
20176,0.004,0.005
20177,0.004,0.006
20178,0.004,0.005
20179,0.004,0.005
20180,0.004,0.006
20181,0.004,0.005
20182,0.004,0.006
20183,0.004,0.005
20184,0.004,0.005
20185,0.004,0.005
20186,0.004,0.005
20187,0.004,0.006
20188,0.004,0.005
20189,0.004,0.005
20190,0.004,0.005
20191,0.004,0.005
20192,0.004,0.006
20193,0.004,0.006
20194,0.004,0.005
20195,0.004,0.006
20196,0.004,0.006
20197,0.004,0.006
20198,0.004,0.005
20199,0.004,0.005
20200,0.004,0.005
20201,0.004,0.006
20202,0.004,0.005
20203,0.004,0.006
20204,0.004,0.006
20205,0.004,0.005
20206,0.004,0.005
20207,0.004,0.006
20208,0.004,0.006
20209,0.004,0.005
20210,0.004,0.005
20211,0.004,0.005
20212,0.004,0.005
20213,0.004,0.005
20214,0.004,0.005
20215,0.004,0.005
20216,0.004,0.006
20217,0.004,0.005
20218,0.004,0.005
20219,0.004,0.006
20220,0.004,0.005
20221,0.004,0.006
20222,0.004,0.006
20223,0.004,0.006
20224,0.004,0.005
20225,0.004,0.006
20226,0.004,0.005
20227,0.004,0.005
20228,0.004,0.006
20229,0.004,0.006
20230,0.004,0.006
20231,0.004,0.005
20232,0.004,0.006
20233,0.004,0.006
20234,0.004,0.005
20235,0.004,0.005
20236,0.004,0.006
20237,0.004,0.005
20238,0.004,0.005
20239,0.004,0.006
20240,0.004,0.005
20241,0.004,0.005
20242,0.004,0.005
20243,0.004,0.006
20244,0.004,0.005
20245,0.004,0.005
20246,0.004,0.006
20247,0.004,0.006
20248,0.004,0.005
20249,0.004,0.005
20250,0.004,0.005
20251,0.004,0.005
20252,0.004,0.006
20253,0.004,0.005
20254,0.004,0.005
20255,0.004,0.005
20256,0.004,0.005
20257,0.004,0.006
20258,0.004,0.005
20259,0.004,0.005
20260,0.004,0.005
20261,0.004,0.006
20262,0.004,0.005
20263,0.004,0.005
20264,0.004,0.005
20265,0.004,0.006
20266,0.004,0.006
20267,0.004,0.006
20268,0.004,0.006
20269,0.004,0.005
20270,0.004,0.006
20271,0.004,0.006
20272,0.004,0.005
20273,0.004,0.005
20274,0.004,0.005
20275,0.004,0.006
20276,0.004,0.006
20277,0.004,0.005
20278,0.004,0.006
20279,0.004,0.006
20280,0.004,0.005
20281,0.004,0.005
20282,0.004,0.005
20283,0.004,0.005
20284,0.004,0.005
20285,0.004,0.006
20286,0.004,0.005
20287,0.004,0.005
20288,0.004,0.005
20289,0.004,0.005
20290,0.004,0.005
20291,0.004,0.005
20292,0.004,0.006
20293,0.004,0.006
20294,0.004,0.005
20295,0.004,0.005
20296,0.004,0.005
20297,0.004,0.005
20298,0.004,0.005
20299,0.004,0.006
20300,0.004,0.005
20301,0.004,0.005
20302,0.004,0.005
20303,0.004,0.005
20304,0.004,0.006
20305,0.004,0.006
20306,0.004,0.005
20307,0.004,0.005
20308,0.004,0.005
20309,0.004,0.006
20310,0.004,0.005
20311,0.004,0.006
20312,0.004,0.005
20313,0.004,0.005
20314,0.004,0.005
20315,0.004,0.006
20316,0.004,0.005
20317,0.004,0.006
20318,0.004,0.006
20319,0.004,0.006
20320,0.004,0.005
20321,0.004,0.005
20322,0.004,0.005
20323,0.004,0.005
20324,0.004,0.006
20325,0.004,0.005
20326,0.004,0.006
20327,0.004,0.005
20328,0.004,0.005
20329,0.004,0.006
20330,0.004,0.006
20331,0.004,0.005
20332,0.004,0.005
20333,0.004,0.006
20334,0.004,0.005
20335,0.004,0.006
20336,0.004,0.006
20337,0.004,0.006
20338,0.004,0.006
20339,0.004,0.005
20340,0.004,0.005
20341,0.004,0.005
20342,0.004,0.005
20343,0.004,0.006
20344,0.004,0.005
20345,0.004,0.006
20346,0.004,0.005
20347,0.004,0.006
20348,0.004,0.005
20349,0.005,0.006
20350,0.004,0.005
20351,0.004,0.005
20352,0.004,0.005
20353,0.004,0.005
20354,0.004,0.005
20355,0.004,0.006
20356,0.004,0.006
20357,0.004,0.005
20358,0.004,0.005
20359,0.004,0.005
20360,0.004,0.006
20361,0.004,0.005
20362,0.004,0.005
20363,0.004,0.005
20364,0.004,0.005
20365,0.004,0.006
20366,0.004,0.006
20367,0.004,0.006
20368,0.004,0.005
20369,0.004,0.005
20370,0.005,0.006
20371,0.004,0.005
20372,0.004,0.005
20373,0.004,0.006
20374,0.004,0.006
20375,0.004,0.005
20376,0.004,0.006
20377,0.004,0.005
20378,0.004,0.006
20379,0.004,0.005
20380,0.004,0.006
20381,0.004,0.006
20382,0.004,0.006
20383,0.004,0.005
20384,0.004,0.006
20385,0.004,0.006
20386,0.004,0.006
20387,0.004,0.005
20388,0.004,0.006
20389,0.004,0.006
20390,0.004,0.005
20391,0.004,0.005
20392,0.004,0.006
20393,0.004,0.005
20394,0.004,0.005
20395,0.004,0.005
20396,0.004,0.005
20397,0.004,0.005
20398,0.004,0.005
20399,0.004,0.005
20400,0.004,0.005
20401,0.004,0.005
20402,0.004,0.005
20403,0.004,0.005
20404,0.004,0.005
20405,0.004,0.005
20406,0.004,0.005
20407,0.004,0.006
20408,0.004,0.006
20409,0.004,0.006
20410,0.004,0.005
20411,0.004,0.005
20412,0.004,0.006
20413,0.004,0.006
20414,0.004,0.006
20415,0.004,0.006
20416,0.005,0.006
20417,0.004,0.005
20418,0.004,0.005
20419,0.004,0.006
20420,0.004,0.005
20421,0.004,0.005
20422,0.004,0.005
20423,0.004,0.005
20424,0.004,0.005
20425,0.004,0.006
20426,0.004,0.006
20427,0.004,0.006
20428,0.004,0.005
20429,0.004,0.005
20430,0.004,0.005
20431,0.004,0.005
20432,0.004,0.006
20433,0.004,0.005
20434,0.004,0.006
20435,0.004,0.005
20436,0.004,0.005
20437,0.004,0.005
20438,0.004,0.005
20439,0.004,0.005
20440,0.004,0.005
20441,0.004,0.005
20442,0.004,0.006
20443,0.004,0.006
20444,0.004,0.006
20445,0.004,0.005
20446,0.004,0.005
20447,0.005,0.006
20448,0.004,0.005
20449,0.004,0.005
20450,0.004,0.005
20451,0.004,0.006
20452,0.004,0.005
20453,0.004,0.005
20454,0.004,0.006
20455,0.004,0.005
20456,0.004,0.005
20457,0.004,0.005
20458,0.004,0.005
20459,0.004,0.005
20460,0.004,0.005
20461,0.004,0.005
20462,0.004,0.005
20463,0.004,0.006
20464,0.004,0.005
20465,0.004,0.005
20466,0.004,0.005
20467,0.004,0.006
20468,0.004,0.005
20469,0.004,0.005
20470,0.004,0.005
20471,0.004,0.005
20472,0.004,0.005
20473,0.004,0.005
20474,0.004,0.006
20475,0.004,0.006
20476,0.004,0.006
20477,0.004,0.005
20478,0.004,0.006
20479,0.004,0.005
20480,0.004,0.005
20481,0.004,0.005
20482,0.004,0.005
20483,0.004,0.005
20484,0.004,0.006
20485,0.004,0.005
20486,0.004,0.005
20487,0.004,0.005
20488,0.004,0.005
20489,0.004,0.005
20490,0.004,0.005
20491,0.004,0.005
20492,0.004,0.005
20493,0.004,0.005
20494,0.004,0.005
20495,0.004,0.006
20496,0.004,0.006
20497,0.004,0.005
20498,0.004,0.005
20499,0.004,0.006
20500,0.004,0.005
20501,0.004,0.005
20502,0.004,0.005
20503,0.004,0.005
20504,0.004,0.006
20505,0.004,0.006
20506,0.004,0.005
20507,0.004,0.006
20508,0.004,0.006
20509,0.004,0.005
20510,0.004,0.006
20511,0.004,0.005
20512,0.004,0.006
20513,0.004,0.005
20514,0.004,0.006
20515,0.004,0.006
20516,0.004,0.006
20517,0.004,0.005
20518,0.004,0.006
20519,0.004,0.006
20520,0.004,0.006
20521,0.004,0.005
20522,0.004,0.006
20523,0.004,0.005
20524,0.004,0.005
20525,0.004,0.005
20526,0.004,0.005
20527,0.004,0.006
20528,0.004,0.005
20529,0.004,0.006
20530,0.004,0.006
20531,0.004,0.005
20532,0.004,0.005
20533,0.004,0.005
20534,0.004,0.005
20535,0.004,0.006
20536,0.004,0.005
20537,0.004,0.005
20538,0.004,0.005
20539,0.004,0.005
20540,0.004,0.006
20541,0.004,0.005
20542,0.004,0.005
20543,0.004,0.005
20544,0.004,0.006
20545,0.004,0.005
20546,0.004,0.005
20547,0.004,0.005
20548,0.004,0.005
20549,0.004,0.006
20550,0.004,0.006
20551,0.004,0.005
20552,0.004,0.006
20553,0.004,0.006
20554,0.004,0.006
20555,0.004,0.006
20556,0.004,0.005
20557,0.004,0.006
20558,0.004,0.006
20559,0.004,0.005
20560,0.004,0.005
20561,0.004,0.006
20562,0.004,0.005
20563,0.004,0.005
20564,0.004,0.005
20565,0.004,0.005
20566,0.004,0.006
20567,0.004,0.006
20568,0.004,0.005
20569,0.004,0.005
20570,0.004,0.005
20571,0.004,0.006
20572,0.004,0.006
20573,0.004,0.006
20574,0.004,0.006
20575,0.005,0.006
20576,0.004,0.005
20577,0.004,0.005
20578,0.004,0.005
20579,0.004,0.006
20580,0.004,0.006
20581,0.004,0.005
20582,0.004,0.006
20583,0.005,0.006
20584,0.004,0.005
20585,0.004,0.005
20586,0.004,0.006
20587,0.004,0.005
20588,0.004,0.006
20589,0.004,0.005
20590,0.004,0.005
20591,0.004,0.005
20592,0.004,0.006
20593,0.004,0.005
20594,0.004,0.005
20595,0.004,0.005
20596,0.004,0.005
20597,0.004,0.005
20598,0.004,0.006
20599,0.004,0.006
20600,0.004,0.005
20601,0.004,0.006
20602,0.004,0.005
20603,0.004,0.005
20604,0.004,0.005
20605,0.004,0.005
20606,0.004,0.005
20607,0.004,0.006
20608,0.004,0.006
20609,0.004,0.005
20610,0.004,0.005
20611,0.004,0.005
20612,0.004,0.006
20613,0.004,0.005
20614,0.004,0.005
20615,0.004,0.006
20616,0.004,0.005
20617,0.004,0.005
20618,0.004,0.005
20619,0.004,0.005
20620,0.004,0.006
20621,0.004,0.005
20622,0.004,0.005
20623,0.004,0.006
20624,0.004,0.006
20625,0.004,0.005
20626,0.004,0.005
20627,0.004,0.005
20628,0.004,0.006
20629,0.004,0.005
20630,0.004,0.006
20631,0.004,0.006
20632,0.004,0.005
20633,0.004,0.006
20634,0.004,0.005
20635,0.004,0.006
20636,0.004,0.006
20637,0.004,0.006
20638,0.004,0.006
20639,0.004,0.005
20640,0.004,0.005
20641,0.004,0.006
20642,0.004,0.006
20643,0.004,0.006
20644,0.004,0.006
20645,0.004,0.005
20646,0.004,0.005
20647,0.004,0.006
20648,0.004,0.006
20649,0.004,0.005
20650,0.004,0.005
20651,0.004,0.005
20652,0.004,0.006
20653,0.004,0.006
20654,0.004,0.005
20655,0.004,0.005
20656,0.004,0.006
20657,0.004,0.006
20658,0.004,0.006
20659,0.004,0.006
20660,0.004,0.006
20661,0.004,0.005
20662,0.004,0.005
20663,0.004,0.005
20664,0.004,0.005
20665,0.004,0.005
20666,0.005,0.006
20667,0.004,0.005
20668,0.004,0.005
20669,0.004,0.006
20670,0.004,0.005
20671,0.004,0.006
20672,0.004,0.005
20673,0.004,0.006
20674,0.004,0.005
20675,0.004,0.005
20676,0.004,0.005
20677,0.004,0.005
20678,0.004,0.006
20679,0.004,0.005
20680,0.004,0.005
20681,0.004,0.005
20682,0.004,0.005
20683,0.004,0.006
20684,0.004,0.005
20685,0.004,0.005
20686,0.004,0.005
20687,0.004,0.005
20688,0.004,0.005
20689,0.004,0.005
20690,0.004,0.006
20691,0.004,0.005
20692,0.004,0.006
20693,0.004,0.006
20694,0.004,0.005
20695,0.004,0.005
20696,0.004,0.005
20697,0.004,0.006
20698,0.004,0.005
20699,0.004,0.005
20700,0.004,0.005
20701,0.004,0.006
20702,0.004,0.006
20703,0.004,0.006
20704,0.004,0.005
20705,0.004,0.005
20706,0.004,0.006
20707,0.004,0.006
20708,0.004,0.005
20709,0.004,0.005
20710,0.004,0.005
20711,0.004,0.005
20712,0.004,0.006
20713,0.004,0.005
20714,0.004,0.005
20715,0.004,0.005
20716,0.004,0.005
20717,0.004,0.006
20718,0.004,0.005
20719,0.004,0.005
20720,0.004,0.005
20721,0.004,0.005
20722,0.004,0.005
20723,0.004,0.005
20724,0.004,0.005
20725,0.004,0.006
20726,0.005,0.006
20727,0.004,0.006
20728,0.005,0.006
20729,0.004,0.006
20730,0.004,0.005
20731,0.004,0.005
20732,0.004,0.006
20733,0.004,0.005
20734,0.004,0.006
20735,0.004,0.005
20736,0.004,0.006
20737,0.004,0.006
20738,0.004,0.005
20739,0.004,0.005
20740,0.004,0.006
20741,0.004,0.006
20742,0.004,0.006
20743,0.004,0.005
20744,0.004,0.006
20745,0.004,0.005
20746,0.004,0.005
20747,0.004,0.005
20748,0.004,0.006
20749,0.004,0.006
20750,0.004,0.006
20751,0.004,0.006
20752,0.004,0.006
20753,0.004,0.005
20754,0.004,0.005
20755,0.004,0.005
20756,0.004,0.005
20757,0.004,0.006
20758,0.004,0.006
20759,0.004,0.006
20760,0.004,0.005
20761,0.004,0.005
20762,0.004,0.005
20763,0.004,0.006
20764,0.004,0.005
20765,0.004,0.005
20766,0.004,0.005
20767,0.004,0.005
20768,0.004,0.005
20769,0.004,0.005
20770,0.004,0.005
20771,0.004,0.005
20772,0.004,0.006
20773,0.004,0.005
20774,0.004,0.005
20775,0.004,0.005
20776,0.004,0.005
20777,0.004,0.005
20778,0.004,0.005
20779,0.004,0.005
20780,0.004,0.006
20781,0.004,0.006
20782,0.004,0.006
20783,0.004,0.006
20784,0.004,0.006
20785,0.004,0.005
20786,0.004,0.005
20787,0.004,0.006
20788,0.004,0.006
20789,0.004,0.005
20790,0.004,0.005
20791,0.004,0.005
20792,0.004,0.005
20793,0.004,0.006
20794,0.004,0.006
20795,0.004,0.005
20796,0.004,0.005
20797,0.004,0.006
20798,0.004,0.005
20799,0.004,0.005
20800,0.004,0.006
20801,0.004,0.006
20802,0.004,0.005
20803,0.004,0.006
20804,0.004,0.005
20805,0.004,0.006
20806,0.004,0.005
20807,0.004,0.006
20808,0.004,0.006
20809,0.004,0.006
20810,0.004,0.005
20811,0.004,0.005
20812,0.004,0.005
20813,0.004,0.005
20814,0.004,0.005
20815,0.004,0.006
20816,0.004,0.005
20817,0.004,0.005
20818,0.004,0.005
20819,0.004,0.006
20820,0.004,0.006
20821,0.004,0.006
20822,0.004,0.005
20823,0.004,0.005
20824,0.004,0.005
20825,0.004,0.006
20826,0.004,0.005
20827,0.004,0.005
20828,0.004,0.005
20829,0.004,0.005
20830,0.004,0.005
20831,0.004,0.005
20832,0.004,0.006
20833,0.004,0.005
20834,0.004,0.006
20835,0.004,0.006
20836,0.004,0.006
20837,0.004,0.006
20838,0.004,0.005
20839,0.004,0.006
20840,0.004,0.005
20841,0.004,0.005
20842,0.004,0.005
20843,0.004,0.005
20844,0.004,0.006
20845,0.004,0.005
20846,0.004,0.005
20847,0.004,0.005
20848,0.004,0.006
20849,0.004,0.005
20850,0.004,0.005
20851,0.004,0.005
20852,0.004,0.005
20853,0.004,0.006
20854,0.004,0.005
20855,0.004,0.006
20856,0.004,0.006
20857,0.004,0.005
20858,0.004,0.005
20859,0.004,0.005
20860,0.004,0.005
20861,0.004,0.005
20862,0.004,0.005
20863,0.004,0.006
20864,0.004,0.005
20865,0.004,0.005
20866,0.004,0.005
20867,0.004,0.006
20868,0.004,0.005
20869,0.004,0.006
20870,0.004,0.006
20871,0.004,0.006
20872,0.004,0.006
20873,0.004,0.006
20874,0.004,0.006
20875,0.004,0.005
20876,0.004,0.005
20877,0.004,0.005
20878,0.004,0.006
20879,0.004,0.005
20880,0.004,0.005
20881,0.004,0.005
20882,0.004,0.005
20883,0.004,0.005
20884,0.004,0.005
20885,0.004,0.005
20886,0.004,0.005
20887,0.004,0.005
20888,0.004,0.005
20889,0.004,0.006
20890,0.004,0.006
20891,0.004,0.006
20892,0.004,0.006
20893,0.004,0.006
20894,0.004,0.005
20895,0.004,0.006
20896,0.004,0.005
20897,0.004,0.005
20898,0.004,0.006
20899,0.004,0.005
20900,0.004,0.005
20901,0.004,0.005
20902,0.004,0.006
20903,0.004,0.005
20904,0.004,0.005
20905,0.004,0.005
20906,0.004,0.005
20907,0.004,0.005
20908,0.004,0.005
20909,0.004,0.005
20910,0.004,0.005
20911,0.004,0.006
20912,0.004,0.006
20913,0.004,0.006
20914,0.004,0.005
20915,0.004,0.006
20916,0.004,0.005
20917,0.004,0.006
20918,0.004,0.006
20919,0.004,0.006
20920,0.004,0.006
20921,0.004,0.005
20922,0.004,0.005
20923,0.004,0.006
20924,0.004,0.006
20925,0.004,0.006
20926,0.004,0.006
20927,0.004,0.005
20928,0.004,0.005
20929,0.004,0.005
20930,0.004,0.005
20931,0.004,0.005
20932,0.004,0.005
20933,0.004,0.005
20934,0.004,0.006
20935,0.004,0.006
20936,0.004,0.006
20937,0.004,0.005
20938,0.004,0.005
20939,0.004,0.005
20940,0.004,0.006
20941,0.004,0.006
20942,0.004,0.005
20943,0.004,0.005
20944,0.004,0.005
20945,0.004,0.005
20946,0.004,0.006
20947,0.004,0.006
20948,0.004,0.006
20949,0.004,0.005
20950,0.004,0.005
20951,0.004,0.005
20952,0.004,0.006
20953,0.004,0.005
20954,0.004,0.005
20955,0.004,0.005
20956,0.004,0.006
20957,0.004,0.006
20958,0.004,0.005
20959,0.004,0.005
20960,0.004,0.006
20961,0.004,0.006
20962,0.004,0.006
20963,0.004,0.006
20964,0.004,0.005
20965,0.004,0.005
20966,0.004,0.006
20967,0.004,0.006
20968,0.004,0.005
20969,0.004,0.006
20970,0.004,0.006
20971,0.004,0.006
20972,0.004,0.006
20973,0.004,0.005
20974,0.004,0.005
20975,0.004,0.006
20976,0.004,0.005
20977,0.004,0.006
20978,0.004,0.006
20979,0.004,0.006
20980,0.004,0.005
20981,0.004,0.006
20982,0.004,0.005
20983,0.004,0.006
20984,0.004,0.005
20985,0.004,0.006
20986,0.004,0.005
20987,0.004,0.006
20988,0.004,0.006
20989,0.004,0.006
20990,0.004,0.006
20991,0.004,0.005
20992,0.004,0.005
20993,0.004,0.005
20994,0.004,0.005
20995,0.004,0.005
20996,0.004,0.005
20997,0.004,0.005
20998,0.005,0.006
20999,0.004,0.005
21000,0.004,0.005
21001,0.004,0.005
21002,0.004,0.006
21003,0.004,0.006
21004,0.004,0.005
21005,0.004,0.005
21006,0.004,0.005
21007,0.004,0.005
21008,0.004,0.006
21009,0.004,0.006
21010,0.004,0.006
21011,0.004,0.005
21012,0.004,0.005
21013,0.004,0.006
21014,0.004,0.005
21015,0.004,0.006
21016,0.004,0.005
21017,0.004,0.005
21018,0.004,0.006
21019,0.004,0.006
21020,0.004,0.005
21021,0.004,0.005
21022,0.004,0.006
21023,0.004,0.006
21024,0.004,0.006
21025,0.004,0.005
21026,0.004,0.005
21027,0.004,0.005
21028,0.004,0.005
21029,0.004,0.005
21030,0.004,0.005
21031,0.004,0.005
21032,0.004,0.006
21033,0.004,0.005
21034,0.004,0.005
21035,0.004,0.005
21036,0.004,0.005
21037,0.004,0.006
21038,0.004,0.005
21039,0.004,0.006
21040,0.004,0.006
21041,0.004,0.005
21042,0.004,0.006
21043,0.004,0.006
21044,0.004,0.006
21045,0.004,0.005
21046,0.004,0.005
21047,0.004,0.005
21048,0.004,0.005
21049,0.004,0.005
21050,0.004,0.005
21051,0.004,0.005
21052,0.004,0.005
21053,0.004,0.006
21054,0.004,0.006
21055,0.004,0.006
21056,0.004,0.006
21057,0.004,0.005
21058,0.004,0.005
21059,0.004,0.005
21060,0.004,0.005
21061,0.004,0.005
21062,0.004,0.005
21063,0.004,0.005
21064,0.004,0.005
21065,0.004,0.005
21066,0.004,0.006
21067,0.004,0.006
21068,0.004,0.006
21069,0.004,0.005
21070,0.004,0.005
21071,0.004,0.006
21072,0.004,0.006
21073,0.004,0.006
21074,0.004,0.005
21075,0.004,0.005
21076,0.004,0.005
21077,0.004,0.005
21078,0.004,0.005
21079,0.004,0.005
21080,0.004,0.005
21081,0.004,0.005
21082,0.004,0.005
21083,0.004,0.005
21084,0.004,0.006
21085,0.004,0.006
21086,0.004,0.006
21087,0.004,0.005
21088,0.004,0.005
21089,0.004,0.005
21090,0.004,0.006
21091,0.004,0.005
21092,0.004,0.005
21093,0.004,0.006
21094,0.004,0.006
21095,0.004,0.006
21096,0.004,0.005
21097,0.004,0.006
21098,0.004,0.006
21099,0.004,0.006
21100,0.004,0.005
21101,0.004,0.005
21102,0.004,0.005
21103,0.004,0.006
21104,0.004,0.005
21105,0.004,0.005
21106,0.004,0.005
21107,0.004,0.005
21108,0.004,0.006
21109,0.004,0.006
21110,0.004,0.005
21111,0.004,0.006
21112,0.004,0.005
21113,0.004,0.005
21114,0.004,0.006
21115,0.004,0.005
21116,0.004,0.005
21117,0.004,0.005
21118,0.004,0.005
21119,0.004,0.005
21120,0.004,0.006
21121,0.004,0.006
21122,0.004,0.006
21123,0.004,0.005
21124,0.004,0.005
21125,0.004,0.005
21126,0.004,0.006
21127,0.004,0.005
21128,0.004,0.005
21129,0.004,0.005
21130,0.004,0.006
21131,0.004,0.005
21132,0.004,0.006
21133,0.004,0.006
21134,0.004,0.005
21135,0.004,0.005
21136,0.004,0.005
21137,0.004,0.005
21138,0.004,0.005
21139,0.004,0.005
21140,0.004,0.006
21141,0.004,0.005
21142,0.004,0.005
21143,0.004,0.005
21144,0.004,0.006
21145,0.004,0.005
21146,0.004,0.006
21147,0.004,0.006
21148,0.004,0.005
21149,0.004,0.005
21150,0.004,0.005
21151,0.004,0.005
21152,0.004,0.005
21153,0.004,0.005
21154,0.004,0.006
21155,0.004,0.005
21156,0.004,0.005
21157,0.004,0.005
21158,0.004,0.005
21159,0.004,0.006
21160,0.004,0.005
21161,0.004,0.005
21162,0.004,0.005
21163,0.004,0.006
21164,0.004,0.005
21165,0.004,0.005
21166,0.004,0.005
21167,0.004,0.005
21168,0.004,0.006
21169,0.004,0.005
21170,0.004,0.005
21171,0.004,0.006
21172,0.004,0.005
21173,0.004,0.005
21174,0.004,0.006
21175,0.004,0.006
21176,0.004,0.006
21177,0.004,0.005
21178,0.004,0.005
21179,0.004,0.005
21180,0.004,0.005
21181,0.004,0.005
21182,0.004,0.005
21183,0.004,0.006
21184,0.004,0.006
21185,0.004,0.006
21186,0.004,0.005
21187,0.004,0.005
21188,0.004,0.005
21189,0.004,0.006
21190,0.004,0.006
21191,0.004,0.005
21192,0.004,0.005
21193,0.004,0.005
21194,0.004,0.006
21195,0.004,0.005
21196,0.004,0.005
21197,0.004,0.006
21198,0.004,0.005
21199,0.004,0.005
21200,0.004,0.005
21201,0.004,0.005
21202,0.004,0.006
21203,0.004,0.005
21204,0.004,0.006
21205,0.004,0.006
21206,0.004,0.005
21207,0.004,0.005
21208,0.004,0.005
21209,0.004,0.006
21210,0.004,0.005
21211,0.004,0.005
21212,0.004,0.005
21213,0.004,0.005
21214,0.004,0.005
21215,0.004,0.005
21216,0.004,0.005
21217,0.004,0.005
21218,0.004,0.005
21219,0.004,0.005
21220,0.004,0.005
21221,0.004,0.006
21222,0.004,0.005
21223,0.004,0.006
21224,0.004,0.005
21225,0.004,0.005
21226,0.004,0.006
21227,0.004,0.005
21228,0.004,0.005
21229,0.004,0.006
21230,0.004,0.006
21231,0.004,0.005
21232,0.004,0.005
21233,0.004,0.005
21234,0.004,0.006
21235,0.004,0.005
21236,0.004,0.006
21237,0.004,0.005
21238,0.004,0.005
21239,0.004,0.006
21240,0.004,0.006
21241,0.004,0.005
21242,0.004,0.005
21243,0.004,0.005
21244,0.004,0.006
21245,0.004,0.005
21246,0.004,0.006
21247,0.004,0.006
21248,0.004,0.006
21249,0.004,0.006
21250,0.004,0.005
21251,0.004,0.005
21252,0.004,0.005
21253,0.004,0.006
21254,0.004,0.006
21255,0.004,0.005
21256,0.004,0.005
21257,0.004,0.006
21258,0.004,0.005
21259,0.004,0.006
21260,0.004,0.006
21261,0.004,0.005
21262,0.004,0.006
21263,0.004,0.005
21264,0.004,0.006
21265,0.004,0.005
21266,0.004,0.005
21267,0.004,0.005
21268,0.004,0.005
21269,0.004,0.006
21270,0.004,0.005
21271,0.004,0.006
21272,0.004,0.006
21273,0.004,0.006
21274,0.004,0.006
21275,0.004,0.005
21276,0.004,0.006
21277,0.004,0.006
21278,0.004,0.005
21279,0.004,0.005
21280,0.004,0.005
21281,0.004,0.005
21282,0.004,0.006
21283,0.004,0.006
21284,0.004,0.006
21285,0.004,0.005
21286,0.004,0.005
21287,0.004,0.005
21288,0.004,0.005
21289,0.004,0.006
21290,0.004,0.005
21291,0.004,0.006
21292,0.004,0.006
21293,0.004,0.005
21294,0.004,0.005
21295,0.004,0.005
21296,0.004,0.005
21297,0.004,0.006
21298,0.004,0.005
21299,0.004,0.005
21300,0.004,0.006
21301,0.004,0.005
21302,0.004,0.005
21303,0.004,0.006
21304,0.004,0.005
21305,0.004,0.006
21306,0.004,0.005
21307,0.004,0.005
21308,0.004,0.005
21309,0.004,0.005
21310,0.004,0.006
21311,0.004,0.005
21312,0.004,0.006
21313,0.004,0.005
21314,0.004,0.006
21315,0.004,0.005
21316,0.004,0.005
21317,0.004,0.005
21318,0.004,0.005
21319,0.004,0.006
21320,0.005,0.006
21321,0.004,0.005
21322,0.004,0.005
21323,0.004,0.006
21324,0.004,0.005
21325,0.004,0.006
21326,0.004,0.006
21327,0.004,0.005
21328,0.004,0.006
21329,0.004,0.005
21330,0.004,0.005
21331,0.004,0.005
21332,0.004,0.005
21333,0.004,0.006
21334,0.004,0.005
21335,0.004,0.006
21336,0.004,0.006
21337,0.004,0.005
21338,0.004,0.005
21339,0.004,0.006
21340,0.004,0.006
21341,0.004,0.006
21342,0.004,0.005
21343,0.004,0.006
21344,0.004,0.006
21345,0.004,0.006
21346,0.004,0.005
21347,0.004,0.005
21348,0.004,0.005
21349,0.004,0.006
21350,0.004,0.005
21351,0.004,0.006
21352,0.004,0.005
21353,0.004,0.006
21354,0.004,0.005
21355,0.004,0.005
21356,0.004,0.005
21357,0.004,0.005
21358,0.004,0.006
21359,0.004,0.006
21360,0.004,0.005
21361,0.004,0.005
21362,0.004,0.006
21363,0.004,0.005
21364,0.004,0.005
21365,0.004,0.005
21366,0.004,0.006
21367,0.004,0.006
21368,0.004,0.006
21369,0.004,0.005
21370,0.004,0.005
21371,0.004,0.005
21372,0.004,0.005
21373,0.004,0.006
21374,0.004,0.006
21375,0.004,0.005
21376,0.004,0.005
21377,0.004,0.005
21378,0.004,0.006
21379,0.004,0.006
21380,0.004,0.005
21381,0.004,0.006
21382,0.004,0.005
21383,0.004,0.006
21384,0.004,0.006
21385,0.004,0.005
21386,0.004,0.006
21387,0.004,0.006
21388,0.004,0.005
21389,0.004,0.005
21390,0.004,0.005
21391,0.004,0.006
21392,0.004,0.005
21393,0.004,0.005
21394,0.004,0.006
21395,0.004,0.005
21396,0.004,0.005
21397,0.004,0.005
21398,0.004,0.005
21399,0.004,0.005
21400,0.004,0.005
21401,0.004,0.005
21402,0.004,0.005
21403,0.004,0.006
21404,0.004,0.005
21405,0.004,0.005
21406,0.004,0.006
21407,0.004,0.006
21408,0.004,0.005
21409,0.004,0.006
21410,0.005,0.006
21411,0.004,0.005
21412,0.005,0.006
21413,0.004,0.006
21414,0.004,0.005
21415,0.004,0.005
21416,0.004,0.005
21417,0.004,0.005
21418,0.004,0.005
21419,0.004,0.006
21420,0.004,0.005
21421,0.004,0.005
21422,0.004,0.005
21423,0.004,0.005
21424,0.004,0.005
21425,0.004,0.006
21426,0.004,0.006
21427,0.004,0.005
21428,0.004,0.005
21429,0.004,0.005
21430,0.004,0.005
21431,0.004,0.005
21432,0.004,0.006
21433,0.004,0.005
21434,0.004,0.006
21435,0.004,0.005
21436,0.004,0.006
21437,0.004,0.006
21438,0.004,0.005
21439,0.004,0.005
21440,0.004,0.005
21441,0.004,0.005
21442,0.004,0.005
21443,0.004,0.005
21444,0.004,0.006
21445,0.004,0.005
21446,0.004,0.005
21447,0.004,0.006
21448,0.004,0.006
21449,0.004,0.005
21450,0.004,0.005
21451,0.004,0.005
21452,0.004,0.006
21453,0.004,0.005
21454,0.004,0.006
21455,0.004,0.005
21456,0.004,0.005
21457,0.004,0.005
21458,0.004,0.006
21459,0.004,0.006
21460,0.004,0.006
21461,0.004,0.005
21462,0.004,0.005
21463,0.004,0.006
21464,0.004,0.005
21465,0.004,0.006
21466,0.004,0.006
21467,0.004,0.005
21468,0.004,0.005
21469,0.004,0.006
21470,0.004,0.006
21471,0.004,0.005
21472,0.004,0.006
21473,0.004,0.006
21474,0.004,0.005
21475,0.004,0.005
21476,0.004,0.005
21477,0.004,0.005
21478,0.004,0.005
21479,0.004,0.005
21480,0.004,0.005
21481,0.004,0.005
21482,0.004,0.005
21483,0.004,0.006
21484,0.004,0.006
21485,0.004,0.005
21486,0.004,0.005
21487,0.004,0.006
21488,0.004,0.005
21489,0.004,0.006
21490,0.004,0.005
21491,0.004,0.005
21492,0.004,0.005
21493,0.004,0.005
21494,0.004,0.005
21495,0.004,0.006
21496,0.004,0.005
21497,0.004,0.006
21498,0.004,0.006
21499,0.004,0.006
21500,0.004,0.005
21501,0.004,0.005
21502,0.004,0.005
21503,0.004,0.006
21504,0.004,0.005
21505,0.004,0.006
21506,0.004,0.006
21507,0.004,0.006
21508,0.004,0.006
21509,0.004,0.006
21510,0.004,0.006
21511,0.004,0.005
21512,0.004,0.006
21513,0.004,0.005
21514,0.004,0.005
21515,0.004,0.005
21516,0.004,0.005
21517,0.004,0.005
21518,0.004,0.005
21519,0.004,0.006
21520,0.004,0.005
21521,0.004,0.005
21522,0.004,0.005
21523,0.004,0.005
21524,0.004,0.005
21525,0.004,0.005
21526,0.004,0.006
21527,0.004,0.006
21528,0.004,0.006
21529,0.004,0.006
21530,0.004,0.005
21531,0.004,0.005
21532,0.004,0.006
21533,0.004,0.006
21534,0.004,0.006
21535,0.004,0.005
21536,0.004,0.005
21537,0.004,0.005
21538,0.004,0.005
21539,0.004,0.006
21540,0.004,0.006
21541,0.004,0.005
21542,0.004,0.005
21543,0.004,0.006
21544,0.004,0.005
21545,0.004,0.005
21546,0.004,0.005
21547,0.004,0.006
21548,0.004,0.005
21549,0.004,0.005
21550,0.004,0.005
21551,0.004,0.005
21552,0.004,0.005
21553,0.004,0.005
21554,0.004,0.005
21555,0.004,0.006
21556,0.004,0.005
21557,0.004,0.005
21558,0.004,0.006
21559,0.004,0.006
21560,0.004,0.006
21561,0.004,0.005
21562,0.004,0.005
21563,0.004,0.005
21564,0.004,0.005
21565,0.004,0.005
21566,0.004,0.006
21567,0.004,0.006
21568,0.004,0.005
21569,0.004,0.005
21570,0.004,0.006
21571,0.004,0.005
21572,0.004,0.005
21573,0.004,0.005
21574,0.004,0.006
21575,0.004,0.005
21576,0.004,0.005
21577,0.004,0.005
21578,0.004,0.005
21579,0.004,0.005
21580,0.004,0.005
21581,0.004,0.005
21582,0.004,0.005
21583,0.004,0.006
21584,0.004,0.006
21585,0.004,0.005
21586,0.004,0.005
21587,0.004,0.005
21588,0.004,0.006
21589,0.004,0.005
21590,0.004,0.006
21591,0.004,0.005
21592,0.004,0.006
21593,0.004,0.005
21594,0.004,0.005
21595,0.004,0.005
21596,0.004,0.006
21597,0.004,0.005
21598,0.004,0.005
21599,0.004,0.005
21600,0.004,0.005
21601,0.004,0.005
21602,0.004,0.006
21603,0.004,0.005
21604,0.004,0.005
21605,0.004,0.006
21606,0.004,0.006
21607,0.004,0.006
21608,0.004,0.005
21609,0.004,0.005
21610,0.004,0.005
21611,0.004,0.005
21612,0.005,0.006
21613,0.004,0.006
21614,0.004,0.005
21615,0.004,0.005
21616,0.004,0.005
21617,0.004,0.005
21618,0.004,0.005
21619,0.004,0.006
21620,0.004,0.005
21621,0.004,0.005
21622,0.004,0.006
21623,0.004,0.006
21624,0.004,0.005
21625,0.004,0.005
21626,0.004,0.006
21627,0.004,0.006
21628,0.004,0.006
21629,0.004,0.005
21630,0.004,0.006
21631,0.004,0.006
21632,0.004,0.005
21633,0.004,0.006
21634,0.004,0.005
21635,0.004,0.006
21636,0.004,0.006
21637,0.004,0.005
21638,0.004,0.005
21639,0.004,0.006
21640,0.004,0.006
21641,0.004,0.005
21642,0.004,0.005
21643,0.004,0.005
21644,0.004,0.005
21645,0.004,0.005
21646,0.004,0.005
21647,0.004,0.005
21648,0.004,0.005
21649,0.004,0.005
21650,0.004,0.005
21651,0.004,0.005
21652,0.004,0.005
21653,0.004,0.005
21654,0.004,0.006
21655,0.004,0.006
21656,0.004,0.005
21657,0.004,0.005
21658,0.004,0.005
21659,0.004,0.005
21660,0.004,0.006
21661,0.004,0.006
21662,0.004,0.006
21663,0.004,0.005
21664,0.004,0.006
21665,0.004,0.005
21666,0.004,0.005
21667,0.004,0.005
21668,0.004,0.005
21669,0.004,0.006
21670,0.004,0.005
21671,0.004,0.005
21672,0.004,0.005
21673,0.004,0.005
21674,0.004,0.005
21675,0.004,0.005
21676,0.004,0.005
21677,0.004,0.005
21678,0.004,0.006
21679,0.004,0.005
21680,0.004,0.005
21681,0.004,0.005
21682,0.004,0.005
21683,0.004,0.005
21684,0.004,0.005
21685,0.004,0.006
21686,0.004,0.005
21687,0.004,0.005
21688,0.004,0.005
21689,0.004,0.006
21690,0.004,0.006
21691,0.004,0.005
21692,0.004,0.005
21693,0.004,0.005
21694,0.004,0.005
21695,0.004,0.005
21696,0.004,0.005
21697,0.004,0.005
21698,0.004,0.005
21699,0.004,0.005
21700,0.004,0.005
21701,0.004,0.006
21702,0.004,0.005
21703,0.004,0.005
21704,0.004,0.005
21705,0.004,0.005
21706,0.004,0.005
21707,0.004,0.005
21708,0.004,0.005
21709,0.004,0.005
21710,0.004,0.005
21711,0.004,0.005
21712,0.004,0.006
21713,0.005,0.006
21714,0.004,0.005
21715,0.004,0.006
21716,0.004,0.005
21717,0.004,0.005
21718,0.004,0.005
21719,0.004,0.005
21720,0.004,0.005
21721,0.004,0.006
21722,0.004,0.005
21723,0.004,0.005
21724,0.004,0.005
21725,0.004,0.006
21726,0.004,0.006
21727,0.004,0.005
21728,0.004,0.005
21729,0.004,0.005
21730,0.004,0.006
21731,0.004,0.006
21732,0.004,0.005
21733,0.004,0.005
21734,0.004,0.005
21735,0.004,0.006
21736,0.004,0.006
21737,0.004,0.006
21738,0.004,0.006
21739,0.004,0.005
21740,0.004,0.005
21741,0.004,0.005
21742,0.004,0.005
21743,0.004,0.005
21744,0.004,0.006
21745,0.004,0.006
21746,0.004,0.005
21747,0.004,0.005
21748,0.004,0.005
21749,0.004,0.006
21750,0.004,0.005
21751,0.004,0.006
21752,0.004,0.006
21753,0.004,0.005
21754,0.004,0.005
21755,0.004,0.006
21756,0.004,0.005
21757,0.004,0.005
21758,0.004,0.006
21759,0.004,0.006
21760,0.004,0.005
21761,0.004,0.006
21762,0.004,0.006
21763,0.004,0.006
21764,0.004,0.006
21765,0.004,0.006
21766,0.004,0.006
21767,0.004,0.006
21768,0.004,0.006
21769,0.004,0.005
21770,0.004,0.005
21771,0.004,0.006
21772,0.004,0.005
21773,0.004,0.005
21774,0.004,0.005
21775,0.004,0.006
21776,0.004,0.005
21777,0.004,0.006
21778,0.004,0.006
21779,0.004,0.006
21780,0.004,0.005
21781,0.004,0.005
21782,0.004,0.005
21783,0.004,0.005
21784,0.004,0.005
21785,0.004,0.006
21786,0.004,0.005
21787,0.004,0.005
21788,0.004,0.005
21789,0.004,0.006
21790,0.004,0.005
21791,0.004,0.005
21792,0.004,0.005
21793,0.004,0.006
21794,0.004,0.005
21795,0.004,0.005
21796,0.004,0.005
21797,0.004,0.005
21798,0.004,0.006
21799,0.004,0.006
21800,0.004,0.006
21801,0.004,0.005
21802,0.004,0.006
21803,0.004,0.006
21804,0.004,0.006
21805,0.004,0.006
21806,0.004,0.006
21807,0.004,0.006
21808,0.004,0.005
21809,0.004,0.006
21810,0.004,0.005
21811,0.004,0.006
21812,0.004,0.006
21813,0.004,0.005
21814,0.004,0.005
21815,0.004,0.005
21816,0.004,0.005
21817,0.004,0.005
21818,0.004,0.005
21819,0.004,0.006
21820,0.004,0.006
21821,0.004,0.005
21822,0.004,0.006
21823,0.004,0.006
21824,0.004,0.005
21825,0.004,0.006
21826,0.004,0.006
21827,0.004,0.006
21828,0.004,0.005
21829,0.004,0.006
21830,0.004,0.006
21831,0.004,0.005
21832,0.004,0.006
21833,0.004,0.005
21834,0.004,0.005
21835,0.004,0.006
21836,0.004,0.006
21837,0.004,0.005
21838,0.004,0.006
21839,0.004,0.005
21840,0.004,0.005
21841,0.004,0.005
21842,0.004,0.005
21843,0.004,0.006
21844,0.004,0.005
21845,0.004,0.006
21846,0.004,0.005
21847,0.004,0.005
21848,0.004,0.005
21849,0.004,0.005
21850,0.004,0.005
21851,0.004,0.005
21852,0.004,0.005
21853,0.004,0.006
21854,0.004,0.006
21855,0.004,0.006
21856,0.004,0.005
21857,0.004,0.005
21858,0.004,0.005
21859,0.004,0.005
21860,0.004,0.005
21861,0.004,0.005
21862,0.004,0.006
21863,0.004,0.006
21864,0.004,0.005
21865,0.004,0.005
21866,0.004,0.006
21867,0.004,0.005
21868,0.004,0.005
21869,0.005,0.006
21870,0.004,0.005
21871,0.004,0.005
21872,0.004,0.006
21873,0.004,0.005
21874,0.004,0.005
21875,0.004,0.005
21876,0.004,0.005
21877,0.004,0.005
21878,0.004,0.005
21879,0.004,0.005
21880,0.004,0.006
21881,0.004,0.005
21882,0.004,0.006
21883,0.004,0.005
21884,0.004,0.005
21885,0.004,0.006
21886,0.004,0.006
21887,0.004,0.005
21888,0.004,0.006
21889,0.004,0.006
21890,0.004,0.006
21891,0.004,0.005
21892,0.004,0.005
21893,0.004,0.006
21894,0.004,0.006
21895,0.004,0.005
21896,0.004,0.005
21897,0.004,0.006
21898,0.004,0.006
21899,0.004,0.006
21900,0.004,0.006
21901,0.004,0.005
21902,0.004,0.005
21903,0.004,0.006
21904,0.004,0.006
21905,0.004,0.006
21906,0.004,0.005
21907,0.004,0.006
21908,0.004,0.006
21909,0.004,0.005
21910,0.004,0.006
21911,0.004,0.006
21912,0.004,0.006
21913,0.004,0.005
21914,0.004,0.005
21915,0.004,0.006
21916,0.004,0.005
21917,0.004,0.005
21918,0.004,0.005
21919,0.004,0.005
21920,0.004,0.006
21921,0.004,0.006
21922,0.004,0.006
21923,0.004,0.006
21924,0.004,0.005
21925,0.004,0.005
21926,0.004,0.006
21927,0.004,0.006
21928,0.004,0.005
21929,0.004,0.006
21930,0.004,0.005
21931,0.004,0.006
21932,0.004,0.005
21933,0.004,0.006
21934,0.004,0.005
21935,0.004,0.005
21936,0.004,0.006
21937,0.004,0.006
21938,0.004,0.005
21939,0.004,0.005
21940,0.004,0.005
21941,0.004,0.005
21942,0.004,0.006
21943,0.004,0.006
21944,0.004,0.005
21945,0.004,0.005
21946,0.004,0.005
21947,0.004,0.005
21948,0.004,0.005
21949,0.004,0.005
21950,0.004,0.006
21951,0.004,0.005
21952,0.004,0.005
21953,0.004,0.005
21954,0.004,0.005
21955,0.004,0.006
21956,0.004,0.006
21957,0.004,0.006
21958,0.004,0.006
21959,0.004,0.006
21960,0.004,0.005
21961,0.004,0.005
21962,0.004,0.006
21963,0.004,0.005
21964,0.004,0.005
21965,0.004,0.005
21966,0.004,0.005
21967,0.004,0.005
21968,0.004,0.006
21969,0.004,0.005
21970,0.004,0.006
21971,0.004,0.006
21972,0.004,0.005
21973,0.004,0.005
21974,0.004,0.005
21975,0.004,0.006
21976,0.004,0.005
21977,0.004,0.005
21978,0.004,0.006
21979,0.004,0.005
21980,0.004,0.005
21981,0.004,0.006
21982,0.004,0.006
21983,0.004,0.006
21984,0.004,0.005
21985,0.004,0.006
21986,0.004,0.006
21987,0.004,0.006
21988,0.004,0.006
21989,0.004,0.006
21990,0.004,0.006
21991,0.004,0.006
21992,0.004,0.005
21993,0.004,0.005
21994,0.004,0.005
21995,0.004,0.005
21996,0.004,0.006
21997,0.004,0.005
21998,0.004,0.006
21999,0.004,0.006
22000,0.004,0.006
22001,0.004,0.005
22002,0.004,0.005
22003,0.004,0.005
22004,0.004,0.005
22005,0.004,0.005
22006,0.004,0.005
22007,0.004,0.005
22008,0.004,0.006
22009,0.004,0.005
22010,0.004,0.005
22011,0.004,0.005
22012,0.004,0.005
22013,0.004,0.006
22014,0.004,0.005
22015,0.004,0.006
22016,0.004,0.005
22017,0.004,0.005
22018,0.004,0.006
22019,0.004,0.005
22020,0.004,0.005
22021,0.004,0.006
22022,0.004,0.005
22023,0.004,0.005
22024,0.004,0.005
22025,0.004,0.005
22026,0.004,0.005
22027,0.004,0.006
22028,0.004,0.005
22029,0.004,0.005
22030,0.004,0.005
22031,0.004,0.005
22032,0.004,0.005
22033,0.004,0.006
22034,0.004,0.005
22035,0.004,0.006
22036,0.004,0.005
22037,0.004,0.005
22038,0.004,0.006
22039,0.004,0.005
22040,0.004,0.005
22041,0.004,0.005
22042,0.004,0.006
22043,0.004,0.006
22044,0.004,0.006
22045,0.004,0.006
22046,0.004,0.005
22047,0.004,0.006
22048,0.004,0.005
22049,0.004,0.005
22050,0.004,0.006
22051,0.004,0.005
22052,0.004,0.006
22053,0.004,0.005
22054,0.004,0.005
22055,0.004,0.005
22056,0.004,0.005
22057,0.004,0.005
22058,0.004,0.005
22059,0.004,0.006
22060,0.004,0.006
22061,0.004,0.005
22062,0.004,0.005
22063,0.004,0.005
22064,0.004,0.005
22065,0.004,0.006
22066,0.004,0.006
22067,0.004,0.006
22068,0.004,0.005
22069,0.004,0.006
22070,0.004,0.006
22071,0.004,0.005
22072,0.004,0.006
22073,0.004,0.005
22074,0.004,0.006
22075,0.004,0.006
22076,0.004,0.005
22077,0.004,0.006
22078,0.004,0.006
22079,0.004,0.005
22080,0.004,0.005
22081,0.004,0.005
22082,0.004,0.005
22083,0.004,0.005
22084,0.004,0.005
22085,0.004,0.006
22086,0.004,0.005
22087,0.004,0.005
22088,0.004,0.005
22089,0.004,0.005
22090,0.004,0.005
22091,0.004,0.005
22092,0.004,0.005
22093,0.004,0.005
22094,0.004,0.005
22095,0.004,0.005
22096,0.004,0.005
22097,0.004,0.006
22098,0.004,0.006
22099,0.004,0.005
22100,0.004,0.006
22101,0.004,0.005
22102,0.004,0.005
22103,0.004,0.006
22104,0.004,0.006
22105,0.004,0.005
22106,0.004,0.006
22107,0.004,0.005
22108,0.004,0.006
22109,0.004,0.005
22110,0.004,0.006
22111,0.004,0.006
22112,0.004,0.006
22113,0.004,0.005
22114,0.004,0.006
22115,0.004,0.005
22116,0.004,0.005
22117,0.004,0.005
22118,0.004,0.006
22119,0.004,0.005
22120,0.004,0.005
22121,0.004,0.005
22122,0.004,0.005
22123,0.004,0.006
22124,0.004,0.005
22125,0.004,0.005
22126,0.004,0.005
22127,0.004,0.005
22128,0.004,0.006
22129,0.004,0.005
22130,0.004,0.005
22131,0.004,0.005
22132,0.004,0.005
22133,0.004,0.005
22134,0.004,0.006
22135,0.004,0.006
22136,0.004,0.005
22137,0.004,0.005
22138,0.004,0.005
22139,0.004,0.005
22140,0.004,0.005
22141,0.004,0.005
22142,0.004,0.005
22143,0.004,0.005
22144,0.004,0.005
22145,0.005,0.006
22146,0.004,0.005
22147,0.004,0.005
22148,0.004,0.005
22149,0.004,0.006
22150,0.004,0.005
22151,0.004,0.005
22152,0.004,0.005
22153,0.004,0.005
22154,0.004,0.005
22155,0.004,0.005
22156,0.004,0.006
22157,0.004,0.006
22158,0.004,0.005
22159,0.004,0.006
22160,0.004,0.006
22161,0.004,0.005
22162,0.004,0.006
22163,0.004,0.006
22164,0.004,0.005
22165,0.004,0.006
22166,0.004,0.005
22167,0.004,0.006
22168,0.004,0.006
22169,0.004,0.006
22170,0.004,0.005
22171,0.004,0.005
22172,0.004,0.005
22173,0.004,0.005
22174,0.004,0.005
22175,0.004,0.005
22176,0.004,0.005
22177,0.004,0.005
22178,0.004,0.006
22179,0.004,0.005
22180,0.004,0.005
22181,0.004,0.005
22182,0.004,0.006
22183,0.004,0.005
22184,0.004,0.005
22185,0.004,0.005
22186,0.004,0.005
22187,0.004,0.006
22188,0.004,0.005
22189,0.004,0.006
22190,0.004,0.005
22191,0.004,0.006
22192,0.004,0.005
22193,0.004,0.006
22194,0.004,0.005
22195,0.004,0.006
22196,0.004,0.006
22197,0.004,0.006
22198,0.004,0.005
22199,0.004,0.005
22200,0.004,0.005
22201,0.004,0.005
22202,0.004,0.005
22203,0.004,0.005
22204,0.004,0.006
22205,0.004,0.005
22206,0.004,0.005
22207,0.004,0.005
22208,0.004,0.005
22209,0.004,0.006
22210,0.004,0.005
22211,0.004,0.005
22212,0.004,0.005
22213,0.004,0.006
22214,0.004,0.006
22215,0.004,0.006
22216,0.004,0.005
22217,0.004,0.005
22218,0.004,0.006
22219,0.004,0.005
22220,0.004,0.005
22221,0.004,0.006
22222,0.004,0.006
22223,0.004,0.006
22224,0.004,0.006
22225,0.004,0.005
22226,0.004,0.005
22227,0.004,0.005
22228,0.004,0.006
22229,0.004,0.006
22230,0.004,0.005
22231,0.004,0.006
22232,0.004,0.006
22233,0.004,0.005
22234,0.004,0.005
22235,0.004,0.006
22236,0.004,0.006
22237,0.004,0.006
22238,0.004,0.006
22239,0.004,0.006
22240,0.004,0.005
22241,0.004,0.005
22242,0.004,0.005
22243,0.004,0.005
22244,0.004,0.005
22245,0.004,0.005
22246,0.004,0.006
22247,0.004,0.006
22248,0.004,0.006
22249,0.004,0.005
22250,0.004,0.006
22251,0.004,0.006
22252,0.004,0.006
22253,0.004,0.006
22254,0.004,0.006
22255,0.004,0.005
22256,0.004,0.005
22257,0.004,0.006
22258,0.004,0.006
22259,0.004,0.006
22260,0.004,0.006
22261,0.004,0.006
22262,0.004,0.006
22263,0.004,0.005
22264,0.004,0.006
22265,0.004,0.006
22266,0.004,0.005
22267,0.004,0.005
22268,0.004,0.006
22269,0.004,0.006
22270,0.004,0.005
22271,0.004,0.006
22272,0.004,0.006
22273,0.004,0.005
22274,0.004,0.005
22275,0.004,0.006
22276,0.004,0.005
22277,0.004,0.005
22278,0.004,0.005
22279,0.004,0.006
22280,0.004,0.006
22281,0.004,0.005
22282,0.004,0.006
22283,0.004,0.006
22284,0.004,0.006
22285,0.004,0.005
22286,0.004,0.006
22287,0.004,0.005
22288,0.004,0.005
22289,0.004,0.006
22290,0.004,0.005
22291,0.004,0.006
22292,0.004,0.005
22293,0.004,0.005
22294,0.004,0.006
22295,0.004,0.005
22296,0.004,0.006
22297,0.004,0.005
22298,0.004,0.005
22299,0.004,0.006
22300,0.004,0.006
22301,0.004,0.005
22302,0.004,0.006
22303,0.004,0.005
22304,0.004,0.005
22305,0.004,0.006
22306,0.004,0.006
22307,0.004,0.006
22308,0.005,0.006
22309,0.004,0.006
22310,0.004,0.005
22311,0.004,0.005
22312,0.004,0.006
22313,0.004,0.005
22314,0.004,0.005
22315,0.004,0.006
22316,0.004,0.006
22317,0.004,0.006
22318,0.004,0.006
22319,0.004,0.006
22320,0.004,0.005
22321,0.004,0.006
22322,0.004,0.006
22323,0.004,0.006
22324,0.004,0.005
22325,0.004,0.006
22326,0.004,0.006
22327,0.004,0.005
22328,0.004,0.005
22329,0.004,0.005
22330,0.004,0.005
22331,0.004,0.006
22332,0.004,0.006
22333,0.004,0.006
22334,0.004,0.005
22335,0.004,0.005
22336,0.004,0.005
22337,0.004,0.005
22338,0.004,0.005
22339,0.004,0.005
22340,0.004,0.005
22341,0.004,0.006
22342,0.004,0.005
22343,0.004,0.005
22344,0.004,0.005
22345,0.004,0.005
22346,0.004,0.005
22347,0.004,0.005
22348,0.004,0.006
22349,0.004,0.006
22350,0.004,0.006
22351,0.004,0.006
22352,0.004,0.006
22353,0.004,0.006
22354,0.004,0.006
22355,0.004,0.005
22356,0.004,0.006
22357,0.004,0.005
22358,0.004,0.005
22359,0.004,0.005
22360,0.004,0.005
22361,0.004,0.005
22362,0.004,0.005
22363,0.004,0.005
22364,0.004,0.006
22365,0.004,0.006
22366,0.004,0.005
22367,0.004,0.005
22368,0.004,0.005
22369,0.004,0.006
22370,0.004,0.005
22371,0.004,0.005
22372,0.004,0.005
22373,0.004,0.005
22374,0.004,0.005
22375,0.004,0.005
22376,0.004,0.006
22377,0.004,0.005
22378,0.004,0.005
22379,0.004,0.005
22380,0.004,0.005
22381,0.004,0.006
22382,0.004,0.005
22383,0.004,0.005
22384,0.004,0.005
22385,0.004,0.005
22386,0.004,0.006
22387,0.004,0.006
22388,0.004,0.006
22389,0.004,0.006
22390,0.004,0.006
22391,0.004,0.006
22392,0.004,0.005
22393,0.004,0.005
22394,0.004,0.005
22395,0.004,0.006
22396,0.004,0.005
22397,0.004,0.005
22398,0.004,0.005
22399,0.004,0.006
22400,0.004,0.005
22401,0.004,0.006
22402,0.004,0.005
22403,0.004,0.006
22404,0.004,0.006
22405,0.004,0.005
22406,0.004,0.005
22407,0.004,0.006
22408,0.004,0.005
22409,0.004,0.006
22410,0.004,0.005
22411,0.004,0.005
22412,0.004,0.005
22413,0.004,0.006
22414,0.004,0.006
22415,0.004,0.006
22416,0.004,0.005
22417,0.004,0.005
22418,0.004,0.006
22419,0.004,0.005
22420,0.004,0.005
22421,0.004,0.006
22422,0.004,0.006
22423,0.004,0.006
22424,0.004,0.005
22425,0.004,0.006
22426,0.004,0.006
22427,0.004,0.006
22428,0.004,0.005
22429,0.004,0.006
22430,0.004,0.005
22431,0.004,0.006
22432,0.004,0.005
22433,0.004,0.006
22434,0.004,0.005
22435,0.004,0.005
22436,0.004,0.005
22437,0.004,0.005
22438,0.004,0.006
22439,0.004,0.006
22440,0.004,0.006
22441,0.004,0.006
22442,0.004,0.005
22443,0.004,0.005
22444,0.004,0.005
22445,0.004,0.005
22446,0.004,0.006
22447,0.004,0.005
22448,0.004,0.005
22449,0.004,0.005
22450,0.004,0.005
22451,0.004,0.005
22452,0.004,0.006
22453,0.004,0.006
22454,0.004,0.006
22455,0.004,0.006
22456,0.004,0.005
22457,0.004,0.005
22458,0.004,0.005
22459,0.004,0.005
22460,0.004,0.006
22461,0.004,0.006
22462,0.004,0.006
22463,0.004,0.006
22464,0.004,0.005
22465,0.004,0.005
22466,0.004,0.006
22467,0.004,0.006
22468,0.004,0.005
22469,0.004,0.006
22470,0.004,0.006
22471,0.004,0.006
22472,0.004,0.005
22473,0.004,0.005
22474,0.004,0.006
22475,0.004,0.006
22476,0.004,0.005
22477,0.004,0.005
22478,0.004,0.005
22479,0.004,0.006
22480,0.004,0.005
22481,0.004,0.006
22482,0.004,0.006
22483,0.004,0.005
22484,0.004,0.005
22485,0.004,0.006
22486,0.004,0.006
22487,0.004,0.005
22488,0.004,0.005
22489,0.004,0.006
22490,0.004,0.006
22491,0.004,0.006
22492,0.004,0.005
22493,0.004,0.005
22494,0.004,0.005
22495,0.004,0.006
22496,0.004,0.006
22497,0.004,0.005
22498,0.004,0.005
22499,0.004,0.005
22500,0.004,0.006
22501,0.004,0.005
22502,0.004,0.006
22503,0.004,0.005
22504,0.004,0.005
22505,0.004,0.006
22506,0.004,0.006
22507,0.004,0.006
22508,0.004,0.005
22509,0.004,0.006
22510,0.004,0.006
22511,0.004,0.005
22512,0.004,0.005
22513,0.004,0.006
22514,0.004,0.005
22515,0.004,0.005
22516,0.004,0.005
22517,0.004,0.005
22518,0.004,0.005
22519,0.004,0.006
22520,0.004,0.006
22521,0.004,0.005
22522,0.004,0.005
22523,0.004,0.006
22524,0.004,0.005
22525,0.004,0.005
22526,0.004,0.005
22527,0.004,0.005
22528,0.005,0.006
22529,0.004,0.006
22530,0.004,0.005
22531,0.004,0.005
22532,0.004,0.006
22533,0.004,0.005
22534,0.004,0.005
22535,0.004,0.006
22536,0.004,0.005
22537,0.004,0.006
22538,0.004,0.005
22539,0.004,0.005
22540,0.004,0.005
22541,0.004,0.005
22542,0.004,0.005
22543,0.004,0.005
22544,0.004,0.006
22545,0.004,0.005
22546,0.004,0.006
22547,0.004,0.006
22548,0.004,0.006
22549,0.004,0.005
22550,0.004,0.006
22551,0.004,0.005
22552,0.004,0.005
22553,0.004,0.006
22554,0.004,0.006
22555,0.004,0.006
22556,0.004,0.005
22557,0.004,0.005
22558,0.004,0.005
22559,0.004,0.006
22560,0.004,0.005
22561,0.004,0.005
22562,0.004,0.006
22563,0.004,0.005
22564,0.004,0.005
22565,0.004,0.005
22566,0.004,0.005
22567,0.004,0.006
22568,0.004,0.006
22569,0.004,0.006
22570,0.004,0.006
22571,0.004,0.005
22572,0.004,0.005
22573,0.004,0.006
22574,0.004,0.006
22575,0.004,0.005
22576,0.004,0.005
22577,0.004,0.005
22578,0.004,0.005
22579,0.004,0.006
22580,0.004,0.005
22581,0.004,0.005
22582,0.004,0.006
22583,0.004,0.005
22584,0.004,0.005
22585,0.004,0.006
22586,0.004,0.006
22587,0.004,0.006
22588,0.004,0.006
22589,0.004,0.005
22590,0.004,0.006
22591,0.004,0.005
22592,0.004,0.005
22593,0.004,0.005
22594,0.004,0.006
22595,0.004,0.006
22596,0.004,0.006
22597,0.004,0.005
22598,0.004,0.005
22599,0.004,0.006
22600,0.004,0.005
22601,0.004,0.006
22602,0.004,0.005
22603,0.004,0.005
22604,0.004,0.006
22605,0.004,0.005
22606,0.004,0.005
22607,0.004,0.006
22608,0.004,0.006
22609,0.004,0.005
22610,0.004,0.005
22611,0.004,0.005
22612,0.004,0.005
22613,0.004,0.005
22614,0.004,0.005
22615,0.004,0.005
22616,0.004,0.006
22617,0.004,0.005
22618,0.004,0.005
22619,0.004,0.005
22620,0.004,0.006
22621,0.004,0.005
22622,0.004,0.005
22623,0.004,0.005
22624,0.004,0.006
22625,0.004,0.006
22626,0.004,0.006
22627,0.004,0.006
22628,0.004,0.005
22629,0.004,0.005
22630,0.004,0.006
22631,0.004,0.005
22632,0.004,0.006
22633,0.004,0.005
22634,0.004,0.005
22635,0.004,0.005
22636,0.004,0.006
22637,0.004,0.005
22638,0.004,0.005
22639,0.004,0.006
22640,0.004,0.005
22641,0.004,0.006
22642,0.004,0.006
22643,0.004,0.006
22644,0.004,0.005
22645,0.004,0.005
22646,0.004,0.006
22647,0.004,0.006
22648,0.004,0.005
22649,0.004,0.006
22650,0.004,0.006
22651,0.004,0.006
22652,0.004,0.005
22653,0.004,0.005
22654,0.004,0.006
22655,0.004,0.006
22656,0.004,0.005
22657,0.004,0.006
22658,0.004,0.006
22659,0.004,0.006
22660,0.004,0.005
22661,0.004,0.005
22662,0.004,0.005
22663,0.004,0.005
22664,0.004,0.005
22665,0.004,0.005
22666,0.004,0.006
22667,0.004,0.005
22668,0.004,0.006
22669,0.004,0.006
22670,0.004,0.005
22671,0.004,0.006
22672,0.004,0.006
22673,0.004,0.006
22674,0.004,0.005
22675,0.004,0.006
22676,0.004,0.006
22677,0.004,0.005
22678,0.004,0.005
22679,0.004,0.005
22680,0.004,0.005
22681,0.004,0.005
22682,0.004,0.006
22683,0.004,0.006
22684,0.004,0.006
22685,0.004,0.006
22686,0.004,0.005
22687,0.004,0.006
22688,0.004,0.005
22689,0.004,0.005
22690,0.004,0.006
22691,0.004,0.005
22692,0.004,0.005
22693,0.004,0.005
22694,0.004,0.006
22695,0.004,0.006
22696,0.004,0.006
22697,0.004,0.005
22698,0.004,0.005
22699,0.004,0.005
22700,0.004,0.005
22701,0.005,0.006
22702,0.004,0.005
22703,0.004,0.005
22704,0.004,0.005
22705,0.004,0.005
22706,0.004,0.006
22707,0.004,0.005
22708,0.004,0.006
22709,0.004,0.006
22710,0.004,0.006
22711,0.004,0.005
22712,0.004,0.006
22713,0.004,0.005
22714,0.004,0.006
22715,0.004,0.005
22716,0.004,0.005
22717,0.004,0.005
22718,0.004,0.005
22719,0.004,0.005
22720,0.004,0.005
22721,0.004,0.005
22722,0.004,0.005
22723,0.004,0.006
22724,0.004,0.005
22725,0.004,0.005
22726,0.004,0.005
22727,0.004,0.005
22728,0.004,0.005
22729,0.004,0.005
22730,0.004,0.006
22731,0.004,0.006
22732,0.004,0.005
22733,0.004,0.006
22734,0.004,0.006
22735,0.004,0.006
22736,0.004,0.006
22737,0.004,0.005
22738,0.004,0.006
22739,0.004,0.006
22740,0.004,0.005
22741,0.004,0.005
22742,0.004,0.006
22743,0.005,0.006
22744,0.004,0.006
22745,0.004,0.006
22746,0.004,0.006
22747,0.004,0.005
22748,0.004,0.005
22749,0.004,0.005
22750,0.004,0.006
22751,0.004,0.005
22752,0.004,0.005
22753,0.004,0.005
22754,0.004,0.005
22755,0.004,0.005
22756,0.004,0.005
22757,0.004,0.005
22758,0.004,0.006
22759,0.004,0.006
22760,0.004,0.006
22761,0.004,0.006
22762,0.004,0.006
22763,0.004,0.006
22764,0.004,0.005
22765,0.004,0.005
22766,0.004,0.005
22767,0.004,0.005
22768,0.004,0.006
22769,0.004,0.005
22770,0.004,0.005
22771,0.004,0.005
22772,0.004,0.006
22773,0.004,0.005
22774,0.004,0.005
22775,0.004,0.005
22776,0.004,0.005
22777,0.004,0.006
22778,0.004,0.006
22779,0.004,0.006
22780,0.004,0.005
22781,0.004,0.005
22782,0.004,0.006
22783,0.004,0.005
22784,0.004,0.006
22785,0.004,0.005
22786,0.004,0.006
22787,0.004,0.006
22788,0.004,0.005
22789,0.004,0.006
22790,0.004,0.005
22791,0.004,0.006
22792,0.004,0.006
22793,0.004,0.005
22794,0.004,0.005
22795,0.004,0.005
22796,0.004,0.005
22797,0.004,0.006
22798,0.004,0.005
22799,0.004,0.005
22800,0.004,0.006
22801,0.004,0.006
22802,0.004,0.006
22803,0.004,0.006
22804,0.004,0.005
22805,0.004,0.005
22806,0.004,0.006
22807,0.004,0.005
22808,0.004,0.005
22809,0.004,0.005
22810,0.004,0.005
22811,0.004,0.006
22812,0.004,0.006
22813,0.004,0.005
22814,0.004,0.005
22815,0.004,0.005
22816,0.004,0.005
22817,0.004,0.005
22818,0.004,0.005
22819,0.004,0.005
22820,0.004,0.005
22821,0.004,0.006
22822,0.004,0.006
22823,0.004,0.005
22824,0.004,0.006
22825,0.004,0.006
22826,0.004,0.005
22827,0.004,0.006
22828,0.004,0.005
22829,0.004,0.006
22830,0.004,0.005
22831,0.004,0.005
22832,0.004,0.005
22833,0.004,0.006
22834,0.004,0.006
22835,0.004,0.005
22836,0.004,0.006
22837,0.004,0.005
22838,0.004,0.006
22839,0.004,0.005
22840,0.004,0.006
22841,0.004,0.005
22842,0.004,0.005
22843,0.004,0.005
22844,0.004,0.005
22845,0.004,0.005
22846,0.004,0.005
22847,0.004,0.005
22848,0.004,0.005
22849,0.004,0.005
22850,0.004,0.005
22851,0.004,0.005
22852,0.004,0.005
22853,0.004,0.005
22854,0.004,0.006
22855,0.004,0.005
22856,0.004,0.005
22857,0.004,0.006
22858,0.004,0.005
22859,0.004,0.005
22860,0.004,0.006
22861,0.004,0.005
22862,0.004,0.005
22863,0.004,0.005
22864,0.004,0.005
22865,0.004,0.006
22866,0.004,0.005
22867,0.004,0.005
22868,0.004,0.005
22869,0.004,0.005
22870,0.004,0.006
22871,0.004,0.005
22872,0.004,0.005
22873,0.004,0.006
22874,0.004,0.006
22875,0.004,0.005
22876,0.004,0.006
22877,0.004,0.005
22878,0.005,0.006
22879,0.004,0.005
22880,0.004,0.005
22881,0.004,0.005
22882,0.004,0.005
22883,0.004,0.006
22884,0.004,0.005
22885,0.004,0.006
22886,0.004,0.006
22887,0.004,0.005
22888,0.004,0.006
22889,0.004,0.006
22890,0.004,0.006
22891,0.004,0.005
22892,0.004,0.005
22893,0.004,0.005
22894,0.004,0.005
22895,0.004,0.005
22896,0.004,0.006
22897,0.004,0.005
22898,0.004,0.005
22899,0.004,0.005
22900,0.004,0.006
22901,0.004,0.006
22902,0.004,0.005
22903,0.004,0.005
22904,0.004,0.005
22905,0.004,0.005
22906,0.004,0.005
22907,0.004,0.006
22908,0.004,0.006
22909,0.004,0.005
22910,0.004,0.005
22911,0.004,0.005
22912,0.004,0.006
22913,0.004,0.005
22914,0.004,0.005
22915,0.004,0.005
22916,0.004,0.006
22917,0.004,0.006
22918,0.004,0.006
22919,0.004,0.005
22920,0.004,0.006
22921,0.004,0.005
22922,0.004,0.005
22923,0.004,0.006
22924,0.004,0.006
22925,0.004,0.005
22926,0.004,0.006
22927,0.004,0.006
22928,0.004,0.005
22929,0.004,0.005
22930,0.005,0.006
22931,0.004,0.005
22932,0.004,0.005
22933,0.004,0.005
22934,0.004,0.006
22935,0.004,0.006
22936,0.004,0.006
22937,0.004,0.005
22938,0.004,0.005
22939,0.004,0.005
22940,0.004,0.005
22941,0.004,0.005
22942,0.004,0.006
22943,0.004,0.006
22944,0.004,0.006
22945,0.004,0.005
22946,0.004,0.005
22947,0.004,0.005
22948,0.004,0.005
22949,0.004,0.006
22950,0.004,0.006
22951,0.004,0.006
22952,0.004,0.006
22953,0.004,0.006
22954,0.004,0.005
22955,0.004,0.006
22956,0.004,0.005
22957,0.004,0.005
22958,0.004,0.005
22959,0.004,0.005
22960,0.004,0.005
22961,0.004,0.005
22962,0.004,0.006
22963,0.004,0.006
22964,0.004,0.005
22965,0.004,0.006
22966,0.004,0.005
22967,0.004,0.005
22968,0.004,0.005
22969,0.004,0.005
22970,0.004,0.005
22971,0.004,0.005
22972,0.004,0.006
22973,0.004,0.005
22974,0.004,0.005
22975,0.004,0.005
22976,0.004,0.005
22977,0.004,0.005
22978,0.004,0.005
22979,0.004,0.006
22980,0.004,0.005
22981,0.004,0.005
22982,0.004,0.006
22983,0.004,0.005
22984,0.004,0.005
22985,0.004,0.005
22986,0.004,0.005
22987,0.004,0.005
22988,0.004,0.006
22989,0.004,0.005
22990,0.004,0.005
22991,0.004,0.005
22992,0.004,0.006
22993,0.004,0.005
22994,0.004,0.006
22995,0.004,0.006
22996,0.004,0.006
22997,0.004,0.005
22998,0.004,0.005
22999,0.004,0.006
23000,0.004,0.005
23001,0.004,0.005
23002,0.004,0.006
23003,0.004,0.005
23004,0.004,0.006
23005,0.004,0.005
23006,0.004,0.005
23007,0.004,0.005
23008,0.004,0.005
23009,0.004,0.005
23010,0.004,0.005
23011,0.004,0.005
23012,0.004,0.005
23013,0.004,0.005
23014,0.004,0.006
23015,0.004,0.005
23016,0.004,0.005
23017,0.004,0.005
23018,0.004,0.005
23019,0.004,0.005
23020,0.004,0.005
23021,0.004,0.006
23022,0.004,0.006
23023,0.004,0.005
23024,0.004,0.005
23025,0.004,0.006
23026,0.004,0.006
23027,0.004,0.005
23028,0.004,0.005
23029,0.004,0.006
23030,0.004,0.005
23031,0.004,0.006
23032,0.004,0.005
23033,0.004,0.005
23034,0.004,0.005
23035,0.004,0.006
23036,0.004,0.006
23037,0.004,0.005
23038,0.004,0.005
23039,0.004,0.006
23040,0.004,0.005
23041,0.004,0.006
23042,0.004,0.006
23043,0.004,0.005
23044,0.004,0.005
23045,0.004,0.006
23046,0.004,0.006
23047,0.004,0.005
23048,0.004,0.006
23049,0.004,0.005
23050,0.004,0.006
23051,0.004,0.005
23052,0.004,0.005
23053,0.004,0.006
23054,0.004,0.005
23055,0.004,0.005
23056,0.004,0.005
23057,0.004,0.005
23058,0.004,0.006
23059,0.004,0.005
23060,0.004,0.006
23061,0.004,0.005
23062,0.004,0.005
23063,0.004,0.005
23064,0.004,0.006
23065,0.004,0.005
23066,0.004,0.005
23067,0.004,0.006
23068,0.004,0.005
23069,0.004,0.005
23070,0.004,0.005
23071,0.004,0.006
23072,0.004,0.006
23073,0.004,0.005
23074,0.004,0.005
23075,0.004,0.005
23076,0.004,0.006
23077,0.004,0.006
23078,0.004,0.005
23079,0.004,0.006
23080,0.004,0.006
23081,0.004,0.005
23082,0.004,0.005
23083,0.004,0.005
23084,0.004,0.005
23085,0.004,0.006
23086,0.004,0.005
23087,0.004,0.006
23088,0.004,0.006
23089,0.004,0.006
23090,0.004,0.006
23091,0.004,0.006
23092,0.004,0.006
23093,0.004,0.005
23094,0.004,0.005
23095,0.004,0.005
23096,0.004,0.006
23097,0.004,0.005
23098,0.004,0.006
23099,0.004,0.006
23100,0.004,0.005
23101,0.004,0.005
23102,0.004,0.005
23103,0.004,0.005
23104,0.004,0.005
23105,0.004,0.006
23106,0.005,0.006
23107,0.004,0.006
23108,0.004,0.005
23109,0.004,0.005
23110,0.004,0.005
23111,0.004,0.005
23112,0.004,0.006
23113,0.004,0.006
23114,0.004,0.006
23115,0.004,0.005
23116,0.004,0.005
23117,0.004,0.005
23118,0.004,0.006
23119,0.004,0.005
23120,0.004,0.005
23121,0.004,0.005
23122,0.004,0.005
23123,0.004,0.006
23124,0.004,0.006
23125,0.004,0.006
23126,0.004,0.005
23127,0.004,0.005
23128,0.004,0.006
23129,0.004,0.006
23130,0.004,0.006
23131,0.005,0.006
23132,0.004,0.005
23133,0.004,0.005
23134,0.004,0.006
23135,0.004,0.006
23136,0.004,0.005
23137,0.004,0.005
23138,0.004,0.006
23139,0.004,0.006
23140,0.004,0.005
23141,0.004,0.005
23142,0.004,0.005
23143,0.004,0.005
23144,0.004,0.006
23145,0.004,0.005
23146,0.004,0.005
23147,0.004,0.006
23148,0.004,0.005
23149,0.004,0.005
23150,0.004,0.006
23151,0.004,0.005
23152,0.004,0.005
23153,0.004,0.005
23154,0.004,0.006
23155,0.004,0.006
23156,0.004,0.006
23157,0.004,0.005
23158,0.004,0.005
23159,0.004,0.005
23160,0.004,0.006
23161,0.004,0.005
23162,0.004,0.005
23163,0.004,0.006
23164,0.004,0.006
23165,0.004,0.005
23166,0.004,0.005
23167,0.004,0.006
23168,0.004,0.006
23169,0.004,0.005
23170,0.004,0.006
23171,0.004,0.006
23172,0.004,0.005
23173,0.004,0.006
23174,0.004,0.006
23175,0.004,0.006
23176,0.004,0.006
23177,0.004,0.005
23178,0.004,0.005
23179,0.004,0.005
23180,0.004,0.006
23181,0.004,0.006
23182,0.004,0.006
23183,0.004,0.006
23184,0.004,0.006
23185,0.004,0.006
23186,0.004,0.005
23187,0.004,0.005
23188,0.004,0.005
23189,0.004,0.005
23190,0.004,0.005
23191,0.004,0.005
23192,0.004,0.005
23193,0.004,0.006
23194,0.004,0.005
23195,0.004,0.005
23196,0.004,0.006
23197,0.004,0.005
23198,0.004,0.005
23199,0.004,0.005
23200,0.004,0.005
23201,0.004,0.006
23202,0.004,0.005
23203,0.004,0.005
23204,0.004,0.005
23205,0.004,0.005
23206,0.004,0.005
23207,0.004,0.005
23208,0.004,0.005
23209,0.004,0.005
23210,0.004,0.006
23211,0.004,0.005
23212,0.004,0.006
23213,0.004,0.005
23214,0.004,0.005
23215,0.004,0.006
23216,0.004,0.006
23217,0.004,0.005
23218,0.004,0.006
23219,0.004,0.005
23220,0.004,0.006
23221,0.004,0.005
23222,0.004,0.005
23223,0.004,0.006
23224,0.004,0.005
23225,0.004,0.005
23226,0.004,0.005
23227,0.004,0.005
23228,0.004,0.006
23229,0.004,0.006
23230,0.004,0.006
23231,0.004,0.006
23232,0.004,0.005
23233,0.004,0.006
23234,0.004,0.005
23235,0.004,0.005
23236,0.004,0.005
23237,0.004,0.006
23238,0.004,0.005
23239,0.004,0.005
23240,0.004,0.006
23241,0.004,0.005
23242,0.004,0.005
23243,0.004,0.006
23244,0.004,0.006
23245,0.004,0.005
23246,0.004,0.005
23247,0.004,0.005
23248,0.004,0.005
23249,0.004,0.006
23250,0.004,0.005
23251,0.004,0.005
23252,0.004,0.005
23253,0.004,0.005
23254,0.004,0.006
23255,0.004,0.005
23256,0.004,0.005
23257,0.004,0.006
23258,0.004,0.006
23259,0.004,0.005
23260,0.004,0.006
23261,0.004,0.006
23262,0.004,0.006
23263,0.004,0.006
23264,0.004,0.006
23265,0.004,0.005
23266,0.004,0.006
23267,0.004,0.006
23268,0.004,0.006
23269,0.004,0.006
23270,0.004,0.005
23271,0.004,0.006
23272,0.004,0.006
23273,0.004,0.006
23274,0.004,0.006
23275,0.004,0.005
23276,0.004,0.005
23277,0.004,0.006
23278,0.004,0.005
23279,0.004,0.005
23280,0.004,0.005
23281,0.004,0.006
23282,0.004,0.005
23283,0.004,0.006
23284,0.004,0.006
23285,0.004,0.005
23286,0.004,0.005
23287,0.004,0.006
23288,0.004,0.005
23289,0.004,0.006
23290,0.004,0.005
23291,0.004,0.005
23292,0.004,0.005
23293,0.004,0.005
23294,0.004,0.005
23295,0.004,0.006
23296,0.004,0.005
23297,0.004,0.005
23298,0.004,0.006
23299,0.004,0.005
23300,0.004,0.006
23301,0.004,0.005
23302,0.004,0.005
23303,0.004,0.005
23304,0.004,0.005
23305,0.004,0.006
23306,0.004,0.005
23307,0.004,0.005
23308,0.004,0.006
23309,0.004,0.005
23310,0.004,0.005
23311,0.004,0.006
23312,0.004,0.006
23313,0.004,0.005
23314,0.004,0.006
23315,0.004,0.006
23316,0.004,0.005
23317,0.004,0.006
23318,0.004,0.005
23319,0.004,0.005
23320,0.004,0.006
23321,0.004,0.005
23322,0.004,0.005
23323,0.004,0.005
23324,0.004,0.005
23325,0.004,0.005
23326,0.004,0.005
23327,0.004,0.005
23328,0.004,0.006
23329,0.004,0.005
23330,0.004,0.006
23331,0.004,0.005
23332,0.004,0.006
23333,0.004,0.005
23334,0.004,0.006
23335,0.004,0.005
23336,0.004,0.005
23337,0.004,0.005
23338,0.004,0.005
23339,0.004,0.005
23340,0.004,0.005
23341,0.004,0.005
23342,0.004,0.006
23343,0.004,0.005
23344,0.004,0.006
23345,0.004,0.005
23346,0.004,0.005
23347,0.004,0.005
23348,0.004,0.005
23349,0.004,0.005
23350,0.004,0.005
23351,0.004,0.005
23352,0.004,0.005
23353,0.004,0.005
23354,0.004,0.005
23355,0.004,0.005
23356,0.004,0.005
23357,0.004,0.005
23358,0.004,0.006
23359,0.004,0.005
23360,0.004,0.005
23361,0.004,0.005
23362,0.004,0.005
23363,0.004,0.005
23364,0.004,0.006
23365,0.004,0.006
23366,0.004,0.006
23367,0.004,0.006
23368,0.004,0.005
23369,0.004,0.006
23370,0.004,0.005
23371,0.004,0.005
23372,0.004,0.005
23373,0.004,0.006
23374,0.004,0.005
23375,0.004,0.005
23376,0.004,0.005
23377,0.004,0.005
23378,0.004,0.005
23379,0.004,0.005
23380,0.004,0.006
23381,0.004,0.006
23382,0.004,0.005
23383,0.004,0.006
23384,0.004,0.005
23385,0.004,0.006
23386,0.004,0.005
23387,0.004,0.005
23388,0.004,0.005
23389,0.004,0.005
23390,0.004,0.005
23391,0.004,0.005
23392,0.004,0.006
23393,0.004,0.005
23394,0.004,0.005
23395,0.004,0.005
23396,0.004,0.006
23397,0.004,0.006
23398,0.004,0.005
23399,0.004,0.005
23400,0.004,0.005
23401,0.004,0.006
23402,0.004,0.005
23403,0.004,0.005
23404,0.004,0.005
23405,0.004,0.006
23406,0.004,0.006
23407,0.004,0.005
23408,0.004,0.005
23409,0.004,0.005
23410,0.004,0.005
23411,0.004,0.006
23412,0.004,0.005
23413,0.004,0.005
23414,0.004,0.006
23415,0.004,0.005
23416,0.004,0.005
23417,0.004,0.005
23418,0.004,0.006
23419,0.004,0.005
23420,0.004,0.005
23421,0.004,0.005
23422,0.004,0.006
23423,0.004,0.005
23424,0.004,0.006
23425,0.004,0.006
23426,0.004,0.006
23427,0.004,0.006
23428,0.004,0.006
23429,0.004,0.006
23430,0.004,0.005
23431,0.004,0.005
23432,0.004,0.006
23433,0.004,0.006
23434,0.004,0.005
23435,0.004,0.005
23436,0.004,0.006
23437,0.004,0.006
23438,0.004,0.005
23439,0.004,0.006
23440,0.004,0.005
23441,0.004,0.006
23442,0.004,0.006
23443,0.004,0.005
23444,0.004,0.006
23445,0.004,0.005
23446,0.004,0.006
23447,0.004,0.005
23448,0.004,0.005
23449,0.004,0.006
23450,0.004,0.005
23451,0.004,0.006
23452,0.004,0.006
23453,0.004,0.006
23454,0.004,0.005
23455,0.004,0.005
23456,0.004,0.005
23457,0.004,0.005
23458,0.004,0.006
23459,0.005,0.006
23460,0.004,0.005
23461,0.004,0.006
23462,0.004,0.005
23463,0.004,0.005
23464,0.004,0.005
23465,0.004,0.005
23466,0.004,0.005
23467,0.004,0.006
23468,0.004,0.006
23469,0.004,0.005
23470,0.004,0.006
23471,0.004,0.005
23472,0.004,0.006
23473,0.004,0.005
23474,0.004,0.005
23475,0.004,0.006
23476,0.004,0.006
23477,0.004,0.005
23478,0.004,0.005
23479,0.004,0.005
23480,0.004,0.006
23481,0.004,0.006
23482,0.004,0.005
23483,0.004,0.005
23484,0.004,0.006
23485,0.004,0.006
23486,0.004,0.005
23487,0.004,0.005
23488,0.004,0.006
23489,0.004,0.006
23490,0.004,0.006
23491,0.004,0.006
23492,0.004,0.005
23493,0.004,0.006
23494,0.004,0.005
23495,0.004,0.005
23496,0.004,0.006
23497,0.004,0.005
23498,0.004,0.006
23499,0.004,0.006
23500,0.004,0.005
23501,0.004,0.006
23502,0.004,0.005
23503,0.004,0.005
23504,0.004,0.006
23505,0.004,0.005
23506,0.004,0.005
23507,0.004,0.006
23508,0.004,0.005
23509,0.004,0.005
23510,0.004,0.005
23511,0.004,0.005
23512,0.004,0.006
23513,0.004,0.006
23514,0.004,0.005
23515,0.004,0.006
23516,0.004,0.005
23517,0.004,0.005
23518,0.004,0.005
23519,0.004,0.005
23520,0.004,0.005
23521,0.004,0.005
23522,0.004,0.006
23523,0.004,0.006
23524,0.004,0.006
23525,0.004,0.005
23526,0.004,0.006
23527,0.004,0.006
23528,0.004,0.005
23529,0.004,0.005
23530,0.004,0.005
23531,0.004,0.005
23532,0.004,0.005
23533,0.004,0.005
23534,0.004,0.005
23535,0.004,0.005
23536,0.004,0.006
23537,0.004,0.006
23538,0.004,0.006
23539,0.004,0.005
23540,0.004,0.005
23541,0.004,0.006
23542,0.004,0.005
23543,0.004,0.005
23544,0.004,0.005
23545,0.004,0.005
23546,0.004,0.006
23547,0.004,0.006
23548,0.004,0.006
23549,0.004,0.006
23550,0.004,0.005
23551,0.004,0.006
23552,0.004,0.006
23553,0.004,0.005
23554,0.004,0.005
23555,0.004,0.006
23556,0.004,0.006
23557,0.004,0.006
23558,0.004,0.005
23559,0.004,0.006
23560,0.004,0.005
23561,0.004,0.005
23562,0.004,0.006
23563,0.004,0.005
23564,0.004,0.006
23565,0.004,0.005
23566,0.004,0.006
23567,0.004,0.006
23568,0.004,0.005
23569,0.004,0.005
23570,0.004,0.005
23571,0.004,0.006
23572,0.004,0.006
23573,0.004,0.005
23574,0.004,0.006
23575,0.004,0.006
23576,0.004,0.005
23577,0.004,0.006
23578,0.004,0.005
23579,0.004,0.005
23580,0.004,0.006
23581,0.004,0.006
23582,0.004,0.005
23583,0.004,0.005
23584,0.004,0.006
23585,0.004,0.005
23586,0.004,0.006
23587,0.004,0.006
23588,0.004,0.005
23589,0.004,0.006
23590,0.004,0.006
23591,0.004,0.005
23592,0.004,0.005
23593,0.004,0.005
23594,0.004,0.005
23595,0.004,0.005
23596,0.004,0.005
23597,0.004,0.005
23598,0.004,0.006
23599,0.004,0.005
23600,0.004,0.006
23601,0.004,0.006
23602,0.004,0.005
23603,0.004,0.006
23604,0.004,0.005
23605,0.004,0.005
23606,0.004,0.005
23607,0.004,0.006
23608,0.004,0.005
23609,0.004,0.006
23610,0.004,0.006
23611,0.004,0.006
23612,0.004,0.005
23613,0.004,0.006
23614,0.004,0.005
23615,0.004,0.005
23616,0.004,0.006
23617,0.004,0.005
23618,0.004,0.005
23619,0.004,0.005
23620,0.004,0.005
23621,0.004,0.006
23622,0.004,0.006
23623,0.004,0.005
23624,0.004,0.006
23625,0.004,0.005
23626,0.004,0.005
23627,0.004,0.005
23628,0.004,0.005
23629,0.004,0.006
23630,0.004,0.006
23631,0.004,0.005
23632,0.004,0.005
23633,0.004,0.005
23634,0.004,0.005
23635,0.004,0.005
23636,0.004,0.006
23637,0.004,0.006
23638,0.004,0.006
23639,0.004,0.005
23640,0.004,0.005
23641,0.004,0.006
23642,0.004,0.005
23643,0.004,0.006
23644,0.004,0.005
23645,0.004,0.006
23646,0.004,0.005
23647,0.004,0.005
23648,0.004,0.005
23649,0.005,0.006
23650,0.004,0.006
23651,0.004,0.005
23652,0.004,0.005
23653,0.004,0.005
23654,0.004,0.005
23655,0.004,0.006
23656,0.004,0.005
23657,0.004,0.005
23658,0.004,0.005
23659,0.004,0.005
23660,0.004,0.005
23661,0.004,0.005
23662,0.004,0.005
23663,0.004,0.005
23664,0.004,0.006
23665,0.004,0.005
23666,0.004,0.005
23667,0.004,0.005
23668,0.004,0.006
23669,0.004,0.005
23670,0.004,0.005
23671,0.004,0.005
23672,0.004,0.005
23673,0.004,0.006
23674,0.004,0.005
23675,0.004,0.005
23676,0.004,0.006
23677,0.004,0.005
23678,0.004,0.005
23679,0.004,0.006
23680,0.004,0.006
23681,0.004,0.006
23682,0.004,0.005
23683,0.004,0.005
23684,0.004,0.005
23685,0.004,0.005
23686,0.004,0.006
23687,0.004,0.006
23688,0.004,0.006
23689,0.004,0.006
23690,0.004,0.005
23691,0.004,0.005
23692,0.004,0.006
23693,0.004,0.006
23694,0.004,0.006
23695,0.004,0.005
23696,0.004,0.006
23697,0.004,0.005
23698,0.004,0.005
23699,0.004,0.006
23700,0.004,0.005
23701,0.004,0.005
23702,0.004,0.005
23703,0.004,0.005
23704,0.004,0.005
23705,0.004,0.006
23706,0.004,0.006
23707,0.004,0.005
23708,0.004,0.005
23709,0.004,0.005
23710,0.004,0.005
23711,0.004,0.005
23712,0.004,0.005
23713,0.004,0.006
23714,0.004,0.006
23715,0.004,0.005
23716,0.004,0.006
23717,0.004,0.005
23718,0.004,0.006
23719,0.004,0.005
23720,0.004,0.005
23721,0.004,0.006
23722,0.004,0.006
23723,0.004,0.006
23724,0.004,0.005
23725,0.004,0.005
23726,0.004,0.005
23727,0.004,0.005
23728,0.004,0.005
23729,0.004,0.005
23730,0.004,0.006
23731,0.004,0.006
23732,0.004,0.005
23733,0.004,0.005
23734,0.004,0.006
23735,0.004,0.005
23736,0.004,0.006
23737,0.004,0.005
23738,0.004,0.006
23739,0.004,0.005
23740,0.004,0.005
23741,0.004,0.005
23742,0.004,0.005
23743,0.004,0.005
23744,0.004,0.005
23745,0.004,0.006
23746,0.004,0.006
23747,0.004,0.006
23748,0.005,0.006
23749,0.004,0.005
23750,0.004,0.006
23751,0.004,0.006
23752,0.004,0.006
23753,0.004,0.006
23754,0.004,0.005
23755,0.004,0.006
23756,0.004,0.006
23757,0.004,0.006
23758,0.004,0.005
23759,0.004,0.005
23760,0.004,0.005
23761,0.004,0.005
23762,0.004,0.005
23763,0.004,0.005
23764,0.004,0.006
23765,0.004,0.005
23766,0.004,0.005
23767,0.004,0.005
23768,0.004,0.006
23769,0.004,0.005
23770,0.004,0.006
23771,0.004,0.005
23772,0.004,0.005
23773,0.004,0.006
23774,0.004,0.005
23775,0.004,0.006
23776,0.004,0.005
23777,0.004,0.005
23778,0.004,0.005
23779,0.004,0.005
23780,0.004,0.006
23781,0.004,0.006
23782,0.004,0.006
23783,0.004,0.006
23784,0.004,0.006
23785,0.004,0.006
23786,0.004,0.005
23787,0.004,0.005
23788,0.004,0.006
23789,0.004,0.005
23790,0.004,0.005
23791,0.004,0.006
23792,0.004,0.005
23793,0.005,0.006
23794,0.004,0.005
23795,0.004,0.005
23796,0.004,0.006
23797,0.005,0.006
23798,0.004,0.005
23799,0.004,0.005
23800,0.004,0.005
23801,0.004,0.006
23802,0.004,0.005
23803,0.004,0.006
23804,0.004,0.005
23805,0.004,0.005
23806,0.005,0.006
23807,0.005,0.006
23808,0.004,0.006
23809,0.004,0.006
23810,0.004,0.005
23811,0.004,0.005
23812,0.004,0.005
23813,0.004,0.005
23814,0.004,0.005
23815,0.004,0.006
23816,0.004,0.005
23817,0.004,0.006
23818,0.004,0.005
23819,0.004,0.005
23820,0.004,0.006
23821,0.004,0.005
23822,0.004,0.006
23823,0.004,0.006
23824,0.004,0.005
23825,0.004,0.005
23826,0.004,0.005
23827,0.004,0.005
23828,0.004,0.005
23829,0.004,0.005
23830,0.004,0.005
23831,0.004,0.005
23832,0.004,0.005
23833,0.004,0.006
23834,0.004,0.006
23835,0.004,0.006
23836,0.004,0.005
23837,0.004,0.005
23838,0.004,0.005
23839,0.004,0.006
23840,0.005,0.006
23841,0.004,0.006
23842,0.004,0.006
23843,0.004,0.006
23844,0.004,0.006
23845,0.004,0.006
23846,0.004,0.006
23847,0.004,0.005
23848,0.004,0.005
23849,0.004,0.005
23850,0.004,0.006
23851,0.004,0.006
23852,0.004,0.006
23853,0.004,0.005
23854,0.004,0.005
23855,0.004,0.005
23856,0.004,0.006
23857,0.004,0.005
23858,0.004,0.006
23859,0.004,0.005
23860,0.004,0.006
23861,0.004,0.005
23862,0.004,0.006
23863,0.004,0.005
23864,0.004,0.006
23865,0.004,0.006
23866,0.004,0.006
23867,0.004,0.006
23868,0.004,0.005
23869,0.004,0.005
23870,0.004,0.005
23871,0.004,0.005
23872,0.004,0.006
23873,0.004,0.005
23874,0.004,0.005
23875,0.004,0.006
23876,0.004,0.005
23877,0.004,0.006
23878,0.004,0.006
23879,0.004,0.005
23880,0.004,0.005
23881,0.004,0.005
23882,0.004,0.006
23883,0.004,0.006
23884,0.004,0.006
23885,0.004,0.006
23886,0.004,0.006
23887,0.004,0.006
23888,0.004,0.005
23889,0.004,0.005
23890,0.004,0.006
23891,0.004,0.006
23892,0.004,0.006
23893,0.004,0.006
23894,0.004,0.006
23895,0.004,0.005
23896,0.004,0.005
23897,0.004,0.005
23898,0.004,0.006
23899,0.004,0.006
23900,0.004,0.006
23901,0.004,0.006
23902,0.004,0.006
23903,0.004,0.006
23904,0.004,0.006
23905,0.004,0.006
23906,0.004,0.005
23907,0.004,0.005
23908,0.004,0.005
23909,0.004,0.005
23910,0.004,0.006
23911,0.004,0.005
23912,0.004,0.006
23913,0.004,0.006
23914,0.004,0.005
23915,0.004,0.005
23916,0.004,0.005
23917,0.004,0.005
23918,0.004,0.005
23919,0.004,0.006
23920,0.004,0.005
23921,0.004,0.006
23922,0.004,0.005
23923,0.004,0.006
23924,0.004,0.005
23925,0.004,0.005
23926,0.004,0.005
23927,0.004,0.005
23928,0.004,0.005
23929,0.004,0.005
23930,0.004,0.005
23931,0.004,0.005
23932,0.004,0.006
23933,0.004,0.006
23934,0.004,0.006
23935,0.004,0.006
23936,0.004,0.005
23937,0.004,0.005
23938,0.004,0.005
23939,0.004,0.005
23940,0.004,0.005
23941,0.004,0.006
23942,0.004,0.006
23943,0.004,0.005
23944,0.004,0.006
23945,0.004,0.006
23946,0.004,0.005
23947,0.004,0.005
23948,0.004,0.005
23949,0.004,0.005
23950,0.004,0.006
23951,0.004,0.006
23952,0.004,0.006
23953,0.004,0.006
23954,0.004,0.005
23955,0.004,0.005
23956,0.004,0.006
23957,0.004,0.005
23958,0.004,0.006
23959,0.004,0.005
23960,0.004,0.005
23961,0.004,0.005
23962,0.004,0.006
23963,0.004,0.006
23964,0.004,0.005
23965,0.004,0.005
23966,0.004,0.005
23967,0.005,0.006
23968,0.004,0.006
23969,0.004,0.006
23970,0.004,0.006
23971,0.004,0.006
23972,0.004,0.006
23973,0.004,0.006
23974,0.004,0.006
23975,0.004,0.005
23976,0.004,0.005
23977,0.004,0.006
23978,0.004,0.005
23979,0.004,0.005
23980,0.004,0.006
23981,0.004,0.006
23982,0.004,0.006
23983,0.004,0.006
23984,0.004,0.006
23985,0.004,0.006
23986,0.004,0.006
23987,0.004,0.005
23988,0.004,0.005
23989,0.004,0.006
23990,0.004,0.005
23991,0.004,0.006
23992,0.004,0.006
23993,0.004,0.005
23994,0.004,0.005
23995,0.004,0.005
23996,0.004,0.005
23997,0.004,0.005
23998,0.004,0.005
23999,0.004,0.005
24000,0.004,0.005
24001,0.004,0.005
24002,0.004,0.005
24003,0.004,0.005
24004,0.004,0.005
24005,0.004,0.005
24006,0.004,0.005
24007,0.004,0.006
24008,0.004,0.006
24009,0.004,0.005
24010,0.004,0.005
24011,0.004,0.005
24012,0.004,0.006
24013,0.004,0.005
24014,0.004,0.006
24015,0.004,0.005
24016,0.004,0.005
24017,0.004,0.005
24018,0.004,0.005
24019,0.004,0.005
24020,0.004,0.005
24021,0.004,0.005
24022,0.004,0.005
24023,0.004,0.005
24024,0.004,0.006
24025,0.004,0.006
24026,0.004,0.006
24027,0.004,0.005
24028,0.004,0.006
24029,0.004,0.005
24030,0.004,0.005
24031,0.004,0.005
24032,0.004,0.005
24033,0.004,0.005
24034,0.004,0.006
24035,0.004,0.005
24036,0.004,0.005
24037,0.004,0.005
24038,0.004,0.005
24039,0.004,0.005
24040,0.004,0.006
24041,0.004,0.005
24042,0.004,0.005
24043,0.004,0.005
24044,0.004,0.005
24045,0.004,0.006
24046,0.004,0.005
24047,0.004,0.006
24048,0.004,0.006
24049,0.004,0.006
24050,0.004,0.005
24051,0.004,0.006
24052,0.004,0.005
24053,0.004,0.006
24054,0.004,0.006
24055,0.004,0.005
24056,0.004,0.005
24057,0.004,0.005
24058,0.004,0.005
24059,0.004,0.006
24060,0.004,0.006
24061,0.004,0.005
24062,0.004,0.005
24063,0.004,0.005
24064,0.004,0.005
24065,0.004,0.005
24066,0.004,0.005
24067,0.004,0.006
24068,0.004,0.005
24069,0.004,0.006
24070,0.004,0.005
24071,0.004,0.005
24072,0.004,0.005
24073,0.004,0.005
24074,0.004,0.006
24075,0.004,0.006
24076,0.004,0.006
24077,0.004,0.005
24078,0.004,0.005
24079,0.004,0.005
24080,0.004,0.005
24081,0.004,0.006
24082,0.004,0.005
24083,0.004,0.006
24084,0.004,0.005
24085,0.004,0.005
24086,0.004,0.006
24087,0.004,0.005
24088,0.004,0.005
24089,0.004,0.005
24090,0.004,0.006
24091,0.004,0.005
24092,0.004,0.005
24093,0.004,0.005
24094,0.004,0.006
24095,0.004,0.005
24096,0.004,0.006
24097,0.004,0.005
24098,0.004,0.005
24099,0.004,0.006
24100,0.004,0.006
24101,0.004,0.005
24102,0.004,0.005
24103,0.004,0.005
24104,0.004,0.005
24105,0.004,0.006
24106,0.004,0.006
24107,0.004,0.006
24108,0.004,0.005
24109,0.004,0.005
24110,0.004,0.005
24111,0.004,0.006
24112,0.004,0.006
24113,0.004,0.005
24114,0.004,0.005
24115,0.004,0.005
24116,0.004,0.006
24117,0.004,0.005
24118,0.004,0.006
24119,0.004,0.006
24120,0.004,0.006
24121,0.004,0.005
24122,0.004,0.005
24123,0.004,0.006
24124,0.004,0.006
24125,0.004,0.005
24126,0.004,0.005
24127,0.004,0.005
24128,0.004,0.006
24129,0.004,0.006
24130,0.004,0.005
24131,0.004,0.006
24132,0.004,0.005
24133,0.004,0.006
24134,0.004,0.006
24135,0.004,0.005
24136,0.004,0.005
24137,0.004,0.005
24138,0.004,0.005
24139,0.004,0.006
24140,0.004,0.006
24141,0.004,0.005
24142,0.004,0.006
24143,0.004,0.005
24144,0.004,0.006
24145,0.004,0.005
24146,0.004,0.006
24147,0.004,0.005
24148,0.004,0.006
24149,0.004,0.006
24150,0.004,0.006
24151,0.004,0.006
24152,0.004,0.006
24153,0.004,0.006
24154,0.004,0.006
24155,0.004,0.006
24156,0.004,0.005
24157,0.004,0.006
24158,0.004,0.006
24159,0.004,0.006
24160,0.004,0.006
24161,0.004,0.005
24162,0.004,0.005
24163,0.004,0.006
24164,0.004,0.005
24165,0.004,0.005
24166,0.004,0.006
24167,0.004,0.006
24168,0.004,0.005
24169,0.004,0.005
24170,0.004,0.005
24171,0.004,0.006
24172,0.004,0.005
24173,0.004,0.006
24174,0.004,0.005
24175,0.004,0.006
24176,0.004,0.006
24177,0.004,0.005
24178,0.004,0.006
24179,0.004,0.005
24180,0.004,0.006
24181,0.004,0.005
24182,0.004,0.006
24183,0.004,0.005
24184,0.004,0.005
24185,0.004,0.005
24186,0.004,0.005
24187,0.004,0.005
24188,0.004,0.005
24189,0.004,0.005
24190,0.004,0.005
24191,0.004,0.005
24192,0.004,0.006
24193,0.004,0.006
24194,0.004,0.006
24195,0.004,0.006
24196,0.004,0.005
24197,0.004,0.006
24198,0.004,0.006
24199,0.004,0.006
24200,0.004,0.005
24201,0.004,0.005
24202,0.004,0.005
24203,0.005,0.006
24204,0.004,0.005
24205,0.004,0.005
24206,0.004,0.006
24207,0.004,0.006
24208,0.004,0.006
24209,0.004,0.006
24210,0.004,0.005
24211,0.004,0.005
24212,0.004,0.006
24213,0.004,0.005
24214,0.004,0.005
24215,0.004,0.006
24216,0.004,0.006
24217,0.004,0.005
24218,0.004,0.005
24219,0.004,0.006
24220,0.004,0.005
24221,0.004,0.005
24222,0.004,0.006
24223,0.004,0.006
24224,0.004,0.005
24225,0.004,0.005
24226,0.004,0.006
24227,0.004,0.006
24228,0.004,0.006
24229,0.004,0.005
24230,0.004,0.006
24231,0.004,0.005
24232,0.004,0.006
24233,0.004,0.006
24234,0.004,0.005
24235,0.004,0.005
24236,0.004,0.006
24237,0.004,0.005
24238,0.004,0.005
24239,0.004,0.005
24240,0.004,0.005
24241,0.004,0.005
24242,0.004,0.005
24243,0.004,0.005
24244,0.004,0.006
24245,0.004,0.006
24246,0.004,0.005
24247,0.004,0.005
24248,0.004,0.006
24249,0.004,0.005
24250,0.004,0.006
24251,0.004,0.005
24252,0.004,0.005
24253,0.004,0.005
24254,0.004,0.006
24255,0.004,0.006
24256,0.004,0.006
24257,0.004,0.005
24258,0.004,0.006
24259,0.004,0.005
24260,0.004,0.005
24261,0.004,0.006
24262,0.004,0.006
24263,0.004,0.006
24264,0.004,0.006
24265,0.004,0.005
24266,0.004,0.006
24267,0.004,0.005
24268,0.004,0.006
24269,0.004,0.006
24270,0.004,0.005
24271,0.004,0.005
24272,0.004,0.006
24273,0.004,0.006
24274,0.004,0.005
24275,0.004,0.006
24276,0.004,0.006
24277,0.004,0.005
24278,0.004,0.005
24279,0.004,0.005
24280,0.004,0.005
24281,0.004,0.005
24282,0.004,0.006
24283,0.004,0.005
24284,0.004,0.005
24285,0.004,0.006
24286,0.004,0.006
24287,0.004,0.005
24288,0.004,0.005
24289,0.004,0.006
24290,0.004,0.005
24291,0.004,0.006
24292,0.004,0.006
24293,0.004,0.005
24294,0.004,0.005
24295,0.004,0.005
24296,0.004,0.006
24297,0.004,0.006
24298,0.004,0.005
24299,0.004,0.006
24300,0.004,0.005
24301,0.004,0.005
24302,0.004,0.005
24303,0.004,0.005
24304,0.004,0.005
24305,0.004,0.006
24306,0.004,0.005
24307,0.004,0.005
24308,0.004,0.005
24309,0.004,0.006
24310,0.004,0.006
24311,0.004,0.005
24312,0.004,0.006
24313,0.004,0.006
24314,0.004,0.005
24315,0.004,0.006
24316,0.004,0.006
24317,0.004,0.006
24318,0.004,0.006
24319,0.004,0.005
24320,0.004,0.006
24321,0.004,0.006
24322,0.004,0.006
24323,0.004,0.005
24324,0.004,0.005
24325,0.004,0.006
24326,0.004,0.006
24327,0.004,0.005
24328,0.004,0.005
24329,0.004,0.006
24330,0.004,0.006
24331,0.004,0.005
24332,0.004,0.005
24333,0.004,0.006
24334,0.004,0.005
24335,0.004,0.005
24336,0.004,0.006
24337,0.004,0.006
24338,0.004,0.005
24339,0.004,0.006
24340,0.004,0.006
24341,0.004,0.005
24342,0.004,0.006
24343,0.004,0.005
24344,0.004,0.005
24345,0.004,0.005
24346,0.004,0.006
24347,0.004,0.005
24348,0.004,0.006
24349,0.004,0.006
24350,0.004,0.005
24351,0.004,0.006
24352,0.004,0.005
24353,0.004,0.006
24354,0.004,0.006
24355,0.004,0.006
24356,0.004,0.005
24357,0.004,0.005
24358,0.004,0.005
24359,0.004,0.005
24360,0.004,0.005
24361,0.004,0.006
24362,0.004,0.006
24363,0.004,0.005
24364,0.004,0.005
24365,0.004,0.006
24366,0.004,0.006
24367,0.004,0.005
24368,0.004,0.006
24369,0.004,0.005
24370,0.004,0.005
24371,0.004,0.006
24372,0.004,0.006
24373,0.004,0.005
24374,0.004,0.006
24375,0.004,0.006
24376,0.004,0.005
24377,0.004,0.006
24378,0.004,0.005
24379,0.004,0.006
24380,0.004,0.005
24381,0.004,0.006
24382,0.004,0.006
24383,0.004,0.006
24384,0.004,0.006
24385,0.004,0.006
24386,0.004,0.005
24387,0.004,0.006
24388,0.004,0.006
24389,0.004,0.005
24390,0.004,0.005
24391,0.004,0.005
24392,0.004,0.006
24393,0.004,0.005
24394,0.004,0.005
24395,0.004,0.006
24396,0.004,0.005
24397,0.004,0.006
24398,0.004,0.006
24399,0.004,0.005
24400,0.004,0.006
24401,0.004,0.005
24402,0.004,0.005
24403,0.004,0.005
24404,0.004,0.005
24405,0.004,0.006
24406,0.004,0.005
24407,0.004,0.005
24408,0.004,0.005
24409,0.004,0.005
24410,0.004,0.005
24411,0.004,0.006
24412,0.004,0.005
24413,0.004,0.006
24414,0.004,0.006
24415,0.004,0.006
24416,0.004,0.005
24417,0.004,0.005
24418,0.004,0.005
24419,0.004,0.005
24420,0.004,0.006
24421,0.004,0.005
24422,0.004,0.006
24423,0.004,0.006
24424,0.004,0.006
24425,0.004,0.006
24426,0.004,0.005
24427,0.004,0.006
24428,0.004,0.005
24429,0.004,0.005
24430,0.004,0.005
24431,0.004,0.006
24432,0.004,0.006
24433,0.004,0.005
24434,0.004,0.005
24435,0.004,0.006
24436,0.004,0.005
24437,0.004,0.005
24438,0.004,0.006
24439,0.004,0.006
24440,0.004,0.006
24441,0.004,0.005
24442,0.004,0.005
24443,0.004,0.006
24444,0.004,0.005
24445,0.004,0.005
24446,0.004,0.005
24447,0.004,0.005
24448,0.004,0.005
24449,0.004,0.006
24450,0.004,0.005
24451,0.004,0.006
24452,0.004,0.005
24453,0.004,0.005
24454,0.004,0.006
24455,0.004,0.005
24456,0.004,0.006
24457,0.004,0.005
24458,0.004,0.006
24459,0.004,0.006
24460,0.004,0.006
24461,0.004,0.006
24462,0.004,0.005
24463,0.004,0.005
24464,0.004,0.006
24465,0.004,0.005
24466,0.004,0.005
24467,0.004,0.006
24468,0.004,0.005
24469,0.004,0.005
24470,0.004,0.006
24471,0.004,0.006
24472,0.004,0.005
24473,0.004,0.006
24474,0.004,0.006
24475,0.004,0.006
24476,0.004,0.006
24477,0.004,0.005
24478,0.004,0.005
24479,0.004,0.006
24480,0.004,0.006
24481,0.004,0.005
24482,0.004,0.005
24483,0.004,0.005
24484,0.004,0.006
24485,0.004,0.006
24486,0.004,0.006
24487,0.004,0.005
24488,0.004,0.006
24489,0.004,0.006
24490,0.004,0.006
24491,0.005,0.006
24492,0.004,0.006
24493,0.004,0.006
24494,0.004,0.006
24495,0.004,0.006
24496,0.004,0.006
24497,0.004,0.006
24498,0.004,0.005
24499,0.004,0.006
24500,0.004,0.006
24501,0.004,0.005
24502,0.004,0.006
24503,0.004,0.006
24504,0.004,0.006
24505,0.004,0.006
24506,0.004,0.005
24507,0.004,0.005
24508,0.004,0.005
24509,0.004,0.006
24510,0.004,0.005
24511,0.004,0.005
24512,0.004,0.005
24513,0.004,0.005
24514,0.004,0.006
24515,0.004,0.005
24516,0.004,0.005
24517,0.004,0.005
24518,0.004,0.005
24519,0.004,0.005
24520,0.004,0.005
24521,0.004,0.005
24522,0.004,0.005
24523,0.004,0.005
24524,0.004,0.006
24525,0.004,0.006
24526,0.004,0.005
24527,0.004,0.005
24528,0.004,0.006
24529,0.004,0.006
24530,0.004,0.006
24531,0.004,0.006
24532,0.004,0.006
24533,0.004,0.005
24534,0.004,0.005
24535,0.004,0.006
24536,0.004,0.006
24537,0.004,0.006
24538,0.004,0.006
24539,0.004,0.005
24540,0.004,0.006
24541,0.004,0.006
24542,0.004,0.006
24543,0.004,0.005
24544,0.004,0.006
24545,0.004,0.006
24546,0.004,0.006
24547,0.004,0.005
24548,0.004,0.006
24549,0.004,0.005
24550,0.004,0.005
24551,0.004,0.005
24552,0.004,0.005
24553,0.004,0.005
24554,0.004,0.005
24555,0.004,0.005
24556,0.004,0.005
24557,0.004,0.005
24558,0.004,0.006
24559,0.004,0.005
24560,0.004,0.005
24561,0.004,0.005
24562,0.004,0.005
24563,0.004,0.006
24564,0.004,0.005
24565,0.004,0.005
24566,0.004,0.006
24567,0.004,0.005
24568,0.004,0.006
24569,0.004,0.006
24570,0.004,0.005
24571,0.004,0.005
24572,0.004,0.005
24573,0.004,0.006
24574,0.004,0.005
24575,0.004,0.005
24576,0.004,0.005
24577,0.004,0.006
24578,0.004,0.006
24579,0.004,0.005
24580,0.004,0.006
24581,0.004,0.005
24582,0.004,0.005
24583,0.004,0.006
24584,0.004,0.006
24585,0.004,0.005
24586,0.004,0.006
24587,0.004,0.005
24588,0.004,0.005
24589,0.004,0.005
24590,0.004,0.006
24591,0.004,0.005
24592,0.004,0.006
24593,0.004,0.005
24594,0.004,0.005
24595,0.004,0.005
24596,0.004,0.006
24597,0.004,0.005
24598,0.004,0.006
24599,0.004,0.005
24600,0.004,0.005
24601,0.004,0.005
24602,0.004,0.005
24603,0.004,0.005
24604,0.004,0.006
24605,0.004,0.005
24606,0.004,0.006
24607,0.004,0.005
24608,0.004,0.006
24609,0.004,0.005
24610,0.004,0.005
24611,0.004,0.005
24612,0.004,0.005
24613,0.004,0.005
24614,0.004,0.006
24615,0.004,0.005
24616,0.004,0.006
24617,0.004,0.005
24618,0.004,0.005
24619,0.004,0.005
24620,0.004,0.005
24621,0.004,0.006
24622,0.004,0.006
24623,0.004,0.006
24624,0.004,0.006
24625,0.004,0.006
24626,0.004,0.005
24627,0.004,0.005
24628,0.004,0.005
24629,0.004,0.006
24630,0.004,0.006
24631,0.004,0.006
24632,0.004,0.005
24633,0.004,0.006
24634,0.004,0.005
24635,0.004,0.005
24636,0.004,0.005
24637,0.004,0.006
24638,0.004,0.005
24639,0.004,0.005
24640,0.004,0.005
24641,0.004,0.005
24642,0.004,0.005
24643,0.004,0.006
24644,0.004,0.005
24645,0.004,0.005
24646,0.004,0.006
24647,0.004,0.005
24648,0.004,0.006
24649,0.004,0.005
24650,0.004,0.006
24651,0.004,0.005
24652,0.004,0.006
24653,0.004,0.005
24654,0.004,0.006
24655,0.004,0.006
24656,0.004,0.006
24657,0.004,0.005
24658,0.004,0.005
24659,0.004,0.006
24660,0.004,0.005
24661,0.004,0.006
24662,0.004,0.006
24663,0.004,0.006
24664,0.004,0.005
24665,0.004,0.005
24666,0.004,0.005
24667,0.004,0.005
24668,0.004,0.005
24669,0.004,0.005
24670,0.004,0.006
24671,0.004,0.006
24672,0.004,0.006
24673,0.004,0.005
24674,0.004,0.006
24675,0.004,0.006
24676,0.004,0.006
24677,0.004,0.005
24678,0.004,0.005
24679,0.004,0.005
24680,0.004,0.006
24681,0.004,0.006
24682,0.004,0.005
24683,0.004,0.005
24684,0.004,0.006
24685,0.004,0.006
24686,0.004,0.006
24687,0.004,0.005
24688,0.004,0.006
24689,0.004,0.006
24690,0.004,0.005
24691,0.004,0.006
24692,0.004,0.006
24693,0.004,0.006
24694,0.004,0.005
24695,0.004,0.006
24696,0.004,0.005
24697,0.004,0.005
24698,0.004,0.005
24699,0.004,0.005
24700,0.004,0.006
24701,0.004,0.005
24702,0.004,0.006
24703,0.004,0.005
24704,0.004,0.005
24705,0.004,0.005
24706,0.004,0.005
24707,0.004,0.005
24708,0.004,0.006
24709,0.004,0.006
24710,0.004,0.005
24711,0.004,0.005
24712,0.004,0.005
24713,0.004,0.006
24714,0.004,0.005
24715,0.004,0.005
24716,0.004,0.005
24717,0.004,0.005
24718,0.004,0.006
24719,0.004,0.006
24720,0.004,0.005
24721,0.004,0.006
24722,0.004,0.005
24723,0.004,0.005
24724,0.004,0.006
24725,0.004,0.005
24726,0.004,0.006
24727,0.004,0.005
24728,0.004,0.005
24729,0.004,0.006
24730,0.004,0.006
24731,0.004,0.006
24732,0.004,0.005
24733,0.004,0.005
24734,0.004,0.005
24735,0.004,0.006
24736,0.004,0.005
24737,0.004,0.006
24738,0.004,0.006
24739,0.004,0.006
24740,0.004,0.005
24741,0.004,0.005
24742,0.004,0.006
24743,0.004,0.006
24744,0.004,0.006
24745,0.004,0.006
24746,0.004,0.006
24747,0.004,0.005
24748,0.004,0.005
24749,0.004,0.005
24750,0.004,0.005
24751,0.004,0.006
24752,0.004,0.005
24753,0.004,0.005
24754,0.004,0.005
24755,0.004,0.006
24756,0.004,0.006
24757,0.004,0.006
24758,0.004,0.005
24759,0.004,0.005
24760,0.004,0.005
24761,0.004,0.006
24762,0.004,0.006
24763,0.004,0.006
24764,0.004,0.005
24765,0.004,0.005
24766,0.004,0.005
24767,0.004,0.006
24768,0.004,0.005
24769,0.004,0.005
24770,0.004,0.005
24771,0.004,0.005
24772,0.004,0.006
24773,0.004,0.006
24774,0.004,0.005
24775,0.004,0.005
24776,0.004,0.005
24777,0.004,0.006
24778,0.004,0.006
24779,0.004,0.006
24780,0.004,0.006
24781,0.004,0.006
24782,0.004,0.006
24783,0.004,0.005
24784,0.004,0.006
24785,0.004,0.006
24786,0.004,0.006
24787,0.004,0.006
24788,0.004,0.006
24789,0.004,0.005
24790,0.004,0.006
24791,0.004,0.005
24792,0.004,0.006
24793,0.004,0.006
24794,0.004,0.006
24795,0.004,0.005
24796,0.004,0.005
24797,0.004,0.006
24798,0.004,0.006
24799,0.004,0.006
24800,0.004,0.005
24801,0.004,0.005
24802,0.004,0.006
24803,0.004,0.006
24804,0.004,0.005
24805,0.004,0.006
24806,0.004,0.006
24807,0.004,0.005
24808,0.004,0.006
24809,0.004,0.005
24810,0.004,0.005
24811,0.004,0.005
24812,0.005,0.006
24813,0.004,0.005
24814,0.004,0.006
24815,0.004,0.006
24816,0.004,0.006
24817,0.004,0.006
24818,0.004,0.006
24819,0.004,0.005
24820,0.004,0.005
24821,0.004,0.005
24822,0.004,0.006
24823,0.004,0.005
24824,0.004,0.006
24825,0.004,0.005
24826,0.004,0.006
24827,0.004,0.006
24828,0.004,0.006
24829,0.004,0.005
24830,0.004,0.005
24831,0.004,0.005
24832,0.004,0.005
24833,0.004,0.005
24834,0.004,0.005
24835,0.004,0.006
24836,0.004,0.005
24837,0.004,0.005
24838,0.004,0.005
24839,0.004,0.006
24840,0.004,0.006
24841,0.004,0.006
24842,0.004,0.005
24843,0.004,0.005
24844,0.004,0.005
24845,0.004,0.006
24846,0.004,0.006
24847,0.004,0.006
24848,0.004,0.006
24849,0.004,0.005
24850,0.004,0.005
24851,0.004,0.005
24852,0.004,0.005
24853,0.004,0.006
24854,0.004,0.006
24855,0.004,0.005
24856,0.004,0.005
24857,0.004,0.005
24858,0.004,0.005
24859,0.004,0.006
24860,0.004,0.006
24861,0.004,0.006
24862,0.004,0.006
24863,0.004,0.006
24864,0.004,0.005
24865,0.004,0.005
24866,0.004,0.006
24867,0.004,0.005
24868,0.004,0.006
24869,0.004,0.005
24870,0.004,0.006
24871,0.004,0.005
24872,0.004,0.006
24873,0.004,0.005
24874,0.004,0.005
24875,0.004,0.006
24876,0.005,0.006
24877,0.004,0.006
24878,0.004,0.005
24879,0.004,0.005
24880,0.004,0.006
24881,0.004,0.006
24882,0.004,0.005
24883,0.005,0.006
24884,0.004,0.005
24885,0.004,0.005
24886,0.004,0.005
24887,0.004,0.006
24888,0.004,0.006
24889,0.004,0.005
24890,0.004,0.006
24891,0.004,0.005
24892,0.004,0.005
24893,0.004,0.005
24894,0.004,0.005
24895,0.004,0.005
24896,0.004,0.006
24897,0.004,0.006
24898,0.004,0.006
24899,0.004,0.005
24900,0.004,0.006
24901,0.005,0.006
24902,0.004,0.005
24903,0.004,0.005
24904,0.004,0.006
24905,0.004,0.006
24906,0.004,0.005
24907,0.004,0.006
24908,0.004,0.005
24909,0.004,0.006
24910,0.004,0.006
24911,0.004,0.006
24912,0.004,0.006
24913,0.004,0.006
24914,0.004,0.006
24915,0.004,0.006
24916,0.004,0.005
24917,0.004,0.006
24918,0.004,0.006
24919,0.004,0.006
24920,0.004,0.006
24921,0.004,0.006
24922,0.004,0.005
24923,0.004,0.006
24924,0.004,0.006
24925,0.004,0.005
24926,0.004,0.006
24927,0.004,0.005
24928,0.004,0.005
24929,0.004,0.006
24930,0.004,0.005
24931,0.004,0.005
24932,0.004,0.005
24933,0.004,0.006
24934,0.004,0.005
24935,0.004,0.005
24936,0.004,0.006
24937,0.004,0.006
24938,0.004,0.005
24939,0.004,0.005
24940,0.004,0.006
24941,0.004,0.005
24942,0.004,0.006
24943,0.004,0.006
24944,0.004,0.005
24945,0.004,0.006
24946,0.004,0.006
24947,0.004,0.005
24948,0.004,0.006
24949,0.004,0.006
24950,0.005,0.006
24951,0.004,0.006
24952,0.004,0.006
24953,0.004,0.005
24954,0.004,0.006
24955,0.004,0.005
24956,0.004,0.005
24957,0.004,0.006
24958,0.004,0.006
24959,0.004,0.005
24960,0.004,0.005
24961,0.004,0.006
24962,0.004,0.006
24963,0.004,0.006
24964,0.004,0.006
24965,0.004,0.005
24966,0.004,0.006
24967,0.004,0.005
24968,0.004,0.005
24969,0.004,0.006
24970,0.004,0.006
24971,0.004,0.006
24972,0.004,0.006
24973,0.004,0.006
24974,0.004,0.006
24975,0.004,0.006
24976,0.004,0.006
24977,0.004,0.006
24978,0.004,0.006
24979,0.004,0.006
24980,0.004,0.005
24981,0.004,0.006
24982,0.004,0.005
24983,0.004,0.006
24984,0.004,0.006
24985,0.004,0.006
24986,0.004,0.005
24987,0.004,0.006
24988,0.004,0.005
24989,0.004,0.005
24990,0.004,0.005
24991,0.004,0.005
24992,0.004,0.006
24993,0.004,0.006
24994,0.004,0.005
24995,0.004,0.005
24996,0.004,0.005
24997,0.004,0.005
24998,0.004,0.005
24999,0.004,0.006
25000,0.004,0.006
25001,0.004,0.005
25002,0.004,0.005
25003,0.004,0.005
25004,0.004,0.006
25005,0.004,0.005
25006,0.004,0.006
25007,0.004,0.006
25008,0.004,0.005
25009,0.004,0.006
25010,0.004,0.005
25011,0.004,0.005
25012,0.004,0.006
25013,0.004,0.005
25014,0.004,0.006
25015,0.004,0.005
25016,0.004,0.005
25017,0.004,0.005
25018,0.004,0.005
25019,0.004,0.005
25020,0.004,0.006
25021,0.004,0.005
25022,0.004,0.006
25023,0.004,0.006
25024,0.004,0.005
25025,0.004,0.005
25026,0.004,0.005
25027,0.004,0.005
25028,0.004,0.005
25029,0.004,0.005
25030,0.004,0.006
25031,0.004,0.005
25032,0.004,0.005
25033,0.004,0.005
25034,0.004,0.006
25035,0.004,0.005
25036,0.004,0.005
25037,0.004,0.005
25038,0.004,0.005
25039,0.004,0.005
25040,0.004,0.005
25041,0.004,0.005
25042,0.004,0.006
25043,0.004,0.006
25044,0.004,0.006
25045,0.004,0.005
25046,0.004,0.005
25047,0.004,0.006
25048,0.004,0.006
25049,0.004,0.006
25050,0.004,0.006
25051,0.004,0.006
25052,0.004,0.005
25053,0.004,0.005
25054,0.004,0.005
25055,0.004,0.005
25056,0.004,0.005
25057,0.004,0.006
25058,0.004,0.005
25059,0.004,0.006
25060,0.004,0.006
25061,0.004,0.006
25062,0.004,0.005
25063,0.004,0.006
25064,0.004,0.005
25065,0.004,0.006
25066,0.004,0.005
25067,0.004,0.005
25068,0.004,0.005
25069,0.004,0.005
25070,0.004,0.005
25071,0.004,0.005
25072,0.004,0.005
25073,0.004,0.005
25074,0.004,0.006
25075,0.004,0.005
25076,0.004,0.006
25077,0.004,0.006
25078,0.004,0.005
25079,0.004,0.006
25080,0.004,0.005
25081,0.004,0.005
25082,0.004,0.006
25083,0.004,0.006
25084,0.004,0.005
25085,0.004,0.006
25086,0.004,0.006
25087,0.004,0.005
25088,0.004,0.005
25089,0.004,0.005
25090,0.004,0.006
25091,0.004,0.006
25092,0.004,0.006
25093,0.004,0.006
25094,0.004,0.005
25095,0.004,0.006
25096,0.004,0.006
25097,0.004,0.006
25098,0.004,0.005
25099,0.004,0.006
25100,0.004,0.006
25101,0.004,0.005
25102,0.004,0.006
25103,0.004,0.006
25104,0.004,0.005
25105,0.004,0.006
25106,0.004,0.006
25107,0.004,0.006
25108,0.004,0.005
25109,0.004,0.006
25110,0.004,0.005
25111,0.004,0.006
25112,0.004,0.005
25113,0.004,0.006
25114,0.004,0.005
25115,0.004,0.005
25116,0.004,0.005
25117,0.004,0.006
25118,0.004,0.006
25119,0.004,0.005
25120,0.004,0.005
25121,0.004,0.006
25122,0.004,0.005
25123,0.004,0.005
25124,0.004,0.005
25125,0.004,0.005
25126,0.004,0.005
25127,0.004,0.005
25128,0.004,0.006
25129,0.004,0.006
25130,0.004,0.005
25131,0.004,0.005
25132,0.004,0.006
25133,0.004,0.006
25134,0.004,0.005
25135,0.004,0.006
25136,0.004,0.005
25137,0.004,0.006
25138,0.004,0.006
25139,0.004,0.005
25140,0.004,0.006
25141,0.004,0.006
25142,0.004,0.005
25143,0.004,0.005
25144,0.004,0.005
25145,0.004,0.005
25146,0.004,0.006
25147,0.004,0.005
25148,0.004,0.006
25149,0.004,0.005
25150,0.004,0.005
25151,0.004,0.005
25152,0.004,0.005
25153,0.004,0.005
25154,0.004,0.005
25155,0.004,0.005
25156,0.004,0.005
25157,0.004,0.005
25158,0.004,0.006
25159,0.004,0.006
25160,0.004,0.006
25161,0.004,0.005
25162,0.004,0.006
25163,0.004,0.005
25164,0.004,0.005
25165,0.004,0.006
25166,0.004,0.005
25167,0.004,0.005
25168,0.004,0.005
25169,0.004,0.006
25170,0.004,0.005
25171,0.004,0.006
25172,0.004,0.006
25173,0.004,0.005
25174,0.004,0.005
25175,0.004,0.005
25176,0.004,0.005
25177,0.004,0.006
25178,0.004,0.006
25179,0.004,0.005
25180,0.004,0.006
25181,0.004,0.006
25182,0.004,0.006
25183,0.004,0.005
25184,0.004,0.005
25185,0.004,0.006
25186,0.004,0.005
25187,0.004,0.005
25188,0.004,0.006
25189,0.004,0.006
25190,0.004,0.005
25191,0.004,0.006
25192,0.004,0.005
25193,0.004,0.005
25194,0.004,0.005
25195,0.004,0.005
25196,0.004,0.005
25197,0.004,0.006
25198,0.004,0.006
25199,0.004,0.005
25200,0.004,0.005
25201,0.004,0.006
25202,0.004,0.005
25203,0.004,0.006
25204,0.004,0.005
25205,0.004,0.005
25206,0.004,0.005
25207,0.004,0.005
25208,0.004,0.005
25209,0.004,0.005
25210,0.004,0.006
25211,0.004,0.006
25212,0.004,0.005
25213,0.004,0.005
25214,0.004,0.006
25215,0.004,0.006
25216,0.004,0.005
25217,0.004,0.006
25218,0.004,0.005
25219,0.004,0.006
25220,0.004,0.005
25221,0.004,0.006
25222,0.004,0.005
25223,0.004,0.006
25224,0.004,0.006
25225,0.004,0.006
25226,0.004,0.005
25227,0.004,0.006
25228,0.005,0.006
25229,0.004,0.005
25230,0.004,0.005
25231,0.004,0.006
25232,0.004,0.006
25233,0.004,0.005
25234,0.004,0.005
25235,0.004,0.006
25236,0.004,0.005
25237,0.004,0.005
25238,0.004,0.005
25239,0.004,0.005
25240,0.004,0.005
25241,0.004,0.005
25242,0.004,0.005
25243,0.004,0.006
25244,0.004,0.006
25245,0.004,0.005
25246,0.004,0.005
25247,0.004,0.006
25248,0.004,0.006
25249,0.004,0.005
25250,0.004,0.006
25251,0.004,0.006
25252,0.004,0.005
25253,0.004,0.006
25254,0.004,0.006
25255,0.005,0.006
25256,0.004,0.006
25257,0.004,0.005
25258,0.004,0.006
25259,0.004,0.005
25260,0.004,0.006
25261,0.004,0.006
25262,0.004,0.005
25263,0.004,0.006
25264,0.004,0.006
25265,0.004,0.005
25266,0.004,0.006
25267,0.004,0.006
25268,0.004,0.006
25269,0.004,0.006
25270,0.004,0.005
25271,0.004,0.005
25272,0.004,0.005
25273,0.004,0.005
25274,0.004,0.005
25275,0.004,0.005
25276,0.004,0.006
25277,0.004,0.005
25278,0.004,0.005
25279,0.004,0.005
25280,0.004,0.006
25281,0.004,0.005
25282,0.004,0.005
25283,0.004,0.005
25284,0.004,0.006
25285,0.004,0.006
25286,0.004,0.006
25287,0.004,0.006
25288,0.004,0.005
25289,0.004,0.005
25290,0.004,0.005
25291,0.004,0.005
25292,0.004,0.006
25293,0.004,0.006
25294,0.004,0.006
25295,0.004,0.005
25296,0.004,0.005
25297,0.004,0.005
25298,0.004,0.005
25299,0.004,0.006
25300,0.004,0.006
25301,0.004,0.006
25302,0.004,0.006
25303,0.004,0.006
25304,0.004,0.006
25305,0.004,0.006
25306,0.004,0.005
25307,0.004,0.006
25308,0.004,0.006
25309,0.004,0.005
25310,0.004,0.005
25311,0.004,0.006
25312,0.004,0.005
25313,0.004,0.005
25314,0.004,0.006
25315,0.004,0.006
25316,0.004,0.005
25317,0.004,0.005
25318,0.004,0.006
25319,0.004,0.006
25320,0.004,0.005
25321,0.004,0.005
25322,0.004,0.006
25323,0.004,0.006
25324,0.004,0.006
25325,0.004,0.006
25326,0.004,0.006
25327,0.004,0.006
25328,0.004,0.006
25329,0.004,0.006
25330,0.004,0.006
25331,0.004,0.005
25332,0.004,0.006
25333,0.004,0.006
25334,0.004,0.005
25335,0.004,0.005
25336,0.004,0.005
25337,0.004,0.005
25338,0.004,0.005
25339,0.004,0.005
25340,0.004,0.006
25341,0.004,0.006
25342,0.004,0.006
25343,0.004,0.006
25344,0.004,0.006
25345,0.004,0.005
25346,0.004,0.006
25347,0.004,0.006
25348,0.004,0.005
25349,0.004,0.006
25350,0.004,0.005
25351,0.004,0.006
25352,0.004,0.005
25353,0.004,0.006
25354,0.004,0.006
25355,0.004,0.006
25356,0.004,0.006
25357,0.004,0.006
25358,0.004,0.006
25359,0.004,0.006
25360,0.004,0.005
25361,0.004,0.005
25362,0.004,0.005
25363,0.004,0.005
25364,0.004,0.005
25365,0.004,0.005
25366,0.004,0.005
25367,0.004,0.005
25368,0.004,0.006
25369,0.004,0.005
25370,0.004,0.005
25371,0.004,0.005
25372,0.004,0.006
25373,0.004,0.006
25374,0.004,0.005
25375,0.004,0.005
25376,0.004,0.006
25377,0.004,0.006
25378,0.004,0.005
25379,0.004,0.005
25380,0.004,0.006
25381,0.004,0.006
25382,0.004,0.006
25383,0.004,0.005
25384,0.004,0.005
25385,0.004,0.005
25386,0.004,0.005
25387,0.005,0.006
25388,0.004,0.005
25389,0.004,0.005
25390,0.004,0.005
25391,0.004,0.005
25392,0.004,0.006
25393,0.004,0.005
25394,0.004,0.006
25395,0.004,0.005
25396,0.004,0.005
25397,0.004,0.006
25398,0.004,0.006
25399,0.004,0.005
25400,0.004,0.006
25401,0.004,0.005
25402,0.004,0.005
25403,0.004,0.006
25404,0.004,0.006
25405,0.004,0.006
25406,0.004,0.006
25407,0.004,0.006
25408,0.004,0.005
25409,0.004,0.005
25410,0.004,0.005
25411,0.004,0.005
25412,0.004,0.005
25413,0.004,0.006
25414,0.004,0.005
25415,0.004,0.005
25416,0.004,0.006
25417,0.004,0.006
25418,0.004,0.006
25419,0.004,0.005
25420,0.004,0.005
25421,0.004,0.006
25422,0.004,0.006
25423,0.004,0.006
25424,0.004,0.006
25425,0.004,0.005
25426,0.004,0.006
25427,0.004,0.005
25428,0.004,0.006
25429,0.004,0.006
25430,0.004,0.005
25431,0.004,0.005
25432,0.004,0.005
25433,0.004,0.005
25434,0.004,0.005
25435,0.004,0.006
25436,0.004,0.006
25437,0.004,0.005
25438,0.004,0.005
25439,0.004,0.005
25440,0.004,0.006
25441,0.004,0.005
25442,0.004,0.006
25443,0.004,0.005
25444,0.004,0.005
25445,0.004,0.005
25446,0.004,0.006
25447,0.004,0.005
25448,0.004,0.005
25449,0.004,0.005
25450,0.004,0.005
25451,0.004,0.006
25452,0.004,0.005
25453,0.004,0.006
25454,0.004,0.006
25455,0.004,0.006
25456,0.004,0.005
25457,0.004,0.005
25458,0.004,0.005
25459,0.004,0.006
25460,0.004,0.005
25461,0.004,0.005
25462,0.004,0.005
25463,0.004,0.005
25464,0.004,0.005
25465,0.004,0.005
25466,0.004,0.005
25467,0.004,0.006
25468,0.004,0.005
25469,0.004,0.005
25470,0.004,0.005
25471,0.004,0.006
25472,0.004,0.005
25473,0.004,0.006
25474,0.004,0.005
25475,0.004,0.006
25476,0.004,0.005
25477,0.004,0.005
25478,0.004,0.006
25479,0.004,0.006
25480,0.004,0.006
25481,0.004,0.006
25482,0.004,0.005
25483,0.004,0.006
25484,0.004,0.006
25485,0.004,0.005
25486,0.004,0.006
25487,0.004,0.006
25488,0.004,0.005
25489,0.004,0.005
25490,0.004,0.005
25491,0.004,0.005
25492,0.004,0.006
25493,0.004,0.006
25494,0.004,0.006
25495,0.004,0.005
25496,0.004,0.005
25497,0.004,0.006
25498,0.004,0.006
25499,0.004,0.006
25500,0.004,0.005
25501,0.004,0.006
25502,0.004,0.005
25503,0.004,0.005
25504,0.004,0.006
25505,0.004,0.006
25506,0.004,0.005
25507,0.004,0.006
25508,0.004,0.005
25509,0.004,0.006
25510,0.004,0.005
25511,0.004,0.005
25512,0.004,0.005
25513,0.004,0.006
25514,0.004,0.005
25515,0.004,0.005
25516,0.004,0.005
25517,0.004,0.005
25518,0.004,0.006
25519,0.004,0.006
25520,0.004,0.005
25521,0.004,0.005
25522,0.004,0.006
25523,0.004,0.005
25524,0.004,0.006
25525,0.004,0.005
25526,0.004,0.005
25527,0.004,0.006
25528,0.004,0.006
25529,0.004,0.005
25530,0.004,0.005
25531,0.004,0.005
25532,0.004,0.005
25533,0.004,0.006
25534,0.004,0.006
25535,0.004,0.005
25536,0.004,0.006
25537,0.004,0.005
25538,0.004,0.005
25539,0.004,0.006
25540,0.004,0.005
25541,0.004,0.005
25542,0.004,0.006
25543,0.004,0.005
25544,0.004,0.006
25545,0.004,0.005
25546,0.004,0.005
25547,0.004,0.005
25548,0.004,0.005
25549,0.004,0.005
25550,0.004,0.005
25551,0.004,0.006
25552,0.004,0.005
25553,0.004,0.005
25554,0.004,0.005
25555,0.004,0.006
25556,0.004,0.006
25557,0.004,0.005
25558,0.004,0.006
25559,0.004,0.006
25560,0.004,0.005
25561,0.004,0.005
25562,0.004,0.006
25563,0.004,0.005
25564,0.004,0.005
25565,0.004,0.006
25566,0.004,0.006
25567,0.004,0.005
25568,0.004,0.006
25569,0.004,0.005
25570,0.004,0.005
25571,0.004,0.005
25572,0.004,0.006
25573,0.004,0.006
25574,0.004,0.006
25575,0.004,0.005
25576,0.004,0.006
25577,0.004,0.006
25578,0.004,0.006
25579,0.004,0.005
25580,0.004,0.005
25581,0.004,0.006
25582,0.004,0.006
25583,0.004,0.006
25584,0.004,0.005
25585,0.004,0.006
25586,0.004,0.006
25587,0.004,0.005
25588,0.004,0.005
25589,0.004,0.005
25590,0.004,0.005
25591,0.004,0.005
25592,0.004,0.005
25593,0.004,0.005
25594,0.004,0.006
25595,0.004,0.006
25596,0.004,0.005
25597,0.004,0.005
25598,0.004,0.005
25599,0.004,0.005
25600,0.004,0.006
25601,0.004,0.005
25602,0.004,0.006
25603,0.004,0.005
25604,0.004,0.005
25605,0.004,0.005
25606,0.004,0.006
25607,0.004,0.005
25608,0.004,0.005
25609,0.004,0.005
25610,0.004,0.005
25611,0.004,0.006
25612,0.004,0.006
25613,0.004,0.005
25614,0.004,0.006
25615,0.004,0.006
25616,0.004,0.005
25617,0.004,0.005
25618,0.004,0.006
25619,0.004,0.005
25620,0.004,0.005
25621,0.004,0.006
25622,0.004,0.005
25623,0.004,0.006
25624,0.004,0.006
25625,0.004,0.005
25626,0.004,0.006
25627,0.004,0.005
25628,0.004,0.005
25629,0.004,0.006
25630,0.004,0.006
25631,0.004,0.005
25632,0.005,0.006
25633,0.004,0.005
25634,0.004,0.005
25635,0.004,0.005
25636,0.004,0.006
25637,0.004,0.006
25638,0.004,0.006
25639,0.004,0.005
25640,0.004,0.006
25641,0.004,0.006
25642,0.004,0.005
25643,0.004,0.006
25644,0.004,0.005
25645,0.004,0.005
25646,0.004,0.005
25647,0.004,0.006
25648,0.004,0.005
25649,0.004,0.006
25650,0.004,0.006
25651,0.004,0.005
25652,0.004,0.006
25653,0.004,0.005
25654,0.004,0.005
25655,0.004,0.005
25656,0.004,0.006
25657,0.004,0.006
25658,0.004,0.005
25659,0.004,0.006
25660,0.004,0.005
25661,0.004,0.006
25662,0.004,0.005
25663,0.004,0.005
25664,0.005,0.006
25665,0.004,0.006
25666,0.004,0.006
25667,0.004,0.006
25668,0.004,0.006
25669,0.004,0.006
25670,0.004,0.006
25671,0.004,0.005
25672,0.004,0.005
25673,0.004,0.006
25674,0.004,0.006
25675,0.004,0.005
25676,0.005,0.006
25677,0.004,0.005
25678,0.004,0.005
25679,0.004,0.006
25680,0.004,0.006
25681,0.004,0.005
25682,0.004,0.006
25683,0.004,0.005
25684,0.004,0.006
25685,0.004,0.005
25686,0.004,0.005
25687,0.004,0.006
25688,0.004,0.005
25689,0.004,0.005
25690,0.004,0.006
25691,0.004,0.005
25692,0.004,0.005
25693,0.004,0.005
25694,0.004,0.006
25695,0.004,0.006
25696,0.004,0.005
25697,0.004,0.005
25698,0.004,0.005
25699,0.004,0.005
25700,0.004,0.005
25701,0.004,0.005
25702,0.004,0.005
25703,0.004,0.005
25704,0.004,0.005
25705,0.004,0.006
25706,0.004,0.005
25707,0.004,0.006
25708,0.004,0.006
25709,0.004,0.006
25710,0.004,0.005
25711,0.004,0.005
25712,0.004,0.005
25713,0.004,0.006
25714,0.004,0.006
25715,0.004,0.006
25716,0.004,0.006
25717,0.004,0.005
25718,0.004,0.005
25719,0.004,0.005
25720,0.004,0.005
25721,0.004,0.006
25722,0.004,0.005
25723,0.004,0.005
25724,0.004,0.006
25725,0.004,0.006
25726,0.004,0.005
25727,0.004,0.005
25728,0.004,0.006
25729,0.004,0.005
25730,0.004,0.005
25731,0.004,0.006
25732,0.004,0.005
25733,0.004,0.006
25734,0.004,0.006
25735,0.004,0.005
25736,0.004,0.005
25737,0.004,0.006
25738,0.004,0.005
25739,0.004,0.005
25740,0.004,0.005
25741,0.004,0.006
25742,0.004,0.005
25743,0.004,0.005
25744,0.004,0.005
25745,0.004,0.005
25746,0.004,0.006
25747,0.004,0.006
25748,0.004,0.006
25749,0.004,0.005
25750,0.004,0.005
25751,0.004,0.005
25752,0.004,0.006
25753,0.004,0.006
25754,0.004,0.005
25755,0.004,0.006
25756,0.004,0.006
25757,0.004,0.006
25758,0.004,0.006
25759,0.004,0.005
25760,0.004,0.006
25761,0.004,0.006
25762,0.004,0.006
25763,0.004,0.006
25764,0.004,0.006
25765,0.004,0.005
25766,0.005,0.006
25767,0.004,0.006
25768,0.004,0.006
25769,0.004,0.005
25770,0.004,0.005
25771,0.004,0.005
25772,0.004,0.005
25773,0.004,0.006
25774,0.004,0.006
25775,0.004,0.006
25776,0.004,0.005
25777,0.004,0.006
25778,0.004,0.006
25779,0.004,0.006
25780,0.004,0.005
25781,0.004,0.005
25782,0.004,0.005
25783,0.004,0.005
25784,0.004,0.005
25785,0.004,0.005
25786,0.004,0.006
25787,0.004,0.006
25788,0.004,0.006
25789,0.004,0.005
25790,0.004,0.006
25791,0.004,0.006
25792,0.004,0.005
25793,0.004,0.005
25794,0.004,0.005
25795,0.004,0.006
25796,0.004,0.006
25797,0.004,0.005
25798,0.004,0.006
25799,0.004,0.006
25800,0.004,0.006
25801,0.004,0.006
25802,0.004,0.005
25803,0.004,0.006
25804,0.004,0.006
25805,0.004,0.005
25806,0.004,0.006
25807,0.004,0.006
25808,0.004,0.006
25809,0.004,0.006
25810,0.004,0.006
25811,0.004,0.005
25812,0.004,0.006
25813,0.004,0.006
25814,0.004,0.005
25815,0.004,0.006
25816,0.004,0.006
25817,0.004,0.006
25818,0.004,0.006
25819,0.004,0.005
25820,0.004,0.005
25821,0.004,0.005
25822,0.004,0.006
25823,0.004,0.006
25824,0.004,0.005
25825,0.004,0.005
25826,0.004,0.005
25827,0.004,0.006
25828,0.004,0.006
25829,0.004,0.005
25830,0.004,0.005
25831,0.004,0.006
25832,0.004,0.005
25833,0.004,0.006
25834,0.004,0.005
25835,0.004,0.005
25836,0.004,0.005
25837,0.004,0.006
25838,0.004,0.005
25839,0.004,0.006
25840,0.004,0.006
25841,0.004,0.005
25842,0.005,0.006
25843,0.004,0.005
25844,0.004,0.005
25845,0.004,0.005
25846,0.004,0.006
25847,0.005,0.006
25848,0.004,0.006
25849,0.004,0.005
25850,0.004,0.006
25851,0.004,0.006
25852,0.004,0.005
25853,0.004,0.006
25854,0.004,0.006
25855,0.004,0.005
25856,0.004,0.005
25857,0.004,0.005
25858,0.004,0.005
25859,0.004,0.005
25860,0.004,0.005
25861,0.004,0.005
25862,0.004,0.005
25863,0.004,0.005
25864,0.004,0.005
25865,0.004,0.005
25866,0.004,0.005
25867,0.004,0.005
25868,0.004,0.006
25869,0.004,0.006
25870,0.004,0.005
25871,0.004,0.006
25872,0.004,0.005
25873,0.004,0.005
25874,0.004,0.005
25875,0.004,0.005
25876,0.004,0.005
25877,0.004,0.005
25878,0.004,0.006
25879,0.004,0.006
25880,0.004,0.006
25881,0.004,0.005
25882,0.004,0.006
25883,0.004,0.005
25884,0.004,0.005
25885,0.004,0.005
25886,0.004,0.006
25887,0.004,0.005
25888,0.004,0.005
25889,0.004,0.005
25890,0.004,0.006
25891,0.004,0.006
25892,0.004,0.006
25893,0.004,0.005
25894,0.004,0.006
25895,0.004,0.005
25896,0.004,0.005
25897,0.004,0.006
25898,0.004,0.006
25899,0.004,0.006
25900,0.004,0.006
25901,0.004,0.006
25902,0.004,0.006
25903,0.004,0.006
25904,0.004,0.006
25905,0.004,0.005
25906,0.004,0.005
25907,0.004,0.006
25908,0.004,0.006
25909,0.004,0.005
25910,0.004,0.005
25911,0.004,0.005
25912,0.004,0.005
25913,0.004,0.005
25914,0.004,0.005
25915,0.004,0.005
25916,0.004,0.005
25917,0.004,0.006
25918,0.004,0.005
25919,0.004,0.005
25920,0.004,0.005
25921,0.004,0.005
25922,0.004,0.005
25923,0.004,0.005
25924,0.004,0.005
25925,0.004,0.006
25926,0.004,0.005
25927,0.004,0.006
25928,0.004,0.005
25929,0.004,0.005
25930,0.004,0.006
25931,0.004,0.005
25932,0.004,0.005
25933,0.004,0.006
25934,0.004,0.005
25935,0.004,0.005
25936,0.004,0.006
25937,0.004,0.006
25938,0.004,0.006
25939,0.004,0.005
25940,0.004,0.005
25941,0.004,0.005
25942,0.004,0.005
25943,0.004,0.005
25944,0.004,0.006
25945,0.004,0.005
25946,0.004,0.005
25947,0.004,0.005
25948,0.004,0.005
25949,0.004,0.005
25950,0.004,0.006
25951,0.004,0.005
25952,0.004,0.006
25953,0.004,0.005
25954,0.004,0.005
25955,0.004,0.006
25956,0.004,0.006
25957,0.004,0.005
25958,0.004,0.006
25959,0.004,0.005
25960,0.004,0.005
25961,0.004,0.006
25962,0.004,0.005
25963,0.004,0.005
25964,0.004,0.005
25965,0.004,0.005
25966,0.005,0.006
25967,0.004,0.005
25968,0.004,0.006
25969,0.004,0.005
25970,0.004,0.005
25971,0.004,0.005
25972,0.004,0.006
25973,0.004,0.005
25974,0.004,0.005
25975,0.004,0.005
25976,0.004,0.005
25977,0.004,0.005
25978,0.004,0.006
25979,0.004,0.005
25980,0.004,0.005
25981,0.004,0.006
25982,0.004,0.006
25983,0.004,0.006
25984,0.004,0.005
25985,0.004,0.006
25986,0.004,0.005
25987,0.004,0.005
25988,0.004,0.005
25989,0.004,0.006
25990,0.004,0.006
25991,0.004,0.005
25992,0.004,0.005
25993,0.004,0.006
25994,0.004,0.005
25995,0.004,0.005
25996,0.004,0.005
25997,0.004,0.006
25998,0.004,0.006
25999,0.004,0.006
26000,0.004,0.006
26001,0.005,0.006
26002,0.004,0.006
26003,0.004,0.006
26004,0.004,0.006
26005,0.004,0.005
26006,0.004,0.006
26007,0.004,0.005
26008,0.004,0.005
26009,0.004,0.006
26010,0.004,0.006
26011,0.004,0.005
26012,0.004,0.006
26013,0.004,0.005
26014,0.004,0.005
26015,0.004,0.005
26016,0.004,0.005
26017,0.004,0.005
26018,0.004,0.005
26019,0.004,0.006
26020,0.004,0.006
26021,0.004,0.005
26022,0.004,0.006
26023,0.004,0.006
26024,0.004,0.005
26025,0.004,0.006
26026,0.004,0.005
26027,0.004,0.005
26028,0.004,0.006
26029,0.004,0.006
26030,0.004,0.005
26031,0.004,0.005
26032,0.004,0.006
26033,0.004,0.005
26034,0.004,0.005
26035,0.004,0.005
26036,0.004,0.005
26037,0.004,0.006
26038,0.004,0.005
26039,0.004,0.005
26040,0.004,0.005
26041,0.004,0.006
26042,0.004,0.006
26043,0.004,0.006
26044,0.004,0.005
26045,0.004,0.006
26046,0.004,0.006
26047,0.004,0.006
26048,0.004,0.005
26049,0.004,0.005
26050,0.004,0.006
26051,0.004,0.005
26052,0.004,0.006
26053,0.004,0.005
26054,0.004,0.005
26055,0.004,0.005
26056,0.004,0.006
26057,0.004,0.006
26058,0.004,0.005
26059,0.004,0.006
26060,0.004,0.005
26061,0.004,0.006
26062,0.004,0.005
26063,0.004,0.005
26064,0.004,0.005
26065,0.004,0.006
26066,0.004,0.005
26067,0.004,0.005
26068,0.004,0.005
26069,0.004,0.005
26070,0.004,0.006
26071,0.004,0.005
26072,0.004,0.005
26073,0.004,0.006
26074,0.004,0.006
26075,0.004,0.006
26076,0.004,0.006
26077,0.004,0.005
26078,0.004,0.005
26079,0.004,0.005
26080,0.004,0.006
26081,0.004,0.005
26082,0.004,0.005
26083,0.004,0.005
26084,0.004,0.006
26085,0.004,0.005
26086,0.004,0.005
26087,0.004,0.005
26088,0.004,0.005
26089,0.004,0.005
26090,0.004,0.005
26091,0.004,0.005
26092,0.004,0.006
26093,0.004,0.005
26094,0.004,0.005
26095,0.004,0.005
26096,0.004,0.006
26097,0.004,0.005
26098,0.004,0.005
26099,0.004,0.006
26100,0.004,0.005
26101,0.004,0.005
26102,0.004,0.005
26103,0.004,0.005
26104,0.004,0.005
26105,0.004,0.006
26106,0.004,0.006
26107,0.004,0.005
26108,0.004,0.005
26109,0.004,0.005
26110,0.004,0.005
26111,0.004,0.005
26112,0.004,0.005
26113,0.004,0.005
26114,0.004,0.006
26115,0.004,0.006
26116,0.004,0.006
26117,0.004,0.005
26118,0.004,0.005
26119,0.004,0.005
26120,0.004,0.006
26121,0.004,0.006
26122,0.004,0.005
26123,0.004,0.005
26124,0.004,0.005
26125,0.004,0.005
26126,0.004,0.005
26127,0.004,0.005
26128,0.004,0.006
26129,0.004,0.006
26130,0.004,0.005
26131,0.004,0.005
26132,0.004,0.005
26133,0.004,0.005
26134,0.004,0.005
26135,0.004,0.005
26136,0.004,0.005
26137,0.004,0.005
26138,0.004,0.006
26139,0.004,0.005
26140,0.004,0.005
26141,0.004,0.006
26142,0.004,0.005
26143,0.004,0.006
26144,0.004,0.006
26145,0.004,0.006
26146,0.004,0.006
26147,0.004,0.006
26148,0.004,0.005
26149,0.004,0.005
26150,0.004,0.006
26151,0.004,0.005
26152,0.004,0.006
26153,0.004,0.005
26154,0.004,0.005
26155,0.004,0.005
26156,0.004,0.005
26157,0.004,0.005
26158,0.004,0.006
26159,0.004,0.005
26160,0.004,0.005
26161,0.004,0.006
26162,0.004,0.006
26163,0.004,0.005
26164,0.004,0.005
26165,0.004,0.005
26166,0.004,0.005
26167,0.004,0.006
26168,0.004,0.005
26169,0.004,0.005
26170,0.004,0.005
26171,0.004,0.005
26172,0.004,0.005
26173,0.004,0.005
26174,0.004,0.005
26175,0.004,0.005
26176,0.004,0.005
26177,0.004,0.006
26178,0.004,0.005
26179,0.004,0.006
26180,0.004,0.006
26181,0.004,0.005
26182,0.004,0.006
26183,0.004,0.005
26184,0.004,0.005
26185,0.004,0.006
26186,0.004,0.005
26187,0.004,0.006
26188,0.004,0.005
26189,0.004,0.006
26190,0.004,0.005
26191,0.004,0.005
26192,0.004,0.006
26193,0.004,0.005
26194,0.004,0.005
26195,0.004,0.006
26196,0.004,0.006
26197,0.004,0.006
26198,0.004,0.006
26199,0.004,0.005
26200,0.004,0.005
26201,0.004,0.005
26202,0.004,0.005
26203,0.004,0.005
26204,0.004,0.006
26205,0.004,0.005
26206,0.004,0.005
26207,0.004,0.005
26208,0.004,0.006
26209,0.004,0.006
26210,0.004,0.005
26211,0.004,0.005
26212,0.004,0.006
26213,0.004,0.006
26214,0.004,0.006
26215,0.004,0.006
26216,0.004,0.005
26217,0.004,0.006
26218,0.004,0.006
26219,0.004,0.005
26220,0.004,0.006
26221,0.004,0.006
26222,0.004,0.005
26223,0.004,0.006
26224,0.004,0.005
26225,0.004,0.005
26226,0.004,0.006
26227,0.004,0.005
26228,0.004,0.005
26229,0.004,0.005
26230,0.004,0.005
26231,0.004,0.006
26232,0.004,0.005
26233,0.004,0.006
26234,0.004,0.006
26235,0.005,0.006
26236,0.004,0.006
26237,0.004,0.006
26238,0.004,0.005
26239,0.004,0.005
26240,0.004,0.005
26241,0.004,0.005
26242,0.004,0.005
26243,0.004,0.005
26244,0.004,0.006
26245,0.004,0.005
26246,0.004,0.005
26247,0.004,0.006
26248,0.004,0.006
26249,0.004,0.006
26250,0.004,0.006
26251,0.004,0.005
26252,0.004,0.005
26253,0.004,0.006
26254,0.004,0.006
26255,0.004,0.006
26256,0.004,0.005
26257,0.004,0.005
26258,0.004,0.006
26259,0.004,0.005
26260,0.004,0.005
26261,0.004,0.005
26262,0.005,0.006
26263,0.004,0.006
26264,0.004,0.005
26265,0.004,0.006
26266,0.004,0.005
26267,0.004,0.005
26268,0.004,0.006
26269,0.004,0.005
26270,0.004,0.005
26271,0.004,0.005
26272,0.004,0.005
26273,0.004,0.005
26274,0.004,0.005
26275,0.004,0.006
26276,0.004,0.005
26277,0.004,0.006
26278,0.004,0.006
26279,0.004,0.006
26280,0.004,0.006
26281,0.004,0.005
26282,0.004,0.005
26283,0.004,0.005
26284,0.004,0.005
26285,0.004,0.005
26286,0.004,0.005
26287,0.004,0.005
26288,0.004,0.005
26289,0.004,0.005
26290,0.004,0.005
26291,0.004,0.006
26292,0.004,0.006
26293,0.004,0.005
26294,0.004,0.006
26295,0.004,0.005
26296,0.004,0.006
26297,0.004,0.006
26298,0.004,0.005
26299,0.004,0.005
26300,0.004,0.006
26301,0.004,0.005
26302,0.004,0.005
26303,0.004,0.005
26304,0.004,0.006
26305,0.004,0.005
26306,0.004,0.006
26307,0.004,0.005
26308,0.004,0.006
26309,0.004,0.006
26310,0.004,0.005
26311,0.004,0.005
26312,0.004,0.005
26313,0.004,0.005
26314,0.004,0.005
26315,0.004,0.006
26316,0.004,0.006
26317,0.004,0.006
26318,0.004,0.006
26319,0.004,0.005
26320,0.004,0.005
26321,0.004,0.005
26322,0.004,0.006
26323,0.004,0.006
26324,0.004,0.006
26325,0.004,0.006
26326,0.004,0.005
26327,0.004,0.005
26328,0.004,0.005
26329,0.004,0.006
26330,0.004,0.006
26331,0.004,0.005
26332,0.004,0.005
26333,0.004,0.005
26334,0.004,0.005
26335,0.004,0.005
26336,0.004,0.005
26337,0.004,0.005
26338,0.004,0.006
26339,0.004,0.005
26340,0.004,0.005
26341,0.004,0.005
26342,0.004,0.005
26343,0.004,0.005
26344,0.004,0.005
26345,0.004,0.005
26346,0.004,0.005
26347,0.004,0.005
26348,0.004,0.005
26349,0.004,0.005
26350,0.004,0.006
26351,0.004,0.006
26352,0.004,0.005
26353,0.004,0.005
26354,0.004,0.005
26355,0.004,0.005
26356,0.004,0.006
26357,0.004,0.005
26358,0.004,0.005
26359,0.004,0.006
26360,0.004,0.006
26361,0.004,0.006
26362,0.004,0.005
26363,0.004,0.006
26364,0.004,0.006
26365,0.005,0.006
26366,0.004,0.006
26367,0.004,0.005
26368,0.004,0.005
26369,0.004,0.005
26370,0.004,0.005
26371,0.004,0.006
26372,0.004,0.006
26373,0.004,0.005
26374,0.004,0.005
26375,0.004,0.006
26376,0.004,0.006
26377,0.004,0.006
26378,0.004,0.006
26379,0.004,0.006
26380,0.004,0.006
26381,0.004,0.005
26382,0.004,0.005
26383,0.004,0.005
26384,0.004,0.005
26385,0.004,0.005
26386,0.004,0.005
26387,0.004,0.005
26388,0.004,0.006
26389,0.004,0.006
26390,0.004,0.005
26391,0.004,0.006
26392,0.004,0.006
26393,0.004,0.005
26394,0.004,0.006
26395,0.004,0.005
26396,0.004,0.006
26397,0.004,0.005
26398,0.004,0.006
26399,0.004,0.006
26400,0.004,0.006
26401,0.004,0.005
26402,0.004,0.005
26403,0.004,0.005
26404,0.004,0.006
26405,0.004,0.005
26406,0.004,0.005
26407,0.004,0.005
26408,0.004,0.005
26409,0.004,0.006
26410,0.004,0.006
26411,0.004,0.006
26412,0.004,0.005
26413,0.004,0.005
26414,0.004,0.005
26415,0.004,0.005
26416,0.004,0.006
26417,0.004,0.006
26418,0.004,0.005
26419,0.004,0.006
26420,0.004,0.006
26421,0.004,0.005
26422,0.004,0.005
26423,0.005,0.006
26424,0.004,0.005
26425,0.004,0.006
26426,0.004,0.006
26427,0.004,0.005
26428,0.004,0.006
26429,0.004,0.005
26430,0.004,0.005
26431,0.004,0.005
26432,0.004,0.006
26433,0.004,0.006
26434,0.004,0.005
26435,0.004,0.006
26436,0.004,0.005
26437,0.004,0.005
26438,0.004,0.005
26439,0.004,0.005
26440,0.004,0.005
26441,0.004,0.005
26442,0.004,0.005
26443,0.004,0.005
26444,0.004,0.006
26445,0.004,0.005
26446,0.004,0.005
26447,0.004,0.006
26448,0.004,0.005
26449,0.004,0.005
26450,0.004,0.005
26451,0.004,0.005
26452,0.004,0.005
26453,0.004,0.005
26454,0.004,0.006
26455,0.004,0.006
26456,0.004,0.005
26457,0.004,0.006
26458,0.004,0.006
26459,0.004,0.006
26460,0.004,0.005
26461,0.004,0.005
26462,0.004,0.006
26463,0.004,0.006
26464,0.004,0.006
26465,0.004,0.005
26466,0.004,0.006
26467,0.004,0.006
26468,0.004,0.005
26469,0.004,0.006
26470,0.004,0.006
26471,0.004,0.006
26472,0.004,0.005
26473,0.004,0.005
26474,0.004,0.005
26475,0.004,0.005
26476,0.004,0.006
26477,0.004,0.005
26478,0.004,0.005
26479,0.004,0.005
26480,0.004,0.006
26481,0.004,0.006
26482,0.004,0.005
26483,0.004,0.005
26484,0.004,0.005
26485,0.004,0.006
26486,0.004,0.005
26487,0.004,0.005
26488,0.004,0.005
26489,0.004,0.005
26490,0.004,0.005
26491,0.004,0.005
26492,0.004,0.005
26493,0.004,0.006
26494,0.004,0.005
26495,0.004,0.005
26496,0.004,0.005
26497,0.004,0.006
26498,0.004,0.006
26499,0.004,0.006
26500,0.004,0.006
26501,0.004,0.006
26502,0.004,0.005
26503,0.004,0.005
26504,0.004,0.005
26505,0.004,0.006
26506,0.004,0.005
26507,0.004,0.005
26508,0.004,0.005
26509,0.004,0.006
26510,0.004,0.006
26511,0.004,0.005
26512,0.004,0.006
26513,0.004,0.005
26514,0.004,0.006
26515,0.004,0.005
26516,0.004,0.006
26517,0.004,0.006
26518,0.004,0.006
26519,0.004,0.005
26520,0.004,0.005
26521,0.004,0.006
26522,0.004,0.006
26523,0.004,0.005
26524,0.004,0.006
26525,0.004,0.005
26526,0.004,0.006
26527,0.004,0.006
26528,0.004,0.005
26529,0.004,0.005
26530,0.004,0.006
26531,0.004,0.006
26532,0.004,0.005
26533,0.004,0.006
26534,0.004,0.005
26535,0.004,0.006
26536,0.004,0.006
26537,0.004,0.006
26538,0.004,0.005
26539,0.004,0.005
26540,0.004,0.005
26541,0.004,0.005
26542,0.004,0.005
26543,0.004,0.006
26544,0.004,0.005
26545,0.004,0.006
26546,0.004,0.005
26547,0.004,0.005
26548,0.004,0.005
26549,0.004,0.006
26550,0.004,0.006
26551,0.004,0.006
26552,0.004,0.005
26553,0.004,0.006
26554,0.004,0.006
26555,0.004,0.006
26556,0.004,0.006
26557,0.004,0.006
26558,0.004,0.005
26559,0.004,0.006
26560,0.004,0.005
26561,0.004,0.006
26562,0.004,0.005
26563,0.004,0.005
26564,0.004,0.005
26565,0.004,0.006
26566,0.004,0.005
26567,0.004,0.005
26568,0.004,0.006
26569,0.004,0.006
26570,0.004,0.006
26571,0.004,0.006
26572,0.004,0.006
26573,0.004,0.005
26574,0.004,0.005
26575,0.004,0.005
26576,0.004,0.006
26577,0.004,0.006
26578,0.004,0.005
26579,0.004,0.006
26580,0.004,0.006
26581,0.004,0.005
26582,0.004,0.005
26583,0.004,0.006
26584,0.004,0.005
26585,0.004,0.005
26586,0.004,0.005
26587,0.004,0.006
26588,0.004,0.006
26589,0.004,0.005
26590,0.004,0.006
26591,0.004,0.006
26592,0.004,0.005
26593,0.004,0.006
26594,0.004,0.006
26595,0.004,0.006
26596,0.004,0.005
26597,0.004,0.005
26598,0.004,0.005
26599,0.004,0.006
26600,0.004,0.005
26601,0.004,0.006
26602,0.004,0.006
26603,0.004,0.006
26604,0.004,0.005
26605,0.004,0.005
26606,0.004,0.005
26607,0.004,0.006
26608,0.004,0.006
26609,0.004,0.006
26610,0.004,0.006
26611,0.004,0.006
26612,0.004,0.006
26613,0.004,0.006
26614,0.004,0.005
26615,0.004,0.006
26616,0.004,0.005
26617,0.004,0.005
26618,0.004,0.005
26619,0.004,0.005
26620,0.004,0.005
26621,0.004,0.005
26622,0.004,0.005
26623,0.004,0.006
26624,0.004,0.006
26625,0.004,0.005
26626,0.004,0.005
26627,0.004,0.006
26628,0.004,0.005
26629,0.004,0.006
26630,0.004,0.005
26631,0.004,0.006
26632,0.004,0.006
26633,0.004,0.005
26634,0.004,0.006
26635,0.004,0.006
26636,0.004,0.006
26637,0.004,0.006
26638,0.004,0.006
26639,0.004,0.006
26640,0.004,0.006
26641,0.004,0.006
26642,0.004,0.005
26643,0.004,0.006
26644,0.004,0.006
26645,0.004,0.005
26646,0.004,0.006
26647,0.005,0.006
26648,0.004,0.006
26649,0.004,0.005
26650,0.004,0.005
26651,0.004,0.005
26652,0.004,0.005
26653,0.004,0.005
26654,0.004,0.005
26655,0.004,0.006
26656,0.004,0.006
26657,0.004,0.006
26658,0.004,0.005
26659,0.004,0.006
26660,0.004,0.006
26661,0.004,0.006
26662,0.004,0.006
26663,0.004,0.006
26664,0.004,0.006
26665,0.004,0.005
26666,0.004,0.006
26667,0.004,0.006
26668,0.004,0.005
26669,0.004,0.005
26670,0.004,0.005
26671,0.004,0.005
26672,0.004,0.006
26673,0.004,0.005
26674,0.004,0.005
26675,0.004,0.005
26676,0.004,0.005
26677,0.004,0.006
26678,0.004,0.006
26679,0.004,0.005
26680,0.004,0.006
26681,0.004,0.006
26682,0.004,0.006
26683,0.004,0.006
26684,0.004,0.005
26685,0.004,0.005
26686,0.004,0.006
26687,0.004,0.005
26688,0.004,0.006
26689,0.004,0.006
26690,0.004,0.005
26691,0.004,0.006
26692,0.004,0.006
26693,0.004,0.006
26694,0.004,0.006
26695,0.004,0.006
26696,0.004,0.006
26697,0.004,0.005
26698,0.004,0.005
26699,0.004,0.005
26700,0.004,0.005
26701,0.004,0.005
26702,0.004,0.005
26703,0.004,0.006
26704,0.004,0.006
26705,0.004,0.005
26706,0.004,0.006
26707,0.004,0.006
26708,0.004,0.006
26709,0.004,0.006
26710,0.004,0.005
26711,0.004,0.006
26712,0.004,0.005
26713,0.004,0.005
26714,0.004,0.005
26715,0.004,0.005
26716,0.004,0.005
26717,0.004,0.006
26718,0.004,0.006
26719,0.004,0.006
26720,0.004,0.005
26721,0.004,0.005
26722,0.004,0.006
26723,0.004,0.005
26724,0.004,0.005
26725,0.004,0.005
26726,0.004,0.005
26727,0.004,0.005
26728,0.004,0.006
26729,0.004,0.006
26730,0.004,0.005
26731,0.004,0.005
26732,0.004,0.005
26733,0.004,0.005
26734,0.004,0.005
26735,0.004,0.005
26736,0.004,0.005
26737,0.004,0.005
26738,0.004,0.006
26739,0.004,0.005
26740,0.004,0.006
26741,0.004,0.005
26742,0.004,0.005
26743,0.004,0.005
26744,0.004,0.005
26745,0.004,0.005
26746,0.004,0.005
26747,0.004,0.005
26748,0.004,0.005
26749,0.004,0.005
26750,0.004,0.005
26751,0.004,0.005
26752,0.004,0.006
26753,0.004,0.005
26754,0.004,0.006
26755,0.004,0.006
26756,0.004,0.005
26757,0.004,0.005
26758,0.004,0.005
26759,0.004,0.005
26760,0.004,0.006
26761,0.004,0.005
26762,0.004,0.006
26763,0.004,0.006
26764,0.004,0.005
26765,0.004,0.006
26766,0.004,0.006
26767,0.004,0.005
26768,0.004,0.005
26769,0.004,0.006
26770,0.004,0.006
26771,0.004,0.006
26772,0.004,0.006
26773,0.004,0.006
26774,0.004,0.005
26775,0.004,0.005
26776,0.004,0.005
26777,0.004,0.005
26778,0.004,0.005
26779,0.004,0.006
26780,0.004,0.006
26781,0.004,0.005
26782,0.004,0.005
26783,0.004,0.005
26784,0.004,0.005
26785,0.004,0.006
26786,0.004,0.005
26787,0.004,0.005
26788,0.004,0.006
26789,0.004,0.006
26790,0.004,0.005
26791,0.004,0.005
26792,0.004,0.006
26793,0.004,0.005
26794,0.004,0.005
26795,0.004,0.006
26796,0.004,0.006
26797,0.004,0.006
26798,0.004,0.005
26799,0.004,0.006
26800,0.004,0.005
26801,0.004,0.006
26802,0.004,0.005
26803,0.004,0.006
26804,0.004,0.006
26805,0.004,0.005
26806,0.004,0.005
26807,0.004,0.006
26808,0.004,0.005
26809,0.004,0.005
26810,0.004,0.005
26811,0.004,0.005
26812,0.004,0.005
26813,0.004,0.006
26814,0.005,0.006
26815,0.005,0.006
26816,0.005,0.006
26817,0.004,0.005
26818,0.004,0.005
26819,0.004,0.005
26820,0.004,0.005
26821,0.004,0.005
26822,0.004,0.005
26823,0.004,0.005
26824,0.004,0.006
26825,0.004,0.006
26826,0.004,0.006
26827,0.004,0.005
26828,0.004,0.005
26829,0.004,0.005
26830,0.004,0.006
26831,0.004,0.006
26832,0.004,0.006
26833,0.004,0.005
26834,0.004,0.006
26835,0.004,0.006
26836,0.004,0.006
26837,0.004,0.005
26838,0.004,0.005
26839,0.004,0.005
26840,0.004,0.006
26841,0.004,0.005
26842,0.004,0.005
26843,0.004,0.005
26844,0.004,0.005
26845,0.004,0.005
26846,0.004,0.006
26847,0.004,0.006
26848,0.004,0.006
26849,0.004,0.006
26850,0.004,0.006
26851,0.004,0.006
26852,0.004,0.006
26853,0.004,0.006
26854,0.004,0.005
26855,0.004,0.005
26856,0.004,0.005
26857,0.004,0.006
26858,0.004,0.006
26859,0.004,0.005
26860,0.005,0.006
26861,0.005,0.006
26862,0.004,0.006
26863,0.004,0.005
26864,0.004,0.006
26865,0.004,0.006
26866,0.004,0.006
26867,0.004,0.006
26868,0.004,0.005
26869,0.004,0.005
26870,0.004,0.005
26871,0.004,0.005
26872,0.004,0.005
26873,0.004,0.005
26874,0.004,0.005
26875,0.004,0.006
26876,0.004,0.006
26877,0.004,0.006
26878,0.004,0.006
26879,0.004,0.006
26880,0.004,0.005
26881,0.004,0.005
26882,0.004,0.005
26883,0.004,0.005
26884,0.004,0.005
26885,0.004,0.005
26886,0.004,0.005
26887,0.004,0.005
26888,0.004,0.006
26889,0.004,0.005
26890,0.004,0.006
26891,0.004,0.005
26892,0.004,0.005
26893,0.004,0.006
26894,0.004,0.006
26895,0.004,0.005
26896,0.004,0.005
26897,0.004,0.006
26898,0.004,0.005
26899,0.004,0.006
26900,0.004,0.006
26901,0.004,0.006
26902,0.004,0.005
26903,0.004,0.006
26904,0.004,0.006
26905,0.004,0.005
26906,0.004,0.006
26907,0.004,0.005
26908,0.004,0.005
26909,0.004,0.006
26910,0.004,0.006
26911,0.004,0.006
26912,0.004,0.006
26913,0.004,0.005
26914,0.004,0.006
26915,0.004,0.005
26916,0.004,0.006
26917,0.004,0.006
26918,0.004,0.005
26919,0.004,0.006
26920,0.004,0.005
26921,0.004,0.005
26922,0.004,0.005
26923,0.004,0.006
26924,0.004,0.005
26925,0.004,0.006
26926,0.004,0.006
26927,0.004,0.005
26928,0.004,0.006
26929,0.004,0.005
26930,0.004,0.006
26931,0.004,0.005
26932,0.004,0.005
26933,0.004,0.005
26934,0.004,0.006
26935,0.004,0.005
26936,0.004,0.005
26937,0.004,0.005
26938,0.004,0.005
26939,0.004,0.005
26940,0.004,0.006
26941,0.004,0.005
26942,0.004,0.005
26943,0.004,0.006
26944,0.004,0.005
26945,0.004,0.005
26946,0.004,0.006
26947,0.004,0.005
26948,0.004,0.005
26949,0.004,0.005
26950,0.004,0.005
26951,0.004,0.005
26952,0.004,0.005
26953,0.004,0.005
26954,0.004,0.005
26955,0.004,0.006
26956,0.004,0.006
26957,0.004,0.006
26958,0.004,0.005
26959,0.004,0.005
26960,0.004,0.005
26961,0.004,0.005
26962,0.004,0.005
26963,0.004,0.005
26964,0.004,0.005
26965,0.004,0.006
26966,0.004,0.005
26967,0.004,0.005
26968,0.004,0.005
26969,0.004,0.005
26970,0.004,0.005
26971,0.004,0.005
26972,0.004,0.005
26973,0.004,0.006
26974,0.004,0.005
26975,0.004,0.005
26976,0.004,0.005
26977,0.004,0.005
26978,0.004,0.005
26979,0.004,0.005
26980,0.004,0.006
26981,0.004,0.005
26982,0.004,0.005
26983,0.004,0.006
26984,0.004,0.005
26985,0.004,0.005
26986,0.004,0.005
26987,0.004,0.005
26988,0.004,0.005
26989,0.004,0.005
26990,0.004,0.005
26991,0.004,0.005
26992,0.004,0.005
26993,0.004,0.005
26994,0.004,0.006
26995,0.004,0.006
26996,0.004,0.005
26997,0.004,0.005
26998,0.004,0.005
26999,0.004,0.006
27000,0.004,0.006
