frame,tank1,tank2,tank3,overall
1,0.000,0.000,0.000,0.000
2,0.000,0.000,0.000,0.000
3,0.000,0.000,0.000,0.000
4,0.000,0.000,0.000,0.000
5,0.001,0.001,0.000,0.000
6,0.000,0.000,0.000,0.000
7,0.000,0.000,0.000,0.000
8,0.000,0.000,0.000,0.000
9,0.000,0.000,0.000,0.000
10,0.000,0.000,0.000,0.000
11,0.000,0.000,0.000,0.000
12,0.000,0.000,0.000,0.000
13,0.000,0.000,0.000,0.000
14,0.000,0.000,0.000,0.000
15,0.000,0.000,0.000,0.000
16,0.000,0.000,0.000,0.000
17,0.000,0.000,0.000,0.000
18,0.000,0.000,0.000,0.000
19,0.000,0.000,0.000,0.000
20,0.000,0.000,0.000,0.000
21,0.000,0.000,0.000,0.000
22,0.000,0.000,0.000,0.000
23,0.000,0.000,0.000,0.000
24,0.000,0.000,0.000,0.000
25,0.000,0.000,0.000,0.000
26,0.000,0.000,0.000,0.000
27,0.000,0.000,0.000,0.000
28,0.000,0.000,0.000,0.000
29,0.000,0.000,0.000,0.000
30,0.000,0.000,0.000,0.000
31,0.000,0.000,0.000,0.000
32,0.000,0.000,0.000,0.000
33,0.000,0.000,0.000,0.000
34,0.000,0.000,0.000,0.000
35,0.000,0.000,0.000,0.000
36,0.000,0.000,0.000,0.000
37,0.000,0.000,0.000,0.000
38,0.000,0.000,0.000,0.000
39,0.000,0.000,0.000,0.000
40,0.000,0.000,0.000,0.000
41,0.000,0.000,0.000,0.000
42,0.000,0.000,0.000,0.000
43,0.000,0.000,0.000,0.000
44,0.000,0.000,0.000,0.000
45,0.000,0.000,0.000,0.000
46,0.000,0.000,0.000,0.000
47,0.000,0.000,0.000,0.000
48,0.000,0.000,0.000,0.000
49,0.000,0.000,0.000,0.000
50,0.000,0.000,0.000,0.000
51,0.000,0.000,0.000,0.000
52,0.000,0.000,0.000,0.000
53,0.000,0.000,0.000,0.000
54,0.000,0.000,0.000,0.000
55,0.000,0.000,0.000,0.000
56,0.000,0.000,0.000,0.000
57,0.000,0.000,0.000,0.000
58,0.000,0.000,0.000,0.000
59,0.000,0.000,0.000,0.000
60,0.000,0.000,0.000,0.000
61,0.000,0.000,0.000,0.000
62,0.000,0.000,0.000,0.000
63,0.000,0.000,0.000,0.000
64,0.000,0.000,0.000,0.000
65,0.000,0.000,0.000,0.000
66,0.000,0.000,0.000,0.000
67,0.000,0.000,0.000,0.000
68,0.000,0.000,0.000,0.000
69,0.000,0.000,0.000,0.000
70,0.000,0.000,0.000,0.000
71,0.000,0.000,0.000,0.000
72,0.000,0.000,0.000,0.000
73,0.000,0.000,0.000,0.000
74,0.000,0.000,0.000,0.000
75,0.000,0.000,0.000,0.000
76,0.000,0.000,0.000,0.000
77,0.000,0.000,0.000,0.000
78,0.000,0.000,0.000,0.000
79,0.000,0.000,0.000,0.000
80,0.000,0.000,0.000,0.000
81,0.000,0.000,0.000,0.000
82,0.000,0.000,0.000,0.000
83,0.000,0.000,0.000,0.000
84,0.000,0.000,0.000,0.000
85,0.000,0.000,0.000,0.000
86,0.000,0.000,0.000,0.000
87,0.000,0.000,0.000,0.000
88,0.000,0.000,0.000,0.000
89,0.000,0.000,0.000,0.000
90,0.000,0.000,0.000,0.000
91,0.000,0.000,0.000,0.000
92,0.000,0.000,0.000,0.000
93,0.000,0.000,0.000,0.000
94,0.000,0.000,0.000,0.000
95,0.000,0.000,0.000,0.000
96,0.000,0.000,0.000,0.000
97,0.000,0.000,0.000,0.000
98,0.000,0.000,0.000,0.000
99,0.000,0.000,0.000,0.000
100,0.000,0.000,0.000,0.000
101,0.000,0.000,0.000,0.000
102,0.000,0.000,0.000,0.000
103,0.000,0.000,0.000,0.000
104,0.000,0.000,0.000,0.000
105,0.000,0.000,0.000,0.000
106,0.000,0.000,0.000,0.000
107,0.000,0.000,0.000,0.000
108,0.000,0.000,0.000,0.000
109,0.000,0.000,0.000,0.000
110,0.000,0.000,0.000,0.000
111,0.000,0.000,0.000,0.000
112,0.000,0.000,0.000,0.000
113,0.000,0.000,0.000,0.000
114,0.000,0.000,0.000,0.000
115,0.000,0.000,0.000,0.000
116,0.000,0.000,0.000,0.000
117,0.000,0.000,0.000,0.000
118,0.000,0.000,0.000,0.000
119,0.000,0.000,0.000,0.000
120,0.000,0.000,0.000,0.000
121,0.000,0.000,0.000,0.000
122,0.000,0.000,0.000,0.000
123,0.000,0.000,0.000,0.000
124,0.000,0.000,0.000,0.000
125,0.000,0.000,0.000,0.000
126,0.000,0.000,0.000,0.000
127,0.000,0.000,0.000,0.000
128,0.000,0.000,0.000,0.000
129,0.000,0.000,0.000,0.000
130,0.000,0.000,0.000,0.000
131,0.000,0.000,0.000,0.000
132,0.000,0.000,0.000,0.000
133,0.000,0.000,0.000,0.000
134,0.000,0.000,0.000,0.000
135,0.000,0.000,0.000,0.000
136,0.000,0.000,0.000,0.000
137,0.000,0.000,0.000,0.000
138,0.000,0.000,0.000,0.000
139,0.000,0.000,0.000,0.000
140,0.000,0.000,0.000,0.000
141,0.000,0.000,0.000,0.000
142,0.000,0.000,0.000,0.000
143,0.000,0.000,0.000,0.000
144,0.000,0.000,0.000,0.000
145,0.000,0.000,0.000,0.000
146,0.000,0.000,0.000,0.000
147,0.000,0.000,0.000,0.000
148,0.000,0.000,0.000,0.000
149,0.000,0.000,0.000,0.000
150,0.000,0.000,0.000,0.000
151,0.000,0.000,0.000,0.000
152,0.000,0.000,0.000,0.000
153,0.000,0.000,0.000,0.000
154,0.000,0.000,0.000,0.000
155,0.000,0.000,0.000,0.000
156,0.000,0.000,0.000,0.000
157,0.000,0.000,0.000,0.000
158,0.000,0.000,0.000,0.000
159,0.000,0.000,0.000,0.000
160,0.000,0.000,0.000,0.000
161,0.000,0.000,0.000,0.000
162,0.000,0.000,0.000,0.000
163,0.000,0.000,0.000,0.000
164,0.000,0.000,0.000,0.000
165,0.000,0.000,0.000,0.000
166,0.000,0.000,0.000,0.000
167,0.000,0.000,0.000,0.000
168,0.000,0.000,0.000,0.000
169,0.000,0.000,0.000,0.000
170,0.000,0.000,0.000,0.000
171,0.000,0.000,0.000,0.000
172,0.000,0.000,0.000,0.000
173,0.000,0.000,0.000,0.000
174,0.000,0.000,0.000,0.000
175,0.000,0.000,0.000,0.000
176,0.000,0.000,0.000,0.000
177,0.000,0.000,0.000,0.000
178,0.000,0.000,0.000,0.000
179,0.000,0.000,0.000,0.000
180,0.000,0.000,0.000,0.000
181,0.000,0.000,0.000,0.000
182,0.000,0.000,0.000,0.000
183,0.000,0.000,0.000,0.000
184,0.000,0.000,0.000,0.000
185,0.000,0.000,0.000,0.000
186,0.000,0.000,0.000,0.000
187,0.000,0.000,0.000,0.000
188,0.000,0.000,0.000,0.000
189,0.000,0.000,0.000,0.000
190,0.000,0.000,0.000,0.000
191,0.000,0.000,0.000,0.000
192,0.000,0.000,0.000,0.000
193,0.000,0.000,0.000,0.000
194,0.000,0.000,0.000,0.000
195,0.000,0.000,0.000,0.000
196,0.000,0.000,0.000,0.000
197,0.000,0.000,0.000,0.000
198,0.000,0.000,0.000,0.000
199,0.000,0.000,0.000,0.000
200,0.000,0.000,0.000,0.000
201,0.000,0.000,0.000,0.000
202,0.000,0.000,0.000,0.000
203,0.000,0.000,0.000,0.000
204,0.000,0.000,0.000,0.000
205,0.000,0.000,0.000,0.000
206,0.000,0.000,0.000,0.000
207,0.000,0.000,0.000,0.000
208,0.000,0.000,0.000,0.000
209,0.000,0.000,0.000,0.000
210,0.000,0.000,0.000,0.000
211,0.000,0.000,0.000,0.000
212,0.000,0.000,0.000,0.000
213,0.000,0.000,0.000,0.000
214,0.000,0.000,0.000,0.000
215,0.000,0.000,0.000,0.000
216,0.000,0.000,0.000,0.000
217,0.000,0.000,0.000,0.000
218,0.000,0.000,0.000,0.000
219,0.000,0.000,0.000,0.000
220,0.000,0.000,0.000,0.000
221,0.000,0.000,0.000,0.000
222,0.000,0.000,0.000,0.000
223,0.000,0.000,0.000,0.000
224,0.000,0.000,0.000,0.000
225,0.000,0.000,0.000,0.000
226,0.000,0.000,0.000,0.000
227,0.000,0.000,0.000,0.000
228,0.000,0.000,0.000,0.000
229,0.000,0.000,0.000,0.000
230,0.000,0.000,0.000,0.000
231,0.000,0.000,0.000,0.000
232,0.000,0.000,0.000,0.000
233,0.000,0.000,0.000,0.000
234,0.000,0.000,0.000,0.000
235,0.000,0.000,0.000,0.000
236,0.000,0.000,0.000,0.000
237,0.000,0.000,0.000,0.000
238,0.000,0.000,0.000,0.000
239,0.000,0.000,0.000,0.000
240,0.000,0.000,0.000,0.000
241,0.000,0.000,0.000,0.000
242,0.000,0.000,0.000,0.000
243,0.000,0.000,0.000,0.000
244,0.000,0.000,0.000,0.000
245,0.000,0.000,0.000,0.000
246,0.000,0.000,0.000,0.000
247,0.000,0.000,0.000,0.000
248,0.000,0.000,0.000,0.000
249,0.000,0.000,0.000,0.000
250,0.000,0.000,0.000,0.000
251,0.000,0.000,0.000,0.000
252,0.000,0.000,0.000,0.000
253,0.000,0.000,0.000,0.000
254,0.000,0.000,0.000,0.000
255,0.000,0.000,0.000,0.000
256,0.000,0.000,0.000,0.000
257,0.000,0.000,0.000,0.000
258,0.000,0.000,0.000,0.000
259,0.000,0.000,0.000,0.000
260,0.000,0.000,0.000,0.000
261,0.000,0.000,0.000,0.000
262,0.000,0.000,0.000,0.000
263,0.000,0.000,0.000,0.000
264,0.000,0.000,0.000,0.000
265,0.000,0.000,0.000,0.000
266,0.000,0.000,0.000,0.000
267,0.000,0.000,0.000,0.000
268,0.000,0.000,0.000,0.000
269,0.000,0.000,0.000,0.000
270,0.000,0.000,0.000,0.000
271,0.000,0.000,0.000,0.000
272,0.000,0.000,0.000,0.000
273,0.000,0.000,0.000,0.000
274,0.000,0.000,0.000,0.000
275,0.000,0.000,0.000,0.000
276,0.000,0.000,0.000,0.000
277,0.000,0.000,0.000,0.000
278,0.000,0.000,0.000,0.000
279,0.000,0.000,0.000,0.000
280,0.000,0.000,0.000,0.000
281,0.000,0.000,0.000,0.000
282,0.000,0.000,0.000,0.000
283,0.000,0.000,0.000,0.000
284,0.000,0.000,0.000,0.000
285,0.000,0.000,0.000,0.000
286,0.000,0.000,0.000,0.000
287,0.000,0.000,0.000,0.000
288,0.000,0.000,0.000,0.000
289,0.000,0.000,0.000,0.000
290,0.000,0.000,0.000,0.000
291,0.000,0.000,0.000,0.000
292,0.000,0.000,0.000,0.000
293,0.000,0.000,0.000,0.000
294,0.000,0.000,0.000,0.000
295,0.000,0.000,0.000,0.000
296,0.000,0.000,0.000,0.000
297,0.000,0.000,0.000,0.000
298,0.000,0.000,0.000,0.000
299,0.000,0.000,0.000,0.000
300,0.000,0.000,0.000,0.000
301,0.000,0.000,0.000,0.000
302,0.000,0.000,0.000,0.000
303,0.000,0.000,0.000,0.000
304,0.000,0.000,0.000,0.000
305,0.000,0.000,0.000,0.000
306,0.000,0.000,0.000,0.000
307,0.000,0.000,0.000,0.000
308,0.000,0.000,0.000,0.000
309,0.000,0.000,0.000,0.000
310,0.000,0.000,0.000,0.000
311,0.000,0.000,0.000,0.000
312,0.000,0.000,0.000,0.000
313,0.000,0.000,0.000,0.000
314,0.000,0.000,0.000,0.000
315,0.000,0.000,0.000,0.000
316,0.000,0.000,0.000,0.000
317,0.000,0.000,0.000,0.000
318,0.000,0.000,0.000,0.000
319,0.000,0.000,0.000,0.000
320,0.000,0.000,0.000,0.000
321,0.000,0.000,0.000,0.000
322,0.000,0.000,0.000,0.000
323,0.000,0.000,0.000,0.000
324,0.000,0.000,0.000,0.000
325,0.000,0.000,0.000,0.000
326,0.000,0.000,0.000,0.000
327,0.000,0.000,0.000,0.000
328,0.000,0.000,0.000,0.000
329,0.000,0.000,0.000,0.000
330,0.000,0.000,0.000,0.000
331,0.000,0.000,0.000,0.000
332,0.000,0.000,0.000,0.000
333,0.000,0.000,0.000,0.000
334,0.000,0.000,0.000,0.000
335,0.000,0.000,0.000,0.000
336,0.000,0.000,0.000,0.000
337,0.000,0.000,0.000,0.000
338,0.000,0.000,0.000,0.000
339,0.000,0.000,0.000,0.000
340,0.000,0.000,0.000,0.000
341,0.000,0.000,0.000,0.000
342,0.000,0.000,0.000,0.000
343,0.000,0.000,0.000,0.000
344,0.000,0.000,0.000,0.000
345,0.000,0.000,0.000,0.000
346,0.000,0.000,0.000,0.000
347,0.000,0.000,0.000,0.000
348,0.000,0.000,0.000,0.000
349,0.000,0.000,0.000,0.000
350,0.000,0.000,0.000,0.000
351,0.000,0.000,0.000,0.000
352,0.000,0.000,0.000,0.000
353,0.000,0.000,0.000,0.000
354,0.000,0.000,0.000,0.000
355,0.000,0.000,0.000,0.000
356,0.000,0.000,0.000,0.000
357,0.000,0.000,0.000,0.000
358,0.000,0.000,0.000,0.000
359,0.000,0.000,0.000,0.000
360,0.000,0.000,0.000,0.000
361,0.000,0.000,0.000,0.000
362,0.000,0.000,0.000,0.000
363,0.000,0.000,0.000,0.000
364,0.000,0.000,0.000,0.000
365,0.000,0.000,0.000,0.000
366,0.000,0.000,0.000,0.000
367,0.000,0.000,0.000,0.000
368,0.000,0.000,0.000,0.000
369,0.000,0.000,0.000,0.000
370,0.000,0.000,0.000,0.000
371,0.000,0.000,0.000,0.000
372,0.000,0.000,0.000,0.000
373,0.000,0.000,0.000,0.000
374,0.000,0.000,0.000,0.000
375,0.000,0.000,0.000,0.000
376,0.000,0.000,0.000,0.000
377,0.000,0.000,0.000,0.000
378,0.000,0.000,0.000,0.000
379,0.000,0.000,0.000,0.000
380,0.000,0.000,0.000,0.000
381,0.000,0.000,0.000,0.000
382,0.000,0.000,0.000,0.000
383,0.000,0.000,0.000,0.000
384,0.000,0.000,0.000,0.000
385,0.000,0.000,0.000,0.000
386,0.000,0.000,0.000,0.000
387,0.000,0.000,0.000,0.000
388,0.000,0.000,0.000,0.000
389,0.000,0.000,0.000,0.000
390,0.000,0.000,0.000,0.000
391,0.000,0.000,0.000,0.000
392,0.000,0.000,0.000,0.000
393,0.000,0.000,0.000,0.000
394,0.000,0.000,0.000,0.000
395,0.000,0.000,0.000,0.000
396,0.000,0.000,0.000,0.000
397,0.000,0.000,0.000,0.000
398,0.000,0.000,0.000,0.000
399,0.000,0.000,0.000,0.000
400,0.000,0.000,0.000,0.000
401,0.000,0.000,0.000,0.000
402,0.000,0.000,0.000,0.000
403,0.000,0.000,0.000,0.000
404,0.000,0.000,0.000,0.000
405,0.000,0.000,0.000,0.000
406,0.000,0.000,0.000,0.000
407,0.000,0.000,0.000,0.000
408,0.000,0.000,0.000,0.000
409,0.000,0.000,0.000,0.000
410,0.000,0.000,0.000,0.000
411,0.000,0.000,0.000,0.000
412,0.000,0.000,0.000,0.000
413,0.000,0.000,0.000,0.000
414,0.000,0.000,0.000,0.000
415,0.000,0.000,0.000,0.000
416,0.000,0.000,0.000,0.000
417,0.000,0.000,0.000,0.000
418,0.000,0.000,0.000,0.000
419,0.000,0.000,0.000,0.000
420,0.000,0.000,0.000,0.000
421,0.000,0.000,0.000,0.000
422,0.000,0.000,0.000,0.000
423,0.000,0.000,0.000,0.000
424,0.000,0.000,0.000,0.000
425,0.000,0.000,0.000,0.000
426,0.000,0.000,0.000,0.000
427,0.000,0.000,0.000,0.000
428,0.000,0.000,0.000,0.000
429,0.000,0.000,0.000,0.000
430,0.000,0.000,0.000,0.000
431,0.000,0.000,0.000,0.000
432,0.000,0.000,0.000,0.000
433,0.000,0.000,0.000,0.000
434,0.000,0.000,0.000,0.000
435,0.000,0.000,0.000,0.000
436,0.000,0.000,0.000,0.000
437,0.000,0.000,0.000,0.000
438,0.000,0.000,0.000,0.000
439,0.000,0.000,0.000,0.000
440,0.000,0.000,0.000,0.000
441,0.000,0.000,0.000,0.000
442,0.000,0.000,0.000,0.000
443,0.000,0.000,0.000,0.000
444,0.000,0.000,0.000,0.000
445,0.000,0.000,0.000,0.000
446,0.000,0.000,0.000,0.000
447,0.000,0.000,0.000,0.000
448,0.000,0.000,0.000,0.000
449,0.000,0.000,0.000,0.000
450,0.000,0.000,0.000,0.000
451,0.000,0.000,0.000,0.000
452,0.000,0.000,0.000,0.000
453,0.000,0.000,0.000,0.000
454,0.000,0.000,0.000,0.000
455,0.000,0.000,0.000,0.000
456,0.000,0.000,0.000,0.000
457,0.000,0.000,0.000,0.000
458,0.000,0.000,0.000,0.000
459,0.000,0.000,0.000,0.000
460,0.000,0.000,0.000,0.000
461,0.000,0.000,0.000,0.000
462,0.000,0.000,0.000,0.000
463,0.000,0.000,0.000,0.000
464,0.000,0.000,0.000,0.000
465,0.000,0.000,0.000,0.000
466,0.000,0.000,0.000,0.000
467,0.000,0.000,0.000,0.000
468,0.000,0.000,0.000,0.000
469,0.000,0.000,0.000,0.000
470,0.000,0.000,0.000,0.000
471,0.000,0.000,0.000,0.000
472,0.000,0.000,0.000,0.000
473,0.000,0.000,0.000,0.000
474,0.000,0.000,0.000,0.000
475,0.000,0.000,0.000,0.000
476,0.000,0.000,0.000,0.000
477,0.000,0.000,0.000,0.000
478,0.000,0.000,0.000,0.000
479,0.000,0.000,0.000,0.000
480,0.000,0.000,0.000,0.000
481,0.000,0.000,0.000,0.000
482,0.000,0.000,0.000,0.000
483,0.000,0.000,0.000,0.000
484,0.000,0.000,0.000,0.000
485,0.000,0.000,0.000,0.000
486,0.000,0.000,0.000,0.000
487,0.000,0.000,0.000,0.000
488,0.000,0.000,0.000,0.000
489,0.000,0.000,0.000,0.000
490,0.000,0.000,0.000,0.000
491,0.000,0.000,0.000,0.000
492,0.000,0.000,0.000,0.000
493,0.000,0.000,0.000,0.000
494,0.000,0.000,0.000,0.000
495,0.000,0.000,0.000,0.000
496,0.000,0.000,0.000,0.000
497,0.000,0.000,0.000,0.000
498,0.000,0.000,0.000,0.000
499,0.000,0.000,0.000,0.000
500,0.000,0.000,0.000,0.000
501,0.000,0.000,0.000,0.000
502,0.000,0.000,0.000,0.000
503,0.000,0.000,0.000,0.000
504,0.000,0.000,0.000,0.000
505,0.000,0.000,0.000,0.000
506,0.000,0.000,0.000,0.000
507,0.000,0.000,0.000,0.000
508,0.000,0.000,0.000,0.000
509,0.000,0.000,0.000,0.000
510,0.000,0.000,0.000,0.000
511,0.000,0.000,0.000,0.000
512,0.000,0.000,0.000,0.000
513,0.000,0.000,0.000,0.000
514,0.000,0.000,0.000,0.000
515,0.000,0.000,0.000,0.000
516,0.000,0.000,0.000,0.000
517,0.000,0.000,0.000,0.000
518,0.000,0.000,0.000,0.000
519,0.000,0.000,0.000,0.000
520,0.000,0.000,0.000,0.000
521,0.000,0.000,0.000,0.000
522,0.000,0.000,0.000,0.000
523,0.000,0.000,0.000,0.000
524,0.000,0.000,0.000,0.000
525,0.000,0.000,0.000,0.000
526,0.000,0.000,0.000,0.000
527,0.000,0.000,0.000,0.000
528,0.000,0.000,0.000,0.000
529,0.000,0.000,0.000,0.000
530,0.000,0.000,0.000,0.000
531,0.000,0.000,0.000,0.000
532,0.000,0.000,0.000,0.000
533,0.000,0.000,0.000,0.000
534,0.000,0.000,0.000,0.000
535,0.000,0.000,0.000,0.000
536,0.000,0.000,0.000,0.000
537,0.000,0.000,0.000,0.000
538,0.000,0.000,0.000,0.000
539,0.000,0.000,0.000,0.000
540,0.000,0.000,0.000,0.000
541,0.000,0.000,0.000,0.000
542,0.000,0.000,0.000,0.000
543,0.000,0.000,0.000,0.000
544,0.000,0.000,0.000,0.000
545,0.000,0.000,0.000,0.000
546,0.000,0.000,0.000,0.000
547,0.000,0.000,0.000,0.000
548,0.000,0.000,0.000,0.000
549,0.000,0.000,0.000,0.000
550,0.000,0.000,0.000,0.000
551,0.000,0.000,0.000,0.000
552,0.000,0.000,0.000,0.000
553,0.000,0.000,0.000,0.000
554,0.000,0.000,0.000,0.000
555,0.000,0.000,0.000,0.000
556,0.000,0.000,0.000,0.000
557,0.000,0.000,0.000,0.000
558,0.000,0.000,0.000,0.000
559,0.000,0.000,0.000,0.000
560,0.000,0.000,0.000,0.000
561,0.000,0.000,0.000,0.000
562,0.000,0.000,0.000,0.000
563,0.000,0.000,0.000,0.000
564,0.000,0.000,0.000,0.000
565,0.000,0.000,0.000,0.000
566,0.000,0.000,0.000,0.000
567,0.000,0.000,0.000,0.000
568,0.000,0.000,0.000,0.000
569,0.000,0.000,0.000,0.000
570,0.000,0.000,0.000,0.000
571,0.000,0.000,0.000,0.000
572,0.000,0.000,0.000,0.000
573,0.000,0.000,0.000,0.000
574,0.000,0.000,0.000,0.000
575,0.000,0.000,0.000,0.000
576,0.000,0.000,0.000,0.000
577,0.000,0.000,0.000,0.000
578,0.000,0.000,0.000,0.000
579,0.000,0.000,0.000,0.000
580,0.000,0.000,0.000,0.000
581,0.000,0.000,0.000,0.000
582,0.000,0.000,0.000,0.000
583,0.000,0.000,0.000,0.000
584,0.000,0.000,0.000,0.000
585,0.000,0.000,0.000,0.000
586,0.000,0.000,0.000,0.000
587,0.000,0.000,0.000,0.000
588,0.000,0.000,0.000,0.000
589,0.000,0.000,0.000,0.000
590,0.000,0.000,0.000,0.000
591,0.000,0.000,0.000,0.000
592,0.000,0.000,0.000,0.000
593,0.000,0.000,0.000,0.000
594,0.000,0.000,0.000,0.000
595,0.000,0.000,0.000,0.000
596,0.000,0.000,0.000,0.000
597,0.000,0.000,0.000,0.000
598,0.000,0.000,0.000,0.000
599,0.000,0.000,0.000,0.000
600,0.000,0.000,0.000,0.000
601,0.000,0.000,0.000,0.000
602,0.000,0.000,0.000,0.000
603,0.000,0.000,0.000,0.000
604,0.000,0.000,0.000,0.000
605,0.000,0.000,0.000,0.000
606,0.000,0.000,0.000,0.000
607,0.000,0.000,0.000,0.000
608,0.000,0.000,0.000,0.000
609,0.000,0.000,0.000,0.000
610,0.000,0.000,0.000,0.000
611,0.000,0.000,0.000,0.000
612,0.000,0.000,0.000,0.000
613,0.000,0.000,0.000,0.000
614,0.000,0.000,0.000,0.000
615,0.000,0.000,0.000,0.000
616,0.000,0.000,0.000,0.000
617,0.000,0.000,0.000,0.000
618,0.000,0.000,0.000,0.000
619,0.000,0.000,0.000,0.000
620,0.000,0.000,0.000,0.000
621,0.000,0.000,0.000,0.000
622,0.000,0.000,0.000,0.000
623,0.000,0.000,0.000,0.000
624,0.000,0.000,0.000,0.000
625,0.000,0.000,0.000,0.000
626,0.000,0.000,0.000,0.000
627,0.000,0.000,0.000,0.000
628,0.000,0.000,0.000,0.000
629,0.000,0.000,0.000,0.000
630,0.000,0.000,0.000,0.000
631,0.000,0.000,0.000,0.000
632,0.000,0.000,0.000,0.000
633,0.000,0.000,0.000,0.000
634,0.000,0.000,0.000,0.000
635,0.000,0.000,0.000,0.000
636,0.000,0.000,0.000,0.000
637,0.000,0.000,0.000,0.000
638,0.000,0.000,0.000,0.000
639,0.000,0.000,0.000,0.000
640,0.000,0.000,0.000,0.000
641,0.000,0.000,0.000,0.000
642,0.000,0.000,0.000,0.000
643,0.000,0.000,0.000,0.000
644,0.000,0.000,0.000,0.000
645,0.000,0.000,0.000,0.000
646,0.000,0.000,0.000,0.000
647,0.000,0.000,0.000,0.000
648,0.000,0.000,0.000,0.000
649,0.000,0.000,0.000,0.000
650,0.000,0.000,0.000,0.000
651,0.000,0.000,0.000,0.000
652,0.000,0.000,0.000,0.000
653,0.000,0.000,0.000,0.000
654,0.000,0.000,0.000,0.000
655,0.000,0.000,0.000,0.000
656,0.000,0.000,0.000,0.000
657,0.000,0.000,0.000,0.000
658,0.000,0.000,0.000,0.000
659,0.000,0.000,0.000,0.000
660,0.000,0.000,0.000,0.000
661,0.000,0.000,0.000,0.000
662,0.000,0.000,0.000,0.000
663,0.000,0.000,0.000,0.000
664,0.000,0.000,0.000,0.000
665,0.000,0.000,0.000,0.000
666,0.000,0.000,0.000,0.000
667,0.000,0.000,0.000,0.000
668,0.000,0.000,0.000,0.000
669,0.000,0.000,0.000,0.000
670,0.000,0.000,0.000,0.000
671,0.000,0.000,0.000,0.000
672,0.000,0.000,0.000,0.000
673,0.000,0.000,0.000,0.000
674,0.000,0.000,0.000,0.000
675,0.000,0.000,0.000,0.000
676,0.000,0.000,0.000,0.000
677,0.000,0.000,0.000,0.000
678,0.000,0.000,0.000,0.000
679,0.000,0.000,0.000,0.000
680,0.000,0.000,0.000,0.000
681,0.000,0.000,0.000,0.000
682,0.000,0.000,0.000,0.000
683,0.000,0.000,0.000,0.000
684,0.000,0.000,0.000,0.000
685,0.000,0.000,0.000,0.000
686,0.000,0.000,0.000,0.000
687,0.000,0.000,0.000,0.000
688,0.000,0.000,0.000,0.000
689,0.000,0.000,0.000,0.000
690,0.000,0.000,0.000,0.000
691,0.000,0.000,0.000,0.000
692,0.000,0.000,0.000,0.000
693,0.000,0.000,0.000,0.000
694,0.000,0.000,0.000,0.000
695,0.000,0.000,0.000,0.000
696,0.000,0.000,0.000,0.000
697,0.000,0.000,0.000,0.000
698,0.000,0.000,0.000,0.000
699,0.000,0.000,0.000,0.000
700,0.000,0.000,0.000,0.000
701,0.000,0.000,0.000,0.000
702,0.000,0.000,0.000,0.000
703,0.000,0.000,0.000,0.000
704,0.000,0.000,0.000,0.000
705,0.000,0.000,0.000,0.000
706,0.000,0.000,0.000,0.000
707,0.000,0.000,0.000,0.000
708,0.000,0.000,0.000,0.000
709,0.000,0.000,0.000,0.000
710,0.000,0.000,0.000,0.000
711,0.000,0.000,0.000,0.000
712,0.000,0.000,0.000,0.000
713,0.000,0.000,0.000,0.000
714,0.000,0.000,0.000,0.000
715,0.000,0.000,0.000,0.000
716,0.000,0.000,0.000,0.000
717,0.000,0.000,0.000,0.000
718,0.000,0.000,0.000,0.000
719,0.000,0.000,0.000,0.000
720,0.000,0.000,0.000,0.000
721,0.000,0.000,0.000,0.000
722,0.000,0.000,0.000,0.000
723,0.000,0.000,0.000,0.000
724,0.000,0.000,0.000,0.000
725,0.000,0.000,0.000,0.000
726,0.000,0.000,0.000,0.000
727,0.000,0.000,0.000,0.000
728,0.000,0.000,0.000,0.000
729,0.000,0.000,0.000,0.000
730,0.000,0.000,0.000,0.000
731,0.000,0.000,0.000,0.000
732,0.000,0.000,0.000,0.000
733,0.000,0.000,0.000,0.000
734,0.000,0.000,0.000,0.000
735,0.000,0.000,0.000,0.000
736,0.000,0.000,0.000,0.000
737,0.000,0.000,0.000,0.000
738,0.000,0.000,0.000,0.000
739,0.000,0.000,0.000,0.000
740,0.000,0.000,0.000,0.000
741,0.000,0.000,0.000,0.000
742,0.000,0.000,0.000,0.000
743,0.000,0.000,0.000,0.000
744,0.000,0.000,0.000,0.000
745,0.000,0.000,0.000,0.000
746,0.000,0.000,0.000,0.000
747,0.000,0.000,0.000,0.000
748,0.000,0.000,0.000,0.000
749,0.000,0.000,0.000,0.000
750,0.000,0.000,0.000,0.000
751,0.000,0.000,0.000,0.000
752,0.000,0.000,0.000,0.000
753,0.000,0.000,0.000,0.000
754,0.000,0.000,0.000,0.000
755,0.000,0.000,0.000,0.000
756,0.000,0.000,0.000,0.000
757,0.000,0.000,0.000,0.000
758,0.000,0.000,0.000,0.000
759,0.000,0.000,0.000,0.000
760,0.000,0.000,0.000,0.000
761,0.000,0.000,0.000,0.000
762,0.000,0.000,0.000,0.000
763,0.000,0.000,0.000,0.000
764,0.000,0.000,0.000,0.000
765,0.000,0.000,0.000,0.000
766,0.000,0.000,0.000,0.000
767,0.000,0.000,0.000,0.000
768,0.000,0.000,0.000,0.000
769,0.000,0.000,0.000,0.000
770,0.000,0.000,0.000,0.000
771,0.000,0.000,0.000,0.000
772,0.000,0.000,0.000,0.000
773,0.000,0.000,0.000,0.000
774,0.000,0.000,0.000,0.000
775,0.000,0.000,0.000,0.000
776,0.000,0.000,0.000,0.000
777,0.000,0.000,0.000,0.000
778,0.000,0.000,0.000,0.000
779,0.000,0.000,0.000,0.000
780,0.000,0.000,0.000,0.000
781,0.000,0.000,0.000,0.000
782,0.000,0.000,0.000,0.000
783,0.000,0.000,0.000,0.000
784,0.000,0.000,0.000,0.000
785,0.000,0.000,0.000,0.000
786,0.000,0.000,0.000,0.000
787,0.000,0.000,0.000,0.000
788,0.000,0.000,0.000,0.000
789,0.000,0.000,0.000,0.000
790,0.000,0.000,0.000,0.000
791,0.000,0.000,0.000,0.000
792,0.000,0.000,0.000,0.000
793,0.000,0.000,0.000,0.000
794,0.000,0.000,0.000,0.000
795,0.000,0.000,0.000,0.000
796,0.000,0.000,0.000,0.000
797,0.000,0.000,0.000,0.000
798,0.000,0.000,0.000,0.000
799,0.000,0.000,0.000,0.000
800,0.000,0.000,0.000,0.000
801,0.000,0.000,0.000,0.000
802,0.000,0.000,0.000,0.000
803,0.000,0.000,0.000,0.000
804,0.000,0.000,0.000,0.000
805,0.000,0.000,0.000,0.000
806,0.000,0.000,0.000,0.000
807,0.000,0.000,0.000,0.000
808,0.000,0.000,0.000,0.000
809,0.000,0.000,0.000,0.000
810,0.000,0.000,0.000,0.000
811,0.000,0.000,0.000,0.000
812,0.000,0.000,0.000,0.000
813,0.000,0.000,0.000,0.000
814,0.000,0.000,0.000,0.000
815,0.000,0.000,0.000,0.000
816,0.000,0.000,0.000,0.000
817,0.000,0.000,0.000,0.000
818,0.000,0.000,0.000,0.000
819,0.000,0.000,0.000,0.000
820,0.000,0.000,0.000,0.000
821,0.000,0.000,0.000,0.000
822,0.000,0.000,0.000,0.000
823,0.000,0.000,0.000,0.000
824,0.000,0.000,0.000,0.000
825,0.000,0.000,0.000,0.000
826,0.000,0.000,0.000,0.000
827,0.000,0.000,0.000,0.000
828,0.000,0.000,0.000,0.000
829,0.000,0.000,0.000,0.000
830,0.000,0.000,0.000,0.000
831,0.000,0.000,0.000,0.000
832,0.000,0.000,0.000,0.000
833,0.000,0.000,0.000,0.000
834,0.000,0.000,0.000,0.000
835,0.000,0.000,0.000,0.000
836,0.000,0.000,0.000,0.000
837,0.000,0.000,0.000,0.000
838,0.000,0.000,0.000,0.000
839,0.000,0.000,0.000,0.000
840,0.000,0.000,0.000,0.000
841,0.000,0.000,0.000,0.000
842,0.000,0.000,0.000,0.000
843,0.000,0.000,0.000,0.000
844,0.000,0.000,0.000,0.000
845,0.000,0.000,0.000,0.000
846,0.000,0.000,0.000,0.000
847,0.000,0.000,0.000,0.000
848,0.000,0.000,0.000,0.000
849,0.000,0.000,0.000,0.000
850,0.000,0.000,0.000,0.000
851,0.000,0.000,0.000,0.000
852,0.000,0.000,0.000,0.000
853,0.000,0.000,0.000,0.000
854,0.000,0.000,0.000,0.000
855,0.000,0.000,0.000,0.000
856,0.000,0.000,0.000,0.000
857,0.000,0.000,0.000,0.000
858,0.000,0.000,0.000,0.000
859,0.000,0.000,0.000,0.000
860,0.000,0.000,0.000,0.000
861,0.000,0.000,0.000,0.000
862,0.000,0.000,0.000,0.000
863,0.000,0.000,0.000,0.000
864,0.000,0.000,0.000,0.000
865,0.000,0.000,0.000,0.000
866,0.000,0.000,0.000,0.000
867,0.000,0.000,0.000,0.000
868,0.000,0.000,0.000,0.000
869,0.000,0.000,0.000,0.000
870,0.000,0.000,0.000,0.000
871,0.000,0.000,0.000,0.000
872,0.000,0.000,0.000,0.000
873,0.000,0.000,0.000,0.000
874,0.000,0.000,0.000,0.000
875,0.000,0.000,0.000,0.000
876,0.000,0.000,0.000,0.000
877,0.000,0.000,0.000,0.000
878,0.000,0.000,0.000,0.000
879,0.000,0.000,0.000,0.000
880,0.000,0.000,0.000,0.000
881,0.000,0.000,0.000,0.000
882,0.000,0.000,0.000,0.000
883,0.000,0.000,0.000,0.000
884,0.000,0.000,0.000,0.000
885,0.000,0.000,0.000,0.000
886,0.000,0.000,0.000,0.000
887,0.000,0.000,0.000,0.000
888,0.000,0.000,0.000,0.000
889,0.000,0.000,0.000,0.000
890,0.000,0.000,0.000,0.000
891,0.000,0.000,0.000,0.000
892,0.000,0.000,0.000,0.000
893,0.000,0.000,0.000,0.000
894,0.000,0.000,0.000,0.000
895,0.000,0.000,0.000,0.000
896,0.000,0.000,0.000,0.000
897,0.000,0.000,0.000,0.000
898,0.000,0.000,0.000,0.000
899,0.000,0.000,0.000,0.000
900,0.000,0.000,0.000,0.000
901,0.000,0.000,0.000,0.000
902,0.000,0.000,0.000,0.000
903,0.000,0.000,0.000,0.000
904,0.000,0.000,0.000,0.000
905,0.000,0.000,0.000,0.000
906,0.000,0.000,0.000,0.000
907,0.000,0.000,0.000,0.000
908,0.000,0.000,0.000,0.000
909,0.000,0.000,0.000,0.000
910,0.000,0.000,0.000,0.000
911,0.000,0.000,0.000,0.000
912,0.000,0.000,0.000,0.000
913,0.000,0.000,0.000,0.000
914,0.000,0.000,0.000,0.000
915,0.000,0.000,0.000,0.000
916,0.000,0.000,0.000,0.000
917,0.000,0.000,0.000,0.000
918,0.000,0.000,0.000,0.000
919,0.000,0.000,0.000,0.000
920,0.000,0.000,0.000,0.000
921,0.000,0.000,0.000,0.000
922,0.000,0.000,0.000,0.000
923,0.000,0.000,0.000,0.000
924,0.000,0.000,0.000,0.000
925,0.000,0.000,0.000,0.000
926,0.000,0.000,0.000,0.000
927,0.000,0.000,0.000,0.000
928,0.000,0.000,0.000,0.000
929,0.000,0.000,0.000,0.000
930,0.000,0.000,0.000,0.000
931,0.000,0.000,0.000,0.000
932,0.000,0.000,0.000,0.000
933,0.000,0.000,0.000,0.000
934,0.000,0.000,0.000,0.000
935,0.000,0.000,0.000,0.000
936,0.000,0.000,0.000,0.000
937,0.000,0.000,0.000,0.000
938,0.000,0.000,0.000,0.000
939,0.000,0.000,0.000,0.000
940,0.000,0.000,0.000,0.000
941,0.000,0.000,0.000,0.000
942,0.000,0.000,0.000,0.000
943,0.000,0.000,0.000,0.000
944,0.000,0.000,0.000,0.000
945,0.000,0.000,0.000,0.000
946,0.000,0.000,0.000,0.000
947,0.000,0.000,0.000,0.000
948,0.000,0.000,0.000,0.000
949,0.000,0.000,0.000,0.000
950,0.000,0.000,0.000,0.000
951,0.000,0.000,0.000,0.000
952,0.000,0.000,0.000,0.000
953,0.000,0.000,0.000,0.000
954,0.000,0.000,0.000,0.000
955,0.000,0.000,0.000,0.000
956,0.000,0.000,0.000,0.000
957,0.000,0.000,0.000,0.000
958,0.000,0.000,0.000,0.000
959,0.000,0.000,0.000,0.000
960,0.000,0.000,0.000,0.000
961,0.000,0.000,0.000,0.000
962,0.000,0.000,0.000,0.000
963,0.000,0.000,0.000,0.000
964,0.000,0.000,0.000,0.000
965,0.000,0.000,0.000,0.000
966,0.000,0.000,0.000,0.000
967,0.000,0.000,0.000,0.000
968,0.000,0.000,0.000,0.000
969,0.000,0.000,0.000,0.000
970,0.000,0.000,0.000,0.000
971,0.000,0.000,0.000,0.000
972,0.000,0.000,0.000,0.000
973,0.000,0.000,0.000,0.000
974,0.000,0.000,0.000,0.000
975,0.000,0.000,0.000,0.000
976,0.000,0.000,0.000,0.000
977,0.000,0.000,0.000,0.000
978,0.000,0.000,0.000,0.000
979,0.000,0.000,0.000,0.000
980,0.000,0.000,0.000,0.000
981,0.000,0.000,0.000,0.000
982,0.000,0.000,0.000,0.000
983,0.000,0.000,0.000,0.000
984,0.000,0.000,0.000,0.000
985,0.000,0.000,0.000,0.000
986,0.000,0.000,0.000,0.000
987,0.000,0.000,0.000,0.000
988,0.000,0.000,0.000,0.000
989,0.000,0.000,0.000,0.000
990,0.000,0.000,0.000,0.000
991,0.000,0.000,0.000,0.000
992,0.000,0.000,0.000,0.000
993,0.000,0.000,0.000,0.000
994,0.000,0.000,0.000,0.000
995,0.000,0.000,0.000,0.000
996,0.000,0.000,0.000,0.000
997,0.000,0.000,0.000,0.000
998,0.000,0.000,0.000,0.000
999,0.000,0.000,0.000,0.000
1000,0.000,0.000,0.000,0.000
1001,0.000,0.000,0.000,0.000
1002,0.000,0.000,0.000,0.000
1003,0.000,0.000,0.000,0.000
1004,0.000,0.000,0.000,0.000
1005,0.000,0.000,0.000,0.000
1006,0.000,0.000,0.000,0.000
1007,0.000,0.000,0.000,0.000
1008,0.000,0.000,0.000,0.000
1009,0.000,0.000,0.000,0.000
1010,0.000,0.000,0.000,0.000
1011,0.000,0.000,0.000,0.000
1012,0.000,0.000,0.000,0.000
1013,0.000,0.000,0.000,0.000
1014,0.000,0.000,0.000,0.000
1015,0.000,0.000,0.000,0.000
1016,0.000,0.000,0.000,0.000
1017,0.000,0.000,0.000,0.000
1018,0.000,0.000,0.000,0.000
1019,0.000,0.000,0.000,0.000
1020,0.000,0.000,0.000,0.000
1021,0.000,0.000,0.000,0.000
1022,0.000,0.000,0.000,0.000
1023,0.000,0.000,0.000,0.000
1024,0.000,0.000,0.000,0.000
1025,0.000,0.000,0.000,0.000
1026,0.000,0.000,0.000,0.000
1027,0.000,0.000,0.000,0.000
1028,0.000,0.000,0.000,0.000
1029,0.000,0.000,0.000,0.000
1030,0.000,0.000,0.000,0.000
1031,0.000,0.000,0.000,0.000
1032,0.000,0.000,0.000,0.000
1033,0.000,0.000,0.000,0.000
1034,0.000,0.000,0.000,0.000
1035,0.000,0.000,0.000,0.000
1036,0.000,0.000,0.000,0.000
1037,0.000,0.000,0.000,0.000
1038,0.000,0.000,0.000,0.000
1039,0.000,0.000,0.000,0.000
1040,0.000,0.000,0.000,0.000
1041,0.000,0.000,0.000,0.000
1042,0.000,0.000,0.000,0.000
1043,0.000,0.000,0.000,0.000
1044,0.000,0.000,0.000,0.000
1045,0.000,0.000,0.000,0.000
1046,0.000,0.000,0.000,0.000
1047,0.000,0.000,0.000,0.000
1048,0.000,0.000,0.000,0.000
1049,0.000,0.000,0.000,0.000
1050,0.000,0.000,0.000,0.000
1051,0.000,0.000,0.000,0.000
1052,0.000,0.000,0.000,0.000
1053,0.000,0.000,0.000,0.000
1054,0.000,0.000,0.000,0.000
1055,0.000,0.000,0.000,0.000
1056,0.000,0.000,0.000,0.000
1057,0.000,0.000,0.000,0.000
1058,0.000,0.000,0.000,0.000
1059,0.000,0.000,0.000,0.000
1060,0.000,0.000,0.000,0.000
1061,0.000,0.000,0.000,0.000
1062,0.000,0.000,0.000,0.000
1063,0.000,0.000,0.000,0.000
1064,0.000,0.000,0.000,0.000
1065,0.000,0.000,0.000,0.000
1066,0.000,0.000,0.000,0.000
1067,0.000,0.000,0.000,0.000
1068,0.000,0.000,0.000,0.000
1069,0.000,0.000,0.000,0.000
1070,0.000,0.000,0.000,0.000
1071,0.000,0.000,0.000,0.000
1072,0.000,0.000,0.000,0.000
1073,0.000,0.000,0.000,0.000
1074,0.000,0.000,0.000,0.000
1075,0.000,0.000,0.000,0.000
1076,0.000,0.000,0.000,0.000
1077,0.000,0.000,0.000,0.000
1078,0.000,0.000,0.000,0.000
1079,0.000,0.000,0.000,0.000
1080,0.000,0.000,0.000,0.000
1081,0.000,0.000,0.000,0.000
1082,0.000,0.000,0.000,0.000
1083,0.000,0.000,0.000,0.000
1084,0.000,0.000,0.000,0.000
1085,0.000,0.000,0.000,0.000
1086,0.000,0.000,0.000,0.000
1087,0.000,0.000,0.000,0.000
1088,0.000,0.000,0.000,0.000
1089,0.000,0.000,0.000,0.000
1090,0.000,0.000,0.000,0.000
1091,0.000,0.000,0.000,0.000
1092,0.000,0.000,0.000,0.000
1093,0.000,0.000,0.000,0.000
1094,0.000,0.000,0.000,0.000
1095,0.000,0.000,0.000,0.000
1096,0.000,0.000,0.000,0.000
1097,0.000,0.000,0.000,0.000
1098,0.000,0.000,0.000,0.000
1099,0.000,0.000,0.000,0.000
1100,0.000,0.000,0.000,0.000
1101,0.000,0.000,0.000,0.000
1102,0.000,0.000,0.000,0.000
1103,0.000,0.000,0.000,0.000
1104,0.000,0.000,0.000,0.000
1105,0.000,0.000,0.000,0.000
1106,0.000,0.000,0.000,0.000
1107,0.000,0.000,0.000,0.000
1108,0.000,0.000,0.000,0.000
1109,0.000,0.000,0.000,0.000
1110,0.000,0.000,0.000,0.000
1111,0.000,0.000,0.000,0.000
1112,0.000,0.000,0.000,0.000
1113,0.000,0.000,0.000,0.000
1114,0.000,0.000,0.000,0.000
1115,0.000,0.000,0.000,0.000
1116,0.000,0.000,0.000,0.000
1117,0.000,0.000,0.000,0.000
1118,0.000,0.000,0.000,0.000
1119,0.000,0.000,0.000,0.000
1120,0.000,0.000,0.000,0.000
1121,0.000,0.000,0.000,0.000
1122,0.000,0.000,0.000,0.000
1123,0.000,0.000,0.000,0.000
1124,0.000,0.000,0.000,0.000
1125,0.000,0.000,0.000,0.000
1126,0.000,0.000,0.000,0.000
1127,0.000,0.000,0.000,0.000
1128,0.000,0.000,0.000,0.000
1129,0.000,0.000,0.000,0.000
1130,0.000,0.000,0.000,0.000
1131,0.000,0.000,0.000,0.000
1132,0.000,0.000,0.000,0.000
1133,0.000,0.000,0.000,0.000
1134,0.000,0.000,0.000,0.000
1135,0.000,0.000,0.000,0.000
1136,0.000,0.000,0.000,0.000
1137,0.000,0.000,0.000,0.000
1138,0.000,0.000,0.000,0.000
1139,0.000,0.000,0.000,0.000
1140,0.000,0.000,0.000,0.000
1141,0.000,0.000,0.000,0.000
1142,0.000,0.000,0.000,0.000
1143,0.000,0.000,0.000,0.000
1144,0.000,0.000,0.000,0.000
1145,0.000,0.000,0.000,0.000
1146,0.000,0.000,0.000,0.000
1147,0.000,0.000,0.000,0.000
1148,0.000,0.000,0.000,0.000
1149,0.000,0.000,0.000,0.000
1150,0.000,0.000,0.000,0.000
1151,0.000,0.000,0.000,0.000
1152,0.000,0.000,0.000,0.000
1153,0.000,0.000,0.000,0.000
1154,0.000,0.000,0.000,0.000
1155,0.000,0.000,0.000,0.000
1156,0.000,0.000,0.000,0.000
1157,0.000,0.000,0.000,0.000
1158,0.000,0.000,0.000,0.000
1159,0.000,0.000,0.000,0.000
1160,0.000,0.000,0.000,0.000
1161,0.000,0.000,0.000,0.000
1162,0.000,0.000,0.000,0.000
1163,0.000,0.000,0.000,0.000
1164,0.000,0.000,0.000,0.000
1165,0.000,0.000,0.000,0.000
1166,0.000,0.000,0.000,0.000
1167,0.000,0.000,0.000,0.000
1168,0.000,0.000,0.000,0.000
1169,0.000,0.000,0.000,0.000
1170,0.000,0.000,0.000,0.000
1171,0.000,0.000,0.000,0.000
1172,0.000,0.000,0.000,0.000
1173,0.000,0.000,0.000,0.000
1174,0.000,0.000,0.000,0.000
1175,0.000,0.000,0.000,0.000
1176,0.000,0.000,0.000,0.000
1177,0.000,0.000,0.000,0.000
1178,0.000,0.000,0.000,0.000
1179,0.000,0.000,0.000,0.000
1180,0.000,0.000,0.000,0.000
1181,0.000,0.000,0.000,0.000
1182,0.000,0.000,0.000,0.000
1183,0.000,0.000,0.000,0.000
1184,0.000,0.000,0.000,0.000
1185,0.000,0.000,0.000,0.000
1186,0.000,0.000,0.000,0.000
1187,0.000,0.000,0.000,0.000
1188,0.000,0.000,0.000,0.000
1189,0.000,0.000,0.000,0.000
1190,0.000,0.000,0.000,0.000
1191,0.000,0.000,0.000,0.000
1192,0.000,0.000,0.000,0.000
1193,0.000,0.000,0.000,0.000
1194,0.000,0.000,0.000,0.000
1195,0.000,0.000,0.000,0.000
1196,0.000,0.000,0.000,0.000
1197,0.000,0.000,0.000,0.000
1198,0.000,0.000,0.000,0.000
1199,0.000,0.000,0.000,0.000
1200,0.000,0.000,0.000,0.000
1201,0.000,0.000,0.000,0.000
1202,0.000,0.000,0.000,0.000
1203,0.000,0.000,0.000,0.000
1204,0.000,0.000,0.000,0.000
1205,0.000,0.000,0.000,0.000
1206,0.000,0.000,0.000,0.000
1207,0.000,0.000,0.000,0.000
1208,0.000,0.000,0.000,0.000
1209,0.000,0.000,0.000,0.000
1210,0.000,0.000,0.000,0.000
1211,0.000,0.000,0.000,0.000
1212,0.000,0.000,0.000,0.000
1213,0.000,0.000,0.000,0.000
1214,0.000,0.000,0.000,0.000
1215,0.000,0.000,0.000,0.000
1216,0.000,0.000,0.000,0.000
1217,0.000,0.000,0.000,0.000
1218,0.000,0.000,0.000,0.000
1219,0.000,0.000,0.000,0.000
1220,0.000,0.000,0.000,0.000
1221,0.000,0.000,0.000,0.000
1222,0.000,0.000,0.000,0.000
1223,0.000,0.000,0.000,0.000
1224,0.000,0.000,0.000,0.000
1225,0.000,0.000,0.000,0.000
1226,0.000,0.000,0.000,0.000
1227,0.000,0.000,0.000,0.000
1228,0.000,0.000,0.000,0.000
1229,0.000,0.000,0.000,0.000
1230,0.000,0.000,0.000,0.000
1231,0.000,0.000,0.000,0.000
1232,0.000,0.000,0.000,0.000
1233,0.000,0.000,0.000,0.000
1234,0.000,0.000,0.000,0.000
1235,0.000,0.000,0.000,0.000
1236,0.000,0.000,0.000,0.000
1237,0.000,0.000,0.000,0.000
1238,0.000,0.000,0.000,0.000
1239,0.000,0.000,0.000,0.000
1240,0.000,0.000,0.000,0.000
1241,0.000,0.000,0.000,0.000
1242,0.000,0.000,0.000,0.000
1243,0.000,0.000,0.000,0.000
1244,0.000,0.000,0.000,0.000
1245,0.000,0.000,0.000,0.000
1246,0.000,0.000,0.000,0.000
1247,0.000,0.000,0.000,0.000
1248,0.000,0.000,0.000,0.000
1249,0.000,0.000,0.000,0.000
1250,0.000,0.000,0.000,0.000
1251,0.000,0.000,0.000,0.000
1252,0.000,0.000,0.000,0.000
1253,0.000,0.000,0.000,0.000
1254,0.000,0.000,0.000,0.000
1255,0.000,0.000,0.000,0.000
1256,0.000,0.000,0.000,0.000
1257,0.000,0.000,0.000,0.000
1258,0.000,0.000,0.000,0.000
1259,0.000,0.000,0.000,0.000
1260,0.000,0.000,0.000,0.000
1261,0.000,0.000,0.000,0.000
1262,0.000,0.000,0.000,0.000
1263,0.000,0.000,0.000,0.000
1264,0.000,0.000,0.000,0.000
1265,0.000,0.000,0.000,0.000
1266,0.000,0.000,0.000,0.000
1267,0.000,0.000,0.000,0.000
1268,0.000,0.000,0.000,0.000
1269,0.000,0.000,0.000,0.000
1270,0.000,0.000,0.000,0.000
1271,0.000,0.000,0.000,0.000
1272,0.000,0.000,0.000,0.000
1273,0.000,0.000,0.000,0.000
1274,0.000,0.000,0.000,0.000
1275,0.000,0.000,0.000,0.000
1276,0.000,0.000,0.000,0.000
1277,0.000,0.000,0.000,0.000
1278,0.000,0.000,0.000,0.000
1279,0.000,0.000,0.000,0.000
1280,0.000,0.000,0.000,0.000
1281,0.000,0.000,0.000,0.000
1282,0.000,0.000,0.000,0.000
1283,0.000,0.000,0.000,0.000
1284,0.000,0.000,0.000,0.000
1285,0.000,0.000,0.000,0.000
1286,0.000,0.000,0.000,0.000
1287,0.000,0.000,0.000,0.000
1288,0.000,0.000,0.000,0.000
1289,0.000,0.000,0.000,0.000
1290,0.000,0.000,0.000,0.000
1291,0.000,0.000,0.000,0.000
1292,0.000,0.000,0.000,0.000
1293,0.000,0.000,0.000,0.000
1294,0.000,0.000,0.000,0.000
1295,0.000,0.000,0.000,0.000
1296,0.000,0.000,0.000,0.000
1297,0.000,0.000,0.000,0.000
1298,0.000,0.000,0.000,0.000
1299,0.000,0.000,0.000,0.000
1300,0.000,0.000,0.000,0.000
1301,0.000,0.000,0.000,0.000
1302,0.000,0.000,0.000,0.000
1303,0.000,0.000,0.000,0.000
1304,0.000,0.000,0.000,0.000
1305,0.000,0.000,0.000,0.000
1306,0.000,0.000,0.000,0.000
1307,0.000,0.000,0.000,0.000
1308,0.000,0.000,0.000,0.000
1309,0.000,0.000,0.000,0.000
1310,0.000,0.000,0.000,0.000
1311,0.000,0.000,0.000,0.000
1312,0.000,0.000,0.000,0.000
1313,0.000,0.000,0.000,0.000
1314,0.000,0.000,0.000,0.000
1315,0.000,0.000,0.000,0.000
1316,0.000,0.000,0.000,0.000
1317,0.000,0.000,0.000,0.000
1318,0.000,0.000,0.000,0.000
1319,0.000,0.000,0.000,0.000
1320,0.000,0.000,0.000,0.000
1321,0.000,0.000,0.000,0.000
1322,0.000,0.000,0.000,0.000
1323,0.000,0.000,0.000,0.000
1324,0.000,0.000,0.000,0.000
1325,0.000,0.000,0.000,0.000
1326,0.000,0.000,0.000,0.000
1327,0.000,0.000,0.000,0.000
1328,0.000,0.000,0.000,0.000
1329,0.000,0.000,0.000,0.000
1330,0.000,0.000,0.000,0.000
1331,0.000,0.000,0.000,0.000
1332,0.000,0.000,0.000,0.000
1333,0.000,0.000,0.000,0.000
1334,0.000,0.000,0.000,0.000
1335,0.000,0.000,0.000,0.000
1336,0.000,0.000,0.000,0.000
1337,0.000,0.000,0.000,0.000
1338,0.000,0.000,0.000,0.000
1339,0.000,0.000,0.000,0.000
1340,0.000,0.000,0.000,0.000
1341,0.000,0.000,0.000,0.000
1342,0.000,0.000,0.000,0.000
1343,0.000,0.000,0.000,0.000
1344,0.000,0.000,0.000,0.000
1345,0.000,0.000,0.000,0.000
1346,0.000,0.000,0.000,0.000
1347,0.000,0.000,0.000,0.000
1348,0.000,0.000,0.000,0.000
1349,0.000,0.000,0.000,0.000
1350,0.000,0.000,0.000,0.000
1351,0.000,0.000,0.000,0.000
1352,0.000,0.000,0.000,0.000
1353,0.000,0.000,0.000,0.000
1354,0.000,0.000,0.000,0.000
1355,0.000,0.000,0.000,0.000
1356,0.000,0.000,0.000,0.000
1357,0.000,0.000,0.000,0.000
1358,0.000,0.000,0.000,0.000
1359,0.000,0.000,0.000,0.000
1360,0.000,0.000,0.000,0.000
1361,0.000,0.000,0.000,0.000
1362,0.000,0.000,0.000,0.000
1363,0.000,0.000,0.000,0.000
1364,0.000,0.000,0.000,0.000
1365,0.000,0.000,0.000,0.000
1366,0.000,0.000,0.000,0.000
1367,0.000,0.000,0.000,0.000
1368,0.000,0.000,0.000,0.000
1369,0.000,0.000,0.000,0.000
1370,0.000,0.000,0.000,0.000
1371,0.000,0.000,0.000,0.000
1372,0.000,0.000,0.000,0.000
1373,0.000,0.000,0.000,0.000
1374,0.000,0.000,0.000,0.000
1375,0.000,0.000,0.000,0.000
1376,0.000,0.000,0.000,0.000
1377,0.000,0.000,0.000,0.000
1378,0.000,0.000,0.000,0.000
1379,0.000,0.000,0.000,0.000
1380,0.000,0.000,0.000,0.000
1381,0.000,0.000,0.000,0.000
1382,0.000,0.000,0.000,0.000
1383,0.000,0.000,0.000,0.000
1384,0.000,0.000,0.000,0.000
1385,0.000,0.000,0.000,0.000
1386,0.000,0.000,0.000,0.000
1387,0.000,0.000,0.000,0.000
1388,0.000,0.000,0.000,0.000
1389,0.000,0.000,0.000,0.000
1390,0.000,0.000,0.000,0.000
1391,0.000,0.000,0.000,0.000
1392,0.000,0.000,0.000,0.000
1393,0.000,0.000,0.000,0.000
1394,0.000,0.000,0.000,0.000
1395,0.000,0.000,0.000,0.000
1396,0.000,0.000,0.000,0.000
1397,0.000,0.000,0.000,0.000
1398,0.000,0.000,0.000,0.000
1399,0.000,0.000,0.000,0.000
1400,0.000,0.000,0.000,0.000
1401,0.000,0.000,0.000,0.000
1402,0.000,0.000,0.000,0.000
1403,0.000,0.000,0.000,0.000
1404,0.000,0.000,0.000,0.000
1405,0.000,0.000,0.000,0.000
1406,0.000,0.000,0.000,0.000
1407,0.000,0.000,0.000,0.000
1408,0.000,0.000,0.000,0.000
1409,0.000,0.000,0.000,0.000
1410,0.000,0.000,0.000,0.000
1411,0.000,0.000,0.000,0.000
1412,0.000,0.000,0.000,0.000
1413,0.000,0.000,0.000,0.000
1414,0.000,0.000,0.000,0.000
1415,0.000,0.000,0.000,0.000
1416,0.000,0.000,0.000,0.000
1417,0.000,0.000,0.000,0.000
1418,0.000,0.000,0.000,0.000
1419,0.000,0.000,0.000,0.000
1420,0.000,0.000,0.000,0.000
1421,0.000,0.000,0.000,0.000
1422,0.000,0.000,0.000,0.000
1423,0.000,0.000,0.000,0.000
1424,0.000,0.000,0.000,0.000
1425,0.000,0.000,0.000,0.000
1426,0.000,0.000,0.000,0.000
1427,0.000,0.000,0.000,0.000
1428,0.000,0.000,0.000,0.000
1429,0.000,0.000,0.000,0.000
1430,0.000,0.000,0.000,0.000
1431,0.000,0.000,0.000,0.000
1432,0.000,0.000,0.000,0.000
1433,0.000,0.000,0.000,0.000
1434,0.000,0.000,0.000,0.000
1435,0.000,0.000,0.000,0.000
1436,0.000,0.000,0.000,0.000
1437,0.000,0.000,0.000,0.000
1438,0.000,0.000,0.000,0.000
1439,0.000,0.000,0.000,0.000
1440,0.000,0.000,0.000,0.000
1441,0.000,0.000,0.000,0.000
1442,0.000,0.000,0.000,0.000
1443,0.000,0.000,0.000,0.000
1444,0.000,0.000,0.000,0.000
1445,0.000,0.000,0.000,0.000
1446,0.000,0.000,0.000,0.000
1447,0.000,0.000,0.000,0.000
1448,0.000,0.000,0.000,0.000
1449,0.000,0.000,0.000,0.000
1450,0.000,0.000,0.000,0.000
1451,0.000,0.000,0.000,0.000
1452,0.000,0.000,0.000,0.000
1453,0.000,0.000,0.000,0.000
1454,0.000,0.000,0.000,0.000
1455,0.000,0.000,0.000,0.000
1456,0.000,0.000,0.000,0.000
1457,0.000,0.000,0.000,0.000
1458,0.000,0.000,0.000,0.000
1459,0.000,0.000,0.000,0.000
1460,0.000,0.000,0.000,0.000
1461,0.000,0.000,0.000,0.000
1462,0.000,0.000,0.000,0.000
1463,0.000,0.000,0.000,0.000
1464,0.000,0.000,0.000,0.000
1465,0.000,0.000,0.000,0.000
1466,0.000,0.000,0.000,0.000
1467,0.000,0.000,0.000,0.000
1468,0.000,0.000,0.000,0.000
1469,0.000,0.000,0.000,0.000
1470,0.000,0.000,0.000,0.000
1471,0.000,0.000,0.000,0.000
1472,0.000,0.000,0.000,0.000
1473,0.000,0.000,0.000,0.000
1474,0.000,0.000,0.000,0.000
1475,0.000,0.000,0.000,0.000
1476,0.000,0.000,0.000,0.000
1477,0.000,0.000,0.000,0.000
1478,0.000,0.000,0.000,0.000
1479,0.000,0.000,0.000,0.000
1480,0.000,0.000,0.000,0.000
1481,0.000,0.000,0.000,0.000
1482,0.000,0.000,0.000,0.000
1483,0.000,0.000,0.000,0.000
1484,0.000,0.000,0.000,0.000
1485,0.000,0.000,0.000,0.000
1486,0.000,0.000,0.000,0.000
1487,0.000,0.000,0.000,0.000
1488,0.000,0.000,0.000,0.000
1489,0.000,0.000,0.000,0.000
1490,0.000,0.000,0.000,0.000
1491,0.000,0.000,0.000,0.000
1492,0.000,0.000,0.000,0.000
1493,0.000,0.000,0.000,0.000
1494,0.000,0.000,0.000,0.000
1495,0.000,0.000,0.000,0.000
1496,0.000,0.000,0.000,0.000
1497,0.000,0.000,0.000,0.000
1498,0.000,0.000,0.000,0.000
1499,0.000,0.000,0.000,0.000
1500,0.000,0.000,0.000,0.000
1501,0.000,0.000,0.000,0.000
1502,0.000,0.000,0.000,0.000
1503,0.000,0.000,0.000,0.000
1504,0.000,0.000,0.000,0.000
1505,0.000,0.000,0.000,0.000
1506,0.000,0.000,0.000,0.000
1507,0.000,0.000,0.000,0.000
1508,0.000,0.000,0.000,0.000
1509,0.000,0.000,0.000,0.000
1510,0.000,0.000,0.000,0.000
1511,0.000,0.000,0.000,0.000
1512,0.000,0.000,0.000,0.000
1513,0.000,0.000,0.000,0.000
1514,0.000,0.000,0.000,0.000
1515,0.000,0.000,0.000,0.000
1516,0.000,0.000,0.000,0.000
1517,0.000,0.000,0.000,0.000
1518,0.000,0.000,0.000,0.000
1519,0.000,0.000,0.000,0.000
1520,0.000,0.000,0.000,0.000
1521,0.000,0.000,0.000,0.000
1522,0.000,0.000,0.000,0.000
1523,0.000,0.000,0.000,0.000
1524,0.000,0.000,0.000,0.000
1525,0.000,0.000,0.000,0.000
1526,0.000,0.000,0.000,0.000
1527,0.000,0.000,0.000,0.000
1528,0.000,0.000,0.000,0.000
1529,0.000,0.000,0.000,0.000
1530,0.000,0.000,0.000,0.000
1531,0.000,0.000,0.000,0.000
1532,0.000,0.000,0.000,0.000
1533,0.000,0.000,0.000,0.000
1534,0.000,0.000,0.000,0.000
1535,0.000,0.000,0.000,0.000
1536,0.000,0.000,0.000,0.000
1537,0.000,0.000,0.000,0.000
1538,0.000,0.000,0.000,0.000
1539,0.000,0.000,0.000,0.000
1540,0.000,0.000,0.000,0.000
1541,0.000,0.000,0.000,0.000
1542,0.000,0.000,0.000,0.000
1543,0.000,0.000,0.000,0.000
1544,0.000,0.000,0.000,0.000
1545,0.000,0.000,0.000,0.000
1546,0.000,0.000,0.000,0.000
1547,0.000,0.000,0.000,0.000
1548,0.000,0.000,0.000,0.000
1549,0.000,0.000,0.000,0.000
1550,0.000,0.000,0.000,0.000
1551,0.000,0.000,0.000,0.000
1552,0.000,0.000,0.000,0.000
1553,0.000,0.000,0.000,0.000
1554,0.000,0.000,0.000,0.000
1555,0.000,0.000,0.000,0.000
1556,0.000,0.000,0.000,0.000
1557,0.000,0.000,0.000,0.000
1558,0.000,0.000,0.000,0.000
1559,0.000,0.000,0.000,0.000
1560,0.000,0.000,0.000,0.000
1561,0.000,0.000,0.000,0.000
1562,0.000,0.000,0.000,0.000
1563,0.000,0.000,0.000,0.000
1564,0.000,0.000,0.000,0.000
1565,0.000,0.000,0.000,0.000
1566,0.000,0.000,0.000,0.000
1567,0.000,0.000,0.000,0.000
1568,0.000,0.000,0.000,0.000
1569,0.000,0.000,0.000,0.000
1570,0.000,0.000,0.000,0.000
1571,0.000,0.000,0.000,0.000
1572,0.000,0.000,0.000,0.000
1573,0.000,0.000,0.000,0.000
1574,0.000,0.000,0.000,0.000
1575,0.000,0.000,0.000,0.000
1576,0.000,0.000,0.000,0.000
1577,0.000,0.000,0.000,0.000
1578,0.000,0.000,0.000,0.000
1579,0.000,0.000,0.000,0.000
1580,0.000,0.000,0.000,0.000
1581,0.000,0.000,0.000,0.000
1582,0.000,0.000,0.000,0.000
1583,0.000,0.000,0.000,0.000
1584,0.000,0.000,0.000,0.000
1585,0.000,0.000,0.000,0.000
1586,0.000,0.000,0.000,0.000
1587,0.000,0.000,0.000,0.000
1588,0.000,0.000,0.000,0.000
1589,0.000,0.000,0.000,0.000
1590,0.000,0.000,0.000,0.000
1591,0.000,0.000,0.000,0.000
1592,0.000,0.000,0.000,0.000
1593,0.000,0.000,0.000,0.000
1594,0.000,0.000,0.000,0.000
1595,0.000,0.000,0.000,0.000
1596,0.000,0.000,0.000,0.000
1597,0.000,0.000,0.000,0.000
1598,0.000,0.000,0.000,0.000
1599,0.000,0.000,0.000,0.000
1600,0.000,0.000,0.000,0.000
1601,0.000,0.000,0.000,0.000
1602,0.000,0.000,0.000,0.000
1603,0.000,0.000,0.000,0.000
1604,0.000,0.000,0.000,0.000
1605,0.000,0.000,0.000,0.000
1606,0.000,0.000,0.000,0.000
1607,0.000,0.000,0.000,0.000
1608,0.000,0.000,0.000,0.000
1609,0.000,0.000,0.000,0.000
1610,0.000,0.000,0.000,0.000
1611,0.000,0.000,0.000,0.000
1612,0.000,0.000,0.000,0.000
1613,0.000,0.000,0.000,0.000
1614,0.000,0.000,0.000,0.000
1615,0.000,0.000,0.000,0.000
1616,0.000,0.000,0.000,0.000
1617,0.000,0.000,0.000,0.000
1618,0.000,0.000,0.000,0.000
1619,0.000,0.000,0.000,0.000
1620,0.000,0.000,0.000,0.000
1621,0.000,0.000,0.000,0.000
1622,0.000,0.000,0.000,0.000
1623,0.000,0.000,0.000,0.000
1624,0.000,0.000,0.000,0.000
1625,0.000,0.000,0.000,0.000
1626,0.000,0.000,0.000,0.000
1627,0.000,0.000,0.000,0.000
1628,0.000,0.000,0.000,0.000
1629,0.000,0.000,0.000,0.000
1630,0.000,0.000,0.000,0.000
1631,0.000,0.000,0.000,0.000
1632,0.000,0.000,0.000,0.000
1633,0.000,0.000,0.000,0.000
1634,0.000,0.000,0.000,0.000
1635,0.000,0.000,0.000,0.000
1636,0.000,0.000,0.000,0.000
1637,0.000,0.000,0.000,0.000
1638,0.000,0.000,0.000,0.000
1639,0.000,0.000,0.000,0.000
1640,0.000,0.000,0.000,0.000
1641,0.000,0.000,0.000,0.000
1642,0.000,0.000,0.000,0.000
1643,0.000,0.000,0.000,0.000
1644,0.000,0.000,0.000,0.000
1645,0.000,0.000,0.000,0.000
1646,0.000,0.000,0.000,0.000
1647,0.000,0.000,0.000,0.000
1648,0.000,0.000,0.000,0.000
1649,0.000,0.000,0.000,0.000
1650,0.000,0.000,0.000,0.000
1651,0.000,0.000,0.000,0.000
1652,0.000,0.000,0.000,0.000
1653,0.000,0.000,0.000,0.000
1654,0.000,0.000,0.000,0.000
1655,0.000,0.000,0.000,0.000
1656,0.000,0.000,0.000,0.000
1657,0.000,0.000,0.000,0.000
1658,0.000,0.000,0.000,0.000
1659,0.000,0.000,0.000,0.000
1660,0.000,0.000,0.000,0.000
1661,0.000,0.000,0.000,0.000
1662,0.000,0.000,0.000,0.000
1663,0.000,0.000,0.000,0.000
1664,0.000,0.000,0.000,0.000
1665,0.000,0.000,0.000,0.000
1666,0.000,0.000,0.000,0.000
1667,0.000,0.000,0.000,0.000
1668,0.000,0.000,0.000,0.000
1669,0.000,0.000,0.000,0.000
1670,0.000,0.000,0.000,0.000
1671,0.000,0.000,0.000,0.000
1672,0.000,0.000,0.000,0.000
1673,0.000,0.000,0.000,0.000
1674,0.000,0.000,0.000,0.000
1675,0.000,0.000,0.000,0.000
1676,0.000,0.000,0.000,0.000
1677,0.000,0.000,0.000,0.000
1678,0.000,0.000,0.000,0.000
1679,0.000,0.000,0.000,0.000
1680,0.000,0.000,0.000,0.000
1681,0.000,0.000,0.000,0.000
1682,0.000,0.000,0.000,0.000
1683,0.000,0.000,0.000,0.000
1684,0.000,0.000,0.000,0.000
1685,0.000,0.000,0.000,0.000
1686,0.000,0.000,0.000,0.000
1687,0.000,0.000,0.000,0.000
1688,0.000,0.000,0.000,0.000
1689,0.000,0.000,0.000,0.000
1690,0.000,0.000,0.000,0.000
1691,0.000,0.000,0.000,0.000
1692,0.000,0.000,0.000,0.000
1693,0.000,0.000,0.000,0.000
1694,0.000,0.000,0.000,0.000
1695,0.000,0.000,0.000,0.000
1696,0.000,0.000,0.000,0.000
1697,0.000,0.000,0.000,0.000
1698,0.000,0.000,0.000,0.000
1699,0.000,0.000,0.000,0.000
1700,0.000,0.000,0.000,0.000
1701,0.000,0.000,0.000,0.000
1702,0.000,0.000,0.000,0.000
1703,0.000,0.000,0.000,0.000
1704,0.000,0.000,0.000,0.000
1705,0.000,0.000,0.000,0.000
1706,0.000,0.000,0.000,0.000
1707,0.000,0.000,0.000,0.000
1708,0.000,0.000,0.000,0.000
1709,0.000,0.000,0.000,0.000
1710,0.000,0.000,0.000,0.000
1711,0.000,0.000,0.000,0.000
1712,0.000,0.000,0.000,0.000
1713,0.000,0.000,0.000,0.000
1714,0.000,0.000,0.000,0.000
1715,0.000,0.000,0.000,0.000
1716,0.000,0.000,0.000,0.000
1717,0.000,0.000,0.000,0.000
1718,0.000,0.000,0.000,0.000
1719,0.000,0.000,0.000,0.000
1720,0.000,0.000,0.000,0.000
1721,0.000,0.000,0.000,0.000
1722,0.000,0.000,0.000,0.000
1723,0.000,0.000,0.000,0.000
1724,0.000,0.000,0.000,0.000
1725,0.000,0.000,0.000,0.000
1726,0.000,0.000,0.000,0.000
1727,0.000,0.000,0.000,0.000
1728,0.000,0.000,0.000,0.000
1729,0.000,0.000,0.000,0.000
1730,0.000,0.000,0.000,0.000
1731,0.000,0.000,0.000,0.000
1732,0.000,0.000,0.000,0.000
1733,0.000,0.000,0.000,0.000
1734,0.000,0.000,0.000,0.000
1735,0.000,0.000,0.000,0.000
1736,0.000,0.000,0.000,0.000
1737,0.000,0.000,0.000,0.000
1738,0.000,0.000,0.000,0.000
1739,0.000,0.000,0.000,0.000
1740,0.000,0.000,0.000,0.000
1741,0.000,0.000,0.000,0.000
1742,0.000,0.000,0.000,0.000
1743,0.000,0.000,0.000,0.000
1744,0.000,0.000,0.000,0.000
1745,0.000,0.000,0.000,0.000
1746,0.000,0.000,0.000,0.000
1747,0.000,0.000,0.000,0.000
1748,0.000,0.000,0.000,0.000
1749,0.000,0.000,0.000,0.000
1750,0.000,0.000,0.000,0.000
1751,0.000,0.000,0.000,0.000
1752,0.000,0.000,0.000,0.000
1753,0.000,0.000,0.000,0.000
1754,0.000,0.000,0.000,0.000
1755,0.000,0.000,0.000,0.000
1756,0.000,0.000,0.000,0.000
1757,0.000,0.000,0.000,0.000
1758,0.000,0.000,0.000,0.000
1759,0.000,0.000,0.000,0.000
1760,0.000,0.000,0.000,0.000
1761,0.000,0.000,0.000,0.000
1762,0.000,0.000,0.000,0.000
1763,0.000,0.000,0.000,0.000
1764,0.000,0.000,0.000,0.000
1765,0.000,0.000,0.000,0.000
1766,0.000,0.000,0.000,0.000
1767,0.000,0.000,0.000,0.000
1768,0.000,0.000,0.000,0.000
1769,0.000,0.000,0.000,0.000
1770,0.000,0.000,0.000,0.000
1771,0.000,0.000,0.000,0.000
1772,0.000,0.000,0.000,0.000
1773,0.000,0.000,0.000,0.000
1774,0.000,0.000,0.000,0.000
1775,0.000,0.000,0.000,0.000
1776,0.000,0.000,0.000,0.000
1777,0.000,0.000,0.000,0.000
1778,0.000,0.000,0.000,0.000
1779,0.000,0.000,0.000,0.000
1780,0.000,0.000,0.000,0.000
1781,0.000,0.000,0.000,0.000
1782,0.000,0.000,0.000,0.000
1783,0.000,0.000,0.000,0.000
1784,0.000,0.000,0.000,0.000
1785,0.000,0.000,0.000,0.000
1786,0.000,0.000,0.000,0.000
1787,0.000,0.000,0.000,0.000
1788,0.000,0.000,0.000,0.000
1789,0.000,0.000,0.000,0.000
1790,0.000,0.000,0.000,0.000
1791,0.000,0.000,0.000,0.000
1792,0.000,0.000,0.000,0.000
1793,0.000,0.000,0.000,0.000
1794,0.000,0.000,0.000,0.000
1795,0.000,0.000,0.000,0.000
1796,0.000,0.000,0.000,0.000
1797,0.000,0.000,0.000,0.000
1798,0.000,0.000,0.000,0.000
1799,0.000,0.000,0.000,0.000
1800,0.000,0.000,0.000,0.000
1801,0.000,0.000,0.000,0.000
1802,0.000,0.000,0.000,0.000
1803,0.000,0.000,0.000,0.000
1804,0.000,0.000,0.000,0.000
1805,0.000,0.000,0.000,0.000
1806,0.000,0.000,0.000,0.000
1807,0.000,0.000,0.000,0.000
1808,0.000,0.000,0.000,0.000
1809,0.000,0.000,0.000,0.000
1810,0.000,0.000,0.000,0.000
1811,0.000,0.000,0.000,0.000
1812,0.000,0.000,0.000,0.000
1813,0.000,0.000,0.000,0.000
1814,0.000,0.000,0.000,0.000
1815,0.000,0.000,0.000,0.000
1816,0.000,0.000,0.000,0.000
1817,0.000,0.000,0.000,0.000
1818,0.000,0.000,0.000,0.000
1819,0.000,0.000,0.000,0.000
1820,0.000,0.000,0.000,0.000
1821,0.000,0.000,0.000,0.000
1822,0.000,0.000,0.000,0.000
1823,0.000,0.000,0.000,0.000
1824,0.000,0.000,0.000,0.000
1825,0.000,0.000,0.000,0.000
1826,0.000,0.000,0.000,0.000
1827,0.000,0.000,0.000,0.000
1828,0.000,0.000,0.000,0.000
1829,0.000,0.000,0.000,0.000
1830,0.000,0.000,0.000,0.000
1831,0.000,0.000,0.000,0.000
1832,0.000,0.000,0.000,0.000
1833,0.000,0.000,0.000,0.000
1834,0.000,0.000,0.000,0.000
1835,0.000,0.000,0.000,0.000
1836,0.000,0.000,0.000,0.000
1837,0.000,0.000,0.000,0.000
1838,0.000,0.000,0.000,0.000
1839,0.000,0.000,0.000,0.000
1840,0.000,0.000,0.000,0.000
1841,0.000,0.000,0.000,0.000
1842,0.000,0.000,0.000,0.000
1843,0.000,0.000,0.000,0.000
1844,0.000,0.000,0.000,0.000
1845,0.000,0.000,0.000,0.000
1846,0.000,0.000,0.000,0.000
1847,0.000,0.000,0.000,0.000
1848,0.000,0.000,0.000,0.000
1849,0.000,0.000,0.000,0.000
1850,0.000,0.000,0.000,0.000
1851,0.000,0.000,0.000,0.000
1852,0.000,0.000,0.000,0.000
1853,0.000,0.000,0.000,0.000
1854,0.000,0.000,0.000,0.000
1855,0.000,0.000,0.000,0.000
1856,0.000,0.000,0.000,0.000
1857,0.000,0.000,0.000,0.000
1858,0.000,0.000,0.000,0.000
1859,0.000,0.000,0.000,0.000
1860,0.000,0.000,0.000,0.000
1861,0.000,0.000,0.000,0.000
1862,0.000,0.000,0.000,0.000
1863,0.000,0.000,0.000,0.000
1864,0.000,0.000,0.000,0.000
1865,0.000,0.000,0.000,0.000
1866,0.000,0.000,0.000,0.000
1867,0.000,0.000,0.000,0.000
1868,0.000,0.000,0.000,0.000
1869,0.000,0.000,0.000,0.000
1870,0.000,0.000,0.000,0.000
1871,0.000,0.000,0.000,0.000
1872,0.000,0.000,0.000,0.000
1873,0.000,0.000,0.000,0.000
1874,0.000,0.000,0.000,0.000
1875,0.000,0.000,0.000,0.000
1876,0.000,0.000,0.000,0.000
1877,0.000,0.000,0.000,0.000
1878,0.000,0.000,0.000,0.000
1879,0.000,0.000,0.000,0.000
1880,0.000,0.000,0.000,0.000
1881,0.000,0.000,0.000,0.000
1882,0.000,0.000,0.000,0.000
1883,0.000,0.000,0.000,0.000
1884,0.000,0.000,0.000,0.000
1885,0.000,0.000,0.000,0.000
1886,0.000,0.000,0.000,0.000
1887,0.000,0.000,0.000,0.000
1888,0.000,0.000,0.000,0.000
1889,0.000,0.000,0.000,0.000
1890,0.000,0.000,0.000,0.000
1891,0.000,0.000,0.000,0.000
1892,0.000,0.000,0.000,0.000
1893,0.000,0.000,0.000,0.000
1894,0.000,0.000,0.000,0.000
1895,0.000,0.000,0.000,0.000
1896,0.000,0.000,0.000,0.000
1897,0.000,0.000,0.000,0.000
1898,0.000,0.000,0.000,0.000
1899,0.000,0.000,0.000,0.000
1900,0.000,0.000,0.000,0.000
1901,0.000,0.000,0.000,0.000
1902,0.000,0.000,0.000,0.000
1903,0.000,0.000,0.000,0.000
1904,0.000,0.000,0.000,0.000
1905,0.000,0.000,0.000,0.000
1906,0.000,0.000,0.000,0.000
1907,0.000,0.000,0.000,0.000
1908,0.000,0.000,0.000,0.000
1909,0.000,0.000,0.000,0.000
1910,0.000,0.000,0.000,0.000
1911,0.000,0.000,0.000,0.000
1912,0.000,0.000,0.000,0.000
1913,0.000,0.000,0.000,0.000
1914,0.000,0.000,0.000,0.000
1915,0.000,0.000,0.000,0.000
1916,0.000,0.000,0.000,0.000
1917,0.000,0.000,0.000,0.000
1918,0.000,0.000,0.000,0.000
1919,0.000,0.000,0.000,0.000
1920,0.000,0.000,0.000,0.000
1921,0.000,0.000,0.000,0.000
1922,0.000,0.000,0.000,0.000
1923,0.000,0.000,0.000,0.000
1924,0.000,0.000,0.000,0.000
1925,0.000,0.000,0.000,0.000
1926,0.000,0.000,0.000,0.000
1927,0.000,0.000,0.000,0.000
1928,0.000,0.000,0.000,0.000
1929,0.000,0.000,0.000,0.000
1930,0.000,0.000,0.000,0.000
1931,0.000,0.000,0.000,0.000
1932,0.000,0.000,0.000,0.000
1933,0.000,0.000,0.000,0.000
1934,0.000,0.000,0.000,0.000
1935,0.000,0.000,0.000,0.000
1936,0.000,0.000,0.000,0.000
1937,0.000,0.000,0.000,0.000
1938,0.000,0.000,0.000,0.000
1939,0.000,0.000,0.000,0.000
1940,0.000,0.000,0.000,0.000
1941,0.000,0.000,0.000,0.000
1942,0.000,0.000,0.000,0.000
1943,0.000,0.000,0.000,0.000
1944,0.000,0.000,0.000,0.000
1945,0.000,0.000,0.000,0.000
1946,0.000,0.000,0.000,0.000
1947,0.000,0.000,0.000,0.000
1948,0.000,0.000,0.000,0.000
1949,0.000,0.000,0.000,0.000
1950,0.000,0.000,0.000,0.000
1951,0.000,0.000,0.000,0.000
1952,0.000,0.000,0.000,0.000
1953,0.000,0.000,0.000,0.000
1954,0.000,0.000,0.000,0.000
1955,0.000,0.000,0.000,0.000
1956,0.000,0.000,0.000,0.000
1957,0.000,0.000,0.000,0.000
1958,0.000,0.000,0.000,0.000
1959,0.000,0.000,0.000,0.000
1960,0.000,0.000,0.000,0.000
1961,0.000,0.000,0.000,0.000
1962,0.000,0.000,0.000,0.000
1963,0.000,0.000,0.000,0.000
1964,0.000,0.000,0.000,0.000
1965,0.000,0.000,0.000,0.000
1966,0.000,0.000,0.000,0.000
1967,0.000,0.000,0.000,0.000
1968,0.000,0.000,0.000,0.000
1969,0.000,0.000,0.000,0.000
1970,0.000,0.000,0.000,0.000
1971,0.000,0.000,0.000,0.000
1972,0.000,0.000,0.000,0.000
1973,0.000,0.000,0.000,0.000
1974,0.000,0.000,0.000,0.000
1975,0.000,0.000,0.000,0.000
1976,0.000,0.000,0.000,0.000
1977,0.000,0.000,0.000,0.000
1978,0.000,0.000,0.000,0.000
1979,0.000,0.000,0.000,0.000
1980,0.000,0.000,0.000,0.000
1981,0.000,0.000,0.000,0.000
1982,0.000,0.000,0.000,0.000
1983,0.000,0.000,0.000,0.000
1984,0.000,0.000,0.000,0.000
1985,0.000,0.000,0.000,0.000
1986,0.000,0.000,0.000,0.000
1987,0.000,0.000,0.000,0.000
1988,0.000,0.000,0.000,0.000
1989,0.000,0.000,0.000,0.000
1990,0.000,0.000,0.000,0.000
1991,0.000,0.000,0.000,0.000
1992,0.000,0.000,0.000,0.000
1993,0.000,0.000,0.000,0.000
1994,0.000,0.000,0.000,0.000
1995,0.000,0.000,0.000,0.000
1996,0.000,0.000,0.000,0.000
1997,0.000,0.000,0.000,0.000
1998,0.000,0.000,0.000,0.000
1999,0.000,0.000,0.000,0.000
2000,0.000,0.000,0.000,0.000
2001,0.000,0.000,0.000,0.000
2002,0.000,0.000,0.000,0.000
2003,0.000,0.000,0.000,0.000
2004,0.000,0.000,0.000,0.000
2005,0.000,0.000,0.000,0.000
2006,0.000,0.000,0.000,0.000
2007,0.000,0.000,0.000,0.000
2008,0.000,0.000,0.000,0.000
2009,0.000,0.000,0.000,0.000
2010,0.000,0.000,0.000,0.000
2011,0.000,0.000,0.000,0.000
2012,0.000,0.000,0.000,0.000
2013,0.000,0.000,0.000,0.000
2014,0.000,0.000,0.000,0.000
2015,0.000,0.000,0.000,0.000
2016,0.000,0.000,0.000,0.000
2017,0.000,0.000,0.000,0.000
2018,0.000,0.000,0.000,0.000
2019,0.000,0.000,0.000,0.000
2020,0.000,0.000,0.000,0.000
2021,0.000,0.000,0.000,0.000
2022,0.000,0.000,0.000,0.000
2023,0.000,0.000,0.000,0.000
2024,0.000,0.000,0.000,0.000
2025,0.000,0.000,0.000,0.000
2026,0.000,0.000,0.000,0.000
2027,0.000,0.000,0.000,0.000
2028,0.000,0.000,0.000,0.000
2029,0.000,0.000,0.000,0.000
2030,0.000,0.000,0.000,0.000
2031,0.000,0.000,0.000,0.000
2032,0.000,0.000,0.000,0.000
2033,0.000,0.000,0.000,0.000
2034,0.000,0.000,0.000,0.000
2035,0.000,0.000,0.000,0.000
2036,0.000,0.000,0.000,0.000
2037,0.000,0.000,0.000,0.000
2038,0.000,0.000,0.000,0.000
2039,0.000,0.000,0.000,0.000
2040,0.000,0.000,0.000,0.000
2041,0.000,0.000,0.000,0.000
2042,0.000,0.000,0.000,0.000
2043,0.000,0.000,0.000,0.000
2044,0.000,0.000,0.000,0.000
2045,0.000,0.000,0.000,0.000
2046,0.000,0.000,0.000,0.000
2047,0.000,0.000,0.000,0.000
2048,0.000,0.000,0.000,0.000
2049,0.000,0.000,0.000,0.000
2050,0.000,0.000,0.000,0.000
2051,0.000,0.000,0.000,0.000
2052,0.000,0.000,0.000,0.000
2053,0.000,0.000,0.000,0.000
2054,0.000,0.000,0.000,0.000
2055,0.000,0.000,0.000,0.000
2056,0.000,0.000,0.000,0.000
2057,0.000,0.000,0.000,0.000
2058,0.000,0.000,0.000,0.000
2059,0.000,0.000,0.000,0.000
2060,0.000,0.000,0.000,0.000
2061,0.000,0.000,0.000,0.000
2062,0.000,0.000,0.000,0.000
2063,0.000,0.000,0.000,0.000
2064,0.000,0.000,0.000,0.000
2065,0.000,0.000,0.000,0.000
2066,0.000,0.000,0.000,0.000
2067,0.000,0.000,0.000,0.000
2068,0.000,0.000,0.000,0.000
2069,0.000,0.000,0.000,0.000
2070,0.000,0.000,0.000,0.000
2071,0.000,0.000,0.000,0.000
2072,0.000,0.000,0.000,0.000
2073,0.000,0.000,0.000,0.000
2074,0.000,0.000,0.000,0.000
2075,0.000,0.000,0.000,0.000
2076,0.000,0.000,0.000,0.000
2077,0.000,0.000,0.000,0.000
2078,0.000,0.000,0.000,0.000
2079,0.000,0.000,0.000,0.000
2080,0.000,0.000,0.000,0.000
2081,0.000,0.000,0.000,0.000
2082,0.000,0.000,0.000,0.000
2083,0.000,0.000,0.000,0.000
2084,0.000,0.000,0.000,0.000
2085,0.000,0.000,0.000,0.000
2086,0.000,0.000,0.000,0.000
2087,0.000,0.000,0.000,0.000
2088,0.000,0.000,0.000,0.000
2089,0.000,0.000,0.000,0.000
2090,0.000,0.000,0.000,0.000
2091,0.000,0.000,0.000,0.000
2092,0.000,0.000,0.000,0.000
2093,0.000,0.000,0.000,0.000
2094,0.000,0.000,0.000,0.000
2095,0.000,0.000,0.000,0.000
2096,0.000,0.000,0.000,0.000
2097,0.000,0.000,0.000,0.000
2098,0.000,0.000,0.000,0.000
2099,0.000,0.000,0.000,0.000
2100,0.000,0.000,0.000,0.000
2101,0.000,0.000,0.000,0.000
2102,0.000,0.000,0.000,0.000
2103,0.000,0.000,0.000,0.000
2104,0.000,0.000,0.000,0.000
2105,0.000,0.000,0.000,0.000
2106,0.000,0.000,0.000,0.000
2107,0.000,0.000,0.000,0.000
2108,0.000,0.000,0.000,0.000
2109,0.000,0.000,0.000,0.000
2110,0.000,0.000,0.000,0.000
2111,0.000,0.000,0.000,0.000
2112,0.000,0.000,0.000,0.000
2113,0.000,0.000,0.000,0.000
2114,0.000,0.000,0.000,0.000
2115,0.000,0.000,0.000,0.000
2116,0.000,0.000,0.000,0.000
2117,0.000,0.000,0.000,0.000
2118,0.000,0.000,0.000,0.000
2119,0.000,0.000,0.000,0.000
2120,0.000,0.000,0.000,0.000
2121,0.000,0.000,0.000,0.000
2122,0.000,0.000,0.000,0.000
2123,0.000,0.000,0.000,0.000
2124,0.000,0.000,0.000,0.000
2125,0.000,0.000,0.000,0.000
2126,0.000,0.000,0.000,0.000
2127,0.000,0.000,0.000,0.000
2128,0.000,0.000,0.000,0.000
2129,0.000,0.000,0.000,0.000
2130,0.000,0.000,0.000,0.000
2131,0.000,0.000,0.000,0.000
2132,0.000,0.000,0.000,0.000
2133,0.000,0.000,0.000,0.000
2134,0.000,0.000,0.000,0.000
2135,0.000,0.000,0.000,0.000
2136,0.000,0.000,0.000,0.000
2137,0.000,0.000,0.000,0.000
2138,0.000,0.000,0.000,0.000
2139,0.000,0.000,0.000,0.000
2140,0.000,0.000,0.000,0.000
2141,0.000,0.000,0.000,0.000
2142,0.000,0.000,0.000,0.000
2143,0.000,0.000,0.000,0.000
2144,0.000,0.000,0.000,0.000
2145,0.000,0.000,0.000,0.000
2146,0.000,0.000,0.000,0.000
2147,0.000,0.000,0.000,0.000
2148,0.000,0.000,0.000,0.000
2149,0.000,0.000,0.000,0.000
2150,0.000,0.000,0.000,0.000
2151,0.000,0.000,0.000,0.000
2152,0.000,0.000,0.000,0.000
2153,0.000,0.000,0.000,0.000
2154,0.000,0.000,0.000,0.000
2155,0.000,0.000,0.000,0.000
2156,0.000,0.000,0.000,0.000
2157,0.000,0.000,0.000,0.000
2158,0.000,0.000,0.000,0.000
2159,0.000,0.000,0.000,0.000
2160,0.000,0.000,0.000,0.000
2161,0.000,0.000,0.000,0.000
2162,0.000,0.000,0.000,0.000
2163,0.000,0.000,0.000,0.000
2164,0.000,0.000,0.000,0.000
2165,0.000,0.000,0.000,0.000
2166,0.000,0.000,0.000,0.000
2167,0.000,0.000,0.000,0.000
2168,0.000,0.000,0.000,0.000
2169,0.000,0.000,0.000,0.000
2170,0.000,0.000,0.000,0.000
2171,0.000,0.000,0.000,0.000
2172,0.000,0.000,0.000,0.000
2173,0.000,0.000,0.000,0.000
2174,0.000,0.000,0.000,0.000
2175,0.000,0.000,0.000,0.000
2176,0.000,0.000,0.000,0.000
2177,0.000,0.000,0.000,0.000
2178,0.000,0.000,0.000,0.000
2179,0.000,0.000,0.000,0.000
2180,0.000,0.000,0.000,0.000
2181,0.000,0.000,0.000,0.000
2182,0.000,0.000,0.000,0.000
2183,0.000,0.000,0.000,0.000
2184,0.000,0.000,0.000,0.000
2185,0.000,0.000,0.000,0.000
2186,0.000,0.000,0.000,0.000
2187,0.000,0.000,0.000,0.000
2188,0.000,0.000,0.000,0.000
2189,0.000,0.000,0.000,0.000
2190,0.000,0.000,0.000,0.000
2191,0.000,0.000,0.000,0.000
2192,0.000,0.000,0.000,0.000
2193,0.000,0.000,0.000,0.000
2194,0.000,0.000,0.000,0.000
2195,0.000,0.000,0.000,0.000
2196,0.000,0.000,0.000,0.000
2197,0.000,0.000,0.000,0.000
2198,0.000,0.000,0.000,0.000
2199,0.000,0.000,0.000,0.000
2200,0.000,0.000,0.000,0.000
2201,0.000,0.000,0.000,0.000
2202,0.000,0.000,0.000,0.000
2203,0.000,0.000,0.000,0.000
2204,0.000,0.000,0.000,0.000
2205,0.000,0.000,0.000,0.000
2206,0.000,0.000,0.000,0.000
2207,0.000,0.000,0.000,0.000
2208,0.000,0.000,0.000,0.000
2209,0.000,0.000,0.000,0.000
2210,0.000,0.000,0.000,0.000
2211,0.000,0.000,0.000,0.000
2212,0.000,0.000,0.000,0.000
2213,0.000,0.000,0.000,0.000
2214,0.000,0.000,0.000,0.000
2215,0.000,0.000,0.000,0.000
2216,0.000,0.000,0.000,0.000
2217,0.000,0.000,0.000,0.000
2218,0.000,0.000,0.000,0.000
2219,0.000,0.000,0.000,0.000
2220,0.000,0.000,0.000,0.000
2221,0.000,0.000,0.000,0.000
2222,0.000,0.000,0.000,0.000
2223,0.000,0.000,0.000,0.000
2224,0.000,0.000,0.000,0.000
2225,0.000,0.000,0.000,0.000
2226,0.000,0.000,0.000,0.000
2227,0.000,0.000,0.000,0.000
2228,0.000,0.000,0.000,0.000
2229,0.000,0.000,0.000,0.000
2230,0.000,0.000,0.000,0.000
2231,0.000,0.000,0.000,0.000
2232,0.000,0.000,0.000,0.000
2233,0.000,0.000,0.000,0.000
2234,0.000,0.000,0.000,0.000
2235,0.000,0.000,0.000,0.000
2236,0.000,0.000,0.000,0.000
2237,0.000,0.000,0.000,0.000
2238,0.000,0.000,0.000,0.000
2239,0.000,0.000,0.000,0.000
2240,0.000,0.000,0.000,0.000
2241,0.000,0.000,0.000,0.000
2242,0.000,0.000,0.000,0.000
2243,0.000,0.000,0.000,0.000
2244,0.000,0.000,0.000,0.000
2245,0.000,0.000,0.000,0.000
2246,0.000,0.000,0.000,0.000
2247,0.000,0.000,0.000,0.000
2248,0.000,0.000,0.000,0.000
2249,0.000,0.000,0.000,0.000
2250,0.000,0.000,0.000,0.000
2251,0.000,0.000,0.000,0.000
2252,0.000,0.000,0.000,0.000
2253,0.000,0.000,0.000,0.000
2254,0.000,0.000,0.000,0.000
2255,0.000,0.000,0.000,0.000
2256,0.000,0.000,0.000,0.000
2257,0.000,0.000,0.000,0.000
2258,0.000,0.000,0.000,0.000
2259,0.000,0.000,0.000,0.000
2260,0.000,0.000,0.000,0.000
2261,0.000,0.000,0.000,0.000
2262,0.000,0.000,0.000,0.000
2263,0.000,0.000,0.000,0.000
2264,0.000,0.000,0.000,0.000
2265,0.000,0.000,0.000,0.000
2266,0.000,0.000,0.000,0.000
2267,0.000,0.000,0.000,0.000
2268,0.000,0.000,0.000,0.000
2269,0.000,0.000,0.000,0.000
2270,0.000,0.000,0.000,0.000
2271,0.000,0.000,0.000,0.000
2272,0.000,0.000,0.000,0.000
2273,0.000,0.000,0.000,0.000
2274,0.000,0.000,0.000,0.000
2275,0.000,0.000,0.000,0.000
2276,0.000,0.000,0.000,0.000
2277,0.000,0.000,0.000,0.000
2278,0.000,0.000,0.000,0.000
2279,0.000,0.000,0.000,0.000
2280,0.000,0.000,0.000,0.000
2281,0.000,0.000,0.000,0.000
2282,0.000,0.000,0.000,0.000
2283,0.000,0.000,0.000,0.000
2284,0.000,0.000,0.000,0.000
2285,0.000,0.000,0.000,0.000
2286,0.000,0.000,0.000,0.000
2287,0.000,0.000,0.000,0.000
2288,0.000,0.000,0.000,0.000
2289,0.000,0.000,0.000,0.000
2290,0.000,0.000,0.000,0.000
2291,0.000,0.000,0.000,0.000
2292,0.000,0.000,0.000,0.000
2293,0.000,0.000,0.000,0.000
2294,0.000,0.000,0.000,0.000
2295,0.000,0.000,0.000,0.000
2296,0.000,0.000,0.000,0.000
2297,0.000,0.000,0.000,0.000
2298,0.000,0.000,0.000,0.000
2299,0.000,0.000,0.000,0.000
2300,0.000,0.000,0.000,0.000
2301,0.000,0.000,0.000,0.000
2302,0.000,0.000,0.000,0.000
2303,0.000,0.000,0.000,0.000
2304,0.000,0.000,0.000,0.000
2305,0.000,0.000,0.000,0.000
2306,0.000,0.000,0.000,0.000
2307,0.000,0.000,0.000,0.000
2308,0.000,0.000,0.000,0.000
2309,0.000,0.000,0.000,0.000
2310,0.000,0.000,0.000,0.000
2311,0.000,0.000,0.000,0.000
2312,0.000,0.000,0.000,0.000
2313,0.000,0.000,0.000,0.000
2314,0.000,0.000,0.000,0.000
2315,0.000,0.000,0.000,0.000
2316,0.000,0.000,0.000,0.000
2317,0.000,0.000,0.000,0.000
2318,0.000,0.000,0.000,0.000
2319,0.000,0.000,0.000,0.000
2320,0.000,0.000,0.000,0.000
2321,0.000,0.000,0.000,0.000
2322,0.000,0.000,0.000,0.000
2323,0.000,0.000,0.000,0.000
2324,0.000,0.000,0.000,0.000
2325,0.000,0.000,0.000,0.000
2326,0.000,0.000,0.000,0.000
2327,0.000,0.000,0.000,0.000
2328,0.000,0.000,0.000,0.000
2329,0.000,0.000,0.000,0.000
2330,0.000,0.000,0.000,0.000
2331,0.000,0.000,0.000,0.000
2332,0.000,0.000,0.000,0.000
2333,0.000,0.000,0.000,0.000
2334,0.000,0.000,0.000,0.000
2335,0.000,0.000,0.000,0.000
2336,0.000,0.000,0.000,0.000
2337,0.000,0.000,0.000,0.000
2338,0.000,0.000,0.000,0.000
2339,0.000,0.000,0.000,0.000
2340,0.000,0.000,0.000,0.000
2341,0.000,0.000,0.000,0.000
2342,0.000,0.000,0.000,0.000
2343,0.000,0.000,0.000,0.000
2344,0.000,0.000,0.000,0.000
2345,0.000,0.000,0.000,0.000
2346,0.000,0.000,0.000,0.000
2347,0.000,0.000,0.000,0.000
2348,0.000,0.000,0.000,0.000
2349,0.000,0.000,0.000,0.000
2350,0.000,0.000,0.000,0.000
2351,0.000,0.000,0.000,0.000
2352,0.000,0.000,0.000,0.000
2353,0.000,0.000,0.000,0.000
2354,0.000,0.000,0.000,0.000
2355,0.000,0.000,0.000,0.000
2356,0.000,0.000,0.000,0.000
2357,0.000,0.000,0.000,0.000
2358,0.000,0.000,0.000,0.000
2359,0.000,0.000,0.000,0.000
2360,0.000,0.000,0.000,0.000
2361,0.000,0.000,0.000,0.000
2362,0.000,0.000,0.000,0.000
2363,0.000,0.000,0.000,0.000
2364,0.000,0.000,0.000,0.000
2365,0.000,0.000,0.000,0.000
2366,0.000,0.000,0.000,0.000
2367,0.000,0.000,0.000,0.000
2368,0.000,0.000,0.000,0.000
2369,0.000,0.000,0.000,0.000
2370,0.000,0.000,0.000,0.000
2371,0.000,0.000,0.000,0.000
2372,0.000,0.000,0.000,0.000
2373,0.000,0.000,0.000,0.000
2374,0.000,0.000,0.000,0.000
2375,0.000,0.000,0.000,0.000
2376,0.000,0.000,0.000,0.000
2377,0.000,0.000,0.000,0.000
2378,0.000,0.000,0.000,0.000
2379,0.000,0.000,0.000,0.000
2380,0.000,0.000,0.000,0.000
2381,0.000,0.000,0.000,0.000
2382,0.000,0.000,0.000,0.000
2383,0.000,0.000,0.000,0.000
2384,0.000,0.000,0.000,0.000
2385,0.000,0.000,0.000,0.000
2386,0.000,0.000,0.000,0.000
2387,0.000,0.000,0.000,0.000
2388,0.000,0.000,0.000,0.000
2389,0.000,0.000,0.000,0.000
2390,0.000,0.000,0.000,0.000
2391,0.000,0.000,0.000,0.000
2392,0.000,0.000,0.000,0.000
2393,0.000,0.000,0.000,0.000
2394,0.000,0.000,0.000,0.000
2395,0.000,0.000,0.000,0.000
2396,0.000,0.000,0.000,0.000
2397,0.000,0.000,0.000,0.000
2398,0.000,0.000,0.000,0.000
2399,0.000,0.000,0.000,0.000
2400,0.000,0.000,0.000,0.000
2401,0.000,0.000,0.000,0.000
2402,0.000,0.000,0.000,0.000
2403,0.000,0.000,0.000,0.000
2404,0.000,0.000,0.000,0.000
2405,0.000,0.000,0.000,0.000
2406,0.000,0.000,0.000,0.000
2407,0.000,0.000,0.000,0.000
2408,0.000,0.000,0.000,0.000
2409,0.000,0.000,0.000,0.000
2410,0.000,0.000,0.000,0.000
2411,0.000,0.000,0.000,0.000
2412,0.000,0.000,0.000,0.000
2413,0.000,0.000,0.000,0.000
2414,0.000,0.000,0.000,0.000
2415,0.000,0.000,0.000,0.000
2416,0.000,0.000,0.000,0.000
2417,0.000,0.000,0.000,0.000
2418,0.000,0.000,0.000,0.000
2419,0.000,0.000,0.000,0.000
2420,0.000,0.000,0.000,0.000
2421,0.000,0.000,0.000,0.000
2422,0.000,0.000,0.000,0.000
2423,0.000,0.000,0.000,0.000
2424,0.000,0.000,0.000,0.000
2425,0.000,0.000,0.000,0.000
2426,0.000,0.000,0.000,0.000
2427,0.000,0.000,0.000,0.000
2428,0.000,0.000,0.000,0.000
2429,0.000,0.000,0.000,0.000
2430,0.000,0.000,0.000,0.000
2431,0.000,0.000,0.000,0.000
2432,0.000,0.000,0.000,0.000
2433,0.000,0.000,0.000,0.000
2434,0.000,0.000,0.000,0.000
2435,0.000,0.000,0.000,0.000
2436,0.000,0.000,0.000,0.000
2437,0.000,0.000,0.000,0.000
2438,0.000,0.000,0.000,0.000
2439,0.000,0.000,0.000,0.000
2440,0.000,0.000,0.000,0.000
2441,0.000,0.000,0.000,0.000
2442,0.000,0.000,0.000,0.000
2443,0.000,0.000,0.000,0.000
2444,0.000,0.000,0.000,0.000
2445,0.000,0.000,0.000,0.000
2446,0.000,0.000,0.000,0.000
2447,0.000,0.000,0.000,0.000
2448,0.000,0.000,0.000,0.000
2449,0.000,0.000,0.000,0.000
2450,0.000,0.000,0.000,0.000
2451,0.000,0.000,0.000,0.000
2452,0.000,0.000,0.000,0.000
2453,0.000,0.000,0.000,0.000
2454,0.000,0.000,0.000,0.000
2455,0.000,0.000,0.000,0.000
2456,0.000,0.000,0.000,0.000
2457,0.000,0.000,0.000,0.000
2458,0.000,0.000,0.000,0.000
2459,0.000,0.000,0.000,0.000
2460,0.000,0.000,0.000,0.000
2461,0.000,0.000,0.000,0.000
2462,0.000,0.000,0.000,0.000
2463,0.000,0.000,0.000,0.000
2464,0.000,0.000,0.000,0.000
2465,0.000,0.000,0.000,0.000
2466,0.000,0.000,0.000,0.000
2467,0.000,0.000,0.000,0.000
2468,0.000,0.000,0.000,0.000
2469,0.000,0.000,0.000,0.000
2470,0.000,0.000,0.000,0.000
2471,0.000,0.000,0.000,0.000
2472,0.000,0.000,0.000,0.000
2473,0.000,0.000,0.000,0.000
2474,0.000,0.000,0.000,0.000
2475,0.000,0.000,0.000,0.000
2476,0.000,0.000,0.000,0.000
2477,0.000,0.000,0.000,0.000
2478,0.000,0.000,0.000,0.000
2479,0.000,0.000,0.000,0.000
2480,0.000,0.000,0.000,0.000
2481,0.000,0.000,0.000,0.000
2482,0.000,0.000,0.000,0.000
2483,0.000,0.000,0.000,0.000
2484,0.000,0.000,0.000,0.000
2485,0.000,0.000,0.000,0.000
2486,0.000,0.000,0.000,0.000
2487,0.000,0.000,0.000,0.000
2488,0.000,0.000,0.000,0.000
2489,0.000,0.000,0.000,0.000
2490,0.000,0.000,0.000,0.000
2491,0.000,0.000,0.000,0.000
2492,0.000,0.000,0.000,0.000
2493,0.000,0.000,0.000,0.000
2494,0.000,0.000,0.000,0.000
2495,0.000,0.000,0.000,0.000
2496,0.000,0.000,0.000,0.000
2497,0.000,0.000,0.000,0.000
2498,0.000,0.000,0.000,0.000
2499,0.000,0.000,0.000,0.000
2500,0.000,0.000,0.000,0.000
2501,0.000,0.000,0.000,0.000
2502,0.000,0.000,0.000,0.000
2503,0.000,0.000,0.000,0.000
2504,0.000,0.000,0.000,0.000
2505,0.000,0.000,0.000,0.000
2506,0.000,0.000,0.000,0.000
2507,0.000,0.000,0.000,0.000
2508,0.000,0.000,0.000,0.000
2509,0.000,0.000,0.000,0.000
2510,0.000,0.000,0.000,0.000
2511,0.000,0.000,0.000,0.000
2512,0.000,0.000,0.000,0.000
2513,0.000,0.000,0.000,0.000
2514,0.000,0.000,0.000,0.000
2515,0.000,0.000,0.000,0.000
2516,0.000,0.000,0.000,0.000
2517,0.000,0.000,0.000,0.000
2518,0.000,0.000,0.000,0.000
2519,0.000,0.000,0.000,0.000
2520,0.000,0.000,0.000,0.000
2521,0.000,0.000,0.000,0.000
2522,0.000,0.000,0.000,0.000
2523,0.000,0.000,0.000,0.000
2524,0.000,0.000,0.000,0.000
2525,0.000,0.000,0.000,0.000
2526,0.000,0.000,0.000,0.000
2527,0.000,0.000,0.000,0.000
2528,0.000,0.000,0.000,0.000
2529,0.000,0.000,0.000,0.000
2530,0.000,0.000,0.000,0.000
2531,0.000,0.000,0.000,0.000
2532,0.000,0.000,0.000,0.000
2533,0.000,0.000,0.000,0.000
2534,0.000,0.000,0.000,0.000
2535,0.000,0.000,0.000,0.000
2536,0.000,0.000,0.000,0.000
2537,0.000,0.000,0.000,0.000
2538,0.000,0.000,0.000,0.000
2539,0.000,0.000,0.000,0.000
2540,0.000,0.000,0.000,0.000
2541,0.000,0.000,0.000,0.000
2542,0.000,0.000,0.000,0.000
2543,0.000,0.000,0.000,0.000
2544,0.000,0.000,0.000,0.000
2545,0.000,0.000,0.000,0.000
2546,0.000,0.000,0.000,0.000
2547,0.000,0.000,0.000,0.000
2548,0.000,0.000,0.000,0.000
2549,0.000,0.000,0.000,0.000
2550,0.000,0.000,0.000,0.000
2551,0.000,0.000,0.000,0.000
2552,0.000,0.000,0.000,0.000
2553,0.000,0.000,0.000,0.000
2554,0.000,0.000,0.000,0.000
2555,0.000,0.000,0.000,0.000
2556,0.000,0.000,0.000,0.000
2557,0.000,0.000,0.000,0.000
2558,0.000,0.000,0.000,0.000
2559,0.000,0.000,0.000,0.000
2560,0.000,0.000,0.000,0.000
2561,0.000,0.000,0.000,0.000
2562,0.000,0.000,0.000,0.000
2563,0.000,0.000,0.000,0.000
2564,0.000,0.000,0.000,0.000
2565,0.000,0.000,0.000,0.000
2566,0.000,0.000,0.000,0.000
2567,0.000,0.000,0.000,0.000
2568,0.000,0.000,0.000,0.000
2569,0.000,0.000,0.000,0.000
2570,0.000,0.000,0.000,0.000
2571,0.000,0.000,0.000,0.000
2572,0.000,0.000,0.000,0.000
2573,0.000,0.000,0.000,0.000
2574,0.000,0.000,0.000,0.000
2575,0.000,0.000,0.000,0.000
2576,0.000,0.000,0.000,0.000
2577,0.000,0.000,0.000,0.000
2578,0.000,0.000,0.000,0.000
2579,0.000,0.000,0.000,0.000
2580,0.000,0.000,0.000,0.000
2581,0.000,0.000,0.000,0.000
2582,0.000,0.000,0.000,0.000
2583,0.000,0.000,0.000,0.000
2584,0.000,0.000,0.000,0.000
2585,0.000,0.000,0.000,0.000
2586,0.000,0.000,0.000,0.000
2587,0.000,0.000,0.000,0.000
2588,0.000,0.000,0.000,0.000
2589,0.000,0.000,0.000,0.000
2590,0.000,0.000,0.000,0.000
2591,0.000,0.000,0.000,0.000
2592,0.000,0.000,0.000,0.000
2593,0.000,0.000,0.000,0.000
2594,0.000,0.000,0.000,0.000
2595,0.000,0.000,0.000,0.000
2596,0.000,0.000,0.000,0.000
2597,0.000,0.000,0.000,0.000
2598,0.000,0.000,0.000,0.000
2599,0.000,0.000,0.000,0.000
2600,0.000,0.000,0.000,0.000
2601,0.000,0.000,0.000,0.000
2602,0.000,0.000,0.000,0.000
2603,0.000,0.000,0.000,0.000
2604,0.000,0.000,0.000,0.000
2605,0.000,0.000,0.000,0.000
2606,0.000,0.000,0.000,0.000
2607,0.000,0.000,0.000,0.000
2608,0.000,0.000,0.000,0.000
2609,0.000,0.000,0.000,0.000
2610,0.000,0.000,0.000,0.000
2611,0.000,0.000,0.000,0.000
2612,0.000,0.000,0.000,0.000
2613,0.000,0.000,0.000,0.000
2614,0.000,0.000,0.000,0.000
2615,0.000,0.000,0.000,0.000
2616,0.000,0.000,0.000,0.000
2617,0.000,0.000,0.000,0.000
2618,0.000,0.000,0.000,0.000
2619,0.000,0.000,0.000,0.000
2620,0.000,0.000,0.000,0.000
2621,0.000,0.000,0.000,0.000
2622,0.000,0.000,0.000,0.000
2623,0.000,0.000,0.000,0.000
2624,0.000,0.000,0.000,0.000
2625,0.000,0.000,0.000,0.000
2626,0.000,0.000,0.000,0.000
2627,0.000,0.000,0.000,0.000
2628,0.000,0.000,0.000,0.000
2629,0.000,0.000,0.000,0.000
2630,0.000,0.000,0.000,0.000
2631,0.000,0.000,0.000,0.000
2632,0.000,0.000,0.000,0.000
2633,0.000,0.000,0.000,0.000
2634,0.000,0.000,0.000,0.000
2635,0.000,0.000,0.000,0.000
2636,0.000,0.000,0.000,0.000
2637,0.000,0.000,0.000,0.000
2638,0.000,0.000,0.000,0.000
2639,0.000,0.000,0.000,0.000
2640,0.000,0.000,0.000,0.000
2641,0.000,0.000,0.000,0.000
2642,0.000,0.000,0.000,0.000
2643,0.000,0.000,0.000,0.000
2644,0.000,0.000,0.000,0.000
2645,0.000,0.000,0.000,0.000
2646,0.000,0.000,0.000,0.000
2647,0.000,0.000,0.000,0.000
2648,0.000,0.000,0.000,0.000
2649,0.000,0.000,0.000,0.000
2650,0.000,0.000,0.000,0.000
2651,0.000,0.000,0.000,0.000
2652,0.000,0.000,0.000,0.000
2653,0.000,0.000,0.000,0.000
2654,0.000,0.000,0.000,0.000
2655,0.000,0.000,0.000,0.000
2656,0.000,0.000,0.000,0.000
2657,0.000,0.000,0.000,0.000
2658,0.000,0.000,0.000,0.000
2659,0.000,0.000,0.000,0.000
2660,0.000,0.000,0.000,0.000
2661,0.000,0.000,0.000,0.000
2662,0.000,0.000,0.000,0.000
2663,0.000,0.000,0.000,0.000
2664,0.000,0.000,0.000,0.000
2665,0.000,0.000,0.000,0.000
2666,0.000,0.000,0.000,0.000
2667,0.000,0.000,0.000,0.000
2668,0.000,0.000,0.000,0.000
2669,0.000,0.000,0.000,0.000
2670,0.000,0.000,0.000,0.000
2671,0.000,0.000,0.000,0.000
2672,0.000,0.000,0.000,0.000
2673,0.000,0.000,0.000,0.000
2674,0.000,0.000,0.000,0.000
2675,0.000,0.000,0.000,0.000
2676,0.000,0.000,0.000,0.000
2677,0.000,0.000,0.000,0.000
2678,0.000,0.000,0.000,0.000
2679,0.000,0.000,0.000,0.000
2680,0.000,0.000,0.000,0.000
2681,0.000,0.000,0.000,0.000
2682,0.000,0.000,0.000,0.000
2683,0.000,0.000,0.000,0.000
2684,0.000,0.000,0.000,0.000
2685,0.000,0.000,0.000,0.000
2686,0.000,0.000,0.000,0.000
2687,0.000,0.000,0.000,0.000
2688,0.000,0.000,0.000,0.000
2689,0.000,0.000,0.000,0.000
2690,0.000,0.000,0.000,0.000
2691,0.000,0.000,0.000,0.000
2692,0.000,0.000,0.000,0.000
2693,0.000,0.000,0.000,0.000
2694,0.000,0.000,0.000,0.000
2695,0.000,0.000,0.000,0.000
2696,0.000,0.000,0.000,0.000
2697,0.000,0.000,0.000,0.000
2698,0.000,0.000,0.000,0.000
2699,0.000,0.000,0.000,0.000
2700,0.000,0.000,0.000,0.000
2701,0.000,0.000,0.000,0.000
2702,0.000,0.000,0.000,0.000
2703,0.000,0.000,0.000,0.000
2704,0.000,0.000,0.000,0.000
2705,0.000,0.000,0.000,0.000
2706,0.000,0.000,0.000,0.000
2707,0.000,0.000,0.000,0.000
2708,0.000,0.000,0.000,0.000
2709,0.000,0.000,0.000,0.000
2710,0.000,0.000,0.000,0.000
2711,0.000,0.000,0.000,0.000
2712,0.000,0.000,0.000,0.000
2713,0.000,0.000,0.000,0.000
2714,0.000,0.000,0.000,0.000
2715,0.000,0.000,0.000,0.000
2716,0.000,0.000,0.000,0.000
2717,0.000,0.000,0.000,0.000
2718,0.000,0.000,0.000,0.000
2719,0.000,0.000,0.000,0.000
2720,0.000,0.000,0.000,0.000
2721,0.000,0.000,0.000,0.000
2722,0.000,0.000,0.000,0.000
2723,0.000,0.000,0.000,0.000
2724,0.000,0.000,0.000,0.000
2725,0.000,0.000,0.000,0.000
2726,0.000,0.000,0.000,0.000
2727,0.000,0.000,0.000,0.000
2728,0.000,0.000,0.000,0.000
2729,0.000,0.000,0.000,0.000
2730,0.000,0.000,0.000,0.000
2731,0.000,0.000,0.000,0.000
2732,0.000,0.000,0.000,0.000
2733,0.000,0.000,0.000,0.000
2734,0.000,0.000,0.000,0.000
2735,0.000,0.000,0.000,0.000
2736,0.000,0.000,0.000,0.000
2737,0.000,0.000,0.000,0.000
2738,0.000,0.000,0.000,0.000
2739,0.000,0.000,0.000,0.000
2740,0.000,0.000,0.000,0.000
2741,0.000,0.000,0.000,0.000
2742,0.000,0.000,0.000,0.000
2743,0.000,0.000,0.000,0.000
2744,0.000,0.000,0.000,0.000
2745,0.000,0.000,0.000,0.000
2746,0.000,0.000,0.000,0.000
2747,0.000,0.000,0.000,0.000
2748,0.000,0.000,0.000,0.000
2749,0.000,0.000,0.000,0.000
2750,0.000,0.000,0.000,0.000
2751,0.000,0.000,0.000,0.000
2752,0.000,0.000,0.000,0.000
2753,0.000,0.000,0.000,0.000
2754,0.000,0.000,0.000,0.000
2755,0.000,0.000,0.000,0.000
2756,0.000,0.000,0.000,0.000
2757,0.000,0.000,0.000,0.000
2758,0.000,0.000,0.000,0.000
2759,0.000,0.000,0.000,0.000
2760,0.000,0.000,0.000,0.000
2761,0.000,0.000,0.000,0.000
2762,0.000,0.000,0.000,0.000
2763,0.000,0.000,0.000,0.000
2764,0.000,0.000,0.000,0.000
2765,0.000,0.000,0.000,0.000
2766,0.000,0.000,0.000,0.000
2767,0.000,0.000,0.000,0.000
2768,0.000,0.000,0.000,0.000
2769,0.000,0.000,0.000,0.000
2770,0.000,0.000,0.000,0.000
2771,0.000,0.000,0.000,0.000
2772,0.000,0.000,0.000,0.000
2773,0.000,0.000,0.000,0.000
2774,0.000,0.000,0.000,0.000
2775,0.000,0.000,0.000,0.000
2776,0.000,0.000,0.000,0.000
2777,0.000,0.000,0.000,0.000
2778,0.000,0.000,0.000,0.000
2779,0.000,0.000,0.000,0.000
2780,0.000,0.000,0.000,0.000
2781,0.000,0.000,0.000,0.000
2782,0.000,0.000,0.000,0.000
2783,0.000,0.000,0.000,0.000
2784,0.000,0.000,0.000,0.000
2785,0.000,0.000,0.000,0.000
2786,0.000,0.000,0.000,0.000
2787,0.000,0.000,0.000,0.000
2788,0.000,0.000,0.000,0.000
2789,0.000,0.000,0.000,0.000
2790,0.000,0.000,0.000,0.000
2791,0.000,0.000,0.000,0.000
2792,0.000,0.000,0.000,0.000
2793,0.000,0.000,0.000,0.000
2794,0.000,0.000,0.000,0.000
2795,0.000,0.000,0.000,0.000
2796,0.000,0.000,0.000,0.000
2797,0.000,0.000,0.000,0.000
2798,0.000,0.000,0.000,0.000
2799,0.000,0.000,0.000,0.000
2800,0.000,0.000,0.000,0.000
2801,0.000,0.000,0.000,0.000
2802,0.000,0.000,0.000,0.000
2803,0.000,0.000,0.000,0.000
2804,0.000,0.000,0.000,0.000
2805,0.000,0.000,0.000,0.000
2806,0.000,0.000,0.000,0.000
2807,0.000,0.000,0.000,0.000
2808,0.000,0.000,0.000,0.000
2809,0.000,0.000,0.000,0.000
2810,0.000,0.000,0.000,0.000
2811,0.000,0.000,0.000,0.000
2812,0.000,0.000,0.000,0.000
2813,0.000,0.000,0.000,0.000
2814,0.000,0.000,0.000,0.000
2815,0.000,0.000,0.000,0.000
2816,0.000,0.000,0.000,0.000
2817,0.000,0.000,0.000,0.000
2818,0.000,0.000,0.000,0.000
2819,0.000,0.000,0.000,0.000
2820,0.000,0.000,0.000,0.000
2821,0.000,0.000,0.000,0.000
2822,0.000,0.000,0.000,0.000
2823,0.000,0.000,0.000,0.000
2824,0.000,0.000,0.000,0.000
2825,0.000,0.000,0.000,0.000
2826,0.000,0.000,0.000,0.000
2827,0.000,0.000,0.000,0.000
2828,0.000,0.000,0.000,0.000
2829,0.000,0.000,0.000,0.000
2830,0.000,0.000,0.000,0.000
2831,0.000,0.000,0.000,0.000
2832,0.000,0.000,0.000,0.000
2833,0.000,0.000,0.000,0.000
2834,0.000,0.000,0.000,0.000
2835,0.000,0.000,0.000,0.000
2836,0.000,0.000,0.000,0.000
2837,0.000,0.000,0.000,0.000
2838,0.000,0.000,0.000,0.000
2839,0.000,0.000,0.000,0.000
2840,0.000,0.000,0.000,0.000
2841,0.000,0.000,0.000,0.000
2842,0.000,0.000,0.000,0.000
2843,0.000,0.000,0.000,0.000
2844,0.000,0.000,0.000,0.000
2845,0.000,0.000,0.000,0.000
2846,0.000,0.000,0.000,0.000
2847,0.000,0.000,0.000,0.000
2848,0.000,0.000,0.000,0.000
2849,0.000,0.000,0.000,0.000
2850,0.000,0.000,0.000,0.000
2851,0.000,0.000,0.000,0.000
2852,0.000,0.000,0.000,0.000
2853,0.000,0.000,0.000,0.000
2854,0.000,0.000,0.000,0.000
2855,0.000,0.000,0.000,0.000
2856,0.000,0.000,0.000,0.000
2857,0.000,0.000,0.000,0.000
2858,0.000,0.000,0.000,0.000
2859,0.000,0.000,0.000,0.000
2860,0.000,0.000,0.000,0.000
2861,0.000,0.000,0.000,0.000
2862,0.000,0.000,0.000,0.000
2863,0.000,0.000,0.000,0.000
2864,0.000,0.000,0.000,0.000
2865,0.000,0.000,0.000,0.000
2866,0.000,0.000,0.000,0.000
2867,0.000,0.000,0.000,0.000
2868,0.000,0.000,0.000,0.000
2869,0.000,0.000,0.000,0.000
2870,0.000,0.000,0.000,0.000
2871,0.000,0.000,0.000,0.000
2872,0.000,0.000,0.000,0.000
2873,0.000,0.000,0.000,0.000
2874,0.000,0.000,0.000,0.000
2875,0.000,0.000,0.000,0.000
2876,0.000,0.000,0.000,0.000
2877,0.000,0.000,0.000,0.000
2878,0.000,0.000,0.000,0.000
2879,0.000,0.000,0.000,0.000
2880,0.000,0.000,0.000,0.000
2881,0.000,0.000,0.000,0.000
2882,0.000,0.000,0.000,0.000
2883,0.000,0.000,0.000,0.000
2884,0.000,0.000,0.000,0.000
2885,0.000,0.000,0.000,0.000
2886,0.000,0.000,0.000,0.000
2887,0.000,0.000,0.000,0.000
2888,0.000,0.000,0.000,0.000
2889,0.000,0.000,0.000,0.000
2890,0.000,0.000,0.000,0.000
2891,0.000,0.000,0.000,0.000
2892,0.000,0.000,0.000,0.000
2893,0.000,0.000,0.000,0.000
2894,0.000,0.000,0.000,0.000
2895,0.000,0.000,0.000,0.000
2896,0.000,0.000,0.000,0.000
2897,0.000,0.000,0.000,0.000
2898,0.000,0.000,0.000,0.000
2899,0.000,0.000,0.000,0.000
2900,0.000,0.000,0.000,0.000
2901,0.000,0.000,0.000,0.000
2902,0.000,0.000,0.000,0.000
2903,0.000,0.000,0.000,0.000
2904,0.000,0.000,0.000,0.000
2905,0.000,0.000,0.000,0.000
2906,0.000,0.000,0.000,0.000
2907,0.000,0.000,0.000,0.000
2908,0.000,0.000,0.000,0.000
2909,0.000,0.000,0.000,0.000
2910,0.000,0.000,0.000,0.000
2911,0.000,0.000,0.000,0.000
2912,0.000,0.000,0.000,0.000
2913,0.000,0.000,0.000,0.000
2914,0.000,0.000,0.000,0.000
2915,0.000,0.000,0.000,0.000
2916,0.000,0.000,0.000,0.000
2917,0.000,0.000,0.000,0.000
2918,0.000,0.000,0.000,0.000
2919,0.000,0.000,0.000,0.000
2920,0.000,0.000,0.000,0.000
2921,0.000,0.000,0.000,0.000
2922,0.000,0.000,0.000,0.000
2923,0.000,0.000,0.000,0.000
2924,0.000,0.000,0.000,0.000
2925,0.000,0.000,0.000,0.000
2926,0.000,0.000,0.000,0.000
2927,0.000,0.000,0.000,0.000
2928,0.000,0.000,0.000,0.000
2929,0.000,0.000,0.000,0.000
2930,0.000,0.000,0.000,0.000
2931,0.000,0.000,0.000,0.000
2932,0.000,0.000,0.000,0.000
2933,0.000,0.000,0.000,0.000
2934,0.000,0.000,0.000,0.000
2935,0.000,0.000,0.000,0.000
2936,0.000,0.000,0.000,0.000
2937,0.000,0.000,0.000,0.000
2938,0.000,0.000,0.000,0.000
2939,0.000,0.000,0.000,0.000
2940,0.000,0.000,0.000,0.000
2941,0.000,0.000,0.000,0.000
2942,0.000,0.000,0.000,0.000
2943,0.000,0.000,0.000,0.000
2944,0.000,0.000,0.000,0.000
2945,0.000,0.000,0.000,0.000
2946,0.000,0.000,0.000,0.000
2947,0.000,0.000,0.000,0.000
2948,0.000,0.000,0.000,0.000
2949,0.000,0.000,0.000,0.000
2950,0.000,0.000,0.000,0.000
2951,0.000,0.000,0.000,0.000
2952,0.000,0.000,0.000,0.000
2953,0.000,0.000,0.000,0.000
2954,0.000,0.000,0.000,0.000
2955,0.000,0.000,0.000,0.000
2956,0.000,0.000,0.000,0.000
2957,0.000,0.000,0.000,0.000
2958,0.000,0.000,0.000,0.000
2959,0.000,0.000,0.000,0.000
2960,0.000,0.000,0.000,0.000
2961,0.000,0.000,0.000,0.000
2962,0.000,0.000,0.000,0.000
2963,0.000,0.000,0.000,0.000
2964,0.000,0.000,0.000,0.000
2965,0.000,0.000,0.000,0.000
2966,0.000,0.000,0.000,0.000
2967,0.000,0.000,0.000,0.000
2968,0.000,0.000,0.000,0.000
2969,0.000,0.000,0.000,0.000
2970,0.000,0.000,0.000,0.000
2971,0.000,0.000,0.000,0.000
2972,0.000,0.000,0.000,0.000
2973,0.000,0.000,0.000,0.000
2974,0.000,0.000,0.000,0.000
2975,0.000,0.000,0.000,0.000
2976,0.000,0.000,0.000,0.000
2977,0.000,0.000,0.000,0.000
2978,0.000,0.000,0.000,0.000
2979,0.000,0.000,0.000,0.000
2980,0.000,0.000,0.000,0.000
2981,0.000,0.000,0.000,0.000
2982,0.000,0.000,0.000,0.000
2983,0.000,0.000,0.000,0.000
2984,0.000,0.000,0.000,0.000
2985,0.000,0.000,0.000,0.000
2986,0.000,0.000,0.000,0.000
2987,0.000,0.000,0.000,0.000
2988,0.000,0.000,0.000,0.000
2989,0.000,0.000,0.000,0.000
2990,0.000,0.000,0.000,0.000
2991,0.000,0.000,0.000,0.000
2992,0.000,0.000,0.000,0.000
2993,0.000,0.000,0.000,0.000
2994,0.000,0.000,0.000,0.000
2995,0.000,0.000,0.000,0.000
2996,0.000,0.000,0.000,0.000
2997,0.000,0.000,0.000,0.000
2998,0.000,0.000,0.000,0.000
2999,0.000,0.000,0.000,0.000
3000,0.000,0.000,0.000,0.000
3001,0.000,0.000,0.000,0.000
3002,0.000,0.000,0.000,0.000
3003,0.000,0.000,0.000,0.000
3004,0.000,0.000,0.000,0.000
3005,0.000,0.000,0.000,0.000
3006,0.000,0.000,0.000,0.000
3007,0.000,0.000,0.000,0.000
3008,0.000,0.000,0.000,0.000
3009,0.000,0.000,0.000,0.000
3010,0.000,0.000,0.000,0.000
3011,0.000,0.000,0.000,0.000
3012,0.000,0.000,0.000,0.000
3013,0.000,0.000,0.000,0.000
3014,0.000,0.000,0.000,0.000
3015,0.000,0.000,0.000,0.000
3016,0.000,0.000,0.000,0.000
3017,0.000,0.000,0.000,0.000
3018,0.000,0.000,0.000,0.000
3019,0.000,0.000,0.000,0.000
3020,0.000,0.000,0.000,0.000
3021,0.000,0.000,0.000,0.000
3022,0.000,0.000,0.000,0.000
3023,0.000,0.000,0.000,0.000
3024,0.000,0.000,0.000,0.000
3025,0.000,0.000,0.000,0.000
3026,0.000,0.000,0.000,0.000
3027,0.000,0.000,0.000,0.000
3028,0.000,0.000,0.000,0.000
3029,0.000,0.000,0.000,0.000
3030,0.000,0.000,0.000,0.000
3031,0.000,0.000,0.000,0.000
3032,0.000,0.000,0.000,0.000
3033,0.000,0.000,0.000,0.000
3034,0.000,0.000,0.000,0.000
3035,0.000,0.000,0.000,0.000
3036,0.000,0.000,0.000,0.000
3037,0.000,0.000,0.000,0.000
3038,0.000,0.000,0.000,0.000
3039,0.000,0.000,0.000,0.000
3040,0.000,0.000,0.000,0.000
3041,0.000,0.000,0.000,0.000
3042,0.000,0.000,0.000,0.000
3043,0.000,0.000,0.000,0.000
3044,0.000,0.000,0.000,0.000
3045,0.000,0.000,0.000,0.000
3046,0.000,0.000,0.000,0.000
3047,0.000,0.000,0.000,0.000
3048,0.000,0.000,0.000,0.000
3049,0.000,0.000,0.000,0.000
3050,0.000,0.000,0.000,0.000
3051,0.000,0.000,0.000,0.000
3052,0.000,0.000,0.000,0.000
3053,0.000,0.000,0.000,0.000
3054,0.000,0.000,0.000,0.000
3055,0.000,0.000,0.000,0.000
3056,0.000,0.000,0.000,0.000
3057,0.000,0.000,0.000,0.000
3058,0.000,0.000,0.000,0.000
3059,0.000,0.000,0.000,0.000
3060,0.000,0.000,0.000,0.000
3061,0.000,0.000,0.000,0.000
3062,0.000,0.000,0.000,0.000
3063,0.000,0.000,0.000,0.000
3064,0.000,0.000,0.000,0.000
3065,0.000,0.000,0.000,0.000
3066,0.000,0.000,0.000,0.000
3067,0.000,0.000,0.000,0.000
3068,0.000,0.000,0.000,0.000
3069,0.000,0.000,0.000,0.000
3070,0.000,0.000,0.000,0.000
3071,0.000,0.000,0.000,0.000
3072,0.000,0.000,0.000,0.000
3073,0.000,0.000,0.000,0.000
3074,0.000,0.000,0.000,0.000
3075,0.000,0.000,0.000,0.000
3076,0.000,0.000,0.000,0.000
3077,0.000,0.000,0.000,0.000
3078,0.000,0.000,0.000,0.000
3079,0.000,0.000,0.000,0.000
3080,0.000,0.000,0.000,0.000
3081,0.000,0.000,0.000,0.000
3082,0.000,0.000,0.000,0.000
3083,0.000,0.000,0.000,0.000
3084,0.000,0.000,0.000,0.000
3085,0.000,0.000,0.000,0.000
3086,0.000,0.000,0.000,0.000
3087,0.000,0.000,0.000,0.000
3088,0.000,0.000,0.000,0.000
3089,0.000,0.000,0.000,0.000
3090,0.000,0.000,0.000,0.000
3091,0.000,0.000,0.000,0.000
3092,0.000,0.000,0.000,0.000
3093,0.000,0.000,0.000,0.000
3094,0.000,0.000,0.000,0.000
3095,0.000,0.000,0.000,0.000
3096,0.000,0.000,0.000,0.000
3097,0.000,0.000,0.000,0.000
3098,0.000,0.000,0.000,0.000
3099,0.000,0.000,0.000,0.000
3100,0.000,0.000,0.000,0.000
3101,0.000,0.000,0.000,0.000
3102,0.000,0.000,0.000,0.000
3103,0.000,0.000,0.000,0.000
3104,0.000,0.000,0.000,0.000
3105,0.000,0.000,0.000,0.000
3106,0.000,0.000,0.000,0.000
3107,0.000,0.000,0.000,0.000
3108,0.000,0.000,0.000,0.000
3109,0.000,0.000,0.000,0.000
3110,0.000,0.000,0.000,0.000
3111,0.000,0.000,0.000,0.000
3112,0.000,0.000,0.000,0.000
3113,0.000,0.000,0.000,0.000
3114,0.000,0.000,0.000,0.000
3115,0.000,0.000,0.000,0.000
3116,0.000,0.000,0.000,0.000
3117,0.000,0.000,0.000,0.000
3118,0.000,0.000,0.000,0.000
3119,0.000,0.000,0.000,0.000
3120,0.000,0.000,0.000,0.000
3121,0.000,0.000,0.000,0.000
3122,0.000,0.000,0.000,0.000
3123,0.000,0.000,0.000,0.000
3124,0.000,0.000,0.000,0.000
3125,0.000,0.000,0.000,0.000
3126,0.000,0.000,0.000,0.000
3127,0.000,0.000,0.000,0.000
3128,0.000,0.000,0.000,0.000
3129,0.000,0.000,0.000,0.000
3130,0.000,0.000,0.000,0.000
3131,0.000,0.000,0.000,0.000
3132,0.000,0.000,0.000,0.000
3133,0.000,0.000,0.000,0.000
3134,0.000,0.000,0.000,0.000
3135,0.000,0.000,0.000,0.000
3136,0.000,0.000,0.000,0.000
3137,0.000,0.000,0.000,0.000
3138,0.000,0.000,0.000,0.000
3139,0.000,0.000,0.000,0.000
3140,0.000,0.000,0.000,0.000
3141,0.000,0.000,0.000,0.000
3142,0.000,0.000,0.000,0.000
3143,0.000,0.000,0.000,0.000
3144,0.000,0.000,0.000,0.000
3145,0.000,0.000,0.000,0.000
3146,0.000,0.000,0.000,0.000
3147,0.000,0.000,0.000,0.000
3148,0.000,0.000,0.000,0.000
3149,0.000,0.000,0.000,0.000
3150,0.000,0.000,0.000,0.000
3151,0.000,0.000,0.000,0.000
3152,0.000,0.000,0.000,0.000
3153,0.000,0.000,0.000,0.000
3154,0.000,0.000,0.000,0.000
3155,0.000,0.000,0.000,0.000
3156,0.000,0.000,0.000,0.000
3157,0.000,0.000,0.000,0.000
3158,0.000,0.000,0.000,0.000
3159,0.000,0.000,0.000,0.000
3160,0.000,0.000,0.000,0.000
3161,0.000,0.000,0.000,0.000
3162,0.000,0.000,0.000,0.000
3163,0.000,0.000,0.000,0.000
3164,0.000,0.000,0.000,0.000
3165,0.000,0.000,0.000,0.000
3166,0.000,0.000,0.000,0.000
3167,0.000,0.000,0.000,0.000
3168,0.000,0.000,0.000,0.000
3169,0.000,0.000,0.000,0.000
3170,0.000,0.000,0.000,0.000
3171,0.000,0.000,0.000,0.000
3172,0.000,0.000,0.000,0.000
3173,0.000,0.000,0.000,0.000
3174,0.000,0.000,0.000,0.000
3175,0.000,0.000,0.000,0.000
3176,0.000,0.000,0.000,0.000
3177,0.000,0.000,0.000,0.000
3178,0.000,0.000,0.000,0.000
3179,0.000,0.000,0.000,0.000
3180,0.000,0.000,0.000,0.000
3181,0.000,0.000,0.000,0.000
3182,0.000,0.000,0.000,0.000
3183,0.000,0.000,0.000,0.000
3184,0.000,0.000,0.000,0.000
3185,0.000,0.000,0.000,0.000
3186,0.000,0.000,0.000,0.000
3187,0.000,0.000,0.000,0.000
3188,0.000,0.000,0.000,0.000
3189,0.000,0.000,0.000,0.000
3190,0.000,0.000,0.000,0.000
3191,0.000,0.000,0.000,0.000
3192,0.000,0.000,0.000,0.000
3193,0.000,0.000,0.000,0.000
3194,0.000,0.000,0.000,0.000
3195,0.000,0.000,0.000,0.000
3196,0.000,0.000,0.000,0.000
3197,0.000,0.000,0.000,0.000
3198,0.000,0.000,0.000,0.000
3199,0.000,0.000,0.000,0.000
3200,0.000,0.000,0.000,0.000
3201,0.000,0.000,0.000,0.000
3202,0.000,0.000,0.000,0.000
3203,0.000,0.000,0.000,0.000
3204,0.000,0.000,0.000,0.000
3205,0.000,0.000,0.000,0.000
3206,0.000,0.000,0.000,0.000
3207,0.000,0.000,0.000,0.000
3208,0.000,0.000,0.000,0.000
3209,0.000,0.000,0.000,0.000
3210,0.000,0.000,0.000,0.000
3211,0.000,0.000,0.000,0.000
3212,0.000,0.000,0.000,0.000
3213,0.000,0.000,0.000,0.000
3214,0.000,0.000,0.000,0.000
3215,0.000,0.000,0.000,0.000
3216,0.000,0.000,0.000,0.000
3217,0.000,0.000,0.000,0.000
3218,0.000,0.000,0.000,0.000
3219,0.000,0.000,0.000,0.000
3220,0.000,0.000,0.000,0.000
3221,0.000,0.000,0.000,0.000
3222,0.000,0.000,0.000,0.000
3223,0.000,0.000,0.000,0.000
3224,0.000,0.000,0.000,0.000
3225,0.000,0.000,0.000,0.000
3226,0.000,0.000,0.000,0.000
3227,0.000,0.000,0.000,0.000
3228,0.000,0.000,0.000,0.000
3229,0.000,0.000,0.000,0.000
3230,0.000,0.000,0.000,0.000
3231,0.000,0.000,0.000,0.000
3232,0.000,0.000,0.000,0.000
3233,0.000,0.000,0.000,0.000
3234,0.000,0.000,0.000,0.000
3235,0.000,0.000,0.000,0.000
3236,0.000,0.000,0.000,0.000
3237,0.000,0.000,0.000,0.000
3238,0.000,0.000,0.000,0.000
3239,0.000,0.000,0.000,0.000
3240,0.000,0.000,0.000,0.000
3241,0.000,0.000,0.000,0.000
3242,0.000,0.000,0.000,0.000
3243,0.000,0.000,0.000,0.000
3244,0.000,0.000,0.000,0.000
3245,0.000,0.000,0.000,0.000
3246,0.000,0.000,0.000,0.000
3247,0.000,0.000,0.000,0.000
3248,0.000,0.000,0.000,0.000
3249,0.000,0.000,0.000,0.000
3250,0.000,0.000,0.000,0.000
3251,0.000,0.000,0.000,0.000
3252,0.000,0.000,0.000,0.000
3253,0.000,0.000,0.000,0.000
3254,0.000,0.000,0.000,0.000
3255,0.000,0.000,0.000,0.000
3256,0.000,0.000,0.000,0.000
3257,0.000,0.000,0.000,0.000
3258,0.000,0.000,0.000,0.000
3259,0.000,0.000,0.000,0.000
3260,0.000,0.000,0.000,0.000
3261,0.000,0.000,0.000,0.000
3262,0.000,0.000,0.000,0.000
3263,0.000,0.000,0.000,0.000
3264,0.000,0.000,0.000,0.000
3265,0.000,0.000,0.000,0.000
3266,0.000,0.000,0.000,0.000
3267,0.000,0.000,0.000,0.000
3268,0.000,0.000,0.000,0.000
3269,0.000,0.000,0.000,0.000
3270,0.000,0.000,0.000,0.000
3271,0.000,0.000,0.000,0.000
3272,0.000,0.000,0.000,0.000
3273,0.000,0.000,0.000,0.000
3274,0.000,0.000,0.000,0.000
3275,0.000,0.000,0.000,0.000
3276,0.000,0.000,0.000,0.000
3277,0.000,0.000,0.000,0.000
3278,0.000,0.000,0.000,0.000
3279,0.000,0.000,0.000,0.000
3280,0.000,0.000,0.000,0.000
3281,0.000,0.000,0.000,0.000
3282,0.000,0.000,0.000,0.000
3283,0.000,0.000,0.000,0.000
3284,0.000,0.000,0.000,0.000
3285,0.000,0.000,0.000,0.000
3286,0.000,0.000,0.000,0.000
3287,0.000,0.000,0.000,0.000
3288,0.000,0.000,0.000,0.000
3289,0.000,0.000,0.000,0.000
3290,0.000,0.000,0.000,0.000
3291,0.000,0.000,0.000,0.000
3292,0.000,0.000,0.000,0.000
3293,0.000,0.000,0.000,0.000
3294,0.000,0.000,0.000,0.000
3295,0.000,0.000,0.000,0.000
3296,0.000,0.000,0.000,0.000
3297,0.000,0.000,0.000,0.000
3298,0.000,0.000,0.000,0.000
3299,0.000,0.000,0.000,0.000
3300,0.000,0.000,0.000,0.000
3301,0.000,0.000,0.000,0.000
3302,0.000,0.000,0.000,0.000
3303,0.000,0.000,0.000,0.000
3304,0.000,0.000,0.000,0.000
3305,0.000,0.000,0.000,0.000
3306,0.000,0.000,0.000,0.000
3307,0.000,0.000,0.000,0.000
3308,0.000,0.000,0.000,0.000
3309,0.000,0.000,0.000,0.000
3310,0.000,0.000,0.000,0.000
3311,0.000,0.000,0.000,0.000
3312,0.000,0.000,0.000,0.000
3313,0.000,0.000,0.000,0.000
3314,0.000,0.000,0.000,0.000
3315,0.000,0.000,0.000,0.000
3316,0.000,0.000,0.000,0.000
3317,0.000,0.000,0.000,0.000
3318,0.000,0.000,0.000,0.000
3319,0.000,0.000,0.000,0.000
3320,0.000,0.000,0.000,0.000
3321,0.000,0.000,0.000,0.000
3322,0.000,0.000,0.000,0.000
3323,0.000,0.000,0.000,0.000
3324,0.000,0.000,0.000,0.000
3325,0.000,0.000,0.000,0.000
3326,0.000,0.000,0.000,0.000
3327,0.000,0.000,0.000,0.000
3328,0.000,0.000,0.000,0.000
3329,0.000,0.000,0.000,0.000
3330,0.000,0.000,0.000,0.000
3331,0.000,0.000,0.000,0.000
3332,0.000,0.000,0.000,0.000
3333,0.000,0.000,0.000,0.000
3334,0.000,0.000,0.000,0.000
3335,0.000,0.000,0.000,0.000
3336,0.000,0.000,0.000,0.000
3337,0.000,0.000,0.000,0.000
3338,0.000,0.000,0.000,0.000
3339,0.000,0.000,0.000,0.000
3340,0.000,0.000,0.000,0.000
3341,0.000,0.000,0.000,0.000
3342,0.000,0.000,0.000,0.000
3343,0.000,0.000,0.000,0.000
3344,0.000,0.000,0.000,0.000
3345,0.000,0.000,0.000,0.000
3346,0.000,0.000,0.000,0.000
3347,0.000,0.000,0.000,0.000
3348,0.000,0.000,0.000,0.000
3349,0.000,0.000,0.000,0.000
3350,0.000,0.000,0.000,0.000
3351,0.000,0.000,0.000,0.000
3352,0.000,0.000,0.000,0.000
3353,0.000,0.000,0.000,0.000
3354,0.000,0.000,0.000,0.000
3355,0.000,0.000,0.000,0.000
3356,0.000,0.000,0.000,0.000
3357,0.000,0.000,0.000,0.000
3358,0.000,0.000,0.000,0.000
3359,0.000,0.000,0.000,0.000
3360,0.000,0.000,0.000,0.000
3361,0.000,0.000,0.000,0.000
3362,0.000,0.000,0.000,0.000
3363,0.000,0.000,0.000,0.000
3364,0.000,0.000,0.000,0.000
3365,0.000,0.000,0.000,0.000
3366,0.000,0.000,0.000,0.000
3367,0.000,0.000,0.000,0.000
3368,0.000,0.000,0.000,0.000
3369,0.000,0.000,0.000,0.000
3370,0.000,0.000,0.000,0.000
3371,0.000,0.000,0.000,0.000
3372,0.000,0.000,0.000,0.000
3373,0.000,0.000,0.000,0.000
3374,0.000,0.000,0.000,0.000
3375,0.000,0.000,0.000,0.000
3376,0.000,0.000,0.000,0.000
3377,0.000,0.000,0.000,0.000
3378,0.000,0.000,0.000,0.000
3379,0.000,0.000,0.000,0.000
3380,0.000,0.000,0.000,0.000
3381,0.000,0.000,0.000,0.000
3382,0.000,0.000,0.000,0.000
3383,0.000,0.000,0.000,0.000
3384,0.000,0.000,0.000,0.000
3385,0.000,0.000,0.000,0.000
3386,0.000,0.000,0.000,0.000
3387,0.000,0.000,0.000,0.000
3388,0.000,0.000,0.000,0.000
3389,0.000,0.000,0.000,0.000
3390,0.000,0.000,0.000,0.000
3391,0.000,0.000,0.000,0.000
3392,0.000,0.000,0.000,0.000
3393,0.000,0.000,0.000,0.000
3394,0.000,0.000,0.000,0.000
3395,0.000,0.000,0.000,0.000
3396,0.000,0.000,0.000,0.000
3397,0.000,0.000,0.000,0.000
3398,0.000,0.000,0.000,0.000
3399,0.000,0.000,0.000,0.000
3400,0.000,0.000,0.000,0.000
3401,0.000,0.000,0.000,0.000
3402,0.000,0.000,0.000,0.000
3403,0.000,0.000,0.000,0.000
3404,0.000,0.000,0.000,0.000
3405,0.000,0.000,0.000,0.000
3406,0.000,0.000,0.000,0.000
3407,0.000,0.000,0.000,0.000
3408,0.000,0.000,0.000,0.000
3409,0.000,0.000,0.000,0.000
3410,0.000,0.000,0.000,0.000
3411,0.000,0.000,0.000,0.000
3412,0.000,0.000,0.000,0.000
3413,0.000,0.000,0.000,0.000
3414,0.000,0.000,0.000,0.000
3415,0.000,0.000,0.000,0.000
3416,0.000,0.000,0.000,0.000
3417,0.000,0.000,0.000,0.000
3418,0.000,0.000,0.000,0.000
3419,0.000,0.000,0.000,0.000
3420,0.000,0.000,0.000,0.000
3421,0.000,0.000,0.000,0.000
3422,0.000,0.000,0.000,0.000
3423,0.000,0.000,0.000,0.000
3424,0.000,0.000,0.000,0.000
3425,0.000,0.000,0.000,0.000
3426,0.000,0.000,0.000,0.000
3427,0.000,0.000,0.000,0.000
3428,0.000,0.000,0.000,0.000
3429,0.000,0.000,0.000,0.000
3430,0.000,0.000,0.000,0.000
3431,0.000,0.000,0.000,0.000
3432,0.000,0.000,0.000,0.000
3433,0.000,0.000,0.000,0.000
3434,0.000,0.000,0.000,0.000
3435,0.000,0.000,0.000,0.000
3436,0.000,0.000,0.000,0.000
3437,0.000,0.000,0.000,0.000
3438,0.000,0.000,0.000,0.000
3439,0.000,0.000,0.000,0.000
3440,0.000,0.000,0.000,0.000
3441,0.000,0.000,0.000,0.000
3442,0.000,0.000,0.000,0.000
3443,0.000,0.000,0.000,0.000
3444,0.000,0.000,0.000,0.000
3445,0.000,0.000,0.000,0.000
3446,0.000,0.000,0.000,0.000
3447,0.000,0.000,0.000,0.000
3448,0.000,0.000,0.000,0.000
3449,0.000,0.000,0.000,0.000
3450,0.000,0.000,0.000,0.000
3451,0.000,0.000,0.000,0.000
3452,0.000,0.000,0.000,0.000
3453,0.000,0.000,0.000,0.000
3454,0.000,0.000,0.000,0.000
3455,0.000,0.000,0.000,0.000
3456,0.000,0.000,0.000,0.000
3457,0.000,0.000,0.000,0.000
3458,0.000,0.000,0.000,0.000
3459,0.000,0.000,0.000,0.000
3460,0.000,0.000,0.000,0.000
3461,0.000,0.000,0.000,0.000
3462,0.000,0.000,0.000,0.000
3463,0.000,0.000,0.000,0.000
3464,0.000,0.000,0.000,0.000
3465,0.000,0.000,0.000,0.000
3466,0.000,0.000,0.000,0.000
3467,0.000,0.000,0.000,0.000
3468,0.000,0.000,0.000,0.000
3469,0.000,0.000,0.000,0.000
3470,0.000,0.000,0.000,0.000
3471,0.000,0.000,0.000,0.000
3472,0.000,0.000,0.000,0.000
3473,0.000,0.000,0.000,0.000
3474,0.000,0.000,0.000,0.000
3475,0.000,0.000,0.000,0.000
3476,0.000,0.000,0.000,0.000
3477,0.000,0.000,0.000,0.000
3478,0.000,0.000,0.000,0.000
3479,0.000,0.000,0.000,0.000
3480,0.000,0.000,0.000,0.000
3481,0.000,0.000,0.000,0.000
3482,0.000,0.000,0.000,0.000
3483,0.000,0.000,0.000,0.000
3484,0.000,0.000,0.000,0.000
3485,0.000,0.000,0.000,0.000
3486,0.000,0.000,0.000,0.000
3487,0.000,0.000,0.000,0.000
3488,0.000,0.000,0.000,0.000
3489,0.000,0.000,0.000,0.000
3490,0.000,0.000,0.000,0.000
3491,0.000,0.000,0.000,0.000
3492,0.000,0.000,0.000,0.000
3493,0.000,0.000,0.000,0.000
3494,0.000,0.000,0.000,0.000
3495,0.000,0.000,0.000,0.000
3496,0.000,0.000,0.000,0.000
3497,0.000,0.000,0.000,0.000
3498,0.000,0.000,0.000,0.000
3499,0.000,0.000,0.000,0.000
3500,0.000,0.000,0.000,0.000
3501,0.000,0.000,0.000,0.000
3502,0.000,0.000,0.000,0.000
3503,0.000,0.000,0.000,0.000
3504,0.000,0.000,0.000,0.000
3505,0.000,0.000,0.000,0.000
3506,0.000,0.000,0.000,0.000
3507,0.000,0.000,0.000,0.000
3508,0.000,0.000,0.000,0.000
3509,0.000,0.000,0.000,0.000
3510,0.000,0.000,0.000,0.000
3511,0.000,0.000,0.000,0.000
3512,0.000,0.000,0.000,0.000
3513,0.000,0.000,0.000,0.000
3514,0.000,0.000,0.000,0.000
3515,0.000,0.000,0.000,0.000
3516,0.000,0.000,0.000,0.000
3517,0.000,0.000,0.000,0.000
3518,0.000,0.000,0.000,0.000
3519,0.000,0.000,0.000,0.000
3520,0.000,0.000,0.000,0.000
3521,0.000,0.000,0.000,0.000
3522,0.000,0.000,0.000,0.000
3523,0.000,0.000,0.000,0.000
3524,0.000,0.000,0.000,0.000
3525,0.000,0.000,0.000,0.000
3526,0.000,0.000,0.000,0.000
3527,0.000,0.000,0.000,0.000
3528,0.000,0.000,0.000,0.000
3529,0.000,0.000,0.000,0.000
3530,0.000,0.000,0.000,0.000
3531,0.000,0.000,0.000,0.000
3532,0.000,0.000,0.000,0.000
3533,0.000,0.000,0.000,0.000
3534,0.000,0.000,0.000,0.000
3535,0.000,0.000,0.000,0.000
3536,0.000,0.000,0.000,0.000
3537,0.000,0.000,0.000,0.000
3538,0.000,0.000,0.000,0.000
3539,0.000,0.000,0.000,0.000
3540,0.000,0.000,0.000,0.000
3541,0.000,0.000,0.000,0.000
3542,0.000,0.000,0.000,0.000
3543,0.000,0.000,0.000,0.000
3544,0.000,0.000,0.000,0.000
3545,0.000,0.000,0.000,0.000
3546,0.000,0.000,0.000,0.000
3547,0.000,0.000,0.000,0.000
3548,0.000,0.000,0.000,0.000
3549,0.000,0.000,0.000,0.000
3550,0.000,0.000,0.000,0.000
3551,0.000,0.000,0.000,0.000
3552,0.000,0.000,0.000,0.000
3553,0.000,0.000,0.000,0.000
3554,0.000,0.000,0.000,0.000
3555,0.000,0.000,0.000,0.000
3556,0.000,0.000,0.000,0.000
3557,0.000,0.000,0.000,0.000
3558,0.000,0.000,0.000,0.000
3559,0.000,0.000,0.000,0.000
3560,0.000,0.000,0.000,0.000
3561,0.000,0.000,0.000,0.000
3562,0.000,0.000,0.000,0.000
3563,0.000,0.000,0.000,0.000
3564,0.000,0.000,0.000,0.000
3565,0.000,0.000,0.000,0.000
3566,0.000,0.000,0.000,0.000
3567,0.000,0.000,0.000,0.000
3568,0.000,0.000,0.000,0.000
3569,0.000,0.000,0.000,0.000
3570,0.000,0.000,0.000,0.000
3571,0.000,0.000,0.000,0.000
3572,0.000,0.000,0.000,0.000
3573,0.000,0.000,0.000,0.000
3574,0.000,0.000,0.000,0.000
3575,0.000,0.000,0.000,0.000
3576,0.000,0.000,0.000,0.000
3577,0.000,0.000,0.000,0.000
3578,0.000,0.000,0.000,0.000
3579,0.000,0.000,0.000,0.000
3580,0.000,0.000,0.000,0.000
3581,0.000,0.000,0.000,0.000
3582,0.000,0.000,0.000,0.000
3583,0.000,0.000,0.000,0.000
3584,0.000,0.000,0.000,0.000
3585,0.000,0.000,0.000,0.000
3586,0.000,0.000,0.000,0.000
3587,0.000,0.000,0.000,0.000
3588,0.000,0.000,0.000,0.000
3589,0.000,0.000,0.000,0.000
3590,0.000,0.000,0.000,0.000
3591,0.000,0.000,0.000,0.000
3592,0.000,0.000,0.000,0.000
3593,0.000,0.000,0.000,0.000
3594,0.000,0.000,0.000,0.000
3595,0.000,0.000,0.000,0.000
3596,0.000,0.000,0.000,0.000
3597,0.000,0.000,0.000,0.000
3598,0.000,0.000,0.000,0.000
3599,0.000,0.000,0.000,0.000
3600,0.000,0.000,0.000,0.000
3601,0.000,0.000,0.000,0.000
3602,0.000,0.000,0.000,0.000
3603,0.000,0.000,0.000,0.000
3604,0.000,0.000,0.000,0.000
3605,0.000,0.000,0.000,0.000
3606,0.000,0.000,0.000,0.000
3607,0.000,0.000,0.000,0.000
3608,0.000,0.000,0.000,0.000
3609,0.000,0.000,0.000,0.000
3610,0.000,0.000,0.000,0.000
3611,0.000,0.000,0.000,0.000
3612,0.000,0.000,0.000,0.000
3613,0.000,0.000,0.000,0.000
3614,0.000,0.000,0.000,0.000
3615,0.000,0.000,0.000,0.000
3616,0.000,0.000,0.000,0.000
3617,0.000,0.000,0.000,0.000
3618,0.000,0.000,0.000,0.000
3619,0.000,0.000,0.000,0.000
3620,0.000,0.000,0.000,0.000
3621,0.000,0.000,0.000,0.000
3622,0.000,0.000,0.000,0.000
3623,0.000,0.000,0.000,0.000
3624,0.000,0.000,0.000,0.000
3625,0.000,0.000,0.000,0.000
3626,0.000,0.000,0.000,0.000
3627,0.000,0.000,0.000,0.000
3628,0.000,0.000,0.000,0.000
3629,0.000,0.000,0.000,0.000
3630,0.000,0.000,0.000,0.000
3631,0.000,0.000,0.000,0.000
3632,0.000,0.000,0.000,0.000
3633,0.000,0.000,0.000,0.000
3634,0.000,0.000,0.000,0.000
3635,0.000,0.000,0.000,0.000
3636,0.000,0.000,0.000,0.000
3637,0.000,0.000,0.000,0.000
3638,0.000,0.000,0.000,0.000
3639,0.000,0.000,0.000,0.000
3640,0.000,0.000,0.000,0.000
3641,0.000,0.000,0.000,0.000
3642,0.000,0.000,0.000,0.000
3643,0.000,0.000,0.000,0.000
3644,0.000,0.000,0.000,0.000
3645,0.000,0.000,0.000,0.000
3646,0.000,0.000,0.000,0.000
3647,0.000,0.000,0.000,0.000
3648,0.000,0.000,0.000,0.000
3649,0.000,0.000,0.000,0.000
3650,0.000,0.000,0.000,0.000
3651,0.000,0.000,0.000,0.000
3652,0.000,0.000,0.000,0.000
3653,0.000,0.000,0.000,0.000
3654,0.000,0.000,0.000,0.000
3655,0.000,0.000,0.000,0.000
3656,0.000,0.000,0.000,0.000
3657,0.000,0.000,0.000,0.000
3658,0.000,0.000,0.000,0.000
3659,0.000,0.000,0.000,0.000
3660,0.000,0.000,0.000,0.000
3661,0.000,0.000,0.000,0.000
3662,0.000,0.000,0.000,0.000
3663,0.000,0.000,0.000,0.000
3664,0.000,0.000,0.000,0.000
3665,0.000,0.000,0.000,0.000
3666,0.000,0.000,0.000,0.000
3667,0.000,0.000,0.000,0.000
3668,0.000,0.000,0.000,0.000
3669,0.000,0.000,0.000,0.000
3670,0.000,0.000,0.000,0.000
3671,0.000,0.000,0.000,0.000
3672,0.000,0.000,0.000,0.000
3673,0.000,0.000,0.000,0.000
3674,0.000,0.000,0.000,0.000
3675,0.000,0.000,0.000,0.000
3676,0.000,0.000,0.000,0.000
3677,0.000,0.000,0.000,0.000
3678,0.000,0.000,0.000,0.000
3679,0.000,0.000,0.000,0.000
3680,0.000,0.000,0.000,0.000
3681,0.000,0.000,0.000,0.000
3682,0.000,0.000,0.000,0.000
3683,0.000,0.000,0.000,0.000
3684,0.000,0.000,0.000,0.000
3685,0.000,0.000,0.000,0.000
3686,0.000,0.000,0.000,0.000
3687,0.000,0.000,0.000,0.000
3688,0.000,0.000,0.000,0.000
3689,0.000,0.000,0.000,0.000
3690,0.000,0.000,0.000,0.000
3691,0.000,0.000,0.000,0.000
3692,0.000,0.000,0.000,0.000
3693,0.000,0.000,0.000,0.000
3694,0.000,0.000,0.000,0.000
3695,0.000,0.000,0.000,0.000
3696,0.000,0.000,0.000,0.000
3697,0.000,0.000,0.000,0.000
3698,0.000,0.000,0.000,0.000
3699,0.000,0.000,0.000,0.000
3700,0.000,0.000,0.000,0.000
3701,0.000,0.000,0.000,0.000
3702,0.000,0.000,0.000,0.000
3703,0.000,0.000,0.000,0.000
3704,0.000,0.000,0.000,0.000
3705,0.000,0.000,0.000,0.000
3706,0.000,0.000,0.000,0.000
3707,0.000,0.000,0.000,0.000
3708,0.000,0.000,0.000,0.000
3709,0.000,0.000,0.000,0.000
3710,0.000,0.000,0.000,0.000
3711,0.000,0.000,0.000,0.000
3712,0.000,0.000,0.000,0.000
3713,0.000,0.000,0.000,0.000
3714,0.000,0.000,0.000,0.000
3715,0.000,0.000,0.000,0.000
3716,0.000,0.000,0.000,0.000
3717,0.000,0.000,0.000,0.000
3718,0.000,0.000,0.000,0.000
3719,0.000,0.000,0.000,0.000
3720,0.000,0.000,0.000,0.000
3721,0.000,0.000,0.000,0.000
3722,0.000,0.000,0.000,0.000
3723,0.000,0.000,0.000,0.000
3724,0.000,0.000,0.000,0.000
3725,0.000,0.000,0.000,0.000
3726,0.000,0.000,0.000,0.000
3727,0.000,0.000,0.000,0.000
3728,0.000,0.000,0.000,0.000
3729,0.000,0.000,0.000,0.000
3730,0.000,0.000,0.000,0.000
3731,0.000,0.000,0.000,0.000
3732,0.000,0.000,0.000,0.000
3733,0.000,0.000,0.000,0.000
3734,0.000,0.000,0.000,0.000
3735,0.000,0.000,0.000,0.000
3736,0.000,0.000,0.000,0.000
3737,0.000,0.000,0.000,0.000
3738,0.000,0.000,0.000,0.000
3739,0.000,0.000,0.000,0.000
3740,0.000,0.000,0.000,0.000
3741,0.000,0.000,0.000,0.000
3742,0.000,0.000,0.000,0.000
3743,0.000,0.000,0.000,0.000
3744,0.000,0.000,0.000,0.000
3745,0.000,0.000,0.000,0.000
3746,0.000,0.000,0.000,0.000
3747,0.000,0.000,0.000,0.000
3748,0.000,0.000,0.000,0.000
3749,0.000,0.000,0.000,0.000
3750,0.000,0.000,0.000,0.000
3751,0.000,0.000,0.000,0.000
3752,0.000,0.000,0.000,0.000
3753,0.000,0.000,0.000,0.000
3754,0.000,0.000,0.000,0.000
3755,0.000,0.000,0.000,0.000
3756,0.000,0.000,0.000,0.000
3757,0.000,0.000,0.000,0.000
3758,0.000,0.000,0.000,0.000
3759,0.000,0.000,0.000,0.000
3760,0.000,0.000,0.000,0.000
3761,0.000,0.000,0.000,0.000
3762,0.000,0.000,0.000,0.000
3763,0.000,0.000,0.000,0.000
3764,0.000,0.000,0.000,0.000
3765,0.000,0.000,0.000,0.000
3766,0.000,0.000,0.000,0.000
3767,0.000,0.000,0.000,0.000
3768,0.000,0.000,0.000,0.000
3769,0.000,0.000,0.000,0.000
3770,0.000,0.000,0.000,0.000
3771,0.000,0.000,0.000,0.000
3772,0.000,0.000,0.000,0.000
3773,0.000,0.000,0.000,0.000
3774,0.000,0.000,0.000,0.000
3775,0.000,0.000,0.000,0.000
3776,0.000,0.000,0.000,0.000
3777,0.000,0.000,0.000,0.000
3778,0.000,0.000,0.000,0.000
3779,0.000,0.000,0.000,0.000
3780,0.000,0.000,0.000,0.000
3781,0.000,0.000,0.000,0.000
3782,0.000,0.000,0.000,0.000
3783,0.000,0.000,0.000,0.000
3784,0.000,0.000,0.000,0.000
3785,0.000,0.000,0.000,0.000
3786,0.000,0.000,0.000,0.000
3787,0.000,0.000,0.000,0.000
3788,0.000,0.000,0.000,0.000
3789,0.000,0.000,0.000,0.000
3790,0.000,0.000,0.000,0.000
3791,0.000,0.000,0.000,0.000
3792,0.000,0.000,0.000,0.000
3793,0.000,0.000,0.000,0.000
3794,0.000,0.000,0.000,0.000
3795,0.000,0.000,0.000,0.000
3796,0.000,0.000,0.000,0.000
3797,0.000,0.000,0.000,0.000
3798,0.000,0.000,0.000,0.000
3799,0.000,0.000,0.000,0.000
3800,0.000,0.000,0.000,0.000
3801,0.000,0.000,0.000,0.000
3802,0.000,0.000,0.000,0.000
3803,0.000,0.000,0.000,0.000
3804,0.000,0.000,0.000,0.000
3805,0.000,0.000,0.000,0.000
3806,0.000,0.000,0.000,0.000
3807,0.000,0.000,0.000,0.000
3808,0.000,0.000,0.000,0.000
3809,0.000,0.000,0.000,0.000
3810,0.000,0.000,0.000,0.000
3811,0.000,0.000,0.000,0.000
3812,0.000,0.000,0.000,0.000
3813,0.000,0.000,0.000,0.000
3814,0.000,0.000,0.000,0.000
3815,0.000,0.000,0.000,0.000
3816,0.000,0.000,0.000,0.000
3817,0.000,0.000,0.000,0.000
3818,0.000,0.000,0.000,0.000
3819,0.000,0.000,0.000,0.000
3820,0.000,0.000,0.000,0.000
3821,0.000,0.000,0.000,0.000
3822,0.000,0.000,0.000,0.000
3823,0.000,0.000,0.000,0.000
3824,0.000,0.000,0.000,0.000
3825,0.000,0.000,0.000,0.000
3826,0.000,0.000,0.000,0.000
3827,0.000,0.000,0.000,0.000
3828,0.000,0.000,0.000,0.000
3829,0.000,0.000,0.000,0.000
3830,0.000,0.000,0.000,0.000
3831,0.000,0.000,0.000,0.000
3832,0.000,0.000,0.000,0.000
3833,0.000,0.000,0.000,0.000
3834,0.000,0.000,0.000,0.000
3835,0.000,0.000,0.000,0.000
3836,0.000,0.000,0.000,0.000
3837,0.000,0.000,0.000,0.000
3838,0.000,0.000,0.000,0.000
3839,0.000,0.000,0.000,0.000
3840,0.000,0.000,0.000,0.000
3841,0.000,0.000,0.000,0.000
3842,0.000,0.000,0.000,0.000
3843,0.000,0.000,0.000,0.000
3844,0.000,0.000,0.000,0.000
3845,0.000,0.000,0.000,0.000
3846,0.000,0.000,0.000,0.000
3847,0.000,0.000,0.000,0.000
3848,0.000,0.000,0.000,0.000
3849,0.000,0.000,0.000,0.000
3850,0.000,0.000,0.000,0.000
3851,0.000,0.000,0.000,0.000
3852,0.000,0.000,0.000,0.000
3853,0.000,0.000,0.000,0.000
3854,0.000,0.000,0.000,0.000
3855,0.000,0.000,0.000,0.000
3856,0.000,0.000,0.000,0.000
3857,0.000,0.000,0.000,0.000
3858,0.000,0.000,0.000,0.000
3859,0.000,0.000,0.000,0.000
3860,0.000,0.000,0.000,0.000
3861,0.000,0.000,0.000,0.000
3862,0.000,0.000,0.000,0.000
3863,0.000,0.000,0.000,0.000
3864,0.000,0.000,0.000,0.000
3865,0.000,0.000,0.000,0.000
3866,0.000,0.000,0.000,0.000
3867,0.000,0.000,0.000,0.000
3868,0.000,0.000,0.000,0.000
3869,0.000,0.000,0.000,0.000
3870,0.000,0.000,0.000,0.000
3871,0.000,0.000,0.000,0.000
3872,0.000,0.000,0.000,0.000
3873,0.000,0.000,0.000,0.000
3874,0.000,0.000,0.000,0.000
3875,0.000,0.000,0.000,0.000
3876,0.000,0.000,0.000,0.000
3877,0.000,0.000,0.000,0.000
3878,0.000,0.000,0.000,0.000
3879,0.000,0.000,0.000,0.000
3880,0.000,0.000,0.000,0.000
3881,0.000,0.000,0.000,0.000
3882,0.000,0.000,0.000,0.000
3883,0.000,0.000,0.000,0.000
3884,0.000,0.000,0.000,0.000
3885,0.000,0.000,0.000,0.000
3886,0.000,0.000,0.000,0.000
3887,0.000,0.000,0.000,0.000
3888,0.000,0.000,0.000,0.000
3889,0.000,0.000,0.000,0.000
3890,0.000,0.000,0.000,0.000
3891,0.000,0.000,0.000,0.000
3892,0.000,0.000,0.000,0.000
3893,0.000,0.000,0.000,0.000
3894,0.000,0.000,0.000,0.000
3895,0.000,0.000,0.000,0.000
3896,0.000,0.000,0.000,0.000
3897,0.000,0.000,0.000,0.000
3898,0.000,0.000,0.000,0.000
3899,0.000,0.000,0.000,0.000
3900,0.000,0.000,0.000,0.000
3901,0.000,0.000,0.000,0.000
3902,0.000,0.000,0.000,0.000
3903,0.000,0.000,0.000,0.000
3904,0.000,0.000,0.000,0.000
3905,0.000,0.000,0.000,0.000
3906,0.000,0.000,0.000,0.000
3907,0.000,0.000,0.000,0.000
3908,0.000,0.000,0.000,0.000
3909,0.000,0.000,0.000,0.000
3910,0.000,0.000,0.000,0.000
3911,0.000,0.000,0.000,0.000
3912,0.000,0.000,0.000,0.000
3913,0.000,0.000,0.000,0.000
3914,0.000,0.000,0.000,0.000
3915,0.000,0.000,0.000,0.000
3916,0.000,0.000,0.000,0.000
3917,0.000,0.000,0.000,0.000
3918,0.000,0.000,0.000,0.000
3919,0.000,0.000,0.000,0.000
3920,0.000,0.000,0.000,0.000
3921,0.000,0.000,0.000,0.000
3922,0.000,0.000,0.000,0.000
3923,0.000,0.000,0.000,0.000
3924,0.000,0.000,0.000,0.000
3925,0.000,0.000,0.000,0.000
3926,0.000,0.000,0.000,0.000
3927,0.000,0.000,0.000,0.000
3928,0.000,0.000,0.000,0.000
3929,0.000,0.000,0.000,0.000
3930,0.000,0.000,0.000,0.000
3931,0.000,0.000,0.000,0.000
3932,0.000,0.000,0.000,0.000
3933,0.000,0.000,0.000,0.000
3934,0.000,0.000,0.000,0.000
3935,0.000,0.000,0.000,0.000
3936,0.000,0.000,0.000,0.000
3937,0.000,0.000,0.000,0.000
3938,0.000,0.000,0.000,0.000
3939,0.000,0.000,0.000,0.000
3940,0.000,0.000,0.000,0.000
3941,0.000,0.000,0.000,0.000
3942,0.000,0.000,0.000,0.000
3943,0.000,0.000,0.000,0.000
3944,0.000,0.000,0.000,0.000
3945,0.000,0.000,0.000,0.000
3946,0.000,0.000,0.000,0.000
3947,0.000,0.000,0.000,0.000
3948,0.000,0.000,0.000,0.000
3949,0.000,0.000,0.000,0.000
3950,0.000,0.000,0.000,0.000
3951,0.000,0.000,0.000,0.000
3952,0.000,0.000,0.000,0.000
3953,0.000,0.000,0.000,0.000
3954,0.000,0.000,0.000,0.000
3955,0.000,0.000,0.000,0.000
3956,0.000,0.000,0.000,0.000
3957,0.000,0.000,0.000,0.000
3958,0.000,0.000,0.000,0.000
3959,0.000,0.000,0.000,0.000
3960,0.000,0.000,0.000,0.000
3961,0.000,0.000,0.000,0.000
3962,0.000,0.000,0.000,0.000
3963,0.000,0.000,0.000,0.000
3964,0.000,0.000,0.000,0.000
3965,0.000,0.000,0.000,0.000
3966,0.000,0.000,0.000,0.000
3967,0.000,0.000,0.000,0.000
3968,0.000,0.000,0.000,0.000
3969,0.000,0.000,0.000,0.000
3970,0.000,0.000,0.000,0.000
3971,0.000,0.000,0.000,0.000
3972,0.000,0.000,0.000,0.000
3973,0.000,0.000,0.000,0.000
3974,0.000,0.000,0.000,0.000
3975,0.000,0.000,0.000,0.000
3976,0.000,0.000,0.000,0.000
3977,0.000,0.000,0.000,0.000
3978,0.000,0.000,0.000,0.000
3979,0.000,0.000,0.000,0.000
3980,0.000,0.000,0.000,0.000
3981,0.000,0.000,0.000,0.000
3982,0.000,0.000,0.000,0.000
3983,0.000,0.000,0.000,0.000
3984,0.000,0.000,0.000,0.000
3985,0.000,0.000,0.000,0.000
3986,0.000,0.000,0.000,0.000
3987,0.000,0.000,0.000,0.000
3988,0.000,0.000,0.000,0.000
3989,0.000,0.000,0.000,0.000
3990,0.000,0.000,0.000,0.000
3991,0.000,0.000,0.000,0.000
3992,0.000,0.000,0.000,0.000
3993,0.000,0.000,0.000,0.000
3994,0.000,0.000,0.000,0.000
3995,0.000,0.000,0.000,0.000
3996,0.000,0.000,0.000,0.000
3997,0.000,0.000,0.000,0.000
3998,0.000,0.000,0.000,0.000
3999,0.000,0.000,0.000,0.000
4000,0.000,0.000,0.000,0.000
4001,0.000,0.000,0.000,0.000
4002,0.000,0.000,0.000,0.000
4003,0.000,0.000,0.000,0.000
4004,0.000,0.000,0.000,0.000
4005,0.000,0.000,0.000,0.000
4006,0.000,0.000,0.000,0.000
4007,0.000,0.000,0.000,0.000
4008,0.000,0.000,0.000,0.000
4009,0.000,0.000,0.000,0.000
4010,0.000,0.000,0.000,0.000
4011,0.000,0.000,0.000,0.000
4012,0.000,0.000,0.000,0.000
4013,0.000,0.000,0.000,0.000
4014,0.000,0.000,0.000,0.000
4015,0.000,0.000,0.000,0.000
4016,0.000,0.000,0.000,0.000
4017,0.000,0.000,0.000,0.000
4018,0.000,0.000,0.000,0.000
4019,0.000,0.000,0.000,0.000
4020,0.000,0.000,0.000,0.000
4021,0.000,0.000,0.000,0.000
4022,0.000,0.000,0.000,0.000
4023,0.000,0.000,0.000,0.000
4024,0.000,0.000,0.000,0.000
4025,0.000,0.000,0.000,0.000
4026,0.000,0.000,0.000,0.000
4027,0.000,0.000,0.000,0.000
4028,0.000,0.000,0.000,0.000
4029,0.000,0.000,0.000,0.000
4030,0.000,0.000,0.000,0.000
4031,0.000,0.000,0.000,0.000
4032,0.000,0.000,0.000,0.000
4033,0.000,0.000,0.000,0.000
4034,0.000,0.000,0.000,0.000
4035,0.000,0.000,0.000,0.000
4036,0.000,0.000,0.000,0.000
4037,0.000,0.000,0.000,0.000
4038,0.000,0.000,0.000,0.000
4039,0.000,0.000,0.000,0.000
4040,0.000,0.000,0.000,0.000
4041,0.000,0.000,0.000,0.000
4042,0.000,0.000,0.000,0.000
4043,0.000,0.000,0.000,0.000
4044,0.000,0.000,0.000,0.000
4045,0.000,0.000,0.000,0.000
4046,0.000,0.000,0.000,0.000
4047,0.000,0.000,0.000,0.000
4048,0.000,0.000,0.000,0.000
4049,0.000,0.000,0.000,0.000
4050,0.000,0.000,0.000,0.000
4051,0.000,0.000,0.000,0.000
4052,0.000,0.000,0.000,0.000
4053,0.000,0.000,0.000,0.000
4054,0.000,0.000,0.000,0.000
4055,0.000,0.000,0.000,0.000
4056,0.000,0.000,0.000,0.000
4057,0.000,0.000,0.000,0.000
4058,0.000,0.000,0.000,0.000
4059,0.000,0.000,0.000,0.000
4060,0.000,0.000,0.000,0.000
4061,0.000,0.000,0.000,0.000
4062,0.000,0.000,0.000,0.000
4063,0.000,0.000,0.000,0.000
4064,0.000,0.000,0.000,0.000
4065,0.000,0.000,0.000,0.000
4066,0.000,0.000,0.000,0.000
4067,0.000,0.000,0.000,0.000
4068,0.000,0.000,0.000,0.000
4069,0.000,0.000,0.000,0.000
4070,0.000,0.000,0.000,0.000
4071,0.000,0.000,0.000,0.000
4072,0.000,0.000,0.000,0.000
4073,0.000,0.000,0.000,0.000
4074,0.000,0.000,0.000,0.000
4075,0.000,0.000,0.000,0.000
4076,0.000,0.000,0.000,0.000
4077,0.000,0.000,0.000,0.000
4078,0.000,0.000,0.000,0.000
4079,0.000,0.000,0.000,0.000
4080,0.000,0.000,0.000,0.000
4081,0.000,0.000,0.000,0.000
4082,0.000,0.000,0.000,0.000
4083,0.000,0.000,0.000,0.000
4084,0.000,0.000,0.000,0.000
4085,0.000,0.000,0.000,0.000
4086,0.000,0.000,0.000,0.000
4087,0.000,0.000,0.000,0.000
4088,0.000,0.000,0.000,0.000
4089,0.000,0.000,0.000,0.000
4090,0.000,0.000,0.000,0.000
4091,0.000,0.000,0.000,0.000
4092,0.000,0.000,0.000,0.000
4093,0.000,0.000,0.000,0.000
4094,0.000,0.000,0.000,0.000
4095,0.000,0.000,0.000,0.000
4096,0.000,0.000,0.000,0.000
4097,0.000,0.000,0.000,0.000
4098,0.000,0.000,0.000,0.000
4099,0.000,0.000,0.000,0.000
4100,0.000,0.000,0.000,0.000
4101,0.000,0.000,0.000,0.000
4102,0.000,0.000,0.000,0.000
4103,0.000,0.000,0.000,0.000
4104,0.000,0.000,0.000,0.000
4105,0.000,0.000,0.000,0.000
4106,0.000,0.000,0.000,0.000
4107,0.000,0.000,0.000,0.000
4108,0.000,0.000,0.000,0.000
4109,0.000,0.000,0.000,0.000
4110,0.000,0.000,0.000,0.000
4111,0.000,0.000,0.000,0.000
4112,0.000,0.000,0.000,0.000
4113,0.000,0.000,0.000,0.000
4114,0.000,0.000,0.000,0.000
4115,0.000,0.000,0.000,0.000
4116,0.000,0.000,0.000,0.000
4117,0.000,0.000,0.000,0.000
4118,0.000,0.000,0.000,0.000
4119,0.000,0.000,0.000,0.000
4120,0.000,0.000,0.000,0.000
4121,0.000,0.000,0.000,0.000
4122,0.000,0.000,0.000,0.000
4123,0.000,0.000,0.000,0.000
4124,0.000,0.000,0.000,0.000
4125,0.000,0.000,0.000,0.000
4126,0.000,0.000,0.000,0.000
4127,0.000,0.000,0.000,0.000
4128,0.000,0.000,0.000,0.000
4129,0.000,0.000,0.000,0.000
4130,0.000,0.000,0.000,0.000
4131,0.000,0.000,0.000,0.000
4132,0.000,0.000,0.000,0.000
4133,0.000,0.000,0.000,0.000
4134,0.000,0.000,0.000,0.000
4135,0.000,0.000,0.000,0.000
4136,0.000,0.000,0.000,0.000
4137,0.000,0.000,0.000,0.000
4138,0.000,0.000,0.000,0.000
4139,0.000,0.000,0.000,0.000
4140,0.000,0.000,0.000,0.000
4141,0.000,0.000,0.000,0.000
4142,0.000,0.000,0.000,0.000
4143,0.000,0.000,0.000,0.000
4144,0.000,0.000,0.000,0.000
4145,0.000,0.000,0.000,0.000
4146,0.000,0.000,0.000,0.000
4147,0.000,0.000,0.000,0.000
4148,0.000,0.000,0.000,0.000
4149,0.000,0.000,0.000,0.000
4150,0.000,0.000,0.000,0.000
4151,0.000,0.000,0.000,0.000
4152,0.000,0.000,0.000,0.000
4153,0.000,0.000,0.000,0.000
4154,0.000,0.000,0.000,0.000
4155,0.000,0.000,0.000,0.000
4156,0.000,0.000,0.000,0.000
4157,0.000,0.000,0.000,0.000
4158,0.000,0.000,0.000,0.000
4159,0.000,0.000,0.000,0.000
4160,0.000,0.000,0.000,0.000
4161,0.000,0.000,0.000,0.000
4162,0.000,0.000,0.000,0.000
4163,0.000,0.000,0.000,0.000
4164,0.000,0.000,0.000,0.000
4165,0.000,0.000,0.000,0.000
4166,0.000,0.000,0.000,0.000
4167,0.000,0.000,0.000,0.000
4168,0.000,0.000,0.000,0.000
4169,0.000,0.000,0.000,0.000
4170,0.000,0.000,0.000,0.000
4171,0.000,0.000,0.000,0.000
4172,0.000,0.000,0.000,0.000
4173,0.000,0.000,0.000,0.000
4174,0.000,0.000,0.000,0.000
4175,0.000,0.000,0.000,0.000
4176,0.000,0.000,0.000,0.000
4177,0.000,0.000,0.000,0.000
4178,0.000,0.000,0.000,0.000
4179,0.000,0.000,0.000,0.000
4180,0.000,0.000,0.000,0.000
4181,0.000,0.000,0.000,0.000
4182,0.000,0.000,0.000,0.000
4183,0.000,0.000,0.000,0.000
4184,0.000,0.000,0.000,0.000
4185,0.000,0.000,0.000,0.000
4186,0.000,0.000,0.000,0.000
4187,0.000,0.000,0.000,0.000
4188,0.000,0.000,0.000,0.000
4189,0.000,0.000,0.000,0.000
4190,0.000,0.000,0.000,0.000
4191,0.000,0.000,0.000,0.000
4192,0.000,0.000,0.000,0.000
4193,0.000,0.000,0.000,0.000
4194,0.000,0.000,0.000,0.000
4195,0.000,0.000,0.000,0.000
4196,0.000,0.000,0.000,0.000
4197,0.000,0.000,0.000,0.000
4198,0.000,0.000,0.000,0.000
4199,0.000,0.000,0.000,0.000
4200,0.000,0.000,0.000,0.000
4201,0.000,0.000,0.000,0.000
4202,0.000,0.000,0.000,0.000
4203,0.000,0.000,0.000,0.000
4204,0.000,0.000,0.000,0.000
4205,0.000,0.000,0.000,0.000
4206,0.000,0.000,0.000,0.000
4207,0.000,0.000,0.000,0.000
4208,0.000,0.000,0.000,0.000
4209,0.000,0.000,0.000,0.000
4210,0.000,0.000,0.000,0.000
4211,0.000,0.000,0.000,0.000
4212,0.000,0.000,0.000,0.000
4213,0.000,0.000,0.000,0.000
4214,0.000,0.000,0.000,0.000
4215,0.000,0.000,0.000,0.000
4216,0.000,0.000,0.000,0.000
4217,0.000,0.000,0.000,0.000
4218,0.000,0.000,0.000,0.000
4219,0.000,0.000,0.000,0.000
4220,0.000,0.000,0.000,0.000
4221,0.000,0.000,0.000,0.000
4222,0.000,0.000,0.000,0.000
4223,0.000,0.000,0.000,0.000
4224,0.000,0.000,0.000,0.000
4225,0.000,0.000,0.000,0.000
4226,0.000,0.000,0.000,0.000
4227,0.000,0.000,0.000,0.000
4228,0.000,0.000,0.000,0.000
4229,0.000,0.000,0.000,0.000
4230,0.000,0.000,0.000,0.000
4231,0.000,0.000,0.000,0.000
4232,0.000,0.000,0.000,0.000
4233,0.000,0.000,0.000,0.000
4234,0.000,0.000,0.000,0.000
4235,0.000,0.000,0.000,0.000
4236,0.000,0.000,0.000,0.000
4237,0.000,0.000,0.000,0.000
4238,0.000,0.000,0.000,0.000
4239,0.000,0.000,0.000,0.000
4240,0.000,0.000,0.000,0.000
4241,0.000,0.000,0.000,0.000
4242,0.000,0.000,0.000,0.000
4243,0.000,0.000,0.000,0.000
4244,0.000,0.000,0.000,0.000
4245,0.000,0.000,0.000,0.000
4246,0.000,0.000,0.000,0.000
4247,0.000,0.000,0.000,0.000
4248,0.000,0.000,0.000,0.000
4249,0.000,0.000,0.000,0.000
4250,0.000,0.000,0.000,0.000
4251,0.000,0.000,0.000,0.000
4252,0.000,0.000,0.000,0.000
4253,0.000,0.000,0.000,0.000
4254,0.000,0.000,0.000,0.000
4255,0.000,0.000,0.000,0.000
4256,0.000,0.000,0.000,0.000
4257,0.000,0.000,0.000,0.000
4258,0.000,0.000,0.000,0.000
4259,0.000,0.000,0.000,0.000
4260,0.000,0.000,0.000,0.000
4261,0.000,0.000,0.000,0.000
4262,0.000,0.000,0.000,0.000
4263,0.000,0.000,0.000,0.000
4264,0.000,0.000,0.000,0.000
4265,0.000,0.000,0.000,0.000
4266,0.000,0.000,0.000,0.000
4267,0.000,0.000,0.000,0.000
4268,0.000,0.000,0.000,0.000
4269,0.000,0.000,0.000,0.000
4270,0.000,0.000,0.000,0.000
4271,0.000,0.000,0.000,0.000
4272,0.000,0.000,0.000,0.000
4273,0.000,0.000,0.000,0.000
4274,0.000,0.000,0.000,0.000
4275,0.000,0.000,0.000,0.000
4276,0.000,0.000,0.000,0.000
4277,0.000,0.000,0.000,0.000
4278,0.000,0.000,0.000,0.000
4279,0.000,0.000,0.000,0.000
4280,0.000,0.000,0.000,0.000
4281,0.000,0.000,0.000,0.000
4282,0.000,0.000,0.000,0.000
4283,0.000,0.000,0.000,0.000
4284,0.000,0.000,0.000,0.000
4285,0.000,0.000,0.000,0.000
4286,0.000,0.000,0.000,0.000
4287,0.000,0.000,0.000,0.000
4288,0.000,0.000,0.000,0.000
4289,0.000,0.000,0.000,0.000
4290,0.000,0.000,0.000,0.000
4291,0.000,0.000,0.000,0.000
4292,0.000,0.000,0.000,0.000
4293,0.000,0.000,0.000,0.000
4294,0.000,0.000,0.000,0.000
4295,0.000,0.000,0.000,0.000
4296,0.000,0.000,0.000,0.000
4297,0.000,0.000,0.000,0.000
4298,0.000,0.000,0.000,0.000
4299,0.000,0.000,0.000,0.000
4300,0.000,0.000,0.000,0.000
4301,0.000,0.000,0.000,0.000
4302,0.000,0.000,0.000,0.000
4303,0.000,0.000,0.000,0.000
4304,0.000,0.000,0.000,0.000
4305,0.000,0.000,0.000,0.000
4306,0.000,0.000,0.000,0.000
4307,0.000,0.000,0.000,0.000
4308,0.000,0.000,0.000,0.000
4309,0.000,0.000,0.000,0.000
4310,0.000,0.000,0.000,0.000
4311,0.000,0.000,0.000,0.000
4312,0.000,0.000,0.000,0.000
4313,0.000,0.000,0.000,0.000
4314,0.000,0.000,0.000,0.000
4315,0.000,0.000,0.000,0.000
4316,0.000,0.000,0.000,0.000
4317,0.000,0.000,0.000,0.000
4318,0.000,0.000,0.000,0.000
4319,0.000,0.000,0.000,0.000
4320,0.000,0.000,0.000,0.000
4321,0.000,0.000,0.000,0.000
4322,0.000,0.000,0.000,0.000
4323,0.000,0.000,0.000,0.000
4324,0.000,0.000,0.000,0.000
4325,0.000,0.000,0.000,0.000
4326,0.000,0.000,0.000,0.000
4327,0.000,0.000,0.000,0.000
4328,0.000,0.000,0.000,0.000
4329,0.000,0.000,0.000,0.000
4330,0.000,0.000,0.000,0.000
4331,0.000,0.000,0.000,0.000
4332,0.000,0.000,0.000,0.000
4333,0.000,0.000,0.000,0.000
4334,0.000,0.000,0.000,0.000
4335,0.000,0.000,0.000,0.000
4336,0.000,0.000,0.000,0.000
4337,0.000,0.000,0.000,0.000
4338,0.000,0.000,0.000,0.000
4339,0.000,0.000,0.000,0.000
4340,0.000,0.000,0.000,0.000
4341,0.000,0.000,0.000,0.000
4342,0.000,0.000,0.000,0.000
4343,0.000,0.000,0.000,0.000
4344,0.000,0.000,0.000,0.000
4345,0.000,0.000,0.000,0.000
4346,0.000,0.000,0.000,0.000
4347,0.000,0.000,0.000,0.000
4348,0.000,0.000,0.000,0.000
4349,0.000,0.000,0.000,0.000
4350,0.000,0.000,0.000,0.000
4351,0.000,0.000,0.000,0.000
4352,0.000,0.000,0.000,0.000
4353,0.000,0.000,0.000,0.000
4354,0.000,0.000,0.000,0.000
4355,0.000,0.000,0.000,0.000
4356,0.000,0.000,0.000,0.000
4357,0.000,0.000,0.000,0.000
4358,0.000,0.000,0.000,0.000
4359,0.000,0.000,0.000,0.000
4360,0.000,0.000,0.000,0.000
4361,0.000,0.000,0.000,0.000
4362,0.000,0.000,0.000,0.000
4363,0.000,0.000,0.000,0.000
4364,0.000,0.000,0.000,0.000
4365,0.000,0.000,0.000,0.000
4366,0.000,0.000,0.000,0.000
4367,0.000,0.000,0.000,0.000
4368,0.000,0.000,0.000,0.000
4369,0.000,0.000,0.000,0.000
4370,0.000,0.000,0.000,0.000
4371,0.000,0.000,0.000,0.000
4372,0.000,0.000,0.000,0.000
4373,0.000,0.000,0.000,0.000
4374,0.000,0.000,0.000,0.000
4375,0.000,0.000,0.000,0.000
4376,0.000,0.000,0.000,0.000
4377,0.000,0.000,0.000,0.000
4378,0.000,0.000,0.000,0.000
4379,0.000,0.000,0.000,0.000
4380,0.000,0.000,0.000,0.000
4381,0.000,0.000,0.000,0.000
4382,0.000,0.000,0.000,0.000
4383,0.000,0.000,0.000,0.000
4384,0.000,0.000,0.000,0.000
4385,0.000,0.000,0.000,0.000
4386,0.000,0.000,0.000,0.000
4387,0.000,0.000,0.000,0.000
4388,0.000,0.000,0.000,0.000
4389,0.000,0.000,0.000,0.000
4390,0.000,0.000,0.000,0.000
4391,0.000,0.000,0.000,0.000
4392,0.000,0.000,0.000,0.000
4393,0.000,0.000,0.000,0.000
4394,0.000,0.000,0.000,0.000
4395,0.000,0.000,0.000,0.000
4396,0.000,0.000,0.000,0.000
4397,0.000,0.000,0.000,0.000
4398,0.000,0.000,0.000,0.000
4399,0.000,0.000,0.000,0.000
4400,0.000,0.000,0.000,0.000
4401,0.000,0.000,0.000,0.000
4402,0.000,0.000,0.000,0.000
4403,0.000,0.000,0.000,0.000
4404,0.000,0.000,0.000,0.000
4405,0.000,0.000,0.000,0.000
4406,0.000,0.000,0.000,0.000
4407,0.000,0.000,0.000,0.000
4408,0.000,0.000,0.000,0.000
4409,0.000,0.000,0.000,0.000
4410,0.000,0.000,0.000,0.000
4411,0.000,0.000,0.000,0.000
4412,0.000,0.000,0.000,0.000
4413,0.000,0.000,0.000,0.000
4414,0.000,0.000,0.000,0.000
4415,0.000,0.000,0.000,0.000
4416,0.000,0.000,0.000,0.000
4417,0.000,0.000,0.000,0.000
4418,0.000,0.000,0.000,0.000
4419,0.000,0.000,0.000,0.000
4420,0.000,0.000,0.000,0.000
4421,0.000,0.000,0.000,0.000
4422,0.000,0.000,0.000,0.000
4423,0.000,0.000,0.000,0.000
4424,0.000,0.000,0.000,0.000
4425,0.000,0.000,0.000,0.000
4426,0.000,0.000,0.000,0.000
4427,0.000,0.000,0.000,0.000
4428,0.000,0.000,0.000,0.000
4429,0.000,0.000,0.000,0.000
4430,0.000,0.000,0.000,0.000
4431,0.000,0.000,0.000,0.000
4432,0.000,0.000,0.000,0.000
4433,0.000,0.000,0.000,0.000
4434,0.000,0.000,0.000,0.000
4435,0.000,0.000,0.000,0.000
4436,0.000,0.000,0.000,0.000
4437,0.000,0.000,0.000,0.000
4438,0.000,0.000,0.000,0.000
4439,0.000,0.000,0.000,0.000
4440,0.000,0.000,0.000,0.000
4441,0.000,0.000,0.000,0.000
4442,0.000,0.000,0.000,0.000
4443,0.000,0.000,0.000,0.000
4444,0.000,0.000,0.000,0.000
4445,0.000,0.000,0.000,0.000
4446,0.000,0.000,0.000,0.000
4447,0.000,0.000,0.000,0.000
4448,0.000,0.000,0.000,0.000
4449,0.000,0.000,0.000,0.000
4450,0.000,0.000,0.000,0.000
4451,0.000,0.000,0.000,0.000
4452,0.000,0.000,0.000,0.000
4453,0.000,0.000,0.000,0.000
4454,0.000,0.000,0.000,0.000
4455,0.000,0.000,0.000,0.000
4456,0.000,0.000,0.000,0.000
4457,0.000,0.000,0.000,0.000
4458,0.000,0.000,0.000,0.000
4459,0.000,0.000,0.000,0.000
4460,0.000,0.000,0.000,0.000
4461,0.000,0.000,0.000,0.000
4462,0.000,0.000,0.000,0.000
4463,0.000,0.000,0.000,0.000
4464,0.000,0.000,0.000,0.000
4465,0.000,0.000,0.000,0.000
4466,0.000,0.000,0.000,0.000
4467,0.000,0.000,0.000,0.000
4468,0.000,0.000,0.000,0.000
4469,0.000,0.000,0.000,0.000
4470,0.000,0.000,0.000,0.000
4471,0.000,0.000,0.000,0.000
4472,0.000,0.000,0.000,0.000
4473,0.000,0.000,0.000,0.000
4474,0.000,0.000,0.000,0.000
4475,0.000,0.000,0.000,0.000
4476,0.000,0.000,0.000,0.000
4477,0.000,0.000,0.000,0.000
4478,0.000,0.000,0.000,0.000
4479,0.000,0.000,0.000,0.000
4480,0.000,0.000,0.000,0.000
4481,0.000,0.000,0.000,0.000
4482,0.000,0.000,0.000,0.000
4483,0.000,0.000,0.000,0.000
4484,0.000,0.000,0.000,0.000
4485,0.000,0.000,0.000,0.000
4486,0.000,0.000,0.000,0.000
4487,0.000,0.000,0.000,0.000
4488,0.000,0.000,0.000,0.000
4489,0.000,0.000,0.000,0.000
4490,0.000,0.000,0.000,0.000
4491,0.000,0.000,0.000,0.000
4492,0.000,0.000,0.000,0.000
4493,0.000,0.000,0.000,0.000
4494,0.000,0.000,0.000,0.000
4495,0.000,0.000,0.000,0.000
4496,0.000,0.000,0.000,0.000
4497,0.000,0.000,0.000,0.000
4498,0.000,0.000,0.000,0.000
4499,0.000,0.000,0.000,0.000
4500,0.000,0.000,0.000,0.000
4501,0.000,0.000,0.000,0.000
4502,0.000,0.000,0.000,0.000
4503,0.000,0.000,0.000,0.000
4504,0.000,0.000,0.000,0.000
4505,0.000,0.000,0.000,0.000
4506,0.000,0.000,0.000,0.000
4507,0.000,0.000,0.000,0.000
4508,0.000,0.000,0.000,0.000
4509,0.000,0.000,0.000,0.000
4510,0.000,0.000,0.000,0.000
4511,0.000,0.000,0.000,0.000
4512,0.000,0.000,0.000,0.000
4513,0.000,0.000,0.000,0.000
4514,0.000,0.000,0.000,0.000
4515,0.000,0.000,0.000,0.000
4516,0.000,0.000,0.000,0.000
4517,0.000,0.000,0.000,0.000
4518,0.000,0.000,0.000,0.000
4519,0.000,0.000,0.000,0.000
4520,0.000,0.000,0.000,0.000
4521,0.000,0.000,0.000,0.000
4522,0.000,0.000,0.000,0.000
4523,0.000,0.000,0.000,0.000
4524,0.000,0.000,0.000,0.000
4525,0.000,0.000,0.000,0.000
4526,0.000,0.000,0.000,0.000
4527,0.000,0.000,0.000,0.000
4528,0.000,0.000,0.000,0.000
4529,0.000,0.000,0.000,0.000
4530,0.000,0.000,0.000,0.000
4531,0.000,0.000,0.000,0.000
4532,0.000,0.000,0.000,0.000
4533,0.000,0.000,0.000,0.000
4534,0.000,0.000,0.000,0.000
4535,0.000,0.000,0.000,0.000
4536,0.000,0.000,0.000,0.000
4537,0.000,0.000,0.000,0.000
4538,0.000,0.000,0.000,0.000
4539,0.000,0.000,0.000,0.000
4540,0.000,0.000,0.000,0.000
4541,0.000,0.000,0.000,0.000
4542,0.000,0.000,0.000,0.000
4543,0.000,0.000,0.000,0.000
4544,0.000,0.000,0.000,0.000
4545,0.000,0.000,0.000,0.000
4546,0.000,0.000,0.000,0.000
4547,0.000,0.000,0.000,0.000
4548,0.000,0.000,0.000,0.000
4549,0.000,0.000,0.000,0.000
4550,0.000,0.000,0.000,0.000
4551,0.000,0.000,0.000,0.000
4552,0.000,0.000,0.000,0.000
4553,0.000,0.000,0.000,0.000
4554,0.000,0.000,0.000,0.000
4555,0.000,0.000,0.000,0.000
4556,0.000,0.000,0.000,0.000
4557,0.000,0.000,0.000,0.000
4558,0.000,0.000,0.000,0.000
4559,0.000,0.000,0.000,0.000
4560,0.000,0.000,0.000,0.000
4561,0.000,0.000,0.000,0.000
4562,0.000,0.000,0.000,0.000
4563,0.000,0.000,0.000,0.000
4564,0.000,0.000,0.000,0.000
4565,0.000,0.000,0.000,0.000
4566,0.000,0.000,0.000,0.000
4567,0.000,0.000,0.000,0.000
4568,0.000,0.000,0.000,0.000
4569,0.000,0.000,0.000,0.000
4570,0.000,0.000,0.000,0.000
4571,0.000,0.000,0.000,0.000
4572,0.000,0.000,0.000,0.000
4573,0.000,0.000,0.000,0.000
4574,0.000,0.000,0.000,0.000
4575,0.000,0.000,0.000,0.000
4576,0.000,0.000,0.000,0.000
4577,0.000,0.000,0.000,0.000
4578,0.000,0.000,0.000,0.000
4579,0.000,0.000,0.000,0.000
4580,0.000,0.000,0.000,0.000
4581,0.000,0.000,0.000,0.000
4582,0.000,0.000,0.000,0.000
4583,0.000,0.000,0.000,0.000
4584,0.000,0.000,0.000,0.000
4585,0.000,0.000,0.000,0.000
4586,0.000,0.000,0.000,0.000
4587,0.000,0.000,0.000,0.000
4588,0.000,0.000,0.000,0.000
4589,0.000,0.000,0.000,0.000
4590,0.000,0.000,0.000,0.000
4591,0.000,0.000,0.000,0.000
4592,0.000,0.000,0.000,0.000
4593,0.000,0.000,0.000,0.000
4594,0.000,0.000,0.000,0.000
4595,0.000,0.000,0.000,0.000
4596,0.000,0.000,0.000,0.000
4597,0.000,0.000,0.000,0.000
4598,0.000,0.000,0.000,0.000
4599,0.000,0.000,0.000,0.000
4600,0.000,0.000,0.000,0.000
4601,0.000,0.000,0.000,0.000
4602,0.000,0.000,0.000,0.000
4603,0.000,0.000,0.000,0.000
4604,0.000,0.000,0.000,0.000
4605,0.000,0.000,0.000,0.000
4606,0.000,0.000,0.000,0.000
4607,0.000,0.000,0.000,0.000
4608,0.000,0.000,0.000,0.000
4609,0.000,0.000,0.000,0.000
4610,0.000,0.000,0.000,0.000
4611,0.000,0.000,0.000,0.000
4612,0.000,0.000,0.000,0.000
4613,0.000,0.000,0.000,0.000
4614,0.000,0.000,0.000,0.000
4615,0.000,0.000,0.000,0.000
4616,0.000,0.000,0.000,0.000
4617,0.000,0.000,0.000,0.000
4618,0.000,0.000,0.000,0.000
4619,0.000,0.000,0.000,0.000
4620,0.000,0.000,0.000,0.000
4621,0.000,0.000,0.000,0.000
4622,0.000,0.000,0.000,0.000
4623,0.000,0.000,0.000,0.000
4624,0.000,0.000,0.000,0.000
4625,0.000,0.000,0.000,0.000
4626,0.000,0.000,0.000,0.000
4627,0.000,0.000,0.000,0.000
4628,0.000,0.000,0.000,0.000
4629,0.000,0.000,0.000,0.000
4630,0.000,0.000,0.000,0.000
4631,0.000,0.000,0.000,0.000
4632,0.000,0.000,0.000,0.000
4633,0.000,0.000,0.000,0.000
4634,0.000,0.000,0.000,0.000
4635,0.000,0.000,0.000,0.000
4636,0.000,0.000,0.000,0.000
4637,0.000,0.000,0.000,0.000
4638,0.000,0.000,0.000,0.000
4639,0.000,0.000,0.000,0.000
4640,0.000,0.000,0.000,0.000
4641,0.000,0.000,0.000,0.000
4642,0.000,0.000,0.000,0.000
4643,0.000,0.000,0.000,0.000
4644,0.000,0.000,0.000,0.000
4645,0.000,0.000,0.000,0.000
4646,0.000,0.000,0.000,0.000
4647,0.000,0.000,0.000,0.000
4648,0.000,0.000,0.000,0.000
4649,0.000,0.000,0.000,0.000
4650,0.000,0.000,0.000,0.000
4651,0.000,0.000,0.000,0.000
4652,0.000,0.000,0.000,0.000
4653,0.000,0.000,0.000,0.000
4654,0.000,0.000,0.000,0.000
4655,0.000,0.000,0.000,0.000
4656,0.000,0.000,0.000,0.000
4657,0.000,0.000,0.000,0.000
4658,0.000,0.000,0.000,0.000
4659,0.000,0.000,0.000,0.000
4660,0.000,0.000,0.000,0.000
4661,0.000,0.000,0.000,0.000
4662,0.000,0.000,0.000,0.000
4663,0.000,0.000,0.000,0.000
4664,0.000,0.000,0.000,0.000
4665,0.000,0.000,0.000,0.000
4666,0.000,0.000,0.000,0.000
4667,0.000,0.000,0.000,0.000
4668,0.000,0.000,0.000,0.000
4669,0.000,0.000,0.000,0.000
4670,0.000,0.000,0.000,0.000
4671,0.000,0.000,0.000,0.000
4672,0.000,0.000,0.000,0.000
4673,0.000,0.000,0.000,0.000
4674,0.000,0.000,0.000,0.000
4675,0.000,0.000,0.000,0.000
4676,0.000,0.000,0.000,0.000
4677,0.000,0.000,0.000,0.000
4678,0.000,0.000,0.000,0.000
4679,0.000,0.000,0.000,0.000
4680,0.000,0.000,0.000,0.000
4681,0.000,0.000,0.000,0.000
4682,0.000,0.000,0.000,0.000
4683,0.000,0.000,0.000,0.000
4684,0.000,0.000,0.000,0.000
4685,0.000,0.000,0.000,0.000
4686,0.000,0.000,0.000,0.000
4687,0.000,0.000,0.000,0.000
4688,0.000,0.000,0.000,0.000
4689,0.000,0.000,0.000,0.000
4690,0.000,0.000,0.000,0.000
4691,0.000,0.000,0.000,0.000
4692,0.000,0.000,0.000,0.000
4693,0.000,0.000,0.000,0.000
4694,0.000,0.000,0.000,0.000
4695,0.000,0.000,0.000,0.000
4696,0.000,0.000,0.000,0.000
4697,0.000,0.000,0.000,0.000
4698,0.000,0.000,0.000,0.000
4699,0.000,0.000,0.000,0.000
4700,0.000,0.000,0.000,0.000
4701,0.000,0.000,0.000,0.000
4702,0.000,0.000,0.000,0.000
4703,0.000,0.000,0.000,0.000
4704,0.000,0.000,0.000,0.000
4705,0.000,0.000,0.000,0.000
4706,0.000,0.000,0.000,0.000
4707,0.000,0.000,0.000,0.000
4708,0.000,0.000,0.000,0.000
4709,0.000,0.000,0.000,0.000
4710,0.000,0.000,0.000,0.000
4711,0.000,0.000,0.000,0.000
4712,0.000,0.000,0.000,0.000
4713,0.000,0.000,0.000,0.000
4714,0.000,0.000,0.000,0.000
4715,0.000,0.000,0.000,0.000
4716,0.000,0.000,0.000,0.000
4717,0.000,0.000,0.000,0.000
4718,0.000,0.000,0.000,0.000
4719,0.000,0.000,0.000,0.000
4720,0.000,0.000,0.000,0.000
4721,0.000,0.000,0.000,0.000
4722,0.000,0.000,0.000,0.000
4723,0.000,0.000,0.000,0.000
4724,0.000,0.000,0.000,0.000
4725,0.000,0.000,0.000,0.000
4726,0.000,0.000,0.000,0.000
4727,0.000,0.000,0.000,0.000
4728,0.000,0.000,0.000,0.000
4729,0.000,0.000,0.000,0.000
4730,0.000,0.000,0.000,0.000
4731,0.000,0.000,0.000,0.000
4732,0.000,0.000,0.000,0.000
4733,0.000,0.000,0.000,0.000
4734,0.000,0.000,0.000,0.000
4735,0.000,0.000,0.000,0.000
4736,0.000,0.000,0.000,0.000
4737,0.000,0.000,0.000,0.000
4738,0.000,0.000,0.000,0.000
4739,0.000,0.000,0.000,0.000
4740,0.000,0.000,0.000,0.000
4741,0.000,0.000,0.000,0.000
4742,0.000,0.000,0.000,0.000
4743,0.000,0.000,0.000,0.000
4744,0.000,0.000,0.000,0.000
4745,0.000,0.000,0.000,0.000
4746,0.000,0.000,0.000,0.000
4747,0.000,0.000,0.000,0.000
4748,0.000,0.000,0.000,0.000
4749,0.000,0.000,0.000,0.000
4750,0.000,0.000,0.000,0.000
4751,0.000,0.000,0.000,0.000
4752,0.000,0.000,0.000,0.000
4753,0.000,0.000,0.000,0.000
4754,0.000,0.000,0.000,0.000
4755,0.000,0.000,0.000,0.000
4756,0.000,0.000,0.000,0.000
4757,0.000,0.000,0.000,0.000
4758,0.000,0.000,0.000,0.000
4759,0.000,0.000,0.000,0.000
4760,0.000,0.000,0.000,0.000
4761,0.000,0.000,0.000,0.000
4762,0.000,0.000,0.000,0.000
4763,0.000,0.000,0.000,0.000
4764,0.000,0.000,0.000,0.000
4765,0.000,0.000,0.000,0.000
4766,0.000,0.000,0.000,0.000
4767,0.000,0.000,0.000,0.000
4768,0.000,0.000,0.000,0.000
4769,0.000,0.000,0.000,0.000
4770,0.000,0.000,0.000,0.000
4771,0.000,0.000,0.000,0.000
4772,0.000,0.000,0.000,0.000
4773,0.000,0.000,0.000,0.000
4774,0.000,0.000,0.000,0.000
4775,0.000,0.000,0.000,0.000
4776,0.000,0.000,0.000,0.000
4777,0.000,0.000,0.000,0.000
4778,0.000,0.000,0.000,0.000
4779,0.000,0.000,0.000,0.000
4780,0.000,0.000,0.000,0.000
4781,0.000,0.000,0.000,0.000
4782,0.000,0.000,0.000,0.000
4783,0.000,0.000,0.000,0.000
4784,0.000,0.000,0.000,0.000
4785,0.000,0.000,0.000,0.000
4786,0.000,0.000,0.000,0.000
4787,0.000,0.000,0.000,0.000
4788,0.000,0.000,0.000,0.000
4789,0.000,0.000,0.000,0.000
4790,0.000,0.000,0.000,0.000
4791,0.000,0.000,0.000,0.000
4792,0.000,0.000,0.000,0.000
4793,0.000,0.000,0.000,0.000
4794,0.000,0.000,0.000,0.000
4795,0.000,0.000,0.000,0.000
4796,0.000,0.000,0.000,0.000
4797,0.000,0.000,0.000,0.000
4798,0.000,0.000,0.000,0.000
4799,0.000,0.000,0.000,0.000
4800,0.000,0.000,0.000,0.000
4801,0.000,0.000,0.000,0.000
4802,0.000,0.000,0.000,0.000
4803,0.000,0.000,0.000,0.000
4804,0.000,0.000,0.000,0.000
4805,0.000,0.000,0.000,0.000
4806,0.000,0.000,0.000,0.000
4807,0.000,0.000,0.000,0.000
4808,0.000,0.000,0.000,0.000
4809,0.000,0.000,0.000,0.000
4810,0.000,0.000,0.000,0.000
4811,0.000,0.000,0.000,0.000
4812,0.000,0.000,0.000,0.000
4813,0.000,0.000,0.000,0.000
4814,0.000,0.000,0.000,0.000
4815,0.000,0.000,0.000,0.000
4816,0.000,0.000,0.000,0.000
4817,0.000,0.000,0.000,0.000
4818,0.000,0.000,0.000,0.000
4819,0.000,0.000,0.000,0.000
4820,0.000,0.000,0.000,0.000
4821,0.000,0.000,0.000,0.000
4822,0.000,0.000,0.000,0.000
4823,0.000,0.000,0.000,0.000
4824,0.000,0.000,0.000,0.000
4825,0.000,0.000,0.000,0.000
4826,0.000,0.000,0.000,0.000
4827,0.000,0.000,0.000,0.000
4828,0.000,0.000,0.000,0.000
4829,0.000,0.000,0.000,0.000
4830,0.000,0.000,0.000,0.000
4831,0.000,0.000,0.000,0.000
4832,0.000,0.000,0.000,0.000
4833,0.000,0.000,0.000,0.000
4834,0.000,0.000,0.000,0.000
4835,0.000,0.000,0.000,0.000
4836,0.000,0.000,0.000,0.000
4837,0.000,0.000,0.000,0.000
4838,0.000,0.000,0.000,0.000
4839,0.000,0.000,0.000,0.000
4840,0.000,0.000,0.000,0.000
4841,0.000,0.000,0.000,0.000
4842,0.000,0.000,0.000,0.000
4843,0.000,0.000,0.000,0.000
4844,0.000,0.000,0.000,0.000
4845,0.000,0.000,0.000,0.000
4846,0.000,0.000,0.000,0.000
4847,0.000,0.000,0.000,0.000
4848,0.000,0.000,0.000,0.000
4849,0.000,0.000,0.000,0.000
4850,0.000,0.000,0.000,0.000
4851,0.000,0.000,0.000,0.000
4852,0.000,0.000,0.000,0.000
4853,0.000,0.000,0.000,0.000
4854,0.000,0.000,0.000,0.000
4855,0.000,0.000,0.000,0.000
4856,0.000,0.000,0.000,0.000
4857,0.000,0.000,0.000,0.000
4858,0.000,0.000,0.000,0.000
4859,0.000,0.000,0.000,0.000
4860,0.000,0.000,0.000,0.000
4861,0.000,0.000,0.000,0.000
4862,0.000,0.000,0.000,0.000
4863,0.000,0.000,0.000,0.000
4864,0.000,0.000,0.000,0.000
4865,0.000,0.000,0.000,0.000
4866,0.000,0.000,0.000,0.000
4867,0.000,0.000,0.000,0.000
4868,0.000,0.000,0.000,0.000
4869,0.000,0.000,0.000,0.000
4870,0.000,0.000,0.000,0.000
4871,0.000,0.000,0.000,0.000
4872,0.000,0.000,0.000,0.000
4873,0.000,0.000,0.000,0.000
4874,0.000,0.000,0.000,0.000
4875,0.000,0.000,0.000,0.000
4876,0.000,0.000,0.000,0.000
4877,0.000,0.000,0.000,0.000
4878,0.000,0.000,0.000,0.000
4879,0.000,0.000,0.000,0.000
4880,0.000,0.000,0.000,0.000
4881,0.000,0.000,0.000,0.000
4882,0.000,0.000,0.000,0.000
4883,0.000,0.000,0.000,0.000
4884,0.000,0.000,0.000,0.000
4885,0.000,0.000,0.000,0.000
4886,0.000,0.000,0.000,0.000
4887,0.000,0.000,0.000,0.000
4888,0.000,0.000,0.000,0.000
4889,0.000,0.000,0.000,0.000
4890,0.000,0.000,0.000,0.000
4891,0.000,0.000,0.000,0.000
4892,0.000,0.000,0.000,0.000
4893,0.000,0.000,0.000,0.000
4894,0.000,0.000,0.000,0.000
4895,0.000,0.000,0.000,0.000
4896,0.000,0.000,0.000,0.000
4897,0.000,0.000,0.000,0.000
4898,0.000,0.000,0.000,0.000
4899,0.000,0.000,0.000,0.000
4900,0.000,0.000,0.000,0.000
4901,0.000,0.000,0.000,0.000
4902,0.000,0.000,0.000,0.000
4903,0.000,0.000,0.000,0.000
4904,0.000,0.000,0.000,0.000
4905,0.000,0.000,0.000,0.000
4906,0.000,0.000,0.000,0.000
4907,0.000,0.000,0.000,0.000
4908,0.000,0.000,0.000,0.000
4909,0.000,0.000,0.000,0.000
4910,0.000,0.000,0.000,0.000
4911,0.000,0.000,0.000,0.000
4912,0.000,0.000,0.000,0.000
4913,0.000,0.000,0.000,0.000
4914,0.000,0.000,0.000,0.000
4915,0.000,0.000,0.000,0.000
4916,0.000,0.000,0.000,0.000
4917,0.000,0.000,0.000,0.000
4918,0.000,0.000,0.000,0.000
4919,0.000,0.000,0.000,0.000
4920,0.000,0.000,0.000,0.000
4921,0.000,0.000,0.000,0.000
4922,0.000,0.000,0.000,0.000
4923,0.000,0.000,0.000,0.000
4924,0.000,0.000,0.000,0.000
4925,0.000,0.000,0.000,0.000
4926,0.000,0.000,0.000,0.000
4927,0.000,0.000,0.000,0.000
4928,0.000,0.000,0.000,0.000
4929,0.000,0.000,0.000,0.000
4930,0.000,0.000,0.000,0.000
4931,0.000,0.000,0.000,0.000
4932,0.000,0.000,0.000,0.000
4933,0.000,0.000,0.000,0.000
4934,0.000,0.000,0.000,0.000
4935,0.000,0.000,0.000,0.000
4936,0.000,0.000,0.000,0.000
4937,0.000,0.000,0.000,0.000
4938,0.000,0.000,0.000,0.000
4939,0.000,0.000,0.000,0.000
4940,0.000,0.000,0.000,0.000
4941,0.000,0.000,0.000,0.000
4942,0.000,0.000,0.000,0.000
4943,0.000,0.000,0.000,0.000
4944,0.000,0.000,0.000,0.000
4945,0.000,0.000,0.000,0.000
4946,0.000,0.000,0.000,0.000
4947,0.000,0.000,0.000,0.000
4948,0.000,0.000,0.000,0.000
4949,0.000,0.000,0.000,0.000
4950,0.000,0.000,0.000,0.000
4951,0.000,0.000,0.000,0.000
4952,0.000,0.000,0.000,0.000
4953,0.000,0.000,0.000,0.000
4954,0.000,0.000,0.000,0.000
4955,0.000,0.000,0.000,0.000
4956,0.000,0.000,0.000,0.000
4957,0.000,0.000,0.000,0.000
4958,0.000,0.000,0.000,0.000
4959,0.000,0.000,0.000,0.000
4960,0.000,0.000,0.000,0.000
4961,0.000,0.000,0.000,0.000
4962,0.000,0.000,0.000,0.000
4963,0.000,0.000,0.000,0.000
4964,0.000,0.000,0.000,0.000
4965,0.000,0.000,0.000,0.000
4966,0.000,0.000,0.000,0.000
4967,0.000,0.000,0.000,0.000
4968,0.000,0.000,0.000,0.000
4969,0.000,0.000,0.000,0.000
4970,0.000,0.000,0.000,0.000
4971,0.000,0.000,0.000,0.000
4972,0.000,0.000,0.000,0.000
4973,0.000,0.000,0.000,0.000
4974,0.000,0.000,0.000,0.000
4975,0.000,0.000,0.000,0.000
4976,0.000,0.000,0.000,0.000
4977,0.000,0.000,0.000,0.000
4978,0.000,0.000,0.000,0.000
4979,0.000,0.000,0.000,0.000
4980,0.000,0.000,0.000,0.000
4981,0.000,0.000,0.000,0.000
4982,0.000,0.000,0.000,0.000
4983,0.000,0.000,0.000,0.000
4984,0.000,0.000,0.000,0.000
4985,0.000,0.000,0.000,0.000
4986,0.000,0.000,0.000,0.000
4987,0.000,0.000,0.000,0.000
4988,0.000,0.000,0.000,0.000
4989,0.000,0.000,0.000,0.000
4990,0.000,0.000,0.000,0.000
4991,0.000,0.000,0.000,0.000
4992,0.000,0.000,0.000,0.000
4993,0.000,0.000,0.000,0.000
4994,0.000,0.000,0.000,0.000
4995,0.000,0.000,0.000,0.000
4996,0.000,0.000,0.000,0.000
4997,0.000,0.000,0.000,0.000
4998,0.000,0.000,0.000,0.000
4999,0.000,0.000,0.000,0.000
5000,0.000,0.000,0.000,0.000
5001,0.000,0.000,0.000,0.000
5002,0.000,0.000,0.000,0.000
5003,0.000,0.000,0.000,0.000
5004,0.000,0.000,0.000,0.000
5005,0.000,0.000,0.000,0.000
5006,0.000,0.000,0.000,0.000
5007,0.000,0.000,0.000,0.000
5008,0.000,0.000,0.000,0.000
5009,0.000,0.000,0.000,0.000
5010,0.000,0.000,0.000,0.000
5011,0.000,0.000,0.000,0.000
5012,0.000,0.000,0.000,0.000
5013,0.000,0.000,0.000,0.000
5014,0.000,0.000,0.000,0.000
5015,0.000,0.000,0.000,0.000
5016,0.000,0.000,0.000,0.000
5017,0.000,0.000,0.000,0.000
5018,0.000,0.000,0.000,0.000
5019,0.000,0.000,0.000,0.000
5020,0.000,0.000,0.000,0.000
5021,0.000,0.000,0.000,0.000
5022,0.000,0.000,0.000,0.000
5023,0.000,0.000,0.000,0.000
5024,0.000,0.000,0.000,0.000
5025,0.000,0.000,0.000,0.000
5026,0.000,0.000,0.000,0.000
5027,0.000,0.000,0.000,0.000
5028,0.000,0.000,0.000,0.000
5029,0.000,0.000,0.000,0.000
5030,0.000,0.000,0.000,0.000
5031,0.000,0.000,0.000,0.000
5032,0.000,0.000,0.000,0.000
5033,0.000,0.000,0.000,0.000
5034,0.000,0.000,0.000,0.000
5035,0.000,0.000,0.000,0.000
5036,0.000,0.000,0.000,0.000
5037,0.000,0.000,0.000,0.000
5038,0.000,0.000,0.000,0.000
5039,0.000,0.000,0.000,0.000
5040,0.000,0.000,0.000,0.000
5041,0.000,0.000,0.000,0.000
5042,0.000,0.000,0.000,0.000
5043,0.000,0.000,0.000,0.000
5044,0.000,0.000,0.000,0.000
5045,0.000,0.000,0.000,0.000
5046,0.000,0.000,0.000,0.000
5047,0.000,0.000,0.000,0.000
5048,0.000,0.000,0.000,0.000
5049,0.000,0.000,0.000,0.000
5050,0.000,0.000,0.000,0.000
5051,0.000,0.000,0.000,0.000
5052,0.000,0.000,0.000,0.000
5053,0.000,0.000,0.000,0.000
5054,0.000,0.000,0.000,0.000
5055,0.000,0.000,0.000,0.000
5056,0.000,0.000,0.000,0.000
5057,0.000,0.000,0.000,0.000
5058,0.000,0.000,0.000,0.000
5059,0.000,0.000,0.000,0.000
5060,0.000,0.000,0.000,0.000
5061,0.000,0.000,0.000,0.000
5062,0.000,0.000,0.000,0.000
5063,0.000,0.000,0.000,0.000
5064,0.000,0.000,0.000,0.000
5065,0.000,0.000,0.000,0.000
5066,0.000,0.000,0.000,0.000
5067,0.000,0.000,0.000,0.000
5068,0.000,0.000,0.000,0.000
5069,0.000,0.000,0.000,0.000
5070,0.000,0.000,0.000,0.000
5071,0.000,0.000,0.000,0.000
5072,0.000,0.000,0.000,0.000
5073,0.000,0.000,0.000,0.000
5074,0.000,0.000,0.000,0.000
5075,0.000,0.000,0.000,0.000
5076,0.000,0.000,0.000,0.000
5077,0.000,0.000,0.000,0.000
5078,0.000,0.000,0.000,0.000
5079,0.000,0.000,0.000,0.000
5080,0.000,0.000,0.000,0.000
5081,0.000,0.000,0.000,0.000
5082,0.000,0.000,0.000,0.000
5083,0.000,0.000,0.000,0.000
5084,0.000,0.000,0.000,0.000
5085,0.000,0.000,0.000,0.000
5086,0.000,0.000,0.000,0.000
5087,0.000,0.000,0.000,0.000
5088,0.000,0.000,0.000,0.000
5089,0.000,0.000,0.000,0.000
5090,0.000,0.000,0.000,0.000
5091,0.000,0.000,0.000,0.000
5092,0.000,0.000,0.000,0.000
5093,0.000,0.000,0.000,0.000
5094,0.000,0.000,0.000,0.000
5095,0.000,0.000,0.000,0.000
5096,0.000,0.000,0.000,0.000
5097,0.000,0.000,0.000,0.000
5098,0.000,0.000,0.000,0.000
5099,0.000,0.000,0.000,0.000
5100,0.000,0.000,0.000,0.000
5101,0.000,0.000,0.000,0.000
5102,0.000,0.000,0.000,0.000
5103,0.000,0.000,0.000,0.000
5104,0.000,0.000,0.000,0.000
5105,0.000,0.000,0.000,0.000
5106,0.000,0.000,0.000,0.000
5107,0.000,0.000,0.000,0.000
5108,0.000,0.000,0.000,0.000
5109,0.000,0.000,0.000,0.000
5110,0.000,0.000,0.000,0.000
5111,0.000,0.000,0.000,0.000
5112,0.000,0.000,0.000,0.000
5113,0.000,0.000,0.000,0.000
5114,0.000,0.000,0.000,0.000
5115,0.000,0.000,0.000,0.000
5116,0.000,0.000,0.000,0.000
5117,0.000,0.000,0.000,0.000
5118,0.000,0.000,0.000,0.000
5119,0.000,0.000,0.000,0.000
5120,0.000,0.000,0.000,0.000
5121,0.000,0.000,0.000,0.000
5122,0.000,0.000,0.000,0.000
5123,0.000,0.000,0.000,0.000
5124,0.000,0.000,0.000,0.000
5125,0.000,0.000,0.000,0.000
5126,0.000,0.000,0.000,0.000
5127,0.000,0.000,0.000,0.000
5128,0.000,0.000,0.000,0.000
5129,0.000,0.000,0.000,0.000
5130,0.000,0.000,0.000,0.000
5131,0.000,0.000,0.000,0.000
5132,0.000,0.000,0.000,0.000
5133,0.000,0.000,0.000,0.000
5134,0.000,0.000,0.000,0.000
5135,0.000,0.000,0.000,0.000
5136,0.000,0.000,0.000,0.000
5137,0.000,0.000,0.000,0.000
5138,0.000,0.000,0.000,0.000
5139,0.000,0.000,0.000,0.000
5140,0.000,0.000,0.000,0.000
5141,0.000,0.000,0.000,0.000
5142,0.000,0.000,0.000,0.000
5143,0.000,0.000,0.000,0.000
5144,0.000,0.000,0.000,0.000
5145,0.000,0.000,0.000,0.000
5146,0.000,0.000,0.000,0.000
5147,0.000,0.000,0.000,0.000
5148,0.000,0.000,0.000,0.000
5149,0.000,0.000,0.000,0.000
5150,0.000,0.000,0.000,0.000
5151,0.000,0.000,0.000,0.000
5152,0.000,0.000,0.000,0.000
5153,0.000,0.000,0.000,0.000
5154,0.000,0.000,0.000,0.000
5155,0.000,0.000,0.000,0.000
5156,0.000,0.000,0.000,0.000
5157,0.000,0.000,0.000,0.000
5158,0.000,0.000,0.000,0.000
5159,0.000,0.000,0.000,0.000
5160,0.000,0.000,0.000,0.000
5161,0.000,0.000,0.000,0.000
5162,0.000,0.000,0.000,0.000
5163,0.000,0.000,0.000,0.000
5164,0.000,0.000,0.000,0.000
5165,0.000,0.000,0.000,0.000
5166,0.000,0.000,0.000,0.000
5167,0.000,0.000,0.000,0.000
5168,0.000,0.000,0.000,0.000
5169,0.000,0.000,0.000,0.000
5170,0.000,0.000,0.000,0.000
5171,0.000,0.000,0.000,0.000
5172,0.000,0.000,0.000,0.000
5173,0.000,0.000,0.000,0.000
5174,0.000,0.000,0.000,0.000
5175,0.000,0.000,0.000,0.000
5176,0.000,0.000,0.000,0.000
5177,0.000,0.000,0.000,0.000
5178,0.000,0.000,0.000,0.000
5179,0.000,0.000,0.000,0.000
5180,0.000,0.000,0.000,0.000
5181,0.000,0.000,0.000,0.000
5182,0.000,0.000,0.000,0.000
5183,0.000,0.000,0.000,0.000
5184,0.000,0.000,0.000,0.000
5185,0.000,0.000,0.000,0.000
5186,0.000,0.000,0.000,0.000
5187,0.000,0.000,0.000,0.000
5188,0.000,0.000,0.000,0.000
5189,0.000,0.000,0.000,0.000
5190,0.000,0.000,0.000,0.000
5191,0.000,0.000,0.000,0.000
5192,0.000,0.000,0.000,0.000
5193,0.000,0.000,0.000,0.000
5194,0.000,0.000,0.000,0.000
5195,0.000,0.000,0.000,0.000
5196,0.000,0.000,0.000,0.000
5197,0.000,0.000,0.000,0.000
5198,0.000,0.000,0.000,0.000
5199,0.000,0.000,0.000,0.000
5200,0.000,0.000,0.000,0.000
5201,0.000,0.000,0.000,0.000
5202,0.000,0.000,0.000,0.000
5203,0.000,0.000,0.000,0.000
5204,0.000,0.000,0.000,0.000
5205,0.000,0.000,0.000,0.000
5206,0.000,0.000,0.000,0.000
5207,0.000,0.000,0.000,0.000
5208,0.000,0.000,0.000,0.000
5209,0.000,0.000,0.000,0.000
5210,0.000,0.000,0.000,0.000
5211,0.000,0.000,0.000,0.000
5212,0.000,0.000,0.000,0.000
5213,0.000,0.000,0.000,0.000
5214,0.000,0.000,0.000,0.000
5215,0.000,0.000,0.000,0.000
5216,0.000,0.000,0.000,0.000
5217,0.000,0.000,0.000,0.000
5218,0.000,0.000,0.000,0.000
5219,0.000,0.000,0.000,0.000
5220,0.000,0.000,0.000,0.000
5221,0.000,0.000,0.000,0.000
5222,0.000,0.000,0.000,0.000
5223,0.000,0.000,0.000,0.000
5224,0.000,0.000,0.000,0.000
5225,0.000,0.000,0.000,0.000
5226,0.000,0.000,0.000,0.000
5227,0.000,0.000,0.000,0.000
5228,0.000,0.000,0.000,0.000
5229,0.000,0.000,0.000,0.000
5230,0.000,0.000,0.000,0.000
5231,0.000,0.000,0.000,0.000
5232,0.000,0.000,0.000,0.000
5233,0.000,0.000,0.000,0.000
5234,0.000,0.000,0.000,0.000
5235,0.000,0.000,0.000,0.000
5236,0.000,0.000,0.000,0.000
5237,0.000,0.000,0.000,0.000
5238,0.000,0.000,0.000,0.000
5239,0.000,0.000,0.000,0.000
5240,0.000,0.000,0.000,0.000
5241,0.000,0.000,0.000,0.000
5242,0.000,0.000,0.000,0.000
5243,0.000,0.000,0.000,0.000
5244,0.000,0.000,0.000,0.000
5245,0.000,0.000,0.000,0.000
5246,0.000,0.000,0.000,0.000
5247,0.000,0.000,0.000,0.000
5248,0.000,0.000,0.000,0.000
5249,0.000,0.000,0.000,0.000
5250,0.000,0.000,0.000,0.000
5251,0.000,0.000,0.000,0.000
5252,0.000,0.000,0.000,0.000
5253,0.000,0.000,0.000,0.000
5254,0.000,0.000,0.000,0.000
5255,0.000,0.000,0.000,0.000
5256,0.000,0.000,0.000,0.000
5257,0.000,0.000,0.000,0.000
5258,0.000,0.000,0.000,0.000
5259,0.000,0.000,0.000,0.000
5260,0.000,0.000,0.000,0.000
5261,0.000,0.000,0.000,0.000
5262,0.000,0.000,0.000,0.000
5263,0.000,0.000,0.000,0.000
5264,0.000,0.000,0.000,0.000
5265,0.000,0.000,0.000,0.000
5266,0.000,0.000,0.000,0.000
5267,0.000,0.000,0.000,0.000
5268,0.000,0.000,0.000,0.000
5269,0.000,0.000,0.000,0.000
5270,0.000,0.000,0.000,0.000
5271,0.000,0.000,0.000,0.000
5272,0.000,0.000,0.000,0.000
5273,0.000,0.000,0.000,0.000
5274,0.000,0.000,0.000,0.000
5275,0.000,0.000,0.000,0.000
5276,0.000,0.000,0.000,0.000
5277,0.000,0.000,0.000,0.000
5278,0.000,0.000,0.000,0.000
5279,0.000,0.000,0.000,0.000
5280,0.000,0.000,0.000,0.000
5281,0.000,0.000,0.000,0.000
5282,0.000,0.000,0.000,0.000
5283,0.000,0.000,0.000,0.000
5284,0.000,0.000,0.000,0.000
5285,0.000,0.000,0.000,0.000
5286,0.000,0.000,0.000,0.000
5287,0.000,0.000,0.000,0.000
5288,0.000,0.000,0.000,0.000
5289,0.000,0.000,0.000,0.000
5290,0.000,0.000,0.000,0.000
5291,0.000,0.000,0.000,0.000
5292,0.000,0.000,0.000,0.000
5293,0.000,0.000,0.000,0.000
5294,0.000,0.000,0.000,0.000
5295,0.000,0.000,0.000,0.000
5296,0.000,0.000,0.000,0.000
5297,0.000,0.000,0.000,0.000
5298,0.000,0.000,0.000,0.000
5299,0.000,0.000,0.000,0.000
5300,0.000,0.000,0.000,0.000
5301,0.000,0.000,0.000,0.000
5302,0.000,0.000,0.000,0.000
5303,0.000,0.000,0.000,0.000
5304,0.000,0.000,0.000,0.000
5305,0.000,0.000,0.000,0.000
5306,0.000,0.000,0.000,0.000
5307,0.000,0.000,0.000,0.000
5308,0.000,0.000,0.000,0.000
5309,0.000,0.000,0.000,0.000
5310,0.000,0.000,0.000,0.000
5311,0.000,0.000,0.000,0.000
5312,0.000,0.000,0.000,0.000
5313,0.000,0.000,0.000,0.000
5314,0.000,0.000,0.000,0.000
5315,0.000,0.000,0.000,0.000
5316,0.000,0.000,0.000,0.000
5317,0.000,0.000,0.000,0.000
5318,0.000,0.000,0.000,0.000
5319,0.000,0.000,0.000,0.000
5320,0.000,0.000,0.000,0.000
5321,0.000,0.000,0.000,0.000
5322,0.000,0.000,0.000,0.000
5323,0.000,0.000,0.000,0.000
5324,0.000,0.000,0.000,0.000
5325,0.000,0.000,0.000,0.000
5326,0.000,0.000,0.000,0.000
5327,0.000,0.000,0.000,0.000
5328,0.000,0.000,0.000,0.000
5329,0.000,0.000,0.000,0.000
5330,0.000,0.000,0.000,0.000
5331,0.000,0.000,0.000,0.000
5332,0.000,0.000,0.000,0.000
5333,0.000,0.000,0.000,0.000
5334,0.000,0.000,0.000,0.000
5335,0.000,0.000,0.000,0.000
5336,0.000,0.000,0.000,0.000
5337,0.000,0.000,0.000,0.000
5338,0.000,0.000,0.000,0.000
5339,0.000,0.000,0.000,0.000
5340,0.000,0.000,0.000,0.000
5341,0.000,0.000,0.000,0.000
5342,0.000,0.000,0.000,0.000
5343,0.000,0.000,0.000,0.000
5344,0.000,0.000,0.000,0.000
5345,0.000,0.000,0.000,0.000
5346,0.000,0.000,0.000,0.000
5347,0.000,0.000,0.000,0.000
5348,0.000,0.000,0.000,0.000
5349,0.000,0.000,0.000,0.000
5350,0.000,0.000,0.000,0.000
5351,0.000,0.000,0.000,0.000
5352,0.000,0.000,0.000,0.000
5353,0.000,0.000,0.000,0.000
5354,0.000,0.000,0.000,0.000
5355,0.000,0.000,0.000,0.000
5356,0.000,0.000,0.000,0.000
5357,0.000,0.000,0.000,0.000
5358,0.000,0.000,0.000,0.000
5359,0.000,0.000,0.000,0.000
5360,0.000,0.000,0.000,0.000
5361,0.000,0.000,0.000,0.000
5362,0.000,0.000,0.000,0.000
5363,0.000,0.000,0.000,0.000
5364,0.000,0.000,0.000,0.000
5365,0.000,0.000,0.000,0.000
5366,0.000,0.000,0.000,0.000
5367,0.000,0.000,0.000,0.000
5368,0.000,0.000,0.000,0.000
5369,0.000,0.000,0.000,0.000
5370,0.000,0.000,0.000,0.000
5371,0.000,0.000,0.000,0.000
5372,0.000,0.000,0.000,0.000
5373,0.000,0.000,0.000,0.000
5374,0.000,0.000,0.000,0.000
5375,0.000,0.000,0.000,0.000
5376,0.000,0.000,0.000,0.000
5377,0.000,0.000,0.000,0.000
5378,0.000,0.000,0.000,0.000
5379,0.000,0.000,0.000,0.000
5380,0.000,0.000,0.000,0.000
5381,0.000,0.000,0.000,0.000
5382,0.000,0.000,0.000,0.000
5383,0.000,0.000,0.000,0.000
5384,0.000,0.000,0.000,0.000
5385,0.000,0.000,0.000,0.000
5386,0.000,0.000,0.000,0.000
5387,0.000,0.000,0.000,0.000
5388,0.000,0.000,0.000,0.000
5389,0.000,0.000,0.000,0.000
5390,0.000,0.000,0.000,0.000
5391,0.000,0.000,0.000,0.000
5392,0.000,0.000,0.000,0.000
5393,0.000,0.000,0.000,0.000
5394,0.000,0.000,0.000,0.000
5395,0.000,0.000,0.000,0.000
5396,0.000,0.000,0.000,0.000
5397,0.000,0.000,0.000,0.000
5398,0.000,0.000,0.000,0.000
5399,0.000,0.000,0.000,0.000
5400,0.000,0.000,0.000,0.000
5401,0.000,0.000,0.000,0.000
5402,0.000,0.000,0.000,0.000
5403,0.000,0.000,0.000,0.000
5404,0.000,0.000,0.000,0.000
5405,0.000,0.000,0.000,0.000
5406,0.000,0.000,0.000,0.000
5407,0.000,0.000,0.000,0.000
5408,0.000,0.000,0.000,0.000
5409,0.000,0.000,0.000,0.000
5410,0.000,0.000,0.000,0.000
5411,0.000,0.000,0.000,0.000
5412,0.000,0.000,0.000,0.000
5413,0.000,0.000,0.000,0.000
5414,0.000,0.000,0.000,0.000
5415,0.000,0.000,0.000,0.000
5416,0.000,0.000,0.000,0.000
5417,0.000,0.000,0.000,0.000
5418,0.000,0.000,0.000,0.000
5419,0.000,0.000,0.000,0.000
5420,0.000,0.000,0.000,0.000
5421,0.000,0.000,0.000,0.000
5422,0.000,0.000,0.000,0.000
5423,0.000,0.000,0.000,0.000
5424,0.000,0.000,0.000,0.000
5425,0.000,0.000,0.000,0.000
5426,0.000,0.000,0.000,0.000
5427,0.000,0.000,0.000,0.000
5428,0.000,0.000,0.000,0.000
5429,0.000,0.000,0.000,0.000
5430,0.000,0.000,0.000,0.000
5431,0.000,0.000,0.000,0.000
5432,0.000,0.000,0.000,0.000
5433,0.000,0.000,0.000,0.000
5434,0.000,0.000,0.000,0.000
5435,0.000,0.000,0.000,0.000
5436,0.000,0.000,0.000,0.000
5437,0.000,0.000,0.000,0.000
5438,0.000,0.000,0.000,0.000
5439,0.000,0.000,0.000,0.000
5440,0.000,0.000,0.000,0.000
5441,0.000,0.000,0.000,0.000
5442,0.000,0.000,0.000,0.000
5443,0.000,0.000,0.000,0.000
5444,0.000,0.000,0.000,0.000
5445,0.000,0.000,0.000,0.000
5446,0.000,0.000,0.000,0.000
5447,0.000,0.000,0.000,0.000
5448,0.000,0.000,0.000,0.000
5449,0.000,0.000,0.000,0.000
5450,0.000,0.000,0.000,0.000
5451,0.000,0.000,0.000,0.000
5452,0.000,0.000,0.000,0.000
5453,0.000,0.000,0.000,0.000
5454,0.000,0.000,0.000,0.000
5455,0.000,0.000,0.000,0.000
5456,0.000,0.000,0.000,0.000
5457,0.000,0.000,0.000,0.000
5458,0.000,0.000,0.000,0.000
5459,0.000,0.000,0.000,0.000
5460,0.000,0.000,0.000,0.000
5461,0.000,0.000,0.000,0.000
5462,0.000,0.000,0.000,0.000
5463,0.000,0.000,0.000,0.000
5464,0.000,0.000,0.000,0.000
5465,0.000,0.000,0.000,0.000
5466,0.000,0.000,0.000,0.000
5467,0.000,0.000,0.000,0.000
5468,0.000,0.000,0.000,0.000
5469,0.000,0.000,0.000,0.000
5470,0.000,0.000,0.000,0.000
5471,0.000,0.000,0.000,0.000
5472,0.000,0.000,0.000,0.000
5473,0.000,0.000,0.000,0.000
5474,0.000,0.000,0.000,0.000
5475,0.000,0.000,0.000,0.000
5476,0.000,0.000,0.000,0.000
5477,0.000,0.000,0.000,0.000
5478,0.000,0.000,0.000,0.000
5479,0.000,0.000,0.000,0.000
5480,0.000,0.000,0.000,0.000
5481,0.000,0.000,0.000,0.000
5482,0.000,0.000,0.000,0.000
5483,0.000,0.000,0.000,0.000
5484,0.000,0.000,0.000,0.000
5485,0.000,0.000,0.000,0.000
5486,0.000,0.000,0.000,0.000
5487,0.000,0.000,0.000,0.000
5488,0.000,0.000,0.000,0.000
5489,0.000,0.000,0.000,0.000
5490,0.000,0.000,0.000,0.000
5491,0.000,0.000,0.000,0.000
5492,0.000,0.000,0.000,0.000
5493,0.000,0.000,0.000,0.000
5494,0.000,0.000,0.000,0.000
5495,0.000,0.000,0.000,0.000
5496,0.000,0.000,0.000,0.000
5497,0.000,0.000,0.000,0.000
5498,0.000,0.000,0.000,0.000
5499,0.000,0.000,0.000,0.000
5500,0.000,0.000,0.000,0.000
5501,0.000,0.000,0.000,0.000
5502,0.000,0.000,0.000,0.000
5503,0.000,0.000,0.000,0.000
5504,0.000,0.000,0.000,0.000
5505,0.000,0.000,0.000,0.000
5506,0.000,0.000,0.000,0.000
5507,0.000,0.000,0.000,0.000
5508,0.000,0.000,0.000,0.000
5509,0.000,0.000,0.000,0.000
5510,0.000,0.000,0.000,0.000
5511,0.000,0.000,0.000,0.000
5512,0.000,0.000,0.000,0.000
5513,0.000,0.000,0.000,0.000
5514,0.000,0.000,0.000,0.000
5515,0.000,0.000,0.000,0.000
5516,0.000,0.000,0.000,0.000
5517,0.000,0.000,0.000,0.000
5518,0.000,0.000,0.000,0.000
5519,0.000,0.000,0.000,0.000
5520,0.000,0.000,0.000,0.000
5521,0.000,0.000,0.000,0.000
5522,0.000,0.000,0.000,0.000
5523,0.000,0.000,0.000,0.000
5524,0.000,0.000,0.000,0.000
5525,0.000,0.000,0.000,0.000
5526,0.000,0.000,0.000,0.000
5527,0.000,0.000,0.000,0.000
5528,0.000,0.000,0.000,0.000
5529,0.000,0.000,0.000,0.000
5530,0.000,0.000,0.000,0.000
5531,0.000,0.000,0.000,0.000
5532,0.000,0.000,0.000,0.000
5533,0.000,0.000,0.000,0.000
5534,0.000,0.000,0.000,0.000
5535,0.000,0.000,0.000,0.000
5536,0.000,0.000,0.000,0.000
5537,0.000,0.000,0.000,0.000
5538,0.000,0.000,0.000,0.000
5539,0.000,0.000,0.000,0.000
5540,0.000,0.000,0.000,0.000
5541,0.000,0.000,0.000,0.000
5542,0.000,0.000,0.000,0.000
5543,0.000,0.000,0.000,0.000
5544,0.000,0.000,0.000,0.000
5545,0.000,0.000,0.000,0.000
5546,0.000,0.000,0.000,0.000
5547,0.000,0.000,0.000,0.000
5548,0.000,0.000,0.000,0.000
5549,0.000,0.000,0.000,0.000
5550,0.000,0.000,0.000,0.000
5551,0.000,0.000,0.000,0.000
5552,0.000,0.000,0.000,0.000
5553,0.000,0.000,0.000,0.000
5554,0.000,0.000,0.000,0.000
5555,0.000,0.000,0.000,0.000
5556,0.000,0.000,0.000,0.000
5557,0.000,0.000,0.000,0.000
5558,0.000,0.000,0.000,0.000
5559,0.000,0.000,0.000,0.000
5560,0.000,0.000,0.000,0.000
5561,0.000,0.000,0.000,0.000
5562,0.000,0.000,0.000,0.000
5563,0.000,0.000,0.000,0.000
5564,0.000,0.000,0.000,0.000
5565,0.000,0.000,0.000,0.000
5566,0.000,0.000,0.000,0.000
5567,0.000,0.000,0.000,0.000
5568,0.000,0.000,0.000,0.000
5569,0.000,0.000,0.000,0.000
5570,0.000,0.000,0.000,0.000
5571,0.000,0.000,0.000,0.000
5572,0.000,0.000,0.000,0.000
5573,0.000,0.000,0.000,0.000
5574,0.000,0.000,0.000,0.000
5575,0.000,0.000,0.000,0.000
5576,0.000,0.000,0.000,0.000
5577,0.000,0.000,0.000,0.000
5578,0.000,0.000,0.000,0.000
5579,0.000,0.000,0.000,0.000
5580,0.000,0.000,0.000,0.000
5581,0.000,0.000,0.000,0.000
5582,0.000,0.000,0.000,0.000
5583,0.000,0.000,0.000,0.000
5584,0.000,0.000,0.000,0.000
5585,0.000,0.000,0.000,0.000
5586,0.000,0.000,0.000,0.000
5587,0.000,0.000,0.000,0.000
5588,0.000,0.000,0.000,0.000
5589,0.000,0.000,0.000,0.000
5590,0.000,0.000,0.000,0.000
5591,0.000,0.000,0.000,0.000
5592,0.000,0.000,0.000,0.000
5593,0.000,0.000,0.000,0.000
5594,0.000,0.000,0.000,0.000
5595,0.000,0.000,0.000,0.000
5596,0.000,0.000,0.000,0.000
5597,0.000,0.000,0.000,0.000
5598,0.000,0.000,0.000,0.000
5599,0.000,0.000,0.000,0.000
5600,0.000,0.000,0.000,0.000
5601,0.000,0.000,0.000,0.000
5602,0.000,0.000,0.000,0.000
5603,0.000,0.000,0.000,0.000
5604,0.000,0.000,0.000,0.000
5605,0.000,0.000,0.000,0.000
5606,0.000,0.000,0.000,0.000
5607,0.000,0.000,0.000,0.000
5608,0.000,0.000,0.000,0.000
5609,0.000,0.000,0.000,0.000
5610,0.000,0.000,0.000,0.000
5611,0.000,0.000,0.000,0.000
5612,0.000,0.000,0.000,0.000
5613,0.000,0.000,0.000,0.000
5614,0.000,0.000,0.000,0.000
5615,0.000,0.000,0.000,0.000
5616,0.000,0.000,0.000,0.000
5617,0.000,0.000,0.000,0.000
5618,0.000,0.000,0.000,0.000
5619,0.000,0.000,0.000,0.000
5620,0.000,0.000,0.000,0.000
5621,0.000,0.000,0.000,0.000
5622,0.000,0.000,0.000,0.000
5623,0.000,0.000,0.000,0.000
5624,0.000,0.000,0.000,0.000
5625,0.000,0.000,0.000,0.000
5626,0.000,0.000,0.000,0.000
5627,0.000,0.000,0.000,0.000
5628,0.000,0.000,0.000,0.000
5629,0.000,0.000,0.000,0.000
5630,0.000,0.000,0.000,0.000
5631,0.000,0.000,0.000,0.000
5632,0.000,0.000,0.000,0.000
5633,0.000,0.000,0.000,0.000
5634,0.000,0.000,0.000,0.000
5635,0.000,0.000,0.000,0.000
5636,0.000,0.000,0.000,0.000
5637,0.000,0.000,0.000,0.000
5638,0.000,0.000,0.000,0.000
5639,0.000,0.000,0.000,0.000
5640,0.000,0.000,0.000,0.000
5641,0.000,0.000,0.000,0.000
5642,0.000,0.000,0.000,0.000
5643,0.000,0.000,0.000,0.000
5644,0.000,0.000,0.000,0.000
5645,0.000,0.000,0.000,0.000
5646,0.000,0.000,0.000,0.000
5647,0.000,0.000,0.000,0.000
5648,0.000,0.000,0.000,0.000
5649,0.000,0.000,0.000,0.000
5650,0.000,0.000,0.000,0.000
5651,0.000,0.000,0.000,0.000
5652,0.000,0.000,0.000,0.000
5653,0.000,0.000,0.000,0.000
5654,0.000,0.000,0.000,0.000
5655,0.000,0.000,0.000,0.000
5656,0.000,0.000,0.000,0.000
5657,0.000,0.000,0.000,0.000
5658,0.000,0.000,0.000,0.000
5659,0.000,0.000,0.000,0.000
5660,0.000,0.000,0.000,0.000
5661,0.000,0.000,0.000,0.000
5662,0.000,0.000,0.000,0.000
5663,0.000,0.000,0.000,0.000
5664,0.000,0.000,0.000,0.000
5665,0.000,0.000,0.000,0.000
5666,0.000,0.000,0.000,0.000
5667,0.000,0.000,0.000,0.000
5668,0.000,0.000,0.000,0.000
5669,0.000,0.000,0.000,0.000
5670,0.000,0.000,0.000,0.000
5671,0.000,0.000,0.000,0.000
5672,0.000,0.000,0.000,0.000
5673,0.000,0.000,0.000,0.000
5674,0.000,0.000,0.000,0.000
5675,0.000,0.000,0.000,0.000
5676,0.000,0.000,0.000,0.000
5677,0.000,0.000,0.000,0.000
5678,0.000,0.000,0.000,0.000
5679,0.000,0.000,0.000,0.000
5680,0.000,0.000,0.000,0.000
5681,0.000,0.000,0.000,0.000
5682,0.000,0.000,0.000,0.000
5683,0.000,0.000,0.000,0.000
5684,0.000,0.000,0.000,0.000
5685,0.000,0.000,0.000,0.000
5686,0.000,0.000,0.000,0.000
5687,0.000,0.000,0.000,0.000
5688,0.000,0.000,0.000,0.000
5689,0.000,0.000,0.000,0.000
5690,0.000,0.000,0.000,0.000
5691,0.000,0.000,0.000,0.000
5692,0.000,0.000,0.000,0.000
5693,0.000,0.000,0.000,0.000
5694,0.000,0.000,0.000,0.000
5695,0.000,0.000,0.000,0.000
5696,0.000,0.000,0.000,0.000
5697,0.000,0.000,0.000,0.000
5698,0.000,0.000,0.000,0.000
5699,0.000,0.000,0.000,0.000
5700,0.000,0.000,0.000,0.000
5701,0.000,0.000,0.000,0.000
5702,0.000,0.000,0.000,0.000
5703,0.000,0.000,0.000,0.000
5704,0.000,0.000,0.000,0.000
5705,0.000,0.000,0.000,0.000
5706,0.000,0.000,0.000,0.000
5707,0.000,0.000,0.000,0.000
5708,0.000,0.000,0.000,0.000
5709,0.000,0.000,0.000,0.000
5710,0.000,0.000,0.000,0.000
5711,0.000,0.000,0.000,0.000
5712,0.000,0.000,0.000,0.000
5713,0.000,0.000,0.000,0.000
5714,0.000,0.000,0.000,0.000
5715,0.000,0.000,0.000,0.000
5716,0.000,0.000,0.000,0.000
5717,0.000,0.000,0.000,0.000
5718,0.000,0.000,0.000,0.000
5719,0.000,0.000,0.000,0.000
5720,0.000,0.000,0.000,0.000
5721,0.000,0.000,0.000,0.000
5722,0.000,0.000,0.000,0.000
5723,0.000,0.000,0.000,0.000
5724,0.000,0.000,0.000,0.000
5725,0.000,0.000,0.000,0.000
5726,0.000,0.000,0.000,0.000
5727,0.000,0.000,0.000,0.000
5728,0.000,0.000,0.000,0.000
5729,0.000,0.000,0.000,0.000
5730,0.000,0.000,0.000,0.000
5731,0.000,0.000,0.000,0.000
5732,0.000,0.000,0.000,0.000
5733,0.000,0.000,0.000,0.000
5734,0.000,0.000,0.000,0.000
5735,0.000,0.000,0.000,0.000
5736,0.000,0.000,0.000,0.000
5737,0.000,0.000,0.000,0.000
5738,0.000,0.000,0.000,0.000
5739,0.000,0.000,0.000,0.000
5740,0.000,0.000,0.000,0.000
5741,0.000,0.000,0.000,0.000
5742,0.000,0.000,0.000,0.000
5743,0.000,0.000,0.000,0.000
5744,0.000,0.000,0.000,0.000
5745,0.000,0.000,0.000,0.000
5746,0.000,0.000,0.000,0.000
5747,0.000,0.000,0.000,0.000
5748,0.000,0.000,0.000,0.000
5749,0.000,0.000,0.000,0.000
5750,0.000,0.000,0.000,0.000
5751,0.000,0.000,0.000,0.000
5752,0.000,0.000,0.000,0.000
5753,0.000,0.000,0.000,0.000
5754,0.000,0.000,0.000,0.000
5755,0.000,0.000,0.000,0.000
5756,0.000,0.000,0.000,0.000
5757,0.000,0.000,0.000,0.000
5758,0.000,0.000,0.000,0.000
5759,0.000,0.000,0.000,0.000
5760,0.000,0.000,0.000,0.000
5761,0.000,0.000,0.000,0.000
5762,0.000,0.000,0.000,0.000
5763,0.000,0.000,0.000,0.000
5764,0.000,0.000,0.000,0.000
5765,0.000,0.000,0.000,0.000
5766,0.000,0.000,0.000,0.000
5767,0.000,0.000,0.000,0.000
5768,0.000,0.000,0.000,0.000
5769,0.000,0.000,0.000,0.000
5770,0.000,0.000,0.000,0.000
5771,0.000,0.000,0.000,0.000
5772,0.000,0.000,0.000,0.000
5773,0.000,0.000,0.000,0.000
5774,0.000,0.000,0.000,0.000
5775,0.000,0.000,0.000,0.000
5776,0.000,0.000,0.000,0.000
5777,0.000,0.000,0.000,0.000
5778,0.000,0.000,0.000,0.000
5779,0.000,0.000,0.000,0.000
5780,0.000,0.000,0.000,0.000
5781,0.000,0.000,0.000,0.000
5782,0.000,0.000,0.000,0.000
5783,0.000,0.000,0.000,0.000
5784,0.000,0.000,0.000,0.000
5785,0.000,0.000,0.000,0.000
5786,0.000,0.000,0.000,0.000
5787,0.000,0.000,0.000,0.000
5788,0.000,0.000,0.000,0.000
5789,0.000,0.000,0.000,0.000
5790,0.000,0.000,0.000,0.000
5791,0.000,0.000,0.000,0.000
5792,0.000,0.000,0.000,0.000
5793,0.000,0.000,0.000,0.000
5794,0.000,0.000,0.000,0.000
5795,0.000,0.000,0.000,0.000
5796,0.000,0.000,0.000,0.000
5797,0.000,0.000,0.000,0.000
5798,0.000,0.000,0.000,0.000
5799,0.000,0.000,0.000,0.000
5800,0.000,0.000,0.000,0.000
5801,0.000,0.000,0.000,0.000
5802,0.000,0.000,0.000,0.000
5803,0.000,0.000,0.000,0.000
5804,0.000,0.000,0.000,0.000
5805,0.000,0.000,0.000,0.000
5806,0.000,0.000,0.000,0.000
5807,0.000,0.000,0.000,0.000
5808,0.000,0.000,0.000,0.000
5809,0.000,0.000,0.000,0.000
5810,0.000,0.000,0.000,0.000
5811,0.000,0.000,0.000,0.000
5812,0.000,0.000,0.000,0.000
5813,0.000,0.000,0.000,0.000
5814,0.000,0.000,0.000,0.000
5815,0.000,0.000,0.000,0.000
5816,0.000,0.000,0.000,0.000
5817,0.000,0.000,0.000,0.000
5818,0.000,0.000,0.000,0.000
5819,0.000,0.000,0.000,0.000
5820,0.000,0.000,0.000,0.000
5821,0.000,0.000,0.000,0.000
5822,0.000,0.000,0.000,0.000
5823,0.000,0.000,0.000,0.000
5824,0.000,0.000,0.000,0.000
5825,0.000,0.000,0.000,0.000
5826,0.000,0.000,0.000,0.000
5827,0.000,0.000,0.000,0.000
5828,0.000,0.000,0.000,0.000
5829,0.000,0.000,0.000,0.000
5830,0.000,0.000,0.000,0.000
5831,0.000,0.000,0.000,0.000
5832,0.000,0.000,0.000,0.000
5833,0.000,0.000,0.000,0.000
5834,0.000,0.000,0.000,0.000
5835,0.000,0.000,0.000,0.000
5836,0.000,0.000,0.000,0.000
5837,0.000,0.000,0.000,0.000
5838,0.000,0.000,0.000,0.000
5839,0.000,0.000,0.000,0.000
5840,0.000,0.000,0.000,0.000
5841,0.000,0.000,0.000,0.000
5842,0.000,0.000,0.000,0.000
5843,0.000,0.000,0.000,0.000
5844,0.000,0.000,0.000,0.000
5845,0.000,0.000,0.000,0.000
5846,0.000,0.000,0.000,0.000
5847,0.000,0.000,0.000,0.000
5848,0.000,0.000,0.000,0.000
5849,0.000,0.000,0.000,0.000
5850,0.000,0.000,0.000,0.000
5851,0.000,0.000,0.000,0.000
5852,0.000,0.000,0.000,0.000
5853,0.000,0.000,0.000,0.000
5854,0.000,0.000,0.000,0.000
5855,0.000,0.000,0.000,0.000
5856,0.000,0.000,0.000,0.000
5857,0.000,0.000,0.000,0.000
5858,0.000,0.000,0.000,0.000
5859,0.000,0.000,0.000,0.000
5860,0.000,0.000,0.000,0.000
5861,0.000,0.000,0.000,0.000
5862,0.000,0.000,0.000,0.000
5863,0.000,0.000,0.000,0.000
5864,0.000,0.000,0.000,0.000
5865,0.000,0.000,0.000,0.000
5866,0.000,0.000,0.000,0.000
5867,0.000,0.000,0.000,0.000
5868,0.000,0.000,0.000,0.000
5869,0.000,0.000,0.000,0.000
5870,0.000,0.000,0.000,0.000
5871,0.000,0.000,0.000,0.000
5872,0.000,0.000,0.000,0.000
5873,0.000,0.000,0.000,0.000
5874,0.000,0.000,0.000,0.000
5875,0.000,0.000,0.000,0.000
5876,0.000,0.000,0.000,0.000
5877,0.000,0.000,0.000,0.000
5878,0.000,0.000,0.000,0.000
5879,0.000,0.000,0.000,0.000
5880,0.000,0.000,0.000,0.000
5881,0.000,0.000,0.000,0.000
5882,0.000,0.000,0.000,0.000
5883,0.000,0.000,0.000,0.000
5884,0.000,0.000,0.000,0.000
5885,0.000,0.000,0.000,0.000
5886,0.000,0.000,0.000,0.000
5887,0.000,0.000,0.000,0.000
5888,0.000,0.000,0.000,0.000
5889,0.000,0.000,0.000,0.000
5890,0.000,0.000,0.000,0.000
5891,0.000,0.000,0.000,0.000
5892,0.000,0.000,0.000,0.000
5893,0.000,0.000,0.000,0.000
5894,0.000,0.000,0.000,0.000
5895,0.000,0.000,0.000,0.000
5896,0.000,0.000,0.000,0.000
5897,0.000,0.000,0.000,0.000
5898,0.000,0.000,0.000,0.000
5899,0.000,0.000,0.000,0.000
5900,0.000,0.000,0.000,0.000
5901,0.000,0.000,0.000,0.000
5902,0.000,0.000,0.000,0.000
5903,0.000,0.000,0.000,0.000
5904,0.000,0.000,0.000,0.000
5905,0.000,0.000,0.000,0.000
5906,0.000,0.000,0.000,0.000
5907,0.000,0.000,0.000,0.000
5908,0.000,0.000,0.000,0.000
5909,0.000,0.000,0.000,0.000
5910,0.000,0.000,0.000,0.000
5911,0.000,0.000,0.000,0.000
5912,0.000,0.000,0.000,0.000
5913,0.000,0.000,0.000,0.000
5914,0.000,0.000,0.000,0.000
5915,0.000,0.000,0.000,0.000
5916,0.000,0.000,0.000,0.000
5917,0.000,0.000,0.000,0.000
5918,0.000,0.000,0.000,0.000
5919,0.000,0.000,0.000,0.000
5920,0.000,0.000,0.000,0.000
5921,0.000,0.000,0.000,0.000
5922,0.000,0.000,0.000,0.000
5923,0.000,0.000,0.000,0.000
5924,0.000,0.000,0.000,0.000
5925,0.000,0.000,0.000,0.000
5926,0.000,0.000,0.000,0.000
5927,0.000,0.000,0.000,0.000
5928,0.000,0.000,0.000,0.000
5929,0.000,0.000,0.000,0.000
5930,0.000,0.000,0.000,0.000
5931,0.000,0.000,0.000,0.000
5932,0.000,0.000,0.000,0.000
5933,0.000,0.000,0.000,0.000
5934,0.000,0.000,0.000,0.000
5935,0.000,0.000,0.000,0.000
5936,0.000,0.000,0.000,0.000
5937,0.000,0.000,0.000,0.000
5938,0.000,0.000,0.000,0.000
5939,0.000,0.000,0.000,0.000
5940,0.000,0.000,0.000,0.000
5941,0.000,0.000,0.000,0.000
5942,0.000,0.000,0.000,0.000
5943,0.000,0.000,0.000,0.000
5944,0.000,0.000,0.000,0.000
5945,0.000,0.000,0.000,0.000
5946,0.000,0.000,0.000,0.000
5947,0.000,0.000,0.000,0.000
5948,0.000,0.000,0.000,0.000
5949,0.000,0.000,0.000,0.000
5950,0.000,0.000,0.000,0.000
5951,0.000,0.000,0.000,0.000
5952,0.000,0.000,0.000,0.000
5953,0.000,0.000,0.000,0.000
5954,0.000,0.000,0.000,0.000
5955,0.000,0.000,0.000,0.000
5956,0.000,0.000,0.000,0.000
5957,0.000,0.000,0.000,0.000
5958,0.000,0.000,0.000,0.000
5959,0.000,0.000,0.000,0.000
5960,0.000,0.000,0.000,0.000
5961,0.000,0.000,0.000,0.000
5962,0.000,0.000,0.000,0.000
5963,0.000,0.000,0.000,0.000
5964,0.000,0.000,0.000,0.000
5965,0.000,0.000,0.000,0.000
5966,0.000,0.000,0.000,0.000
5967,0.000,0.000,0.000,0.000
5968,0.000,0.000,0.000,0.000
5969,0.000,0.000,0.000,0.000
5970,0.000,0.000,0.000,0.000
5971,0.000,0.000,0.000,0.000
5972,0.000,0.000,0.000,0.000
5973,0.000,0.000,0.000,0.000
5974,0.000,0.000,0.000,0.000
5975,0.000,0.000,0.000,0.000
5976,0.000,0.000,0.000,0.000
5977,0.000,0.000,0.000,0.000
5978,0.000,0.000,0.000,0.000
5979,0.000,0.000,0.000,0.000
5980,0.000,0.000,0.000,0.000
5981,0.000,0.000,0.000,0.000
5982,0.000,0.000,0.000,0.000
5983,0.000,0.000,0.000,0.000
5984,0.000,0.000,0.000,0.000
5985,0.000,0.000,0.000,0.000
5986,0.000,0.000,0.000,0.000
5987,0.000,0.000,0.000,0.000
5988,0.000,0.000,0.000,0.000
5989,0.000,0.000,0.000,0.000
5990,0.000,0.000,0.000,0.000
5991,0.000,0.000,0.000,0.000
5992,0.000,0.000,0.000,0.000
5993,0.000,0.000,0.000,0.000
5994,0.000,0.000,0.000,0.000
5995,0.000,0.000,0.000,0.000
5996,0.000,0.000,0.000,0.000
5997,0.000,0.000,0.000,0.000
5998,0.000,0.000,0.000,0.000
5999,0.000,0.000,0.000,0.000
6000,0.000,0.000,0.000,0.000
6001,0.000,0.000,0.000,0.000
6002,0.000,0.000,0.000,0.000
6003,0.000,0.000,0.000,0.000
6004,0.000,0.000,0.000,0.000
6005,0.000,0.000,0.000,0.000
6006,0.000,0.000,0.000,0.000
6007,0.000,0.000,0.000,0.000
6008,0.000,0.000,0.000,0.000
6009,0.000,0.000,0.000,0.000
6010,0.000,0.000,0.000,0.000
6011,0.000,0.000,0.000,0.000
6012,0.000,0.000,0.000,0.000
6013,0.000,0.000,0.000,0.000
6014,0.000,0.000,0.000,0.000
6015,0.000,0.000,0.000,0.000
6016,0.000,0.000,0.000,0.000
6017,0.000,0.000,0.000,0.000
6018,0.000,0.000,0.000,0.000
6019,0.000,0.000,0.000,0.000
6020,0.000,0.000,0.000,0.000
6021,0.000,0.000,0.000,0.000
6022,0.000,0.000,0.000,0.000
6023,0.000,0.000,0.000,0.000
6024,0.000,0.000,0.000,0.000
6025,0.000,0.000,0.000,0.000
6026,0.000,0.000,0.000,0.000
6027,0.000,0.000,0.000,0.000
6028,0.000,0.000,0.000,0.000
6029,0.000,0.000,0.000,0.000
6030,0.000,0.000,0.000,0.000
6031,0.000,0.000,0.000,0.000
6032,0.000,0.000,0.000,0.000
6033,0.000,0.000,0.000,0.000
6034,0.000,0.000,0.000,0.000
6035,0.000,0.000,0.000,0.000
6036,0.000,0.000,0.000,0.000
6037,0.000,0.000,0.000,0.000
6038,0.000,0.000,0.000,0.000
6039,0.000,0.000,0.000,0.000
6040,0.000,0.000,0.000,0.000
6041,0.000,0.000,0.000,0.000
6042,0.000,0.000,0.000,0.000
6043,0.000,0.000,0.000,0.000
6044,0.000,0.000,0.000,0.000
6045,0.000,0.000,0.000,0.000
6046,0.000,0.000,0.000,0.000
6047,0.000,0.000,0.000,0.000
6048,0.000,0.000,0.000,0.000
6049,0.000,0.000,0.000,0.000
6050,0.000,0.000,0.000,0.000
6051,0.000,0.000,0.000,0.000
6052,0.000,0.000,0.000,0.000
6053,0.000,0.000,0.000,0.000
6054,0.000,0.000,0.000,0.000
6055,0.000,0.000,0.000,0.000
6056,0.000,0.000,0.000,0.000
6057,0.000,0.000,0.000,0.000
6058,0.000,0.000,0.000,0.000
6059,0.000,0.000,0.000,0.000
6060,0.000,0.000,0.000,0.000
6061,0.000,0.000,0.000,0.000
6062,0.000,0.000,0.000,0.000
6063,0.000,0.000,0.000,0.000
6064,0.000,0.000,0.000,0.000
6065,0.000,0.000,0.000,0.000
6066,0.000,0.000,0.000,0.000
6067,0.000,0.000,0.000,0.000
6068,0.000,0.000,0.000,0.000
6069,0.000,0.000,0.000,0.000
6070,0.000,0.000,0.000,0.000
6071,0.000,0.000,0.000,0.000
6072,0.000,0.000,0.000,0.000
6073,0.000,0.000,0.000,0.000
6074,0.000,0.000,0.000,0.000
6075,0.000,0.000,0.000,0.000
6076,0.000,0.000,0.000,0.000
6077,0.000,0.000,0.000,0.000
6078,0.000,0.000,0.000,0.000
6079,0.000,0.000,0.000,0.000
6080,0.000,0.000,0.000,0.000
6081,0.000,0.000,0.000,0.000
6082,0.000,0.000,0.000,0.000
6083,0.000,0.000,0.000,0.000
6084,0.000,0.000,0.000,0.000
6085,0.000,0.000,0.000,0.000
6086,0.000,0.000,0.000,0.000
6087,0.000,0.000,0.000,0.000
6088,0.000,0.000,0.000,0.000
6089,0.000,0.000,0.000,0.000
6090,0.000,0.000,0.000,0.000
6091,0.000,0.000,0.000,0.000
6092,0.000,0.000,0.000,0.000
6093,0.000,0.000,0.000,0.000
6094,0.000,0.000,0.000,0.000
6095,0.000,0.000,0.000,0.000
6096,0.000,0.000,0.000,0.000
6097,0.000,0.000,0.000,0.000
6098,0.000,0.000,0.000,0.000
6099,0.000,0.000,0.000,0.000
6100,0.000,0.000,0.000,0.000
6101,0.000,0.000,0.000,0.000
6102,0.000,0.000,0.000,0.000
6103,0.000,0.000,0.000,0.000
6104,0.000,0.000,0.000,0.000
6105,0.000,0.000,0.000,0.000
6106,0.000,0.000,0.000,0.000
6107,0.000,0.000,0.000,0.000
6108,0.000,0.000,0.000,0.000
6109,0.000,0.000,0.000,0.000
6110,0.000,0.000,0.000,0.000
6111,0.000,0.000,0.000,0.000
6112,0.000,0.000,0.000,0.000
6113,0.000,0.000,0.000,0.000
6114,0.000,0.000,0.000,0.000
6115,0.000,0.000,0.000,0.000
6116,0.000,0.000,0.000,0.000
6117,0.000,0.000,0.000,0.000
6118,0.000,0.000,0.000,0.000
6119,0.000,0.000,0.000,0.000
6120,0.000,0.000,0.000,0.000
6121,0.000,0.000,0.000,0.000
6122,0.000,0.000,0.000,0.000
6123,0.000,0.000,0.000,0.000
6124,0.000,0.000,0.000,0.000
6125,0.000,0.000,0.000,0.000
6126,0.000,0.000,0.000,0.000
6127,0.000,0.000,0.000,0.000
6128,0.000,0.000,0.000,0.000
6129,0.000,0.000,0.000,0.000
6130,0.000,0.000,0.000,0.000
6131,0.000,0.000,0.000,0.000
6132,0.000,0.000,0.000,0.000
6133,0.000,0.000,0.000,0.000
6134,0.000,0.000,0.000,0.000
6135,0.000,0.000,0.000,0.000
6136,0.000,0.000,0.000,0.000
6137,0.000,0.000,0.000,0.000
6138,0.000,0.000,0.000,0.000
6139,0.000,0.000,0.000,0.000
6140,0.000,0.000,0.000,0.000
6141,0.000,0.000,0.000,0.000
6142,0.000,0.000,0.000,0.000
6143,0.000,0.000,0.000,0.000
6144,0.000,0.000,0.000,0.000
6145,0.000,0.000,0.000,0.000
6146,0.000,0.000,0.000,0.000
6147,0.000,0.000,0.000,0.000
6148,0.000,0.000,0.000,0.000
6149,0.000,0.000,0.000,0.000
6150,0.000,0.000,0.000,0.000
6151,0.000,0.000,0.000,0.000
6152,0.000,0.000,0.000,0.000
6153,0.000,0.000,0.000,0.000
6154,0.000,0.000,0.000,0.000
6155,0.000,0.000,0.000,0.000
6156,0.000,0.000,0.000,0.000
6157,0.000,0.000,0.000,0.000
6158,0.000,0.000,0.000,0.000
6159,0.000,0.000,0.000,0.000
6160,0.000,0.000,0.000,0.000
6161,0.000,0.000,0.000,0.000
6162,0.000,0.000,0.000,0.000
6163,0.000,0.000,0.000,0.000
6164,0.000,0.000,0.000,0.000
6165,0.000,0.000,0.000,0.000
6166,0.000,0.000,0.000,0.000
6167,0.000,0.000,0.000,0.000
6168,0.000,0.000,0.000,0.000
6169,0.000,0.000,0.000,0.000
6170,0.000,0.000,0.000,0.000
6171,0.000,0.000,0.000,0.000
6172,0.000,0.000,0.000,0.000
6173,0.000,0.000,0.000,0.000
6174,0.000,0.000,0.000,0.000
6175,0.000,0.000,0.000,0.000
6176,0.000,0.000,0.000,0.000
6177,0.000,0.000,0.000,0.000
6178,0.000,0.000,0.000,0.000
6179,0.000,0.000,0.000,0.000
6180,0.000,0.000,0.000,0.000
6181,0.000,0.000,0.000,0.000
6182,0.000,0.000,0.000,0.000
6183,0.000,0.000,0.000,0.000
6184,0.000,0.000,0.000,0.000
6185,0.000,0.000,0.000,0.000
6186,0.000,0.000,0.000,0.000
6187,0.000,0.000,0.000,0.000
6188,0.000,0.000,0.000,0.000
6189,0.000,0.000,0.000,0.000
6190,0.000,0.000,0.000,0.000
6191,0.000,0.000,0.000,0.000
6192,0.000,0.000,0.000,0.000
6193,0.000,0.000,0.000,0.000
6194,0.000,0.000,0.000,0.000
6195,0.000,0.000,0.000,0.000
6196,0.000,0.000,0.000,0.000
6197,0.000,0.000,0.000,0.000
6198,0.000,0.000,0.000,0.000
6199,0.000,0.000,0.000,0.000
6200,0.000,0.000,0.000,0.000
6201,0.000,0.000,0.000,0.000
6202,0.000,0.000,0.000,0.000
6203,0.000,0.000,0.000,0.000
6204,0.000,0.000,0.000,0.000
6205,0.000,0.000,0.000,0.000
6206,0.000,0.000,0.000,0.000
6207,0.000,0.000,0.000,0.000
6208,0.000,0.000,0.000,0.000
6209,0.000,0.000,0.000,0.000
6210,0.000,0.000,0.000,0.000
6211,0.000,0.000,0.000,0.000
6212,0.000,0.000,0.000,0.000
6213,0.000,0.000,0.000,0.000
6214,0.000,0.000,0.000,0.000
6215,0.000,0.000,0.000,0.000
6216,0.000,0.000,0.000,0.000
6217,0.000,0.000,0.000,0.000
6218,0.000,0.000,0.000,0.000
6219,0.000,0.000,0.000,0.000
6220,0.000,0.000,0.000,0.000
6221,0.000,0.000,0.000,0.000
6222,0.000,0.000,0.000,0.000
6223,0.000,0.000,0.000,0.000
6224,0.000,0.000,0.000,0.000
6225,0.000,0.000,0.000,0.000
6226,0.000,0.000,0.000,0.000
6227,0.000,0.000,0.000,0.000
6228,0.000,0.000,0.000,0.000
6229,0.000,0.000,0.000,0.000
6230,0.000,0.000,0.000,0.000
6231,0.000,0.000,0.000,0.000
6232,0.000,0.000,0.000,0.000
6233,0.000,0.000,0.000,0.000
6234,0.000,0.000,0.000,0.000
6235,0.000,0.000,0.000,0.000
6236,0.000,0.000,0.000,0.000
6237,0.000,0.000,0.000,0.000
6238,0.000,0.000,0.000,0.000
6239,0.000,0.000,0.000,0.000
6240,0.000,0.000,0.000,0.000
6241,0.000,0.000,0.000,0.000
6242,0.000,0.000,0.000,0.000
6243,0.000,0.000,0.000,0.000
6244,0.000,0.000,0.000,0.000
6245,0.000,0.000,0.000,0.000
6246,0.000,0.000,0.000,0.000
6247,0.000,0.000,0.000,0.000
6248,0.000,0.000,0.000,0.000
6249,0.000,0.000,0.000,0.000
6250,0.000,0.000,0.000,0.000
6251,0.000,0.000,0.000,0.000
6252,0.000,0.000,0.000,0.000
6253,0.000,0.000,0.000,0.000
6254,0.000,0.000,0.000,0.000
6255,0.000,0.000,0.000,0.000
6256,0.000,0.000,0.000,0.000
6257,0.000,0.000,0.000,0.000
6258,0.000,0.000,0.000,0.000
6259,0.000,0.000,0.000,0.000
6260,0.000,0.000,0.000,0.000
6261,0.000,0.000,0.000,0.000
6262,0.000,0.000,0.000,0.000
6263,0.000,0.000,0.000,0.000
6264,0.000,0.000,0.000,0.000
6265,0.000,0.000,0.000,0.000
6266,0.000,0.000,0.000,0.000
6267,0.000,0.000,0.000,0.000
6268,0.000,0.000,0.000,0.000
6269,0.000,0.000,0.000,0.000
6270,0.000,0.000,0.000,0.000
6271,0.000,0.000,0.000,0.000
6272,0.000,0.000,0.000,0.000
6273,0.000,0.000,0.000,0.000
6274,0.000,0.000,0.000,0.000
6275,0.000,0.000,0.000,0.000
6276,0.000,0.000,0.000,0.000
6277,0.000,0.000,0.000,0.000
6278,0.000,0.000,0.000,0.000
6279,0.000,0.000,0.000,0.000
6280,0.000,0.000,0.000,0.000
6281,0.000,0.000,0.000,0.000
6282,0.000,0.000,0.000,0.000
6283,0.000,0.000,0.000,0.000
6284,0.000,0.000,0.000,0.000
6285,0.000,0.000,0.000,0.000
6286,0.000,0.000,0.000,0.000
6287,0.000,0.000,0.000,0.000
6288,0.000,0.000,0.000,0.000
6289,0.000,0.000,0.000,0.000
6290,0.000,0.000,0.000,0.000
6291,0.000,0.000,0.000,0.000
6292,0.000,0.000,0.000,0.000
6293,0.000,0.000,0.000,0.000
6294,0.000,0.000,0.000,0.000
6295,0.000,0.000,0.000,0.000
6296,0.000,0.000,0.000,0.000
6297,0.000,0.000,0.000,0.000
6298,0.000,0.000,0.000,0.000
6299,0.000,0.000,0.000,0.000
6300,0.000,0.000,0.000,0.000
6301,0.000,0.000,0.000,0.000
6302,0.000,0.000,0.000,0.000
6303,0.000,0.000,0.000,0.000
6304,0.000,0.000,0.000,0.000
6305,0.000,0.000,0.000,0.000
6306,0.000,0.000,0.000,0.000
6307,0.000,0.000,0.000,0.000
6308,0.000,0.000,0.000,0.000
6309,0.000,0.000,0.000,0.000
6310,0.000,0.000,0.000,0.000
6311,0.000,0.000,0.000,0.000
6312,0.000,0.000,0.000,0.000
6313,0.000,0.000,0.000,0.000
6314,0.000,0.000,0.000,0.000
6315,0.000,0.000,0.000,0.000
6316,0.000,0.000,0.000,0.000
6317,0.000,0.000,0.000,0.000
6318,0.000,0.000,0.000,0.000
6319,0.000,0.000,0.000,0.000
6320,0.000,0.000,0.000,0.000
6321,0.000,0.000,0.000,0.000
6322,0.000,0.000,0.000,0.000
6323,0.000,0.000,0.000,0.000
6324,0.000,0.000,0.000,0.000
6325,0.000,0.000,0.000,0.000
6326,0.000,0.000,0.000,0.000
6327,0.000,0.000,0.000,0.000
6328,0.000,0.000,0.000,0.000
6329,0.000,0.000,0.000,0.000
6330,0.000,0.000,0.000,0.000
6331,0.000,0.000,0.000,0.000
6332,0.000,0.000,0.000,0.000
6333,0.000,0.000,0.000,0.000
6334,0.000,0.000,0.000,0.000
6335,0.000,0.000,0.000,0.000
6336,0.000,0.000,0.000,0.000
6337,0.000,0.000,0.000,0.000
6338,0.000,0.000,0.000,0.000
6339,0.000,0.000,0.000,0.000
6340,0.000,0.000,0.000,0.000
6341,0.000,0.000,0.000,0.000
6342,0.000,0.000,0.000,0.000
6343,0.000,0.000,0.000,0.000
6344,0.000,0.000,0.000,0.000
6345,0.000,0.000,0.000,0.000
6346,0.000,0.000,0.000,0.000
6347,0.000,0.000,0.000,0.000
6348,0.000,0.000,0.000,0.000
6349,0.000,0.000,0.000,0.000
6350,0.000,0.000,0.000,0.000
6351,0.000,0.000,0.000,0.000
6352,0.000,0.000,0.000,0.000
6353,0.000,0.000,0.000,0.000
6354,0.000,0.000,0.000,0.000
6355,0.000,0.000,0.000,0.000
6356,0.000,0.000,0.000,0.000
6357,0.000,0.000,0.000,0.000
6358,0.000,0.000,0.000,0.000
6359,0.000,0.000,0.000,0.000
6360,0.000,0.000,0.000,0.000
6361,0.000,0.000,0.000,0.000
6362,0.000,0.000,0.000,0.000
6363,0.000,0.000,0.000,0.000
6364,0.000,0.000,0.000,0.000
6365,0.000,0.000,0.000,0.000
6366,0.000,0.000,0.000,0.000
6367,0.000,0.000,0.000,0.000
6368,0.000,0.000,0.000,0.000
6369,0.000,0.000,0.000,0.000
6370,0.000,0.000,0.000,0.000
6371,0.000,0.000,0.000,0.000
6372,0.000,0.000,0.000,0.000
6373,0.000,0.000,0.000,0.000
6374,0.000,0.000,0.000,0.000
6375,0.000,0.000,0.000,0.000
6376,0.000,0.000,0.000,0.000
6377,0.000,0.000,0.000,0.000
6378,0.000,0.000,0.000,0.000
6379,0.000,0.000,0.000,0.000
6380,0.000,0.000,0.000,0.000
6381,0.000,0.000,0.000,0.000
6382,0.000,0.000,0.000,0.000
6383,0.000,0.000,0.000,0.000
6384,0.000,0.000,0.000,0.000
6385,0.000,0.000,0.000,0.000
6386,0.000,0.000,0.000,0.000
6387,0.000,0.000,0.000,0.000
6388,0.000,0.000,0.000,0.000
6389,0.000,0.000,0.000,0.000
6390,0.000,0.000,0.000,0.000
6391,0.000,0.000,0.000,0.000
6392,0.000,0.000,0.000,0.000
6393,0.000,0.000,0.000,0.000
6394,0.000,0.000,0.000,0.000
6395,0.000,0.000,0.000,0.000
6396,0.000,0.000,0.000,0.000
6397,0.000,0.000,0.000,0.000
6398,0.000,0.000,0.000,0.000
6399,0.000,0.000,0.000,0.000
6400,0.000,0.000,0.000,0.000
6401,0.000,0.000,0.000,0.000
6402,0.000,0.000,0.000,0.000
6403,0.000,0.000,0.000,0.000
6404,0.000,0.000,0.000,0.000
6405,0.000,0.000,0.000,0.000
6406,0.000,0.000,0.000,0.000
6407,0.000,0.000,0.000,0.000
6408,0.000,0.000,0.000,0.000
6409,0.000,0.000,0.000,0.000
6410,0.000,0.000,0.000,0.000
6411,0.000,0.000,0.000,0.000
6412,0.000,0.000,0.000,0.000
6413,0.000,0.000,0.000,0.000
6414,0.000,0.000,0.000,0.000
6415,0.000,0.000,0.000,0.000
6416,0.000,0.000,0.000,0.000
6417,0.000,0.000,0.000,0.000
6418,0.000,0.000,0.000,0.000
6419,0.000,0.000,0.000,0.000
6420,0.000,0.000,0.000,0.000
6421,0.000,0.000,0.000,0.000
6422,0.000,0.000,0.000,0.000
6423,0.000,0.000,0.000,0.000
6424,0.000,0.000,0.000,0.000
6425,0.000,0.000,0.000,0.000
6426,0.000,0.000,0.000,0.000
6427,0.000,0.000,0.000,0.000
6428,0.000,0.000,0.000,0.000
6429,0.000,0.000,0.000,0.000
6430,0.000,0.000,0.000,0.000
6431,0.000,0.000,0.000,0.000
6432,0.000,0.000,0.000,0.000
6433,0.000,0.000,0.000,0.000
6434,0.000,0.000,0.000,0.000
6435,0.000,0.000,0.000,0.000
6436,0.000,0.000,0.000,0.000
6437,0.000,0.000,0.000,0.000
6438,0.000,0.000,0.000,0.000
6439,0.000,0.000,0.000,0.000
6440,0.000,0.000,0.000,0.000
6441,0.000,0.000,0.000,0.000
6442,0.000,0.000,0.000,0.000
6443,0.000,0.000,0.000,0.000
6444,0.000,0.000,0.000,0.000
6445,0.000,0.000,0.000,0.000
6446,0.000,0.000,0.000,0.000
6447,0.000,0.000,0.000,0.000
6448,0.000,0.000,0.000,0.000
6449,0.000,0.000,0.000,0.000
6450,0.000,0.000,0.000,0.000
6451,0.000,0.000,0.000,0.000
6452,0.000,0.000,0.000,0.000
6453,0.000,0.000,0.000,0.000
6454,0.000,0.000,0.000,0.000
6455,0.000,0.000,0.000,0.000
6456,0.000,0.000,0.000,0.000
6457,0.000,0.000,0.000,0.000
6458,0.000,0.000,0.000,0.000
6459,0.000,0.000,0.000,0.000
6460,0.000,0.000,0.000,0.000
6461,0.000,0.000,0.000,0.000
6462,0.000,0.000,0.000,0.000
6463,0.000,0.000,0.000,0.000
6464,0.000,0.000,0.000,0.000
6465,0.000,0.000,0.000,0.000
6466,0.000,0.000,0.000,0.000
6467,0.000,0.000,0.000,0.000
6468,0.000,0.000,0.000,0.000
6469,0.000,0.000,0.000,0.000
6470,0.000,0.000,0.000,0.000
6471,0.000,0.000,0.000,0.000
6472,0.000,0.000,0.000,0.000
6473,0.000,0.000,0.000,0.000
6474,0.000,0.000,0.000,0.000
6475,0.000,0.000,0.000,0.000
6476,0.000,0.000,0.000,0.000
6477,0.000,0.000,0.000,0.000
6478,0.000,0.000,0.000,0.000
6479,0.000,0.000,0.000,0.000
6480,0.000,0.000,0.000,0.000
6481,0.000,0.000,0.000,0.000
6482,0.000,0.000,0.000,0.000
6483,0.000,0.000,0.000,0.000
6484,0.000,0.000,0.000,0.000
6485,0.000,0.000,0.000,0.000
6486,0.000,0.000,0.000,0.000
6487,0.000,0.000,0.000,0.000
6488,0.000,0.000,0.000,0.000
6489,0.000,0.000,0.000,0.000
6490,0.000,0.000,0.000,0.000
6491,0.000,0.000,0.000,0.000
6492,0.000,0.000,0.000,0.000
6493,0.000,0.000,0.000,0.000
6494,0.000,0.000,0.000,0.000
6495,0.000,0.000,0.000,0.000
6496,0.000,0.000,0.000,0.000
6497,0.000,0.000,0.000,0.000
6498,0.000,0.000,0.000,0.000
6499,0.000,0.000,0.000,0.000
6500,0.000,0.000,0.000,0.000
6501,0.000,0.000,0.000,0.000
6502,0.000,0.000,0.000,0.000
6503,0.000,0.000,0.000,0.000
6504,0.000,0.000,0.000,0.000
6505,0.000,0.000,0.000,0.000
6506,0.000,0.000,0.000,0.000
6507,0.000,0.000,0.000,0.000
6508,0.000,0.000,0.000,0.000
6509,0.000,0.000,0.000,0.000
6510,0.000,0.000,0.000,0.000
6511,0.000,0.000,0.000,0.000
6512,0.000,0.000,0.000,0.000
6513,0.000,0.000,0.000,0.000
6514,0.000,0.000,0.000,0.000
6515,0.000,0.000,0.000,0.000
6516,0.000,0.000,0.000,0.000
6517,0.000,0.000,0.000,0.000
6518,0.000,0.000,0.000,0.000
6519,0.000,0.000,0.000,0.000
6520,0.000,0.000,0.000,0.000
6521,0.000,0.000,0.000,0.000
6522,0.000,0.000,0.000,0.000
6523,0.000,0.000,0.000,0.000
6524,0.000,0.000,0.000,0.000
6525,0.000,0.000,0.000,0.000
6526,0.000,0.000,0.000,0.000
6527,0.000,0.000,0.000,0.000
6528,0.000,0.000,0.000,0.000
6529,0.000,0.000,0.000,0.000
6530,0.000,0.000,0.000,0.000
6531,0.000,0.000,0.000,0.000
6532,0.000,0.000,0.000,0.000
6533,0.000,0.000,0.000,0.000
6534,0.000,0.000,0.000,0.000
6535,0.000,0.000,0.000,0.000
6536,0.000,0.000,0.000,0.000
6537,0.000,0.000,0.000,0.000
6538,0.000,0.000,0.000,0.000
6539,0.000,0.000,0.000,0.000
6540,0.000,0.000,0.000,0.000
6541,0.000,0.000,0.000,0.000
6542,0.000,0.000,0.000,0.000
6543,0.000,0.000,0.000,0.000
6544,0.000,0.000,0.000,0.000
6545,0.000,0.000,0.000,0.000
6546,0.000,0.000,0.000,0.000
6547,0.000,0.000,0.000,0.000
6548,0.000,0.000,0.000,0.000
6549,0.000,0.000,0.000,0.000
6550,0.000,0.000,0.000,0.000
6551,0.000,0.000,0.000,0.000
6552,0.000,0.000,0.000,0.000
6553,0.000,0.000,0.000,0.000
6554,0.000,0.000,0.000,0.000
6555,0.000,0.000,0.000,0.000
6556,0.000,0.000,0.000,0.000
6557,0.000,0.000,0.000,0.000
6558,0.000,0.000,0.000,0.000
6559,0.000,0.000,0.000,0.000
6560,0.000,0.000,0.000,0.000
6561,0.000,0.000,0.000,0.000
6562,0.000,0.000,0.000,0.000
6563,0.000,0.000,0.000,0.000
6564,0.000,0.000,0.000,0.000
6565,0.000,0.000,0.000,0.000
6566,0.000,0.000,0.000,0.000
6567,0.000,0.000,0.000,0.000
6568,0.000,0.000,0.000,0.000
6569,0.000,0.000,0.000,0.000
6570,0.000,0.000,0.000,0.000
6571,0.000,0.000,0.000,0.000
6572,0.000,0.000,0.000,0.000
6573,0.000,0.000,0.000,0.000
6574,0.000,0.000,0.000,0.000
6575,0.000,0.000,0.000,0.000
6576,0.000,0.000,0.000,0.000
6577,0.000,0.000,0.000,0.000
6578,0.000,0.000,0.000,0.000
6579,0.000,0.000,0.000,0.000
6580,0.000,0.000,0.000,0.000
6581,0.000,0.000,0.000,0.000
6582,0.000,0.000,0.000,0.000
6583,0.000,0.000,0.000,0.000
6584,0.000,0.000,0.000,0.000
6585,0.000,0.000,0.000,0.000
6586,0.000,0.000,0.000,0.000
6587,0.000,0.000,0.000,0.000
6588,0.000,0.000,0.000,0.000
6589,0.000,0.000,0.000,0.000
6590,0.000,0.000,0.000,0.000
6591,0.000,0.000,0.000,0.000
6592,0.000,0.000,0.000,0.000
6593,0.000,0.000,0.000,0.000
6594,0.000,0.000,0.000,0.000
6595,0.000,0.000,0.000,0.000
6596,0.000,0.000,0.000,0.000
6597,0.000,0.000,0.000,0.000
6598,0.000,0.000,0.000,0.000
6599,0.000,0.000,0.000,0.000
6600,0.000,0.000,0.000,0.000
6601,0.000,0.000,0.000,0.000
6602,0.000,0.000,0.000,0.000
6603,0.000,0.000,0.000,0.000
6604,0.000,0.000,0.000,0.000
6605,0.000,0.000,0.000,0.000
6606,0.000,0.000,0.000,0.000
6607,0.000,0.000,0.000,0.000
6608,0.000,0.000,0.000,0.000
6609,0.000,0.000,0.000,0.000
6610,0.000,0.000,0.000,0.000
6611,0.000,0.000,0.000,0.000
6612,0.000,0.000,0.000,0.000
6613,0.000,0.000,0.000,0.000
6614,0.000,0.000,0.000,0.000
6615,0.000,0.000,0.000,0.000
6616,0.000,0.000,0.000,0.000
6617,0.000,0.000,0.000,0.000
6618,0.000,0.000,0.000,0.000
6619,0.000,0.000,0.000,0.000
6620,0.000,0.000,0.000,0.000
6621,0.000,0.000,0.000,0.000
6622,0.000,0.000,0.000,0.000
6623,0.000,0.000,0.000,0.000
6624,0.000,0.000,0.000,0.000
6625,0.000,0.000,0.000,0.000
6626,0.000,0.000,0.000,0.000
6627,0.000,0.000,0.000,0.000
6628,0.000,0.000,0.000,0.000
6629,0.000,0.000,0.000,0.000
6630,0.000,0.000,0.000,0.000
6631,0.000,0.000,0.000,0.000
6632,0.000,0.000,0.000,0.000
6633,0.000,0.000,0.000,0.000
6634,0.000,0.000,0.000,0.000
6635,0.000,0.000,0.000,0.000
6636,0.000,0.000,0.000,0.000
6637,0.000,0.000,0.000,0.000
6638,0.000,0.000,0.000,0.000
6639,0.000,0.000,0.000,0.000
6640,0.000,0.000,0.000,0.000
6641,0.000,0.000,0.000,0.000
6642,0.000,0.000,0.000,0.000
6643,0.000,0.000,0.000,0.000
6644,0.000,0.000,0.000,0.000
6645,0.000,0.000,0.000,0.000
6646,0.000,0.000,0.000,0.000
6647,0.000,0.000,0.000,0.000
6648,0.000,0.000,0.000,0.000
6649,0.000,0.000,0.000,0.000
6650,0.000,0.000,0.000,0.000
6651,0.000,0.000,0.000,0.000
6652,0.000,0.000,0.000,0.000
6653,0.000,0.000,0.000,0.000
6654,0.000,0.000,0.000,0.000
6655,0.000,0.000,0.000,0.000
6656,0.000,0.000,0.000,0.000
6657,0.000,0.000,0.000,0.000
6658,0.000,0.000,0.000,0.000
6659,0.000,0.000,0.000,0.000
6660,0.000,0.000,0.000,0.000
6661,0.000,0.000,0.000,0.000
6662,0.000,0.000,0.000,0.000
6663,0.000,0.000,0.000,0.000
6664,0.000,0.000,0.000,0.000
6665,0.000,0.000,0.000,0.000
6666,0.000,0.000,0.000,0.000
6667,0.000,0.000,0.000,0.000
6668,0.000,0.000,0.000,0.000
6669,0.000,0.000,0.000,0.000
6670,0.000,0.000,0.000,0.000
6671,0.000,0.000,0.000,0.000
6672,0.000,0.000,0.000,0.000
6673,0.000,0.000,0.000,0.000
6674,0.000,0.000,0.000,0.000
6675,0.000,0.000,0.000,0.000
6676,0.000,0.000,0.000,0.000
6677,0.000,0.000,0.000,0.000
6678,0.000,0.000,0.000,0.000
6679,0.000,0.000,0.000,0.000
6680,0.000,0.000,0.000,0.000
6681,0.000,0.000,0.000,0.000
6682,0.000,0.000,0.000,0.000
6683,0.000,0.000,0.000,0.000
6684,0.000,0.000,0.000,0.000
6685,0.000,0.000,0.000,0.000
6686,0.000,0.000,0.000,0.000
6687,0.000,0.000,0.000,0.000
6688,0.000,0.000,0.000,0.000
6689,0.000,0.000,0.000,0.000
6690,0.000,0.000,0.000,0.000
6691,0.000,0.000,0.000,0.000
6692,0.000,0.000,0.000,0.000
6693,0.000,0.000,0.000,0.000
6694,0.000,0.000,0.000,0.000
6695,0.000,0.000,0.000,0.000
6696,0.000,0.000,0.000,0.000
6697,0.000,0.000,0.000,0.000
6698,0.000,0.000,0.000,0.000
6699,0.000,0.000,0.000,0.000
6700,0.000,0.000,0.000,0.000
6701,0.000,0.000,0.000,0.000
6702,0.000,0.000,0.000,0.000
6703,0.000,0.000,0.000,0.000
6704,0.000,0.000,0.000,0.000
6705,0.000,0.000,0.000,0.000
6706,0.000,0.000,0.000,0.000
6707,0.000,0.000,0.000,0.000
6708,0.000,0.000,0.000,0.000
6709,0.000,0.000,0.000,0.000
6710,0.000,0.000,0.000,0.000
6711,0.000,0.000,0.000,0.000
6712,0.000,0.000,0.000,0.000
6713,0.000,0.000,0.000,0.000
6714,0.000,0.000,0.000,0.000
6715,0.000,0.000,0.000,0.000
6716,0.000,0.000,0.000,0.000
6717,0.000,0.000,0.000,0.000
6718,0.000,0.000,0.000,0.000
6719,0.000,0.000,0.000,0.000
6720,0.000,0.000,0.000,0.000
6721,0.000,0.000,0.000,0.000
6722,0.000,0.000,0.000,0.000
6723,0.000,0.000,0.000,0.000
6724,0.000,0.000,0.000,0.000
6725,0.000,0.000,0.000,0.000
6726,0.000,0.000,0.000,0.000
6727,0.000,0.000,0.000,0.000
6728,0.000,0.000,0.000,0.000
6729,0.000,0.000,0.000,0.000
6730,0.000,0.000,0.000,0.000
6731,0.000,0.000,0.000,0.000
6732,0.000,0.000,0.000,0.000
6733,0.000,0.000,0.000,0.000
6734,0.000,0.000,0.000,0.000
6735,0.000,0.000,0.000,0.000
6736,0.000,0.000,0.000,0.000
6737,0.000,0.000,0.000,0.000
6738,0.000,0.000,0.000,0.000
6739,0.000,0.000,0.000,0.000
6740,0.000,0.000,0.000,0.000
6741,0.000,0.000,0.000,0.000
6742,0.000,0.000,0.000,0.000
6743,0.000,0.000,0.000,0.000
6744,0.000,0.000,0.000,0.000
6745,0.000,0.000,0.000,0.000
6746,0.000,0.000,0.000,0.000
6747,0.000,0.000,0.000,0.000
6748,0.000,0.000,0.000,0.000
6749,0.000,0.000,0.000,0.000
6750,0.000,0.000,0.000,0.000
6751,0.000,0.000,0.000,0.000
6752,0.000,0.000,0.000,0.000
6753,0.000,0.000,0.000,0.000
6754,0.000,0.000,0.000,0.000
6755,0.000,0.000,0.000,0.000
6756,0.000,0.000,0.000,0.000
6757,0.000,0.000,0.000,0.000
6758,0.000,0.000,0.000,0.000
6759,0.000,0.000,0.000,0.000
6760,0.000,0.000,0.000,0.000
6761,0.000,0.000,0.000,0.000
6762,0.000,0.000,0.000,0.000
6763,0.000,0.000,0.000,0.000
6764,0.000,0.000,0.000,0.000
6765,0.000,0.000,0.000,0.000
6766,0.000,0.000,0.000,0.000
6767,0.000,0.000,0.000,0.000
6768,0.000,0.000,0.000,0.000
6769,0.000,0.000,0.000,0.000
6770,0.000,0.000,0.000,0.000
6771,0.000,0.000,0.000,0.000
6772,0.000,0.000,0.000,0.000
6773,0.000,0.000,0.000,0.000
6774,0.000,0.000,0.000,0.000
6775,0.000,0.000,0.000,0.000
6776,0.000,0.000,0.000,0.000
6777,0.000,0.000,0.000,0.000
6778,0.000,0.000,0.000,0.000
6779,0.000,0.000,0.000,0.000
6780,0.000,0.000,0.000,0.000
6781,0.000,0.000,0.000,0.000
6782,0.000,0.000,0.000,0.000
6783,0.000,0.000,0.000,0.000
6784,0.000,0.000,0.000,0.000
6785,0.000,0.000,0.000,0.000
6786,0.000,0.000,0.000,0.000
6787,0.000,0.000,0.000,0.000
6788,0.000,0.000,0.000,0.000
6789,0.000,0.000,0.000,0.000
6790,0.000,0.000,0.000,0.000
6791,0.000,0.000,0.000,0.000
6792,0.000,0.000,0.000,0.000
6793,0.000,0.000,0.000,0.000
6794,0.000,0.000,0.000,0.000
6795,0.000,0.000,0.000,0.000
6796,0.000,0.000,0.000,0.000
6797,0.000,0.000,0.000,0.000
6798,0.000,0.000,0.000,0.000
6799,0.000,0.000,0.000,0.000
6800,0.000,0.000,0.000,0.000
6801,0.000,0.000,0.000,0.000
6802,0.000,0.000,0.000,0.000
6803,0.000,0.000,0.000,0.000
6804,0.000,0.000,0.000,0.000
6805,0.000,0.000,0.000,0.000
6806,0.000,0.000,0.000,0.000
6807,0.000,0.000,0.000,0.000
6808,0.000,0.000,0.000,0.000
6809,0.000,0.000,0.000,0.000
6810,0.000,0.000,0.000,0.000
6811,0.000,0.000,0.000,0.000
6812,0.000,0.000,0.000,0.000
6813,0.000,0.000,0.000,0.000
6814,0.000,0.000,0.000,0.000
6815,0.000,0.000,0.000,0.000
6816,0.000,0.000,0.000,0.000
6817,0.000,0.000,0.000,0.000
6818,0.000,0.000,0.000,0.000
6819,0.000,0.000,0.000,0.000
6820,0.000,0.000,0.000,0.000
6821,0.000,0.000,0.000,0.000
6822,0.000,0.000,0.000,0.000
6823,0.000,0.000,0.000,0.000
6824,0.000,0.000,0.000,0.000
6825,0.000,0.000,0.000,0.000
6826,0.000,0.000,0.000,0.000
6827,0.000,0.000,0.000,0.000
6828,0.000,0.000,0.000,0.000
6829,0.000,0.000,0.000,0.000
6830,0.000,0.000,0.000,0.000
6831,0.000,0.000,0.000,0.000
6832,0.000,0.000,0.000,0.000
6833,0.000,0.000,0.000,0.000
6834,0.000,0.000,0.000,0.000
6835,0.000,0.000,0.000,0.000
6836,0.000,0.000,0.000,0.000
6837,0.000,0.000,0.000,0.000
6838,0.000,0.000,0.000,0.000
6839,0.000,0.000,0.000,0.000
6840,0.000,0.000,0.000,0.000
6841,0.000,0.000,0.000,0.000
6842,0.000,0.000,0.000,0.000
6843,0.000,0.000,0.000,0.000
6844,0.000,0.000,0.000,0.000
6845,0.000,0.000,0.000,0.000
6846,0.000,0.000,0.000,0.000
6847,0.000,0.000,0.000,0.000
6848,0.000,0.000,0.000,0.000
6849,0.000,0.000,0.000,0.000
6850,0.000,0.000,0.000,0.000
6851,0.000,0.000,0.000,0.000
6852,0.000,0.000,0.000,0.000
6853,0.000,0.000,0.000,0.000
6854,0.000,0.000,0.000,0.000
6855,0.000,0.000,0.000,0.000
6856,0.000,0.000,0.000,0.000
6857,0.000,0.000,0.000,0.000
6858,0.000,0.000,0.000,0.000
6859,0.000,0.000,0.000,0.000
6860,0.000,0.000,0.000,0.000
6861,0.000,0.000,0.000,0.000
6862,0.000,0.000,0.000,0.000
6863,0.000,0.000,0.000,0.000
6864,0.000,0.000,0.000,0.000
6865,0.000,0.000,0.000,0.000
6866,0.000,0.000,0.000,0.000
6867,0.000,0.000,0.000,0.000
6868,0.000,0.000,0.000,0.000
6869,0.000,0.000,0.000,0.000
6870,0.000,0.000,0.000,0.000
6871,0.000,0.000,0.000,0.000
6872,0.000,0.000,0.000,0.000
6873,0.000,0.000,0.000,0.000
6874,0.000,0.000,0.000,0.000
6875,0.000,0.000,0.000,0.000
6876,0.000,0.000,0.000,0.000
6877,0.000,0.000,0.000,0.000
6878,0.000,0.000,0.000,0.000
6879,0.000,0.000,0.000,0.000
6880,0.000,0.000,0.000,0.000
6881,0.000,0.000,0.000,0.000
6882,0.000,0.000,0.000,0.000
6883,0.000,0.000,0.000,0.000
6884,0.000,0.000,0.000,0.000
6885,0.000,0.000,0.000,0.000
6886,0.000,0.000,0.000,0.000
6887,0.000,0.000,0.000,0.000
6888,0.000,0.000,0.000,0.000
6889,0.000,0.000,0.000,0.000
6890,0.000,0.000,0.000,0.000
6891,0.000,0.000,0.000,0.000
6892,0.000,0.000,0.000,0.000
6893,0.000,0.000,0.000,0.000
6894,0.000,0.000,0.000,0.000
6895,0.000,0.000,0.000,0.000
6896,0.000,0.000,0.000,0.000
6897,0.000,0.000,0.000,0.000
6898,0.000,0.000,0.000,0.000
6899,0.000,0.000,0.000,0.000
6900,0.000,0.000,0.000,0.000
6901,0.000,0.000,0.000,0.000
6902,0.000,0.000,0.000,0.000
6903,0.000,0.000,0.000,0.000
6904,0.000,0.000,0.000,0.000
6905,0.000,0.000,0.000,0.000
6906,0.000,0.000,0.000,0.000
6907,0.000,0.000,0.000,0.000
6908,0.000,0.000,0.000,0.000
6909,0.000,0.000,0.000,0.000
6910,0.000,0.000,0.000,0.000
6911,0.000,0.000,0.000,0.000
6912,0.000,0.000,0.000,0.000
6913,0.000,0.000,0.000,0.000
6914,0.000,0.000,0.000,0.000
6915,0.000,0.000,0.000,0.000
6916,0.000,0.000,0.000,0.000
6917,0.000,0.000,0.000,0.000
6918,0.000,0.000,0.000,0.000
6919,0.000,0.000,0.000,0.000
6920,0.000,0.000,0.000,0.000
6921,0.000,0.000,0.000,0.000
6922,0.000,0.000,0.000,0.000
6923,0.000,0.000,0.000,0.000
6924,0.000,0.000,0.000,0.000
6925,0.000,0.000,0.000,0.000
6926,0.000,0.000,0.000,0.000
6927,0.000,0.000,0.000,0.000
6928,0.000,0.000,0.000,0.000
6929,0.000,0.000,0.000,0.000
6930,0.000,0.000,0.000,0.000
6931,0.000,0.000,0.000,0.000
6932,0.000,0.000,0.000,0.000
6933,0.000,0.000,0.000,0.000
6934,0.000,0.000,0.000,0.000
6935,0.000,0.000,0.000,0.000
6936,0.000,0.000,0.000,0.000
6937,0.000,0.000,0.000,0.000
6938,0.000,0.000,0.000,0.000
6939,0.000,0.000,0.000,0.000
6940,0.000,0.000,0.000,0.000
6941,0.000,0.000,0.000,0.000
6942,0.000,0.000,0.000,0.000
6943,0.000,0.000,0.000,0.000
6944,0.000,0.000,0.000,0.000
6945,0.000,0.000,0.000,0.000
6946,0.000,0.000,0.000,0.000
6947,0.000,0.000,0.000,0.000
6948,0.000,0.000,0.000,0.000
6949,0.000,0.000,0.000,0.000
6950,0.000,0.000,0.000,0.000
6951,0.000,0.000,0.000,0.000
6952,0.000,0.000,0.000,0.000
6953,0.000,0.000,0.000,0.000
6954,0.000,0.000,0.000,0.000
6955,0.000,0.000,0.000,0.000
6956,0.000,0.000,0.000,0.000
6957,0.000,0.000,0.000,0.000
6958,0.000,0.000,0.000,0.000
6959,0.000,0.000,0.000,0.000
6960,0.000,0.000,0.000,0.000
6961,0.000,0.000,0.000,0.000
6962,0.000,0.000,0.000,0.000
6963,0.000,0.000,0.000,0.000
6964,0.000,0.000,0.000,0.000
6965,0.000,0.000,0.000,0.000
6966,0.000,0.000,0.000,0.000
6967,0.000,0.000,0.000,0.000
6968,0.000,0.000,0.000,0.000
6969,0.000,0.000,0.000,0.000
6970,0.000,0.000,0.000,0.000
6971,0.000,0.000,0.000,0.000
6972,0.000,0.000,0.000,0.000
6973,0.000,0.000,0.000,0.000
6974,0.000,0.000,0.000,0.000
6975,0.000,0.000,0.000,0.000
6976,0.000,0.000,0.000,0.000
6977,0.000,0.000,0.000,0.000
6978,0.000,0.000,0.000,0.000
6979,0.000,0.000,0.000,0.000
6980,0.000,0.000,0.000,0.000
6981,0.000,0.000,0.000,0.000
6982,0.000,0.000,0.000,0.000
6983,0.000,0.000,0.000,0.000
6984,0.000,0.000,0.000,0.000
6985,0.000,0.000,0.000,0.000
6986,0.000,0.000,0.000,0.000
6987,0.000,0.000,0.000,0.000
6988,0.000,0.000,0.000,0.000
6989,0.000,0.000,0.000,0.000
6990,0.000,0.000,0.000,0.000
6991,0.000,0.000,0.000,0.000
6992,0.000,0.000,0.000,0.000
6993,0.000,0.000,0.000,0.000
6994,0.000,0.000,0.000,0.000
6995,0.000,0.000,0.000,0.000
6996,0.000,0.000,0.000,0.000
6997,0.000,0.000,0.000,0.000
6998,0.000,0.000,0.000,0.000
6999,0.000,0.000,0.000,0.000
7000,0.000,0.000,0.000,0.000
7001,0.000,0.000,0.000,0.000
7002,0.000,0.000,0.000,0.000
7003,0.000,0.000,0.000,0.000
7004,0.000,0.000,0.000,0.000
7005,0.000,0.000,0.000,0.000
7006,0.000,0.000,0.000,0.000
7007,0.000,0.000,0.000,0.000
7008,0.000,0.000,0.000,0.000
7009,0.000,0.000,0.000,0.000
7010,0.000,0.000,0.000,0.000
7011,0.000,0.000,0.000,0.000
7012,0.000,0.000,0.000,0.000
7013,0.000,0.000,0.000,0.000
7014,0.000,0.000,0.000,0.000
7015,0.000,0.000,0.000,0.000
7016,0.000,0.000,0.000,0.000
7017,0.000,0.000,0.000,0.000
7018,0.000,0.000,0.000,0.000
7019,0.000,0.000,0.000,0.000
7020,0.000,0.000,0.000,0.000
7021,0.000,0.000,0.000,0.000
7022,0.000,0.000,0.000,0.000
7023,0.000,0.000,0.000,0.000
7024,0.000,0.000,0.000,0.000
7025,0.000,0.000,0.000,0.000
7026,0.000,0.000,0.000,0.000
7027,0.000,0.000,0.000,0.000
7028,0.000,0.000,0.000,0.000
7029,0.000,0.000,0.000,0.000
7030,0.000,0.000,0.000,0.000
7031,0.000,0.000,0.000,0.000
7032,0.000,0.000,0.000,0.000
7033,0.000,0.000,0.000,0.000
7034,0.000,0.000,0.000,0.000
7035,0.000,0.000,0.000,0.000
7036,0.000,0.000,0.000,0.000
7037,0.000,0.000,0.000,0.000
7038,0.000,0.000,0.000,0.000
7039,0.000,0.000,0.000,0.000
7040,0.000,0.000,0.000,0.000
7041,0.000,0.000,0.000,0.000
7042,0.000,0.000,0.000,0.000
7043,0.000,0.000,0.000,0.000
7044,0.000,0.000,0.000,0.000
7045,0.000,0.000,0.000,0.000
7046,0.000,0.000,0.000,0.000
7047,0.000,0.000,0.000,0.000
7048,0.000,0.000,0.000,0.000
7049,0.000,0.000,0.000,0.000
7050,0.000,0.000,0.000,0.000
7051,0.000,0.000,0.000,0.000
7052,0.000,0.000,0.000,0.000
7053,0.000,0.000,0.000,0.000
7054,0.000,0.000,0.000,0.000
7055,0.000,0.000,0.000,0.000
7056,0.000,0.000,0.000,0.000
7057,0.000,0.000,0.000,0.000
7058,0.000,0.000,0.000,0.000
7059,0.000,0.000,0.000,0.000
7060,0.000,0.000,0.000,0.000
7061,0.000,0.000,0.000,0.000
7062,0.000,0.000,0.000,0.000
7063,0.000,0.000,0.000,0.000
7064,0.000,0.000,0.000,0.000
7065,0.000,0.000,0.000,0.000
7066,0.000,0.000,0.000,0.000
7067,0.000,0.000,0.000,0.000
7068,0.000,0.000,0.000,0.000
7069,0.000,0.000,0.000,0.000
7070,0.000,0.000,0.000,0.000
7071,0.000,0.000,0.000,0.000
7072,0.000,0.000,0.000,0.000
7073,0.000,0.000,0.000,0.000
7074,0.000,0.000,0.000,0.000
7075,0.000,0.000,0.000,0.000
7076,0.000,0.000,0.000,0.000
7077,0.000,0.000,0.000,0.000
7078,0.000,0.000,0.000,0.000
7079,0.000,0.000,0.000,0.000
7080,0.000,0.000,0.000,0.000
7081,0.000,0.000,0.000,0.000
7082,0.000,0.000,0.000,0.000
7083,0.000,0.000,0.000,0.000
7084,0.000,0.000,0.000,0.000
7085,0.000,0.000,0.000,0.000
7086,0.000,0.000,0.000,0.000
7087,0.000,0.000,0.000,0.000
7088,0.000,0.000,0.000,0.000
7089,0.000,0.000,0.000,0.000
7090,0.000,0.000,0.000,0.000
7091,0.000,0.000,0.000,0.000
7092,0.000,0.000,0.000,0.000
7093,0.000,0.000,0.000,0.000
7094,0.000,0.000,0.000,0.000
7095,0.000,0.000,0.000,0.000
7096,0.000,0.000,0.000,0.000
7097,0.000,0.000,0.000,0.000
7098,0.000,0.000,0.000,0.000
7099,0.000,0.000,0.000,0.000
7100,0.000,0.000,0.000,0.000
7101,0.000,0.000,0.000,0.000
7102,0.000,0.000,0.000,0.000
7103,0.000,0.000,0.000,0.000
7104,0.000,0.000,0.000,0.000
7105,0.000,0.000,0.000,0.000
7106,0.000,0.000,0.000,0.000
7107,0.000,0.000,0.000,0.000
7108,0.000,0.000,0.000,0.000
7109,0.000,0.000,0.000,0.000
7110,0.000,0.000,0.000,0.000
7111,0.000,0.000,0.000,0.000
7112,0.000,0.000,0.000,0.000
7113,0.000,0.000,0.000,0.000
7114,0.000,0.000,0.000,0.000
7115,0.000,0.000,0.000,0.000
7116,0.000,0.000,0.000,0.000
7117,0.000,0.000,0.000,0.000
7118,0.000,0.000,0.000,0.000
7119,0.000,0.000,0.000,0.000
7120,0.000,0.000,0.000,0.000
7121,0.000,0.000,0.000,0.000
7122,0.000,0.000,0.000,0.000
7123,0.000,0.000,0.000,0.000
7124,0.000,0.000,0.000,0.000
7125,0.000,0.000,0.000,0.000
7126,0.000,0.000,0.000,0.000
7127,0.000,0.000,0.000,0.000
7128,0.000,0.000,0.000,0.000
7129,0.000,0.000,0.000,0.000
7130,0.000,0.000,0.000,0.000
7131,0.000,0.000,0.000,0.000
7132,0.000,0.000,0.000,0.000
7133,0.000,0.000,0.000,0.000
7134,0.000,0.000,0.000,0.000
7135,0.000,0.000,0.000,0.000
7136,0.000,0.000,0.000,0.000
7137,0.000,0.000,0.000,0.000
7138,0.000,0.000,0.000,0.000
7139,0.000,0.000,0.000,0.000
7140,0.000,0.000,0.000,0.000
7141,0.000,0.000,0.000,0.000
7142,0.000,0.000,0.000,0.000
7143,0.000,0.000,0.000,0.000
7144,0.000,0.000,0.000,0.000
7145,0.000,0.000,0.000,0.000
7146,0.000,0.000,0.000,0.000
7147,0.000,0.000,0.000,0.000
7148,0.000,0.000,0.000,0.000
7149,0.000,0.000,0.000,0.000
7150,0.000,0.000,0.000,0.000
7151,0.000,0.000,0.000,0.000
7152,0.000,0.000,0.000,0.000
7153,0.000,0.000,0.000,0.000
7154,0.000,0.000,0.000,0.000
7155,0.000,0.000,0.000,0.000
7156,0.000,0.000,0.000,0.000
7157,0.000,0.000,0.000,0.000
7158,0.000,0.000,0.000,0.000
7159,0.000,0.000,0.000,0.000
7160,0.000,0.000,0.000,0.000
7161,0.000,0.000,0.000,0.000
7162,0.000,0.000,0.000,0.000
7163,0.000,0.000,0.000,0.000
7164,0.000,0.000,0.000,0.000
7165,0.000,0.000,0.000,0.000
7166,0.000,0.000,0.000,0.000
7167,0.000,0.000,0.000,0.000
7168,0.000,0.000,0.000,0.000
7169,0.000,0.000,0.000,0.000
7170,0.000,0.000,0.000,0.000
7171,0.000,0.000,0.000,0.000
7172,0.000,0.000,0.000,0.000
7173,0.000,0.000,0.000,0.000
7174,0.000,0.000,0.000,0.000
7175,0.000,0.000,0.000,0.000
7176,0.000,0.000,0.000,0.000
7177,0.000,0.000,0.000,0.000
7178,0.000,0.000,0.000,0.000
7179,0.000,0.000,0.000,0.000
7180,0.000,0.000,0.000,0.000
7181,0.000,0.000,0.000,0.000
7182,0.000,0.000,0.000,0.000
7183,0.000,0.000,0.000,0.000
7184,0.000,0.000,0.000,0.000
7185,0.000,0.000,0.000,0.000
7186,0.000,0.000,0.000,0.000
7187,0.000,0.000,0.000,0.000
7188,0.000,0.000,0.000,0.000
7189,0.000,0.000,0.000,0.000
7190,0.000,0.000,0.000,0.000
7191,0.000,0.000,0.000,0.000
7192,0.000,0.000,0.000,0.000
7193,0.000,0.000,0.000,0.000
7194,0.000,0.000,0.000,0.000
7195,0.000,0.000,0.000,0.000
7196,0.000,0.000,0.000,0.000
7197,0.000,0.000,0.000,0.000
7198,0.000,0.000,0.000,0.000
7199,0.000,0.000,0.000,0.000
7200,0.000,0.000,0.000,0.000
7201,0.000,0.000,0.000,0.000
7202,0.000,0.000,0.000,0.000
7203,0.000,0.000,0.000,0.000
7204,0.000,0.000,0.000,0.000
7205,0.000,0.000,0.000,0.000
7206,0.000,0.000,0.000,0.000
7207,0.000,0.000,0.000,0.000
7208,0.000,0.000,0.000,0.000
7209,0.000,0.000,0.000,0.000
7210,0.000,0.000,0.000,0.000
7211,0.000,0.000,0.000,0.000
7212,0.000,0.000,0.000,0.000
7213,0.000,0.000,0.000,0.000
7214,0.000,0.000,0.000,0.000
7215,0.000,0.000,0.000,0.000
7216,0.000,0.000,0.000,0.000
7217,0.000,0.000,0.000,0.000
7218,0.000,0.000,0.000,0.000
7219,0.000,0.000,0.000,0.000
7220,0.000,0.000,0.000,0.000
7221,0.000,0.000,0.000,0.000
7222,0.000,0.000,0.000,0.000
7223,0.000,0.000,0.000,0.000
7224,0.000,0.000,0.000,0.000
7225,0.000,0.000,0.000,0.000
7226,0.000,0.000,0.000,0.000
7227,0.000,0.000,0.000,0.000
7228,0.000,0.000,0.000,0.000
7229,0.000,0.000,0.000,0.000
7230,0.000,0.000,0.000,0.000
7231,0.000,0.000,0.000,0.000
7232,0.000,0.000,0.000,0.000
7233,0.000,0.000,0.000,0.000
7234,0.000,0.000,0.000,0.000
7235,0.000,0.000,0.000,0.000
7236,0.000,0.000,0.000,0.000
7237,0.000,0.000,0.000,0.000
7238,0.000,0.000,0.000,0.000
7239,0.000,0.000,0.000,0.000
7240,0.000,0.000,0.000,0.000
7241,0.000,0.000,0.000,0.000
7242,0.000,0.000,0.000,0.000
7243,0.000,0.000,0.000,0.000
7244,0.000,0.000,0.000,0.000
7245,0.000,0.000,0.000,0.000
7246,0.000,0.000,0.000,0.000
7247,0.000,0.000,0.000,0.000
7248,0.000,0.000,0.000,0.000
7249,0.000,0.000,0.000,0.000
7250,0.000,0.000,0.000,0.000
7251,0.000,0.000,0.000,0.000
7252,0.000,0.000,0.000,0.000
7253,0.000,0.000,0.000,0.000
7254,0.000,0.000,0.000,0.000
7255,0.000,0.000,0.000,0.000
7256,0.000,0.000,0.000,0.000
7257,0.000,0.000,0.000,0.000
7258,0.000,0.000,0.000,0.000
7259,0.000,0.000,0.000,0.000
7260,0.000,0.000,0.000,0.000
7261,0.000,0.000,0.000,0.000
7262,0.000,0.000,0.000,0.000
7263,0.000,0.000,0.000,0.000
7264,0.000,0.000,0.000,0.000
7265,0.000,0.000,0.000,0.000
7266,0.000,0.000,0.000,0.000
7267,0.000,0.000,0.000,0.000
7268,0.000,0.000,0.000,0.000
7269,0.000,0.000,0.000,0.000
7270,0.000,0.000,0.000,0.000
7271,0.000,0.000,0.000,0.000
7272,0.000,0.000,0.000,0.000
7273,0.000,0.000,0.000,0.000
7274,0.000,0.000,0.000,0.000
7275,0.000,0.000,0.000,0.000
7276,0.000,0.000,0.000,0.000
7277,0.000,0.000,0.000,0.000
7278,0.000,0.000,0.000,0.000
7279,0.000,0.000,0.000,0.000
7280,0.000,0.000,0.000,0.000
7281,0.000,0.000,0.000,0.000
7282,0.000,0.000,0.000,0.000
7283,0.000,0.000,0.000,0.000
7284,0.000,0.000,0.000,0.000
7285,0.000,0.000,0.000,0.000
7286,0.000,0.000,0.000,0.000
7287,0.000,0.000,0.000,0.000
7288,0.000,0.000,0.000,0.000
7289,0.000,0.000,0.000,0.000
7290,0.000,0.000,0.000,0.000
7291,0.000,0.000,0.000,0.000
7292,0.000,0.000,0.000,0.000
7293,0.000,0.000,0.000,0.000
7294,0.000,0.000,0.000,0.000
7295,0.000,0.000,0.000,0.000
7296,0.000,0.000,0.000,0.000
7297,0.000,0.000,0.000,0.000
7298,0.000,0.000,0.000,0.000
7299,0.000,0.000,0.000,0.000
7300,0.000,0.000,0.000,0.000
7301,0.000,0.000,0.000,0.000
7302,0.000,0.000,0.000,0.000
7303,0.000,0.000,0.000,0.000
7304,0.000,0.000,0.000,0.000
7305,0.000,0.000,0.000,0.000
7306,0.000,0.000,0.000,0.000
7307,0.000,0.000,0.000,0.000
7308,0.000,0.000,0.000,0.000
7309,0.000,0.000,0.000,0.000
7310,0.000,0.000,0.000,0.000
7311,0.000,0.000,0.000,0.000
7312,0.000,0.000,0.000,0.000
7313,0.000,0.000,0.000,0.000
7314,0.000,0.000,0.000,0.000
7315,0.000,0.000,0.000,0.000
7316,0.000,0.000,0.000,0.000
7317,0.000,0.000,0.000,0.000
7318,0.000,0.000,0.000,0.000
7319,0.000,0.000,0.000,0.000
7320,0.000,0.000,0.000,0.000
7321,0.000,0.000,0.000,0.000
7322,0.000,0.000,0.000,0.000
7323,0.000,0.000,0.000,0.000
7324,0.000,0.000,0.000,0.000
7325,0.000,0.000,0.000,0.000
7326,0.000,0.000,0.000,0.000
7327,0.000,0.000,0.000,0.000
7328,0.000,0.000,0.000,0.000
7329,0.000,0.000,0.000,0.000
7330,0.000,0.000,0.000,0.000
7331,0.000,0.000,0.000,0.000
7332,0.000,0.000,0.000,0.000
7333,0.000,0.000,0.000,0.000
7334,0.000,0.000,0.000,0.000
7335,0.000,0.000,0.000,0.000
7336,0.000,0.000,0.000,0.000
7337,0.000,0.000,0.000,0.000
7338,0.000,0.000,0.000,0.000
7339,0.000,0.000,0.000,0.000
7340,0.000,0.000,0.000,0.000
7341,0.000,0.000,0.000,0.000
7342,0.000,0.000,0.000,0.000
7343,0.000,0.000,0.000,0.000
7344,0.000,0.000,0.000,0.000
7345,0.000,0.000,0.000,0.000
7346,0.000,0.000,0.000,0.000
7347,0.000,0.000,0.000,0.000
7348,0.000,0.000,0.000,0.000
7349,0.000,0.000,0.000,0.000
7350,0.000,0.000,0.000,0.000
7351,0.000,0.000,0.000,0.000
7352,0.000,0.000,0.000,0.000
7353,0.000,0.000,0.000,0.000
7354,0.000,0.000,0.000,0.000
7355,0.000,0.000,0.000,0.000
7356,0.000,0.000,0.000,0.000
7357,0.000,0.000,0.000,0.000
7358,0.000,0.000,0.000,0.000
7359,0.000,0.000,0.000,0.000
7360,0.000,0.000,0.000,0.000
7361,0.000,0.000,0.000,0.000
7362,0.000,0.000,0.000,0.000
7363,0.000,0.000,0.000,0.000
7364,0.000,0.000,0.000,0.000
7365,0.000,0.000,0.000,0.000
7366,0.000,0.000,0.000,0.000
7367,0.000,0.000,0.000,0.000
7368,0.000,0.000,0.000,0.000
7369,0.000,0.000,0.000,0.000
7370,0.000,0.000,0.000,0.000
7371,0.000,0.000,0.000,0.000
7372,0.000,0.000,0.000,0.000
7373,0.000,0.000,0.000,0.000
7374,0.000,0.000,0.000,0.000
7375,0.000,0.000,0.000,0.000
7376,0.000,0.000,0.000,0.000
7377,0.000,0.000,0.000,0.000
7378,0.000,0.000,0.000,0.000
7379,0.000,0.000,0.000,0.000
7380,0.000,0.000,0.000,0.000
7381,0.000,0.000,0.000,0.000
7382,0.000,0.000,0.000,0.000
7383,0.000,0.000,0.000,0.000
7384,0.000,0.000,0.000,0.000
7385,0.000,0.000,0.000,0.000
7386,0.000,0.000,0.000,0.000
7387,0.000,0.000,0.000,0.000
7388,0.000,0.000,0.000,0.000
7389,0.000,0.000,0.000,0.000
7390,0.000,0.000,0.000,0.000
7391,0.000,0.000,0.000,0.000
7392,0.000,0.000,0.000,0.000
7393,0.000,0.000,0.000,0.000
7394,0.000,0.000,0.000,0.000
7395,0.000,0.000,0.000,0.000
7396,0.000,0.000,0.000,0.000
7397,0.000,0.000,0.000,0.000
7398,0.000,0.000,0.000,0.000
7399,0.000,0.000,0.000,0.000
7400,0.000,0.000,0.000,0.000
7401,0.000,0.000,0.000,0.000
7402,0.000,0.000,0.000,0.000
7403,0.000,0.000,0.000,0.000
7404,0.000,0.000,0.000,0.000
7405,0.000,0.000,0.000,0.000
7406,0.000,0.000,0.000,0.000
7407,0.000,0.000,0.000,0.000
7408,0.000,0.000,0.000,0.000
7409,0.000,0.000,0.000,0.000
7410,0.000,0.000,0.000,0.000
7411,0.000,0.000,0.000,0.000
7412,0.000,0.000,0.000,0.000
7413,0.000,0.000,0.000,0.000
7414,0.000,0.000,0.000,0.000
7415,0.000,0.000,0.000,0.000
7416,0.000,0.000,0.000,0.000
7417,0.000,0.000,0.000,0.000
7418,0.000,0.000,0.000,0.000
7419,0.000,0.000,0.000,0.000
7420,0.000,0.000,0.000,0.000
7421,0.000,0.000,0.000,0.000
7422,0.000,0.000,0.000,0.000
7423,0.000,0.000,0.000,0.000
7424,0.000,0.000,0.000,0.000
7425,0.000,0.000,0.000,0.000
7426,0.000,0.000,0.000,0.000
7427,0.000,0.000,0.000,0.000
7428,0.000,0.000,0.000,0.000
7429,0.000,0.000,0.000,0.000
7430,0.000,0.000,0.000,0.000
7431,0.000,0.000,0.000,0.000
7432,0.000,0.000,0.000,0.000
7433,0.000,0.000,0.000,0.000
7434,0.000,0.000,0.000,0.000
7435,0.000,0.000,0.000,0.000
7436,0.000,0.000,0.000,0.000
7437,0.000,0.000,0.000,0.000
7438,0.000,0.000,0.000,0.000
7439,0.000,0.000,0.000,0.000
7440,0.000,0.000,0.000,0.000
7441,0.000,0.000,0.000,0.000
7442,0.000,0.000,0.000,0.000
7443,0.000,0.000,0.000,0.000
7444,0.000,0.000,0.000,0.000
7445,0.000,0.000,0.000,0.000
7446,0.000,0.000,0.000,0.000
7447,0.000,0.000,0.000,0.000
7448,0.000,0.000,0.000,0.000
7449,0.000,0.000,0.000,0.000
7450,0.000,0.000,0.000,0.000
7451,0.000,0.000,0.000,0.000
7452,0.000,0.000,0.000,0.000
7453,0.000,0.000,0.000,0.000
7454,0.000,0.000,0.000,0.000
7455,0.000,0.000,0.000,0.000
7456,0.000,0.000,0.000,0.000
7457,0.000,0.000,0.000,0.000
7458,0.000,0.000,0.000,0.000
7459,0.000,0.000,0.000,0.000
7460,0.000,0.000,0.000,0.000
7461,0.000,0.000,0.000,0.000
7462,0.000,0.000,0.000,0.000
7463,0.000,0.000,0.000,0.000
7464,0.000,0.000,0.000,0.000
7465,0.000,0.000,0.000,0.000
7466,0.000,0.000,0.000,0.000
7467,0.000,0.000,0.000,0.000
7468,0.000,0.000,0.000,0.000
7469,0.000,0.000,0.000,0.000
7470,0.000,0.000,0.000,0.000
7471,0.000,0.000,0.000,0.000
7472,0.000,0.000,0.000,0.000
7473,0.000,0.000,0.000,0.000
7474,0.000,0.000,0.000,0.000
7475,0.000,0.000,0.000,0.000
7476,0.000,0.000,0.000,0.000
7477,0.000,0.000,0.000,0.000
7478,0.000,0.000,0.000,0.000
7479,0.000,0.000,0.000,0.000
7480,0.000,0.000,0.000,0.000
7481,0.000,0.000,0.000,0.000
7482,0.000,0.000,0.000,0.000
7483,0.000,0.000,0.000,0.000
7484,0.000,0.000,0.000,0.000
7485,0.000,0.000,0.000,0.000
7486,0.000,0.000,0.000,0.000
7487,0.000,0.000,0.000,0.000
7488,0.000,0.000,0.000,0.000
7489,0.000,0.000,0.000,0.000
7490,0.000,0.000,0.000,0.000
7491,0.000,0.000,0.000,0.000
7492,0.000,0.000,0.000,0.000
7493,0.000,0.000,0.000,0.000
7494,0.000,0.000,0.000,0.000
7495,0.000,0.000,0.000,0.000
7496,0.000,0.000,0.000,0.000
7497,0.000,0.000,0.000,0.000
7498,0.000,0.000,0.000,0.000
7499,0.000,0.000,0.000,0.000
7500,0.000,0.000,0.000,0.000
7501,0.000,0.000,0.000,0.000
7502,0.000,0.000,0.000,0.000
7503,0.000,0.000,0.000,0.000
7504,0.000,0.000,0.000,0.000
7505,0.000,0.000,0.000,0.000
7506,0.000,0.000,0.000,0.000
7507,0.000,0.000,0.000,0.000
7508,0.000,0.000,0.000,0.000
7509,0.000,0.000,0.000,0.000
7510,0.000,0.000,0.000,0.000
7511,0.000,0.000,0.000,0.000
7512,0.000,0.000,0.000,0.000
7513,0.000,0.000,0.000,0.000
7514,0.000,0.000,0.000,0.000
7515,0.000,0.000,0.000,0.000
7516,0.000,0.000,0.000,0.000
7517,0.000,0.000,0.000,0.000
7518,0.000,0.000,0.000,0.000
7519,0.000,0.000,0.000,0.000
7520,0.000,0.000,0.000,0.000
7521,0.000,0.000,0.000,0.000
7522,0.000,0.000,0.000,0.000
7523,0.000,0.000,0.000,0.000
7524,0.000,0.000,0.000,0.000
7525,0.000,0.000,0.000,0.000
7526,0.000,0.000,0.000,0.000
7527,0.000,0.000,0.000,0.000
7528,0.000,0.000,0.000,0.000
7529,0.000,0.000,0.000,0.000
7530,0.000,0.000,0.000,0.000
7531,0.000,0.000,0.000,0.000
7532,0.000,0.000,0.000,0.000
7533,0.000,0.000,0.000,0.000
7534,0.000,0.000,0.000,0.000
7535,0.000,0.000,0.000,0.000
7536,0.000,0.000,0.000,0.000
7537,0.000,0.000,0.000,0.000
7538,0.000,0.000,0.000,0.000
7539,0.000,0.000,0.000,0.000
7540,0.000,0.000,0.000,0.000
7541,0.000,0.000,0.000,0.000
7542,0.000,0.000,0.000,0.000
7543,0.000,0.000,0.000,0.000
7544,0.000,0.000,0.000,0.000
7545,0.000,0.000,0.000,0.000
7546,0.000,0.000,0.000,0.000
7547,0.000,0.000,0.000,0.000
7548,0.000,0.000,0.000,0.000
7549,0.000,0.000,0.000,0.000
7550,0.000,0.000,0.000,0.000
7551,0.000,0.000,0.000,0.000
7552,0.000,0.000,0.000,0.000
7553,0.000,0.000,0.000,0.000
7554,0.000,0.000,0.000,0.000
7555,0.000,0.000,0.000,0.000
7556,0.000,0.000,0.000,0.000
7557,0.000,0.000,0.000,0.000
7558,0.000,0.000,0.000,0.000
7559,0.000,0.000,0.000,0.000
7560,0.000,0.000,0.000,0.000
7561,0.000,0.000,0.000,0.000
7562,0.000,0.000,0.000,0.000
7563,0.000,0.000,0.000,0.000
7564,0.000,0.000,0.000,0.000
7565,0.000,0.000,0.000,0.000
7566,0.000,0.000,0.000,0.000
7567,0.000,0.000,0.000,0.000
7568,0.000,0.000,0.000,0.000
7569,0.000,0.000,0.000,0.000
7570,0.000,0.000,0.000,0.000
7571,0.000,0.000,0.000,0.000
7572,0.000,0.000,0.000,0.000
7573,0.000,0.000,0.000,0.000
7574,0.000,0.000,0.000,0.000
7575,0.000,0.000,0.000,0.000
7576,0.000,0.000,0.000,0.000
7577,0.000,0.000,0.000,0.000
7578,0.000,0.000,0.000,0.000
7579,0.000,0.000,0.000,0.000
7580,0.000,0.000,0.000,0.000
7581,0.000,0.000,0.000,0.000
7582,0.000,0.000,0.000,0.000
7583,0.000,0.000,0.000,0.000
7584,0.000,0.000,0.000,0.000
7585,0.000,0.000,0.000,0.000
7586,0.000,0.000,0.000,0.000
7587,0.000,0.000,0.000,0.000
7588,0.000,0.000,0.000,0.000
7589,0.000,0.000,0.000,0.000
7590,0.000,0.000,0.000,0.000
7591,0.000,0.000,0.000,0.000
7592,0.000,0.000,0.000,0.000
7593,0.000,0.000,0.000,0.000
7594,0.000,0.000,0.000,0.000
7595,0.000,0.000,0.000,0.000
7596,0.000,0.000,0.000,0.000
7597,0.000,0.000,0.000,0.000
7598,0.000,0.000,0.000,0.000
7599,0.000,0.000,0.000,0.000
7600,0.000,0.000,0.000,0.000
7601,0.000,0.000,0.000,0.000
7602,0.000,0.000,0.000,0.000
7603,0.000,0.000,0.000,0.000
7604,0.000,0.000,0.000,0.000
7605,0.000,0.000,0.000,0.000
7606,0.000,0.000,0.000,0.000
7607,0.000,0.000,0.000,0.000
7608,0.000,0.000,0.000,0.000
7609,0.000,0.000,0.000,0.000
7610,0.000,0.000,0.000,0.000
7611,0.000,0.000,0.000,0.000
7612,0.000,0.000,0.000,0.000
7613,0.000,0.000,0.000,0.000
7614,0.000,0.000,0.000,0.000
7615,0.000,0.000,0.000,0.000
7616,0.000,0.000,0.000,0.000
7617,0.000,0.000,0.000,0.000
7618,0.000,0.000,0.000,0.000
7619,0.000,0.000,0.000,0.000
7620,0.000,0.000,0.000,0.000
7621,0.000,0.000,0.000,0.000
7622,0.000,0.000,0.000,0.000
7623,0.000,0.000,0.000,0.000
7624,0.000,0.000,0.000,0.000
7625,0.000,0.000,0.000,0.000
7626,0.000,0.000,0.000,0.000
7627,0.000,0.000,0.000,0.000
7628,0.000,0.000,0.000,0.000
7629,0.000,0.000,0.000,0.000
7630,0.000,0.000,0.000,0.000
7631,0.000,0.000,0.000,0.000
7632,0.000,0.000,0.000,0.000
7633,0.000,0.000,0.000,0.000
7634,0.000,0.000,0.000,0.000
7635,0.000,0.000,0.000,0.000
7636,0.000,0.000,0.000,0.000
7637,0.000,0.000,0.000,0.000
7638,0.000,0.000,0.000,0.000
7639,0.000,0.000,0.000,0.000
7640,0.000,0.000,0.000,0.000
7641,0.000,0.000,0.000,0.000
7642,0.000,0.000,0.000,0.000
7643,0.000,0.000,0.000,0.000
7644,0.000,0.000,0.000,0.000
7645,0.000,0.000,0.000,0.000
7646,0.000,0.000,0.000,0.000
7647,0.000,0.000,0.000,0.000
7648,0.000,0.000,0.000,0.000
7649,0.000,0.000,0.000,0.000
7650,0.000,0.000,0.000,0.000
7651,0.000,0.000,0.000,0.000
7652,0.000,0.000,0.000,0.000
7653,0.000,0.000,0.000,0.000
7654,0.000,0.000,0.000,0.000
7655,0.000,0.000,0.000,0.000
7656,0.000,0.000,0.000,0.000
7657,0.000,0.000,0.000,0.000
7658,0.000,0.000,0.000,0.000
7659,0.000,0.000,0.000,0.000
7660,0.000,0.000,0.000,0.000
7661,0.000,0.000,0.000,0.000
7662,0.000,0.000,0.000,0.000
7663,0.000,0.000,0.000,0.000
7664,0.000,0.000,0.000,0.000
7665,0.000,0.000,0.000,0.000
7666,0.000,0.000,0.000,0.000
7667,0.000,0.000,0.000,0.000
7668,0.000,0.000,0.000,0.000
7669,0.000,0.000,0.000,0.000
7670,0.000,0.000,0.000,0.000
7671,0.000,0.000,0.000,0.000
7672,0.000,0.000,0.000,0.000
7673,0.000,0.000,0.000,0.000
7674,0.000,0.000,0.000,0.000
7675,0.000,0.000,0.000,0.000
7676,0.000,0.000,0.000,0.000
7677,0.000,0.000,0.000,0.000
7678,0.000,0.000,0.000,0.000
7679,0.000,0.000,0.000,0.000
7680,0.000,0.000,0.000,0.000
7681,0.000,0.000,0.000,0.000
7682,0.000,0.000,0.000,0.000
7683,0.000,0.000,0.000,0.000
7684,0.000,0.000,0.000,0.000
7685,0.000,0.000,0.000,0.000
7686,0.000,0.000,0.000,0.000
7687,0.000,0.000,0.000,0.000
7688,0.000,0.000,0.000,0.000
7689,0.000,0.000,0.000,0.000
7690,0.000,0.000,0.000,0.000
7691,0.000,0.000,0.000,0.000
7692,0.000,0.000,0.000,0.000
7693,0.000,0.000,0.000,0.000
7694,0.000,0.000,0.000,0.000
7695,0.000,0.000,0.000,0.000
7696,0.000,0.000,0.000,0.000
7697,0.000,0.000,0.000,0.000
7698,0.000,0.000,0.000,0.000
7699,0.000,0.000,0.000,0.000
7700,0.000,0.000,0.000,0.000
7701,0.000,0.000,0.000,0.000
7702,0.000,0.000,0.000,0.000
7703,0.000,0.000,0.000,0.000
7704,0.000,0.000,0.000,0.000
7705,0.000,0.000,0.000,0.000
7706,0.000,0.000,0.000,0.000
7707,0.000,0.000,0.000,0.000
7708,0.000,0.000,0.000,0.000
7709,0.000,0.000,0.000,0.000
7710,0.000,0.000,0.000,0.000
7711,0.000,0.000,0.000,0.000
7712,0.000,0.000,0.000,0.000
7713,0.000,0.000,0.000,0.000
7714,0.000,0.000,0.000,0.000
7715,0.000,0.000,0.000,0.000
7716,0.000,0.000,0.000,0.000
7717,0.000,0.000,0.000,0.000
7718,0.000,0.000,0.000,0.000
7719,0.000,0.000,0.000,0.000
7720,0.000,0.000,0.000,0.000
7721,0.000,0.000,0.000,0.000
7722,0.000,0.000,0.000,0.000
7723,0.000,0.000,0.000,0.000
7724,0.000,0.000,0.000,0.000
7725,0.000,0.000,0.000,0.000
7726,0.000,0.000,0.000,0.000
7727,0.000,0.000,0.000,0.000
7728,0.000,0.000,0.000,0.000
7729,0.000,0.000,0.000,0.000
7730,0.000,0.000,0.000,0.000
7731,0.000,0.000,0.000,0.000
7732,0.000,0.000,0.000,0.000
7733,0.000,0.000,0.000,0.000
7734,0.000,0.000,0.000,0.000
7735,0.000,0.000,0.000,0.000
7736,0.000,0.000,0.000,0.000
7737,0.000,0.000,0.000,0.000
7738,0.000,0.000,0.000,0.000
7739,0.000,0.000,0.000,0.000
7740,0.000,0.000,0.000,0.000
7741,0.000,0.000,0.000,0.000
7742,0.000,0.000,0.000,0.000
7743,0.000,0.000,0.000,0.000
7744,0.000,0.000,0.000,0.000
7745,0.000,0.000,0.000,0.000
7746,0.000,0.000,0.000,0.000
7747,0.000,0.000,0.000,0.000
7748,0.000,0.000,0.000,0.000
7749,0.000,0.000,0.000,0.000
7750,0.000,0.000,0.000,0.000
7751,0.000,0.000,0.000,0.000
7752,0.000,0.000,0.000,0.000
7753,0.000,0.000,0.000,0.000
7754,0.000,0.000,0.000,0.000
7755,0.000,0.000,0.000,0.000
7756,0.000,0.000,0.000,0.000
7757,0.000,0.000,0.000,0.000
7758,0.000,0.000,0.000,0.000
7759,0.000,0.000,0.000,0.000
7760,0.000,0.000,0.000,0.000
7761,0.000,0.000,0.000,0.000
7762,0.000,0.000,0.000,0.000
7763,0.000,0.000,0.000,0.000
7764,0.000,0.000,0.000,0.000
7765,0.000,0.000,0.000,0.000
7766,0.000,0.000,0.000,0.000
7767,0.000,0.000,0.000,0.000
7768,0.000,0.000,0.000,0.000
7769,0.000,0.000,0.000,0.000
7770,0.000,0.000,0.000,0.000
7771,0.000,0.000,0.000,0.000
7772,0.000,0.000,0.000,0.000
7773,0.000,0.000,0.000,0.000
7774,0.000,0.000,0.000,0.000
7775,0.000,0.000,0.000,0.000
7776,0.000,0.000,0.000,0.000
7777,0.000,0.000,0.000,0.000
7778,0.000,0.000,0.000,0.000
7779,0.000,0.000,0.000,0.000
7780,0.000,0.000,0.000,0.000
7781,0.000,0.000,0.000,0.000
7782,0.000,0.000,0.000,0.000
7783,0.000,0.000,0.000,0.000
7784,0.000,0.000,0.000,0.000
7785,0.000,0.000,0.000,0.000
7786,0.000,0.000,0.000,0.000
7787,0.000,0.000,0.000,0.000
7788,0.000,0.000,0.000,0.000
7789,0.000,0.000,0.000,0.000
7790,0.000,0.000,0.000,0.000
7791,0.000,0.000,0.000,0.000
7792,0.000,0.000,0.000,0.000
7793,0.000,0.000,0.000,0.000
7794,0.000,0.000,0.000,0.000
7795,0.000,0.000,0.000,0.000
7796,0.000,0.000,0.000,0.000
7797,0.000,0.000,0.000,0.000
7798,0.000,0.000,0.000,0.000
7799,0.000,0.000,0.000,0.000
7800,0.000,0.000,0.000,0.000
7801,0.000,0.000,0.000,0.000
7802,0.000,0.000,0.000,0.000
7803,0.000,0.000,0.000,0.000
7804,0.000,0.000,0.000,0.000
7805,0.000,0.000,0.000,0.000
7806,0.000,0.000,0.000,0.000
7807,0.000,0.000,0.000,0.000
7808,0.000,0.000,0.000,0.000
7809,0.000,0.000,0.000,0.000
7810,0.000,0.000,0.000,0.000
7811,0.000,0.000,0.000,0.000
7812,0.000,0.000,0.000,0.000
7813,0.000,0.000,0.000,0.000
7814,0.000,0.000,0.000,0.000
7815,0.000,0.000,0.000,0.000
7816,0.000,0.000,0.000,0.000
7817,0.000,0.000,0.000,0.000
7818,0.000,0.000,0.000,0.000
7819,0.000,0.000,0.000,0.000
7820,0.000,0.000,0.000,0.000
7821,0.000,0.000,0.000,0.000
7822,0.000,0.000,0.000,0.000
7823,0.000,0.000,0.000,0.000
7824,0.000,0.000,0.000,0.000
7825,0.000,0.000,0.000,0.000
7826,0.000,0.000,0.000,0.000
7827,0.000,0.000,0.000,0.000
7828,0.000,0.000,0.000,0.000
7829,0.000,0.000,0.000,0.000
7830,0.000,0.000,0.000,0.000
7831,0.000,0.000,0.000,0.000
7832,0.000,0.000,0.000,0.000
7833,0.000,0.000,0.000,0.000
7834,0.000,0.000,0.000,0.000
7835,0.000,0.000,0.000,0.000
7836,0.000,0.000,0.000,0.000
7837,0.000,0.000,0.000,0.000
7838,0.000,0.000,0.000,0.000
7839,0.000,0.000,0.000,0.000
7840,0.000,0.000,0.000,0.000
7841,0.000,0.000,0.000,0.000
7842,0.000,0.000,0.000,0.000
7843,0.000,0.000,0.000,0.000
7844,0.000,0.000,0.000,0.000
7845,0.000,0.000,0.000,0.000
7846,0.000,0.000,0.000,0.000
7847,0.000,0.000,0.000,0.000
7848,0.000,0.000,0.000,0.000
7849,0.000,0.000,0.000,0.000
7850,0.000,0.000,0.000,0.000
7851,0.000,0.000,0.000,0.000
7852,0.000,0.000,0.000,0.000
7853,0.000,0.000,0.000,0.000
7854,0.000,0.000,0.000,0.000
7855,0.000,0.000,0.000,0.000
7856,0.000,0.000,0.000,0.000
7857,0.000,0.000,0.000,0.000
7858,0.000,0.000,0.000,0.000
7859,0.000,0.000,0.000,0.000
7860,0.000,0.000,0.000,0.000
7861,0.000,0.000,0.000,0.000
7862,0.000,0.000,0.000,0.000
7863,0.000,0.000,0.000,0.000
7864,0.000,0.000,0.000,0.000
7865,0.000,0.000,0.000,0.000
7866,0.000,0.000,0.000,0.000
7867,0.000,0.000,0.000,0.000
7868,0.000,0.000,0.000,0.000
7869,0.000,0.000,0.000,0.000
7870,0.000,0.000,0.000,0.000
7871,0.000,0.000,0.000,0.000
7872,0.000,0.000,0.000,0.000
7873,0.000,0.000,0.000,0.000
7874,0.000,0.000,0.000,0.000
7875,0.000,0.000,0.000,0.000
7876,0.000,0.000,0.000,0.000
7877,0.000,0.000,0.000,0.000
7878,0.000,0.000,0.000,0.000
7879,0.000,0.000,0.000,0.000
7880,0.000,0.000,0.000,0.000
7881,0.000,0.000,0.000,0.000
7882,0.000,0.000,0.000,0.000
7883,0.000,0.000,0.000,0.000
7884,0.000,0.000,0.000,0.000
7885,0.000,0.000,0.000,0.000
7886,0.000,0.000,0.000,0.000
7887,0.000,0.000,0.000,0.000
7888,0.000,0.000,0.000,0.000
7889,0.000,0.000,0.000,0.000
7890,0.000,0.000,0.000,0.000
7891,0.000,0.000,0.000,0.000
7892,0.000,0.000,0.000,0.000
7893,0.000,0.000,0.000,0.000
7894,0.000,0.000,0.000,0.000
7895,0.000,0.000,0.000,0.000
7896,0.000,0.000,0.000,0.000
7897,0.000,0.000,0.000,0.000
7898,0.000,0.000,0.000,0.000
7899,0.000,0.000,0.000,0.000
7900,0.000,0.000,0.000,0.000
7901,0.000,0.000,0.000,0.000
7902,0.000,0.000,0.000,0.000
7903,0.000,0.000,0.000,0.000
7904,0.000,0.000,0.000,0.000
7905,0.000,0.000,0.000,0.000
7906,0.000,0.000,0.000,0.000
7907,0.000,0.000,0.000,0.000
7908,0.000,0.000,0.000,0.000
7909,0.000,0.000,0.000,0.000
7910,0.000,0.000,0.000,0.000
7911,0.000,0.000,0.000,0.000
7912,0.000,0.000,0.000,0.000
7913,0.000,0.000,0.000,0.000
7914,0.000,0.000,0.000,0.000
7915,0.000,0.000,0.000,0.000
7916,0.000,0.000,0.000,0.000
7917,0.000,0.000,0.000,0.000
7918,0.000,0.000,0.000,0.000
7919,0.000,0.000,0.000,0.000
7920,0.000,0.000,0.000,0.000
7921,0.000,0.000,0.000,0.000
7922,0.000,0.000,0.000,0.000
7923,0.000,0.000,0.000,0.000
7924,0.000,0.000,0.000,0.000
7925,0.000,0.000,0.000,0.000
7926,0.000,0.000,0.000,0.000
7927,0.000,0.000,0.000,0.000
7928,0.000,0.000,0.000,0.000
7929,0.000,0.000,0.000,0.000
7930,0.000,0.000,0.000,0.000
7931,0.000,0.000,0.000,0.000
7932,0.000,0.000,0.000,0.000
7933,0.000,0.000,0.000,0.000
7934,0.000,0.000,0.000,0.000
7935,0.000,0.000,0.000,0.000
7936,0.000,0.000,0.000,0.000
7937,0.000,0.000,0.000,0.000
7938,0.000,0.000,0.000,0.000
7939,0.000,0.000,0.000,0.000
7940,0.000,0.000,0.000,0.000
7941,0.000,0.000,0.000,0.000
7942,0.000,0.000,0.000,0.000
7943,0.000,0.000,0.000,0.000
7944,0.000,0.000,0.000,0.000
7945,0.000,0.000,0.000,0.000
7946,0.000,0.000,0.000,0.000
7947,0.000,0.000,0.000,0.000
7948,0.000,0.000,0.000,0.000
7949,0.000,0.000,0.000,0.000
7950,0.000,0.000,0.000,0.000
7951,0.000,0.000,0.000,0.000
7952,0.000,0.000,0.000,0.000
7953,0.000,0.000,0.000,0.000
7954,0.000,0.000,0.000,0.000
7955,0.000,0.000,0.000,0.000
7956,0.000,0.000,0.000,0.000
7957,0.000,0.000,0.000,0.000
7958,0.000,0.000,0.000,0.000
7959,0.000,0.000,0.000,0.000
7960,0.000,0.000,0.000,0.000
7961,0.000,0.000,0.000,0.000
7962,0.000,0.000,0.000,0.000
7963,0.000,0.000,0.000,0.000
7964,0.000,0.000,0.000,0.000
7965,0.000,0.000,0.000,0.000
7966,0.000,0.000,0.000,0.000
7967,0.000,0.000,0.000,0.000
7968,0.000,0.000,0.000,0.000
7969,0.000,0.000,0.000,0.000
7970,0.000,0.000,0.000,0.000
7971,0.000,0.000,0.000,0.000
7972,0.000,0.000,0.000,0.000
7973,0.000,0.000,0.000,0.000
7974,0.000,0.000,0.000,0.000
7975,0.000,0.000,0.000,0.000
7976,0.000,0.000,0.000,0.000
7977,0.000,0.000,0.000,0.000
7978,0.000,0.000,0.000,0.000
7979,0.000,0.000,0.000,0.000
7980,0.000,0.000,0.000,0.000
7981,0.000,0.000,0.000,0.000
7982,0.000,0.000,0.000,0.000
7983,0.000,0.000,0.000,0.000
7984,0.000,0.000,0.000,0.000
7985,0.000,0.000,0.000,0.000
7986,0.000,0.000,0.000,0.000
7987,0.000,0.000,0.000,0.000
7988,0.000,0.000,0.000,0.000
7989,0.000,0.000,0.000,0.000
7990,0.000,0.000,0.000,0.000
7991,0.000,0.000,0.000,0.000
7992,0.000,0.000,0.000,0.000
7993,0.000,0.000,0.000,0.000
7994,0.000,0.000,0.000,0.000
7995,0.000,0.000,0.000,0.000
7996,0.000,0.000,0.000,0.000
7997,0.000,0.000,0.000,0.000
7998,0.000,0.000,0.000,0.000
7999,0.000,0.000,0.000,0.000
8000,0.000,0.000,0.000,0.000
8001,0.000,0.000,0.000,0.000
8002,0.000,0.000,0.000,0.000
8003,0.000,0.000,0.000,0.000
8004,0.000,0.000,0.000,0.000
8005,0.000,0.000,0.000,0.000
8006,0.000,0.000,0.000,0.000
8007,0.000,0.000,0.000,0.000
8008,0.000,0.000,0.000,0.000
8009,0.000,0.000,0.000,0.000
8010,0.000,0.000,0.000,0.000
8011,0.000,0.000,0.000,0.000
8012,0.000,0.000,0.000,0.000
8013,0.000,0.000,0.000,0.000
8014,0.000,0.000,0.000,0.000
8015,0.000,0.000,0.000,0.000
8016,0.000,0.000,0.000,0.000
8017,0.000,0.000,0.000,0.000
8018,0.000,0.000,0.000,0.000
8019,0.000,0.000,0.000,0.000
8020,0.000,0.000,0.000,0.000
8021,0.000,0.000,0.000,0.000
8022,0.000,0.000,0.000,0.000
8023,0.000,0.000,0.000,0.000
8024,0.000,0.000,0.000,0.000
8025,0.000,0.000,0.000,0.000
8026,0.000,0.000,0.000,0.000
8027,0.000,0.000,0.000,0.000
8028,0.000,0.000,0.000,0.000
8029,0.000,0.000,0.000,0.000
8030,0.000,0.000,0.000,0.000
8031,0.000,0.000,0.000,0.000
8032,0.000,0.000,0.000,0.000
8033,0.000,0.000,0.000,0.000
8034,0.000,0.000,0.000,0.000
8035,0.000,0.000,0.000,0.000
8036,0.000,0.000,0.000,0.000
8037,0.000,0.000,0.000,0.000
8038,0.000,0.000,0.000,0.000
8039,0.000,0.000,0.000,0.000
8040,0.000,0.000,0.000,0.000
8041,0.000,0.000,0.000,0.000
8042,0.000,0.000,0.000,0.000
8043,0.000,0.000,0.000,0.000
8044,0.000,0.000,0.000,0.000
8045,0.000,0.000,0.000,0.000
8046,0.000,0.000,0.000,0.000
8047,0.000,0.000,0.000,0.000
8048,0.000,0.000,0.000,0.000
8049,0.000,0.000,0.000,0.000
8050,0.000,0.000,0.000,0.000
8051,0.000,0.000,0.000,0.000
8052,0.000,0.000,0.000,0.000
8053,0.000,0.000,0.000,0.000
8054,0.000,0.000,0.000,0.000
8055,0.000,0.000,0.000,0.000
8056,0.000,0.000,0.000,0.000
8057,0.000,0.000,0.000,0.000
8058,0.000,0.000,0.000,0.000
8059,0.000,0.000,0.000,0.000
8060,0.000,0.000,0.000,0.000
8061,0.000,0.000,0.000,0.000
8062,0.000,0.000,0.000,0.000
8063,0.000,0.000,0.000,0.000
8064,0.000,0.000,0.000,0.000
8065,0.000,0.000,0.000,0.000
8066,0.000,0.000,0.000,0.000
8067,0.000,0.000,0.000,0.000
8068,0.000,0.000,0.000,0.000
8069,0.000,0.000,0.000,0.000
8070,0.000,0.000,0.000,0.000
8071,0.000,0.000,0.000,0.000
8072,0.000,0.000,0.000,0.000
8073,0.000,0.000,0.000,0.000
8074,0.000,0.000,0.000,0.000
8075,0.000,0.000,0.000,0.000
8076,0.000,0.000,0.000,0.000
8077,0.000,0.000,0.000,0.000
8078,0.000,0.000,0.000,0.000
8079,0.000,0.000,0.000,0.000
8080,0.000,0.000,0.000,0.000
8081,0.000,0.000,0.000,0.000
8082,0.000,0.000,0.000,0.000
8083,0.000,0.000,0.000,0.000
8084,0.000,0.000,0.000,0.000
8085,0.000,0.000,0.000,0.000
8086,0.000,0.000,0.000,0.000
8087,0.000,0.000,0.000,0.000
8088,0.000,0.000,0.000,0.000
8089,0.000,0.000,0.000,0.000
8090,0.000,0.000,0.000,0.000
8091,0.000,0.000,0.000,0.000
8092,0.000,0.000,0.000,0.000
8093,0.000,0.000,0.000,0.000
8094,0.000,0.000,0.000,0.000
8095,0.000,0.000,0.000,0.000
8096,0.000,0.000,0.000,0.000
8097,0.000,0.000,0.000,0.000
8098,0.000,0.000,0.000,0.000
8099,0.000,0.000,0.000,0.000
8100,0.000,0.000,0.000,0.000
8101,0.000,0.000,0.000,0.000
8102,0.000,0.000,0.000,0.000
8103,0.000,0.000,0.000,0.000
8104,0.000,0.000,0.000,0.000
8105,0.000,0.000,0.000,0.000
8106,0.000,0.000,0.000,0.000
8107,0.000,0.000,0.000,0.000
8108,0.000,0.000,0.000,0.000
8109,0.000,0.000,0.000,0.000
8110,0.000,0.000,0.000,0.000
8111,0.000,0.000,0.000,0.000
8112,0.000,0.000,0.000,0.000
8113,0.000,0.000,0.000,0.000
8114,0.000,0.000,0.000,0.000
8115,0.000,0.000,0.000,0.000
8116,0.000,0.000,0.000,0.000
8117,0.000,0.000,0.000,0.000
8118,0.000,0.000,0.000,0.000
8119,0.000,0.000,0.000,0.000
8120,0.000,0.000,0.000,0.000
8121,0.000,0.000,0.000,0.000
8122,0.000,0.000,0.000,0.000
8123,0.000,0.000,0.000,0.000
8124,0.000,0.000,0.000,0.000
8125,0.000,0.000,0.000,0.000
8126,0.000,0.000,0.000,0.000
8127,0.000,0.000,0.000,0.000
8128,0.000,0.000,0.000,0.000
8129,0.000,0.000,0.000,0.000
8130,0.000,0.000,0.000,0.000
8131,0.000,0.000,0.000,0.000
8132,0.000,0.000,0.000,0.000
8133,0.000,0.000,0.000,0.000
8134,0.000,0.000,0.000,0.000
8135,0.000,0.000,0.000,0.000
8136,0.000,0.000,0.000,0.000
8137,0.000,0.000,0.000,0.000
8138,0.000,0.000,0.000,0.000
8139,0.000,0.000,0.000,0.000
8140,0.000,0.000,0.000,0.000
8141,0.000,0.000,0.000,0.000
8142,0.000,0.000,0.000,0.000
8143,0.000,0.000,0.000,0.000
8144,0.000,0.000,0.000,0.000
8145,0.000,0.000,0.000,0.000
8146,0.000,0.000,0.000,0.000
8147,0.000,0.000,0.000,0.000
8148,0.000,0.000,0.000,0.000
8149,0.000,0.000,0.000,0.000
8150,0.000,0.000,0.000,0.000
8151,0.000,0.000,0.000,0.000
8152,0.000,0.000,0.000,0.000
8153,0.000,0.000,0.000,0.000
8154,0.000,0.000,0.000,0.000
8155,0.000,0.000,0.000,0.000
8156,0.000,0.000,0.000,0.000
8157,0.000,0.000,0.000,0.000
8158,0.000,0.000,0.000,0.000
8159,0.000,0.000,0.000,0.000
8160,0.000,0.000,0.000,0.000
8161,0.000,0.000,0.000,0.000
8162,0.000,0.000,0.000,0.000
8163,0.000,0.000,0.000,0.000
8164,0.000,0.000,0.000,0.000
8165,0.000,0.000,0.000,0.000
8166,0.000,0.000,0.000,0.000
8167,0.000,0.000,0.000,0.000
8168,0.000,0.000,0.000,0.000
8169,0.000,0.000,0.000,0.000
8170,0.000,0.000,0.000,0.000
8171,0.000,0.000,0.000,0.000
8172,0.000,0.000,0.000,0.000
8173,0.000,0.000,0.000,0.000
8174,0.000,0.000,0.000,0.000
8175,0.000,0.000,0.000,0.000
8176,0.000,0.000,0.000,0.000
8177,0.000,0.000,0.000,0.000
8178,0.000,0.000,0.000,0.000
8179,0.000,0.000,0.000,0.000
8180,0.000,0.000,0.000,0.000
8181,0.000,0.000,0.000,0.000
8182,0.000,0.000,0.000,0.000
8183,0.000,0.000,0.000,0.000
8184,0.000,0.000,0.000,0.000
8185,0.000,0.000,0.000,0.000
8186,0.000,0.000,0.000,0.000
8187,0.000,0.000,0.000,0.000
8188,0.000,0.000,0.000,0.000
8189,0.000,0.000,0.000,0.000
8190,0.000,0.000,0.000,0.000
8191,0.000,0.000,0.000,0.000
8192,0.000,0.000,0.000,0.000
8193,0.000,0.000,0.000,0.000
8194,0.000,0.000,0.000,0.000
8195,0.000,0.000,0.000,0.000
8196,0.000,0.000,0.000,0.000
8197,0.000,0.000,0.000,0.000
8198,0.000,0.000,0.000,0.000
8199,0.000,0.000,0.000,0.000
8200,0.000,0.000,0.000,0.000
8201,0.000,0.000,0.000,0.000
8202,0.000,0.000,0.000,0.000
8203,0.000,0.000,0.000,0.000
8204,0.000,0.000,0.000,0.000
8205,0.000,0.000,0.000,0.000
8206,0.000,0.000,0.000,0.000
8207,0.000,0.000,0.000,0.000
8208,0.000,0.000,0.000,0.000
8209,0.000,0.000,0.000,0.000
8210,0.000,0.000,0.000,0.000
8211,0.000,0.000,0.000,0.000
8212,0.000,0.000,0.000,0.000
8213,0.000,0.000,0.000,0.000
8214,0.000,0.000,0.000,0.000
8215,0.000,0.000,0.000,0.000
8216,0.000,0.000,0.000,0.000
8217,0.000,0.000,0.000,0.000
8218,0.000,0.000,0.000,0.000
8219,0.000,0.000,0.000,0.000
8220,0.000,0.000,0.000,0.000
8221,0.000,0.000,0.000,0.000
8222,0.000,0.000,0.000,0.000
8223,0.000,0.000,0.000,0.000
8224,0.000,0.000,0.000,0.000
8225,0.000,0.000,0.000,0.000
8226,0.000,0.000,0.000,0.000
8227,0.000,0.000,0.000,0.000
8228,0.000,0.000,0.000,0.000
8229,0.000,0.000,0.000,0.000
8230,0.000,0.000,0.000,0.000
8231,0.000,0.000,0.000,0.000
8232,0.000,0.000,0.000,0.000
8233,0.000,0.000,0.000,0.000
8234,0.000,0.000,0.000,0.000
8235,0.000,0.000,0.000,0.000
8236,0.000,0.000,0.000,0.000
8237,0.000,0.000,0.000,0.000
8238,0.000,0.000,0.000,0.000
8239,0.000,0.000,0.000,0.000
8240,0.000,0.000,0.000,0.000
8241,0.000,0.000,0.000,0.000
8242,0.000,0.000,0.000,0.000
8243,0.000,0.000,0.000,0.000
8244,0.000,0.000,0.000,0.000
8245,0.000,0.000,0.000,0.000
8246,0.000,0.000,0.000,0.000
8247,0.000,0.000,0.000,0.000
8248,0.000,0.000,0.000,0.000
8249,0.000,0.000,0.000,0.000
8250,0.000,0.000,0.000,0.000
8251,0.000,0.000,0.000,0.000
8252,0.000,0.000,0.000,0.000
8253,0.000,0.000,0.000,0.000
8254,0.000,0.000,0.000,0.000
8255,0.000,0.000,0.000,0.000
8256,0.000,0.000,0.000,0.000
8257,0.000,0.000,0.000,0.000
8258,0.000,0.000,0.000,0.000
8259,0.000,0.000,0.000,0.000
8260,0.000,0.000,0.000,0.000
8261,0.000,0.000,0.000,0.000
8262,0.000,0.000,0.000,0.000
8263,0.000,0.000,0.000,0.000
8264,0.000,0.000,0.000,0.000
8265,0.000,0.000,0.000,0.000
8266,0.000,0.000,0.000,0.000
8267,0.000,0.000,0.000,0.000
8268,0.000,0.000,0.000,0.000
8269,0.000,0.000,0.000,0.000
8270,0.000,0.000,0.000,0.000
8271,0.000,0.000,0.000,0.000
8272,0.000,0.000,0.000,0.000
8273,0.000,0.000,0.000,0.000
8274,0.000,0.000,0.000,0.000
8275,0.000,0.000,0.000,0.000
8276,0.000,0.000,0.000,0.000
8277,0.000,0.000,0.000,0.000
8278,0.000,0.000,0.000,0.000
8279,0.000,0.000,0.000,0.000
8280,0.000,0.000,0.000,0.000
8281,0.000,0.000,0.000,0.000
8282,0.000,0.000,0.000,0.000
8283,0.000,0.000,0.000,0.000
8284,0.000,0.000,0.000,0.000
8285,0.000,0.000,0.000,0.000
8286,0.000,0.000,0.000,0.000
8287,0.000,0.000,0.000,0.000
8288,0.000,0.000,0.000,0.000
8289,0.000,0.000,0.000,0.000
8290,0.000,0.000,0.000,0.000
8291,0.000,0.000,0.000,0.000
8292,0.000,0.000,0.000,0.000
8293,0.000,0.000,0.000,0.000
8294,0.000,0.000,0.000,0.000
8295,0.000,0.000,0.000,0.000
8296,0.000,0.000,0.000,0.000
8297,0.000,0.000,0.000,0.000
8298,0.000,0.000,0.000,0.000
8299,0.000,0.000,0.000,0.000
8300,0.000,0.000,0.000,0.000
8301,0.000,0.000,0.000,0.000
8302,0.000,0.000,0.000,0.000
8303,0.000,0.000,0.000,0.000
8304,0.000,0.000,0.000,0.000
8305,0.000,0.000,0.000,0.000
8306,0.000,0.000,0.000,0.000
8307,0.000,0.000,0.000,0.000
8308,0.000,0.000,0.000,0.000
8309,0.000,0.000,0.000,0.000
8310,0.000,0.000,0.000,0.000
8311,0.000,0.000,0.000,0.000
8312,0.000,0.000,0.000,0.000
8313,0.000,0.000,0.000,0.000
8314,0.000,0.000,0.000,0.000
8315,0.000,0.000,0.000,0.000
8316,0.000,0.000,0.000,0.000
8317,0.000,0.000,0.000,0.000
8318,0.000,0.000,0.000,0.000
8319,0.000,0.000,0.000,0.000
8320,0.000,0.000,0.000,0.000
8321,0.000,0.000,0.000,0.000
8322,0.000,0.000,0.000,0.000
8323,0.000,0.000,0.000,0.000
8324,0.000,0.000,0.000,0.000
8325,0.000,0.000,0.000,0.000
8326,0.000,0.000,0.000,0.000
8327,0.000,0.000,0.000,0.000
8328,0.000,0.000,0.000,0.000
8329,0.000,0.000,0.000,0.000
8330,0.000,0.000,0.000,0.000
8331,0.000,0.000,0.000,0.000
8332,0.000,0.000,0.000,0.000
8333,0.000,0.000,0.000,0.000
8334,0.000,0.000,0.000,0.000
8335,0.000,0.000,0.000,0.000
8336,0.000,0.000,0.000,0.000
8337,0.000,0.000,0.000,0.000
8338,0.000,0.000,0.000,0.000
8339,0.000,0.000,0.000,0.000
8340,0.000,0.000,0.000,0.000
8341,0.000,0.000,0.000,0.000
8342,0.000,0.000,0.000,0.000
8343,0.000,0.000,0.000,0.000
8344,0.000,0.000,0.000,0.000
8345,0.000,0.000,0.000,0.000
8346,0.000,0.000,0.000,0.000
8347,0.000,0.000,0.000,0.000
8348,0.000,0.000,0.000,0.000
8349,0.000,0.000,0.000,0.000
8350,0.000,0.000,0.000,0.000
8351,0.000,0.000,0.000,0.000
8352,0.000,0.000,0.000,0.000
8353,0.000,0.000,0.000,0.000
8354,0.000,0.000,0.000,0.000
8355,0.000,0.000,0.000,0.000
8356,0.000,0.000,0.000,0.000
8357,0.000,0.000,0.000,0.000
8358,0.000,0.000,0.000,0.000
8359,0.000,0.000,0.000,0.000
8360,0.000,0.000,0.000,0.000
8361,0.000,0.000,0.000,0.000
8362,0.000,0.000,0.000,0.000
8363,0.000,0.000,0.000,0.000
8364,0.000,0.000,0.000,0.000
8365,0.000,0.000,0.000,0.000
8366,0.000,0.000,0.000,0.000
8367,0.000,0.000,0.000,0.000
8368,0.000,0.000,0.000,0.000
8369,0.000,0.000,0.000,0.000
8370,0.000,0.000,0.000,0.000
8371,0.000,0.000,0.000,0.000
8372,0.000,0.000,0.000,0.000
8373,0.000,0.000,0.000,0.000
8374,0.000,0.000,0.000,0.000
8375,0.000,0.000,0.000,0.000
8376,0.000,0.000,0.000,0.000
8377,0.000,0.000,0.000,0.000
8378,0.000,0.000,0.000,0.000
8379,0.000,0.000,0.000,0.000
8380,0.000,0.000,0.000,0.000
8381,0.000,0.000,0.000,0.000
8382,0.000,0.000,0.000,0.000
8383,0.000,0.000,0.000,0.000
8384,0.000,0.000,0.000,0.000
8385,0.000,0.000,0.000,0.000
8386,0.000,0.000,0.000,0.000
8387,0.000,0.000,0.000,0.000
8388,0.000,0.000,0.000,0.000
8389,0.000,0.000,0.000,0.000
8390,0.000,0.000,0.000,0.000
8391,0.000,0.000,0.000,0.000
8392,0.000,0.000,0.000,0.000
8393,0.000,0.000,0.000,0.000
8394,0.000,0.000,0.000,0.000
8395,0.000,0.000,0.000,0.000
8396,0.000,0.000,0.000,0.000
8397,0.000,0.000,0.000,0.000
8398,0.000,0.000,0.000,0.000
8399,0.000,0.000,0.000,0.000
8400,0.000,0.000,0.000,0.000
8401,0.000,0.000,0.000,0.000
8402,0.000,0.000,0.000,0.000
8403,0.000,0.000,0.000,0.000
8404,0.000,0.000,0.000,0.000
8405,0.000,0.000,0.000,0.000
8406,0.000,0.000,0.000,0.000
8407,0.000,0.000,0.000,0.000
8408,0.000,0.000,0.000,0.000
8409,0.000,0.000,0.000,0.000
8410,0.000,0.000,0.000,0.000
8411,0.000,0.000,0.000,0.000
8412,0.000,0.000,0.000,0.000
8413,0.000,0.000,0.000,0.000
8414,0.000,0.000,0.000,0.000
8415,0.000,0.000,0.000,0.000
8416,0.000,0.000,0.000,0.000
8417,0.000,0.000,0.000,0.000
8418,0.000,0.000,0.000,0.000
8419,0.000,0.000,0.000,0.000
8420,0.000,0.000,0.000,0.000
8421,0.000,0.000,0.000,0.000
8422,0.000,0.000,0.000,0.000
8423,0.000,0.000,0.000,0.000
8424,0.000,0.000,0.000,0.000
8425,0.000,0.000,0.000,0.000
8426,0.000,0.000,0.000,0.000
8427,0.000,0.000,0.000,0.000
8428,0.000,0.000,0.000,0.000
8429,0.000,0.000,0.000,0.000
8430,0.000,0.000,0.000,0.000
8431,0.000,0.000,0.000,0.000
8432,0.000,0.000,0.000,0.000
8433,0.000,0.000,0.000,0.000
8434,0.000,0.000,0.000,0.000
8435,0.000,0.000,0.000,0.000
8436,0.000,0.000,0.000,0.000
8437,0.000,0.000,0.000,0.000
8438,0.000,0.000,0.000,0.000
8439,0.000,0.000,0.000,0.000
8440,0.000,0.000,0.000,0.000
8441,0.000,0.000,0.000,0.000
8442,0.000,0.000,0.000,0.000
8443,0.000,0.000,0.000,0.000
8444,0.000,0.000,0.000,0.000
8445,0.000,0.000,0.000,0.000
8446,0.000,0.000,0.000,0.000
8447,0.000,0.000,0.000,0.000
8448,0.000,0.000,0.000,0.000
8449,0.000,0.000,0.000,0.000
8450,0.000,0.000,0.000,0.000
8451,0.000,0.000,0.000,0.000
8452,0.000,0.000,0.000,0.000
8453,0.000,0.000,0.000,0.000
8454,0.000,0.000,0.000,0.000
8455,0.000,0.000,0.000,0.000
8456,0.000,0.000,0.000,0.000
8457,0.000,0.000,0.000,0.000
8458,0.000,0.000,0.000,0.000
8459,0.000,0.000,0.000,0.000
8460,0.000,0.000,0.000,0.000
8461,0.000,0.000,0.000,0.000
8462,0.000,0.000,0.000,0.000
8463,0.000,0.000,0.000,0.000
8464,0.000,0.000,0.000,0.000
8465,0.000,0.000,0.000,0.000
8466,0.000,0.000,0.000,0.000
8467,0.000,0.000,0.000,0.000
8468,0.000,0.000,0.000,0.000
8469,0.000,0.000,0.000,0.000
8470,0.000,0.000,0.000,0.000
8471,0.000,0.000,0.000,0.000
8472,0.000,0.000,0.000,0.000
8473,0.000,0.000,0.000,0.000
8474,0.000,0.000,0.000,0.000
8475,0.000,0.000,0.000,0.000
8476,0.000,0.000,0.000,0.000
8477,0.000,0.000,0.000,0.000
8478,0.000,0.000,0.000,0.000
8479,0.000,0.000,0.000,0.000
8480,0.000,0.000,0.000,0.000
8481,0.000,0.000,0.000,0.000
8482,0.000,0.000,0.000,0.000
8483,0.000,0.000,0.000,0.000
8484,0.000,0.000,0.000,0.000
8485,0.000,0.000,0.000,0.000
8486,0.000,0.000,0.000,0.000
8487,0.000,0.000,0.000,0.000
8488,0.000,0.000,0.000,0.000
8489,0.000,0.000,0.000,0.000
8490,0.000,0.000,0.000,0.000
8491,0.000,0.000,0.000,0.000
8492,0.000,0.000,0.000,0.000
8493,0.000,0.000,0.000,0.000
8494,0.000,0.000,0.000,0.000
8495,0.000,0.000,0.000,0.000
8496,0.000,0.000,0.000,0.000
8497,0.000,0.000,0.000,0.000
8498,0.000,0.000,0.000,0.000
8499,0.000,0.000,0.000,0.000
8500,0.000,0.000,0.000,0.000
8501,0.000,0.000,0.000,0.000
8502,0.000,0.000,0.000,0.000
8503,0.000,0.000,0.000,0.000
8504,0.000,0.000,0.000,0.000
8505,0.000,0.000,0.000,0.000
8506,0.000,0.000,0.000,0.000
8507,0.000,0.000,0.000,0.000
8508,0.000,0.000,0.000,0.000
8509,0.000,0.000,0.000,0.000
8510,0.000,0.000,0.000,0.000
8511,0.000,0.000,0.000,0.000
8512,0.000,0.000,0.000,0.000
8513,0.000,0.000,0.000,0.000
8514,0.000,0.000,0.000,0.000
8515,0.000,0.000,0.000,0.000
8516,0.000,0.000,0.000,0.000
8517,0.000,0.000,0.000,0.000
8518,0.000,0.000,0.000,0.000
8519,0.000,0.000,0.000,0.000
8520,0.000,0.000,0.000,0.000
8521,0.000,0.000,0.000,0.000
8522,0.000,0.000,0.000,0.000
8523,0.000,0.000,0.000,0.000
8524,0.000,0.000,0.000,0.000
8525,0.000,0.000,0.000,0.000
8526,0.000,0.000,0.000,0.000
8527,0.000,0.000,0.000,0.000
8528,0.000,0.000,0.000,0.000
8529,0.000,0.000,0.000,0.000
8530,0.000,0.000,0.000,0.000
8531,0.000,0.000,0.000,0.000
8532,0.000,0.000,0.000,0.000
8533,0.000,0.000,0.000,0.000
8534,0.000,0.000,0.000,0.000
8535,0.000,0.000,0.000,0.000
8536,0.000,0.000,0.000,0.000
8537,0.000,0.000,0.000,0.000
8538,0.000,0.000,0.000,0.000
8539,0.000,0.000,0.000,0.000
8540,0.000,0.000,0.000,0.000
8541,0.000,0.000,0.000,0.000
8542,0.000,0.000,0.000,0.000
8543,0.000,0.000,0.000,0.000
8544,0.000,0.000,0.000,0.000
8545,0.000,0.000,0.000,0.000
8546,0.000,0.000,0.000,0.000
8547,0.000,0.000,0.000,0.000
8548,0.000,0.000,0.000,0.000
8549,0.000,0.000,0.000,0.000
8550,0.000,0.000,0.000,0.000
8551,0.000,0.000,0.000,0.000
8552,0.000,0.000,0.000,0.000
8553,0.000,0.000,0.000,0.000
8554,0.000,0.000,0.000,0.000
8555,0.000,0.000,0.000,0.000
8556,0.000,0.000,0.000,0.000
8557,0.000,0.000,0.000,0.000
8558,0.000,0.000,0.000,0.000
8559,0.000,0.000,0.000,0.000
8560,0.000,0.000,0.000,0.000
8561,0.000,0.000,0.000,0.000
8562,0.000,0.000,0.000,0.000
8563,0.000,0.000,0.000,0.000
8564,0.000,0.000,0.000,0.000
8565,0.000,0.000,0.000,0.000
8566,0.000,0.000,0.000,0.000
8567,0.000,0.000,0.000,0.000
8568,0.000,0.000,0.000,0.000
8569,0.000,0.000,0.000,0.000
8570,0.000,0.000,0.000,0.000
8571,0.000,0.000,0.000,0.000
8572,0.000,0.000,0.000,0.000
8573,0.000,0.000,0.000,0.000
8574,0.000,0.000,0.000,0.000
8575,0.000,0.000,0.000,0.000
8576,0.000,0.000,0.000,0.000
8577,0.000,0.000,0.000,0.000
8578,0.000,0.000,0.000,0.000
8579,0.000,0.000,0.000,0.000
8580,0.000,0.000,0.000,0.000
8581,0.000,0.000,0.000,0.000
8582,0.000,0.000,0.000,0.000
8583,0.000,0.000,0.000,0.000
8584,0.000,0.000,0.000,0.000
8585,0.000,0.000,0.000,0.000
8586,0.000,0.000,0.000,0.000
8587,0.000,0.000,0.000,0.000
8588,0.000,0.000,0.000,0.000
8589,0.000,0.000,0.000,0.000
8590,0.000,0.000,0.000,0.000
8591,0.000,0.000,0.000,0.000
8592,0.000,0.000,0.000,0.000
8593,0.000,0.000,0.000,0.000
8594,0.000,0.000,0.000,0.000
8595,0.000,0.000,0.000,0.000
8596,0.000,0.000,0.000,0.000
8597,0.000,0.000,0.000,0.000
8598,0.000,0.000,0.000,0.000
8599,0.000,0.000,0.000,0.000
8600,0.000,0.000,0.000,0.000
8601,0.000,0.000,0.000,0.000
8602,0.000,0.000,0.000,0.000
8603,0.000,0.000,0.000,0.000
8604,0.000,0.000,0.000,0.000
8605,0.000,0.000,0.000,0.000
8606,0.000,0.000,0.000,0.000
8607,0.000,0.000,0.000,0.000
8608,0.000,0.000,0.000,0.000
8609,0.000,0.000,0.000,0.000
8610,0.000,0.000,0.000,0.000
8611,0.000,0.000,0.000,0.000
8612,0.000,0.000,0.000,0.000
8613,0.000,0.000,0.000,0.000
8614,0.000,0.000,0.000,0.000
8615,0.000,0.000,0.000,0.000
8616,0.000,0.000,0.000,0.000
8617,0.000,0.000,0.000,0.000
8618,0.000,0.000,0.000,0.000
8619,0.000,0.000,0.000,0.000
8620,0.000,0.000,0.000,0.000
8621,0.000,0.000,0.000,0.000
8622,0.000,0.000,0.000,0.000
8623,0.000,0.000,0.000,0.000
8624,0.000,0.000,0.000,0.000
8625,0.000,0.000,0.000,0.000
8626,0.000,0.000,0.000,0.000
8627,0.000,0.000,0.000,0.000
8628,0.000,0.000,0.000,0.000
8629,0.000,0.000,0.000,0.000
8630,0.000,0.000,0.000,0.000
8631,0.000,0.000,0.000,0.000
8632,0.000,0.000,0.000,0.000
8633,0.000,0.000,0.000,0.000
8634,0.000,0.000,0.000,0.000
8635,0.000,0.000,0.000,0.000
8636,0.000,0.000,0.000,0.000
8637,0.000,0.000,0.000,0.000
8638,0.000,0.000,0.000,0.000
8639,0.000,0.000,0.000,0.000
8640,0.000,0.000,0.000,0.000
8641,0.000,0.000,0.000,0.000
8642,0.000,0.000,0.000,0.000
8643,0.000,0.000,0.000,0.000
8644,0.000,0.000,0.000,0.000
8645,0.000,0.000,0.000,0.000
8646,0.000,0.000,0.000,0.000
8647,0.000,0.000,0.000,0.000
8648,0.000,0.000,0.000,0.000
8649,0.000,0.000,0.000,0.000
8650,0.000,0.000,0.000,0.000
8651,0.000,0.000,0.000,0.000
8652,0.000,0.000,0.000,0.000
8653,0.000,0.000,0.000,0.000
8654,0.000,0.000,0.000,0.000
8655,0.000,0.000,0.000,0.000
8656,0.000,0.000,0.000,0.000
8657,0.000,0.000,0.000,0.000
8658,0.000,0.000,0.000,0.000
8659,0.000,0.000,0.000,0.000
8660,0.000,0.000,0.000,0.000
8661,0.000,0.000,0.000,0.000
8662,0.000,0.000,0.000,0.000
8663,0.000,0.000,0.000,0.000
8664,0.000,0.000,0.000,0.000
8665,0.000,0.000,0.000,0.000
8666,0.000,0.000,0.000,0.000
8667,0.000,0.000,0.000,0.000
8668,0.000,0.000,0.000,0.000
8669,0.000,0.000,0.000,0.000
8670,0.000,0.000,0.000,0.000
8671,0.000,0.000,0.000,0.000
8672,0.000,0.000,0.000,0.000
8673,0.000,0.000,0.000,0.000
8674,0.000,0.000,0.000,0.000
8675,0.000,0.000,0.000,0.000
8676,0.000,0.000,0.000,0.000
8677,0.000,0.000,0.000,0.000
8678,0.000,0.000,0.000,0.000
8679,0.000,0.000,0.000,0.000
8680,0.000,0.000,0.000,0.000
8681,0.000,0.000,0.000,0.000
8682,0.000,0.000,0.000,0.000
8683,0.000,0.000,0.000,0.000
8684,0.000,0.000,0.000,0.000
8685,0.000,0.000,0.000,0.000
8686,0.000,0.000,0.000,0.000
8687,0.000,0.000,0.000,0.000
8688,0.000,0.000,0.000,0.000
8689,0.000,0.000,0.000,0.000
8690,0.000,0.000,0.000,0.000
8691,0.000,0.000,0.000,0.000
8692,0.000,0.000,0.000,0.000
8693,0.000,0.000,0.000,0.000
8694,0.000,0.000,0.000,0.000
8695,0.000,0.000,0.000,0.000
8696,0.000,0.000,0.000,0.000
8697,0.000,0.000,0.000,0.000
8698,0.000,0.000,0.000,0.000
8699,0.000,0.000,0.000,0.000
8700,0.000,0.000,0.000,0.000
8701,0.000,0.000,0.000,0.000
8702,0.000,0.000,0.000,0.000
8703,0.000,0.000,0.000,0.000
8704,0.000,0.000,0.000,0.000
8705,0.000,0.000,0.000,0.000
8706,0.000,0.000,0.000,0.000
8707,0.000,0.000,0.000,0.000
8708,0.000,0.000,0.000,0.000
8709,0.000,0.000,0.000,0.000
8710,0.000,0.000,0.000,0.000
8711,0.000,0.000,0.000,0.000
8712,0.000,0.000,0.000,0.000
8713,0.000,0.000,0.000,0.000
8714,0.000,0.000,0.000,0.000
8715,0.000,0.000,0.000,0.000
8716,0.000,0.000,0.000,0.000
8717,0.000,0.000,0.000,0.000
8718,0.000,0.000,0.000,0.000
8719,0.000,0.000,0.000,0.000
8720,0.000,0.000,0.000,0.000
8721,0.000,0.000,0.000,0.000
8722,0.000,0.000,0.000,0.000
8723,0.000,0.000,0.000,0.000
8724,0.000,0.000,0.000,0.000
8725,0.000,0.000,0.000,0.000
8726,0.000,0.000,0.000,0.000
8727,0.000,0.000,0.000,0.000
8728,0.000,0.000,0.000,0.000
8729,0.000,0.000,0.000,0.000
8730,0.000,0.000,0.000,0.000
8731,0.000,0.000,0.000,0.000
8732,0.000,0.000,0.000,0.000
8733,0.000,0.000,0.000,0.000
8734,0.000,0.000,0.000,0.000
8735,0.000,0.000,0.000,0.000
8736,0.000,0.000,0.000,0.000
8737,0.000,0.000,0.000,0.000
8738,0.000,0.000,0.000,0.000
8739,0.000,0.000,0.000,0.000
8740,0.000,0.000,0.000,0.000
8741,0.000,0.000,0.000,0.000
8742,0.000,0.000,0.000,0.000
8743,0.000,0.000,0.000,0.000
8744,0.000,0.000,0.000,0.000
8745,0.000,0.000,0.000,0.000
8746,0.000,0.000,0.000,0.000
8747,0.000,0.000,0.000,0.000
8748,0.000,0.000,0.000,0.000
8749,0.000,0.000,0.000,0.000
8750,0.000,0.000,0.000,0.000
8751,0.000,0.000,0.000,0.000
8752,0.000,0.000,0.000,0.000
8753,0.000,0.000,0.000,0.000
8754,0.000,0.000,0.000,0.000
8755,0.000,0.000,0.000,0.000
8756,0.000,0.000,0.000,0.000
8757,0.000,0.000,0.000,0.000
8758,0.000,0.000,0.000,0.000
8759,0.000,0.000,0.000,0.000
8760,0.000,0.000,0.000,0.000
8761,0.000,0.000,0.000,0.000
8762,0.000,0.000,0.000,0.000
8763,0.000,0.000,0.000,0.000
8764,0.000,0.000,0.000,0.000
8765,0.000,0.000,0.000,0.000
8766,0.000,0.000,0.000,0.000
8767,0.000,0.000,0.000,0.000
8768,0.000,0.000,0.000,0.000
8769,0.000,0.000,0.000,0.000
8770,0.000,0.000,0.000,0.000
8771,0.000,0.000,0.000,0.000
8772,0.000,0.000,0.000,0.000
8773,0.000,0.000,0.000,0.000
8774,0.000,0.000,0.000,0.000
8775,0.000,0.000,0.000,0.000
8776,0.000,0.000,0.000,0.000
8777,0.000,0.000,0.000,0.000
8778,0.000,0.000,0.000,0.000
8779,0.000,0.000,0.000,0.000
8780,0.000,0.000,0.000,0.000
8781,0.000,0.000,0.000,0.000
8782,0.000,0.000,0.000,0.000
8783,0.000,0.000,0.000,0.000
8784,0.000,0.000,0.000,0.000
8785,0.000,0.000,0.000,0.000
8786,0.000,0.000,0.000,0.000
8787,0.000,0.000,0.000,0.000
8788,0.000,0.000,0.000,0.000
8789,0.000,0.000,0.000,0.000
8790,0.000,0.000,0.000,0.000
8791,0.000,0.000,0.000,0.000
8792,0.000,0.000,0.000,0.000
8793,0.000,0.000,0.000,0.000
8794,0.000,0.000,0.000,0.000
8795,0.000,0.000,0.000,0.000
8796,0.000,0.000,0.000,0.000
8797,0.000,0.000,0.000,0.000
8798,0.000,0.000,0.000,0.000
8799,0.000,0.000,0.000,0.000
8800,0.000,0.000,0.000,0.000
8801,0.000,0.000,0.000,0.000
8802,0.000,0.000,0.000,0.000
8803,0.000,0.000,0.000,0.000
8804,0.000,0.000,0.000,0.000
8805,0.000,0.000,0.000,0.000
8806,0.000,0.000,0.000,0.000
8807,0.000,0.000,0.000,0.000
8808,0.000,0.000,0.000,0.000
8809,0.000,0.000,0.000,0.000
8810,0.000,0.000,0.000,0.000
8811,0.000,0.000,0.000,0.000
8812,0.000,0.000,0.000,0.000
8813,0.000,0.000,0.000,0.000
8814,0.000,0.000,0.000,0.000
8815,0.000,0.000,0.000,0.000
8816,0.000,0.000,0.000,0.000
8817,0.000,0.000,0.000,0.000
8818,0.000,0.000,0.000,0.000
8819,0.000,0.000,0.000,0.000
8820,0.000,0.000,0.000,0.000
8821,0.000,0.000,0.000,0.000
8822,0.000,0.000,0.000,0.000
8823,0.000,0.000,0.000,0.000
8824,0.000,0.000,0.000,0.000
8825,0.000,0.000,0.000,0.000
8826,0.000,0.000,0.000,0.000
8827,0.000,0.000,0.000,0.000
8828,0.000,0.000,0.000,0.000
8829,0.000,0.000,0.000,0.000
8830,0.000,0.000,0.000,0.000
8831,0.000,0.000,0.000,0.000
8832,0.000,0.000,0.000,0.000
8833,0.000,0.000,0.000,0.000
8834,0.000,0.000,0.000,0.000
8835,0.000,0.000,0.000,0.000
8836,0.000,0.000,0.000,0.000
8837,0.000,0.000,0.000,0.000
8838,0.000,0.000,0.000,0.000
8839,0.000,0.000,0.000,0.000
8840,0.000,0.000,0.000,0.000
8841,0.000,0.000,0.000,0.000
8842,0.000,0.000,0.000,0.000
8843,0.000,0.000,0.000,0.000
8844,0.000,0.000,0.000,0.000
8845,0.000,0.000,0.000,0.000
8846,0.000,0.000,0.000,0.000
8847,0.000,0.000,0.000,0.000
8848,0.000,0.000,0.000,0.000
8849,0.000,0.000,0.000,0.000
8850,0.000,0.000,0.000,0.000
8851,0.000,0.000,0.000,0.000
8852,0.000,0.000,0.000,0.000
8853,0.000,0.000,0.000,0.000
8854,0.000,0.000,0.000,0.000
8855,0.000,0.000,0.000,0.000
8856,0.000,0.000,0.000,0.000
8857,0.000,0.000,0.000,0.000
8858,0.000,0.000,0.000,0.000
8859,0.000,0.000,0.000,0.000
8860,0.000,0.000,0.000,0.000
8861,0.000,0.000,0.000,0.000
8862,0.000,0.000,0.000,0.000
8863,0.000,0.000,0.000,0.000
8864,0.000,0.000,0.000,0.000
8865,0.000,0.000,0.000,0.000
8866,0.000,0.000,0.000,0.000
8867,0.000,0.000,0.000,0.000
8868,0.000,0.000,0.000,0.000
8869,0.000,0.000,0.000,0.000
8870,0.000,0.000,0.000,0.000
8871,0.000,0.000,0.000,0.000
8872,0.000,0.000,0.000,0.000
8873,0.000,0.000,0.000,0.000
8874,0.000,0.000,0.000,0.000
8875,0.000,0.000,0.000,0.000
8876,0.000,0.000,0.000,0.000
8877,0.000,0.000,0.000,0.000
8878,0.000,0.000,0.000,0.000
8879,0.000,0.000,0.000,0.000
8880,0.000,0.000,0.000,0.000
8881,0.000,0.000,0.000,0.000
8882,0.000,0.000,0.000,0.000
8883,0.000,0.000,0.000,0.000
8884,0.000,0.000,0.000,0.000
8885,0.000,0.000,0.000,0.000
8886,0.000,0.000,0.000,0.000
8887,0.000,0.000,0.000,0.000
8888,0.000,0.000,0.000,0.000
8889,0.000,0.000,0.000,0.000
8890,0.000,0.000,0.000,0.000
8891,0.000,0.000,0.000,0.000
8892,0.000,0.000,0.000,0.000
8893,0.000,0.000,0.000,0.000
8894,0.000,0.000,0.000,0.000
8895,0.000,0.000,0.000,0.000
8896,0.000,0.000,0.000,0.000
8897,0.000,0.000,0.000,0.000
8898,0.000,0.000,0.000,0.000
8899,0.000,0.000,0.000,0.000
8900,0.000,0.000,0.000,0.000
8901,0.000,0.000,0.000,0.000
8902,0.000,0.000,0.000,0.000
8903,0.000,0.000,0.000,0.000
8904,0.000,0.000,0.000,0.000
8905,0.000,0.000,0.000,0.000
8906,0.000,0.000,0.000,0.000
8907,0.000,0.000,0.000,0.000
8908,0.000,0.000,0.000,0.000
8909,0.000,0.000,0.000,0.000
8910,0.000,0.000,0.000,0.000
8911,0.000,0.000,0.000,0.000
8912,0.000,0.000,0.000,0.000
8913,0.000,0.000,0.000,0.000
8914,0.000,0.000,0.000,0.000
8915,0.000,0.000,0.000,0.000
8916,0.000,0.000,0.000,0.000
8917,0.000,0.000,0.000,0.000
8918,0.000,0.000,0.000,0.000
8919,0.000,0.000,0.000,0.000
8920,0.000,0.000,0.000,0.000
8921,0.000,0.000,0.000,0.000
8922,0.000,0.000,0.000,0.000
8923,0.000,0.000,0.000,0.000
8924,0.000,0.000,0.000,0.000
8925,0.000,0.000,0.000,0.000
8926,0.000,0.000,0.000,0.000
8927,0.000,0.000,0.000,0.000
8928,0.000,0.000,0.000,0.000
8929,0.000,0.000,0.000,0.000
8930,0.000,0.000,0.000,0.000
8931,0.000,0.000,0.000,0.000
8932,0.000,0.000,0.000,0.000
8933,0.000,0.000,0.000,0.000
8934,0.000,0.000,0.000,0.000
8935,0.000,0.000,0.000,0.000
8936,0.000,0.000,0.000,0.000
8937,0.000,0.000,0.000,0.000
8938,0.000,0.000,0.000,0.000
8939,0.000,0.000,0.000,0.000
8940,0.000,0.000,0.000,0.000
8941,0.000,0.000,0.000,0.000
8942,0.000,0.000,0.000,0.000
8943,0.000,0.000,0.000,0.000
8944,0.000,0.000,0.000,0.000
8945,0.000,0.000,0.000,0.000
8946,0.000,0.000,0.000,0.000
8947,0.000,0.000,0.000,0.000
8948,0.000,0.000,0.000,0.000
8949,0.000,0.000,0.000,0.000
8950,0.000,0.000,0.000,0.000
8951,0.000,0.000,0.000,0.000
8952,0.000,0.000,0.000,0.000
8953,0.000,0.000,0.000,0.000
8954,0.000,0.000,0.000,0.000
8955,0.000,0.000,0.000,0.000
8956,0.000,0.000,0.000,0.000
8957,0.000,0.000,0.000,0.000
8958,0.000,0.000,0.000,0.000
8959,0.000,0.000,0.000,0.000
8960,0.000,0.000,0.000,0.000
8961,0.000,0.000,0.000,0.000
8962,0.000,0.000,0.000,0.000
8963,0.000,0.000,0.000,0.000
8964,0.000,0.000,0.000,0.000
8965,0.000,0.000,0.000,0.000
8966,0.000,0.000,0.000,0.000
8967,0.000,0.000,0.000,0.000
8968,0.000,0.000,0.000,0.000
8969,0.000,0.000,0.000,0.000
8970,0.000,0.000,0.000,0.000
8971,0.000,0.000,0.000,0.000
8972,0.000,0.000,0.000,0.000
8973,0.000,0.000,0.000,0.000
8974,0.000,0.000,0.000,0.000
8975,0.000,0.000,0.000,0.000
8976,0.000,0.000,0.000,0.000
8977,0.000,0.000,0.000,0.000
8978,0.000,0.000,0.000,0.000
8979,0.000,0.000,0.000,0.000
8980,0.000,0.000,0.000,0.000
8981,0.000,0.000,0.000,0.000
8982,0.000,0.000,0.000,0.000
8983,0.000,0.000,0.000,0.000
8984,0.000,0.000,0.000,0.000
8985,0.000,0.000,0.000,0.000
8986,0.000,0.000,0.000,0.000
8987,0.000,0.000,0.000,0.000
8988,0.000,0.000,0.000,0.000
8989,0.000,0.000,0.000,0.000
8990,0.000,0.000,0.000,0.000
8991,0.000,0.000,0.000,0.000
8992,0.000,0.000,0.000,0.000
8993,0.000,0.000,0.000,0.000
8994,0.000,0.000,0.000,0.000
8995,0.000,0.000,0.000,0.000
8996,0.000,0.000,0.000,0.000
8997,0.000,0.000,0.000,0.000
8998,0.000,0.000,0.000,0.000
8999,0.000,0.000,0.000,0.000
9000,0.000,0.000,0.000,0.000
9001,0.000,0.000,0.000,0.000
9002,0.000,0.000,0.000,0.000
9003,0.000,0.000,0.000,0.000
9004,0.000,0.000,0.000,0.000
9005,0.000,0.000,0.000,0.000
9006,0.000,0.000,0.000,0.000
9007,0.000,0.000,0.000,0.000
9008,0.000,0.000,0.000,0.000
9009,0.000,0.000,0.000,0.000
9010,0.000,0.000,0.000,0.000
9011,0.000,0.000,0.000,0.000
9012,0.000,0.000,0.000,0.000
9013,0.000,0.000,0.000,0.000
9014,0.000,0.000,0.000,0.000
9015,0.000,0.000,0.000,0.000
9016,0.000,0.000,0.000,0.000
9017,0.000,0.000,0.000,0.000
9018,0.000,0.000,0.000,0.000
9019,0.000,0.000,0.000,0.000
9020,0.000,0.000,0.000,0.000
9021,0.000,0.000,0.000,0.000
9022,0.000,0.000,0.000,0.000
9023,0.000,0.000,0.000,0.000
9024,0.000,0.000,0.000,0.000
9025,0.000,0.000,0.000,0.000
9026,0.000,0.000,0.000,0.000
9027,0.000,0.000,0.000,0.000
9028,0.000,0.000,0.000,0.000
9029,0.000,0.000,0.000,0.000
9030,0.000,0.000,0.000,0.000
9031,0.000,0.000,0.000,0.000
9032,0.000,0.000,0.000,0.000
9033,0.000,0.000,0.000,0.000
9034,0.000,0.000,0.000,0.000
9035,0.000,0.000,0.000,0.000
9036,0.000,0.000,0.000,0.000
9037,0.000,0.000,0.000,0.000
9038,0.000,0.000,0.000,0.000
9039,0.000,0.000,0.000,0.000
9040,0.000,0.000,0.000,0.000
9041,0.000,0.000,0.000,0.000
9042,0.000,0.000,0.000,0.000
9043,0.000,0.000,0.000,0.000
9044,0.000,0.000,0.000,0.000
9045,0.000,0.000,0.000,0.000
9046,0.000,0.000,0.000,0.000
9047,0.000,0.000,0.000,0.000
9048,0.000,0.000,0.000,0.000
9049,0.000,0.000,0.000,0.000
9050,0.000,0.000,0.000,0.000
9051,0.000,0.000,0.000,0.000
9052,0.000,0.000,0.000,0.000
9053,0.000,0.000,0.000,0.000
9054,0.000,0.000,0.000,0.000
9055,0.000,0.000,0.000,0.000
9056,0.000,0.000,0.000,0.000
9057,0.000,0.000,0.000,0.000
9058,0.000,0.000,0.000,0.000
9059,0.000,0.000,0.000,0.000
9060,0.000,0.000,0.000,0.000
9061,0.000,0.000,0.000,0.000
9062,0.000,0.000,0.000,0.000
9063,0.000,0.000,0.000,0.000
9064,0.000,0.000,0.000,0.000
9065,0.000,0.000,0.000,0.000
9066,0.000,0.000,0.000,0.000
9067,0.000,0.000,0.000,0.000
9068,0.000,0.000,0.000,0.000
9069,0.000,0.000,0.000,0.000
9070,0.000,0.000,0.000,0.000
9071,0.000,0.000,0.000,0.000
9072,0.000,0.000,0.000,0.000
9073,0.000,0.000,0.000,0.000
9074,0.000,0.000,0.000,0.000
9075,0.000,0.000,0.000,0.000
9076,0.000,0.000,0.000,0.000
9077,0.000,0.000,0.000,0.000
9078,0.000,0.000,0.000,0.000
9079,0.000,0.000,0.000,0.000
9080,0.000,0.000,0.000,0.000
9081,0.000,0.000,0.000,0.000
9082,0.000,0.000,0.000,0.000
9083,0.000,0.000,0.000,0.000
9084,0.000,0.000,0.000,0.000
9085,0.000,0.000,0.000,0.000
9086,0.000,0.000,0.000,0.000
9087,0.000,0.000,0.000,0.000
9088,0.000,0.000,0.000,0.000
9089,0.000,0.000,0.000,0.000
9090,0.000,0.000,0.000,0.000
9091,0.000,0.000,0.000,0.000
9092,0.000,0.000,0.000,0.000
9093,0.000,0.000,0.000,0.000
9094,0.000,0.000,0.000,0.000
9095,0.000,0.000,0.000,0.000
9096,0.000,0.000,0.000,0.000
9097,0.000,0.000,0.000,0.000
9098,0.000,0.000,0.000,0.000
9099,0.000,0.000,0.000,0.000
9100,0.000,0.000,0.000,0.000
9101,0.000,0.000,0.000,0.000
9102,0.000,0.000,0.000,0.000
9103,0.000,0.000,0.000,0.000
9104,0.000,0.000,0.000,0.000
9105,0.000,0.000,0.000,0.000
9106,0.000,0.000,0.000,0.000
9107,0.000,0.000,0.000,0.000
9108,0.000,0.000,0.000,0.000
9109,0.000,0.000,0.000,0.000
9110,0.000,0.000,0.000,0.000
9111,0.000,0.000,0.000,0.000
9112,0.000,0.000,0.000,0.000
9113,0.000,0.000,0.000,0.000
9114,0.000,0.000,0.000,0.000
9115,0.000,0.000,0.000,0.000
9116,0.000,0.000,0.000,0.000
9117,0.000,0.000,0.000,0.000
9118,0.000,0.000,0.000,0.000
9119,0.000,0.000,0.000,0.000
9120,0.000,0.000,0.000,0.000
9121,0.000,0.000,0.000,0.000
9122,0.000,0.000,0.000,0.000
9123,0.000,0.000,0.000,0.000
9124,0.000,0.000,0.000,0.000
9125,0.000,0.000,0.000,0.000
9126,0.000,0.000,0.000,0.000
9127,0.000,0.000,0.000,0.000
9128,0.000,0.000,0.000,0.000
9129,0.000,0.000,0.000,0.000
9130,0.000,0.000,0.000,0.000
9131,0.000,0.000,0.000,0.000
9132,0.000,0.000,0.000,0.000
9133,0.000,0.000,0.000,0.000
9134,0.000,0.000,0.000,0.000
9135,0.000,0.000,0.000,0.000
9136,0.000,0.000,0.000,0.000
9137,0.000,0.000,0.000,0.000
9138,0.000,0.000,0.000,0.000
9139,0.000,0.000,0.000,0.000
9140,0.000,0.000,0.000,0.000
9141,0.000,0.000,0.000,0.000
9142,0.000,0.000,0.000,0.000
9143,0.000,0.000,0.000,0.000
9144,0.000,0.000,0.000,0.000
9145,0.000,0.000,0.000,0.000
9146,0.000,0.000,0.000,0.000
9147,0.000,0.000,0.000,0.000
9148,0.000,0.000,0.000,0.000
9149,0.000,0.000,0.000,0.000
9150,0.000,0.000,0.000,0.000
9151,0.000,0.000,0.000,0.000
9152,0.000,0.000,0.000,0.000
9153,0.000,0.000,0.000,0.000
9154,0.000,0.000,0.000,0.000
9155,0.000,0.000,0.000,0.000
9156,0.000,0.000,0.000,0.000
9157,0.000,0.000,0.000,0.000
9158,0.000,0.000,0.000,0.000
9159,0.000,0.000,0.000,0.000
9160,0.000,0.000,0.000,0.000
9161,0.000,0.000,0.000,0.000
9162,0.000,0.000,0.000,0.000
9163,0.000,0.000,0.000,0.000
9164,0.000,0.000,0.000,0.000
9165,0.000,0.000,0.000,0.000
9166,0.000,0.000,0.000,0.000
9167,0.000,0.000,0.000,0.000
9168,0.000,0.000,0.000,0.000
9169,0.000,0.000,0.000,0.000
9170,0.000,0.000,0.000,0.000
9171,0.000,0.000,0.000,0.000
9172,0.000,0.000,0.000,0.000
9173,0.000,0.000,0.000,0.000
9174,0.000,0.000,0.000,0.000
9175,0.000,0.000,0.000,0.000
9176,0.000,0.000,0.000,0.000
9177,0.000,0.000,0.000,0.000
9178,0.000,0.000,0.000,0.000
9179,0.000,0.000,0.000,0.000
9180,0.000,0.000,0.000,0.000
9181,0.000,0.000,0.000,0.000
9182,0.000,0.000,0.000,0.000
9183,0.000,0.000,0.000,0.000
9184,0.000,0.000,0.000,0.000
9185,0.000,0.000,0.000,0.000
9186,0.000,0.000,0.000,0.000
9187,0.000,0.000,0.000,0.000
9188,0.000,0.000,0.000,0.000
9189,0.000,0.000,0.000,0.000
9190,0.000,0.000,0.000,0.000
9191,0.000,0.000,0.000,0.000
9192,0.000,0.000,0.000,0.000
9193,0.000,0.000,0.000,0.000
9194,0.000,0.000,0.000,0.000
9195,0.000,0.000,0.000,0.000
9196,0.000,0.000,0.000,0.000
9197,0.000,0.000,0.000,0.000
9198,0.000,0.000,0.000,0.000
9199,0.000,0.000,0.000,0.000
9200,0.000,0.000,0.000,0.000
9201,0.000,0.000,0.000,0.000
9202,0.000,0.000,0.000,0.000
9203,0.000,0.000,0.000,0.000
9204,0.000,0.000,0.000,0.000
9205,0.000,0.000,0.000,0.000
9206,0.000,0.000,0.000,0.000
9207,0.000,0.000,0.000,0.000
9208,0.000,0.000,0.000,0.000
9209,0.000,0.000,0.000,0.000
9210,0.000,0.000,0.000,0.000
9211,0.000,0.000,0.000,0.000
9212,0.000,0.000,0.000,0.000
9213,0.000,0.000,0.000,0.000
9214,0.000,0.000,0.000,0.000
9215,0.000,0.000,0.000,0.000
9216,0.000,0.000,0.000,0.000
9217,0.000,0.000,0.000,0.000
9218,0.000,0.000,0.000,0.000
9219,0.000,0.000,0.000,0.000
9220,0.000,0.000,0.000,0.000
9221,0.000,0.000,0.000,0.000
9222,0.000,0.000,0.000,0.000
9223,0.000,0.000,0.000,0.000
9224,0.000,0.000,0.000,0.000
9225,0.000,0.000,0.000,0.000
9226,0.000,0.000,0.000,0.000
9227,0.000,0.000,0.000,0.000
9228,0.000,0.000,0.000,0.000
9229,0.000,0.000,0.000,0.000
9230,0.000,0.000,0.000,0.000
9231,0.000,0.000,0.000,0.000
9232,0.000,0.000,0.000,0.000
9233,0.000,0.000,0.000,0.000
9234,0.000,0.000,0.000,0.000
9235,0.000,0.000,0.000,0.000
9236,0.000,0.000,0.000,0.000
9237,0.000,0.000,0.000,0.000
9238,0.000,0.000,0.000,0.000
9239,0.000,0.000,0.000,0.000
9240,0.000,0.000,0.000,0.000
9241,0.000,0.000,0.000,0.000
9242,0.000,0.000,0.000,0.000
9243,0.000,0.000,0.000,0.000
9244,0.000,0.000,0.000,0.000
9245,0.000,0.000,0.000,0.000
9246,0.000,0.000,0.000,0.000
9247,0.000,0.000,0.000,0.000
9248,0.000,0.000,0.000,0.000
9249,0.000,0.000,0.000,0.000
9250,0.000,0.000,0.000,0.000
9251,0.000,0.000,0.000,0.000
9252,0.000,0.000,0.000,0.000
9253,0.000,0.000,0.000,0.000
9254,0.000,0.000,0.000,0.000
9255,0.000,0.000,0.000,0.000
9256,0.000,0.000,0.000,0.000
9257,0.000,0.000,0.000,0.000
9258,0.000,0.000,0.000,0.000
9259,0.000,0.000,0.000,0.000
9260,0.000,0.000,0.000,0.000
9261,0.000,0.000,0.000,0.000
9262,0.000,0.000,0.000,0.000
9263,0.000,0.000,0.000,0.000
9264,0.000,0.000,0.000,0.000
9265,0.000,0.000,0.000,0.000
9266,0.000,0.000,0.000,0.000
9267,0.000,0.000,0.000,0.000
9268,0.000,0.000,0.000,0.000
9269,0.000,0.000,0.000,0.000
9270,0.000,0.000,0.000,0.000
9271,0.000,0.000,0.000,0.000
9272,0.000,0.000,0.000,0.000
9273,0.000,0.000,0.000,0.000
9274,0.000,0.000,0.000,0.000
9275,0.000,0.000,0.000,0.000
9276,0.000,0.000,0.000,0.000
9277,0.000,0.000,0.000,0.000
9278,0.000,0.000,0.000,0.000
9279,0.000,0.000,0.000,0.000
9280,0.000,0.000,0.000,0.000
9281,0.000,0.000,0.000,0.000
9282,0.000,0.000,0.000,0.000
9283,0.000,0.000,0.000,0.000
9284,0.000,0.000,0.000,0.000
9285,0.000,0.000,0.000,0.000
9286,0.000,0.000,0.000,0.000
9287,0.000,0.000,0.000,0.000
9288,0.000,0.000,0.000,0.000
9289,0.000,0.000,0.000,0.000
9290,0.000,0.000,0.000,0.000
9291,0.000,0.000,0.000,0.000
9292,0.000,0.000,0.000,0.000
9293,0.000,0.000,0.000,0.000
9294,0.000,0.000,0.000,0.000
9295,0.000,0.000,0.000,0.000
9296,0.000,0.000,0.000,0.000
9297,0.000,0.000,0.000,0.000
9298,0.000,0.000,0.000,0.000
9299,0.000,0.000,0.000,0.000
9300,0.000,0.000,0.000,0.000
9301,0.000,0.000,0.000,0.000
9302,0.000,0.000,0.000,0.000
9303,0.000,0.000,0.000,0.000
9304,0.000,0.000,0.000,0.000
9305,0.000,0.000,0.000,0.000
9306,0.000,0.000,0.000,0.000
9307,0.000,0.000,0.000,0.000
9308,0.000,0.000,0.000,0.000
9309,0.000,0.000,0.000,0.000
9310,0.000,0.000,0.000,0.000
9311,0.000,0.000,0.000,0.000
9312,0.000,0.000,0.000,0.000
9313,0.000,0.000,0.000,0.000
9314,0.000,0.000,0.000,0.000
9315,0.000,0.000,0.000,0.000
9316,0.000,0.000,0.000,0.000
9317,0.000,0.000,0.000,0.000
9318,0.000,0.000,0.000,0.000
9319,0.000,0.000,0.000,0.000
9320,0.000,0.000,0.000,0.000
9321,0.000,0.000,0.000,0.000
9322,0.000,0.000,0.000,0.000
9323,0.000,0.000,0.000,0.000
9324,0.000,0.000,0.000,0.000
9325,0.000,0.000,0.000,0.000
9326,0.000,0.000,0.000,0.000
9327,0.000,0.000,0.000,0.000
9328,0.000,0.000,0.000,0.000
9329,0.000,0.000,0.000,0.000
9330,0.000,0.000,0.000,0.000
9331,0.000,0.000,0.000,0.000
9332,0.000,0.000,0.000,0.000
9333,0.000,0.000,0.000,0.000
9334,0.000,0.000,0.000,0.000
9335,0.000,0.000,0.000,0.000
9336,0.000,0.000,0.000,0.000
9337,0.000,0.000,0.000,0.000
9338,0.000,0.000,0.000,0.000
9339,0.000,0.000,0.000,0.000
9340,0.000,0.000,0.000,0.000
9341,0.000,0.000,0.000,0.000
9342,0.000,0.000,0.000,0.000
9343,0.000,0.000,0.000,0.000
9344,0.000,0.000,0.000,0.000
9345,0.000,0.000,0.000,0.000
9346,0.000,0.000,0.000,0.000
9347,0.000,0.000,0.000,0.000
9348,0.000,0.000,0.000,0.000
9349,0.000,0.000,0.000,0.000
9350,0.000,0.000,0.000,0.000
9351,0.000,0.000,0.000,0.000
9352,0.000,0.000,0.000,0.000
9353,0.000,0.000,0.000,0.000
9354,0.000,0.000,0.000,0.000
9355,0.000,0.000,0.000,0.000
9356,0.000,0.000,0.000,0.000
9357,0.000,0.000,0.000,0.000
9358,0.000,0.000,0.000,0.000
9359,0.000,0.000,0.000,0.000
9360,0.000,0.000,0.000,0.000
9361,0.000,0.000,0.000,0.000
9362,0.000,0.000,0.000,0.000
9363,0.000,0.000,0.000,0.000
9364,0.000,0.000,0.000,0.000
9365,0.000,0.000,0.000,0.000
9366,0.000,0.000,0.000,0.000
9367,0.000,0.000,0.000,0.000
9368,0.000,0.000,0.000,0.000
9369,0.000,0.000,0.000,0.000
9370,0.000,0.000,0.000,0.000
9371,0.000,0.000,0.000,0.000
9372,0.000,0.000,0.000,0.000
9373,0.000,0.000,0.000,0.000
9374,0.000,0.000,0.000,0.000
9375,0.000,0.000,0.000,0.000
9376,0.000,0.000,0.000,0.000
9377,0.000,0.000,0.000,0.000
9378,0.000,0.000,0.000,0.000
9379,0.000,0.000,0.000,0.000
9380,0.000,0.000,0.000,0.000
9381,0.000,0.000,0.000,0.000
9382,0.000,0.000,0.000,0.000
9383,0.000,0.000,0.000,0.000
9384,0.000,0.000,0.000,0.000
9385,0.000,0.000,0.000,0.000
9386,0.000,0.000,0.000,0.000
9387,0.000,0.000,0.000,0.000
9388,0.000,0.000,0.000,0.000
9389,0.000,0.000,0.000,0.000
9390,0.000,0.000,0.000,0.000
9391,0.000,0.000,0.000,0.000
9392,0.000,0.000,0.000,0.000
9393,0.000,0.000,0.000,0.000
9394,0.000,0.000,0.000,0.000
9395,0.000,0.000,0.000,0.000
9396,0.000,0.000,0.000,0.000
9397,0.000,0.000,0.000,0.000
9398,0.000,0.000,0.000,0.000
9399,0.000,0.000,0.000,0.000
9400,0.000,0.000,0.000,0.000
9401,0.000,0.000,0.000,0.000
9402,0.000,0.000,0.000,0.000
9403,0.000,0.000,0.000,0.000
9404,0.000,0.000,0.000,0.000
9405,0.000,0.000,0.000,0.000
9406,0.000,0.000,0.000,0.000
9407,0.000,0.000,0.000,0.000
9408,0.000,0.000,0.000,0.000
9409,0.000,0.000,0.000,0.000
9410,0.000,0.000,0.000,0.000
9411,0.000,0.000,0.000,0.000
9412,0.000,0.000,0.000,0.000
9413,0.000,0.000,0.000,0.000
9414,0.000,0.000,0.000,0.000
9415,0.000,0.000,0.000,0.000
9416,0.000,0.000,0.000,0.000
9417,0.000,0.000,0.000,0.000
9418,0.000,0.000,0.000,0.000
9419,0.000,0.000,0.000,0.000
9420,0.000,0.000,0.000,0.000
9421,0.000,0.000,0.000,0.000
9422,0.000,0.000,0.000,0.000
9423,0.000,0.000,0.000,0.000
9424,0.000,0.000,0.000,0.000
9425,0.000,0.000,0.000,0.000
9426,0.000,0.000,0.000,0.000
9427,0.000,0.000,0.000,0.000
9428,0.000,0.000,0.000,0.000
9429,0.000,0.000,0.000,0.000
9430,0.000,0.000,0.000,0.000
9431,0.000,0.000,0.000,0.000
9432,0.000,0.000,0.000,0.000
9433,0.000,0.000,0.000,0.000
9434,0.000,0.000,0.000,0.000
9435,0.000,0.000,0.000,0.000
9436,0.000,0.000,0.000,0.000
9437,0.000,0.000,0.000,0.000
9438,0.000,0.000,0.000,0.000
9439,0.000,0.000,0.000,0.000
9440,0.000,0.000,0.000,0.000
9441,0.000,0.000,0.000,0.000
9442,0.000,0.000,0.000,0.000
9443,0.000,0.000,0.000,0.000
9444,0.000,0.000,0.000,0.000
9445,0.000,0.000,0.000,0.000
9446,0.000,0.000,0.000,0.000
9447,0.000,0.000,0.000,0.000
9448,0.000,0.000,0.000,0.000
9449,0.000,0.000,0.000,0.000
9450,0.000,0.000,0.000,0.000
9451,0.000,0.000,0.000,0.000
9452,0.000,0.000,0.000,0.000
9453,0.000,0.000,0.000,0.000
9454,0.000,0.000,0.000,0.000
9455,0.000,0.000,0.000,0.000
9456,0.000,0.000,0.000,0.000
9457,0.000,0.000,0.000,0.000
9458,0.000,0.000,0.000,0.000
9459,0.000,0.000,0.000,0.000
9460,0.000,0.000,0.000,0.000
9461,0.000,0.000,0.000,0.000
9462,0.000,0.000,0.000,0.000
9463,0.000,0.000,0.000,0.000
9464,0.000,0.000,0.000,0.000
9465,0.000,0.000,0.000,0.000
9466,0.000,0.000,0.000,0.000
9467,0.000,0.000,0.000,0.000
9468,0.000,0.000,0.000,0.000
9469,0.000,0.000,0.000,0.000
9470,0.000,0.000,0.000,0.000
9471,0.000,0.000,0.000,0.000
9472,0.000,0.000,0.000,0.000
9473,0.000,0.000,0.000,0.000
9474,0.000,0.000,0.000,0.000
9475,0.000,0.000,0.000,0.000
9476,0.000,0.000,0.000,0.000
9477,0.000,0.000,0.000,0.000
9478,0.000,0.000,0.000,0.000
9479,0.000,0.000,0.000,0.000
9480,0.000,0.000,0.000,0.000
9481,0.000,0.000,0.000,0.000
9482,0.000,0.000,0.000,0.000
9483,0.000,0.000,0.000,0.000
9484,0.000,0.000,0.000,0.000
9485,0.000,0.000,0.000,0.000
9486,0.000,0.000,0.000,0.000
9487,0.000,0.000,0.000,0.000
9488,0.000,0.000,0.000,0.000
9489,0.000,0.000,0.000,0.000
9490,0.000,0.000,0.000,0.000
9491,0.000,0.000,0.000,0.000
9492,0.000,0.000,0.000,0.000
9493,0.000,0.000,0.000,0.000
9494,0.000,0.000,0.000,0.000
9495,0.000,0.000,0.000,0.000
9496,0.000,0.000,0.000,0.000
9497,0.000,0.000,0.000,0.000
9498,0.000,0.000,0.000,0.000
9499,0.000,0.000,0.000,0.000
9500,0.000,0.000,0.000,0.000
9501,0.000,0.000,0.000,0.000
9502,0.000,0.000,0.000,0.000
9503,0.000,0.000,0.000,0.000
9504,0.000,0.000,0.000,0.000
9505,0.000,0.000,0.000,0.000
9506,0.000,0.000,0.000,0.000
9507,0.000,0.000,0.000,0.000
9508,0.000,0.000,0.000,0.000
9509,0.000,0.000,0.000,0.000
9510,0.000,0.000,0.000,0.000
9511,0.000,0.000,0.000,0.000
9512,0.000,0.000,0.000,0.000
9513,0.000,0.000,0.000,0.000
9514,0.000,0.000,0.000,0.000
9515,0.000,0.000,0.000,0.000
9516,0.000,0.000,0.000,0.000
9517,0.000,0.000,0.000,0.000
9518,0.000,0.000,0.000,0.000
9519,0.000,0.000,0.000,0.000
9520,0.000,0.000,0.000,0.000
9521,0.000,0.000,0.000,0.000
9522,0.000,0.000,0.000,0.000
9523,0.000,0.000,0.000,0.000
9524,0.000,0.000,0.000,0.000
9525,0.000,0.000,0.000,0.000
9526,0.000,0.000,0.000,0.000
9527,0.000,0.000,0.000,0.000
9528,0.000,0.000,0.000,0.000
9529,0.000,0.000,0.000,0.000
9530,0.000,0.000,0.000,0.000
9531,0.000,0.000,0.000,0.000
9532,0.000,0.000,0.000,0.000
9533,0.000,0.000,0.000,0.000
9534,0.000,0.000,0.000,0.000
9535,0.000,0.000,0.000,0.000
9536,0.000,0.000,0.000,0.000
9537,0.000,0.000,0.000,0.000
9538,0.000,0.000,0.000,0.000
9539,0.000,0.000,0.000,0.000
9540,0.000,0.000,0.000,0.000
9541,0.000,0.000,0.000,0.000
9542,0.000,0.000,0.000,0.000
9543,0.000,0.000,0.000,0.000
9544,0.000,0.000,0.000,0.000
9545,0.000,0.000,0.000,0.000
9546,0.000,0.000,0.000,0.000
9547,0.000,0.000,0.000,0.000
9548,0.000,0.000,0.000,0.000
9549,0.000,0.000,0.000,0.000
9550,0.000,0.000,0.000,0.000
9551,0.000,0.000,0.000,0.000
9552,0.000,0.000,0.000,0.000
9553,0.000,0.000,0.000,0.000
9554,0.000,0.000,0.000,0.000
9555,0.000,0.000,0.000,0.000
9556,0.000,0.000,0.000,0.000
9557,0.000,0.000,0.000,0.000
9558,0.000,0.000,0.000,0.000
9559,0.000,0.000,0.000,0.000
9560,0.000,0.000,0.000,0.000
9561,0.000,0.000,0.000,0.000
9562,0.000,0.000,0.000,0.000
9563,0.000,0.000,0.000,0.000
9564,0.000,0.000,0.000,0.000
9565,0.000,0.000,0.000,0.000
9566,0.000,0.000,0.000,0.000
9567,0.000,0.000,0.000,0.000
9568,0.000,0.000,0.000,0.000
9569,0.000,0.000,0.000,0.000
9570,0.000,0.000,0.000,0.000
9571,0.000,0.000,0.000,0.000
9572,0.000,0.000,0.000,0.000
9573,0.000,0.000,0.000,0.000
9574,0.000,0.000,0.000,0.000
9575,0.000,0.000,0.000,0.000
9576,0.000,0.000,0.000,0.000
9577,0.000,0.000,0.000,0.000
9578,0.000,0.000,0.000,0.000
9579,0.000,0.000,0.000,0.000
9580,0.000,0.000,0.000,0.000
9581,0.000,0.000,0.000,0.000
9582,0.000,0.000,0.000,0.000
9583,0.000,0.000,0.000,0.000
9584,0.000,0.000,0.000,0.000
9585,0.000,0.000,0.000,0.000
9586,0.000,0.000,0.000,0.000
9587,0.000,0.000,0.000,0.000
9588,0.000,0.000,0.000,0.000
9589,0.000,0.000,0.000,0.000
9590,0.000,0.000,0.000,0.000
9591,0.000,0.000,0.000,0.000
9592,0.000,0.000,0.000,0.000
9593,0.000,0.000,0.000,0.000
9594,0.000,0.000,0.000,0.000
9595,0.000,0.000,0.000,0.000
9596,0.000,0.000,0.000,0.000
9597,0.000,0.000,0.000,0.000
9598,0.000,0.000,0.000,0.000
9599,0.000,0.000,0.000,0.000
9600,0.000,0.000,0.000,0.000
9601,0.000,0.000,0.000,0.000
9602,0.000,0.000,0.000,0.000
9603,0.000,0.000,0.000,0.000
9604,0.000,0.000,0.000,0.000
9605,0.000,0.000,0.000,0.000
9606,0.000,0.000,0.000,0.000
9607,0.000,0.000,0.000,0.000
9608,0.000,0.000,0.000,0.000
9609,0.000,0.000,0.000,0.000
9610,0.000,0.000,0.000,0.000
9611,0.000,0.000,0.000,0.000
9612,0.000,0.000,0.000,0.000
9613,0.000,0.000,0.000,0.000
9614,0.000,0.000,0.000,0.000
9615,0.000,0.000,0.000,0.000
9616,0.000,0.000,0.000,0.000
9617,0.000,0.000,0.000,0.000
9618,0.000,0.000,0.000,0.000
9619,0.000,0.000,0.000,0.000
9620,0.000,0.000,0.000,0.000
9621,0.000,0.000,0.000,0.000
9622,0.000,0.000,0.000,0.000
9623,0.000,0.000,0.000,0.000
9624,0.000,0.000,0.000,0.000
9625,0.000,0.000,0.000,0.000
9626,0.000,0.000,0.000,0.000
9627,0.000,0.000,0.000,0.000
9628,0.000,0.000,0.000,0.000
9629,0.000,0.000,0.000,0.000
9630,0.000,0.000,0.000,0.000
9631,0.000,0.000,0.000,0.000
9632,0.000,0.000,0.000,0.000
9633,0.000,0.000,0.000,0.000
9634,0.000,0.000,0.000,0.000
9635,0.000,0.000,0.000,0.000
9636,0.000,0.000,0.000,0.000
9637,0.000,0.000,0.000,0.000
9638,0.000,0.000,0.000,0.000
9639,0.000,0.000,0.000,0.000
9640,0.000,0.000,0.000,0.000
9641,0.000,0.000,0.000,0.000
9642,0.000,0.000,0.000,0.000
9643,0.000,0.000,0.000,0.000
9644,0.000,0.000,0.000,0.000
9645,0.000,0.000,0.000,0.000
9646,0.000,0.000,0.000,0.000
9647,0.000,0.000,0.000,0.000
9648,0.000,0.000,0.000,0.000
9649,0.000,0.000,0.000,0.000
9650,0.000,0.000,0.000,0.000
9651,0.000,0.000,0.000,0.000
9652,0.000,0.000,0.000,0.000
9653,0.000,0.000,0.000,0.000
9654,0.000,0.000,0.000,0.000
9655,0.000,0.000,0.000,0.000
9656,0.000,0.000,0.000,0.000
9657,0.000,0.000,0.000,0.000
9658,0.000,0.000,0.000,0.000
9659,0.000,0.000,0.000,0.000
9660,0.000,0.000,0.000,0.000
9661,0.000,0.000,0.000,0.000
9662,0.000,0.000,0.000,0.000
9663,0.000,0.000,0.000,0.000
9664,0.000,0.000,0.000,0.000
9665,0.000,0.000,0.000,0.000
9666,0.000,0.000,0.000,0.000
9667,0.000,0.000,0.000,0.000
9668,0.000,0.000,0.000,0.000
9669,0.000,0.000,0.000,0.000
9670,0.000,0.000,0.000,0.000
9671,0.000,0.000,0.000,0.000
9672,0.000,0.000,0.000,0.000
9673,0.000,0.000,0.000,0.000
9674,0.000,0.000,0.000,0.000
9675,0.000,0.000,0.000,0.000
9676,0.000,0.000,0.000,0.000
9677,0.000,0.000,0.000,0.000
9678,0.000,0.000,0.000,0.000
9679,0.000,0.000,0.000,0.000
9680,0.000,0.000,0.000,0.000
9681,0.000,0.000,0.000,0.000
9682,0.000,0.000,0.000,0.000
9683,0.000,0.000,0.000,0.000
9684,0.000,0.000,0.000,0.000
9685,0.000,0.000,0.000,0.000
9686,0.000,0.000,0.000,0.000
9687,0.000,0.000,0.000,0.000
9688,0.000,0.000,0.000,0.000
9689,0.000,0.000,0.000,0.000
9690,0.000,0.000,0.000,0.000
9691,0.000,0.000,0.000,0.000
9692,0.000,0.000,0.000,0.000
9693,0.000,0.000,0.000,0.000
9694,0.000,0.000,0.000,0.000
9695,0.000,0.000,0.000,0.000
9696,0.000,0.000,0.000,0.000
9697,0.000,0.000,0.000,0.000
9698,0.000,0.000,0.000,0.000
9699,0.000,0.000,0.000,0.000
9700,0.000,0.000,0.000,0.000
9701,0.000,0.000,0.000,0.000
9702,0.000,0.000,0.000,0.000
9703,0.000,0.000,0.000,0.000
9704,0.000,0.000,0.000,0.000
9705,0.000,0.000,0.000,0.000
9706,0.000,0.000,0.000,0.000
9707,0.000,0.000,0.000,0.000
9708,0.000,0.000,0.000,0.000
9709,0.000,0.000,0.000,0.000
9710,0.000,0.000,0.000,0.000
9711,0.000,0.000,0.000,0.000
9712,0.000,0.000,0.000,0.000
9713,0.000,0.000,0.000,0.000
9714,0.000,0.000,0.000,0.000
9715,0.000,0.000,0.000,0.000
9716,0.000,0.000,0.000,0.000
9717,0.000,0.000,0.000,0.000
9718,0.000,0.000,0.000,0.000
9719,0.000,0.000,0.000,0.000
9720,0.000,0.000,0.000,0.000
9721,0.000,0.000,0.000,0.000
9722,0.000,0.000,0.000,0.000
9723,0.000,0.000,0.000,0.000
9724,0.000,0.000,0.000,0.000
9725,0.000,0.000,0.000,0.000
9726,0.000,0.000,0.000,0.000
9727,0.000,0.000,0.000,0.000
9728,0.000,0.000,0.000,0.000
9729,0.000,0.000,0.000,0.000
9730,0.000,0.000,0.000,0.000
9731,0.000,0.000,0.000,0.000
9732,0.000,0.000,0.000,0.000
9733,0.000,0.000,0.000,0.000
9734,0.000,0.000,0.000,0.000
9735,0.000,0.000,0.000,0.000
9736,0.000,0.000,0.000,0.000
9737,0.000,0.000,0.000,0.000
9738,0.000,0.000,0.000,0.000
9739,0.000,0.000,0.000,0.000
9740,0.000,0.000,0.000,0.000
9741,0.000,0.000,0.000,0.000
9742,0.000,0.000,0.000,0.000
9743,0.000,0.000,0.000,0.000
9744,0.000,0.000,0.000,0.000
9745,0.000,0.000,0.000,0.000
9746,0.000,0.000,0.000,0.000
9747,0.000,0.000,0.000,0.000
9748,0.000,0.000,0.000,0.000
9749,0.000,0.000,0.000,0.000
9750,0.000,0.000,0.000,0.000
9751,0.000,0.000,0.000,0.000
9752,0.000,0.000,0.000,0.000
9753,0.000,0.000,0.000,0.000
9754,0.000,0.000,0.000,0.000
9755,0.000,0.000,0.000,0.000
9756,0.000,0.000,0.000,0.000
9757,0.000,0.000,0.000,0.000
9758,0.000,0.000,0.000,0.000
9759,0.000,0.000,0.000,0.000
9760,0.000,0.000,0.000,0.000
9761,0.000,0.000,0.000,0.000
9762,0.000,0.000,0.000,0.000
9763,0.000,0.000,0.000,0.000
9764,0.000,0.000,0.000,0.000
9765,0.000,0.000,0.000,0.000
9766,0.000,0.000,0.000,0.000
9767,0.000,0.000,0.000,0.000
9768,0.000,0.000,0.000,0.000
9769,0.000,0.000,0.000,0.000
9770,0.000,0.000,0.000,0.000
9771,0.000,0.000,0.000,0.000
9772,0.000,0.000,0.000,0.000
9773,0.000,0.000,0.000,0.000
9774,0.000,0.000,0.000,0.000
9775,0.000,0.000,0.000,0.000
9776,0.000,0.000,0.000,0.000
9777,0.000,0.000,0.000,0.000
9778,0.000,0.000,0.000,0.000
9779,0.000,0.000,0.000,0.000
9780,0.000,0.000,0.000,0.000
9781,0.000,0.000,0.000,0.000
9782,0.000,0.000,0.000,0.000
9783,0.000,0.000,0.000,0.000
9784,0.000,0.000,0.000,0.000
9785,0.000,0.000,0.000,0.000
9786,0.000,0.000,0.000,0.000
9787,0.000,0.000,0.000,0.000
9788,0.000,0.000,0.000,0.000
9789,0.000,0.000,0.000,0.000
9790,0.000,0.000,0.000,0.000
9791,0.000,0.000,0.000,0.000
9792,0.000,0.000,0.000,0.000
9793,0.000,0.000,0.000,0.000
9794,0.000,0.000,0.000,0.000
9795,0.000,0.000,0.000,0.000
9796,0.000,0.000,0.000,0.000
9797,0.000,0.000,0.000,0.000
9798,0.000,0.000,0.000,0.000
9799,0.000,0.000,0.000,0.000
9800,0.000,0.000,0.000,0.000
9801,0.000,0.000,0.000,0.000
9802,0.000,0.000,0.000,0.000
9803,0.000,0.000,0.000,0.000
9804,0.000,0.000,0.000,0.000
9805,0.000,0.000,0.000,0.000
9806,0.000,0.000,0.000,0.000
9807,0.000,0.000,0.000,0.000
9808,0.000,0.000,0.000,0.000
9809,0.000,0.000,0.000,0.000
9810,0.000,0.000,0.000,0.000
9811,0.000,0.000,0.000,0.000
9812,0.000,0.000,0.000,0.000
9813,0.000,0.000,0.000,0.000
9814,0.000,0.000,0.000,0.000
9815,0.000,0.000,0.000,0.000
9816,0.000,0.000,0.000,0.000
9817,0.000,0.000,0.000,0.000
9818,0.000,0.000,0.000,0.000
9819,0.000,0.000,0.000,0.000
9820,0.000,0.000,0.000,0.000
9821,0.000,0.000,0.000,0.000
9822,0.000,0.000,0.000,0.000
9823,0.000,0.000,0.000,0.000
9824,0.000,0.000,0.000,0.000
9825,0.000,0.000,0.000,0.000
9826,0.000,0.000,0.000,0.000
9827,0.000,0.000,0.000,0.000
9828,0.000,0.000,0.000,0.000
9829,0.000,0.000,0.000,0.000
9830,0.000,0.000,0.000,0.000
9831,0.000,0.000,0.000,0.000
9832,0.000,0.000,0.000,0.000
9833,0.000,0.000,0.000,0.000
9834,0.000,0.000,0.000,0.000
9835,0.000,0.000,0.000,0.000
9836,0.000,0.000,0.000,0.000
9837,0.000,0.000,0.000,0.000
9838,0.000,0.000,0.000,0.000
9839,0.000,0.000,0.000,0.000
9840,0.000,0.000,0.000,0.000
9841,0.000,0.000,0.000,0.000
9842,0.000,0.000,0.000,0.000
9843,0.000,0.000,0.000,0.000
9844,0.000,0.000,0.000,0.000
9845,0.000,0.000,0.000,0.000
9846,0.000,0.000,0.000,0.000
9847,0.000,0.000,0.000,0.000
9848,0.000,0.000,0.000,0.000
9849,0.000,0.000,0.000,0.000
9850,0.000,0.000,0.000,0.000
9851,0.000,0.000,0.000,0.000
9852,0.000,0.000,0.000,0.000
9853,0.000,0.000,0.000,0.000
9854,0.000,0.000,0.000,0.000
9855,0.000,0.000,0.000,0.000
9856,0.000,0.000,0.000,0.000
9857,0.000,0.000,0.000,0.000
9858,0.000,0.000,0.000,0.000
9859,0.000,0.000,0.000,0.000
9860,0.000,0.000,0.000,0.000
9861,0.000,0.000,0.000,0.000
9862,0.000,0.000,0.000,0.000
9863,0.000,0.000,0.000,0.000
9864,0.000,0.000,0.000,0.000
9865,0.000,0.000,0.000,0.000
9866,0.000,0.000,0.000,0.000
9867,0.000,0.000,0.000,0.000
9868,0.000,0.000,0.000,0.000
9869,0.000,0.000,0.000,0.000
9870,0.000,0.000,0.000,0.000
9871,0.000,0.000,0.000,0.000
9872,0.000,0.000,0.000,0.000
9873,0.000,0.000,0.000,0.000
9874,0.000,0.000,0.000,0.000
9875,0.000,0.000,0.000,0.000
9876,0.000,0.000,0.000,0.000
9877,0.000,0.000,0.000,0.000
9878,0.000,0.000,0.000,0.000
9879,0.000,0.000,0.000,0.000
9880,0.000,0.000,0.000,0.000
9881,0.000,0.000,0.000,0.000
9882,0.000,0.000,0.000,0.000
9883,0.000,0.000,0.000,0.000
9884,0.000,0.000,0.000,0.000
9885,0.000,0.000,0.000,0.000
9886,0.000,0.000,0.000,0.000
9887,0.000,0.000,0.000,0.000
9888,0.000,0.000,0.000,0.000
9889,0.000,0.000,0.000,0.000
9890,0.000,0.000,0.000,0.000
9891,0.000,0.000,0.000,0.000
9892,0.000,0.000,0.000,0.000
9893,0.000,0.000,0.000,0.000
9894,0.000,0.000,0.000,0.000
9895,0.000,0.000,0.000,0.000
9896,0.000,0.000,0.000,0.000
9897,0.000,0.000,0.000,0.000
9898,0.000,0.000,0.000,0.000
9899,0.000,0.000,0.000,0.000
9900,0.000,0.000,0.000,0.000
9901,0.000,0.000,0.000,0.000
9902,0.000,0.000,0.000,0.000
9903,0.000,0.000,0.000,0.000
9904,0.000,0.000,0.000,0.000
9905,0.000,0.000,0.000,0.000
9906,0.000,0.000,0.000,0.000
9907,0.000,0.000,0.000,0.000
9908,0.000,0.000,0.000,0.000
9909,0.000,0.000,0.000,0.000
9910,0.000,0.000,0.000,0.000
9911,0.000,0.000,0.000,0.000
9912,0.000,0.000,0.000,0.000
9913,0.000,0.000,0.000,0.000
9914,0.000,0.000,0.000,0.000
9915,0.000,0.000,0.000,0.000
9916,0.000,0.000,0.000,0.000
9917,0.000,0.000,0.000,0.000
9918,0.000,0.000,0.000,0.000
9919,0.000,0.000,0.000,0.000
9920,0.000,0.000,0.000,0.000
9921,0.000,0.000,0.000,0.000
9922,0.000,0.000,0.000,0.000
9923,0.000,0.000,0.000,0.000
9924,0.000,0.000,0.000,0.000
9925,0.000,0.000,0.000,0.000
9926,0.000,0.000,0.000,0.000
9927,0.000,0.000,0.000,0.000
9928,0.000,0.000,0.000,0.000
9929,0.000,0.000,0.000,0.000
9930,0.000,0.000,0.000,0.000
9931,0.000,0.000,0.000,0.000
9932,0.000,0.000,0.000,0.000
9933,0.000,0.000,0.000,0.000
9934,0.000,0.000,0.000,0.000
9935,0.000,0.000,0.000,0.000
9936,0.000,0.000,0.000,0.000
9937,0.000,0.000,0.000,0.000
9938,0.000,0.000,0.000,0.000
9939,0.000,0.000,0.000,0.000
9940,0.000,0.000,0.000,0.000
9941,0.000,0.000,0.000,0.000
9942,0.000,0.000,0.000,0.000
9943,0.000,0.000,0.000,0.000
9944,0.000,0.000,0.000,0.000
9945,0.000,0.000,0.000,0.000
9946,0.000,0.000,0.000,0.000
9947,0.000,0.000,0.000,0.000
9948,0.000,0.000,0.000,0.000
9949,0.000,0.000,0.000,0.000
9950,0.000,0.000,0.000,0.000
9951,0.000,0.000,0.000,0.000
9952,0.000,0.000,0.000,0.000
9953,0.000,0.000,0.000,0.000
9954,0.000,0.000,0.000,0.000
9955,0.000,0.000,0.000,0.000
9956,0.000,0.000,0.000,0.000
9957,0.000,0.000,0.000,0.000
9958,0.000,0.000,0.000,0.000
9959,0.000,0.000,0.000,0.000
9960,0.000,0.000,0.000,0.000
9961,0.000,0.000,0.000,0.000
9962,0.000,0.000,0.000,0.000
9963,0.000,0.000,0.000,0.000
9964,0.000,0.000,0.000,0.000
9965,0.000,0.000,0.000,0.000
9966,0.000,0.000,0.000,0.000
9967,0.000,0.000,0.000,0.000
9968,0.000,0.000,0.000,0.000
9969,0.000,0.000,0.000,0.000
9970,0.000,0.000,0.000,0.000
9971,0.000,0.000,0.000,0.000
9972,0.000,0.000,0.000,0.000
9973,0.000,0.000,0.000,0.000
9974,0.000,0.000,0.000,0.000
9975,0.000,0.000,0.000,0.000
9976,0.000,0.000,0.000,0.000
9977,0.000,0.000,0.000,0.000
9978,0.000,0.000,0.000,0.000
9979,0.000,0.000,0.000,0.000
9980,0.000,0.000,0.000,0.000
9981,0.000,0.000,0.000,0.000
9982,0.000,0.000,0.000,0.000
9983,0.000,0.000,0.000,0.000
9984,0.000,0.000,0.000,0.000
9985,0.000,0.000,0.000,0.000
9986,0.000,0.000,0.000,0.000
9987,0.000,0.000,0.000,0.000
9988,0.000,0.000,0.000,0.000
9989,0.000,0.000,0.000,0.000
9990,0.000,0.000,0.000,0.000
9991,0.000,0.000,0.000,0.000
9992,0.000,0.000,0.000,0.000
9993,0.000,0.000,0.000,0.000
9994,0.000,0.000,0.000,0.000
9995,0.000,0.000,0.000,0.000
9996,0.000,0.000,0.000,0.000
9997,0.000,0.000,0.000,0.000
9998,0.000,0.000,0.000,0.000
9999,0.000,0.000,0.000,0.000
10000,0.000,0.000,0.000,0.000
10001,0.000,0.000,0.000,0.000
10002,0.000,0.000,0.000,0.000
10003,0.000,0.000,0.000,0.000
10004,0.000,0.000,0.000,0.000
10005,0.000,0.000,0.000,0.000
10006,0.000,0.000,0.000,0.000
10007,0.000,0.000,0.000,0.000
10008,0.000,0.000,0.000,0.000
10009,0.000,0.000,0.000,0.000
10010,0.000,0.000,0.000,0.000
10011,0.000,0.000,0.000,0.000
10012,0.000,0.000,0.000,0.000
10013,0.000,0.000,0.000,0.000
10014,0.000,0.000,0.000,0.000
10015,0.000,0.000,0.000,0.000
10016,0.000,0.000,0.000,0.000
10017,0.000,0.000,0.000,0.000
10018,0.000,0.000,0.000,0.000
10019,0.000,0.000,0.000,0.000
10020,0.000,0.000,0.000,0.000
10021,0.000,0.000,0.000,0.000
10022,0.000,0.000,0.000,0.000
10023,0.000,0.000,0.000,0.000
10024,0.000,0.000,0.000,0.000
10025,0.000,0.000,0.000,0.000
10026,0.000,0.000,0.000,0.000
10027,0.000,0.000,0.000,0.000
10028,0.000,0.000,0.000,0.000
10029,0.000,0.000,0.000,0.000
10030,0.000,0.000,0.000,0.000
10031,0.000,0.000,0.000,0.000
10032,0.000,0.000,0.000,0.000
10033,0.000,0.000,0.000,0.000
10034,0.000,0.000,0.000,0.000
10035,0.000,0.000,0.000,0.000
10036,0.000,0.000,0.000,0.000
10037,0.000,0.000,0.000,0.000
10038,0.000,0.000,0.000,0.000
10039,0.000,0.000,0.000,0.000
10040,0.000,0.000,0.000,0.000
10041,0.000,0.000,0.000,0.000
10042,0.000,0.000,0.000,0.000
10043,0.000,0.000,0.000,0.000
10044,0.000,0.000,0.000,0.000
10045,0.000,0.000,0.000,0.000
10046,0.000,0.000,0.000,0.000
10047,0.000,0.000,0.000,0.000
10048,0.000,0.000,0.000,0.000
10049,0.000,0.000,0.000,0.000
10050,0.000,0.000,0.000,0.000
10051,0.000,0.000,0.000,0.000
10052,0.000,0.000,0.000,0.000
10053,0.000,0.000,0.000,0.000
10054,0.000,0.000,0.000,0.000
10055,0.000,0.000,0.000,0.000
10056,0.000,0.000,0.000,0.000
10057,0.000,0.000,0.000,0.000
10058,0.000,0.000,0.000,0.000
10059,0.000,0.000,0.000,0.000
10060,0.000,0.000,0.000,0.000
10061,0.000,0.000,0.000,0.000
10062,0.000,0.000,0.000,0.000
10063,0.000,0.000,0.000,0.000
10064,0.000,0.000,0.000,0.000
10065,0.000,0.000,0.000,0.000
10066,0.000,0.000,0.000,0.000
10067,0.000,0.000,0.000,0.000
10068,0.000,0.000,0.000,0.000
10069,0.000,0.000,0.000,0.000
10070,0.000,0.000,0.000,0.000
10071,0.000,0.000,0.000,0.000
10072,0.000,0.000,0.000,0.000
10073,0.000,0.000,0.000,0.000
10074,0.000,0.000,0.000,0.000
10075,0.000,0.000,0.000,0.000
10076,0.000,0.000,0.000,0.000
10077,0.000,0.000,0.000,0.000
10078,0.000,0.000,0.000,0.000
10079,0.000,0.000,0.000,0.000
10080,0.000,0.000,0.000,0.000
10081,0.000,0.000,0.000,0.000
10082,0.000,0.000,0.000,0.000
10083,0.000,0.000,0.000,0.000
10084,0.000,0.000,0.000,0.000
10085,0.000,0.000,0.000,0.000
10086,0.000,0.000,0.000,0.000
10087,0.000,0.000,0.000,0.000
10088,0.000,0.000,0.000,0.000
10089,0.000,0.000,0.000,0.000
10090,0.000,0.000,0.000,0.000
10091,0.000,0.000,0.000,0.000
10092,0.000,0.000,0.000,0.000
10093,0.000,0.000,0.000,0.000
10094,0.000,0.000,0.000,0.000
10095,0.000,0.000,0.000,0.000
10096,0.000,0.000,0.000,0.000
10097,0.000,0.000,0.000,0.000
10098,0.000,0.000,0.000,0.000
10099,0.000,0.000,0.000,0.000
10100,0.000,0.000,0.000,0.000
10101,0.000,0.000,0.000,0.000
10102,0.000,0.000,0.000,0.000
10103,0.000,0.000,0.000,0.000
10104,0.000,0.000,0.000,0.000
10105,0.000,0.000,0.000,0.000
10106,0.000,0.000,0.000,0.000
10107,0.000,0.000,0.000,0.000
10108,0.000,0.000,0.000,0.000
10109,0.000,0.000,0.000,0.000
10110,0.000,0.000,0.000,0.000
10111,0.000,0.000,0.000,0.000
10112,0.000,0.000,0.000,0.000
10113,0.000,0.000,0.000,0.000
10114,0.000,0.000,0.000,0.000
10115,0.000,0.000,0.000,0.000
10116,0.000,0.000,0.000,0.000
10117,0.000,0.000,0.000,0.000
10118,0.000,0.000,0.000,0.000
10119,0.000,0.000,0.000,0.000
10120,0.000,0.000,0.000,0.000
10121,0.000,0.000,0.000,0.000
10122,0.000,0.000,0.000,0.000
10123,0.000,0.000,0.000,0.000
10124,0.000,0.000,0.000,0.000
10125,0.000,0.000,0.000,0.000
10126,0.000,0.000,0.000,0.000
10127,0.000,0.000,0.000,0.000
10128,0.000,0.000,0.000,0.000
10129,0.000,0.000,0.000,0.000
10130,0.000,0.000,0.000,0.000
10131,0.000,0.000,0.000,0.000
10132,0.000,0.000,0.000,0.000
10133,0.000,0.000,0.000,0.000
10134,0.000,0.000,0.000,0.000
10135,0.000,0.000,0.000,0.000
10136,0.000,0.000,0.000,0.000
10137,0.000,0.000,0.000,0.000
10138,0.000,0.000,0.000,0.000
10139,0.000,0.000,0.000,0.000
10140,0.000,0.000,0.000,0.000
10141,0.000,0.000,0.000,0.000
10142,0.000,0.000,0.000,0.000
10143,0.000,0.000,0.000,0.000
10144,0.000,0.000,0.000,0.000
10145,0.000,0.000,0.000,0.000
10146,0.000,0.000,0.000,0.000
10147,0.000,0.000,0.000,0.000
10148,0.000,0.000,0.000,0.000
10149,0.000,0.000,0.000,0.000
10150,0.000,0.000,0.000,0.000
10151,0.000,0.000,0.000,0.000
10152,0.000,0.000,0.000,0.000
10153,0.000,0.000,0.000,0.000
10154,0.000,0.000,0.000,0.000
10155,0.000,0.000,0.000,0.000
10156,0.000,0.000,0.000,0.000
10157,0.000,0.000,0.000,0.000
10158,0.000,0.000,0.000,0.000
10159,0.000,0.000,0.000,0.000
10160,0.000,0.000,0.000,0.000
10161,0.000,0.000,0.000,0.000
10162,0.000,0.000,0.000,0.000
10163,0.000,0.000,0.000,0.000
10164,0.000,0.000,0.000,0.000
10165,0.000,0.000,0.000,0.000
10166,0.000,0.000,0.000,0.000
10167,0.000,0.000,0.000,0.000
10168,0.000,0.000,0.000,0.000
10169,0.000,0.000,0.000,0.000
10170,0.000,0.000,0.000,0.000
10171,0.000,0.000,0.000,0.000
10172,0.000,0.000,0.000,0.000
10173,0.000,0.000,0.000,0.000
10174,0.000,0.000,0.000,0.000
10175,0.000,0.000,0.000,0.000
10176,0.000,0.000,0.000,0.000
10177,0.000,0.000,0.000,0.000
10178,0.000,0.000,0.000,0.000
10179,0.000,0.000,0.000,0.000
10180,0.000,0.000,0.000,0.000
10181,0.000,0.000,0.000,0.000
10182,0.000,0.000,0.000,0.000
10183,0.000,0.000,0.000,0.000
10184,0.000,0.000,0.000,0.000
10185,0.000,0.000,0.000,0.000
10186,0.000,0.000,0.000,0.000
10187,0.000,0.000,0.000,0.000
10188,0.000,0.000,0.000,0.000
10189,0.000,0.000,0.000,0.000
10190,0.000,0.000,0.000,0.000
10191,0.000,0.000,0.000,0.000
10192,0.000,0.000,0.000,0.000
10193,0.000,0.000,0.000,0.000
10194,0.000,0.000,0.000,0.000
10195,0.000,0.000,0.000,0.000
10196,0.000,0.000,0.000,0.000
10197,0.000,0.000,0.000,0.000
10198,0.000,0.000,0.000,0.000
10199,0.000,0.000,0.000,0.000
10200,0.000,0.000,0.000,0.000
10201,0.000,0.000,0.000,0.000
10202,0.000,0.000,0.000,0.000
10203,0.000,0.000,0.000,0.000
10204,0.000,0.000,0.000,0.000
10205,0.000,0.000,0.000,0.000
10206,0.000,0.000,0.000,0.000
10207,0.000,0.000,0.000,0.000
10208,0.000,0.000,0.000,0.000
10209,0.000,0.000,0.000,0.000
10210,0.000,0.000,0.000,0.000
10211,0.000,0.000,0.000,0.000
10212,0.000,0.000,0.000,0.000
10213,0.000,0.000,0.000,0.000
10214,0.000,0.000,0.000,0.000
10215,0.000,0.000,0.000,0.000
10216,0.000,0.000,0.000,0.000
10217,0.000,0.000,0.000,0.000
10218,0.000,0.000,0.000,0.000
10219,0.000,0.000,0.000,0.000
10220,0.000,0.000,0.000,0.000
10221,0.000,0.000,0.000,0.000
10222,0.000,0.000,0.000,0.000
10223,0.000,0.000,0.000,0.000
10224,0.000,0.000,0.000,0.000
10225,0.000,0.000,0.000,0.000
10226,0.000,0.000,0.000,0.000
10227,0.000,0.000,0.000,0.000
10228,0.000,0.000,0.000,0.000
10229,0.000,0.000,0.000,0.000
10230,0.000,0.000,0.000,0.000
10231,0.000,0.000,0.000,0.000
10232,0.000,0.000,0.000,0.000
10233,0.000,0.000,0.000,0.000
10234,0.000,0.000,0.000,0.000
10235,0.000,0.000,0.000,0.000
10236,0.000,0.000,0.000,0.000
10237,0.000,0.000,0.000,0.000
10238,0.000,0.000,0.000,0.000
10239,0.000,0.000,0.000,0.000
10240,0.000,0.000,0.000,0.000
10241,0.000,0.000,0.000,0.000
10242,0.000,0.000,0.000,0.000
10243,0.000,0.000,0.000,0.000
10244,0.000,0.000,0.000,0.000
10245,0.000,0.000,0.000,0.000
10246,0.000,0.000,0.000,0.000
10247,0.000,0.000,0.000,0.000
10248,0.000,0.000,0.000,0.000
10249,0.000,0.000,0.000,0.000
10250,0.000,0.000,0.000,0.000
10251,0.000,0.000,0.000,0.000
10252,0.000,0.000,0.000,0.000
10253,0.000,0.000,0.000,0.000
10254,0.000,0.000,0.000,0.000
10255,0.000,0.000,0.000,0.000
10256,0.000,0.000,0.000,0.000
10257,0.000,0.000,0.000,0.000
10258,0.000,0.000,0.000,0.000
10259,0.000,0.000,0.000,0.000
10260,0.000,0.000,0.000,0.000
10261,0.000,0.000,0.000,0.000
10262,0.000,0.000,0.000,0.000
10263,0.000,0.000,0.000,0.000
10264,0.000,0.000,0.000,0.000
10265,0.000,0.000,0.000,0.000
10266,0.000,0.000,0.000,0.000
10267,0.000,0.000,0.000,0.000
10268,0.000,0.000,0.000,0.000
10269,0.000,0.000,0.000,0.000
10270,0.000,0.000,0.000,0.000
10271,0.000,0.000,0.000,0.000
10272,0.000,0.000,0.000,0.000
10273,0.000,0.000,0.000,0.000
10274,0.000,0.000,0.000,0.000
10275,0.000,0.000,0.000,0.000
10276,0.000,0.000,0.000,0.000
10277,0.000,0.000,0.000,0.000
10278,0.000,0.000,0.000,0.000
10279,0.000,0.000,0.000,0.000
10280,0.000,0.000,0.000,0.000
10281,0.000,0.000,0.000,0.000
10282,0.000,0.000,0.000,0.000
10283,0.000,0.000,0.000,0.000
10284,0.000,0.000,0.000,0.000
10285,0.000,0.000,0.000,0.000
10286,0.000,0.000,0.000,0.000
10287,0.000,0.000,0.000,0.000
10288,0.000,0.000,0.000,0.000
10289,0.000,0.000,0.000,0.000
10290,0.000,0.000,0.000,0.000
10291,0.000,0.000,0.000,0.000
10292,0.000,0.000,0.000,0.000
10293,0.000,0.000,0.000,0.000
10294,0.000,0.000,0.000,0.000
10295,0.000,0.000,0.000,0.000
10296,0.000,0.000,0.000,0.000
10297,0.000,0.000,0.000,0.000
10298,0.000,0.000,0.000,0.000
10299,0.000,0.000,0.000,0.000
10300,0.000,0.000,0.000,0.000
10301,0.000,0.000,0.000,0.000
10302,0.000,0.000,0.000,0.000
10303,0.000,0.000,0.000,0.000
10304,0.000,0.000,0.000,0.000
10305,0.000,0.000,0.000,0.000
10306,0.000,0.000,0.000,0.000
10307,0.000,0.000,0.000,0.000
10308,0.000,0.000,0.000,0.000
10309,0.000,0.000,0.000,0.000
10310,0.000,0.000,0.000,0.000
10311,0.000,0.000,0.000,0.000
10312,0.000,0.000,0.000,0.000
10313,0.000,0.000,0.000,0.000
10314,0.000,0.000,0.000,0.000
10315,0.000,0.000,0.000,0.000
10316,0.000,0.000,0.000,0.000
10317,0.000,0.000,0.000,0.000
10318,0.000,0.000,0.000,0.000
10319,0.000,0.000,0.000,0.000
10320,0.000,0.000,0.000,0.000
10321,0.000,0.000,0.000,0.000
10322,0.000,0.000,0.000,0.000
10323,0.000,0.000,0.000,0.000
10324,0.000,0.000,0.000,0.000
10325,0.000,0.000,0.000,0.000
10326,0.000,0.000,0.000,0.000
10327,0.000,0.000,0.000,0.000
10328,0.000,0.000,0.000,0.000
10329,0.000,0.000,0.000,0.000
10330,0.000,0.000,0.000,0.000
10331,0.000,0.000,0.000,0.000
10332,0.000,0.000,0.000,0.000
10333,0.000,0.000,0.000,0.000
10334,0.000,0.000,0.000,0.000
10335,0.000,0.000,0.000,0.000
10336,0.000,0.000,0.000,0.000
10337,0.000,0.000,0.000,0.000
10338,0.000,0.000,0.000,0.000
10339,0.000,0.000,0.000,0.000
10340,0.000,0.000,0.000,0.000
10341,0.000,0.000,0.000,0.000
10342,0.000,0.000,0.000,0.000
10343,0.000,0.000,0.000,0.000
10344,0.000,0.000,0.000,0.000
10345,0.000,0.000,0.000,0.000
10346,0.000,0.000,0.000,0.000
10347,0.000,0.000,0.000,0.000
10348,0.000,0.000,0.000,0.000
10349,0.000,0.000,0.000,0.000
10350,0.000,0.000,0.000,0.000
10351,0.000,0.000,0.000,0.000
10352,0.000,0.000,0.000,0.000
10353,0.000,0.000,0.000,0.000
10354,0.000,0.000,0.000,0.000
10355,0.000,0.000,0.000,0.000
10356,0.000,0.000,0.000,0.000
10357,0.000,0.000,0.000,0.000
10358,0.000,0.000,0.000,0.000
10359,0.000,0.000,0.000,0.000
10360,0.000,0.000,0.000,0.000
10361,0.000,0.000,0.000,0.000
10362,0.000,0.000,0.000,0.000
10363,0.000,0.000,0.000,0.000
10364,0.000,0.000,0.000,0.000
10365,0.000,0.000,0.000,0.000
10366,0.000,0.000,0.000,0.000
10367,0.000,0.000,0.000,0.000
10368,0.000,0.000,0.000,0.000
10369,0.000,0.000,0.000,0.000
10370,0.000,0.000,0.000,0.000
10371,0.000,0.000,0.000,0.000
10372,0.000,0.000,0.000,0.000
10373,0.000,0.000,0.000,0.000
10374,0.000,0.000,0.000,0.000
10375,0.000,0.000,0.000,0.000
10376,0.000,0.000,0.000,0.000
10377,0.000,0.000,0.000,0.000
10378,0.000,0.000,0.000,0.000
10379,0.000,0.000,0.000,0.000
10380,0.000,0.000,0.000,0.000
10381,0.000,0.000,0.000,0.000
10382,0.000,0.000,0.000,0.000
10383,0.000,0.000,0.000,0.000
10384,0.000,0.000,0.000,0.000
10385,0.000,0.000,0.000,0.000
10386,0.000,0.000,0.000,0.000
10387,0.000,0.000,0.000,0.000
10388,0.000,0.000,0.000,0.000
10389,0.000,0.000,0.000,0.000
10390,0.000,0.000,0.000,0.000
10391,0.000,0.000,0.000,0.000
10392,0.000,0.000,0.000,0.000
10393,0.000,0.000,0.000,0.000
10394,0.000,0.000,0.000,0.000
10395,0.000,0.000,0.000,0.000
10396,0.000,0.000,0.000,0.000
10397,0.000,0.000,0.000,0.000
10398,0.000,0.000,0.000,0.000
10399,0.000,0.000,0.000,0.000
10400,0.000,0.000,0.000,0.000
10401,0.000,0.000,0.000,0.000
10402,0.000,0.000,0.000,0.000
10403,0.000,0.000,0.000,0.000
10404,0.000,0.000,0.000,0.000
10405,0.000,0.000,0.000,0.000
10406,0.000,0.000,0.000,0.000
10407,0.000,0.000,0.000,0.000
10408,0.000,0.000,0.000,0.000
10409,0.000,0.000,0.000,0.000
10410,0.000,0.000,0.000,0.000
10411,0.000,0.000,0.000,0.000
10412,0.000,0.000,0.000,0.000
10413,0.000,0.000,0.000,0.000
10414,0.000,0.000,0.000,0.000
10415,0.000,0.000,0.000,0.000
10416,0.000,0.000,0.000,0.000
10417,0.000,0.000,0.000,0.000
10418,0.000,0.000,0.000,0.000
10419,0.000,0.000,0.000,0.000
10420,0.000,0.000,0.000,0.000
10421,0.000,0.000,0.000,0.000
10422,0.000,0.000,0.000,0.000
10423,0.000,0.000,0.000,0.000
10424,0.000,0.000,0.000,0.000
10425,0.000,0.000,0.000,0.000
10426,0.000,0.000,0.000,0.000
10427,0.000,0.000,0.000,0.000
10428,0.000,0.000,0.000,0.000
10429,0.000,0.000,0.000,0.000
10430,0.000,0.000,0.000,0.000
10431,0.000,0.000,0.000,0.000
10432,0.000,0.000,0.000,0.000
10433,0.000,0.000,0.000,0.000
10434,0.000,0.000,0.000,0.000
10435,0.000,0.000,0.000,0.000
10436,0.000,0.000,0.000,0.000
10437,0.000,0.000,0.000,0.000
10438,0.000,0.000,0.000,0.000
10439,0.000,0.000,0.000,0.000
10440,0.000,0.000,0.000,0.000
10441,0.000,0.000,0.000,0.000
10442,0.000,0.000,0.000,0.000
10443,0.000,0.000,0.000,0.000
10444,0.000,0.000,0.000,0.000
10445,0.000,0.000,0.000,0.000
10446,0.000,0.000,0.000,0.000
10447,0.000,0.000,0.000,0.000
10448,0.000,0.000,0.000,0.000
10449,0.000,0.000,0.000,0.000
10450,0.000,0.000,0.000,0.000
10451,0.000,0.000,0.000,0.000
10452,0.000,0.000,0.000,0.000
10453,0.000,0.000,0.000,0.000
10454,0.000,0.000,0.000,0.000
10455,0.000,0.000,0.000,0.000
10456,0.000,0.000,0.000,0.000
10457,0.000,0.000,0.000,0.000
10458,0.000,0.000,0.000,0.000
10459,0.000,0.000,0.000,0.000
10460,0.000,0.000,0.000,0.000
10461,0.000,0.000,0.000,0.000
10462,0.000,0.000,0.000,0.000
10463,0.000,0.000,0.000,0.000
10464,0.000,0.000,0.000,0.000
10465,0.000,0.000,0.000,0.000
10466,0.000,0.000,0.000,0.000
10467,0.000,0.000,0.000,0.000
10468,0.000,0.000,0.000,0.000
10469,0.000,0.000,0.000,0.000
10470,0.000,0.000,0.000,0.000
10471,0.000,0.000,0.000,0.000
10472,0.000,0.000,0.000,0.000
10473,0.000,0.000,0.000,0.000
10474,0.000,0.000,0.000,0.000
10475,0.000,0.000,0.000,0.000
10476,0.000,0.000,0.000,0.000
10477,0.000,0.000,0.000,0.000
10478,0.000,0.000,0.000,0.000
10479,0.000,0.000,0.000,0.000
10480,0.000,0.000,0.000,0.000
10481,0.000,0.000,0.000,0.000
10482,0.000,0.000,0.000,0.000
10483,0.000,0.000,0.000,0.000
10484,0.000,0.000,0.000,0.000
10485,0.000,0.000,0.000,0.000
10486,0.000,0.000,0.000,0.000
10487,0.000,0.000,0.000,0.000
10488,0.000,0.000,0.000,0.000
10489,0.000,0.000,0.000,0.000
10490,0.000,0.000,0.000,0.000
10491,0.000,0.000,0.000,0.000
10492,0.000,0.000,0.000,0.000
10493,0.000,0.000,0.000,0.000
10494,0.000,0.000,0.000,0.000
10495,0.000,0.000,0.000,0.000
10496,0.000,0.000,0.000,0.000
10497,0.000,0.000,0.000,0.000
10498,0.000,0.000,0.000,0.000
10499,0.000,0.000,0.000,0.000
10500,0.000,0.000,0.000,0.000
10501,0.000,0.000,0.000,0.000
10502,0.000,0.000,0.000,0.000
10503,0.000,0.000,0.000,0.000
10504,0.000,0.000,0.000,0.000
10505,0.000,0.000,0.000,0.000
10506,0.000,0.000,0.000,0.000
10507,0.000,0.000,0.000,0.000
10508,0.000,0.000,0.000,0.000
10509,0.000,0.000,0.000,0.000
10510,0.000,0.000,0.000,0.000
10511,0.000,0.000,0.000,0.000
10512,0.000,0.000,0.000,0.000
10513,0.000,0.000,0.000,0.000
10514,0.000,0.000,0.000,0.000
10515,0.000,0.000,0.000,0.000
10516,0.000,0.000,0.000,0.000
10517,0.000,0.000,0.000,0.000
10518,0.000,0.000,0.000,0.000
10519,0.000,0.000,0.000,0.000
10520,0.000,0.000,0.000,0.000
10521,0.000,0.000,0.000,0.000
10522,0.000,0.000,0.000,0.000
10523,0.000,0.000,0.000,0.000
10524,0.000,0.000,0.000,0.000
10525,0.000,0.000,0.000,0.000
10526,0.000,0.000,0.000,0.000
10527,0.000,0.000,0.000,0.000
10528,0.000,0.000,0.000,0.000
10529,0.000,0.000,0.000,0.000
10530,0.000,0.000,0.000,0.000
10531,0.000,0.000,0.000,0.000
10532,0.000,0.000,0.000,0.000
10533,0.000,0.000,0.000,0.000
10534,0.000,0.000,0.000,0.000
10535,0.000,0.000,0.000,0.000
10536,0.000,0.000,0.000,0.000
10537,0.000,0.000,0.000,0.000
10538,0.000,0.000,0.000,0.000
10539,0.000,0.000,0.000,0.000
10540,0.000,0.000,0.000,0.000
10541,0.000,0.000,0.000,0.000
10542,0.000,0.000,0.000,0.000
10543,0.000,0.000,0.000,0.000
10544,0.000,0.000,0.000,0.000
10545,0.000,0.000,0.000,0.000
10546,0.000,0.000,0.000,0.000
10547,0.000,0.000,0.000,0.000
10548,0.000,0.000,0.000,0.000
10549,0.000,0.000,0.000,0.000
10550,0.000,0.000,0.000,0.000
10551,0.000,0.000,0.000,0.000
10552,0.000,0.000,0.000,0.000
10553,0.000,0.000,0.000,0.000
10554,0.000,0.000,0.000,0.000
10555,0.000,0.000,0.000,0.000
10556,0.000,0.000,0.000,0.000
10557,0.000,0.000,0.000,0.000
10558,0.000,0.000,0.000,0.000
10559,0.000,0.000,0.000,0.000
10560,0.000,0.000,0.000,0.000
10561,0.000,0.000,0.000,0.000
10562,0.000,0.000,0.000,0.000
10563,0.000,0.000,0.000,0.000
10564,0.000,0.000,0.000,0.000
10565,0.000,0.000,0.000,0.000
10566,0.000,0.000,0.000,0.000
10567,0.000,0.000,0.000,0.000
10568,0.000,0.000,0.000,0.000
10569,0.000,0.000,0.000,0.000
10570,0.000,0.000,0.000,0.000
10571,0.000,0.000,0.000,0.000
10572,0.000,0.000,0.000,0.000
10573,0.000,0.000,0.000,0.000
10574,0.000,0.000,0.000,0.000
10575,0.000,0.000,0.000,0.000
10576,0.000,0.000,0.000,0.000
10577,0.000,0.000,0.000,0.000
10578,0.000,0.000,0.000,0.000
10579,0.000,0.000,0.000,0.000
10580,0.000,0.000,0.000,0.000
10581,0.000,0.000,0.000,0.000
10582,0.000,0.000,0.000,0.000
10583,0.000,0.000,0.000,0.000
10584,0.000,0.000,0.000,0.000
10585,0.000,0.000,0.000,0.000
10586,0.000,0.000,0.000,0.000
10587,0.000,0.000,0.000,0.000
10588,0.000,0.000,0.000,0.000
10589,0.000,0.000,0.000,0.000
10590,0.000,0.000,0.000,0.000
10591,0.000,0.000,0.000,0.000
10592,0.000,0.000,0.000,0.000
10593,0.000,0.000,0.000,0.000
10594,0.000,0.000,0.000,0.000
10595,0.000,0.000,0.000,0.000
10596,0.000,0.000,0.000,0.000
10597,0.000,0.000,0.000,0.000
10598,0.000,0.000,0.000,0.000
10599,0.000,0.000,0.000,0.000
10600,0.000,0.000,0.000,0.000
10601,0.000,0.000,0.000,0.000
10602,0.000,0.000,0.000,0.000
10603,0.000,0.000,0.000,0.000
10604,0.000,0.000,0.000,0.000
10605,0.000,0.000,0.000,0.000
10606,0.000,0.000,0.000,0.000
10607,0.000,0.000,0.000,0.000
10608,0.000,0.000,0.000,0.000
10609,0.000,0.000,0.000,0.000
10610,0.000,0.000,0.000,0.000
10611,0.000,0.000,0.000,0.000
10612,0.000,0.000,0.000,0.000
10613,0.000,0.000,0.000,0.000
10614,0.000,0.000,0.000,0.000
10615,0.000,0.000,0.000,0.000
10616,0.000,0.000,0.000,0.000
10617,0.000,0.000,0.000,0.000
10618,0.000,0.000,0.000,0.000
10619,0.000,0.000,0.000,0.000
10620,0.000,0.000,0.000,0.000
10621,0.000,0.000,0.000,0.000
10622,0.000,0.000,0.000,0.000
10623,0.000,0.000,0.000,0.000
10624,0.000,0.000,0.000,0.000
10625,0.000,0.000,0.000,0.000
10626,0.000,0.000,0.000,0.000
10627,0.000,0.000,0.000,0.000
10628,0.000,0.000,0.000,0.000
10629,0.000,0.000,0.000,0.000
10630,0.000,0.000,0.000,0.000
10631,0.000,0.000,0.000,0.000
10632,0.000,0.000,0.000,0.000
10633,0.000,0.000,0.000,0.000
10634,0.000,0.000,0.000,0.000
10635,0.000,0.000,0.000,0.000
10636,0.000,0.000,0.000,0.000
10637,0.000,0.000,0.000,0.000
10638,0.000,0.000,0.000,0.000
10639,0.000,0.000,0.000,0.000
10640,0.000,0.000,0.000,0.000
10641,0.000,0.000,0.000,0.000
10642,0.000,0.000,0.000,0.000
10643,0.000,0.000,0.000,0.000
10644,0.000,0.000,0.000,0.000
10645,0.000,0.000,0.000,0.000
10646,0.000,0.000,0.000,0.000
10647,0.000,0.000,0.000,0.000
10648,0.000,0.000,0.000,0.000
10649,0.000,0.000,0.000,0.000
10650,0.000,0.000,0.000,0.000
10651,0.000,0.000,0.000,0.000
10652,0.000,0.000,0.000,0.000
10653,0.000,0.000,0.000,0.000
10654,0.000,0.000,0.000,0.000
10655,0.000,0.000,0.000,0.000
10656,0.000,0.000,0.000,0.000
10657,0.000,0.000,0.000,0.000
10658,0.000,0.000,0.000,0.000
10659,0.000,0.000,0.000,0.000
10660,0.000,0.000,0.000,0.000
10661,0.000,0.000,0.000,0.000
10662,0.000,0.000,0.000,0.000
10663,0.000,0.000,0.000,0.000
10664,0.000,0.000,0.000,0.000
10665,0.000,0.000,0.000,0.000
10666,0.000,0.000,0.000,0.000
10667,0.000,0.000,0.000,0.000
10668,0.000,0.000,0.000,0.000
10669,0.000,0.000,0.000,0.000
10670,0.000,0.000,0.000,0.000
10671,0.000,0.000,0.000,0.000
10672,0.000,0.000,0.000,0.000
10673,0.000,0.000,0.000,0.000
10674,0.000,0.000,0.000,0.000
10675,0.000,0.000,0.000,0.000
10676,0.000,0.000,0.000,0.000
10677,0.000,0.000,0.000,0.000
10678,0.000,0.000,0.000,0.000
10679,0.000,0.000,0.000,0.000
10680,0.000,0.000,0.000,0.000
10681,0.000,0.000,0.000,0.000
10682,0.000,0.000,0.000,0.000
10683,0.000,0.000,0.000,0.000
10684,0.000,0.000,0.000,0.000
10685,0.000,0.000,0.000,0.000
10686,0.000,0.000,0.000,0.000
10687,0.000,0.000,0.000,0.000
10688,0.000,0.000,0.000,0.000
10689,0.000,0.000,0.000,0.000
10690,0.000,0.000,0.000,0.000
10691,0.000,0.000,0.000,0.000
10692,0.000,0.000,0.000,0.000
10693,0.000,0.000,0.000,0.000
10694,0.000,0.000,0.000,0.000
10695,0.000,0.000,0.000,0.000
10696,0.000,0.000,0.000,0.000
10697,0.000,0.000,0.000,0.000
10698,0.000,0.000,0.000,0.000
10699,0.000,0.000,0.000,0.000
10700,0.000,0.000,0.000,0.000
10701,0.000,0.000,0.000,0.000
10702,0.000,0.000,0.000,0.000
10703,0.000,0.000,0.000,0.000
10704,0.000,0.000,0.000,0.000
10705,0.000,0.000,0.000,0.000
10706,0.000,0.000,0.000,0.000
10707,0.000,0.000,0.000,0.000
10708,0.000,0.000,0.000,0.000
10709,0.000,0.000,0.000,0.000
10710,0.000,0.000,0.000,0.000
10711,0.000,0.000,0.000,0.000
10712,0.000,0.000,0.000,0.000
10713,0.000,0.000,0.000,0.000
10714,0.000,0.000,0.000,0.000
10715,0.000,0.000,0.000,0.000
10716,0.000,0.000,0.000,0.000
10717,0.000,0.000,0.000,0.000
10718,0.000,0.000,0.000,0.000
10719,0.000,0.000,0.000,0.000
10720,0.000,0.000,0.000,0.000
10721,0.000,0.000,0.000,0.000
10722,0.000,0.000,0.000,0.000
10723,0.000,0.000,0.000,0.000
10724,0.000,0.000,0.000,0.000
10725,0.000,0.000,0.000,0.000
10726,0.000,0.000,0.000,0.000
10727,0.000,0.000,0.000,0.000
10728,0.000,0.000,0.000,0.000
10729,0.000,0.000,0.000,0.000
10730,0.000,0.000,0.000,0.000
10731,0.000,0.000,0.000,0.000
10732,0.000,0.000,0.000,0.000
10733,0.000,0.000,0.000,0.000
10734,0.000,0.000,0.000,0.000
10735,0.000,0.000,0.000,0.000
10736,0.000,0.000,0.000,0.000
10737,0.000,0.000,0.000,0.000
10738,0.000,0.000,0.000,0.000
10739,0.000,0.000,0.000,0.000
10740,0.000,0.000,0.000,0.000
10741,0.000,0.000,0.000,0.000
10742,0.000,0.000,0.000,0.000
10743,0.000,0.000,0.000,0.000
10744,0.000,0.000,0.000,0.000
10745,0.000,0.000,0.000,0.000
10746,0.000,0.000,0.000,0.000
10747,0.000,0.000,0.000,0.000
10748,0.000,0.000,0.000,0.000
10749,0.000,0.000,0.000,0.000
10750,0.000,0.000,0.000,0.000
10751,0.000,0.000,0.000,0.000
10752,0.000,0.000,0.000,0.000
10753,0.000,0.000,0.000,0.000
10754,0.000,0.000,0.000,0.000
10755,0.000,0.000,0.000,0.000
10756,0.000,0.000,0.000,0.000
10757,0.000,0.000,0.000,0.000
10758,0.000,0.000,0.000,0.000
10759,0.000,0.000,0.000,0.000
10760,0.000,0.000,0.000,0.000
10761,0.000,0.000,0.000,0.000
10762,0.000,0.000,0.000,0.000
10763,0.000,0.000,0.000,0.000
10764,0.000,0.000,0.000,0.000
10765,0.000,0.000,0.000,0.000
10766,0.000,0.000,0.000,0.000
10767,0.000,0.000,0.000,0.000
10768,0.000,0.000,0.000,0.000
10769,0.000,0.000,0.000,0.000
10770,0.000,0.000,0.000,0.000
10771,0.000,0.000,0.000,0.000
10772,0.000,0.000,0.000,0.000
10773,0.000,0.000,0.000,0.000
10774,0.000,0.000,0.000,0.000
10775,0.000,0.000,0.000,0.000
10776,0.000,0.000,0.000,0.000
10777,0.000,0.000,0.000,0.000
10778,0.000,0.000,0.000,0.000
10779,0.000,0.000,0.000,0.000
10780,0.000,0.000,0.000,0.000
10781,0.000,0.000,0.000,0.000
10782,0.000,0.000,0.000,0.000
10783,0.000,0.000,0.000,0.000
10784,0.000,0.000,0.000,0.000
10785,0.000,0.000,0.000,0.000
10786,0.000,0.000,0.000,0.000
10787,0.000,0.000,0.000,0.000
10788,0.000,0.000,0.000,0.000
10789,0.000,0.000,0.000,0.000
10790,0.000,0.000,0.000,0.000
10791,0.000,0.000,0.000,0.000
10792,0.000,0.000,0.000,0.000
10793,0.000,0.000,0.000,0.000
10794,0.000,0.000,0.000,0.000
10795,0.000,0.000,0.000,0.000
10796,0.000,0.000,0.000,0.000
10797,0.000,0.000,0.000,0.000
10798,0.000,0.000,0.000,0.000
10799,0.000,0.000,0.000,0.000
10800,0.000,0.000,0.000,0.000
10801,0.000,0.000,0.000,0.000
10802,0.000,0.000,0.000,0.000
10803,0.000,0.000,0.000,0.000
10804,0.000,0.000,0.000,0.000
10805,0.000,0.000,0.000,0.000
10806,0.000,0.000,0.000,0.000
10807,0.000,0.000,0.000,0.000
10808,0.000,0.000,0.000,0.000
10809,0.000,0.000,0.000,0.000
10810,0.000,0.000,0.000,0.000
10811,0.000,0.000,0.000,0.000
10812,0.000,0.000,0.000,0.000
10813,0.000,0.000,0.000,0.000
10814,0.000,0.000,0.000,0.000
10815,0.000,0.000,0.000,0.000
10816,0.000,0.000,0.000,0.000
10817,0.000,0.000,0.000,0.000
10818,0.000,0.000,0.000,0.000
10819,0.000,0.000,0.000,0.000
10820,0.000,0.000,0.000,0.000
10821,0.000,0.000,0.000,0.000
10822,0.000,0.000,0.000,0.000
10823,0.000,0.000,0.000,0.000
10824,0.000,0.000,0.000,0.000
10825,0.000,0.000,0.000,0.000
10826,0.000,0.000,0.000,0.000
10827,0.000,0.000,0.000,0.000
10828,0.000,0.000,0.000,0.000
10829,0.000,0.000,0.000,0.000
10830,0.000,0.000,0.000,0.000
10831,0.000,0.000,0.000,0.000
10832,0.000,0.000,0.000,0.000
10833,0.000,0.000,0.000,0.000
10834,0.000,0.000,0.000,0.000
10835,0.000,0.000,0.000,0.000
10836,0.000,0.000,0.000,0.000
10837,0.000,0.000,0.000,0.000
10838,0.000,0.000,0.000,0.000
10839,0.000,0.000,0.000,0.000
10840,0.000,0.000,0.000,0.000
10841,0.000,0.000,0.000,0.000
10842,0.000,0.000,0.000,0.000
10843,0.000,0.000,0.000,0.000
10844,0.000,0.000,0.000,0.000
10845,0.000,0.000,0.000,0.000
10846,0.000,0.000,0.000,0.000
10847,0.000,0.000,0.000,0.000
10848,0.000,0.000,0.000,0.000
10849,0.000,0.000,0.000,0.000
10850,0.000,0.000,0.000,0.000
10851,0.000,0.000,0.000,0.000
10852,0.000,0.000,0.000,0.000
10853,0.000,0.000,0.000,0.000
10854,0.000,0.000,0.000,0.000
10855,0.000,0.000,0.000,0.000
10856,0.000,0.000,0.000,0.000
10857,0.000,0.000,0.000,0.000
10858,0.000,0.000,0.000,0.000
10859,0.000,0.000,0.000,0.000
10860,0.000,0.000,0.000,0.000
10861,0.000,0.000,0.000,0.000
10862,0.000,0.000,0.000,0.000
10863,0.000,0.000,0.000,0.000
10864,0.000,0.000,0.000,0.000
10865,0.000,0.000,0.000,0.000
10866,0.000,0.000,0.000,0.000
10867,0.000,0.000,0.000,0.000
10868,0.000,0.000,0.000,0.000
10869,0.000,0.000,0.000,0.000
10870,0.000,0.000,0.000,0.000
10871,0.000,0.000,0.000,0.000
10872,0.000,0.000,0.000,0.000
10873,0.000,0.000,0.000,0.000
10874,0.000,0.000,0.000,0.000
10875,0.000,0.000,0.000,0.000
10876,0.000,0.000,0.000,0.000
10877,0.000,0.000,0.000,0.000
10878,0.000,0.000,0.000,0.000
10879,0.000,0.000,0.000,0.000
10880,0.000,0.000,0.000,0.000
10881,0.000,0.000,0.000,0.000
10882,0.000,0.000,0.000,0.000
10883,0.000,0.000,0.000,0.000
10884,0.000,0.000,0.000,0.000
10885,0.000,0.000,0.000,0.000
10886,0.000,0.000,0.000,0.000
10887,0.000,0.000,0.000,0.000
10888,0.000,0.000,0.000,0.000
10889,0.000,0.000,0.000,0.000
10890,0.000,0.000,0.000,0.000
10891,0.000,0.000,0.000,0.000
10892,0.000,0.000,0.000,0.000
10893,0.000,0.000,0.000,0.000
10894,0.000,0.000,0.000,0.000
10895,0.000,0.000,0.000,0.000
10896,0.000,0.000,0.000,0.000
10897,0.000,0.000,0.000,0.000
10898,0.000,0.000,0.000,0.000
10899,0.000,0.000,0.000,0.000
10900,0.000,0.000,0.000,0.000
10901,0.000,0.000,0.000,0.000
10902,0.000,0.000,0.000,0.000
10903,0.000,0.000,0.000,0.000
10904,0.000,0.000,0.000,0.000
10905,0.000,0.000,0.000,0.000
10906,0.000,0.000,0.000,0.000
10907,0.000,0.000,0.000,0.000
10908,0.000,0.000,0.000,0.000
10909,0.000,0.000,0.000,0.000
10910,0.000,0.000,0.000,0.000
10911,0.000,0.000,0.000,0.000
10912,0.000,0.000,0.000,0.000
10913,0.000,0.000,0.000,0.000
10914,0.000,0.000,0.000,0.000
10915,0.000,0.000,0.000,0.000
10916,0.000,0.000,0.000,0.000
10917,0.000,0.000,0.000,0.000
10918,0.000,0.000,0.000,0.000
10919,0.000,0.000,0.000,0.000
10920,0.000,0.000,0.000,0.000
10921,0.000,0.000,0.000,0.000
10922,0.000,0.000,0.000,0.000
10923,0.000,0.000,0.000,0.000
10924,0.000,0.000,0.000,0.000
10925,0.000,0.000,0.000,0.000
10926,0.000,0.000,0.000,0.000
10927,0.000,0.000,0.000,0.000
10928,0.000,0.000,0.000,0.000
10929,0.000,0.000,0.000,0.000
10930,0.000,0.000,0.000,0.000
10931,0.000,0.000,0.000,0.000
10932,0.000,0.000,0.000,0.000
10933,0.000,0.000,0.000,0.000
10934,0.000,0.000,0.000,0.000
10935,0.000,0.000,0.000,0.000
10936,0.000,0.000,0.000,0.000
10937,0.000,0.000,0.000,0.000
10938,0.000,0.000,0.000,0.000
10939,0.000,0.000,0.000,0.000
10940,0.000,0.000,0.000,0.000
10941,0.000,0.000,0.000,0.000
10942,0.000,0.000,0.000,0.000
10943,0.000,0.000,0.000,0.000
10944,0.000,0.000,0.000,0.000
10945,0.000,0.000,0.000,0.000
10946,0.000,0.000,0.000,0.000
10947,0.000,0.000,0.000,0.000
10948,0.000,0.000,0.000,0.000
10949,0.000,0.000,0.000,0.000
10950,0.000,0.000,0.000,0.000
10951,0.000,0.000,0.000,0.000
10952,0.000,0.000,0.000,0.000
10953,0.000,0.000,0.000,0.000
10954,0.000,0.000,0.000,0.000
10955,0.000,0.000,0.000,0.000
10956,0.000,0.000,0.000,0.000
10957,0.000,0.000,0.000,0.000
10958,0.000,0.000,0.000,0.000
10959,0.000,0.000,0.000,0.000
10960,0.000,0.000,0.000,0.000
10961,0.000,0.000,0.000,0.000
10962,0.000,0.000,0.000,0.000
10963,0.000,0.000,0.000,0.000
10964,0.000,0.000,0.000,0.000
10965,0.000,0.000,0.000,0.000
10966,0.000,0.000,0.000,0.000
10967,0.000,0.000,0.000,0.000
10968,0.000,0.000,0.000,0.000
10969,0.000,0.000,0.000,0.000
10970,0.000,0.000,0.000,0.000
10971,0.000,0.000,0.000,0.000
10972,0.000,0.000,0.000,0.000
10973,0.000,0.000,0.000,0.000
10974,0.000,0.000,0.000,0.000
10975,0.000,0.000,0.000,0.000
10976,0.000,0.000,0.000,0.000
10977,0.000,0.000,0.000,0.000
10978,0.000,0.000,0.000,0.000
10979,0.000,0.000,0.000,0.000
10980,0.000,0.000,0.000,0.000
10981,0.000,0.000,0.000,0.000
10982,0.000,0.000,0.000,0.000
10983,0.000,0.000,0.000,0.000
10984,0.000,0.000,0.000,0.000
10985,0.000,0.000,0.000,0.000
10986,0.000,0.000,0.000,0.000
10987,0.000,0.000,0.000,0.000
10988,0.000,0.000,0.000,0.000
10989,0.000,0.000,0.000,0.000
10990,0.000,0.000,0.000,0.000
10991,0.000,0.000,0.000,0.000
10992,0.000,0.000,0.000,0.000
10993,0.000,0.000,0.000,0.000
10994,0.000,0.000,0.000,0.000
10995,0.000,0.000,0.000,0.000
10996,0.000,0.000,0.000,0.000
10997,0.000,0.000,0.000,0.000
10998,0.000,0.000,0.000,0.000
10999,0.000,0.000,0.000,0.000
11000,0.000,0.000,0.000,0.000
11001,0.000,0.000,0.000,0.000
11002,0.000,0.000,0.000,0.000
11003,0.000,0.000,0.000,0.000
11004,0.000,0.000,0.000,0.000
11005,0.000,0.000,0.000,0.000
11006,0.000,0.000,0.000,0.000
11007,0.000,0.000,0.000,0.000
11008,0.000,0.000,0.000,0.000
11009,0.000,0.000,0.000,0.000
11010,0.000,0.000,0.000,0.000
11011,0.000,0.000,0.000,0.000
11012,0.000,0.000,0.000,0.000
11013,0.000,0.000,0.000,0.000
11014,0.000,0.000,0.000,0.000
11015,0.000,0.000,0.000,0.000
11016,0.000,0.000,0.000,0.000
11017,0.000,0.000,0.000,0.000
11018,0.000,0.000,0.000,0.000
11019,0.000,0.000,0.000,0.000
11020,0.000,0.000,0.000,0.000
11021,0.000,0.000,0.000,0.000
11022,0.000,0.000,0.000,0.000
11023,0.000,0.000,0.000,0.000
11024,0.000,0.000,0.000,0.000
11025,0.000,0.000,0.000,0.000
11026,0.000,0.000,0.000,0.000
11027,0.000,0.000,0.000,0.000
11028,0.000,0.000,0.000,0.000
11029,0.000,0.000,0.000,0.000
11030,0.000,0.000,0.000,0.000
11031,0.000,0.000,0.000,0.000
11032,0.000,0.000,0.000,0.000
11033,0.000,0.000,0.000,0.000
11034,0.000,0.000,0.000,0.000
11035,0.000,0.000,0.000,0.000
11036,0.000,0.000,0.000,0.000
11037,0.000,0.000,0.000,0.000
11038,0.000,0.000,0.000,0.000
11039,0.000,0.000,0.000,0.000
11040,0.000,0.000,0.000,0.000
11041,0.000,0.000,0.000,0.000
11042,0.000,0.000,0.000,0.000
11043,0.000,0.000,0.000,0.000
11044,0.000,0.000,0.000,0.000
11045,0.000,0.000,0.000,0.000
11046,0.000,0.000,0.000,0.000
11047,0.000,0.000,0.000,0.000
11048,0.000,0.000,0.000,0.000
11049,0.000,0.000,0.000,0.000
11050,0.000,0.000,0.000,0.000
11051,0.000,0.000,0.000,0.000
11052,0.000,0.000,0.000,0.000
11053,0.000,0.000,0.000,0.000
11054,0.000,0.000,0.000,0.000
11055,0.000,0.000,0.000,0.000
11056,0.000,0.000,0.000,0.000
11057,0.000,0.000,0.000,0.000
11058,0.000,0.000,0.000,0.000
11059,0.000,0.000,0.000,0.000
11060,0.000,0.000,0.000,0.000
11061,0.000,0.000,0.000,0.000
11062,0.000,0.000,0.000,0.000
11063,0.000,0.000,0.000,0.000
11064,0.000,0.000,0.000,0.000
11065,0.000,0.000,0.000,0.000
11066,0.000,0.000,0.000,0.000
11067,0.000,0.000,0.000,0.000
11068,0.000,0.000,0.000,0.000
11069,0.000,0.000,0.000,0.000
11070,0.000,0.000,0.000,0.000
11071,0.000,0.000,0.000,0.000
11072,0.000,0.000,0.000,0.000
11073,0.000,0.000,0.000,0.000
11074,0.000,0.000,0.000,0.000
11075,0.000,0.000,0.000,0.000
11076,0.000,0.000,0.000,0.000
11077,0.000,0.000,0.000,0.000
11078,0.000,0.000,0.000,0.000
11079,0.000,0.000,0.000,0.000
11080,0.000,0.000,0.000,0.000
11081,0.000,0.000,0.000,0.000
11082,0.000,0.000,0.000,0.000
11083,0.000,0.000,0.000,0.000
11084,0.000,0.000,0.000,0.000
11085,0.000,0.000,0.000,0.000
11086,0.000,0.000,0.000,0.000
11087,0.000,0.000,0.000,0.000
11088,0.000,0.000,0.000,0.000
11089,0.000,0.000,0.000,0.000
11090,0.000,0.000,0.000,0.000
11091,0.000,0.000,0.000,0.000
11092,0.000,0.000,0.000,0.000
11093,0.000,0.000,0.000,0.000
11094,0.000,0.000,0.000,0.000
11095,0.000,0.000,0.000,0.000
11096,0.000,0.000,0.000,0.000
11097,0.000,0.000,0.000,0.000
11098,0.000,0.000,0.000,0.000
11099,0.000,0.000,0.000,0.000
11100,0.000,0.000,0.000,0.000
11101,0.000,0.000,0.000,0.000
11102,0.000,0.000,0.000,0.000
11103,0.000,0.000,0.000,0.000
11104,0.000,0.000,0.000,0.000
11105,0.000,0.000,0.000,0.000
11106,0.000,0.000,0.000,0.000
11107,0.000,0.000,0.000,0.000
11108,0.000,0.000,0.000,0.000
11109,0.000,0.000,0.000,0.000
11110,0.000,0.000,0.000,0.000
11111,0.000,0.000,0.000,0.000
11112,0.000,0.000,0.000,0.000
11113,0.000,0.000,0.000,0.000
11114,0.000,0.000,0.000,0.000
11115,0.000,0.000,0.000,0.000
11116,0.000,0.000,0.000,0.000
11117,0.000,0.000,0.000,0.000
11118,0.000,0.000,0.000,0.000
11119,0.000,0.000,0.000,0.000
11120,0.000,0.000,0.000,0.000
11121,0.000,0.000,0.000,0.000
11122,0.000,0.000,0.000,0.000
11123,0.000,0.000,0.000,0.000
11124,0.000,0.000,0.000,0.000
11125,0.000,0.000,0.000,0.000
11126,0.000,0.000,0.000,0.000
11127,0.000,0.000,0.000,0.000
11128,0.000,0.000,0.000,0.000
11129,0.000,0.000,0.000,0.000
11130,0.000,0.000,0.000,0.000
11131,0.000,0.000,0.000,0.000
11132,0.000,0.000,0.000,0.000
11133,0.000,0.000,0.000,0.000
11134,0.000,0.000,0.000,0.000
11135,0.000,0.000,0.000,0.000
11136,0.000,0.000,0.000,0.000
11137,0.000,0.000,0.000,0.000
11138,0.000,0.000,0.000,0.000
11139,0.000,0.000,0.000,0.000
11140,0.000,0.000,0.000,0.000
11141,0.000,0.000,0.000,0.000
11142,0.000,0.000,0.000,0.000
11143,0.000,0.000,0.000,0.000
11144,0.000,0.000,0.000,0.000
11145,0.000,0.000,0.000,0.000
11146,0.000,0.000,0.000,0.000
11147,0.000,0.000,0.000,0.000
11148,0.000,0.000,0.000,0.000
11149,0.000,0.000,0.000,0.000
11150,0.000,0.000,0.000,0.000
11151,0.000,0.000,0.000,0.000
11152,0.000,0.000,0.000,0.000
11153,0.000,0.000,0.000,0.000
11154,0.000,0.000,0.000,0.000
11155,0.000,0.000,0.000,0.000
11156,0.000,0.000,0.000,0.000
11157,0.000,0.000,0.000,0.000
11158,0.000,0.000,0.000,0.000
11159,0.000,0.000,0.000,0.000
11160,0.000,0.000,0.000,0.000
11161,0.000,0.000,0.000,0.000
11162,0.000,0.000,0.000,0.000
11163,0.000,0.000,0.000,0.000
11164,0.000,0.000,0.000,0.000
11165,0.000,0.000,0.000,0.000
11166,0.000,0.000,0.000,0.000
11167,0.000,0.000,0.000,0.000
11168,0.000,0.000,0.000,0.000
11169,0.000,0.000,0.000,0.000
11170,0.000,0.000,0.000,0.000
11171,0.000,0.000,0.000,0.000
11172,0.000,0.000,0.000,0.000
11173,0.000,0.000,0.000,0.000
11174,0.000,0.000,0.000,0.000
11175,0.000,0.000,0.000,0.000
11176,0.000,0.000,0.000,0.000
11177,0.000,0.000,0.000,0.000
11178,0.000,0.000,0.000,0.000
11179,0.000,0.000,0.000,0.000
11180,0.000,0.000,0.000,0.000
11181,0.000,0.000,0.000,0.000
11182,0.000,0.000,0.000,0.000
11183,0.000,0.000,0.000,0.000
11184,0.000,0.000,0.000,0.000
11185,0.000,0.000,0.000,0.000
11186,0.000,0.000,0.000,0.000
11187,0.000,0.000,0.000,0.000
11188,0.000,0.000,0.000,0.000
11189,0.000,0.000,0.000,0.000
11190,0.000,0.000,0.000,0.000
11191,0.000,0.000,0.000,0.000
11192,0.000,0.000,0.000,0.000
11193,0.000,0.000,0.000,0.000
11194,0.000,0.000,0.000,0.000
11195,0.000,0.000,0.000,0.000
11196,0.000,0.000,0.000,0.000
11197,0.000,0.000,0.000,0.000
11198,0.000,0.000,0.000,0.000
11199,0.000,0.000,0.000,0.000
11200,0.000,0.000,0.000,0.000
11201,0.000,0.000,0.000,0.000
11202,0.000,0.000,0.000,0.000
11203,0.000,0.000,0.000,0.000
11204,0.000,0.000,0.000,0.000
11205,0.000,0.000,0.000,0.000
11206,0.000,0.000,0.000,0.000
11207,0.000,0.000,0.000,0.000
11208,0.000,0.000,0.000,0.000
11209,0.000,0.000,0.000,0.000
11210,0.000,0.000,0.000,0.000
11211,0.000,0.000,0.000,0.000
11212,0.000,0.000,0.000,0.000
11213,0.000,0.000,0.000,0.000
11214,0.000,0.000,0.000,0.000
11215,0.000,0.000,0.000,0.000
11216,0.000,0.000,0.000,0.000
11217,0.000,0.000,0.000,0.000
11218,0.000,0.000,0.000,0.000
11219,0.000,0.000,0.000,0.000
11220,0.000,0.000,0.000,0.000
11221,0.000,0.000,0.000,0.000
11222,0.000,0.000,0.000,0.000
11223,0.000,0.000,0.000,0.000
11224,0.000,0.000,0.000,0.000
11225,0.000,0.000,0.000,0.000
11226,0.000,0.000,0.000,0.000
11227,0.000,0.000,0.000,0.000
11228,0.000,0.000,0.000,0.000
11229,0.000,0.000,0.000,0.000
11230,0.000,0.000,0.000,0.000
11231,0.000,0.000,0.000,0.000
11232,0.000,0.000,0.000,0.000
11233,0.000,0.000,0.000,0.000
11234,0.000,0.000,0.000,0.000
11235,0.000,0.000,0.000,0.000
11236,0.000,0.000,0.000,0.000
11237,0.000,0.000,0.000,0.000
11238,0.000,0.000,0.000,0.000
11239,0.000,0.000,0.000,0.000
11240,0.000,0.000,0.000,0.000
11241,0.000,0.000,0.000,0.000
11242,0.000,0.000,0.000,0.000
11243,0.000,0.000,0.000,0.000
11244,0.000,0.000,0.000,0.000
11245,0.000,0.000,0.000,0.000
11246,0.000,0.000,0.000,0.000
11247,0.000,0.000,0.000,0.000
11248,0.000,0.000,0.000,0.000
11249,0.000,0.000,0.000,0.000
11250,0.000,0.000,0.000,0.000
11251,0.000,0.000,0.000,0.000
11252,0.000,0.000,0.000,0.000
11253,0.000,0.000,0.000,0.000
11254,0.000,0.000,0.000,0.000
11255,0.000,0.000,0.000,0.000
11256,0.000,0.000,0.000,0.000
11257,0.000,0.000,0.000,0.000
11258,0.000,0.000,0.000,0.000
11259,0.000,0.000,0.000,0.000
11260,0.000,0.000,0.000,0.000
11261,0.000,0.000,0.000,0.000
11262,0.000,0.000,0.000,0.000
11263,0.000,0.000,0.000,0.000
11264,0.000,0.000,0.000,0.000
11265,0.000,0.000,0.000,0.000
11266,0.000,0.000,0.000,0.000
11267,0.000,0.000,0.000,0.000
11268,0.000,0.000,0.000,0.000
11269,0.000,0.000,0.000,0.000
11270,0.000,0.000,0.000,0.000
11271,0.000,0.000,0.000,0.000
11272,0.000,0.000,0.000,0.000
11273,0.000,0.000,0.000,0.000
11274,0.000,0.000,0.000,0.000
11275,0.000,0.000,0.000,0.000
11276,0.000,0.000,0.000,0.000
11277,0.000,0.000,0.000,0.000
11278,0.000,0.000,0.000,0.000
11279,0.000,0.000,0.000,0.000
11280,0.000,0.000,0.000,0.000
11281,0.000,0.000,0.000,0.000
11282,0.000,0.000,0.000,0.000
11283,0.000,0.000,0.000,0.000
11284,0.000,0.000,0.000,0.000
11285,0.000,0.000,0.000,0.000
11286,0.000,0.000,0.000,0.000
11287,0.000,0.000,0.000,0.000
11288,0.000,0.000,0.000,0.000
11289,0.000,0.000,0.000,0.000
11290,0.000,0.000,0.000,0.000
11291,0.000,0.000,0.000,0.000
11292,0.000,0.000,0.000,0.000
11293,0.000,0.000,0.000,0.000
11294,0.000,0.000,0.000,0.000
11295,0.000,0.000,0.000,0.000
11296,0.000,0.000,0.000,0.000
11297,0.000,0.000,0.000,0.000
11298,0.000,0.000,0.000,0.000
11299,0.000,0.000,0.000,0.000
11300,0.000,0.000,0.000,0.000
11301,0.000,0.000,0.000,0.000
11302,0.000,0.000,0.000,0.000
11303,0.000,0.000,0.000,0.000
11304,0.000,0.000,0.000,0.000
11305,0.000,0.000,0.000,0.000
11306,0.000,0.000,0.000,0.000
11307,0.000,0.000,0.000,0.000
11308,0.000,0.000,0.000,0.000
11309,0.000,0.000,0.000,0.000
11310,0.000,0.000,0.000,0.000
11311,0.000,0.000,0.000,0.000
11312,0.000,0.000,0.000,0.000
11313,0.000,0.000,0.000,0.000
11314,0.000,0.000,0.000,0.000
11315,0.000,0.000,0.000,0.000
11316,0.000,0.000,0.000,0.000
11317,0.000,0.000,0.000,0.000
11318,0.000,0.000,0.000,0.000
11319,0.000,0.000,0.000,0.000
11320,0.000,0.000,0.000,0.000
11321,0.000,0.000,0.000,0.000
11322,0.000,0.000,0.000,0.000
11323,0.000,0.000,0.000,0.000
11324,0.000,0.000,0.000,0.000
11325,0.000,0.000,0.000,0.000
11326,0.000,0.000,0.000,0.000
11327,0.000,0.000,0.000,0.000
11328,0.000,0.000,0.000,0.000
11329,0.000,0.000,0.000,0.000
11330,0.000,0.000,0.000,0.000
11331,0.000,0.000,0.000,0.000
11332,0.000,0.000,0.000,0.000
11333,0.000,0.000,0.000,0.000
11334,0.000,0.000,0.000,0.000
11335,0.000,0.000,0.000,0.000
11336,0.000,0.000,0.000,0.000
11337,0.000,0.000,0.000,0.000
11338,0.000,0.000,0.000,0.000
11339,0.000,0.000,0.000,0.000
11340,0.000,0.000,0.000,0.000
11341,0.000,0.000,0.000,0.000
11342,0.000,0.000,0.000,0.000
11343,0.000,0.000,0.000,0.000
11344,0.000,0.000,0.000,0.000
11345,0.000,0.000,0.000,0.000
11346,0.000,0.000,0.000,0.000
11347,0.000,0.000,0.000,0.000
11348,0.000,0.000,0.000,0.000
11349,0.000,0.000,0.000,0.000
11350,0.000,0.000,0.000,0.000
11351,0.000,0.000,0.000,0.000
11352,0.000,0.000,0.000,0.000
11353,0.000,0.000,0.000,0.000
11354,0.000,0.000,0.000,0.000
11355,0.000,0.000,0.000,0.000
11356,0.000,0.000,0.000,0.000
11357,0.000,0.000,0.000,0.000
11358,0.000,0.000,0.000,0.000
11359,0.000,0.000,0.000,0.000
11360,0.000,0.000,0.000,0.000
11361,0.000,0.000,0.000,0.000
11362,0.000,0.000,0.000,0.000
11363,0.000,0.000,0.000,0.000
11364,0.000,0.000,0.000,0.000
11365,0.000,0.000,0.000,0.000
11366,0.000,0.000,0.000,0.000
11367,0.000,0.000,0.000,0.000
11368,0.000,0.000,0.000,0.000
11369,0.000,0.000,0.000,0.000
11370,0.000,0.000,0.000,0.000
11371,0.000,0.000,0.000,0.000
11372,0.000,0.000,0.000,0.000
11373,0.000,0.000,0.000,0.000
11374,0.000,0.000,0.000,0.000
11375,0.000,0.000,0.000,0.000
11376,0.000,0.000,0.000,0.000
11377,0.000,0.000,0.000,0.000
11378,0.000,0.000,0.000,0.000
11379,0.000,0.000,0.000,0.000
11380,0.000,0.000,0.000,0.000
11381,0.000,0.000,0.000,0.000
11382,0.000,0.000,0.000,0.000
11383,0.000,0.000,0.000,0.000
11384,0.000,0.000,0.000,0.000
11385,0.000,0.000,0.000,0.000
11386,0.000,0.000,0.000,0.000
11387,0.000,0.000,0.000,0.000
11388,0.000,0.000,0.000,0.000
11389,0.000,0.000,0.000,0.000
11390,0.000,0.000,0.000,0.000
11391,0.000,0.000,0.000,0.000
11392,0.000,0.000,0.000,0.000
11393,0.000,0.000,0.000,0.000
11394,0.000,0.000,0.000,0.000
11395,0.000,0.000,0.000,0.000
11396,0.000,0.000,0.000,0.000
11397,0.000,0.000,0.000,0.000
11398,0.000,0.000,0.000,0.000
11399,0.000,0.000,0.000,0.000
11400,0.000,0.000,0.000,0.000
11401,0.000,0.000,0.000,0.000
11402,0.000,0.000,0.000,0.000
11403,0.000,0.000,0.000,0.000
11404,0.000,0.000,0.000,0.000
11405,0.000,0.000,0.000,0.000
11406,0.000,0.000,0.000,0.000
11407,0.000,0.000,0.000,0.000
11408,0.000,0.000,0.000,0.000
11409,0.000,0.000,0.000,0.000
11410,0.000,0.000,0.000,0.000
11411,0.000,0.000,0.000,0.000
11412,0.000,0.000,0.000,0.000
11413,0.000,0.000,0.000,0.000
11414,0.000,0.000,0.000,0.000
11415,0.000,0.000,0.000,0.000
11416,0.000,0.000,0.000,0.000
11417,0.000,0.000,0.000,0.000
11418,0.000,0.000,0.000,0.000
11419,0.000,0.000,0.000,0.000
11420,0.000,0.000,0.000,0.000
11421,0.000,0.000,0.000,0.000
11422,0.000,0.000,0.000,0.000
11423,0.000,0.000,0.000,0.000
11424,0.000,0.000,0.000,0.000
11425,0.000,0.000,0.000,0.000
11426,0.000,0.000,0.000,0.000
11427,0.000,0.000,0.000,0.000
11428,0.000,0.000,0.000,0.000
11429,0.000,0.000,0.000,0.000
11430,0.000,0.000,0.000,0.000
11431,0.000,0.000,0.000,0.000
11432,0.000,0.000,0.000,0.000
11433,0.000,0.000,0.000,0.000
11434,0.000,0.000,0.000,0.000
11435,0.000,0.000,0.000,0.000
11436,0.000,0.000,0.000,0.000
11437,0.000,0.000,0.000,0.000
11438,0.000,0.000,0.000,0.000
11439,0.000,0.000,0.000,0.000
11440,0.000,0.000,0.000,0.000
11441,0.000,0.000,0.000,0.000
11442,0.000,0.000,0.000,0.000
11443,0.000,0.000,0.000,0.000
11444,0.000,0.000,0.000,0.000
11445,0.000,0.000,0.000,0.000
11446,0.000,0.000,0.000,0.000
11447,0.000,0.000,0.000,0.000
11448,0.000,0.000,0.000,0.000
11449,0.000,0.000,0.000,0.000
11450,0.000,0.000,0.000,0.000
11451,0.000,0.000,0.000,0.000
11452,0.000,0.000,0.000,0.000
11453,0.000,0.000,0.000,0.000
11454,0.000,0.000,0.000,0.000
11455,0.000,0.000,0.000,0.000
11456,0.000,0.000,0.000,0.000
11457,0.000,0.000,0.000,0.000
11458,0.000,0.000,0.000,0.000
11459,0.000,0.000,0.000,0.000
11460,0.000,0.000,0.000,0.000
11461,0.000,0.000,0.000,0.000
11462,0.000,0.000,0.000,0.000
11463,0.000,0.000,0.000,0.000
11464,0.000,0.000,0.000,0.000
11465,0.000,0.000,0.000,0.000
11466,0.000,0.000,0.000,0.000
11467,0.000,0.000,0.000,0.000
11468,0.000,0.000,0.000,0.000
11469,0.000,0.000,0.000,0.000
11470,0.000,0.000,0.000,0.000
11471,0.000,0.000,0.000,0.000
11472,0.000,0.000,0.000,0.000
11473,0.000,0.000,0.000,0.000
11474,0.000,0.000,0.000,0.000
11475,0.000,0.000,0.000,0.000
11476,0.000,0.000,0.000,0.000
11477,0.000,0.000,0.000,0.000
11478,0.000,0.000,0.000,0.000
11479,0.000,0.000,0.000,0.000
11480,0.000,0.000,0.000,0.000
11481,0.000,0.000,0.000,0.000
11482,0.000,0.000,0.000,0.000
11483,0.000,0.000,0.000,0.000
11484,0.000,0.000,0.000,0.000
11485,0.000,0.000,0.000,0.000
11486,0.000,0.000,0.000,0.000
11487,0.000,0.000,0.000,0.000
11488,0.000,0.000,0.000,0.000
11489,0.000,0.000,0.000,0.000
11490,0.000,0.000,0.000,0.000
11491,0.000,0.000,0.000,0.000
11492,0.000,0.000,0.000,0.000
11493,0.000,0.000,0.000,0.000
11494,0.000,0.000,0.000,0.000
11495,0.000,0.000,0.000,0.000
11496,0.000,0.000,0.000,0.000
11497,0.000,0.000,0.000,0.000
11498,0.000,0.000,0.000,0.000
11499,0.000,0.000,0.000,0.000
11500,0.000,0.000,0.000,0.000
11501,0.000,0.000,0.000,0.000
11502,0.000,0.000,0.000,0.000
11503,0.000,0.000,0.000,0.000
11504,0.000,0.000,0.000,0.000
11505,0.000,0.000,0.000,0.000
11506,0.000,0.000,0.000,0.000
11507,0.000,0.000,0.000,0.000
11508,0.000,0.000,0.000,0.000
11509,0.000,0.000,0.000,0.000
11510,0.000,0.000,0.000,0.000
11511,0.000,0.000,0.000,0.000
11512,0.000,0.000,0.000,0.000
11513,0.000,0.000,0.000,0.000
11514,0.000,0.000,0.000,0.000
11515,0.000,0.000,0.000,0.000
11516,0.000,0.000,0.000,0.000
11517,0.000,0.000,0.000,0.000
11518,0.000,0.000,0.000,0.000
11519,0.000,0.000,0.000,0.000
11520,0.000,0.000,0.000,0.000
11521,0.000,0.000,0.000,0.000
11522,0.000,0.000,0.000,0.000
11523,0.000,0.000,0.000,0.000
11524,0.000,0.000,0.000,0.000
11525,0.000,0.000,0.000,0.000
11526,0.000,0.000,0.000,0.000
11527,0.000,0.000,0.000,0.000
11528,0.000,0.000,0.000,0.000
11529,0.000,0.000,0.000,0.000
11530,0.000,0.000,0.000,0.000
11531,0.000,0.000,0.000,0.000
11532,0.000,0.000,0.000,0.000
11533,0.000,0.000,0.000,0.000
11534,0.000,0.000,0.000,0.000
11535,0.000,0.000,0.000,0.000
11536,0.000,0.000,0.000,0.000
11537,0.000,0.000,0.000,0.000
11538,0.000,0.000,0.000,0.000
11539,0.000,0.000,0.000,0.000
11540,0.000,0.000,0.000,0.000
11541,0.000,0.000,0.000,0.000
11542,0.000,0.000,0.000,0.000
11543,0.000,0.000,0.000,0.000
11544,0.000,0.000,0.000,0.000
11545,0.000,0.000,0.000,0.000
11546,0.000,0.000,0.000,0.000
11547,0.000,0.000,0.000,0.000
11548,0.000,0.000,0.000,0.000
11549,0.000,0.000,0.000,0.000
11550,0.000,0.000,0.000,0.000
11551,0.000,0.000,0.000,0.000
11552,0.000,0.000,0.000,0.000
11553,0.000,0.000,0.000,0.000
11554,0.000,0.000,0.000,0.000
11555,0.000,0.000,0.000,0.000
11556,0.000,0.000,0.000,0.000
11557,0.000,0.000,0.000,0.000
11558,0.000,0.000,0.000,0.000
11559,0.000,0.000,0.000,0.000
11560,0.000,0.000,0.000,0.000
11561,0.000,0.000,0.000,0.000
11562,0.000,0.000,0.000,0.000
11563,0.000,0.000,0.000,0.000
11564,0.000,0.000,0.000,0.000
11565,0.000,0.000,0.000,0.000
11566,0.000,0.000,0.000,0.000
11567,0.000,0.000,0.000,0.000
11568,0.000,0.000,0.000,0.000
11569,0.000,0.000,0.000,0.000
11570,0.000,0.000,0.000,0.000
11571,0.000,0.000,0.000,0.000
11572,0.000,0.000,0.000,0.000
11573,0.000,0.000,0.000,0.000
11574,0.000,0.000,0.000,0.000
11575,0.000,0.000,0.000,0.000
11576,0.000,0.000,0.000,0.000
11577,0.000,0.000,0.000,0.000
11578,0.000,0.000,0.000,0.000
11579,0.000,0.000,0.000,0.000
11580,0.000,0.000,0.000,0.000
11581,0.000,0.000,0.000,0.000
11582,0.000,0.000,0.000,0.000
11583,0.000,0.000,0.000,0.000
11584,0.000,0.000,0.000,0.000
11585,0.000,0.000,0.000,0.000
11586,0.000,0.000,0.000,0.000
11587,0.000,0.000,0.000,0.000
11588,0.000,0.000,0.000,0.000
11589,0.000,0.000,0.000,0.000
11590,0.000,0.000,0.000,0.000
11591,0.000,0.000,0.000,0.000
11592,0.000,0.000,0.000,0.000
11593,0.000,0.000,0.000,0.000
11594,0.000,0.000,0.000,0.000
11595,0.000,0.000,0.000,0.000
11596,0.000,0.000,0.000,0.000
11597,0.000,0.000,0.000,0.000
11598,0.000,0.000,0.000,0.000
11599,0.000,0.000,0.000,0.000
11600,0.000,0.000,0.000,0.000
11601,0.000,0.000,0.000,0.000
11602,0.000,0.000,0.000,0.000
11603,0.000,0.000,0.000,0.000
11604,0.000,0.000,0.000,0.000
11605,0.000,0.000,0.000,0.000
11606,0.000,0.000,0.000,0.000
11607,0.000,0.000,0.000,0.000
11608,0.000,0.000,0.000,0.000
11609,0.000,0.000,0.000,0.000
11610,0.000,0.000,0.000,0.000
11611,0.000,0.000,0.000,0.000
11612,0.000,0.000,0.000,0.000
11613,0.000,0.000,0.000,0.000
11614,0.000,0.000,0.000,0.000
11615,0.000,0.000,0.000,0.000
11616,0.000,0.000,0.000,0.000
11617,0.000,0.000,0.000,0.000
11618,0.000,0.000,0.000,0.000
11619,0.000,0.000,0.000,0.000
11620,0.000,0.000,0.000,0.000
11621,0.000,0.000,0.000,0.000
11622,0.000,0.000,0.000,0.000
11623,0.000,0.000,0.000,0.000
11624,0.000,0.000,0.000,0.000
11625,0.000,0.000,0.000,0.000
11626,0.000,0.000,0.000,0.000
11627,0.000,0.000,0.000,0.000
11628,0.000,0.000,0.000,0.000
11629,0.000,0.000,0.000,0.000
11630,0.000,0.000,0.000,0.000
11631,0.000,0.000,0.000,0.000
11632,0.000,0.000,0.000,0.000
11633,0.000,0.000,0.000,0.000
11634,0.000,0.000,0.000,0.000
11635,0.000,0.000,0.000,0.000
11636,0.000,0.000,0.000,0.000
11637,0.000,0.000,0.000,0.000
11638,0.000,0.000,0.000,0.000
11639,0.000,0.000,0.000,0.000
11640,0.000,0.000,0.000,0.000
11641,0.000,0.000,0.000,0.000
11642,0.000,0.000,0.000,0.000
11643,0.000,0.000,0.000,0.000
11644,0.000,0.000,0.000,0.000
11645,0.000,0.000,0.000,0.000
11646,0.000,0.000,0.000,0.000
11647,0.000,0.000,0.000,0.000
11648,0.000,0.000,0.000,0.000
11649,0.000,0.000,0.000,0.000
11650,0.000,0.000,0.000,0.000
11651,0.000,0.000,0.000,0.000
11652,0.000,0.000,0.000,0.000
11653,0.000,0.000,0.000,0.000
11654,0.000,0.000,0.000,0.000
11655,0.000,0.000,0.000,0.000
11656,0.000,0.000,0.000,0.000
11657,0.000,0.000,0.000,0.000
11658,0.000,0.000,0.000,0.000
11659,0.000,0.000,0.000,0.000
11660,0.000,0.000,0.000,0.000
11661,0.000,0.000,0.000,0.000
11662,0.000,0.000,0.000,0.000
11663,0.000,0.000,0.000,0.000
11664,0.000,0.000,0.000,0.000
11665,0.000,0.000,0.000,0.000
11666,0.000,0.000,0.000,0.000
11667,0.000,0.000,0.000,0.000
11668,0.000,0.000,0.000,0.000
11669,0.000,0.000,0.000,0.000
11670,0.000,0.000,0.000,0.000
11671,0.000,0.000,0.000,0.000
11672,0.000,0.000,0.000,0.000
11673,0.000,0.000,0.000,0.000
11674,0.000,0.000,0.000,0.000
11675,0.000,0.000,0.000,0.000
11676,0.000,0.000,0.000,0.000
11677,0.000,0.000,0.000,0.000
11678,0.000,0.000,0.000,0.000
11679,0.000,0.000,0.000,0.000
11680,0.000,0.000,0.000,0.000
11681,0.000,0.000,0.000,0.000
11682,0.000,0.000,0.000,0.000
11683,0.000,0.000,0.000,0.000
11684,0.000,0.000,0.000,0.000
11685,0.000,0.000,0.000,0.000
11686,0.000,0.000,0.000,0.000
11687,0.000,0.000,0.000,0.000
11688,0.000,0.000,0.000,0.000
11689,0.000,0.000,0.000,0.000
11690,0.000,0.000,0.000,0.000
11691,0.000,0.000,0.000,0.000
11692,0.000,0.000,0.000,0.000
11693,0.000,0.000,0.000,0.000
11694,0.000,0.000,0.000,0.000
11695,0.000,0.000,0.000,0.000
11696,0.000,0.000,0.000,0.000
11697,0.000,0.000,0.000,0.000
11698,0.000,0.000,0.000,0.000
11699,0.000,0.000,0.000,0.000
11700,0.000,0.000,0.000,0.000
11701,0.000,0.000,0.000,0.000
11702,0.000,0.000,0.000,0.000
11703,0.000,0.000,0.000,0.000
11704,0.000,0.000,0.000,0.000
11705,0.000,0.000,0.000,0.000
11706,0.000,0.000,0.000,0.000
11707,0.000,0.000,0.000,0.000
11708,0.000,0.000,0.000,0.000
11709,0.000,0.000,0.000,0.000
11710,0.000,0.000,0.000,0.000
11711,0.000,0.000,0.000,0.000
11712,0.000,0.000,0.000,0.000
11713,0.000,0.000,0.000,0.000
11714,0.000,0.000,0.000,0.000
11715,0.000,0.000,0.000,0.000
11716,0.000,0.000,0.000,0.000
11717,0.000,0.000,0.000,0.000
11718,0.000,0.000,0.000,0.000
11719,0.000,0.000,0.000,0.000
11720,0.000,0.000,0.000,0.000
11721,0.000,0.000,0.000,0.000
11722,0.000,0.000,0.000,0.000
11723,0.000,0.000,0.000,0.000
11724,0.000,0.000,0.000,0.000
11725,0.000,0.000,0.000,0.000
11726,0.000,0.000,0.000,0.000
11727,0.000,0.000,0.000,0.000
11728,0.000,0.000,0.000,0.000
11729,0.000,0.000,0.000,0.000
11730,0.000,0.000,0.000,0.000
11731,0.000,0.000,0.000,0.000
11732,0.000,0.000,0.000,0.000
11733,0.000,0.000,0.000,0.000
11734,0.000,0.000,0.000,0.000
11735,0.000,0.000,0.000,0.000
11736,0.000,0.000,0.000,0.000
11737,0.000,0.000,0.000,0.000
11738,0.000,0.000,0.000,0.000
11739,0.000,0.000,0.000,0.000
11740,0.000,0.000,0.000,0.000
11741,0.000,0.000,0.000,0.000
11742,0.000,0.000,0.000,0.000
11743,0.000,0.000,0.000,0.000
11744,0.000,0.000,0.000,0.000
11745,0.000,0.000,0.000,0.000
11746,0.000,0.000,0.000,0.000
11747,0.000,0.000,0.000,0.000
11748,0.000,0.000,0.000,0.000
11749,0.000,0.000,0.000,0.000
11750,0.000,0.000,0.000,0.000
11751,0.000,0.000,0.000,0.000
11752,0.000,0.000,0.000,0.000
11753,0.000,0.000,0.000,0.000
11754,0.000,0.000,0.000,0.000
11755,0.000,0.000,0.000,0.000
11756,0.000,0.000,0.000,0.000
11757,0.000,0.000,0.000,0.000
11758,0.000,0.000,0.000,0.000
11759,0.000,0.000,0.000,0.000
11760,0.000,0.000,0.000,0.000
11761,0.000,0.000,0.000,0.000
11762,0.000,0.000,0.000,0.000
11763,0.000,0.000,0.000,0.000
11764,0.000,0.000,0.000,0.000
11765,0.000,0.000,0.000,0.000
11766,0.000,0.000,0.000,0.000
11767,0.000,0.000,0.000,0.000
11768,0.000,0.000,0.000,0.000
11769,0.000,0.000,0.000,0.000
11770,0.000,0.000,0.000,0.000
11771,0.000,0.000,0.000,0.000
11772,0.000,0.000,0.000,0.000
11773,0.000,0.000,0.000,0.000
11774,0.000,0.000,0.000,0.000
11775,0.000,0.000,0.000,0.000
11776,0.000,0.000,0.000,0.000
11777,0.000,0.000,0.000,0.000
11778,0.000,0.000,0.000,0.000
11779,0.000,0.000,0.000,0.000
11780,0.000,0.000,0.000,0.000
11781,0.000,0.000,0.000,0.000
11782,0.000,0.000,0.000,0.000
11783,0.000,0.000,0.000,0.000
11784,0.000,0.000,0.000,0.000
11785,0.000,0.000,0.000,0.000
11786,0.000,0.000,0.000,0.000
11787,0.000,0.000,0.000,0.000
11788,0.000,0.000,0.000,0.000
11789,0.000,0.000,0.000,0.000
11790,0.000,0.000,0.000,0.000
11791,0.000,0.000,0.000,0.000
11792,0.000,0.000,0.000,0.000
11793,0.000,0.000,0.000,0.000
11794,0.000,0.000,0.000,0.000
11795,0.000,0.000,0.000,0.000
11796,0.000,0.000,0.000,0.000
11797,0.000,0.000,0.000,0.000
11798,0.000,0.000,0.000,0.000
11799,0.000,0.000,0.000,0.000
11800,0.000,0.000,0.000,0.000
11801,0.000,0.000,0.000,0.000
11802,0.000,0.000,0.000,0.000
11803,0.000,0.000,0.000,0.000
11804,0.000,0.000,0.000,0.000
11805,0.000,0.000,0.000,0.000
11806,0.000,0.000,0.000,0.000
11807,0.000,0.000,0.000,0.000
11808,0.000,0.000,0.000,0.000
11809,0.000,0.000,0.000,0.000
11810,0.000,0.000,0.000,0.000
11811,0.000,0.000,0.000,0.000
11812,0.000,0.000,0.000,0.000
11813,0.000,0.000,0.000,0.000
11814,0.000,0.000,0.000,0.000
11815,0.000,0.000,0.000,0.000
11816,0.000,0.000,0.000,0.000
11817,0.000,0.000,0.000,0.000
11818,0.000,0.000,0.000,0.000
11819,0.000,0.000,0.000,0.000
11820,0.000,0.000,0.000,0.000
11821,0.000,0.000,0.000,0.000
11822,0.000,0.000,0.000,0.000
11823,0.000,0.000,0.000,0.000
11824,0.000,0.000,0.000,0.000
11825,0.000,0.000,0.000,0.000
11826,0.000,0.000,0.000,0.000
11827,0.000,0.000,0.000,0.000
11828,0.000,0.000,0.000,0.000
11829,0.000,0.000,0.000,0.000
11830,0.000,0.000,0.000,0.000
11831,0.000,0.000,0.000,0.000
11832,0.000,0.000,0.000,0.000
11833,0.000,0.000,0.000,0.000
11834,0.000,0.000,0.000,0.000
11835,0.000,0.000,0.000,0.000
11836,0.000,0.000,0.000,0.000
11837,0.000,0.000,0.000,0.000
11838,0.000,0.000,0.000,0.000
11839,0.000,0.000,0.000,0.000
11840,0.000,0.000,0.000,0.000
11841,0.000,0.000,0.000,0.000
11842,0.000,0.000,0.000,0.000
11843,0.000,0.000,0.000,0.000
11844,0.000,0.000,0.000,0.000
11845,0.000,0.000,0.000,0.000
11846,0.000,0.000,0.000,0.000
11847,0.000,0.000,0.000,0.000
11848,0.000,0.000,0.000,0.000
11849,0.000,0.000,0.000,0.000
11850,0.000,0.000,0.000,0.000
11851,0.000,0.000,0.000,0.000
11852,0.000,0.000,0.000,0.000
11853,0.000,0.000,0.000,0.000
11854,0.000,0.000,0.000,0.000
11855,0.000,0.000,0.000,0.000
11856,0.000,0.000,0.000,0.000
11857,0.000,0.000,0.000,0.000
11858,0.000,0.000,0.000,0.000
11859,0.000,0.000,0.000,0.000
11860,0.000,0.000,0.000,0.000
11861,0.000,0.000,0.000,0.000
11862,0.000,0.000,0.000,0.000
11863,0.000,0.000,0.000,0.000
11864,0.000,0.000,0.000,0.000
11865,0.000,0.000,0.000,0.000
11866,0.000,0.000,0.000,0.000
11867,0.000,0.000,0.000,0.000
11868,0.000,0.000,0.000,0.000
11869,0.000,0.000,0.000,0.000
11870,0.000,0.000,0.000,0.000
11871,0.000,0.000,0.000,0.000
11872,0.000,0.000,0.000,0.000
11873,0.000,0.000,0.000,0.000
11874,0.000,0.000,0.000,0.000
11875,0.000,0.000,0.000,0.000
11876,0.000,0.000,0.000,0.000
11877,0.000,0.000,0.000,0.000
11878,0.000,0.000,0.000,0.000
11879,0.000,0.000,0.000,0.000
11880,0.000,0.000,0.000,0.000
11881,0.000,0.000,0.000,0.000
11882,0.000,0.000,0.000,0.000
11883,0.000,0.000,0.000,0.000
11884,0.000,0.000,0.000,0.000
11885,0.000,0.000,0.000,0.000
11886,0.000,0.000,0.000,0.000
11887,0.000,0.000,0.000,0.000
11888,0.000,0.000,0.000,0.000
11889,0.000,0.000,0.000,0.000
11890,0.000,0.000,0.000,0.000
11891,0.000,0.000,0.000,0.000
11892,0.000,0.000,0.000,0.000
11893,0.000,0.000,0.000,0.000
11894,0.000,0.000,0.000,0.000
11895,0.000,0.000,0.000,0.000
11896,0.000,0.000,0.000,0.000
11897,0.000,0.000,0.000,0.000
11898,0.000,0.000,0.000,0.000
11899,0.000,0.000,0.000,0.000
11900,0.000,0.000,0.000,0.000
11901,0.000,0.000,0.000,0.000
11902,0.000,0.000,0.000,0.000
11903,0.000,0.000,0.000,0.000
11904,0.000,0.000,0.000,0.000
11905,0.000,0.000,0.000,0.000
11906,0.000,0.000,0.000,0.000
11907,0.000,0.000,0.000,0.000
11908,0.000,0.000,0.000,0.000
11909,0.000,0.000,0.000,0.000
11910,0.000,0.000,0.000,0.000
11911,0.000,0.000,0.000,0.000
11912,0.000,0.000,0.000,0.000
11913,0.000,0.000,0.000,0.000
11914,0.000,0.000,0.000,0.000
11915,0.000,0.000,0.000,0.000
11916,0.000,0.000,0.000,0.000
11917,0.000,0.000,0.000,0.000
11918,0.000,0.000,0.000,0.000
11919,0.000,0.000,0.000,0.000
11920,0.000,0.000,0.000,0.000
11921,0.000,0.000,0.000,0.000
11922,0.000,0.000,0.000,0.000
11923,0.000,0.000,0.000,0.000
11924,0.000,0.000,0.000,0.000
11925,0.000,0.000,0.000,0.000
11926,0.000,0.000,0.000,0.000
11927,0.000,0.000,0.000,0.000
11928,0.000,0.000,0.000,0.000
11929,0.000,0.000,0.000,0.000
11930,0.000,0.000,0.000,0.000
11931,0.000,0.000,0.000,0.000
11932,0.000,0.000,0.000,0.000
11933,0.000,0.000,0.000,0.000
11934,0.000,0.000,0.000,0.000
11935,0.000,0.000,0.000,0.000
11936,0.000,0.000,0.000,0.000
11937,0.000,0.000,0.000,0.000
11938,0.000,0.000,0.000,0.000
11939,0.000,0.000,0.000,0.000
11940,0.000,0.000,0.000,0.000
11941,0.000,0.000,0.000,0.000
11942,0.000,0.000,0.000,0.000
11943,0.000,0.000,0.000,0.000
11944,0.000,0.000,0.000,0.000
11945,0.000,0.000,0.000,0.000
11946,0.000,0.000,0.000,0.000
11947,0.000,0.000,0.000,0.000
11948,0.000,0.000,0.000,0.000
11949,0.000,0.000,0.000,0.000
11950,0.000,0.000,0.000,0.000
11951,0.000,0.000,0.000,0.000
11952,0.000,0.000,0.000,0.000
11953,0.000,0.000,0.000,0.000
11954,0.000,0.000,0.000,0.000
11955,0.000,0.000,0.000,0.000
11956,0.000,0.000,0.000,0.000
11957,0.000,0.000,0.000,0.000
11958,0.000,0.000,0.000,0.000
11959,0.000,0.000,0.000,0.000
11960,0.000,0.000,0.000,0.000
11961,0.000,0.000,0.000,0.000
11962,0.000,0.000,0.000,0.000
11963,0.000,0.000,0.000,0.000
11964,0.000,0.000,0.000,0.000
11965,0.000,0.000,0.000,0.000
11966,0.000,0.000,0.000,0.000
11967,0.000,0.000,0.000,0.000
11968,0.000,0.000,0.000,0.000
11969,0.000,0.000,0.000,0.000
11970,0.000,0.000,0.000,0.000
11971,0.000,0.000,0.000,0.000
11972,0.000,0.000,0.000,0.000
11973,0.000,0.000,0.000,0.000
11974,0.000,0.000,0.000,0.000
11975,0.000,0.000,0.000,0.000
11976,0.000,0.000,0.000,0.000
11977,0.000,0.000,0.000,0.000
11978,0.000,0.000,0.000,0.000
11979,0.000,0.000,0.000,0.000
11980,0.000,0.000,0.000,0.000
11981,0.000,0.000,0.000,0.000
11982,0.000,0.000,0.000,0.000
11983,0.000,0.000,0.000,0.000
11984,0.000,0.000,0.000,0.000
11985,0.000,0.000,0.000,0.000
11986,0.000,0.000,0.000,0.000
11987,0.000,0.000,0.000,0.000
11988,0.000,0.000,0.000,0.000
11989,0.000,0.000,0.000,0.000
11990,0.000,0.000,0.000,0.000
11991,0.000,0.000,0.000,0.000
11992,0.000,0.000,0.000,0.000
11993,0.000,0.000,0.000,0.000
11994,0.000,0.000,0.000,0.000
11995,0.000,0.000,0.000,0.000
11996,0.000,0.000,0.000,0.000
11997,0.000,0.000,0.000,0.000
11998,0.000,0.000,0.000,0.000
11999,0.000,0.000,0.000,0.000
12000,0.000,0.000,0.000,0.000
12001,0.000,0.000,0.000,0.000
12002,0.000,0.000,0.000,0.000
12003,0.000,0.000,0.000,0.000
12004,0.000,0.000,0.000,0.000
12005,0.000,0.000,0.000,0.000
12006,0.000,0.000,0.000,0.000
12007,0.000,0.000,0.000,0.000
12008,0.000,0.000,0.000,0.000
12009,0.000,0.000,0.000,0.000
12010,0.000,0.000,0.000,0.000
12011,0.000,0.000,0.000,0.000
12012,0.000,0.000,0.000,0.000
12013,0.000,0.000,0.000,0.000
12014,0.000,0.000,0.000,0.000
12015,0.000,0.000,0.000,0.000
12016,0.000,0.000,0.000,0.000
12017,0.000,0.000,0.000,0.000
12018,0.000,0.000,0.000,0.000
12019,0.000,0.000,0.000,0.000
12020,0.000,0.000,0.000,0.000
12021,0.000,0.000,0.000,0.000
12022,0.000,0.000,0.000,0.000
12023,0.000,0.000,0.000,0.000
12024,0.000,0.000,0.000,0.000
12025,0.000,0.000,0.000,0.000
12026,0.000,0.000,0.000,0.000
12027,0.000,0.000,0.000,0.000
12028,0.000,0.000,0.000,0.000
12029,0.000,0.000,0.000,0.000
12030,0.000,0.000,0.000,0.000
12031,0.000,0.000,0.000,0.000
12032,0.000,0.000,0.000,0.000
12033,0.000,0.000,0.000,0.000
12034,0.000,0.000,0.000,0.000
12035,0.000,0.000,0.000,0.000
12036,0.000,0.000,0.000,0.000
12037,0.000,0.000,0.000,0.000
12038,0.000,0.000,0.000,0.000
12039,0.000,0.000,0.000,0.000
12040,0.000,0.000,0.000,0.000
12041,0.000,0.000,0.000,0.000
12042,0.000,0.000,0.000,0.000
12043,0.000,0.000,0.000,0.000
12044,0.000,0.000,0.000,0.000
12045,0.000,0.000,0.000,0.000
12046,0.000,0.000,0.000,0.000
12047,0.000,0.000,0.000,0.000
12048,0.000,0.000,0.000,0.000
12049,0.000,0.000,0.000,0.000
12050,0.000,0.000,0.000,0.000
12051,0.000,0.000,0.000,0.000
12052,0.000,0.000,0.000,0.000
12053,0.000,0.000,0.000,0.000
12054,0.000,0.000,0.000,0.000
12055,0.000,0.000,0.000,0.000
12056,0.000,0.000,0.000,0.000
12057,0.000,0.000,0.000,0.000
12058,0.000,0.000,0.000,0.000
12059,0.000,0.000,0.000,0.000
12060,0.000,0.000,0.000,0.000
12061,0.000,0.000,0.000,0.000
12062,0.000,0.000,0.000,0.000
12063,0.000,0.000,0.000,0.000
12064,0.000,0.000,0.000,0.000
12065,0.000,0.000,0.000,0.000
12066,0.000,0.000,0.000,0.000
12067,0.000,0.000,0.000,0.000
12068,0.000,0.000,0.000,0.000
12069,0.000,0.000,0.000,0.000
12070,0.000,0.000,0.000,0.000
12071,0.000,0.000,0.000,0.000
12072,0.000,0.000,0.000,0.000
12073,0.000,0.000,0.000,0.000
12074,0.000,0.000,0.000,0.000
12075,0.000,0.000,0.000,0.000
12076,0.000,0.000,0.000,0.000
12077,0.000,0.000,0.000,0.000
12078,0.000,0.000,0.000,0.000
12079,0.000,0.000,0.000,0.000
12080,0.000,0.000,0.000,0.000
12081,0.000,0.000,0.000,0.000
12082,0.000,0.000,0.000,0.000
12083,0.000,0.000,0.000,0.000
12084,0.000,0.000,0.000,0.000
12085,0.000,0.000,0.000,0.000
12086,0.000,0.000,0.000,0.000
12087,0.000,0.000,0.000,0.000
12088,0.000,0.000,0.000,0.000
12089,0.000,0.000,0.000,0.000
12090,0.000,0.000,0.000,0.000
12091,0.000,0.000,0.000,0.000
12092,0.000,0.000,0.000,0.000
12093,0.000,0.000,0.000,0.000
12094,0.000,0.000,0.000,0.000
12095,0.000,0.000,0.000,0.000
12096,0.000,0.000,0.000,0.000
12097,0.000,0.000,0.000,0.000
12098,0.000,0.000,0.000,0.000
12099,0.000,0.000,0.000,0.000
12100,0.000,0.000,0.000,0.000
12101,0.000,0.000,0.000,0.000
12102,0.000,0.000,0.000,0.000
12103,0.000,0.000,0.000,0.000
12104,0.000,0.000,0.000,0.000
12105,0.000,0.000,0.000,0.000
12106,0.000,0.000,0.000,0.000
12107,0.000,0.000,0.000,0.000
12108,0.000,0.000,0.000,0.000
12109,0.000,0.000,0.000,0.000
12110,0.000,0.000,0.000,0.000
12111,0.000,0.000,0.000,0.000
12112,0.000,0.000,0.000,0.000
12113,0.000,0.000,0.000,0.000
12114,0.000,0.000,0.000,0.000
12115,0.000,0.000,0.000,0.000
12116,0.000,0.000,0.000,0.000
12117,0.000,0.000,0.000,0.000
12118,0.000,0.000,0.000,0.000
12119,0.000,0.000,0.000,0.000
12120,0.000,0.000,0.000,0.000
12121,0.000,0.000,0.000,0.000
12122,0.000,0.000,0.000,0.000
12123,0.000,0.000,0.000,0.000
12124,0.000,0.000,0.000,0.000
12125,0.000,0.000,0.000,0.000
12126,0.000,0.000,0.000,0.000
12127,0.000,0.000,0.000,0.000
12128,0.000,0.000,0.000,0.000
12129,0.000,0.000,0.000,0.000
12130,0.000,0.000,0.000,0.000
12131,0.000,0.000,0.000,0.000
12132,0.000,0.000,0.000,0.000
12133,0.000,0.000,0.000,0.000
12134,0.000,0.000,0.000,0.000
12135,0.000,0.000,0.000,0.000
12136,0.000,0.000,0.000,0.000
12137,0.000,0.000,0.000,0.000
12138,0.000,0.000,0.000,0.000
12139,0.000,0.000,0.000,0.000
12140,0.000,0.000,0.000,0.000
12141,0.000,0.000,0.000,0.000
12142,0.000,0.000,0.000,0.000
12143,0.000,0.000,0.000,0.000
12144,0.000,0.000,0.000,0.000
12145,0.000,0.000,0.000,0.000
12146,0.000,0.000,0.000,0.000
12147,0.000,0.000,0.000,0.000
12148,0.000,0.000,0.000,0.000
12149,0.000,0.000,0.000,0.000
12150,0.000,0.000,0.000,0.000
12151,0.000,0.000,0.000,0.000
12152,0.000,0.000,0.000,0.000
12153,0.000,0.000,0.000,0.000
12154,0.000,0.000,0.000,0.000
12155,0.000,0.000,0.000,0.000
12156,0.000,0.000,0.000,0.000
12157,0.000,0.000,0.000,0.000
12158,0.000,0.000,0.000,0.000
12159,0.000,0.000,0.000,0.000
12160,0.000,0.000,0.000,0.000
12161,0.000,0.000,0.000,0.000
12162,0.000,0.000,0.000,0.000
12163,0.000,0.000,0.000,0.000
12164,0.000,0.000,0.000,0.000
12165,0.000,0.000,0.000,0.000
12166,0.000,0.000,0.000,0.000
12167,0.000,0.000,0.000,0.000
12168,0.000,0.000,0.000,0.000
12169,0.000,0.000,0.000,0.000
12170,0.000,0.000,0.000,0.000
12171,0.000,0.000,0.000,0.000
12172,0.000,0.000,0.000,0.000
12173,0.000,0.000,0.000,0.000
12174,0.000,0.000,0.000,0.000
12175,0.000,0.000,0.000,0.000
12176,0.000,0.000,0.000,0.000
12177,0.000,0.000,0.000,0.000
12178,0.000,0.000,0.000,0.000
12179,0.000,0.000,0.000,0.000
12180,0.000,0.000,0.000,0.000
12181,0.000,0.000,0.000,0.000
12182,0.000,0.000,0.000,0.000
12183,0.000,0.000,0.000,0.000
12184,0.000,0.000,0.000,0.000
12185,0.000,0.000,0.000,0.000
12186,0.000,0.000,0.000,0.000
12187,0.000,0.000,0.000,0.000
12188,0.000,0.000,0.000,0.000
12189,0.000,0.000,0.000,0.000
12190,0.000,0.000,0.000,0.000
12191,0.000,0.000,0.000,0.000
12192,0.000,0.000,0.000,0.000
12193,0.000,0.000,0.000,0.000
12194,0.000,0.000,0.000,0.000
12195,0.000,0.000,0.000,0.000
12196,0.000,0.000,0.000,0.000
12197,0.000,0.000,0.000,0.000
12198,0.000,0.000,0.000,0.000
12199,0.000,0.000,0.000,0.000
12200,0.000,0.000,0.000,0.000
12201,0.000,0.000,0.000,0.000
12202,0.000,0.000,0.000,0.000
12203,0.000,0.000,0.000,0.000
12204,0.000,0.000,0.000,0.000
12205,0.000,0.000,0.000,0.000
12206,0.000,0.000,0.000,0.000
12207,0.000,0.000,0.000,0.000
12208,0.000,0.000,0.000,0.000
12209,0.000,0.000,0.000,0.000
12210,0.000,0.000,0.000,0.000
12211,0.000,0.000,0.000,0.000
12212,0.000,0.000,0.000,0.000
12213,0.000,0.000,0.000,0.000
12214,0.000,0.000,0.000,0.000
12215,0.000,0.000,0.000,0.000
12216,0.000,0.000,0.000,0.000
12217,0.000,0.000,0.000,0.000
12218,0.000,0.000,0.000,0.000
12219,0.000,0.000,0.000,0.000
12220,0.000,0.000,0.000,0.000
12221,0.000,0.000,0.000,0.000
12222,0.000,0.000,0.000,0.000
12223,0.000,0.000,0.000,0.000
12224,0.000,0.000,0.000,0.000
12225,0.000,0.000,0.000,0.000
12226,0.000,0.000,0.000,0.000
12227,0.000,0.000,0.000,0.000
12228,0.000,0.000,0.000,0.000
12229,0.000,0.000,0.000,0.000
12230,0.000,0.000,0.000,0.000
12231,0.000,0.000,0.000,0.000
12232,0.000,0.000,0.000,0.000
12233,0.000,0.000,0.000,0.000
12234,0.000,0.000,0.000,0.000
12235,0.000,0.000,0.000,0.000
12236,0.000,0.000,0.000,0.000
12237,0.000,0.000,0.000,0.000
12238,0.000,0.000,0.000,0.000
12239,0.000,0.000,0.000,0.000
12240,0.000,0.000,0.000,0.000
12241,0.000,0.000,0.000,0.000
12242,0.000,0.000,0.000,0.000
12243,0.000,0.000,0.000,0.000
12244,0.000,0.000,0.000,0.000
12245,0.000,0.000,0.000,0.000
12246,0.000,0.000,0.000,0.000
12247,0.000,0.000,0.000,0.000
12248,0.000,0.000,0.000,0.000
12249,0.000,0.000,0.000,0.000
12250,0.000,0.000,0.000,0.000
12251,0.000,0.000,0.000,0.000
12252,0.000,0.000,0.000,0.000
12253,0.000,0.000,0.000,0.000
12254,0.000,0.000,0.000,0.000
12255,0.000,0.000,0.000,0.000
12256,0.000,0.000,0.000,0.000
12257,0.000,0.000,0.000,0.000
12258,0.000,0.000,0.000,0.000
12259,0.000,0.000,0.000,0.000
12260,0.000,0.000,0.000,0.000
12261,0.000,0.000,0.000,0.000
12262,0.000,0.000,0.000,0.000
12263,0.000,0.000,0.000,0.000
12264,0.000,0.000,0.000,0.000
12265,0.000,0.000,0.000,0.000
12266,0.000,0.000,0.000,0.000
12267,0.000,0.000,0.000,0.000
12268,0.000,0.000,0.000,0.000
12269,0.000,0.000,0.000,0.000
12270,0.000,0.000,0.000,0.000
12271,0.000,0.000,0.000,0.000
12272,0.000,0.000,0.000,0.000
12273,0.000,0.000,0.000,0.000
12274,0.000,0.000,0.000,0.000
12275,0.000,0.000,0.000,0.000
12276,0.000,0.000,0.000,0.000
12277,0.000,0.000,0.000,0.000
12278,0.000,0.000,0.000,0.000
12279,0.000,0.000,0.000,0.000
12280,0.000,0.000,0.000,0.000
12281,0.000,0.000,0.000,0.000
12282,0.000,0.000,0.000,0.000
12283,0.000,0.000,0.000,0.000
12284,0.000,0.000,0.000,0.000
12285,0.000,0.000,0.000,0.000
12286,0.000,0.000,0.000,0.000
12287,0.000,0.000,0.000,0.000
12288,0.000,0.000,0.000,0.000
12289,0.000,0.000,0.000,0.000
12290,0.000,0.000,0.000,0.000
12291,0.000,0.000,0.000,0.000
12292,0.000,0.000,0.000,0.000
12293,0.000,0.000,0.000,0.000
12294,0.000,0.000,0.000,0.000
12295,0.000,0.000,0.000,0.000
12296,0.000,0.000,0.000,0.000
12297,0.000,0.000,0.000,0.000
12298,0.000,0.000,0.000,0.000
12299,0.000,0.000,0.000,0.000
12300,0.000,0.000,0.000,0.000
12301,0.000,0.000,0.000,0.000
12302,0.000,0.000,0.000,0.000
12303,0.000,0.000,0.000,0.000
12304,0.000,0.000,0.000,0.000
12305,0.000,0.000,0.000,0.000
12306,0.000,0.000,0.000,0.000
12307,0.000,0.000,0.000,0.000
12308,0.000,0.000,0.000,0.000
12309,0.000,0.000,0.000,0.000
12310,0.000,0.000,0.000,0.000
12311,0.000,0.000,0.000,0.000
12312,0.000,0.000,0.000,0.000
12313,0.000,0.000,0.000,0.000
12314,0.000,0.000,0.000,0.000
12315,0.000,0.000,0.000,0.000
12316,0.000,0.000,0.000,0.000
12317,0.000,0.000,0.000,0.000
12318,0.000,0.000,0.000,0.000
12319,0.000,0.000,0.000,0.000
12320,0.000,0.000,0.000,0.000
12321,0.000,0.000,0.000,0.000
12322,0.000,0.000,0.000,0.000
12323,0.000,0.000,0.000,0.000
12324,0.000,0.000,0.000,0.000
12325,0.000,0.000,0.000,0.000
12326,0.000,0.000,0.000,0.000
12327,0.000,0.000,0.000,0.000
12328,0.000,0.000,0.000,0.000
12329,0.000,0.000,0.000,0.000
12330,0.000,0.000,0.000,0.000
12331,0.000,0.000,0.000,0.000
12332,0.000,0.000,0.000,0.000
12333,0.000,0.000,0.000,0.000
12334,0.000,0.000,0.000,0.000
12335,0.000,0.000,0.000,0.000
12336,0.000,0.000,0.000,0.000
12337,0.000,0.000,0.000,0.000
12338,0.000,0.000,0.000,0.000
12339,0.000,0.000,0.000,0.000
12340,0.000,0.000,0.000,0.000
12341,0.000,0.000,0.000,0.000
12342,0.000,0.000,0.000,0.000
12343,0.000,0.000,0.000,0.000
12344,0.000,0.000,0.000,0.000
12345,0.000,0.000,0.000,0.000
12346,0.000,0.000,0.000,0.000
12347,0.000,0.000,0.000,0.000
12348,0.000,0.000,0.000,0.000
12349,0.000,0.000,0.000,0.000
12350,0.000,0.000,0.000,0.000
12351,0.000,0.000,0.000,0.000
12352,0.000,0.000,0.000,0.000
12353,0.000,0.000,0.000,0.000
12354,0.000,0.000,0.000,0.000
12355,0.000,0.000,0.000,0.000
12356,0.000,0.000,0.000,0.000
12357,0.000,0.000,0.000,0.000
12358,0.000,0.000,0.000,0.000
12359,0.000,0.000,0.000,0.000
12360,0.000,0.000,0.000,0.000
12361,0.000,0.000,0.000,0.000
12362,0.000,0.000,0.000,0.000
12363,0.000,0.000,0.000,0.000
12364,0.000,0.000,0.000,0.000
12365,0.000,0.000,0.000,0.000
12366,0.000,0.000,0.000,0.000
12367,0.000,0.000,0.000,0.000
12368,0.000,0.000,0.000,0.000
12369,0.000,0.000,0.000,0.000
12370,0.000,0.000,0.000,0.000
12371,0.000,0.000,0.000,0.000
12372,0.000,0.000,0.000,0.000
12373,0.000,0.000,0.000,0.000
12374,0.000,0.000,0.000,0.000
12375,0.000,0.000,0.000,0.000
12376,0.000,0.000,0.000,0.000
12377,0.000,0.000,0.000,0.000
12378,0.000,0.000,0.000,0.000
12379,0.000,0.000,0.000,0.000
12380,0.000,0.000,0.000,0.000
12381,0.000,0.000,0.000,0.000
12382,0.000,0.000,0.000,0.000
12383,0.000,0.000,0.000,0.000
12384,0.000,0.000,0.000,0.000
12385,0.000,0.000,0.000,0.000
12386,0.000,0.000,0.000,0.000
12387,0.000,0.000,0.000,0.000
12388,0.000,0.000,0.000,0.000
12389,0.000,0.000,0.000,0.000
12390,0.000,0.000,0.000,0.000
12391,0.000,0.000,0.000,0.000
12392,0.000,0.000,0.000,0.000
12393,0.000,0.000,0.000,0.000
12394,0.000,0.000,0.000,0.000
12395,0.000,0.000,0.000,0.000
12396,0.000,0.000,0.000,0.000
12397,0.000,0.000,0.000,0.000
12398,0.000,0.000,0.000,0.000
12399,0.000,0.000,0.000,0.000
12400,0.000,0.000,0.000,0.000
12401,0.000,0.000,0.000,0.000
12402,0.000,0.000,0.000,0.000
12403,0.000,0.000,0.000,0.000
12404,0.000,0.000,0.000,0.000
12405,0.000,0.000,0.000,0.000
12406,0.000,0.000,0.000,0.000
12407,0.000,0.000,0.000,0.000
12408,0.000,0.000,0.000,0.000
12409,0.000,0.000,0.000,0.000
12410,0.000,0.000,0.000,0.000
12411,0.000,0.000,0.000,0.000
12412,0.000,0.000,0.000,0.000
12413,0.000,0.000,0.000,0.000
12414,0.000,0.000,0.000,0.000
12415,0.000,0.000,0.000,0.000
12416,0.000,0.000,0.000,0.000
12417,0.000,0.000,0.000,0.000
12418,0.000,0.000,0.000,0.000
12419,0.000,0.000,0.000,0.000
12420,0.000,0.000,0.000,0.000
12421,0.000,0.000,0.000,0.000
12422,0.000,0.000,0.000,0.000
12423,0.000,0.000,0.000,0.000
12424,0.000,0.000,0.000,0.000
12425,0.000,0.000,0.000,0.000
12426,0.000,0.000,0.000,0.000
12427,0.000,0.000,0.000,0.000
12428,0.000,0.000,0.000,0.000
12429,0.000,0.000,0.000,0.000
12430,0.000,0.000,0.000,0.000
12431,0.000,0.000,0.000,0.000
12432,0.000,0.000,0.000,0.000
12433,0.000,0.000,0.000,0.000
12434,0.000,0.000,0.000,0.000
12435,0.000,0.000,0.000,0.000
12436,0.000,0.000,0.000,0.000
12437,0.000,0.000,0.000,0.000
12438,0.000,0.000,0.000,0.000
12439,0.000,0.000,0.000,0.000
12440,0.000,0.000,0.000,0.000
12441,0.000,0.000,0.000,0.000
12442,0.000,0.000,0.000,0.000
12443,0.000,0.000,0.000,0.000
12444,0.000,0.000,0.000,0.000
12445,0.000,0.000,0.000,0.000
12446,0.000,0.000,0.000,0.000
12447,0.000,0.000,0.000,0.000
12448,0.000,0.000,0.000,0.000
12449,0.000,0.000,0.000,0.000
12450,0.000,0.000,0.000,0.000
12451,0.000,0.000,0.000,0.000
12452,0.000,0.000,0.000,0.000
12453,0.000,0.000,0.000,0.000
12454,0.000,0.000,0.000,0.000
12455,0.000,0.000,0.000,0.000
12456,0.000,0.000,0.000,0.000
12457,0.000,0.000,0.000,0.000
12458,0.000,0.000,0.000,0.000
12459,0.000,0.000,0.000,0.000
12460,0.000,0.000,0.000,0.000
12461,0.000,0.000,0.000,0.000
12462,0.000,0.000,0.000,0.000
12463,0.000,0.000,0.000,0.000
12464,0.000,0.000,0.000,0.000
12465,0.000,0.000,0.000,0.000
12466,0.000,0.000,0.000,0.000
12467,0.000,0.000,0.000,0.000
12468,0.000,0.000,0.000,0.000
12469,0.000,0.000,0.000,0.000
12470,0.000,0.000,0.000,0.000
12471,0.000,0.000,0.000,0.000
12472,0.000,0.000,0.000,0.000
12473,0.000,0.000,0.000,0.000
12474,0.000,0.000,0.000,0.000
12475,0.000,0.000,0.000,0.000
12476,0.000,0.000,0.000,0.000
12477,0.000,0.000,0.000,0.000
12478,0.000,0.000,0.000,0.000
12479,0.000,0.000,0.000,0.000
12480,0.000,0.000,0.000,0.000
12481,0.000,0.000,0.000,0.000
12482,0.000,0.000,0.000,0.000
12483,0.000,0.000,0.000,0.000
12484,0.000,0.000,0.000,0.000
12485,0.000,0.000,0.000,0.000
12486,0.000,0.000,0.000,0.000
12487,0.000,0.000,0.000,0.000
12488,0.000,0.000,0.000,0.000
12489,0.000,0.000,0.000,0.000
12490,0.000,0.000,0.000,0.000
12491,0.000,0.000,0.000,0.000
12492,0.000,0.000,0.000,0.000
12493,0.000,0.000,0.000,0.000
12494,0.000,0.000,0.000,0.000
12495,0.000,0.000,0.000,0.000
12496,0.000,0.000,0.000,0.000
12497,0.000,0.000,0.000,0.000
12498,0.000,0.000,0.000,0.000
12499,0.000,0.000,0.000,0.000
12500,0.000,0.000,0.000,0.000
12501,0.000,0.000,0.000,0.000
12502,0.000,0.000,0.000,0.000
12503,0.000,0.000,0.000,0.000
12504,0.000,0.000,0.000,0.000
12505,0.000,0.000,0.000,0.000
12506,0.000,0.000,0.000,0.000
12507,0.000,0.000,0.000,0.000
12508,0.000,0.000,0.000,0.000
12509,0.000,0.000,0.000,0.000
12510,0.000,0.000,0.000,0.000
12511,0.000,0.000,0.000,0.000
12512,0.000,0.000,0.000,0.000
12513,0.000,0.000,0.000,0.000
12514,0.000,0.000,0.000,0.000
12515,0.000,0.000,0.000,0.000
12516,0.000,0.000,0.000,0.000
12517,0.000,0.000,0.000,0.000
12518,0.000,0.000,0.000,0.000
12519,0.000,0.000,0.000,0.000
12520,0.000,0.000,0.000,0.000
12521,0.000,0.000,0.000,0.000
12522,0.000,0.000,0.000,0.000
12523,0.000,0.000,0.000,0.000
12524,0.000,0.000,0.000,0.000
12525,0.000,0.000,0.000,0.000
12526,0.000,0.000,0.000,0.000
12527,0.000,0.000,0.000,0.000
12528,0.000,0.000,0.000,0.000
12529,0.000,0.000,0.000,0.000
12530,0.000,0.000,0.000,0.000
12531,0.000,0.000,0.000,0.000
12532,0.000,0.000,0.000,0.000
12533,0.000,0.000,0.000,0.000
12534,0.000,0.000,0.000,0.000
12535,0.000,0.000,0.000,0.000
12536,0.000,0.000,0.000,0.000
12537,0.000,0.000,0.000,0.000
12538,0.000,0.000,0.000,0.000
12539,0.000,0.000,0.000,0.000
12540,0.000,0.000,0.000,0.000
12541,0.000,0.000,0.000,0.000
12542,0.000,0.000,0.000,0.000
12543,0.000,0.000,0.000,0.000
12544,0.000,0.000,0.000,0.000
12545,0.000,0.000,0.000,0.000
12546,0.000,0.000,0.000,0.000
12547,0.000,0.000,0.000,0.000
12548,0.000,0.000,0.000,0.000
12549,0.000,0.000,0.000,0.000
12550,0.000,0.000,0.000,0.000
12551,0.000,0.000,0.000,0.000
12552,0.000,0.000,0.000,0.000
12553,0.000,0.000,0.000,0.000
12554,0.000,0.000,0.000,0.000
12555,0.000,0.000,0.000,0.000
12556,0.000,0.000,0.000,0.000
12557,0.000,0.000,0.000,0.000
12558,0.000,0.000,0.000,0.000
12559,0.000,0.000,0.000,0.000
12560,0.000,0.000,0.000,0.000
12561,0.000,0.000,0.000,0.000
12562,0.000,0.000,0.000,0.000
12563,0.000,0.000,0.000,0.000
12564,0.000,0.000,0.000,0.000
12565,0.000,0.000,0.000,0.000
12566,0.000,0.000,0.000,0.000
12567,0.000,0.000,0.000,0.000
12568,0.000,0.000,0.000,0.000
12569,0.000,0.000,0.000,0.000
12570,0.000,0.000,0.000,0.000
12571,0.000,0.000,0.000,0.000
12572,0.000,0.000,0.000,0.000
12573,0.000,0.000,0.000,0.000
12574,0.000,0.000,0.000,0.000
12575,0.000,0.000,0.000,0.000
12576,0.000,0.000,0.000,0.000
12577,0.000,0.000,0.000,0.000
12578,0.000,0.000,0.000,0.000
12579,0.000,0.000,0.000,0.000
12580,0.000,0.000,0.000,0.000
12581,0.000,0.000,0.000,0.000
12582,0.000,0.000,0.000,0.000
12583,0.000,0.000,0.000,0.000
12584,0.000,0.000,0.000,0.000
12585,0.000,0.000,0.000,0.000
12586,0.000,0.000,0.000,0.000
12587,0.000,0.000,0.000,0.000
12588,0.000,0.000,0.000,0.000
12589,0.000,0.000,0.000,0.000
12590,0.000,0.000,0.000,0.000
12591,0.000,0.000,0.000,0.000
12592,0.000,0.000,0.000,0.000
12593,0.000,0.000,0.000,0.000
12594,0.000,0.000,0.000,0.000
12595,0.000,0.000,0.000,0.000
12596,0.000,0.000,0.000,0.000
12597,0.000,0.000,0.000,0.000
12598,0.000,0.000,0.000,0.000
12599,0.000,0.000,0.000,0.000
12600,0.000,0.000,0.000,0.000
12601,0.000,0.000,0.000,0.000
12602,0.000,0.000,0.000,0.000
12603,0.000,0.000,0.000,0.000
12604,0.000,0.000,0.000,0.000
12605,0.000,0.000,0.000,0.000
12606,0.000,0.000,0.000,0.000
12607,0.000,0.000,0.000,0.000
12608,0.000,0.000,0.000,0.000
12609,0.000,0.000,0.000,0.000
12610,0.000,0.000,0.000,0.000
12611,0.000,0.000,0.000,0.000
12612,0.000,0.000,0.000,0.000
12613,0.000,0.000,0.000,0.000
12614,0.000,0.000,0.000,0.000
12615,0.000,0.000,0.000,0.000
12616,0.000,0.000,0.000,0.000
12617,0.000,0.000,0.000,0.000
12618,0.000,0.000,0.000,0.000
12619,0.000,0.000,0.000,0.000
12620,0.000,0.000,0.000,0.000
12621,0.000,0.000,0.000,0.000
12622,0.000,0.000,0.000,0.000
12623,0.000,0.000,0.000,0.000
12624,0.000,0.000,0.000,0.000
12625,0.000,0.000,0.000,0.000
12626,0.000,0.000,0.000,0.000
12627,0.000,0.000,0.000,0.000
12628,0.000,0.000,0.000,0.000
12629,0.000,0.000,0.000,0.000
12630,0.000,0.000,0.000,0.000
12631,0.000,0.000,0.000,0.000
12632,0.000,0.000,0.000,0.000
12633,0.000,0.000,0.000,0.000
12634,0.000,0.000,0.000,0.000
12635,0.000,0.000,0.000,0.000
12636,0.000,0.000,0.000,0.000
12637,0.000,0.000,0.000,0.000
12638,0.000,0.000,0.000,0.000
12639,0.000,0.000,0.000,0.000
12640,0.000,0.000,0.000,0.000
12641,0.000,0.000,0.000,0.000
12642,0.000,0.000,0.000,0.000
12643,0.000,0.000,0.000,0.000
12644,0.000,0.000,0.000,0.000
12645,0.000,0.000,0.000,0.000
12646,0.000,0.000,0.000,0.000
12647,0.000,0.000,0.000,0.000
12648,0.000,0.000,0.000,0.000
12649,0.000,0.000,0.000,0.000
12650,0.000,0.000,0.000,0.000
12651,0.000,0.000,0.000,0.000
12652,0.000,0.000,0.000,0.000
12653,0.000,0.000,0.000,0.000
12654,0.000,0.000,0.000,0.000
12655,0.000,0.000,0.000,0.000
12656,0.000,0.000,0.000,0.000
12657,0.000,0.000,0.000,0.000
12658,0.000,0.000,0.000,0.000
12659,0.000,0.000,0.000,0.000
12660,0.000,0.000,0.000,0.000
12661,0.000,0.000,0.000,0.000
12662,0.000,0.000,0.000,0.000
12663,0.000,0.000,0.000,0.000
12664,0.000,0.000,0.000,0.000
12665,0.000,0.000,0.000,0.000
12666,0.000,0.000,0.000,0.000
12667,0.000,0.000,0.000,0.000
12668,0.000,0.000,0.000,0.000
12669,0.000,0.000,0.000,0.000
12670,0.000,0.000,0.000,0.000
12671,0.000,0.000,0.000,0.000
12672,0.000,0.000,0.000,0.000
12673,0.000,0.000,0.000,0.000
12674,0.000,0.000,0.000,0.000
12675,0.000,0.000,0.000,0.000
12676,0.000,0.000,0.000,0.000
12677,0.000,0.000,0.000,0.000
12678,0.000,0.000,0.000,0.000
12679,0.000,0.000,0.000,0.000
12680,0.000,0.000,0.000,0.000
12681,0.000,0.000,0.000,0.000
12682,0.000,0.000,0.000,0.000
12683,0.000,0.000,0.000,0.000
12684,0.000,0.000,0.000,0.000
12685,0.000,0.000,0.000,0.000
12686,0.000,0.000,0.000,0.000
12687,0.000,0.000,0.000,0.000
12688,0.000,0.000,0.000,0.000
12689,0.000,0.000,0.000,0.000
12690,0.000,0.000,0.000,0.000
12691,0.000,0.000,0.000,0.000
12692,0.000,0.000,0.000,0.000
12693,0.000,0.000,0.000,0.000
12694,0.000,0.000,0.000,0.000
12695,0.000,0.000,0.000,0.000
12696,0.000,0.000,0.000,0.000
12697,0.000,0.000,0.000,0.000
12698,0.000,0.000,0.000,0.000
12699,0.000,0.000,0.000,0.000
12700,0.000,0.000,0.000,0.000
12701,0.000,0.000,0.000,0.000
12702,0.000,0.000,0.000,0.000
12703,0.000,0.000,0.000,0.000
12704,0.000,0.000,0.000,0.000
12705,0.000,0.000,0.000,0.000
12706,0.000,0.000,0.000,0.000
12707,0.000,0.000,0.000,0.000
12708,0.000,0.000,0.000,0.000
12709,0.000,0.000,0.000,0.000
12710,0.000,0.000,0.000,0.000
12711,0.000,0.000,0.000,0.000
12712,0.000,0.000,0.000,0.000
12713,0.000,0.000,0.000,0.000
12714,0.000,0.000,0.000,0.000
12715,0.000,0.000,0.000,0.000
12716,0.000,0.000,0.000,0.000
12717,0.000,0.000,0.000,0.000
12718,0.000,0.000,0.000,0.000
12719,0.000,0.000,0.000,0.000
12720,0.000,0.000,0.000,0.000
12721,0.000,0.000,0.000,0.000
12722,0.000,0.000,0.000,0.000
12723,0.000,0.000,0.000,0.000
12724,0.000,0.000,0.000,0.000
12725,0.000,0.000,0.000,0.000
12726,0.000,0.000,0.000,0.000
12727,0.000,0.000,0.000,0.000
12728,0.000,0.000,0.000,0.000
12729,0.000,0.000,0.000,0.000
12730,0.000,0.000,0.000,0.000
12731,0.000,0.000,0.000,0.000
12732,0.000,0.000,0.000,0.000
12733,0.000,0.000,0.000,0.000
12734,0.000,0.000,0.000,0.000
12735,0.000,0.000,0.000,0.000
12736,0.000,0.000,0.000,0.000
12737,0.000,0.000,0.000,0.000
12738,0.000,0.000,0.000,0.000
12739,0.000,0.000,0.000,0.000
12740,0.000,0.000,0.000,0.000
12741,0.000,0.000,0.000,0.000
12742,0.000,0.000,0.000,0.000
12743,0.000,0.000,0.000,0.000
12744,0.000,0.000,0.000,0.000
12745,0.000,0.000,0.000,0.000
12746,0.000,0.000,0.000,0.000
12747,0.000,0.000,0.000,0.000
12748,0.000,0.000,0.000,0.000
12749,0.000,0.000,0.000,0.000
12750,0.000,0.000,0.000,0.000
12751,0.000,0.000,0.000,0.000
12752,0.000,0.000,0.000,0.000
12753,0.000,0.000,0.000,0.000
12754,0.000,0.000,0.000,0.000
12755,0.000,0.000,0.000,0.000
12756,0.000,0.000,0.000,0.000
12757,0.000,0.000,0.000,0.000
12758,0.000,0.000,0.000,0.000
12759,0.000,0.000,0.000,0.000
12760,0.000,0.000,0.000,0.000
12761,0.000,0.000,0.000,0.000
12762,0.000,0.000,0.000,0.000
12763,0.000,0.000,0.000,0.000
12764,0.000,0.000,0.000,0.000
12765,0.000,0.000,0.000,0.000
12766,0.000,0.000,0.000,0.000
12767,0.000,0.000,0.000,0.000
12768,0.000,0.000,0.000,0.000
12769,0.000,0.000,0.000,0.000
12770,0.000,0.000,0.000,0.000
12771,0.000,0.000,0.000,0.000
12772,0.000,0.000,0.000,0.000
12773,0.000,0.000,0.000,0.000
12774,0.000,0.000,0.000,0.000
12775,0.000,0.000,0.000,0.000
12776,0.000,0.000,0.000,0.000
12777,0.000,0.000,0.000,0.000
12778,0.000,0.000,0.000,0.000
12779,0.000,0.000,0.000,0.000
12780,0.000,0.000,0.000,0.000
12781,0.000,0.000,0.000,0.000
12782,0.000,0.000,0.000,0.000
12783,0.000,0.000,0.000,0.000
12784,0.000,0.000,0.000,0.000
12785,0.000,0.000,0.000,0.000
12786,0.000,0.000,0.000,0.000
12787,0.000,0.000,0.000,0.000
12788,0.000,0.000,0.000,0.000
12789,0.000,0.000,0.000,0.000
12790,0.000,0.000,0.000,0.000
12791,0.000,0.000,0.000,0.000
12792,0.000,0.000,0.000,0.000
12793,0.000,0.000,0.000,0.000
12794,0.000,0.000,0.000,0.000
12795,0.000,0.000,0.000,0.000
12796,0.000,0.000,0.000,0.000
12797,0.000,0.000,0.000,0.000
12798,0.000,0.000,0.000,0.000
12799,0.000,0.000,0.000,0.000
12800,0.000,0.000,0.000,0.000
12801,0.000,0.000,0.000,0.000
12802,0.000,0.000,0.000,0.000
12803,0.000,0.000,0.000,0.000
12804,0.000,0.000,0.000,0.000
12805,0.000,0.000,0.000,0.000
12806,0.000,0.000,0.000,0.000
12807,0.000,0.000,0.000,0.000
12808,0.000,0.000,0.000,0.000
12809,0.000,0.000,0.000,0.000
12810,0.000,0.000,0.000,0.000
12811,0.000,0.000,0.000,0.000
12812,0.000,0.000,0.000,0.000
12813,0.000,0.000,0.000,0.000
12814,0.000,0.000,0.000,0.000
12815,0.000,0.000,0.000,0.000
12816,0.000,0.000,0.000,0.000
12817,0.000,0.000,0.000,0.000
12818,0.000,0.000,0.000,0.000
12819,0.000,0.000,0.000,0.000
12820,0.000,0.000,0.000,0.000
12821,0.000,0.000,0.000,0.000
12822,0.000,0.000,0.000,0.000
12823,0.000,0.000,0.000,0.000
12824,0.000,0.000,0.000,0.000
12825,0.000,0.000,0.000,0.000
12826,0.000,0.000,0.000,0.000
12827,0.000,0.000,0.000,0.000
12828,0.000,0.000,0.000,0.000
12829,0.000,0.000,0.000,0.000
12830,0.000,0.000,0.000,0.000
12831,0.000,0.000,0.000,0.000
12832,0.000,0.000,0.000,0.000
12833,0.000,0.000,0.000,0.000
12834,0.000,0.000,0.000,0.000
12835,0.000,0.000,0.000,0.000
12836,0.000,0.000,0.000,0.000
12837,0.000,0.000,0.000,0.000
12838,0.000,0.000,0.000,0.000
12839,0.000,0.000,0.000,0.000
12840,0.000,0.000,0.000,0.000
12841,0.000,0.000,0.000,0.000
12842,0.000,0.000,0.000,0.000
12843,0.000,0.000,0.000,0.000
12844,0.000,0.000,0.000,0.000
12845,0.000,0.000,0.000,0.000
12846,0.000,0.000,0.000,0.000
12847,0.000,0.000,0.000,0.000
12848,0.000,0.000,0.000,0.000
12849,0.000,0.000,0.000,0.000
12850,0.000,0.000,0.000,0.000
12851,0.000,0.000,0.000,0.000
12852,0.000,0.000,0.000,0.000
12853,0.000,0.000,0.000,0.000
12854,0.000,0.000,0.000,0.000
12855,0.000,0.000,0.000,0.000
12856,0.000,0.000,0.000,0.000
12857,0.000,0.000,0.000,0.000
12858,0.000,0.000,0.000,0.000
12859,0.000,0.000,0.000,0.000
12860,0.000,0.000,0.000,0.000
12861,0.000,0.000,0.000,0.000
12862,0.000,0.000,0.000,0.000
12863,0.000,0.000,0.000,0.000
12864,0.000,0.000,0.000,0.000
12865,0.000,0.000,0.000,0.000
12866,0.000,0.000,0.000,0.000
12867,0.000,0.000,0.000,0.000
12868,0.000,0.000,0.000,0.000
12869,0.000,0.000,0.000,0.000
12870,0.000,0.000,0.000,0.000
12871,0.000,0.000,0.000,0.000
12872,0.000,0.000,0.000,0.000
12873,0.000,0.000,0.000,0.000
12874,0.000,0.000,0.000,0.000
12875,0.000,0.000,0.000,0.000
12876,0.000,0.000,0.000,0.000
12877,0.000,0.000,0.000,0.000
12878,0.000,0.000,0.000,0.000
12879,0.000,0.000,0.000,0.000
12880,0.000,0.000,0.000,0.000
12881,0.000,0.000,0.000,0.000
12882,0.000,0.000,0.000,0.000
12883,0.000,0.000,0.000,0.000
12884,0.000,0.000,0.000,0.000
12885,0.000,0.000,0.000,0.000
12886,0.000,0.000,0.000,0.000
12887,0.000,0.000,0.000,0.000
12888,0.000,0.000,0.000,0.000
12889,0.000,0.000,0.000,0.000
12890,0.000,0.000,0.000,0.000
12891,0.000,0.000,0.000,0.000
12892,0.000,0.000,0.000,0.000
12893,0.000,0.000,0.000,0.000
12894,0.000,0.000,0.000,0.000
12895,0.000,0.000,0.000,0.000
12896,0.000,0.000,0.000,0.000
12897,0.000,0.000,0.000,0.000
12898,0.000,0.000,0.000,0.000
12899,0.000,0.000,0.000,0.000
12900,0.000,0.000,0.000,0.000
12901,0.000,0.000,0.000,0.000
12902,0.000,0.000,0.000,0.000
12903,0.000,0.000,0.000,0.000
12904,0.000,0.000,0.000,0.000
12905,0.000,0.000,0.000,0.000
12906,0.000,0.000,0.000,0.000
12907,0.000,0.000,0.000,0.000
12908,0.000,0.000,0.000,0.000
12909,0.000,0.000,0.000,0.000
12910,0.000,0.000,0.000,0.000
12911,0.000,0.000,0.000,0.000
12912,0.000,0.000,0.000,0.000
12913,0.000,0.000,0.000,0.000
12914,0.000,0.000,0.000,0.000
12915,0.000,0.000,0.000,0.000
12916,0.000,0.000,0.000,0.000
12917,0.000,0.000,0.000,0.000
12918,0.000,0.000,0.000,0.000
12919,0.000,0.000,0.000,0.000
12920,0.000,0.000,0.000,0.000
12921,0.000,0.000,0.000,0.000
12922,0.000,0.000,0.000,0.000
12923,0.000,0.000,0.000,0.000
12924,0.000,0.000,0.000,0.000
12925,0.000,0.000,0.000,0.000
12926,0.000,0.000,0.000,0.000
12927,0.000,0.000,0.000,0.000
12928,0.000,0.000,0.000,0.000
12929,0.000,0.000,0.000,0.000
12930,0.000,0.000,0.000,0.000
12931,0.000,0.000,0.000,0.000
12932,0.000,0.000,0.000,0.000
12933,0.000,0.000,0.000,0.000
12934,0.000,0.000,0.000,0.000
12935,0.000,0.000,0.000,0.000
12936,0.000,0.000,0.000,0.000
12937,0.000,0.000,0.000,0.000
12938,0.000,0.000,0.000,0.000
12939,0.000,0.000,0.000,0.000
12940,0.000,0.000,0.000,0.000
12941,0.000,0.000,0.000,0.000
12942,0.000,0.000,0.000,0.000
12943,0.000,0.000,0.000,0.000
12944,0.000,0.000,0.000,0.000
12945,0.000,0.000,0.000,0.000
12946,0.000,0.000,0.000,0.000
12947,0.000,0.000,0.000,0.000
12948,0.000,0.000,0.000,0.000
12949,0.000,0.000,0.000,0.000
12950,0.000,0.000,0.000,0.000
12951,0.000,0.000,0.000,0.000
12952,0.000,0.000,0.000,0.000
12953,0.000,0.000,0.000,0.000
12954,0.000,0.000,0.000,0.000
12955,0.000,0.000,0.000,0.000
12956,0.000,0.000,0.000,0.000
12957,0.000,0.000,0.000,0.000
12958,0.000,0.000,0.000,0.000
12959,0.000,0.000,0.000,0.000
12960,0.000,0.000,0.000,0.000
12961,0.000,0.000,0.000,0.000
12962,0.000,0.000,0.000,0.000
12963,0.000,0.000,0.000,0.000
12964,0.000,0.000,0.000,0.000
12965,0.000,0.000,0.000,0.000
12966,0.000,0.000,0.000,0.000
12967,0.000,0.000,0.000,0.000
12968,0.000,0.000,0.000,0.000
12969,0.000,0.000,0.000,0.000
12970,0.000,0.000,0.000,0.000
12971,0.000,0.000,0.000,0.000
12972,0.000,0.000,0.000,0.000
12973,0.000,0.000,0.000,0.000
12974,0.000,0.000,0.000,0.000
12975,0.000,0.000,0.000,0.000
12976,0.000,0.000,0.000,0.000
12977,0.000,0.000,0.000,0.000
12978,0.000,0.000,0.000,0.000
12979,0.000,0.000,0.000,0.000
12980,0.000,0.000,0.000,0.000
12981,0.000,0.000,0.000,0.000
12982,0.000,0.000,0.000,0.000
12983,0.000,0.000,0.000,0.000
12984,0.000,0.000,0.000,0.000
12985,0.000,0.000,0.000,0.000
12986,0.000,0.000,0.000,0.000
12987,0.000,0.000,0.000,0.000
12988,0.000,0.000,0.000,0.000
12989,0.000,0.000,0.000,0.000
12990,0.000,0.000,0.000,0.000
12991,0.000,0.000,0.000,0.000
12992,0.000,0.000,0.000,0.000
12993,0.000,0.000,0.000,0.000
12994,0.000,0.000,0.000,0.000
12995,0.000,0.000,0.000,0.000
12996,0.000,0.000,0.000,0.000
12997,0.000,0.000,0.000,0.000
12998,0.000,0.000,0.000,0.000
12999,0.000,0.000,0.000,0.000
13000,0.000,0.000,0.000,0.000
13001,0.000,0.000,0.000,0.000
13002,0.000,0.000,0.000,0.000
13003,0.000,0.000,0.000,0.000
13004,0.000,0.000,0.000,0.000
13005,0.000,0.000,0.000,0.000
13006,0.000,0.000,0.000,0.000
13007,0.000,0.000,0.000,0.000
13008,0.000,0.000,0.000,0.000
13009,0.000,0.000,0.000,0.000
13010,0.000,0.000,0.000,0.000
13011,0.000,0.000,0.000,0.000
13012,0.000,0.000,0.000,0.000
13013,0.000,0.000,0.000,0.000
13014,0.000,0.000,0.000,0.000
13015,0.000,0.000,0.000,0.000
13016,0.000,0.000,0.000,0.000
13017,0.000,0.000,0.000,0.000
13018,0.000,0.000,0.000,0.000
13019,0.000,0.000,0.000,0.000
13020,0.000,0.000,0.000,0.000
13021,0.000,0.000,0.000,0.000
13022,0.000,0.000,0.000,0.000
13023,0.000,0.000,0.000,0.000
13024,0.000,0.000,0.000,0.000
13025,0.000,0.000,0.000,0.000
13026,0.000,0.000,0.000,0.000
13027,0.000,0.000,0.000,0.000
13028,0.000,0.000,0.000,0.000
13029,0.000,0.000,0.000,0.000
13030,0.000,0.000,0.000,0.000
13031,0.000,0.000,0.000,0.000
13032,0.000,0.000,0.000,0.000
13033,0.000,0.000,0.000,0.000
13034,0.000,0.000,0.000,0.000
13035,0.000,0.000,0.000,0.000
13036,0.000,0.000,0.000,0.000
13037,0.000,0.000,0.000,0.000
13038,0.000,0.000,0.000,0.000
13039,0.000,0.000,0.000,0.000
13040,0.000,0.000,0.000,0.000
13041,0.000,0.000,0.000,0.000
13042,0.000,0.000,0.000,0.000
13043,0.000,0.000,0.000,0.000
13044,0.000,0.000,0.000,0.000
13045,0.000,0.000,0.000,0.000
13046,0.000,0.000,0.000,0.000
13047,0.000,0.000,0.000,0.000
13048,0.000,0.000,0.000,0.000
13049,0.000,0.000,0.000,0.000
13050,0.000,0.000,0.000,0.000
13051,0.000,0.000,0.000,0.000
13052,0.000,0.000,0.000,0.000
13053,0.000,0.000,0.000,0.000
13054,0.000,0.000,0.000,0.000
13055,0.000,0.000,0.000,0.000
13056,0.000,0.000,0.000,0.000
13057,0.000,0.000,0.000,0.000
13058,0.000,0.000,0.000,0.000
13059,0.000,0.000,0.000,0.000
13060,0.000,0.000,0.000,0.000
13061,0.000,0.000,0.000,0.000
13062,0.000,0.000,0.000,0.000
13063,0.000,0.000,0.000,0.000
13064,0.000,0.000,0.000,0.000
13065,0.000,0.000,0.000,0.000
13066,0.000,0.000,0.000,0.000
13067,0.000,0.000,0.000,0.000
13068,0.000,0.000,0.000,0.000
13069,0.000,0.000,0.000,0.000
13070,0.000,0.000,0.000,0.000
13071,0.000,0.000,0.000,0.000
13072,0.000,0.000,0.000,0.000
13073,0.000,0.000,0.000,0.000
13074,0.000,0.000,0.000,0.000
13075,0.000,0.000,0.000,0.000
13076,0.000,0.000,0.000,0.000
13077,0.000,0.000,0.000,0.000
13078,0.000,0.000,0.000,0.000
13079,0.000,0.000,0.000,0.000
13080,0.000,0.000,0.000,0.000
13081,0.000,0.000,0.000,0.000
13082,0.000,0.000,0.000,0.000
13083,0.000,0.000,0.000,0.000
13084,0.000,0.000,0.000,0.000
13085,0.000,0.000,0.000,0.000
13086,0.000,0.000,0.000,0.000
13087,0.000,0.000,0.000,0.000
13088,0.000,0.000,0.000,0.000
13089,0.000,0.000,0.000,0.000
13090,0.000,0.000,0.000,0.000
13091,0.000,0.000,0.000,0.000
13092,0.000,0.000,0.000,0.000
13093,0.000,0.000,0.000,0.000
13094,0.000,0.000,0.000,0.000
13095,0.000,0.000,0.000,0.000
13096,0.000,0.000,0.000,0.000
13097,0.000,0.000,0.000,0.000
13098,0.000,0.000,0.000,0.000
13099,0.000,0.000,0.000,0.000
13100,0.000,0.000,0.000,0.000
13101,0.000,0.000,0.000,0.000
13102,0.000,0.000,0.000,0.000
13103,0.000,0.000,0.000,0.000
13104,0.000,0.000,0.000,0.000
13105,0.000,0.000,0.000,0.000
13106,0.000,0.000,0.000,0.000
13107,0.000,0.000,0.000,0.000
13108,0.000,0.000,0.000,0.000
13109,0.000,0.000,0.000,0.000
13110,0.000,0.000,0.000,0.000
13111,0.000,0.000,0.000,0.000
13112,0.000,0.000,0.000,0.000
13113,0.000,0.000,0.000,0.000
13114,0.000,0.000,0.000,0.000
13115,0.000,0.000,0.000,0.000
13116,0.000,0.000,0.000,0.000
13117,0.000,0.000,0.000,0.000
13118,0.000,0.000,0.000,0.000
13119,0.000,0.000,0.000,0.000
13120,0.000,0.000,0.000,0.000
13121,0.000,0.000,0.000,0.000
13122,0.000,0.000,0.000,0.000
13123,0.000,0.000,0.000,0.000
13124,0.000,0.000,0.000,0.000
13125,0.000,0.000,0.000,0.000
13126,0.000,0.000,0.000,0.000
13127,0.000,0.000,0.000,0.000
13128,0.000,0.000,0.000,0.000
13129,0.000,0.000,0.000,0.000
13130,0.000,0.000,0.000,0.000
13131,0.000,0.000,0.000,0.000
13132,0.000,0.000,0.000,0.000
13133,0.000,0.000,0.000,0.000
13134,0.000,0.000,0.000,0.000
13135,0.000,0.000,0.000,0.000
13136,0.000,0.000,0.000,0.000
13137,0.000,0.000,0.000,0.000
13138,0.000,0.000,0.000,0.000
13139,0.000,0.000,0.000,0.000
13140,0.000,0.000,0.000,0.000
13141,0.000,0.000,0.000,0.000
13142,0.000,0.000,0.000,0.000
13143,0.000,0.000,0.000,0.000
13144,0.000,0.000,0.000,0.000
13145,0.000,0.000,0.000,0.000
13146,0.000,0.000,0.000,0.000
13147,0.000,0.000,0.000,0.000
13148,0.000,0.000,0.000,0.000
13149,0.000,0.000,0.000,0.000
13150,0.000,0.000,0.000,0.000
13151,0.000,0.000,0.000,0.000
13152,0.000,0.000,0.000,0.000
13153,0.000,0.000,0.000,0.000
13154,0.000,0.000,0.000,0.000
13155,0.000,0.000,0.000,0.000
13156,0.000,0.000,0.000,0.000
13157,0.000,0.000,0.000,0.000
13158,0.000,0.000,0.000,0.000
13159,0.000,0.000,0.000,0.000
13160,0.000,0.000,0.000,0.000
13161,0.000,0.000,0.000,0.000
13162,0.000,0.000,0.000,0.000
13163,0.000,0.000,0.000,0.000
13164,0.000,0.000,0.000,0.000
13165,0.000,0.000,0.000,0.000
13166,0.000,0.000,0.000,0.000
13167,0.000,0.000,0.000,0.000
13168,0.000,0.000,0.000,0.000
13169,0.000,0.000,0.000,0.000
13170,0.000,0.000,0.000,0.000
13171,0.000,0.000,0.000,0.000
13172,0.000,0.000,0.000,0.000
13173,0.000,0.000,0.000,0.000
13174,0.000,0.000,0.000,0.000
13175,0.000,0.000,0.000,0.000
13176,0.000,0.000,0.000,0.000
13177,0.000,0.000,0.000,0.000
13178,0.000,0.000,0.000,0.000
13179,0.000,0.000,0.000,0.000
13180,0.000,0.000,0.000,0.000
13181,0.000,0.000,0.000,0.000
13182,0.000,0.000,0.000,0.000
13183,0.000,0.000,0.000,0.000
13184,0.000,0.000,0.000,0.000
13185,0.000,0.000,0.000,0.000
13186,0.000,0.000,0.000,0.000
13187,0.000,0.000,0.000,0.000
13188,0.000,0.000,0.000,0.000
13189,0.000,0.000,0.000,0.000
13190,0.000,0.000,0.000,0.000
13191,0.000,0.000,0.000,0.000
13192,0.000,0.000,0.000,0.000
13193,0.000,0.000,0.000,0.000
13194,0.000,0.000,0.000,0.000
13195,0.000,0.000,0.000,0.000
13196,0.000,0.000,0.000,0.000
13197,0.000,0.000,0.000,0.000
13198,0.000,0.000,0.000,0.000
13199,0.000,0.000,0.000,0.000
13200,0.000,0.000,0.000,0.000
13201,0.000,0.000,0.000,0.000
13202,0.000,0.000,0.000,0.000
13203,0.000,0.000,0.000,0.000
13204,0.000,0.000,0.000,0.000
13205,0.000,0.000,0.000,0.000
13206,0.000,0.000,0.000,0.000
13207,0.000,0.000,0.000,0.000
13208,0.000,0.000,0.000,0.000
13209,0.000,0.000,0.000,0.000
13210,0.000,0.000,0.000,0.000
13211,0.000,0.000,0.000,0.000
13212,0.000,0.000,0.000,0.000
13213,0.000,0.000,0.000,0.000
13214,0.000,0.000,0.000,0.000
13215,0.000,0.000,0.000,0.000
13216,0.000,0.000,0.000,0.000
13217,0.000,0.000,0.000,0.000
13218,0.000,0.000,0.000,0.000
13219,0.000,0.000,0.000,0.000
13220,0.000,0.000,0.000,0.000
13221,0.000,0.000,0.000,0.000
13222,0.000,0.000,0.000,0.000
13223,0.000,0.000,0.000,0.000
13224,0.000,0.000,0.000,0.000
13225,0.000,0.000,0.000,0.000
13226,0.000,0.000,0.000,0.000
13227,0.000,0.000,0.000,0.000
13228,0.000,0.000,0.000,0.000
13229,0.000,0.000,0.000,0.000
13230,0.000,0.000,0.000,0.000
13231,0.000,0.000,0.000,0.000
13232,0.000,0.000,0.000,0.000
13233,0.000,0.000,0.000,0.000
13234,0.000,0.000,0.000,0.000
13235,0.000,0.000,0.000,0.000
13236,0.000,0.000,0.000,0.000
13237,0.000,0.000,0.000,0.000
13238,0.000,0.000,0.000,0.000
13239,0.000,0.000,0.000,0.000
13240,0.000,0.000,0.000,0.000
13241,0.000,0.000,0.000,0.000
13242,0.000,0.000,0.000,0.000
13243,0.000,0.000,0.000,0.000
13244,0.000,0.000,0.000,0.000
13245,0.000,0.000,0.000,0.000
13246,0.000,0.000,0.000,0.000
13247,0.000,0.000,0.000,0.000
13248,0.000,0.000,0.000,0.000
13249,0.000,0.000,0.000,0.000
13250,0.000,0.000,0.000,0.000
13251,0.000,0.000,0.000,0.000
13252,0.000,0.000,0.000,0.000
13253,0.000,0.000,0.000,0.000
13254,0.000,0.000,0.000,0.000
13255,0.000,0.000,0.000,0.000
13256,0.000,0.000,0.000,0.000
13257,0.000,0.000,0.000,0.000
13258,0.000,0.000,0.000,0.000
13259,0.000,0.000,0.000,0.000
13260,0.000,0.000,0.000,0.000
13261,0.000,0.000,0.000,0.000
13262,0.000,0.000,0.000,0.000
13263,0.000,0.000,0.000,0.000
13264,0.000,0.000,0.000,0.000
13265,0.000,0.000,0.000,0.000
13266,0.000,0.000,0.000,0.000
13267,0.000,0.000,0.000,0.000
13268,0.000,0.000,0.000,0.000
13269,0.000,0.000,0.000,0.000
13270,0.000,0.000,0.000,0.000
13271,0.000,0.000,0.000,0.000
13272,0.000,0.000,0.000,0.000
13273,0.000,0.000,0.000,0.000
13274,0.000,0.000,0.000,0.000
13275,0.000,0.000,0.000,0.000
13276,0.000,0.000,0.000,0.000
13277,0.000,0.000,0.000,0.000
13278,0.000,0.000,0.000,0.000
13279,0.000,0.000,0.000,0.000
13280,0.000,0.000,0.000,0.000
13281,0.000,0.000,0.000,0.000
13282,0.000,0.000,0.000,0.000
13283,0.000,0.000,0.000,0.000
13284,0.000,0.000,0.000,0.000
13285,0.000,0.000,0.000,0.000
13286,0.000,0.000,0.000,0.000
13287,0.000,0.000,0.000,0.000
13288,0.000,0.000,0.000,0.000
13289,0.000,0.000,0.000,0.000
13290,0.000,0.000,0.000,0.000
13291,0.000,0.000,0.000,0.000
13292,0.000,0.000,0.000,0.000
13293,0.000,0.000,0.000,0.000
13294,0.000,0.000,0.000,0.000
13295,0.000,0.000,0.000,0.000
13296,0.000,0.000,0.000,0.000
13297,0.000,0.000,0.000,0.000
13298,0.000,0.000,0.000,0.000
13299,0.000,0.000,0.000,0.000
13300,0.000,0.000,0.000,0.000
13301,0.000,0.000,0.000,0.000
13302,0.000,0.000,0.000,0.000
13303,0.000,0.000,0.000,0.000
13304,0.000,0.000,0.000,0.000
13305,0.000,0.000,0.000,0.000
13306,0.000,0.000,0.000,0.000
13307,0.000,0.000,0.000,0.000
13308,0.000,0.000,0.000,0.000
13309,0.000,0.000,0.000,0.000
13310,0.000,0.000,0.000,0.000
13311,0.000,0.000,0.000,0.000
13312,0.000,0.000,0.000,0.000
13313,0.000,0.000,0.000,0.000
13314,0.000,0.000,0.000,0.000
13315,0.000,0.000,0.000,0.000
13316,0.000,0.000,0.000,0.000
13317,0.000,0.000,0.000,0.000
13318,0.000,0.000,0.000,0.000
13319,0.000,0.000,0.000,0.000
13320,0.000,0.000,0.000,0.000
13321,0.000,0.000,0.000,0.000
13322,0.000,0.000,0.000,0.000
13323,0.000,0.000,0.000,0.000
13324,0.000,0.000,0.000,0.000
13325,0.000,0.000,0.000,0.000
13326,0.000,0.000,0.000,0.000
13327,0.000,0.000,0.000,0.000
13328,0.000,0.000,0.000,0.000
13329,0.000,0.000,0.000,0.000
13330,0.000,0.000,0.000,0.000
13331,0.000,0.000,0.000,0.000
13332,0.000,0.000,0.000,0.000
13333,0.000,0.000,0.000,0.000
13334,0.000,0.000,0.000,0.000
13335,0.000,0.000,0.000,0.000
13336,0.000,0.000,0.000,0.000
13337,0.000,0.000,0.000,0.000
13338,0.000,0.000,0.000,0.000
13339,0.000,0.000,0.000,0.000
13340,0.000,0.000,0.000,0.000
13341,0.000,0.000,0.000,0.000
13342,0.000,0.000,0.000,0.000
13343,0.000,0.000,0.000,0.000
13344,0.000,0.000,0.000,0.000
13345,0.000,0.000,0.000,0.000
13346,0.000,0.000,0.000,0.000
13347,0.000,0.000,0.000,0.000
13348,0.000,0.000,0.000,0.000
13349,0.000,0.000,0.000,0.000
13350,0.000,0.000,0.000,0.000
13351,0.000,0.000,0.000,0.000
13352,0.000,0.000,0.000,0.000
13353,0.000,0.000,0.000,0.000
13354,0.000,0.000,0.000,0.000
13355,0.000,0.000,0.000,0.000
13356,0.000,0.000,0.000,0.000
13357,0.000,0.000,0.000,0.000
13358,0.000,0.000,0.000,0.000
13359,0.000,0.000,0.000,0.000
13360,0.000,0.000,0.000,0.000
13361,0.000,0.000,0.000,0.000
13362,0.000,0.000,0.000,0.000
13363,0.000,0.000,0.000,0.000
13364,0.000,0.000,0.000,0.000
13365,0.000,0.000,0.000,0.000
13366,0.000,0.000,0.000,0.000
13367,0.000,0.000,0.000,0.000
13368,0.000,0.000,0.000,0.000
13369,0.000,0.000,0.000,0.000
13370,0.000,0.000,0.000,0.000
13371,0.000,0.000,0.000,0.000
13372,0.000,0.000,0.000,0.000
13373,0.000,0.000,0.000,0.000
13374,0.000,0.000,0.000,0.000
13375,0.000,0.000,0.000,0.000
13376,0.000,0.000,0.000,0.000
13377,0.000,0.000,0.000,0.000
13378,0.000,0.000,0.000,0.000
13379,0.000,0.000,0.000,0.000
13380,0.000,0.000,0.000,0.000
13381,0.000,0.000,0.000,0.000
13382,0.000,0.000,0.000,0.000
13383,0.000,0.000,0.000,0.000
13384,0.000,0.000,0.000,0.000
13385,0.000,0.000,0.000,0.000
13386,0.000,0.000,0.000,0.000
13387,0.000,0.000,0.000,0.000
13388,0.000,0.000,0.000,0.000
13389,0.000,0.000,0.000,0.000
13390,0.000,0.000,0.000,0.000
13391,0.000,0.000,0.000,0.000
13392,0.000,0.000,0.000,0.000
13393,0.000,0.000,0.000,0.000
13394,0.000,0.000,0.000,0.000
13395,0.000,0.000,0.000,0.000
13396,0.000,0.000,0.000,0.000
13397,0.000,0.000,0.000,0.000
13398,0.000,0.000,0.000,0.000
13399,0.000,0.000,0.000,0.000
13400,0.000,0.000,0.000,0.000
13401,0.000,0.000,0.000,0.000
13402,0.000,0.000,0.000,0.000
13403,0.000,0.000,0.000,0.000
13404,0.000,0.000,0.000,0.000
13405,0.000,0.000,0.000,0.000
13406,0.000,0.000,0.000,0.000
13407,0.000,0.000,0.000,0.000
13408,0.000,0.000,0.000,0.000
13409,0.000,0.000,0.000,0.000
13410,0.000,0.000,0.000,0.000
13411,0.000,0.000,0.000,0.000
13412,0.000,0.000,0.000,0.000
13413,0.000,0.000,0.000,0.000
13414,0.000,0.000,0.000,0.000
13415,0.000,0.000,0.000,0.000
13416,0.000,0.000,0.000,0.000
13417,0.000,0.000,0.000,0.000
13418,0.000,0.000,0.000,0.000
13419,0.000,0.000,0.000,0.000
13420,0.000,0.000,0.000,0.000
13421,0.000,0.000,0.000,0.000
13422,0.000,0.000,0.000,0.000
13423,0.000,0.000,0.000,0.000
13424,0.000,0.000,0.000,0.000
13425,0.000,0.000,0.000,0.000
13426,0.000,0.000,0.000,0.000
13427,0.000,0.000,0.000,0.000
13428,0.000,0.000,0.000,0.000
13429,0.000,0.000,0.000,0.000
13430,0.000,0.000,0.000,0.000
13431,0.000,0.000,0.000,0.000
13432,0.000,0.000,0.000,0.000
13433,0.000,0.000,0.000,0.000
13434,0.000,0.000,0.000,0.000
13435,0.000,0.000,0.000,0.000
13436,0.000,0.000,0.000,0.000
13437,0.000,0.000,0.000,0.000
13438,0.000,0.000,0.000,0.000
13439,0.000,0.000,0.000,0.000
13440,0.000,0.000,0.000,0.000
13441,0.000,0.000,0.000,0.000
13442,0.000,0.000,0.000,0.000
13443,0.000,0.000,0.000,0.000
13444,0.000,0.000,0.000,0.000
13445,0.000,0.000,0.000,0.000
13446,0.000,0.000,0.000,0.000
13447,0.000,0.000,0.000,0.000
13448,0.000,0.000,0.000,0.000
13449,0.000,0.000,0.000,0.000
13450,0.000,0.000,0.000,0.000
13451,0.000,0.000,0.000,0.000
13452,0.000,0.000,0.000,0.000
13453,0.000,0.000,0.000,0.000
13454,0.000,0.000,0.000,0.000
13455,0.000,0.000,0.000,0.000
13456,0.000,0.000,0.000,0.000
13457,0.000,0.000,0.000,0.000
13458,0.000,0.000,0.000,0.000
13459,0.000,0.000,0.000,0.000
13460,0.000,0.000,0.000,0.000
13461,0.000,0.000,0.000,0.000
13462,0.000,0.000,0.000,0.000
13463,0.000,0.000,0.000,0.000
13464,0.000,0.000,0.000,0.000
13465,0.000,0.000,0.000,0.000
13466,0.000,0.000,0.000,0.000
13467,0.000,0.000,0.000,0.000
13468,0.000,0.000,0.000,0.000
13469,0.000,0.000,0.000,0.000
13470,0.000,0.000,0.000,0.000
13471,0.000,0.000,0.000,0.000
13472,0.000,0.000,0.000,0.000
13473,0.000,0.000,0.000,0.000
13474,0.000,0.000,0.000,0.000
13475,0.000,0.000,0.000,0.000
13476,0.000,0.000,0.000,0.000
13477,0.000,0.000,0.000,0.000
13478,0.000,0.000,0.000,0.000
13479,0.000,0.000,0.000,0.000
13480,0.000,0.000,0.000,0.000
13481,0.000,0.000,0.000,0.000
13482,0.000,0.000,0.000,0.000
13483,0.000,0.000,0.000,0.000
13484,0.000,0.000,0.000,0.000
13485,0.000,0.000,0.000,0.000
13486,0.000,0.000,0.000,0.000
13487,0.000,0.000,0.000,0.000
13488,0.000,0.000,0.000,0.000
13489,0.000,0.000,0.000,0.000
13490,0.000,0.000,0.000,0.000
13491,0.000,0.000,0.000,0.000
13492,0.000,0.000,0.000,0.000
13493,0.000,0.000,0.000,0.000
13494,0.000,0.000,0.000,0.000
13495,0.000,0.000,0.000,0.000
13496,0.000,0.000,0.000,0.000
13497,0.000,0.000,0.000,0.000
13498,0.000,0.000,0.000,0.000
13499,0.000,0.000,0.000,0.000
13500,0.000,0.000,0.000,0.000
13501,0.000,0.000,0.000,0.000
13502,0.000,0.000,0.000,0.000
13503,0.000,0.000,0.000,0.000
13504,0.000,0.000,0.000,0.000
13505,0.000,0.000,0.000,0.000
13506,0.000,0.000,0.000,0.000
13507,0.000,0.000,0.000,0.000
13508,0.000,0.000,0.000,0.000
13509,0.000,0.000,0.000,0.000
13510,0.000,0.000,0.000,0.000
13511,0.000,0.000,0.000,0.000
13512,0.000,0.000,0.000,0.000
13513,0.000,0.000,0.000,0.000
13514,0.000,0.000,0.000,0.000
13515,0.000,0.000,0.000,0.000
13516,0.000,0.000,0.000,0.000
13517,0.000,0.000,0.000,0.000
13518,0.000,0.000,0.000,0.000
13519,0.000,0.000,0.000,0.000
13520,0.000,0.000,0.000,0.000
13521,0.000,0.000,0.000,0.000
13522,0.000,0.000,0.000,0.000
13523,0.000,0.000,0.000,0.000
13524,0.000,0.000,0.000,0.000
13525,0.000,0.000,0.000,0.000
13526,0.000,0.000,0.000,0.000
13527,0.000,0.000,0.000,0.000
13528,0.000,0.000,0.000,0.000
13529,0.000,0.000,0.000,0.000
13530,0.000,0.000,0.000,0.000
13531,0.000,0.000,0.000,0.000
13532,0.000,0.000,0.000,0.000
13533,0.000,0.000,0.000,0.000
13534,0.000,0.000,0.000,0.000
13535,0.000,0.000,0.000,0.000
13536,0.000,0.000,0.000,0.000
13537,0.000,0.000,0.000,0.000
13538,0.000,0.000,0.000,0.000
13539,0.000,0.000,0.000,0.000
13540,0.000,0.000,0.000,0.000
13541,0.000,0.000,0.000,0.000
13542,0.000,0.000,0.000,0.000
13543,0.000,0.000,0.000,0.000
13544,0.000,0.000,0.000,0.000
13545,0.000,0.000,0.000,0.000
13546,0.000,0.000,0.000,0.000
13547,0.000,0.000,0.000,0.000
13548,0.000,0.000,0.000,0.000
13549,0.000,0.000,0.000,0.000
13550,0.000,0.000,0.000,0.000
13551,0.000,0.000,0.000,0.000
13552,0.000,0.000,0.000,0.000
13553,0.000,0.000,0.000,0.000
13554,0.000,0.000,0.000,0.000
13555,0.000,0.000,0.000,0.000
13556,0.000,0.000,0.000,0.000
13557,0.000,0.000,0.000,0.000
13558,0.000,0.000,0.000,0.000
13559,0.000,0.000,0.000,0.000
13560,0.000,0.000,0.000,0.000
13561,0.000,0.000,0.000,0.000
13562,0.000,0.000,0.000,0.000
13563,0.000,0.000,0.000,0.000
13564,0.000,0.000,0.000,0.000
13565,0.000,0.000,0.000,0.000
13566,0.000,0.000,0.000,0.000
13567,0.000,0.000,0.000,0.000
13568,0.000,0.000,0.000,0.000
13569,0.000,0.000,0.000,0.000
13570,0.000,0.000,0.000,0.000
13571,0.000,0.000,0.000,0.000
13572,0.000,0.000,0.000,0.000
13573,0.000,0.000,0.000,0.000
13574,0.000,0.000,0.000,0.000
13575,0.000,0.000,0.000,0.000
13576,0.000,0.000,0.000,0.000
13577,0.000,0.000,0.000,0.000
13578,0.000,0.000,0.000,0.000
13579,0.000,0.000,0.000,0.000
13580,0.000,0.000,0.000,0.000
13581,0.000,0.000,0.000,0.000
13582,0.000,0.000,0.000,0.000
13583,0.000,0.000,0.000,0.000
13584,0.000,0.000,0.000,0.000
13585,0.000,0.000,0.000,0.000
13586,0.000,0.000,0.000,0.000
13587,0.000,0.000,0.000,0.000
13588,0.000,0.000,0.000,0.000
13589,0.000,0.000,0.000,0.000
13590,0.000,0.000,0.000,0.000
13591,0.000,0.000,0.000,0.000
13592,0.000,0.000,0.000,0.000
13593,0.000,0.000,0.000,0.000
13594,0.000,0.000,0.000,0.000
13595,0.000,0.000,0.000,0.000
13596,0.000,0.000,0.000,0.000
13597,0.000,0.000,0.000,0.000
13598,0.000,0.000,0.000,0.000
13599,0.000,0.000,0.000,0.000
13600,0.000,0.000,0.000,0.000
13601,0.000,0.000,0.000,0.000
13602,0.000,0.000,0.000,0.000
13603,0.000,0.000,0.000,0.000
13604,0.000,0.000,0.000,0.000
13605,0.000,0.000,0.000,0.000
13606,0.000,0.000,0.000,0.000
13607,0.000,0.000,0.000,0.000
13608,0.000,0.000,0.000,0.000
13609,0.000,0.000,0.000,0.000
13610,0.000,0.000,0.000,0.000
13611,0.000,0.000,0.000,0.000
13612,0.000,0.000,0.000,0.000
13613,0.000,0.000,0.000,0.000
13614,0.000,0.000,0.000,0.000
13615,0.000,0.000,0.000,0.000
13616,0.000,0.000,0.000,0.000
13617,0.000,0.000,0.000,0.000
13618,0.000,0.000,0.000,0.000
13619,0.000,0.000,0.000,0.000
13620,0.000,0.000,0.000,0.000
13621,0.000,0.000,0.000,0.000
13622,0.000,0.000,0.000,0.000
13623,0.000,0.000,0.000,0.000
13624,0.000,0.000,0.000,0.000
13625,0.000,0.000,0.000,0.000
13626,0.000,0.000,0.000,0.000
13627,0.000,0.000,0.000,0.000
13628,0.000,0.000,0.000,0.000
13629,0.000,0.000,0.000,0.000
13630,0.000,0.000,0.000,0.000
13631,0.000,0.000,0.000,0.000
13632,0.000,0.000,0.000,0.000
13633,0.000,0.000,0.000,0.000
13634,0.000,0.000,0.000,0.000
13635,0.000,0.000,0.000,0.000
13636,0.000,0.000,0.000,0.000
13637,0.000,0.000,0.000,0.000
13638,0.000,0.000,0.000,0.000
13639,0.000,0.000,0.000,0.000
13640,0.000,0.000,0.000,0.000
13641,0.000,0.000,0.000,0.000
13642,0.000,0.000,0.000,0.000
13643,0.000,0.000,0.000,0.000
13644,0.000,0.000,0.000,0.000
13645,0.000,0.000,0.000,0.000
13646,0.000,0.000,0.000,0.000
13647,0.000,0.000,0.000,0.000
13648,0.000,0.000,0.000,0.000
13649,0.000,0.000,0.000,0.000
13650,0.000,0.000,0.000,0.000
13651,0.000,0.000,0.000,0.000
13652,0.000,0.000,0.000,0.000
13653,0.000,0.000,0.000,0.000
13654,0.000,0.000,0.000,0.000
13655,0.000,0.000,0.000,0.000
13656,0.000,0.000,0.000,0.000
13657,0.000,0.000,0.000,0.000
13658,0.000,0.000,0.000,0.000
13659,0.000,0.000,0.000,0.000
13660,0.000,0.000,0.000,0.000
13661,0.000,0.000,0.000,0.000
13662,0.000,0.000,0.000,0.000
13663,0.000,0.000,0.000,0.000
13664,0.000,0.000,0.000,0.000
13665,0.000,0.000,0.000,0.000
13666,0.000,0.000,0.000,0.000
13667,0.000,0.000,0.000,0.000
13668,0.000,0.000,0.000,0.000
13669,0.000,0.000,0.000,0.000
13670,0.000,0.000,0.000,0.000
13671,0.000,0.000,0.000,0.000
13672,0.000,0.000,0.000,0.000
13673,0.000,0.000,0.000,0.000
13674,0.000,0.000,0.000,0.000
13675,0.000,0.000,0.000,0.000
13676,0.000,0.000,0.000,0.000
13677,0.000,0.000,0.000,0.000
13678,0.000,0.000,0.000,0.000
13679,0.000,0.000,0.000,0.000
13680,0.000,0.000,0.000,0.000
13681,0.000,0.000,0.000,0.000
13682,0.000,0.000,0.000,0.000
13683,0.000,0.000,0.000,0.000
13684,0.000,0.000,0.000,0.000
13685,0.000,0.000,0.000,0.000
13686,0.000,0.000,0.000,0.000
13687,0.000,0.000,0.000,0.000
13688,0.000,0.000,0.000,0.000
13689,0.000,0.000,0.000,0.000
13690,0.000,0.000,0.000,0.000
13691,0.000,0.000,0.000,0.000
13692,0.000,0.000,0.000,0.000
13693,0.000,0.000,0.000,0.000
13694,0.000,0.000,0.000,0.000
13695,0.000,0.000,0.000,0.000
13696,0.000,0.000,0.000,0.000
13697,0.000,0.000,0.000,0.000
13698,0.000,0.000,0.000,0.000
13699,0.000,0.000,0.000,0.000
13700,0.000,0.000,0.000,0.000
13701,0.000,0.000,0.000,0.000
13702,0.000,0.000,0.000,0.000
13703,0.000,0.000,0.000,0.000
13704,0.000,0.000,0.000,0.000
13705,0.000,0.000,0.000,0.000
13706,0.000,0.000,0.000,0.000
13707,0.000,0.000,0.000,0.000
13708,0.000,0.000,0.000,0.000
13709,0.000,0.000,0.000,0.000
13710,0.000,0.000,0.000,0.000
13711,0.000,0.000,0.000,0.000
13712,0.000,0.000,0.000,0.000
13713,0.000,0.000,0.000,0.000
13714,0.000,0.000,0.000,0.000
13715,0.000,0.000,0.000,0.000
13716,0.000,0.000,0.000,0.000
13717,0.000,0.000,0.000,0.000
13718,0.000,0.000,0.000,0.000
13719,0.000,0.000,0.000,0.000
13720,0.000,0.000,0.000,0.000
13721,0.000,0.000,0.000,0.000
13722,0.000,0.000,0.000,0.000
13723,0.000,0.000,0.000,0.000
13724,0.000,0.000,0.000,0.000
13725,0.000,0.000,0.000,0.000
13726,0.000,0.000,0.000,0.000
13727,0.000,0.000,0.000,0.000
13728,0.000,0.000,0.000,0.000
13729,0.000,0.000,0.000,0.000
13730,0.000,0.000,0.000,0.000
13731,0.000,0.000,0.000,0.000
13732,0.000,0.000,0.000,0.000
13733,0.000,0.000,0.000,0.000
13734,0.000,0.000,0.000,0.000
13735,0.000,0.000,0.000,0.000
13736,0.000,0.000,0.000,0.000
13737,0.000,0.000,0.000,0.000
13738,0.000,0.000,0.000,0.000
13739,0.000,0.000,0.000,0.000
13740,0.000,0.000,0.000,0.000
13741,0.000,0.000,0.000,0.000
13742,0.000,0.000,0.000,0.000
13743,0.000,0.000,0.000,0.000
13744,0.000,0.000,0.000,0.000
13745,0.000,0.000,0.000,0.000
13746,0.000,0.000,0.000,0.000
13747,0.000,0.000,0.000,0.000
13748,0.000,0.000,0.000,0.000
13749,0.000,0.000,0.000,0.000
13750,0.000,0.000,0.000,0.000
13751,0.000,0.000,0.000,0.000
13752,0.000,0.000,0.000,0.000
13753,0.000,0.000,0.000,0.000
13754,0.000,0.000,0.000,0.000
13755,0.000,0.000,0.000,0.000
13756,0.000,0.000,0.000,0.000
13757,0.000,0.000,0.000,0.000
13758,0.000,0.000,0.000,0.000
13759,0.000,0.000,0.000,0.000
13760,0.000,0.000,0.000,0.000
13761,0.000,0.000,0.000,0.000
13762,0.000,0.000,0.000,0.000
13763,0.000,0.000,0.000,0.000
13764,0.000,0.000,0.000,0.000
13765,0.000,0.000,0.000,0.000
13766,0.000,0.000,0.000,0.000
13767,0.000,0.000,0.000,0.000
13768,0.000,0.000,0.000,0.000
13769,0.000,0.000,0.000,0.000
13770,0.000,0.000,0.000,0.000
13771,0.000,0.000,0.000,0.000
13772,0.000,0.000,0.000,0.000
13773,0.000,0.000,0.000,0.000
13774,0.000,0.000,0.000,0.000
13775,0.000,0.000,0.000,0.000
13776,0.000,0.000,0.000,0.000
13777,0.000,0.000,0.000,0.000
13778,0.000,0.000,0.000,0.000
13779,0.000,0.000,0.000,0.000
13780,0.000,0.000,0.000,0.000
13781,0.000,0.000,0.000,0.000
13782,0.000,0.000,0.000,0.000
13783,0.000,0.000,0.000,0.000
13784,0.000,0.000,0.000,0.000
13785,0.000,0.000,0.000,0.000
13786,0.000,0.000,0.000,0.000
13787,0.000,0.000,0.000,0.000
13788,0.000,0.000,0.000,0.000
13789,0.000,0.000,0.000,0.000
13790,0.000,0.000,0.000,0.000
13791,0.000,0.000,0.000,0.000
13792,0.000,0.000,0.000,0.000
13793,0.000,0.000,0.000,0.000
13794,0.000,0.000,0.000,0.000
13795,0.000,0.000,0.000,0.000
13796,0.000,0.000,0.000,0.000
13797,0.000,0.000,0.000,0.000
13798,0.000,0.000,0.000,0.000
13799,0.000,0.000,0.000,0.000
13800,0.000,0.000,0.000,0.000
13801,0.000,0.000,0.000,0.000
13802,0.000,0.000,0.000,0.000
13803,0.000,0.000,0.000,0.000
13804,0.000,0.000,0.000,0.000
13805,0.000,0.000,0.000,0.000
13806,0.000,0.000,0.000,0.000
13807,0.000,0.000,0.000,0.000
13808,0.000,0.000,0.000,0.000
13809,0.000,0.000,0.000,0.000
13810,0.000,0.000,0.000,0.000
13811,0.000,0.000,0.000,0.000
13812,0.000,0.000,0.000,0.000
13813,0.000,0.000,0.000,0.000
13814,0.000,0.000,0.000,0.000
13815,0.000,0.000,0.000,0.000
13816,0.000,0.000,0.000,0.000
13817,0.000,0.000,0.000,0.000
13818,0.000,0.000,0.000,0.000
13819,0.000,0.000,0.000,0.000
13820,0.000,0.000,0.000,0.000
13821,0.000,0.000,0.000,0.000
13822,0.000,0.000,0.000,0.000
13823,0.000,0.000,0.000,0.000
13824,0.000,0.000,0.000,0.000
13825,0.000,0.000,0.000,0.000
13826,0.000,0.000,0.000,0.000
13827,0.000,0.000,0.000,0.000
13828,0.000,0.000,0.000,0.000
13829,0.000,0.000,0.000,0.000
13830,0.000,0.000,0.000,0.000
13831,0.000,0.000,0.000,0.000
13832,0.000,0.000,0.000,0.000
13833,0.000,0.000,0.000,0.000
13834,0.000,0.000,0.000,0.000
13835,0.000,0.000,0.000,0.000
13836,0.000,0.000,0.000,0.000
13837,0.000,0.000,0.000,0.000
13838,0.000,0.000,0.000,0.000
13839,0.000,0.000,0.000,0.000
13840,0.000,0.000,0.000,0.000
13841,0.000,0.000,0.000,0.000
13842,0.000,0.000,0.000,0.000
13843,0.000,0.000,0.000,0.000
13844,0.000,0.000,0.000,0.000
13845,0.000,0.000,0.000,0.000
13846,0.000,0.000,0.000,0.000
13847,0.000,0.000,0.000,0.000
13848,0.000,0.000,0.000,0.000
13849,0.000,0.000,0.000,0.000
13850,0.000,0.000,0.000,0.000
13851,0.000,0.000,0.000,0.000
13852,0.000,0.000,0.000,0.000
13853,0.000,0.000,0.000,0.000
13854,0.000,0.000,0.000,0.000
13855,0.000,0.000,0.000,0.000
13856,0.000,0.000,0.000,0.000
13857,0.000,0.000,0.000,0.000
13858,0.000,0.000,0.000,0.000
13859,0.000,0.000,0.000,0.000
13860,0.000,0.000,0.000,0.000
13861,0.000,0.000,0.000,0.000
13862,0.000,0.000,0.000,0.000
13863,0.000,0.000,0.000,0.000
13864,0.000,0.000,0.000,0.000
13865,0.000,0.000,0.000,0.000
13866,0.000,0.000,0.000,0.000
13867,0.000,0.000,0.000,0.000
13868,0.000,0.000,0.000,0.000
13869,0.000,0.000,0.000,0.000
13870,0.000,0.000,0.000,0.000
13871,0.000,0.000,0.000,0.000
13872,0.000,0.000,0.000,0.000
13873,0.000,0.000,0.000,0.000
13874,0.000,0.000,0.000,0.000
13875,0.000,0.000,0.000,0.000
13876,0.000,0.000,0.000,0.000
13877,0.000,0.000,0.000,0.000
13878,0.000,0.000,0.000,0.000
13879,0.000,0.000,0.000,0.000
13880,0.000,0.000,0.000,0.000
13881,0.000,0.000,0.000,0.000
13882,0.000,0.000,0.000,0.000
13883,0.000,0.000,0.000,0.000
13884,0.000,0.000,0.000,0.000
13885,0.000,0.000,0.000,0.000
13886,0.000,0.000,0.000,0.000
13887,0.000,0.000,0.000,0.000
13888,0.000,0.000,0.000,0.000
13889,0.000,0.000,0.000,0.000
13890,0.000,0.000,0.000,0.000
13891,0.000,0.000,0.000,0.000
13892,0.000,0.000,0.000,0.000
13893,0.000,0.000,0.000,0.000
13894,0.000,0.000,0.000,0.000
13895,0.000,0.000,0.000,0.000
13896,0.000,0.000,0.000,0.000
13897,0.000,0.000,0.000,0.000
13898,0.000,0.000,0.000,0.000
13899,0.000,0.000,0.000,0.000
13900,0.000,0.000,0.000,0.000
13901,0.000,0.000,0.000,0.000
13902,0.000,0.000,0.000,0.000
13903,0.000,0.000,0.000,0.000
13904,0.000,0.000,0.000,0.000
13905,0.000,0.000,0.000,0.000
13906,0.000,0.000,0.000,0.000
13907,0.000,0.000,0.000,0.000
13908,0.000,0.000,0.000,0.000
13909,0.000,0.000,0.000,0.000
13910,0.000,0.000,0.000,0.000
13911,0.000,0.000,0.000,0.000
13912,0.000,0.000,0.000,0.000
13913,0.000,0.000,0.000,0.000
13914,0.000,0.000,0.000,0.000
13915,0.000,0.000,0.000,0.000
13916,0.000,0.000,0.000,0.000
13917,0.000,0.000,0.000,0.000
13918,0.000,0.000,0.000,0.000
13919,0.000,0.000,0.000,0.000
13920,0.000,0.000,0.000,0.000
13921,0.000,0.000,0.000,0.000
13922,0.000,0.000,0.000,0.000
13923,0.000,0.000,0.000,0.000
13924,0.000,0.000,0.000,0.000
13925,0.000,0.000,0.000,0.000
13926,0.000,0.000,0.000,0.000
13927,0.000,0.000,0.000,0.000
13928,0.000,0.000,0.000,0.000
13929,0.000,0.000,0.000,0.000
13930,0.000,0.000,0.000,0.000
13931,0.000,0.000,0.000,0.000
13932,0.000,0.000,0.000,0.000
13933,0.000,0.000,0.000,0.000
13934,0.000,0.000,0.000,0.000
13935,0.000,0.000,0.000,0.000
13936,0.000,0.000,0.000,0.000
13937,0.000,0.000,0.000,0.000
13938,0.000,0.000,0.000,0.000
13939,0.000,0.000,0.000,0.000
13940,0.000,0.000,0.000,0.000
13941,0.000,0.000,0.000,0.000
13942,0.000,0.000,0.000,0.000
13943,0.000,0.000,0.000,0.000
13944,0.000,0.000,0.000,0.000
13945,0.000,0.000,0.000,0.000
13946,0.000,0.000,0.000,0.000
13947,0.000,0.000,0.000,0.000
13948,0.000,0.000,0.000,0.000
13949,0.000,0.000,0.000,0.000
13950,0.000,0.000,0.000,0.000
13951,0.000,0.000,0.000,0.000
13952,0.000,0.000,0.000,0.000
13953,0.000,0.000,0.000,0.000
13954,0.000,0.000,0.000,0.000
13955,0.000,0.000,0.000,0.000
13956,0.000,0.000,0.000,0.000
13957,0.000,0.000,0.000,0.000
13958,0.000,0.000,0.000,0.000
13959,0.000,0.000,0.000,0.000
13960,0.000,0.000,0.000,0.000
13961,0.000,0.000,0.000,0.000
13962,0.000,0.000,0.000,0.000
13963,0.000,0.000,0.000,0.000
13964,0.000,0.000,0.000,0.000
13965,0.000,0.000,0.000,0.000
13966,0.000,0.000,0.000,0.000
13967,0.000,0.000,0.000,0.000
13968,0.000,0.000,0.000,0.000
13969,0.000,0.000,0.000,0.000
13970,0.000,0.000,0.000,0.000
13971,0.000,0.000,0.000,0.000
13972,0.000,0.000,0.000,0.000
13973,0.000,0.000,0.000,0.000
13974,0.000,0.000,0.000,0.000
13975,0.000,0.000,0.000,0.000
13976,0.000,0.000,0.000,0.000
13977,0.000,0.000,0.000,0.000
13978,0.000,0.000,0.000,0.000
13979,0.000,0.000,0.000,0.000
13980,0.000,0.000,0.000,0.000
13981,0.000,0.000,0.000,0.000
13982,0.000,0.000,0.000,0.000
13983,0.000,0.000,0.000,0.000
13984,0.000,0.000,0.000,0.000
13985,0.000,0.000,0.000,0.000
13986,0.000,0.000,0.000,0.000
13987,0.000,0.000,0.000,0.000
13988,0.000,0.000,0.000,0.000
13989,0.000,0.000,0.000,0.000
13990,0.000,0.000,0.000,0.000
13991,0.000,0.000,0.000,0.000
13992,0.000,0.000,0.000,0.000
13993,0.000,0.000,0.000,0.000
13994,0.000,0.000,0.000,0.000
13995,0.000,0.000,0.000,0.000
13996,0.000,0.000,0.000,0.000
13997,0.000,0.000,0.000,0.000
13998,0.000,0.000,0.000,0.000
13999,0.000,0.000,0.000,0.000
14000,0.000,0.000,0.000,0.000
14001,0.000,0.000,0.000,0.000
14002,0.000,0.000,0.000,0.000
14003,0.000,0.000,0.000,0.000
14004,0.000,0.000,0.000,0.000
14005,0.000,0.000,0.000,0.000
14006,0.000,0.000,0.000,0.000
14007,0.000,0.000,0.000,0.000
14008,0.000,0.000,0.000,0.000
14009,0.000,0.000,0.000,0.000
14010,0.000,0.000,0.000,0.000
14011,0.000,0.000,0.000,0.000
14012,0.000,0.000,0.000,0.000
14013,0.000,0.000,0.000,0.000
14014,0.000,0.000,0.000,0.000
14015,0.000,0.000,0.000,0.000
14016,0.000,0.000,0.000,0.000
14017,0.000,0.000,0.000,0.000
14018,0.000,0.000,0.000,0.000
14019,0.000,0.000,0.000,0.000
14020,0.000,0.000,0.000,0.000
14021,0.000,0.000,0.000,0.000
14022,0.000,0.000,0.000,0.000
14023,0.000,0.000,0.000,0.000
14024,0.000,0.000,0.000,0.000
14025,0.000,0.000,0.000,0.000
14026,0.000,0.000,0.000,0.000
14027,0.000,0.000,0.000,0.000
14028,0.000,0.000,0.000,0.000
14029,0.000,0.000,0.000,0.000
14030,0.000,0.000,0.000,0.000
14031,0.000,0.000,0.000,0.000
14032,0.000,0.000,0.000,0.000
14033,0.000,0.000,0.000,0.000
14034,0.000,0.000,0.000,0.000
14035,0.000,0.000,0.000,0.000
14036,0.000,0.000,0.000,0.000
14037,0.000,0.000,0.000,0.000
14038,0.000,0.000,0.000,0.000
14039,0.000,0.000,0.000,0.000
14040,0.000,0.000,0.000,0.000
14041,0.000,0.000,0.000,0.000
14042,0.000,0.000,0.000,0.000
14043,0.000,0.000,0.000,0.000
14044,0.000,0.000,0.000,0.000
14045,0.000,0.000,0.000,0.000
14046,0.000,0.000,0.000,0.000
14047,0.000,0.000,0.000,0.000
14048,0.000,0.000,0.000,0.000
14049,0.000,0.000,0.000,0.000
14050,0.000,0.000,0.000,0.000
14051,0.000,0.000,0.000,0.000
14052,0.000,0.000,0.000,0.000
14053,0.000,0.000,0.000,0.000
14054,0.000,0.000,0.000,0.000
14055,0.000,0.000,0.000,0.000
14056,0.000,0.000,0.000,0.000
14057,0.000,0.000,0.000,0.000
14058,0.000,0.000,0.000,0.000
14059,0.000,0.000,0.000,0.000
14060,0.000,0.000,0.000,0.000
14061,0.000,0.000,0.000,0.000
14062,0.000,0.000,0.000,0.000
14063,0.000,0.000,0.000,0.000
14064,0.000,0.000,0.000,0.000
14065,0.000,0.000,0.000,0.000
14066,0.000,0.000,0.000,0.000
14067,0.000,0.000,0.000,0.000
14068,0.000,0.000,0.000,0.000
14069,0.000,0.000,0.000,0.000
14070,0.000,0.000,0.000,0.000
14071,0.000,0.000,0.000,0.000
14072,0.000,0.000,0.000,0.000
14073,0.000,0.000,0.000,0.000
14074,0.000,0.000,0.000,0.000
14075,0.000,0.000,0.000,0.000
14076,0.000,0.000,0.000,0.000
14077,0.000,0.000,0.000,0.000
14078,0.000,0.000,0.000,0.000
14079,0.000,0.000,0.000,0.000
14080,0.000,0.000,0.000,0.000
14081,0.000,0.000,0.000,0.000
14082,0.000,0.000,0.000,0.000
14083,0.000,0.000,0.000,0.000
14084,0.000,0.000,0.000,0.000
14085,0.000,0.000,0.000,0.000
14086,0.000,0.000,0.000,0.000
14087,0.000,0.000,0.000,0.000
14088,0.000,0.000,0.000,0.000
14089,0.000,0.000,0.000,0.000
14090,0.000,0.000,0.000,0.000
14091,0.000,0.000,0.000,0.000
14092,0.000,0.000,0.000,0.000
14093,0.000,0.000,0.000,0.000
14094,0.000,0.000,0.000,0.000
14095,0.000,0.000,0.000,0.000
14096,0.000,0.000,0.000,0.000
14097,0.000,0.000,0.000,0.000
14098,0.000,0.000,0.000,0.000
14099,0.000,0.000,0.000,0.000
14100,0.000,0.000,0.000,0.000
14101,0.000,0.000,0.000,0.000
14102,0.000,0.000,0.000,0.000
14103,0.000,0.000,0.000,0.000
14104,0.000,0.000,0.000,0.000
14105,0.000,0.000,0.000,0.000
14106,0.000,0.000,0.000,0.000
14107,0.000,0.000,0.000,0.000
14108,0.000,0.000,0.000,0.000
14109,0.000,0.000,0.000,0.000
14110,0.000,0.000,0.000,0.000
14111,0.000,0.000,0.000,0.000
14112,0.000,0.000,0.000,0.000
14113,0.000,0.000,0.000,0.000
14114,0.000,0.000,0.000,0.000
14115,0.000,0.000,0.000,0.000
14116,0.000,0.000,0.000,0.000
14117,0.000,0.000,0.000,0.000
14118,0.000,0.000,0.000,0.000
14119,0.000,0.000,0.000,0.000
14120,0.000,0.000,0.000,0.000
14121,0.000,0.000,0.000,0.000
14122,0.000,0.000,0.000,0.000
14123,0.000,0.000,0.000,0.000
14124,0.000,0.000,0.000,0.000
14125,0.000,0.000,0.000,0.000
14126,0.000,0.000,0.000,0.000
14127,0.000,0.000,0.000,0.000
14128,0.000,0.000,0.000,0.000
14129,0.000,0.000,0.000,0.000
14130,0.000,0.000,0.000,0.000
14131,0.000,0.000,0.000,0.000
14132,0.000,0.000,0.000,0.000
14133,0.000,0.000,0.000,0.000
14134,0.000,0.000,0.000,0.000
14135,0.000,0.000,0.000,0.000
14136,0.000,0.000,0.000,0.000
14137,0.000,0.000,0.000,0.000
14138,0.000,0.000,0.000,0.000
14139,0.000,0.000,0.000,0.000
14140,0.000,0.000,0.000,0.000
14141,0.000,0.000,0.000,0.000
14142,0.000,0.000,0.000,0.000
14143,0.000,0.000,0.000,0.000
14144,0.000,0.000,0.000,0.000
14145,0.000,0.000,0.000,0.000
14146,0.000,0.000,0.000,0.000
14147,0.000,0.000,0.000,0.000
14148,0.000,0.000,0.000,0.000
14149,0.000,0.000,0.000,0.000
14150,0.000,0.000,0.000,0.000
14151,0.000,0.000,0.000,0.000
14152,0.000,0.000,0.000,0.000
14153,0.000,0.000,0.000,0.000
14154,0.000,0.000,0.000,0.000
14155,0.000,0.000,0.000,0.000
14156,0.000,0.000,0.000,0.000
14157,0.000,0.000,0.000,0.000
14158,0.000,0.000,0.000,0.000
14159,0.000,0.000,0.000,0.000
14160,0.000,0.000,0.000,0.000
14161,0.000,0.000,0.000,0.000
14162,0.000,0.000,0.000,0.000
14163,0.000,0.000,0.000,0.000
14164,0.000,0.000,0.000,0.000
14165,0.000,0.000,0.000,0.000
14166,0.000,0.000,0.000,0.000
14167,0.000,0.000,0.000,0.000
14168,0.000,0.000,0.000,0.000
14169,0.000,0.000,0.000,0.000
14170,0.000,0.000,0.000,0.000
14171,0.000,0.000,0.000,0.000
14172,0.000,0.000,0.000,0.000
14173,0.000,0.000,0.000,0.000
14174,0.000,0.000,0.000,0.000
14175,0.000,0.000,0.000,0.000
14176,0.000,0.000,0.000,0.000
14177,0.000,0.000,0.000,0.000
14178,0.000,0.000,0.000,0.000
14179,0.000,0.000,0.000,0.000
14180,0.000,0.000,0.000,0.000
14181,0.000,0.000,0.000,0.000
14182,0.000,0.000,0.000,0.000
14183,0.000,0.000,0.000,0.000
14184,0.000,0.000,0.000,0.000
14185,0.000,0.000,0.000,0.000
14186,0.000,0.000,0.000,0.000
14187,0.000,0.000,0.000,0.000
14188,0.000,0.000,0.000,0.000
14189,0.000,0.000,0.000,0.000
14190,0.000,0.000,0.000,0.000
14191,0.000,0.000,0.000,0.000
14192,0.000,0.000,0.000,0.000
14193,0.000,0.000,0.000,0.000
14194,0.000,0.000,0.000,0.000
14195,0.000,0.000,0.000,0.000
14196,0.000,0.000,0.000,0.000
14197,0.000,0.000,0.000,0.000
14198,0.000,0.000,0.000,0.000
14199,0.000,0.000,0.000,0.000
14200,0.000,0.000,0.000,0.000
14201,0.000,0.000,0.000,0.000
14202,0.000,0.000,0.000,0.000
14203,0.000,0.000,0.000,0.000
14204,0.000,0.000,0.000,0.000
14205,0.000,0.000,0.000,0.000
14206,0.000,0.000,0.000,0.000
14207,0.000,0.000,0.000,0.000
14208,0.000,0.000,0.000,0.000
14209,0.000,0.000,0.000,0.000
14210,0.000,0.000,0.000,0.000
14211,0.000,0.000,0.000,0.000
14212,0.000,0.000,0.000,0.000
14213,0.000,0.000,0.000,0.000
14214,0.000,0.000,0.000,0.000
14215,0.000,0.000,0.000,0.000
14216,0.000,0.000,0.000,0.000
14217,0.000,0.000,0.000,0.000
14218,0.000,0.000,0.000,0.000
14219,0.000,0.000,0.000,0.000
14220,0.000,0.000,0.000,0.000
14221,0.000,0.000,0.000,0.000
14222,0.000,0.000,0.000,0.000
14223,0.000,0.000,0.000,0.000
14224,0.000,0.000,0.000,0.000
14225,0.000,0.000,0.000,0.000
14226,0.000,0.000,0.000,0.000
14227,0.000,0.000,0.000,0.000
14228,0.000,0.000,0.000,0.000
14229,0.000,0.000,0.000,0.000
14230,0.000,0.000,0.000,0.000
14231,0.000,0.000,0.000,0.000
14232,0.000,0.000,0.000,0.000
14233,0.000,0.000,0.000,0.000
14234,0.000,0.000,0.000,0.000
14235,0.000,0.000,0.000,0.000
14236,0.000,0.000,0.000,0.000
14237,0.000,0.000,0.000,0.000
14238,0.000,0.000,0.000,0.000
14239,0.000,0.000,0.000,0.000
14240,0.000,0.000,0.000,0.000
14241,0.000,0.000,0.000,0.000
14242,0.000,0.000,0.000,0.000
14243,0.000,0.000,0.000,0.000
14244,0.000,0.000,0.000,0.000
14245,0.000,0.000,0.000,0.000
14246,0.000,0.000,0.000,0.000
14247,0.000,0.000,0.000,0.000
14248,0.000,0.000,0.000,0.000
14249,0.000,0.000,0.000,0.000
14250,0.000,0.000,0.000,0.000
14251,0.000,0.000,0.000,0.000
14252,0.000,0.000,0.000,0.000
14253,0.000,0.000,0.000,0.000
14254,0.000,0.000,0.000,0.000
14255,0.000,0.000,0.000,0.000
14256,0.000,0.000,0.000,0.000
14257,0.000,0.000,0.000,0.000
14258,0.000,0.000,0.000,0.000
14259,0.000,0.000,0.000,0.000
14260,0.000,0.000,0.000,0.000
14261,0.000,0.000,0.000,0.000
14262,0.000,0.000,0.000,0.000
14263,0.000,0.000,0.000,0.000
14264,0.000,0.000,0.000,0.000
14265,0.000,0.000,0.000,0.000
14266,0.000,0.000,0.000,0.000
14267,0.000,0.000,0.000,0.000
14268,0.000,0.000,0.000,0.000
14269,0.000,0.000,0.000,0.000
14270,0.000,0.000,0.000,0.000
14271,0.000,0.000,0.000,0.000
14272,0.000,0.000,0.000,0.000
14273,0.000,0.000,0.000,0.000
14274,0.000,0.000,0.000,0.000
14275,0.000,0.000,0.000,0.000
14276,0.000,0.000,0.000,0.000
14277,0.000,0.000,0.000,0.000
14278,0.000,0.000,0.000,0.000
14279,0.000,0.000,0.000,0.000
14280,0.000,0.000,0.000,0.000
14281,0.000,0.000,0.000,0.000
14282,0.000,0.000,0.000,0.000
14283,0.000,0.000,0.000,0.000
14284,0.000,0.000,0.000,0.000
14285,0.000,0.000,0.000,0.000
14286,0.000,0.000,0.000,0.000
14287,0.000,0.000,0.000,0.000
14288,0.000,0.000,0.000,0.000
14289,0.000,0.000,0.000,0.000
14290,0.000,0.000,0.000,0.000
14291,0.000,0.000,0.000,0.000
14292,0.000,0.000,0.000,0.000
14293,0.000,0.000,0.000,0.000
14294,0.000,0.000,0.000,0.000
14295,0.000,0.000,0.000,0.000
14296,0.000,0.000,0.000,0.000
14297,0.000,0.000,0.000,0.000
14298,0.000,0.000,0.000,0.000
14299,0.000,0.000,0.000,0.000
14300,0.000,0.000,0.000,0.000
14301,0.000,0.000,0.000,0.000
14302,0.000,0.000,0.000,0.000
14303,0.000,0.000,0.000,0.000
14304,0.000,0.000,0.000,0.000
14305,0.000,0.000,0.000,0.000
14306,0.000,0.000,0.000,0.000
14307,0.000,0.000,0.000,0.000
14308,0.000,0.000,0.000,0.000
14309,0.000,0.000,0.000,0.000
14310,0.000,0.000,0.000,0.000
14311,0.000,0.000,0.000,0.000
14312,0.000,0.000,0.000,0.000
14313,0.000,0.000,0.000,0.000
14314,0.000,0.000,0.000,0.000
14315,0.000,0.000,0.000,0.000
14316,0.000,0.000,0.000,0.000
14317,0.000,0.000,0.000,0.000
14318,0.000,0.000,0.000,0.000
14319,0.000,0.000,0.000,0.000
14320,0.000,0.000,0.000,0.000
14321,0.000,0.000,0.000,0.000
14322,0.000,0.000,0.000,0.000
14323,0.000,0.000,0.000,0.000
14324,0.000,0.000,0.000,0.000
14325,0.000,0.000,0.000,0.000
14326,0.000,0.000,0.000,0.000
14327,0.000,0.000,0.000,0.000
14328,0.000,0.000,0.000,0.000
14329,0.000,0.000,0.000,0.000
14330,0.000,0.000,0.000,0.000
14331,0.000,0.000,0.000,0.000
14332,0.000,0.000,0.000,0.000
14333,0.000,0.000,0.000,0.000
14334,0.000,0.000,0.000,0.000
14335,0.000,0.000,0.000,0.000
14336,0.000,0.000,0.000,0.000
14337,0.000,0.000,0.000,0.000
14338,0.000,0.000,0.000,0.000
14339,0.000,0.000,0.000,0.000
14340,0.000,0.000,0.000,0.000
14341,0.000,0.000,0.000,0.000
14342,0.000,0.000,0.000,0.000
14343,0.000,0.000,0.000,0.000
14344,0.000,0.000,0.000,0.000
14345,0.000,0.000,0.000,0.000
14346,0.000,0.000,0.000,0.000
14347,0.000,0.000,0.000,0.000
14348,0.000,0.000,0.000,0.000
14349,0.000,0.000,0.000,0.000
14350,0.000,0.000,0.000,0.000
14351,0.000,0.000,0.000,0.000
14352,0.000,0.000,0.000,0.000
14353,0.000,0.000,0.000,0.000
14354,0.000,0.000,0.000,0.000
14355,0.000,0.000,0.000,0.000
14356,0.000,0.000,0.000,0.000
14357,0.000,0.000,0.000,0.000
14358,0.000,0.000,0.000,0.000
14359,0.000,0.000,0.000,0.000
14360,0.000,0.000,0.000,0.000
14361,0.000,0.000,0.000,0.000
14362,0.000,0.000,0.000,0.000
14363,0.000,0.000,0.000,0.000
14364,0.000,0.000,0.000,0.000
14365,0.000,0.000,0.000,0.000
14366,0.000,0.000,0.000,0.000
14367,0.000,0.000,0.000,0.000
14368,0.000,0.000,0.000,0.000
14369,0.000,0.000,0.000,0.000
14370,0.000,0.000,0.000,0.000
14371,0.000,0.000,0.000,0.000
14372,0.000,0.000,0.000,0.000
14373,0.000,0.000,0.000,0.000
14374,0.000,0.000,0.000,0.000
14375,0.000,0.000,0.000,0.000
14376,0.000,0.000,0.000,0.000
14377,0.000,0.000,0.000,0.000
14378,0.000,0.000,0.000,0.000
14379,0.000,0.000,0.000,0.000
14380,0.000,0.000,0.000,0.000
14381,0.000,0.000,0.000,0.000
14382,0.000,0.000,0.000,0.000
14383,0.000,0.000,0.000,0.000
14384,0.000,0.000,0.000,0.000
14385,0.000,0.000,0.000,0.000
14386,0.000,0.000,0.000,0.000
14387,0.000,0.000,0.000,0.000
14388,0.000,0.000,0.000,0.000
14389,0.000,0.000,0.000,0.000
14390,0.000,0.000,0.000,0.000
14391,0.000,0.000,0.000,0.000
14392,0.000,0.000,0.000,0.000
14393,0.000,0.000,0.000,0.000
14394,0.000,0.000,0.000,0.000
14395,0.000,0.000,0.000,0.000
14396,0.000,0.000,0.000,0.000
14397,0.000,0.000,0.000,0.000
14398,0.000,0.000,0.000,0.000
14399,0.000,0.000,0.000,0.000
14400,0.000,0.000,0.000,0.000
14401,0.000,0.000,0.000,0.000
14402,0.000,0.000,0.000,0.000
14403,0.000,0.000,0.000,0.000
14404,0.000,0.000,0.000,0.000
14405,0.000,0.000,0.000,0.000
14406,0.000,0.000,0.000,0.000
14407,0.000,0.000,0.000,0.000
14408,0.000,0.000,0.000,0.000
14409,0.000,0.000,0.000,0.000
14410,0.000,0.000,0.000,0.000
14411,0.000,0.000,0.000,0.000
14412,0.000,0.000,0.000,0.000
14413,0.000,0.000,0.000,0.000
14414,0.000,0.000,0.000,0.000
14415,0.000,0.000,0.000,0.000
14416,0.000,0.000,0.000,0.000
14417,0.000,0.000,0.000,0.000
14418,0.000,0.000,0.000,0.000
14419,0.000,0.000,0.000,0.000
14420,0.000,0.000,0.000,0.000
14421,0.000,0.000,0.000,0.000
14422,0.000,0.000,0.000,0.000
14423,0.000,0.000,0.000,0.000
14424,0.000,0.000,0.000,0.000
14425,0.000,0.000,0.000,0.000
14426,0.000,0.000,0.000,0.000
14427,0.000,0.000,0.000,0.000
14428,0.000,0.000,0.000,0.000
14429,0.000,0.000,0.000,0.000
14430,0.000,0.000,0.000,0.000
14431,0.000,0.000,0.000,0.000
14432,0.000,0.000,0.000,0.000
14433,0.000,0.000,0.000,0.000
14434,0.000,0.000,0.000,0.000
14435,0.000,0.000,0.000,0.000
14436,0.000,0.000,0.000,0.000
14437,0.000,0.000,0.000,0.000
14438,0.000,0.000,0.000,0.000
14439,0.000,0.000,0.000,0.000
14440,0.000,0.000,0.000,0.000
14441,0.000,0.000,0.000,0.000
14442,0.000,0.000,0.000,0.000
14443,0.000,0.000,0.000,0.000
14444,0.000,0.000,0.000,0.000
14445,0.000,0.000,0.000,0.000
14446,0.000,0.000,0.000,0.000
14447,0.000,0.000,0.000,0.000
14448,0.000,0.000,0.000,0.000
14449,0.000,0.000,0.000,0.000
14450,0.000,0.000,0.000,0.000
14451,0.000,0.000,0.000,0.000
14452,0.000,0.000,0.000,0.000
14453,0.000,0.000,0.000,0.000
14454,0.000,0.000,0.000,0.000
14455,0.000,0.000,0.000,0.000
14456,0.000,0.000,0.000,0.000
14457,0.000,0.000,0.000,0.000
14458,0.000,0.000,0.000,0.000
14459,0.000,0.000,0.000,0.000
14460,0.000,0.000,0.000,0.000
14461,0.000,0.000,0.000,0.000
14462,0.000,0.000,0.000,0.000
14463,0.000,0.000,0.000,0.000
14464,0.000,0.000,0.000,0.000
14465,0.000,0.000,0.000,0.000
14466,0.000,0.000,0.000,0.000
14467,0.000,0.000,0.000,0.000
14468,0.000,0.000,0.000,0.000
14469,0.000,0.000,0.000,0.000
14470,0.000,0.000,0.000,0.000
14471,0.000,0.000,0.000,0.000
14472,0.000,0.000,0.000,0.000
14473,0.000,0.000,0.000,0.000
14474,0.000,0.000,0.000,0.000
14475,0.000,0.000,0.000,0.000
14476,0.000,0.000,0.000,0.000
14477,0.000,0.000,0.000,0.000
14478,0.000,0.000,0.000,0.000
14479,0.000,0.000,0.000,0.000
14480,0.000,0.000,0.000,0.000
14481,0.000,0.000,0.000,0.000
14482,0.000,0.000,0.000,0.000
14483,0.000,0.000,0.000,0.000
14484,0.000,0.000,0.000,0.000
14485,0.000,0.000,0.000,0.000
14486,0.000,0.000,0.000,0.000
14487,0.000,0.000,0.000,0.000
14488,0.000,0.000,0.000,0.000
14489,0.000,0.000,0.000,0.000
14490,0.000,0.000,0.000,0.000
14491,0.000,0.000,0.000,0.000
14492,0.000,0.000,0.000,0.000
14493,0.000,0.000,0.000,0.000
14494,0.000,0.000,0.000,0.000
14495,0.000,0.000,0.000,0.000
14496,0.000,0.000,0.000,0.000
14497,0.000,0.000,0.000,0.000
14498,0.000,0.000,0.000,0.000
14499,0.000,0.000,0.000,0.000
14500,0.000,0.000,0.000,0.000
14501,0.000,0.000,0.000,0.000
14502,0.000,0.000,0.000,0.000
14503,0.000,0.000,0.000,0.000
14504,0.000,0.000,0.000,0.000
14505,0.000,0.000,0.000,0.000
14506,0.000,0.000,0.000,0.000
14507,0.000,0.000,0.000,0.000
14508,0.000,0.000,0.000,0.000
14509,0.000,0.000,0.000,0.000
14510,0.000,0.000,0.000,0.000
14511,0.000,0.000,0.000,0.000
14512,0.000,0.000,0.000,0.000
14513,0.000,0.000,0.000,0.000
14514,0.000,0.000,0.000,0.000
14515,0.000,0.000,0.000,0.000
14516,0.000,0.000,0.000,0.000
14517,0.000,0.000,0.000,0.000
14518,0.000,0.000,0.000,0.000
14519,0.000,0.000,0.000,0.000
14520,0.000,0.000,0.000,0.000
14521,0.000,0.000,0.000,0.000
14522,0.000,0.000,0.000,0.000
14523,0.000,0.000,0.000,0.000
14524,0.000,0.000,0.000,0.000
14525,0.000,0.000,0.000,0.000
14526,0.000,0.000,0.000,0.000
14527,0.000,0.000,0.000,0.000
14528,0.000,0.000,0.000,0.000
14529,0.000,0.000,0.000,0.000
14530,0.000,0.000,0.000,0.000
14531,0.000,0.000,0.000,0.000
14532,0.000,0.000,0.000,0.000
14533,0.000,0.000,0.000,0.000
14534,0.000,0.000,0.000,0.000
14535,0.000,0.000,0.000,0.000
14536,0.000,0.000,0.000,0.000
14537,0.000,0.000,0.000,0.000
14538,0.000,0.000,0.000,0.000
14539,0.000,0.000,0.000,0.000
14540,0.000,0.000,0.000,0.000
14541,0.000,0.000,0.000,0.000
14542,0.000,0.000,0.000,0.000
14543,0.000,0.000,0.000,0.000
14544,0.000,0.000,0.000,0.000
14545,0.000,0.000,0.000,0.000
14546,0.000,0.000,0.000,0.000
14547,0.000,0.000,0.000,0.000
14548,0.000,0.000,0.000,0.000
14549,0.000,0.000,0.000,0.000
14550,0.000,0.000,0.000,0.000
14551,0.000,0.000,0.000,0.000
14552,0.000,0.000,0.000,0.000
14553,0.000,0.000,0.000,0.000
14554,0.000,0.000,0.000,0.000
14555,0.000,0.000,0.000,0.000
14556,0.000,0.000,0.000,0.000
14557,0.000,0.000,0.000,0.000
14558,0.000,0.000,0.000,0.000
14559,0.000,0.000,0.000,0.000
14560,0.000,0.000,0.000,0.000
14561,0.000,0.000,0.000,0.000
14562,0.000,0.000,0.000,0.000
14563,0.000,0.000,0.000,0.000
14564,0.000,0.000,0.000,0.000
14565,0.000,0.000,0.000,0.000
14566,0.000,0.000,0.000,0.000
14567,0.000,0.000,0.000,0.000
14568,0.000,0.000,0.000,0.000
14569,0.000,0.000,0.000,0.000
14570,0.000,0.000,0.000,0.000
14571,0.000,0.000,0.000,0.000
14572,0.000,0.000,0.000,0.000
14573,0.000,0.000,0.000,0.000
14574,0.000,0.000,0.000,0.000
14575,0.000,0.000,0.000,0.000
14576,0.000,0.000,0.000,0.000
14577,0.000,0.000,0.000,0.000
14578,0.000,0.000,0.000,0.000
14579,0.000,0.000,0.000,0.000
14580,0.000,0.000,0.000,0.000
14581,0.000,0.000,0.000,0.000
14582,0.000,0.000,0.000,0.000
14583,0.000,0.000,0.000,0.000
14584,0.000,0.000,0.000,0.000
14585,0.000,0.000,0.000,0.000
14586,0.000,0.000,0.000,0.000
14587,0.000,0.000,0.000,0.000
14588,0.000,0.000,0.000,0.000
14589,0.000,0.000,0.000,0.000
14590,0.000,0.000,0.000,0.000
14591,0.000,0.000,0.000,0.000
14592,0.000,0.000,0.000,0.000
14593,0.000,0.000,0.000,0.000
14594,0.000,0.000,0.000,0.000
14595,0.000,0.000,0.000,0.000
14596,0.000,0.000,0.000,0.000
14597,0.000,0.000,0.000,0.000
14598,0.000,0.000,0.000,0.000
14599,0.000,0.000,0.000,0.000
14600,0.000,0.000,0.000,0.000
14601,0.000,0.000,0.000,0.000
14602,0.000,0.000,0.000,0.000
14603,0.000,0.000,0.000,0.000
14604,0.000,0.000,0.000,0.000
14605,0.000,0.000,0.000,0.000
14606,0.000,0.000,0.000,0.000
14607,0.000,0.000,0.000,0.000
14608,0.000,0.000,0.000,0.000
14609,0.000,0.000,0.000,0.000
14610,0.000,0.000,0.000,0.000
14611,0.000,0.000,0.000,0.000
14612,0.000,0.000,0.000,0.000
14613,0.000,0.000,0.000,0.000
14614,0.000,0.000,0.000,0.000
14615,0.000,0.000,0.000,0.000
14616,0.000,0.000,0.000,0.000
14617,0.000,0.000,0.000,0.000
14618,0.000,0.000,0.000,0.000
14619,0.000,0.000,0.000,0.000
14620,0.000,0.000,0.000,0.000
14621,0.000,0.000,0.000,0.000
14622,0.000,0.000,0.000,0.000
14623,0.000,0.000,0.000,0.000
14624,0.000,0.000,0.000,0.000
14625,0.000,0.000,0.000,0.000
14626,0.000,0.000,0.000,0.000
14627,0.000,0.000,0.000,0.000
14628,0.000,0.000,0.000,0.000
14629,0.000,0.000,0.000,0.000
14630,0.000,0.000,0.000,0.000
14631,0.000,0.000,0.000,0.000
14632,0.000,0.000,0.000,0.000
14633,0.000,0.000,0.000,0.000
14634,0.000,0.000,0.000,0.000
14635,0.000,0.000,0.000,0.000
14636,0.000,0.000,0.000,0.000
14637,0.000,0.000,0.000,0.000
14638,0.000,0.000,0.000,0.000
14639,0.000,0.000,0.000,0.000
14640,0.000,0.000,0.000,0.000
14641,0.000,0.000,0.000,0.000
14642,0.000,0.000,0.000,0.000
14643,0.000,0.000,0.000,0.000
14644,0.000,0.000,0.000,0.000
14645,0.000,0.000,0.000,0.000
14646,0.000,0.000,0.000,0.000
14647,0.000,0.000,0.000,0.000
14648,0.000,0.000,0.000,0.000
14649,0.000,0.000,0.000,0.000
14650,0.000,0.000,0.000,0.000
14651,0.000,0.000,0.000,0.000
14652,0.000,0.000,0.000,0.000
14653,0.000,0.000,0.000,0.000
14654,0.000,0.000,0.000,0.000
14655,0.000,0.000,0.000,0.000
14656,0.000,0.000,0.000,0.000
14657,0.000,0.000,0.000,0.000
14658,0.000,0.000,0.000,0.000
14659,0.000,0.000,0.000,0.000
14660,0.000,0.000,0.000,0.000
14661,0.000,0.000,0.000,0.000
14662,0.000,0.000,0.000,0.000
14663,0.000,0.000,0.000,0.000
14664,0.000,0.000,0.000,0.000
14665,0.000,0.000,0.000,0.000
14666,0.000,0.000,0.000,0.000
14667,0.000,0.000,0.000,0.000
14668,0.000,0.000,0.000,0.000
14669,0.000,0.000,0.000,0.000
14670,0.000,0.000,0.000,0.000
14671,0.000,0.000,0.000,0.000
14672,0.000,0.000,0.000,0.000
14673,0.000,0.000,0.000,0.000
14674,0.000,0.000,0.000,0.000
14675,0.000,0.000,0.000,0.000
14676,0.000,0.000,0.000,0.000
14677,0.000,0.000,0.000,0.000
14678,0.000,0.000,0.000,0.000
14679,0.000,0.000,0.000,0.000
14680,0.000,0.000,0.000,0.000
14681,0.000,0.000,0.000,0.000
14682,0.000,0.000,0.000,0.000
14683,0.000,0.000,0.000,0.000
14684,0.000,0.000,0.000,0.000
14685,0.000,0.000,0.000,0.000
14686,0.000,0.000,0.000,0.000
14687,0.000,0.000,0.000,0.000
14688,0.000,0.000,0.000,0.000
14689,0.000,0.000,0.000,0.000
14690,0.000,0.000,0.000,0.000
14691,0.000,0.000,0.000,0.000
14692,0.000,0.000,0.000,0.000
14693,0.000,0.000,0.000,0.000
14694,0.000,0.000,0.000,0.000
14695,0.000,0.000,0.000,0.000
14696,0.000,0.000,0.000,0.000
14697,0.000,0.000,0.000,0.000
14698,0.000,0.000,0.000,0.000
14699,0.000,0.000,0.000,0.000
14700,0.000,0.000,0.000,0.000
14701,0.000,0.000,0.000,0.000
14702,0.000,0.000,0.000,0.000
14703,0.000,0.000,0.000,0.000
14704,0.000,0.000,0.000,0.000
14705,0.000,0.000,0.000,0.000
14706,0.000,0.000,0.000,0.000
14707,0.000,0.000,0.000,0.000
14708,0.000,0.000,0.000,0.000
14709,0.000,0.000,0.000,0.000
14710,0.000,0.000,0.000,0.000
14711,0.000,0.000,0.000,0.000
14712,0.000,0.000,0.000,0.000
14713,0.000,0.000,0.000,0.000
14714,0.000,0.000,0.000,0.000
14715,0.000,0.000,0.000,0.000
14716,0.000,0.000,0.000,0.000
14717,0.000,0.000,0.000,0.000
14718,0.000,0.000,0.000,0.000
14719,0.000,0.000,0.000,0.000
14720,0.000,0.000,0.000,0.000
14721,0.000,0.000,0.000,0.000
14722,0.000,0.000,0.000,0.000
14723,0.000,0.000,0.000,0.000
14724,0.000,0.000,0.000,0.000
14725,0.000,0.000,0.000,0.000
14726,0.000,0.000,0.000,0.000
14727,0.000,0.000,0.000,0.000
14728,0.000,0.000,0.000,0.000
14729,0.000,0.000,0.000,0.000
14730,0.000,0.000,0.000,0.000
14731,0.000,0.000,0.000,0.000
14732,0.000,0.000,0.000,0.000
14733,0.000,0.000,0.000,0.000
14734,0.000,0.000,0.000,0.000
14735,0.000,0.000,0.000,0.000
14736,0.000,0.000,0.000,0.000
14737,0.000,0.000,0.000,0.000
14738,0.000,0.000,0.000,0.000
14739,0.000,0.000,0.000,0.000
14740,0.000,0.000,0.000,0.000
14741,0.000,0.000,0.000,0.000
14742,0.000,0.000,0.000,0.000
14743,0.000,0.000,0.000,0.000
14744,0.000,0.000,0.000,0.000
14745,0.000,0.000,0.000,0.000
14746,0.000,0.000,0.000,0.000
14747,0.000,0.000,0.000,0.000
14748,0.000,0.000,0.000,0.000
14749,0.000,0.000,0.000,0.000
14750,0.000,0.000,0.000,0.000
14751,0.000,0.000,0.000,0.000
14752,0.000,0.000,0.000,0.000
14753,0.000,0.000,0.000,0.000
14754,0.000,0.000,0.000,0.000
14755,0.000,0.000,0.000,0.000
14756,0.000,0.000,0.000,0.000
14757,0.000,0.000,0.000,0.000
14758,0.000,0.000,0.000,0.000
14759,0.000,0.000,0.000,0.000
14760,0.000,0.000,0.000,0.000
14761,0.000,0.000,0.000,0.000
14762,0.000,0.000,0.000,0.000
14763,0.000,0.000,0.000,0.000
14764,0.000,0.000,0.000,0.000
14765,0.000,0.000,0.000,0.000
14766,0.000,0.000,0.000,0.000
14767,0.000,0.000,0.000,0.000
14768,0.000,0.000,0.000,0.000
14769,0.000,0.000,0.000,0.000
14770,0.000,0.000,0.000,0.000
14771,0.000,0.000,0.000,0.000
14772,0.000,0.000,0.000,0.000
14773,0.000,0.000,0.000,0.000
14774,0.000,0.000,0.000,0.000
14775,0.000,0.000,0.000,0.000
14776,0.000,0.000,0.000,0.000
14777,0.000,0.000,0.000,0.000
14778,0.000,0.000,0.000,0.000
14779,0.000,0.000,0.000,0.000
14780,0.000,0.000,0.000,0.000
14781,0.000,0.000,0.000,0.000
14782,0.000,0.000,0.000,0.000
14783,0.000,0.000,0.000,0.000
14784,0.000,0.000,0.000,0.000
14785,0.000,0.000,0.000,0.000
14786,0.000,0.000,0.000,0.000
14787,0.000,0.000,0.000,0.000
14788,0.000,0.000,0.000,0.000
14789,0.000,0.000,0.000,0.000
14790,0.000,0.000,0.000,0.000
14791,0.000,0.000,0.000,0.000
14792,0.000,0.000,0.000,0.000
14793,0.000,0.000,0.000,0.000
14794,0.000,0.000,0.000,0.000
14795,0.000,0.000,0.000,0.000
14796,0.000,0.000,0.000,0.000
14797,0.000,0.000,0.000,0.000
14798,0.000,0.000,0.000,0.000
14799,0.000,0.000,0.000,0.000
14800,0.000,0.000,0.000,0.000
14801,0.000,0.000,0.000,0.000
14802,0.000,0.000,0.000,0.000
14803,0.000,0.000,0.000,0.000
14804,0.000,0.000,0.000,0.000
14805,0.000,0.000,0.000,0.000
14806,0.000,0.000,0.000,0.000
14807,0.000,0.000,0.000,0.000
14808,0.000,0.000,0.000,0.000
14809,0.000,0.000,0.000,0.000
14810,0.000,0.000,0.000,0.000
14811,0.000,0.000,0.000,0.000
14812,0.000,0.000,0.000,0.000
14813,0.000,0.000,0.000,0.000
14814,0.000,0.000,0.000,0.000
14815,0.000,0.000,0.000,0.000
14816,0.000,0.000,0.000,0.000
14817,0.000,0.000,0.000,0.000
14818,0.000,0.000,0.000,0.000
14819,0.000,0.000,0.000,0.000
14820,0.000,0.000,0.000,0.000
14821,0.000,0.000,0.000,0.000
14822,0.000,0.000,0.000,0.000
14823,0.000,0.000,0.000,0.000
14824,0.000,0.000,0.000,0.000
14825,0.000,0.000,0.000,0.000
14826,0.000,0.000,0.000,0.000
14827,0.000,0.000,0.000,0.000
14828,0.000,0.000,0.000,0.000
14829,0.000,0.000,0.000,0.000
14830,0.000,0.000,0.000,0.000
14831,0.000,0.000,0.000,0.000
14832,0.000,0.000,0.000,0.000
14833,0.000,0.000,0.000,0.000
14834,0.000,0.000,0.000,0.000
14835,0.000,0.000,0.000,0.000
14836,0.000,0.000,0.000,0.000
14837,0.000,0.000,0.000,0.000
14838,0.000,0.000,0.000,0.000
14839,0.000,0.000,0.000,0.000
14840,0.000,0.000,0.000,0.000
14841,0.000,0.000,0.000,0.000
14842,0.000,0.000,0.000,0.000
14843,0.000,0.000,0.000,0.000
14844,0.000,0.000,0.000,0.000
14845,0.000,0.000,0.000,0.000
14846,0.000,0.000,0.000,0.000
14847,0.000,0.000,0.000,0.000
14848,0.000,0.000,0.000,0.000
14849,0.000,0.000,0.000,0.000
14850,0.000,0.000,0.000,0.000
14851,0.000,0.000,0.000,0.000
14852,0.000,0.000,0.000,0.000
14853,0.000,0.000,0.000,0.000
14854,0.000,0.000,0.000,0.000
14855,0.000,0.000,0.000,0.000
14856,0.000,0.000,0.000,0.000
14857,0.000,0.000,0.000,0.000
14858,0.000,0.000,0.000,0.000
14859,0.000,0.000,0.000,0.000
14860,0.000,0.000,0.000,0.000
14861,0.000,0.000,0.000,0.000
14862,0.000,0.000,0.000,0.000
14863,0.000,0.000,0.000,0.000
14864,0.000,0.000,0.000,0.000
14865,0.000,0.000,0.000,0.000
14866,0.000,0.000,0.000,0.000
14867,0.000,0.000,0.000,0.000
14868,0.000,0.000,0.000,0.000
14869,0.000,0.000,0.000,0.000
14870,0.000,0.000,0.000,0.000
14871,0.000,0.000,0.000,0.000
14872,0.000,0.000,0.000,0.000
14873,0.000,0.000,0.000,0.000
14874,0.000,0.000,0.000,0.000
14875,0.000,0.000,0.000,0.000
14876,0.000,0.000,0.000,0.000
14877,0.000,0.000,0.000,0.000
14878,0.000,0.000,0.000,0.000
14879,0.000,0.000,0.000,0.000
14880,0.000,0.000,0.000,0.000
14881,0.000,0.000,0.000,0.000
14882,0.000,0.000,0.000,0.000
14883,0.000,0.000,0.000,0.000
14884,0.000,0.000,0.000,0.000
14885,0.000,0.000,0.000,0.000
14886,0.000,0.000,0.000,0.000
14887,0.000,0.000,0.000,0.000
14888,0.000,0.000,0.000,0.000
14889,0.000,0.000,0.000,0.000
14890,0.000,0.000,0.000,0.000
14891,0.000,0.000,0.000,0.000
14892,0.000,0.000,0.000,0.000
14893,0.000,0.000,0.000,0.000
14894,0.000,0.000,0.000,0.000
14895,0.000,0.000,0.000,0.000
14896,0.000,0.000,0.000,0.000
14897,0.000,0.000,0.000,0.000
14898,0.000,0.000,0.000,0.000
14899,0.000,0.000,0.000,0.000
14900,0.000,0.000,0.000,0.000
14901,0.000,0.000,0.000,0.000
14902,0.000,0.000,0.000,0.000
14903,0.000,0.000,0.000,0.000
14904,0.000,0.000,0.000,0.000
14905,0.000,0.000,0.000,0.000
14906,0.000,0.000,0.000,0.000
14907,0.000,0.000,0.000,0.000
14908,0.000,0.000,0.000,0.000
14909,0.000,0.000,0.000,0.000
14910,0.000,0.000,0.000,0.000
14911,0.000,0.000,0.000,0.000
14912,0.000,0.000,0.000,0.000
14913,0.000,0.000,0.000,0.000
14914,0.000,0.000,0.000,0.000
14915,0.000,0.000,0.000,0.000
14916,0.000,0.000,0.000,0.000
14917,0.000,0.000,0.000,0.000
14918,0.000,0.000,0.000,0.000
14919,0.000,0.000,0.000,0.000
14920,0.000,0.000,0.000,0.000
14921,0.000,0.000,0.000,0.000
14922,0.000,0.000,0.000,0.000
14923,0.000,0.000,0.000,0.000
14924,0.000,0.000,0.000,0.000
14925,0.000,0.000,0.000,0.000
14926,0.000,0.000,0.000,0.000
14927,0.000,0.000,0.000,0.000
14928,0.000,0.000,0.000,0.000
14929,0.000,0.000,0.000,0.000
14930,0.000,0.000,0.000,0.000
14931,0.000,0.000,0.000,0.000
14932,0.000,0.000,0.000,0.000
14933,0.000,0.000,0.000,0.000
14934,0.000,0.000,0.000,0.000
14935,0.000,0.000,0.000,0.000
14936,0.000,0.000,0.000,0.000
14937,0.000,0.000,0.000,0.000
14938,0.000,0.000,0.000,0.000
14939,0.000,0.000,0.000,0.000
14940,0.000,0.000,0.000,0.000
14941,0.000,0.000,0.000,0.000
14942,0.000,0.000,0.000,0.000
14943,0.000,0.000,0.000,0.000
14944,0.000,0.000,0.000,0.000
14945,0.000,0.000,0.000,0.000
14946,0.000,0.000,0.000,0.000
14947,0.000,0.000,0.000,0.000
14948,0.000,0.000,0.000,0.000
14949,0.000,0.000,0.000,0.000
14950,0.000,0.000,0.000,0.000
14951,0.000,0.000,0.000,0.000
14952,0.000,0.000,0.000,0.000
14953,0.000,0.000,0.000,0.000
14954,0.000,0.000,0.000,0.000
14955,0.000,0.000,0.000,0.000
14956,0.000,0.000,0.000,0.000
14957,0.000,0.000,0.000,0.000
14958,0.000,0.000,0.000,0.000
14959,0.000,0.000,0.000,0.000
14960,0.000,0.000,0.000,0.000
14961,0.000,0.000,0.000,0.000
14962,0.000,0.000,0.000,0.000
14963,0.000,0.000,0.000,0.000
14964,0.000,0.000,0.000,0.000
14965,0.000,0.000,0.000,0.000
14966,0.000,0.000,0.000,0.000
14967,0.000,0.000,0.000,0.000
14968,0.000,0.000,0.000,0.000
14969,0.000,0.000,0.000,0.000
14970,0.000,0.000,0.000,0.000
14971,0.000,0.000,0.000,0.000
14972,0.000,0.000,0.000,0.000
14973,0.000,0.000,0.000,0.000
14974,0.000,0.000,0.000,0.000
14975,0.000,0.000,0.000,0.000
14976,0.000,0.000,0.000,0.000
14977,0.000,0.000,0.000,0.000
14978,0.000,0.000,0.000,0.000
14979,0.000,0.000,0.000,0.000
14980,0.000,0.000,0.000,0.000
14981,0.000,0.000,0.000,0.000
14982,0.000,0.000,0.000,0.000
14983,0.000,0.000,0.000,0.000
14984,0.000,0.000,0.000,0.000
14985,0.000,0.000,0.000,0.000
14986,0.000,0.000,0.000,0.000
14987,0.000,0.000,0.000,0.000
14988,0.000,0.000,0.000,0.000
14989,0.000,0.000,0.000,0.000
14990,0.000,0.000,0.000,0.000
14991,0.000,0.000,0.000,0.000
14992,0.000,0.000,0.000,0.000
14993,0.000,0.000,0.000,0.000
14994,0.000,0.000,0.000,0.000
14995,0.000,0.000,0.000,0.000
14996,0.000,0.000,0.000,0.000
14997,0.000,0.000,0.000,0.000
14998,0.000,0.000,0.000,0.000
14999,0.000,0.000,0.000,0.000
15000,0.000,0.000,0.000,0.000
15001,0.000,0.000,0.000,0.000
15002,0.000,0.000,0.000,0.000
15003,0.000,0.000,0.000,0.000
15004,0.000,0.000,0.000,0.000
15005,0.000,0.000,0.000,0.000
15006,0.000,0.000,0.000,0.000
15007,0.000,0.000,0.000,0.000
15008,0.000,0.000,0.000,0.000
15009,0.000,0.000,0.000,0.000
15010,0.000,0.000,0.000,0.000
15011,0.000,0.000,0.000,0.000
15012,0.000,0.000,0.000,0.000
15013,0.000,0.000,0.000,0.000
15014,0.000,0.000,0.000,0.000
15015,0.000,0.000,0.000,0.000
15016,0.000,0.000,0.000,0.000
15017,0.000,0.000,0.000,0.000
15018,0.000,0.000,0.000,0.000
15019,0.000,0.000,0.000,0.000
15020,0.000,0.000,0.000,0.000
15021,0.000,0.000,0.000,0.000
15022,0.000,0.000,0.000,0.000
15023,0.000,0.000,0.000,0.000
15024,0.000,0.000,0.000,0.000
15025,0.000,0.000,0.000,0.000
15026,0.000,0.000,0.000,0.000
15027,0.000,0.000,0.000,0.000
15028,0.000,0.000,0.000,0.000
15029,0.000,0.000,0.000,0.000
15030,0.000,0.000,0.000,0.000
15031,0.000,0.000,0.000,0.000
15032,0.000,0.000,0.000,0.000
15033,0.000,0.000,0.000,0.000
15034,0.000,0.000,0.000,0.000
15035,0.000,0.000,0.000,0.000
15036,0.000,0.000,0.000,0.000
15037,0.000,0.000,0.000,0.000
15038,0.000,0.000,0.000,0.000
15039,0.000,0.000,0.000,0.000
15040,0.000,0.000,0.000,0.000
15041,0.000,0.000,0.000,0.000
15042,0.000,0.000,0.000,0.000
15043,0.000,0.000,0.000,0.000
15044,0.000,0.000,0.000,0.000
15045,0.000,0.000,0.000,0.000
15046,0.000,0.000,0.000,0.000
15047,0.000,0.000,0.000,0.000
15048,0.000,0.000,0.000,0.000
15049,0.000,0.000,0.000,0.000
15050,0.000,0.000,0.000,0.000
15051,0.000,0.000,0.000,0.000
15052,0.000,0.000,0.000,0.000
15053,0.000,0.000,0.000,0.000
15054,0.000,0.000,0.000,0.000
15055,0.000,0.000,0.000,0.000
15056,0.000,0.000,0.000,0.000
15057,0.000,0.000,0.000,0.000
15058,0.000,0.000,0.000,0.000
15059,0.000,0.000,0.000,0.000
15060,0.000,0.000,0.000,0.000
15061,0.000,0.000,0.000,0.000
15062,0.000,0.000,0.000,0.000
15063,0.000,0.000,0.000,0.000
15064,0.000,0.000,0.000,0.000
15065,0.000,0.000,0.000,0.000
15066,0.000,0.000,0.000,0.000
15067,0.000,0.000,0.000,0.000
15068,0.000,0.000,0.000,0.000
15069,0.000,0.000,0.000,0.000
15070,0.000,0.000,0.000,0.000
15071,0.000,0.000,0.000,0.000
15072,0.000,0.000,0.000,0.000
15073,0.000,0.000,0.000,0.000
15074,0.000,0.000,0.000,0.000
15075,0.000,0.000,0.000,0.000
15076,0.000,0.000,0.000,0.000
15077,0.000,0.000,0.000,0.000
15078,0.000,0.000,0.000,0.000
15079,0.000,0.000,0.000,0.000
15080,0.000,0.000,0.000,0.000
15081,0.000,0.000,0.000,0.000
15082,0.000,0.000,0.000,0.000
15083,0.000,0.000,0.000,0.000
15084,0.000,0.000,0.000,0.000
15085,0.000,0.000,0.000,0.000
15086,0.000,0.000,0.000,0.000
15087,0.000,0.000,0.000,0.000
15088,0.000,0.000,0.000,0.000
15089,0.000,0.000,0.000,0.000
15090,0.000,0.000,0.000,0.000
15091,0.000,0.000,0.000,0.000
15092,0.000,0.000,0.000,0.000
15093,0.000,0.000,0.000,0.000
15094,0.000,0.000,0.000,0.000
15095,0.000,0.000,0.000,0.000
15096,0.000,0.000,0.000,0.000
15097,0.000,0.000,0.000,0.000
15098,0.000,0.000,0.000,0.000
15099,0.000,0.000,0.000,0.000
15100,0.000,0.000,0.000,0.000
15101,0.000,0.000,0.000,0.000
15102,0.000,0.000,0.000,0.000
15103,0.000,0.000,0.000,0.000
15104,0.000,0.000,0.000,0.000
15105,0.000,0.000,0.000,0.000
15106,0.000,0.000,0.000,0.000
15107,0.000,0.000,0.000,0.000
15108,0.000,0.000,0.000,0.000
15109,0.000,0.000,0.000,0.000
15110,0.000,0.000,0.000,0.000
15111,0.000,0.000,0.000,0.000
15112,0.000,0.000,0.000,0.000
15113,0.000,0.000,0.000,0.000
15114,0.000,0.000,0.000,0.000
15115,0.000,0.000,0.000,0.000
15116,0.000,0.000,0.000,0.000
15117,0.000,0.000,0.000,0.000
15118,0.000,0.000,0.000,0.000
15119,0.000,0.000,0.000,0.000
15120,0.000,0.000,0.000,0.000
15121,0.000,0.000,0.000,0.000
15122,0.000,0.000,0.000,0.000
15123,0.000,0.000,0.000,0.000
15124,0.000,0.000,0.000,0.000
15125,0.000,0.000,0.000,0.000
15126,0.000,0.000,0.000,0.000
15127,0.000,0.000,0.000,0.000
15128,0.000,0.000,0.000,0.000
15129,0.000,0.000,0.000,0.000
15130,0.000,0.000,0.000,0.000
15131,0.000,0.000,0.000,0.000
15132,0.000,0.000,0.000,0.000
15133,0.000,0.000,0.000,0.000
15134,0.000,0.000,0.000,0.000
15135,0.000,0.000,0.000,0.000
15136,0.000,0.000,0.000,0.000
15137,0.000,0.000,0.000,0.000
15138,0.000,0.000,0.000,0.000
15139,0.000,0.000,0.000,0.000
15140,0.000,0.000,0.000,0.000
15141,0.000,0.000,0.000,0.000
15142,0.000,0.000,0.000,0.000
15143,0.000,0.000,0.000,0.000
15144,0.000,0.000,0.000,0.000
15145,0.000,0.000,0.000,0.000
15146,0.000,0.000,0.000,0.000
15147,0.000,0.000,0.000,0.000
15148,0.000,0.000,0.000,0.000
15149,0.000,0.000,0.000,0.000
15150,0.000,0.000,0.000,0.000
15151,0.000,0.000,0.000,0.000
15152,0.000,0.000,0.000,0.000
15153,0.000,0.000,0.000,0.000
15154,0.000,0.000,0.000,0.000
15155,0.000,0.000,0.000,0.000
15156,0.000,0.000,0.000,0.000
15157,0.000,0.000,0.000,0.000
15158,0.000,0.000,0.000,0.000
15159,0.000,0.000,0.000,0.000
15160,0.000,0.000,0.000,0.000
15161,0.000,0.000,0.000,0.000
15162,0.000,0.000,0.000,0.000
15163,0.000,0.000,0.000,0.000
15164,0.000,0.000,0.000,0.000
15165,0.000,0.000,0.000,0.000
15166,0.000,0.000,0.000,0.000
15167,0.000,0.000,0.000,0.000
15168,0.000,0.000,0.000,0.000
15169,0.000,0.000,0.000,0.000
15170,0.000,0.000,0.000,0.000
15171,0.000,0.000,0.000,0.000
15172,0.000,0.000,0.000,0.000
15173,0.000,0.000,0.000,0.000
15174,0.000,0.000,0.000,0.000
15175,0.000,0.000,0.000,0.000
15176,0.000,0.000,0.000,0.000
15177,0.000,0.000,0.000,0.000
15178,0.000,0.000,0.000,0.000
15179,0.000,0.000,0.000,0.000
15180,0.000,0.000,0.000,0.000
15181,0.000,0.000,0.000,0.000
15182,0.000,0.000,0.000,0.000
15183,0.000,0.000,0.000,0.000
15184,0.000,0.000,0.000,0.000
15185,0.000,0.000,0.000,0.000
15186,0.000,0.000,0.000,0.000
15187,0.000,0.000,0.000,0.000
15188,0.000,0.000,0.000,0.000
15189,0.000,0.000,0.000,0.000
15190,0.000,0.000,0.000,0.000
15191,0.000,0.000,0.000,0.000
15192,0.000,0.000,0.000,0.000
15193,0.000,0.000,0.000,0.000
15194,0.000,0.000,0.000,0.000
15195,0.000,0.000,0.000,0.000
15196,0.000,0.000,0.000,0.000
15197,0.000,0.000,0.000,0.000
15198,0.000,0.000,0.000,0.000
15199,0.000,0.000,0.000,0.000
15200,0.000,0.000,0.000,0.000
15201,0.000,0.000,0.000,0.000
15202,0.000,0.000,0.000,0.000
15203,0.000,0.000,0.000,0.000
15204,0.000,0.000,0.000,0.000
15205,0.000,0.000,0.000,0.000
15206,0.000,0.000,0.000,0.000
15207,0.000,0.000,0.000,0.000
15208,0.000,0.000,0.000,0.000
15209,0.000,0.000,0.000,0.000
15210,0.000,0.000,0.000,0.000
15211,0.000,0.000,0.000,0.000
15212,0.000,0.000,0.000,0.000
15213,0.000,0.000,0.000,0.000
15214,0.000,0.000,0.000,0.000
15215,0.000,0.000,0.000,0.000
15216,0.000,0.000,0.000,0.000
15217,0.000,0.000,0.000,0.000
15218,0.000,0.000,0.000,0.000
15219,0.000,0.000,0.000,0.000
15220,0.000,0.000,0.000,0.000
15221,0.000,0.000,0.000,0.000
15222,0.000,0.000,0.000,0.000
15223,0.000,0.000,0.000,0.000
15224,0.000,0.000,0.000,0.000
15225,0.000,0.000,0.000,0.000
15226,0.000,0.000,0.000,0.000
15227,0.000,0.000,0.000,0.000
15228,0.000,0.000,0.000,0.000
15229,0.000,0.000,0.000,0.000
15230,0.000,0.000,0.000,0.000
15231,0.000,0.000,0.000,0.000
15232,0.000,0.000,0.000,0.000
15233,0.000,0.000,0.000,0.000
15234,0.000,0.000,0.000,0.000
15235,0.000,0.000,0.000,0.000
15236,0.000,0.000,0.000,0.000
15237,0.000,0.000,0.000,0.000
15238,0.000,0.000,0.000,0.000
15239,0.000,0.000,0.000,0.000
15240,0.000,0.000,0.000,0.000
15241,0.000,0.000,0.000,0.000
15242,0.000,0.000,0.000,0.000
15243,0.000,0.000,0.000,0.000
15244,0.000,0.000,0.000,0.000
15245,0.000,0.000,0.000,0.000
15246,0.000,0.000,0.000,0.000
15247,0.000,0.000,0.000,0.000
15248,0.000,0.000,0.000,0.000
15249,0.000,0.000,0.000,0.000
15250,0.000,0.000,0.000,0.000
15251,0.000,0.000,0.000,0.000
15252,0.000,0.000,0.000,0.000
15253,0.000,0.000,0.000,0.000
15254,0.000,0.000,0.000,0.000
15255,0.000,0.000,0.000,0.000
15256,0.000,0.000,0.000,0.000
15257,0.000,0.000,0.000,0.000
15258,0.000,0.000,0.000,0.000
15259,0.000,0.000,0.000,0.000
15260,0.000,0.000,0.000,0.000
15261,0.000,0.000,0.000,0.000
15262,0.000,0.000,0.000,0.000
15263,0.000,0.000,0.000,0.000
15264,0.000,0.000,0.000,0.000
15265,0.000,0.000,0.000,0.000
15266,0.000,0.000,0.000,0.000
15267,0.000,0.000,0.000,0.000
15268,0.000,0.000,0.000,0.000
15269,0.000,0.000,0.000,0.000
15270,0.000,0.000,0.000,0.000
15271,0.000,0.000,0.000,0.000
15272,0.000,0.000,0.000,0.000
15273,0.000,0.000,0.000,0.000
15274,0.000,0.000,0.000,0.000
15275,0.000,0.000,0.000,0.000
15276,0.000,0.000,0.000,0.000
15277,0.000,0.000,0.000,0.000
15278,0.000,0.000,0.000,0.000
15279,0.000,0.000,0.000,0.000
15280,0.000,0.000,0.000,0.000
15281,0.000,0.000,0.000,0.000
15282,0.000,0.000,0.000,0.000
15283,0.000,0.000,0.000,0.000
15284,0.000,0.000,0.000,0.000
15285,0.000,0.000,0.000,0.000
15286,0.000,0.000,0.000,0.000
15287,0.000,0.000,0.000,0.000
15288,0.000,0.000,0.000,0.000
15289,0.000,0.000,0.000,0.000
15290,0.000,0.000,0.000,0.000
15291,0.000,0.000,0.000,0.000
15292,0.000,0.000,0.000,0.000
15293,0.000,0.000,0.000,0.000
15294,0.000,0.000,0.000,0.000
15295,0.000,0.000,0.000,0.000
15296,0.000,0.000,0.000,0.000
15297,0.000,0.000,0.000,0.000
15298,0.000,0.000,0.000,0.000
15299,0.000,0.000,0.000,0.000
15300,0.000,0.000,0.000,0.000
15301,0.000,0.000,0.000,0.000
15302,0.000,0.000,0.000,0.000
15303,0.000,0.000,0.000,0.000
15304,0.000,0.000,0.000,0.000
15305,0.000,0.000,0.000,0.000
15306,0.000,0.000,0.000,0.000
15307,0.000,0.000,0.000,0.000
15308,0.000,0.000,0.000,0.000
15309,0.000,0.000,0.000,0.000
15310,0.000,0.000,0.000,0.000
15311,0.000,0.000,0.000,0.000
15312,0.000,0.000,0.000,0.000
15313,0.000,0.000,0.000,0.000
15314,0.000,0.000,0.000,0.000
15315,0.000,0.000,0.000,0.000
15316,0.000,0.000,0.000,0.000
15317,0.000,0.000,0.000,0.000
15318,0.000,0.000,0.000,0.000
15319,0.000,0.000,0.000,0.000
15320,0.000,0.000,0.000,0.000
15321,0.000,0.000,0.000,0.000
15322,0.000,0.000,0.000,0.000
15323,0.000,0.000,0.000,0.000
15324,0.000,0.000,0.000,0.000
15325,0.000,0.000,0.000,0.000
15326,0.000,0.000,0.000,0.000
15327,0.000,0.000,0.000,0.000
15328,0.000,0.000,0.000,0.000
15329,0.000,0.000,0.000,0.000
15330,0.000,0.000,0.000,0.000
15331,0.000,0.000,0.000,0.000
15332,0.000,0.000,0.000,0.000
15333,0.000,0.000,0.000,0.000
15334,0.000,0.000,0.000,0.000
15335,0.000,0.000,0.000,0.000
15336,0.000,0.000,0.000,0.000
15337,0.000,0.000,0.000,0.000
15338,0.000,0.000,0.000,0.000
15339,0.000,0.000,0.000,0.000
15340,0.000,0.000,0.000,0.000
15341,0.000,0.000,0.000,0.000
15342,0.000,0.000,0.000,0.000
15343,0.000,0.000,0.000,0.000
15344,0.000,0.000,0.000,0.000
15345,0.000,0.000,0.000,0.000
15346,0.000,0.000,0.000,0.000
15347,0.000,0.000,0.000,0.000
15348,0.000,0.000,0.000,0.000
15349,0.000,0.000,0.000,0.000
15350,0.000,0.000,0.000,0.000
15351,0.000,0.000,0.000,0.000
15352,0.000,0.000,0.000,0.000
15353,0.000,0.000,0.000,0.000
15354,0.000,0.000,0.000,0.000
15355,0.000,0.000,0.000,0.000
15356,0.000,0.000,0.000,0.000
15357,0.000,0.000,0.000,0.000
15358,0.000,0.000,0.000,0.000
15359,0.000,0.000,0.000,0.000
15360,0.000,0.000,0.000,0.000
15361,0.000,0.000,0.000,0.000
15362,0.000,0.000,0.000,0.000
15363,0.000,0.000,0.000,0.000
15364,0.000,0.000,0.000,0.000
15365,0.000,0.000,0.000,0.000
15366,0.000,0.000,0.000,0.000
15367,0.000,0.000,0.000,0.000
15368,0.000,0.000,0.000,0.000
15369,0.000,0.000,0.000,0.000
15370,0.000,0.000,0.000,0.000
15371,0.000,0.000,0.000,0.000
15372,0.000,0.000,0.000,0.000
15373,0.000,0.000,0.000,0.000
15374,0.000,0.000,0.000,0.000
15375,0.000,0.000,0.000,0.000
15376,0.000,0.000,0.000,0.000
15377,0.000,0.000,0.000,0.000
15378,0.000,0.000,0.000,0.000
15379,0.000,0.000,0.000,0.000
15380,0.000,0.000,0.000,0.000
15381,0.000,0.000,0.000,0.000
15382,0.000,0.000,0.000,0.000
15383,0.000,0.000,0.000,0.000
15384,0.000,0.000,0.000,0.000
15385,0.000,0.000,0.000,0.000
15386,0.000,0.000,0.000,0.000
15387,0.000,0.000,0.000,0.000
15388,0.000,0.000,0.000,0.000
15389,0.000,0.000,0.000,0.000
15390,0.000,0.000,0.000,0.000
15391,0.000,0.000,0.000,0.000
15392,0.000,0.000,0.000,0.000
15393,0.000,0.000,0.000,0.000
15394,0.000,0.000,0.000,0.000
15395,0.000,0.000,0.000,0.000
15396,0.000,0.000,0.000,0.000
15397,0.000,0.000,0.000,0.000
15398,0.000,0.000,0.000,0.000
15399,0.000,0.000,0.000,0.000
15400,0.000,0.000,0.000,0.000
15401,0.000,0.000,0.000,0.000
15402,0.000,0.000,0.000,0.000
15403,0.000,0.000,0.000,0.000
15404,0.000,0.000,0.000,0.000
15405,0.000,0.000,0.000,0.000
15406,0.000,0.000,0.000,0.000
15407,0.000,0.000,0.000,0.000
15408,0.000,0.000,0.000,0.000
15409,0.000,0.000,0.000,0.000
15410,0.000,0.000,0.000,0.000
15411,0.000,0.000,0.000,0.000
15412,0.000,0.000,0.000,0.000
15413,0.000,0.000,0.000,0.000
15414,0.000,0.000,0.000,0.000
15415,0.000,0.000,0.000,0.000
15416,0.000,0.000,0.000,0.000
15417,0.000,0.000,0.000,0.000
15418,0.000,0.000,0.000,0.000
15419,0.000,0.000,0.000,0.000
15420,0.000,0.000,0.000,0.000
15421,0.000,0.000,0.000,0.000
15422,0.000,0.000,0.000,0.000
15423,0.000,0.000,0.000,0.000
15424,0.000,0.000,0.000,0.000
15425,0.000,0.000,0.000,0.000
15426,0.000,0.000,0.000,0.000
15427,0.000,0.000,0.000,0.000
15428,0.000,0.000,0.000,0.000
15429,0.000,0.000,0.000,0.000
15430,0.000,0.000,0.000,0.000
15431,0.000,0.000,0.000,0.000
15432,0.000,0.000,0.000,0.000
15433,0.000,0.000,0.000,0.000
15434,0.000,0.000,0.000,0.000
15435,0.000,0.000,0.000,0.000
15436,0.000,0.000,0.000,0.000
15437,0.000,0.000,0.000,0.000
15438,0.000,0.000,0.000,0.000
15439,0.000,0.000,0.000,0.000
15440,0.000,0.000,0.000,0.000
15441,0.000,0.000,0.000,0.000
15442,0.000,0.000,0.000,0.000
15443,0.000,0.000,0.000,0.000
15444,0.000,0.000,0.000,0.000
15445,0.000,0.000,0.000,0.000
15446,0.000,0.000,0.000,0.000
15447,0.000,0.000,0.000,0.000
15448,0.000,0.000,0.000,0.000
15449,0.000,0.000,0.000,0.000
15450,0.000,0.000,0.000,0.000
15451,0.000,0.000,0.000,0.000
15452,0.000,0.000,0.000,0.000
15453,0.000,0.000,0.000,0.000
15454,0.000,0.000,0.000,0.000
15455,0.000,0.000,0.000,0.000
15456,0.000,0.000,0.000,0.000
15457,0.000,0.000,0.000,0.000
15458,0.000,0.000,0.000,0.000
15459,0.000,0.000,0.000,0.000
15460,0.000,0.000,0.000,0.000
15461,0.000,0.000,0.000,0.000
15462,0.000,0.000,0.000,0.000
15463,0.000,0.000,0.000,0.000
15464,0.000,0.000,0.000,0.000
15465,0.000,0.000,0.000,0.000
15466,0.000,0.000,0.000,0.000
15467,0.000,0.000,0.000,0.000
15468,0.000,0.000,0.000,0.000
15469,0.000,0.000,0.000,0.000
15470,0.000,0.000,0.000,0.000
15471,0.000,0.000,0.000,0.000
15472,0.000,0.000,0.000,0.000
15473,0.000,0.000,0.000,0.000
15474,0.000,0.000,0.000,0.000
15475,0.000,0.000,0.000,0.000
15476,0.000,0.000,0.000,0.000
15477,0.000,0.000,0.000,0.000
15478,0.000,0.000,0.000,0.000
15479,0.000,0.000,0.000,0.000
15480,0.000,0.000,0.000,0.000
15481,0.000,0.000,0.000,0.000
15482,0.000,0.000,0.000,0.000
15483,0.000,0.000,0.000,0.000
15484,0.000,0.000,0.000,0.000
15485,0.000,0.000,0.000,0.000
15486,0.000,0.000,0.000,0.000
15487,0.000,0.000,0.000,0.000
15488,0.000,0.000,0.000,0.000
15489,0.000,0.000,0.000,0.000
15490,0.000,0.000,0.000,0.000
15491,0.000,0.000,0.000,0.000
15492,0.000,0.000,0.000,0.000
15493,0.000,0.000,0.000,0.000
15494,0.000,0.000,0.000,0.000
15495,0.000,0.000,0.000,0.000
15496,0.000,0.000,0.000,0.000
15497,0.000,0.000,0.000,0.000
15498,0.000,0.000,0.000,0.000
15499,0.000,0.000,0.000,0.000
15500,0.000,0.000,0.000,0.000
15501,0.000,0.000,0.000,0.000
15502,0.000,0.000,0.000,0.000
15503,0.000,0.000,0.000,0.000
15504,0.000,0.000,0.000,0.000
15505,0.000,0.000,0.000,0.000
15506,0.000,0.000,0.000,0.000
15507,0.000,0.000,0.000,0.000
15508,0.000,0.000,0.000,0.000
15509,0.000,0.000,0.000,0.000
15510,0.000,0.000,0.000,0.000
15511,0.000,0.000,0.000,0.000
15512,0.000,0.000,0.000,0.000
15513,0.000,0.000,0.000,0.000
15514,0.000,0.000,0.000,0.000
15515,0.000,0.000,0.000,0.000
15516,0.000,0.000,0.000,0.000
15517,0.000,0.000,0.000,0.000
15518,0.000,0.000,0.000,0.000
15519,0.000,0.000,0.000,0.000
15520,0.000,0.000,0.000,0.000
15521,0.000,0.000,0.000,0.000
15522,0.000,0.000,0.000,0.000
15523,0.000,0.000,0.000,0.000
15524,0.000,0.000,0.000,0.000
15525,0.000,0.000,0.000,0.000
15526,0.000,0.000,0.000,0.000
15527,0.000,0.000,0.000,0.000
15528,0.000,0.000,0.000,0.000
15529,0.000,0.000,0.000,0.000
15530,0.000,0.000,0.000,0.000
15531,0.000,0.000,0.000,0.000
15532,0.000,0.000,0.000,0.000
15533,0.000,0.000,0.000,0.000
15534,0.000,0.000,0.000,0.000
15535,0.000,0.000,0.000,0.000
15536,0.000,0.000,0.000,0.000
15537,0.000,0.000,0.000,0.000
15538,0.000,0.000,0.000,0.000
15539,0.000,0.000,0.000,0.000
15540,0.000,0.000,0.000,0.000
15541,0.000,0.000,0.000,0.000
15542,0.000,0.000,0.000,0.000
15543,0.000,0.000,0.000,0.000
15544,0.000,0.000,0.000,0.000
15545,0.000,0.000,0.000,0.000
15546,0.000,0.000,0.000,0.000
15547,0.000,0.000,0.000,0.000
15548,0.000,0.000,0.000,0.000
15549,0.000,0.000,0.000,0.000
15550,0.000,0.000,0.000,0.000
15551,0.000,0.000,0.000,0.000
15552,0.000,0.000,0.000,0.000
15553,0.000,0.000,0.000,0.000
15554,0.000,0.000,0.000,0.000
15555,0.000,0.000,0.000,0.000
15556,0.000,0.000,0.000,0.000
15557,0.000,0.000,0.000,0.000
15558,0.000,0.000,0.000,0.000
15559,0.000,0.000,0.000,0.000
15560,0.000,0.000,0.000,0.000
15561,0.000,0.000,0.000,0.000
15562,0.000,0.000,0.000,0.000
15563,0.000,0.000,0.000,0.000
15564,0.000,0.000,0.000,0.000
15565,0.000,0.000,0.000,0.000
15566,0.000,0.000,0.000,0.000
15567,0.000,0.000,0.000,0.000
15568,0.000,0.000,0.000,0.000
15569,0.000,0.000,0.000,0.000
15570,0.000,0.000,0.000,0.000
15571,0.000,0.000,0.000,0.000
15572,0.000,0.000,0.000,0.000
15573,0.000,0.000,0.000,0.000
15574,0.000,0.000,0.000,0.000
15575,0.000,0.000,0.000,0.000
15576,0.000,0.000,0.000,0.000
15577,0.000,0.000,0.000,0.000
15578,0.000,0.000,0.000,0.000
15579,0.000,0.000,0.000,0.000
15580,0.000,0.000,0.000,0.000
15581,0.000,0.000,0.000,0.000
15582,0.000,0.000,0.000,0.000
15583,0.000,0.000,0.000,0.000
15584,0.000,0.000,0.000,0.000
15585,0.000,0.000,0.000,0.000
15586,0.000,0.000,0.000,0.000
15587,0.000,0.000,0.000,0.000
15588,0.000,0.000,0.000,0.000
15589,0.000,0.000,0.000,0.000
15590,0.000,0.000,0.000,0.000
15591,0.000,0.000,0.000,0.000
15592,0.000,0.000,0.000,0.000
15593,0.000,0.000,0.000,0.000
15594,0.000,0.000,0.000,0.000
15595,0.000,0.000,0.000,0.000
15596,0.000,0.000,0.000,0.000
15597,0.000,0.000,0.000,0.000
15598,0.000,0.000,0.000,0.000
15599,0.000,0.000,0.000,0.000
15600,0.000,0.000,0.000,0.000
15601,0.000,0.000,0.000,0.000
15602,0.000,0.000,0.000,0.000
15603,0.000,0.000,0.000,0.000
15604,0.000,0.000,0.000,0.000
15605,0.000,0.000,0.000,0.000
15606,0.000,0.000,0.000,0.000
15607,0.000,0.000,0.000,0.000
15608,0.000,0.000,0.000,0.000
15609,0.000,0.000,0.000,0.000
15610,0.000,0.000,0.000,0.000
15611,0.000,0.000,0.000,0.000
15612,0.000,0.000,0.000,0.000
15613,0.000,0.000,0.000,0.000
15614,0.000,0.000,0.000,0.000
15615,0.000,0.000,0.000,0.000
15616,0.000,0.000,0.000,0.000
15617,0.000,0.000,0.000,0.000
15618,0.000,0.000,0.000,0.000
15619,0.000,0.000,0.000,0.000
15620,0.000,0.000,0.000,0.000
15621,0.000,0.000,0.000,0.000
15622,0.000,0.000,0.000,0.000
15623,0.000,0.000,0.000,0.000
15624,0.000,0.000,0.000,0.000
15625,0.000,0.000,0.000,0.000
15626,0.000,0.000,0.000,0.000
15627,0.000,0.000,0.000,0.000
15628,0.000,0.000,0.000,0.000
15629,0.000,0.000,0.000,0.000
15630,0.000,0.000,0.000,0.000
15631,0.000,0.000,0.000,0.000
15632,0.000,0.000,0.000,0.000
15633,0.000,0.000,0.000,0.000
15634,0.000,0.000,0.000,0.000
15635,0.000,0.000,0.000,0.000
15636,0.000,0.000,0.000,0.000
15637,0.000,0.000,0.000,0.000
15638,0.000,0.000,0.000,0.000
15639,0.000,0.000,0.000,0.000
15640,0.000,0.000,0.000,0.000
15641,0.000,0.000,0.000,0.000
15642,0.000,0.000,0.000,0.000
15643,0.000,0.000,0.000,0.000
15644,0.000,0.000,0.000,0.000
15645,0.000,0.000,0.000,0.000
15646,0.000,0.000,0.000,0.000
15647,0.000,0.000,0.000,0.000
15648,0.000,0.000,0.000,0.000
15649,0.000,0.000,0.000,0.000
15650,0.000,0.000,0.000,0.000
15651,0.000,0.000,0.000,0.000
15652,0.000,0.000,0.000,0.000
15653,0.000,0.000,0.000,0.000
15654,0.000,0.000,0.000,0.000
15655,0.000,0.000,0.000,0.000
15656,0.000,0.000,0.000,0.000
15657,0.000,0.000,0.000,0.000
15658,0.000,0.000,0.000,0.000
15659,0.000,0.000,0.000,0.000
15660,0.000,0.000,0.000,0.000
15661,0.000,0.000,0.000,0.000
15662,0.000,0.000,0.000,0.000
15663,0.000,0.000,0.000,0.000
15664,0.000,0.000,0.000,0.000
15665,0.000,0.000,0.000,0.000
15666,0.000,0.000,0.000,0.000
15667,0.000,0.000,0.000,0.000
15668,0.000,0.000,0.000,0.000
15669,0.000,0.000,0.000,0.000
15670,0.000,0.000,0.000,0.000
15671,0.000,0.000,0.000,0.000
15672,0.000,0.000,0.000,0.000
15673,0.000,0.000,0.000,0.000
15674,0.000,0.000,0.000,0.000
15675,0.000,0.000,0.000,0.000
15676,0.000,0.000,0.000,0.000
15677,0.000,0.000,0.000,0.000
15678,0.000,0.000,0.000,0.000
15679,0.000,0.000,0.000,0.000
15680,0.000,0.000,0.000,0.000
15681,0.000,0.000,0.000,0.000
15682,0.000,0.000,0.000,0.000
15683,0.000,0.000,0.000,0.000
15684,0.000,0.000,0.000,0.000
15685,0.000,0.000,0.000,0.000
15686,0.000,0.000,0.000,0.000
15687,0.000,0.000,0.000,0.000
15688,0.000,0.000,0.000,0.000
15689,0.000,0.000,0.000,0.000
15690,0.000,0.000,0.000,0.000
15691,0.000,0.000,0.000,0.000
15692,0.000,0.000,0.000,0.000
15693,0.000,0.000,0.000,0.000
15694,0.000,0.000,0.000,0.000
15695,0.000,0.000,0.000,0.000
15696,0.000,0.000,0.000,0.000
15697,0.000,0.000,0.000,0.000
15698,0.000,0.000,0.000,0.000
15699,0.000,0.000,0.000,0.000
15700,0.000,0.000,0.000,0.000
15701,0.000,0.000,0.000,0.000
15702,0.000,0.000,0.000,0.000
15703,0.000,0.000,0.000,0.000
15704,0.000,0.000,0.000,0.000
15705,0.000,0.000,0.000,0.000
15706,0.000,0.000,0.000,0.000
15707,0.000,0.000,0.000,0.000
15708,0.000,0.000,0.000,0.000
15709,0.000,0.000,0.000,0.000
15710,0.000,0.000,0.000,0.000
15711,0.000,0.000,0.000,0.000
15712,0.000,0.000,0.000,0.000
15713,0.000,0.000,0.000,0.000
15714,0.000,0.000,0.000,0.000
15715,0.000,0.000,0.000,0.000
15716,0.000,0.000,0.000,0.000
15717,0.000,0.000,0.000,0.000
15718,0.000,0.000,0.000,0.000
15719,0.000,0.000,0.000,0.000
15720,0.000,0.000,0.000,0.000
15721,0.000,0.000,0.000,0.000
15722,0.000,0.000,0.000,0.000
15723,0.000,0.000,0.000,0.000
15724,0.000,0.000,0.000,0.000
15725,0.000,0.000,0.000,0.000
15726,0.000,0.000,0.000,0.000
15727,0.000,0.000,0.000,0.000
15728,0.000,0.000,0.000,0.000
15729,0.000,0.000,0.000,0.000
15730,0.000,0.000,0.000,0.000
15731,0.000,0.000,0.000,0.000
15732,0.000,0.000,0.000,0.000
15733,0.000,0.000,0.000,0.000
15734,0.000,0.000,0.000,0.000
15735,0.000,0.000,0.000,0.000
15736,0.000,0.000,0.000,0.000
15737,0.000,0.000,0.000,0.000
15738,0.000,0.000,0.000,0.000
15739,0.000,0.000,0.000,0.000
15740,0.000,0.000,0.000,0.000
15741,0.000,0.000,0.000,0.000
15742,0.000,0.000,0.000,0.000
15743,0.000,0.000,0.000,0.000
15744,0.000,0.000,0.000,0.000
15745,0.000,0.000,0.000,0.000
15746,0.000,0.000,0.000,0.000
15747,0.000,0.000,0.000,0.000
15748,0.000,0.000,0.000,0.000
15749,0.000,0.000,0.000,0.000
15750,0.000,0.000,0.000,0.000
15751,0.000,0.000,0.000,0.000
15752,0.000,0.000,0.000,0.000
15753,0.000,0.000,0.000,0.000
15754,0.000,0.000,0.000,0.000
15755,0.000,0.000,0.000,0.000
15756,0.000,0.000,0.000,0.000
15757,0.000,0.000,0.000,0.000
15758,0.000,0.000,0.000,0.000
15759,0.000,0.000,0.000,0.000
15760,0.000,0.000,0.000,0.000
15761,0.000,0.000,0.000,0.000
15762,0.000,0.000,0.000,0.000
15763,0.000,0.000,0.000,0.000
15764,0.000,0.000,0.000,0.000
15765,0.000,0.000,0.000,0.000
15766,0.000,0.000,0.000,0.000
15767,0.000,0.000,0.000,0.000
15768,0.000,0.000,0.000,0.000
15769,0.000,0.000,0.000,0.000
15770,0.000,0.000,0.000,0.000
15771,0.000,0.000,0.000,0.000
15772,0.000,0.000,0.000,0.000
15773,0.000,0.000,0.000,0.000
15774,0.000,0.000,0.000,0.000
15775,0.000,0.000,0.000,0.000
15776,0.000,0.000,0.000,0.000
15777,0.000,0.000,0.000,0.000
15778,0.000,0.000,0.000,0.000
15779,0.000,0.000,0.000,0.000
15780,0.000,0.000,0.000,0.000
15781,0.000,0.000,0.000,0.000
15782,0.000,0.000,0.000,0.000
15783,0.000,0.000,0.000,0.000
15784,0.000,0.000,0.000,0.000
15785,0.000,0.000,0.000,0.000
15786,0.000,0.000,0.000,0.000
15787,0.000,0.000,0.000,0.000
15788,0.000,0.000,0.000,0.000
15789,0.000,0.000,0.000,0.000
15790,0.000,0.000,0.000,0.000
15791,0.000,0.000,0.000,0.000
15792,0.000,0.000,0.000,0.000
15793,0.000,0.000,0.000,0.000
15794,0.000,0.000,0.000,0.000
15795,0.000,0.000,0.000,0.000
15796,0.000,0.000,0.000,0.000
15797,0.000,0.000,0.000,0.000
15798,0.000,0.000,0.000,0.000
15799,0.000,0.000,0.000,0.000
15800,0.000,0.000,0.000,0.000
15801,0.000,0.000,0.000,0.000
15802,0.000,0.000,0.000,0.000
15803,0.000,0.000,0.000,0.000
15804,0.000,0.000,0.000,0.000
15805,0.000,0.000,0.000,0.000
15806,0.000,0.000,0.000,0.000
15807,0.000,0.000,0.000,0.000
15808,0.000,0.000,0.000,0.000
15809,0.000,0.000,0.000,0.000
15810,0.000,0.000,0.000,0.000
15811,0.000,0.000,0.000,0.000
15812,0.000,0.000,0.000,0.000
15813,0.000,0.000,0.000,0.000
15814,0.000,0.000,0.000,0.000
15815,0.000,0.000,0.000,0.000
15816,0.000,0.000,0.000,0.000
15817,0.000,0.000,0.000,0.000
15818,0.000,0.000,0.000,0.000
15819,0.000,0.000,0.000,0.000
15820,0.000,0.000,0.000,0.000
15821,0.000,0.000,0.000,0.000
15822,0.000,0.000,0.000,0.000
15823,0.000,0.000,0.000,0.000
15824,0.000,0.000,0.000,0.000
15825,0.000,0.000,0.000,0.000
15826,0.000,0.000,0.000,0.000
15827,0.000,0.000,0.000,0.000
15828,0.000,0.000,0.000,0.000
15829,0.000,0.000,0.000,0.000
15830,0.000,0.000,0.000,0.000
15831,0.000,0.000,0.000,0.000
15832,0.000,0.000,0.000,0.000
15833,0.000,0.000,0.000,0.000
15834,0.000,0.000,0.000,0.000
15835,0.000,0.000,0.000,0.000
15836,0.000,0.000,0.000,0.000
15837,0.000,0.000,0.000,0.000
15838,0.000,0.000,0.000,0.000
15839,0.000,0.000,0.000,0.000
15840,0.000,0.000,0.000,0.000
15841,0.000,0.000,0.000,0.000
15842,0.000,0.000,0.000,0.000
15843,0.000,0.000,0.000,0.000
15844,0.000,0.000,0.000,0.000
15845,0.000,0.000,0.000,0.000
15846,0.000,0.000,0.000,0.000
15847,0.000,0.000,0.000,0.000
15848,0.000,0.000,0.000,0.000
15849,0.000,0.000,0.000,0.000
15850,0.000,0.000,0.000,0.000
15851,0.000,0.000,0.000,0.000
15852,0.000,0.000,0.000,0.000
15853,0.000,0.000,0.000,0.000
15854,0.000,0.000,0.000,0.000
15855,0.000,0.000,0.000,0.000
15856,0.000,0.000,0.000,0.000
15857,0.000,0.000,0.000,0.000
15858,0.000,0.000,0.000,0.000
15859,0.000,0.000,0.000,0.000
15860,0.000,0.000,0.000,0.000
15861,0.000,0.000,0.000,0.000
15862,0.000,0.000,0.000,0.000
15863,0.000,0.000,0.000,0.000
15864,0.000,0.000,0.000,0.000
15865,0.000,0.000,0.000,0.000
15866,0.000,0.000,0.000,0.000
15867,0.000,0.000,0.000,0.000
15868,0.000,0.000,0.000,0.000
15869,0.000,0.000,0.000,0.000
15870,0.000,0.000,0.000,0.000
15871,0.000,0.000,0.000,0.000
15872,0.000,0.000,0.000,0.000
15873,0.000,0.000,0.000,0.000
15874,0.000,0.000,0.000,0.000
15875,0.000,0.000,0.000,0.000
15876,0.000,0.000,0.000,0.000
15877,0.000,0.000,0.000,0.000
15878,0.000,0.000,0.000,0.000
15879,0.000,0.000,0.000,0.000
15880,0.000,0.000,0.000,0.000
15881,0.000,0.000,0.000,0.000
15882,0.000,0.000,0.000,0.000
15883,0.000,0.000,0.000,0.000
15884,0.000,0.000,0.000,0.000
15885,0.000,0.000,0.000,0.000
15886,0.000,0.000,0.000,0.000
15887,0.000,0.000,0.000,0.000
15888,0.000,0.000,0.000,0.000
15889,0.000,0.000,0.000,0.000
15890,0.000,0.000,0.000,0.000
15891,0.000,0.000,0.000,0.000
15892,0.000,0.000,0.000,0.000
15893,0.000,0.000,0.000,0.000
15894,0.000,0.000,0.000,0.000
15895,0.000,0.000,0.000,0.000
15896,0.000,0.000,0.000,0.000
15897,0.000,0.000,0.000,0.000
15898,0.000,0.000,0.000,0.000
15899,0.000,0.000,0.000,0.000
15900,0.000,0.000,0.000,0.000
15901,0.000,0.000,0.000,0.000
15902,0.000,0.000,0.000,0.000
15903,0.000,0.000,0.000,0.000
15904,0.000,0.000,0.000,0.000
15905,0.000,0.000,0.000,0.000
15906,0.000,0.000,0.000,0.000
15907,0.000,0.000,0.000,0.000
15908,0.000,0.000,0.000,0.000
15909,0.000,0.000,0.000,0.000
15910,0.000,0.000,0.000,0.000
15911,0.000,0.000,0.000,0.000
15912,0.000,0.000,0.000,0.000
15913,0.000,0.000,0.000,0.000
15914,0.000,0.000,0.000,0.000
15915,0.000,0.000,0.000,0.000
15916,0.000,0.000,0.000,0.000
15917,0.000,0.000,0.000,0.000
15918,0.000,0.000,0.000,0.000
15919,0.000,0.000,0.000,0.000
15920,0.000,0.000,0.000,0.000
15921,0.000,0.000,0.000,0.000
15922,0.000,0.000,0.000,0.000
15923,0.000,0.000,0.000,0.000
15924,0.000,0.000,0.000,0.000
15925,0.000,0.000,0.000,0.000
15926,0.000,0.000,0.000,0.000
15927,0.000,0.000,0.000,0.000
15928,0.000,0.000,0.000,0.000
15929,0.000,0.000,0.000,0.000
15930,0.000,0.000,0.000,0.000
15931,0.000,0.000,0.000,0.000
15932,0.000,0.000,0.000,0.000
15933,0.000,0.000,0.000,0.000
15934,0.000,0.000,0.000,0.000
15935,0.000,0.000,0.000,0.000
15936,0.000,0.000,0.000,0.000
15937,0.000,0.000,0.000,0.000
15938,0.000,0.000,0.000,0.000
15939,0.000,0.000,0.000,0.000
15940,0.000,0.000,0.000,0.000
15941,0.000,0.000,0.000,0.000
15942,0.000,0.000,0.000,0.000
15943,0.000,0.000,0.000,0.000
15944,0.000,0.000,0.000,0.000
15945,0.000,0.000,0.000,0.000
15946,0.000,0.000,0.000,0.000
15947,0.000,0.000,0.000,0.000
15948,0.000,0.000,0.000,0.000
15949,0.000,0.000,0.000,0.000
15950,0.000,0.000,0.000,0.000
15951,0.000,0.000,0.000,0.000
15952,0.000,0.000,0.000,0.000
15953,0.000,0.000,0.000,0.000
15954,0.000,0.000,0.000,0.000
15955,0.000,0.000,0.000,0.000
15956,0.000,0.000,0.000,0.000
15957,0.000,0.000,0.000,0.000
15958,0.000,0.000,0.000,0.000
15959,0.000,0.000,0.000,0.000
15960,0.000,0.000,0.000,0.000
15961,0.000,0.000,0.000,0.000
15962,0.000,0.000,0.000,0.000
15963,0.000,0.000,0.000,0.000
15964,0.000,0.000,0.000,0.000
15965,0.000,0.000,0.000,0.000
15966,0.000,0.000,0.000,0.000
15967,0.000,0.000,0.000,0.000
15968,0.000,0.000,0.000,0.000
15969,0.000,0.000,0.000,0.000
15970,0.000,0.000,0.000,0.000
15971,0.000,0.000,0.000,0.000
15972,0.000,0.000,0.000,0.000
15973,0.000,0.000,0.000,0.000
15974,0.000,0.000,0.000,0.000
15975,0.000,0.000,0.000,0.000
15976,0.000,0.000,0.000,0.000
15977,0.000,0.000,0.000,0.000
15978,0.000,0.000,0.000,0.000
15979,0.000,0.000,0.000,0.000
15980,0.000,0.000,0.000,0.000
15981,0.000,0.000,0.000,0.000
15982,0.000,0.000,0.000,0.000
15983,0.000,0.000,0.000,0.000
15984,0.000,0.000,0.000,0.000
15985,0.000,0.000,0.000,0.000
15986,0.000,0.000,0.000,0.000
15987,0.000,0.000,0.000,0.000
15988,0.000,0.000,0.000,0.000
15989,0.000,0.000,0.000,0.000
15990,0.000,0.000,0.000,0.000
15991,0.000,0.000,0.000,0.000
15992,0.000,0.000,0.000,0.000
15993,0.000,0.000,0.000,0.000
15994,0.000,0.000,0.000,0.000
15995,0.000,0.000,0.000,0.000
15996,0.000,0.000,0.000,0.000
15997,0.000,0.000,0.000,0.000
15998,0.000,0.000,0.000,0.000
15999,0.000,0.000,0.000,0.000
16000,0.000,0.000,0.000,0.000
16001,0.000,0.000,0.000,0.000
16002,0.000,0.000,0.000,0.000
16003,0.000,0.000,0.000,0.000
16004,0.000,0.000,0.000,0.000
16005,0.000,0.000,0.000,0.000
16006,0.000,0.000,0.000,0.000
16007,0.000,0.000,0.000,0.000
16008,0.000,0.000,0.000,0.000
16009,0.000,0.000,0.000,0.000
16010,0.000,0.000,0.000,0.000
16011,0.000,0.000,0.000,0.000
16012,0.000,0.000,0.000,0.000
16013,0.000,0.000,0.000,0.000
16014,0.000,0.000,0.000,0.000
16015,0.000,0.000,0.000,0.000
16016,0.000,0.000,0.000,0.000
16017,0.000,0.000,0.000,0.000
16018,0.000,0.000,0.000,0.000
16019,0.000,0.000,0.000,0.000
16020,0.000,0.000,0.000,0.000
16021,0.000,0.000,0.000,0.000
16022,0.000,0.000,0.000,0.000
16023,0.000,0.000,0.000,0.000
16024,0.000,0.000,0.000,0.000
16025,0.000,0.000,0.000,0.000
16026,0.000,0.000,0.000,0.000
16027,0.000,0.000,0.000,0.000
16028,0.000,0.000,0.000,0.000
16029,0.000,0.000,0.000,0.000
16030,0.000,0.000,0.000,0.000
16031,0.000,0.000,0.000,0.000
16032,0.000,0.000,0.000,0.000
16033,0.000,0.000,0.000,0.000
16034,0.000,0.000,0.000,0.000
16035,0.000,0.000,0.000,0.000
16036,0.000,0.000,0.000,0.000
16037,0.000,0.000,0.000,0.000
16038,0.000,0.000,0.000,0.000
16039,0.000,0.000,0.000,0.000
16040,0.000,0.000,0.000,0.000
16041,0.000,0.000,0.000,0.000
16042,0.000,0.000,0.000,0.000
16043,0.000,0.000,0.000,0.000
16044,0.000,0.000,0.000,0.000
16045,0.000,0.000,0.000,0.000
16046,0.000,0.000,0.000,0.000
16047,0.000,0.000,0.000,0.000
16048,0.000,0.000,0.000,0.000
16049,0.000,0.000,0.000,0.000
16050,0.000,0.000,0.000,0.000
16051,0.000,0.000,0.000,0.000
16052,0.000,0.000,0.000,0.000
16053,0.000,0.000,0.000,0.000
16054,0.000,0.000,0.000,0.000
16055,0.000,0.000,0.000,0.000
16056,0.000,0.000,0.000,0.000
16057,0.000,0.000,0.000,0.000
16058,0.000,0.000,0.000,0.000
16059,0.000,0.000,0.000,0.000
16060,0.000,0.000,0.000,0.000
16061,0.000,0.000,0.000,0.000
16062,0.000,0.000,0.000,0.000
16063,0.000,0.000,0.000,0.000
16064,0.000,0.000,0.000,0.000
16065,0.000,0.000,0.000,0.000
16066,0.000,0.000,0.000,0.000
16067,0.000,0.000,0.000,0.000
16068,0.000,0.000,0.000,0.000
16069,0.000,0.000,0.000,0.000
16070,0.000,0.000,0.000,0.000
16071,0.000,0.000,0.000,0.000
16072,0.000,0.000,0.000,0.000
16073,0.000,0.000,0.000,0.000
16074,0.000,0.000,0.000,0.000
16075,0.000,0.000,0.000,0.000
16076,0.000,0.000,0.000,0.000
16077,0.000,0.000,0.000,0.000
16078,0.000,0.000,0.000,0.000
16079,0.000,0.000,0.000,0.000
16080,0.000,0.000,0.000,0.000
16081,0.000,0.000,0.000,0.000
16082,0.000,0.000,0.000,0.000
16083,0.000,0.000,0.000,0.000
16084,0.000,0.000,0.000,0.000
16085,0.000,0.000,0.000,0.000
16086,0.000,0.000,0.000,0.000
16087,0.000,0.000,0.000,0.000
16088,0.000,0.000,0.000,0.000
16089,0.000,0.000,0.000,0.000
16090,0.000,0.000,0.000,0.000
16091,0.000,0.000,0.000,0.000
16092,0.000,0.000,0.000,0.000
16093,0.000,0.000,0.000,0.000
16094,0.000,0.000,0.000,0.000
16095,0.000,0.000,0.000,0.000
16096,0.000,0.000,0.000,0.000
16097,0.000,0.000,0.000,0.000
16098,0.000,0.000,0.000,0.000
16099,0.000,0.000,0.000,0.000
16100,0.000,0.000,0.000,0.000
16101,0.000,0.000,0.000,0.000
16102,0.000,0.000,0.000,0.000
16103,0.000,0.000,0.000,0.000
16104,0.000,0.000,0.000,0.000
16105,0.000,0.000,0.000,0.000
16106,0.000,0.000,0.000,0.000
16107,0.000,0.000,0.000,0.000
16108,0.000,0.000,0.000,0.000
16109,0.000,0.000,0.000,0.000
16110,0.000,0.000,0.000,0.000
16111,0.000,0.000,0.000,0.000
16112,0.000,0.000,0.000,0.000
16113,0.000,0.000,0.000,0.000
16114,0.000,0.000,0.000,0.000
16115,0.000,0.000,0.000,0.000
16116,0.000,0.000,0.000,0.000
16117,0.000,0.000,0.000,0.000
16118,0.000,0.000,0.000,0.000
16119,0.000,0.000,0.000,0.000
16120,0.000,0.000,0.000,0.000
16121,0.000,0.000,0.000,0.000
16122,0.000,0.000,0.000,0.000
16123,0.000,0.000,0.000,0.000
16124,0.000,0.000,0.000,0.000
16125,0.000,0.000,0.000,0.000
16126,0.000,0.000,0.000,0.000
16127,0.000,0.000,0.000,0.000
16128,0.000,0.000,0.000,0.000
16129,0.000,0.000,0.000,0.000
16130,0.000,0.000,0.000,0.000
16131,0.000,0.000,0.000,0.000
16132,0.000,0.000,0.000,0.000
16133,0.000,0.000,0.000,0.000
16134,0.000,0.000,0.000,0.000
16135,0.000,0.000,0.000,0.000
16136,0.000,0.000,0.000,0.000
16137,0.000,0.000,0.000,0.000
16138,0.000,0.000,0.000,0.000
16139,0.000,0.000,0.000,0.000
16140,0.000,0.000,0.000,0.000
16141,0.000,0.000,0.000,0.000
16142,0.000,0.000,0.000,0.000
16143,0.000,0.000,0.000,0.000
16144,0.000,0.000,0.000,0.000
16145,0.000,0.000,0.000,0.000
16146,0.000,0.000,0.000,0.000
16147,0.000,0.000,0.000,0.000
16148,0.000,0.000,0.000,0.000
16149,0.000,0.000,0.000,0.000
16150,0.000,0.000,0.000,0.000
16151,0.000,0.000,0.000,0.000
16152,0.000,0.000,0.000,0.000
16153,0.000,0.000,0.000,0.000
16154,0.000,0.000,0.000,0.000
16155,0.000,0.000,0.000,0.000
16156,0.000,0.000,0.000,0.000
16157,0.000,0.000,0.000,0.000
16158,0.000,0.000,0.000,0.000
16159,0.000,0.000,0.000,0.000
16160,0.000,0.000,0.000,0.000
16161,0.000,0.000,0.000,0.000
16162,0.000,0.000,0.000,0.000
16163,0.000,0.000,0.000,0.000
16164,0.000,0.000,0.000,0.000
16165,0.000,0.000,0.000,0.000
16166,0.000,0.000,0.000,0.000
16167,0.000,0.000,0.000,0.000
16168,0.000,0.000,0.000,0.000
16169,0.000,0.000,0.000,0.000
16170,0.000,0.000,0.000,0.000
16171,0.000,0.000,0.000,0.000
16172,0.000,0.000,0.000,0.000
16173,0.000,0.000,0.000,0.000
16174,0.000,0.000,0.000,0.000
16175,0.000,0.000,0.000,0.000
16176,0.000,0.000,0.000,0.000
16177,0.000,0.000,0.000,0.000
16178,0.000,0.000,0.000,0.000
16179,0.000,0.000,0.000,0.000
16180,0.000,0.000,0.000,0.000
16181,0.000,0.000,0.000,0.000
16182,0.000,0.000,0.000,0.000
16183,0.000,0.000,0.000,0.000
16184,0.000,0.000,0.000,0.000
16185,0.000,0.000,0.000,0.000
16186,0.000,0.000,0.000,0.000
16187,0.000,0.000,0.000,0.000
16188,0.000,0.000,0.000,0.000
16189,0.000,0.000,0.000,0.000
16190,0.000,0.000,0.000,0.000
16191,0.000,0.000,0.000,0.000
16192,0.000,0.000,0.000,0.000
16193,0.000,0.000,0.000,0.000
16194,0.000,0.000,0.000,0.000
16195,0.000,0.000,0.000,0.000
16196,0.000,0.000,0.000,0.000
16197,0.000,0.000,0.000,0.000
16198,0.000,0.000,0.000,0.000
16199,0.000,0.000,0.000,0.000
16200,0.000,0.000,0.000,0.000
16201,0.000,0.000,0.000,0.000
16202,0.000,0.000,0.000,0.000
16203,0.000,0.000,0.000,0.000
16204,0.000,0.000,0.000,0.000
16205,0.000,0.000,0.000,0.000
16206,0.000,0.000,0.000,0.000
16207,0.000,0.000,0.000,0.000
16208,0.000,0.000,0.000,0.000
16209,0.000,0.000,0.000,0.000
16210,0.000,0.000,0.000,0.000
16211,0.000,0.000,0.000,0.000
16212,0.000,0.000,0.000,0.000
16213,0.000,0.000,0.000,0.000
16214,0.000,0.000,0.000,0.000
16215,0.000,0.000,0.000,0.000
16216,0.000,0.000,0.000,0.000
16217,0.000,0.000,0.000,0.000
16218,0.000,0.000,0.000,0.000
16219,0.000,0.000,0.000,0.000
16220,0.000,0.000,0.000,0.000
16221,0.000,0.000,0.000,0.000
16222,0.000,0.000,0.000,0.000
16223,0.000,0.000,0.000,0.000
16224,0.000,0.000,0.000,0.000
16225,0.000,0.000,0.000,0.000
16226,0.000,0.000,0.000,0.000
16227,0.000,0.000,0.000,0.000
16228,0.000,0.000,0.000,0.000
16229,0.000,0.000,0.000,0.000
16230,0.000,0.000,0.000,0.000
16231,0.000,0.000,0.000,0.000
16232,0.000,0.000,0.000,0.000
16233,0.000,0.000,0.000,0.000
16234,0.000,0.000,0.000,0.000
16235,0.000,0.000,0.000,0.000
16236,0.000,0.000,0.000,0.000
16237,0.000,0.000,0.000,0.000
16238,0.000,0.000,0.000,0.000
16239,0.000,0.000,0.000,0.000
16240,0.000,0.000,0.000,0.000
16241,0.000,0.000,0.000,0.000
16242,0.000,0.000,0.000,0.000
16243,0.000,0.000,0.000,0.000
16244,0.000,0.000,0.000,0.000
16245,0.000,0.000,0.000,0.000
16246,0.000,0.000,0.000,0.000
16247,0.000,0.000,0.000,0.000
16248,0.000,0.000,0.000,0.000
16249,0.000,0.000,0.000,0.000
16250,0.000,0.000,0.000,0.000
16251,0.000,0.000,0.000,0.000
16252,0.000,0.000,0.000,0.000
16253,0.000,0.000,0.000,0.000
16254,0.000,0.000,0.000,0.000
16255,0.000,0.000,0.000,0.000
16256,0.000,0.000,0.000,0.000
16257,0.000,0.000,0.000,0.000
16258,0.000,0.000,0.000,0.000
16259,0.000,0.000,0.000,0.000
16260,0.000,0.000,0.000,0.000
16261,0.000,0.000,0.000,0.000
16262,0.000,0.000,0.000,0.000
16263,0.000,0.000,0.000,0.000
16264,0.000,0.000,0.000,0.000
16265,0.000,0.000,0.000,0.000
16266,0.000,0.000,0.000,0.000
16267,0.000,0.000,0.000,0.000
16268,0.000,0.000,0.000,0.000
16269,0.000,0.000,0.000,0.000
16270,0.000,0.000,0.000,0.000
16271,0.000,0.000,0.000,0.000
16272,0.000,0.000,0.000,0.000
16273,0.000,0.000,0.000,0.000
16274,0.000,0.000,0.000,0.000
16275,0.000,0.000,0.000,0.000
16276,0.000,0.000,0.000,0.000
16277,0.000,0.000,0.000,0.000
16278,0.000,0.000,0.000,0.000
16279,0.000,0.000,0.000,0.000
16280,0.000,0.000,0.000,0.000
16281,0.000,0.000,0.000,0.000
16282,0.000,0.000,0.000,0.000
16283,0.000,0.000,0.000,0.000
16284,0.000,0.000,0.000,0.000
16285,0.000,0.000,0.000,0.000
16286,0.000,0.000,0.000,0.000
16287,0.000,0.000,0.000,0.000
16288,0.000,0.000,0.000,0.000
16289,0.000,0.000,0.000,0.000
16290,0.000,0.000,0.000,0.000
16291,0.000,0.000,0.000,0.000
16292,0.000,0.000,0.000,0.000
16293,0.000,0.000,0.000,0.000
16294,0.000,0.000,0.000,0.000
16295,0.000,0.000,0.000,0.000
16296,0.000,0.000,0.000,0.000
16297,0.000,0.000,0.000,0.000
16298,0.000,0.000,0.000,0.000
16299,0.000,0.000,0.000,0.000
16300,0.000,0.000,0.000,0.000
16301,0.000,0.000,0.000,0.000
16302,0.000,0.000,0.000,0.000
16303,0.000,0.000,0.000,0.000
16304,0.000,0.000,0.000,0.000
16305,0.000,0.000,0.000,0.000
16306,0.000,0.000,0.000,0.000
16307,0.000,0.000,0.000,0.000
16308,0.000,0.000,0.000,0.000
16309,0.000,0.000,0.000,0.000
16310,0.000,0.000,0.000,0.000
16311,0.000,0.000,0.000,0.000
16312,0.000,0.000,0.000,0.000
16313,0.000,0.000,0.000,0.000
16314,0.000,0.000,0.000,0.000
16315,0.000,0.000,0.000,0.000
16316,0.000,0.000,0.000,0.000
16317,0.000,0.000,0.000,0.000
16318,0.000,0.000,0.000,0.000
16319,0.000,0.000,0.000,0.000
16320,0.000,0.000,0.000,0.000
16321,0.000,0.000,0.000,0.000
16322,0.000,0.000,0.000,0.000
16323,0.000,0.000,0.000,0.000
16324,0.000,0.000,0.000,0.000
16325,0.000,0.000,0.000,0.000
16326,0.000,0.000,0.000,0.000
16327,0.000,0.000,0.000,0.000
16328,0.000,0.000,0.000,0.000
16329,0.000,0.000,0.000,0.000
16330,0.000,0.000,0.000,0.000
16331,0.000,0.000,0.000,0.000
16332,0.000,0.000,0.000,0.000
16333,0.000,0.000,0.000,0.000
16334,0.000,0.000,0.000,0.000
16335,0.000,0.000,0.000,0.000
16336,0.000,0.000,0.000,0.000
16337,0.000,0.000,0.000,0.000
16338,0.000,0.000,0.000,0.000
16339,0.000,0.000,0.000,0.000
16340,0.000,0.000,0.000,0.000
16341,0.000,0.000,0.000,0.000
16342,0.000,0.000,0.000,0.000
16343,0.000,0.000,0.000,0.000
16344,0.000,0.000,0.000,0.000
16345,0.000,0.000,0.000,0.000
16346,0.000,0.000,0.000,0.000
16347,0.000,0.000,0.000,0.000
16348,0.000,0.000,0.000,0.000
16349,0.000,0.000,0.000,0.000
16350,0.000,0.000,0.000,0.000
16351,0.000,0.000,0.000,0.000
16352,0.000,0.000,0.000,0.000
16353,0.000,0.000,0.000,0.000
16354,0.000,0.000,0.000,0.000
16355,0.000,0.000,0.000,0.000
16356,0.000,0.000,0.000,0.000
16357,0.000,0.000,0.000,0.000
16358,0.000,0.000,0.000,0.000
16359,0.000,0.000,0.000,0.000
16360,0.000,0.000,0.000,0.000
16361,0.000,0.000,0.000,0.000
16362,0.000,0.000,0.000,0.000
16363,0.000,0.000,0.000,0.000
16364,0.000,0.000,0.000,0.000
16365,0.000,0.000,0.000,0.000
16366,0.000,0.000,0.000,0.000
16367,0.000,0.000,0.000,0.000
16368,0.000,0.000,0.000,0.000
16369,0.000,0.000,0.000,0.000
16370,0.000,0.000,0.000,0.000
16371,0.000,0.000,0.000,0.000
16372,0.000,0.000,0.000,0.000
16373,0.000,0.000,0.000,0.000
16374,0.000,0.000,0.000,0.000
16375,0.000,0.000,0.000,0.000
16376,0.000,0.000,0.000,0.000
16377,0.000,0.000,0.000,0.000
16378,0.000,0.000,0.000,0.000
16379,0.000,0.000,0.000,0.000
16380,0.000,0.000,0.000,0.000
16381,0.000,0.000,0.000,0.000
16382,0.000,0.000,0.000,0.000
16383,0.000,0.000,0.000,0.000
16384,0.000,0.000,0.000,0.000
16385,0.000,0.000,0.000,0.000
16386,0.000,0.000,0.000,0.000
16387,0.000,0.000,0.000,0.000
16388,0.000,0.000,0.000,0.000
16389,0.000,0.000,0.000,0.000
16390,0.000,0.000,0.000,0.000
16391,0.000,0.000,0.000,0.000
16392,0.000,0.000,0.000,0.000
16393,0.000,0.000,0.000,0.000
16394,0.000,0.000,0.000,0.000
16395,0.000,0.000,0.000,0.000
16396,0.000,0.000,0.000,0.000
16397,0.000,0.000,0.000,0.000
16398,0.000,0.000,0.000,0.000
16399,0.000,0.000,0.000,0.000
16400,0.000,0.000,0.000,0.000
16401,0.000,0.000,0.000,0.000
16402,0.000,0.000,0.000,0.000
16403,0.000,0.000,0.000,0.000
16404,0.000,0.000,0.000,0.000
16405,0.000,0.000,0.000,0.000
16406,0.000,0.000,0.000,0.000
16407,0.000,0.000,0.000,0.000
16408,0.000,0.000,0.000,0.000
16409,0.000,0.000,0.000,0.000
16410,0.000,0.000,0.000,0.000
16411,0.000,0.000,0.000,0.000
16412,0.000,0.000,0.000,0.000
16413,0.000,0.000,0.000,0.000
16414,0.000,0.000,0.000,0.000
16415,0.000,0.000,0.000,0.000
16416,0.000,0.000,0.000,0.000
16417,0.000,0.000,0.000,0.000
16418,0.000,0.000,0.000,0.000
16419,0.000,0.000,0.000,0.000
16420,0.000,0.000,0.000,0.000
16421,0.000,0.000,0.000,0.000
16422,0.000,0.000,0.000,0.000
16423,0.000,0.000,0.000,0.000
16424,0.000,0.000,0.000,0.000
16425,0.000,0.000,0.000,0.000
16426,0.000,0.000,0.000,0.000
16427,0.000,0.000,0.000,0.000
16428,0.000,0.000,0.000,0.000
16429,0.000,0.000,0.000,0.000
16430,0.000,0.000,0.000,0.000
16431,0.000,0.000,0.000,0.000
16432,0.000,0.000,0.000,0.000
16433,0.000,0.000,0.000,0.000
16434,0.000,0.000,0.000,0.000
16435,0.000,0.000,0.000,0.000
16436,0.000,0.000,0.000,0.000
16437,0.000,0.000,0.000,0.000
16438,0.000,0.000,0.000,0.000
16439,0.000,0.000,0.000,0.000
16440,0.000,0.000,0.000,0.000
16441,0.000,0.000,0.000,0.000
16442,0.000,0.000,0.000,0.000
16443,0.000,0.000,0.000,0.000
16444,0.000,0.000,0.000,0.000
16445,0.000,0.000,0.000,0.000
16446,0.000,0.000,0.000,0.000
16447,0.000,0.000,0.000,0.000
16448,0.000,0.000,0.000,0.000
16449,0.000,0.000,0.000,0.000
16450,0.000,0.000,0.000,0.000
16451,0.000,0.000,0.000,0.000
16452,0.000,0.000,0.000,0.000
16453,0.000,0.000,0.000,0.000
16454,0.000,0.000,0.000,0.000
16455,0.000,0.000,0.000,0.000
16456,0.000,0.000,0.000,0.000
16457,0.000,0.000,0.000,0.000
16458,0.000,0.000,0.000,0.000
16459,0.000,0.000,0.000,0.000
16460,0.000,0.000,0.000,0.000
16461,0.000,0.000,0.000,0.000
16462,0.000,0.000,0.000,0.000
16463,0.000,0.000,0.000,0.000
16464,0.000,0.000,0.000,0.000
16465,0.000,0.000,0.000,0.000
16466,0.000,0.000,0.000,0.000
16467,0.000,0.000,0.000,0.000
16468,0.000,0.000,0.000,0.000
16469,0.000,0.000,0.000,0.000
16470,0.000,0.000,0.000,0.000
16471,0.000,0.000,0.000,0.000
16472,0.000,0.000,0.000,0.000
16473,0.000,0.000,0.000,0.000
16474,0.000,0.000,0.000,0.000
16475,0.000,0.000,0.000,0.000
16476,0.000,0.000,0.000,0.000
16477,0.000,0.000,0.000,0.000
16478,0.000,0.000,0.000,0.000
16479,0.000,0.000,0.000,0.000
16480,0.000,0.000,0.000,0.000
16481,0.000,0.000,0.000,0.000
16482,0.000,0.000,0.000,0.000
16483,0.000,0.000,0.000,0.000
16484,0.000,0.000,0.000,0.000
16485,0.000,0.000,0.000,0.000
16486,0.000,0.000,0.000,0.000
16487,0.000,0.000,0.000,0.000
16488,0.000,0.000,0.000,0.000
16489,0.000,0.000,0.000,0.000
16490,0.000,0.000,0.000,0.000
16491,0.000,0.000,0.000,0.000
16492,0.000,0.000,0.000,0.000
16493,0.000,0.000,0.000,0.000
16494,0.000,0.000,0.000,0.000
16495,0.000,0.000,0.000,0.000
16496,0.000,0.000,0.000,0.000
16497,0.000,0.000,0.000,0.000
16498,0.000,0.000,0.000,0.000
16499,0.000,0.000,0.000,0.000
16500,0.000,0.000,0.000,0.000
16501,0.000,0.000,0.000,0.000
16502,0.000,0.000,0.000,0.000
16503,0.000,0.000,0.000,0.000
16504,0.000,0.000,0.000,0.000
16505,0.000,0.000,0.000,0.000
16506,0.000,0.000,0.000,0.000
16507,0.000,0.000,0.000,0.000
16508,0.000,0.000,0.000,0.000
16509,0.000,0.000,0.000,0.000
16510,0.000,0.000,0.000,0.000
16511,0.000,0.000,0.000,0.000
16512,0.000,0.000,0.000,0.000
16513,0.000,0.000,0.000,0.000
16514,0.000,0.000,0.000,0.000
16515,0.000,0.000,0.000,0.000
16516,0.000,0.000,0.000,0.000
16517,0.000,0.000,0.000,0.000
16518,0.000,0.000,0.000,0.000
16519,0.000,0.000,0.000,0.000
16520,0.000,0.000,0.000,0.000
16521,0.000,0.000,0.000,0.000
16522,0.000,0.000,0.000,0.000
16523,0.000,0.000,0.000,0.000
16524,0.000,0.000,0.000,0.000
16525,0.000,0.000,0.000,0.000
16526,0.000,0.000,0.000,0.000
16527,0.000,0.000,0.000,0.000
16528,0.000,0.000,0.000,0.000
16529,0.000,0.000,0.000,0.000
16530,0.000,0.000,0.000,0.000
16531,0.000,0.000,0.000,0.000
16532,0.000,0.000,0.000,0.000
16533,0.000,0.000,0.000,0.000
16534,0.000,0.000,0.000,0.000
16535,0.000,0.000,0.000,0.000
16536,0.000,0.000,0.000,0.000
16537,0.000,0.000,0.000,0.000
16538,0.000,0.000,0.000,0.000
16539,0.000,0.000,0.000,0.000
16540,0.000,0.000,0.000,0.000
16541,0.000,0.000,0.000,0.000
16542,0.000,0.000,0.000,0.000
16543,0.000,0.000,0.000,0.000
16544,0.000,0.000,0.000,0.000
16545,0.000,0.000,0.000,0.000
16546,0.000,0.000,0.000,0.000
16547,0.000,0.000,0.000,0.000
16548,0.000,0.000,0.000,0.000
16549,0.000,0.000,0.000,0.000
16550,0.000,0.000,0.000,0.000
16551,0.000,0.000,0.000,0.000
16552,0.000,0.000,0.000,0.000
16553,0.000,0.000,0.000,0.000
16554,0.000,0.000,0.000,0.000
16555,0.000,0.000,0.000,0.000
16556,0.000,0.000,0.000,0.000
16557,0.000,0.000,0.000,0.000
16558,0.000,0.000,0.000,0.000
16559,0.000,0.000,0.000,0.000
16560,0.000,0.000,0.000,0.000
16561,0.000,0.000,0.000,0.000
16562,0.000,0.000,0.000,0.000
16563,0.000,0.000,0.000,0.000
16564,0.000,0.000,0.000,0.000
16565,0.000,0.000,0.000,0.000
16566,0.000,0.000,0.000,0.000
16567,0.000,0.000,0.000,0.000
16568,0.000,0.000,0.000,0.000
16569,0.000,0.000,0.000,0.000
16570,0.000,0.000,0.000,0.000
16571,0.000,0.000,0.000,0.000
16572,0.000,0.000,0.000,0.000
16573,0.000,0.000,0.000,0.000
16574,0.000,0.000,0.000,0.000
16575,0.000,0.000,0.000,0.000
16576,0.000,0.000,0.000,0.000
16577,0.000,0.000,0.000,0.000
16578,0.000,0.000,0.000,0.000
16579,0.000,0.000,0.000,0.000
16580,0.000,0.000,0.000,0.000
16581,0.000,0.000,0.000,0.000
16582,0.000,0.000,0.000,0.000
16583,0.000,0.000,0.000,0.000
16584,0.000,0.000,0.000,0.000
16585,0.000,0.000,0.000,0.000
16586,0.000,0.000,0.000,0.000
16587,0.000,0.000,0.000,0.000
16588,0.000,0.000,0.000,0.000
16589,0.000,0.000,0.000,0.000
16590,0.000,0.000,0.000,0.000
16591,0.000,0.000,0.000,0.000
16592,0.000,0.000,0.000,0.000
16593,0.000,0.000,0.000,0.000
16594,0.000,0.000,0.000,0.000
16595,0.000,0.000,0.000,0.000
16596,0.000,0.000,0.000,0.000
16597,0.000,0.000,0.000,0.000
16598,0.000,0.000,0.000,0.000
16599,0.000,0.000,0.000,0.000
16600,0.000,0.000,0.000,0.000
16601,0.000,0.000,0.000,0.000
16602,0.000,0.000,0.000,0.000
16603,0.000,0.000,0.000,0.000
16604,0.000,0.000,0.000,0.000
16605,0.000,0.000,0.000,0.000
16606,0.000,0.000,0.000,0.000
16607,0.000,0.000,0.000,0.000
16608,0.000,0.000,0.000,0.000
16609,0.000,0.000,0.000,0.000
16610,0.000,0.000,0.000,0.000
16611,0.000,0.000,0.000,0.000
16612,0.000,0.000,0.000,0.000
16613,0.000,0.000,0.000,0.000
16614,0.000,0.000,0.000,0.000
16615,0.000,0.000,0.000,0.000
16616,0.000,0.000,0.000,0.000
16617,0.000,0.000,0.000,0.000
16618,0.000,0.000,0.000,0.000
16619,0.000,0.000,0.000,0.000
16620,0.000,0.000,0.000,0.000
16621,0.000,0.000,0.000,0.000
16622,0.000,0.000,0.000,0.000
16623,0.000,0.000,0.000,0.000
16624,0.000,0.000,0.000,0.000
16625,0.000,0.000,0.000,0.000
16626,0.000,0.000,0.000,0.000
16627,0.000,0.000,0.000,0.000
16628,0.000,0.000,0.000,0.000
16629,0.000,0.000,0.000,0.000
16630,0.000,0.000,0.000,0.000
16631,0.000,0.000,0.000,0.000
16632,0.000,0.000,0.000,0.000
16633,0.000,0.000,0.000,0.000
16634,0.000,0.000,0.000,0.000
16635,0.000,0.000,0.000,0.000
16636,0.000,0.000,0.000,0.000
16637,0.000,0.000,0.000,0.000
16638,0.000,0.000,0.000,0.000
16639,0.000,0.000,0.000,0.000
16640,0.000,0.000,0.000,0.000
16641,0.000,0.000,0.000,0.000
16642,0.000,0.000,0.000,0.000
16643,0.000,0.000,0.000,0.000
16644,0.000,0.000,0.000,0.000
16645,0.000,0.000,0.000,0.000
16646,0.000,0.000,0.000,0.000
16647,0.000,0.000,0.000,0.000
16648,0.000,0.000,0.000,0.000
16649,0.000,0.000,0.000,0.000
16650,0.000,0.000,0.000,0.000
16651,0.000,0.000,0.000,0.000
16652,0.000,0.000,0.000,0.000
16653,0.000,0.000,0.000,0.000
16654,0.000,0.000,0.000,0.000
16655,0.000,0.000,0.000,0.000
16656,0.000,0.000,0.000,0.000
16657,0.000,0.000,0.000,0.000
16658,0.000,0.000,0.000,0.000
16659,0.000,0.000,0.000,0.000
16660,0.000,0.000,0.000,0.000
16661,0.000,0.000,0.000,0.000
16662,0.000,0.000,0.000,0.000
16663,0.000,0.000,0.000,0.000
16664,0.000,0.000,0.000,0.000
16665,0.000,0.000,0.000,0.000
16666,0.000,0.000,0.000,0.000
16667,0.000,0.000,0.000,0.000
16668,0.000,0.000,0.000,0.000
16669,0.000,0.000,0.000,0.000
16670,0.000,0.000,0.000,0.000
16671,0.000,0.000,0.000,0.000
16672,0.000,0.000,0.000,0.000
16673,0.000,0.000,0.000,0.000
16674,0.000,0.000,0.000,0.000
16675,0.000,0.000,0.000,0.000
16676,0.000,0.000,0.000,0.000
16677,0.000,0.000,0.000,0.000
16678,0.000,0.000,0.000,0.000
16679,0.000,0.000,0.000,0.000
16680,0.000,0.000,0.000,0.000
16681,0.000,0.000,0.000,0.000
16682,0.000,0.000,0.000,0.000
16683,0.000,0.000,0.000,0.000
16684,0.000,0.000,0.000,0.000
16685,0.000,0.000,0.000,0.000
16686,0.000,0.000,0.000,0.000
16687,0.000,0.000,0.000,0.000
16688,0.000,0.000,0.000,0.000
16689,0.000,0.000,0.000,0.000
16690,0.000,0.000,0.000,0.000
16691,0.000,0.000,0.000,0.000
16692,0.000,0.000,0.000,0.000
16693,0.000,0.000,0.000,0.000
16694,0.000,0.000,0.000,0.000
16695,0.000,0.000,0.000,0.000
16696,0.000,0.000,0.000,0.000
16697,0.000,0.000,0.000,0.000
16698,0.000,0.000,0.000,0.000
16699,0.000,0.000,0.000,0.000
16700,0.000,0.000,0.000,0.000
16701,0.000,0.000,0.000,0.000
16702,0.000,0.000,0.000,0.000
16703,0.000,0.000,0.000,0.000
16704,0.000,0.000,0.000,0.000
16705,0.000,0.000,0.000,0.000
16706,0.000,0.000,0.000,0.000
16707,0.000,0.000,0.000,0.000
16708,0.000,0.000,0.000,0.000
16709,0.000,0.000,0.000,0.000
16710,0.000,0.000,0.000,0.000
16711,0.000,0.000,0.000,0.000
16712,0.000,0.000,0.000,0.000
16713,0.000,0.000,0.000,0.000
16714,0.000,0.000,0.000,0.000
16715,0.000,0.000,0.000,0.000
16716,0.000,0.000,0.000,0.000
16717,0.000,0.000,0.000,0.000
16718,0.000,0.000,0.000,0.000
16719,0.000,0.000,0.000,0.000
16720,0.000,0.000,0.000,0.000
16721,0.000,0.000,0.000,0.000
16722,0.000,0.000,0.000,0.000
16723,0.000,0.000,0.000,0.000
16724,0.000,0.000,0.000,0.000
16725,0.000,0.000,0.000,0.000
16726,0.000,0.000,0.000,0.000
16727,0.000,0.000,0.000,0.000
16728,0.000,0.000,0.000,0.000
16729,0.000,0.000,0.000,0.000
16730,0.000,0.000,0.000,0.000
16731,0.000,0.000,0.000,0.000
16732,0.000,0.000,0.000,0.000
16733,0.000,0.000,0.000,0.000
16734,0.000,0.000,0.000,0.000
16735,0.000,0.000,0.000,0.000
16736,0.000,0.000,0.000,0.000
16737,0.000,0.000,0.000,0.000
16738,0.000,0.000,0.000,0.000
16739,0.000,0.000,0.000,0.000
16740,0.000,0.000,0.000,0.000
16741,0.000,0.000,0.000,0.000
16742,0.000,0.000,0.000,0.000
16743,0.000,0.000,0.000,0.000
16744,0.000,0.000,0.000,0.000
16745,0.000,0.000,0.000,0.000
16746,0.000,0.000,0.000,0.000
16747,0.000,0.000,0.000,0.000
16748,0.000,0.000,0.000,0.000
16749,0.000,0.000,0.000,0.000
16750,0.000,0.000,0.000,0.000
16751,0.000,0.000,0.000,0.000
16752,0.000,0.000,0.000,0.000
16753,0.000,0.000,0.000,0.000
16754,0.000,0.000,0.000,0.000
16755,0.000,0.000,0.000,0.000
16756,0.000,0.000,0.000,0.000
16757,0.000,0.000,0.000,0.000
16758,0.000,0.000,0.000,0.000
16759,0.000,0.000,0.000,0.000
16760,0.000,0.000,0.000,0.000
16761,0.000,0.000,0.000,0.000
16762,0.000,0.000,0.000,0.000
16763,0.000,0.000,0.000,0.000
16764,0.000,0.000,0.000,0.000
16765,0.000,0.000,0.000,0.000
16766,0.000,0.000,0.000,0.000
16767,0.000,0.000,0.000,0.000
16768,0.000,0.000,0.000,0.000
16769,0.000,0.000,0.000,0.000
16770,0.000,0.000,0.000,0.000
16771,0.000,0.000,0.000,0.000
16772,0.000,0.000,0.000,0.000
16773,0.000,0.000,0.000,0.000
16774,0.000,0.000,0.000,0.000
16775,0.000,0.000,0.000,0.000
16776,0.000,0.000,0.000,0.000
16777,0.000,0.000,0.000,0.000
16778,0.000,0.000,0.000,0.000
16779,0.000,0.000,0.000,0.000
16780,0.000,0.000,0.000,0.000
16781,0.000,0.000,0.000,0.000
16782,0.000,0.000,0.000,0.000
16783,0.000,0.000,0.000,0.000
16784,0.000,0.000,0.000,0.000
16785,0.000,0.000,0.000,0.000
16786,0.000,0.000,0.000,0.000
16787,0.000,0.000,0.000,0.000
16788,0.000,0.000,0.000,0.000
16789,0.000,0.000,0.000,0.000
16790,0.000,0.000,0.000,0.000
16791,0.000,0.000,0.000,0.000
16792,0.000,0.000,0.000,0.000
16793,0.000,0.000,0.000,0.000
16794,0.000,0.000,0.000,0.000
16795,0.000,0.000,0.000,0.000
16796,0.000,0.000,0.000,0.000
16797,0.000,0.000,0.000,0.000
16798,0.000,0.000,0.000,0.000
16799,0.000,0.000,0.000,0.000
16800,0.000,0.000,0.000,0.000
16801,0.000,0.000,0.000,0.000
16802,0.000,0.000,0.000,0.000
16803,0.000,0.000,0.000,0.000
16804,0.000,0.000,0.000,0.000
16805,0.000,0.000,0.000,0.000
16806,0.000,0.000,0.000,0.000
16807,0.000,0.000,0.000,0.000
16808,0.000,0.000,0.000,0.000
16809,0.000,0.000,0.000,0.000
16810,0.000,0.000,0.000,0.000
16811,0.000,0.000,0.000,0.000
16812,0.000,0.000,0.000,0.000
16813,0.000,0.000,0.000,0.000
16814,0.000,0.000,0.000,0.000
16815,0.000,0.000,0.000,0.000
16816,0.000,0.000,0.000,0.000
16817,0.000,0.000,0.000,0.000
16818,0.000,0.000,0.000,0.000
16819,0.000,0.000,0.000,0.000
16820,0.000,0.000,0.000,0.000
16821,0.000,0.000,0.000,0.000
16822,0.000,0.000,0.000,0.000
16823,0.000,0.000,0.000,0.000
16824,0.000,0.000,0.000,0.000
16825,0.000,0.000,0.000,0.000
16826,0.000,0.000,0.000,0.000
16827,0.000,0.000,0.000,0.000
16828,0.000,0.000,0.000,0.000
16829,0.000,0.000,0.000,0.000
16830,0.000,0.000,0.000,0.000
16831,0.000,0.000,0.000,0.000
16832,0.000,0.000,0.000,0.000
16833,0.000,0.000,0.000,0.000
16834,0.000,0.000,0.000,0.000
16835,0.000,0.000,0.000,0.000
16836,0.000,0.000,0.000,0.000
16837,0.000,0.000,0.000,0.000
16838,0.000,0.000,0.000,0.000
16839,0.000,0.000,0.000,0.000
16840,0.000,0.000,0.000,0.000
16841,0.000,0.000,0.000,0.000
16842,0.000,0.000,0.000,0.000
16843,0.000,0.000,0.000,0.000
16844,0.000,0.000,0.000,0.000
16845,0.000,0.000,0.000,0.000
16846,0.000,0.000,0.000,0.000
16847,0.000,0.000,0.000,0.000
16848,0.000,0.000,0.000,0.000
16849,0.000,0.000,0.000,0.000
16850,0.000,0.000,0.000,0.000
16851,0.000,0.000,0.000,0.000
16852,0.000,0.000,0.000,0.000
16853,0.000,0.000,0.000,0.000
16854,0.000,0.000,0.000,0.000
16855,0.000,0.000,0.000,0.000
16856,0.000,0.000,0.000,0.000
16857,0.000,0.000,0.000,0.000
16858,0.000,0.000,0.000,0.000
16859,0.000,0.000,0.000,0.000
16860,0.000,0.000,0.000,0.000
16861,0.000,0.000,0.000,0.000
16862,0.000,0.000,0.000,0.000
16863,0.000,0.000,0.000,0.000
16864,0.000,0.000,0.000,0.000
16865,0.000,0.000,0.000,0.000
16866,0.000,0.000,0.000,0.000
16867,0.000,0.000,0.000,0.000
16868,0.000,0.000,0.000,0.000
16869,0.000,0.000,0.000,0.000
16870,0.000,0.000,0.000,0.000
16871,0.000,0.000,0.000,0.000
16872,0.000,0.000,0.000,0.000
16873,0.000,0.000,0.000,0.000
16874,0.000,0.000,0.000,0.000
16875,0.000,0.000,0.000,0.000
16876,0.000,0.000,0.000,0.000
16877,0.000,0.000,0.000,0.000
16878,0.000,0.000,0.000,0.000
16879,0.000,0.000,0.000,0.000
16880,0.000,0.000,0.000,0.000
16881,0.000,0.000,0.000,0.000
16882,0.000,0.000,0.000,0.000
16883,0.000,0.000,0.000,0.000
16884,0.000,0.000,0.000,0.000
16885,0.000,0.000,0.000,0.000
16886,0.000,0.000,0.000,0.000
16887,0.000,0.000,0.000,0.000
16888,0.000,0.000,0.000,0.000
16889,0.000,0.000,0.000,0.000
16890,0.000,0.000,0.000,0.000
16891,0.000,0.000,0.000,0.000
16892,0.000,0.000,0.000,0.000
16893,0.000,0.000,0.000,0.000
16894,0.000,0.000,0.000,0.000
16895,0.000,0.000,0.000,0.000
16896,0.000,0.000,0.000,0.000
16897,0.000,0.000,0.000,0.000
16898,0.000,0.000,0.000,0.000
16899,0.000,0.000,0.000,0.000
16900,0.000,0.000,0.000,0.000
16901,0.000,0.000,0.000,0.000
16902,0.000,0.000,0.000,0.000
16903,0.000,0.000,0.000,0.000
16904,0.000,0.000,0.000,0.000
16905,0.000,0.000,0.000,0.000
16906,0.000,0.000,0.000,0.000
16907,0.000,0.000,0.000,0.000
16908,0.000,0.000,0.000,0.000
16909,0.000,0.000,0.000,0.000
16910,0.000,0.000,0.000,0.000
16911,0.000,0.000,0.000,0.000
16912,0.000,0.000,0.000,0.000
16913,0.000,0.000,0.000,0.000
16914,0.000,0.000,0.000,0.000
16915,0.000,0.000,0.000,0.000
16916,0.000,0.000,0.000,0.000
16917,0.000,0.000,0.000,0.000
16918,0.000,0.000,0.000,0.000
16919,0.000,0.000,0.000,0.000
16920,0.000,0.000,0.000,0.000
16921,0.000,0.000,0.000,0.000
16922,0.000,0.000,0.000,0.000
16923,0.000,0.000,0.000,0.000
16924,0.000,0.000,0.000,0.000
16925,0.000,0.000,0.000,0.000
16926,0.000,0.000,0.000,0.000
16927,0.000,0.000,0.000,0.000
16928,0.000,0.000,0.000,0.000
16929,0.000,0.000,0.000,0.000
16930,0.000,0.000,0.000,0.000
16931,0.000,0.000,0.000,0.000
16932,0.000,0.000,0.000,0.000
16933,0.000,0.000,0.000,0.000
16934,0.000,0.000,0.000,0.000
16935,0.000,0.000,0.000,0.000
16936,0.000,0.000,0.000,0.000
16937,0.000,0.000,0.000,0.000
16938,0.000,0.000,0.000,0.000
16939,0.000,0.000,0.000,0.000
16940,0.000,0.000,0.000,0.000
16941,0.000,0.000,0.000,0.000
16942,0.000,0.000,0.000,0.000
16943,0.000,0.000,0.000,0.000
16944,0.000,0.000,0.000,0.000
16945,0.000,0.000,0.000,0.000
16946,0.000,0.000,0.000,0.000
16947,0.000,0.000,0.000,0.000
16948,0.000,0.000,0.000,0.000
16949,0.000,0.000,0.000,0.000
16950,0.000,0.000,0.000,0.000
16951,0.000,0.000,0.000,0.000
16952,0.000,0.000,0.000,0.000
16953,0.000,0.000,0.000,0.000
16954,0.000,0.000,0.000,0.000
16955,0.000,0.000,0.000,0.000
16956,0.000,0.000,0.000,0.000
16957,0.000,0.000,0.000,0.000
16958,0.000,0.000,0.000,0.000
16959,0.000,0.000,0.000,0.000
16960,0.000,0.000,0.000,0.000
16961,0.000,0.000,0.000,0.000
16962,0.000,0.000,0.000,0.000
16963,0.000,0.000,0.000,0.000
16964,0.000,0.000,0.000,0.000
16965,0.000,0.000,0.000,0.000
16966,0.000,0.000,0.000,0.000
16967,0.000,0.000,0.000,0.000
16968,0.000,0.000,0.000,0.000
16969,0.000,0.000,0.000,0.000
16970,0.000,0.000,0.000,0.000
16971,0.000,0.000,0.000,0.000
16972,0.000,0.000,0.000,0.000
16973,0.000,0.000,0.000,0.000
16974,0.000,0.000,0.000,0.000
16975,0.000,0.000,0.000,0.000
16976,0.000,0.000,0.000,0.000
16977,0.000,0.000,0.000,0.000
16978,0.000,0.000,0.000,0.000
16979,0.000,0.000,0.000,0.000
16980,0.000,0.000,0.000,0.000
16981,0.000,0.000,0.000,0.000
16982,0.000,0.000,0.000,0.000
16983,0.000,0.000,0.000,0.000
16984,0.000,0.000,0.000,0.000
16985,0.000,0.000,0.000,0.000
16986,0.000,0.000,0.000,0.000
16987,0.000,0.000,0.000,0.000
16988,0.000,0.000,0.000,0.000
16989,0.000,0.000,0.000,0.000
16990,0.000,0.000,0.000,0.000
16991,0.000,0.000,0.000,0.000
16992,0.000,0.000,0.000,0.000
16993,0.000,0.000,0.000,0.000
16994,0.000,0.000,0.000,0.000
16995,0.000,0.000,0.000,0.000
16996,0.000,0.000,0.000,0.000
16997,0.000,0.000,0.000,0.000
16998,0.000,0.000,0.000,0.000
16999,0.000,0.000,0.000,0.000
17000,0.000,0.000,0.000,0.000
17001,0.000,0.000,0.000,0.000
17002,0.000,0.000,0.000,0.000
17003,0.000,0.000,0.000,0.000
17004,0.000,0.000,0.000,0.000
17005,0.000,0.000,0.000,0.000
17006,0.000,0.000,0.000,0.000
17007,0.000,0.000,0.000,0.000
17008,0.000,0.000,0.000,0.000
17009,0.000,0.000,0.000,0.000
17010,0.000,0.000,0.000,0.000
17011,0.000,0.000,0.000,0.000
17012,0.000,0.000,0.000,0.000
17013,0.000,0.000,0.000,0.000
17014,0.000,0.000,0.000,0.000
17015,0.000,0.000,0.000,0.000
17016,0.000,0.000,0.000,0.000
17017,0.000,0.000,0.000,0.000
17018,0.000,0.000,0.000,0.000
17019,0.000,0.000,0.000,0.000
17020,0.000,0.000,0.000,0.000
17021,0.000,0.000,0.000,0.000
17022,0.000,0.000,0.000,0.000
17023,0.000,0.000,0.000,0.000
17024,0.000,0.000,0.000,0.000
17025,0.000,0.000,0.000,0.000
17026,0.000,0.000,0.000,0.000
17027,0.000,0.000,0.000,0.000
17028,0.000,0.000,0.000,0.000
17029,0.000,0.000,0.000,0.000
17030,0.000,0.000,0.000,0.000
17031,0.000,0.000,0.000,0.000
17032,0.000,0.000,0.000,0.000
17033,0.000,0.000,0.000,0.000
17034,0.000,0.000,0.000,0.000
17035,0.000,0.000,0.000,0.000
17036,0.000,0.000,0.000,0.000
17037,0.000,0.000,0.000,0.000
17038,0.000,0.000,0.000,0.000
17039,0.000,0.000,0.000,0.000
17040,0.000,0.000,0.000,0.000
17041,0.000,0.000,0.000,0.000
17042,0.000,0.000,0.000,0.000
17043,0.000,0.000,0.000,0.000
17044,0.000,0.000,0.000,0.000
17045,0.000,0.000,0.000,0.000
17046,0.000,0.000,0.000,0.000
17047,0.000,0.000,0.000,0.000
17048,0.000,0.000,0.000,0.000
17049,0.000,0.000,0.000,0.000
17050,0.000,0.000,0.000,0.000
17051,0.000,0.000,0.000,0.000
17052,0.000,0.000,0.000,0.000
17053,0.000,0.000,0.000,0.000
17054,0.000,0.000,0.000,0.000
17055,0.000,0.000,0.000,0.000
17056,0.000,0.000,0.000,0.000
17057,0.000,0.000,0.000,0.000
17058,0.000,0.000,0.000,0.000
17059,0.000,0.000,0.000,0.000
17060,0.000,0.000,0.000,0.000
17061,0.000,0.000,0.000,0.000
17062,0.000,0.000,0.000,0.000
17063,0.000,0.000,0.000,0.000
17064,0.000,0.000,0.000,0.000
17065,0.000,0.000,0.000,0.000
17066,0.000,0.000,0.000,0.000
17067,0.000,0.000,0.000,0.000
17068,0.000,0.000,0.000,0.000
17069,0.000,0.000,0.000,0.000
17070,0.000,0.000,0.000,0.000
17071,0.000,0.000,0.000,0.000
17072,0.000,0.000,0.000,0.000
17073,0.000,0.000,0.000,0.000
17074,0.000,0.000,0.000,0.000
17075,0.000,0.000,0.000,0.000
17076,0.000,0.000,0.000,0.000
17077,0.000,0.000,0.000,0.000
17078,0.000,0.000,0.000,0.000
17079,0.000,0.000,0.000,0.000
17080,0.000,0.000,0.000,0.000
17081,0.000,0.000,0.000,0.000
17082,0.000,0.000,0.000,0.000
17083,0.000,0.000,0.000,0.000
17084,0.000,0.000,0.000,0.000
17085,0.000,0.000,0.000,0.000
17086,0.000,0.000,0.000,0.000
17087,0.000,0.000,0.000,0.000
17088,0.000,0.000,0.000,0.000
17089,0.000,0.000,0.000,0.000
17090,0.000,0.000,0.000,0.000
17091,0.000,0.000,0.000,0.000
17092,0.000,0.000,0.000,0.000
17093,0.000,0.000,0.000,0.000
17094,0.000,0.000,0.000,0.000
17095,0.000,0.000,0.000,0.000
17096,0.000,0.000,0.000,0.000
17097,0.000,0.000,0.000,0.000
17098,0.000,0.000,0.000,0.000
17099,0.000,0.000,0.000,0.000
17100,0.000,0.000,0.000,0.000
17101,0.000,0.000,0.000,0.000
17102,0.000,0.000,0.000,0.000
17103,0.000,0.000,0.000,0.000
17104,0.000,0.000,0.000,0.000
17105,0.000,0.000,0.000,0.000
17106,0.000,0.000,0.000,0.000
17107,0.000,0.000,0.000,0.000
17108,0.000,0.000,0.000,0.000
17109,0.000,0.000,0.000,0.000
17110,0.000,0.000,0.000,0.000
17111,0.000,0.000,0.000,0.000
17112,0.000,0.000,0.000,0.000
17113,0.000,0.000,0.000,0.000
17114,0.000,0.000,0.000,0.000
17115,0.000,0.000,0.000,0.000
17116,0.000,0.000,0.000,0.000
17117,0.000,0.000,0.000,0.000
17118,0.000,0.000,0.000,0.000
17119,0.000,0.000,0.000,0.000
17120,0.000,0.000,0.000,0.000
17121,0.000,0.000,0.000,0.000
17122,0.000,0.000,0.000,0.000
17123,0.000,0.000,0.000,0.000
17124,0.000,0.000,0.000,0.000
17125,0.000,0.000,0.000,0.000
17126,0.000,0.000,0.000,0.000
17127,0.000,0.000,0.000,0.000
17128,0.000,0.000,0.000,0.000
17129,0.000,0.000,0.000,0.000
17130,0.000,0.000,0.000,0.000
17131,0.000,0.000,0.000,0.000
17132,0.000,0.000,0.000,0.000
17133,0.000,0.000,0.000,0.000
17134,0.000,0.000,0.000,0.000
17135,0.000,0.000,0.000,0.000
17136,0.000,0.000,0.000,0.000
17137,0.000,0.000,0.000,0.000
17138,0.000,0.000,0.000,0.000
17139,0.000,0.000,0.000,0.000
17140,0.000,0.000,0.000,0.000
17141,0.000,0.000,0.000,0.000
17142,0.000,0.000,0.000,0.000
17143,0.000,0.000,0.000,0.000
17144,0.000,0.000,0.000,0.000
17145,0.000,0.000,0.000,0.000
17146,0.000,0.000,0.000,0.000
17147,0.000,0.000,0.000,0.000
17148,0.000,0.000,0.000,0.000
17149,0.000,0.000,0.000,0.000
17150,0.000,0.000,0.000,0.000
17151,0.000,0.000,0.000,0.000
17152,0.000,0.000,0.000,0.000
17153,0.000,0.000,0.000,0.000
17154,0.000,0.000,0.000,0.000
17155,0.000,0.000,0.000,0.000
17156,0.000,0.000,0.000,0.000
17157,0.000,0.000,0.000,0.000
17158,0.000,0.000,0.000,0.000
17159,0.000,0.000,0.000,0.000
17160,0.000,0.000,0.000,0.000
17161,0.000,0.000,0.000,0.000
17162,0.000,0.000,0.000,0.000
17163,0.000,0.000,0.000,0.000
17164,0.000,0.000,0.000,0.000
17165,0.000,0.000,0.000,0.000
17166,0.000,0.000,0.000,0.000
17167,0.000,0.000,0.000,0.000
17168,0.000,0.000,0.000,0.000
17169,0.000,0.000,0.000,0.000
17170,0.000,0.000,0.000,0.000
17171,0.000,0.000,0.000,0.000
17172,0.000,0.000,0.000,0.000
17173,0.000,0.000,0.000,0.000
17174,0.000,0.000,0.000,0.000
17175,0.000,0.000,0.000,0.000
17176,0.000,0.000,0.000,0.000
17177,0.000,0.000,0.000,0.000
17178,0.000,0.000,0.000,0.000
17179,0.000,0.000,0.000,0.000
17180,0.000,0.000,0.000,0.000
17181,0.000,0.000,0.000,0.000
17182,0.000,0.000,0.000,0.000
17183,0.000,0.000,0.000,0.000
17184,0.000,0.000,0.000,0.000
17185,0.000,0.000,0.000,0.000
17186,0.000,0.000,0.000,0.000
17187,0.000,0.000,0.000,0.000
17188,0.000,0.000,0.000,0.000
17189,0.000,0.000,0.000,0.000
17190,0.000,0.000,0.000,0.000
17191,0.000,0.000,0.000,0.000
17192,0.000,0.000,0.000,0.000
17193,0.000,0.000,0.000,0.000
17194,0.000,0.000,0.000,0.000
17195,0.000,0.000,0.000,0.000
17196,0.000,0.000,0.000,0.000
17197,0.000,0.000,0.000,0.000
17198,0.000,0.000,0.000,0.000
17199,0.000,0.000,0.000,0.000
17200,249.902,250.815,251.836,250.643
17201,251.992,251.996,252.000,251.968
17202,251.998,251.998,252.000,251.971
17203,251.979,251.987,252.000,251.952
17204,251.975,251.992,251.999,251.951
17205,251.910,251.917,251.992,251.882
17206,251.784,251.816,251.983,251.785
17207,251.785,251.812,251.978,251.783
17208,251.515,251.584,251.950,251.575
17209,251.498,251.574,251.947,251.563
17210,251.491,251.560,251.945,251.552
17211,250.893,251.278,251.915,251.197
17212,250.337,251.063,251.886,250.895
17213,249.486,250.838,251.850,250.466
17214,246.292,250.244,251.751,249.010
17215,239.422,249.195,251.504,245.993
17216,229.265,247.408,250.983,241.418
17217,216.900,244.142,250.067,235.395
17218,205.778,239.733,248.928,229.383
17219,201.506,237.822,248.463,226.986
17220,196.824,235.315,247.886,224.195
17221,192.692,232.974,247.360,221.687
17222,187.984,229.940,246.764,218.704
17223,184.609,227.746,246.303,216.544
17224,173.115,219.040,244.361,208.651
17225,160.101,207.545,241.091,198.849
17226,147.960,195.439,236.448,188.747
17227,136.812,182.884,230.864,178.553
17228,126.600,170.791,224.252,168.549
17229,117.857,159.606,216.583,159.149
17230,110.525,150.146,208.360,150.754
17231,104.094,141.700,200.513,143.160
17232,99.220,135.084,193.709,137.092
17233,94.865,129.120,187.279,131.569
17234,82.539,111.630,165.519,114.741
17235,79.913,108.038,160.255,111.050
17236,77.669,104.887,155.370,107.738
17237,77.384,104.526,155.073,107.436
17238,77.564,104.803,155.660,107.766
17239,77.584,104.932,155.900,107.880
17240,77.141,104.316,154.891,107.215
17241,77.168,104.370,155.174,107.324
17242,77.555,104.830,155.975,107.854
17243,77.685,105.167,156.596,108.199
17244,77.117,104.382,154.950,107.255
17245,77.175,104.608,155.486,107.500
17246,77.448,104.983,156.140,107.910
17247,77.041,104.405,155.315,107.327
17248,77.180,104.586,155.684,107.544
17249,77.444,105.189,156.565,108.099
17250,76.943,104.501,155.240,107.306
17251,77.192,104.891,155.965,107.735
17252,77.508,105.301,156.599,108.172
17253,76.939,104.511,155.256,107.306
17254,77.307,105.050,156.406,107.953
17255,76.799,104.272,155.039,107.110
17256,77.112,104.794,155.986,107.666
17257,77.343,105.264,156.499,108.064
17258,77.091,104.888,155.981,107.701
17259,77.174,105.083,156.140,107.848
17260,76.835,104.538,155.270,107.280
17261,76.980,104.801,155.788,107.568
17262,77.234,105.194,156.641,108.043
17263,76.898,104.731,155.756,107.502
17264,77.050,105.005,156.156,107.763
17265,76.754,104.424,155.342,107.226
17266,76.986,104.804,155.911,107.599
17267,76.710,104.496,155.411,107.252
17268,76.851,104.828,156.032,107.599
17269,76.591,104.474,155.556,107.237
17270,76.804,104.792,156.008,107.556
17271,77.089,105.215,156.416,107.935
17272,76.841,104.829,155.945,107.568
17273,76.935,105.087,156.423,107.824
17274,76.418,104.242,154.930,106.921
17275,76.550,104.470,155.487,107.205
17276,76.968,105.149,156.589,107.900
17277,77.244,105.679,157.427,108.421
17278,77.564,106.049,158.018,108.838
17279,78.057,106.822,159.241,109.630
17280,77.726,106.213,158.517,109.088
17281,78.111,106.962,159.540,109.781
17282,78.466,107.520,160.223,110.301
17283,78.721,107.869,160.958,110.721
17284,78.373,107.131,159.672,109.963
17285,78.351,107.354,160.214,110.193
17286,78.046,106.858,159.262,109.637
17287,78.190,107.215,159.735,109.954
17288,78.124,106.966,159.490,109.767
17289,78.213,107.158,160.057,110.027
17290,78.756,108.045,161.135,110.845
17291,79.120,108.457,161.937,111.342
17292,78.576,107.712,160.518,110.477
17293,78.071,107.046,159.536,109.780
17294,78.127,107.255,159.970,110.003
17295,78.588,107.838,161.060,110.685
17296,79.017,108.449,162.024,111.323
17297,78.519,107.581,160.606,110.433
17298,78.590,107.781,160.890,110.619
17299,78.776,108.039,161.566,110.960
17300,78.797,108.071,161.606,110.992
17301,78.185,107.288,160.101,110.069
17302,78.464,107.851,161.150,110.660
17303,78.770,108.236,161.722,111.065
17304,78.240,107.406,160.397,110.203
17305,78.506,107.932,161.254,110.729
17306,78.816,108.304,161.711,111.102
17307,78.272,107.469,160.416,110.252
17308,78.387,107.729,160.882,110.506
17309,77.930,107.068,159.809,109.811
17310,78.148,107.409,160.457,110.182
17311,78.606,108.058,161.648,110.922
17312,78.377,107.630,160.988,110.496
17313,78.610,108.070,161.690,110.937
17314,79.124,108.879,162.806,111.728
17315,78.500,107.938,161.467,110.795
17316,78.935,108.587,162.503,111.471
17317,79.243,109.130,163.280,111.990
17318,78.713,108.250,161.876,111.085
17319,78.016,107.129,160.240,109.983
17320,78.169,107.399,160.677,110.251
17321,78.537,108.028,161.614,110.873
17322,78.837,108.539,162.200,111.325
17323,78.766,108.330,162.019,111.168
17324,78.177,107.347,160.534,110.199
17325,78.306,107.560,160.765,110.382
17326,78.773,108.426,162.033,111.216
17327,78.909,108.730,162.700,111.560
17328,78.757,108.343,161.873,111.125
17329,78.853,108.499,162.383,111.366
17330,78.841,108.366,162.155,111.252
17331,77.880,107.066,160.133,109.878
17332,77.345,106.248,158.784,109.012
17333,76.953,105.775,158.153,108.528
17334,77.151,106.125,158.672,108.863
17335,76.926,105.696,158.142,108.484
17336,77.131,106.172,158.795,108.910
17337,76.880,105.575,157.911,108.359
17338,77.123,105.934,158.427,108.721
17339,76.646,105.285,157.415,108.030
17340,77.129,105.947,158.510,108.754
17341,76.613,105.407,157.357,108.052
17342,77.034,105.934,158.427,108.684
17343,76.606,105.228,157.370,107.977
17344,76.808,105.533,157.876,108.304
17345,76.627,105.151,157.254,107.935
17346,76.713,105.426,157.655,108.177
17347,76.484,105.085,156.901,107.755
17348,76.742,105.324,157.420,108.080
17349,77.061,105.903,158.542,108.720
17350,76.741,105.325,157.514,108.105
17351,76.849,105.567,157.858,108.334
17352,76.746,105.518,157.538,108.178
17353,76.986,105.667,157.997,108.454
17354,76.641,105.265,157.381,108.010
17355,76.790,105.390,157.755,108.218
17356,76.525,105.101,156.979,107.796
17357,76.717,105.378,157.482,108.114
17358,76.897,105.719,157.945,108.426
17359,76.723,105.260,157.380,108.034
17360,76.977,105.565,157.984,108.407
17361,76.707,105.218,157.250,107.980
17362,76.887,105.532,157.929,108.349
17363,76.795,105.382,157.564,108.150
17364,77.015,105.560,157.872,108.390
17365,77.096,105.858,158.357,108.663
17366,76.908,105.583,157.748,108.323
17367,77.097,105.793,158.029,108.542
17368,76.844,105.327,157.505,108.144
17369,76.898,105.566,157.862,108.348
17370,77.362,106.177,158.857,109.006
17371,76.797,105.409,157.415,108.130
17372,77.158,105.860,158.294,108.672
17373,76.932,105.423,157.624,108.242
17374,77.112,105.794,158.058,108.562
17375,76.669,105.174,156.932,107.867
17376,76.808,105.436,157.472,108.161
17377,77.224,105.956,158.453,108.772
17378,77.091,105.640,157.980,108.480
17379,77.184,105.919,158.233,108.681
17380,76.819,105.327,157.601,108.157
17381,76.929,105.513,157.786,108.316
17382,77.378,106.153,158.713,108.966
17383,76.947,105.590,157.572,108.287
17384,77.336,106.078,158.542,108.879
17385,77.505,106.502,159.138,109.253
17386,77.215,105.885,158.147,108.658
17387,77.464,106.349,158.952,109.135
17388,76.999,105.657,157.710,108.375
17389,77.259,106.098,158.595,108.872
17390,77.440,106.406,159.194,109.209
17391,77.221,106.000,158.416,108.774
17392,77.415,106.374,158.982,109.137
17393,77.684,106.504,159.392,109.392
17394,77.446,106.218,158.602,108.983
17395,77.472,106.423,158.962,109.159
17396,77.290,105.986,158.361,108.777
17397,77.397,106.075,158.583,108.908
17398,77.609,106.454,159.010,109.238
17399,77.223,105.960,158.240,108.707
17400,77.443,106.248,158.788,109.050
17401,77.384,105.943,158.292,108.779
17402,77.411,106.197,158.686,108.994
17403,77.769,106.772,159.563,109.568
17404,77.326,106.058,158.403,108.825
17405,77.375,106.153,158.568,108.926
17406,77.266,105.929,158.168,108.692
17407,77.424,106.119,158.750,108.986
17408,77.775,106.713,159.664,109.581
17409,77.272,106.008,158.299,108.752
17410,77.555,106.357,159.010,109.191
17411,77.759,106.687,159.425,109.498
17412,77.241,105.908,158.180,108.680
17413,77.485,106.213,158.781,109.045
17414,77.684,106.642,159.390,109.439
17415,77.386,106.190,158.575,108.948
17416,77.605,106.460,159.056,109.258
17417,77.217,105.814,158.062,108.606
17418,77.351,105.988,158.274,108.778
17419,77.420,106.202,158.719,109.003
17420,77.882,106.765,159.532,109.600
17421,77.489,106.224,158.601,109.007
17422,77.885,106.696,159.546,109.581
17423,78.016,107.044,159.875,109.840
17424,77.619,106.457,158.989,109.235
17425,77.793,106.744,159.515,109.556
17426,78.106,107.081,160.098,109.954
17427,77.723,106.443,159.108,109.311
17428,77.746,106.617,159.279,109.428
17429,77.464,106.100,158.561,108.942
17430,77.554,106.332,158.863,109.137
17431,77.744,106.566,159.339,109.420
17432,78.154,107.185,160.069,109.999
17433,77.685,106.501,159.082,109.307
17434,77.958,106.931,159.717,109.731
17435,77.494,106.171,158.431,108.939
17436,77.557,106.281,158.725,109.083
17437,77.846,106.790,159.609,109.612
17438,78.109,107.127,160.183,109.990
17439,77.520,106.255,158.783,109.073
17440,77.680,106.410,159.085,109.272
17441,77.869,106.777,159.460,109.578
17442,77.630,106.288,158.760,109.125
17443,77.718,106.404,159.115,109.298
17444,78.103,106.981,159.892,109.865
17445,77.803,106.511,159.175,109.382
17446,78.071,106.948,159.939,109.846
17447,77.662,106.339,158.744,109.150
17448,77.745,106.505,158.981,109.298
17449,78.078,106.888,159.893,109.812
17450,78.265,107.237,160.333,110.131
17451,78.004,106.639,159.332,109.544
17452,78.092,106.906,159.832,109.807
17453,77.699,106.311,158.745,109.153
17454,77.894,106.606,159.154,109.451
17455,78.002,106.724,159.387,109.593
17456,78.392,107.307,160.368,110.220
17457,77.843,106.541,159.123,109.396
17458,78.115,106.923,159.640,109.776
17459,78.201,107.093,159.962,109.964
17460,77.783,106.507,159.064,109.339
17461,77.886,106.552,159.069,109.404
17462,78.107,106.885,159.612,109.755
17463,78.399,107.303,160.301,110.196
17464,78.661,107.624,160.782,110.545
17465,78.224,107.065,159.777,109.905
17466,78.328,107.257,160.059,110.089
17467,78.527,107.392,160.335,110.289
17468,78.121,106.900,159.459,109.719
17469,78.192,106.886,159.535,109.763
17470,78.425,107.281,160.281,110.195
17471,78.632,107.598,160.597,110.472
17472,78.338,107.122,159.806,109.977
17473,78.493,107.326,160.285,110.241
17474,78.731,107.689,160.886,110.620
17475,78.220,106.936,159.735,109.848
17476,78.330,107.089,159.851,109.976
17477,78.607,107.403,160.501,110.372
17478,78.073,106.568,159.171,109.510
17479,78.029,106.700,159.221,109.552
17480,78.382,107.118,159.865,110.014
17481,78.587,107.366,160.219,110.276
17482,78.311,106.918,159.552,109.824
17483,78.382,107.182,159.770,110.007
17484,78.683,107.605,160.581,110.493
17485,78.875,107.659,160.868,110.665
17486,78.296,106.855,159.330,109.739
17487,78.485,107.014,159.883,110.021
17488,78.675,107.347,160.346,110.333
17489,78.949,107.762,160.947,110.743
17490,78.353,106.900,159.466,109.813
17491,78.570,107.177,159.982,110.133
17492,78.724,107.362,160.334,110.360
17493,78.897,107.587,160.748,110.615
17494,78.676,107.152,159.907,110.140
17495,78.651,107.236,159.953,110.185
17496,78.989,107.734,160.771,110.703
17497,78.654,106.971,159.675,110.010
17498,78.659,106.999,159.817,110.060
17499,78.775,107.452,160.316,110.405
17500,78.951,107.631,160.613,110.618
17501,78.406,106.753,159.338,109.752
17502,78.581,106.914,159.690,109.967
17503,78.819,107.260,160.313,110.355
17504,79.026,107.580,160.649,110.636
17505,79.301,107.863,161.224,110.994
17506,78.839,107.230,160.061,110.282
17507,78.938,107.363,160.234,110.406
17508,79.168,107.654,160.837,110.767
17509,79.209,107.785,161.024,110.885
17510,78.685,106.945,159.671,110.024
17511,78.727,106.890,159.836,110.055
17512,79.035,107.411,160.316,110.494
17513,79.148,107.461,160.643,110.640
17514,79.299,107.693,160.597,110.763
17515,78.864,107.042,159.725,110.123
17516,78.883,107.285,159.833,110.247
17517,79.060,107.436,160.337,110.512
17518,79.256,107.700,160.645,110.761
17519,79.347,107.879,160.849,110.912
17520,79.020,107.138,159.878,110.266
17521,79.070,107.221,159.986,110.344
17522,79.215,107.508,160.389,110.615
17523,79.347,107.680,160.720,110.818
17524,78.999,107.155,159.676,110.210
17525,79.026,107.027,159.801,110.208
17526,79.249,107.423,160.169,110.531
17527,79.340,107.523,160.369,110.663
17528,79.425,107.729,160.815,110.888
17529,78.818,106.734,158.980,109.806
17530,78.788,106.785,159.135,109.858
17531,79.004,106.876,159.491,110.063
17532,79.159,107.130,159.830,110.304
17533,79.231,107.209,160.044,110.420
17534,79.450,107.532,160.493,110.741
17535,79.488,107.655,160.517,110.806
17536,79.150,107.011,159.443,110.151
17537,79.162,107.081,159.587,110.221
17538,79.370,107.307,159.958,110.483
17539,79.395,107.374,160.026,110.538
17540,79.553,107.663,160.513,110.827
17541,79.073,106.792,159.109,109.954
17542,79.107,106.841,159.053,109.972
17543,79.246,107.063,159.535,110.232
17544,79.366,107.217,159.919,110.438
17545,79.491,107.479,160.206,110.660
17546,78.994,106.560,158.794,109.760
17547,79.037,106.543,158.830,109.770
17548,79.198,106.819,159.183,110.029
17549,79.154,106.881,159.278,110.061
17550,79.382,107.197,159.655,110.371
17551,79.536,107.361,159.897,110.548
17552,79.060,106.742,158.841,109.854
17553,79.096,106.718,158.780,109.853
17554,79.139,106.683,158.919,109.889
17555,79.232,106.901,159.153,110.070
17556,79.318,107.139,159.325,110.237
17557,79.527,107.132,159.703,110.415
17558,78.965,106.427,158.255,109.554
17559,78.934,106.411,158.370,109.567
17560,79.020,106.423,158.537,109.652
17561,79.169,106.669,158.662,109.827
17562,79.277,106.819,158.963,110.015
17563,79.417,107.020,159.145,110.181
17564,78.940,106.291,157.964,109.422
17565,78.817,106.195,157.848,109.309
17566,78.946,106.238,158.102,109.445
17567,79.030,106.511,158.327,109.638
17568,79.232,106.702,158.607,109.859
17569,79.282,106.791,158.775,109.952
17570,78.652,105.773,157.121,108.906
17571,78.573,105.758,157.136,108.872
17572,78.807,105.975,157.454,109.117
17573,78.891,106.192,157.656,109.286
17574,78.927,106.240,157.857,109.382
17575,78.993,106.378,157.879,109.457
17576,78.585,105.551,156.562,108.638
17577,78.524,105.572,156.687,108.671
17578,78.555,105.581,156.626,108.669
17579,78.586,105.616,157.002,108.796
17580,78.719,105.758,157.082,108.917
17581,78.785,105.956,157.288,109.072
17582,78.867,106.098,157.558,109.226
17583,79.001,106.308,157.780,109.414
17584,78.527,105.555,156.409,108.581
17585,78.506,105.443,156.402,108.543
17586,78.627,105.577,156.565,108.680
17587,78.674,105.772,156.803,108.841
17588,78.735,105.898,157.067,108.979
17589,78.717,105.863,157.162,108.986
17590,78.891,106.110,157.361,109.197
17591,78.988,106.248,157.622,109.353
17592,78.470,105.455,156.129,108.467
17593,78.475,105.321,156.201,108.441
17594,78.439,105.349,156.345,108.479
17595,78.469,105.533,156.458,108.592
17596,78.626,105.637,156.477,108.695
17597,78.711,105.858,156.906,108.917
17598,78.765,105.987,157.157,109.053
17599,78.809,106.060,157.432,109.171
17600,79.012,106.375,157.844,109.474
17601,78.447,105.424,156.116,108.443
17602,78.458,105.511,156.236,108.523
17603,78.447,105.543,156.372,108.561
17604,78.550,105.738,156.573,108.732
17605,78.619,105.680,156.821,108.807
17606,78.726,105.887,157.116,108.998
17607,78.783,106.021,157.351,109.133
17608,78.890,106.220,157.566,109.301
17609,79.026,106.390,157.920,109.510
17610,78.354,105.517,156.193,108.476
17611,78.423,105.524,156.335,108.544
17612,78.555,105.624,156.537,108.682
17613,78.528,105.746,156.720,108.768
17614,78.669,105.851,156.955,108.925
17615,78.652,105.902,156.953,108.943
17616,78.863,106.235,157.454,109.274
17617,78.981,106.339,157.653,109.410
17618,79.077,106.494,157.982,109.587
17619,79.095,106.597,158.054,109.657
17620,78.524,105.703,156.528,108.702
17621,78.591,105.627,156.456,108.681
17622,78.623,105.714,156.627,108.771
17623,78.729,105.981,157.207,109.069
17624,78.873,106.191,157.379,109.246
17625,78.883,106.141,157.662,109.319
17626,79.029,106.506,157.930,109.570
17627,79.061,106.481,158.000,109.595
17628,79.265,106.810,158.457,109.911
17629,79.299,106.751,158.418,109.884
17630,78.969,106.265,157.573,109.362
17631,78.907,106.305,157.594,109.363
17632,79.177,106.562,158.135,109.699
17633,79.255,106.774,158.416,109.886
17634,79.317,106.794,158.482,109.938
17635,79.457,107.039,158.806,110.156
17636,79.673,107.232,159.200,110.413
17637,78.969,106.207,157.621,109.355
17638,78.923,106.319,157.637,109.384
17639,78.889,106.310,157.876,109.434
17640,79.100,106.621,158.274,109.735
17641,79.258,106.838,158.448,109.922
17642,79.369,106.986,158.778,110.105
17643,79.316,107.139,158.842,110.149
17644,79.556,107.277,159.223,110.395
17645,79.678,107.354,159.355,110.499
17646,79.089,106.425,157.883,109.546
17647,79.018,106.424,158.015,109.551
17648,79.085,106.669,158.134,109.701
17649,79.237,106.736,158.354,109.841
17650,79.170,106.718,158.369,109.820
17651,79.320,106.982,158.690,110.055
17652,79.460,107.066,158.762,110.157
17653,79.504,107.167,159.002,110.276
17654,79.665,107.373,159.401,110.518
17655,79.601,107.371,159.306,110.468
17656,79.824,107.656,159.657,110.746
17657,79.071,106.564,157.978,109.619
17658,79.077,106.420,157.903,109.545
17659,79.036,106.497,157.939,109.571
17660,79.134,106.664,158.067,109.701
17661,79.241,106.802,158.264,109.843
17662,79.252,106.880,158.503,109.942
17663,79.299,106.791,158.403,109.888
17664,79.440,107.049,158.820,110.161
17665,79.541,107.113,158.888,110.242
17666,79.629,107.186,159.066,110.347
17667,79.648,107.313,159.083,110.401
17668,79.762,107.441,159.261,110.539
17669,79.216,106.629,157.884,109.670
17670,79.139,106.514,157.834,109.584
17671,79.057,106.534,157.821,109.556
17672,79.257,106.748,158.042,109.769
17673,79.334,106.732,158.194,109.828
17674,79.342,106.788,158.335,109.897
17675,79.321,106.785,158.184,109.844
17676,79.516,106.937,158.391,110.031
17677,79.482,106.918,158.482,110.039
17678,79.432,106.887,158.395,109.984
17679,78.716,105.785,156.425,108.781
17680,78.555,105.559,156.164,108.570
17681,78.606,105.595,156.245,108.630
17682,78.681,105.560,156.303,108.653
17683,78.609,105.494,156.257,108.591
17684,78.659,105.576,156.233,108.634
17685,78.604,105.449,156.246,108.573
17686,78.636,105.579,156.264,108.637
17687,78.581,105.332,156.096,108.487
17688,78.645,105.580,156.213,108.627
17689,78.655,105.586,156.235,108.635
17690,78.717,105.605,156.260,108.672
17691,78.680,105.586,156.106,108.603
17692,78.754,105.642,156.346,108.719
17693,78.852,105.767,156.565,108.867
17694,78.918,105.829,156.627,108.929
17695,78.892,105.693,156.614,108.860
17696,79.002,105.995,156.787,109.055
17697,79.065,105.972,156.876,109.096
17698,79.126,105.995,156.828,109.120
17699,79.109,105.985,156.912,109.135
17700,79.234,106.061,157.037,109.236
17701,79.221,106.085,157.150,109.273
17702,78.638,105.139,155.359,108.221
17703,78.398,104.899,155.066,107.966
17704,78.494,105.038,155.313,108.120
17705,78.475,105.007,155.415,108.130
17706,78.579,105.130,155.369,108.197
17707,78.690,105.140,155.621,108.314
17708,78.726,105.246,155.712,108.381
17709,78.735,105.247,155.857,108.424
17710,78.812,105.507,156.002,108.591
17711,78.949,105.374,155.968,108.581
17712,79.028,105.515,156.160,108.711
17713,79.105,105.654,156.476,108.877
17714,79.193,105.685,156.491,108.920
17715,79.204,105.691,156.677,108.974
17716,79.333,105.886,156.826,109.136
17717,79.353,105.947,157.078,109.230
17718,79.507,106.095,157.340,109.409
17719,79.482,106.165,157.353,109.430
17720,79.591,106.374,157.530,109.588
17721,79.739,106.449,157.780,109.742
17722,79.811,106.592,158.107,109.903
17723,79.860,106.674,158.276,109.991
17724,79.953,106.835,158.540,110.160
17725,80.042,106.941,158.613,110.251
17726,79.693,106.383,157.809,109.698
17727,79.641,106.303,157.674,109.612
17728,79.743,106.403,157.929,109.751
17729,79.770,106.373,158.077,109.800
17730,79.897,106.629,158.289,109.994
17731,79.913,106.640,158.455,110.048
17732,80.029,106.783,158.722,110.213
17733,80.063,106.797,158.755,110.234
17734,80.149,106.953,159.053,110.406
17735,80.138,106.946,159.037,110.393
17736,80.253,107.280,159.356,110.640
17737,80.350,107.319,159.580,110.760
17738,80.428,107.444,159.622,110.841
17739,80.461,107.448,159.867,110.916
17740,80.494,107.544,160.039,111.013
17741,80.618,107.729,160.191,111.172
17742,80.657,107.858,160.302,111.262
17743,79.958,106.761,158.714,110.169
17744,79.914,106.744,158.671,110.141
17745,79.886,106.688,158.765,110.136
17746,79.839,106.898,158.787,110.195
17747,80.028,106.907,158.820,110.277
17748,80.048,106.968,159.090,110.382
17749,80.042,107.067,159.237,110.451
17750,80.061,107.113,159.214,110.469
17751,80.179,107.210,159.458,110.619
17752,80.204,107.287,159.571,110.681
17753,80.189,107.322,159.704,110.722
17754,80.232,107.378,159.691,110.765
17755,80.236,107.396,159.674,110.768
17756,80.226,107.531,159.821,110.845
17757,80.240,107.478,159.802,110.828
17758,80.280,107.538,159.873,110.885
17759,80.217,107.548,159.888,110.878
17760,80.330,107.607,159.991,110.965
17761,80.324,107.588,160.020,110.967
17762,80.282,107.620,160.002,110.962
17763,80.251,107.643,160.059,110.972
17764,80.158,107.589,160.017,110.912
17765,80.181,107.511,159.996,110.886
17766,80.241,107.722,160.043,110.991
17767,80.153,107.546,159.911,110.868
17768,80.178,107.460,159.856,110.832
17769,80.048,107.478,159.737,110.759
17770,80.018,107.477,159.704,110.738
17771,80.054,107.485,159.462,110.688
17772,80.042,107.391,159.784,110.745
17773,79.891,107.327,159.593,110.613
17774,79.998,107.404,159.372,110.621
17775,79.756,107.225,159.241,110.433
17776,79.801,107.288,159.212,110.467
17777,79.782,107.258,159.245,110.460
17778,79.786,107.213,159.311,110.458
17779,79.715,107.249,159.201,110.419
17780,79.711,107.209,159.241,110.416
17781,79.666,107.105,159.041,110.312
17782,79.716,107.167,159.112,110.369
17783,79.739,107.019,158.881,110.263
17784,79.711,107.056,158.922,110.280
17785,79.621,106.974,158.746,110.163
17786,79.756,107.052,158.565,110.195
17787,79.585,106.919,158.504,110.067
17788,79.574,106.850,158.521,110.047
17789,79.506,106.774,158.299,109.937
17790,79.481,106.834,158.160,109.910
17791,79.527,106.793,158.284,109.945
17792,79.547,106.714,158.172,109.894
17793,79.525,106.720,158.119,109.884
17794,79.438,106.645,157.928,109.769
17795,79.376,106.558,157.807,109.682
17796,79.303,106.502,157.552,109.567
17797,79.200,106.318,157.541,109.451
17798,79.239,106.338,157.382,109.431
17799,79.132,106.239,157.342,109.350
17800,79.211,106.243,157.171,109.333
17801,79.140,106.063,156.993,109.192
17802,79.054,106.026,156.822,109.105
17803,79.092,105.906,156.715,109.041
17804,79.012,105.852,156.718,109.003
17805,78.913,105.779,156.427,108.855
17806,78.994,105.824,156.485,108.916
17807,78.904,105.735,156.350,108.818
17808,78.911,105.754,156.237,108.793
17809,78.768,105.565,156.156,108.643
17810,78.801,105.393,155.858,108.521
17811,78.706,105.444,155.928,108.528
17812,78.707,105.488,155.867,108.523
17813,78.777,105.396,155.757,108.481
17814,78.741,105.391,155.682,108.447
17815,78.681,105.299,155.599,108.368
17816,78.797,105.330,155.726,108.454
17817,78.777,105.202,155.533,108.347
17818,78.782,105.193,155.653,108.381
17819,78.776,105.157,155.543,108.334
17820,78.791,105.170,155.378,108.301
17821,78.775,105.217,155.500,108.340
17822,78.837,105.199,155.451,108.337
17823,78.698,105.120,155.122,108.168
17824,78.817,105.189,155.356,108.306
17825,78.774,105.181,155.468,108.311
17826,78.867,105.174,155.263,108.289
17827,78.851,105.171,155.326,108.294
17828,78.904,105.176,155.489,108.364
17829,78.822,105.137,155.508,108.324
17830,78.928,105.224,155.501,108.387
17831,78.935,105.107,155.478,108.349
17832,79.076,105.310,155.806,108.554
17833,79.018,105.351,155.753,108.531
17834,79.069,105.326,155.744,108.543
17835,79.132,105.338,155.822,108.593
17836,79.120,105.420,156.022,108.660
17837,79.195,105.509,156.197,108.775
17838,79.226,105.584,156.233,108.821
17839,79.244,105.584,156.277,108.831
17840,79.288,105.617,156.434,108.899
17841,79.384,105.671,156.530,108.983
17842,79.408,105.810,156.627,109.070
17843,79.409,105.788,156.568,109.047
17844,79.457,105.797,156.748,109.116
17845,79.415,105.758,156.728,109.082
17846,79.447,105.939,156.878,109.195
17847,79.594,106.085,157.045,109.346
17848,79.655,106.264,157.198,109.468
17849,79.622,106.059,157.278,109.409
17850,79.670,106.063,157.249,109.418
17851,79.788,106.227,157.416,109.569
17852,79.755,106.332,157.489,109.614
17853,79.774,106.438,157.533,109.670
17854,79.888,106.593,157.807,109.841
17855,79.939,106.624,157.925,109.902
17856,80.047,106.687,158.127,110.022
17857,80.146,106.654,158.270,110.080
17858,80.090,106.793,158.332,110.123
17859,80.083,106.783,158.441,110.153
17860,80.241,107.002,158.702,110.358
17861,80.243,107.108,158.771,110.416
17862,80.290,107.064,158.769,110.418
17863,80.348,107.264,159.061,110.581
17864,80.465,107.327,159.266,110.702
17865,80.323,107.156,159.233,110.594
17866,80.449,107.395,159.442,110.771
17867,80.441,107.443,159.430,110.793
17868,80.490,107.611,159.654,110.925
17869,80.574,107.576,159.724,110.963
17870,80.619,107.682,159.812,111.041
17871,80.648,107.754,160.015,111.127
17872,80.735,107.862,160.173,111.252
17873,80.749,107.883,160.254,111.284
17874,80.734,107.994,160.300,111.331
17875,80.738,107.938,160.374,111.332
17876,80.766,108.129,160.510,111.455
17877,80.771,108.207,160.670,111.530
17878,80.851,108.237,160.872,111.618
17879,80.838,108.242,160.812,111.609
17880,80.782,108.119,160.538,111.468
17881,80.704,108.224,160.452,111.453
17882,80.762,108.169,160.448,111.456
17883,80.664,108.126,160.526,111.420
17884,80.649,108.044,160.486,111.378
17885,80.542,108.048,160.282,111.284
17886,80.564,107.899,160.204,111.216
17887,80.462,107.865,160.102,111.149
17888,80.577,108.007,160.415,111.326
17889,80.398,107.811,160.153,111.121
17890,80.344,107.700,159.805,110.960
17891,80.157,107.633,159.591,110.807
17892,80.153,107.531,159.662,110.799
17893,80.159,107.601,159.576,110.795
17894,80.198,107.666,159.654,110.858
17895,80.172,107.681,159.839,110.905
17896,80.200,107.692,159.788,110.904
17897,80.142,107.611,159.778,110.859
17898,80.097,107.617,159.554,110.776
17899,80.029,107.457,159.366,110.653
17900,80.025,107.407,159.353,110.623
17901,79.984,107.327,159.257,110.553
17902,80.038,107.360,159.326,110.602
17903,79.906,107.245,159.053,110.451
17904,79.920,107.320,158.957,110.453
17905,79.792,107.068,158.778,110.265
17906,79.819,107.084,158.739,110.270
17907,79.686,106.948,158.541,110.119
17908,79.642,106.900,158.380,110.041
17909,79.607,106.842,158.249,109.986
17910,79.550,106.802,158.185,109.923
17911,79.412,106.595,157.890,109.714
17912,79.480,106.651,157.914,109.773
17913,79.489,106.627,157.801,109.742
17914,79.365,106.507,157.504,109.569
17915,79.300,106.425,157.608,109.541
17916,79.221,106.286,157.322,109.386
17917,79.093,106.178,157.092,109.246
17918,79.127,106.132,156.923,109.190
17919,78.912,105.883,156.498,108.908
17920,78.943,105.811,156.539,108.900
17921,78.962,105.816,156.415,108.875
17922,78.880,105.679,156.253,108.754
17923,78.718,105.471,155.875,108.519
17924,78.745,105.564,155.871,108.556
17925,78.722,105.375,155.675,108.429
17926,78.640,105.281,155.498,108.315
17927,78.645,105.172,155.500,108.278
17928,78.572,105.112,155.183,108.143
17929,78.602,105.017,155.304,108.153
17930,78.563,104.945,155.143,108.060
17931,78.531,104.869,155.072,108.011
17932,78.475,104.957,155.029,108.014
17933,78.493,104.861,155.002,107.972
17934,78.477,104.928,154.989,107.988
17935,78.412,104.792,154.734,107.837
17936,78.537,104.912,155.030,108.012
17937,78.540,104.838,154.809,107.923
17938,78.520,104.720,154.725,107.848
17939,78.472,104.724,154.581,107.794
17940,78.529,104.794,154.682,107.865
17941,78.525,104.863,154.787,107.916
17942,78.610,104.901,154.855,107.980
17943,78.715,104.861,154.828,107.992
17944,78.681,104.909,155.066,108.060
17945,78.659,104.888,154.954,108.016
17946,78.675,104.894,154.904,108.013
17947,78.717,104.915,154.961,108.052
17948,78.754,104.983,155.131,108.138
17949,78.766,105.027,155.110,108.146
17950,78.789,105.003,155.172,108.161
17951,78.762,104.948,155.222,108.144
17952,78.920,105.164,155.413,108.328
17953,78.909,105.138,155.354,108.300
17954,78.956,105.263,155.648,108.439
17955,78.958,105.210,155.586,108.400
17956,78.945,105.206,155.635,108.413
17957,79.016,105.333,155.716,108.510
17958,79.091,105.410,155.867,108.603
17959,79.024,105.459,155.813,108.576
17960,79.078,105.410,155.972,108.619
17961,79.184,105.424,155.968,108.663
17962,79.208,105.564,156.021,108.735
17963,79.264,105.580,156.240,108.822
17964,79.342,105.630,156.294,108.883
17965,79.243,105.659,156.260,108.847
17966,79.345,105.716,156.456,108.953
17967,79.311,105.624,156.461,108.911
17968,79.408,105.751,156.526,109.012
17969,79.399,105.857,156.725,109.099
17970,79.510,105.921,156.740,109.167
17971,79.552,105.860,156.852,109.193
17972,79.586,106.030,156.924,109.280
17973,79.597,106.127,157.110,109.367
17974,79.738,106.147,157.267,109.467
17975,79.715,106.199,157.301,109.490
17976,79.820,106.404,157.647,109.699
17977,79.846,106.379,157.734,109.725
17978,79.892,106.592,157.937,109.868
17979,79.895,106.477,157.797,109.791
17980,79.830,106.534,158.022,109.852
17981,79.944,106.431,158.100,109.875
17982,80.157,106.799,158.542,110.210
17983,80.152,106.813,158.699,110.255
17984,80.211,107.012,158.888,110.399
17985,80.153,106.997,158.885,110.373
17986,80.159,106.997,158.970,110.396
17987,80.147,107.091,158.952,110.419
17988,80.262,107.175,159.100,110.535
17989,80.208,107.142,159.028,110.485
17990,80.184,107.228,159.140,110.532
17991,80.252,107.303,159.319,110.631
17992,80.334,107.390,159.359,110.704
17993,80.409,107.335,159.432,110.732
17994,80.320,107.415,159.492,110.745
17995,80.361,107.394,159.421,110.728
17996,80.359,107.285,159.462,110.709
17997,80.371,107.425,159.536,110.778
17998,80.403,107.532,159.642,110.862
17999,80.396,107.442,159.742,110.849
18000,80.376,107.485,159.616,110.823
18001,80.468,107.620,159.750,110.938
18002,80.404,107.614,159.771,110.924
18003,80.377,107.551,159.642,110.863
18004,80.417,107.619,159.742,110.929
18005,80.306,107.413,159.690,110.805
18006,80.332,107.576,159.885,110.928
18007,80.345,107.505,159.727,110.867
18008,80.351,107.600,159.697,110.885
18009,80.280,107.403,159.592,110.761
18010,80.250,107.478,159.532,110.772
18011,80.260,107.492,159.582,110.786
18012,80.166,107.461,159.504,110.722
18013,80.153,107.478,159.621,110.751
18014,80.150,107.429,159.461,110.696
18015,80.095,107.352,159.439,110.633
18016,80.154,107.401,159.523,110.697
18017,80.038,107.340,159.333,110.591
18018,80.131,107.351,159.482,110.667
18019,80.008,107.271,159.274,110.539
18020,79.994,107.330,159.356,110.580
18021,80.016,107.277,159.203,110.531
18022,79.999,107.262,159.214,110.516
18023,79.916,107.170,159.054,110.412
18024,79.947,107.144,159.002,110.401
18025,79.795,106.907,158.832,110.207
18026,79.747,107.043,158.954,110.281
18027,79.774,107.081,158.869,110.274
18028,79.782,107.014,158.838,110.250
18029,79.635,106.951,158.629,110.119
18030,79.671,106.926,158.546,110.106
18031,79.583,106.801,158.487,110.007
18032,79.594,106.733,158.339,109.946
18033,79.485,106.738,158.200,109.869
18034,79.582,106.794,158.307,109.959
18035,79.438,106.615,157.953,109.744
18036,79.412,106.599,158.097,109.775
18037,79.342,106.408,157.726,109.578
18038,79.299,106.329,157.698,109.520
18039,79.245,106.276,157.526,109.438
18040,79.225,106.205,157.315,109.348
18041,79.095,106.125,157.288,109.266
18042,79.119,106.035,157.126,109.204
18043,79.044,106.060,157.023,109.155
18044,79.005,105.961,156.847,109.058
18045,78.876,105.633,156.480,108.789
18046,78.861,105.698,156.369,108.778
18047,78.726,105.637,156.203,108.661
18048,78.780,105.677,156.093,108.666
18049,78.604,105.537,156.009,108.531
18050,78.562,105.408,155.854,108.432
18051,78.579,105.324,155.799,108.392
18052,78.595,105.329,155.592,108.339
18053,78.651,105.388,155.680,108.404
18054,78.556,105.275,155.554,108.294
18055,78.436,105.130,155.331,108.140
18056,78.481,105.128,155.263,108.134
18057,78.445,105.119,155.160,108.088
18058,78.516,105.021,155.126,108.075
18059,78.390,105.034,155.017,108.002
18060,78.389,104.922,154.912,107.935
18061,78.330,104.836,154.870,107.870
18062,78.323,104.784,154.719,107.809
18063,78.253,104.820,154.840,107.829
18064,78.320,104.824,154.703,107.814
18065,78.256,104.745,154.619,107.749
18066,78.207,104.739,154.514,107.691
18067,78.152,104.679,154.338,107.602
18068,78.125,104.581,154.291,107.546
18069,78.127,104.499,154.148,107.475
18070,78.102,104.388,154.091,107.414
18071,78.045,104.297,153.930,107.307
18072,78.069,104.357,154.070,107.379
18073,78.061,104.386,153.914,107.348
18074,78.057,104.301,153.854,107.292
18075,77.966,104.267,153.742,107.214
18076,77.968,104.101,153.548,107.105
18077,77.944,104.177,153.621,107.143
18078,77.984,104.080,153.607,107.118
18079,77.881,104.087,153.461,107.051
18080,77.855,103.934,153.551,107.003
18081,77.977,103.979,153.523,107.056
18082,78.011,104.041,153.484,107.071
18083,77.971,104.029,153.602,107.091
18084,78.041,104.076,153.569,107.124
18085,77.826,103.943,153.233,106.903
18086,77.903,103.985,153.225,106.948
18087,77.874,103.911,153.029,106.854
18088,77.922,103.905,153.314,106.948
18089,77.923,103.932,153.070,106.881
18090,77.891,103.838,152.947,106.807
18091,77.912,103.784,152.987,106.804
18092,77.961,103.916,153.154,106.922
18093,78.036,103.929,153.037,106.917
18094,78.038,103.940,153.141,106.945
18095,77.941,103.936,153.122,106.902
18096,78.066,103.939,153.344,107.006
18097,78.094,104.074,153.330,107.066
18098,78.189,104.114,153.432,107.139
18099,78.137,104.131,153.444,107.126
18100,78.238,104.095,153.639,107.212
18101,78.254,104.106,153.562,107.202
18102,78.318,104.244,153.844,107.352
18103,78.246,104.193,153.634,107.242
18104,78.341,104.311,153.882,107.388
18105,78.403,104.312,153.822,107.397
18106,78.426,104.315,154.082,107.468
18107,78.419,104.324,154.285,107.533
18108,78.513,104.474,154.272,107.614
18109,78.486,104.503,154.356,107.640
18110,78.548,104.447,154.455,107.661
18111,78.642,104.592,154.555,107.777
18112,78.608,104.692,154.680,107.829
18113,78.736,104.831,154.823,107.960
18114,78.777,104.903,155.052,108.069
18115,78.785,104.862,155.096,108.072
18116,78.812,104.937,155.211,108.133
18117,78.914,105.007,155.374,108.245
18118,78.996,105.025,155.465,108.299
18119,78.901,105.073,155.386,108.270
18120,79.099,105.125,155.823,108.475
18121,79.147,105.235,155.949,108.565
18122,79.201,105.473,155.869,108.638
18123,79.184,105.403,156.037,108.662
18124,79.231,105.448,156.146,108.718
18125,79.229,105.407,156.220,108.723
18126,79.306,105.703,156.374,108.901
18127,79.361,105.743,156.454,108.957
18128,79.393,105.831,156.591,109.038
18129,79.303,105.778,156.488,108.956
18130,79.390,105.885,156.992,109.170
18131,79.421,105.967,156.920,109.187
18132,79.522,106.037,157.214,109.329
18133,79.492,106.007,157.196,109.305
18134,79.548,106.129,157.221,109.374
18135,79.524,106.092,157.320,109.381
18136,79.640,106.247,157.477,109.522
18137,79.631,106.255,157.468,109.527
18138,79.631,106.325,157.540,109.560
18139,79.556,106.334,157.506,109.529
18140,79.570,106.261,157.547,109.521
18141,79.551,106.275,157.606,109.529
18142,79.706,106.401,157.730,109.669
18143,79.637,106.324,157.696,109.617
18144,79.746,106.436,157.976,109.762
18145,79.676,106.354,157.825,109.678
18146,79.638,106.354,157.956,109.690
18147,79.564,106.461,157.858,109.677
18148,79.694,106.489,157.910,109.758
18149,79.616,106.413,157.878,109.689
18150,79.577,106.481,158.046,109.748
18151,79.611,106.497,157.961,109.745
18152,79.585,106.559,158.091,109.789
18153,79.613,106.544,157.951,109.752
18154,79.615,106.544,157.970,109.763
18155,79.584,106.464,157.979,109.722
18156,79.496,106.453,157.981,109.696
18157,79.522,106.321,157.817,109.612
18158,79.478,106.414,157.852,109.643
18159,79.438,106.253,157.742,109.531
18160,79.422,106.297,157.662,109.526
18161,79.359,106.214,157.588,109.452
18162,79.372,106.252,157.627,109.484
18163,79.268,106.139,157.561,109.387
18164,79.279,106.127,157.358,109.326
18165,79.155,106.058,157.326,109.250
18166,79.162,106.090,157.329,109.277
18167,79.138,106.060,157.288,109.236
18168,79.194,106.084,157.103,109.220
18169,79.045,105.965,157.070,109.118
18170,78.998,105.855,156.852,108.994
18171,78.956,105.791,156.810,108.943
18172,78.959,105.832,156.790,108.956
18173,78.886,105.746,156.704,108.873
18174,78.884,105.674,156.541,108.809
18175,78.799,105.594,156.478,108.731
18176,78.826,105.634,156.318,108.713
18177,78.806,105.465,156.304,108.640
18178,78.792,105.523,156.320,108.664
18179,78.664,105.511,156.350,108.624
18180,78.730,105.456,156.151,108.569
18181,78.688,105.435,156.094,108.539
18182,78.618,105.403,156.223,108.539
18183,78.710,105.587,156.325,108.661
18184,78.705,105.494,156.254,108.610
18185,78.613,105.396,155.828,108.423
18186,78.535,105.459,155.835,108.416
18187,78.467,105.223,155.603,108.243
18188,78.505,105.246,155.644,108.290
18189,78.407,105.077,155.515,108.152
18190,78.383,105.136,155.509,108.162
18191,78.356,105.123,155.349,108.105
18192,78.369,105.048,155.265,108.055
18193,78.311,105.028,155.132,107.993
18194,78.367,104.964,155.186,108.007
18195,78.257,104.927,155.182,107.954
18196,78.252,104.858,155.118,107.911
18197,78.194,104.767,154.868,107.795
18198,78.100,104.730,154.612,107.671
18199,77.954,104.518,154.577,107.534
18200,78.078,104.668,154.504,107.616
18201,78.044,104.525,154.498,107.540
18202,78.053,104.547,154.540,107.565
18203,78.008,104.406,154.335,107.457
18204,78.030,104.433,154.300,107.459
18205,78.012,104.430,154.252,107.435
18206,77.956,104.347,154.072,107.341
18207,77.920,104.375,154.129,107.347
18208,77.937,104.358,153.941,107.300
18209,77.919,104.277,153.987,107.273
18210,77.908,104.354,153.888,107.265
18211,77.915,104.196,153.888,107.209
18212,77.950,104.147,153.840,107.193
18213,77.822,104.199,153.773,107.153
18214,77.873,104.128,153.789,107.148
18215,77.793,104.019,153.418,106.978
18216,77.808,104.079,153.440,107.009
18217,77.796,104.059,153.397,106.982
18218,77.757,104.075,153.327,106.956
18219,77.653,103.850,153.200,106.803
18220,77.673,103.867,153.052,106.774
18221,77.648,103.830,153.116,106.768
18222,77.738,103.757,153.031,106.759
18223,77.609,103.838,152.881,106.697
18224,77.713,103.895,153.038,106.795
18225,77.646,103.893,153.135,106.793
18226,77.709,103.748,153.113,106.767
18227,77.700,103.866,152.962,106.756
18228,77.790,103.820,152.958,106.768
18229,77.678,103.723,152.872,106.680
18230,77.731,103.694,153.006,106.727
18231,77.697,103.748,153.038,106.738
18232,77.693,103.815,153.088,106.773
18233,77.725,103.742,152.976,106.723
18234,77.723,103.760,152.838,106.690
18235,77.719,103.711,152.992,106.711
18236,77.672,103.612,152.512,106.529
18237,77.645,103.553,152.656,106.540
18238,77.662,103.584,152.639,106.559
18239,77.595,103.562,152.663,106.523
18240,77.577,103.549,152.491,106.470
18241,77.699,103.583,152.688,106.578
18242,77.716,103.708,152.579,106.602
18243,77.743,103.595,152.641,106.584
18244,77.786,103.721,152.703,106.658
18245,77.670,103.646,152.668,106.592
18246,77.715,103.748,152.892,106.691
18247,77.761,103.751,152.787,106.689
18248,77.889,103.814,152.853,106.776
18249,77.829,103.745,152.841,106.723
18250,77.810,103.675,152.785,106.672
18251,77.878,103.802,152.927,106.781
18252,77.884,103.815,152.942,106.789
18253,77.882,103.866,153.011,106.831
18254,77.983,103.891,152.995,106.872
18255,77.883,103.821,153.019,106.815
18256,77.965,103.919,153.071,106.892
18257,78.006,103.790,153.059,106.855
18258,78.004,103.917,153.176,106.935
18259,78.007,103.870,153.188,106.921
18260,78.083,104.021,153.198,107.011
18261,78.030,103.919,153.119,106.929
18262,78.128,103.869,153.360,107.015
18263,78.115,104.051,153.360,107.069
18264,78.132,104.139,153.431,107.132
18265,78.161,104.063,153.620,107.162
18266,78.170,104.067,153.515,107.139
18267,78.195,104.152,153.550,107.183
18268,78.284,104.168,153.534,107.214
18269,78.215,104.141,153.763,107.243
18270,78.277,104.175,153.733,107.272
18271,78.327,104.173,153.772,107.302
18272,78.411,104.417,154.194,107.530
18273,78.424,104.401,154.217,107.538
18274,78.479,104.460,154.277,107.590
18275,78.434,104.445,154.239,107.565
18276,78.516,104.516,154.327,107.646
18277,78.533,104.439,154.454,107.654
18278,78.579,104.551,154.470,107.709
18279,78.529,104.628,154.667,107.768
18280,78.640,104.681,154.864,107.885
18281,78.764,104.727,154.857,107.946
18282,78.700,104.829,154.826,107.952
18283,78.694,104.739,154.902,107.934
18284,78.719,104.832,154.963,107.993
18285,78.715,104.958,155.090,108.078
18286,78.783,104.943,155.230,108.130
18287,78.880,105.100,155.243,108.224
18288,78.937,105.157,155.506,108.342
18289,78.925,105.010,155.375,108.246
18290,78.968,105.233,155.594,108.397
18291,79.042,105.205,155.646,108.433
18292,79.049,105.309,155.870,108.534
18293,79.016,105.477,156.027,108.621
18294,79.118,105.443,156.086,108.662
18295,79.103,105.448,156.288,108.718
18296,79.221,105.732,156.360,108.874
18297,79.216,105.610,156.458,108.866
18298,79.300,105.848,156.807,109.073
18299,79.305,105.867,156.749,109.070
18300,79.328,105.876,156.909,109.121
18301,79.396,105.974,157.052,109.219
18302,79.482,106.100,157.264,109.354
18303,79.449,106.114,157.260,109.345
18304,79.586,106.249,157.450,109.496
18305,79.493,106.220,157.468,109.458
18306,79.554,106.290,157.432,109.495
18307,79.555,106.246,157.563,109.515
18308,79.544,106.279,157.704,109.575
18309,79.527,106.349,157.601,109.558
18310,79.536,106.282,157.595,109.529
18311,79.591,106.376,157.741,109.625
18312,79.658,106.495,157.816,109.712
18313,79.637,106.435,157.942,109.717
18314,79.602,106.502,157.973,109.743
18315,79.579,106.451,157.868,109.692
18316,79.607,106.496,157.964,109.742
18317,79.556,106.415,157.926,109.677
18318,79.606,106.488,157.910,109.728
18319,79.491,106.353,157.992,109.659
18320,79.550,106.410,157.862,109.665
18321,79.470,106.443,157.812,109.634
18322,79.563,106.473,157.794,109.671
18323,79.420,106.437,157.872,109.634
18324,79.520,106.446,157.790,109.647
18325,79.381,106.345,157.798,109.564
18326,79.358,106.301,157.585,109.488
18327,79.210,106.170,157.365,109.326
18328,79.350,106.279,157.419,109.428
18329,79.284,106.127,157.464,109.369
18330,79.150,106.145,157.474,109.326
18331,79.148,106.132,157.318,109.275
18332,79.137,106.030,157.218,109.210
18333,79.082,106.043,157.223,109.198
18334,79.029,105.971,157.024,109.092
18335,78.945,105.924,156.934,109.029
18336,79.051,105.974,156.903,109.076
18337,78.921,105.898,156.901,108.999
18338,78.936,105.871,156.635,108.921
18339,78.857,105.790,156.482,108.824
18340,78.774,105.541,156.436,108.694
18341,78.688,105.539,156.296,108.622
18342,78.737,105.647,156.218,108.665
18343,78.754,105.539,156.192,108.619
18344,78.784,105.520,156.110,108.602
18345,78.656,105.431,156.021,108.507
18346,78.607,105.373,155.889,108.424
18347,78.552,105.285,155.704,108.317
18348,78.573,105.276,155.610,108.301
18349,78.539,105.130,155.612,108.248
18350,78.471,105.164,155.569,108.217
18351,78.344,105.120,155.595,108.170
18352,78.415,105.193,155.583,108.215
18353,78.407,105.005,155.269,108.059
18354,78.355,104.852,155.006,107.915
18355,78.225,104.864,154.939,107.855
18356,78.115,104.788,154.920,107.775
18357,78.104,104.694,154.663,107.674
18358,78.157,104.692,154.595,107.680
18359,77.949,104.500,154.269,107.439
18360,77.968,104.494,154.267,107.440
18361,77.994,104.443,154.241,107.422
18362,77.916,104.332,153.972,107.282
18363,77.914,104.316,153.799,107.226
18364,77.898,104.216,153.609,107.136
18365,77.752,103.977,153.579,106.989
18366,77.722,103.913,153.275,106.869
18367,77.700,103.865,153.184,106.826
18368,77.611,103.897,153.196,106.806
18369,77.570,103.783,153.114,106.720
18370,77.600,103.741,153.046,106.701
18371,77.509,103.709,152.901,106.618
18372,77.532,103.631,152.662,106.529
18373,77.459,103.509,152.488,106.418
18374,77.437,103.501,152.533,106.420
18375,77.396,103.436,152.479,106.364
18376,77.400,103.491,152.440,106.374
18377,77.350,103.393,152.274,106.267
18378,77.326,103.282,152.142,106.185
18379,77.281,103.219,152.098,106.135
18380,77.294,103.137,152.038,106.101
18381,77.230,103.086,151.988,106.040
18382,77.225,103.115,151.907,106.027
18383,77.261,103.088,151.836,106.013
18384,77.285,103.095,151.942,106.055
18385,77.245,103.072,151.743,105.970
18386,77.272,103.101,151.758,106.000
18387,77.234,102.949,151.705,105.912
18388,77.282,102.988,151.770,105.964
18389,77.182,102.880,151.584,105.835
18390,77.187,102.901,151.567,105.836
18391,77.268,102.914,151.553,105.872
18392,77.310,102.968,151.679,105.937
18393,77.334,102.955,151.845,105.986
18394,77.335,103.054,151.923,106.044
18395,77.352,103.064,151.790,106.012
18396,77.447,103.137,151.854,106.082
18397,77.448,103.051,151.842,106.062
18398,77.491,103.103,151.890,106.101
18399,77.514,103.130,151.963,106.138
18400,77.506,103.185,152.080,106.187
18401,77.574,103.127,152.128,106.203
18402,77.540,103.128,151.863,106.114
18403,77.536,103.186,151.842,106.135
18404,77.566,103.231,152.115,106.235
18405,77.624,103.080,151.986,106.160
18406,77.679,103.271,152.160,106.292
18407,77.680,103.379,152.356,106.393
18408,77.795,103.358,152.316,106.410
18409,77.698,103.421,152.394,106.414
18410,77.693,103.416,152.437,106.428
18411,77.760,103.526,152.574,106.525
18412,77.872,103.595,152.827,106.660
18413,77.945,103.569,152.826,106.686
18414,77.925,103.584,152.877,106.693
18415,77.935,103.666,152.978,106.747
18416,77.989,103.726,153.121,106.830
18417,78.093,103.919,153.564,107.057
18418,78.188,103.986,153.656,107.143
18419,78.214,104.040,153.763,107.198
18420,78.298,104.098,153.923,107.292
18421,78.226,104.175,154.027,107.324
18422,78.308,104.219,154.188,107.420
18423,78.354,104.358,154.371,107.526
18424,78.369,104.441,154.451,107.586
18425,78.398,104.424,154.484,107.595
18426,78.500,104.461,154.581,107.668
18427,78.491,104.557,154.818,107.764
18428,78.549,104.752,154.798,107.857
18429,78.544,104.724,155.029,107.909
18430,78.609,104.740,155.079,107.950
18431,78.651,104.796,154.985,107.956
18432,78.631,104.915,155.355,108.099
18433,78.679,104.882,155.292,108.086
18434,78.746,104.982,155.479,108.193
18435,78.701,104.970,155.422,108.159
18436,78.884,105.043,155.637,108.306
18437,78.742,105.127,155.611,108.281
18438,78.858,105.117,155.560,108.305
18439,78.791,105.180,155.644,108.320
18440,78.834,105.316,155.775,108.419
18441,78.883,105.164,155.927,108.434
18442,78.934,105.288,155.974,108.508
18443,78.954,105.276,155.858,108.481
18444,78.922,105.370,156.039,108.552
18445,78.852,105.292,156.066,108.507
18446,78.862,105.261,155.993,108.482
18447,78.817,105.363,156.104,108.530
18448,78.875,105.422,156.062,108.558
18449,78.834,105.323,156.047,108.503
18450,78.827,105.348,156.026,108.507
18451,78.712,105.370,155.857,108.428
18452,78.795,105.363,156.011,108.496
18453,78.821,105.223,156.020,108.462
18454,78.837,105.251,155.972,108.460
18455,78.761,105.296,155.899,108.428
18456,78.876,105.362,156.093,108.546
18457,78.825,105.303,156.029,108.500
18458,78.833,105.343,156.131,108.545
18459,78.824,105.313,156.048,108.502
18460,78.740,105.344,156.117,108.497
18461,78.756,105.377,156.193,108.541
18462,78.699,105.339,156.079,108.476
18463,78.736,105.356,156.078,108.499
18464,78.808,105.304,156.192,108.537
18465,78.777,105.326,156.091,108.504
18466,78.693,105.292,156.093,108.460
18467,78.590,105.123,155.796,108.293
18468,78.625,105.188,155.987,108.375
18469,78.434,105.081,155.639,108.167
18470,78.498,105.048,155.665,108.189
18471,78.541,104.942,155.604,108.152
18472,78.452,105.107,155.523,108.159
18473,78.396,105.041,155.531,108.112
18474,78.329,104.883,155.177,107.945
18475,78.332,104.824,155.037,107.882
18476,78.216,104.775,154.914,107.788
18477,78.240,104.780,154.974,107.821
18478,78.111,104.633,154.746,107.657
18479,78.012,104.620,154.512,107.551
18480,78.104,104.574,154.507,107.572
18481,77.966,104.401,154.265,107.394
18482,77.945,104.368,154.265,107.378
18483,77.830,104.271,154.182,107.280
18484,77.941,104.270,154.035,107.278
18485,77.684,104.107,153.767,107.051
18486,77.739,104.092,153.787,107.071
18487,77.653,103.970,153.495,106.915
18488,77.549,103.931,153.342,106.829
18489,77.469,103.857,153.114,106.711
18490,77.343,103.478,152.834,106.449
18491,77.338,103.459,152.713,106.407
18492,77.282,103.421,152.539,106.328
18493,77.200,103.240,152.347,106.184
18494,77.128,103.177,152.020,106.044
18495,76.954,102.947,151.828,105.847
18496,77.122,103.040,151.771,105.924
18497,76.987,102.834,151.632,105.762
18498,76.903,102.726,151.343,105.622
18499,76.729,102.657,151.087,105.459
18500,76.721,102.533,150.911,105.353
18501,76.725,102.399,150.729,105.263
18502,76.739,102.457,150.815,105.315
18503,76.629,102.377,150.620,105.193
18504,76.741,102.427,150.660,105.262
18505,76.604,102.368,150.511,105.147
18506,76.632,102.283,150.608,105.152
18507,76.600,102.092,150.390,105.014
18508,76.578,102.097,150.301,104.985
18509,76.556,101.993,150.080,104.873
18510,76.528,102.022,150.147,104.894
18511,76.552,101.987,149.937,104.837
18512,76.528,101.963,150.077,104.854
18513,76.530,101.931,149.956,104.812
18514,76.537,101.956,149.930,104.811
18515,76.506,101.840,149.930,104.762
18516,76.461,101.916,149.792,104.731
18517,76.420,101.728,149.806,104.653
18518,76.485,101.808,149.719,104.683
18519,76.438,101.823,149.710,104.664
18520,76.478,101.876,149.685,104.690
18521,76.580,101.877,149.764,104.751
18522,76.512,101.925,149.845,104.753
18523,76.508,101.913,149.802,104.743
18524,76.516,101.898,149.770,104.735
18525,76.451,101.786,149.631,104.629
18526,76.542,101.890,149.911,104.784
18527,76.623,102.030,150.048,104.890
18528,76.735,102.106,150.230,105.012
18529,76.646,102.134,150.317,105.006
18530,76.747,102.125,150.334,105.047
18531,76.862,102.148,150.601,105.173
18532,76.870,102.186,150.638,105.199
18533,76.892,102.276,150.703,105.248
18534,77.025,102.428,150.789,105.369
18535,76.961,102.392,150.792,105.342
18536,77.004,102.576,151.012,105.480
18537,77.069,102.575,151.105,105.528
18538,77.179,102.631,151.260,105.628
18539,77.101,102.549,151.410,105.621
18540,77.202,102.751,151.645,105.789
18541,77.192,102.732,151.485,105.732
18542,77.343,102.898,151.860,105.945
18543,77.388,103.025,152.075,106.064
18544,77.508,103.202,152.262,106.224
18545,77.487,103.300,152.282,106.256
18546,77.546,103.188,152.434,106.276
18547,77.530,103.285,152.319,106.271
18548,77.682,103.314,152.419,106.365
18549,77.577,103.241,152.317,106.275
18550,77.607,103.434,152.488,106.403
18551,77.651,103.404,152.639,106.450
18552,77.760,103.660,152.882,106.645
18553,77.711,103.615,152.969,106.635
18554,77.897,103.870,153.318,106.892
18555,77.960,103.872,153.364,106.921
18556,77.964,103.856,153.545,106.970
18557,77.946,103.997,153.725,107.073
18558,78.032,104.018,153.738,107.106
18559,77.954,103.898,153.832,107.063
18560,77.952,104.062,153.823,107.118
18561,78.051,104.183,154.053,107.256
18562,78.094,104.152,154.085,107.273
18563,78.098,104.283,154.253,107.372
18564,78.109,104.417,154.308,107.428
18565,78.052,104.298,154.338,107.379
18566,78.131,104.367,154.350,107.439
18567,78.162,104.347,154.403,107.456
18568,78.195,104.460,154.596,107.567
18569,78.150,104.459,154.488,107.518
18570,78.145,104.488,154.423,107.508
18571,78.098,104.439,154.619,107.529
18572,78.159,104.507,154.674,107.592
18573,78.130,104.484,154.586,107.542
18574,78.036,104.469,154.433,107.466
18575,77.916,104.204,154.382,107.316
18576,77.997,104.286,154.442,107.394
18577,77.899,104.283,154.304,107.323
18578,77.820,104.266,154.098,107.228
18579,77.766,104.198,154.179,107.211
18580,77.707,104.034,153.927,107.056
18581,77.647,103.969,153.706,106.960
18582,77.653,104.006,153.669,106.961
18583,77.576,103.863,153.546,106.851
18584,77.457,103.731,153.485,106.750
18585,77.475,103.795,153.564,106.799
18586,77.373,103.692,153.440,106.694
18587,77.298,103.605,153.107,106.540
18588,77.277,103.529,153.139,106.524
18589,77.088,103.368,152.738,106.279
18590,77.080,103.285,152.542,106.202
18591,76.907,103.146,152.273,106.015
18592,77.008,103.158,152.370,106.077
18593,77.020,103.077,152.167,105.998
18594,76.949,103.048,151.902,105.893
18595,76.736,102.848,151.676,105.689
18596,76.656,102.609,151.370,105.485
18597,76.650,102.565,151.204,105.421
18598,76.640,102.583,151.070,105.380
18599,76.558,102.536,151.068,105.332
18600,76.562,102.522,151.051,105.332
18601,76.536,102.432,150.906,105.250
18602,76.464,102.330,150.644,105.114
18603,76.397,102.233,150.575,105.035
18604,76.407,102.172,150.556,105.016
18605,76.283,102.038,150.164,104.818
18606,76.307,102.034,150.209,104.841
18607,76.264,101.940,150.182,104.782
18608,76.310,101.989,150.066,104.786
18609,76.169,101.842,149.935,104.644
18610,76.125,101.822,149.668,104.548
18611,76.155,101.748,149.689,104.535
18612,76.049,101.545,149.269,104.301
18613,76.074,101.596,149.310,104.341
18614,76.054,101.531,149.250,104.302
18615,75.974,101.471,149.156,104.218
18616,76.016,101.473,149.168,104.229
18617,75.967,101.395,149.006,104.143
18618,76.013,101.393,148.920,104.139
18619,75.876,101.298,148.771,104.018
18620,75.940,101.223,148.761,104.008
18621,75.937,101.225,148.621,103.967
18622,75.990,101.231,148.811,104.040
18623,75.979,101.197,148.747,104.007
18624,76.041,101.223,148.794,104.050
18625,76.070,101.181,148.797,104.040
18626,76.041,101.326,148.886,104.115
18627,76.002,101.374,148.870,104.112
18628,76.064,101.357,148.952,104.150
18629,76.171,101.343,148.902,104.162
18630,76.090,101.313,148.930,104.137
18631,76.166,101.337,149.026,104.193
18632,76.206,101.440,149.138,104.281
18633,76.202,101.489,149.225,104.316
18634,76.299,101.430,149.348,104.359
18635,76.282,101.537,149.352,104.390
18636,76.377,101.656,149.483,104.504
18637,76.423,101.670,149.808,104.618
18638,76.508,101.745,149.777,104.660
18639,76.459,101.769,149.781,104.652
18640,76.538,101.834,150.001,104.765
18641,76.580,101.893,149.981,104.793
18642,76.594,101.932,150.113,104.853
18643,76.711,101.917,150.188,104.907
18644,76.688,102.006,150.355,104.974
18645,76.694,101.994,150.356,104.967
18646,76.667,102.121,150.364,105.007
18647,76.632,102.063,150.260,104.944
18648,76.813,102.169,150.519,105.119
18649,76.803,102.134,150.564,105.113
18650,76.814,102.169,150.735,105.183
18651,76.894,102.361,150.727,105.273
18652,77.003,102.330,150.959,105.373
18653,76.950,102.450,151.189,105.444
18654,77.039,102.559,151.242,105.532
18655,77.050,102.539,151.342,105.562
18656,77.163,102.549,151.553,105.663
18657,77.206,102.712,151.750,105.789
18658,77.202,102.815,151.675,105.806
18659,77.169,102.760,151.658,105.767
18660,77.273,102.928,151.849,105.923
18661,77.214,102.802,151.938,105.882
18662,77.273,102.980,152.152,106.022
18663,77.238,102.922,152.210,106.000
18664,77.386,103.089,152.394,106.167
18665,77.390,103.126,152.274,106.150
18666,77.407,103.088,152.460,106.196
18667,77.396,103.229,152.503,106.252
18668,77.422,103.170,152.442,106.222
18669,77.402,103.193,152.569,106.262
18670,77.470,103.262,152.490,106.285
18671,77.448,103.281,152.718,106.350
18672,77.500,103.432,152.764,106.438
18673,77.462,103.370,152.610,106.356
18674,77.511,103.420,152.832,106.448
18675,77.499,103.412,152.784,106.428
18676,77.483,103.527,152.918,106.503
18677,77.496,103.412,153.085,106.521
18678,77.562,103.561,153.271,106.646
18679,77.569,103.512,153.263,106.623
18680,77.546,103.584,153.291,106.649
18681,77.582,103.716,153.374,106.743
18682,77.596,103.738,153.493,106.782
18683,77.552,103.661,153.515,106.746
18684,77.539,103.759,153.521,106.782
18685,77.463,103.587,153.472,106.677
18686,77.494,103.718,153.416,106.717
18687,77.489,103.641,153.472,106.711
18688,77.530,103.622,153.542,106.732
18689,77.432,103.547,153.438,106.646
18690,77.381,103.616,153.396,106.639
18691,77.343,103.580,153.448,106.626
18692,77.321,103.517,153.313,106.560
18693,77.337,103.416,153.346,106.535
18694,77.303,103.402,153.292,106.513
18695,77.289,103.374,153.148,106.457
18696,77.251,103.420,153.167,106.463
18697,77.209,103.375,153.128,106.425
18698,77.200,103.319,152.950,106.349
18699,77.083,103.141,152.665,106.167
18700,76.965,103.073,152.674,106.101
18701,76.877,103.008,152.470,105.992
18702,76.958,103.039,152.527,106.052
18703,76.796,102.969,152.252,105.891
18704,76.873,102.827,152.105,105.827
18705,76.651,102.789,151.872,105.669
18706,76.633,102.828,151.726,105.642
18707,76.623,102.570,151.755,105.550
18708,76.597,102.520,151.443,105.436
18709,76.533,102.405,151.415,105.362
18710,77.155,103.466,153.077,106.439
18711,77.267,103.640,153.225,106.575
18712,77.325,103.536,153.262,106.578
18713,77.271,103.525,153.098,106.510
18714,77.254,103.488,152.915,106.444
18715,77.066,103.283,152.708,106.244
18716,77.184,103.337,152.698,106.298
18717,77.096,103.223,152.511,106.176
18718,77.066,103.286,152.552,106.200
18719,76.936,103.199,152.269,106.041
18720,76.895,103.066,152.093,105.932
18721,76.972,103.045,152.001,105.931
18722,76.896,103.062,152.078,105.930
18723,76.882,102.907,152.108,105.878
18724,76.831,102.842,151.870,105.768
18725,76.735,102.759,151.645,105.641
18726,76.692,102.667,151.306,105.497
18727,76.677,102.593,151.162,105.433
18728,76.619,102.566,151.104,105.381
18729,76.564,102.377,150.787,105.214
18730,76.448,102.340,150.776,105.152
18731,76.362,102.155,150.477,104.969
18732,76.371,102.126,150.493,104.971
18733,76.414,102.009,150.335,104.901
18734,76.322,102.052,150.220,104.848
18735,76.232,101.907,150.003,104.699
18736,76.201,101.875,149.810,104.632
18737,76.202,101.798,149.921,104.632
18738,76.140,101.680,149.812,104.545
18739,76.121,101.633,149.632,104.469
18740,76.079,101.664,149.592,104.446
18741,76.007,101.572,149.607,104.387
18742,76.050,101.546,149.338,104.325
18743,75.990,101.490,149.312,104.273
18744,76.056,101.503,149.464,104.344
18745,75.978,101.357,149.126,104.176
18746,75.946,101.473,149.230,104.233
18747,75.939,101.466,149.246,104.230
18748,76.033,101.500,149.196,104.265
18749,75.885,101.297,149.079,104.104
18750,75.847,101.243,148.751,103.974
18751,75.896,101.238,148.693,103.977
18752,75.929,101.259,148.661,103.997
18753,75.907,101.116,148.700,103.939
18754,75.954,101.159,148.736,103.983
18755,75.868,101.051,148.595,103.876
18756,75.901,101.199,148.578,103.933
18757,75.890,100.956,148.444,103.807
18758,75.897,101.078,148.638,103.903
18759,75.784,101.032,148.471,103.799
18760,75.941,101.039,148.547,103.876
18761,75.972,101.113,148.535,103.912
18762,75.893,100.978,148.504,103.831
18763,75.952,101.028,148.502,103.867
18764,76.004,101.054,148.402,103.861
18765,75.940,101.027,148.475,103.859
18766,75.956,101.078,148.530,103.890
18767,76.097,101.057,148.533,103.929
18768,76.070,101.186,148.725,104.024
18769,76.056,101.120,148.761,104.000
18770,76.110,101.182,148.683,104.018
18771,76.139,101.270,148.881,104.115
18772,76.180,101.291,148.850,104.128
18773,76.130,101.230,148.829,104.082
18774,76.183,101.353,148.869,104.158
18775,76.180,101.235,148.918,104.126
18776,76.306,101.411,149.029,104.262
18777,76.307,101.473,149.122,104.312
18778,76.304,101.505,149.309,104.375
18779,76.304,101.562,149.535,104.454
18780,76.415,101.596,149.841,104.588
18781,76.452,101.763,149.801,104.654
18782,76.649,101.849,149.932,104.792
18783,76.631,101.880,150.215,104.873
18784,76.589,101.935,150.184,104.864
18785,76.652,101.869,150.405,104.924
18786,76.645,102.053,150.458,105.000
18787,76.698,102.046,150.557,105.050
18788,76.869,102.191,150.757,105.213
18789,76.778,102.181,150.851,105.197
18790,76.827,102.291,151.048,105.317
18791,76.946,102.291,151.156,105.384
18792,77.041,102.465,151.255,105.510
18793,77.029,102.550,151.464,105.595
18794,77.022,102.500,151.348,105.536
18795,77.035,102.565,151.504,105.611
18796,77.102,102.711,151.804,105.771
18797,77.129,102.690,151.880,105.793
18798,77.143,102.827,152.038,105.888
18799,77.239,102.746,151.986,105.877
18800,77.262,102.930,152.154,105.996
18801,77.287,102.995,152.224,106.051
18802,77.341,103.126,152.488,106.188
18803,77.314,103.059,152.427,106.142
18804,77.309,103.127,152.685,106.236
18805,77.342,103.194,152.577,106.244
18806,77.390,103.215,152.616,106.277
18807,77.413,103.235,152.718,106.322
18808,77.491,103.295,152.820,106.399
18809,77.355,103.257,152.761,106.316
18810,77.451,103.246,152.737,106.344
18811,77.322,103.165,152.701,106.262
18812,77.454,103.247,152.830,106.375
18813,77.391,103.278,152.942,106.389
18814,77.416,103.342,152.990,106.432
18815,77.382,103.273,153.036,106.404
18816,77.481,103.501,153.211,106.573
18817,77.472,103.389,153.211,106.535
18818,77.592,103.452,153.114,106.576
18819,77.480,103.453,153.214,106.559
18820,77.442,103.578,153.156,106.577
18821,77.357,103.414,153.101,106.472
18822,77.389,103.538,153.132,106.535
18823,77.452,103.482,153.118,106.537
18824,77.421,103.520,153.230,106.570
18825,77.439,103.468,153.373,106.598
18826,77.450,103.521,153.233,106.582
18827,77.359,103.412,153.168,106.495
18828,77.462,103.398,153.111,106.516
18829,77.358,103.433,153.070,106.472
18830,77.366,103.384,153.122,106.468
18831,77.352,103.321,153.127,106.453
18832,77.318,103.475,153.087,106.479
18833,77.290,103.355,153.086,106.426
18834,77.244,103.303,152.987,106.368
18835,77.177,103.290,152.961,106.338
18836,77.238,103.261,152.865,106.318
18837,77.118,103.271,152.965,106.301
18838,77.206,103.412,153.067,106.412
18839,77.031,103.263,152.795,106.224
18840,77.081,103.230,152.781,106.216
18841,77.133,103.200,152.564,106.177
18842,77.070,103.118,152.658,106.152
18843,77.050,103.103,152.471,106.091
18844,77.037,103.068,152.516,106.085
18845,76.908,102.885,152.088,105.858
18846,76.919,102.931,152.047,105.869
18847,76.870,102.968,152.170,105.898
18848,76.894,102.846,152.271,105.884
18849,76.886,102.842,152.036,105.823
18850,76.745,102.881,151.863,105.733
18851,76.702,102.620,151.768,105.602
18852,76.680,102.761,151.908,105.678
18853,76.565,102.590,151.555,105.478
18854,76.596,102.576,151.586,105.494
18855,76.493,102.478,151.458,105.394
18856,76.601,102.543,151.424,105.445
18857,76.570,102.491,151.355,105.390
18858,76.951,103.086,152.367,106.030
18859,76.933,103.106,152.533,106.084
18860,76.961,103.059,152.361,106.024
18861,76.952,103.058,152.502,106.049
18862,76.956,103.040,152.275,105.996
18863,77.002,103.149,152.325,106.066
18864,76.954,103.067,152.153,105.967
18865,76.845,102.897,151.985,105.823
18866,76.871,102.865,152.027,105.831
18867,76.766,102.804,151.668,105.676
18868,76.719,102.783,151.610,105.634
18869,76.647,102.650,151.558,105.553
18870,76.576,102.527,151.114,105.350
18871,76.473,102.335,150.905,105.195
18872,76.459,102.406,150.939,105.226
18873,76.347,102.323,150.905,105.145
18874,76.370,102.217,150.706,105.060
18875,76.363,102.147,150.654,105.013
18876,76.327,102.173,150.501,104.968
18877,76.302,102.122,150.463,104.933
18878,76.330,102.119,150.488,104.947
18879,76.310,101.992,150.266,104.833
18880,76.230,101.948,150.164,104.768
18881,76.212,101.846,149.895,104.648
18882,76.229,101.840,149.992,104.676
18883,76.059,101.799,149.652,104.501
18884,76.153,101.826,149.825,104.603
18885,76.018,101.647,149.553,104.406
18886,76.054,101.622,149.566,104.418
18887,75.944,101.504,149.322,104.266
18888,75.996,101.474,149.381,104.295
18889,75.946,101.426,148.981,104.146
18890,75.856,101.349,148.934,104.079
18891,75.834,101.354,148.816,104.019
18892,75.845,101.382,148.784,104.035
18893,75.754,101.224,148.597,103.888
18894,75.826,101.263,148.670,103.958
18895,75.701,101.124,148.544,103.827
18896,76.506,102.181,150.386,105.016
18897,76.625,102.299,150.448,105.116
18898,76.611,102.377,150.506,105.148
18899,76.495,102.244,150.370,105.017
18900,76.531,102.277,150.368,105.048
18901,76.574,102.214,150.320,105.030
18902,76.569,102.282,150.266,105.032
18903,76.572,102.186,150.468,105.055
18904,76.620,102.226,150.227,105.025
18905,76.489,102.107,150.178,104.918
18906,76.503,102.144,150.086,104.914
18907,76.413,102.060,149.997,104.814
18908,76.484,102.091,150.056,104.871
18909,76.420,101.946,149.931,104.765
18910,76.422,101.869,149.915,104.735
18911,76.358,101.923,149.903,104.727
18912,76.402,102.049,149.926,104.790
18913,76.450,101.937,150.010,104.800
18914,76.445,101.943,149.870,104.757
18915,76.397,101.913,149.833,104.717
18916,76.570,101.850,149.886,104.768
18917,76.470,101.887,149.732,104.703
18918,76.482,101.924,149.833,104.745
18919,76.442,101.769,149.742,104.656
18920,76.551,101.894,149.833,104.755
18921,76.581,101.913,150.010,104.833
18922,76.558,101.961,150.174,104.880
18923,76.589,101.954,150.243,104.906
18924,76.667,102.113,150.303,105.009
18925,76.604,102.146,150.239,104.986
18926,76.665,102.080,150.345,105.011
18927,76.666,102.099,150.295,105.001
18928,76.772,102.190,150.451,105.113
18929,76.743,102.147,150.432,105.080
18930,76.702,102.126,150.473,105.065
18931,76.745,102.162,150.396,105.075
18932,76.824,102.256,150.644,105.201
18933,76.821,102.321,150.626,105.223
18934,76.940,102.339,150.927,105.355
18935,76.847,102.282,150.760,105.245
18936,76.977,102.428,151.023,105.424
18937,77.052,102.466,151.059,105.476
18938,76.957,102.494,151.244,105.500
18939,76.964,102.440,151.216,105.472
18940,76.976,102.493,150.903,105.412
18941,77.086,102.528,151.102,105.510
18942,77.133,102.557,151.107,105.546
18943,77.127,102.642,151.160,105.585
18944,77.196,102.556,151.335,105.627
18945,77.217,102.661,151.285,105.658
18946,77.257,102.743,151.660,105.807
18947,77.239,102.705,151.679,105.793
18948,77.369,102.820,151.929,105.947
18949,77.198,102.821,151.751,105.836
18950,77.272,102.824,151.782,105.870
18951,77.266,102.880,151.888,105.915
18952,77.394,102.950,152.195,106.071
18953,77.408,103.050,152.257,106.130
18954,77.402,103.078,152.225,106.132
18955,77.371,103.131,152.298,106.163
18956,77.455,103.079,152.319,106.179
18957,77.495,103.130,152.481,106.251
18958,77.578,103.270,152.458,106.328
18959,77.481,103.276,152.589,106.329
18960,77.640,103.276,152.702,106.420
18961,77.623,103.316,152.942,106.490
18962,77.635,103.469,152.945,106.554
18963,77.663,103.542,153.067,106.623
18964,77.722,103.594,153.116,106.677
18965,77.670,103.573,153.304,106.709
18966,77.784,103.708,153.367,106.811
18967,77.742,103.801,153.436,106.849
18968,77.948,103.832,153.560,106.964
18969,77.865,103.828,153.750,106.986
18970,77.838,103.926,153.528,106.948
18971,77.808,103.894,153.642,106.956
18972,77.854,103.890,153.817,107.027
18973,77.868,103.950,153.942,107.078
18974,77.906,104.052,153.942,107.133
18975,77.886,104.035,153.827,107.094
18976,77.959,104.088,154.036,107.193
18977,77.907,104.063,154.087,107.178
18978,77.898,104.089,154.081,107.183
18979,77.822,104.008,153.977,107.098
18980,77.728,104.126,153.981,107.104
18981,77.812,104.040,153.964,107.102
18982,77.874,104.051,154.122,107.168
18983,77.813,104.157,154.263,107.227
18984,77.849,104.144,154.180,107.212
18985,77.728,104.052,154.057,107.102
18986,77.810,104.067,153.980,107.117
18987,77.708,103.972,153.986,107.052
18988,77.765,104.018,154.085,107.118
18989,77.549,103.877,153.706,106.890
18990,77.635,103.773,153.692,106.878
18991,77.482,103.733,153.550,106.768
18992,77.490,103.758,153.549,106.780
18993,77.449,103.745,153.511,106.755
18994,77.457,103.802,153.827,106.860
18995,77.370,103.702,153.508,106.709
18996,77.452,103.755,153.535,106.766
18997,77.300,103.780,153.436,106.699
18998,77.326,103.613,153.220,106.587
18999,77.230,103.487,153.186,106.500
19000,77.194,103.477,152.958,106.415
19001,77.188,103.397,152.943,106.389
19002,77.170,103.348,152.838,106.336
19003,77.080,103.265,152.615,106.213
19004,77.082,103.290,152.749,106.255
19005,76.955,103.069,152.408,106.036
19006,76.995,103.244,152.462,106.130
19007,77.001,103.068,152.218,106.000
19008,76.912,102.999,152.095,105.911
19009,76.829,102.882,152.204,105.876
19010,76.722,102.903,151.779,105.725
19011,76.661,102.858,151.818,105.699
19012,76.712,102.834,151.733,105.681
19013,76.678,102.654,151.545,105.556
19014,76.762,102.660,151.540,105.591
19015,76.503,102.578,151.321,105.400
19016,76.600,102.544,151.263,105.407
19017,76.644,102.495,151.264,105.411
19018,76.506,102.440,151.146,105.304
19019,76.392,102.300,150.920,105.165
19020,76.258,102.207,150.661,105.006
19021,76.294,102.231,150.494,104.980
19022,76.381,102.156,150.476,104.983
19023,76.286,102.155,150.331,104.904
19024,76.329,102.118,150.567,104.969
19025,76.219,102.089,150.359,104.862
19026,76.244,101.848,150.142,104.736
19027,76.104,101.877,149.933,104.628
19028,76.103,101.640,149.573,104.448
19029,75.967,101.588,149.437,104.346
19030,75.926,101.454,149.329,104.244
19031,75.993,101.435,149.366,104.269
19032,75.968,101.390,149.206,104.205
19033,75.909,101.401,149.169,104.177
19034,75.941,101.422,149.109,104.188
19035,75.894,101.422,149.002,104.135
19036,75.902,101.293,148.979,104.075
19037,75.787,101.139,148.740,103.922
19038,75.826,101.096,148.646,103.896
19039,75.693,101.061,148.499,103.795
19040,75.820,101.081,148.598,103.870
19041,75.822,101.157,148.462,103.857
19042,75.755,101.102,148.589,103.851
19043,75.781,101.074,148.658,103.869
19044,75.771,101.044,148.556,103.826
19045,75.716,100.983,148.529,103.780
19046,76.231,101.738,149.777,104.581
19047,76.340,101.862,149.947,104.714
19048,76.514,101.927,150.042,104.829
19049,76.431,101.795,149.926,104.714
19050,76.389,101.843,149.966,104.734
19051,76.359,101.895,149.981,104.743
19052,76.387,101.822,149.901,104.706
19053,76.347,101.882,149.828,104.691
19054,76.450,101.879,149.807,104.722
19055,76.365,101.744,149.792,104.634
19056,76.410,101.916,149.748,104.703
19057,76.418,101.909,149.797,104.713
19058,76.411,101.848,149.824,104.694
19059,76.411,101.822,149.813,104.681
19060,76.338,101.784,149.831,104.641
19061,76.348,101.856,149.864,104.683
19062,76.420,101.882,149.872,104.722
19063,76.455,101.924,149.958,104.775
19064,76.533,101.962,150.051,104.839
19065,76.498,101.890,150.021,104.794
19066,76.523,101.967,150.054,104.838
19067,76.516,101.841,150.041,104.796
19068,76.511,101.964,150.082,104.847
19069,76.459,101.866,150.051,104.774
19070,76.501,101.874,149.857,104.748
19071,76.464,101.957,149.921,104.773
19072,76.538,101.912,149.894,104.779
19073,76.486,101.873,149.963,104.769
19074,76.425,101.768,149.863,104.679
19075,76.428,101.849,149.855,104.706
19076,76.545,101.833,150.030,104.787
19077,76.575,101.881,149.996,104.806
19078,76.608,101.971,150.188,104.904
19079,76.595,101.904,150.078,104.849
19080,76.570,101.962,150.174,104.889
19081,76.553,101.943,150.055,104.835
19082,76.534,101.989,150.194,104.884
19083,76.507,101.930,150.144,104.853
19084,76.614,102.034,150.060,104.897
19085,76.489,101.866,150.069,104.790
19086,76.528,101.848,150.062,104.803
19087,76.583,101.920,150.066,104.842
19088,76.562,101.907,150.053,104.831
19089,76.555,101.842,150.084,104.815
19090,76.478,101.790,149.937,104.720
19091,76.467,101.881,149.930,104.745
19092,76.458,101.900,150.012,104.770
19093,76.379,101.825,149.789,104.656
19094,76.495,101.829,149.929,104.739
19095,76.407,101.685,149.764,104.614
19096,76.427,101.861,149.957,104.733
19097,76.539,101.774,149.906,104.729
19098,76.485,101.925,149.990,104.784
19099,76.497,101.843,149.879,104.732
19100,76.498,101.817,149.931,104.736
19101,76.465,101.902,150.145,104.813
19102,76.502,101.953,150.030,104.812
19103,76.517,101.861,150.103,104.805
19104,76.567,101.998,150.156,104.886
19105,76.586,101.977,150.146,104.888
19106,76.496,102.009,150.178,104.871
19107,76.574,101.856,150.134,104.839
19108,76.647,102.057,150.196,104.946
19109,76.595,102.056,150.175,104.918
19110,76.562,102.106,150.113,104.910
19111,76.659,101.936,150.188,104.903
19112,76.647,102.043,150.177,104.932
19113,76.693,102.049,150.325,104.996
19114,76.639,102.127,150.219,104.974
19115,76.575,102.049,150.199,104.912
19116,76.548,101.926,150.125,104.843
19117,76.612,101.934,150.109,104.862
19118,76.643,102.031,150.270,104.960
19119,76.606,102.004,150.245,104.924
19120,76.639,102.096,150.305,104.987
19121,76.640,102.152,150.143,104.957
19122,76.674,102.186,150.474,105.076
19123,76.642,102.022,150.270,104.947
19124,76.695,102.159,150.269,105.020
19125,76.655,102.066,150.205,104.958
19126,76.686,102.127,150.372,105.026
19127,76.715,102.155,150.485,105.087
19128,76.752,102.308,150.507,105.158
19129,76.718,102.214,150.347,105.059
19130,76.721,102.125,150.322,105.032
19131,76.680,102.131,150.198,104.982
19132,76.747,102.092,150.327,105.025
19133,76.654,102.073,150.303,104.975
19134,76.620,102.120,150.394,105.005
19135,76.624,101.993,150.245,104.927
19136,76.663,101.973,150.281,104.934
19137,76.593,101.945,150.163,104.870
19138,76.629,101.932,150.113,104.864
19139,76.598,101.850,150.082,104.819
19140,76.573,101.817,149.957,104.755
19141,76.492,101.758,149.901,104.699
19142,76.484,101.837,150.072,104.766
19143,76.504,101.898,149.931,104.760
19144,76.577,101.898,149.961,104.792
19145,76.569,101.882,149.938,104.777
19146,76.581,101.798,149.887,104.736
19147,76.502,101.782,150.055,104.749
19148,76.585,101.768,150.170,104.807
19149,76.499,101.709,150.032,104.717
19150,76.519,101.701,150.039,104.724
19151,76.455,101.693,149.705,104.606
19152,76.506,101.709,149.738,104.644
19153,76.396,101.679,149.793,104.602
19154,76.418,101.607,149.653,104.545
19155,76.388,101.616,149.662,104.538
19156,76.418,101.690,149.447,104.518
19157,76.405,101.662,149.602,104.551
19158,76.450,101.694,149.729,104.616
19159,76.388,101.645,149.594,104.534
19160,76.454,101.603,149.664,104.564
19161,76.433,101.678,149.564,104.556
19162,76.452,101.622,149.643,104.562
19163,76.453,101.565,149.748,104.570
19164,76.474,101.669,149.981,104.681
19165,76.415,101.708,149.846,104.630
19166,76.436,101.765,150.048,104.711
19167,76.435,101.665,149.915,104.650
19168,76.450,101.681,149.873,104.646
19169,76.432,101.646,149.875,104.626
19170,76.412,101.697,149.915,104.650
19171,76.541,101.621,149.930,104.676
19172,76.451,101.693,149.765,104.616
19173,76.398,101.765,149.728,104.607
19174,76.469,101.753,149.691,104.625
19175,76.366,101.657,149.677,104.554
19176,76.408,101.854,149.975,104.723
19177,76.485,101.763,149.908,104.695
19178,76.440,101.831,149.838,104.686
19179,76.461,101.736,149.876,104.671
19180,76.561,101.743,149.904,104.712
19181,76.534,101.799,150.153,104.793
19182,76.576,101.935,150.286,104.889
19183,76.552,101.904,150.504,104.929
19184,76.584,101.924,150.306,104.902
19185,76.586,101.909,150.523,104.946
19186,76.668,101.924,150.510,104.982
19187,76.584,101.923,150.431,104.932
19188,76.586,101.940,150.587,104.980
19189,76.531,101.913,150.360,104.890
19190,76.593,101.921,150.555,104.965
19191,76.665,101.942,150.460,104.974
19192,76.665,102.205,150.668,105.122
19193,76.717,102.119,150.693,105.119
19194,76.727,102.103,150.664,105.108
19195,76.715,102.129,150.716,105.132
19196,76.633,102.181,150.719,105.121
19197,76.639,102.127,150.610,105.068
19198,76.719,102.131,150.781,105.145
19199,76.641,102.169,150.733,105.113
19200,76.741,102.173,150.869,105.190
19201,76.739,102.215,150.837,105.192
19202,76.748,102.251,150.889,105.225
19203,76.765,102.265,151.029,105.269
19204,76.813,102.281,151.013,105.296
19205,76.774,102.235,150.920,105.238
19206,76.764,102.240,151.078,105.280
19207,76.759,102.156,150.870,105.189
19208,76.811,102.314,151.001,105.302
19209,76.818,102.311,151.127,105.336
19210,76.745,102.322,151.144,105.325
19211,76.810,102.375,151.145,105.357
19212,77.414,103.251,152.727,106.342
19213,77.459,103.419,152.881,106.447
19214,77.522,103.485,153.123,106.564
19215,77.453,103.426,152.880,106.455
19216,77.549,103.371,152.613,106.393
19217,77.511,103.344,152.730,106.399
19218,77.571,103.445,152.686,106.447
19219,77.466,103.364,152.502,106.330
19220,77.569,103.332,152.621,106.390
19221,77.528,103.497,152.850,106.494
19222,77.650,103.553,152.922,106.577
19223,77.554,103.547,152.854,106.524
19224,77.613,103.688,152.945,106.613
19225,77.613,103.616,152.918,106.593
19226,77.596,103.616,152.911,106.581
19227,77.647,103.538,152.844,106.548
19228,77.622,103.569,152.896,106.570
19229,77.565,103.516,152.791,106.500
19230,77.516,103.599,152.810,106.517
19231,77.648,103.574,152.816,106.542
19232,77.625,103.632,153.069,106.634
19233,77.647,103.494,152.907,106.552
19234,77.624,103.624,152.888,106.586
19235,77.582,103.579,152.754,106.519
19236,77.632,103.551,153.072,106.610
19237,77.643,103.622,153.072,106.644
19238,77.643,103.765,153.150,106.712
19239,77.583,103.695,153.041,106.636
19240,77.706,103.648,153.250,106.718
19241,77.604,103.764,153.154,106.699
19242,77.667,103.738,153.277,106.745
19243,77.589,103.665,153.100,106.641
19244,77.671,103.640,153.174,106.688
19245,77.601,103.689,153.265,106.702
19246,77.666,103.687,153.301,106.740
19247,77.646,103.760,153.230,106.736
19248,77.676,103.684,153.284,106.734
19249,77.682,103.688,153.123,106.696
19250,77.625,103.608,153.084,106.635
19251,77.606,103.625,153.100,106.646
19252,77.604,103.603,153.096,106.632
19253,77.520,103.729,153.040,106.627
19254,77.555,103.810,153.205,106.710
19255,77.583,103.589,153.032,106.599
19256,77.636,103.647,153.120,106.665
19257,77.617,103.660,153.209,106.692
19258,77.633,103.569,153.113,106.633
19259,77.527,103.435,153.056,106.531
19260,77.465,103.399,152.884,106.442
19261,77.416,103.458,152.921,106.459
19262,77.503,103.478,152.936,106.504
19263,77.383,103.481,152.974,106.478
19264,77.503,103.559,153.075,106.574
19265,77.475,103.575,153.035,106.558
19266,77.452,103.510,152.944,106.502
19267,77.354,103.478,152.864,106.429
19268,77.448,103.529,153.058,106.539
19269,77.220,103.271,152.701,106.260
19270,77.297,103.340,152.791,106.347
19271,77.266,103.236,152.596,106.235
19272,77.280,103.359,152.700,106.321
19273,77.344,103.464,152.875,106.430
19274,77.453,103.488,152.922,106.487
19275,77.357,103.284,152.847,106.359
19276,77.358,103.321,152.840,106.380
19277,77.302,103.462,152.871,106.417
19278,77.344,103.434,152.996,106.453
19279,77.160,103.286,152.661,106.239
19280,77.184,103.314,152.821,106.298
19281,77.191,103.292,152.653,106.248
19282,77.300,103.329,152.690,106.306
19283,77.191,103.211,152.650,106.221
19284,77.181,103.255,152.748,106.258
19285,77.087,103.214,152.666,106.190
19286,77.162,103.192,152.759,106.235
19287,77.095,103.245,152.620,106.193
19288,77.098,103.198,152.530,106.151
19289,77.093,103.225,152.618,106.189
19290,77.031,103.028,152.472,106.046
19291,76.991,103.068,152.391,106.025
19292,77.022,103.091,152.380,106.050
19293,76.999,103.085,152.256,106.006
19294,76.989,103.144,152.405,106.051
19295,77.672,104.056,154.100,107.110
19296,77.675,104.297,154.428,107.285
19297,77.751,104.324,154.278,107.277
19298,77.753,104.133,154.227,107.206
19299,77.691,104.093,154.208,107.153
19300,77.727,104.164,154.209,107.193
19301,77.677,104.041,154.124,107.103
19302,77.659,104.100,154.058,107.103
19303,77.631,104.099,154.039,107.087
19304,77.632,104.135,154.054,107.109
19305,77.588,104.056,153.997,107.053
19306,77.640,104.134,154.011,107.100
19307,77.582,104.059,153.992,107.048
19308,77.612,104.150,154.069,107.114
19309,77.473,104.003,153.969,106.980
19310,77.513,103.991,153.876,106.966
19311,77.413,104.023,153.739,106.905
19312,77.564,104.091,153.846,107.015
19313,77.524,104.015,153.790,106.956
19314,77.527,104.052,153.672,106.944
19315,77.458,103.944,153.702,106.883
19316,77.469,103.929,153.570,106.851
19317,77.380,103.901,153.494,106.782
19318,77.480,103.937,153.625,106.869
19319,77.248,103.736,153.455,106.672
19320,77.350,103.781,153.460,106.720
19321,77.343,103.762,153.283,106.662
19322,77.331,103.736,153.258,106.644
19323,77.215,103.696,153.106,106.550
19324,77.147,103.559,152.968,106.441
19325,77.086,103.417,152.714,106.295
19326,77.091,103.537,152.925,106.396
19327,77.057,103.495,152.725,106.311
19328,77.131,103.508,152.868,106.392
19329,77.007,103.347,152.677,106.230
19330,76.970,103.355,152.575,106.189
19331,76.875,103.272,152.455,106.093
19332,76.921,103.201,152.383,106.073
19333,76.929,103.297,152.463,106.124
19334,77.000,103.300,152.663,106.208
19335,76.948,103.312,152.532,106.162
19336,77.036,103.334,152.679,106.242
19337,77.043,103.388,152.666,106.256
19338,76.989,103.459,152.795,106.302
19339,76.945,103.322,152.607,106.186
19340,76.863,103.263,152.600,106.132
19341,76.874,103.161,152.361,106.034
19342,76.947,103.248,152.430,106.106
19343,76.895,103.232,152.484,106.100
19344,76.986,103.259,152.506,106.156
19345,76.863,103.197,152.479,106.077
19346,76.906,103.316,152.398,106.114
19347,76.773,103.208,152.273,105.989
19348,76.876,103.157,152.291,106.017
19349,76.892,103.077,152.213,105.978
19350,76.865,103.106,152.226,105.977
19351,76.835,103.121,152.238,105.974
19352,76.837,103.169,152.245,105.989
19353,76.876,103.172,152.275,106.012
19354,76.859,103.112,152.163,105.956
19355,76.675,103.042,152.067,105.837
19356,76.709,102.994,152.178,105.868
19357,76.714,102.977,152.023,105.818
19358,76.738,102.980,151.993,105.827
19359,76.724,102.831,151.704,105.685
19360,76.754,102.935,151.821,105.762
19361,76.660,102.840,151.410,105.581
19362,76.625,102.743,151.397,105.535
19363,76.608,102.776,151.217,105.488
19364,76.580,102.752,151.346,105.509
19365,76.493,102.540,151.080,105.323
19366,76.549,102.497,151.060,105.326
19367,76.444,102.449,150.771,105.194
19368,76.466,102.365,150.639,105.130
19369,76.362,102.248,150.690,105.063
19370,76.264,102.100,150.221,104.840
19371,76.180,102.012,150.142,104.766
19372,76.212,101.980,150.152,104.772
19373,76.143,101.846,149.929,104.631
19374,76.127,101.785,149.845,104.582
19375,75.986,101.684,149.582,104.420
19376,76.029,101.694,149.663,104.466
19377,75.945,101.632,149.446,104.348
19378,75.991,101.592,149.434,104.343
19379,76.006,101.504,149.399,104.321
19380,75.876,101.348,149.331,104.187
19381,75.867,101.407,149.232,104.178
19382,75.889,101.396,149.128,104.155
19383,75.981,101.457,149.108,104.208
19384,75.961,101.460,149.178,104.216
19385,75.915,101.387,149.122,104.161
19386,75.971,101.434,149.015,104.175
19387,75.823,101.284,148.934,104.035
19388,75.866,101.248,148.691,103.975
19389,75.703,101.179,148.447,103.827
19390,75.763,101.119,148.544,103.850
19391,75.762,101.038,148.394,103.788
19392,75.776,101.131,148.470,103.832
19393,75.845,101.156,148.453,103.867
19394,75.846,101.315,148.715,104.001
19395,76.230,101.804,149.958,104.658
19396,76.362,101.925,150.091,104.787
19397,76.466,102.032,150.193,104.895
19398,76.483,102.034,150.287,104.920
19399,76.445,101.931,150.158,104.841
19400,76.478,102.060,150.278,104.920
19401,76.479,102.047,150.333,104.932
19402,76.509,102.198,150.344,105.006
19403,76.457,102.086,150.249,104.915
19404,76.487,102.155,150.481,105.013
19405,76.486,101.980,150.328,104.916
19406,76.503,102.176,150.541,105.038
19407,76.555,102.227,150.422,105.050
19408,76.616,102.154,150.498,105.067
19409,76.671,102.201,150.524,105.106
19410,76.611,102.137,150.402,105.024
19411,76.662,102.214,150.568,105.115
19412,76.709,102.269,150.513,105.135
19413,76.719,102.362,150.932,105.291
19414,76.693,102.304,150.736,105.206
19415,76.589,102.214,150.539,105.085
19416,76.755,102.232,150.674,105.185
19417,76.678,102.156,150.720,105.148
19418,76.800,102.237,150.749,105.227
19419,76.740,102.243,150.659,105.175
19420,76.683,102.240,150.659,105.158
19421,76.784,102.339,150.787,105.265
19422,76.792,102.397,150.885,105.313
19423,76.886,102.414,151.096,105.409
19424,76.909,102.540,151.197,105.490
19425,76.898,102.474,151.140,105.448
19426,76.938,102.445,151.146,105.448
19427,76.908,102.558,151.322,105.532
19428,76.978,102.695,151.446,105.635
19429,76.917,102.561,151.237,105.507
19430,76.956,102.602,151.383,105.577
19431,76.984,102.717,151.425,105.639
19432,77.257,102.931,151.973,105.966
19433,77.256,102.918,152.021,105.973
19434,77.260,103.066,152.343,106.114
19435,77.339,103.016,152.295,106.111
19436,77.311,103.170,152.415,106.194
19437,77.335,103.250,152.636,106.288
19438,77.443,103.320,152.669,106.358
19439,77.419,103.228,152.638,106.311
19440,77.544,103.379,152.727,106.435
19441,77.560,103.407,152.883,106.493
19442,77.632,103.550,152.924,106.575
19443,77.626,103.526,153.127,106.628
19444,77.735,103.612,153.309,106.745
19445,77.611,103.643,153.361,106.736
19446,77.756,103.708,153.539,106.855
19447,77.744,103.788,153.521,106.877
19448,77.785,103.901,153.634,106.951
19449,77.885,103.824,153.621,106.968
19450,77.853,103.853,153.788,107.008
19451,77.824,103.889,153.902,107.047
19452,77.947,104.043,153.950,107.156
19453,77.914,104.041,153.979,107.145
19454,77.874,104.090,153.989,107.154
19455,77.859,104.052,153.797,107.083
19456,77.932,104.084,154.030,107.181
19457,77.976,104.155,154.147,107.261
19458,77.982,104.204,154.349,107.333
19459,77.903,104.065,154.033,107.171
19460,77.802,103.999,154.098,107.131
19461,77.940,104.094,154.110,107.214
19462,77.908,104.236,154.052,107.235
19463,78.006,104.216,154.202,107.310
19464,77.995,104.220,154.275,107.322
19465,77.999,104.194,154.444,107.369
19466,77.938,104.270,154.252,107.320
19467,77.932,104.274,154.337,107.341
19468,78.007,104.262,154.304,107.349
19469,77.863,104.247,154.338,107.297
19470,77.876,104.313,154.330,107.329
19471,77.952,104.289,154.427,107.377
19472,78.015,104.273,154.456,107.399
19473,78.005,104.198,154.384,107.349
19474,78.027,104.379,154.444,107.439
19475,77.960,104.219,154.418,107.345
19476,77.968,104.297,154.457,107.391
19477,77.991,104.329,154.517,107.426
19478,77.995,104.267,154.482,107.398
19479,77.954,104.241,154.508,107.379
19480,77.964,104.252,154.345,107.344
19481,77.912,104.295,154.394,107.352
19482,77.907,104.293,154.312,107.328
19483,77.847,104.260,154.259,107.281
19484,77.895,104.358,154.327,107.350
19485,77.878,104.138,154.268,107.251
19486,77.924,104.285,154.354,107.344
19487,77.882,104.125,154.230,107.235
19488,77.874,104.273,154.137,107.269
19489,77.853,104.159,154.078,107.198
19490,77.779,104.176,154.089,107.182
19491,77.720,104.100,154.142,107.143
19492,77.635,103.974,154.106,107.062
19493,77.697,104.063,153.918,107.059
19494,77.676,104.037,154.132,107.104
19495,77.652,103.902,154.018,107.018
19496,77.722,104.059,154.084,107.122
19497,77.657,103.924,154.012,107.031
19498,77.760,104.054,153.975,107.101
19499,77.568,104.033,153.869,106.989
19500,77.553,103.909,153.899,106.955
19501,77.586,103.896,153.996,106.986
19502,77.584,103.924,154.013,107.007
19503,77.550,103.997,153.977,107.002
19504,77.630,103.982,153.963,107.019
19505,77.511,103.836,153.863,106.904
19506,77.460,103.879,153.748,106.870
19507,77.450,103.848,153.694,106.841
19508,77.440,103.894,153.912,106.912
19509,77.439,103.877,153.711,106.849
19510,77.344,103.794,153.690,106.780
19511,77.311,103.742,153.673,106.754
19512,77.451,103.860,153.829,106.889
19513,77.434,103.746,153.657,106.791
19514,77.410,103.820,153.606,106.801
19515,77.314,103.749,153.650,106.743
19516,77.372,103.833,153.505,106.754
19517,77.379,103.778,153.732,106.805
19518,77.313,103.624,153.458,106.652
19519,77.246,103.596,153.388,106.593
19520,77.260,103.645,153.339,106.608
19521,77.199,103.604,153.368,106.577
19522,77.203,103.576,153.403,106.582
19523,77.231,103.551,153.317,106.558
19524,77.300,103.667,153.372,106.634
19525,77.207,103.469,153.221,106.488
19526,77.165,103.472,153.094,106.445
19527,77.169,103.468,153.174,106.468
19528,77.163,103.541,153.037,106.451
19529,77.064,103.363,152.943,106.329
19530,77.108,103.411,152.855,106.340
19531,76.980,103.324,152.814,106.255
19532,77.068,103.318,152.706,106.256
19533,77.002,103.252,152.581,106.171
19534,77.016,103.324,152.648,106.224
19535,76.805,103.157,152.367,106.006
19536,76.906,103.165,152.506,106.084
19537,76.871,103.060,152.361,105.993
19538,76.903,103.053,152.299,105.989
19539,76.696,102.893,151.994,105.773
19540,76.660,102.870,151.999,105.749
19541,76.741,102.889,151.816,105.735
19542,76.638,102.826,151.797,105.671
19543,76.646,102.852,151.899,105.720
19544,76.614,102.799,151.809,105.659
19545,76.589,102.691,151.815,105.614
19546,76.567,102.656,151.598,105.529
19547,76.553,102.664,151.395,105.473
19548,76.494,102.606,151.352,105.427
19549,76.424,102.388,151.167,105.268
19550,76.389,102.538,151.196,105.320
19551,76.329,102.324,151.045,105.174
19552,76.413,102.426,151.110,105.264
19553,76.364,102.354,151.142,105.231
19554,76.228,102.342,150.982,105.127
19555,76.213,102.213,150.909,105.061
19556,76.164,102.191,150.736,104.986
19557,76.185,102.213,150.711,104.997
19558,76.180,102.088,150.564,104.906
19559,76.136,102.057,150.466,104.856
19560,76.184,102.061,150.534,104.893
19561,76.191,102.095,150.668,104.946
19562,76.113,102.059,150.531,104.865
19563,76.061,102.017,150.368,104.792
19564,76.096,102.063,150.403,104.826
19565,75.961,101.817,150.078,104.604
19566,76.081,101.947,150.278,104.747
19567,76.078,101.919,150.154,104.705
19568,76.036,101.975,150.154,104.707
19569,76.018,101.820,149.825,104.554
19570,75.985,101.721,149.655,104.458
19571,75.879,101.742,149.610,104.416
19572,76.580,102.840,151.513,105.594
19573,76.739,102.820,151.777,105.713
19574,76.736,102.897,151.795,105.745
19575,76.753,102.816,151.690,105.686
19576,76.723,102.889,151.709,105.716
19577,76.678,102.833,151.595,105.645
19578,76.681,102.753,151.633,105.638
19579,76.605,102.719,151.458,105.536
19580,76.751,102.896,151.589,105.694
19581,76.652,102.754,151.424,105.563
19582,76.684,102.670,151.469,105.561
19583,76.680,102.604,151.144,105.442
19584,76.642,102.766,151.216,105.500
19585,76.511,102.655,151.295,105.440
19586,76.564,102.659,151.210,105.436
19587,76.583,102.649,151.212,105.440
19588,76.636,102.674,151.373,105.505
19589,76.591,102.645,151.151,105.425
19590,76.654,102.641,151.164,105.450
19591,76.575,102.620,151.194,105.416
19592,76.647,102.705,151.292,105.505
19593,76.536,102.600,151.028,105.354
19594,76.511,102.430,150.890,105.250
19595,76.500,102.453,150.993,105.279
19596,76.534,102.525,151.050,105.328
19597,76.567,102.536,151.065,105.354
19598,76.500,102.497,150.857,105.261
19599,76.458,102.422,150.910,105.226
19600,76.542,102.387,150.980,105.270
19601,76.522,102.408,150.900,105.242
19602,76.522,102.477,150.887,105.261
19603,76.475,102.386,150.842,105.202
19604,76.444,102.489,150.865,105.236
19605,76.397,102.340,150.668,105.101
19606,76.474,102.331,150.766,105.159
19607,76.339,102.268,150.628,105.054
19608,76.529,102.355,150.772,105.188
19609,76.375,102.261,150.563,105.041
19610,76.354,102.249,150.617,105.046
19611,76.349,102.200,150.580,105.015
19612,76.281,102.099,150.442,104.914
19613,76.313,102.240,150.464,104.988
19614,76.246,102.109,150.382,104.897
19615,76.308,102.002,150.418,104.881
19616,76.414,102.130,150.379,104.960
19617,76.353,102.061,150.474,104.939
19618,76.365,102.140,150.532,104.992
19619,76.287,102.094,150.301,104.878
19620,76.341,102.129,150.378,104.938
19621,76.292,102.023,150.208,104.826
19622,76.315,102.168,150.504,104.968
19623,76.256,102.023,150.278,104.834
19624,76.283,102.167,150.452,104.946
19625,76.335,102.125,150.421,104.937
19626,76.365,102.069,150.350,104.908
19627,76.374,102.130,150.546,104.992
19628,76.338,102.128,150.494,104.970
19629,76.316,102.162,150.597,105.001
19630,76.340,102.245,150.591,105.029
19631,76.379,102.156,150.608,105.020
19632,76.401,102.179,150.604,105.025
19633,76.345,102.141,150.474,104.967
19634,76.386,102.085,150.504,104.968
19635,76.307,102.126,150.366,104.915
19636,76.419,102.205,150.541,105.034
19637,76.344,102.177,150.616,105.021
19638,76.399,102.267,150.564,105.052
19639,76.438,102.134,150.645,105.042
19640,76.448,102.176,150.599,105.052
19641,76.484,102.266,150.649,105.107
19642,76.436,102.145,150.417,104.985
19643,76.437,102.244,150.594,105.069
19644,76.415,102.283,150.634,105.085
19645,76.421,102.162,150.477,105.001
19646,76.420,102.227,150.597,105.056
19647,76.499,102.173,150.388,105.010
19648,76.504,102.296,150.651,105.129
19649,76.433,102.173,150.432,104.994
19650,76.508,102.155,150.592,105.059
19651,76.439,102.215,150.515,105.036
19652,76.492,102.192,150.554,105.062
19653,76.418,102.175,150.512,105.011
19654,76.388,102.054,150.256,104.885
19655,76.302,102.080,150.282,104.864
19656,76.409,102.126,150.389,104.954
19657,76.428,102.119,150.503,104.995
19658,76.425,102.112,150.456,104.976
19659,76.354,102.049,150.446,104.919
19660,76.389,102.057,150.186,104.875
19661,76.326,101.975,150.376,104.867
19662,76.338,102.066,150.332,104.889
19663,76.268,102.028,150.149,104.805
19664,76.312,102.056,150.207,104.837
19665,76.337,102.062,150.174,104.844
19666,76.277,101.987,150.065,104.771
19667,76.350,101.964,150.078,104.788
19668,76.332,102.000,150.153,104.817
19669,76.269,101.902,150.003,104.716
19670,76.260,101.914,149.959,104.707
19671,76.257,101.916,150.059,104.731
19672,76.351,102.190,150.123,104.891
19673,76.314,101.995,150.168,104.815
19674,76.360,102.016,150.152,104.836
19675,76.345,101.937,150.107,104.790
19676,76.375,102.032,150.250,104.876
19677,76.388,102.116,150.245,104.908
19678,76.306,102.031,150.323,104.873
19679,76.291,102.086,150.291,104.873
19680,76.300,102.167,150.323,104.906
19681,76.403,102.146,150.259,104.929
19682,76.374,102.159,150.488,104.984
19683,76.395,102.135,150.582,105.006
19684,76.464,102.193,150.540,105.044
19685,76.364,102.069,150.527,104.960
19686,76.412,102.177,150.431,104.984
19687,76.409,102.254,150.584,105.050
19688,76.519,102.371,150.566,105.140
19689,76.503,102.310,150.547,105.104
19690,76.416,102.171,150.648,105.046
19691,76.407,102.221,150.506,105.028
19692,76.449,102.205,150.463,105.024
19693,76.455,102.148,150.665,105.064
19694,76.412,102.172,150.691,105.059
19695,76.369,102.109,150.455,104.960
19696,76.452,102.244,150.648,105.090
19697,76.487,102.121,150.661,105.059
19698,76.467,102.227,150.577,105.072
19699,76.397,102.166,150.496,104.999
19700,76.373,102.141,150.499,104.986
19701,76.379,102.040,150.415,104.924
19702,76.336,102.100,150.435,104.935
19703,76.374,102.198,150.529,105.007
19704,76.439,102.264,150.487,105.046
19705,76.479,102.183,150.526,105.045
19706,76.430,102.199,150.531,105.032
19707,76.396,102.247,150.453,105.016
19708,76.444,102.174,150.492,105.020
19709,76.350,102.108,150.461,104.950
19710,76.428,102.113,150.468,104.980
19711,76.464,102.201,150.436,105.013
19712,76.480,102.193,150.643,105.076
19713,76.380,102.144,150.463,104.970
19714,76.428,102.308,150.585,105.085
19715,76.380,102.062,150.416,104.928
19716,76.450,102.195,150.476,105.019
19717,76.291,102.076,150.427,104.907
19718,76.348,102.193,150.464,104.980
19719,76.363,102.092,150.405,104.927
19720,76.381,102.036,150.390,104.911
19721,76.460,102.197,150.368,104.987
19722,76.437,102.129,150.286,104.934
19723,76.471,102.218,150.526,105.038
19724,76.492,102.285,150.527,105.077
19725,76.457,102.120,150.467,104.989
19726,76.477,102.188,150.619,105.067
19727,76.434,102.175,150.444,104.999
19728,76.533,102.166,150.439,105.033
19729,76.454,102.094,150.259,104.920
19730,76.418,102.120,150.333,104.937
19731,76.353,102.114,150.366,104.926
19732,76.392,102.117,150.291,104.918
19733,76.412,102.002,150.296,104.893
19734,76.483,102.158,150.260,104.957
19735,76.417,102.060,150.425,104.935
19736,76.438,102.065,150.264,104.906
19737,76.434,102.077,150.290,104.918
19738,76.432,102.119,150.363,104.947
19739,76.359,101.984,150.292,104.856
19740,76.320,101.958,150.251,104.830
19741,76.317,101.924,149.996,104.740
19742,76.346,101.967,150.096,104.788
19743,76.314,101.939,150.025,104.749
19744,76.415,102.073,150.194,104.885
19745,76.335,101.963,150.208,104.822
19746,76.347,102.006,150.135,104.819
19747,76.326,101.902,150.098,104.759
19748,76.313,101.982,150.029,104.770
19749,76.285,101.849,149.971,104.700
19750,76.193,101.860,149.873,104.640
19751,76.274,101.819,150.080,104.713
19752,76.326,101.878,150.052,104.747
19753,76.354,101.947,150.131,104.800
19754,76.359,101.998,150.098,104.816
19755,76.269,101.873,150.129,104.743
19756,76.363,102.016,150.248,104.857
19757,76.264,102.003,150.113,104.782
19758,76.338,102.074,150.253,104.870
19759,76.196,101.905,149.951,104.674
19760,76.272,101.935,150.129,104.760
19761,76.314,101.967,149.956,104.744
19762,76.364,102.000,149.977,104.776
19763,76.266,101.950,150.071,104.751
19764,76.280,101.876,150.082,104.730
19765,76.249,101.844,150.071,104.712
19766,76.270,101.883,150.038,104.722
19767,76.323,101.853,150.016,104.728
19768,76.382,101.960,150.108,104.811
19769,76.284,101.832,149.876,104.661
19770,76.198,101.784,149.869,104.617
19771,76.184,101.746,149.746,104.554
19772,76.283,101.897,149.875,104.680
19773,76.091,101.817,149.804,104.566
19774,76.223,101.923,149.800,104.656
19775,76.164,101.712,149.750,104.543
19776,76.218,101.721,149.894,104.607
19777,76.165,101.786,149.880,104.602
19778,76.149,101.718,149.684,104.523
19779,76.167,101.731,149.562,104.498
19780,76.089,101.725,149.621,104.489
19781,76.067,101.656,149.592,104.439
19782,76.097,101.652,149.729,104.487
19783,76.048,101.695,149.654,104.464
19784,76.150,101.815,149.796,104.586
19785,76.120,101.758,149.554,104.492
19786,76.125,101.698,149.610,104.481
19787,76.148,101.737,149.605,104.498
19788,76.158,101.739,149.708,104.531
19789,76.098,101.617,149.736,104.479
19790,76.080,101.628,149.611,104.446
19791,76.079,101.703,149.532,104.448
19792,76.081,101.645,149.521,104.428
19793,76.054,101.633,149.493,104.397
19794,76.082,101.652,149.446,104.407
19795,75.923,101.438,149.360,104.247
19796,75.984,101.506,149.353,104.293
19797,75.981,101.600,149.355,104.322
19798,76.002,101.537,149.340,104.301
19799,75.979,101.494,149.373,104.293
19800,75.947,101.510,149.282,104.266
19801,76.022,101.557,149.435,104.343
19802,75.990,101.536,149.400,104.328
19803,75.957,101.509,149.345,104.288
19804,75.980,101.494,149.246,104.263
19805,75.924,101.297,149.316,104.194
19806,75.943,101.526,149.426,104.310
19807,75.907,101.538,149.367,104.281
19808,75.909,101.556,149.465,104.319
19809,75.889,101.535,149.285,104.255
19810,75.923,101.528,149.322,104.275
19811,75.973,101.500,149.451,104.321
19812,75.962,101.555,149.518,104.353
19813,75.966,101.498,149.557,104.343
19814,75.975,101.548,149.580,104.375
19815,76.011,101.570,149.596,104.399
19816,75.936,101.618,149.518,104.366
19817,75.904,101.530,149.445,104.298
19818,75.929,101.470,149.504,104.316
19819,75.865,101.419,149.479,104.260
19820,75.977,101.565,149.635,104.399
19821,75.918,101.570,149.563,104.355
19822,75.925,101.540,149.473,104.323
19823,75.951,101.576,149.474,104.348
19824,75.979,101.463,149.561,104.343
19825,75.884,101.500,149.373,104.261
19826,75.845,101.432,149.150,104.170
19827,75.912,101.455,149.322,104.245
19828,75.832,101.547,149.389,104.265
19829,75.872,101.603,149.438,104.318
19830,75.866,101.624,149.416,104.310
19831,75.831,101.565,149.511,104.307
19832,75.930,101.555,149.574,104.352
19833,75.855,101.483,149.414,104.263
19834,75.874,101.601,149.481,104.321
19835,75.846,101.518,149.339,104.249
19836,75.947,101.608,149.571,104.378
19837,75.948,101.731,149.716,104.463
19838,75.997,101.668,149.770,104.477
19839,75.924,101.732,149.825,104.478
19840,75.994,101.768,149.664,104.478
19841,75.963,101.867,149.872,104.556
19842,76.028,101.879,149.959,104.610
19843,76.039,101.887,150.006,104.632
19844,76.100,101.908,150.063,104.689
19845,76.070,101.916,149.990,104.657
19846,76.074,101.888,150.060,104.665
19847,76.062,101.888,150.065,104.662
19848,76.110,102.011,150.231,104.768
19849,76.015,101.950,150.097,104.668
19850,76.090,102.059,150.104,104.737
19851,76.120,102.037,150.130,104.750
19852,76.262,102.045,150.174,104.818
19853,76.161,102.123,150.237,104.824
19854,76.165,102.153,150.138,104.817
19855,76.121,102.132,150.325,104.832
19856,76.176,102.116,150.275,104.840
19857,76.210,102.107,150.360,104.867
19858,76.199,102.184,150.541,104.946
19859,76.188,102.099,150.312,104.844
19860,76.181,102.115,150.362,104.860
19861,76.099,102.203,150.264,104.835
19862,76.133,102.239,150.474,104.918
19863,76.192,102.170,150.555,104.941
19864,76.290,102.339,150.492,105.014
19865,76.270,102.265,150.566,105.001
19866,76.286,102.402,150.702,105.095
19867,76.189,102.277,150.646,105.001
19868,76.205,102.409,150.629,105.047
19869,76.242,102.356,150.746,105.068
19870,76.258,102.418,150.819,105.118
19871,76.240,102.457,150.825,105.129
19872,76.372,102.465,150.944,105.217
19873,76.359,102.498,151.087,105.256
19874,76.438,102.552,151.074,105.302
19875,76.305,102.458,151.069,105.209
19876,76.419,102.654,151.316,105.395
19877,76.469,102.749,151.519,105.503
19878,76.533,102.857,151.785,105.637
19879,76.608,102.769,151.825,105.646
19880,76.602,102.867,152.026,105.734
19881,76.625,102.994,151.975,105.767
19882,76.699,103.021,152.054,105.825
19883,76.682,103.005,152.013,105.803
19884,76.777,103.058,152.248,105.922
19885,76.771,103.105,152.367,105.964
19886,76.855,103.164,152.353,106.013
19887,76.854,103.169,152.410,106.032
19888,76.920,103.230,152.670,106.145
19889,76.871,103.180,152.591,106.086
19890,77.018,103.334,152.738,106.237
19891,77.062,103.396,152.871,106.312
19892,77.150,103.419,153.012,106.385
19893,77.169,103.512,153.099,106.446
19894,77.173,103.501,153.208,106.479
19895,77.136,103.482,153.206,106.456
19896,77.190,103.576,153.268,106.526
19897,77.278,103.566,153.300,106.564
19898,77.292,103.753,153.344,106.645
19899,77.316,103.713,153.273,106.622
19900,77.300,103.527,153.275,106.547
19901,77.297,103.505,153.242,106.527
19902,77.344,103.613,153.297,106.599
19903,77.326,103.490,153.158,106.516
19904,77.347,103.597,153.284,106.595
19905,77.338,103.560,153.312,106.585
19906,77.385,103.682,153.421,106.670
19907,77.376,103.610,153.214,106.590
19908,77.365,103.549,153.363,106.611
19909,77.374,103.522,153.155,106.551
19910,77.295,103.552,153.115,106.511
19911,77.256,103.586,153.131,106.510
19912,77.391,103.518,153.102,106.531
19913,77.383,103.582,153.258,106.590
19914,77.433,103.567,153.223,106.597
19915,77.282,103.506,153.142,106.496
19916,77.307,103.531,153.215,106.534
19917,77.340,103.486,153.065,106.491
19918,77.390,103.549,153.123,106.544
19919,77.322,103.472,153.171,106.506
19920,77.330,103.485,153.129,106.497
19921,77.325,103.430,153.097,106.473
19922,77.363,103.444,153.156,106.505
19923,77.348,103.314,152.904,106.378
19924,77.321,103.358,152.956,106.408
19925,77.270,103.319,152.904,106.363
19926,77.219,103.349,152.954,106.366
19927,77.355,103.235,152.795,106.329
19928,77.352,103.298,153.007,106.409
19929,77.340,103.381,152.957,106.420
19930,77.356,103.291,152.703,106.320
19931,77.147,103.200,152.767,106.233
19932,77.264,103.314,152.706,106.298
19933,77.267,103.228,152.623,106.245
19934,77.186,103.139,152.550,106.159
19935,77.139,103.083,152.544,106.125
19936,77.300,103.244,152.649,106.272
19937,77.264,103.284,152.689,106.280
19938,77.193,103.206,152.606,106.214
19939,77.184,103.155,152.437,106.135
19940,77.156,103.060,152.310,106.058
19941,77.092,102.938,152.241,105.977
19942,77.052,103.011,152.271,105.992
19943,77.141,103.085,152.227,106.035
19944,77.136,102.992,152.284,106.022
19945,77.059,102.801,152.162,105.887
19946,77.111,102.873,152.094,105.918
19947,76.935,102.771,151.866,105.757
19948,76.928,102.793,151.862,105.756
19949,76.940,102.679,151.602,105.657
19950,76.900,102.630,151.556,105.607
19951,76.906,102.637,151.667,105.638
19952,76.974,102.705,151.543,105.652
19953,76.893,102.607,151.570,105.595
19954,77.529,103.598,153.355,106.680
19955,77.535,103.585,153.401,106.688
19956,77.633,103.726,153.383,106.766
19957,77.676,103.661,153.443,106.783
19958,77.638,103.722,153.577,106.828
19959,77.558,103.515,153.146,106.601
19960,77.565,103.568,153.122,106.607
19961,77.612,103.618,153.211,106.672
19962,77.635,103.635,153.300,106.715
19963,77.646,103.701,153.434,106.778
19964,77.712,103.710,153.462,106.815
19965,77.684,103.592,153.438,106.758
19966,77.634,103.633,153.263,106.707
19967,77.704,103.674,153.210,106.730
19968,77.762,103.678,153.315,106.785
19969,77.607,103.644,153.270,106.695
19970,77.613,103.563,153.305,106.684
19971,77.558,103.537,153.185,106.615
19972,77.601,103.671,153.194,106.681
19973,77.649,103.528,153.099,106.636
19974,77.677,103.625,153.261,106.713
19975,77.582,103.516,153.214,106.635
19976,77.715,103.621,153.270,106.741
19977,77.618,103.644,153.242,106.698
19978,77.597,103.702,153.412,106.758
19979,77.528,103.619,153.208,106.642
19980,77.551,103.593,153.196,106.639
19981,77.585,103.585,153.129,106.637
19982,77.598,103.642,153.172,106.673
19983,77.510,103.614,153.096,106.602
19984,77.631,103.616,153.193,106.682
19985,77.536,103.541,153.096,106.591
19986,77.567,103.474,153.089,106.578
19987,77.495,103.510,152.914,106.517
19988,77.541,103.493,152.831,106.499
19989,77.434,103.295,152.807,106.391
19990,77.424,103.327,152.918,106.422
19991,77.416,103.448,153.014,106.492
19992,77.493,103.365,153.071,106.507
19993,77.491,103.360,153.111,106.516
19994,77.502,103.415,152.915,106.484
19995,77.428,103.335,152.859,106.414
19996,77.373,103.337,152.832,106.390
19997,77.332,103.285,152.774,106.341
19998,77.390,103.344,152.746,106.374
19999,77.392,103.179,152.614,106.282
20000,77.422,103.283,152.863,106.388
20001,77.394,103.347,152.871,106.417
20002,77.441,103.359,152.974,106.463
20003,77.419,103.341,152.716,106.374
20004,77.435,103.262,152.742,106.368
20005,77.343,103.270,152.656,106.308
20006,77.406,103.305,152.827,106.394
20007,77.428,103.315,152.724,106.375
20008,77.427,103.232,152.573,106.302
20009,77.328,103.108,152.627,106.247
20010,77.305,103.163,152.559,106.236
20011,77.288,103.071,152.506,106.177
20012,77.300,103.088,152.379,106.148
20013,77.317,103.061,152.130,106.080
20014,77.352,103.145,152.420,106.202
20015,77.258,103.074,152.428,106.145
20016,77.319,103.211,152.389,106.204
20017,77.259,103.022,152.216,106.069
20018,77.257,103.033,152.158,106.050
20019,77.193,103.060,152.282,106.071
20020,77.263,103.071,152.264,106.101
20021,77.222,102.992,152.152,106.017
20022,77.335,102.985,152.254,106.093
20023,77.245,103.003,152.237,106.060
20024,77.328,103.037,152.294,106.120
20025,77.280,102.993,152.148,106.049
20026,77.286,102.987,152.311,106.090
20027,77.258,102.928,152.153,106.019
20028,77.246,102.883,152.102,105.984
20029,77.169,102.881,152.016,105.931
20030,77.181,102.826,152.087,105.935
20031,77.197,102.908,152.172,105.994
20032,77.266,102.935,152.188,106.034
20033,77.283,102.909,152.160,106.022
20034,77.243,102.907,152.186,106.014
20035,77.099,102.876,152.062,105.918
20036,77.084,102.849,151.706,105.801
20037,77.098,102.729,151.715,105.767
20038,77.121,102.811,151.694,105.797
20039,77.084,102.795,151.815,105.806
20040,77.127,102.804,151.755,105.815
20041,77.130,102.850,151.859,105.864
20042,77.144,102.887,151.867,105.885
20043,77.124,102.837,151.828,105.850
20044,77.142,102.820,151.741,105.822
20045,77.170,102.872,151.648,105.818
20046,77.100,102.790,151.638,105.776
20047,77.061,102.754,151.650,105.752
20048,77.033,102.673,151.579,105.696
20049,76.985,102.638,151.456,105.621
20050,77.015,102.540,151.393,105.581
20051,76.895,102.597,151.280,105.523
20052,76.964,102.641,151.310,105.576
20053,76.894,102.467,151.271,105.486
20054,76.899,102.518,151.350,105.527
20055,76.873,102.491,151.029,105.421
20056,76.891,102.437,151.191,105.448
20057,76.828,102.313,150.923,105.308
20058,76.801,102.331,150.878,105.291
20059,76.724,102.321,150.845,105.243
20060,76.659,102.223,150.735,105.162
20061,76.681,102.239,150.831,105.202
20062,76.728,102.286,150.865,105.242
20063,76.684,102.232,150.892,105.221
20064,76.761,102.328,150.879,105.274
20065,76.729,102.211,150.643,105.159
20066,76.742,102.250,150.695,105.191
20067,76.669,102.284,150.634,105.160
20068,76.620,102.213,150.707,105.139
20069,76.572,102.018,150.612,105.028
20070,76.604,102.078,150.393,105.001
20071,76.625,102.101,150.524,105.045
20072,76.590,102.129,150.689,105.092
20073,76.600,102.121,150.720,105.102
20074,76.657,102.195,150.677,105.131
20075,76.516,101.990,150.472,104.957
20076,76.621,102.079,150.642,105.073
20077,76.605,102.018,150.734,105.069
20078,76.550,102.053,150.647,105.045
20079,76.509,102.039,150.538,104.997
20080,76.559,102.038,150.435,104.977
20081,76.625,102.055,150.617,105.059
20082,76.564,102.022,150.378,104.960
20083,76.571,102.046,150.613,105.043
20084,76.499,102.088,150.576,105.009
20085,76.436,102.009,150.448,104.929
20086,76.466,101.971,150.453,104.922
20087,76.487,101.897,150.409,104.893
20088,76.544,102.035,150.591,105.017
20089,76.452,101.812,150.243,104.805
20090,76.488,101.914,150.516,104.928
20091,76.411,101.915,150.368,104.864
20092,76.502,101.980,150.510,104.951
20093,76.497,101.869,150.519,104.918
20094,76.422,101.829,150.160,104.782
20095,76.410,101.820,150.152,104.769
20096,76.395,101.872,149.975,104.737
20097,76.457,101.923,150.002,104.783
20098,76.369,101.869,149.907,104.704
20099,76.338,101.752,149.970,104.667
20100,76.336,101.752,149.947,104.659
20101,76.340,101.703,149.749,104.585
20102,76.399,101.769,149.843,104.664
20103,76.261,101.699,149.882,104.592
20104,76.326,101.826,149.833,104.653
20105,76.301,101.678,149.778,104.576
20106,76.380,101.684,149.911,104.640
20107,76.288,101.694,149.790,104.574
20108,76.325,101.643,149.852,104.591
20109,76.270,101.680,149.800,104.572
20110,76.257,101.610,149.609,104.489
20111,76.251,101.600,149.697,104.500
20112,76.362,101.724,149.697,104.587
20113,76.425,101.840,149.717,104.664
20114,76.318,101.704,149.677,104.564
20115,76.270,101.537,149.663,104.483
20116,76.301,101.707,149.754,104.582
20117,76.199,101.636,149.673,104.493
20118,76.288,101.670,149.780,104.571
20119,76.252,101.624,149.638,104.496
20120,76.322,101.620,149.894,104.595
20121,76.305,101.706,149.741,104.581
20122,76.389,101.704,149.737,104.605
20123,76.335,101.754,149.777,104.614
20124,76.361,101.776,149.789,104.631
20125,76.371,101.798,149.811,104.651
20126,76.305,101.760,149.878,104.626
20127,76.361,101.854,150.009,104.720
20128,76.459,101.897,149.963,104.755
20129,76.485,101.852,150.051,104.776
20130,76.511,101.957,150.075,104.831
20131,76.434,101.943,150.056,104.793
20132,76.507,102.019,150.256,104.900
20133,76.504,101.895,150.321,104.872
20134,76.501,101.989,150.234,104.874
20135,76.523,101.957,150.200,104.868
20136,76.586,101.993,150.389,104.953
20137,76.700,102.107,150.463,105.060
20138,76.562,102.012,150.240,104.910
20139,76.537,102.014,150.220,104.896
20140,76.535,102.048,150.363,104.949
20141,76.604,102.087,150.429,105.001
20142,76.671,102.174,150.589,105.100
20143,76.662,102.072,150.595,105.062
20144,76.702,102.243,150.757,105.182
20145,76.669,102.117,150.778,105.128
20146,76.696,102.275,150.917,105.234
20147,76.629,102.146,150.794,105.131
20148,76.722,102.245,150.843,105.212
20149,76.730,102.324,150.931,105.271
20150,76.707,102.307,151.094,105.299
20151,76.823,102.321,151.148,105.365
20152,76.908,102.451,151.246,105.473
20153,76.894,102.423,151.299,105.464
20154,76.887,102.465,151.426,105.510
20155,76.893,102.475,151.378,105.499
20156,76.985,102.540,151.448,105.573
20157,76.984,102.447,151.410,105.530
20158,76.999,102.544,151.668,105.650
20159,76.925,102.537,151.614,105.606
20160,76.925,102.564,151.497,105.579
20161,77.025,102.647,151.642,105.681
20162,77.034,102.679,151.605,105.690
20163,76.958,102.674,151.535,105.637
20164,76.938,102.709,151.483,105.631
20165,76.928,102.551,151.536,105.587
20166,76.943,102.619,151.696,105.660
20167,76.959,102.641,151.591,105.638
20168,77.089,102.817,151.639,105.757
20169,77.014,102.664,151.518,105.645
20170,77.033,102.698,151.606,105.700
20171,76.994,102.702,151.605,105.684
20172,77.077,102.802,151.718,105.779
20173,77.064,102.881,151.705,105.800
20174,77.106,102.840,151.874,105.842
20175,77.127,102.852,152.019,105.898
20176,77.146,102.859,151.818,105.849
20177,77.167,102.946,152.038,105.954
20178,77.169,103.048,152.153,106.014
20179,77.173,102.970,152.136,105.985
20180,77.179,103.106,152.156,106.043
20181,77.203,102.957,152.139,105.999
20182,77.176,102.989,152.217,106.018
20183,77.140,102.988,152.182,105.989
20184,77.245,103.113,152.183,106.078
20185,77.192,102.964,152.119,105.984
20186,77.311,103.150,152.314,106.145
20187,77.216,103.171,152.337,106.134
20188,77.215,103.165,152.386,106.144
20189,77.122,103.055,152.172,106.003
20190,77.166,103.103,151.962,105.982
20191,77.196,103.132,152.031,106.021
20192,77.312,103.211,152.217,106.147
20193,77.272,103.235,152.224,106.136
20194,77.306,103.151,152.250,106.132
20195,77.183,103.136,152.321,106.098
20196,77.296,103.189,152.436,106.196
20197,77.275,103.117,152.511,106.186
20198,77.270,103.215,152.628,106.248
20199,77.255,103.233,152.690,106.256
20200,77.212,103.239,152.605,106.227
20201,77.357,103.348,152.641,106.327
20202,77.339,103.354,152.669,106.329
20203,77.395,103.377,152.600,106.341
20204,77.315,103.263,152.561,106.259
20205,77.291,103.233,152.736,106.282
20206,77.272,103.304,152.524,106.245
20207,77.263,103.269,152.606,106.254
20208,77.350,103.324,152.824,106.361
20209,77.313,103.315,152.679,106.307
20210,77.283,103.359,152.709,106.331
20211,77.184,103.385,152.659,106.284
20212,77.328,103.376,152.852,106.385
20213,77.303,103.312,152.815,106.346
20214,77.280,103.203,152.560,106.224
20215,77.295,103.236,152.618,106.263
20216,77.342,103.289,152.740,106.330
20217,77.359,103.404,152.914,106.425
20218,77.389,103.364,152.757,106.375
20219,77.351,103.263,152.585,106.289
20220,77.237,103.235,152.614,106.240
20221,77.166,103.279,152.611,106.219
20222,77.267,103.239,152.592,106.243
20223,77.239,103.307,152.560,106.248
20224,77.396,103.428,152.782,106.414
20225,77.336,103.173,152.598,106.249
20226,77.325,103.251,152.697,106.298
20227,77.208,103.157,152.496,106.167
20228,77.224,103.181,152.618,106.215
20229,77.162,103.172,152.366,106.117
20230,77.205,103.151,152.414,106.133
20231,77.210,103.165,152.548,106.179
20232,77.227,103.234,152.447,106.181
20233,77.202,103.198,152.594,106.201
20234,77.266,103.196,152.522,106.207
20235,77.113,103.140,152.275,106.067
20236,77.193,103.213,152.578,106.206
20237,77.133,103.051,152.291,106.041
20238,77.223,103.086,152.457,106.138
20239,77.160,102.997,152.195,106.003
20240,77.187,103.067,152.175,106.037
20241,77.133,102.940,152.125,105.958
20242,77.183,102.952,152.221,106.013
20243,77.221,102.901,152.052,105.958
20244,77.203,103.008,152.118,106.008
20245,77.124,102.958,152.060,105.943
20246,77.106,102.888,151.999,105.891
20247,77.090,102.866,151.976,105.872
20248,77.165,102.852,152.010,105.906
20249,77.089,102.846,152.246,105.941
20250,77.077,102.799,152.136,105.891
20251,77.043,102.833,152.032,105.863
20252,77.110,102.890,152.087,105.921
20253,77.071,102.890,152.090,105.909
20254,77.147,102.923,152.051,105.936
20255,77.084,102.725,152.138,105.864
20256,77.037,102.824,152.007,105.853
20257,77.088,102.806,152.016,105.868
20258,77.066,102.768,151.929,105.819
20259,77.046,102.674,151.957,105.790
20260,77.016,102.680,151.811,105.740
20261,76.951,102.576,151.740,105.661
20262,76.974,102.637,151.717,105.686
20263,76.935,102.511,151.462,105.553
20264,76.951,102.593,151.605,105.625
20265,76.905,102.585,151.527,105.594
20266,76.953,102.669,151.692,105.675
20267,76.911,102.477,151.381,105.511
20268,76.915,102.507,151.430,105.533
20269,76.835,102.426,151.378,105.463
20270,76.757,102.421,151.088,105.357
20271,76.778,102.428,151.305,105.417
20272,76.832,102.425,151.272,105.433
20273,76.837,102.486,151.389,105.492
20274,76.837,102.465,151.255,105.451
20275,76.754,102.405,151.233,105.387
20276,76.843,102.361,151.274,105.420
20277,76.681,102.305,151.160,105.306
20278,76.755,102.231,151.046,105.275
20279,76.699,102.185,150.906,105.197
20280,76.781,102.269,150.978,105.277
20281,76.690,102.251,150.894,105.215
20282,76.677,102.082,150.786,105.123
20283,76.647,102.165,150.996,105.195
20284,76.621,102.132,150.747,105.113
20285,76.535,101.946,150.472,104.937
20286,76.515,101.883,150.403,104.892
20287,76.472,101.933,150.561,104.930
20288,76.491,101.969,150.436,104.920
20289,76.429,101.808,150.176,104.759
20290,76.346,101.717,149.844,104.613
20291,76.333,101.503,149.789,104.518
20292,76.234,101.603,149.622,104.472
20293,76.218,101.603,149.568,104.456
20294,76.158,101.528,149.586,104.407
20295,76.186,101.496,149.483,104.380
20296,76.249,101.529,149.546,104.433
20297,76.216,101.451,149.567,104.404
20298,76.211,101.381,149.455,104.353
20299,76.045,101.253,149.255,104.186
20300,76.015,101.316,149.374,104.232
20301,76.047,101.271,149.228,104.191
20302,76.052,101.288,149.211,104.193
20303,75.963,101.287,149.345,104.200
20304,76.061,101.318,149.293,104.227
20305,75.980,101.272,149.237,104.162
20306,75.956,101.324,149.251,104.180
20307,75.861,101.197,148.986,104.031
20308,75.894,101.266,149.131,104.107
20309,75.811,101.157,149.048,104.020
20310,75.803,101.067,148.989,103.973
20311,75.725,101.115,149.004,103.957
20312,75.806,101.172,149.152,104.053
20313,75.831,101.219,149.158,104.080
20314,75.803,101.104,148.938,103.970
20315,75.740,101.042,148.859,103.901
20316,75.790,101.110,148.941,103.968
20317,75.714,101.011,148.897,103.899
20318,75.783,101.146,149.124,104.026
20319,75.689,101.111,148.931,103.926
20320,75.726,101.121,149.136,103.995
20321,75.724,101.155,148.930,103.957
20322,75.736,101.092,148.922,103.946
20323,75.726,101.171,148.896,103.947
20324,76.410,102.222,150.758,105.095
20325,76.535,102.264,151.123,105.260
20326,76.568,102.504,151.270,105.392
20327,76.584,102.444,151.206,105.362
20328,76.585,102.583,151.246,105.425
20329,76.613,102.601,151.216,105.429
20330,76.583,102.538,151.228,105.408
20331,76.579,102.475,151.260,105.390
20332,76.596,102.639,151.455,105.510
20333,76.634,102.587,151.366,105.483
20334,76.680,102.647,151.489,105.555
20335,76.599,102.570,151.308,105.447
20336,76.746,102.584,151.294,105.493
20337,76.703,102.712,151.469,105.574
20338,76.677,102.577,151.435,105.509
20339,76.669,102.531,151.487,105.505
20340,76.666,102.729,151.466,105.567
20341,76.662,102.692,151.540,105.573
20342,76.731,102.717,151.608,105.624
20343,76.679,102.695,151.412,105.547
20344,76.740,102.699,151.549,105.602
20345,76.594,102.542,151.038,105.358
20346,76.690,102.583,151.193,105.452
20347,76.803,102.793,151.672,105.696
20348,76.726,102.890,151.853,105.758
20349,76.758,102.796,151.766,105.709
20350,76.701,102.770,151.787,105.686
20351,76.755,102.840,151.870,105.755
20352,76.834,102.849,151.788,105.755
20353,76.819,102.960,151.861,105.815
20354,76.710,102.718,151.642,105.625
20355,76.748,102.843,151.817,105.732
20356,76.739,102.851,151.858,105.748
20357,76.717,102.875,151.966,105.783
20358,76.788,102.934,151.882,105.805
20359,76.705,102.889,151.912,105.763
20360,76.805,103.067,152.052,105.905
20361,76.787,102.910,151.915,105.799
20362,76.837,103.029,151.978,105.875
20363,76.873,103.010,152.027,105.897
20364,76.895,103.064,152.077,105.944
20365,76.744,102.988,152.016,105.844
20366,76.808,103.044,152.124,105.917
20367,76.854,103.157,152.206,105.999
20368,76.967,103.258,152.313,106.110
20369,77.003,103.178,152.365,106.102
20370,76.912,103.166,152.285,106.047
20371,76.913,103.236,152.315,106.075
20372,76.939,103.251,152.526,106.149
20373,76.911,103.333,152.515,106.172
20374,76.995,103.423,152.642,106.262
20375,76.982,103.465,152.724,106.292
20376,77.118,103.426,152.775,106.345
20377,77.104,103.375,152.761,106.323
20378,77.089,103.418,152.774,106.328
20379,77.135,103.411,152.829,106.357
20380,77.044,103.407,152.799,106.320
20381,77.190,103.518,152.878,106.438
20382,77.055,103.481,152.810,106.353
20383,77.118,103.571,153.002,106.459
20384,77.216,103.663,153.154,106.575
20385,77.260,103.634,153.120,106.568
20386,77.256,103.635,153.089,106.557
20387,77.176,103.564,152.926,106.459
20388,77.270,103.722,153.093,106.595
20389,77.183,103.625,152.929,106.480
20390,77.286,103.648,153.252,106.614
20391,77.292,103.622,153.163,106.590
20392,77.297,103.723,153.212,106.636
20393,77.331,103.670,153.193,106.622
20394,77.350,103.714,153.148,106.636
20395,77.242,103.654,153.169,106.581
20396,77.293,103.530,153.200,106.557
20397,77.279,103.757,153.181,106.633
20398,77.332,103.777,153.329,106.701
20399,77.225,103.718,153.240,106.610
20400,77.382,103.758,153.196,106.671
20401,77.284,103.644,153.332,106.634
20402,77.368,103.792,153.312,106.711
20403,77.271,103.608,153.204,106.576
20404,77.271,103.774,153.288,106.659
20405,77.315,103.798,153.254,106.673
20406,77.364,103.916,153.461,106.793
20407,77.362,103.861,153.484,106.778
20408,77.463,103.899,153.424,106.814
20409,77.459,103.979,153.620,106.889
20410,77.385,103.945,153.504,106.827
20411,77.387,103.948,153.468,106.809
20412,77.403,104.010,153.625,106.885
20413,77.385,104.039,153.732,106.916
20414,77.442,103.943,153.729,106.906
20415,77.365,103.933,153.685,106.856
20416,77.509,104.034,153.826,106.984
20417,77.469,104.144,153.857,107.021
20418,77.520,104.127,154.070,107.087
20419,77.543,104.094,154.081,107.090
20420,77.454,104.038,153.934,106.996
20421,77.602,104.051,154.046,107.078
20422,77.565,104.152,154.083,107.115
20423,77.538,104.110,154.211,107.117
20424,77.670,104.351,154.335,107.289
20425,77.623,104.308,154.275,107.244
20426,77.675,104.303,154.406,107.292
20427,77.687,104.280,154.440,107.295
20428,77.762,104.386,154.589,107.407
20429,77.614,104.229,154.353,107.223
20430,77.728,104.505,154.601,107.432
20431,77.699,104.379,154.687,107.405
20432,77.837,104.525,154.800,107.536
20433,77.897,104.611,154.936,107.627
20434,77.906,104.547,154.909,107.603
20435,77.915,104.468,154.857,107.563
20436,77.895,104.545,154.833,107.568
20437,77.907,104.608,154.878,107.602
20438,77.957,104.612,154.846,107.615
20439,77.908,104.580,154.950,107.622
20440,77.897,104.618,154.875,107.608
20441,77.909,104.462,154.881,107.559
20442,77.886,104.513,155.001,107.595
20443,77.924,104.556,154.942,107.621
20444,78.019,104.586,155.109,107.706
20445,77.908,104.571,155.025,107.638
20446,77.966,104.623,155.067,107.680
20447,77.965,104.667,155.027,107.687
20448,78.065,104.681,155.130,107.758
20449,78.023,104.676,155.044,107.715
20450,77.949,104.593,154.947,107.631
20451,77.966,104.690,155.077,107.708
20452,78.032,104.701,155.193,107.769
20453,78.051,104.661,155.221,107.764
20454,78.131,104.764,155.267,107.849
20455,78.090,104.783,155.316,107.864
20456,78.148,104.828,155.240,107.865
20457,78.137,104.758,155.144,107.815
20458,78.132,104.735,155.249,107.831
20459,78.004,104.582,155.023,107.667
20460,78.130,104.728,155.164,107.802
20461,78.135,104.773,155.149,107.825
20462,78.122,104.692,155.120,107.778
20463,78.158,104.761,155.134,107.817
20464,78.229,104.801,155.249,107.884
20465,78.171,104.774,154.999,107.786
20466,78.126,104.624,154.980,107.711
20467,78.079,104.644,154.938,107.696
20468,78.157,104.663,154.883,107.709
20469,78.043,104.471,154.671,107.538
20470,77.986,104.428,154.752,107.522
20471,78.005,104.259,154.433,107.381
20472,78.102,104.448,154.499,107.502
20473,78.045,104.394,154.425,107.449
20474,78.044,104.443,154.598,107.510
20475,78.046,104.332,154.447,107.425
20476,77.973,104.335,154.437,107.401
20477,77.941,104.266,154.286,107.333
20478,77.894,104.152,154.082,107.208
20479,77.879,104.067,154.195,107.206
20480,77.954,104.052,154.235,107.239
20481,78.000,104.169,154.182,107.281
20482,77.827,104.081,154.119,107.171
20483,77.779,103.963,153.918,107.054
20484,77.825,103.910,153.987,107.064
20485,77.795,103.858,153.995,107.047
20486,77.811,103.946,153.930,107.065
20487,77.745,103.806,153.710,106.927
20488,77.732,103.687,153.536,106.838
20489,77.732,103.813,153.564,106.887
20490,77.660,103.688,153.435,106.784
20491,77.530,103.447,152.933,106.511
20492,77.580,103.532,152.993,106.577
20493,77.586,103.425,152.883,106.509
20494,77.471,103.384,152.849,106.441
20495,77.374,103.303,152.732,106.347
20496,77.478,103.299,152.711,106.385
20497,77.490,103.410,152.735,106.435
20498,77.517,103.362,152.904,106.473
20499,77.336,103.160,152.635,106.268
20500,77.323,103.192,152.606,106.256
20501,77.202,103.003,152.169,106.028
20502,77.244,103.096,152.266,106.100
20503,77.192,103.016,152.184,106.030
20504,77.168,103.048,151.941,105.971
20505,77.168,102.997,152.031,105.977
20506,77.186,102.960,151.954,105.944
20507,77.148,102.996,152.034,105.977
20508,77.040,102.821,151.775,105.799
20509,76.978,102.739,151.600,105.692
20510,77.040,102.801,151.661,105.763
20511,77.032,102.692,151.648,105.712
20512,77.067,102.628,151.643,105.698
20513,77.019,102.668,151.432,105.636
20514,76.971,102.646,151.342,105.590
20515,76.876,102.433,151.205,105.444
20516,76.714,102.394,151.016,105.315
20517,76.611,102.324,150.874,105.214
20518,76.689,102.353,150.908,105.265
20519,76.621,102.274,150.880,105.201
20520,76.629,102.140,150.485,105.052
20521,76.614,102.188,150.866,105.179
20522,76.472,102.089,150.551,104.999
20523,76.460,101.956,150.357,104.895
20524,76.391,101.993,150.470,104.914
20525,76.334,101.912,150.210,104.795
20526,76.415,102.022,150.290,104.892
20527,76.415,101.947,150.156,104.821
20528,76.319,101.982,150.213,104.819
20529,76.231,101.785,150.089,104.673
20530,76.248,101.722,149.982,104.634
20531,76.151,101.737,150.037,104.620
20532,76.207,101.690,150.015,104.619
20533,76.194,101.853,150.015,104.673
20534,76.203,101.829,149.904,104.635
20535,76.050,101.747,149.912,104.551
20536,76.143,101.718,149.853,104.554
20537,76.140,101.664,149.911,104.549
20538,76.156,101.736,149.934,104.596
20539,76.102,101.696,149.822,104.533
20540,76.120,101.747,149.919,104.584
20541,76.119,101.729,150.062,104.617
20542,76.162,101.781,150.047,104.648
20543,76.081,101.731,149.887,104.560
20544,76.074,101.813,149.908,104.592
20545,76.089,101.829,149.791,104.573
20546,76.050,101.718,149.820,104.525
20547,76.106,101.730,149.966,104.587
20548,76.100,101.792,150.003,104.627
20549,76.057,101.779,150.023,104.607
20550,76.002,101.784,149.991,104.574
20551,76.028,101.715,149.877,104.533
20552,76.115,101.876,150.164,104.696
20553,76.045,101.753,150.018,104.586
20554,76.091,101.925,150.221,104.729
20555,76.139,101.854,150.237,104.720
20556,76.153,101.915,150.232,104.752
20557,76.063,101.874,150.170,104.683
20558,76.137,101.966,150.310,104.783
20559,76.118,101.938,150.225,104.745
20560,76.080,101.903,150.156,104.698
20561,76.120,102.030,150.191,104.766
20562,76.123,101.968,150.199,104.742
20563,76.113,102.078,150.426,104.843
20564,76.205,102.128,150.616,104.950
20565,76.135,101.984,150.373,104.810
20566,76.213,102.195,150.541,104.961
20567,76.262,102.246,150.736,105.046
20568,76.353,102.270,150.967,105.149
20569,76.227,102.384,150.955,105.145
20570,76.295,102.346,150.987,105.162
20571,76.273,102.331,150.902,105.120
20572,76.340,102.435,150.934,105.194
20573,76.318,102.411,151.008,105.200
20574,76.323,102.410,150.926,105.184
20575,76.359,102.449,151.102,105.248
20576,76.477,102.621,151.348,105.426
20577,76.370,102.535,151.229,105.324
20578,76.482,102.566,151.224,105.377
20579,76.410,102.570,151.366,105.389
20580,76.391,102.576,151.206,105.334
20581,76.369,102.557,151.219,105.322
20582,76.542,102.648,151.314,105.451
20583,76.486,102.649,151.422,105.460
20584,76.551,102.786,151.456,105.540
20585,76.467,102.577,151.300,105.390
20586,76.431,102.732,151.525,105.497
20587,76.498,102.810,151.695,105.595
20588,76.561,102.882,151.752,105.655
20589,76.499,102.787,151.796,105.613
20590,76.606,102.779,151.765,105.640
20591,76.666,102.909,151.995,105.774
20592,76.718,103.030,152.113,105.865
20593,76.660,103.019,151.891,105.778
20594,76.715,103.028,152.116,105.863
20595,76.668,103.006,151.971,105.795
20596,76.633,103.001,152.085,105.809
20597,76.751,103.110,152.427,105.994
20598,76.760,103.120,152.614,106.054
20599,76.681,103.062,152.520,105.978
20600,76.798,103.158,152.635,106.087
20601,76.854,103.212,152.680,106.136
20602,76.778,103.037,152.095,105.886
20603,76.715,103.137,152.345,105.965
20604,76.822,103.260,152.345,106.052
20605,76.770,103.131,152.387,105.993
20606,76.777,103.088,152.366,105.974
20607,76.761,103.223,152.418,106.032
20608,76.871,103.292,152.680,106.161
20609,76.797,103.169,152.720,106.106
20610,76.849,103.317,152.695,106.164
20611,76.860,103.301,152.670,106.158
20612,76.935,103.382,152.742,106.241
20613,76.947,103.380,153.044,106.329
20614,76.993,103.469,153.181,106.411
20615,76.950,103.427,153.181,106.377
20616,76.908,103.341,152.935,106.268
20617,76.956,103.269,152.971,106.259
20618,76.980,103.299,153.135,106.330
20619,76.888,103.171,152.919,106.192
20620,76.942,103.410,153.096,106.349
20621,76.876,103.324,153.024,106.268
20622,76.972,103.437,153.184,106.392
20623,76.973,103.340,153.074,106.324
20624,77.018,103.395,153.253,106.406
20625,76.913,103.351,153.271,106.358
20626,76.984,103.426,153.259,106.399
20627,77.068,103.513,153.357,106.493
20628,76.998,103.549,153.379,106.486
20629,77.032,103.465,153.452,106.493
20630,76.862,103.088,152.955,106.156
20631,76.896,103.334,153.117,106.293
20632,76.897,103.310,153.078,106.282
20633,76.976,103.550,153.412,106.481
20634,77.075,103.497,153.587,106.547
20635,77.055,103.395,153.489,106.473
20636,77.107,103.499,153.461,106.530
20637,77.197,103.507,153.597,106.604
20638,77.149,103.407,153.750,106.587
20639,77.161,103.507,153.637,106.595
20640,77.173,103.514,153.651,106.604
20641,77.252,103.555,153.834,106.704
20642,77.227,103.652,153.572,106.648
20643,77.269,103.548,153.699,106.664
20644,77.351,103.649,153.758,106.746
20645,77.264,103.636,153.574,106.654
20646,77.311,103.644,153.589,106.686
20647,77.294,103.620,153.621,106.673
20648,77.427,103.838,153.985,106.904
20649,77.421,103.757,153.985,106.865
20650,77.406,103.785,154.022,106.883
20651,77.389,103.649,153.942,106.815
20652,77.459,103.754,153.989,106.887
20653,77.438,103.792,154.002,106.895
20654,77.353,103.729,153.827,106.791
20655,77.401,103.847,153.961,106.885
20656,77.458,103.905,154.062,106.952
20657,77.558,103.883,154.198,107.022
20658,77.513,103.950,154.086,106.991
20659,77.328,103.622,153.600,106.678
20660,77.310,103.570,153.578,106.647
20661,77.221,103.498,153.506,106.567
20662,77.322,103.540,153.632,106.651
20663,77.327,103.553,153.621,106.651
20664,77.390,103.623,153.704,106.729
20665,77.398,103.562,153.642,106.698
20666,77.355,103.619,153.498,106.657
20667,77.298,103.549,153.502,106.617
20668,77.297,103.545,153.537,106.623
20669,77.377,103.551,153.568,106.668
20670,77.309,103.472,153.529,106.600
20671,77.401,103.549,153.519,106.654
20672,77.514,103.573,153.601,106.728
20673,77.496,103.542,153.690,106.734
20674,77.482,103.696,153.805,106.816
20675,77.436,103.523,153.574,106.678
20676,77.496,103.617,153.656,106.753
20677,77.455,103.527,153.527,106.669
20678,77.506,103.649,153.665,106.770
20679,77.359,103.504,153.626,106.654
20680,77.402,103.626,153.498,106.678
20681,77.439,103.633,153.612,106.725
20682,77.490,103.551,153.436,106.669
20683,77.443,103.545,153.584,106.693
20684,77.414,103.517,153.465,106.636
20685,77.437,103.508,153.520,106.655
20686,77.452,103.447,153.401,106.614
20687,77.339,103.503,153.349,106.572
20688,77.434,103.470,153.337,106.596
20689,77.385,103.344,153.126,106.469
20690,77.373,103.361,153.198,106.490
20691,77.269,103.324,153.132,106.419
20692,77.298,103.318,153.154,106.434
20693,77.249,103.430,152.925,106.395
20694,77.300,103.282,153.158,106.419
20695,77.200,103.260,153.011,106.341
20696,77.202,103.238,152.915,106.310
20697,77.161,103.217,152.912,106.276
20698,77.235,103.153,152.854,106.270
20699,77.177,103.123,152.784,106.219
20700,77.090,103.004,152.665,106.118
20701,77.074,102.896,152.683,106.074
20702,77.104,102.919,152.453,106.034
20703,77.026,102.729,152.376,105.912
20704,77.102,102.805,152.242,105.931
20705,76.920,102.678,152.048,105.767
20706,76.964,102.809,152.208,105.875
20707,76.982,102.669,152.108,105.808
20708,76.956,102.683,152.052,105.782
20709,76.804,102.513,151.569,105.536
20710,76.812,102.463,151.679,105.547
20711,76.793,102.354,151.554,105.477
20712,76.815,102.401,151.364,105.442
20713,76.912,102.507,151.667,105.599
20714,76.959,102.614,151.786,105.695
20715,76.788,102.482,151.653,105.543
20716,76.930,102.509,151.666,105.609
20717,76.860,102.430,151.554,105.532
20718,76.911,102.559,151.838,105.671
20719,76.733,102.413,151.598,105.487
20720,76.799,102.412,151.450,105.465
20721,76.795,102.481,151.584,105.534
20722,76.743,102.403,151.500,105.461
20723,76.660,102.423,151.333,105.399
20724,76.695,102.306,151.271,105.351
20725,76.639,102.210,151.141,105.253
20726,76.600,102.147,150.917,105.158
20727,76.616,102.170,150.763,105.132
20728,76.642,102.202,150.865,105.176
20729,76.552,102.128,150.698,105.072
20730,76.571,102.131,150.795,105.111
20731,76.513,102.075,150.650,105.029
20732,76.519,102.086,150.784,105.070
20733,76.458,101.956,150.641,104.963
20734,76.385,101.991,150.416,104.890
20735,76.363,101.952,150.358,104.852
20736,76.421,101.942,150.455,104.891
20737,76.502,101.921,150.605,104.956
20738,76.528,101.863,150.613,104.946
20739,76.456,101.828,150.321,104.830
20740,76.376,101.897,150.426,104.851
20741,76.333,101.855,150.152,104.748
20742,76.368,101.902,150.305,104.821
20743,76.414,101.906,150.311,104.833
20744,76.497,101.927,150.440,104.906
20745,76.415,101.878,150.156,104.784
20746,76.421,101.900,150.297,104.838
20747,76.401,101.838,150.165,104.769
20748,76.340,101.783,150.055,104.695
20749,76.252,101.699,150.060,104.638
20750,76.279,101.625,149.851,104.564
20751,76.259,101.734,150.133,104.674
20752,76.197,101.769,150.049,104.642
20753,76.201,101.646,149.914,104.561
20754,76.165,101.535,149.832,104.483
20755,76.152,101.506,149.512,104.386
20756,76.140,101.470,149.532,104.368
20757,76.032,101.283,149.457,104.249
20758,76.138,101.392,149.531,104.353
20759,75.985,101.420,149.445,104.277
20760,75.997,101.466,149.471,104.306
20761,76.065,101.363,149.488,104.293
20762,76.000,101.423,149.391,104.270
20763,76.024,101.380,149.414,104.268
20764,76.005,101.380,149.387,104.256
20765,76.001,101.335,149.291,104.210
20766,75.961,101.442,149.568,104.315
20767,76.068,101.449,149.587,104.356
20768,76.059,101.514,149.666,104.403
20769,75.956,101.440,149.500,104.291
20770,75.882,101.389,149.449,104.236
20771,75.882,101.354,149.304,104.177
20772,75.850,101.329,149.465,104.212
20773,75.871,101.328,149.407,104.199
20774,75.960,101.435,149.571,104.314
20775,75.898,101.367,149.518,104.248
20776,75.915,101.339,149.556,104.255
20777,75.872,101.347,149.596,104.263
20778,75.799,101.298,149.334,104.139
20779,75.711,101.253,149.218,104.061
20780,75.856,101.320,149.438,104.202
20781,75.929,101.354,149.587,104.282
20782,75.850,101.431,149.500,104.249
20783,75.908,101.358,149.330,104.200
20784,75.874,101.366,149.508,104.242
20785,75.851,101.272,149.320,104.152
20786,75.783,101.220,149.296,104.091
20787,75.813,101.259,149.250,104.109
20788,75.781,101.212,149.331,104.100
20789,75.751,101.228,149.328,104.105
20790,75.730,101.242,149.073,104.032
20791,75.686,101.220,149.235,104.046
20792,75.748,101.279,149.229,104.089
20793,75.681,101.139,149.138,103.991
20794,75.729,101.209,149.213,104.050
20795,75.687,101.199,149.121,104.010
20796,75.678,101.252,149.235,104.059
20797,75.598,101.299,149.109,104.013
20798,76.202,101.967,150.592,104.887
20799,76.199,102.063,150.604,104.919
20800,76.302,102.217,150.861,105.086
20801,76.423,102.283,150.906,105.165
20802,76.437,102.278,151.008,105.195
20803,76.397,102.344,151.036,105.210
20804,76.438,102.358,150.968,105.215
20805,76.417,102.295,150.872,105.159
20806,76.408,102.205,150.860,105.118
20807,76.471,102.474,151.038,105.293
20808,76.511,102.467,151.092,105.316
20809,76.432,102.430,151.150,105.288
20810,76.501,102.469,151.215,105.351
20811,76.421,102.456,151.123,105.286
20812,76.536,102.604,151.367,105.450
20813,76.517,102.549,151.431,105.443
20814,76.470,102.560,151.331,105.398
20815,76.512,102.585,151.445,105.458
20816,76.588,102.689,151.492,105.530
20817,76.502,102.605,151.439,105.451
20818,76.531,102.524,151.343,105.413
20819,76.440,102.587,151.284,105.385
20820,76.437,102.558,151.284,105.367
20821,76.445,102.528,151.353,105.392
20822,76.503,102.639,151.452,105.474
20823,76.609,102.605,151.576,105.531
20824,76.641,102.756,151.567,105.598
20825,76.443,102.587,151.516,105.444
20826,76.481,102.649,151.562,105.500
20827,76.521,102.584,151.409,105.441
20828,76.552,102.688,151.620,105.553
20829,76.491,102.615,151.489,105.466
20830,76.549,102.711,151.482,105.530
20831,76.533,102.752,151.585,105.565
20832,76.605,102.826,151.802,105.674
20833,76.642,102.856,151.822,105.702
20834,76.584,102.815,151.727,105.641
20835,76.559,102.902,151.824,105.694
20836,76.587,102.916,151.821,105.709
20837,76.666,102.909,151.982,105.773
20838,76.668,102.956,152.144,105.833
20839,76.583,102.888,151.916,105.720
20840,76.713,103.016,152.109,105.869
20841,76.743,103.048,152.078,105.874
20842,76.817,103.053,152.197,105.941
20843,76.790,103.031,152.191,105.921
20844,76.724,103.031,152.080,105.859
20845,76.655,103.109,152.074,105.870
20846,76.718,102.955,152.011,105.820
20847,76.718,103.115,152.149,105.912
20848,76.786,103.115,152.144,105.941
20849,76.815,103.172,152.397,106.039
20850,76.734,103.128,152.204,105.937
20851,76.803,103.179,152.328,106.013
20852,76.777,103.142,152.448,106.027
20853,76.894,103.135,152.457,106.061
20854,76.758,103.179,152.388,106.013
20855,76.682,102.966,152.157,105.844
20856,76.787,103.163,152.340,106.007
20857,76.852,103.128,152.460,106.049
20858,76.901,103.220,152.522,106.118
20859,76.837,103.285,152.472,106.102
20860,76.826,103.228,152.429,106.065
20861,76.904,103.276,152.556,106.138
20862,76.906,103.241,152.567,106.137
20863,76.889,103.272,152.498,106.119
20864,77.001,103.383,152.767,106.273
20865,76.969,103.488,152.935,106.353
20866,77.001,103.412,152.926,106.329
20867,76.959,103.526,152.927,106.350
20868,77.084,103.510,152.985,106.409
20869,76.965,103.385,152.839,106.280
20870,77.024,103.480,153.103,106.407
20871,77.053,103.522,153.067,106.419
20872,77.165,103.708,153.445,106.636
20873,77.281,103.829,153.626,106.763
20874,77.219,103.761,153.637,106.731
20875,77.266,103.812,153.670,106.766
20876,77.212,103.772,153.741,106.764
20877,77.251,103.829,153.812,106.813
20878,77.300,103.894,153.874,106.863
20879,77.260,103.804,153.801,106.800
20880,77.397,103.932,153.909,106.920
20881,77.350,103.938,153.977,106.927
20882,77.346,103.942,154.047,106.941
20883,77.403,103.923,154.107,106.974
20884,77.408,104.108,154.245,107.075
20885,77.331,103.910,154.028,106.919
20886,77.452,104.040,154.348,107.095
20887,77.527,104.070,154.125,107.077
20888,77.535,104.062,154.139,107.080
20889,77.477,103.953,154.209,107.040
20890,77.383,103.926,154.084,106.959
20891,77.423,103.889,154.211,106.993
20892,77.377,103.958,154.162,106.988
20893,77.427,103.998,154.278,107.049
20894,77.423,104.068,154.180,107.047
20895,77.422,103.992,154.111,107.001
20896,77.531,104.082,154.341,107.136
20897,77.445,103.920,154.275,107.027
20898,77.452,104.006,154.224,107.047
20899,77.347,103.848,154.057,106.907
20900,77.439,103.948,154.220,107.020
20901,77.362,103.975,154.171,106.989
20902,77.472,104.019,154.176,107.044
20903,77.506,104.001,154.172,107.048
20904,77.468,104.041,154.171,107.051
20905,77.443,103.998,154.256,107.053
20906,77.516,103.994,154.341,107.094
20907,77.482,104.042,154.226,107.063
20908,77.524,104.020,154.319,107.106
20909,77.496,104.031,154.229,107.074
20910,77.524,104.008,154.330,107.102
20911,77.394,103.989,154.243,107.022
20912,77.514,104.064,154.403,107.133
20913,77.488,104.073,154.290,107.098
20914,77.490,104.118,154.442,107.157
20915,77.410,103.919,154.164,106.976
20916,77.512,103.967,154.169,107.037
20917,77.536,104.037,154.157,107.061
20918,77.518,104.052,154.240,107.083
20919,77.448,103.903,154.096,106.969
20920,77.479,103.852,153.978,106.933
20921,77.558,103.923,154.130,107.022
20922,77.578,103.965,154.135,107.048
20923,77.570,103.882,154.071,107.001
20924,77.621,103.971,154.127,107.058
20925,77.466,103.733,153.940,106.869
20926,77.525,103.905,154.207,107.022
20927,77.440,103.858,154.072,106.941
20928,77.412,103.679,153.611,106.730
20929,77.426,103.856,153.899,106.889
20930,77.492,103.867,153.957,106.929
20931,77.454,103.933,153.978,106.943
20932,77.537,104.001,153.965,106.987
20933,77.512,104.065,154.077,107.042
20934,77.535,104.011,154.189,107.061
20935,77.431,103.724,153.820,106.815
20936,77.544,103.864,153.997,106.954
20937,77.468,103.859,153.913,106.898
20938,77.510,103.877,153.988,106.940
20939,77.487,103.727,153.956,106.866
20940,77.537,103.820,153.874,106.905
20941,77.472,103.761,153.799,106.832
20942,77.475,103.827,153.702,106.832
20943,77.454,103.756,153.696,106.798
20944,77.506,103.737,153.688,106.816
20945,77.473,103.777,153.839,106.857
20946,77.483,103.644,153.651,106.759
20947,77.554,103.646,153.495,106.744
20948,77.439,103.672,153.488,106.703
20949,77.342,103.547,153.236,106.556
20950,77.390,103.484,153.297,106.569
20951,77.236,103.289,153.082,106.377
20952,77.346,103.525,153.082,106.511
20953,77.357,103.451,153.228,106.531
20954,77.383,103.510,153.204,106.545
20955,77.334,103.352,153.052,106.430
20956,77.309,103.357,153.035,106.418
20957,77.280,103.412,153.108,106.445
20958,77.303,103.358,152.967,106.398
20959,77.247,103.262,152.838,106.313
20960,77.219,103.206,152.760,106.253
20961,77.160,103.063,152.814,106.201
20962,77.270,103.255,152.855,106.325
20963,77.188,103.174,152.630,106.202
20964,77.265,103.103,152.757,106.239
20965,77.090,103.010,152.494,106.070
20966,77.235,103.132,152.585,106.188
20967,77.055,102.917,152.395,106.000
20968,77.108,102.930,152.335,106.005
20969,77.059,102.899,152.278,105.955
20970,76.952,102.731,152.097,105.814
20971,77.047,102.782,152.095,105.868
20972,77.005,102.742,152.001,105.811
20973,76.983,102.776,151.963,105.799
20974,76.986,102.727,152.019,105.798
20975,76.843,102.604,151.717,105.623
20976,76.980,102.705,151.816,105.731
20977,76.809,102.537,151.582,105.549
20978,76.908,102.645,151.673,105.644
20979,76.752,102.313,151.224,105.347
20980,76.674,102.292,151.290,105.326
20981,76.644,102.315,151.141,105.284
20982,76.693,102.200,151.052,105.236
20983,76.646,102.166,151.063,105.216
20984,76.652,102.220,151.054,105.232
20985,76.595,102.116,151.013,105.161
20986,76.512,102.074,150.890,105.076
20987,76.505,102.055,150.886,105.070
20988,76.555,102.125,150.705,105.067
20989,76.493,101.998,150.612,104.974
20990,76.556,102.119,150.813,105.102
20991,76.547,102.054,150.739,105.052
20992,76.523,102.111,150.772,105.076
20993,76.524,102.175,150.631,105.053
20994,76.537,102.083,150.619,105.023
20995,76.485,101.926,150.718,104.978
20996,76.497,101.966,150.545,104.949
20997,76.445,101.914,150.590,104.928
20998,76.459,101.884,150.252,104.820
20999,76.375,101.841,150.178,104.754
21000,76.429,101.875,150.293,104.826
21001,76.427,101.796,150.202,104.765
21002,76.470,101.896,150.118,104.789
21003,76.345,101.807,149.925,104.662
21004,76.370,101.882,150.063,104.736
21005,76.268,101.671,149.901,104.581
21006,76.317,101.789,150.047,104.689
21007,76.370,101.666,150.088,104.671
21008,76.359,101.810,149.938,104.678
21009,76.233,101.739,150.029,104.632
21010,76.234,101.613,149.738,104.505
21011,76.215,101.686,149.920,104.579
21012,76.295,101.719,149.928,104.613
21013,76.288,101.705,149.750,104.559
21014,76.315,101.777,150.020,104.666
21015,76.267,101.678,149.960,104.606
21016,76.361,101.836,149.936,104.683
21017,76.328,101.740,149.940,104.633
21018,76.397,101.827,149.924,104.690
21019,76.241,101.775,149.938,104.620
21020,76.289,101.725,149.811,104.586
21021,76.345,101.826,149.903,104.662
21022,76.265,101.782,149.862,104.606
21023,76.274,101.758,149.891,104.608
21024,76.301,101.795,149.754,104.600
21025,76.308,101.728,149.877,104.604
21026,76.302,101.831,150.093,104.700
21027,76.255,101.762,150.102,104.661
21028,76.269,101.913,150.236,104.765
21029,76.210,101.676,149.950,104.587
21030,76.237,101.613,150.097,104.604
21031,76.119,101.509,149.892,104.475
21032,76.200,101.574,149.761,104.485
21033,76.162,101.517,149.839,104.478
21034,76.160,101.480,149.746,104.436
21035,76.038,101.452,149.669,104.358
21036,76.117,101.506,149.513,104.364
21037,76.083,101.390,149.599,104.333
21038,76.643,102.314,151.222,105.322
21039,76.652,102.259,151.291,105.324
21040,76.748,102.486,151.182,105.404
21041,76.695,102.329,151.186,105.330
21042,76.775,102.378,151.310,105.421
21043,76.751,102.345,151.094,105.334
21044,76.644,102.342,151.142,105.308
21045,76.641,102.220,151.095,105.250
21046,76.686,102.306,150.993,105.267
21047,76.709,102.250,150.977,105.251
21048,76.720,102.353,151.150,105.344
21049,76.678,102.412,151.225,105.371
21050,76.724,102.331,151.070,105.316
21051,76.650,102.304,151.134,105.296
21052,76.715,102.323,151.008,105.298
21053,76.609,102.274,150.922,105.215
21054,76.665,102.343,151.052,105.292
21055,76.605,102.305,150.941,105.223
21056,76.756,102.336,150.965,105.298
21057,76.650,102.320,151.104,105.288
21058,76.660,102.239,151.158,105.287
21059,76.548,102.266,151.039,105.219
21060,76.592,102.224,150.891,105.181
21061,76.596,102.191,150.965,105.195
21062,76.612,102.234,150.849,105.185
21063,76.598,102.221,150.887,105.180
21064,76.648,102.329,150.929,105.252
21065,76.583,102.339,151.038,105.263
21066,76.599,102.369,151.051,105.277
21067,76.603,102.238,150.964,105.208
21068,76.610,102.230,150.934,105.206
21069,76.565,102.071,150.781,105.090
21070,76.641,102.219,150.935,105.206
21071,76.505,102.034,150.740,105.042
21072,76.567,102.194,150.830,105.152
21073,76.560,102.146,150.663,105.081
21074,76.507,102.025,150.519,104.977
21075,76.435,101.923,150.491,104.911
21076,76.475,101.926,150.271,104.864
21077,76.439,102.015,150.430,104.926
21078,76.359,101.998,150.355,104.871
21079,76.306,101.831,150.056,104.704
21080,76.324,101.977,150.232,104.817
21081,76.296,101.823,150.203,104.740
21082,76.296,101.845,150.196,104.751
21083,76.255,101.833,150.163,104.724
21084,76.348,101.882,150.108,104.757
21085,76.330,101.808,150.108,104.722
21086,76.420,102.050,150.517,104.958
21087,76.328,101.900,150.217,104.787
21088,76.371,101.881,150.165,104.781
21089,76.305,101.845,150.142,104.736
21090,76.204,101.672,149.908,104.574
21091,76.218,101.677,149.814,104.556
21092,76.251,101.786,149.954,104.647
21093,76.196,101.761,149.870,104.591
21094,76.275,101.885,150.119,104.739
21095,76.182,101.620,149.901,104.544
21096,76.255,101.819,150.010,104.684
21097,76.208,101.673,149.861,104.564
21098,76.141,101.693,149.878,104.552
21099,76.064,101.667,149.652,104.448
21100,76.049,101.565,149.581,104.396
21101,76.062,101.731,149.748,104.503
21102,76.105,101.615,149.574,104.434
21103,76.034,101.621,149.748,104.458
21104,76.057,101.620,149.762,104.471
21105,76.116,101.644,149.701,104.479
21106,76.086,101.552,149.561,104.394
21107,75.954,101.475,149.430,104.285
21108,76.087,101.540,149.536,104.390
21109,75.931,101.371,149.226,104.188
21110,75.986,101.436,149.354,104.259
21111,75.950,101.541,149.466,104.316
21112,75.929,101.531,149.427,104.294
21113,75.962,101.489,149.345,104.270
21114,75.945,101.485,149.239,104.240
21115,75.976,101.485,149.428,104.294
21116,75.924,101.431,149.278,104.221
21117,75.967,101.417,149.226,104.217
21118,75.976,101.345,149.241,104.193
21119,75.846,101.344,149.321,104.174
21120,75.970,101.435,149.293,104.241
21121,75.930,101.430,149.398,104.252
21122,76.023,101.509,149.448,104.338
21123,76.043,101.441,149.495,104.330
21124,75.999,101.612,149.586,104.404
21125,75.933,101.577,149.410,104.314
21126,75.951,101.548,149.523,104.343
21127,75.988,101.472,149.382,104.290
21128,75.975,101.464,149.426,104.301
21129,75.945,101.529,149.489,104.324
21130,75.875,101.486,149.402,104.254
21131,75.919,101.505,149.398,104.281
21132,75.927,101.511,149.488,104.311
21133,75.926,101.409,149.314,104.229
21134,75.857,101.439,149.275,104.198
21135,75.808,101.330,149.201,104.120
21136,75.950,101.463,149.372,104.272
21137,75.861,101.380,149.247,104.175
21138,75.902,101.478,149.378,104.260
21139,75.765,101.295,149.249,104.107
21140,75.797,101.367,149.311,104.169
21141,75.785,101.290,149.141,104.084
21142,75.864,101.457,149.395,104.245
21143,75.839,101.392,149.333,104.198
21144,75.840,101.469,149.253,104.199
21145,75.905,101.503,149.491,104.303
21146,75.931,101.541,149.540,104.341
21147,75.893,101.503,149.576,104.326
21148,75.854,101.458,149.428,104.255
21149,75.806,101.436,149.403,104.220
21150,75.859,101.586,149.620,104.349
21151,75.891,101.525,149.491,104.306
21152,75.998,101.617,149.658,104.428
21153,75.992,101.563,149.594,104.388
21154,75.955,101.706,149.691,104.451
21155,75.834,101.566,149.441,104.291
21156,75.867,101.622,149.638,104.370
21157,75.941,101.700,149.717,104.453
21158,75.951,101.709,149.767,104.472
21159,75.973,101.675,149.835,104.488
21160,75.997,101.658,149.782,104.473
21161,75.981,101.817,149.808,104.528
21162,75.922,101.679,149.740,104.443
21163,75.877,101.671,149.643,104.396
21164,76.000,101.695,149.822,104.502
21165,75.851,101.523,149.543,104.306
21166,75.943,101.706,149.780,104.473
21167,75.939,101.779,149.824,104.510
21168,75.957,101.679,149.744,104.459
21169,75.904,101.704,149.827,104.473
21170,75.940,101.625,149.658,104.409
21171,75.949,101.706,149.958,104.522
21172,75.986,101.716,149.835,104.508
21173,75.915,101.710,149.903,104.500
21174,75.955,101.727,150.023,104.553
21175,75.995,101.630,149.897,104.503
21176,75.971,101.619,149.888,104.485
21177,76.006,101.741,149.837,104.521
21178,76.032,101.868,150.025,104.633
21179,75.975,101.730,149.876,104.520
21180,76.045,101.724,150.039,104.590
21181,75.975,101.607,149.722,104.431
21182,75.964,101.842,149.847,104.551
21183,75.996,101.757,149.888,104.540
21184,75.994,101.742,149.722,104.487
21185,75.962,101.668,149.687,104.433
21186,75.933,101.591,149.686,104.400
21187,76.014,101.767,149.884,104.553
21188,76.003,101.706,149.796,104.496
21189,75.873,101.543,149.608,104.343
21190,75.809,101.490,149.404,104.239
21191,75.827,101.332,149.406,104.192
21192,75.841,101.514,149.423,104.268
21193,75.786,101.396,149.216,104.143
21194,75.844,101.450,149.389,104.236
21195,76.463,102.391,151.062,105.263
21196,76.623,102.562,151.346,105.451
21197,76.629,102.681,151.516,105.552
21198,76.630,102.605,151.295,105.465
21199,76.621,102.588,151.436,105.496
21200,76.648,102.597,151.329,105.471
21201,76.629,102.700,151.316,105.497
21202,76.650,102.703,151.345,105.519
21203,76.653,102.699,151.362,105.523
21204,76.673,102.675,151.544,105.571
21205,76.676,102.546,151.280,105.455
21206,76.773,102.701,151.542,105.618
21207,76.757,102.790,151.626,105.668
21208,76.840,102.949,151.695,105.770
21209,76.737,102.943,151.782,105.753
21210,76.772,102.873,151.759,105.732
21211,76.771,102.827,151.670,105.698
21212,76.743,102.717,151.636,105.636
21213,76.753,102.793,151.551,105.645
21214,76.766,102.833,151.498,105.648
21215,76.770,102.729,151.737,105.687
21216,76.756,102.814,151.706,105.694
21217,76.779,102.834,151.706,105.710
21218,76.834,102.765,151.633,105.692
21219,76.765,102.756,151.583,105.642
21220,76.727,102.792,151.621,105.654
21221,76.735,102.702,151.547,105.602
21222,76.785,102.742,151.563,105.637
21223,76.777,102.619,151.534,105.583
21224,76.764,102.710,151.564,105.619
21225,76.781,102.666,151.403,105.573
21226,76.721,102.736,151.550,105.613
21227,76.736,102.727,151.509,105.605
21228,76.704,102.678,151.401,105.549
21229,76.690,102.661,151.591,105.578
21230,76.798,102.695,151.417,105.584
21231,76.801,102.784,151.576,105.653
21232,76.912,102.817,151.679,105.738
21233,76.814,102.701,151.470,105.601
21234,76.936,102.795,151.679,105.740
21235,76.837,102.746,151.553,105.654
21236,76.907,102.840,151.729,105.763
21237,76.907,102.846,151.734,105.765
21238,76.932,102.829,151.675,105.750
21239,76.861,102.814,151.682,105.723
21240,76.959,102.821,151.674,105.751
21241,76.994,102.897,151.790,105.830
21242,77.023,102.967,151.976,105.910
21243,77.046,102.988,152.139,105.972
21244,77.119,103.140,152.214,106.070
21245,77.077,103.112,152.282,106.060
21246,77.176,103.140,152.319,106.120
21247,77.180,103.093,152.265,106.091
21248,77.238,103.274,152.429,106.221
21249,77.092,103.057,152.036,105.986
21250,77.091,103.069,152.104,106.001
21251,77.082,103.059,151.912,105.947
21252,77.121,103.079,152.094,106.022
21253,77.142,103.035,152.097,106.012
21254,77.156,103.101,152.119,106.040
21255,77.211,103.100,152.225,106.091
21256,77.256,103.226,152.197,106.144
21257,77.283,103.204,152.331,106.179
21258,77.350,103.299,152.487,106.278
21259,77.259,103.320,152.691,106.313
21260,77.299,103.290,152.471,106.252
21261,77.257,103.320,152.445,106.238
21262,77.361,103.301,152.593,106.312
21263,77.358,103.266,152.509,106.282
21264,77.471,103.518,152.825,106.495
21265,77.459,103.418,152.830,106.459
21266,77.478,103.459,152.815,106.475
21267,77.547,103.591,152.954,106.583
21268,77.519,103.508,152.836,106.508
21269,77.573,103.642,153.049,106.637
21270,77.516,103.615,152.975,106.587
21271,77.610,103.583,153.180,106.660
21272,77.644,103.698,153.142,106.709
21273,77.749,103.650,153.388,106.791
21274,77.756,103.820,153.508,106.886
21275,77.650,103.665,153.282,106.737
21276,77.720,103.915,153.544,106.914
21277,77.758,103.936,153.577,106.949
21278,77.878,104.049,153.903,107.123
21279,77.952,104.050,153.873,107.138
21280,77.993,104.205,153.899,107.217
21281,78.055,104.280,154.186,107.348
21282,78.056,104.301,154.458,107.425
21283,78.075,104.325,154.506,107.454
21284,78.155,104.409,154.694,107.565
21285,78.167,104.419,154.816,107.610
21286,78.317,104.650,155.093,107.828
21287,78.313,104.619,155.205,107.849
21288,78.462,104.825,155.398,108.022
21289,78.396,104.794,155.308,107.966
21290,78.351,104.715,155.312,107.921
21291,78.293,104.640,155.054,107.796
21292,78.290,104.780,155.481,107.965
21293,78.437,104.864,155.390,108.028
21294,78.467,104.939,155.551,108.105
21295,78.439,104.856,155.436,108.034
21296,78.485,104.952,155.586,108.128
21297,78.487,105.020,155.758,108.197
21298,78.451,105.021,155.635,108.149
21299,78.402,104.990,155.683,108.134
21300,78.483,105.069,155.636,108.178
21301,78.385,105.060,155.751,108.170
21302,78.386,105.041,155.805,108.180
21303,78.481,105.096,155.947,108.277
21304,78.601,105.173,156.000,108.362
21305,78.593,105.226,155.961,108.361
21306,78.596,105.032,155.897,108.286
21307,78.557,105.090,155.836,108.269
21308,78.579,105.280,155.894,108.365
21309,78.624,105.239,156.174,108.443
21310,78.657,105.213,156.181,108.441
21311,78.696,105.334,156.299,108.534
21312,78.712,105.249,156.324,108.515
21313,78.667,105.284,156.386,108.533
21314,78.814,105.413,156.480,108.661
21315,78.682,105.492,156.493,108.637
21316,78.811,105.557,156.648,108.755
21317,78.866,105.596,156.869,108.850
21318,78.941,105.696,156.987,108.944
21319,78.813,105.627,157.062,108.898
21320,78.944,105.796,157.105,109.025
21321,78.926,105.819,157.141,109.025
21322,78.908,105.703,157.134,108.973
21323,78.900,105.703,157.162,108.982
21324,78.803,105.598,156.847,108.814
21325,78.700,105.511,156.670,108.710
21326,78.718,105.588,156.802,108.781
21327,78.651,105.505,156.487,108.638
21328,78.731,105.577,156.649,108.736
21329,78.656,105.511,156.650,108.682
21330,78.785,105.485,156.575,108.698
21331,78.662,105.395,156.587,108.626
21332,78.718,105.505,156.588,108.692
21333,78.683,105.596,156.688,108.740
21334,78.591,105.412,156.660,108.635
21335,78.731,105.570,156.590,108.718
21336,78.712,105.493,156.684,108.707
21337,78.716,105.633,156.752,108.774
21338,78.730,105.565,156.737,108.757
21339,78.714,105.520,156.714,108.725
21340,78.697,105.590,156.927,108.810
21341,78.721,105.568,156.832,108.789
21342,78.786,105.633,156.865,108.840
21343,78.703,105.693,156.844,108.824
21344,78.801,105.801,156.955,108.927
21345,78.766,105.687,157.076,108.906
21346,78.789,105.730,156.905,108.881
21347,78.804,105.783,157.088,108.960
21348,78.810,105.725,156.951,108.900
21349,78.696,105.647,157.046,108.862
21350,78.656,105.612,156.704,108.738
21351,78.641,105.680,156.799,108.787
21352,78.722,105.678,156.808,108.813
21353,78.612,105.634,156.866,108.782
21354,78.669,105.511,156.615,108.687
21355,78.536,105.441,156.398,108.553
21356,78.513,105.484,156.446,108.572
21357,78.384,105.313,156.221,108.400
21358,78.513,105.349,156.386,108.504
21359,78.361,105.194,156.076,108.314
21360,78.473,105.202,156.225,108.399
21361,78.439,105.218,156.081,108.347
21362,78.347,105.179,155.895,108.255
21363,78.375,105.210,155.985,108.305
21364,78.265,105.058,155.930,108.198
21365,78.178,105.007,155.873,108.121
21366,78.292,105.142,155.939,108.228
21367,78.247,105.111,155.976,108.214
21368,78.374,105.182,156.124,108.329
21369,78.334,105.218,156.062,108.304
21370,78.372,105.198,156.080,108.321
21371,78.289,105.159,156.026,108.264
21372,78.304,105.149,155.927,108.240
21373,78.298,105.199,156.061,108.291
21374,78.355,105.142,155.952,108.263
21375,78.286,105.164,155.913,108.245
21376,78.315,105.120,155.913,108.227
21377,78.282,105.260,156.019,108.295
21378,78.295,105.135,155.866,108.214
21379,78.153,105.049,155.706,108.087
21380,78.223,105.027,155.720,108.114
21381,78.069,104.948,155.483,107.962
21382,78.158,105.083,155.792,108.131
21383,78.127,105.011,155.529,108.028
21384,78.236,105.032,155.699,108.117
21385,78.097,104.845,155.213,107.866
21386,78.055,104.781,155.229,107.835
21387,77.978,104.821,155.153,107.800
21388,77.898,104.673,154.958,107.662
21389,77.844,104.673,154.985,107.652
21390,77.766,104.519,154.848,107.530
21391,77.786,104.611,154.719,107.535
21392,77.761,104.495,154.523,107.427
21393,77.733,104.415,154.383,107.354
21394,77.657,104.541,154.400,107.375
21395,77.627,104.347,154.332,107.284
21396,77.602,104.299,154.173,107.213
21397,77.636,104.233,153.971,107.151
21398,77.513,104.121,153.842,107.027
21399,77.346,103.901,153.587,106.813
21400,77.329,103.927,153.397,106.769
21401,77.420,103.962,153.382,106.809
21402,77.436,103.959,153.605,106.881
21403,77.389,103.952,153.419,106.807
21404,77.388,103.888,153.355,106.759
21405,77.287,103.746,153.307,106.670
21406,77.196,103.622,153.033,106.514
21407,77.170,103.689,152.980,106.516
21408,77.220,103.606,153.009,106.508
21409,77.165,103.608,152.892,106.458
21410,77.131,103.504,152.876,106.406
21411,77.100,103.278,152.609,106.248
21412,77.037,103.254,152.627,106.212
21413,77.025,103.280,152.460,106.173
21414,77.094,103.273,152.545,106.216
21415,76.929,103.084,152.251,106.005
21416,77.023,103.235,152.347,106.118
21417,76.946,103.077,152.174,105.990
21418,76.876,102.966,152.050,105.892
21419,76.766,102.777,151.581,105.648
21420,76.705,102.700,151.431,105.552
21421,76.743,102.733,151.520,105.613
21422,76.714,102.629,151.425,105.534
21423,76.702,102.736,151.496,105.584
21424,76.817,102.707,151.595,105.640
21425,76.705,102.653,151.307,105.509
21426,76.729,102.770,151.382,105.577
21427,76.721,102.579,151.223,105.456
21428,76.730,102.512,151.218,105.437
21429,76.630,102.487,151.005,105.331
21430,76.714,102.450,151.067,105.365
21431,76.705,102.585,151.179,105.443
21432,76.760,102.583,151.217,105.468
21433,76.768,102.541,151.081,105.422
21434,76.751,102.535,151.207,105.445
21435,76.802,102.616,151.264,105.507
21436,76.756,102.585,151.247,105.466
21437,76.838,102.743,151.548,105.643
21438,76.934,102.945,151.560,105.753
21439,76.918,102.715,151.517,105.646
21440,76.950,102.713,151.497,105.651
21441,77.120,102.818,151.553,105.773
21442,77.123,102.950,151.831,105.890
21443,77.171,103.072,152.166,106.044
21444,77.293,103.297,152.392,106.230
21445,77.337,103.153,152.481,106.219
21446,77.410,103.235,152.714,106.348
21447,77.460,103.376,152.598,106.374
21448,77.422,103.420,152.824,106.437
21449,77.518,103.435,152.929,106.505
21450,77.441,103.370,152.838,106.429
21451,77.438,103.459,152.899,106.476
21452,77.533,103.546,153.061,106.585
21453,77.544,103.516,153.124,106.597
21454,77.599,103.662,153.361,106.728
21455,77.595,103.519,153.343,106.673
21456,77.717,103.714,153.541,106.844
21457,77.742,103.710,153.503,106.842
21458,77.767,103.811,153.606,106.913
21459,77.683,103.854,153.744,106.940
21460,77.746,103.866,153.693,106.943
21461,77.826,103.918,154.031,107.090
21462,77.830,104.050,154.149,107.171
21463,77.883,104.025,154.207,107.202
21464,77.889,104.166,154.358,107.294
21465,77.901,104.110,154.221,107.234
21466,77.923,104.241,154.287,107.304
21467,77.886,104.216,154.361,107.305
21468,78.050,104.324,154.455,107.429
21469,77.964,104.212,154.426,107.350
21470,78.037,104.367,154.564,107.471
21471,78.087,104.388,154.603,107.504
21472,78.126,104.381,154.704,107.545
21473,78.187,104.532,155.053,107.716
21474,78.260,104.677,155.099,107.807
21475,78.193,104.676,155.291,107.844
21476,78.248,104.632,155.186,107.815
21477,78.243,104.582,155.051,107.756
21478,78.216,104.700,155.146,107.816
21479,78.129,104.686,154.910,107.713
21480,78.266,104.756,155.155,107.857
21481,78.272,104.689,155.113,107.823
21482,78.273,104.794,155.215,107.893
21483,78.189,104.652,155.052,107.760
21484,78.253,104.641,155.141,107.800
21485,78.155,104.539,155.078,107.717
21486,78.106,104.656,154.988,107.714
21487,78.231,104.717,155.148,107.831
21488,78.295,104.716,155.211,107.866
21489,78.228,104.754,155.155,107.839
21490,78.148,104.603,155.039,107.732
21491,78.024,104.615,155.099,107.705
21492,78.089,104.660,154.919,107.688
21493,78.028,104.507,154.818,107.587
21494,78.015,104.569,154.978,107.653
21495,77.877,104.504,154.845,107.544
21496,77.981,104.675,154.925,107.660
21497,77.923,104.518,154.844,107.560
21498,78.002,104.564,154.872,107.616
21499,77.742,104.208,154.418,107.269
21500,77.685,104.190,154.313,107.207
21501,77.713,104.239,154.439,107.277
21502,77.892,104.413,154.695,107.477
21503,77.846,104.446,154.733,107.480
21504,77.923,104.546,154.738,107.551
21505,77.917,104.520,154.857,107.573
21506,77.872,104.509,154.680,107.499
21507,77.751,104.301,154.511,107.335
21508,77.772,104.504,154.663,107.460
21509,77.701,104.389,154.622,107.377
21510,77.759,104.483,154.627,107.431
21511,77.780,104.368,154.496,107.377
21512,77.825,104.361,154.565,107.401
21513,77.706,104.265,154.426,107.282
21514,77.637,104.260,154.301,107.231
21515,77.609,104.168,154.374,107.205
21516,77.577,104.226,154.356,107.204
21517,77.616,104.219,154.349,107.216
21518,77.634,104.239,154.236,107.205
21519,77.571,104.126,154.125,107.108
21520,77.466,104.258,154.050,107.100
21521,77.474,104.045,154.093,107.035
21522,77.500,104.089,154.140,107.076
21523,77.558,104.156,154.056,107.099
21524,77.570,104.223,154.076,107.135
21525,77.411,104.005,154.058,106.987
21526,77.507,104.005,153.917,106.987
21527,77.463,103.968,153.921,106.957
21528,77.500,104.007,153.878,106.966
21529,77.400,103.933,153.903,106.914
21530,77.387,103.970,153.650,106.860
21531,77.379,103.960,153.779,106.879
21532,77.440,103.899,153.858,106.903
21533,77.370,103.913,153.925,106.902
21534,77.344,103.979,153.865,106.904
21535,77.338,103.849,153.691,106.806
21536,77.519,104.006,153.878,106.971
21537,77.406,103.958,153.746,106.884
21538,77.442,103.950,153.768,106.899
21539,77.423,103.896,153.726,106.862
21540,77.361,104.021,153.833,106.906
21541,77.410,103.997,153.799,106.912
21542,77.390,103.982,153.874,106.923
21543,77.512,104.071,154.099,107.070
21544,77.507,104.082,154.027,107.043
21545,77.524,104.164,153.982,107.062
21546,77.605,104.213,154.316,107.215
21547,77.529,104.090,154.021,107.049
21548,77.517,104.086,154.187,107.088
21549,77.459,104.023,153.932,106.976
21550,77.509,104.099,154.033,107.056
21551,77.411,104.064,154.066,107.011
21552,77.645,104.148,154.040,107.115
21553,77.586,104.079,154.154,107.106
21554,77.636,104.060,154.118,107.108
21555,77.509,104.134,153.848,107.011
21556,77.448,103.930,153.779,106.905
21557,77.458,103.998,153.879,106.958
21558,77.360,103.847,153.731,106.825
21559,77.411,103.890,153.708,106.855
21560,77.336,103.860,153.556,106.774
21561,77.309,103.900,153.584,106.786
21562,77.276,103.876,153.459,106.726
21563,77.248,103.744,153.398,106.660
21564,77.369,103.806,153.570,106.772
21565,77.256,103.800,153.455,106.702
21566,77.319,103.852,153.440,106.734
21567,77.250,103.784,153.469,106.702
21568,77.343,103.878,153.451,106.761
21569,77.372,103.952,153.514,106.810
21570,77.273,103.831,153.316,106.684
21571,77.272,103.854,153.581,106.758
21572,77.304,103.914,153.695,106.821
21573,77.297,104.022,153.938,106.928
21574,77.385,104.128,153.807,106.957
21575,77.372,104.036,153.746,106.909
21576,77.465,104.052,153.859,106.979
21577,77.402,104.016,153.798,106.927
21578,77.462,104.090,153.925,107.001
21579,77.369,103.904,153.611,106.814
21580,77.435,104.039,153.915,106.974
21581,77.347,104.017,153.887,106.927
21582,77.432,104.075,153.974,107.003
21583,77.413,104.084,154.007,107.013
21584,77.445,104.105,153.961,107.020
21585,77.447,104.042,153.960,107.000
21586,77.412,103.958,153.793,106.900
21587,77.429,104.067,153.941,106.990
21588,77.446,104.041,153.934,106.988
21589,77.371,104.050,153.962,106.968
21590,77.445,104.175,154.060,107.071
21591,77.436,104.157,153.941,107.026
21592,77.486,104.170,154.150,107.108
21593,77.519,104.166,154.116,107.105
21594,77.512,104.276,154.214,107.175
21595,77.484,104.156,154.058,107.080
21596,77.473,104.283,154.093,107.125
21597,77.480,104.200,154.269,107.144
21598,77.546,104.260,154.175,107.171
21599,77.525,104.356,154.296,107.228
21600,77.451,104.132,154.091,107.073
21601,77.507,104.227,154.194,107.149
21602,77.587,104.309,154.104,107.185
21603,77.542,104.269,154.131,107.159
21604,77.597,104.289,154.281,107.229
21605,77.533,104.089,154.133,107.095
21606,77.665,104.425,154.644,107.405
21607,77.629,104.400,154.439,107.325
21608,77.681,104.328,154.488,107.333
21609,77.648,104.323,154.543,107.335
21610,77.581,104.269,154.194,107.192
21611,77.570,104.243,154.153,107.162
21612,77.519,104.339,154.248,107.207
21613,77.493,104.252,154.092,107.133
21614,77.534,104.270,153.968,107.117
21615,77.435,104.129,153.904,107.013
21616,77.518,104.282,154.171,107.177
21617,77.470,104.158,154.012,107.067
21618,77.545,104.257,154.126,107.166
21619,77.361,104.067,153.872,106.954
21620,77.444,104.152,154.187,107.113
21621,77.448,104.048,153.997,107.021
21622,77.396,104.132,153.956,107.019
21623,77.444,104.135,153.987,107.048
21624,77.568,104.197,153.997,107.119
21625,77.475,104.099,153.848,107.005
21626,77.367,103.967,153.807,106.902
21627,77.327,103.978,153.859,106.911
21628,77.277,103.953,153.700,106.833
21629,77.209,103.937,153.670,106.799
21630,77.232,103.794,153.498,106.711
21631,77.331,103.775,153.524,106.752
21632,77.255,103.833,153.371,106.704
21633,77.222,103.688,153.213,106.585
21634,77.215,103.758,153.268,106.629
21635,77.151,103.673,153.076,106.524
21636,77.203,103.710,153.293,106.614
21637,77.183,103.710,153.307,106.611
21638,77.221,103.771,153.115,106.592
21639,77.192,103.802,153.159,106.598
21640,77.212,103.713,153.090,106.562
21641,77.248,103.779,153.205,106.629
21642,77.190,103.582,152.925,106.465
21643,77.109,103.546,152.873,106.412
21644,77.169,103.626,153.069,106.508
21645,77.091,103.529,152.943,106.410
21646,77.186,103.632,152.985,106.499
21647,77.233,103.622,153.069,106.532
21648,77.293,103.745,153.132,106.617
21649,77.156,103.620,152.997,106.487
21650,77.089,103.500,152.795,106.358
21651,77.057,103.355,152.727,106.281
21652,77.010,103.345,152.649,106.229
21653,77.094,103.517,152.705,106.345
21654,77.055,103.319,152.537,106.224
21655,77.112,103.395,152.683,106.303
21656,77.075,103.389,152.564,106.256
21657,77.068,103.406,152.509,106.239
21658,77.087,103.362,152.559,106.245
21659,76.977,103.310,152.434,106.154
21660,77.088,103.359,152.493,106.227
21661,77.019,103.365,152.342,106.169
21662,77.032,103.311,152.478,106.190
21663,77.000,103.131,152.327,106.068
21664,76.944,103.142,152.124,105.996
21665,76.828,103.129,152.186,105.976
21666,76.964,103.151,152.218,106.030
21667,76.894,103.020,152.063,105.922
21668,76.932,103.095,152.034,105.949
21669,76.895,103.043,152.083,105.939
21670,76.887,102.957,151.775,105.810
21671,76.821,102.927,151.860,105.805
21672,76.884,102.922,151.944,105.845
21673,76.853,102.882,151.979,105.829
21674,76.830,103.006,151.820,105.821
21675,76.717,102.720,151.629,105.627
21676,76.774,102.809,151.822,105.728
21677,76.714,102.752,151.692,105.651
21678,76.686,102.831,151.672,105.657
21679,76.710,102.842,151.717,105.686
21680,76.732,102.751,151.611,105.633
21681,76.812,102.873,151.693,105.724
21682,76.836,102.739,151.790,105.718
21683,76.888,102.874,151.802,105.781
21684,76.863,102.689,151.603,105.656
21685,76.782,102.727,151.678,105.664
21686,76.800,102.742,151.542,105.638
21687,76.799,102.769,151.488,105.622
21688,76.858,102.783,151.749,105.720
21689,76.776,102.665,151.460,105.572
21690,76.809,102.622,151.454,105.570
21691,76.707,102.616,151.432,105.520
21692,76.702,102.666,151.313,105.510
21693,76.794,102.628,151.322,105.536
21694,76.774,102.689,151.328,105.536
21695,76.814,102.670,151.433,105.576
21696,76.860,102.781,151.531,105.667
21697,76.932,102.743,151.636,105.702
21698,76.874,102.668,151.349,105.574
21699,76.783,102.651,151.543,105.594
21700,76.770,102.632,151.503,105.567
21701,76.744,102.658,151.426,105.540
21702,76.830,102.757,151.658,105.678
21703,76.810,102.632,151.571,105.599
21704,76.981,102.944,151.896,105.861
21705,76.868,102.709,151.687,105.677
21706,76.953,102.853,151.708,105.768
21707,76.933,102.816,151.696,105.743
21708,76.993,102.851,151.891,105.829
21709,77.009,102.871,152.006,105.872
21710,77.045,102.902,152.033,105.907
21711,77.141,102.942,152.227,106.007
21712,77.151,103.132,152.176,106.064
21713,77.186,103.189,152.265,106.124
21714,77.208,103.302,152.431,106.219
21715,77.134,103.141,152.185,106.062
21716,77.279,103.184,152.417,106.199
21717,77.271,103.244,152.539,106.246
21718,77.363,103.344,152.682,106.355
21719,77.244,103.132,152.470,106.176
21720,77.357,103.279,152.661,106.314
21721,77.418,103.316,152.725,106.379
21722,77.449,103.479,152.753,106.447
21723,77.455,103.420,152.874,106.469
21724,77.461,103.479,152.820,106.471
21725,77.297,103.291,152.535,106.266
21726,77.391,103.314,152.366,106.262
21727,77.450,103.353,152.624,106.366
21728,77.464,103.421,152.556,106.375
21729,77.446,103.433,152.883,106.469
21730,77.408,103.522,152.968,106.500
21731,77.413,103.488,152.987,106.501
21732,77.591,103.619,153.095,106.646
21733,77.579,103.418,152.998,106.533
21734,77.652,103.496,153.126,106.623
21735,77.531,103.488,153.005,106.539
21736,77.639,103.562,153.079,106.633
21737,77.678,103.670,153.250,106.732
21738,77.620,103.591,153.264,106.691
21739,77.568,103.469,153.092,106.573
21740,77.481,103.381,153.060,106.508
21741,77.495,103.493,153.083,106.559
21742,77.554,103.529,153.297,106.654
21743,77.556,103.545,153.076,106.598
21744,77.604,103.670,153.078,106.654
21745,77.489,103.585,153.121,106.596
21746,77.612,103.586,153.160,106.654
21747,77.589,103.711,153.264,106.720
21748,77.662,103.708,153.267,106.741
21749,77.538,103.600,153.229,106.655
21750,77.591,103.636,153.251,106.685
21751,77.677,103.746,153.407,106.800
21752,77.720,103.787,153.484,106.847
21753,77.827,103.923,153.647,106.982
21754,77.812,103.951,153.670,106.993
21755,77.751,103.912,153.721,106.978
21756,77.781,103.885,153.717,106.974
21757,77.747,103.848,153.736,106.951
21758,77.849,104.026,153.938,107.104
21759,77.821,103.961,153.944,107.073
21760,77.889,104.170,154.034,107.201
21761,77.956,104.229,154.156,107.280
21762,77.874,104.120,154.079,107.194
21763,77.912,104.073,154.021,107.166
21764,77.906,104.088,154.170,107.218
21765,77.848,104.075,154.192,107.193
21766,77.871,104.192,154.290,107.280
21767,77.918,104.287,154.458,107.369
21768,77.968,104.241,154.504,107.384
21769,77.993,104.240,154.340,107.348
21770,77.992,104.324,154.437,107.405
21771,77.913,104.379,154.451,107.395
21772,78.003,104.422,154.472,107.453
21773,77.891,104.319,154.461,107.369
21774,78.017,104.385,154.535,107.460
21775,77.921,104.245,154.368,107.330
21776,78.025,104.352,154.528,107.450
21777,78.020,104.369,154.532,107.453
21778,77.952,104.337,154.561,107.430
21779,77.967,104.356,154.603,107.447
21780,77.914,104.344,154.516,107.397
21781,78.004,104.391,154.525,107.459
21782,77.994,104.455,154.597,107.488
21783,77.869,104.341,154.569,107.406
21784,78.014,104.536,154.794,107.584
21785,77.981,104.436,154.700,107.516
21786,77.909,104.393,154.617,107.444
21787,77.908,104.400,154.556,107.435
21788,77.970,104.455,154.774,107.535
21789,77.889,104.279,154.554,107.384
21790,77.866,104.275,154.345,107.317
21791,77.890,104.441,154.544,107.433
21792,77.900,104.328,154.476,107.378
21793,77.918,104.444,154.624,107.473
21794,77.957,104.337,154.496,107.415
21795,77.932,104.396,154.593,107.450
21796,77.945,104.461,154.558,107.466
21797,77.950,104.437,154.563,107.463
21798,77.853,104.456,154.416,107.393
21799,77.696,104.233,154.136,107.182
21800,77.763,104.244,154.379,107.280
21801,77.775,104.344,154.417,107.323
21802,77.818,104.291,154.395,107.320
21803,77.854,104.375,154.371,107.354
21804,77.796,104.346,154.448,107.344
21805,77.774,104.361,154.453,107.343
21806,77.826,104.357,154.367,107.340
21807,77.800,104.302,154.346,107.304
21808,77.871,104.336,154.368,107.347
21809,77.725,104.324,154.376,107.290
21810,77.818,104.321,154.459,107.349
21811,77.740,104.278,154.420,107.291
21812,77.840,104.265,154.428,107.339
21813,77.794,104.258,154.406,107.305
21814,77.800,104.239,154.507,107.334
21815,77.665,104.130,154.295,107.176
21816,77.797,104.348,154.483,107.361
21817,77.756,104.248,154.326,107.268
21818,77.796,104.320,154.357,107.312
21819,77.688,104.211,154.489,107.272
21820,77.568,104.154,154.227,107.139
21821,77.670,104.224,154.298,107.222
21822,77.691,104.218,154.312,107.232
21823,77.688,104.177,154.213,107.183
21824,77.701,104.268,154.370,107.262
21825,77.622,104.082,154.157,107.119
21826,77.667,104.176,154.211,107.177
21827,77.649,104.184,154.008,107.119
21828,77.573,104.174,154.133,107.124
21829,77.511,104.052,154.032,107.025
21830,77.431,103.937,153.857,106.913
21831,77.454,103.959,153.987,106.969
21832,77.473,104.035,153.856,106.961
21833,77.432,103.967,154.026,106.972
21834,77.445,103.970,153.783,106.911
21835,77.389,103.929,153.786,106.872
21836,77.396,103.822,153.734,106.828
21837,77.363,103.803,153.540,106.758
21838,77.375,103.791,153.548,106.760
21839,76.954,103.254,152.751,106.184
21840,77.214,103.652,153.316,106.582
21841,77.307,103.680,153.431,106.659
21842,77.298,103.780,153.431,106.695
21843,77.187,103.544,153.119,106.487
21844,77.251,103.550,153.135,106.511
21845,77.178,103.473,153.190,106.472
21846,77.257,103.533,153.133,106.510
21847,77.265,103.646,153.306,106.602
21848,77.276,103.745,153.321,106.642
21849,77.212,103.733,153.281,106.605
21850,77.158,103.617,153.120,106.500
21851,77.197,103.568,153.205,106.526
21852,77.270,103.628,153.428,106.627
21853,77.225,103.643,153.160,106.546
21854,77.207,103.762,153.250,106.604
21855,77.167,103.697,153.181,106.550
21856,77.345,103.722,153.439,106.692
21857,77.242,103.635,153.346,106.604
21858,77.192,103.618,153.205,106.530
21859,77.097,103.638,153.136,106.493
21860,77.142,103.556,153.001,106.442
21861,77.196,103.566,153.272,106.540
21862,77.181,103.579,153.173,106.508
21863,77.181,103.567,153.058,106.467
21864,77.262,103.741,153.187,106.598
21865,77.087,103.611,153.039,106.451
21866,77.278,103.827,153.467,106.715
21867,77.242,103.628,153.398,106.608
21868,77.297,103.623,153.360,106.616
21869,77.135,103.563,153.232,106.504
21870,77.177,103.576,153.301,106.543
21871,77.151,103.627,153.183,106.520
21872,77.206,103.588,153.160,106.521
21873,77.200,103.555,153.056,106.482
21874,77.160,103.500,152.984,106.419
21875,77.087,103.478,153.055,106.408
21876,77.077,103.550,153.060,106.435
21877,77.155,103.550,153.024,106.451
21878,77.123,103.547,152.945,106.408
21879,76.982,103.384,152.757,106.256
21880,77.038,103.374,152.746,106.271
21881,77.016,103.314,152.811,106.258
21882,77.146,103.422,152.986,106.391
21883,77.019,103.311,152.782,106.247
21884,77.042,103.355,152.840,106.291
21885,77.021,103.368,152.782,106.272
21886,77.038,103.410,152.586,106.241
21887,77.085,103.344,152.674,106.254
21888,77.079,103.308,152.641,106.226
21889,77.022,103.334,152.725,106.239
21890,76.990,103.359,152.779,106.254
21891,76.977,103.369,152.749,106.244
21892,77.022,103.357,152.794,106.265
21893,76.982,103.356,152.898,106.282
21894,77.095,103.453,153.102,106.418
21895,76.990,103.365,152.948,106.299
21896,77.009,103.472,152.921,106.337
21897,77.064,103.398,152.995,106.360
21898,77.054,103.431,153.021,106.370
21899,76.993,103.440,153.121,106.377
21900,77.053,103.438,152.941,106.357
21901,77.029,103.518,152.990,106.386
21902,77.101,103.403,153.016,106.377
21903,77.051,103.372,152.975,106.333
21904,77.125,103.497,153.063,106.435
21905,77.137,103.486,153.134,106.452
21906,77.131,103.614,153.122,106.490
21907,77.063,103.558,153.072,106.431
21908,77.091,103.564,153.074,106.453
21909,76.972,103.399,152.959,106.318
21910,77.103,103.542,153.029,106.422
21911,77.081,103.568,153.152,106.460
21912,77.179,103.675,153.261,106.570
21913,77.160,103.623,153.287,106.546
21914,77.148,103.590,153.307,106.534
21915,77.116,103.635,153.421,106.578
21916,77.141,103.648,153.343,106.563
21917,77.232,103.630,153.452,106.618
21918,77.270,103.762,153.557,106.707
21919,77.158,103.608,153.288,106.539
21920,77.226,103.624,153.434,106.608
21921,77.278,103.730,153.366,106.649
21922,77.391,103.866,153.505,106.777
21923,77.256,103.781,153.591,106.724
21924,77.387,103.891,153.764,106.857
21925,77.356,103.835,153.498,106.745
21926,77.366,103.856,153.425,106.738
21927,77.434,103.928,153.564,106.832
21928,77.431,104.037,153.772,106.924
21929,77.455,103.836,153.570,106.799
21930,77.397,103.929,153.538,106.812
21931,77.429,103.897,153.479,106.790
21932,77.391,103.957,153.638,106.844
21933,77.404,103.980,153.635,106.852
21934,77.515,104.028,153.740,106.945
21935,77.487,104.059,153.782,106.957
21936,77.577,104.174,153.895,107.068
21937,77.608,104.079,153.996,107.068
21938,77.693,104.260,154.353,107.262
21939,77.597,104.246,154.340,107.221
21940,77.644,104.161,154.258,107.183
21941,77.643,104.192,154.294,107.203
21942,77.633,104.174,154.257,107.182
21943,77.665,104.279,154.452,107.285
21944,77.545,104.256,154.324,107.194
21945,77.496,104.247,154.297,107.180
21946,77.612,104.247,154.467,107.270
21947,77.544,104.183,154.343,107.179
21948,77.678,104.364,154.512,107.338
21949,77.525,104.251,154.463,107.231
21950,77.682,104.309,154.508,107.318
21951,77.697,104.394,154.604,107.381
21952,77.740,104.466,154.676,107.436
21953,77.764,104.336,154.609,107.382
21954,77.778,104.426,154.672,107.430
21955,77.804,104.542,154.723,107.499
21956,77.904,104.528,154.947,107.601
21957,77.896,104.560,155.018,107.628
21958,77.890,104.688,155.049,107.683
21959,77.967,104.596,154.953,107.653
21960,77.965,104.719,155.106,107.733
21961,77.918,104.519,154.997,107.615
21962,77.916,104.732,155.226,107.747
21963,78.028,104.699,155.288,107.800
21964,78.086,104.840,155.429,107.909
21965,78.025,104.711,155.417,107.840
21966,78.133,104.818,155.464,107.932
21967,78.162,104.926,155.596,108.011
21968,78.221,104.930,155.533,108.009
21969,78.240,104.969,155.682,108.080
21970,78.217,105.013,155.781,108.122
21971,78.268,104.958,155.999,108.169
21972,78.214,105.054,155.912,108.159
21973,78.237,105.008,155.701,108.094
21974,78.334,105.110,155.871,108.209
21975,78.325,105.049,155.759,108.153
21976,78.377,105.153,155.976,108.262
21977,78.348,105.123,155.837,108.209
21978,78.494,105.171,155.995,108.324
21979,78.364,104.998,155.739,108.148
21980,78.305,105.012,155.841,108.152
21981,78.299,105.089,155.860,108.185
21982,78.327,105.109,155.870,108.201
21983,78.387,105.236,155.991,108.302
21984,78.463,105.220,156.019,108.334
21985,78.546,105.305,156.046,108.398
21986,78.452,105.178,155.857,108.264
21987,78.384,105.163,155.857,108.246
21988,78.495,105.154,155.951,108.300
21989,78.412,105.017,155.808,108.180
21990,78.447,105.058,155.790,108.207
21991,78.384,105.008,155.712,108.142
21992,78.481,105.107,155.805,108.240
21993,78.438,104.919,155.699,108.127
21994,78.370,104.976,155.547,108.083
21995,78.271,104.798,155.389,107.939
21996,78.295,104.808,155.266,107.912
21997,78.367,104.852,155.523,108.026
21998,78.415,104.953,155.488,108.071
21999,78.306,104.905,155.592,108.046
22000,78.421,104.953,155.484,108.074
22001,78.402,104.998,155.519,108.096
22002,78.480,105.062,155.465,108.126
22003,78.399,104.770,155.202,107.922
22004,78.438,104.844,155.391,108.022
22005,78.332,104.792,155.228,107.917
22006,78.390,104.800,155.267,107.950
22007,78.372,104.733,155.217,107.907
22008,78.436,104.737,155.130,107.904
22009,78.368,104.670,155.104,107.851
22010,78.281,104.584,154.917,107.742
22011,78.265,104.620,154.964,107.754
22012,78.280,104.517,154.713,107.654
22013,78.194,104.505,154.996,107.702
22014,78.226,104.422,154.627,107.576
22015,78.157,104.403,154.489,107.513
22016,78.179,104.454,154.469,107.528
22017,78.132,104.300,154.347,107.427
22018,78.165,104.283,154.436,107.453
22019,77.985,104.112,154.050,107.225
22020,77.987,104.245,154.245,107.323
22021,77.977,104.140,154.021,107.225
22022,78.037,104.145,153.959,107.230
22023,78.015,104.238,154.029,107.275
22024,78.043,104.053,154.048,107.224
22025,78.025,104.117,154.003,107.226
22026,77.984,104.132,153.883,107.184
22027,77.976,103.971,153.716,107.078
22028,77.898,103.978,153.680,107.037
22029,77.838,103.959,153.729,107.028
22030,77.889,103.910,153.679,107.014
22031,77.753,103.920,153.612,106.949
22032,77.890,104.011,153.614,107.032
22033,77.847,103.895,153.412,106.928
22034,77.836,103.926,153.625,106.991
22035,77.829,103.818,153.458,106.906
22036,77.756,103.804,153.546,106.892
22037,77.819,103.901,153.465,106.933
22038,77.734,103.813,153.383,106.843
22039,77.707,103.777,153.401,106.830
22040,77.732,103.750,153.308,106.804
22041,77.792,103.841,153.560,106.927
22042,77.801,103.930,153.706,107.002
22043,77.816,103.888,153.682,106.984
22044,77.819,103.863,153.706,106.978
22045,77.739,103.748,153.413,106.840
22046,77.801,103.809,153.637,106.943
22047,77.753,103.851,153.544,106.920
22048,77.800,103.897,153.418,106.911
22049,77.789,103.759,153.568,106.904
22050,77.741,103.669,153.422,106.814
22051,77.708,103.782,153.460,106.848
22052,77.748,103.739,153.342,106.818
22053,77.671,103.732,153.399,106.804
22054,77.673,103.710,153.410,106.801
22055,77.676,103.647,153.275,106.738
22056,77.766,103.682,153.477,106.844
22057,77.746,103.870,153.528,106.916
22058,77.717,103.741,153.527,106.861
22059,77.651,103.696,153.268,106.746
22060,77.629,103.693,153.414,106.774
22061,77.568,103.364,153.287,106.572
22062,77.569,103.364,153.287,106.572
22063,77.568,103.364,153.287,106.572
22064,77.568,103.364,153.287,106.572
22065,77.755,103.531,152.585,106.531
22066,77.755,103.531,152.584,106.531
22067,77.748,103.609,152.754,106.591
22068,77.778,103.622,152.596,106.557
22069,77.589,103.553,152.478,106.439
22070,77.589,103.521,152.485,106.432
22071,77.526,103.365,152.527,106.359
22072,77.662,103.423,152.753,106.486
22073,77.330,103.184,152.138,106.113
22074,77.329,103.186,152.139,106.114
22075,77.329,103.185,152.138,106.113
22076,77.328,103.184,152.138,106.113
22077,77.424,103.421,151.671,106.114
22078,77.424,103.421,151.671,106.114
22079,77.492,103.503,151.667,106.161
22080,77.492,103.415,151.668,106.133
22081,77.402,103.399,151.594,106.074
22082,77.395,103.393,151.650,106.090
22083,77.301,103.263,151.597,106.003
22084,77.468,103.481,151.922,106.225
22085,77.359,103.334,151.429,106.002
22086,77.473,103.417,151.962,106.219
22087,77.439,103.463,152.074,106.234
22088,77.502,103.512,152.149,106.298
22089,77.438,103.492,151.969,106.220
22090,77.417,103.476,151.721,106.135
22091,77.414,103.404,151.867,106.168
22092,77.400,103.395,151.716,106.111
22093,77.467,103.406,151.771,106.155
22094,77.528,103.425,151.863,106.198
22095,77.383,103.523,151.779,106.159
22096,77.457,103.567,151.939,106.232
22097,77.388,103.338,151.764,106.085
22098,77.439,103.362,151.587,106.064
22099,77.321,103.219,151.513,105.945
22100,77.386,103.113,151.874,106.039
22101,77.366,103.132,151.885,106.042
22102,77.425,103.193,152.127,106.145
22103,77.412,103.220,151.932,106.108
22104,77.355,103.185,151.958,106.080
22105,77.354,103.136,151.905,106.041
22106,77.366,103.100,152.035,106.078
22107,77.386,103.088,151.842,106.033
22108,77.354,103.123,151.770,106.008
22109,77.317,102.985,151.736,105.937
22110,77.264,102.979,151.687,105.902
22111,77.247,102.938,151.638,105.875
22112,77.286,102.973,151.649,105.904
22113,77.315,102.884,151.730,105.911
22114,77.401,102.944,151.712,105.963
22115,77.240,102.861,151.527,105.821
22116,77.312,102.917,151.695,105.918
22117,77.276,102.971,151.683,105.926
22118,77.299,102.996,151.716,105.954
22119,77.273,102.981,151.810,105.958
22120,77.241,102.844,151.737,105.885
22121,77.238,103.040,151.843,105.986
22122,77.258,103.007,151.816,105.967
22123,77.255,102.945,151.783,105.944
22124,77.345,102.902,151.769,105.949
22125,77.296,102.885,151.701,105.916
22126,77.314,102.848,151.694,105.900
22127,77.248,102.831,151.640,105.861
22128,77.388,102.855,152.089,106.040
22129,77.311,102.904,151.861,105.966
22130,77.328,102.973,151.807,105.981
22131,77.248,102.908,151.819,105.935
22132,77.313,102.933,151.833,105.971
22133,77.333,102.947,151.851,105.986
22134,77.354,103.003,151.842,106.014
22135,77.332,102.876,151.894,105.977
22136,77.308,102.957,152.035,106.033
22137,77.429,103.033,152.242,106.164
22138,77.430,103.033,152.096,106.121
22139,77.303,102.930,151.865,105.971
22140,77.219,102.872,151.856,105.918
22141,77.224,102.883,151.772,105.900
22142,77.357,102.906,151.888,105.990
22143,77.270,102.833,151.864,105.928
22144,77.368,102.942,152.013,106.050
22145,77.318,102.778,151.823,105.924
22146,77.311,102.918,151.936,105.999
22147,77.218,102.880,151.966,105.954
22148,77.332,102.857,151.980,106.000
22149,77.265,102.887,152.093,106.014
22150,77.360,102.955,152.035,106.056
22151,77.335,102.938,152.169,106.077
22152,77.396,103.053,152.376,106.206
22153,77.357,102.948,152.248,106.110
22154,77.393,102.930,152.287,106.127
22155,77.305,102.867,152.161,106.044
22156,77.393,102.919,152.450,106.176
22157,77.323,102.994,152.419,106.166
22158,77.435,103.067,152.432,106.236
22159,77.319,102.879,152.270,106.079
22160,77.356,103.041,152.578,106.232
22161,77.352,103.012,152.550,106.212
22162,77.311,102.971,152.403,106.146
22163,77.384,102.984,152.318,106.159
22164,77.308,102.861,152.213,106.058
22165,77.265,102.896,152.369,106.092
22166,77.376,102.818,152.397,106.113
22167,77.296,102.832,152.396,106.090
22168,77.334,102.823,152.312,106.081
22169,77.289,102.807,152.365,106.079
22170,77.354,102.918,152.388,106.148
22171,77.247,102.849,152.085,105.993
22172,77.301,102.936,152.331,106.117
22173,77.265,102.812,152.318,106.060
22174,77.299,102.864,152.223,106.065
22175,77.218,102.815,152.299,106.042
22176,77.244,102.929,152.414,106.119
22177,77.321,102.964,152.653,106.220
22178,77.322,102.914,152.425,106.152
22179,77.307,102.912,152.497,106.162
22180,77.409,103.031,152.463,106.237
22181,77.384,102.851,152.290,106.119
22182,77.302,102.898,152.432,106.149
22183,77.278,102.919,152.364,106.121
22184,77.366,102.960,152.385,106.184
22185,77.303,102.922,152.260,106.118
22186,77.402,102.912,152.487,106.206
22187,77.334,102.901,152.470,106.163
22188,77.337,102.875,152.332,106.121
22189,77.293,102.787,152.344,106.081
22190,77.314,102.890,152.530,106.173
22191,77.296,102.998,152.587,106.221
22192,77.302,102.926,152.557,106.192
22193,77.362,102.975,152.530,106.227
22194,77.382,103.142,152.628,106.325
22195,77.370,103.083,152.372,106.229
22196,77.305,103.077,152.383,106.209
22197,77.278,102.996,152.492,106.191
22198,77.323,102.999,152.606,106.233
22199,77.285,102.936,152.439,106.159
22200,77.358,103.003,152.472,106.214
22201,77.402,102.982,152.564,106.262
22202,77.472,103.034,152.551,106.292
22203,77.429,103.057,152.814,106.365
22204,77.391,103.113,152.629,106.322
22205,77.340,103.027,152.578,106.253
22206,77.382,102.963,152.529,106.233
22207,77.409,102.988,152.317,106.199
22208,77.393,103.008,152.345,106.202
22209,77.259,102.950,152.239,106.095
22210,77.320,102.929,152.086,106.077
22211,77.253,102.960,152.081,106.058
22212,77.307,102.888,152.018,106.038
22213,77.303,102.867,151.917,106.001
22214,77.362,103.105,152.184,106.179
22215,77.236,102.919,152.225,106.078
22216,77.373,103.023,152.343,106.191
22217,77.264,103.046,152.527,106.218
22218,77.285,102.939,152.456,106.165
22219,77.290,103.034,152.547,106.224
22220,77.235,102.953,152.323,106.113
22221,77.324,103.149,152.523,106.273
22222,77.407,103.213,152.660,106.358
22223,77.435,103.185,152.752,106.396
22224,77.557,103.280,152.677,106.447
22225,77.395,103.026,152.547,106.264
22226,77.613,103.270,152.755,106.492
22227,77.541,103.128,152.708,106.411
22228,77.441,103.249,152.707,106.415
22229,77.456,103.215,153.014,106.487
22230,77.436,103.199,152.894,106.443
22231,77.514,103.214,153.076,106.528
22232,77.586,103.215,153.105,106.561
22233,77.513,103.294,153.126,106.570
22234,77.521,103.363,153.023,106.575
22235,77.571,103.348,153.155,106.620
22236,77.677,103.526,153.230,106.751
22237,77.571,103.371,153.070,106.606
22238,77.528,103.430,153.161,106.631
22239,77.479,103.350,152.930,106.525
22240,77.552,103.441,153.053,106.616
22241,77.530,103.409,152.961,106.571
22242,77.498,103.456,153.005,106.594
22243,77.573,103.453,153.033,106.626
22244,77.584,103.540,153.042,106.657
22245,77.547,103.530,153.202,106.690
22246,77.603,103.515,153.430,106.767
22247,77.693,103.666,153.599,106.900
22248,77.785,103.699,153.805,106.997
22249,77.737,103.679,153.822,106.982
22250,77.797,103.870,153.718,107.044
22251,77.727,103.765,153.780,106.993
22252,77.878,104.008,154.091,107.223
22253,77.812,103.878,153.862,107.092
22254,77.794,104.058,153.959,107.170
22255,77.772,103.806,153.801,107.031
22256,77.886,103.999,153.959,107.182
22257,77.833,104.003,153.777,107.111
22258,77.982,104.031,153.786,107.173
22259,77.828,103.752,153.716,107.006
22260,77.866,103.866,153.556,107.020
22261,77.858,104.037,153.885,107.169
22262,77.911,103.953,153.950,107.170
22263,77.999,104.041,154.124,107.280
22264,78.081,104.134,154.291,107.391
22265,78.048,104.152,154.074,107.323
22266,78.072,104.127,154.293,107.391
22267,78.047,104.198,154.043,107.336
22268,78.135,104.336,154.292,107.489
22269,78.126,104.272,154.378,107.482
22270,78.160,104.296,154.400,107.505
22271,78.221,104.513,154.612,107.665
22272,78.272,104.566,154.576,107.689
22273,78.272,104.551,154.666,107.712
22274,78.309,104.586,154.626,107.732
22275,78.325,104.667,154.703,107.791
22276,78.367,104.674,154.815,107.828
22277,78.365,104.725,154.966,107.895
22278,78.445,104.707,154.914,107.910
22279,78.453,104.738,155.391,108.053
22280,78.420,104.844,155.268,108.036
22281,78.469,104.756,155.209,107.999
22282,78.524,104.800,155.291,108.073
22283,78.502,104.772,155.529,108.113
22284,78.552,104.869,155.638,108.196
22285,78.585,104.951,155.654,108.242
22286,78.629,104.856,155.747,108.247
22287,78.587,104.841,155.519,108.163
22288,78.656,104.972,155.767,108.302
22289,78.565,104.955,155.932,108.312
22290,78.548,104.852,155.912,108.255
22291,78.661,105.078,156.128,108.439
22292,78.625,104.900,156.133,108.368
22293,78.727,105.029,156.129,108.447
22294,78.736,104.983,156.063,108.414
22295,78.697,104.910,156.149,108.398
22296,78.812,105.194,156.230,108.569
22297,78.828,104.958,156.132,108.467
22298,78.869,105.133,156.311,108.590
22299,78.804,105.029,156.236,108.508
22300,78.778,104.919,156.224,108.454
22301,78.751,104.987,156.243,108.473
22302,78.721,105.036,156.285,108.489
22303,78.812,105.131,156.387,108.589
22304,78.913,105.228,156.448,108.679
22305,78.903,105.178,156.522,108.675
22306,78.891,105.140,156.367,108.614
22307,78.963,105.263,156.677,108.766
22308,78.935,105.274,156.628,108.748
22309,78.848,105.161,156.479,108.634
22310,78.944,105.236,156.409,108.679
22311,78.871,105.282,156.251,108.628
22312,78.978,105.260,156.551,108.737
22313,78.972,105.337,156.569,108.763
22314,79.031,105.399,156.437,108.773
22315,79.010,105.270,156.457,108.726
22316,79.038,105.233,156.388,108.701
22317,78.998,105.346,156.401,108.735
22318,79.108,105.308,156.433,108.768
22319,79.013,105.297,156.507,108.758
22320,79.125,105.337,156.660,108.849
22321,79.133,105.428,156.731,108.907
22322,79.199,105.468,156.804,108.965
22323,79.161,105.373,156.480,108.843
22324,79.102,105.303,156.549,108.798
22325,78.995,105.092,156.157,108.580
22326,78.989,105.207,156.193,108.628
22327,79.004,105.234,156.268,108.662
22328,79.104,105.320,156.287,108.737
22329,79.148,105.236,156.333,108.723
22330,79.025,105.305,156.139,108.652
22331,79.068,105.235,156.135,108.646
22332,79.017,105.209,155.986,108.577
22333,79.130,105.207,156.189,108.669
22334,79.001,105.137,156.158,108.593
22335,78.898,105.143,156.064,108.530
22336,79.038,105.152,155.976,108.562
22337,79.085,105.166,155.839,108.541
22338,79.114,105.193,156.129,108.645
22339,78.914,105.053,155.731,108.417
22340,78.949,105.130,155.780,108.468
22341,78.927,105.055,155.781,108.436
22342,78.944,105.070,155.729,108.431
22343,78.948,104.997,155.307,108.288
22344,78.835,104.949,155.486,108.285
22345,78.903,104.853,155.430,108.263
22346,78.897,104.770,155.243,108.173
22347,78.764,104.811,155.075,108.093
22348,78.701,104.601,154.901,107.952
22349,78.699,104.535,154.865,107.916
22350,78.777,104.637,154.766,107.959
22351,78.655,104.479,154.781,107.853
22352,78.692,104.502,154.572,107.824
22353,78.690,104.446,154.578,107.808
22354,78.647,104.511,154.491,107.797
22355,78.564,104.274,154.408,107.660
22356,78.588,104.452,154.293,107.695
22357,78.576,104.287,154.313,107.641
22358,78.603,104.257,154.351,107.654
22359,78.591,104.127,154.195,107.561
22360,78.506,104.111,154.008,107.468
22361,78.449,104.145,154.030,107.466
22362,78.535,104.113,154.031,107.486
22363,78.345,103.913,153.919,107.323
22364,78.356,104.007,153.882,107.344
22365,78.266,103.873,153.694,107.208
22366,78.333,103.832,153.702,107.219
22367,78.193,103.849,153.512,107.123
22368,78.291,103.807,153.324,107.098
22369,78.178,103.632,153.294,106.980
22370,78.049,103.407,152.986,106.768
22371,78.023,103.487,152.972,106.789
22372,78.013,103.264,152.759,106.651
22373,78.036,103.269,152.882,106.694
22374,78.013,103.200,152.663,106.603
22375,77.852,103.093,152.545,106.478
22376,77.948,103.121,152.521,106.510
22377,77.847,103.009,152.305,106.371
22378,77.822,102.892,152.287,106.322
22379,77.647,102.855,151.985,106.158
22380,77.678,102.755,151.843,106.106
22381,77.615,102.792,151.681,106.041
22382,77.562,102.604,151.449,105.893
22383,77.525,102.645,151.486,105.912
22384,77.556,102.666,151.449,105.924
22385,77.488,102.473,151.310,105.792
22386,77.437,102.403,151.135,105.696
22387,77.435,102.393,151.054,105.672
22388,77.322,102.301,150.906,105.565
22389,77.175,102.236,150.705,105.425
22390,77.206,102.259,150.887,105.496
22391,77.213,102.116,150.432,105.323
22392,77.273,102.242,150.534,105.426
22393,77.149,102.063,150.397,105.283
22394,77.139,102.124,150.210,105.249
22395,77.062,102.104,150.071,105.180
22396,77.057,102.036,150.233,105.193
22397,77.000,102.170,150.273,105.236
22398,77.069,102.045,150.134,105.180
22399,76.990,102.010,150.067,105.120
22400,77.002,102.128,150.152,105.190
22401,77.089,102.080,150.279,105.238
22402,77.112,102.137,150.298,105.271
22403,77.058,102.057,150.366,105.244
22404,77.171,102.214,150.519,105.384
22405,77.034,102.167,150.390,105.285
22406,77.099,102.241,150.557,105.389
22407,77.076,102.255,150.496,105.371
22408,77.143,102.436,150.765,105.530
22409,77.117,102.319,150.809,105.494
22410,77.043,102.322,150.622,105.413
22411,77.050,102.440,150.728,105.494
22412,77.170,102.405,150.723,105.521
22413,77.138,102.574,150.832,105.600
22414,77.219,102.593,150.933,105.667
22415,77.103,102.515,150.865,105.587
22416,77.214,102.704,151.352,105.813
22417,77.121,102.701,151.239,105.747
22418,77.246,102.743,151.423,105.867
22419,77.220,102.572,151.246,105.749
22420,77.228,102.566,151.178,105.736
22421,77.272,102.831,151.482,105.925
22422,77.308,102.850,151.560,105.964
22423,77.310,102.799,151.545,105.949
22424,77.430,102.917,151.643,106.057
22425,77.377,103.078,151.641,106.098
22426,77.367,102.903,151.557,106.008
22427,77.367,103.078,151.752,106.122
22428,77.402,103.038,151.793,106.121
22429,77.406,102.962,151.795,106.100
22430,77.461,103.073,151.957,106.209
22431,77.404,103.042,151.954,106.173
22432,77.529,103.184,152.170,106.334
22433,77.541,103.211,152.115,106.335
22434,77.562,103.285,152.219,106.393
22435,77.457,103.270,152.046,106.307
22436,77.561,103.324,152.241,106.415
22437,77.664,103.446,152.485,106.556
22438,77.732,103.442,152.556,106.602
22439,77.712,103.528,152.714,106.663
22440,77.787,103.586,152.610,106.686
22441,77.815,103.586,152.919,106.782
22442,77.781,103.680,152.921,106.799
22443,77.917,103.695,153.108,106.907
22444,78.031,103.936,153.273,107.077
22445,78.014,103.835,153.413,107.078
22446,78.042,103.949,153.740,107.212
22447,78.109,103.940,153.805,107.254
22448,78.223,104.107,153.781,107.342
22449,78.195,104.081,153.808,107.343
22450,78.110,104.239,153.973,107.407
22451,78.230,104.243,154.057,107.479
22452,78.309,104.373,154.247,107.606
22453,78.411,104.461,154.375,107.697
22454,78.496,104.515,154.601,107.821
22455,78.431,104.467,154.453,107.731
22456,78.482,104.524,154.673,107.833
22457,78.500,104.451,154.689,107.813
22458,78.594,104.627,154.798,107.944
22459,78.594,104.556,154.858,107.931
22460,78.531,104.543,154.738,107.876
22461,78.615,104.519,154.732,107.900
22462,78.632,104.571,155.028,107.995
22463,78.661,104.544,155.031,108.000
22464,78.753,104.775,155.045,108.124
22465,78.702,104.725,155.227,108.129
22466,78.686,104.712,155.009,108.054
22467,78.717,104.762,155.162,108.127
22468,78.451,104.319,154.478,107.683
22469,78.380,104.268,154.484,107.636
22470,78.435,104.289,154.471,107.668
22471,78.679,104.643,155.003,108.029
22472,78.742,104.725,155.264,108.149
22473,78.795,104.657,155.057,108.093
22474,78.781,104.750,155.206,108.150
22475,78.685,104.653,155.013,108.035
22476,78.710,104.756,155.216,108.136
22477,78.763,104.775,155.037,108.112
22478,78.784,104.803,155.013,108.125
22479,78.799,104.816,155.268,108.204
22480,78.864,104.913,155.404,108.303
22481,78.873,104.815,155.477,108.291
22482,78.835,104.835,155.263,108.225
22483,78.740,104.748,155.376,108.191
22484,78.879,104.806,155.321,108.239
22485,78.713,104.609,155.004,108.026
22486,78.911,104.646,155.204,108.162
22487,78.767,104.574,154.986,108.028
22488,78.819,104.730,155.088,108.134
22489,78.774,104.622,154.886,108.027
22490,78.765,104.454,154.769,107.933
22491,78.787,104.449,154.814,107.946
22492,78.815,104.436,154.740,107.927
22493,78.790,104.382,154.639,107.881
22494,78.660,104.309,154.661,107.801
22495,78.658,104.204,154.606,107.747
22496,78.707,104.269,154.569,107.783
22497,78.651,104.243,154.439,107.713
22498,78.698,104.154,154.337,107.670
22499,78.502,103.929,153.996,107.422
22500,78.507,104.042,154.051,107.485
22501,78.444,103.842,153.792,107.313
22502,78.523,103.960,153.838,107.394
22503,78.438,103.890,153.823,107.335
22504,78.496,103.986,153.855,107.400
22505,78.330,103.877,153.730,107.273
22506,78.450,103.682,153.648,107.216
22507,78.375,103.665,153.460,107.134
22508,78.291,103.656,153.388,107.082
22509,78.329,103.632,153.173,107.027
22510,78.329,103.668,153.266,107.073
22511,78.350,103.600,153.143,107.024
22512,78.364,103.642,153.065,107.021
22513,78.272,103.538,153.009,106.936
22514,78.406,103.640,153.079,107.035
22515,78.285,103.562,153.101,106.971
22516,78.365,103.608,153.164,107.031
22517,78.367,103.513,153.078,106.969
22518,78.270,103.481,153.012,106.916
22519,78.199,103.288,152.852,106.778
22520,78.162,103.221,152.970,106.773
22521,78.137,103.325,153.071,106.828
22522,78.113,103.273,153.046,106.791
22523,78.113,103.156,153.072,106.762
22524,78.126,103.270,153.075,106.809
22525,78.007,103.130,152.933,106.675
22526,78.022,103.133,152.733,106.624
22527,77.974,103.000,152.667,106.544
22528,77.961,102.887,152.398,106.430
22529,77.849,102.817,152.151,106.291
22530,77.790,102.701,151.954,106.167
22531,77.695,102.741,151.846,106.117
22532,77.752,102.699,151.988,106.161
22533,77.730,102.628,151.676,106.058
22534,77.676,102.607,151.419,105.954
22535,77.617,102.501,151.573,105.940
22536,77.707,102.489,151.679,105.995
22537,77.672,102.533,151.381,105.921
22538,77.695,102.565,151.415,105.940
22539,77.619,102.383,151.216,105.796
22540,77.514,102.267,151.221,105.715
22541,77.497,102.303,151.043,105.678
22542,77.628,102.461,151.210,105.812
22543,77.492,102.248,151.083,105.659
22544,77.610,102.351,150.983,105.716
22545,77.517,102.293,151.030,105.673
22546,77.513,102.204,151.042,105.646
22547,77.636,102.328,151.061,105.741
22548,77.540,102.410,151.104,105.751
22549,77.421,102.267,150.913,105.608
22550,77.414,102.265,150.672,105.540
22551,77.304,102.269,150.621,105.490
22552,77.439,102.322,150.762,105.600
22553,77.375,102.249,150.516,105.484
22554,77.297,102.239,150.569,105.472
22555,77.268,102.160,150.236,105.339
22556,77.277,102.068,150.364,105.351
22557,77.196,102.039,150.122,105.240
22558,77.126,102.011,150.068,105.197
22559,77.044,101.816,149.976,105.062
22560,77.100,101.943,149.921,105.111
22561,77.202,101.823,149.911,105.112
22562,77.145,101.970,149.795,105.105
22563,77.008,101.747,149.740,104.966
22564,76.966,101.924,149.769,105.029
22565,76.864,101.700,149.757,104.903
22566,77.059,101.932,149.920,105.099
22567,76.987,101.833,150.014,105.067
22568,77.145,101.881,150.058,105.152
22569,77.048,101.872,150.054,105.114
22570,77.031,101.863,150.037,105.097
22571,77.004,101.821,150.130,105.099
22572,76.931,101.691,149.964,104.987
22573,76.902,101.825,150.043,105.050
22574,77.028,101.856,150.047,105.110
22575,76.978,101.900,150.020,105.097
22576,77.006,101.918,150.157,105.156
22577,77.028,101.972,150.041,105.147
22578,77.081,102.024,150.072,105.198
22579,77.000,101.881,149.854,105.054
22580,77.028,101.954,149.906,105.099
22581,76.937,101.853,149.934,105.037
22582,77.021,102.069,150.017,105.174
22583,77.072,101.970,150.114,105.183
22584,77.147,102.142,150.115,105.279
22585,77.005,102.066,150.103,105.195
22586,77.090,101.985,150.185,105.224
22587,77.086,102.080,150.258,105.274
22588,77.050,102.091,150.317,105.296
22589,77.013,102.071,150.164,105.223
22590,77.070,102.124,150.310,105.303
22591,77.034,102.042,150.182,105.229
22592,77.089,102.138,150.304,105.308
22593,77.791,103.187,152.216,106.467
22594,77.961,103.340,152.500,106.669
22595,77.929,103.452,152.669,106.744
22596,78.013,103.476,152.618,106.769
22597,78.039,103.655,152.627,106.842
22598,78.068,103.673,152.750,106.893
22599,78.041,103.710,152.902,106.935
22600,78.128,103.883,153.039,107.075
22601,78.209,103.925,153.052,107.119
22602,78.234,104.046,153.129,107.194
22603,78.143,104.003,152.999,107.111
22604,78.282,104.114,153.200,107.256
22605,78.188,103.969,153.269,107.185
22606,78.328,104.122,153.571,107.381
22607,78.410,104.220,153.639,107.460
22608,78.436,104.251,153.734,107.502
22609,78.393,104.217,153.621,107.448
22610,78.432,104.184,153.498,107.416
22611,78.472,104.327,153.635,107.516
22612,78.490,104.333,153.819,107.579
22613,78.566,104.474,154.000,107.709
22614,78.698,104.645,154.317,107.905
22615,78.643,104.558,154.415,107.873
22616,78.757,104.759,154.485,108.010
22617,78.751,104.692,154.463,107.978
22618,78.854,104.842,154.640,108.112
22619,78.697,104.748,154.494,107.986
22620,78.758,104.850,154.631,108.082
22621,78.780,104.886,154.889,108.166
22622,78.869,104.935,154.989,108.255
22623,78.880,104.982,154.945,108.249
22624,78.885,105.091,154.803,108.256
22625,78.898,105.019,155.177,108.335
22626,78.951,105.053,155.303,108.407
22627,78.981,105.209,155.286,108.471
22628,79.061,105.224,155.344,108.514
22629,79.003,105.199,155.439,108.515
22630,78.991,105.159,155.201,108.435
22631,78.997,105.215,155.458,108.514
22632,79.143,105.395,155.790,108.724
22633,79.052,105.278,155.545,108.581
22634,79.099,105.359,155.737,108.681
22635,79.186,105.312,156.090,108.794
22636,79.280,105.557,156.126,108.932
22637,79.265,105.463,156.318,108.946
22638,79.338,105.635,156.515,109.090
22639,79.336,105.582,156.720,109.114
22640,79.413,105.626,156.646,109.142
22641,79.447,105.765,156.693,109.218
22642,79.482,105.845,156.596,109.243
22643,79.439,105.943,156.802,109.309
22644,79.458,105.978,156.933,109.364
22645,79.502,105.793,156.802,109.280
22646,79.485,105.883,156.817,109.317
22647,79.540,105.997,156.892,109.394
22648,79.701,106.067,157.107,109.538
22649,79.582,106.078,157.092,109.487
22650,79.561,106.022,157.064,109.449
22651,79.477,105.969,156.927,109.367
22652,79.596,106.012,156.963,109.435
22653,79.611,105.973,156.930,109.421
22654,79.594,105.970,156.819,109.386
22655,79.559,105.851,156.927,109.357
22656,79.582,105.927,156.931,109.391
22657,79.641,106.032,156.863,109.438
22658,79.654,105.968,157.007,109.452
22659,79.552,105.878,156.999,109.385
22660,79.592,106.094,157.215,109.542
22661,79.476,106.113,156.915,109.413
22662,79.546,106.080,157.201,109.506
22663,79.688,106.134,157.228,109.583
22664,79.655,106.297,157.222,109.622
22665,79.582,106.235,157.128,109.563
22666,79.530,106.105,157.135,109.494
22667,79.657,106.191,157.145,109.580
22668,79.598,106.116,157.082,109.510
22669,79.605,106.112,157.113,109.516
22670,79.674,106.124,157.127,109.552
22671,79.648,106.142,157.107,109.537
22672,79.744,106.208,157.287,109.648
22673,79.752,106.280,157.282,109.668
22674,79.716,106.328,157.351,109.700
22675,79.776,106.345,157.256,109.698
22676,79.781,106.492,157.373,109.781
22677,79.762,106.419,157.483,109.780
22678,79.885,106.474,157.597,109.877
22679,79.844,106.511,157.560,109.856
22680,79.798,106.558,157.408,109.834
22681,79.839,106.552,157.583,109.890
22682,79.794,106.535,157.373,109.802
22683,79.780,106.506,157.454,109.813
22684,79.854,106.633,157.418,109.876
22685,79.695,106.394,157.245,109.681
22686,79.650,106.398,157.078,109.623
22687,79.611,106.311,156.958,109.553
22688,79.802,106.468,157.173,109.735
22689,79.740,106.305,157.090,109.627
22690,79.641,106.254,156.858,109.503
22691,79.673,106.421,156.892,109.591
22692,79.699,106.391,156.954,109.609
22693,79.587,106.344,156.830,109.519
22694,79.616,106.287,156.815,109.505
22695,79.664,106.383,156.944,109.591
22696,79.765,106.510,156.888,109.657
22697,79.801,106.553,156.950,109.699
22698,79.725,106.620,157.040,109.725
22699,79.769,106.530,157.005,109.702
22700,79.737,106.577,156.998,109.704
22701,79.805,106.594,157.095,109.764
22702,79.917,106.740,157.288,109.904
22703,79.876,106.725,157.209,109.865
22704,79.938,106.729,157.402,109.938
22705,79.941,106.768,157.565,109.998
22706,80.030,106.836,157.525,110.048
22707,80.072,106.836,157.474,110.055
22708,80.095,106.874,157.481,110.077
22709,80.035,106.971,157.413,110.070
22710,79.882,106.791,157.184,109.889
22711,79.959,106.752,157.408,109.964
22712,80.087,106.805,157.434,110.034
22713,80.053,106.801,157.439,110.022
22714,80.112,106.878,157.467,110.078
22715,79.906,106.796,157.406,109.968
22716,80.121,106.920,157.704,110.171
22717,80.014,106.692,157.589,110.008
22718,79.910,106.735,157.397,109.939
22719,79.832,106.597,157.160,109.798
22720,79.879,106.695,157.201,109.859
22721,79.881,106.634,157.169,109.835
22722,79.870,106.630,156.997,109.776
22723,79.811,106.519,157.166,109.764
22724,79.786,106.541,157.195,109.766
22725,79.737,106.342,157.029,109.634
22726,79.779,106.493,157.159,109.735
22727,79.804,106.537,157.065,109.736
22728,79.806,106.545,157.162,109.770
22729,79.726,106.421,157.045,109.666
22730,79.699,106.552,157.001,109.695
22731,79.674,106.334,156.826,109.555
22732,79.690,106.333,156.764,109.549
22733,79.772,106.556,157.093,109.753
22734,79.772,106.467,156.985,109.693
22735,79.601,106.399,156.940,109.595
22736,79.747,106.402,157.093,109.689
22737,79.793,106.535,157.146,109.777
22738,79.644,106.436,156.796,109.589
22739,79.594,106.358,156.865,109.559
22740,79.672,106.504,156.887,109.641
22741,79.717,106.566,156.921,109.691
22742,79.708,106.504,156.745,109.617
22743,79.662,106.469,156.627,109.557
22744,79.724,106.652,156.788,109.684
22745,79.639,106.431,156.665,109.539
22746,79.636,106.415,156.575,109.512
22747,79.651,106.382,156.827,109.576
22748,79.659,106.362,156.698,109.538
22749,79.679,106.327,156.666,109.523
22750,79.577,106.433,156.543,109.491
22751,79.547,106.308,156.624,109.459
22752,79.625,106.498,156.767,109.594
22753,79.665,106.385,156.735,109.561
22754,79.648,106.382,156.689,109.546
22755,79.601,106.366,156.729,109.528
22756,79.678,106.374,156.739,109.571
22757,79.542,106.121,156.366,109.324
22758,79.589,106.262,156.477,109.419
22759,79.530,106.150,156.240,109.295
22760,79.590,106.189,156.318,109.356
22761,79.516,106.201,156.256,109.308
22762,79.529,106.048,156.195,109.250
22763,79.490,106.114,156.191,109.260
22764,79.527,105.983,156.123,109.199
22765,79.479,106.039,156.020,109.177
22766,79.480,105.963,155.923,109.122
22767,79.391,105.988,155.911,109.099
22768,79.461,106.039,155.911,109.151
22769,79.486,105.955,155.982,109.145
22770,79.494,106.061,156.218,109.252
22771,79.464,105.998,156.141,109.200
22772,79.550,106.104,156.350,109.321
22773,79.465,105.992,156.016,109.159
22774,79.618,106.264,156.350,109.400
22775,79.468,106.012,156.005,109.156
22776,79.524,106.175,156.113,109.268
22777,79.489,105.981,155.831,109.115
22778,79.415,105.935,155.778,109.049
22779,79.336,105.885,155.734,108.987
22780,79.329,105.796,155.449,108.884
22781,79.290,105.873,155.461,108.903
22782,79.269,105.640,155.093,108.705
22783,79.176,105.683,155.098,108.684
22784,79.280,105.658,155.345,108.783
22785,79.233,105.522,155.177,108.678
22786,79.317,105.698,155.322,108.810
22787,79.183,105.474,155.052,108.606
22788,79.174,105.523,155.037,108.609
22789,79.053,105.483,154.906,108.524
22790,79.126,105.335,154.757,108.454
22791,79.041,105.348,154.714,108.421
22792,79.062,105.355,154.809,108.453
22793,79.045,105.322,154.650,108.392
22794,78.994,105.271,154.397,108.279
22795,78.974,105.281,154.363,108.274
22796,78.993,105.323,154.391,108.297
22797,78.942,105.244,154.424,108.265
22798,79.031,105.392,154.432,108.349
22799,78.913,105.290,154.421,108.272
22800,79.038,105.286,154.520,108.344
22801,78.926,105.226,154.575,108.300
22802,79.040,105.308,154.548,108.363
22803,78.960,105.264,154.313,108.252
22804,78.989,105.305,154.236,108.249
22805,79.009,105.236,154.329,108.252
22806,79.085,105.311,154.310,108.308
22807,79.036,105.312,154.367,108.308
22808,79.110,105.265,154.278,108.285
22809,79.058,105.262,154.284,108.269
22810,79.035,105.085,154.352,108.214
22811,79.007,105.226,154.278,108.232
22812,78.968,105.168,154.339,108.219
22813,78.972,105.193,154.180,108.179
22814,79.005,105.196,154.214,108.209
22815,78.946,105.082,154.031,108.092
22816,78.992,105.196,154.087,108.167
22817,78.914,105.118,154.166,108.134
22818,78.970,105.057,154.099,108.119
22819,78.882,105.041,153.815,107.993
22820,78.920,104.877,153.674,107.916
22821,78.928,105.011,153.803,108.004
22822,78.881,104.997,153.547,107.913
22823,78.899,105.076,153.797,108.021
22824,79.022,105.083,153.662,108.022
22825,79.019,104.931,154.096,108.095
22826,79.029,105.071,154.041,108.130
22827,79.037,105.157,154.012,108.156
22828,79.088,105.190,154.146,108.229
22829,78.962,105.014,153.920,108.053
22830,78.998,105.083,153.976,108.105
22831,78.938,105.059,153.837,108.037
22832,78.994,105.136,153.895,108.093
22833,79.043,105.178,154.080,108.186
22834,79.025,105.119,154.116,108.167
22835,78.998,105.183,153.944,108.137
22836,79.040,105.088,153.904,108.103
22837,79.041,105.086,153.984,108.127
22838,79.026,105.132,154.040,108.153
22839,79.023,105.166,154.134,108.191
22840,79.029,105.177,153.963,108.148
22841,79.117,105.263,154.028,108.233
22842,79.057,105.202,153.949,108.164
22843,78.961,105.082,153.747,108.031
22844,79.013,105.238,154.018,108.180
22845,78.910,105.033,153.732,107.988
22846,78.949,105.061,153.850,108.052
22847,78.906,105.064,153.659,107.984
22848,78.969,105.088,153.601,107.998
22849,78.831,104.980,153.480,107.872
22850,78.874,104.906,153.491,107.867
22851,78.816,104.919,153.425,107.834
22852,78.859,104.937,153.433,107.854
22853,78.870,104.846,153.327,107.798
22854,78.926,105.017,153.516,107.933
22855,78.723,104.811,153.138,107.686
22856,78.879,104.929,153.454,107.868
22857,78.834,104.946,153.183,107.781
22858,78.917,104.959,153.334,107.859
22859,78.829,104.919,153.051,107.731
22860,78.872,104.845,153.295,107.793
22861,78.917,104.930,153.253,107.819
22862,78.967,105.143,153.428,107.970
22863,79.067,105.122,153.509,108.021
22864,79.017,105.050,153.319,107.927
22865,78.908,105.049,153.430,107.915
22866,78.965,105.073,153.188,107.874
22867,78.988,105.066,153.206,107.884
22868,78.979,104.940,153.245,107.848
22869,78.934,104.934,153.105,107.800
22870,78.974,104.971,153.126,107.828
22871,78.921,104.841,152.897,107.696
22872,79.046,105.040,153.264,107.917
22873,78.926,104.854,152.987,107.733
22874,79.002,104.993,153.250,107.882
22875,78.923,104.943,153.073,107.779
22876,78.946,104.957,153.188,107.833
22877,78.857,104.863,152.709,107.633
22878,78.836,104.748,152.702,107.579
22879,78.851,104.797,153.006,107.692
22880,78.930,104.752,152.891,107.670
22881,78.863,104.760,152.872,107.641
22882,78.823,104.725,152.773,107.590
22883,78.854,104.727,152.736,107.592
22884,78.895,104.776,152.745,107.629
22885,78.861,104.608,152.694,107.546
22886,78.929,104.706,152.753,107.616
22887,78.954,104.775,152.601,107.610
22888,78.959,104.837,152.763,107.677
22889,78.873,104.791,152.703,107.610
22890,78.919,104.882,152.857,107.705
22891,78.886,104.855,152.754,107.655
22892,78.898,104.755,152.903,107.663
22893,78.956,104.879,153.028,107.759
22894,78.977,104.697,152.956,107.688
22895,78.938,104.744,152.833,107.658
22896,79.013,104.738,152.680,107.630
22897,78.969,104.746,152.698,107.621
22898,78.994,104.711,152.737,107.634
22899,78.919,104.680,152.622,107.559
22900,78.918,104.649,152.621,107.548
22901,78.907,104.576,152.573,107.505
22902,78.939,104.747,152.404,107.534
22903,78.865,104.623,152.341,107.444
22904,79.009,104.690,152.535,107.574
22905,78.996,104.759,152.520,107.590
22906,78.938,104.631,152.429,107.498
22907,78.881,104.640,152.574,107.528
22908,78.918,104.716,152.392,107.512
22909,78.913,104.660,152.471,107.514
22910,78.904,104.535,152.465,107.464
22911,78.981,104.660,152.556,107.557
22912,79.074,104.767,152.570,107.630
22913,79.097,104.796,152.634,107.666
22914,79.040,104.615,152.397,107.523
22915,78.959,104.553,152.269,107.433
22916,79.033,104.666,152.495,107.564
22917,79.087,104.599,152.368,107.526
22918,79.043,104.758,152.631,107.639
22919,78.997,104.702,152.587,107.584
22920,79.028,104.698,152.553,107.588
22921,79.108,104.872,152.558,107.674
22922,79.038,104.670,152.393,107.536
22923,79.080,104.600,152.491,107.552
22924,79.064,104.717,152.568,107.609
22925,79.098,104.689,152.450,107.580
22926,79.152,104.787,152.624,107.682
22927,79.170,104.835,152.585,107.692
22928,79.246,104.939,152.772,107.809
22929,79.139,104.771,152.651,107.674
22930,79.273,104.902,152.672,107.782
22931,79.202,104.782,152.708,107.711
22932,79.290,104.982,152.758,107.837
22933,79.295,104.935,152.643,107.789
22934,79.293,104.861,152.615,107.756
22935,79.258,104.886,152.670,107.763
22936,79.350,104.899,152.913,107.868
22937,79.341,104.873,152.932,107.862
22938,79.384,104.876,152.839,107.855
22939,79.264,104.933,153.010,107.875
22940,79.297,104.899,152.939,107.855
22941,79.417,104.884,152.836,107.867
22942,79.357,104.889,152.661,107.799
22943,79.379,104.880,152.878,107.861
22944,79.490,105.123,152.980,108.023
22945,79.441,104.938,152.841,107.889
22946,79.388,105.026,152.910,107.917
22947,79.425,105.039,152.894,107.936
22948,79.499,105.108,153.061,108.039
22949,79.444,105.152,153.122,108.044
22950,79.471,105.019,153.003,107.975
22951,79.519,105.089,153.217,108.080
22952,79.678,105.290,153.292,108.232
22953,79.677,105.405,153.542,108.331
22954,79.792,105.586,153.948,108.552
22955,79.702,105.497,153.760,108.438
22956,79.793,105.581,154.091,108.594
22957,79.751,105.536,154.036,108.543
22958,79.782,105.602,154.110,108.599
22959,79.733,105.555,153.995,108.538
22960,79.943,105.709,154.288,108.739
22961,79.955,105.642,154.289,108.727
22962,79.954,105.701,154.252,108.739
22963,79.999,105.884,154.368,108.850
22964,79.955,105.796,154.365,108.800
22965,80.019,105.815,154.422,108.852
22966,79.938,105.886,154.465,108.855
22967,80.031,105.862,154.421,108.862
22968,80.121,106.026,154.659,109.023
22969,80.146,106.016,154.765,109.059
22970,80.044,106.052,154.666,109.001
22971,80.058,105.872,154.573,108.926
22972,80.236,106.067,154.783,109.118
22973,80.130,106.229,154.691,109.105
22974,80.215,106.361,154.834,109.224
22975,80.106,106.204,154.970,109.171
22976,80.221,106.322,155.087,109.288
22977,80.331,106.382,155.217,109.387
22978,80.345,106.329,155.283,109.385
22979,80.321,106.358,155.302,109.391
22980,80.269,106.333,155.188,109.332
22981,80.349,106.412,155.299,109.419
22982,80.406,106.597,155.516,109.570
22983,80.488,106.555,155.511,109.580
22984,80.558,106.869,155.720,109.769
22985,80.495,106.748,155.798,109.734
22986,80.591,106.909,156.140,109.921
22987,80.640,106.922,156.254,109.972
22988,80.659,106.986,156.197,109.987
22989,80.640,106.965,156.186,109.966
22990,80.636,106.993,156.125,109.959
22991,80.653,107.080,156.252,110.040
22992,80.772,107.176,156.505,110.183
22993,80.687,107.088,156.445,110.108
22994,80.748,107.171,156.513,110.175
22995,80.631,107.232,156.375,110.110
22996,80.712,107.159,156.494,110.151
22997,80.670,107.029,156.196,110.009
22998,80.721,107.082,156.424,110.114
22999,80.598,106.952,156.383,110.009
23000,80.703,107.029,156.398,110.077
23001,80.629,107.155,156.443,110.100
23002,80.670,107.149,156.276,110.078
23003,80.699,107.151,156.498,110.147
23004,80.639,107.152,156.397,110.098
23005,80.597,107.050,156.430,110.059
23006,80.618,107.050,156.385,110.056
23007,80.633,107.142,156.278,110.060
23008,80.586,107.179,156.279,110.059
23009,80.557,107.091,156.109,109.972
23010,80.522,106.960,156.355,109.984
23011,80.381,106.966,156.071,109.855
23012,80.454,106.978,156.237,109.933
23013,80.397,106.960,156.126,109.873
23014,80.433,107.024,156.066,109.894
23015,80.304,106.992,155.864,109.782
23016,80.378,106.962,155.984,109.827
23017,80.365,106.980,155.913,109.808
23018,80.272,106.936,155.766,109.720
23019,80.190,106.941,155.799,109.705
23020,80.137,106.846,155.825,109.664
23021,80.182,106.788,155.840,109.657
23022,80.226,106.804,155.743,109.656
23023,80.143,106.720,155.594,109.561
23024,80.227,106.806,155.654,109.633
23025,80.097,106.695,155.499,109.511
23026,80.015,106.765,155.229,109.424
23027,79.983,106.682,155.248,109.395
23028,80.002,106.594,155.114,109.333
23029,79.982,106.553,155.113,109.310
23030,79.975,106.519,154.843,109.221
23031,79.912,106.547,155.003,109.259
23032,79.903,106.521,154.875,109.211
23033,79.896,106.418,154.861,109.166
23034,79.943,106.341,154.833,109.148
23035,79.822,106.280,154.609,109.025
23036,79.913,106.351,154.865,109.158
23037,79.866,106.266,154.638,109.046
23038,79.889,106.327,154.643,109.086
23039,79.784,106.154,154.378,108.896
23040,79.715,106.046,154.417,108.848
23041,79.688,106.108,154.377,108.853
23042,79.661,105.902,153.917,108.646
23043,79.585,105.808,154.019,108.616
23044,79.542,105.712,153.756,108.495
23045,79.573,105.725,153.927,108.552
23046,79.522,105.710,153.715,108.481
23047,79.413,105.525,153.344,108.273
23048,79.411,105.555,153.260,108.254
23049,79.297,105.546,153.146,108.174
23050,79.305,105.505,153.327,108.210
23051,79.265,105.542,153.013,108.124
23052,79.330,105.455,153.154,108.159
23053,79.273,105.321,153.089,108.070
23054,79.309,105.359,152.943,108.058
23055,79.240,105.222,152.974,107.993
23056,79.258,105.214,152.682,107.920
23057,79.271,105.265,152.726,107.948
23058,79.149,105.294,152.817,107.941
23059,79.174,105.112,152.764,107.876
23060,79.161,105.078,152.686,107.834
23061,79.177,105.092,152.632,107.826
23062,79.190,105.196,152.620,107.869
23063,79.202,105.068,152.861,107.897
23064,79.289,105.237,152.868,107.987
23065,79.299,105.152,152.924,107.975
23066,79.321,105.285,152.994,108.056
23067,79.272,105.203,152.849,107.966
23068,79.257,105.049,152.596,107.837
23069,79.212,105.167,152.502,107.838
23070,79.247,105.283,152.497,107.891
23071,79.256,105.148,152.503,107.854
23072,79.304,105.124,152.530,107.870
23073,79.273,105.152,152.610,107.886
23074,79.287,105.106,152.473,107.842
23075,79.238,105.006,152.408,107.766
23076,79.189,105.021,152.458,107.773
23077,79.126,104.894,152.222,107.636
23078,79.137,104.973,152.361,107.701
23079,79.123,104.973,152.550,107.756
23080,79.225,104.951,152.502,107.764
23081,79.199,105.031,152.595,107.818
23082,79.156,104.907,152.491,107.730
23083,79.125,104.785,152.351,107.633
23084,79.142,104.770,152.517,107.677
23085,79.155,104.734,152.463,107.651
23086,79.127,104.777,152.317,107.614
23087,79.141,104.820,152.334,107.643
23088,79.183,104.873,152.442,107.710
23089,79.086,104.790,152.314,107.609
23090,79.131,104.742,152.290,107.596
23091,79.152,104.670,152.274,107.577
23092,79.152,104.698,152.259,107.582
23093,79.062,104.620,151.981,107.449
23094,79.183,104.738,152.186,107.585
23095,79.097,104.636,152.140,107.512
23096,79.199,104.624,151.963,107.497
23097,79.160,104.674,152.114,107.541
23098,79.107,104.638,151.909,107.461
23099,79.102,104.543,151.937,107.415
23100,79.105,104.538,151.823,107.392
23101,79.147,104.593,151.915,107.445
23102,79.127,104.747,151.977,107.518
23103,79.112,104.599,151.901,107.433
23104,79.219,104.611,151.953,107.495
23105,79.119,104.533,151.657,107.345
23106,79.207,104.626,151.664,107.413
23107,79.169,104.595,151.856,107.440
23108,79.229,104.690,151.956,107.523
23109,79.171,104.577,151.867,107.438
23110,79.203,104.628,151.883,107.478
23111,79.296,104.638,152.137,107.580
23112,79.306,104.677,152.290,107.640
23113,79.319,104.712,152.473,107.712
23114,79.298,104.524,152.268,107.574
23115,79.220,104.441,152.342,107.533
23116,79.261,104.600,152.424,107.628
23117,79.320,104.567,152.323,107.616
23118,79.303,104.522,152.504,107.648
23119,79.219,104.444,152.333,107.537
23120,79.358,104.473,152.347,107.605
23121,79.361,104.480,152.305,107.596
23122,79.435,104.631,152.418,107.708
23123,79.446,104.536,152.552,107.712
23124,79.422,104.565,152.513,107.712
23125,79.390,104.578,152.518,107.701
23126,79.419,104.573,152.215,107.620
23127,79.391,104.648,152.202,107.639
23128,79.481,104.676,152.325,107.711
23129,79.455,104.599,152.339,107.680
23130,79.501,104.707,152.739,107.847
23131,79.599,104.825,152.628,107.886
23132,79.685,104.965,152.928,108.050
23133,79.576,104.924,152.883,107.983
23134,79.602,104.964,152.768,107.977
23135,79.552,104.951,152.648,107.919
23136,79.666,105.008,152.892,108.051
23137,79.713,105.024,152.976,108.103
23138,79.710,104.975,153.055,108.102
23139,79.656,104.985,153.245,108.135
23140,79.663,104.852,152.951,108.006
23141,79.771,105.063,152.945,108.117
23142,79.857,105.105,153.028,108.191
23143,79.843,105.197,153.455,108.339
23144,79.968,105.267,153.629,108.456
23145,79.893,105.290,153.517,108.405
23146,79.920,105.323,153.731,108.487
23147,79.865,105.405,153.578,108.456
23148,79.953,105.453,153.634,108.514
23149,79.878,105.307,153.585,108.420
23150,79.895,105.358,153.499,108.425
23151,79.869,105.350,153.514,108.409
23152,79.966,105.432,153.457,108.460
23153,79.947,105.419,153.677,108.502
23154,79.974,105.424,153.575,108.490
23155,79.915,105.410,153.622,108.482
23156,79.892,105.366,153.454,108.407
23157,79.983,105.398,153.419,108.443
23158,80.115,105.599,153.712,108.644
23159,80.018,105.464,153.877,108.601
23160,80.053,105.546,153.968,108.670
23161,80.214,105.507,153.950,108.711
23162,80.154,105.553,154.151,108.761
23163,80.157,105.618,153.947,108.732
23164,80.234,105.628,154.302,108.854
23165,80.152,105.624,154.369,108.841
23166,80.149,105.749,154.340,108.881
23167,80.134,105.710,154.530,108.910
23168,80.254,105.851,154.540,109.020
23169,80.297,105.723,154.486,108.962
23170,80.318,105.752,154.404,108.952
23171,80.243,105.939,154.601,109.049
23172,80.283,105.974,154.626,109.083
23173,80.286,105.968,154.843,109.143
23174,80.382,106.010,154.734,109.167
23175,80.220,105.940,154.549,109.026
23176,80.375,106.127,154.799,109.225
23177,80.396,106.002,154.783,109.178
23178,80.484,106.217,154.715,109.272
23179,80.494,106.141,154.801,109.269
23180,80.429,106.181,154.657,109.222
23181,80.457,106.275,154.880,109.325
23182,80.499,106.363,154.939,109.386
23183,80.541,106.387,155.108,109.450
23184,80.663,106.517,155.098,109.540
23185,80.699,106.536,155.449,109.657
23186,80.733,106.495,155.583,109.690
23187,80.696,106.584,155.621,109.723
23188,80.740,106.626,155.718,109.786
23189,80.764,106.551,155.715,109.765
23190,80.731,106.637,155.795,109.809
23191,80.704,106.616,155.611,109.734
23192,80.805,106.712,155.902,109.887
23193,80.846,106.768,156.047,109.967
23194,80.806,106.806,156.116,109.978
23195,80.786,106.904,156.206,110.032
23196,80.840,106.942,156.217,110.073
23197,80.965,107.035,156.391,110.199
23198,80.920,107.074,156.333,110.180
23199,80.839,107.022,156.358,110.136
23200,80.948,106.967,156.566,110.212
23201,80.996,106.969,156.410,110.185
23202,81.038,107.163,156.554,110.314
23203,81.000,107.068,156.309,110.202
23204,81.011,107.218,156.469,110.306
23205,80.882,107.209,156.523,110.272
23206,80.998,107.156,156.426,110.270
23207,80.977,107.189,156.428,110.274
23208,81.008,107.248,156.483,110.325
23209,81.020,107.236,156.554,110.343
23210,80.918,107.176,156.616,110.305
23211,81.016,107.285,156.727,110.407
23212,81.026,107.274,156.512,110.353
23213,80.926,107.125,156.525,110.266
23214,80.966,107.212,156.486,110.299
23215,80.918,107.151,156.433,110.238
23216,81.026,107.269,156.579,110.371
23217,80.911,107.244,156.275,110.232
23218,80.983,107.237,156.499,110.314
23219,80.918,107.110,156.343,110.202
23220,80.915,107.111,156.282,110.183
23221,80.889,107.093,156.216,110.159
23222,80.828,107.127,156.196,110.131
23223,80.951,107.175,156.565,110.298
23224,80.957,107.158,156.601,110.302
23225,81.040,107.248,156.815,110.425
23226,80.943,107.201,156.847,110.381
23227,80.987,107.260,156.716,110.377
23228,80.898,107.079,156.772,110.301
23229,80.983,107.073,156.645,110.298
23230,80.973,107.344,156.818,110.427
23231,80.946,107.253,156.811,110.381
23232,81.008,107.491,156.878,110.507
23233,80.979,107.365,156.806,110.438
23234,81.043,107.336,156.908,110.476
23235,81.045,107.299,156.793,110.436
23236,81.005,107.376,156.832,110.459
23237,81.097,107.506,157.018,110.595
23238,81.095,107.655,157.110,110.665
23239,81.099,107.640,157.163,110.683
23240,81.193,107.614,157.171,110.705
23241,81.180,107.506,157.231,110.683
23242,81.163,107.656,157.212,110.735
23243,81.056,107.678,157.079,110.661
23244,81.239,107.651,157.205,110.755
23245,81.200,107.525,157.093,110.665
23246,81.127,107.687,157.243,110.742
23247,81.145,107.690,157.241,110.743
23248,81.150,107.507,157.177,110.660
23249,81.142,107.548,157.137,110.658
23250,80.999,107.523,156.952,110.553
23251,81.082,107.492,157.098,110.612
23252,80.988,107.460,156.985,110.543
23253,80.892,107.520,156.860,110.487
23254,81.027,107.573,157.066,110.620
23255,80.961,107.464,156.980,110.530
23256,80.974,107.520,156.787,110.503
23257,81.035,107.421,156.775,110.484
23258,80.929,107.436,156.830,110.464
23259,80.908,107.404,156.707,110.409
23260,80.985,107.458,156.939,110.523
23261,80.929,107.497,156.949,110.516
23262,80.938,107.486,156.790,110.476
23263,80.994,107.542,156.986,110.572
23264,81.038,107.493,157.027,110.591
23265,81.039,107.500,156.946,110.567
23266,80.985,107.475,156.951,110.535
23267,80.915,107.435,156.798,110.454
23268,81.007,107.456,156.708,110.469
23269,80.909,107.397,156.828,110.446
23270,80.973,107.392,156.897,110.493
23271,80.870,107.273,156.656,110.345
23272,81.006,107.383,156.952,110.508
23273,81.043,107.483,156.836,110.526
23274,81.034,107.563,156.871,110.562
23275,80.987,107.435,156.809,110.484
23276,81.059,107.533,156.858,110.556
23277,81.022,107.505,156.876,110.542
23278,81.089,107.426,156.897,110.545
23279,81.053,107.515,156.878,110.557
23280,81.053,107.455,156.902,110.546
23281,81.075,107.542,156.932,110.588
23282,81.117,107.535,156.984,110.612
23283,81.119,107.490,156.839,110.559
23284,81.086,107.588,157.027,110.632
23285,81.028,107.440,156.830,110.507
23286,81.107,107.542,156.839,110.579
23287,81.047,107.519,156.799,110.540
23288,81.167,107.680,157.112,110.720
23289,81.147,107.552,156.894,110.615
23290,81.106,107.559,156.850,110.587
23291,81.051,107.462,156.822,110.522
23292,81.137,107.459,156.807,110.547
23293,81.167,107.581,156.835,110.604
23294,81.171,107.658,157.078,110.698
23295,81.134,107.690,157.047,110.690
23296,81.207,107.757,156.958,110.716
23297,81.195,107.788,157.062,110.739
23298,81.287,107.837,157.423,110.898
23299,81.246,107.739,157.152,110.777
23300,81.276,107.761,157.181,110.799
23301,81.324,107.822,157.281,110.866
23302,81.388,107.822,157.410,110.923
23303,81.390,107.983,157.455,110.995
23304,81.429,107.980,157.365,110.985
23305,81.377,107.904,157.276,110.907
23306,81.336,107.895,157.244,110.879
23307,81.299,107.900,157.214,110.857
23308,81.358,107.880,157.289,110.899
23309,81.273,107.792,157.066,110.775
23310,81.345,107.911,157.130,110.861
23311,81.348,107.956,157.193,110.899
23312,81.419,107.999,157.340,110.983
23313,81.481,107.979,157.409,111.010
23314,81.402,107.930,157.016,110.861
23315,81.360,107.755,156.927,110.761
23316,81.400,107.735,156.895,110.756
23317,81.352,107.737,156.985,110.767
23318,81.433,107.838,157.313,110.925
23319,81.336,107.766,157.322,110.865
23320,81.347,107.705,157.132,110.797
23321,81.397,107.802,157.071,110.837
23322,81.411,107.833,157.210,110.884
23323,81.326,107.675,156.997,110.738
23324,81.287,107.757,157.130,110.790
23325,81.302,107.672,156.859,110.680
23326,81.407,107.714,157.001,110.778
23327,81.335,107.694,156.958,110.733
23328,81.374,107.658,157.027,110.758
23329,81.274,107.627,156.959,110.691
23330,81.310,107.609,156.842,110.669
23331,81.260,107.487,156.843,110.602
23332,81.307,107.460,156.821,110.608
23333,81.219,107.441,156.745,110.546
23334,81.260,107.444,156.628,110.525
23335,81.207,107.379,156.646,110.488
23336,81.283,107.369,156.562,110.493
23337,81.266,107.384,156.390,110.444
23338,81.296,107.464,156.400,110.486
23339,81.153,107.294,156.521,110.412
23340,81.186,107.463,156.609,110.503
23341,81.101,107.307,156.308,110.333
23342,81.130,107.242,156.403,110.343
23343,81.084,107.098,156.182,110.215
23344,81.148,107.134,156.123,110.231
23345,81.074,107.061,156.102,110.180
23346,80.992,107.024,155.994,110.106
23347,81.073,106.940,155.836,110.065
23348,81.010,106.943,155.763,110.024
23349,80.852,106.677,155.459,109.786
23350,80.850,106.731,155.409,109.788
23351,80.774,106.621,155.293,109.685
23352,80.876,106.595,155.309,109.723
23353,80.768,106.500,155.176,109.609
23354,80.810,106.451,155.198,109.615
23355,80.707,106.361,154.703,109.418
23356,80.722,106.454,154.819,109.492
23357,80.637,106.368,154.720,109.400
23358,80.655,106.287,154.652,109.358
23359,80.566,106.139,154.397,109.204
23360,80.551,106.208,154.490,109.247
23361,80.575,106.199,154.442,109.242
23362,80.547,106.176,154.342,109.194
23363,80.512,106.217,154.373,109.213
23364,80.619,106.184,154.453,109.251
23365,80.467,105.954,154.260,109.060
23366,80.491,105.936,154.232,109.061
23367,80.549,105.894,154.112,109.033
23368,80.481,106.033,154.104,109.058
23369,80.325,105.941,153.857,108.899
23370,80.275,105.874,153.862,108.862
23371,80.318,105.961,153.843,108.901
23372,80.291,105.842,153.642,108.790
23373,80.275,105.915,153.679,108.822
23374,80.229,105.841,153.631,108.762
23375,80.183,105.793,153.610,108.726
23376,80.302,105.879,153.663,108.813
23377,80.233,105.978,153.674,108.828
23378,80.066,105.557,153.229,108.494
23379,79.990,105.450,153.069,108.385
23380,80.143,105.600,153.252,108.550
23381,80.009,105.603,153.165,108.473
23382,80.109,105.706,153.271,108.579
23383,80.065,105.628,153.145,108.497
23384,80.160,105.761,153.462,108.676
23385,80.131,105.754,153.411,108.641
23386,80.091,105.748,153.203,108.573
23387,80.087,105.672,153.266,108.556
23388,80.117,105.684,153.018,108.498
23389,79.964,105.608,153.124,108.455
23390,79.975,105.483,152.862,108.340
23391,80.022,105.512,153.119,108.444
23392,79.938,105.498,152.980,108.373
23393,79.885,105.350,152.734,108.242
23394,79.852,105.412,152.811,108.270
23395,79.744,105.307,152.771,108.184
23396,79.817,105.431,152.771,108.254
23397,79.719,105.370,152.663,108.162
23398,79.689,105.244,152.603,108.097
23399,79.724,105.286,152.841,108.194
23400,79.782,105.445,152.842,108.268
23401,79.785,105.341,152.997,108.274
23402,79.760,105.319,152.813,108.217
23403,79.814,105.292,152.722,108.213
23404,79.840,105.389,152.965,108.321
23405,79.815,105.152,152.779,108.171
23406,79.846,105.435,152.941,108.327
23407,79.854,105.389,152.980,108.333
23408,79.964,105.543,153.058,108.451
23409,79.859,105.439,153.103,108.385
23410,79.813,105.412,153.076,108.352
23411,79.889,105.387,152.999,108.352
23412,79.920,105.436,153.052,108.389
23413,79.878,105.616,153.324,108.523
23414,79.912,105.513,153.019,108.414
23415,79.793,105.499,153.016,108.361
23416,79.968,105.609,153.058,108.477
23417,79.911,105.641,153.101,108.480
23418,79.983,105.763,153.387,108.629
23419,79.869,105.571,153.123,108.445
23420,79.963,105.697,153.331,108.590
23421,80.031,105.707,153.573,108.676
23422,80.024,105.872,153.715,108.777
23423,80.050,105.914,153.571,108.766
23424,80.108,105.989,153.801,108.864
23425,80.124,106.114,154.001,108.973
23426,80.128,106.064,153.930,108.943
23427,80.186,106.125,154.158,109.049
23428,80.232,106.183,154.188,109.105
23429,80.209,106.162,154.221,109.096
23430,80.269,106.319,154.322,109.194
23431,80.303,106.320,154.360,109.226
23432,80.497,106.374,154.232,109.279
23433,80.301,106.321,154.163,109.175
23434,80.440,106.375,154.306,109.277
23435,80.359,106.348,154.256,109.225
23436,80.417,106.452,154.309,109.301
23437,80.421,106.443,154.447,109.335
23438,80.480,106.402,154.540,109.364
23439,80.460,106.393,154.425,109.330
23440,80.362,106.381,154.285,109.245
23441,80.514,106.400,154.392,109.338
23442,80.463,106.469,154.464,109.369
23443,80.436,106.488,154.359,109.333
23444,80.514,106.593,154.585,109.465
23445,80.442,106.493,154.317,109.335
23446,80.604,106.727,154.631,109.554
23447,80.464,106.677,154.551,109.458
23448,80.611,106.691,154.527,109.511
23449,80.517,106.692,154.478,109.467
23450,80.589,106.768,154.534,109.539
23451,80.604,106.760,154.628,109.564
23452,80.659,106.787,154.730,109.613
23453,80.821,106.853,154.903,109.748
23454,80.862,106.958,154.951,109.819
23455,80.706,106.895,154.961,109.737
23456,80.882,107.017,155.227,109.920
23457,80.837,107.027,155.408,109.955
23458,80.938,107.148,155.393,110.032
23459,80.917,107.086,155.468,110.017
23460,80.932,107.137,155.533,110.062
23461,80.929,107.180,155.720,110.129
23462,81.097,107.302,155.929,110.294
23463,81.072,107.388,155.969,110.340
23464,81.230,107.587,156.088,110.496
23465,81.271,107.659,156.424,110.620
23466,81.285,107.712,156.493,110.674
23467,81.379,107.777,156.654,110.776
23468,81.382,107.829,156.647,110.784
23469,81.403,107.934,156.697,110.844
23470,81.390,107.758,156.752,110.789
23471,81.427,107.908,156.887,110.887
23472,81.561,108.149,157.250,111.116
23473,81.560,108.085,157.167,111.073
23474,81.586,108.191,157.282,111.158
23475,81.502,107.954,157.315,111.046
23476,81.513,108.040,157.259,111.070
23477,81.654,108.076,157.171,111.105
23478,81.653,108.254,157.324,111.209
23479,81.616,108.236,157.356,111.210
23480,81.716,108.231,157.343,111.237
23481,81.772,108.283,157.363,111.282
23482,81.830,108.256,157.252,111.256
23483,81.680,108.268,157.373,111.234
23484,81.739,108.356,157.348,111.290
23485,81.693,108.271,157.321,111.232
23486,81.793,108.371,157.435,111.332
23487,81.837,108.292,157.453,111.334
23488,81.927,108.391,157.509,111.408
23489,81.782,108.313,157.379,111.291
23490,81.833,108.334,157.194,111.265
23491,81.847,108.257,157.324,111.284
23492,81.863,108.219,157.517,111.330
23493,81.869,108.276,157.577,111.369
23494,81.904,108.113,157.306,111.246
23495,81.892,108.201,157.299,111.274
23496,82.008,108.246,157.423,111.366
23497,81.987,108.172,157.311,111.305
23498,82.084,108.422,157.528,111.488
23499,81.968,108.216,157.315,111.310
23500,81.993,108.275,157.476,111.393
23501,82.001,108.326,157.555,111.430
23502,82.070,108.328,157.688,111.484
23503,82.064,108.305,157.680,111.475
23504,82.104,108.351,157.654,111.500
23505,82.037,108.287,157.691,111.455
23506,82.149,108.232,157.921,111.547
23507,82.177,108.348,158.064,111.635
23508,82.189,108.328,158.074,111.636
23509,82.120,108.350,157.938,111.577
23510,82.145,108.243,158.023,111.573
23511,82.110,108.156,157.803,111.471
23512,82.200,108.295,157.766,111.541
23513,82.161,108.179,157.806,111.494
23514,82.188,108.214,157.857,111.533
23515,82.089,107.989,157.679,111.371
23516,82.165,108.173,157.859,111.517
23517,82.113,108.176,157.756,111.467
23518,82.126,108.219,157.552,111.426
23519,82.029,108.049,157.615,111.347
23520,82.082,108.137,157.638,111.403
23521,82.170,108.226,157.651,111.467
23522,82.118,108.145,157.469,111.370
23523,82.108,108.062,157.505,111.362
23524,82.061,107.991,157.493,111.308
23525,82.110,107.932,157.431,111.287
23526,82.010,107.912,157.260,111.199
23527,82.037,107.939,157.264,111.220
23528,82.105,108.019,157.405,111.303
23529,82.083,107.973,157.316,111.261
23530,82.076,107.873,157.390,111.244
23531,82.099,107.856,157.375,111.237
23532,82.151,107.929,157.472,111.313
23533,82.074,107.890,157.428,111.261
23534,82.020,107.896,157.352,111.222
23535,82.044,107.865,157.395,111.231
23536,82.071,107.976,157.450,111.299
23537,82.074,108.038,157.465,111.319
23538,82.059,108.021,157.420,111.292
23539,81.941,107.877,157.255,111.159
23540,81.878,107.851,157.191,111.112
23541,81.970,107.787,157.071,111.091
23542,82.015,107.778,157.166,111.126
23543,81.871,107.828,156.677,110.958
23544,82.026,107.800,156.804,111.043
23545,81.963,107.735,156.681,110.959
23546,81.959,107.677,156.751,110.955
23547,81.853,107.606,156.532,110.831
23548,81.864,107.541,156.331,110.752
23549,81.773,107.445,156.380,110.700
23550,81.792,107.432,156.227,110.666
23551,81.732,107.391,156.142,110.609
23552,81.859,107.536,156.322,110.750
23553,81.800,107.374,156.292,110.667
23554,81.842,107.344,156.304,110.675
23555,81.721,107.198,155.961,110.477
23556,81.678,107.243,156.083,110.521
23557,81.680,107.267,155.837,110.461
23558,81.650,107.234,155.760,110.418
23559,81.643,107.137,155.842,110.406
23560,81.661,107.100,155.867,110.404
23561,81.716,106.947,155.752,110.346
23562,81.611,106.926,155.631,110.262
23563,81.643,106.967,155.784,110.336
23564,81.571,106.962,155.634,110.266
23565,81.431,106.691,155.424,110.059
23566,81.469,106.699,155.529,110.100
23567,81.429,106.628,155.308,109.999
23568,81.532,106.631,155.475,110.084
23569,81.446,106.549,155.406,110.009
23570,81.409,106.414,155.260,109.905
23571,81.331,106.351,155.106,109.815
23572,81.271,106.298,154.984,109.744
23573,81.232,106.208,154.727,109.620
23574,81.145,106.085,154.749,109.557
23575,81.162,106.140,154.674,109.563
23576,81.232,106.360,154.728,109.686
23577,81.153,106.159,154.961,109.639
23578,81.266,106.342,154.964,109.751
23579,81.125,106.173,154.732,109.576
23580,81.194,106.214,154.860,109.654
23581,81.094,106.120,154.715,109.550
23582,81.199,106.224,154.936,109.686
23583,81.079,106.277,154.787,109.618
23584,81.217,106.360,154.832,109.714
23585,81.156,106.232,154.802,109.639
23586,81.131,106.199,154.667,109.585
23587,81.049,106.081,154.535,109.476
23588,81.022,106.048,154.519,109.452
23589,80.922,105.913,154.270,109.303
23590,80.969,106.017,154.468,109.405
23591,81.030,106.020,154.441,109.422
23592,81.058,106.079,154.447,109.454
23593,80.943,106.002,154.299,109.348
23594,81.006,106.070,154.363,109.412
23595,80.813,106.027,154.230,109.287
23596,80.881,106.063,154.242,109.323
23597,80.891,106.128,154.295,109.369
23598,80.901,106.145,154.104,109.329
23599,80.876,106.107,154.195,109.328
23600,80.879,106.115,154.319,109.367
23601,81.019,106.191,154.357,109.461
23602,80.984,106.168,154.417,109.456
23603,80.870,106.023,154.239,109.317
23604,80.934,106.070,154.489,109.420
23605,80.873,106.019,154.314,109.330
23606,80.925,106.218,154.656,109.520
23607,80.922,106.080,154.581,109.448
23608,81.060,106.128,154.780,109.585
23609,80.989,106.179,154.902,109.601
23610,80.938,106.083,154.691,109.488
23611,80.907,106.097,154.740,109.495
23612,80.896,106.227,154.816,109.556
23613,80.962,106.229,154.833,109.602
23614,81.043,106.291,155.017,109.693
23615,80.964,106.199,154.883,109.597
23616,81.037,106.274,154.767,109.612
23617,81.010,106.407,155.135,109.759
23618,81.094,106.567,155.238,109.874
23619,81.036,106.592,155.312,109.881
23620,81.090,106.653,155.470,109.966
23621,81.144,106.711,155.653,110.058
23622,81.317,106.698,155.753,110.148
23623,81.275,106.777,155.757,110.150
23624,81.370,106.884,155.881,110.262
23625,81.355,106.825,155.838,110.221
23626,81.258,106.804,155.997,110.228
23627,81.297,106.811,156.105,110.272
23628,81.329,106.978,156.228,110.381
23629,81.363,106.872,156.292,110.377
23630,81.419,106.998,156.168,110.407
23631,81.377,106.907,156.277,110.379
23632,81.479,107.216,156.472,110.583
23633,81.488,107.244,156.525,110.607
23634,81.565,107.275,156.873,110.749
23635,81.511,107.269,156.676,110.672
23636,81.716,107.368,156.773,110.807
23637,81.531,107.529,156.809,110.802
23638,81.649,107.532,156.872,110.869
23639,81.738,107.459,156.997,110.910
23640,81.663,107.331,156.825,110.794
23641,81.714,107.409,156.982,110.880
23642,81.846,107.570,157.084,111.013
23643,81.738,107.491,157.068,110.935
23644,81.779,107.573,157.370,111.067
23645,81.748,107.535,157.400,111.051
23646,81.830,107.653,157.547,111.162
23647,81.748,107.636,157.641,111.160
23648,81.865,107.814,157.675,111.269
23649,81.850,107.712,157.808,111.260
23650,81.911,107.876,157.977,111.391
23651,81.972,107.952,158.082,111.467
23652,81.940,107.911,158.031,111.426
23653,82.028,108.037,158.124,111.533
23654,82.036,108.073,158.152,111.547
23655,81.957,107.977,157.984,111.447
23656,82.136,108.199,158.161,111.633
23657,82.093,108.150,158.173,111.611
23658,82.076,108.182,158.344,111.662
23659,82.059,108.070,158.235,111.584
23660,82.146,108.128,158.264,111.642
23661,82.053,108.015,157.837,111.455
23662,82.221,108.115,158.092,111.621
23663,82.257,108.080,158.118,111.625
23664,82.315,108.142,158.180,111.689
23665,82.309,108.173,158.092,111.672
23666,82.257,108.048,158.150,111.618
23667,82.290,108.138,158.152,111.673
23668,82.291,108.131,158.103,111.648
23669,82.302,108.076,158.335,111.693
23670,82.373,108.115,158.291,111.721
23671,82.345,108.089,158.385,111.718
23672,82.401,108.163,158.486,111.799
23673,82.477,108.167,158.551,111.848
23674,82.514,108.396,158.677,111.984
23675,82.416,108.318,158.658,111.908
23676,82.484,108.247,158.821,111.960
23677,82.449,108.339,158.844,111.972
23678,82.496,108.449,158.756,112.005
23679,82.498,108.338,158.881,111.996
23680,82.507,108.252,158.860,111.967
23681,82.580,108.454,158.956,112.091
23682,82.526,108.413,158.797,112.017
23683,82.604,108.469,159.025,112.135
23684,82.557,108.372,158.758,112.003
23685,82.563,108.390,158.650,111.978
23686,82.605,108.405,158.726,112.023
23687,82.703,108.404,158.871,112.089
23688,82.869,108.591,159.158,112.301
23689,82.701,108.468,159.141,112.186
23690,82.744,108.565,159.111,112.240
23691,82.815,108.530,159.046,112.228
23692,82.748,108.572,159.279,112.291
23693,82.817,108.617,159.252,112.320
23694,82.855,108.627,159.335,112.361
23695,82.856,108.753,159.422,112.433
23696,82.971,108.833,159.433,112.498
23697,82.978,108.879,159.540,112.550
23698,82.986,108.870,159.521,112.548
23699,82.916,108.811,159.599,112.515
23700,83.000,108.891,159.513,112.548
23701,82.896,108.921,159.475,112.519
23702,82.973,108.968,159.552,112.586
23703,82.930,108.988,159.427,112.540
23704,82.938,108.889,159.387,112.498
23705,82.915,108.758,159.501,112.471
23706,83.013,108.800,159.408,112.487
23707,82.924,108.839,159.268,112.435
23708,82.911,108.806,159.464,112.475
23709,82.834,108.772,159.325,112.389
23710,82.827,108.728,159.342,112.378
23711,82.793,108.689,159.278,112.330
23712,82.948,108.727,159.337,112.417
23713,82.966,108.748,159.250,112.410
23714,82.912,108.758,159.291,112.405
23715,82.878,108.709,159.140,112.339
23716,82.992,108.704,159.344,112.429
23717,82.906,108.607,159.130,112.299
23718,83.033,108.765,159.238,112.443
23719,83.024,108.706,159.138,112.385
23720,83.080,108.907,159.226,112.499
23721,83.011,108.738,159.131,112.391
23722,83.059,108.856,159.133,112.453
23723,83.117,108.926,159.106,112.485
23724,83.129,108.881,158.941,112.436
23725,83.023,108.806,158.935,112.363
23726,83.009,108.823,158.824,112.334
23727,83.023,108.733,158.710,112.273
23728,83.097,108.662,158.717,112.275
23729,82.999,108.503,158.423,112.102
23730,83.039,108.624,158.617,112.217
23731,82.986,108.555,158.453,112.124
23732,83.048,108.563,158.389,112.144
23733,82.926,108.516,158.472,112.095
23734,82.974,108.620,158.522,112.163
23735,83.032,108.649,158.601,112.216
23736,83.118,108.591,158.505,112.205
23737,83.103,108.602,158.582,112.221
23738,83.090,108.573,158.484,112.172
23739,83.002,108.471,158.412,112.097
23740,82.971,108.480,158.373,112.076
23741,82.909,108.392,158.278,111.987
23742,83.027,108.375,158.413,112.068
23743,82.918,108.311,158.171,111.945
23744,82.994,108.410,158.200,112.009
23745,82.903,108.174,157.982,111.840
23746,82.914,108.222,157.852,111.824
23747,82.795,108.125,157.686,111.698
23748,82.892,108.292,157.827,111.831
23749,82.837,108.090,157.873,111.750
23750,82.816,108.130,157.863,111.757
23751,82.870,108.121,157.815,111.755
23752,82.844,108.105,157.791,111.738
23753,82.872,108.011,157.803,111.721
23754,82.863,107.956,157.683,111.669
23755,82.752,107.871,157.563,111.562
23756,82.841,107.979,157.555,111.631
23757,82.782,107.902,157.477,111.556
23758,82.846,107.951,157.479,111.605
23759,82.755,107.798,157.301,111.466
23760,82.707,107.763,157.312,111.449
23761,82.662,107.890,157.343,111.480
23762,82.686,107.709,157.068,111.352
23763,82.644,107.764,157.183,111.382
23764,82.655,107.745,157.041,111.343
23765,82.588,107.640,157.028,111.277
23766,82.564,107.647,156.962,111.246
23767,82.494,107.565,156.847,111.161
23768,82.475,107.593,156.796,111.150
23769,82.370,107.570,156.650,111.070
23770,82.408,107.560,156.461,111.030
23771,82.417,107.462,156.367,110.969
23772,82.419,107.525,156.562,111.045
23773,82.407,107.416,156.368,110.947
23774,82.382,107.501,156.453,110.998
23775,82.350,107.386,156.275,110.887
23776,82.428,107.414,156.326,110.942
23777,82.416,107.457,156.383,110.975
23778,82.359,107.394,156.297,110.914
23779,82.252,107.198,156.229,110.787
23780,82.192,107.269,156.103,110.751
23781,82.203,107.183,155.962,110.691
23782,82.320,107.405,156.330,110.911
23783,82.213,107.309,156.178,110.799
23784,82.281,107.328,156.245,110.848
23785,82.213,107.311,155.983,110.748
23786,82.214,107.296,156.009,110.752
23787,82.106,107.287,156.016,110.707
23788,82.182,107.258,156.073,110.739
23789,82.051,107.243,156.100,110.707
23790,82.027,107.107,156.037,110.628
23791,81.940,107.085,155.920,110.553
23792,81.999,107.120,155.932,110.593
23793,82.073,107.083,155.938,110.608
23794,82.014,107.166,156.038,110.648
23795,81.975,107.078,155.824,110.545
23796,81.975,107.083,155.817,110.540
23797,82.050,107.052,155.880,110.571
23798,82.033,107.215,155.909,110.640
23799,81.875,107.154,155.514,110.438
23800,81.936,107.145,155.507,110.459
23801,81.949,107.240,155.598,110.540
23802,82.014,107.182,155.731,110.566
23803,81.952,107.143,155.682,110.529
23804,81.960,107.277,155.667,110.571
23805,81.908,107.193,155.783,110.555
23806,81.936,107.140,155.712,110.525
23807,81.936,107.130,155.818,110.559
23808,81.969,107.213,155.792,110.592
23809,81.850,107.098,155.814,110.516
23810,81.874,107.078,155.814,110.518
23811,81.848,107.113,155.732,110.505
23812,81.936,107.169,155.811,110.578
23813,81.906,107.057,155.819,110.524
23814,81.963,107.189,156.032,110.658
23815,81.949,107.209,155.898,110.615
23816,82.030,107.221,155.933,110.664
23817,81.994,107.311,155.995,110.697
23818,82.110,107.286,156.097,110.757
23819,82.066,107.308,156.166,110.769
23820,82.010,107.366,156.183,110.773
23821,82.116,107.502,156.289,110.890
23822,82.206,107.570,156.432,110.984
23823,82.200,107.693,156.538,111.054
23824,82.251,107.701,156.667,111.112
23825,82.206,107.723,156.628,111.094
23826,82.313,107.860,156.792,111.228
23827,82.324,107.824,156.788,111.219
23828,82.368,107.960,156.964,111.336
23829,82.351,107.871,156.914,111.281
23830,82.403,108.041,157.101,111.401
23831,82.414,108.072,157.042,111.412
23832,82.567,108.127,157.316,111.562
23833,82.637,108.338,157.574,111.733
23834,82.574,108.268,157.550,111.680
23835,82.584,108.220,157.485,111.642
23836,82.628,108.520,157.541,111.783
23837,82.624,108.349,157.864,111.811
23838,82.709,108.539,158.008,111.948
23839,82.650,108.605,157.963,111.941
23840,82.763,108.587,157.858,111.944
23841,82.863,108.652,157.872,112.004
23842,82.921,108.711,157.999,112.084
23843,82.928,108.727,158.188,112.149
23844,82.902,108.784,158.388,112.209
23845,82.918,108.806,158.400,112.237
23846,82.980,108.910,158.447,112.299
23847,83.015,109.036,158.527,112.383
23848,83.133,109.086,158.672,112.482
23849,83.008,108.975,158.763,112.421
23850,83.104,109.081,158.595,112.443
23851,83.133,109.167,158.759,112.531
23852,83.258,109.259,158.957,112.659
23853,83.267,109.159,159.077,112.662
23854,83.383,109.342,159.242,112.817
23855,83.330,109.435,159.327,112.856
23856,83.418,109.472,159.343,112.896
23857,83.462,109.569,159.548,112.999
23858,83.490,109.481,159.682,113.012
23859,83.469,109.610,159.675,113.048
23860,83.431,109.510,159.538,112.964
23861,83.591,109.675,159.828,113.160
23862,83.657,109.647,159.733,113.150
23863,83.599,109.725,159.879,113.188
23864,83.613,109.763,159.958,113.235
23865,83.688,109.809,159.927,113.266
23866,83.754,109.868,160.096,113.364
23867,83.769,109.829,159.980,113.319
23868,83.911,109.971,160.058,113.447
23869,83.687,109.839,160.019,113.300
23870,83.774,109.934,160.102,113.394
23871,83.857,109.875,160.236,113.440
23872,83.838,109.972,160.221,113.460
23873,83.939,110.088,160.195,113.537
23874,83.992,110.030,160.217,113.540
23875,83.923,110.030,160.103,113.483
23876,83.963,110.027,160.268,113.547
23877,83.989,110.111,160.203,113.568
23878,84.061,110.092,160.300,113.615
23879,83.967,109.959,160.101,113.478
23880,84.057,110.102,160.194,113.587
23881,84.100,110.053,160.220,113.588
23882,84.085,110.121,160.258,113.621
23883,84.014,110.022,160.025,113.497
23884,83.972,110.126,160.213,113.568
23885,83.959,109.962,160.024,113.450
23886,84.006,110.003,159.922,113.458
23887,84.009,109.939,160.027,113.465
23888,84.082,110.071,159.982,113.519
23889,84.069,110.060,160.093,113.552
23890,84.099,110.026,159.996,113.518
23891,84.015,110.046,159.673,113.406
23892,83.972,110.119,159.861,113.472
23893,84.027,110.123,159.798,113.481
23894,84.075,110.155,159.914,113.536
23895,83.980,110.113,159.818,113.455
23896,84.151,110.186,160.120,113.629
23897,84.094,110.046,160.066,113.544
23898,84.095,109.991,159.993,113.505
23899,83.945,109.990,159.913,113.424
23900,84.013,109.931,159.654,113.361
23901,84.048,109.944,159.704,113.395
23902,84.004,109.968,159.763,113.401
23903,84.002,109.883,159.873,113.407
23904,84.013,110.102,159.817,113.467
23905,84.025,110.047,159.682,113.419
23906,84.084,110.049,159.637,113.423
23907,83.932,110.001,159.384,113.279
23908,83.967,110.078,159.609,113.386
23909,83.867,109.939,159.357,113.234
23910,83.885,109.842,159.531,113.258
23911,83.841,110.013,159.503,113.287
23912,83.940,109.899,159.670,113.328
23913,83.957,109.896,159.592,113.317
23914,83.921,110.012,159.483,113.311
23915,83.887,109.889,159.482,113.252
23916,83.870,109.930,159.415,113.248
23917,83.908,109.926,159.482,113.276
23918,83.870,109.908,159.326,113.206
23919,83.789,109.672,159.218,113.073
23920,83.769,109.697,159.207,113.069
23921,83.773,109.766,159.104,113.061
23922,83.868,109.696,159.283,113.122
23923,83.733,109.617,159.041,112.978
23924,83.763,109.656,158.968,112.982
23925,83.706,109.591,158.955,112.940
23926,83.702,109.635,158.964,112.954
23927,83.637,109.490,158.953,112.884
23928,83.635,109.475,158.962,112.874
23929,83.657,109.415,158.787,112.814
23930,83.510,109.337,158.663,112.697
23931,83.498,109.262,158.559,112.643
23932,83.538,109.151,158.712,112.666
23933,83.552,109.133,158.545,112.622
23934,83.466,109.295,158.642,112.672
23935,83.401,109.027,158.504,112.514
23936,83.459,109.176,158.524,112.589
23937,83.520,109.192,158.571,112.631
23938,83.488,109.201,158.507,112.605
23939,83.468,108.997,158.321,112.474
23940,83.434,108.887,158.233,112.400
23941,83.400,108.884,158.355,112.421
23942,83.410,108.992,158.313,112.454
23943,83.359,109.171,158.530,112.545
23944,83.427,109.052,158.519,112.527
23945,83.480,109.095,158.560,112.570
23946,83.435,108.974,158.308,112.447
23947,83.408,109.042,158.371,112.481
23948,83.416,108.908,158.258,112.409
23949,83.304,108.739,158.048,112.259
23950,83.302,108.775,158.225,112.319
23951,83.268,108.776,158.168,112.282
23952,83.329,108.835,158.200,112.335
23953,83.227,108.776,158.159,112.263
23954,83.269,108.776,158.093,112.272
23955,83.181,108.703,158.058,112.204
23956,83.247,108.642,157.864,112.154
23957,83.271,108.727,157.710,112.144
23958,83.293,108.670,157.454,112.060
23959,83.182,108.710,157.523,112.050
23960,83.131,108.584,157.189,111.898
23961,83.122,108.589,157.341,111.940
23962,83.241,108.789,157.423,112.079
23963,83.122,108.758,157.367,112.010
23964,83.187,108.777,157.357,112.036
23965,83.081,108.631,157.218,111.907
23966,83.123,108.701,157.364,111.996
23967,83.192,108.666,157.282,111.984
23968,83.175,108.751,157.325,112.016
23969,83.121,108.692,157.428,111.996
23970,82.979,108.594,157.058,111.809
23971,83.003,108.740,157.175,111.910
23972,83.080,108.666,157.092,111.884
23973,83.089,108.675,157.206,111.930
23974,83.102,108.660,157.171,111.912
23975,82.961,108.646,157.003,111.816
23976,83.093,108.712,157.051,111.897
23977,83.050,108.641,157.090,111.871
23978,82.943,108.683,157.094,111.849
23979,82.918,108.646,156.761,111.735
23980,82.962,108.565,156.813,111.744
23981,82.962,108.525,156.873,111.742
23982,83.009,108.575,156.844,111.771
23983,82.982,108.640,157.051,111.842
23984,83.000,108.588,156.899,111.795
23985,82.974,108.514,156.802,111.733
23986,82.945,108.600,156.853,111.766
23987,82.968,108.638,156.890,111.797
23988,82.979,108.626,156.899,111.794
23989,82.958,108.613,156.956,111.797
23990,82.781,108.463,156.500,111.563
23991,82.876,108.509,156.534,111.618
23992,82.885,108.509,156.639,111.652
23993,82.839,108.385,156.368,111.518
23994,82.777,108.372,156.453,111.512
23995,82.736,108.205,156.252,111.383
23996,82.762,108.283,156.370,111.445
23997,82.808,108.304,156.427,111.496
23998,82.780,108.276,156.388,111.466
23999,82.790,108.214,156.410,111.440
24000,82.844,108.230,156.459,111.479
24001,82.908,108.192,156.576,111.527
24002,82.883,108.391,156.512,111.573
24003,82.923,108.451,156.596,111.632
24004,82.890,108.414,156.757,111.652
24005,82.753,108.246,156.285,111.411
24006,82.851,108.348,156.597,111.563
24007,82.840,108.308,156.386,111.490
24008,82.852,108.491,156.314,111.543
24009,82.790,108.378,156.408,111.504
24010,82.861,108.390,156.336,111.511
24011,82.881,108.497,156.290,111.547
24012,82.847,108.519,156.409,111.582
24013,82.780,108.524,156.448,111.571
24014,82.740,108.473,156.399,111.513
24015,82.777,108.533,156.444,111.574
24016,82.800,108.529,156.320,111.542
24017,82.835,108.476,156.410,111.558
24018,82.858,108.649,156.425,111.643
24019,82.773,108.505,156.366,111.535
24020,82.900,108.547,156.366,111.592
24021,82.883,108.535,156.259,111.554
24022,82.926,108.617,156.304,111.616
24023,82.956,108.596,156.354,111.635
24024,82.881,108.760,156.529,111.708
24025,82.920,108.586,156.552,111.667
24026,82.834,108.449,156.213,111.495
24027,82.859,108.474,156.456,111.582
24028,82.838,108.501,156.407,111.572
24029,82.754,108.422,156.263,111.475
24030,82.896,108.482,156.318,111.560
24031,82.852,108.456,156.178,111.503
24032,82.991,108.536,156.419,111.644
24033,82.861,108.462,156.252,111.520
24034,82.942,108.466,156.323,111.557
24035,82.794,108.302,156.002,111.364
24036,82.749,108.397,156.057,111.401
