frame,tank1,tank2,tank3,overall
1,0.000,0.000,0.000,0.000
2,0.000,0.000,0.000,0.000
3,0.000,0.000,0.000,0.000
4,0.000,0.000,0.000,0.000
5,0.000,0.000,0.000,0.000
6,0.000,0.000,0.000,0.000
7,0.000,0.000,0.000,0.000
8,0.000,0.000,0.000,0.000
9,0.000,0.000,0.000,0.000
10,0.000,0.000,0.000,0.000
11,0.000,0.000,0.000,0.000
12,0.000,0.000,0.000,0.000
13,0.000,0.000,0.000,0.000
14,0.000,0.000,0.000,0.000
15,0.000,0.000,0.000,0.000
16,0.000,0.000,0.000,0.000
17,0.000,0.000,0.000,0.000
18,0.000,0.000,0.000,0.000
19,0.000,0.000,0.000,0.000
20,0.000,0.000,0.000,0.000
21,0.000,0.000,0.000,0.000
22,0.000,0.000,0.000,0.000
23,0.000,0.000,0.000,0.000
24,0.000,0.000,0.000,0.000
25,0.000,0.000,0.000,0.000
26,0.000,0.000,0.000,0.000
27,0.000,0.000,0.000,0.000
28,0.000,0.000,0.000,0.000
29,0.000,0.000,0.000,0.000
30,0.000,0.000,0.000,0.000
31,0.000,0.000,0.000,0.000
32,0.000,0.000,0.000,0.000
33,0.000,0.000,0.000,0.000
34,0.000,0.000,0.000,0.000
35,0.000,0.000,0.000,0.000
36,0.000,0.000,0.000,0.000
37,0.000,0.000,0.000,0.000
38,0.000,0.000,0.000,0.000
39,0.000,0.000,0.000,0.000
40,0.000,0.000,0.000,0.000
41,0.000,0.000,0.000,0.000
42,0.000,0.000,0.000,0.000
43,0.000,0.000,0.000,0.000
44,0.000,0.000,0.000,0.000
45,0.000,0.000,0.000,0.000
46,0.000,0.000,0.000,0.000
47,0.000,0.000,0.000,0.000
48,0.000,0.000,0.000,0.000
49,0.000,0.000,0.000,0.000
50,0.000,0.000,0.000,0.000
51,0.000,0.000,0.000,0.000
52,0.000,0.000,0.000,0.000
53,0.000,0.000,0.000,0.000
54,0.000,0.000,0.000,0.000
55,0.000,0.000,0.000,0.000
56,0.000,0.000,0.000,0.000
57,0.000,0.000,0.000,0.000
58,0.000,0.000,0.000,0.000
59,0.000,0.000,0.000,0.000
60,0.000,0.000,0.000,0.000
61,0.000,0.000,0.000,0.000
62,0.000,0.000,0.000,0.000
63,0.000,0.000,0.000,0.000
64,0.000,0.000,0.000,0.000
65,0.000,0.000,0.000,0.000
66,0.000,0.000,0.000,0.000
67,0.000,0.000,0.000,0.000
68,0.000,0.000,0.000,0.000
69,0.000,0.000,0.000,0.000
70,0.000,0.000,0.000,0.000
71,0.000,0.000,0.000,0.000
72,0.000,0.000,0.000,0.000
73,0.000,0.000,0.000,0.000
74,0.000,0.000,0.000,0.000
75,0.000,0.000,0.000,0.000
76,0.000,0.000,0.000,0.000
77,0.000,0.000,0.000,0.000
78,0.000,0.000,0.000,0.000
79,0.000,0.000,0.000,0.000
80,0.000,0.000,0.000,0.000
81,0.000,0.000,0.000,0.000
82,0.000,0.000,0.000,0.000
83,0.000,0.000,0.000,0.000
84,0.000,0.000,0.000,0.000
85,0.000,0.000,0.000,0.000
86,0.000,0.000,0.000,0.000
87,0.000,0.000,0.000,0.000
88,0.000,0.000,0.000,0.000
89,0.000,0.000,0.000,0.000
90,0.000,0.000,0.000,0.000
91,0.000,0.000,0.000,0.000
92,0.000,0.000,0.000,0.000
93,0.000,0.000,0.000,0.000
94,0.000,0.000,0.000,0.000
95,0.000,0.000,0.000,0.000
96,0.000,0.000,0.000,0.000
97,0.000,0.000,0.000,0.000
98,0.000,0.000,0.000,0.000
99,0.000,0.000,0.000,0.000
100,0.000,0.000,0.000,0.000
101,0.000,0.000,0.000,0.000
102,0.000,0.000,0.000,0.000
103,0.000,0.000,0.000,0.000
104,0.000,0.000,0.000,0.000
105,0.000,0.000,0.000,0.000
106,0.000,0.000,0.000,0.000
107,0.000,0.000,0.000,0.000
108,0.000,0.000,0.000,0.000
109,0.000,0.000,0.000,0.000
110,0.000,0.000,0.000,0.000
111,0.000,0.000,0.000,0.000
112,0.000,0.000,0.000,0.000
113,0.000,0.000,0.000,0.000
114,0.000,0.000,0.000,0.000
115,0.000,0.000,0.000,0.000
116,0.000,0.000,0.000,0.000
117,0.000,0.000,0.000,0.000
118,0.000,0.000,0.000,0.000
119,0.000,0.000,0.000,0.000
120,0.000,0.000,0.000,0.000
121,0.000,0.000,0.000,0.000
122,0.000,0.000,0.000,0.000
123,0.000,0.000,0.000,0.000
124,0.000,0.000,0.000,0.000
125,0.000,0.000,0.000,0.000
126,0.000,0.000,0.000,0.000
127,0.000,0.000,0.000,0.000
128,0.000,0.000,0.000,0.000
129,0.000,0.000,0.000,0.000
130,0.000,0.000,0.000,0.000
131,0.000,0.000,0.000,0.000
132,0.000,0.000,0.000,0.000
133,0.000,0.000,0.000,0.000
134,0.000,0.000,0.000,0.000
135,0.000,0.000,0.000,0.000
136,0.000,0.000,0.000,0.000
137,0.000,0.000,0.000,0.000
138,0.000,0.000,0.000,0.000
139,0.000,0.000,0.000,0.000
140,0.000,0.000,0.000,0.000
141,0.000,0.000,0.000,0.000
142,0.000,0.000,0.000,0.000
143,0.000,0.000,0.000,0.000
144,0.000,0.000,0.000,0.000
145,0.000,0.000,0.000,0.000
146,0.000,0.000,0.000,0.000
147,0.000,0.000,0.000,0.000
148,0.000,0.000,0.000,0.000
149,0.000,0.000,0.000,0.000
150,0.000,0.000,0.000,0.000
151,0.000,0.000,0.000,0.000
152,0.000,0.000,0.000,0.000
153,0.000,0.000,0.000,0.000
154,0.000,0.000,0.000,0.000
155,0.000,0.000,0.000,0.000
156,0.000,0.000,0.000,0.000
157,0.000,0.000,0.000,0.000
158,0.000,0.000,0.000,0.000
159,0.000,0.000,0.000,0.000
160,0.000,0.000,0.000,0.000
161,0.000,0.000,0.000,0.000
162,0.000,0.000,0.000,0.000
163,0.000,0.000,0.000,0.000
164,0.000,0.000,0.000,0.000
165,0.000,0.000,0.000,0.000
166,0.000,0.000,0.000,0.000
167,0.000,0.000,0.000,0.000
168,0.000,0.000,0.000,0.000
169,0.000,0.000,0.000,0.000
170,0.000,0.000,0.000,0.000
171,0.000,0.000,0.000,0.000
172,0.000,0.000,0.000,0.000
173,0.000,0.000,0.000,0.000
174,0.000,0.000,0.000,0.000
175,0.000,0.000,0.000,0.000
176,0.000,0.000,0.000,0.000
177,0.000,0.000,0.000,0.000
178,0.000,0.000,0.000,0.000
179,0.000,0.000,0.000,0.000
180,0.000,0.000,0.000,0.000
181,0.000,0.000,0.000,0.000
182,0.000,0.000,0.000,0.000
183,0.000,0.000,0.000,0.000
184,0.000,0.000,0.000,0.000
185,0.000,0.000,0.000,0.000
186,0.000,0.000,0.000,0.000
187,0.000,0.000,0.000,0.000
188,0.000,0.000,0.000,0.000
189,0.000,0.000,0.000,0.000
190,0.000,0.000,0.000,0.000
191,0.000,0.000,0.000,0.000
192,0.000,0.000,0.000,0.000
193,0.000,0.000,0.000,0.000
194,0.000,0.000,0.000,0.000
195,0.000,0.000,0.000,0.000
196,0.000,0.000,0.000,0.000
197,0.000,0.000,0.000,0.000
198,0.000,0.000,0.000,0.000
199,0.000,0.000,0.000,0.000
200,0.000,0.000,0.000,0.000
201,0.000,0.000,0.000,0.000
202,0.000,0.000,0.000,0.000
203,0.000,0.000,0.000,0.000
204,0.000,0.000,0.000,0.000
205,0.000,0.000,0.000,0.000
206,0.000,0.000,0.000,0.000
207,0.000,0.000,0.000,0.000
208,0.000,0.000,0.000,0.000
209,0.000,0.000,0.000,0.000
210,0.000,0.000,0.000,0.000
211,0.000,0.000,0.000,0.000
212,0.000,0.000,0.000,0.000
213,0.000,0.000,0.000,0.000
214,0.000,0.000,0.000,0.000
215,0.000,0.000,0.000,0.000
216,0.000,0.000,0.000,0.000
217,0.000,0.000,0.000,0.000
218,0.000,0.000,0.000,0.000
219,0.000,0.000,0.000,0.000
220,0.000,0.000,0.000,0.000
221,0.000,0.000,0.000,0.000
222,0.000,0.000,0.000,0.000
223,0.000,0.000,0.000,0.000
224,0.000,0.000,0.000,0.000
225,0.000,0.000,0.000,0.000
226,0.000,0.000,0.000,0.000
227,0.000,0.000,0.000,0.000
228,0.000,0.000,0.000,0.000
229,0.000,0.000,0.000,0.000
230,0.000,0.000,0.000,0.000
231,0.000,0.000,0.000,0.000
232,0.000,0.000,0.000,0.000
233,0.000,0.000,0.000,0.000
234,0.000,0.000,0.000,0.000
235,0.000,0.000,0.000,0.000
236,0.000,0.000,0.000,0.000
237,0.000,0.000,0.000,0.000
238,0.000,0.000,0.000,0.000
239,0.000,0.000,0.000,0.000
240,0.000,0.000,0.000,0.000
241,0.000,0.000,0.000,0.000
242,0.000,0.000,0.000,0.000
243,0.000,0.000,0.000,0.000
244,0.000,0.000,0.000,0.000
245,0.000,0.000,0.000,0.000
246,0.000,0.000,0.000,0.000
247,0.000,0.000,0.000,0.000
248,0.000,0.000,0.000,0.000
249,0.000,0.000,0.000,0.000
250,0.000,0.000,0.000,0.000
251,0.000,0.000,0.000,0.000
252,0.000,0.000,0.000,0.000
253,0.000,0.000,0.000,0.000
254,0.000,0.000,0.000,0.000
255,0.000,0.000,0.000,0.000
256,0.000,0.000,0.000,0.000
257,0.000,0.000,0.000,0.000
258,0.000,0.000,0.000,0.000
259,0.000,0.000,0.000,0.000
260,0.000,0.000,0.000,0.000
261,0.000,0.000,0.000,0.000
262,0.000,0.000,0.000,0.000
263,0.000,0.000,0.000,0.000
264,0.000,0.000,0.000,0.000
265,0.000,0.000,0.000,0.000
266,0.000,0.000,0.000,0.000
267,0.000,0.000,0.000,0.000
268,0.000,0.000,0.000,0.000
269,0.000,0.000,0.000,0.000
270,0.000,0.000,0.000,0.000
271,0.000,0.000,0.000,0.000
272,0.000,0.000,0.000,0.000
273,0.000,0.000,0.000,0.000
274,0.000,0.000,0.000,0.000
275,0.000,0.000,0.000,0.000
276,0.000,0.000,0.000,0.000
277,0.000,0.000,0.000,0.000
278,0.000,0.000,0.000,0.000
279,0.000,0.000,0.000,0.000
280,0.000,0.000,0.000,0.000
281,0.000,0.000,0.000,0.000
282,0.000,0.000,0.000,0.000
283,0.000,0.000,0.000,0.000
284,0.000,0.000,0.000,0.000
285,0.000,0.000,0.000,0.000
286,0.000,0.000,0.000,0.000
287,0.000,0.000,0.000,0.000
288,0.000,0.000,0.000,0.000
289,0.000,0.000,0.000,0.000
290,0.000,0.000,0.000,0.000
291,0.000,0.000,0.000,0.000
292,0.000,0.000,0.000,0.000
293,0.000,0.000,0.000,0.000
294,0.000,0.000,0.000,0.000
295,0.000,0.000,0.000,0.000
296,0.000,0.000,0.000,0.000
297,0.000,0.000,0.000,0.000
298,0.000,0.000,0.000,0.000
299,0.000,0.000,0.000,0.000
300,0.000,0.000,0.000,0.000
301,0.000,0.000,0.000,0.000
302,0.000,0.000,0.000,0.000
303,0.000,0.000,0.000,0.000
304,0.000,0.000,0.000,0.000
305,0.000,0.000,0.000,0.000
306,0.000,0.000,0.000,0.000
307,0.000,0.000,0.000,0.000
308,0.000,0.000,0.000,0.000
309,0.000,0.000,0.000,0.000
310,0.000,0.000,0.000,0.000
311,0.000,0.000,0.000,0.000
312,0.000,0.000,0.000,0.000
313,0.000,0.000,0.000,0.000
314,0.000,0.000,0.000,0.000
315,0.000,0.000,0.000,0.000
316,0.000,0.000,0.000,0.000
317,0.000,0.000,0.000,0.000
318,0.000,0.000,0.000,0.000
319,0.000,0.000,0.000,0.000
320,0.000,0.000,0.000,0.000
321,0.000,0.000,0.000,0.000
322,0.000,0.000,0.000,0.000
323,0.000,0.000,0.000,0.000
324,0.000,0.000,0.000,0.000
325,0.000,0.000,0.000,0.000
326,0.000,0.000,0.000,0.000
327,0.000,0.000,0.000,0.000
328,0.000,0.000,0.000,0.000
329,0.000,0.000,0.000,0.000
330,0.000,0.000,0.000,0.000
331,0.000,0.000,0.000,0.000
332,0.000,0.000,0.000,0.000
333,0.000,0.000,0.000,0.000
334,0.000,0.000,0.000,0.000
335,0.000,0.000,0.000,0.000
336,0.000,0.000,0.000,0.000
337,0.000,0.000,0.000,0.000
338,0.000,0.000,0.000,0.000
339,0.000,0.000,0.000,0.000
340,0.000,0.000,0.000,0.000
341,0.000,0.000,0.000,0.000
342,0.000,0.000,0.000,0.000
343,0.000,0.000,0.000,0.000
344,0.000,0.000,0.000,0.000
345,0.000,0.000,0.000,0.000
346,0.000,0.000,0.000,0.000
347,0.000,0.000,0.000,0.000
348,0.000,0.000,0.000,0.000
349,0.000,0.000,0.000,0.000
350,0.000,0.000,0.000,0.000
351,0.000,0.000,0.000,0.000
352,0.000,0.000,0.000,0.000
353,0.000,0.000,0.000,0.000
354,0.000,0.000,0.000,0.000
355,0.000,0.000,0.000,0.000
356,0.000,0.000,0.000,0.000
357,0.000,0.000,0.000,0.000
358,0.000,0.000,0.000,0.000
359,0.000,0.000,0.000,0.000
360,0.000,0.000,0.000,0.000
361,0.000,0.000,0.000,0.000
362,0.000,0.000,0.000,0.000
363,0.000,0.000,0.000,0.000
364,0.000,0.000,0.000,0.000
365,0.000,0.000,0.000,0.000
366,0.000,0.000,0.000,0.000
367,0.000,0.000,0.000,0.000
368,0.000,0.000,0.000,0.000
369,0.000,0.000,0.000,0.000
370,0.000,0.000,0.000,0.000
371,0.000,0.000,0.000,0.000
372,0.000,0.000,0.000,0.000
373,0.000,0.000,0.000,0.000
374,0.000,0.000,0.000,0.000
375,0.000,0.000,0.000,0.000
376,0.000,0.000,0.000,0.000
377,0.000,0.000,0.000,0.000
378,0.000,0.000,0.000,0.000
379,0.000,0.000,0.000,0.000
380,0.000,0.000,0.000,0.000
381,0.000,0.000,0.000,0.000
382,0.000,0.000,0.000,0.000
383,0.000,0.000,0.000,0.000
384,0.000,0.000,0.000,0.000
385,0.000,0.000,0.000,0.000
386,0.000,0.000,0.000,0.000
387,0.000,0.000,0.000,0.000
388,0.000,0.000,0.000,0.000
389,0.000,0.000,0.000,0.000
390,0.000,0.000,0.000,0.000
391,0.000,0.000,0.000,0.000
392,0.000,0.000,0.000,0.000
393,0.000,0.000,0.000,0.000
394,0.000,0.000,0.000,0.000
395,0.000,0.000,0.000,0.000
396,0.000,0.000,0.000,0.000
397,0.000,0.000,0.000,0.000
398,0.000,0.000,0.000,0.000
399,0.000,0.000,0.000,0.000
400,0.000,0.000,0.000,0.000
401,0.000,0.000,0.000,0.000
402,0.000,0.000,0.000,0.000
403,0.000,0.000,0.000,0.000
404,0.000,0.000,0.000,0.000
405,0.000,0.000,0.000,0.000
406,0.000,0.000,0.000,0.000
407,0.000,0.000,0.000,0.000
408,0.000,0.000,0.000,0.000
409,0.000,0.000,0.000,0.000
410,0.000,0.000,0.000,0.000
411,0.000,0.000,0.000,0.000
412,0.000,0.000,0.000,0.000
413,0.000,0.000,0.000,0.000
414,0.000,0.000,0.000,0.000
415,0.000,0.000,0.000,0.000
416,0.000,0.000,0.000,0.000
417,0.000,0.000,0.000,0.000
418,0.000,0.000,0.000,0.000
419,0.000,0.000,0.000,0.000
420,0.000,0.000,0.000,0.000
421,0.000,0.000,0.000,0.000
422,0.000,0.000,0.000,0.000
423,0.000,0.000,0.000,0.000
424,0.000,0.000,0.000,0.000
425,0.000,0.000,0.000,0.000
426,0.000,0.000,0.000,0.000
427,0.000,0.000,0.000,0.000
428,0.000,0.000,0.000,0.000
429,0.000,0.000,0.000,0.000
430,0.000,0.000,0.000,0.000
431,0.000,0.000,0.000,0.000
432,0.000,0.000,0.000,0.000
433,0.000,0.000,0.000,0.000
434,0.000,0.000,0.000,0.000
435,0.000,0.000,0.000,0.000
436,0.000,0.000,0.000,0.000
437,0.000,0.000,0.000,0.000
438,0.000,0.000,0.000,0.000
439,0.000,0.000,0.000,0.000
440,0.000,0.000,0.000,0.000
441,0.000,0.000,0.000,0.000
442,0.000,0.000,0.000,0.000
443,0.000,0.000,0.000,0.000
444,0.000,0.000,0.000,0.000
445,0.000,0.000,0.000,0.000
446,0.000,0.000,0.000,0.000
447,0.000,0.000,0.000,0.000
448,0.000,0.000,0.000,0.000
449,0.000,0.000,0.000,0.000
450,0.000,0.000,0.000,0.000
451,0.000,0.000,0.000,0.000
452,0.000,0.000,0.000,0.000
453,0.000,0.000,0.000,0.000
454,0.000,0.000,0.000,0.000
455,0.000,0.000,0.000,0.000
456,0.000,0.000,0.000,0.000
457,0.000,0.000,0.000,0.000
458,0.000,0.000,0.000,0.000
459,0.000,0.000,0.000,0.000
460,0.000,0.000,0.000,0.000
461,0.000,0.000,0.000,0.000
462,0.000,0.000,0.000,0.000
463,0.000,0.000,0.000,0.000
464,0.000,0.000,0.000,0.000
465,0.000,0.000,0.000,0.000
466,0.000,0.000,0.000,0.000
467,0.000,0.000,0.000,0.000
468,0.000,0.000,0.000,0.000
469,0.000,0.000,0.000,0.000
470,0.000,0.000,0.000,0.000
471,0.000,0.000,0.000,0.000
472,0.000,0.000,0.000,0.000
473,0.000,0.000,0.000,0.000
474,0.000,0.000,0.000,0.000
475,0.000,0.000,0.000,0.000
476,0.000,0.000,0.000,0.000
477,0.000,0.000,0.000,0.000
478,0.000,0.000,0.000,0.000
479,0.000,0.000,0.000,0.000
480,0.000,0.000,0.000,0.000
481,0.000,0.000,0.000,0.000
482,0.000,0.000,0.000,0.000
483,0.000,0.000,0.000,0.000
484,0.000,0.000,0.000,0.000
485,0.000,0.000,0.000,0.000
486,0.000,0.000,0.000,0.000
487,0.000,0.000,0.000,0.000
488,0.000,0.000,0.000,0.000
489,0.000,0.000,0.000,0.000
490,0.000,0.000,0.000,0.000
491,0.000,0.000,0.000,0.000
492,0.000,0.000,0.000,0.000
493,0.000,0.000,0.000,0.000
494,0.000,0.000,0.000,0.000
495,0.000,0.000,0.000,0.000
496,0.000,0.000,0.000,0.000
497,0.000,0.000,0.000,0.000
498,0.000,0.000,0.000,0.000
499,0.000,0.000,0.000,0.000
500,0.000,0.000,0.000,0.000
501,0.000,0.000,0.000,0.000
502,0.000,0.000,0.000,0.000
503,0.000,0.000,0.000,0.000
504,0.000,0.000,0.000,0.000
505,0.000,0.000,0.000,0.000
506,0.000,0.000,0.000,0.000
507,0.000,0.000,0.000,0.000
508,0.000,0.000,0.000,0.000
509,0.000,0.000,0.000,0.000
510,0.000,0.000,0.000,0.000
511,0.000,0.000,0.000,0.000
512,0.000,0.000,0.000,0.000
513,0.000,0.000,0.000,0.000
514,0.000,0.000,0.000,0.000
515,0.000,0.000,0.000,0.000
516,0.000,0.000,0.000,0.000
517,0.000,0.000,0.000,0.000
518,0.000,0.000,0.000,0.000
519,0.000,0.000,0.000,0.000
520,0.000,0.000,0.000,0.000
521,0.000,0.000,0.000,0.000
522,0.000,0.000,0.000,0.000
523,0.000,0.000,0.000,0.000
524,0.000,0.000,0.000,0.000
525,0.000,0.000,0.000,0.000
526,0.000,0.000,0.000,0.000
527,0.000,0.000,0.000,0.000
528,0.000,0.000,0.000,0.000
529,0.000,0.000,0.000,0.000
530,0.000,0.000,0.000,0.000
531,0.000,0.000,0.000,0.000
532,0.000,0.000,0.000,0.000
533,0.000,0.000,0.000,0.000
534,0.000,0.000,0.000,0.000
535,0.000,0.000,0.000,0.000
536,0.000,0.000,0.000,0.000
537,0.000,0.000,0.000,0.000
538,0.000,0.000,0.000,0.000
539,0.000,0.000,0.000,0.000
540,0.000,0.000,0.000,0.000
541,0.000,0.000,0.000,0.000
542,0.000,0.000,0.000,0.000
543,0.000,0.000,0.000,0.000
544,0.000,0.000,0.000,0.000
545,0.000,0.000,0.000,0.000
546,0.000,0.000,0.000,0.000
547,0.000,0.000,0.000,0.000
548,0.000,0.000,0.000,0.000
549,0.000,0.000,0.000,0.000
550,0.000,0.000,0.000,0.000
551,0.000,0.000,0.000,0.000
552,0.000,0.000,0.000,0.000
553,0.000,0.000,0.000,0.000
554,0.000,0.000,0.000,0.000
555,0.000,0.000,0.000,0.000
556,0.000,0.000,0.000,0.000
557,0.000,0.000,0.000,0.000
558,0.000,0.000,0.000,0.000
559,0.000,0.000,0.000,0.000
560,0.000,0.000,0.000,0.000
561,0.000,0.000,0.000,0.000
562,0.000,0.000,0.000,0.000
563,0.000,0.000,0.000,0.000
564,0.000,0.000,0.000,0.000
565,0.000,0.000,0.000,0.000
566,0.000,0.000,0.000,0.000
567,0.000,0.000,0.000,0.000
568,0.000,0.000,0.000,0.000
569,0.000,0.000,0.000,0.000
570,0.000,0.000,0.000,0.000
571,0.000,0.000,0.000,0.000
572,0.000,0.000,0.000,0.000
573,0.000,0.000,0.000,0.000
574,0.000,0.000,0.000,0.000
575,0.000,0.000,0.000,0.000
576,0.000,0.000,0.000,0.000
577,0.000,0.000,0.000,0.000
578,0.000,0.000,0.000,0.000
579,0.000,0.000,0.000,0.000
580,0.000,0.000,0.000,0.000
581,0.000,0.000,0.000,0.000
582,0.000,0.000,0.000,0.000
583,0.000,0.000,0.000,0.000
584,0.000,0.000,0.000,0.000
585,0.000,0.000,0.000,0.000
586,0.000,0.000,0.000,0.000
587,0.000,0.000,0.000,0.000
588,0.000,0.000,0.000,0.000
589,0.000,0.000,0.000,0.000
590,0.000,0.000,0.000,0.000
591,0.000,0.000,0.000,0.000
592,0.000,0.000,0.000,0.000
593,0.000,0.000,0.000,0.000
594,0.000,0.000,0.000,0.000
595,0.000,0.000,0.000,0.000
596,0.000,0.000,0.000,0.000
597,0.000,0.000,0.000,0.000
598,0.000,0.000,0.000,0.000
599,0.000,0.000,0.000,0.000
600,0.000,0.000,0.000,0.000
601,0.000,0.000,0.000,0.000
602,0.000,0.000,0.000,0.000
603,0.000,0.000,0.000,0.000
604,0.000,0.000,0.000,0.000
605,0.000,0.000,0.000,0.000
606,0.000,0.000,0.000,0.000
607,0.000,0.000,0.000,0.000
608,0.000,0.000,0.000,0.000
609,0.000,0.000,0.000,0.000
610,0.000,0.000,0.000,0.000
611,0.000,0.000,0.000,0.000
612,0.000,0.000,0.000,0.000
613,0.000,0.000,0.000,0.000
614,0.000,0.000,0.000,0.000
615,0.000,0.000,0.000,0.000
616,0.000,0.000,0.000,0.000
617,0.000,0.000,0.000,0.000
618,0.000,0.000,0.000,0.000
619,0.000,0.000,0.000,0.000
620,0.000,0.000,0.000,0.000
621,0.000,0.000,0.000,0.000
622,0.000,0.000,0.000,0.000
623,0.000,0.000,0.000,0.000
624,0.000,0.000,0.000,0.000
625,0.000,0.000,0.000,0.000
626,0.000,0.000,0.000,0.000
627,0.000,0.000,0.000,0.000
628,0.000,0.000,0.000,0.000
629,0.000,0.000,0.000,0.000
630,0.000,0.000,0.000,0.000
631,0.000,0.000,0.000,0.000
632,0.000,0.000,0.000,0.000
633,0.000,0.000,0.000,0.000
634,0.000,0.000,0.000,0.000
635,0.000,0.000,0.000,0.000
636,0.000,0.000,0.000,0.000
637,0.000,0.000,0.000,0.000
638,0.000,0.000,0.000,0.000
639,0.000,0.000,0.000,0.000
640,0.000,0.000,0.000,0.000
641,0.000,0.000,0.000,0.000
642,0.000,0.000,0.000,0.000
643,0.000,0.000,0.000,0.000
644,0.000,0.000,0.000,0.000
645,0.000,0.000,0.000,0.000
646,0.000,0.000,0.000,0.000
647,0.000,0.000,0.000,0.000
648,0.000,0.000,0.000,0.000
649,0.000,0.000,0.000,0.000
650,0.000,0.000,0.000,0.000
651,0.000,0.000,0.000,0.000
652,0.000,0.000,0.000,0.000
653,0.000,0.000,0.000,0.000
654,0.000,0.000,0.000,0.000
655,0.000,0.000,0.000,0.000
656,0.000,0.000,0.000,0.000
657,0.000,0.000,0.000,0.000
658,0.000,0.000,0.000,0.000
659,0.000,0.000,0.000,0.000
660,0.000,0.000,0.000,0.000
661,0.000,0.000,0.000,0.000
662,0.000,0.000,0.000,0.000
663,0.000,0.000,0.000,0.000
664,0.000,0.000,0.000,0.000
665,0.000,0.000,0.000,0.000
666,0.000,0.000,0.000,0.000
667,0.000,0.000,0.000,0.000
668,0.000,0.000,0.000,0.000
669,0.000,0.000,0.000,0.000
670,0.000,0.000,0.000,0.000
671,0.000,0.000,0.000,0.000
672,0.000,0.000,0.000,0.000
673,0.000,0.000,0.000,0.000
674,0.000,0.000,0.000,0.000
675,0.000,0.000,0.000,0.000
676,0.000,0.000,0.000,0.000
677,0.000,0.000,0.000,0.000
678,0.000,0.000,0.000,0.000
679,0.000,0.000,0.000,0.000
680,0.000,0.000,0.000,0.000
681,0.000,0.000,0.000,0.000
682,0.000,0.000,0.000,0.000
683,0.000,0.000,0.000,0.000
684,0.000,0.000,0.000,0.000
685,0.000,0.000,0.000,0.000
686,0.000,0.000,0.000,0.000
687,0.000,0.000,0.000,0.000
688,0.000,0.000,0.000,0.000
689,0.000,0.000,0.000,0.000
690,0.000,0.000,0.000,0.000
691,0.000,0.000,0.000,0.000
692,0.000,0.000,0.000,0.000
693,0.000,0.000,0.000,0.000
694,0.000,0.000,0.000,0.000
695,0.000,0.000,0.000,0.000
696,0.000,0.000,0.000,0.000
697,0.000,0.000,0.000,0.000
698,0.000,0.000,0.000,0.000
699,0.000,0.000,0.000,0.000
700,0.000,0.000,0.000,0.000
701,0.000,0.000,0.000,0.000
702,0.000,0.000,0.000,0.000
703,0.000,0.000,0.000,0.000
704,0.000,0.000,0.000,0.000
705,0.000,0.000,0.000,0.000
706,0.000,0.000,0.000,0.000
707,0.000,0.000,0.000,0.000
708,0.000,0.000,0.000,0.000
709,0.000,0.000,0.000,0.000
710,0.000,0.000,0.000,0.000
711,0.000,0.000,0.000,0.000
712,0.000,0.000,0.000,0.000
713,0.000,0.000,0.000,0.000
714,0.000,0.000,0.000,0.000
715,0.000,0.000,0.000,0.000
716,0.000,0.000,0.000,0.000
717,0.000,0.000,0.000,0.000
718,0.000,0.000,0.000,0.000
719,0.000,0.000,0.000,0.000
720,0.000,0.000,0.000,0.000
721,0.000,0.000,0.000,0.000
722,0.000,0.000,0.000,0.000
723,0.000,0.000,0.000,0.000
724,0.000,0.000,0.000,0.000
725,0.000,0.000,0.000,0.000
726,0.000,0.000,0.000,0.000
727,0.000,0.000,0.000,0.000
728,0.000,0.000,0.000,0.000
729,0.000,0.000,0.000,0.000
730,0.000,0.000,0.000,0.000
731,0.000,0.000,0.000,0.000
732,0.000,0.000,0.000,0.000
733,0.000,0.000,0.000,0.000
734,0.000,0.000,0.000,0.000
735,0.000,0.000,0.000,0.000
736,0.000,0.000,0.000,0.000
737,0.000,0.000,0.000,0.000
738,0.000,0.000,0.000,0.000
739,0.000,0.000,0.000,0.000
740,0.000,0.000,0.000,0.000
741,0.000,0.000,0.000,0.000
742,0.000,0.000,0.000,0.000
743,0.000,0.000,0.000,0.000
744,0.000,0.000,0.000,0.000
745,0.000,0.000,0.000,0.000
746,0.000,0.000,0.000,0.000
747,0.000,0.000,0.000,0.000
748,0.000,0.000,0.000,0.000
749,0.000,0.000,0.000,0.000
750,0.000,0.000,0.000,0.000
751,0.000,0.000,0.000,0.000
752,0.000,0.000,0.000,0.000
753,0.000,0.000,0.000,0.000
754,0.000,0.000,0.000,0.000
755,0.000,0.000,0.000,0.000
756,0.000,0.000,0.000,0.000
757,0.000,0.000,0.000,0.000
758,0.000,0.000,0.000,0.000
759,0.000,0.000,0.000,0.000
760,0.000,0.000,0.000,0.000
761,0.000,0.000,0.000,0.000
762,0.000,0.000,0.000,0.000
763,0.000,0.000,0.000,0.000
764,0.000,0.000,0.000,0.000
765,0.000,0.000,0.000,0.000
766,0.000,0.000,0.000,0.000
767,0.000,0.000,0.000,0.000
768,0.000,0.000,0.000,0.000
769,0.000,0.000,0.000,0.000
770,0.000,0.000,0.000,0.000
771,0.000,0.000,0.000,0.000
772,0.000,0.000,0.000,0.000
773,0.000,0.000,0.000,0.000
774,0.000,0.000,0.000,0.000
775,0.000,0.000,0.000,0.000
776,0.000,0.000,0.000,0.000
777,0.000,0.000,0.000,0.000
778,0.000,0.000,0.000,0.000
779,0.000,0.000,0.000,0.000
780,0.000,0.000,0.000,0.000
781,0.000,0.000,0.000,0.000
782,0.000,0.000,0.000,0.000
783,0.000,0.000,0.000,0.000
784,0.000,0.000,0.000,0.000
785,0.000,0.000,0.000,0.000
786,0.000,0.000,0.000,0.000
787,0.000,0.000,0.000,0.000
788,0.000,0.000,0.000,0.000
789,0.000,0.000,0.000,0.000
790,0.000,0.000,0.000,0.000
791,0.000,0.000,0.000,0.000
792,0.000,0.000,0.000,0.000
793,0.000,0.000,0.000,0.000
794,0.000,0.000,0.000,0.000
795,0.000,0.000,0.000,0.000
796,0.000,0.000,0.000,0.000
797,0.000,0.000,0.000,0.000
798,0.000,0.000,0.000,0.000
799,0.000,0.000,0.000,0.000
800,0.000,0.000,0.000,0.000
801,0.000,0.000,0.000,0.000
802,0.000,0.000,0.000,0.000
803,0.000,0.000,0.000,0.000
804,0.000,0.000,0.000,0.000
805,0.000,0.000,0.000,0.000
806,0.000,0.000,0.000,0.000
807,0.000,0.000,0.000,0.000
808,0.000,0.000,0.000,0.000
809,0.000,0.000,0.000,0.000
810,0.000,0.000,0.000,0.000
811,0.000,0.000,0.000,0.000
812,0.000,0.000,0.000,0.000
813,0.000,0.000,0.000,0.000
814,0.000,0.000,0.000,0.000
815,0.000,0.000,0.000,0.000
816,0.000,0.000,0.000,0.000
817,0.000,0.000,0.000,0.000
818,0.000,0.000,0.000,0.000
819,0.000,0.000,0.000,0.000
820,0.000,0.000,0.000,0.000
821,0.000,0.000,0.000,0.000
822,0.000,0.000,0.000,0.000
823,0.000,0.000,0.000,0.000
824,0.000,0.000,0.000,0.000
825,0.000,0.000,0.000,0.000
826,0.000,0.000,0.000,0.000
827,0.000,0.000,0.000,0.000
828,0.000,0.000,0.000,0.000
829,0.000,0.000,0.000,0.000
830,0.000,0.000,0.000,0.000
831,0.000,0.000,0.000,0.000
832,0.000,0.000,0.000,0.000
833,0.000,0.000,0.000,0.000
834,0.000,0.000,0.000,0.000
835,0.000,0.000,0.000,0.000
836,0.000,0.000,0.000,0.000
837,0.000,0.000,0.000,0.000
838,0.000,0.000,0.000,0.000
839,0.000,0.000,0.000,0.000
840,0.000,0.000,0.000,0.000
841,0.000,0.000,0.000,0.000
842,0.000,0.000,0.000,0.000
843,0.000,0.000,0.000,0.000
844,0.000,0.000,0.000,0.000
845,0.000,0.000,0.000,0.000
846,0.000,0.000,0.000,0.000
847,0.000,0.000,0.000,0.000
848,0.000,0.000,0.000,0.000
849,0.000,0.000,0.000,0.000
850,0.000,0.000,0.000,0.000
851,0.000,0.000,0.000,0.000
852,0.000,0.000,0.000,0.000
853,0.000,0.000,0.000,0.000
854,0.000,0.000,0.000,0.000
855,0.000,0.000,0.000,0.000
856,0.000,0.000,0.000,0.000
857,0.000,0.000,0.000,0.000
858,0.000,0.000,0.000,0.000
859,0.000,0.000,0.000,0.000
860,0.000,0.000,0.000,0.000
861,0.000,0.000,0.000,0.000
862,0.000,0.000,0.000,0.000
863,0.000,0.000,0.000,0.000
864,0.000,0.000,0.000,0.000
865,0.000,0.000,0.000,0.000
866,0.000,0.000,0.000,0.000
867,0.000,0.000,0.000,0.000
868,0.000,0.000,0.000,0.000
869,0.000,0.000,0.000,0.000
870,0.000,0.000,0.000,0.000
871,0.000,0.000,0.000,0.000
872,0.000,0.000,0.000,0.000
873,0.000,0.000,0.000,0.000
874,0.000,0.000,0.000,0.000
875,0.000,0.000,0.000,0.000
876,0.000,0.000,0.000,0.000
877,0.000,0.000,0.000,0.000
878,0.000,0.000,0.000,0.000
879,0.000,0.000,0.000,0.000
880,0.000,0.000,0.000,0.000
881,0.000,0.000,0.000,0.000
882,0.000,0.000,0.000,0.000
883,0.000,0.000,0.000,0.000
884,0.000,0.000,0.000,0.000
885,0.000,0.000,0.000,0.000
886,0.000,0.000,0.000,0.000
887,0.000,0.000,0.000,0.000
888,0.000,0.000,0.000,0.000
889,0.000,0.000,0.000,0.000
890,0.000,0.000,0.000,0.000
891,0.000,0.000,0.000,0.000
892,0.000,0.000,0.000,0.000
893,0.000,0.000,0.000,0.000
894,0.000,0.000,0.000,0.000
895,0.000,0.000,0.000,0.000
896,0.000,0.000,0.000,0.000
897,0.000,0.000,0.000,0.000
898,0.000,0.000,0.000,0.000
899,0.000,0.000,0.000,0.000
900,0.000,0.000,0.000,0.000
901,0.000,0.000,0.000,0.000
902,0.000,0.000,0.000,0.000
903,0.000,0.000,0.000,0.000
904,0.000,0.000,0.000,0.000
905,0.000,0.000,0.000,0.000
906,0.000,0.000,0.000,0.000
907,0.000,0.000,0.000,0.000
908,0.000,0.000,0.000,0.000
909,0.000,0.000,0.000,0.000
910,0.000,0.000,0.000,0.000
911,0.000,0.000,0.000,0.000
912,0.000,0.000,0.000,0.000
913,0.000,0.000,0.000,0.000
914,0.000,0.000,0.000,0.000
915,0.000,0.000,0.000,0.000
916,0.000,0.000,0.000,0.000
917,0.000,0.000,0.000,0.000
918,0.000,0.000,0.000,0.000
919,0.000,0.000,0.000,0.000
920,0.000,0.000,0.000,0.000
921,0.000,0.000,0.000,0.000
922,0.000,0.000,0.000,0.000
923,0.000,0.000,0.000,0.000
924,0.000,0.000,0.000,0.000
925,0.000,0.000,0.000,0.000
926,0.000,0.000,0.000,0.000
927,0.000,0.000,0.000,0.000
928,0.000,0.000,0.000,0.000
929,0.000,0.000,0.000,0.000
930,0.000,0.000,0.000,0.000
931,0.000,0.000,0.000,0.000
932,0.000,0.000,0.000,0.000
933,0.000,0.000,0.000,0.000
934,0.000,0.000,0.000,0.000
935,0.000,0.000,0.000,0.000
936,0.000,0.000,0.000,0.000
937,0.000,0.000,0.000,0.000
938,0.000,0.000,0.000,0.000
939,0.000,0.000,0.000,0.000
940,0.000,0.000,0.000,0.000
941,0.000,0.000,0.000,0.000
942,0.000,0.000,0.000,0.000
943,0.000,0.000,0.000,0.000
944,0.000,0.000,0.000,0.000
945,0.000,0.000,0.000,0.000
946,0.000,0.000,0.000,0.000
947,0.000,0.000,0.000,0.000
948,0.000,0.000,0.000,0.000
949,0.000,0.000,0.000,0.000
950,0.000,0.000,0.000,0.000
951,0.000,0.000,0.000,0.000
952,0.000,0.000,0.000,0.000
953,0.000,0.000,0.000,0.000
954,0.000,0.000,0.000,0.000
955,0.000,0.000,0.000,0.000
956,0.000,0.000,0.000,0.000
957,0.000,0.000,0.000,0.000
958,0.000,0.000,0.000,0.000
959,0.000,0.000,0.000,0.000
960,0.000,0.000,0.000,0.000
961,0.000,0.000,0.000,0.000
962,0.000,0.000,0.000,0.000
963,0.000,0.000,0.000,0.000
964,0.000,0.000,0.000,0.000
965,0.000,0.000,0.000,0.000
966,0.000,0.000,0.000,0.000
967,0.000,0.000,0.000,0.000
968,0.000,0.000,0.000,0.000
969,0.000,0.000,0.000,0.000
970,0.000,0.000,0.000,0.000
971,0.000,0.000,0.000,0.000
972,0.000,0.000,0.000,0.000
973,0.000,0.000,0.000,0.000
974,0.000,0.000,0.000,0.000
975,0.000,0.000,0.000,0.000
976,0.000,0.000,0.000,0.000
977,0.000,0.000,0.000,0.000
978,0.000,0.000,0.000,0.000
979,0.000,0.000,0.000,0.000
980,0.000,0.000,0.000,0.000
981,0.000,0.000,0.000,0.000
982,0.000,0.000,0.000,0.000
983,0.000,0.000,0.000,0.000
984,0.000,0.000,0.000,0.000
985,0.000,0.000,0.000,0.000
986,0.000,0.000,0.000,0.000
987,0.000,0.000,0.000,0.000
988,0.000,0.000,0.000,0.000
989,0.000,0.000,0.000,0.000
990,0.000,0.000,0.000,0.000
991,0.000,0.000,0.000,0.000
992,0.000,0.000,0.000,0.000
993,0.000,0.000,0.000,0.000
994,0.000,0.000,0.000,0.000
995,0.000,0.000,0.000,0.000
996,0.000,0.000,0.000,0.000
997,0.000,0.000,0.000,0.000
998,0.000,0.000,0.000,0.000
999,0.000,0.000,0.000,0.000
1000,0.000,0.000,0.000,0.000
1001,0.000,0.000,0.000,0.000
1002,0.000,0.000,0.000,0.000
1003,0.000,0.000,0.000,0.000
1004,0.000,0.000,0.000,0.000
1005,0.000,0.000,0.000,0.000
1006,0.000,0.000,0.000,0.000
1007,0.000,0.000,0.000,0.000
1008,0.000,0.000,0.000,0.000
1009,0.000,0.000,0.000,0.000
1010,0.000,0.000,0.000,0.000
1011,0.000,0.000,0.000,0.000
1012,0.000,0.000,0.000,0.000
1013,0.000,0.000,0.000,0.000
1014,0.000,0.000,0.000,0.000
1015,0.000,0.000,0.000,0.000
1016,0.000,0.000,0.000,0.000
1017,0.000,0.000,0.000,0.000
1018,0.000,0.000,0.000,0.000
1019,0.000,0.000,0.000,0.000
1020,0.000,0.000,0.000,0.000
1021,0.000,0.000,0.000,0.000
1022,0.000,0.000,0.000,0.000
1023,0.000,0.000,0.000,0.000
1024,0.000,0.000,0.000,0.000
1025,0.000,0.000,0.000,0.000
1026,0.000,0.000,0.000,0.000
1027,0.000,0.000,0.000,0.000
1028,0.000,0.000,0.000,0.000
1029,0.000,0.000,0.000,0.000
1030,0.000,0.000,0.000,0.000
1031,0.000,0.000,0.000,0.000
1032,0.000,0.000,0.000,0.000
1033,0.000,0.000,0.000,0.000
1034,0.000,0.000,0.000,0.000
1035,0.000,0.000,0.000,0.000
1036,0.000,0.000,0.000,0.000
1037,0.000,0.000,0.000,0.000
1038,0.000,0.000,0.000,0.000
1039,0.000,0.000,0.000,0.000
1040,0.000,0.000,0.000,0.000
1041,0.000,0.000,0.000,0.000
1042,0.000,0.000,0.000,0.000
1043,0.000,0.000,0.000,0.000
1044,0.000,0.000,0.000,0.000
1045,0.000,0.000,0.000,0.000
1046,0.000,0.000,0.000,0.000
1047,0.000,0.000,0.000,0.000
1048,0.000,0.000,0.000,0.000
1049,0.000,0.000,0.000,0.000
1050,0.000,0.000,0.000,0.000
1051,0.000,0.000,0.000,0.000
1052,0.000,0.000,0.000,0.000
1053,0.000,0.000,0.000,0.000
1054,0.000,0.000,0.000,0.000
1055,0.000,0.000,0.000,0.000
1056,0.000,0.000,0.000,0.000
1057,0.000,0.000,0.000,0.000
1058,0.000,0.000,0.000,0.000
1059,0.000,0.000,0.000,0.000
1060,0.000,0.000,0.000,0.000
1061,0.000,0.000,0.000,0.000
1062,0.000,0.000,0.000,0.000
1063,0.000,0.000,0.000,0.000
1064,0.000,0.000,0.000,0.000
1065,0.000,0.000,0.000,0.000
1066,0.000,0.000,0.000,0.000
1067,0.000,0.000,0.000,0.000
1068,0.000,0.000,0.000,0.000
1069,0.000,0.000,0.000,0.000
1070,0.000,0.000,0.000,0.000
1071,0.000,0.000,0.000,0.000
1072,0.000,0.000,0.000,0.000
1073,0.000,0.000,0.000,0.000
1074,0.000,0.000,0.000,0.000
1075,0.000,0.000,0.000,0.000
1076,0.000,0.000,0.000,0.000
1077,0.000,0.000,0.000,0.000
1078,0.000,0.000,0.000,0.000
1079,0.000,0.000,0.000,0.000
1080,0.000,0.000,0.000,0.000
1081,0.000,0.000,0.000,0.000
1082,0.000,0.000,0.000,0.000
1083,0.000,0.000,0.000,0.000
1084,0.000,0.000,0.000,0.000
1085,0.000,0.000,0.000,0.000
1086,0.000,0.000,0.000,0.000
1087,0.000,0.000,0.000,0.000
1088,0.000,0.000,0.000,0.000
1089,0.000,0.000,0.000,0.000
1090,0.000,0.000,0.000,0.000
1091,0.000,0.000,0.000,0.000
1092,0.000,0.000,0.000,0.000
1093,0.000,0.000,0.000,0.000
1094,0.000,0.000,0.000,0.000
1095,0.000,0.000,0.000,0.000
1096,0.000,0.000,0.000,0.000
1097,0.000,0.000,0.000,0.000
1098,0.000,0.000,0.000,0.000
1099,0.000,0.000,0.000,0.000
1100,0.000,0.000,0.000,0.000
1101,0.000,0.000,0.000,0.000
1102,0.000,0.000,0.000,0.000
1103,0.000,0.000,0.000,0.000
1104,0.000,0.000,0.000,0.000
1105,0.000,0.000,0.000,0.000
1106,0.000,0.000,0.000,0.000
1107,0.000,0.000,0.000,0.000
1108,0.000,0.000,0.000,0.000
1109,0.000,0.000,0.000,0.000
1110,0.000,0.000,0.000,0.000
1111,0.000,0.000,0.000,0.000
1112,0.000,0.000,0.000,0.000
1113,0.000,0.000,0.000,0.000
1114,0.000,0.000,0.000,0.000
1115,0.000,0.000,0.000,0.000
1116,0.000,0.000,0.000,0.000
1117,0.000,0.000,0.000,0.000
1118,0.000,0.000,0.000,0.000
1119,0.000,0.000,0.000,0.000
1120,0.000,0.000,0.000,0.000
1121,0.000,0.000,0.000,0.000
1122,0.000,0.000,0.000,0.000
1123,0.000,0.000,0.000,0.000
1124,0.000,0.000,0.000,0.000
1125,0.000,0.000,0.000,0.000
1126,0.000,0.000,0.000,0.000
1127,0.000,0.000,0.000,0.000
1128,0.000,0.000,0.000,0.000
1129,0.000,0.000,0.000,0.000
1130,0.000,0.000,0.000,0.000
1131,0.000,0.000,0.000,0.000
1132,0.000,0.000,0.000,0.000
1133,0.000,0.000,0.000,0.000
1134,0.000,0.000,0.000,0.000
1135,0.000,0.000,0.000,0.000
1136,0.000,0.000,0.000,0.000
1137,0.000,0.000,0.000,0.000
1138,0.000,0.000,0.000,0.000
1139,0.000,0.000,0.000,0.000
1140,0.000,0.000,0.000,0.000
1141,0.000,0.000,0.000,0.000
1142,0.000,0.000,0.000,0.000
1143,0.000,0.000,0.000,0.000
1144,0.000,0.000,0.000,0.000
1145,0.000,0.000,0.000,0.000
1146,0.000,0.000,0.000,0.000
1147,0.000,0.000,0.000,0.000
1148,0.000,0.000,0.000,0.000
1149,0.000,0.000,0.000,0.000
1150,0.000,0.000,0.000,0.000
1151,0.000,0.000,0.000,0.000
1152,0.000,0.000,0.000,0.000
1153,0.000,0.000,0.000,0.000
1154,0.000,0.000,0.000,0.000
1155,0.000,0.000,0.000,0.000
1156,0.000,0.000,0.000,0.000
1157,0.000,0.000,0.000,0.000
1158,0.000,0.000,0.000,0.000
1159,0.000,0.000,0.000,0.000
1160,0.000,0.000,0.000,0.000
1161,0.000,0.000,0.000,0.000
1162,0.000,0.000,0.000,0.000
1163,0.000,0.000,0.000,0.000
1164,0.000,0.000,0.000,0.000
1165,0.000,0.000,0.000,0.000
1166,0.000,0.000,0.000,0.000
1167,0.000,0.000,0.000,0.000
1168,0.000,0.000,0.000,0.000
1169,0.000,0.000,0.000,0.000
1170,0.000,0.000,0.000,0.000
1171,0.000,0.000,0.000,0.000
1172,0.000,0.000,0.000,0.000
1173,0.000,0.000,0.000,0.000
1174,0.000,0.000,0.000,0.000
1175,0.000,0.000,0.000,0.000
1176,0.000,0.000,0.000,0.000
1177,0.000,0.000,0.000,0.000
1178,0.000,0.000,0.000,0.000
1179,0.000,0.000,0.000,0.000
1180,0.000,0.000,0.000,0.000
1181,0.000,0.000,0.000,0.000
1182,0.000,0.000,0.000,0.000
1183,0.000,0.000,0.000,0.000
1184,0.000,0.000,0.000,0.000
1185,0.000,0.000,0.000,0.000
1186,0.000,0.000,0.000,0.000
1187,0.000,0.000,0.000,0.000
1188,0.000,0.000,0.000,0.000
1189,0.000,0.000,0.000,0.000
1190,0.000,0.000,0.000,0.000
1191,0.000,0.000,0.000,0.000
1192,0.000,0.000,0.000,0.000
1193,0.000,0.000,0.000,0.000
1194,0.000,0.000,0.000,0.000
1195,0.000,0.000,0.000,0.000
1196,0.000,0.000,0.000,0.000
1197,0.000,0.000,0.000,0.000
1198,0.000,0.000,0.000,0.000
1199,0.000,0.000,0.000,0.000
1200,0.000,0.000,0.000,0.000
1201,0.000,0.000,0.000,0.000
1202,0.000,0.000,0.000,0.000
1203,0.000,0.000,0.000,0.000
1204,0.000,0.000,0.000,0.000
1205,0.000,0.000,0.000,0.000
1206,0.000,0.000,0.000,0.000
1207,0.000,0.000,0.000,0.000
1208,0.000,0.000,0.000,0.000
1209,0.000,0.000,0.000,0.000
1210,0.000,0.000,0.000,0.000
1211,0.000,0.000,0.000,0.000
1212,0.000,0.000,0.000,0.000
1213,0.000,0.000,0.000,0.000
1214,0.000,0.000,0.000,0.000
1215,0.000,0.000,0.000,0.000
1216,0.000,0.000,0.000,0.000
1217,0.000,0.000,0.000,0.000
1218,0.000,0.000,0.000,0.000
1219,0.000,0.000,0.000,0.000
1220,0.000,0.000,0.000,0.000
1221,0.000,0.000,0.000,0.000
1222,0.000,0.000,0.000,0.000
1223,0.000,0.000,0.000,0.000
1224,0.000,0.000,0.000,0.000
1225,0.000,0.000,0.000,0.000
1226,0.000,0.000,0.000,0.000
1227,0.000,0.000,0.000,0.000
1228,0.000,0.000,0.000,0.000
1229,0.000,0.000,0.000,0.000
1230,0.000,0.000,0.000,0.000
1231,0.000,0.000,0.000,0.000
1232,0.000,0.000,0.000,0.000
1233,0.000,0.000,0.000,0.000
1234,0.000,0.000,0.000,0.000
1235,0.000,0.000,0.000,0.000
1236,0.000,0.000,0.000,0.000
1237,0.000,0.000,0.000,0.000
1238,0.000,0.000,0.000,0.000
1239,0.000,0.000,0.000,0.000
1240,0.000,0.000,0.000,0.000
1241,0.000,0.000,0.000,0.000
1242,0.000,0.000,0.000,0.000
1243,0.000,0.000,0.000,0.000
1244,0.000,0.000,0.000,0.000
1245,0.000,0.000,0.000,0.000
1246,0.000,0.000,0.000,0.000
1247,0.000,0.000,0.000,0.000
1248,0.000,0.000,0.000,0.000
1249,0.000,0.000,0.000,0.000
1250,0.000,0.000,0.000,0.000
1251,0.000,0.000,0.000,0.000
1252,0.000,0.000,0.000,0.000
1253,0.000,0.000,0.000,0.000
1254,0.000,0.000,0.000,0.000
1255,0.000,0.000,0.000,0.000
1256,0.000,0.000,0.000,0.000
1257,0.000,0.000,0.000,0.000
1258,0.000,0.000,0.000,0.000
1259,0.000,0.000,0.000,0.000
1260,0.000,0.000,0.000,0.000
1261,0.000,0.000,0.000,0.000
1262,0.000,0.000,0.000,0.000
1263,0.000,0.000,0.000,0.000
1264,0.000,0.000,0.000,0.000
1265,0.000,0.000,0.000,0.000
1266,0.000,0.000,0.000,0.000
1267,0.000,0.000,0.000,0.000
1268,0.000,0.000,0.000,0.000
1269,0.000,0.000,0.000,0.000
1270,0.000,0.000,0.000,0.000
1271,0.000,0.000,0.000,0.000
1272,0.000,0.000,0.000,0.000
1273,0.000,0.000,0.000,0.000
1274,0.000,0.000,0.000,0.000
1275,0.000,0.000,0.000,0.000
1276,0.000,0.000,0.000,0.000
1277,0.000,0.000,0.000,0.000
1278,0.000,0.000,0.000,0.000
1279,0.000,0.000,0.000,0.000
1280,0.000,0.000,0.000,0.000
1281,0.000,0.000,0.000,0.000
1282,0.000,0.000,0.000,0.000
1283,0.000,0.000,0.000,0.000
1284,0.000,0.000,0.000,0.000
1285,0.000,0.000,0.000,0.000
1286,0.000,0.000,0.000,0.000
1287,0.000,0.000,0.000,0.000
1288,0.000,0.000,0.000,0.000
1289,0.000,0.000,0.000,0.000
1290,0.000,0.000,0.000,0.000
1291,0.000,0.000,0.000,0.000
1292,0.000,0.000,0.000,0.000
1293,0.000,0.000,0.000,0.000
1294,0.000,0.000,0.000,0.000
1295,0.000,0.000,0.000,0.000
1296,0.000,0.000,0.000,0.000
1297,0.000,0.000,0.000,0.000
1298,0.000,0.000,0.000,0.000
1299,0.000,0.000,0.000,0.000
1300,0.000,0.000,0.000,0.000
1301,0.000,0.000,0.000,0.000
1302,0.000,0.000,0.000,0.000
1303,0.000,0.000,0.000,0.000
1304,0.000,0.000,0.000,0.000
1305,0.000,0.000,0.000,0.000
1306,0.000,0.000,0.000,0.000
1307,0.000,0.000,0.000,0.000
1308,0.000,0.000,0.000,0.000
1309,0.000,0.000,0.000,0.000
1310,0.000,0.000,0.000,0.000
1311,0.000,0.000,0.000,0.000
1312,0.000,0.000,0.000,0.000
1313,0.000,0.000,0.000,0.000
1314,0.000,0.000,0.000,0.000
1315,0.000,0.000,0.000,0.000
1316,0.000,0.000,0.000,0.000
1317,0.000,0.000,0.000,0.000
1318,0.000,0.000,0.000,0.000
1319,0.000,0.000,0.000,0.000
1320,0.000,0.000,0.000,0.000
1321,0.000,0.000,0.000,0.000
1322,0.000,0.000,0.000,0.000
1323,0.000,0.000,0.000,0.000
1324,0.000,0.000,0.000,0.000
1325,0.000,0.000,0.000,0.000
1326,0.000,0.000,0.000,0.000
1327,0.000,0.000,0.000,0.000
1328,0.000,0.000,0.000,0.000
1329,0.000,0.000,0.000,0.000
1330,0.000,0.000,0.000,0.000
1331,0.000,0.000,0.000,0.000
1332,0.000,0.000,0.000,0.000
1333,0.000,0.000,0.000,0.000
1334,0.000,0.000,0.000,0.000
1335,0.000,0.000,0.000,0.000
1336,0.000,0.000,0.000,0.000
1337,0.000,0.000,0.000,0.000
1338,0.000,0.000,0.000,0.000
1339,0.000,0.000,0.000,0.000
1340,0.000,0.000,0.000,0.000
1341,0.000,0.000,0.000,0.000
1342,0.000,0.000,0.000,0.000
1343,0.000,0.000,0.000,0.000
1344,0.000,0.000,0.000,0.000
1345,0.000,0.000,0.000,0.000
1346,0.000,0.000,0.000,0.000
1347,0.000,0.000,0.000,0.000
1348,0.000,0.000,0.000,0.000
1349,0.000,0.000,0.000,0.000
1350,0.000,0.000,0.000,0.000
1351,0.000,0.000,0.000,0.000
1352,0.000,0.000,0.000,0.000
1353,0.000,0.000,0.000,0.000
1354,0.000,0.000,0.000,0.000
1355,0.000,0.000,0.000,0.000
1356,0.000,0.000,0.000,0.000
1357,0.000,0.000,0.000,0.000
1358,0.000,0.000,0.000,0.000
1359,0.000,0.000,0.000,0.000
1360,0.000,0.000,0.000,0.000
1361,0.000,0.000,0.000,0.000
1362,0.000,0.000,0.000,0.000
1363,0.000,0.000,0.000,0.000
1364,0.000,0.000,0.000,0.000
1365,0.000,0.000,0.000,0.000
1366,0.000,0.000,0.000,0.000
1367,0.000,0.000,0.000,0.000
1368,0.000,0.000,0.000,0.000
1369,0.000,0.000,0.000,0.000
1370,0.000,0.000,0.000,0.000
1371,0.000,0.000,0.000,0.000
1372,0.000,0.000,0.000,0.000
1373,0.000,0.000,0.000,0.000
1374,0.000,0.000,0.000,0.000
1375,0.000,0.000,0.000,0.000
1376,0.000,0.000,0.000,0.000
1377,0.000,0.000,0.000,0.000
1378,0.000,0.000,0.000,0.000
1379,0.000,0.000,0.000,0.000
1380,0.000,0.000,0.000,0.000
1381,0.000,0.000,0.000,0.000
1382,0.000,0.000,0.000,0.000
1383,0.000,0.000,0.000,0.000
1384,0.000,0.000,0.000,0.000
1385,0.000,0.000,0.000,0.000
1386,0.000,0.000,0.000,0.000
1387,0.000,0.000,0.000,0.000
1388,0.000,0.000,0.000,0.000
1389,0.000,0.000,0.000,0.000
1390,0.000,0.000,0.000,0.000
1391,0.000,0.000,0.000,0.000
1392,0.000,0.000,0.000,0.000
1393,0.000,0.000,0.000,0.000
1394,0.000,0.000,0.000,0.000
1395,0.000,0.000,0.000,0.000
1396,0.000,0.000,0.000,0.000
1397,0.000,0.000,0.000,0.000
1398,0.000,0.000,0.000,0.000
1399,0.000,0.000,0.000,0.000
1400,0.000,0.000,0.000,0.000
1401,0.000,0.000,0.000,0.000
1402,0.000,0.000,0.000,0.000
1403,0.000,0.000,0.000,0.000
1404,0.000,0.000,0.000,0.000
1405,0.000,0.000,0.000,0.000
1406,0.000,0.000,0.000,0.000
1407,0.000,0.000,0.000,0.000
1408,0.000,0.000,0.000,0.000
1409,0.000,0.000,0.000,0.000
1410,0.000,0.000,0.000,0.000
1411,0.000,0.000,0.000,0.000
1412,0.000,0.000,0.000,0.000
1413,0.000,0.000,0.000,0.000
1414,0.000,0.000,0.000,0.000
1415,0.000,0.000,0.000,0.000
1416,0.000,0.000,0.000,0.000
1417,0.000,0.000,0.000,0.000
1418,0.000,0.000,0.000,0.000
1419,0.000,0.000,0.000,0.000
1420,0.000,0.000,0.000,0.000
1421,0.000,0.000,0.000,0.000
1422,0.000,0.000,0.000,0.000
1423,0.000,0.000,0.000,0.000
1424,0.000,0.000,0.000,0.000
1425,0.000,0.000,0.000,0.000
1426,0.000,0.000,0.000,0.000
1427,0.000,0.000,0.000,0.000
1428,0.000,0.000,0.000,0.000
1429,0.000,0.000,0.000,0.000
1430,0.000,0.000,0.000,0.000
1431,0.000,0.000,0.000,0.000
1432,0.000,0.000,0.000,0.000
1433,0.000,0.000,0.000,0.000
1434,0.000,0.000,0.000,0.000
1435,0.000,0.000,0.000,0.000
1436,0.000,0.000,0.000,0.000
1437,0.000,0.000,0.000,0.000
1438,0.000,0.000,0.000,0.000
1439,0.000,0.000,0.000,0.000
1440,0.000,0.000,0.000,0.000
1441,0.000,0.000,0.000,0.000
1442,0.000,0.000,0.000,0.000
1443,0.000,0.000,0.000,0.000
1444,0.000,0.000,0.000,0.000
1445,0.000,0.000,0.000,0.000
1446,0.000,0.000,0.000,0.000
1447,0.000,0.000,0.000,0.000
1448,0.000,0.000,0.000,0.000
1449,0.000,0.000,0.000,0.000
1450,0.000,0.000,0.000,0.000
1451,0.000,0.000,0.000,0.000
1452,0.000,0.000,0.000,0.000
1453,0.000,0.000,0.000,0.000
1454,0.000,0.000,0.000,0.000
1455,0.000,0.000,0.000,0.000
1456,0.000,0.000,0.000,0.000
1457,0.000,0.000,0.000,0.000
1458,0.000,0.000,0.000,0.000
1459,0.000,0.000,0.000,0.000
1460,0.000,0.000,0.000,0.000
1461,0.000,0.000,0.000,0.000
1462,0.000,0.000,0.000,0.000
1463,0.000,0.000,0.000,0.000
1464,0.000,0.000,0.000,0.000
1465,0.000,0.000,0.000,0.000
1466,0.000,0.000,0.000,0.000
1467,0.000,0.000,0.000,0.000
1468,0.000,0.000,0.000,0.000
1469,0.000,0.000,0.000,0.000
1470,0.000,0.000,0.000,0.000
1471,0.000,0.000,0.000,0.000
1472,0.000,0.000,0.000,0.000
1473,0.000,0.000,0.000,0.000
1474,0.000,0.000,0.000,0.000
1475,0.000,0.000,0.000,0.000
1476,0.000,0.000,0.000,0.000
1477,0.000,0.000,0.000,0.000
1478,0.000,0.000,0.000,0.000
1479,0.000,0.000,0.000,0.000
1480,0.000,0.000,0.000,0.000
1481,0.000,0.000,0.000,0.000
1482,0.000,0.000,0.000,0.000
1483,0.000,0.000,0.000,0.000
1484,0.000,0.000,0.000,0.000
1485,0.000,0.000,0.000,0.000
1486,0.000,0.000,0.000,0.000
1487,0.000,0.000,0.000,0.000
1488,0.000,0.000,0.000,0.000
1489,0.000,0.000,0.000,0.000
1490,0.000,0.000,0.000,0.000
1491,0.000,0.000,0.000,0.000
1492,0.000,0.000,0.000,0.000
1493,0.000,0.000,0.000,0.000
1494,0.000,0.000,0.000,0.000
1495,0.000,0.000,0.000,0.000
1496,0.000,0.000,0.000,0.000
1497,0.000,0.000,0.000,0.000
1498,0.000,0.000,0.000,0.000
1499,0.000,0.000,0.000,0.000
1500,0.000,0.000,0.000,0.000
1501,0.000,0.000,0.000,0.000
1502,0.000,0.000,0.000,0.000
1503,0.000,0.000,0.000,0.000
1504,0.000,0.000,0.000,0.000
1505,0.000,0.000,0.000,0.000
1506,0.000,0.000,0.000,0.000
1507,0.000,0.000,0.000,0.000
1508,0.000,0.000,0.000,0.000
1509,0.000,0.000,0.000,0.000
1510,0.000,0.000,0.000,0.000
1511,0.000,0.000,0.000,0.000
1512,0.000,0.000,0.000,0.000
1513,0.000,0.000,0.000,0.000
1514,0.000,0.000,0.000,0.000
1515,0.000,0.000,0.000,0.000
1516,0.000,0.000,0.000,0.000
1517,0.000,0.000,0.000,0.000
1518,0.000,0.000,0.000,0.000
1519,0.000,0.000,0.000,0.000
1520,0.000,0.000,0.000,0.000
1521,0.000,0.000,0.000,0.000
1522,0.000,0.000,0.000,0.000
1523,0.000,0.000,0.000,0.000
1524,0.000,0.000,0.000,0.000
1525,0.000,0.000,0.000,0.000
1526,0.000,0.000,0.000,0.000
1527,0.000,0.000,0.000,0.000
1528,0.000,0.000,0.000,0.000
1529,0.000,0.000,0.000,0.000
1530,0.000,0.000,0.000,0.000
1531,0.000,0.000,0.000,0.000
1532,0.000,0.000,0.000,0.000
1533,0.000,0.000,0.000,0.000
1534,0.000,0.000,0.000,0.000
1535,0.000,0.000,0.000,0.000
1536,0.000,0.000,0.000,0.000
1537,0.000,0.000,0.000,0.000
1538,0.000,0.000,0.000,0.000
1539,0.000,0.000,0.000,0.000
1540,0.000,0.000,0.000,0.000
1541,0.000,0.000,0.000,0.000
1542,0.000,0.000,0.000,0.000
1543,0.000,0.000,0.000,0.000
1544,0.000,0.000,0.000,0.000
1545,0.000,0.000,0.000,0.000
1546,0.000,0.000,0.000,0.000
1547,0.000,0.000,0.000,0.000
1548,0.000,0.000,0.000,0.000
1549,0.000,0.000,0.000,0.000
1550,0.000,0.000,0.000,0.000
1551,0.000,0.000,0.000,0.000
1552,0.000,0.000,0.000,0.000
1553,0.000,0.000,0.000,0.000
1554,0.000,0.000,0.000,0.000
1555,0.000,0.000,0.000,0.000
1556,0.000,0.000,0.000,0.000
1557,0.000,0.000,0.000,0.000
1558,0.000,0.000,0.000,0.000
1559,0.000,0.000,0.000,0.000
1560,0.000,0.000,0.000,0.000
1561,0.000,0.000,0.000,0.000
1562,0.000,0.000,0.000,0.000
1563,0.000,0.000,0.000,0.000
1564,0.000,0.000,0.000,0.000
1565,0.000,0.000,0.000,0.000
1566,0.000,0.000,0.000,0.000
1567,0.000,0.000,0.000,0.000
1568,0.000,0.000,0.000,0.000
1569,0.000,0.000,0.000,0.000
1570,0.000,0.000,0.000,0.000
1571,0.000,0.000,0.000,0.000
1572,0.000,0.000,0.000,0.000
1573,0.000,0.000,0.000,0.000
1574,0.000,0.000,0.000,0.000
1575,0.000,0.000,0.000,0.000
1576,0.000,0.000,0.000,0.000
1577,0.000,0.000,0.000,0.000
1578,0.000,0.000,0.000,0.000
1579,0.000,0.000,0.000,0.000
1580,0.000,0.000,0.000,0.000
1581,0.000,0.000,0.000,0.000
1582,0.000,0.000,0.000,0.000
1583,0.000,0.000,0.000,0.000
1584,0.000,0.000,0.000,0.000
1585,0.000,0.000,0.000,0.000
1586,0.000,0.000,0.000,0.000
1587,0.000,0.000,0.000,0.000
1588,0.000,0.000,0.000,0.000
1589,0.000,0.000,0.000,0.000
1590,0.000,0.000,0.000,0.000
1591,0.000,0.000,0.000,0.000
1592,0.000,0.000,0.000,0.000
1593,0.000,0.000,0.000,0.000
1594,0.000,0.000,0.000,0.000
1595,0.000,0.000,0.000,0.000
1596,0.000,0.000,0.000,0.000
1597,0.000,0.000,0.000,0.000
1598,0.000,0.000,0.000,0.000
1599,0.000,0.000,0.000,0.000
1600,0.000,0.000,0.000,0.000
1601,0.000,0.000,0.000,0.000
1602,0.000,0.000,0.000,0.000
1603,0.000,0.000,0.000,0.000
1604,0.000,0.000,0.000,0.000
1605,0.000,0.000,0.000,0.000
1606,0.000,0.000,0.000,0.000
1607,0.000,0.000,0.000,0.000
1608,0.000,0.000,0.000,0.000
1609,0.000,0.000,0.000,0.000
1610,0.000,0.000,0.000,0.000
1611,0.000,0.000,0.000,0.000
1612,0.000,0.000,0.000,0.000
1613,0.000,0.000,0.000,0.000
1614,0.000,0.000,0.000,0.000
1615,0.000,0.000,0.000,0.000
1616,0.000,0.000,0.000,0.000
1617,0.000,0.000,0.000,0.000
1618,0.000,0.000,0.000,0.000
1619,0.000,0.000,0.000,0.000
1620,0.000,0.000,0.000,0.000
1621,0.000,0.000,0.000,0.000
1622,0.000,0.000,0.000,0.000
1623,0.000,0.000,0.000,0.000
1624,0.000,0.000,0.000,0.000
1625,0.000,0.000,0.000,0.000
1626,0.000,0.000,0.000,0.000
1627,0.000,0.000,0.000,0.000
1628,0.000,0.000,0.000,0.000
1629,0.000,0.000,0.000,0.000
1630,0.000,0.000,0.000,0.000
1631,0.000,0.000,0.000,0.000
1632,0.000,0.000,0.000,0.000
1633,0.000,0.000,0.000,0.000
1634,0.000,0.000,0.000,0.000
1635,0.000,0.000,0.000,0.000
1636,0.000,0.000,0.000,0.000
1637,0.000,0.000,0.000,0.000
1638,0.000,0.000,0.000,0.000
1639,0.000,0.000,0.000,0.000
1640,0.000,0.000,0.000,0.000
1641,0.000,0.000,0.000,0.000
1642,0.000,0.000,0.000,0.000
1643,0.000,0.000,0.000,0.000
1644,0.000,0.000,0.000,0.000
1645,0.000,0.000,0.000,0.000
1646,0.000,0.000,0.000,0.000
1647,0.000,0.000,0.000,0.000
1648,0.000,0.000,0.000,0.000
1649,0.000,0.000,0.000,0.000
1650,0.000,0.000,0.000,0.000
1651,0.000,0.000,0.000,0.000
1652,0.000,0.000,0.000,0.000
1653,0.000,0.000,0.000,0.000
1654,0.000,0.000,0.000,0.000
1655,0.000,0.000,0.000,0.000
1656,0.000,0.000,0.000,0.000
1657,0.000,0.000,0.000,0.000
1658,0.000,0.000,0.000,0.000
1659,0.000,0.000,0.000,0.000
1660,0.000,0.000,0.000,0.000
1661,0.000,0.000,0.000,0.000
1662,0.000,0.000,0.000,0.000
1663,0.000,0.000,0.000,0.000
1664,0.000,0.000,0.000,0.000
1665,0.000,0.000,0.000,0.000
1666,0.000,0.000,0.000,0.000
1667,0.000,0.000,0.000,0.000
1668,0.000,0.000,0.000,0.000
1669,0.000,0.000,0.000,0.000
1670,0.000,0.000,0.000,0.000
1671,0.000,0.000,0.000,0.000
1672,0.000,0.000,0.000,0.000
1673,0.000,0.000,0.000,0.000
1674,0.000,0.000,0.000,0.000
1675,0.000,0.000,0.000,0.000
1676,0.000,0.000,0.000,0.000
1677,0.000,0.000,0.000,0.000
1678,0.000,0.000,0.000,0.000
1679,0.000,0.000,0.000,0.000
1680,0.000,0.000,0.000,0.000
1681,0.000,0.000,0.000,0.000
1682,0.000,0.000,0.000,0.000
1683,0.000,0.000,0.000,0.000
1684,0.000,0.000,0.000,0.000
1685,0.000,0.000,0.000,0.000
1686,0.000,0.000,0.000,0.000
1687,0.000,0.000,0.000,0.000
1688,0.000,0.000,0.000,0.000
1689,0.000,0.000,0.000,0.000
1690,0.000,0.000,0.000,0.000
1691,0.000,0.000,0.000,0.000
1692,0.000,0.000,0.000,0.000
1693,0.000,0.000,0.000,0.000
1694,0.000,0.000,0.000,0.000
1695,0.000,0.000,0.000,0.000
1696,0.000,0.000,0.000,0.000
1697,0.000,0.000,0.000,0.000
1698,0.000,0.000,0.000,0.000
1699,0.000,0.000,0.000,0.000
1700,0.000,0.000,0.000,0.000
1701,0.000,0.000,0.000,0.000
1702,0.000,0.000,0.000,0.000
1703,0.000,0.000,0.000,0.000
1704,0.000,0.000,0.000,0.000
1705,0.000,0.000,0.000,0.000
1706,0.000,0.000,0.000,0.000
1707,0.000,0.000,0.000,0.000
1708,0.000,0.000,0.000,0.000
1709,0.000,0.000,0.000,0.000
1710,0.000,0.000,0.000,0.000
1711,0.000,0.000,0.000,0.000
1712,0.000,0.000,0.000,0.000
1713,0.000,0.000,0.000,0.000
1714,0.000,0.000,0.000,0.000
1715,0.000,0.000,0.000,0.000
1716,0.000,0.000,0.000,0.000
1717,0.000,0.000,0.000,0.000
1718,0.000,0.000,0.000,0.000
1719,0.000,0.000,0.000,0.000
1720,0.000,0.000,0.000,0.000
1721,0.000,0.000,0.000,0.000
1722,0.000,0.000,0.000,0.000
1723,0.000,0.000,0.000,0.000
1724,0.000,0.000,0.000,0.000
1725,0.000,0.000,0.000,0.000
1726,0.000,0.000,0.000,0.000
1727,0.000,0.000,0.000,0.000
1728,0.000,0.000,0.000,0.000
1729,0.000,0.000,0.000,0.000
1730,0.000,0.000,0.000,0.000
1731,0.000,0.000,0.000,0.000
1732,0.000,0.000,0.000,0.000
1733,0.000,0.000,0.000,0.000
1734,0.000,0.000,0.000,0.000
1735,0.000,0.000,0.000,0.000
1736,0.000,0.000,0.000,0.000
1737,0.000,0.000,0.000,0.000
1738,0.000,0.000,0.000,0.000
1739,0.000,0.000,0.000,0.000
1740,0.000,0.000,0.000,0.000
1741,0.000,0.000,0.000,0.000
1742,0.000,0.000,0.000,0.000
1743,0.000,0.000,0.000,0.000
1744,0.000,0.000,0.000,0.000
1745,0.000,0.000,0.000,0.000
1746,0.000,0.000,0.000,0.000
1747,0.000,0.000,0.000,0.000
1748,0.000,0.000,0.000,0.000
1749,0.000,0.000,0.000,0.000
1750,0.000,0.000,0.000,0.000
1751,0.000,0.000,0.000,0.000
1752,0.000,0.000,0.000,0.000
1753,0.000,0.000,0.000,0.000
1754,0.000,0.000,0.000,0.000
1755,0.000,0.000,0.000,0.000
1756,0.000,0.000,0.000,0.000
1757,0.000,0.000,0.000,0.000
1758,0.000,0.000,0.000,0.000
1759,0.000,0.000,0.000,0.000
1760,0.000,0.000,0.000,0.000
1761,0.000,0.000,0.000,0.000
1762,0.000,0.000,0.000,0.000
1763,0.000,0.000,0.000,0.000
1764,0.000,0.000,0.000,0.000
1765,0.000,0.000,0.000,0.000
1766,0.000,0.000,0.000,0.000
1767,0.000,0.000,0.000,0.000
1768,0.000,0.000,0.000,0.000
1769,0.000,0.000,0.000,0.000
1770,0.000,0.000,0.000,0.000
1771,0.000,0.000,0.000,0.000
1772,0.000,0.000,0.000,0.000
1773,0.000,0.000,0.000,0.000
1774,0.000,0.000,0.000,0.000
1775,0.000,0.000,0.000,0.000
1776,0.000,0.000,0.000,0.000
1777,0.000,0.000,0.000,0.000
1778,0.000,0.000,0.000,0.000
1779,0.000,0.000,0.000,0.000
1780,0.000,0.000,0.000,0.000
1781,0.000,0.000,0.000,0.000
1782,0.000,0.000,0.000,0.000
1783,0.000,0.000,0.000,0.000
1784,0.000,0.000,0.000,0.000
1785,0.000,0.000,0.000,0.000
1786,0.000,0.000,0.000,0.000
1787,0.000,0.000,0.000,0.000
1788,0.000,0.000,0.000,0.000
1789,0.000,0.000,0.000,0.000
1790,0.000,0.000,0.000,0.000
1791,0.000,0.000,0.000,0.000
1792,0.000,0.000,0.000,0.000
1793,0.000,0.000,0.000,0.000
1794,0.000,0.000,0.000,0.000
1795,0.000,0.000,0.000,0.000
1796,0.000,0.000,0.000,0.000
1797,0.000,0.000,0.000,0.000
1798,0.000,0.000,0.000,0.000
1799,0.000,0.000,0.000,0.000
1800,0.000,0.000,0.000,0.000
1801,0.000,0.000,0.000,0.000
1802,0.000,0.000,0.000,0.000
1803,0.000,0.000,0.000,0.000
1804,0.000,0.000,0.000,0.000
1805,0.000,0.000,0.000,0.000
1806,0.000,0.000,0.000,0.000
1807,0.000,0.000,0.000,0.000
1808,0.000,0.000,0.000,0.000
1809,0.000,0.000,0.000,0.000
1810,0.000,0.000,0.000,0.000
1811,0.000,0.000,0.000,0.000
1812,0.000,0.000,0.000,0.000
1813,0.000,0.000,0.000,0.000
1814,0.000,0.000,0.000,0.000
1815,0.000,0.000,0.000,0.000
1816,0.000,0.000,0.000,0.000
1817,0.000,0.000,0.000,0.000
1818,0.000,0.000,0.000,0.000
1819,0.000,0.000,0.000,0.000
1820,0.000,0.000,0.000,0.000
1821,0.000,0.000,0.000,0.000
1822,0.000,0.000,0.000,0.000
1823,0.000,0.000,0.000,0.000
1824,0.000,0.000,0.000,0.000
1825,0.000,0.000,0.000,0.000
1826,0.000,0.000,0.000,0.000
1827,0.000,0.000,0.000,0.000
1828,0.000,0.000,0.000,0.000
1829,0.000,0.000,0.000,0.000
1830,0.000,0.000,0.000,0.000
1831,0.000,0.000,0.000,0.000
1832,0.000,0.000,0.000,0.000
1833,0.000,0.000,0.000,0.000
1834,0.000,0.000,0.000,0.000
1835,0.000,0.000,0.000,0.000
1836,0.000,0.000,0.000,0.000
1837,0.000,0.000,0.000,0.000
1838,0.000,0.000,0.000,0.000
1839,0.000,0.000,0.000,0.000
1840,0.000,0.000,0.000,0.000
1841,0.000,0.000,0.000,0.000
1842,0.000,0.000,0.000,0.000
1843,0.000,0.000,0.000,0.000
1844,0.000,0.000,0.000,0.000
1845,0.000,0.000,0.000,0.000
1846,0.000,0.000,0.000,0.000
1847,0.000,0.000,0.000,0.000
1848,0.000,0.000,0.000,0.000
1849,0.000,0.000,0.000,0.000
1850,0.000,0.000,0.000,0.000
1851,0.000,0.000,0.000,0.000
1852,0.000,0.000,0.000,0.000
1853,0.000,0.000,0.000,0.000
1854,0.000,0.000,0.000,0.000
1855,0.000,0.000,0.000,0.000
1856,0.000,0.000,0.000,0.000
1857,0.000,0.000,0.000,0.000
1858,0.000,0.000,0.000,0.000
1859,0.000,0.000,0.000,0.000
1860,0.000,0.000,0.000,0.000
1861,0.000,0.000,0.000,0.000
1862,0.000,0.000,0.000,0.000
1863,0.000,0.000,0.000,0.000
1864,0.000,0.000,0.000,0.000
1865,0.000,0.000,0.000,0.000
1866,0.000,0.000,0.000,0.000
1867,0.000,0.000,0.000,0.000
1868,0.000,0.000,0.000,0.000
1869,0.000,0.000,0.000,0.000
1870,0.000,0.000,0.000,0.000
1871,0.000,0.000,0.000,0.000
1872,0.000,0.000,0.000,0.000
1873,0.000,0.000,0.000,0.000
1874,0.000,0.000,0.000,0.000
1875,0.000,0.000,0.000,0.000
1876,0.000,0.000,0.000,0.000
1877,0.000,0.000,0.000,0.000
1878,0.000,0.000,0.000,0.000
1879,0.000,0.000,0.000,0.000
1880,0.000,0.000,0.000,0.000
1881,0.000,0.000,0.000,0.000
1882,0.000,0.000,0.000,0.000
1883,0.000,0.000,0.000,0.000
1884,0.000,0.000,0.000,0.000
1885,0.000,0.000,0.000,0.000
1886,0.000,0.000,0.000,0.000
1887,0.000,0.000,0.000,0.000
1888,0.000,0.000,0.000,0.000
1889,0.000,0.000,0.000,0.000
1890,0.000,0.000,0.000,0.000
1891,0.000,0.000,0.000,0.000
1892,0.000,0.000,0.000,0.000
1893,0.000,0.000,0.000,0.000
1894,0.000,0.000,0.000,0.000
1895,0.000,0.000,0.000,0.000
1896,0.000,0.000,0.000,0.000
1897,0.000,0.000,0.000,0.000
1898,0.000,0.000,0.000,0.000
1899,0.000,0.000,0.000,0.000
1900,0.000,0.000,0.000,0.000
1901,0.000,0.000,0.000,0.000
1902,0.000,0.000,0.000,0.000
1903,0.000,0.000,0.000,0.000
1904,0.000,0.000,0.000,0.000
1905,0.000,0.000,0.000,0.000
1906,0.000,0.000,0.000,0.000
1907,0.000,0.000,0.000,0.000
1908,0.000,0.000,0.000,0.000
1909,0.000,0.000,0.000,0.000
1910,0.000,0.000,0.000,0.000
1911,0.000,0.000,0.000,0.000
1912,0.000,0.000,0.000,0.000
1913,0.000,0.000,0.000,0.000
1914,0.000,0.000,0.000,0.000
1915,0.000,0.000,0.000,0.000
1916,0.000,0.000,0.000,0.000
1917,0.000,0.000,0.000,0.000
1918,0.000,0.000,0.000,0.000
1919,0.000,0.000,0.000,0.000
1920,0.000,0.000,0.000,0.000
1921,0.000,0.000,0.000,0.000
1922,0.000,0.000,0.000,0.000
1923,0.000,0.000,0.000,0.000
1924,0.000,0.000,0.000,0.000
1925,0.000,0.000,0.000,0.000
1926,0.000,0.000,0.000,0.000
1927,0.000,0.000,0.000,0.000
1928,0.000,0.000,0.000,0.000
1929,0.000,0.000,0.000,0.000
1930,0.000,0.000,0.000,0.000
1931,0.000,0.000,0.000,0.000
1932,0.000,0.000,0.000,0.000
1933,0.000,0.000,0.000,0.000
1934,0.000,0.000,0.000,0.000
1935,0.000,0.000,0.000,0.000
1936,0.000,0.000,0.000,0.000
1937,0.000,0.000,0.000,0.000
1938,0.000,0.000,0.000,0.000
1939,0.000,0.000,0.000,0.000
1940,0.000,0.000,0.000,0.000
1941,0.000,0.000,0.000,0.000
1942,0.000,0.000,0.000,0.000
1943,0.000,0.000,0.000,0.000
1944,0.000,0.000,0.000,0.000
1945,0.000,0.000,0.000,0.000
1946,0.000,0.000,0.000,0.000
1947,0.000,0.000,0.000,0.000
1948,0.000,0.000,0.000,0.000
1949,0.000,0.000,0.000,0.000
1950,0.000,0.000,0.000,0.000
1951,0.000,0.000,0.000,0.000
1952,0.000,0.000,0.000,0.000
1953,0.000,0.000,0.000,0.000
1954,0.000,0.000,0.000,0.000
1955,0.000,0.000,0.000,0.000
1956,0.000,0.000,0.000,0.000
1957,0.000,0.000,0.000,0.000
1958,0.000,0.000,0.000,0.000
1959,0.000,0.000,0.000,0.000
1960,0.000,0.000,0.000,0.000
1961,0.000,0.000,0.000,0.000
1962,0.000,0.000,0.000,0.000
1963,0.000,0.000,0.000,0.000
1964,0.000,0.000,0.000,0.000
1965,0.000,0.000,0.000,0.000
1966,0.000,0.000,0.000,0.000
1967,0.000,0.000,0.000,0.000
1968,0.000,0.000,0.000,0.000
1969,0.000,0.000,0.000,0.000
1970,0.000,0.000,0.000,0.000
1971,0.000,0.000,0.000,0.000
1972,0.000,0.000,0.000,0.000
1973,0.000,0.000,0.000,0.000
1974,0.000,0.000,0.000,0.000
1975,0.000,0.000,0.000,0.000
1976,0.000,0.000,0.000,0.000
1977,0.000,0.000,0.000,0.000
1978,0.000,0.000,0.000,0.000
1979,0.000,0.000,0.000,0.000
1980,0.000,0.000,0.000,0.000
1981,0.000,0.000,0.000,0.000
1982,0.000,0.000,0.000,0.000
1983,0.000,0.000,0.000,0.000
1984,0.000,0.000,0.000,0.000
1985,0.000,0.000,0.000,0.000
1986,0.000,0.000,0.000,0.000
1987,0.000,0.000,0.000,0.000
1988,0.000,0.000,0.000,0.000
1989,0.000,0.000,0.000,0.000
1990,0.000,0.000,0.000,0.000
1991,0.000,0.000,0.000,0.000
1992,0.000,0.000,0.000,0.000
1993,0.000,0.000,0.000,0.000
1994,0.000,0.000,0.000,0.000
1995,0.000,0.000,0.000,0.000
1996,0.000,0.000,0.000,0.000
1997,0.000,0.000,0.000,0.000
1998,0.000,0.000,0.000,0.000
1999,0.000,0.000,0.000,0.000
2000,0.000,0.000,0.000,0.000
2001,0.000,0.000,0.000,0.000
2002,0.000,0.000,0.000,0.000
2003,0.000,0.000,0.000,0.000
2004,0.000,0.000,0.000,0.000
2005,0.000,0.000,0.000,0.000
2006,0.000,0.000,0.000,0.000
2007,0.000,0.000,0.000,0.000
2008,0.000,0.000,0.000,0.000
2009,0.000,0.000,0.000,0.000
2010,0.000,0.000,0.000,0.000
2011,0.000,0.000,0.000,0.000
2012,0.000,0.000,0.000,0.000
2013,0.000,0.000,0.000,0.000
2014,0.000,0.000,0.000,0.000
2015,0.000,0.000,0.000,0.000
2016,0.000,0.000,0.000,0.000
2017,0.000,0.000,0.000,0.000
2018,0.000,0.000,0.000,0.000
2019,0.000,0.000,0.000,0.000
2020,0.000,0.000,0.000,0.000
2021,0.000,0.000,0.000,0.000
2022,0.000,0.000,0.000,0.000
2023,0.000,0.000,0.000,0.000
2024,0.000,0.000,0.000,0.000
2025,0.000,0.000,0.000,0.000
2026,0.000,0.000,0.000,0.000
2027,0.000,0.000,0.000,0.000
2028,0.000,0.000,0.000,0.000
2029,0.000,0.000,0.000,0.000
2030,0.000,0.000,0.000,0.000
2031,0.000,0.000,0.000,0.000
2032,0.000,0.000,0.000,0.000
2033,0.000,0.000,0.000,0.000
2034,0.000,0.000,0.000,0.000
2035,0.000,0.000,0.000,0.000
2036,0.000,0.000,0.000,0.000
2037,0.000,0.000,0.000,0.000
2038,0.000,0.000,0.000,0.000
2039,0.000,0.000,0.000,0.000
2040,0.000,0.000,0.000,0.000
2041,0.000,0.000,0.000,0.000
2042,0.000,0.000,0.000,0.000
2043,0.000,0.000,0.000,0.000
2044,0.000,0.000,0.000,0.000
2045,0.000,0.000,0.000,0.000
2046,0.000,0.000,0.000,0.000
2047,0.000,0.000,0.000,0.000
2048,0.000,0.000,0.000,0.000
2049,0.000,0.000,0.000,0.000
2050,0.000,0.000,0.000,0.000
2051,0.000,0.000,0.000,0.000
2052,0.000,0.000,0.000,0.000
2053,0.000,0.000,0.000,0.000
2054,0.000,0.000,0.000,0.000
2055,0.000,0.000,0.000,0.000
2056,0.000,0.000,0.000,0.000
2057,0.000,0.000,0.000,0.000
2058,0.000,0.000,0.000,0.000
2059,0.000,0.000,0.000,0.000
2060,0.000,0.000,0.000,0.000
2061,0.000,0.000,0.000,0.000
2062,0.000,0.000,0.000,0.000
2063,0.000,0.000,0.000,0.000
2064,0.000,0.000,0.000,0.000
2065,0.000,0.000,0.000,0.000
2066,0.000,0.000,0.000,0.000
2067,0.000,0.000,0.000,0.000
2068,0.000,0.000,0.000,0.000
2069,0.000,0.000,0.000,0.000
2070,0.000,0.000,0.000,0.000
2071,0.000,0.000,0.000,0.000
2072,0.000,0.000,0.000,0.000
2073,0.000,0.000,0.000,0.000
2074,0.000,0.000,0.000,0.000
2075,0.000,0.000,0.000,0.000
2076,0.000,0.000,0.000,0.000
2077,0.000,0.000,0.000,0.000
2078,0.000,0.000,0.000,0.000
2079,0.000,0.000,0.000,0.000
2080,0.000,0.000,0.000,0.000
2081,0.000,0.000,0.000,0.000
2082,0.000,0.000,0.000,0.000
2083,0.000,0.000,0.000,0.000
2084,0.000,0.000,0.000,0.000
2085,0.000,0.000,0.000,0.000
2086,0.000,0.000,0.000,0.000
2087,0.000,0.000,0.000,0.000
2088,0.000,0.000,0.000,0.000
2089,0.000,0.000,0.000,0.000
2090,0.000,0.000,0.000,0.000
2091,0.000,0.000,0.000,0.000
2092,0.000,0.000,0.000,0.000
2093,0.000,0.000,0.000,0.000
2094,0.000,0.000,0.000,0.000
2095,0.000,0.000,0.000,0.000
2096,0.000,0.000,0.000,0.000
2097,0.000,0.000,0.000,0.000
2098,0.000,0.000,0.000,0.000
2099,0.000,0.000,0.000,0.000
2100,0.000,0.000,0.000,0.000
2101,0.000,0.000,0.000,0.000
2102,0.000,0.000,0.000,0.000
2103,0.000,0.000,0.000,0.000
2104,0.000,0.000,0.000,0.000
2105,0.000,0.000,0.000,0.000
2106,0.000,0.000,0.000,0.000
2107,0.000,0.000,0.000,0.000
2108,0.000,0.000,0.000,0.000
2109,0.000,0.000,0.000,0.000
2110,0.000,0.000,0.000,0.000
2111,0.000,0.000,0.000,0.000
2112,0.000,0.000,0.000,0.000
2113,0.000,0.000,0.000,0.000
2114,0.000,0.000,0.000,0.000
2115,0.000,0.000,0.000,0.000
2116,0.000,0.000,0.000,0.000
2117,0.000,0.000,0.000,0.000
2118,0.000,0.000,0.000,0.000
2119,0.000,0.000,0.000,0.000
2120,0.000,0.000,0.000,0.000
2121,0.000,0.000,0.000,0.000
2122,0.000,0.000,0.000,0.000
2123,0.000,0.000,0.000,0.000
2124,0.000,0.000,0.000,0.000
2125,0.000,0.000,0.000,0.000
2126,0.000,0.000,0.000,0.000
2127,0.000,0.000,0.000,0.000
2128,0.000,0.000,0.000,0.000
2129,0.000,0.000,0.000,0.000
2130,0.000,0.000,0.000,0.000
2131,0.000,0.000,0.000,0.000
2132,0.000,0.000,0.000,0.000
2133,0.000,0.000,0.000,0.000
2134,0.000,0.000,0.000,0.000
2135,0.000,0.000,0.000,0.000
2136,0.000,0.000,0.000,0.000
2137,0.000,0.000,0.000,0.000
2138,0.000,0.000,0.000,0.000
2139,0.000,0.000,0.000,0.000
2140,0.000,0.000,0.000,0.000
2141,0.000,0.000,0.000,0.000
2142,0.000,0.000,0.000,0.000
2143,0.000,0.000,0.000,0.000
2144,0.000,0.000,0.000,0.000
2145,0.000,0.000,0.000,0.000
2146,0.000,0.000,0.000,0.000
2147,0.000,0.000,0.000,0.000
2148,0.000,0.000,0.000,0.000
2149,0.000,0.000,0.000,0.000
2150,0.000,0.000,0.000,0.000
2151,0.000,0.000,0.000,0.000
2152,0.000,0.000,0.000,0.000
2153,0.000,0.000,0.000,0.000
2154,0.000,0.000,0.000,0.000
2155,0.000,0.000,0.000,0.000
2156,0.000,0.000,0.000,0.000
2157,0.000,0.000,0.000,0.000
2158,0.000,0.000,0.000,0.000
2159,0.000,0.000,0.000,0.000
2160,0.000,0.000,0.000,0.000
2161,0.000,0.000,0.000,0.000
2162,0.000,0.000,0.000,0.000
2163,0.000,0.000,0.000,0.000
2164,0.000,0.000,0.000,0.000
2165,0.000,0.000,0.000,0.000
2166,0.000,0.000,0.000,0.000
2167,0.000,0.000,0.000,0.000
2168,0.000,0.000,0.000,0.000
2169,0.000,0.000,0.000,0.000
2170,0.000,0.000,0.000,0.000
2171,0.000,0.000,0.000,0.000
2172,0.000,0.000,0.000,0.000
2173,0.000,0.000,0.000,0.000
2174,0.000,0.000,0.000,0.000
2175,0.000,0.000,0.000,0.000
2176,0.000,0.000,0.000,0.000
2177,0.000,0.000,0.000,0.000
2178,0.000,0.000,0.000,0.000
2179,0.000,0.000,0.000,0.000
2180,0.000,0.000,0.000,0.000
2181,0.000,0.000,0.000,0.000
2182,0.000,0.000,0.000,0.000
2183,0.000,0.000,0.000,0.000
2184,0.000,0.000,0.000,0.000
2185,0.000,0.000,0.000,0.000
2186,0.000,0.000,0.000,0.000
2187,0.000,0.000,0.000,0.000
2188,0.000,0.000,0.000,0.000
2189,0.000,0.000,0.000,0.000
2190,0.000,0.000,0.000,0.000
2191,0.000,0.000,0.000,0.000
2192,0.000,0.000,0.000,0.000
2193,0.000,0.000,0.000,0.000
2194,0.000,0.000,0.000,0.000
2195,0.000,0.000,0.000,0.000
2196,0.000,0.000,0.000,0.000
2197,0.000,0.000,0.000,0.000
2198,0.000,0.000,0.000,0.000
2199,0.000,0.000,0.000,0.000
2200,0.000,0.000,0.000,0.000
2201,0.000,0.000,0.000,0.000
2202,0.000,0.000,0.000,0.000
2203,0.000,0.000,0.000,0.000
2204,0.000,0.000,0.000,0.000
2205,0.000,0.000,0.000,0.000
2206,0.000,0.000,0.000,0.000
2207,0.000,0.000,0.000,0.000
2208,0.000,0.000,0.000,0.000
2209,0.000,0.000,0.000,0.000
2210,0.000,0.000,0.000,0.000
2211,0.000,0.000,0.000,0.000
2212,0.000,0.000,0.000,0.000
2213,0.000,0.000,0.000,0.000
2214,0.000,0.000,0.000,0.000
2215,0.000,0.000,0.000,0.000
2216,0.000,0.000,0.000,0.000
2217,0.000,0.000,0.000,0.000
2218,0.000,0.000,0.000,0.000
2219,0.000,0.000,0.000,0.000
2220,0.000,0.000,0.000,0.000
2221,0.000,0.000,0.000,0.000
2222,0.000,0.000,0.000,0.000
2223,0.000,0.000,0.000,0.000
2224,0.000,0.000,0.000,0.000
2225,0.000,0.000,0.000,0.000
2226,0.000,0.000,0.000,0.000
2227,0.000,0.000,0.000,0.000
2228,0.000,0.000,0.000,0.000
2229,0.000,0.000,0.000,0.000
2230,0.000,0.000,0.000,0.000
2231,0.000,0.000,0.000,0.000
2232,0.000,0.000,0.000,0.000
2233,0.000,0.000,0.000,0.000
2234,0.000,0.000,0.000,0.000
2235,0.000,0.000,0.000,0.000
2236,0.000,0.000,0.000,0.000
2237,0.000,0.000,0.000,0.000
2238,0.000,0.000,0.000,0.000
2239,0.000,0.000,0.000,0.000
2240,0.000,0.000,0.000,0.000
2241,0.000,0.000,0.000,0.000
2242,0.000,0.000,0.000,0.000
2243,0.000,0.000,0.000,0.000
2244,0.000,0.000,0.000,0.000
2245,0.000,0.000,0.000,0.000
2246,0.000,0.000,0.000,0.000
2247,0.000,0.000,0.000,0.000
2248,0.000,0.000,0.000,0.000
2249,0.000,0.000,0.000,0.000
2250,0.000,0.000,0.000,0.000
2251,0.000,0.000,0.000,0.000
2252,0.000,0.000,0.000,0.000
2253,0.000,0.000,0.000,0.000
2254,0.000,0.000,0.000,0.000
2255,0.000,0.000,0.000,0.000
2256,0.000,0.000,0.000,0.000
2257,0.000,0.000,0.000,0.000
2258,0.000,0.000,0.000,0.000
2259,0.000,0.000,0.000,0.000
2260,0.000,0.000,0.000,0.000
2261,0.000,0.000,0.000,0.000
2262,0.000,0.000,0.000,0.000
2263,0.000,0.000,0.000,0.000
2264,0.000,0.000,0.000,0.000
2265,0.000,0.000,0.000,0.000
2266,0.000,0.000,0.000,0.000
2267,0.000,0.000,0.000,0.000
2268,0.000,0.000,0.000,0.000
2269,0.000,0.000,0.000,0.000
2270,0.000,0.000,0.000,0.000
2271,0.000,0.000,0.000,0.000
2272,0.000,0.000,0.000,0.000
2273,0.000,0.000,0.000,0.000
2274,0.000,0.000,0.000,0.000
2275,0.000,0.000,0.000,0.000
2276,0.000,0.000,0.000,0.000
2277,0.000,0.000,0.000,0.000
2278,0.000,0.000,0.000,0.000
2279,0.000,0.000,0.000,0.000
2280,0.000,0.000,0.000,0.000
2281,0.000,0.000,0.000,0.000
2282,0.000,0.000,0.000,0.000
2283,0.000,0.000,0.000,0.000
2284,0.000,0.000,0.000,0.000
2285,0.000,0.000,0.000,0.000
2286,0.000,0.000,0.000,0.000
2287,0.000,0.000,0.000,0.000
2288,0.000,0.000,0.000,0.000
2289,0.000,0.000,0.000,0.000
2290,0.000,0.000,0.000,0.000
2291,0.000,0.000,0.000,0.000
2292,0.000,0.000,0.000,0.000
2293,0.000,0.000,0.000,0.000
2294,0.000,0.000,0.000,0.000
2295,0.000,0.000,0.000,0.000
2296,0.000,0.000,0.000,0.000
2297,0.000,0.000,0.000,0.000
2298,0.000,0.000,0.000,0.000
2299,0.000,0.000,0.000,0.000
2300,0.000,0.000,0.000,0.000
2301,0.000,0.000,0.000,0.000
2302,0.000,0.000,0.000,0.000
2303,0.000,0.000,0.000,0.000
2304,0.000,0.000,0.000,0.000
2305,0.000,0.000,0.000,0.000
2306,0.000,0.000,0.000,0.000
2307,0.000,0.000,0.000,0.000
2308,0.000,0.000,0.000,0.000
2309,0.000,0.000,0.000,0.000
2310,0.000,0.000,0.000,0.000
2311,0.000,0.000,0.000,0.000
2312,0.000,0.000,0.000,0.000
2313,0.000,0.000,0.000,0.000
2314,0.000,0.000,0.000,0.000
2315,0.000,0.000,0.000,0.000
2316,0.000,0.000,0.000,0.000
2317,0.000,0.000,0.000,0.000
2318,0.000,0.000,0.000,0.000
2319,0.000,0.000,0.000,0.000
2320,0.000,0.000,0.000,0.000
2321,0.000,0.000,0.000,0.000
2322,0.000,0.000,0.000,0.000
2323,0.000,0.000,0.000,0.000
2324,0.000,0.000,0.000,0.000
2325,0.000,0.000,0.000,0.000
2326,0.000,0.000,0.000,0.000
2327,0.000,0.000,0.000,0.000
2328,0.000,0.000,0.000,0.000
2329,0.000,0.000,0.000,0.000
2330,0.000,0.000,0.000,0.000
2331,0.000,0.000,0.000,0.000
2332,0.000,0.000,0.000,0.000
2333,0.000,0.000,0.000,0.000
2334,0.000,0.000,0.000,0.000
2335,0.000,0.000,0.000,0.000
2336,0.000,0.000,0.000,0.000
2337,0.000,0.000,0.000,0.000
2338,0.000,0.000,0.000,0.000
2339,0.000,0.000,0.000,0.000
2340,0.000,0.000,0.000,0.000
2341,0.000,0.000,0.000,0.000
2342,0.000,0.000,0.000,0.000
2343,0.000,0.000,0.000,0.000
2344,0.000,0.000,0.000,0.000
2345,0.000,0.000,0.000,0.000
2346,0.000,0.000,0.000,0.000
2347,0.000,0.000,0.000,0.000
2348,0.000,0.000,0.000,0.000
2349,0.000,0.000,0.000,0.000
2350,0.000,0.000,0.000,0.000
2351,0.000,0.000,0.000,0.000
2352,0.000,0.000,0.000,0.000
2353,0.000,0.000,0.000,0.000
2354,0.000,0.000,0.000,0.000
2355,0.000,0.000,0.000,0.000
2356,0.000,0.000,0.000,0.000
2357,0.000,0.000,0.000,0.000
2358,0.000,0.000,0.000,0.000
2359,0.000,0.000,0.000,0.000
2360,0.000,0.000,0.000,0.000
2361,0.000,0.000,0.000,0.000
2362,0.000,0.000,0.000,0.000
2363,0.000,0.000,0.000,0.000
2364,0.000,0.000,0.000,0.000
2365,0.000,0.000,0.000,0.000
2366,0.000,0.000,0.000,0.000
2367,0.000,0.000,0.000,0.000
2368,0.000,0.000,0.000,0.000
2369,0.000,0.000,0.000,0.000
2370,0.000,0.000,0.000,0.000
2371,0.000,0.000,0.000,0.000
2372,0.000,0.000,0.000,0.000
2373,0.000,0.000,0.000,0.000
2374,0.000,0.000,0.000,0.000
2375,0.000,0.000,0.000,0.000
2376,0.000,0.000,0.000,0.000
2377,0.000,0.000,0.000,0.000
2378,0.000,0.000,0.000,0.000
2379,0.000,0.000,0.000,0.000
2380,0.000,0.000,0.000,0.000
2381,0.000,0.000,0.000,0.000
2382,0.000,0.000,0.000,0.000
2383,0.000,0.000,0.000,0.000
2384,0.000,0.000,0.000,0.000
2385,0.000,0.000,0.000,0.000
2386,0.000,0.000,0.000,0.000
2387,0.000,0.000,0.000,0.000
2388,0.000,0.000,0.000,0.000
2389,0.000,0.000,0.000,0.000
2390,0.000,0.000,0.000,0.000
2391,0.000,0.000,0.000,0.000
2392,0.000,0.000,0.000,0.000
2393,0.000,0.000,0.000,0.000
2394,0.000,0.000,0.000,0.000
2395,0.000,0.000,0.000,0.000
2396,0.000,0.000,0.000,0.000
2397,0.000,0.000,0.000,0.000
2398,0.000,0.000,0.000,0.000
2399,0.000,0.000,0.000,0.000
2400,0.000,0.000,0.000,0.000
2401,0.000,0.000,0.000,0.000
2402,0.000,0.000,0.000,0.000
2403,0.000,0.000,0.000,0.000
2404,0.000,0.000,0.000,0.000
2405,0.000,0.000,0.000,0.000
2406,0.000,0.000,0.000,0.000
2407,0.000,0.000,0.000,0.000
2408,0.000,0.000,0.000,0.000
2409,0.000,0.000,0.000,0.000
2410,0.000,0.000,0.000,0.000
2411,0.000,0.000,0.000,0.000
2412,0.000,0.000,0.000,0.000
2413,0.000,0.000,0.000,0.000
2414,0.000,0.000,0.000,0.000
2415,0.000,0.000,0.000,0.000
2416,0.000,0.000,0.000,0.000
2417,0.000,0.000,0.000,0.000
2418,0.000,0.000,0.000,0.000
2419,0.000,0.000,0.000,0.000
2420,0.000,0.000,0.000,0.000
2421,0.000,0.000,0.000,0.000
2422,0.000,0.000,0.000,0.000
2423,0.000,0.000,0.000,0.000
2424,0.000,0.000,0.000,0.000
2425,0.000,0.000,0.000,0.000
2426,0.000,0.000,0.000,0.000
2427,0.000,0.000,0.000,0.000
2428,0.000,0.000,0.000,0.000
2429,0.000,0.000,0.000,0.000
2430,0.000,0.000,0.000,0.000
2431,0.000,0.000,0.000,0.000
2432,0.000,0.000,0.000,0.000
2433,0.000,0.000,0.000,0.000
2434,0.000,0.000,0.000,0.000
2435,0.000,0.000,0.000,0.000
2436,0.000,0.000,0.000,0.000
2437,0.000,0.000,0.000,0.000
2438,0.000,0.000,0.000,0.000
2439,0.000,0.000,0.000,0.000
2440,0.000,0.000,0.000,0.000
2441,0.000,0.000,0.000,0.000
2442,0.000,0.000,0.000,0.000
2443,0.000,0.000,0.000,0.000
2444,0.000,0.000,0.000,0.000
2445,0.000,0.000,0.000,0.000
2446,0.000,0.000,0.000,0.000
2447,0.000,0.000,0.000,0.000
2448,0.000,0.000,0.000,0.000
2449,0.000,0.000,0.000,0.000
2450,0.000,0.000,0.000,0.000
2451,0.000,0.000,0.000,0.000
2452,0.000,0.000,0.000,0.000
2453,0.000,0.000,0.000,0.000
2454,0.000,0.000,0.000,0.000
2455,0.000,0.000,0.000,0.000
2456,0.000,0.000,0.000,0.000
2457,0.000,0.000,0.000,0.000
2458,0.000,0.000,0.000,0.000
2459,0.000,0.000,0.000,0.000
2460,0.000,0.000,0.000,0.000
2461,0.000,0.000,0.000,0.000
2462,0.000,0.000,0.000,0.000
2463,0.000,0.000,0.000,0.000
2464,0.000,0.000,0.000,0.000
2465,0.000,0.000,0.000,0.000
2466,0.000,0.000,0.000,0.000
2467,0.000,0.000,0.000,0.000
2468,0.000,0.000,0.000,0.000
2469,0.000,0.000,0.000,0.000
2470,0.000,0.000,0.000,0.000
2471,0.000,0.000,0.000,0.000
2472,0.000,0.000,0.000,0.000
2473,0.000,0.000,0.000,0.000
2474,0.000,0.000,0.000,0.000
2475,0.000,0.000,0.000,0.000
2476,0.000,0.000,0.000,0.000
2477,0.000,0.000,0.000,0.000
2478,0.000,0.000,0.000,0.000
2479,0.000,0.000,0.000,0.000
2480,0.000,0.000,0.000,0.000
2481,0.000,0.000,0.000,0.000
2482,0.000,0.000,0.000,0.000
2483,0.000,0.000,0.000,0.000
2484,0.000,0.000,0.000,0.000
2485,0.000,0.000,0.000,0.000
2486,0.000,0.000,0.000,0.000
2487,0.000,0.000,0.000,0.000
2488,0.000,0.000,0.000,0.000
2489,0.000,0.000,0.000,0.000
2490,0.000,0.000,0.000,0.000
2491,0.000,0.000,0.000,0.000
2492,0.000,0.000,0.000,0.000
2493,0.000,0.000,0.000,0.000
2494,0.000,0.000,0.000,0.000
2495,0.000,0.000,0.000,0.000
2496,0.000,0.000,0.000,0.000
2497,0.000,0.000,0.000,0.000
2498,0.000,0.000,0.000,0.000
2499,0.000,0.000,0.000,0.000
2500,0.000,0.000,0.000,0.000
2501,0.000,0.000,0.000,0.000
2502,0.000,0.000,0.000,0.000
2503,0.000,0.000,0.000,0.000
2504,0.000,0.000,0.000,0.000
2505,0.000,0.000,0.000,0.000
2506,0.000,0.000,0.000,0.000
2507,0.000,0.000,0.000,0.000
2508,0.000,0.000,0.000,0.000
2509,0.000,0.000,0.000,0.000
2510,0.000,0.000,0.000,0.000
2511,0.000,0.000,0.000,0.000
2512,0.000,0.000,0.000,0.000
2513,0.000,0.000,0.000,0.000
2514,0.000,0.000,0.000,0.000
2515,0.000,0.000,0.000,0.000
2516,0.000,0.000,0.000,0.000
2517,0.000,0.000,0.000,0.000
2518,0.000,0.000,0.000,0.000
2519,0.000,0.000,0.000,0.000
2520,0.000,0.000,0.000,0.000
2521,0.000,0.000,0.000,0.000
2522,0.000,0.000,0.000,0.000
2523,0.000,0.000,0.000,0.000
2524,0.000,0.000,0.000,0.000
2525,0.000,0.000,0.000,0.000
2526,0.000,0.000,0.000,0.000
2527,0.000,0.000,0.000,0.000
2528,0.000,0.000,0.000,0.000
2529,0.000,0.000,0.000,0.000
2530,0.000,0.000,0.000,0.000
2531,0.000,0.000,0.000,0.000
2532,0.000,0.000,0.000,0.000
2533,0.000,0.000,0.000,0.000
2534,0.000,0.000,0.000,0.000
2535,0.000,0.000,0.000,0.000
2536,0.000,0.000,0.000,0.000
2537,0.000,0.000,0.000,0.000
2538,0.000,0.000,0.000,0.000
2539,0.000,0.000,0.000,0.000
2540,0.000,0.000,0.000,0.000
2541,0.000,0.000,0.000,0.000
2542,0.000,0.000,0.000,0.000
2543,0.000,0.000,0.000,0.000
2544,0.000,0.000,0.000,0.000
2545,0.000,0.000,0.000,0.000
2546,0.000,0.000,0.000,0.000
2547,0.000,0.000,0.000,0.000
2548,0.000,0.000,0.000,0.000
2549,0.000,0.000,0.000,0.000
2550,0.000,0.000,0.000,0.000
2551,0.000,0.000,0.000,0.000
2552,0.000,0.000,0.000,0.000
2553,0.000,0.000,0.000,0.000
2554,0.000,0.000,0.000,0.000
2555,0.000,0.000,0.000,0.000
2556,0.000,0.000,0.000,0.000
2557,0.000,0.000,0.000,0.000
2558,0.000,0.000,0.000,0.000
2559,0.000,0.000,0.000,0.000
2560,0.000,0.000,0.000,0.000
2561,0.000,0.000,0.000,0.000
2562,0.000,0.000,0.000,0.000
2563,0.000,0.000,0.000,0.000
2564,0.000,0.000,0.000,0.000
2565,0.000,0.000,0.000,0.000
2566,0.000,0.000,0.000,0.000
2567,0.000,0.000,0.000,0.000
2568,0.000,0.000,0.000,0.000
2569,0.000,0.000,0.000,0.000
2570,0.000,0.000,0.000,0.000
2571,0.000,0.000,0.000,0.000
2572,0.000,0.000,0.000,0.000
2573,0.000,0.000,0.000,0.000
2574,0.000,0.000,0.000,0.000
2575,0.000,0.000,0.000,0.000
2576,0.000,0.000,0.000,0.000
2577,0.000,0.000,0.000,0.000
2578,0.000,0.000,0.000,0.000
2579,0.000,0.000,0.000,0.000
2580,0.000,0.000,0.000,0.000
2581,0.000,0.000,0.000,0.000
2582,0.000,0.000,0.000,0.000
2583,0.000,0.000,0.000,0.000
2584,0.000,0.000,0.000,0.000
2585,0.000,0.000,0.000,0.000
2586,0.000,0.000,0.000,0.000
2587,0.000,0.000,0.000,0.000
2588,0.000,0.000,0.000,0.000
2589,0.000,0.000,0.000,0.000
2590,0.000,0.000,0.000,0.000
2591,0.000,0.000,0.000,0.000
2592,0.000,0.000,0.000,0.000
2593,0.000,0.000,0.000,0.000
2594,0.000,0.000,0.000,0.000
2595,0.000,0.000,0.000,0.000
2596,0.000,0.000,0.000,0.000
2597,0.000,0.000,0.000,0.000
2598,0.000,0.000,0.000,0.000
2599,0.000,0.000,0.000,0.000
2600,0.000,0.000,0.000,0.000
2601,0.000,0.000,0.000,0.000
2602,0.000,0.000,0.000,0.000
2603,0.000,0.000,0.000,0.000
2604,0.000,0.000,0.000,0.000
2605,0.000,0.000,0.000,0.000
2606,0.000,0.000,0.000,0.000
2607,0.000,0.000,0.000,0.000
2608,0.000,0.000,0.000,0.000
2609,0.000,0.000,0.000,0.000
2610,0.000,0.000,0.000,0.000
2611,0.000,0.000,0.000,0.000
2612,0.000,0.000,0.000,0.000
2613,0.000,0.000,0.000,0.000
2614,0.000,0.000,0.000,0.000
2615,0.000,0.000,0.000,0.000
2616,0.000,0.000,0.000,0.000
2617,0.000,0.000,0.000,0.000
2618,0.000,0.000,0.000,0.000
2619,0.000,0.000,0.000,0.000
2620,0.000,0.000,0.000,0.000
2621,0.000,0.000,0.000,0.000
2622,0.000,0.000,0.000,0.000
2623,0.000,0.000,0.000,0.000
2624,0.000,0.000,0.000,0.000
2625,0.000,0.000,0.000,0.000
2626,0.000,0.000,0.000,0.000
2627,0.000,0.000,0.000,0.000
2628,0.000,0.000,0.000,0.000
2629,0.000,0.000,0.000,0.000
2630,0.000,0.000,0.000,0.000
2631,0.000,0.000,0.000,0.000
2632,0.000,0.000,0.000,0.000
2633,0.000,0.000,0.000,0.000
2634,0.000,0.000,0.000,0.000
2635,0.000,0.000,0.000,0.000
2636,0.000,0.000,0.000,0.000
2637,0.000,0.000,0.000,0.000
2638,0.000,0.000,0.000,0.000
2639,0.000,0.000,0.000,0.000
2640,0.000,0.000,0.000,0.000
2641,0.000,0.000,0.000,0.000
2642,0.000,0.000,0.000,0.000
2643,0.000,0.000,0.000,0.000
2644,0.000,0.000,0.000,0.000
2645,0.000,0.000,0.000,0.000
2646,0.000,0.000,0.000,0.000
2647,0.000,0.000,0.000,0.000
2648,0.000,0.000,0.000,0.000
2649,0.000,0.000,0.000,0.000
2650,0.000,0.000,0.000,0.000
2651,0.000,0.000,0.000,0.000
2652,0.000,0.000,0.000,0.000
2653,0.000,0.000,0.000,0.000
2654,0.000,0.000,0.000,0.000
2655,0.000,0.000,0.000,0.000
2656,0.000,0.000,0.000,0.000
2657,0.000,0.000,0.000,0.000
2658,0.000,0.000,0.000,0.000
2659,0.000,0.000,0.000,0.000
2660,0.000,0.000,0.000,0.000
2661,0.000,0.000,0.000,0.000
2662,0.000,0.000,0.000,0.000
2663,0.000,0.000,0.000,0.000
2664,0.000,0.000,0.000,0.000
2665,0.000,0.000,0.000,0.000
2666,0.000,0.000,0.000,0.000
2667,0.000,0.000,0.000,0.000
2668,0.000,0.000,0.000,0.000
2669,0.000,0.000,0.000,0.000
2670,0.000,0.000,0.000,0.000
2671,0.000,0.000,0.000,0.000
2672,0.000,0.000,0.000,0.000
2673,0.000,0.000,0.000,0.000
2674,0.000,0.000,0.000,0.000
2675,0.000,0.000,0.000,0.000
2676,0.000,0.000,0.000,0.000
2677,0.000,0.000,0.000,0.000
2678,0.000,0.000,0.000,0.000
2679,0.000,0.000,0.000,0.000
2680,0.000,0.000,0.000,0.000
2681,0.000,0.000,0.000,0.000
2682,0.000,0.000,0.000,0.000
2683,0.000,0.000,0.000,0.000
2684,0.000,0.000,0.000,0.000
2685,0.000,0.000,0.000,0.000
2686,0.000,0.000,0.000,0.000
2687,0.000,0.000,0.000,0.000
2688,0.000,0.000,0.000,0.000
2689,0.000,0.000,0.000,0.000
2690,0.000,0.000,0.000,0.000
2691,0.000,0.000,0.000,0.000
2692,0.000,0.000,0.000,0.000
2693,0.000,0.000,0.000,0.000
2694,0.000,0.000,0.000,0.000
2695,0.000,0.000,0.000,0.000
2696,0.000,0.000,0.000,0.000
2697,0.000,0.000,0.000,0.000
2698,0.000,0.000,0.000,0.000
2699,0.000,0.000,0.000,0.000
2700,0.000,0.000,0.000,0.000
2701,0.000,0.000,0.000,0.000
2702,0.000,0.000,0.000,0.000
2703,0.000,0.000,0.000,0.000
2704,0.000,0.000,0.000,0.000
2705,0.000,0.000,0.000,0.000
2706,0.000,0.000,0.000,0.000
2707,0.000,0.000,0.000,0.000
2708,0.000,0.000,0.000,0.000
2709,0.000,0.000,0.000,0.000
2710,0.000,0.000,0.000,0.000
2711,0.000,0.000,0.000,0.000
2712,0.000,0.000,0.000,0.000
2713,0.000,0.000,0.000,0.000
2714,0.000,0.000,0.000,0.000
2715,0.000,0.000,0.000,0.000
2716,0.000,0.000,0.000,0.000
2717,0.000,0.000,0.000,0.000
2718,0.000,0.000,0.000,0.000
2719,0.000,0.000,0.000,0.000
2720,0.000,0.000,0.000,0.000
2721,0.000,0.000,0.000,0.000
2722,0.000,0.000,0.000,0.000
2723,0.000,0.000,0.000,0.000
2724,0.000,0.000,0.000,0.000
2725,0.000,0.000,0.000,0.000
2726,0.000,0.000,0.000,0.000
2727,0.000,0.000,0.000,0.000
2728,0.000,0.000,0.000,0.000
2729,0.000,0.000,0.000,0.000
2730,0.000,0.000,0.000,0.000
2731,0.000,0.000,0.000,0.000
2732,0.000,0.000,0.000,0.000
2733,0.000,0.000,0.000,0.000
2734,0.000,0.000,0.000,0.000
2735,0.000,0.000,0.000,0.000
2736,0.000,0.000,0.000,0.000
2737,0.000,0.000,0.000,0.000
2738,0.000,0.000,0.000,0.000
2739,0.000,0.000,0.000,0.000
2740,0.000,0.000,0.000,0.000
2741,0.000,0.000,0.000,0.000
2742,0.000,0.000,0.000,0.000
2743,0.000,0.000,0.000,0.000
2744,0.000,0.000,0.000,0.000
2745,0.000,0.000,0.000,0.000
2746,0.000,0.000,0.000,0.000
2747,0.000,0.000,0.000,0.000
2748,0.000,0.000,0.000,0.000
2749,0.000,0.000,0.000,0.000
2750,0.000,0.000,0.000,0.000
2751,0.000,0.000,0.000,0.000
2752,0.000,0.000,0.000,0.000
2753,0.000,0.000,0.000,0.000
2754,0.000,0.000,0.000,0.000
2755,0.000,0.000,0.000,0.000
2756,0.000,0.000,0.000,0.000
2757,0.000,0.000,0.000,0.000
2758,0.000,0.000,0.000,0.000
2759,0.000,0.000,0.000,0.000
2760,0.000,0.000,0.000,0.000
2761,0.000,0.000,0.000,0.000
2762,0.000,0.000,0.000,0.000
2763,0.000,0.000,0.000,0.000
2764,0.000,0.000,0.000,0.000
2765,0.000,0.000,0.000,0.000
2766,0.000,0.000,0.000,0.000
2767,0.000,0.000,0.000,0.000
2768,0.000,0.000,0.000,0.000
2769,0.000,0.000,0.000,0.000
2770,0.000,0.000,0.000,0.000
2771,0.000,0.000,0.000,0.000
2772,0.000,0.000,0.000,0.000
2773,0.000,0.000,0.000,0.000
2774,0.000,0.000,0.000,0.000
2775,0.000,0.000,0.000,0.000
2776,0.000,0.000,0.000,0.000
2777,0.000,0.000,0.000,0.000
2778,0.000,0.000,0.000,0.000
2779,0.000,0.000,0.000,0.000
2780,0.000,0.000,0.000,0.000
2781,0.000,0.000,0.000,0.000
2782,0.000,0.000,0.000,0.000
2783,0.000,0.000,0.000,0.000
2784,0.000,0.000,0.000,0.000
2785,0.000,0.000,0.000,0.000
2786,0.000,0.000,0.000,0.000
2787,0.000,0.000,0.000,0.000
2788,0.000,0.000,0.000,0.000
2789,0.000,0.000,0.000,0.000
2790,0.000,0.000,0.000,0.000
2791,0.000,0.000,0.000,0.000
2792,0.000,0.000,0.000,0.000
2793,0.000,0.000,0.000,0.000
2794,0.000,0.000,0.000,0.000
2795,0.000,0.000,0.000,0.000
2796,0.000,0.000,0.000,0.000
2797,0.000,0.000,0.000,0.000
2798,0.000,0.000,0.000,0.000
2799,0.000,0.000,0.000,0.000
2800,0.000,0.000,0.000,0.000
2801,0.000,0.000,0.000,0.000
2802,0.000,0.000,0.000,0.000
2803,0.000,0.000,0.000,0.000
2804,0.000,0.000,0.000,0.000
2805,0.000,0.000,0.000,0.000
2806,0.000,0.000,0.000,0.000
2807,0.000,0.000,0.000,0.000
2808,0.000,0.000,0.000,0.000
2809,0.000,0.000,0.000,0.000
2810,0.000,0.000,0.000,0.000
2811,0.000,0.000,0.000,0.000
2812,0.000,0.000,0.000,0.000
2813,0.000,0.000,0.000,0.000
2814,0.000,0.000,0.000,0.000
2815,0.000,0.000,0.000,0.000
2816,0.000,0.000,0.000,0.000
2817,0.000,0.000,0.000,0.000
2818,0.000,0.000,0.000,0.000
2819,0.000,0.000,0.000,0.000
2820,0.000,0.000,0.000,0.000
2821,0.000,0.000,0.000,0.000
2822,0.000,0.000,0.000,0.000
2823,0.000,0.000,0.000,0.000
2824,0.000,0.000,0.000,0.000
2825,0.000,0.000,0.000,0.000
2826,0.000,0.000,0.000,0.000
2827,0.000,0.000,0.000,0.000
2828,0.000,0.000,0.000,0.000
2829,0.000,0.000,0.000,0.000
2830,0.000,0.000,0.000,0.000
2831,0.000,0.000,0.000,0.000
2832,0.000,0.000,0.000,0.000
2833,0.000,0.000,0.000,0.000
2834,0.000,0.000,0.000,0.000
2835,0.000,0.000,0.000,0.000
2836,0.000,0.000,0.000,0.000
2837,0.000,0.000,0.000,0.000
2838,0.000,0.000,0.000,0.000
2839,0.000,0.000,0.000,0.000
2840,0.000,0.000,0.000,0.000
2841,0.000,0.000,0.000,0.000
2842,0.000,0.000,0.000,0.000
2843,0.000,0.000,0.000,0.000
2844,0.000,0.000,0.000,0.000
2845,0.000,0.000,0.000,0.000
2846,0.000,0.000,0.000,0.000
2847,0.000,0.000,0.000,0.000
2848,0.000,0.000,0.000,0.000
2849,0.000,0.000,0.000,0.000
2850,0.000,0.000,0.000,0.000
2851,0.000,0.000,0.000,0.000
2852,0.000,0.000,0.000,0.000
2853,0.000,0.000,0.000,0.000
2854,0.000,0.000,0.000,0.000
2855,0.000,0.000,0.000,0.000
2856,0.000,0.000,0.000,0.000
2857,0.000,0.000,0.000,0.000
2858,0.000,0.000,0.000,0.000
2859,0.000,0.000,0.000,0.000
2860,0.000,0.000,0.000,0.000
2861,0.000,0.000,0.000,0.000
2862,0.000,0.000,0.000,0.000
2863,0.000,0.000,0.000,0.000
2864,0.000,0.000,0.000,0.000
2865,0.000,0.000,0.000,0.000
2866,0.000,0.000,0.000,0.000
2867,0.000,0.000,0.000,0.000
2868,0.000,0.000,0.000,0.000
2869,0.000,0.000,0.000,0.000
2870,0.000,0.000,0.000,0.000
2871,0.000,0.000,0.000,0.000
2872,0.000,0.000,0.000,0.000
2873,0.000,0.000,0.000,0.000
2874,0.000,0.000,0.000,0.000
2875,0.000,0.000,0.000,0.000
2876,0.000,0.000,0.000,0.000
2877,0.000,0.000,0.000,0.000
2878,0.000,0.000,0.000,0.000
2879,0.000,0.000,0.000,0.000
2880,0.000,0.000,0.000,0.000
2881,0.000,0.000,0.000,0.000
2882,0.000,0.000,0.000,0.000
2883,0.000,0.000,0.000,0.000
2884,0.000,0.000,0.000,0.000
2885,0.000,0.000,0.000,0.000
2886,0.000,0.000,0.000,0.000
2887,0.000,0.000,0.000,0.000
2888,0.000,0.000,0.000,0.000
2889,0.000,0.000,0.000,0.000
2890,0.000,0.000,0.000,0.000
2891,0.000,0.000,0.000,0.000
2892,0.000,0.000,0.000,0.000
2893,0.000,0.000,0.000,0.000
2894,0.000,0.000,0.000,0.000
2895,0.000,0.000,0.000,0.000
2896,0.000,0.000,0.000,0.000
2897,0.000,0.000,0.000,0.000
2898,0.000,0.000,0.000,0.000
2899,0.000,0.000,0.000,0.000
2900,0.000,0.000,0.000,0.000
2901,0.000,0.000,0.000,0.000
2902,0.000,0.000,0.000,0.000
2903,0.000,0.000,0.000,0.000
2904,0.000,0.000,0.000,0.000
2905,0.000,0.000,0.000,0.000
2906,0.000,0.000,0.000,0.000
2907,0.000,0.000,0.000,0.000
2908,0.000,0.000,0.000,0.000
2909,0.000,0.000,0.000,0.000
2910,0.000,0.000,0.000,0.000
2911,0.000,0.000,0.000,0.000
2912,0.000,0.000,0.000,0.000
2913,0.000,0.000,0.000,0.000
2914,0.000,0.000,0.000,0.000
2915,0.000,0.000,0.000,0.000
2916,0.000,0.000,0.000,0.000
2917,0.000,0.000,0.000,0.000
2918,0.000,0.000,0.000,0.000
2919,0.000,0.000,0.000,0.000
2920,0.000,0.000,0.000,0.000
2921,0.000,0.000,0.000,0.000
2922,0.000,0.000,0.000,0.000
2923,0.000,0.000,0.000,0.000
2924,0.000,0.000,0.000,0.000
2925,0.000,0.000,0.000,0.000
2926,0.000,0.000,0.000,0.000
2927,0.000,0.000,0.000,0.000
2928,0.000,0.000,0.000,0.000
2929,0.000,0.000,0.000,0.000
2930,0.000,0.000,0.000,0.000
2931,0.000,0.000,0.000,0.000
2932,0.000,0.000,0.000,0.000
2933,0.000,0.000,0.000,0.000
2934,0.000,0.000,0.000,0.000
2935,0.000,0.000,0.000,0.000
2936,0.000,0.000,0.000,0.000
2937,0.000,0.000,0.000,0.000
2938,0.000,0.000,0.000,0.000
2939,0.000,0.000,0.000,0.000
2940,0.000,0.000,0.000,0.000
2941,0.000,0.000,0.000,0.000
2942,0.000,0.000,0.000,0.000
2943,0.000,0.000,0.000,0.000
2944,0.000,0.000,0.000,0.000
2945,0.000,0.000,0.000,0.000
2946,0.000,0.000,0.000,0.000
2947,0.000,0.000,0.000,0.000
2948,0.000,0.000,0.000,0.000
2949,0.000,0.000,0.000,0.000
2950,0.000,0.000,0.000,0.000
2951,0.000,0.000,0.000,0.000
2952,0.000,0.000,0.000,0.000
2953,0.000,0.000,0.000,0.000
2954,0.000,0.000,0.000,0.000
2955,0.000,0.000,0.000,0.000
2956,0.000,0.000,0.000,0.000
2957,0.000,0.000,0.000,0.000
2958,0.000,0.000,0.000,0.000
2959,0.000,0.000,0.000,0.000
2960,0.000,0.000,0.000,0.000
2961,0.000,0.000,0.000,0.000
2962,0.000,0.000,0.000,0.000
2963,0.000,0.000,0.000,0.000
2964,0.000,0.000,0.000,0.000
2965,0.000,0.000,0.000,0.000
2966,0.000,0.000,0.000,0.000
2967,0.000,0.000,0.000,0.000
2968,0.000,0.000,0.000,0.000
2969,0.000,0.000,0.000,0.000
2970,0.000,0.000,0.000,0.000
2971,0.000,0.000,0.000,0.000
2972,0.000,0.000,0.000,0.000
2973,0.000,0.000,0.000,0.000
2974,0.000,0.000,0.000,0.000
2975,0.000,0.000,0.000,0.000
2976,0.000,0.000,0.000,0.000
2977,0.000,0.000,0.000,0.000
2978,0.000,0.000,0.000,0.000
2979,0.000,0.000,0.000,0.000
2980,0.000,0.000,0.000,0.000
2981,0.000,0.000,0.000,0.000
2982,0.000,0.000,0.000,0.000
2983,0.000,0.000,0.000,0.000
2984,0.000,0.000,0.000,0.000
2985,0.000,0.000,0.000,0.000
2986,0.000,0.000,0.000,0.000
2987,0.000,0.000,0.000,0.000
2988,0.000,0.000,0.000,0.000
2989,0.000,0.000,0.000,0.000
2990,0.000,0.000,0.000,0.000
2991,0.000,0.000,0.000,0.000
2992,0.000,0.000,0.000,0.000
2993,0.000,0.000,0.000,0.000
2994,0.000,0.000,0.000,0.000
2995,0.000,0.000,0.000,0.000
2996,0.000,0.000,0.000,0.000
2997,0.000,0.000,0.000,0.000
2998,0.000,0.000,0.000,0.000
2999,0.000,0.000,0.000,0.000
3000,0.000,0.000,0.000,0.000
3001,0.000,0.000,0.000,0.000
3002,0.000,0.000,0.000,0.000
3003,0.000,0.000,0.000,0.000
3004,0.000,0.000,0.000,0.000
3005,0.000,0.000,0.000,0.000
3006,0.000,0.000,0.000,0.000
3007,0.000,0.000,0.000,0.000
3008,0.000,0.000,0.000,0.000
3009,0.000,0.000,0.000,0.000
3010,0.000,0.000,0.000,0.000
3011,0.000,0.000,0.000,0.000
3012,0.000,0.000,0.000,0.000
3013,0.000,0.000,0.000,0.000
3014,0.000,0.000,0.000,0.000
3015,0.000,0.000,0.000,0.000
3016,0.000,0.000,0.000,0.000
3017,0.000,0.000,0.000,0.000
3018,0.000,0.000,0.000,0.000
3019,0.000,0.000,0.000,0.000
3020,0.000,0.000,0.000,0.000
3021,0.000,0.000,0.000,0.000
3022,0.000,0.000,0.000,0.000
3023,0.000,0.000,0.000,0.000
3024,0.000,0.000,0.000,0.000
3025,0.000,0.000,0.000,0.000
3026,0.000,0.000,0.000,0.000
3027,0.000,0.000,0.000,0.000
3028,0.000,0.000,0.000,0.000
3029,0.000,0.000,0.000,0.000
3030,0.000,0.000,0.000,0.000
3031,0.000,0.000,0.000,0.000
3032,0.000,0.000,0.000,0.000
3033,0.000,0.000,0.000,0.000
3034,0.000,0.000,0.000,0.000
3035,0.000,0.000,0.000,0.000
3036,0.000,0.000,0.000,0.000
3037,0.000,0.000,0.000,0.000
3038,0.000,0.000,0.000,0.000
3039,0.000,0.000,0.000,0.000
3040,0.000,0.000,0.000,0.000
3041,0.000,0.000,0.000,0.000
3042,0.000,0.000,0.000,0.000
3043,0.000,0.000,0.000,0.000
3044,0.000,0.000,0.000,0.000
3045,0.000,0.000,0.000,0.000
3046,0.000,0.000,0.000,0.000
3047,0.000,0.000,0.000,0.000
3048,0.000,0.000,0.000,0.000
3049,0.000,0.000,0.000,0.000
3050,0.000,0.000,0.000,0.000
3051,0.000,0.000,0.000,0.000
3052,0.000,0.000,0.000,0.000
3053,0.000,0.000,0.000,0.000
3054,0.000,0.000,0.000,0.000
3055,0.000,0.000,0.000,0.000
3056,0.000,0.000,0.000,0.000
3057,0.000,0.000,0.000,0.000
3058,0.000,0.000,0.000,0.000
3059,0.000,0.000,0.000,0.000
3060,0.000,0.000,0.000,0.000
3061,0.000,0.000,0.000,0.000
3062,0.000,0.000,0.000,0.000
3063,0.000,0.000,0.000,0.000
3064,0.000,0.000,0.000,0.000
3065,0.000,0.000,0.000,0.000
3066,0.000,0.000,0.000,0.000
3067,0.000,0.000,0.000,0.000
3068,0.000,0.000,0.000,0.000
3069,0.000,0.000,0.000,0.000
3070,0.000,0.000,0.000,0.000
3071,0.000,0.000,0.000,0.000
3072,0.000,0.000,0.000,0.000
3073,0.000,0.000,0.000,0.000
3074,0.000,0.000,0.000,0.000
3075,0.000,0.000,0.000,0.000
3076,0.000,0.000,0.000,0.000
3077,0.000,0.000,0.000,0.000
3078,0.000,0.000,0.000,0.000
3079,0.000,0.000,0.000,0.000
3080,0.000,0.000,0.000,0.000
3081,0.000,0.000,0.000,0.000
3082,0.000,0.000,0.000,0.000
3083,0.000,0.000,0.000,0.000
3084,0.000,0.000,0.000,0.000
3085,0.000,0.000,0.000,0.000
3086,0.000,0.000,0.000,0.000
3087,0.000,0.000,0.000,0.000
3088,0.000,0.000,0.000,0.000
3089,0.000,0.000,0.000,0.000
3090,0.000,0.000,0.000,0.000
3091,0.000,0.000,0.000,0.000
3092,0.000,0.000,0.000,0.000
3093,0.000,0.000,0.000,0.000
3094,0.000,0.000,0.000,0.000
3095,0.000,0.000,0.000,0.000
3096,0.000,0.000,0.000,0.000
3097,0.000,0.000,0.000,0.000
3098,0.000,0.000,0.000,0.000
3099,0.000,0.000,0.000,0.000
3100,0.000,0.000,0.000,0.000
3101,0.000,0.000,0.000,0.000
3102,0.000,0.000,0.000,0.000
3103,0.000,0.000,0.000,0.000
3104,0.000,0.000,0.000,0.000
3105,0.000,0.000,0.000,0.000
3106,0.000,0.000,0.000,0.000
3107,0.000,0.000,0.000,0.000
3108,0.000,0.000,0.000,0.000
3109,0.000,0.000,0.000,0.000
3110,0.000,0.000,0.000,0.000
3111,0.000,0.000,0.000,0.000
3112,0.000,0.000,0.000,0.000
3113,0.000,0.000,0.000,0.000
3114,0.000,0.000,0.000,0.000
3115,0.000,0.000,0.000,0.000
3116,0.000,0.000,0.000,0.000
3117,0.000,0.000,0.000,0.000
3118,0.000,0.000,0.000,0.000
3119,0.000,0.000,0.000,0.000
3120,0.000,0.000,0.000,0.000
3121,0.000,0.000,0.000,0.000
3122,0.000,0.000,0.000,0.000
3123,0.000,0.000,0.000,0.000
3124,0.000,0.000,0.000,0.000
3125,0.000,0.000,0.000,0.000
3126,0.000,0.000,0.000,0.000
3127,0.000,0.000,0.000,0.000
3128,0.000,0.000,0.000,0.000
3129,0.000,0.000,0.000,0.000
3130,0.000,0.000,0.000,0.000
3131,0.000,0.000,0.000,0.000
3132,0.000,0.000,0.000,0.000
3133,0.000,0.000,0.000,0.000
3134,0.000,0.000,0.000,0.000
3135,0.000,0.000,0.000,0.000
3136,0.000,0.000,0.000,0.000
3137,0.000,0.000,0.000,0.000
3138,0.000,0.000,0.000,0.000
3139,0.000,0.000,0.000,0.000
3140,0.000,0.000,0.000,0.000
3141,0.000,0.000,0.000,0.000
3142,0.000,0.000,0.000,0.000
3143,0.000,0.000,0.000,0.000
3144,0.000,0.000,0.000,0.000
3145,0.000,0.000,0.000,0.000
3146,0.000,0.000,0.000,0.000
3147,0.000,0.000,0.000,0.000
3148,0.000,0.000,0.000,0.000
3149,0.000,0.000,0.000,0.000
3150,0.000,0.000,0.000,0.000
3151,0.000,0.000,0.000,0.000
3152,0.000,0.000,0.000,0.000
3153,0.000,0.000,0.000,0.000
3154,0.000,0.000,0.000,0.000
3155,0.000,0.000,0.000,0.000
3156,0.000,0.000,0.000,0.000
3157,0.000,0.000,0.000,0.000
3158,0.000,0.000,0.000,0.000
3159,0.000,0.000,0.000,0.000
3160,0.000,0.000,0.000,0.000
3161,0.000,0.000,0.000,0.000
3162,0.000,0.000,0.000,0.000
3163,0.000,0.000,0.000,0.000
3164,0.000,0.000,0.000,0.000
3165,0.000,0.000,0.000,0.000
3166,0.000,0.000,0.000,0.000
3167,0.000,0.000,0.000,0.000
3168,0.000,0.000,0.000,0.000
3169,0.000,0.000,0.000,0.000
3170,0.000,0.000,0.000,0.000
3171,0.000,0.000,0.000,0.000
3172,0.000,0.000,0.000,0.000
3173,0.000,0.000,0.000,0.000
3174,0.000,0.000,0.000,0.000
3175,0.000,0.000,0.000,0.000
3176,0.000,0.000,0.000,0.000
3177,0.000,0.000,0.000,0.000
3178,0.000,0.000,0.000,0.000
3179,0.000,0.000,0.000,0.000
3180,0.000,0.000,0.000,0.000
3181,0.000,0.000,0.000,0.000
3182,0.000,0.000,0.000,0.000
3183,0.000,0.000,0.000,0.000
3184,0.000,0.000,0.000,0.000
3185,0.000,0.000,0.000,0.000
3186,0.000,0.000,0.000,0.000
3187,0.000,0.000,0.000,0.000
3188,0.000,0.000,0.000,0.000
3189,0.000,0.000,0.000,0.000
3190,0.000,0.000,0.000,0.000
3191,0.000,0.000,0.000,0.000
3192,0.000,0.000,0.000,0.000
3193,0.000,0.000,0.000,0.000
3194,0.000,0.000,0.000,0.000
3195,0.000,0.000,0.000,0.000
3196,0.000,0.000,0.000,0.000
3197,0.000,0.000,0.000,0.000
3198,0.000,0.000,0.000,0.000
3199,0.000,0.000,0.000,0.000
3200,0.000,0.000,0.000,0.000
3201,0.000,0.000,0.000,0.000
3202,0.000,0.000,0.000,0.000
3203,0.000,0.000,0.000,0.000
3204,0.000,0.000,0.000,0.000
3205,0.000,0.000,0.000,0.000
3206,0.000,0.000,0.000,0.000
3207,0.000,0.000,0.000,0.000
3208,0.000,0.000,0.000,0.000
3209,0.000,0.000,0.000,0.000
3210,0.000,0.000,0.000,0.000
3211,0.000,0.000,0.000,0.000
3212,0.000,0.000,0.000,0.000
3213,0.000,0.000,0.000,0.000
3214,0.000,0.000,0.000,0.000
3215,0.000,0.000,0.000,0.000
3216,0.000,0.000,0.000,0.000
3217,0.000,0.000,0.000,0.000
3218,0.000,0.000,0.000,0.000
3219,0.000,0.000,0.000,0.000
3220,0.000,0.000,0.000,0.000
3221,0.000,0.000,0.000,0.000
3222,0.000,0.000,0.000,0.000
3223,0.000,0.000,0.000,0.000
3224,0.000,0.000,0.000,0.000
3225,0.000,0.000,0.000,0.000
3226,0.000,0.000,0.000,0.000
3227,0.000,0.000,0.000,0.000
3228,0.000,0.000,0.000,0.000
3229,0.000,0.000,0.000,0.000
3230,0.000,0.000,0.000,0.000
3231,0.000,0.000,0.000,0.000
3232,0.000,0.000,0.000,0.000
3233,0.000,0.000,0.000,0.000
3234,0.000,0.000,0.000,0.000
3235,0.000,0.000,0.000,0.000
3236,0.000,0.000,0.000,0.000
3237,0.000,0.000,0.000,0.000
3238,0.000,0.000,0.000,0.000
3239,0.000,0.000,0.000,0.000
3240,0.000,0.000,0.000,0.000
3241,0.000,0.000,0.000,0.000
3242,0.000,0.000,0.000,0.000
3243,0.000,0.000,0.000,0.000
3244,0.000,0.000,0.000,0.000
3245,0.000,0.000,0.000,0.000
3246,0.000,0.000,0.000,0.000
3247,0.000,0.000,0.000,0.000
3248,0.000,0.000,0.000,0.000
3249,0.000,0.000,0.000,0.000
3250,0.000,0.000,0.000,0.000
3251,0.000,0.000,0.000,0.000
3252,0.000,0.000,0.000,0.000
3253,0.000,0.000,0.000,0.000
3254,0.000,0.000,0.000,0.000
3255,0.000,0.000,0.000,0.000
3256,0.000,0.000,0.000,0.000
3257,0.000,0.000,0.000,0.000
3258,0.000,0.000,0.000,0.000
3259,0.000,0.000,0.000,0.000
3260,0.000,0.000,0.000,0.000
3261,0.000,0.000,0.000,0.000
3262,0.000,0.000,0.000,0.000
3263,0.000,0.000,0.000,0.000
3264,0.000,0.000,0.000,0.000
3265,0.000,0.000,0.000,0.000
3266,0.000,0.000,0.000,0.000
3267,0.000,0.000,0.000,0.000
3268,0.000,0.000,0.000,0.000
3269,0.000,0.000,0.000,0.000
3270,0.000,0.000,0.000,0.000
3271,0.000,0.000,0.000,0.000
3272,0.000,0.000,0.000,0.000
3273,0.000,0.000,0.000,0.000
3274,0.000,0.000,0.000,0.000
3275,0.000,0.000,0.000,0.000
3276,0.000,0.000,0.000,0.000
3277,0.000,0.000,0.000,0.000
3278,0.000,0.000,0.000,0.000
3279,0.000,0.000,0.000,0.000
3280,0.000,0.000,0.000,0.000
3281,0.000,0.000,0.000,0.000
3282,0.000,0.000,0.000,0.000
3283,0.000,0.000,0.000,0.000
3284,0.000,0.000,0.000,0.000
3285,0.000,0.000,0.000,0.000
3286,0.000,0.000,0.000,0.000
3287,0.000,0.000,0.000,0.000
3288,0.000,0.000,0.000,0.000
3289,0.000,0.000,0.000,0.000
3290,0.000,0.000,0.000,0.000
3291,0.000,0.000,0.000,0.000
3292,0.000,0.000,0.000,0.000
3293,0.000,0.000,0.000,0.000
3294,0.000,0.000,0.000,0.000
3295,0.000,0.000,0.000,0.000
3296,0.000,0.000,0.000,0.000
3297,0.000,0.000,0.000,0.000
3298,0.000,0.000,0.000,0.000
3299,0.000,0.000,0.000,0.000
3300,0.000,0.000,0.000,0.000
3301,0.000,0.000,0.000,0.000
3302,0.000,0.000,0.000,0.000
3303,0.000,0.000,0.000,0.000
3304,0.000,0.000,0.000,0.000
3305,0.000,0.000,0.000,0.000
3306,0.000,0.000,0.000,0.000
3307,0.000,0.000,0.000,0.000
3308,0.000,0.000,0.000,0.000
3309,0.000,0.000,0.000,0.000
3310,0.000,0.000,0.000,0.000
3311,0.000,0.000,0.000,0.000
3312,0.000,0.000,0.000,0.000
3313,0.000,0.000,0.000,0.000
3314,0.000,0.000,0.000,0.000
3315,0.000,0.000,0.000,0.000
3316,0.000,0.000,0.000,0.000
3317,0.000,0.000,0.000,0.000
3318,0.000,0.000,0.000,0.000
3319,0.000,0.000,0.000,0.000
3320,0.000,0.000,0.000,0.000
3321,0.000,0.000,0.000,0.000
3322,0.000,0.000,0.000,0.000
3323,0.000,0.000,0.000,0.000
3324,0.000,0.000,0.000,0.000
3325,0.000,0.000,0.000,0.000
3326,0.000,0.000,0.000,0.000
3327,0.000,0.000,0.000,0.000
3328,0.000,0.000,0.000,0.000
3329,0.000,0.000,0.000,0.000
3330,0.000,0.000,0.000,0.000
3331,0.000,0.000,0.000,0.000
3332,0.000,0.000,0.000,0.000
3333,0.000,0.000,0.000,0.000
3334,0.000,0.000,0.000,0.000
3335,0.000,0.000,0.000,0.000
3336,0.000,0.000,0.000,0.000
3337,0.000,0.000,0.000,0.000
3338,0.000,0.000,0.000,0.000
3339,0.000,0.000,0.000,0.000
3340,0.000,0.000,0.000,0.000
3341,0.000,0.000,0.000,0.000
3342,0.000,0.000,0.000,0.000
3343,0.000,0.000,0.000,0.000
3344,0.000,0.000,0.000,0.000
3345,0.000,0.000,0.000,0.000
3346,0.000,0.000,0.000,0.000
3347,0.000,0.000,0.000,0.000
3348,0.000,0.000,0.000,0.000
3349,0.000,0.000,0.000,0.000
3350,0.000,0.000,0.000,0.000
3351,0.000,0.000,0.000,0.000
3352,0.000,0.000,0.000,0.000
3353,0.000,0.000,0.000,0.000
3354,0.000,0.000,0.000,0.000
3355,0.000,0.000,0.000,0.000
3356,0.000,0.000,0.000,0.000
3357,0.000,0.000,0.000,0.000
3358,0.000,0.000,0.000,0.000
3359,0.000,0.000,0.000,0.000
3360,0.000,0.000,0.000,0.000
3361,0.000,0.000,0.000,0.000
3362,0.000,0.000,0.000,0.000
3363,0.000,0.000,0.000,0.000
3364,0.000,0.000,0.000,0.000
3365,0.000,0.000,0.000,0.000
3366,0.000,0.000,0.000,0.000
3367,0.000,0.000,0.000,0.000
3368,0.000,0.000,0.000,0.000
3369,0.000,0.000,0.000,0.000
3370,0.000,0.000,0.000,0.000
3371,0.000,0.000,0.000,0.000
3372,0.000,0.000,0.000,0.000
3373,0.000,0.000,0.000,0.000
3374,0.000,0.000,0.000,0.000
3375,0.000,0.000,0.000,0.000
3376,0.000,0.000,0.000,0.000
3377,0.000,0.000,0.000,0.000
3378,0.000,0.000,0.000,0.000
3379,0.000,0.000,0.000,0.000
3380,0.000,0.000,0.000,0.000
3381,0.000,0.000,0.000,0.000
3382,0.000,0.000,0.000,0.000
3383,0.000,0.000,0.000,0.000
3384,0.000,0.000,0.000,0.000
3385,0.000,0.000,0.000,0.000
3386,0.000,0.000,0.000,0.000
3387,0.000,0.000,0.000,0.000
3388,0.000,0.000,0.000,0.000
3389,0.000,0.000,0.000,0.000
3390,0.000,0.000,0.000,0.000
3391,0.000,0.000,0.000,0.000
3392,0.000,0.000,0.000,0.000
3393,0.000,0.000,0.000,0.000
3394,0.000,0.000,0.000,0.000
3395,0.000,0.000,0.000,0.000
3396,0.000,0.000,0.000,0.000
3397,0.000,0.000,0.000,0.000
3398,0.000,0.000,0.000,0.000
3399,0.000,0.000,0.000,0.000
3400,0.000,0.000,0.000,0.000
3401,0.000,0.000,0.000,0.000
3402,0.000,0.000,0.000,0.000
3403,0.000,0.000,0.000,0.000
3404,0.000,0.000,0.000,0.000
3405,0.000,0.000,0.000,0.000
3406,0.000,0.000,0.000,0.000
3407,0.000,0.000,0.000,0.000
3408,0.000,0.000,0.000,0.000
3409,0.000,0.000,0.000,0.000
3410,0.000,0.000,0.000,0.000
3411,0.000,0.000,0.000,0.000
3412,0.000,0.000,0.000,0.000
3413,0.000,0.000,0.000,0.000
3414,0.000,0.000,0.000,0.000
3415,0.000,0.000,0.000,0.000
3416,0.000,0.000,0.000,0.000
3417,0.000,0.000,0.000,0.000
3418,0.000,0.000,0.000,0.000
3419,0.000,0.000,0.000,0.000
3420,0.000,0.000,0.000,0.000
3421,0.000,0.000,0.000,0.000
3422,0.000,0.000,0.000,0.000
3423,0.000,0.000,0.000,0.000
3424,0.000,0.000,0.000,0.000
3425,0.000,0.000,0.000,0.000
3426,0.000,0.000,0.000,0.000
3427,0.000,0.000,0.000,0.000
3428,0.000,0.000,0.000,0.000
3429,0.000,0.000,0.000,0.000
3430,0.000,0.000,0.000,0.000
3431,0.000,0.000,0.000,0.000
3432,0.000,0.000,0.000,0.000
3433,0.000,0.000,0.000,0.000
3434,0.000,0.000,0.000,0.000
3435,0.000,0.000,0.000,0.000
3436,0.000,0.000,0.000,0.000
3437,0.000,0.000,0.000,0.000
3438,0.000,0.000,0.000,0.000
3439,0.000,0.000,0.000,0.000
3440,0.000,0.000,0.000,0.000
3441,0.000,0.000,0.000,0.000
3442,0.000,0.000,0.000,0.000
3443,0.000,0.000,0.000,0.000
3444,0.000,0.000,0.000,0.000
3445,0.000,0.000,0.000,0.000
3446,0.000,0.000,0.000,0.000
3447,0.000,0.000,0.000,0.000
3448,0.000,0.000,0.000,0.000
3449,0.000,0.000,0.000,0.000
3450,0.000,0.000,0.000,0.000
3451,0.000,0.000,0.000,0.000
3452,0.000,0.000,0.000,0.000
3453,0.000,0.000,0.000,0.000
3454,0.000,0.000,0.000,0.000
3455,0.000,0.000,0.000,0.000
3456,0.000,0.000,0.000,0.000
3457,0.000,0.000,0.000,0.000
3458,0.000,0.000,0.000,0.000
3459,0.000,0.000,0.000,0.000
3460,0.000,0.000,0.000,0.000
3461,0.000,0.000,0.000,0.000
3462,0.000,0.000,0.000,0.000
3463,0.000,0.000,0.000,0.000
3464,0.000,0.000,0.000,0.000
3465,0.000,0.000,0.000,0.000
3466,0.000,0.000,0.000,0.000
3467,0.000,0.000,0.000,0.000
3468,0.000,0.000,0.000,0.000
3469,0.000,0.000,0.000,0.000
3470,0.000,0.000,0.000,0.000
3471,0.000,0.000,0.000,0.000
3472,0.000,0.000,0.000,0.000
3473,0.000,0.000,0.000,0.000
3474,0.000,0.000,0.000,0.000
3475,0.000,0.000,0.000,0.000
3476,0.000,0.000,0.000,0.000
3477,0.000,0.000,0.000,0.000
3478,0.000,0.000,0.000,0.000
3479,0.000,0.000,0.000,0.000
3480,0.000,0.000,0.000,0.000
3481,0.000,0.000,0.000,0.000
3482,0.000,0.000,0.000,0.000
3483,0.000,0.000,0.000,0.000
3484,0.000,0.000,0.000,0.000
3485,0.000,0.000,0.000,0.000
3486,0.000,0.000,0.000,0.000
3487,0.000,0.000,0.000,0.000
3488,0.000,0.000,0.000,0.000
3489,0.000,0.000,0.000,0.000
3490,0.000,0.000,0.000,0.000
3491,0.000,0.000,0.000,0.000
3492,0.000,0.000,0.000,0.000
3493,0.000,0.000,0.000,0.000
3494,0.000,0.000,0.000,0.000
3495,0.000,0.000,0.000,0.000
3496,0.000,0.000,0.000,0.000
3497,0.000,0.000,0.000,0.000
3498,0.000,0.000,0.000,0.000
3499,0.000,0.000,0.000,0.000
3500,0.000,0.000,0.000,0.000
3501,0.000,0.000,0.000,0.000
3502,0.000,0.000,0.000,0.000
3503,0.000,0.000,0.000,0.000
3504,0.000,0.000,0.000,0.000
3505,0.000,0.000,0.000,0.000
3506,0.000,0.000,0.000,0.000
3507,0.000,0.000,0.000,0.000
3508,0.000,0.000,0.000,0.000
3509,0.000,0.000,0.000,0.000
3510,0.000,0.000,0.000,0.000
3511,0.000,0.000,0.000,0.000
3512,0.000,0.000,0.000,0.000
3513,0.000,0.000,0.000,0.000
3514,0.000,0.000,0.000,0.000
3515,0.000,0.000,0.000,0.000
3516,0.000,0.000,0.000,0.000
3517,0.000,0.000,0.000,0.000
3518,0.000,0.000,0.000,0.000
3519,0.000,0.000,0.000,0.000
3520,0.000,0.000,0.000,0.000
3521,0.000,0.000,0.000,0.000
3522,0.000,0.000,0.000,0.000
3523,0.000,0.000,0.000,0.000
3524,0.000,0.000,0.000,0.000
3525,0.000,0.000,0.000,0.000
3526,0.000,0.000,0.000,0.000
3527,0.000,0.000,0.000,0.000
3528,0.000,0.000,0.000,0.000
3529,0.000,0.000,0.000,0.000
3530,0.000,0.000,0.000,0.000
3531,0.000,0.000,0.000,0.000
3532,0.000,0.000,0.000,0.000
3533,0.000,0.000,0.000,0.000
3534,0.000,0.000,0.000,0.000
3535,0.000,0.000,0.000,0.000
3536,0.000,0.000,0.000,0.000
3537,0.000,0.000,0.000,0.000
3538,0.000,0.000,0.000,0.000
3539,0.000,0.000,0.000,0.000
3540,0.000,0.000,0.000,0.000
3541,0.000,0.000,0.000,0.000
3542,0.000,0.000,0.000,0.000
3543,0.000,0.000,0.000,0.000
3544,0.000,0.000,0.000,0.000
3545,0.000,0.000,0.000,0.000
3546,0.000,0.000,0.000,0.000
3547,0.000,0.000,0.000,0.000
3548,0.000,0.000,0.000,0.000
3549,0.000,0.000,0.000,0.000
3550,0.000,0.000,0.000,0.000
3551,0.000,0.000,0.000,0.000
3552,0.000,0.000,0.000,0.000
3553,0.000,0.000,0.000,0.000
3554,0.000,0.000,0.000,0.000
3555,0.000,0.000,0.000,0.000
3556,0.000,0.000,0.000,0.000
3557,0.000,0.000,0.000,0.000
3558,0.000,0.000,0.000,0.000
3559,0.000,0.000,0.000,0.000
3560,0.000,0.000,0.000,0.000
3561,0.000,0.000,0.000,0.000
3562,0.000,0.000,0.000,0.000
3563,0.000,0.000,0.000,0.000
3564,0.000,0.000,0.000,0.000
3565,0.000,0.000,0.000,0.000
3566,0.000,0.000,0.000,0.000
3567,0.000,0.000,0.000,0.000
3568,0.000,0.000,0.000,0.000
3569,0.000,0.000,0.000,0.000
3570,0.000,0.000,0.000,0.000
3571,0.000,0.000,0.000,0.000
3572,0.000,0.000,0.000,0.000
3573,0.000,0.000,0.000,0.000
3574,0.000,0.000,0.000,0.000
3575,0.000,0.000,0.000,0.000
3576,0.000,0.000,0.000,0.000
3577,0.000,0.000,0.000,0.000
3578,0.000,0.000,0.000,0.000
3579,0.000,0.000,0.000,0.000
3580,0.000,0.000,0.000,0.000
3581,0.000,0.000,0.000,0.000
3582,0.000,0.000,0.000,0.000
3583,0.000,0.000,0.000,0.000
3584,0.000,0.000,0.000,0.000
3585,0.000,0.000,0.000,0.000
3586,0.000,0.000,0.000,0.000
3587,0.000,0.000,0.000,0.000
3588,0.000,0.000,0.000,0.000
3589,0.000,0.000,0.000,0.000
3590,0.000,0.000,0.000,0.000
3591,0.000,0.000,0.000,0.000
3592,0.000,0.000,0.000,0.000
3593,0.000,0.000,0.000,0.000
3594,0.000,0.000,0.000,0.000
3595,0.000,0.000,0.000,0.000
3596,0.000,0.000,0.000,0.000
3597,0.000,0.000,0.000,0.000
3598,0.000,0.000,0.000,0.000
3599,0.000,0.000,0.000,0.000
3600,0.000,0.000,0.000,0.000
3601,0.000,0.000,0.000,0.000
3602,0.000,0.000,0.000,0.000
3603,0.000,0.000,0.000,0.000
3604,0.000,0.000,0.000,0.000
3605,0.000,0.000,0.000,0.000
3606,0.000,0.000,0.000,0.000
3607,0.000,0.000,0.000,0.000
3608,0.000,0.000,0.000,0.000
3609,0.000,0.000,0.000,0.000
3610,0.000,0.000,0.000,0.000
3611,0.000,0.000,0.000,0.000
3612,0.000,0.000,0.000,0.000
3613,0.000,0.000,0.000,0.000
3614,0.000,0.000,0.000,0.000
3615,0.000,0.000,0.000,0.000
3616,0.000,0.000,0.000,0.000
3617,0.000,0.000,0.000,0.000
3618,0.000,0.000,0.000,0.000
3619,0.000,0.000,0.000,0.000
3620,0.000,0.000,0.000,0.000
3621,0.000,0.000,0.000,0.000
3622,0.000,0.000,0.000,0.000
3623,0.000,0.000,0.000,0.000
3624,0.000,0.000,0.000,0.000
3625,0.000,0.000,0.000,0.000
3626,0.000,0.000,0.000,0.000
3627,0.000,0.000,0.000,0.000
3628,0.000,0.000,0.000,0.000
3629,0.000,0.000,0.000,0.000
3630,0.000,0.000,0.000,0.000
3631,0.000,0.000,0.000,0.000
3632,0.000,0.000,0.000,0.000
3633,0.000,0.000,0.000,0.000
3634,0.000,0.000,0.000,0.000
3635,0.000,0.000,0.000,0.000
3636,0.000,0.000,0.000,0.000
3637,0.000,0.000,0.000,0.000
3638,0.000,0.000,0.000,0.000
3639,0.000,0.000,0.000,0.000
3640,0.000,0.000,0.000,0.000
3641,0.000,0.000,0.000,0.000
3642,0.000,0.000,0.000,0.000
3643,0.000,0.000,0.000,0.000
3644,0.000,0.000,0.000,0.000
3645,0.000,0.000,0.000,0.000
3646,0.000,0.000,0.000,0.000
3647,0.000,0.000,0.000,0.000
3648,0.000,0.000,0.000,0.000
3649,0.000,0.000,0.000,0.000
3650,0.000,0.000,0.000,0.000
3651,0.000,0.000,0.000,0.000
3652,0.000,0.000,0.000,0.000
3653,0.000,0.000,0.000,0.000
3654,0.000,0.000,0.000,0.000
3655,0.000,0.000,0.000,0.000
3656,0.000,0.000,0.000,0.000
3657,0.000,0.000,0.000,0.000
3658,0.000,0.000,0.000,0.000
3659,0.000,0.000,0.000,0.000
3660,0.000,0.000,0.000,0.000
3661,0.000,0.000,0.000,0.000
3662,0.000,0.000,0.000,0.000
3663,0.000,0.000,0.000,0.000
3664,0.000,0.000,0.000,0.000
3665,0.000,0.000,0.000,0.000
3666,0.000,0.000,0.000,0.000
3667,0.000,0.000,0.000,0.000
3668,0.000,0.000,0.000,0.000
3669,0.000,0.000,0.000,0.000
3670,0.000,0.000,0.000,0.000
3671,0.000,0.000,0.000,0.000
3672,0.000,0.000,0.000,0.000
3673,0.000,0.000,0.000,0.000
3674,0.000,0.000,0.000,0.000
3675,0.000,0.000,0.000,0.000
3676,0.000,0.000,0.000,0.000
3677,0.000,0.000,0.000,0.000
3678,0.000,0.001,0.000,0.000
3679,0.000,0.003,0.000,0.001
3680,0.000,0.008,0.000,0.003
3681,0.000,0.006,0.000,0.002
3682,0.000,0.006,0.000,0.002
3683,0.000,0.006,0.000,0.002
3684,0.000,0.007,0.000,0.002
3685,0.000,0.007,0.000,0.002
3686,0.000,0.007,0.000,0.002
3687,0.000,0.007,0.000,0.002
3688,0.000,0.006,0.000,0.002
3689,0.000,0.005,0.000,0.002
3690,0.000,0.005,0.000,0.002
3691,0.000,0.005,0.000,0.002
3692,0.000,0.006,0.000,0.002
3693,0.000,0.006,0.000,0.002
3694,0.000,0.006,0.000,0.002
3695,0.000,0.008,0.000,0.003
3696,0.000,0.008,0.000,0.003
3697,0.000,0.008,0.000,0.003
3698,0.000,0.008,0.000,0.003
3699,0.000,0.005,0.000,0.002
3700,0.000,0.005,0.000,0.002
3701,0.000,0.008,0.000,0.003
3702,0.000,0.010,0.000,0.004
3703,0.000,0.010,0.000,0.004
3704,0.000,0.017,0.000,0.006
3705,0.000,0.017,0.000,0.006
3706,0.000,0.016,0.000,0.006
3707,0.000,0.020,0.000,0.007
3708,0.000,0.024,0.000,0.009
3709,0.000,0.027,0.000,0.010
3710,0.000,0.026,0.000,0.009
3711,0.000,0.023,0.000,0.008
3712,0.000,0.024,0.000,0.009
3713,0.000,0.024,0.000,0.008
3714,0.000,0.026,0.000,0.009
3715,0.000,0.026,0.000,0.009
3716,0.000,0.027,0.000,0.010
3717,0.000,0.024,0.000,0.009
3718,0.000,0.022,0.000,0.008
3719,0.000,0.021,0.000,0.008
3720,0.000,0.023,0.000,0.008
3721,0.000,0.023,0.000,0.008
3722,0.000,0.022,0.000,0.008
3723,0.000,0.019,0.000,0.007
3724,0.000,0.020,0.000,0.007
3725,0.000,0.020,0.000,0.007
3726,0.000,0.020,0.000,0.007
3727,0.000,0.018,0.000,0.006
3728,0.000,0.016,0.000,0.006
3729,0.000,0.013,0.000,0.005
3730,0.000,0.018,0.000,0.006
3731,0.000,0.018,0.000,0.006
3732,0.000,0.018,0.000,0.006
3733,0.000,0.017,0.000,0.006
3734,0.000,0.016,0.000,0.006
3735,0.000,0.011,0.000,0.004
3736,0.000,0.019,0.000,0.007
3737,0.000,0.013,0.000,0.005
3738,0.000,0.012,0.000,0.004
3739,0.000,0.016,0.000,0.006
3740,0.000,0.014,0.000,0.005
3741,0.000,0.015,0.000,0.005
3742,0.000,0.011,0.000,0.004
3743,0.000,0.007,0.000,0.003
3744,0.000,0.012,0.000,0.004
3745,0.000,0.012,0.000,0.005
3746,0.000,0.010,0.000,0.004
3747,0.000,0.011,0.000,0.004
3748,0.000,0.009,0.000,0.003
3749,0.000,0.008,0.000,0.003
3750,0.000,0.008,0.000,0.003
3751,0.000,0.010,0.000,0.004
3752,0.000,0.009,0.000,0.003
3753,0.000,0.009,0.000,0.003
3754,0.000,0.007,0.000,0.003
3755,0.000,0.007,0.000,0.003
3756,0.000,0.010,0.000,0.003
3757,0.000,0.009,0.000,0.003
3758,0.000,0.006,0.000,0.002
3759,0.000,0.006,0.000,0.002
3760,0.000,0.008,0.000,0.003
3761,0.000,0.006,0.000,0.002
3762,0.000,0.006,0.000,0.002
3763,0.000,0.006,0.000,0.002
3764,0.000,0.005,0.000,0.002
3765,0.000,0.004,0.000,0.002
3766,0.000,0.005,0.000,0.002
3767,0.000,0.005,0.000,0.002
3768,0.000,0.005,0.000,0.002
3769,0.000,0.005,0.000,0.002
3770,0.000,0.004,0.000,0.002
3771,0.000,0.004,0.000,0.001
3772,0.000,0.003,0.000,0.001
3773,0.000,0.003,0.000,0.001
3774,0.000,0.003,0.000,0.001
3775,0.000,0.003,0.000,0.001
3776,0.000,0.003,0.000,0.001
3777,0.000,0.003,0.000,0.001
3778,0.000,0.003,0.000,0.001
3779,0.000,0.003,0.000,0.001
3780,0.000,0.004,0.000,0.001
3781,0.000,0.003,0.000,0.001
3782,0.000,0.003,0.000,0.001
3783,0.000,0.003,0.000,0.001
3784,0.000,0.003,0.000,0.001
3785,0.000,0.003,0.000,0.001
3786,0.000,0.003,0.000,0.001
3787,0.000,0.003,0.000,0.001
3788,0.000,0.003,0.000,0.001
3789,0.000,0.003,0.000,0.001
3790,0.000,0.003,0.000,0.001
3791,0.000,0.003,0.000,0.001
3792,0.000,0.003,0.000,0.001
3793,0.000,0.003,0.000,0.001
3794,0.000,0.003,0.000,0.001
3795,0.000,0.003,0.000,0.001
3796,0.000,0.003,0.000,0.001
3797,0.000,0.003,0.000,0.001
3798,0.000,0.003,0.000,0.001
3799,0.000,0.003,0.000,0.001
3800,0.000,0.003,0.000,0.001
3801,0.000,0.003,0.000,0.001
3802,0.000,0.003,0.000,0.001
3803,0.000,0.003,0.000,0.001
3804,0.000,0.003,0.000,0.001
3805,0.000,0.003,0.000,0.001
3806,0.000,0.003,0.000,0.001
3807,0.000,0.003,0.000,0.001
3808,0.000,0.003,0.000,0.001
3809,0.000,0.003,0.000,0.001
3810,0.000,0.003,0.000,0.001
3811,0.000,0.003,0.000,0.001
3812,0.000,0.003,0.000,0.001
3813,0.000,0.003,0.000,0.001
3814,0.000,0.003,0.000,0.001
3815,0.000,0.003,0.000,0.001
3816,0.000,0.003,0.000,0.001
3817,0.000,0.003,0.000,0.001
3818,0.000,0.003,0.000,0.001
3819,0.000,0.003,0.000,0.001
3820,0.000,0.003,0.000,0.001
3821,0.000,0.003,0.000,0.001
3822,0.000,0.003,0.000,0.001
3823,0.000,0.003,0.000,0.001
3824,0.000,0.003,0.000,0.001
3825,0.000,0.003,0.000,0.001
3826,0.000,0.003,0.000,0.001
3827,0.000,0.003,0.000,0.001
3828,0.000,0.003,0.000,0.001
3829,0.000,0.003,0.000,0.001
3830,0.000,0.003,0.000,0.001
3831,0.000,0.003,0.000,0.001
3832,0.000,0.003,0.000,0.001
3833,0.000,0.003,0.000,0.001
3834,0.000,0.003,0.000,0.001
3835,0.000,0.003,0.000,0.001
3836,0.000,0.003,0.000,0.001
3837,0.000,0.003,0.000,0.001
3838,0.000,0.003,0.000,0.001
3839,0.000,0.003,0.000,0.001
3840,0.000,0.003,0.000,0.001
3841,0.000,0.003,0.000,0.001
3842,0.000,0.003,0.000,0.001
3843,0.000,0.003,0.000,0.001
3844,0.000,0.003,0.000,0.001
3845,0.000,0.003,0.000,0.001
3846,0.000,0.003,0.000,0.001
3847,0.000,0.003,0.000,0.001
3848,0.000,0.003,0.000,0.001
3849,0.000,0.003,0.000,0.001
3850,0.000,0.003,0.000,0.001
3851,0.000,0.003,0.000,0.001
3852,0.000,0.003,0.000,0.001
3853,0.000,0.003,0.000,0.001
3854,0.000,0.003,0.000,0.001
3855,0.000,0.003,0.000,0.001
3856,0.000,0.003,0.000,0.001
3857,0.000,0.003,0.000,0.001
3858,0.000,0.003,0.000,0.001
3859,0.000,0.003,0.000,0.001
3860,0.000,0.003,0.000,0.001
3861,0.000,0.003,0.000,0.001
3862,0.000,0.003,0.000,0.001
3863,0.000,0.003,0.000,0.001
3864,0.000,0.003,0.000,0.001
3865,0.000,0.003,0.000,0.001
3866,0.000,0.003,0.000,0.001
3867,0.000,0.003,0.000,0.001
3868,0.000,0.003,0.000,0.001
3869,0.000,0.003,0.000,0.001
3870,0.000,0.003,0.000,0.001
3871,0.000,0.003,0.000,0.001
3872,0.000,0.003,0.000,0.001
3873,0.000,0.003,0.000,0.001
3874,0.000,0.003,0.000,0.001
3875,0.000,0.003,0.000,0.001
3876,0.000,0.003,0.000,0.001
3877,0.000,0.003,0.000,0.001
3878,0.000,0.003,0.000,0.001
3879,0.000,0.003,0.000,0.001
3880,0.000,0.003,0.000,0.001
3881,0.000,0.003,0.000,0.001
3882,0.000,0.003,0.000,0.001
3883,0.000,0.003,0.000,0.001
3884,0.000,0.003,0.000,0.001
3885,0.000,0.003,0.000,0.001
3886,0.000,0.003,0.000,0.001
3887,0.000,0.003,0.000,0.001
3888,0.000,0.003,0.000,0.001
3889,0.000,0.003,0.000,0.001
3890,0.000,0.003,0.000,0.001
3891,0.000,0.003,0.000,0.001
3892,0.000,0.003,0.000,0.001
3893,0.000,0.003,0.000,0.001
3894,0.000,0.003,0.000,0.001
3895,0.000,0.003,0.000,0.001
3896,0.000,0.003,0.000,0.001
3897,0.000,0.003,0.000,0.001
3898,0.000,0.003,0.000,0.001
3899,0.000,0.003,0.000,0.001
3900,0.000,0.003,0.000,0.001
3901,0.000,0.003,0.000,0.001
3902,0.000,0.003,0.000,0.001
3903,0.000,0.003,0.000,0.001
3904,0.000,0.003,0.000,0.001
3905,0.000,0.003,0.000,0.001
3906,0.000,0.003,0.000,0.001
3907,0.000,0.003,0.000,0.001
3908,0.000,0.003,0.000,0.001
3909,0.000,0.003,0.000,0.001
3910,0.000,0.003,0.000,0.001
3911,0.000,0.003,0.000,0.001
3912,0.000,0.003,0.000,0.001
3913,0.000,0.003,0.000,0.001
3914,0.000,0.003,0.000,0.001
3915,0.000,0.003,0.000,0.001
3916,0.000,0.003,0.000,0.001
3917,0.000,0.003,0.000,0.001
3918,0.000,0.003,0.000,0.001
3919,0.000,0.003,0.000,0.001
3920,0.000,0.003,0.000,0.001
3921,0.000,0.003,0.000,0.001
3922,0.000,0.003,0.000,0.001
3923,0.000,0.003,0.000,0.001
3924,0.000,0.003,0.000,0.001
3925,0.000,0.003,0.000,0.001
3926,0.000,0.003,0.000,0.001
3927,0.000,0.003,0.000,0.001
3928,0.000,0.003,0.000,0.001
3929,0.000,0.003,0.000,0.001
3930,0.000,0.003,0.000,0.001
3931,0.000,0.003,0.000,0.001
3932,0.000,0.003,0.000,0.001
3933,0.000,0.003,0.000,0.001
3934,0.000,0.003,0.000,0.001
3935,0.000,0.003,0.000,0.001
3936,0.000,0.003,0.000,0.001
3937,0.000,0.003,0.000,0.001
3938,0.000,0.003,0.000,0.001
3939,0.000,0.003,0.000,0.001
3940,0.000,0.003,0.000,0.001
3941,0.000,0.003,0.000,0.001
3942,0.000,0.003,0.000,0.001
3943,0.000,0.003,0.000,0.001
3944,0.000,0.003,0.000,0.001
3945,0.000,0.003,0.000,0.001
3946,0.000,0.003,0.000,0.001
3947,0.000,0.003,0.000,0.001
3948,0.000,0.003,0.000,0.001
3949,0.000,0.003,0.000,0.001
3950,0.000,0.003,0.000,0.001
3951,0.000,0.003,0.000,0.001
3952,0.000,0.003,0.000,0.001
3953,0.000,0.003,0.000,0.001
3954,0.000,0.003,0.000,0.001
3955,0.000,0.003,0.000,0.001
3956,0.000,0.003,0.000,0.001
3957,0.000,0.003,0.000,0.001
3958,0.000,0.003,0.000,0.001
3959,0.000,0.003,0.000,0.001
3960,0.000,0.003,0.000,0.001
3961,0.000,0.003,0.000,0.001
3962,0.000,0.003,0.000,0.001
3963,0.000,0.003,0.000,0.001
3964,0.000,0.003,0.000,0.001
3965,0.000,0.003,0.000,0.001
3966,0.000,0.003,0.000,0.001
3967,0.000,0.003,0.000,0.001
3968,0.000,0.003,0.000,0.001
3969,0.000,0.003,0.000,0.001
3970,0.000,0.003,0.000,0.001
3971,0.000,0.003,0.000,0.001
3972,0.000,0.003,0.000,0.001
3973,0.000,0.003,0.000,0.001
3974,0.000,0.003,0.000,0.001
3975,0.000,0.003,0.000,0.001
3976,0.000,0.003,0.000,0.001
3977,0.000,0.003,0.000,0.001
3978,0.000,0.003,0.000,0.001
3979,0.000,0.003,0.000,0.001
3980,0.000,0.003,0.000,0.001
3981,0.000,0.003,0.000,0.001
3982,0.000,0.003,0.000,0.001
3983,0.000,0.003,0.000,0.001
3984,0.000,0.003,0.000,0.001
3985,0.000,0.003,0.000,0.001
3986,0.000,0.003,0.000,0.001
3987,0.000,0.003,0.000,0.001
3988,0.000,0.003,0.000,0.001
3989,0.000,0.003,0.000,0.001
3990,0.000,0.003,0.000,0.001
3991,0.000,0.003,0.000,0.001
3992,0.000,0.003,0.000,0.001
3993,0.000,0.003,0.000,0.001
3994,0.000,0.003,0.000,0.001
3995,0.000,0.003,0.000,0.001
3996,0.000,0.003,0.000,0.001
3997,0.000,0.003,0.000,0.001
3998,0.000,0.003,0.000,0.001
3999,0.000,0.003,0.000,0.001
4000,0.000,0.003,0.000,0.001
4001,0.000,0.003,0.000,0.001
4002,0.000,0.003,0.000,0.001
4003,0.000,0.003,0.000,0.001
4004,0.000,0.003,0.000,0.001
4005,0.000,0.003,0.000,0.001
4006,0.000,0.003,0.000,0.001
4007,0.000,0.003,0.000,0.001
4008,0.000,0.003,0.000,0.001
4009,0.000,0.003,0.000,0.001
4010,0.000,0.003,0.000,0.001
4011,0.000,0.003,0.000,0.001
4012,0.000,0.003,0.000,0.001
4013,0.000,0.003,0.000,0.001
4014,0.000,0.003,0.000,0.001
4015,0.000,0.003,0.000,0.001
4016,0.000,0.003,0.000,0.001
4017,0.000,0.003,0.000,0.001
4018,0.000,0.003,0.000,0.001
4019,0.000,0.003,0.000,0.001
4020,0.000,0.003,0.000,0.001
4021,0.000,0.003,0.000,0.001
4022,0.000,0.003,0.000,0.001
4023,0.000,0.003,0.000,0.001
4024,0.000,0.003,0.000,0.001
4025,0.000,0.003,0.000,0.001
4026,0.000,0.003,0.000,0.001
4027,0.000,0.003,0.000,0.001
4028,0.000,0.003,0.000,0.001
4029,0.000,0.003,0.000,0.001
4030,0.000,0.003,0.000,0.001
4031,0.000,0.003,0.000,0.001
4032,0.000,0.003,0.000,0.001
4033,0.000,0.003,0.000,0.001
4034,0.000,0.003,0.000,0.001
4035,0.000,0.003,0.000,0.001
4036,0.000,0.003,0.000,0.001
4037,0.000,0.003,0.000,0.001
4038,0.000,0.003,0.000,0.001
4039,0.000,0.003,0.000,0.001
4040,0.000,0.003,0.000,0.001
4041,0.000,0.003,0.000,0.001
4042,0.000,0.003,0.000,0.001
4043,0.000,0.003,0.000,0.001
4044,0.000,0.003,0.000,0.001
4045,0.000,0.003,0.000,0.001
4046,0.000,0.003,0.000,0.001
4047,0.000,0.003,0.000,0.001
4048,0.000,0.003,0.000,0.001
4049,0.000,0.003,0.000,0.001
4050,0.000,0.003,0.000,0.001
4051,0.000,0.003,0.000,0.001
4052,0.000,0.003,0.000,0.001
4053,0.000,0.003,0.000,0.001
4054,0.000,0.003,0.000,0.001
4055,0.000,0.003,0.000,0.001
4056,0.000,0.003,0.000,0.001
4057,0.000,0.003,0.000,0.001
4058,0.000,0.003,0.000,0.001
4059,0.000,0.003,0.000,0.001
4060,0.000,0.003,0.000,0.001
4061,0.000,0.003,0.000,0.001
4062,0.000,0.003,0.000,0.001
4063,0.000,0.003,0.000,0.001
4064,0.000,0.003,0.000,0.001
4065,0.000,0.003,0.000,0.001
4066,0.000,0.003,0.000,0.001
4067,0.000,0.003,0.000,0.001
4068,0.000,0.003,0.000,0.001
4069,0.000,0.003,0.000,0.001
4070,0.000,0.003,0.000,0.001
4071,0.000,0.003,0.000,0.001
4072,0.000,0.003,0.000,0.001
4073,0.000,0.003,0.000,0.001
4074,0.000,0.003,0.000,0.001
4075,0.000,0.003,0.000,0.001
4076,0.000,0.003,0.000,0.001
4077,0.000,0.003,0.000,0.001
4078,0.000,0.003,0.000,0.001
4079,0.000,0.003,0.000,0.001
4080,0.000,0.003,0.000,0.001
4081,0.000,0.003,0.000,0.001
4082,0.000,0.003,0.000,0.001
4083,0.000,0.003,0.000,0.001
4084,0.000,0.003,0.000,0.001
4085,0.000,0.003,0.000,0.001
4086,0.000,0.003,0.000,0.001
4087,0.000,0.003,0.000,0.001
4088,0.000,0.003,0.000,0.001
4089,0.000,0.003,0.000,0.001
4090,0.000,0.003,0.000,0.001
4091,0.000,0.003,0.000,0.001
4092,0.000,0.003,0.000,0.001
4093,0.000,0.003,0.000,0.001
4094,0.000,0.003,0.000,0.001
4095,0.000,0.003,0.000,0.001
4096,0.000,0.003,0.000,0.001
4097,0.000,0.003,0.000,0.001
4098,0.000,0.003,0.000,0.001
4099,0.000,0.003,0.000,0.001
4100,0.000,0.003,0.000,0.001
4101,0.000,0.003,0.000,0.001
4102,0.000,0.003,0.000,0.001
4103,0.000,0.003,0.000,0.001
4104,0.000,0.003,0.000,0.001
4105,0.000,0.003,0.000,0.001
4106,0.000,0.003,0.000,0.001
4107,0.000,0.003,0.000,0.001
4108,0.000,0.003,0.000,0.001
4109,0.000,0.003,0.000,0.001
4110,0.000,0.003,0.000,0.001
4111,0.000,0.003,0.000,0.001
4112,0.000,0.003,0.000,0.001
4113,0.000,0.003,0.000,0.001
4114,0.000,0.003,0.000,0.001
4115,0.000,0.003,0.000,0.001
4116,0.000,0.003,0.000,0.001
4117,0.000,0.003,0.000,0.001
4118,0.000,0.003,0.000,0.001
4119,0.000,0.003,0.000,0.001
4120,0.000,0.003,0.000,0.001
4121,0.000,0.003,0.000,0.001
4122,0.000,0.003,0.000,0.001
4123,0.000,0.003,0.000,0.001
4124,0.000,0.003,0.000,0.001
4125,0.000,0.003,0.000,0.001
4126,0.000,0.003,0.000,0.001
4127,0.000,0.003,0.000,0.001
4128,0.000,0.003,0.000,0.001
4129,0.000,0.003,0.000,0.001
4130,0.000,0.003,0.000,0.001
4131,0.000,0.003,0.000,0.001
4132,0.000,0.003,0.000,0.001
4133,0.000,0.003,0.000,0.001
4134,0.000,0.003,0.000,0.001
4135,0.000,0.003,0.000,0.001
4136,0.000,0.003,0.000,0.001
4137,0.000,0.003,0.000,0.001
4138,0.000,0.003,0.000,0.001
4139,0.000,0.003,0.000,0.001
4140,0.000,0.003,0.000,0.001
4141,0.000,0.003,0.000,0.001
4142,0.000,0.003,0.000,0.001
4143,0.000,0.003,0.000,0.001
4144,0.000,0.003,0.000,0.001
4145,0.000,0.003,0.000,0.001
4146,0.000,0.003,0.000,0.001
4147,0.000,0.003,0.000,0.001
4148,0.000,0.003,0.000,0.001
4149,0.000,0.003,0.000,0.001
4150,0.000,0.003,0.000,0.001
4151,0.000,0.003,0.000,0.001
4152,0.000,0.003,0.000,0.001
4153,0.000,0.003,0.000,0.001
4154,0.000,0.003,0.000,0.001
4155,0.000,0.003,0.000,0.001
4156,0.000,0.003,0.000,0.001
4157,0.000,0.003,0.000,0.001
4158,0.000,0.003,0.000,0.001
4159,0.000,0.003,0.000,0.001
4160,0.000,0.003,0.000,0.001
4161,0.000,0.003,0.000,0.001
4162,0.000,0.003,0.000,0.001
4163,0.000,0.003,0.000,0.001
4164,0.000,0.003,0.000,0.001
4165,0.000,0.003,0.000,0.001
4166,0.000,0.003,0.000,0.001
4167,0.000,0.003,0.000,0.001
4168,0.000,0.003,0.000,0.001
4169,0.000,0.003,0.000,0.001
4170,0.000,0.003,0.000,0.001
4171,0.000,0.003,0.000,0.001
4172,0.000,0.003,0.000,0.001
4173,0.000,0.003,0.000,0.001
4174,0.000,0.003,0.000,0.001
4175,0.000,0.003,0.000,0.001
4176,0.000,0.003,0.000,0.001
4177,0.000,0.003,0.000,0.001
4178,0.000,0.003,0.000,0.001
4179,0.000,0.003,0.000,0.001
4180,0.000,0.003,0.000,0.001
4181,0.000,0.003,0.000,0.001
4182,0.000,0.003,0.000,0.001
4183,0.000,0.003,0.000,0.001
4184,0.000,0.003,0.000,0.001
4185,0.000,0.003,0.000,0.001
4186,0.000,0.003,0.000,0.001
4187,0.000,0.003,0.000,0.001
4188,0.000,0.003,0.000,0.001
4189,0.000,0.003,0.000,0.001
4190,0.000,0.003,0.000,0.001
4191,0.000,0.003,0.000,0.001
4192,0.000,0.003,0.000,0.001
4193,0.000,0.003,0.000,0.001
4194,0.000,0.003,0.000,0.001
4195,0.000,0.003,0.000,0.001
4196,0.000,0.003,0.000,0.001
4197,0.000,0.003,0.000,0.001
4198,0.000,0.003,0.000,0.001
4199,0.000,0.003,0.000,0.001
4200,0.000,0.003,0.000,0.001
4201,0.000,0.003,0.000,0.001
4202,0.000,0.003,0.000,0.001
4203,0.000,0.003,0.000,0.001
4204,0.000,0.003,0.000,0.001
4205,0.000,0.003,0.000,0.001
4206,0.000,0.003,0.000,0.001
4207,0.000,0.003,0.000,0.001
4208,0.000,0.003,0.000,0.001
4209,0.000,0.003,0.000,0.001
4210,0.000,0.003,0.000,0.001
4211,0.000,0.003,0.000,0.001
4212,0.000,0.003,0.000,0.001
4213,0.000,0.003,0.000,0.001
4214,0.000,0.003,0.000,0.001
4215,0.000,0.003,0.000,0.001
4216,0.000,0.003,0.000,0.001
4217,0.000,0.003,0.000,0.001
4218,0.000,0.003,0.000,0.001
4219,0.000,0.003,0.000,0.001
4220,0.000,0.003,0.000,0.001
4221,0.000,0.003,0.000,0.001
4222,0.000,0.003,0.000,0.001
4223,0.000,0.003,0.000,0.001
4224,0.000,0.003,0.000,0.001
4225,0.000,0.003,0.000,0.001
4226,0.000,0.003,0.000,0.001
4227,0.000,0.003,0.000,0.001
4228,0.000,0.003,0.000,0.001
4229,0.000,0.003,0.000,0.001
4230,0.000,0.003,0.000,0.001
4231,0.000,0.003,0.000,0.001
4232,0.000,0.003,0.000,0.001
4233,0.000,0.003,0.000,0.001
4234,0.000,0.003,0.000,0.001
4235,0.000,0.003,0.000,0.001
4236,0.000,0.003,0.000,0.001
4237,0.000,0.003,0.000,0.001
4238,0.000,0.003,0.000,0.001
4239,0.000,0.003,0.000,0.001
4240,0.000,0.003,0.000,0.001
4241,0.000,0.003,0.000,0.001
4242,0.000,0.003,0.000,0.001
4243,0.000,0.003,0.000,0.001
4244,0.000,0.003,0.000,0.001
4245,0.000,0.003,0.000,0.001
4246,0.000,0.003,0.000,0.001
4247,0.000,0.003,0.000,0.001
4248,0.000,0.003,0.000,0.001
4249,0.000,0.003,0.000,0.001
4250,0.000,0.003,0.000,0.001
4251,0.000,0.003,0.000,0.001
4252,0.000,0.003,0.000,0.001
4253,0.000,0.003,0.000,0.001
4254,0.000,0.003,0.000,0.001
4255,0.000,0.003,0.000,0.001
4256,0.000,0.003,0.000,0.001
4257,0.000,0.003,0.000,0.001
4258,0.000,0.003,0.000,0.001
4259,0.000,0.003,0.000,0.001
4260,0.000,0.003,0.000,0.001
4261,0.000,0.003,0.000,0.001
4262,0.000,0.003,0.000,0.001
4263,0.000,0.003,0.000,0.001
4264,0.000,0.003,0.000,0.001
4265,0.000,0.003,0.000,0.001
4266,0.000,0.003,0.000,0.001
4267,0.000,0.003,0.000,0.001
4268,0.000,0.003,0.000,0.001
4269,0.000,0.003,0.000,0.001
4270,0.000,0.003,0.000,0.001
4271,0.000,0.003,0.000,0.001
4272,0.000,0.003,0.000,0.001
4273,0.000,0.003,0.000,0.001
4274,0.000,0.003,0.000,0.001
4275,0.000,0.003,0.000,0.001
4276,0.000,0.003,0.000,0.001
4277,0.000,0.003,0.000,0.001
4278,0.000,0.003,0.000,0.001
4279,0.000,0.003,0.000,0.001
4280,0.000,0.003,0.000,0.001
4281,0.000,0.003,0.000,0.001
4282,0.000,0.003,0.000,0.001
4283,0.000,0.003,0.000,0.001
4284,0.000,0.003,0.000,0.001
4285,0.000,0.003,0.000,0.001
4286,0.000,0.003,0.000,0.001
4287,0.000,0.003,0.000,0.001
4288,0.000,0.003,0.000,0.001
4289,0.000,0.003,0.000,0.001
4290,0.000,0.003,0.000,0.001
4291,0.000,0.003,0.000,0.001
4292,0.000,0.003,0.000,0.001
4293,0.000,0.003,0.000,0.001
4294,0.000,0.003,0.000,0.001
4295,0.000,0.003,0.000,0.001
4296,0.000,0.003,0.000,0.001
4297,0.000,0.003,0.000,0.001
4298,0.000,0.003,0.000,0.001
4299,0.000,0.003,0.000,0.001
4300,0.000,0.003,0.000,0.001
4301,0.000,0.003,0.000,0.001
4302,0.000,0.003,0.000,0.001
4303,0.000,0.003,0.000,0.001
4304,0.000,0.003,0.000,0.001
4305,0.000,0.003,0.000,0.001
4306,0.000,0.003,0.000,0.001
4307,0.000,0.003,0.000,0.001
4308,0.000,0.003,0.000,0.001
4309,0.000,0.003,0.000,0.001
4310,0.000,0.003,0.000,0.001
4311,0.000,0.003,0.000,0.001
4312,0.000,0.003,0.000,0.001
4313,0.000,0.003,0.000,0.001
4314,0.000,0.003,0.000,0.001
4315,0.000,0.003,0.000,0.001
4316,0.000,0.003,0.000,0.001
4317,0.000,0.003,0.000,0.001
4318,0.000,0.003,0.000,0.001
4319,0.000,0.003,0.000,0.001
4320,0.000,0.003,0.000,0.001
4321,0.000,0.003,0.000,0.001
4322,0.000,0.003,0.000,0.001
4323,0.000,0.003,0.000,0.001
4324,0.000,0.003,0.000,0.001
4325,0.000,0.003,0.000,0.001
4326,0.000,0.003,0.000,0.001
4327,0.000,0.003,0.000,0.001
4328,0.000,0.003,0.000,0.001
4329,0.000,0.003,0.000,0.001
4330,0.000,0.003,0.000,0.001
4331,0.000,0.003,0.000,0.001
4332,0.000,0.003,0.000,0.001
4333,0.000,0.003,0.000,0.001
4334,0.000,0.003,0.000,0.001
4335,0.000,0.003,0.000,0.001
4336,0.000,0.003,0.000,0.001
4337,0.000,0.003,0.000,0.001
4338,0.000,0.003,0.000,0.001
4339,0.000,0.003,0.000,0.001
4340,0.000,0.003,0.000,0.001
4341,0.000,0.003,0.000,0.001
4342,0.000,0.003,0.000,0.001
4343,0.000,0.003,0.000,0.001
4344,0.000,0.003,0.000,0.001
4345,0.000,0.003,0.000,0.001
4346,0.000,0.003,0.000,0.001
4347,0.000,0.003,0.000,0.001
4348,0.000,0.003,0.000,0.001
4349,0.000,0.003,0.000,0.001
4350,0.000,0.003,0.000,0.001
4351,0.000,0.003,0.000,0.001
4352,0.000,0.003,0.000,0.001
4353,0.000,0.003,0.000,0.001
4354,0.000,0.003,0.000,0.001
4355,0.000,0.003,0.000,0.001
4356,0.000,0.003,0.000,0.001
4357,0.000,0.003,0.000,0.001
4358,0.000,0.003,0.000,0.001
4359,0.000,0.003,0.000,0.001
4360,0.000,0.003,0.000,0.001
4361,0.000,0.003,0.000,0.001
4362,0.000,0.003,0.000,0.001
4363,0.000,0.003,0.000,0.001
4364,0.000,0.003,0.000,0.001
4365,0.000,0.003,0.000,0.001
4366,0.000,0.003,0.000,0.001
4367,0.000,0.003,0.000,0.001
4368,0.000,0.003,0.000,0.001
4369,0.000,0.003,0.000,0.001
4370,0.000,0.003,0.000,0.001
4371,0.000,0.003,0.000,0.001
4372,0.000,0.003,0.000,0.001
4373,0.000,0.003,0.000,0.001
4374,0.000,0.003,0.000,0.001
4375,0.000,0.003,0.000,0.001
4376,0.000,0.003,0.000,0.001
4377,0.000,0.003,0.000,0.001
4378,0.000,0.003,0.000,0.001
4379,0.000,0.003,0.000,0.001
4380,0.000,0.003,0.000,0.001
4381,0.000,0.003,0.000,0.001
4382,0.000,0.003,0.000,0.001
4383,0.000,0.003,0.000,0.001
4384,0.000,0.003,0.000,0.001
4385,0.000,0.003,0.000,0.001
4386,0.000,0.003,0.000,0.001
4387,0.000,0.003,0.000,0.001
4388,0.000,0.003,0.000,0.001
4389,0.000,0.003,0.000,0.001
4390,0.000,0.003,0.000,0.001
4391,0.000,0.003,0.000,0.001
4392,0.000,0.003,0.000,0.001
4393,0.000,0.003,0.000,0.001
4394,0.000,0.003,0.000,0.001
4395,0.000,0.003,0.000,0.001
4396,0.000,0.003,0.000,0.001
4397,0.000,0.003,0.000,0.001
4398,0.000,0.003,0.000,0.001
4399,0.000,0.003,0.000,0.001
4400,0.000,0.003,0.000,0.001
4401,0.000,0.003,0.000,0.001
4402,0.000,0.003,0.000,0.001
4403,0.000,0.003,0.000,0.001
4404,0.000,0.003,0.000,0.001
4405,0.000,0.003,0.000,0.001
4406,0.000,0.003,0.000,0.001
4407,0.000,0.003,0.000,0.001
4408,0.000,0.003,0.000,0.001
4409,0.000,0.003,0.000,0.001
4410,0.000,0.003,0.000,0.001
4411,0.000,0.003,0.000,0.001
4412,0.000,0.003,0.000,0.001
4413,0.000,0.003,0.000,0.001
4414,0.000,0.003,0.000,0.001
4415,0.000,0.003,0.000,0.001
4416,0.000,0.003,0.000,0.001
4417,0.000,0.003,0.000,0.001
4418,0.000,0.003,0.000,0.001
4419,0.000,0.003,0.000,0.001
4420,0.000,0.003,0.000,0.001
4421,0.000,0.003,0.000,0.001
4422,0.000,0.003,0.000,0.001
4423,0.000,0.003,0.000,0.001
4424,0.000,0.003,0.000,0.001
4425,0.000,0.003,0.000,0.001
4426,0.000,0.003,0.000,0.001
4427,0.000,0.003,0.000,0.001
4428,0.000,0.003,0.000,0.001
4429,0.000,0.003,0.000,0.001
4430,0.000,0.003,0.000,0.001
4431,0.000,0.003,0.000,0.001
4432,0.000,0.003,0.000,0.001
4433,0.000,0.003,0.000,0.001
4434,0.000,0.003,0.000,0.001
4435,0.000,0.003,0.000,0.001
4436,0.000,0.003,0.000,0.001
4437,0.000,0.003,0.000,0.001
4438,0.000,0.003,0.000,0.001
4439,0.000,0.003,0.000,0.001
4440,0.000,0.003,0.000,0.001
4441,0.000,0.003,0.000,0.001
4442,0.000,0.003,0.000,0.001
4443,0.000,0.003,0.000,0.001
4444,0.000,0.003,0.000,0.001
4445,0.000,0.003,0.000,0.001
4446,0.000,0.003,0.000,0.001
4447,0.000,0.003,0.000,0.001
4448,0.000,0.003,0.000,0.001
4449,0.000,0.003,0.000,0.001
4450,0.000,0.003,0.000,0.001
4451,0.000,0.003,0.000,0.001
4452,0.000,0.003,0.000,0.001
4453,0.000,0.003,0.000,0.001
4454,0.000,0.003,0.000,0.001
4455,0.000,0.003,0.000,0.001
4456,0.000,0.003,0.000,0.001
4457,0.000,0.003,0.000,0.001
4458,0.000,0.003,0.000,0.001
4459,0.000,0.003,0.000,0.001
4460,0.000,0.003,0.000,0.001
4461,0.000,0.003,0.000,0.001
4462,0.000,0.003,0.000,0.001
4463,0.000,0.003,0.000,0.001
4464,0.000,0.003,0.000,0.001
4465,0.000,0.003,0.000,0.001
4466,0.000,0.003,0.000,0.001
4467,0.000,0.003,0.000,0.001
4468,0.000,0.003,0.000,0.001
4469,0.000,0.003,0.000,0.001
4470,0.000,0.003,0.000,0.001
4471,0.000,0.003,0.000,0.001
4472,0.000,0.003,0.000,0.001
4473,0.000,0.003,0.000,0.001
4474,0.000,0.003,0.000,0.001
4475,0.000,0.003,0.000,0.001
4476,0.000,0.003,0.000,0.001
4477,0.000,0.003,0.000,0.001
4478,0.000,0.003,0.000,0.001
4479,0.000,0.003,0.000,0.001
4480,0.000,0.003,0.000,0.001
4481,0.000,0.003,0.000,0.001
4482,0.000,0.003,0.000,0.001
4483,0.000,0.003,0.000,0.001
4484,0.000,0.003,0.000,0.001
4485,0.000,0.003,0.000,0.001
4486,0.000,0.003,0.000,0.001
4487,0.000,0.003,0.000,0.001
4488,0.000,0.003,0.000,0.001
4489,0.000,0.003,0.000,0.001
4490,0.000,0.003,0.000,0.001
4491,0.000,0.003,0.000,0.001
4492,0.000,0.003,0.000,0.001
4493,0.000,0.003,0.000,0.001
4494,0.000,0.003,0.000,0.001
4495,0.000,0.003,0.000,0.001
4496,0.000,0.003,0.000,0.001
4497,0.000,0.003,0.000,0.001
4498,0.000,0.003,0.000,0.001
4499,0.000,0.003,0.000,0.001
4500,0.000,0.003,0.000,0.001
4501,0.000,0.003,0.000,0.001
4502,0.000,0.003,0.000,0.001
4503,0.000,0.003,0.000,0.001
4504,0.000,0.003,0.000,0.001
4505,0.000,0.003,0.000,0.001
4506,0.000,0.003,0.000,0.001
4507,0.000,0.003,0.000,0.001
4508,0.000,0.003,0.000,0.001
4509,0.000,0.003,0.000,0.001
4510,0.000,0.003,0.000,0.001
4511,0.000,0.003,0.000,0.001
4512,0.000,0.003,0.000,0.001
4513,0.000,0.003,0.000,0.001
4514,0.000,0.003,0.000,0.001
4515,0.000,0.003,0.000,0.001
4516,0.000,0.003,0.000,0.001
4517,0.000,0.003,0.000,0.001
4518,0.000,0.003,0.000,0.001
4519,0.000,0.003,0.000,0.001
4520,0.000,0.003,0.000,0.001
4521,0.000,0.003,0.000,0.001
4522,0.000,0.003,0.000,0.001
4523,0.000,0.003,0.000,0.001
4524,0.000,0.003,0.000,0.001
4525,0.000,0.003,0.000,0.001
4526,0.000,0.003,0.000,0.001
4527,0.000,0.003,0.000,0.001
4528,0.000,0.003,0.000,0.001
4529,0.000,0.003,0.000,0.001
4530,0.000,0.003,0.000,0.001
4531,0.000,0.003,0.000,0.001
4532,0.000,0.003,0.000,0.001
4533,0.000,0.003,0.000,0.001
4534,0.000,0.003,0.000,0.001
4535,0.000,0.003,0.000,0.001
4536,0.000,0.003,0.000,0.001
4537,0.000,0.003,0.000,0.001
4538,0.000,0.003,0.000,0.001
4539,0.000,0.003,0.000,0.001
4540,0.000,0.003,0.000,0.001
4541,0.000,0.003,0.000,0.001
4542,0.000,0.003,0.000,0.001
4543,0.000,0.003,0.000,0.001
4544,0.000,0.003,0.000,0.001
4545,0.000,0.003,0.000,0.001
4546,0.000,0.003,0.000,0.001
4547,0.000,0.003,0.000,0.001
4548,0.000,0.003,0.000,0.001
4549,0.000,0.003,0.000,0.001
4550,0.000,0.003,0.000,0.001
4551,0.000,0.003,0.000,0.001
4552,0.000,0.003,0.000,0.001
4553,0.000,0.003,0.000,0.001
4554,0.000,0.003,0.000,0.001
4555,0.000,0.003,0.000,0.001
4556,0.000,0.003,0.000,0.001
4557,0.000,0.003,0.000,0.001
4558,0.000,0.003,0.000,0.001
4559,0.000,0.003,0.000,0.001
4560,0.000,0.003,0.000,0.001
4561,0.000,0.003,0.000,0.001
4562,0.000,0.003,0.000,0.001
4563,0.000,0.003,0.000,0.001
4564,0.000,0.003,0.000,0.001
4565,0.000,0.003,0.000,0.001
4566,0.000,0.003,0.000,0.001
4567,0.000,0.003,0.000,0.001
4568,0.000,0.003,0.000,0.001
4569,0.000,0.003,0.000,0.001
4570,0.000,0.003,0.000,0.001
4571,0.000,0.003,0.000,0.001
4572,0.000,0.003,0.000,0.001
4573,0.000,0.003,0.000,0.001
4574,0.000,0.003,0.000,0.001
4575,0.000,0.003,0.000,0.001
4576,0.000,0.003,0.000,0.001
4577,0.000,0.003,0.000,0.001
4578,0.000,0.003,0.000,0.001
4579,0.000,0.003,0.000,0.001
4580,0.000,0.003,0.000,0.001
4581,0.000,0.003,0.000,0.001
4582,0.000,0.003,0.000,0.001
4583,0.000,0.003,0.000,0.001
4584,0.000,0.003,0.000,0.001
4585,0.000,0.003,0.000,0.001
4586,0.000,0.003,0.000,0.001
4587,0.000,0.003,0.000,0.001
4588,0.000,0.003,0.000,0.001
4589,0.000,0.003,0.000,0.001
4590,0.000,0.003,0.000,0.001
4591,0.000,0.003,0.000,0.001
4592,0.000,0.003,0.000,0.001
4593,0.000,0.003,0.000,0.001
4594,0.000,0.003,0.000,0.001
4595,0.000,0.003,0.000,0.001
4596,0.000,0.003,0.000,0.001
4597,0.000,0.003,0.000,0.001
4598,0.000,0.003,0.000,0.001
4599,0.000,0.003,0.000,0.001
4600,0.000,0.003,0.000,0.001
4601,0.000,0.003,0.000,0.001
4602,0.000,0.003,0.000,0.001
4603,0.000,0.003,0.000,0.001
4604,0.000,0.003,0.000,0.001
4605,0.000,0.003,0.000,0.001
4606,0.000,0.003,0.000,0.001
4607,0.000,0.003,0.000,0.001
4608,0.000,0.003,0.000,0.001
4609,0.000,0.003,0.000,0.001
4610,0.000,0.003,0.000,0.001
4611,0.000,0.003,0.000,0.001
4612,0.000,0.003,0.000,0.001
4613,0.000,0.003,0.000,0.001
4614,0.000,0.003,0.000,0.001
4615,0.000,0.003,0.000,0.001
4616,0.000,0.003,0.000,0.001
4617,0.000,0.003,0.000,0.001
4618,0.000,0.003,0.000,0.001
4619,0.000,0.003,0.000,0.001
4620,0.000,0.003,0.000,0.001
4621,0.000,0.003,0.000,0.001
4622,0.000,0.003,0.000,0.001
4623,0.000,0.003,0.000,0.001
4624,0.000,0.003,0.000,0.001
4625,0.000,0.003,0.000,0.001
4626,0.000,0.003,0.000,0.001
4627,0.000,0.003,0.000,0.001
4628,0.000,0.003,0.000,0.001
4629,0.000,0.003,0.000,0.001
4630,0.000,0.003,0.000,0.001
4631,0.000,0.003,0.000,0.001
4632,0.000,0.003,0.000,0.001
4633,0.000,0.003,0.000,0.001
4634,0.000,0.003,0.000,0.001
4635,0.000,0.003,0.000,0.001
4636,0.000,0.003,0.000,0.001
4637,0.000,0.003,0.000,0.001
4638,0.000,0.003,0.000,0.001
4639,0.000,0.003,0.000,0.001
4640,0.000,0.003,0.000,0.001
4641,0.000,0.003,0.000,0.001
4642,0.000,0.003,0.000,0.001
4643,0.000,0.003,0.000,0.001
4644,0.000,0.003,0.000,0.001
4645,0.000,0.003,0.000,0.001
4646,0.000,0.003,0.000,0.001
4647,0.000,0.003,0.000,0.001
4648,0.000,0.003,0.000,0.001
4649,0.000,0.003,0.000,0.001
4650,0.000,0.003,0.000,0.001
4651,0.000,0.003,0.000,0.001
4652,0.000,0.003,0.000,0.001
4653,0.000,0.003,0.000,0.001
4654,0.000,0.003,0.000,0.001
4655,0.000,0.003,0.000,0.001
4656,0.000,0.003,0.000,0.001
4657,0.000,0.003,0.000,0.001
4658,0.000,0.003,0.000,0.001
4659,0.000,0.003,0.000,0.001
4660,0.000,0.003,0.000,0.001
4661,0.000,0.003,0.000,0.001
4662,0.000,0.003,0.000,0.001
4663,0.000,0.003,0.000,0.001
4664,0.000,0.003,0.000,0.001
4665,0.000,0.003,0.000,0.001
4666,0.000,0.003,0.000,0.001
4667,0.000,0.003,0.000,0.001
4668,0.000,0.003,0.000,0.001
4669,0.000,0.003,0.000,0.001
4670,0.000,0.003,0.000,0.001
4671,0.000,0.003,0.000,0.001
4672,0.000,0.003,0.000,0.001
4673,0.000,0.003,0.000,0.001
4674,0.000,0.003,0.000,0.001
4675,0.000,0.003,0.000,0.001
4676,0.000,0.003,0.000,0.001
4677,0.000,0.003,0.000,0.001
4678,0.000,0.003,0.000,0.001
4679,0.000,0.003,0.000,0.001
4680,0.000,0.003,0.000,0.001
4681,0.000,0.003,0.000,0.001
4682,0.000,0.003,0.000,0.001
4683,0.000,0.003,0.000,0.001
4684,0.000,0.003,0.000,0.001
4685,0.000,0.003,0.000,0.001
4686,0.000,0.003,0.000,0.001
4687,0.000,0.003,0.000,0.001
4688,0.000,0.003,0.000,0.001
4689,0.000,0.003,0.000,0.001
4690,0.000,0.003,0.000,0.001
4691,0.000,0.003,0.000,0.001
4692,0.000,0.003,0.000,0.001
4693,0.000,0.003,0.000,0.001
4694,0.000,0.003,0.000,0.001
4695,0.000,0.003,0.000,0.001
4696,0.000,0.003,0.000,0.001
4697,0.000,0.003,0.000,0.001
4698,0.000,0.003,0.000,0.001
4699,0.000,0.003,0.000,0.001
4700,0.000,0.003,0.000,0.001
4701,0.000,0.003,0.000,0.001
4702,0.000,0.003,0.000,0.001
4703,0.000,0.003,0.000,0.001
4704,0.000,0.003,0.000,0.001
4705,0.000,0.003,0.000,0.001
4706,0.000,0.003,0.000,0.001
4707,0.000,0.003,0.000,0.001
4708,0.000,0.003,0.000,0.001
4709,0.000,0.003,0.000,0.001
4710,0.000,0.003,0.000,0.001
4711,0.000,0.003,0.000,0.001
4712,0.000,0.003,0.000,0.001
4713,0.000,0.003,0.000,0.001
4714,0.000,0.003,0.000,0.001
4715,0.000,0.003,0.000,0.001
4716,0.000,0.003,0.000,0.001
4717,0.000,0.003,0.000,0.001
4718,0.000,0.003,0.000,0.001
4719,0.000,0.003,0.000,0.001
4720,0.000,0.003,0.000,0.001
4721,0.000,0.003,0.000,0.001
4722,0.000,0.003,0.000,0.001
4723,0.000,0.003,0.000,0.001
4724,0.000,0.003,0.000,0.001
4725,0.000,0.003,0.000,0.001
4726,0.000,0.003,0.000,0.001
4727,0.000,0.003,0.000,0.001
4728,0.000,0.003,0.000,0.001
4729,0.000,0.003,0.000,0.001
4730,0.000,0.003,0.000,0.001
4731,0.000,0.003,0.000,0.001
4732,0.000,0.003,0.000,0.001
4733,0.000,0.003,0.000,0.001
4734,0.000,0.003,0.000,0.001
4735,0.000,0.003,0.000,0.001
4736,0.000,0.003,0.000,0.001
4737,0.000,0.003,0.000,0.001
4738,0.000,0.003,0.000,0.001
4739,0.000,0.003,0.000,0.001
4740,0.000,0.003,0.000,0.001
4741,0.000,0.003,0.000,0.001
4742,0.000,0.003,0.000,0.001
4743,0.000,0.003,0.000,0.001
4744,0.000,0.003,0.000,0.001
4745,0.000,0.003,0.000,0.001
4746,0.000,0.003,0.000,0.001
4747,0.000,0.003,0.000,0.001
4748,0.000,0.003,0.000,0.001
4749,0.000,0.003,0.000,0.001
4750,0.000,0.003,0.000,0.001
4751,0.000,0.003,0.000,0.001
4752,0.000,0.003,0.000,0.001
4753,0.000,0.003,0.000,0.001
4754,0.000,0.003,0.000,0.001
4755,0.000,0.003,0.000,0.001
4756,0.000,0.003,0.000,0.001
4757,0.000,0.003,0.000,0.001
4758,0.000,0.003,0.000,0.001
4759,0.000,0.003,0.000,0.001
4760,0.000,0.003,0.000,0.001
4761,0.000,0.003,0.000,0.001
4762,0.000,0.003,0.000,0.001
4763,0.000,0.003,0.000,0.001
4764,0.000,0.003,0.000,0.001
4765,0.000,0.003,0.000,0.001
4766,0.000,0.003,0.000,0.001
4767,0.000,0.003,0.000,0.001
4768,0.000,0.003,0.000,0.001
4769,0.000,0.003,0.000,0.001
4770,0.000,0.003,0.000,0.001
4771,0.000,0.003,0.000,0.001
4772,0.000,0.003,0.000,0.001
4773,0.000,0.003,0.000,0.001
4774,0.000,0.003,0.000,0.001
4775,0.000,0.003,0.000,0.001
4776,0.000,0.003,0.000,0.001
4777,0.000,0.003,0.000,0.001
4778,0.000,0.003,0.000,0.001
4779,0.000,0.003,0.000,0.001
4780,0.000,0.003,0.000,0.001
4781,0.000,0.003,0.000,0.001
4782,0.000,0.003,0.000,0.001
4783,0.000,0.003,0.000,0.001
4784,0.000,0.003,0.000,0.001
4785,0.000,0.003,0.000,0.001
4786,0.000,0.003,0.000,0.001
4787,0.000,0.003,0.000,0.001
4788,0.000,0.003,0.000,0.001
4789,0.000,0.003,0.000,0.001
4790,0.000,0.003,0.000,0.001
4791,0.000,0.003,0.000,0.001
4792,0.000,0.003,0.000,0.001
4793,0.000,0.003,0.000,0.001
4794,0.000,0.003,0.000,0.001
4795,0.000,0.003,0.000,0.001
4796,0.000,0.003,0.000,0.001
4797,0.000,0.003,0.000,0.001
4798,0.000,0.003,0.000,0.001
4799,0.000,0.003,0.000,0.001
4800,0.000,0.003,0.000,0.001
4801,0.000,0.003,0.000,0.001
4802,0.000,0.003,0.000,0.001
4803,0.000,0.003,0.000,0.001
4804,0.000,0.003,0.000,0.001
4805,0.000,0.003,0.000,0.001
4806,0.000,0.003,0.000,0.001
4807,0.000,0.003,0.000,0.001
4808,0.000,0.003,0.000,0.001
4809,0.000,0.003,0.000,0.001
4810,0.000,0.003,0.000,0.001
4811,0.000,0.003,0.000,0.001
4812,0.000,0.003,0.000,0.001
4813,0.000,0.003,0.000,0.001
4814,0.000,0.003,0.000,0.001
4815,0.000,0.003,0.000,0.001
4816,0.000,0.003,0.000,0.001
4817,0.000,0.003,0.000,0.001
4818,0.000,0.003,0.000,0.001
4819,0.000,0.003,0.000,0.001
4820,0.000,0.003,0.000,0.001
4821,0.000,0.003,0.000,0.001
4822,0.000,0.003,0.000,0.001
4823,0.000,0.003,0.000,0.001
4824,0.000,0.003,0.000,0.001
4825,0.000,0.003,0.000,0.001
4826,0.000,0.003,0.000,0.001
4827,0.000,0.003,0.000,0.001
4828,0.000,0.003,0.000,0.001
4829,0.000,0.003,0.000,0.001
4830,0.000,0.003,0.000,0.001
4831,0.000,0.003,0.000,0.001
4832,0.000,0.003,0.000,0.001
4833,0.000,0.003,0.000,0.001
4834,0.000,0.003,0.000,0.001
4835,0.000,0.003,0.000,0.001
4836,0.000,0.003,0.000,0.001
4837,0.000,0.003,0.000,0.001
4838,0.000,0.003,0.000,0.001
4839,0.000,0.003,0.000,0.001
4840,0.000,0.003,0.000,0.001
4841,0.000,0.003,0.000,0.001
4842,0.000,0.003,0.000,0.001
4843,0.000,0.003,0.000,0.001
4844,0.000,0.003,0.000,0.001
4845,0.000,0.003,0.000,0.001
4846,0.000,0.003,0.000,0.001
4847,0.000,0.003,0.000,0.001
4848,0.000,0.003,0.000,0.001
4849,0.000,0.003,0.000,0.001
4850,0.000,0.003,0.000,0.001
4851,0.000,0.003,0.000,0.001
4852,0.000,0.003,0.000,0.001
4853,0.000,0.003,0.000,0.001
4854,0.000,0.003,0.000,0.001
4855,0.000,0.003,0.000,0.001
4856,0.000,0.003,0.000,0.001
4857,0.000,0.003,0.000,0.001
4858,0.000,0.003,0.000,0.001
4859,0.000,0.003,0.000,0.001
4860,0.000,0.003,0.000,0.001
4861,0.000,0.003,0.000,0.001
4862,0.000,0.003,0.000,0.001
4863,0.000,0.003,0.000,0.001
4864,0.000,0.003,0.000,0.001
4865,0.000,0.003,0.000,0.001
4866,0.000,0.003,0.000,0.001
4867,0.000,0.003,0.000,0.001
4868,0.000,0.003,0.000,0.001
4869,0.000,0.003,0.000,0.001
4870,0.000,0.003,0.000,0.001
4871,0.000,0.003,0.000,0.001
4872,0.000,0.003,0.000,0.001
4873,0.000,0.003,0.000,0.001
4874,0.000,0.003,0.000,0.001
4875,0.000,0.003,0.000,0.001
4876,0.000,0.003,0.000,0.001
4877,0.000,0.003,0.000,0.001
4878,0.000,0.003,0.000,0.001
4879,0.000,0.003,0.000,0.001
4880,0.000,0.003,0.000,0.001
4881,0.000,0.003,0.000,0.001
4882,0.000,0.003,0.000,0.001
4883,0.000,0.003,0.000,0.001
4884,0.000,0.003,0.000,0.001
4885,0.000,0.003,0.000,0.001
4886,0.000,0.003,0.000,0.001
4887,0.000,0.003,0.000,0.001
4888,0.000,0.003,0.000,0.001
4889,0.000,0.003,0.000,0.001
4890,0.000,0.003,0.000,0.001
4891,0.000,0.003,0.000,0.001
4892,0.000,0.003,0.000,0.001
4893,0.000,0.003,0.000,0.001
4894,0.000,0.003,0.000,0.001
4895,0.000,0.003,0.000,0.001
4896,0.000,0.003,0.000,0.001
4897,0.000,0.003,0.000,0.001
4898,0.000,0.003,0.000,0.001
4899,0.000,0.003,0.000,0.001
4900,0.000,0.003,0.000,0.001
4901,0.000,0.003,0.000,0.001
4902,0.000,0.003,0.000,0.001
4903,0.000,0.003,0.000,0.001
4904,0.000,0.003,0.000,0.001
4905,0.000,0.003,0.000,0.001
4906,0.000,0.003,0.000,0.001
4907,0.000,0.003,0.000,0.001
4908,0.000,0.003,0.000,0.001
4909,0.000,0.003,0.000,0.001
4910,0.000,0.003,0.000,0.001
4911,0.000,0.003,0.000,0.001
4912,0.000,0.003,0.000,0.001
4913,0.000,0.003,0.000,0.001
4914,0.000,0.003,0.000,0.001
4915,0.000,0.003,0.000,0.001
4916,0.000,0.003,0.000,0.001
4917,0.000,0.003,0.000,0.001
4918,0.000,0.003,0.000,0.001
4919,0.000,0.003,0.000,0.001
4920,0.000,0.003,0.000,0.001
4921,0.000,0.003,0.000,0.001
4922,0.000,0.003,0.000,0.001
4923,0.000,0.003,0.000,0.001
4924,0.000,0.003,0.000,0.001
4925,0.000,0.003,0.000,0.001
4926,0.000,0.003,0.000,0.001
4927,0.000,0.003,0.000,0.001
4928,0.000,0.003,0.000,0.001
4929,0.000,0.003,0.000,0.001
4930,0.000,0.003,0.000,0.001
4931,0.000,0.003,0.000,0.001
4932,0.000,0.003,0.000,0.001
4933,0.000,0.003,0.000,0.001
4934,0.000,0.003,0.000,0.001
4935,0.000,0.003,0.000,0.001
4936,0.000,0.003,0.000,0.001
4937,0.000,0.003,0.000,0.001
4938,0.000,0.003,0.000,0.001
4939,0.000,0.003,0.000,0.001
4940,0.000,0.003,0.000,0.001
4941,0.000,0.003,0.000,0.001
4942,0.000,0.003,0.000,0.001
4943,0.000,0.003,0.000,0.001
4944,0.000,0.003,0.000,0.001
4945,0.000,0.003,0.000,0.001
4946,0.000,0.003,0.000,0.001
4947,0.000,0.003,0.000,0.001
4948,0.000,0.003,0.000,0.001
4949,0.000,0.003,0.000,0.001
4950,0.000,0.003,0.000,0.001
4951,0.000,0.003,0.000,0.001
4952,0.000,0.003,0.000,0.001
4953,0.000,0.003,0.000,0.001
4954,0.000,0.003,0.000,0.001
4955,0.000,0.003,0.000,0.001
4956,0.000,0.003,0.000,0.001
4957,0.000,0.003,0.000,0.001
4958,0.000,0.003,0.000,0.001
4959,0.000,0.003,0.000,0.001
4960,0.000,0.003,0.000,0.001
4961,0.000,0.003,0.000,0.001
4962,0.000,0.003,0.000,0.001
4963,0.000,0.003,0.000,0.001
4964,0.000,0.003,0.000,0.001
4965,0.000,0.003,0.000,0.001
4966,0.000,0.003,0.000,0.001
4967,0.000,0.003,0.000,0.001
4968,0.000,0.003,0.000,0.001
4969,0.000,0.003,0.000,0.001
4970,0.000,0.003,0.000,0.001
4971,0.000,0.003,0.000,0.001
4972,0.000,0.003,0.000,0.001
4973,0.000,0.003,0.000,0.001
4974,0.000,0.003,0.000,0.001
4975,0.000,0.003,0.000,0.001
4976,0.000,0.003,0.000,0.001
4977,0.000,0.003,0.000,0.001
4978,0.000,0.003,0.000,0.001
4979,0.000,0.003,0.000,0.001
4980,0.000,0.003,0.000,0.001
4981,0.000,0.003,0.000,0.001
4982,0.000,0.003,0.000,0.001
4983,0.000,0.003,0.000,0.001
4984,0.000,0.003,0.000,0.001
4985,0.000,0.003,0.000,0.001
4986,0.000,0.003,0.000,0.001
4987,0.000,0.003,0.000,0.001
4988,0.000,0.003,0.000,0.001
4989,0.000,0.003,0.000,0.001
4990,0.000,0.003,0.000,0.001
4991,0.000,0.003,0.000,0.001
4992,0.000,0.003,0.000,0.001
4993,0.000,0.003,0.000,0.001
4994,0.000,0.003,0.000,0.001
4995,0.000,0.003,0.000,0.001
4996,0.000,0.003,0.000,0.001
4997,0.000,0.003,0.000,0.001
4998,0.000,0.003,0.000,0.001
4999,0.000,0.003,0.000,0.001
5000,0.000,0.003,0.000,0.001
5001,0.000,0.003,0.000,0.001
5002,0.000,0.003,0.000,0.001
5003,0.000,0.003,0.000,0.001
5004,0.000,0.003,0.000,0.001
5005,0.000,0.003,0.000,0.001
5006,0.000,0.003,0.000,0.001
5007,0.000,0.003,0.000,0.001
5008,0.000,0.003,0.000,0.001
5009,0.000,0.003,0.000,0.001
5010,0.000,0.003,0.000,0.001
5011,0.000,0.003,0.000,0.001
5012,0.000,0.003,0.000,0.001
5013,0.000,0.003,0.000,0.001
5014,0.000,0.003,0.000,0.001
5015,0.000,0.003,0.000,0.001
5016,0.000,0.003,0.000,0.001
5017,0.000,0.003,0.000,0.001
5018,0.000,0.003,0.000,0.001
5019,0.000,0.003,0.000,0.001
5020,0.000,0.003,0.000,0.001
5021,0.000,0.003,0.000,0.001
5022,0.000,0.003,0.000,0.001
5023,0.000,0.003,0.000,0.001
5024,0.000,0.003,0.000,0.001
5025,0.000,0.003,0.000,0.001
5026,0.000,0.003,0.000,0.001
5027,0.000,0.003,0.000,0.001
5028,0.000,0.003,0.000,0.001
5029,0.000,0.003,0.000,0.001
5030,0.000,0.003,0.000,0.001
5031,0.000,0.003,0.000,0.001
5032,0.000,0.003,0.000,0.001
5033,0.000,0.003,0.000,0.001
5034,0.000,0.003,0.000,0.001
5035,0.000,0.003,0.000,0.001
5036,0.000,0.003,0.000,0.001
5037,0.000,0.003,0.000,0.001
5038,0.000,0.003,0.000,0.001
5039,0.000,0.003,0.000,0.001
5040,0.000,0.003,0.000,0.001
5041,0.000,0.003,0.000,0.001
5042,0.000,0.003,0.000,0.001
5043,0.000,0.003,0.000,0.001
5044,0.000,0.003,0.000,0.001
5045,0.000,0.003,0.000,0.001
5046,0.000,0.003,0.000,0.001
5047,0.000,0.003,0.000,0.001
5048,0.000,0.003,0.000,0.001
5049,0.000,0.003,0.000,0.001
5050,0.000,0.003,0.000,0.001
5051,0.000,0.003,0.000,0.001
5052,0.000,0.003,0.000,0.001
5053,0.000,0.003,0.000,0.001
5054,0.000,0.003,0.000,0.001
5055,0.000,0.003,0.000,0.001
5056,0.000,0.003,0.000,0.001
5057,0.000,0.003,0.000,0.001
5058,0.000,0.003,0.000,0.001
5059,0.000,0.003,0.000,0.001
5060,0.000,0.003,0.000,0.001
5061,0.000,0.003,0.000,0.001
5062,0.000,0.003,0.000,0.001
5063,0.000,0.003,0.000,0.001
5064,0.000,0.003,0.000,0.001
5065,0.000,0.003,0.000,0.001
5066,0.000,0.003,0.000,0.001
5067,0.000,0.003,0.000,0.001
5068,0.000,0.003,0.000,0.001
5069,0.000,0.003,0.000,0.001
5070,0.000,0.003,0.000,0.001
5071,0.000,0.003,0.000,0.001
5072,0.000,0.003,0.000,0.001
5073,0.000,0.003,0.000,0.001
5074,0.000,0.003,0.000,0.001
5075,0.000,0.003,0.000,0.001
5076,0.000,0.003,0.000,0.001
5077,0.000,0.003,0.000,0.001
5078,0.000,0.003,0.000,0.001
5079,0.000,0.003,0.000,0.001
5080,0.000,0.003,0.000,0.001
5081,0.000,0.003,0.000,0.001
5082,0.000,0.003,0.000,0.001
5083,0.000,0.003,0.000,0.001
5084,0.000,0.003,0.000,0.001
5085,0.000,0.003,0.000,0.001
5086,0.000,0.003,0.000,0.001
5087,0.000,0.003,0.000,0.001
5088,0.000,0.003,0.000,0.001
5089,0.000,0.003,0.000,0.001
5090,0.000,0.003,0.000,0.001
5091,0.000,0.003,0.000,0.001
5092,0.000,0.003,0.000,0.001
5093,0.000,0.003,0.000,0.001
5094,0.000,0.003,0.000,0.001
5095,0.000,0.003,0.000,0.001
5096,0.000,0.003,0.000,0.001
5097,0.000,0.003,0.000,0.001
5098,0.000,0.003,0.000,0.001
5099,0.000,0.003,0.000,0.001
5100,0.000,0.003,0.000,0.001
5101,0.000,0.003,0.000,0.001
5102,0.000,0.003,0.000,0.001
5103,0.000,0.003,0.000,0.001
5104,0.000,0.003,0.000,0.001
5105,0.000,0.003,0.000,0.001
5106,0.000,0.003,0.000,0.001
5107,0.000,0.003,0.000,0.001
5108,0.000,0.003,0.000,0.001
5109,0.000,0.003,0.000,0.001
5110,0.000,0.003,0.000,0.001
5111,0.000,0.003,0.000,0.001
5112,0.000,0.003,0.000,0.001
5113,0.000,0.003,0.000,0.001
5114,0.000,0.003,0.000,0.001
5115,0.000,0.003,0.000,0.001
5116,0.000,0.003,0.000,0.001
5117,0.000,0.003,0.000,0.001
5118,0.000,0.003,0.000,0.001
5119,0.000,0.003,0.000,0.001
5120,0.000,0.003,0.000,0.001
5121,0.000,0.003,0.000,0.001
5122,0.000,0.003,0.000,0.001
5123,0.000,0.003,0.000,0.001
5124,0.000,0.003,0.000,0.001
5125,0.000,0.003,0.000,0.001
5126,0.000,0.003,0.000,0.001
5127,0.000,0.003,0.000,0.001
5128,0.000,0.003,0.000,0.001
5129,0.000,0.003,0.000,0.001
5130,0.000,0.003,0.000,0.001
5131,0.000,0.003,0.000,0.001
5132,0.000,0.003,0.000,0.001
5133,0.000,0.003,0.000,0.001
5134,0.000,0.003,0.000,0.001
5135,0.000,0.003,0.000,0.001
5136,0.000,0.003,0.000,0.001
5137,0.000,0.003,0.000,0.001
5138,0.000,0.003,0.000,0.001
5139,0.000,0.003,0.000,0.001
5140,0.000,0.003,0.000,0.001
5141,0.000,0.003,0.000,0.001
5142,0.000,0.003,0.000,0.001
5143,0.000,0.003,0.000,0.001
5144,0.000,0.003,0.000,0.001
5145,0.000,0.003,0.000,0.001
5146,0.000,0.003,0.000,0.001
5147,0.000,0.003,0.000,0.001
5148,0.000,0.003,0.000,0.001
5149,0.000,0.003,0.000,0.001
5150,0.000,0.003,0.000,0.001
5151,0.000,0.003,0.000,0.001
5152,0.000,0.003,0.000,0.001
5153,0.000,0.003,0.000,0.001
5154,0.000,0.003,0.000,0.001
5155,0.000,0.003,0.000,0.001
5156,0.000,0.003,0.000,0.001
5157,0.000,0.003,0.000,0.001
5158,0.000,0.003,0.000,0.001
5159,0.000,0.003,0.000,0.001
5160,0.000,0.003,0.000,0.001
5161,0.000,0.003,0.000,0.001
5162,0.000,0.003,0.000,0.001
5163,0.000,0.003,0.000,0.001
5164,0.000,0.003,0.000,0.001
5165,0.000,0.003,0.000,0.001
5166,0.000,0.003,0.000,0.001
5167,0.000,0.003,0.000,0.001
5168,0.000,0.003,0.000,0.001
5169,0.000,0.003,0.000,0.001
5170,0.000,0.003,0.000,0.001
5171,0.000,0.003,0.000,0.001
5172,0.000,0.003,0.000,0.001
5173,0.000,0.003,0.000,0.001
5174,0.000,0.003,0.000,0.001
5175,0.000,0.003,0.000,0.001
5176,0.000,0.003,0.000,0.001
5177,0.000,0.003,0.000,0.001
5178,0.000,0.003,0.000,0.001
5179,0.000,0.003,0.000,0.001
5180,0.000,0.003,0.000,0.001
5181,0.000,0.003,0.000,0.001
5182,0.000,0.003,0.000,0.001
5183,0.000,0.003,0.000,0.001
5184,0.000,0.003,0.000,0.001
5185,0.000,0.003,0.000,0.001
5186,0.000,0.003,0.000,0.001
5187,0.000,0.003,0.000,0.001
5188,0.000,0.003,0.000,0.001
5189,0.000,0.003,0.000,0.001
5190,0.000,0.003,0.000,0.001
5191,0.000,0.003,0.000,0.001
5192,0.000,0.003,0.000,0.001
5193,0.000,0.003,0.000,0.001
5194,0.000,0.003,0.000,0.001
5195,0.000,0.003,0.000,0.001
5196,0.000,0.003,0.000,0.001
5197,0.000,0.003,0.000,0.001
5198,0.000,0.003,0.000,0.001
5199,0.000,0.003,0.000,0.001
5200,0.000,0.003,0.000,0.001
5201,0.000,0.003,0.000,0.001
5202,0.000,0.003,0.000,0.001
5203,0.000,0.003,0.000,0.001
5204,0.000,0.003,0.000,0.001
5205,0.000,0.003,0.000,0.001
5206,0.000,0.003,0.000,0.001
5207,0.000,0.003,0.000,0.001
5208,0.000,0.003,0.000,0.001
5209,0.000,0.003,0.000,0.001
5210,0.000,0.003,0.000,0.001
5211,0.000,0.003,0.000,0.001
5212,0.000,0.003,0.000,0.001
5213,0.000,0.003,0.000,0.001
5214,0.000,0.003,0.000,0.001
5215,0.000,0.003,0.000,0.001
5216,0.000,0.003,0.000,0.001
5217,0.000,0.003,0.000,0.001
5218,0.000,0.003,0.000,0.001
5219,0.000,0.003,0.000,0.001
5220,0.000,0.003,0.000,0.001
5221,0.000,0.003,0.000,0.001
5222,0.000,0.003,0.000,0.001
5223,0.000,0.003,0.000,0.001
5224,0.000,0.003,0.000,0.001
5225,0.000,0.003,0.000,0.001
5226,0.000,0.003,0.000,0.001
5227,0.000,0.003,0.000,0.001
5228,0.000,0.003,0.000,0.001
5229,0.000,0.003,0.000,0.001
5230,0.000,0.003,0.000,0.001
5231,0.000,0.003,0.000,0.001
5232,0.000,0.003,0.000,0.001
5233,0.000,0.003,0.000,0.001
5234,0.000,0.003,0.000,0.001
5235,0.000,0.003,0.000,0.001
5236,0.000,0.003,0.000,0.001
5237,0.000,0.003,0.000,0.001
5238,0.000,0.003,0.000,0.001
5239,0.000,0.003,0.000,0.001
5240,0.000,0.003,0.000,0.001
5241,0.000,0.003,0.000,0.001
5242,0.000,0.003,0.000,0.001
5243,0.000,0.003,0.000,0.001
5244,0.000,0.003,0.000,0.001
5245,0.000,0.003,0.000,0.001
5246,0.000,0.003,0.000,0.001
5247,0.000,0.003,0.000,0.001
5248,0.000,0.003,0.000,0.001
5249,0.000,0.003,0.000,0.001
5250,0.000,0.003,0.000,0.001
5251,0.000,0.003,0.000,0.001
5252,0.000,0.003,0.000,0.001
5253,0.000,0.003,0.000,0.001
5254,0.000,0.003,0.000,0.001
5255,0.000,0.003,0.000,0.001
5256,0.000,0.003,0.000,0.001
5257,0.000,0.003,0.000,0.001
5258,0.000,0.003,0.000,0.001
5259,0.000,0.003,0.000,0.001
5260,0.000,0.003,0.000,0.001
5261,0.000,0.003,0.000,0.001
5262,0.000,0.003,0.000,0.001
5263,0.000,0.003,0.000,0.001
5264,0.000,0.003,0.000,0.001
5265,0.000,0.003,0.000,0.001
5266,0.000,0.003,0.000,0.001
5267,0.000,0.003,0.000,0.001
5268,0.000,0.003,0.000,0.001
5269,0.000,0.003,0.000,0.001
5270,0.000,0.003,0.000,0.001
5271,0.000,0.003,0.000,0.001
5272,0.000,0.003,0.000,0.001
5273,0.000,0.003,0.000,0.001
5274,0.000,0.003,0.000,0.001
5275,0.000,0.003,0.000,0.001
5276,0.000,0.003,0.000,0.001
5277,0.000,0.003,0.000,0.001
5278,0.000,0.003,0.000,0.001
5279,0.000,0.003,0.000,0.001
5280,0.000,0.003,0.000,0.001
5281,0.000,0.003,0.000,0.001
5282,0.000,0.003,0.000,0.001
5283,0.000,0.003,0.000,0.001
5284,0.000,0.003,0.000,0.001
5285,0.000,0.003,0.000,0.001
5286,0.000,0.003,0.000,0.001
5287,0.000,0.003,0.000,0.001
5288,0.000,0.003,0.000,0.001
5289,0.000,0.003,0.000,0.001
5290,0.000,0.003,0.000,0.001
5291,0.000,0.003,0.000,0.001
5292,0.000,0.003,0.000,0.001
5293,0.000,0.003,0.000,0.001
5294,0.000,0.003,0.000,0.001
5295,0.000,0.003,0.000,0.001
5296,0.000,0.003,0.000,0.001
5297,0.000,0.003,0.000,0.001
5298,0.000,0.003,0.000,0.001
5299,0.000,0.003,0.000,0.001
5300,0.000,0.003,0.000,0.001
5301,0.000,0.003,0.000,0.001
5302,0.000,0.003,0.000,0.001
5303,0.000,0.003,0.000,0.001
5304,0.000,0.003,0.000,0.001
5305,0.000,0.003,0.000,0.001
5306,0.000,0.003,0.000,0.001
5307,0.000,0.003,0.000,0.001
5308,0.000,0.003,0.000,0.001
5309,0.000,0.003,0.000,0.001
5310,0.000,0.003,0.000,0.001
5311,0.000,0.003,0.000,0.001
5312,0.000,0.003,0.000,0.001
5313,0.000,0.003,0.000,0.001
5314,0.000,0.003,0.000,0.001
5315,0.000,0.003,0.000,0.001
5316,0.000,0.003,0.000,0.001
5317,0.000,0.003,0.000,0.001
5318,0.000,0.003,0.000,0.001
5319,0.000,0.003,0.000,0.001
5320,0.000,0.003,0.000,0.001
5321,0.000,0.003,0.000,0.001
5322,0.000,0.003,0.000,0.001
5323,0.000,0.003,0.000,0.001
5324,0.000,0.003,0.000,0.001
5325,0.000,0.003,0.000,0.001
5326,0.000,0.003,0.000,0.001
5327,0.000,0.003,0.000,0.001
5328,0.000,0.003,0.000,0.001
5329,0.000,0.003,0.000,0.001
5330,0.000,0.003,0.000,0.001
5331,0.000,0.003,0.000,0.001
5332,0.000,0.003,0.000,0.001
5333,0.000,0.003,0.000,0.001
5334,0.000,0.003,0.000,0.001
5335,0.000,0.003,0.000,0.001
5336,0.000,0.003,0.000,0.001
5337,0.000,0.003,0.000,0.001
5338,0.000,0.003,0.000,0.001
5339,0.000,0.003,0.000,0.001
5340,0.000,0.003,0.000,0.001
5341,0.000,0.003,0.000,0.001
5342,0.000,0.003,0.000,0.001
5343,0.000,0.003,0.000,0.001
5344,0.000,0.003,0.000,0.001
5345,0.000,0.003,0.000,0.001
5346,0.000,0.003,0.000,0.001
5347,0.000,0.003,0.000,0.001
5348,0.000,0.003,0.000,0.001
5349,0.000,0.003,0.000,0.001
5350,0.000,0.003,0.000,0.001
5351,0.000,0.003,0.000,0.001
5352,0.000,0.003,0.000,0.001
5353,0.000,0.003,0.000,0.001
5354,0.000,0.003,0.000,0.001
5355,0.000,0.003,0.000,0.001
5356,0.000,0.003,0.000,0.001
5357,0.000,0.003,0.000,0.001
5358,0.000,0.003,0.000,0.001
5359,0.000,0.003,0.000,0.001
5360,0.000,0.003,0.000,0.001
5361,0.000,0.003,0.000,0.001
5362,0.000,0.003,0.000,0.001
5363,0.000,0.003,0.000,0.001
5364,0.000,0.003,0.000,0.001
5365,0.000,0.003,0.000,0.001
5366,0.000,0.003,0.000,0.001
5367,0.000,0.003,0.000,0.001
5368,0.000,0.003,0.000,0.001
5369,0.000,0.003,0.000,0.001
5370,0.000,0.003,0.000,0.001
5371,0.000,0.003,0.000,0.001
5372,0.000,0.003,0.000,0.001
5373,0.000,0.003,0.000,0.001
5374,0.000,0.003,0.000,0.001
5375,0.000,0.003,0.000,0.001
5376,0.000,0.003,0.000,0.001
5377,0.000,0.003,0.000,0.001
5378,0.000,0.003,0.000,0.001
5379,0.000,0.003,0.000,0.001
5380,0.000,0.003,0.000,0.001
5381,0.000,0.003,0.000,0.001
5382,0.000,0.003,0.000,0.001
5383,0.000,0.003,0.000,0.001
5384,0.000,0.003,0.000,0.001
5385,0.000,0.003,0.000,0.001
5386,0.000,0.003,0.000,0.001
5387,0.000,0.003,0.000,0.001
5388,0.000,0.003,0.000,0.001
5389,0.000,0.003,0.000,0.001
5390,0.000,0.003,0.000,0.001
5391,0.000,0.003,0.000,0.001
5392,0.000,0.003,0.000,0.001
5393,0.000,0.003,0.000,0.001
5394,0.000,0.003,0.000,0.001
5395,0.000,0.003,0.000,0.001
5396,0.000,0.003,0.000,0.001
5397,0.000,0.003,0.000,0.001
5398,0.000,0.003,0.000,0.001
5399,0.000,0.003,0.000,0.001
5400,0.000,0.003,0.000,0.001
5401,0.000,0.003,0.000,0.001
5402,0.000,0.003,0.000,0.001
5403,0.000,0.003,0.000,0.001
5404,0.000,0.003,0.000,0.001
5405,0.000,0.003,0.000,0.001
5406,0.000,0.003,0.000,0.001
5407,0.000,0.003,0.000,0.001
5408,0.000,0.003,0.000,0.001
5409,0.000,0.003,0.000,0.001
5410,0.000,0.003,0.000,0.001
5411,0.000,0.003,0.000,0.001
5412,0.000,0.003,0.000,0.001
5413,0.000,0.003,0.000,0.001
5414,0.000,0.003,0.000,0.001
5415,0.000,0.003,0.000,0.001
5416,0.000,0.003,0.000,0.001
5417,0.000,0.003,0.000,0.001
5418,0.000,0.003,0.000,0.001
5419,0.000,0.003,0.000,0.001
5420,0.000,0.003,0.000,0.001
5421,0.000,0.003,0.000,0.001
5422,0.000,0.003,0.000,0.001
5423,0.000,0.003,0.000,0.001
5424,0.000,0.003,0.000,0.001
5425,0.000,0.003,0.000,0.001
5426,0.000,0.003,0.000,0.001
5427,0.000,0.003,0.000,0.001
5428,0.000,0.003,0.000,0.001
5429,0.000,0.003,0.000,0.001
5430,0.000,0.003,0.000,0.001
5431,0.000,0.003,0.000,0.001
5432,0.000,0.003,0.000,0.001
5433,0.000,0.003,0.000,0.001
5434,0.000,0.003,0.000,0.001
5435,0.000,0.003,0.000,0.001
5436,0.000,0.003,0.000,0.001
5437,0.000,0.003,0.000,0.001
5438,0.000,0.003,0.000,0.001
5439,0.000,0.003,0.000,0.001
5440,0.000,0.003,0.000,0.001
5441,0.000,0.003,0.000,0.001
5442,0.000,0.003,0.000,0.001
5443,0.000,0.003,0.000,0.001
5444,0.000,0.003,0.000,0.001
5445,0.000,0.003,0.000,0.001
5446,0.000,0.003,0.000,0.001
5447,0.000,0.003,0.000,0.001
5448,0.000,0.003,0.000,0.001
5449,0.000,0.003,0.000,0.001
5450,0.000,0.003,0.000,0.001
5451,0.000,0.003,0.000,0.001
5452,0.000,0.003,0.000,0.001
5453,0.000,0.003,0.000,0.001
5454,0.000,0.003,0.000,0.001
5455,0.000,0.003,0.000,0.001
5456,0.000,0.003,0.000,0.001
5457,0.000,0.003,0.000,0.001
5458,0.000,0.003,0.000,0.001
5459,0.000,0.003,0.000,0.001
5460,0.000,0.003,0.000,0.001
5461,0.000,0.003,0.000,0.001
5462,0.000,0.003,0.000,0.001
5463,0.000,0.003,0.000,0.001
5464,0.000,0.003,0.000,0.001
5465,0.000,0.003,0.000,0.001
5466,0.000,0.003,0.000,0.001
5467,0.000,0.003,0.000,0.001
5468,0.000,0.003,0.000,0.001
5469,0.000,0.003,0.000,0.001
5470,0.000,0.003,0.000,0.001
5471,0.000,0.003,0.000,0.001
5472,0.000,0.003,0.000,0.001
5473,0.000,0.003,0.000,0.001
5474,0.000,0.003,0.000,0.001
5475,0.000,0.003,0.000,0.001
5476,0.000,0.003,0.000,0.001
5477,0.000,0.003,0.000,0.001
5478,0.000,0.003,0.000,0.001
5479,0.000,0.003,0.000,0.001
5480,0.000,0.003,0.000,0.001
5481,0.000,0.003,0.000,0.001
5482,0.000,0.003,0.000,0.001
5483,0.000,0.003,0.000,0.001
5484,0.000,0.003,0.000,0.001
5485,0.000,0.003,0.000,0.001
5486,0.000,0.003,0.000,0.001
5487,0.000,0.003,0.000,0.001
5488,0.000,0.003,0.000,0.001
5489,0.000,0.003,0.000,0.001
5490,0.000,0.003,0.000,0.001
5491,0.000,0.003,0.000,0.001
5492,0.000,0.003,0.000,0.001
5493,0.000,0.003,0.000,0.001
5494,0.000,0.003,0.000,0.001
5495,0.000,0.003,0.000,0.001
5496,0.000,0.003,0.000,0.001
5497,0.000,0.003,0.000,0.001
5498,0.000,0.003,0.000,0.001
5499,0.000,0.003,0.000,0.001
5500,0.000,0.003,0.000,0.001
5501,0.000,0.003,0.000,0.001
5502,0.000,0.003,0.000,0.001
5503,0.000,0.003,0.000,0.001
5504,0.000,0.003,0.000,0.001
5505,0.000,0.003,0.000,0.001
5506,0.000,0.003,0.000,0.001
5507,0.000,0.003,0.000,0.001
5508,0.000,0.003,0.000,0.001
5509,0.000,0.003,0.000,0.001
5510,0.000,0.003,0.000,0.001
5511,0.000,0.003,0.000,0.001
5512,0.000,0.003,0.000,0.001
5513,0.000,0.003,0.000,0.001
5514,0.000,0.003,0.000,0.001
5515,0.000,0.003,0.000,0.001
5516,0.000,0.003,0.000,0.001
5517,0.000,0.003,0.000,0.001
5518,0.000,0.003,0.000,0.001
5519,0.000,0.003,0.000,0.001
5520,0.000,0.003,0.000,0.001
5521,0.000,0.003,0.000,0.001
5522,0.000,0.003,0.000,0.001
5523,0.000,0.003,0.000,0.001
5524,0.000,0.003,0.000,0.001
5525,0.000,0.003,0.000,0.001
5526,0.000,0.003,0.000,0.001
5527,0.000,0.003,0.000,0.001
5528,0.000,0.003,0.000,0.001
5529,0.000,0.003,0.000,0.001
5530,0.000,0.003,0.000,0.001
5531,0.000,0.003,0.000,0.001
5532,0.000,0.003,0.000,0.001
5533,0.000,0.003,0.000,0.001
5534,0.000,0.003,0.000,0.001
5535,0.000,0.003,0.000,0.001
5536,0.000,0.003,0.000,0.001
5537,0.000,0.003,0.000,0.001
5538,0.000,0.003,0.000,0.001
5539,0.000,0.003,0.000,0.001
5540,0.000,0.003,0.000,0.001
5541,0.000,0.003,0.000,0.001
5542,0.000,0.003,0.000,0.001
5543,0.000,0.003,0.000,0.001
5544,0.000,0.003,0.000,0.001
5545,0.000,0.003,0.000,0.001
5546,0.000,0.003,0.000,0.001
5547,0.000,0.003,0.000,0.001
5548,0.000,0.003,0.000,0.001
5549,0.000,0.003,0.000,0.001
5550,0.000,0.003,0.000,0.001
5551,0.000,0.003,0.000,0.001
5552,0.000,0.003,0.000,0.001
5553,0.000,0.003,0.000,0.001
5554,0.000,0.003,0.000,0.001
5555,0.000,0.003,0.000,0.001
5556,0.000,0.003,0.000,0.001
5557,0.000,0.003,0.000,0.001
5558,0.000,0.003,0.000,0.001
5559,0.000,0.003,0.000,0.001
5560,0.000,0.003,0.000,0.001
5561,0.000,0.003,0.000,0.001
5562,0.000,0.003,0.000,0.001
5563,0.000,0.003,0.000,0.001
5564,0.000,0.003,0.000,0.001
5565,0.000,0.003,0.000,0.001
5566,0.000,0.003,0.000,0.001
5567,0.000,0.003,0.000,0.001
5568,0.000,0.003,0.000,0.001
5569,0.000,0.003,0.000,0.001
5570,0.000,0.003,0.000,0.001
5571,0.000,0.003,0.000,0.001
5572,0.000,0.003,0.000,0.001
5573,0.000,0.003,0.000,0.001
5574,0.000,0.003,0.000,0.001
5575,0.000,0.003,0.000,0.001
5576,0.000,0.003,0.000,0.001
5577,0.000,0.003,0.000,0.001
5578,0.000,0.003,0.000,0.001
5579,0.000,0.003,0.000,0.001
5580,0.000,0.003,0.000,0.001
5581,0.000,0.003,0.000,0.001
5582,0.000,0.003,0.000,0.001
5583,0.000,0.003,0.000,0.001
5584,0.000,0.003,0.000,0.001
5585,0.000,0.003,0.000,0.001
5586,0.000,0.003,0.000,0.001
5587,0.000,0.003,0.000,0.001
5588,0.000,0.003,0.000,0.001
5589,0.000,0.003,0.000,0.001
5590,0.000,0.003,0.000,0.001
5591,0.000,0.003,0.000,0.001
5592,0.000,0.003,0.000,0.001
5593,0.000,0.003,0.000,0.001
5594,0.000,0.003,0.000,0.001
5595,0.000,0.003,0.000,0.001
5596,0.000,0.003,0.000,0.001
5597,0.000,0.003,0.000,0.001
5598,0.000,0.003,0.000,0.001
5599,0.000,0.003,0.000,0.001
5600,0.000,0.003,0.000,0.001
5601,0.000,0.003,0.000,0.001
5602,0.000,0.003,0.000,0.001
5603,0.000,0.003,0.000,0.001
5604,0.000,0.003,0.000,0.001
5605,0.000,0.003,0.000,0.001
5606,0.000,0.003,0.000,0.001
5607,0.000,0.003,0.000,0.001
5608,0.000,0.003,0.000,0.001
5609,0.000,0.003,0.000,0.001
5610,0.000,0.003,0.000,0.001
5611,0.000,0.003,0.000,0.001
5612,0.000,0.003,0.000,0.001
5613,0.000,0.003,0.000,0.001
5614,0.000,0.003,0.000,0.001
5615,0.000,0.003,0.000,0.001
5616,0.000,0.003,0.000,0.001
5617,0.000,0.003,0.000,0.001
5618,0.000,0.003,0.000,0.001
5619,0.000,0.003,0.000,0.001
5620,0.000,0.003,0.000,0.001
5621,0.000,0.003,0.000,0.001
5622,0.000,0.003,0.000,0.001
5623,0.000,0.003,0.000,0.001
5624,0.000,0.003,0.000,0.001
5625,0.000,0.003,0.000,0.001
5626,0.000,0.003,0.000,0.001
5627,0.000,0.003,0.000,0.001
5628,0.000,0.003,0.000,0.001
5629,0.000,0.003,0.000,0.001
5630,0.000,0.003,0.000,0.001
5631,0.000,0.003,0.000,0.001
5632,0.000,0.003,0.000,0.001
5633,0.000,0.003,0.000,0.001
5634,0.000,0.003,0.000,0.001
5635,0.000,0.003,0.000,0.001
5636,0.000,0.003,0.000,0.001
5637,0.000,0.003,0.000,0.001
5638,0.000,0.003,0.000,0.001
5639,0.000,0.003,0.000,0.001
5640,0.000,0.003,0.000,0.001
5641,0.000,0.003,0.000,0.001
5642,0.000,0.003,0.000,0.001
5643,0.000,0.003,0.000,0.001
5644,0.000,0.003,0.000,0.001
5645,0.000,0.003,0.000,0.001
5646,0.000,0.003,0.000,0.001
5647,0.000,0.003,0.000,0.001
5648,0.000,0.003,0.000,0.001
5649,0.000,0.003,0.000,0.001
5650,0.000,0.003,0.000,0.001
5651,0.000,0.003,0.000,0.001
5652,0.000,0.003,0.000,0.001
5653,0.000,0.003,0.000,0.001
5654,0.000,0.003,0.000,0.001
5655,0.000,0.003,0.000,0.001
5656,0.000,0.003,0.000,0.001
5657,0.000,0.003,0.000,0.001
5658,0.000,0.003,0.000,0.001
5659,0.000,0.003,0.000,0.001
5660,0.000,0.003,0.000,0.001
5661,0.000,0.003,0.000,0.001
5662,0.000,0.003,0.000,0.001
5663,0.000,0.003,0.000,0.001
5664,0.000,0.003,0.000,0.001
5665,0.000,0.003,0.000,0.001
5666,0.000,0.003,0.000,0.001
5667,0.000,0.003,0.000,0.001
5668,0.000,0.003,0.000,0.001
5669,0.000,0.003,0.000,0.001
5670,0.000,0.003,0.000,0.001
5671,0.000,0.003,0.000,0.001
5672,0.000,0.003,0.000,0.001
5673,0.000,0.003,0.000,0.001
5674,0.000,0.003,0.000,0.001
5675,0.000,0.003,0.000,0.001
5676,0.000,0.003,0.000,0.001
5677,0.000,0.003,0.000,0.001
5678,0.000,0.003,0.000,0.001
5679,0.000,0.003,0.000,0.001
5680,0.000,0.003,0.000,0.001
5681,0.000,0.003,0.000,0.001
5682,0.000,0.003,0.000,0.001
5683,0.000,0.003,0.000,0.001
5684,0.000,0.003,0.000,0.001
5685,0.000,0.003,0.000,0.001
5686,0.000,0.003,0.000,0.001
5687,0.000,0.003,0.000,0.001
5688,0.000,0.003,0.000,0.001
5689,0.000,0.003,0.000,0.001
5690,0.000,0.003,0.000,0.001
5691,0.000,0.003,0.000,0.001
5692,0.000,0.003,0.000,0.001
5693,0.000,0.003,0.000,0.001
5694,0.000,0.003,0.000,0.001
5695,0.000,0.003,0.000,0.001
5696,0.000,0.003,0.000,0.001
5697,0.000,0.003,0.000,0.001
5698,0.000,0.003,0.000,0.001
5699,0.000,0.003,0.000,0.001
5700,0.000,0.003,0.000,0.001
5701,0.000,0.003,0.000,0.001
5702,0.000,0.003,0.000,0.001
5703,0.000,0.003,0.000,0.001
5704,0.000,0.003,0.000,0.001
5705,0.000,0.003,0.000,0.001
5706,0.000,0.003,0.000,0.001
5707,0.000,0.003,0.000,0.001
5708,0.000,0.003,0.000,0.001
5709,0.000,0.003,0.000,0.001
5710,0.000,0.003,0.000,0.001
5711,0.000,0.003,0.000,0.001
5712,0.000,0.003,0.000,0.001
5713,0.000,0.003,0.000,0.001
5714,0.000,0.003,0.000,0.001
5715,0.000,0.003,0.000,0.001
5716,0.000,0.003,0.000,0.001
5717,0.000,0.003,0.000,0.001
5718,0.000,0.003,0.000,0.001
5719,0.000,0.003,0.000,0.001
5720,0.000,0.003,0.000,0.001
5721,0.000,0.003,0.000,0.001
5722,0.000,0.003,0.000,0.001
5723,0.000,0.003,0.000,0.001
5724,0.000,0.003,0.000,0.001
5725,0.000,0.003,0.000,0.001
5726,0.000,0.003,0.000,0.001
5727,0.000,0.003,0.000,0.001
5728,0.000,0.003,0.000,0.001
5729,0.000,0.003,0.000,0.001
5730,0.000,0.003,0.000,0.001
5731,0.000,0.003,0.000,0.001
5732,0.000,0.003,0.000,0.001
5733,0.000,0.003,0.000,0.001
5734,0.000,0.003,0.000,0.001
5735,0.000,0.003,0.000,0.001
5736,0.000,0.003,0.000,0.001
5737,0.000,0.003,0.000,0.001
5738,0.000,0.003,0.000,0.001
5739,0.000,0.003,0.000,0.001
5740,0.000,0.003,0.000,0.001
5741,0.000,0.003,0.000,0.001
5742,0.000,0.003,0.000,0.001
5743,0.000,0.003,0.000,0.001
5744,0.000,0.003,0.000,0.001
5745,0.000,0.003,0.000,0.001
5746,0.000,0.003,0.000,0.001
5747,0.000,0.003,0.000,0.001
5748,0.000,0.003,0.000,0.001
5749,0.000,0.003,0.000,0.001
5750,0.000,0.003,0.000,0.001
5751,0.000,0.003,0.000,0.001
5752,0.000,0.003,0.000,0.001
5753,0.000,0.003,0.000,0.001
5754,0.000,0.003,0.000,0.001
5755,0.000,0.003,0.000,0.001
5756,0.000,0.003,0.000,0.001
5757,0.000,0.003,0.000,0.001
5758,0.000,0.003,0.000,0.001
5759,0.000,0.003,0.000,0.001
5760,0.000,0.003,0.000,0.001
5761,0.000,0.003,0.000,0.001
5762,0.000,0.003,0.000,0.001
5763,0.000,0.003,0.000,0.001
5764,0.000,0.003,0.000,0.001
5765,0.000,0.003,0.000,0.001
5766,0.000,0.003,0.000,0.001
5767,0.000,0.003,0.000,0.001
5768,0.000,0.003,0.000,0.001
5769,0.000,0.003,0.000,0.001
5770,0.000,0.003,0.000,0.001
5771,0.000,0.003,0.000,0.001
5772,0.000,0.003,0.000,0.001
5773,0.000,0.003,0.000,0.001
5774,0.000,0.003,0.000,0.001
5775,0.000,0.003,0.000,0.001
5776,0.000,0.003,0.000,0.001
5777,0.000,0.003,0.000,0.001
5778,0.000,0.003,0.000,0.001
5779,0.000,0.003,0.000,0.001
5780,0.000,0.003,0.000,0.001
5781,0.000,0.003,0.000,0.001
5782,0.000,0.003,0.000,0.001
5783,0.000,0.003,0.000,0.001
5784,0.000,0.003,0.000,0.001
5785,0.000,0.003,0.000,0.001
5786,0.000,0.003,0.000,0.001
5787,0.000,0.003,0.000,0.001
5788,0.000,0.003,0.000,0.001
5789,0.000,0.003,0.000,0.001
5790,0.000,0.003,0.000,0.001
5791,0.000,0.003,0.000,0.001
5792,0.000,0.003,0.000,0.001
5793,0.000,0.003,0.000,0.001
5794,0.000,0.003,0.000,0.001
5795,0.000,0.003,0.000,0.001
5796,0.000,0.003,0.000,0.001
5797,0.000,0.003,0.000,0.001
5798,0.000,0.003,0.000,0.001
5799,0.000,0.003,0.000,0.001
5800,0.000,0.003,0.000,0.001
5801,0.000,0.003,0.000,0.001
5802,0.000,0.003,0.000,0.001
5803,0.000,0.003,0.000,0.001
5804,0.000,0.003,0.000,0.001
5805,0.000,0.003,0.000,0.001
5806,0.000,0.003,0.000,0.001
5807,0.000,0.003,0.000,0.001
5808,0.000,0.003,0.000,0.001
5809,0.000,0.003,0.000,0.001
5810,0.000,0.003,0.000,0.001
5811,0.000,0.003,0.000,0.001
5812,0.000,0.003,0.000,0.001
5813,0.000,0.003,0.000,0.001
5814,0.000,0.003,0.000,0.001
5815,0.000,0.003,0.000,0.001
5816,0.000,0.003,0.000,0.001
5817,0.000,0.003,0.000,0.001
5818,0.000,0.003,0.000,0.001
5819,0.000,0.003,0.000,0.001
5820,0.000,0.003,0.000,0.001
5821,0.000,0.003,0.000,0.001
5822,0.000,0.003,0.000,0.001
5823,0.000,0.003,0.000,0.001
5824,0.000,0.003,0.000,0.001
5825,0.000,0.003,0.000,0.001
5826,0.000,0.003,0.000,0.001
5827,0.000,0.003,0.000,0.001
5828,0.000,0.003,0.000,0.001
5829,0.000,0.003,0.000,0.001
5830,0.000,0.003,0.000,0.001
5831,0.000,0.003,0.000,0.001
5832,0.000,0.003,0.000,0.001
5833,0.000,0.003,0.000,0.001
5834,0.000,0.003,0.000,0.001
5835,0.000,0.003,0.000,0.001
5836,0.000,0.003,0.000,0.001
5837,0.000,0.003,0.000,0.001
5838,0.000,0.003,0.000,0.001
5839,0.000,0.003,0.000,0.001
5840,0.000,0.003,0.000,0.001
5841,0.000,0.003,0.000,0.001
5842,0.000,0.003,0.000,0.001
5843,0.000,0.003,0.000,0.001
5844,0.000,0.003,0.000,0.001
5845,0.000,0.003,0.000,0.001
5846,0.000,0.003,0.000,0.001
5847,0.000,0.003,0.000,0.001
5848,0.000,0.003,0.000,0.001
5849,0.000,0.003,0.000,0.001
5850,0.000,0.003,0.000,0.001
5851,0.000,0.003,0.000,0.001
5852,0.000,0.003,0.000,0.001
5853,0.000,0.003,0.000,0.001
5854,0.000,0.003,0.000,0.001
5855,0.000,0.003,0.000,0.001
5856,0.000,0.003,0.000,0.001
5857,0.000,0.003,0.000,0.001
5858,0.000,0.003,0.000,0.001
5859,0.000,0.003,0.000,0.001
5860,0.000,0.003,0.000,0.001
5861,0.000,0.003,0.000,0.001
5862,0.000,0.003,0.000,0.001
5863,0.000,0.003,0.000,0.001
5864,0.000,0.003,0.000,0.001
5865,0.000,0.003,0.000,0.001
5866,0.000,0.003,0.000,0.001
5867,0.000,0.003,0.000,0.001
5868,0.000,0.003,0.000,0.001
5869,0.000,0.003,0.000,0.001
5870,0.000,0.003,0.000,0.001
5871,0.000,0.003,0.000,0.001
5872,0.000,0.003,0.000,0.001
5873,0.000,0.003,0.000,0.001
5874,0.000,0.003,0.000,0.001
5875,0.000,0.003,0.000,0.001
5876,0.000,0.003,0.000,0.001
5877,0.000,0.003,0.000,0.001
5878,0.000,0.003,0.000,0.001
5879,0.000,0.003,0.000,0.001
5880,0.000,0.003,0.000,0.001
5881,0.000,0.003,0.000,0.001
5882,0.000,0.003,0.000,0.001
5883,0.000,0.003,0.000,0.001
5884,0.000,0.003,0.000,0.001
5885,0.000,0.003,0.000,0.001
5886,0.000,0.003,0.000,0.001
5887,0.000,0.003,0.000,0.001
5888,0.000,0.003,0.000,0.001
5889,0.000,0.003,0.000,0.001
5890,0.000,0.003,0.000,0.001
5891,0.000,0.003,0.000,0.001
5892,0.000,0.003,0.000,0.001
5893,0.000,0.003,0.000,0.001
5894,0.000,0.003,0.000,0.001
5895,0.000,0.003,0.000,0.001
5896,0.000,0.003,0.000,0.001
5897,0.000,0.003,0.000,0.001
5898,0.000,0.003,0.000,0.001
5899,0.000,0.003,0.000,0.001
5900,0.000,0.003,0.000,0.001
5901,0.000,0.003,0.000,0.001
5902,0.000,0.003,0.000,0.001
5903,0.000,0.003,0.000,0.001
5904,0.000,0.003,0.000,0.001
5905,0.000,0.003,0.000,0.001
5906,0.000,0.003,0.000,0.001
5907,0.000,0.003,0.000,0.001
5908,0.000,0.003,0.000,0.001
5909,0.000,0.003,0.000,0.001
5910,0.000,0.003,0.000,0.001
5911,0.000,0.003,0.000,0.001
5912,0.000,0.003,0.000,0.001
5913,0.000,0.003,0.000,0.001
5914,0.000,0.003,0.000,0.001
5915,0.000,0.003,0.000,0.001
5916,0.000,0.003,0.000,0.001
5917,0.000,0.003,0.000,0.001
5918,0.000,0.003,0.000,0.001
5919,0.000,0.003,0.000,0.001
5920,0.000,0.003,0.000,0.001
5921,0.000,0.003,0.000,0.001
5922,0.000,0.003,0.000,0.001
5923,0.000,0.003,0.000,0.001
5924,0.000,0.003,0.000,0.001
5925,0.000,0.003,0.000,0.001
5926,0.000,0.003,0.000,0.001
5927,0.000,0.003,0.000,0.001
5928,0.000,0.003,0.000,0.001
5929,0.000,0.003,0.000,0.001
5930,0.000,0.003,0.000,0.001
5931,0.000,0.003,0.000,0.001
5932,0.000,0.003,0.000,0.001
5933,0.000,0.003,0.000,0.001
5934,0.000,0.003,0.000,0.001
5935,0.000,0.003,0.000,0.001
5936,0.000,0.003,0.000,0.001
5937,0.000,0.003,0.000,0.001
5938,0.000,0.003,0.000,0.001
5939,0.000,0.003,0.000,0.001
5940,0.000,0.003,0.000,0.001
5941,0.000,0.003,0.000,0.001
5942,0.000,0.003,0.000,0.001
5943,0.000,0.003,0.000,0.001
5944,0.000,0.003,0.000,0.001
5945,0.000,0.003,0.000,0.001
5946,0.000,0.003,0.000,0.001
5947,0.000,0.003,0.000,0.001
5948,0.000,0.003,0.000,0.001
5949,0.000,0.003,0.000,0.001
5950,0.000,0.003,0.000,0.001
5951,0.000,0.003,0.000,0.001
5952,0.000,0.003,0.000,0.001
5953,0.000,0.003,0.000,0.001
5954,0.000,0.003,0.000,0.001
5955,0.000,0.003,0.000,0.001
5956,0.000,0.003,0.000,0.001
5957,0.000,0.003,0.000,0.001
5958,0.000,0.003,0.000,0.001
5959,0.000,0.003,0.000,0.001
5960,0.000,0.003,0.000,0.001
5961,0.000,0.003,0.000,0.001
5962,0.000,0.003,0.000,0.001
5963,0.000,0.003,0.000,0.001
5964,0.000,0.003,0.000,0.001
5965,0.000,0.003,0.000,0.001
5966,0.000,0.003,0.000,0.001
5967,0.000,0.003,0.000,0.001
5968,0.000,0.003,0.000,0.001
5969,0.000,0.003,0.000,0.001
5970,0.000,0.003,0.000,0.001
5971,0.000,0.003,0.000,0.001
5972,0.000,0.003,0.000,0.001
5973,0.000,0.003,0.000,0.001
5974,0.000,0.003,0.000,0.001
5975,0.000,0.003,0.000,0.001
5976,0.000,0.003,0.000,0.001
5977,0.000,0.003,0.000,0.001
5978,0.000,0.003,0.000,0.001
5979,0.000,0.003,0.000,0.001
5980,0.000,0.003,0.000,0.001
5981,0.000,0.003,0.000,0.001
5982,0.000,0.003,0.000,0.001
5983,0.000,0.003,0.000,0.001
5984,0.000,0.003,0.000,0.001
5985,0.000,0.003,0.000,0.001
5986,0.000,0.003,0.000,0.001
5987,0.000,0.003,0.000,0.001
5988,0.000,0.003,0.000,0.001
5989,0.000,0.003,0.000,0.001
5990,0.000,0.003,0.000,0.001
5991,0.000,0.003,0.000,0.001
5992,0.000,0.003,0.000,0.001
5993,0.000,0.003,0.000,0.001
5994,0.000,0.003,0.000,0.001
5995,0.000,0.003,0.000,0.001
5996,0.000,0.003,0.000,0.001
5997,0.000,0.003,0.000,0.001
5998,0.000,0.003,0.000,0.001
5999,0.000,0.003,0.000,0.001
6000,0.000,0.003,0.000,0.001
6001,0.000,0.003,0.000,0.001
6002,0.000,0.003,0.000,0.001
6003,0.000,0.003,0.000,0.001
6004,0.000,0.003,0.000,0.001
6005,0.000,0.003,0.000,0.001
6006,0.000,0.003,0.000,0.001
6007,0.000,0.003,0.000,0.001
6008,0.000,0.003,0.000,0.001
6009,0.000,0.003,0.000,0.001
6010,0.000,0.003,0.000,0.001
6011,0.000,0.003,0.000,0.001
6012,0.000,0.003,0.000,0.001
6013,0.000,0.003,0.000,0.001
6014,0.000,0.003,0.000,0.001
6015,0.000,0.003,0.000,0.001
6016,0.000,0.003,0.000,0.001
6017,0.000,0.003,0.000,0.001
6018,0.000,0.003,0.000,0.001
6019,0.000,0.003,0.000,0.001
6020,0.000,0.003,0.000,0.001
6021,0.000,0.003,0.000,0.001
6022,0.000,0.003,0.000,0.001
6023,0.000,0.003,0.000,0.001
6024,0.000,0.003,0.000,0.001
6025,0.000,0.003,0.000,0.001
6026,0.000,0.003,0.000,0.001
6027,0.000,0.003,0.000,0.001
6028,0.000,0.003,0.000,0.001
6029,0.000,0.003,0.000,0.001
6030,0.000,0.003,0.000,0.001
6031,0.000,0.003,0.000,0.001
6032,0.000,0.003,0.000,0.001
6033,0.000,0.003,0.000,0.001
6034,0.000,0.003,0.000,0.001
6035,0.000,0.003,0.000,0.001
6036,0.000,0.003,0.000,0.001
6037,0.000,0.003,0.000,0.001
6038,0.000,0.003,0.000,0.001
6039,0.000,0.003,0.000,0.001
6040,0.000,0.003,0.000,0.001
6041,0.000,0.003,0.000,0.001
6042,0.000,0.003,0.000,0.001
6043,0.000,0.003,0.000,0.001
6044,0.000,0.003,0.000,0.001
6045,0.000,0.003,0.000,0.001
6046,0.000,0.003,0.000,0.001
6047,0.000,0.003,0.000,0.001
6048,0.000,0.003,0.000,0.001
6049,0.000,0.003,0.000,0.001
6050,0.000,0.003,0.000,0.001
6051,0.000,0.003,0.000,0.001
6052,0.000,0.003,0.000,0.001
6053,0.000,0.003,0.000,0.001
6054,0.000,0.003,0.000,0.001
6055,0.000,0.003,0.000,0.001
6056,0.000,0.003,0.000,0.001
6057,0.000,0.003,0.000,0.001
6058,0.000,0.003,0.000,0.001
6059,0.000,0.003,0.000,0.001
6060,0.000,0.003,0.000,0.001
6061,0.000,0.003,0.000,0.001
6062,0.000,0.003,0.000,0.001
6063,0.000,0.003,0.000,0.001
6064,0.000,0.003,0.000,0.001
6065,0.000,0.003,0.000,0.001
6066,0.000,0.003,0.000,0.001
6067,0.000,0.003,0.000,0.001
6068,0.000,0.003,0.000,0.001
6069,0.000,0.003,0.000,0.001
6070,0.000,0.003,0.000,0.001
6071,0.000,0.003,0.000,0.001
6072,0.000,0.003,0.000,0.001
6073,0.000,0.003,0.000,0.001
6074,0.000,0.003,0.000,0.001
6075,0.000,0.003,0.000,0.001
6076,0.000,0.003,0.000,0.001
6077,0.000,0.003,0.000,0.001
6078,0.000,0.003,0.000,0.001
6079,0.000,0.003,0.000,0.001
6080,0.000,0.003,0.000,0.001
6081,0.000,0.003,0.000,0.001
6082,0.000,0.003,0.000,0.001
6083,0.000,0.003,0.000,0.001
6084,0.000,0.003,0.000,0.001
6085,0.000,0.003,0.000,0.001
6086,0.000,0.003,0.000,0.001
6087,0.000,0.003,0.000,0.001
6088,0.000,0.003,0.000,0.001
6089,0.000,0.003,0.000,0.001
6090,0.000,0.003,0.000,0.001
6091,0.000,0.003,0.000,0.001
6092,0.000,0.003,0.000,0.001
6093,0.000,0.003,0.000,0.001
6094,0.000,0.003,0.000,0.001
6095,0.000,0.003,0.000,0.001
6096,0.000,0.003,0.000,0.001
6097,0.000,0.003,0.000,0.001
6098,0.000,0.003,0.000,0.001
6099,0.000,0.003,0.000,0.001
6100,0.000,0.003,0.000,0.001
6101,0.000,0.003,0.000,0.001
6102,0.000,0.003,0.000,0.001
6103,0.000,0.003,0.000,0.001
6104,0.000,0.003,0.000,0.001
6105,0.000,0.003,0.000,0.001
6106,0.000,0.003,0.000,0.001
6107,0.000,0.003,0.000,0.001
6108,0.000,0.003,0.000,0.001
6109,0.000,0.003,0.000,0.001
6110,0.000,0.003,0.000,0.001
6111,0.000,0.003,0.000,0.001
6112,0.000,0.003,0.000,0.001
6113,0.000,0.003,0.000,0.001
6114,0.000,0.003,0.000,0.001
6115,0.000,0.003,0.000,0.001
6116,0.000,0.003,0.000,0.001
6117,0.000,0.003,0.000,0.001
6118,0.000,0.003,0.000,0.001
6119,0.000,0.003,0.000,0.001
6120,0.000,0.003,0.000,0.001
6121,0.000,0.003,0.000,0.001
6122,0.000,0.003,0.000,0.001
6123,0.000,0.003,0.000,0.001
6124,0.000,0.003,0.000,0.001
6125,0.000,0.003,0.000,0.001
6126,0.000,0.003,0.000,0.001
6127,0.000,0.003,0.000,0.001
6128,0.000,0.003,0.000,0.001
6129,0.000,0.003,0.000,0.001
6130,0.000,0.003,0.000,0.001
6131,0.000,0.003,0.000,0.001
6132,0.000,0.003,0.000,0.001
6133,0.000,0.003,0.000,0.001
6134,0.000,0.003,0.000,0.001
6135,0.000,0.003,0.000,0.001
6136,0.000,0.003,0.000,0.001
6137,0.000,0.003,0.000,0.001
6138,0.000,0.003,0.000,0.001
6139,0.000,0.003,0.000,0.001
6140,0.000,0.003,0.000,0.001
6141,0.000,0.003,0.000,0.001
6142,0.000,0.003,0.000,0.001
6143,0.000,0.003,0.000,0.001
6144,0.000,0.003,0.000,0.001
6145,0.000,0.003,0.000,0.001
6146,0.000,0.003,0.000,0.001
6147,0.000,0.003,0.000,0.001
6148,0.000,0.003,0.000,0.001
6149,0.000,0.003,0.000,0.001
6150,0.000,0.003,0.000,0.001
6151,0.000,0.003,0.000,0.001
6152,0.000,0.003,0.000,0.001
6153,0.000,0.003,0.000,0.001
6154,0.000,0.003,0.000,0.001
6155,0.000,0.003,0.000,0.001
6156,0.000,0.003,0.000,0.001
6157,0.000,0.003,0.000,0.001
6158,0.000,0.003,0.000,0.001
6159,0.000,0.003,0.000,0.001
6160,0.000,0.003,0.000,0.001
6161,0.000,0.003,0.000,0.001
6162,0.000,0.003,0.000,0.001
6163,0.000,0.003,0.000,0.001
6164,0.000,0.003,0.000,0.001
6165,0.000,0.003,0.000,0.001
6166,0.000,0.003,0.000,0.001
6167,0.000,0.003,0.000,0.001
6168,0.000,0.003,0.000,0.001
6169,0.000,0.003,0.000,0.001
6170,0.000,0.003,0.000,0.001
6171,0.000,0.003,0.000,0.001
6172,0.000,0.003,0.000,0.001
6173,0.000,0.003,0.000,0.001
6174,0.000,0.003,0.000,0.001
6175,0.000,0.003,0.000,0.001
6176,0.000,0.003,0.000,0.001
6177,0.000,0.003,0.000,0.001
6178,0.000,0.003,0.000,0.001
6179,0.000,0.003,0.000,0.001
6180,0.000,0.003,0.000,0.001
6181,0.000,0.003,0.000,0.001
6182,0.000,0.003,0.000,0.001
6183,0.000,0.003,0.000,0.001
6184,0.000,0.003,0.000,0.001
6185,0.000,0.003,0.000,0.001
6186,0.000,0.003,0.000,0.001
6187,0.000,0.003,0.000,0.001
6188,0.000,0.003,0.000,0.001
6189,0.000,0.003,0.000,0.001
6190,0.000,0.003,0.000,0.001
6191,0.000,0.003,0.000,0.001
6192,0.000,0.003,0.000,0.001
6193,0.000,0.003,0.000,0.001
6194,0.000,0.003,0.000,0.001
6195,0.000,0.003,0.000,0.001
6196,0.000,0.003,0.000,0.001
6197,0.000,0.003,0.000,0.001
6198,0.000,0.003,0.000,0.001
6199,0.000,0.003,0.000,0.001
6200,0.000,0.003,0.000,0.001
6201,0.000,0.003,0.000,0.001
6202,0.000,0.003,0.000,0.001
6203,0.000,0.003,0.000,0.001
6204,0.000,0.003,0.000,0.001
6205,0.000,0.003,0.000,0.001
6206,0.000,0.003,0.000,0.001
6207,0.000,0.003,0.000,0.001
6208,0.000,0.003,0.000,0.001
6209,0.000,0.003,0.000,0.001
6210,0.000,0.003,0.000,0.001
6211,0.000,0.003,0.000,0.001
6212,0.000,0.003,0.000,0.001
6213,0.000,0.003,0.000,0.001
6214,0.000,0.003,0.000,0.001
6215,0.000,0.003,0.000,0.001
6216,0.000,0.003,0.000,0.001
6217,0.000,0.003,0.000,0.001
6218,0.000,0.003,0.000,0.001
6219,0.000,0.003,0.000,0.001
6220,0.000,0.003,0.000,0.001
6221,0.000,0.003,0.000,0.001
6222,0.000,0.003,0.000,0.001
6223,0.000,0.003,0.000,0.001
6224,0.000,0.003,0.000,0.001
6225,0.000,0.003,0.000,0.001
6226,0.000,0.003,0.000,0.001
6227,0.000,0.003,0.000,0.001
6228,0.000,0.003,0.000,0.001
6229,0.000,0.003,0.000,0.001
6230,0.000,0.003,0.000,0.001
6231,0.000,0.003,0.000,0.001
6232,0.000,0.003,0.000,0.001
6233,0.000,0.003,0.000,0.001
6234,0.000,0.003,0.000,0.001
6235,0.000,0.003,0.000,0.001
6236,0.000,0.003,0.000,0.001
6237,0.000,0.003,0.000,0.001
6238,0.000,0.003,0.000,0.001
6239,0.000,0.003,0.000,0.001
6240,0.000,0.003,0.000,0.001
6241,0.000,0.003,0.000,0.001
6242,0.000,0.003,0.000,0.001
6243,0.000,0.003,0.000,0.001
6244,0.000,0.003,0.000,0.001
6245,0.000,0.003,0.000,0.001
6246,0.000,0.003,0.000,0.001
6247,0.000,0.003,0.000,0.001
6248,0.000,0.003,0.000,0.001
6249,0.000,0.003,0.000,0.001
6250,0.000,0.003,0.000,0.001
6251,0.000,0.003,0.000,0.001
6252,0.000,0.003,0.000,0.001
6253,0.000,0.003,0.000,0.001
6254,0.000,0.003,0.000,0.001
6255,0.000,0.003,0.000,0.001
6256,0.000,0.003,0.000,0.001
6257,0.000,0.003,0.000,0.001
6258,0.000,0.003,0.000,0.001
6259,0.000,0.003,0.000,0.001
6260,0.000,0.003,0.000,0.001
6261,0.000,0.003,0.000,0.001
6262,0.000,0.003,0.000,0.001
6263,0.000,0.003,0.000,0.001
6264,0.000,0.003,0.000,0.001
6265,0.000,0.003,0.000,0.001
6266,0.000,0.003,0.000,0.001
6267,0.000,0.003,0.000,0.001
6268,0.000,0.003,0.000,0.001
6269,0.000,0.003,0.000,0.001
6270,0.000,0.003,0.000,0.001
6271,0.000,0.003,0.000,0.001
6272,0.000,0.003,0.000,0.001
6273,0.000,0.003,0.000,0.001
6274,0.000,0.003,0.000,0.001
6275,0.000,0.003,0.000,0.001
6276,0.000,0.003,0.000,0.001
6277,0.000,0.003,0.000,0.001
6278,0.000,0.003,0.000,0.001
6279,0.000,0.003,0.000,0.001
6280,0.000,0.003,0.000,0.001
6281,0.000,0.003,0.000,0.001
6282,0.000,0.003,0.000,0.001
6283,0.000,0.003,0.000,0.001
6284,0.000,0.003,0.000,0.001
6285,0.000,0.003,0.000,0.001
6286,0.000,0.003,0.000,0.001
6287,0.000,0.003,0.000,0.001
6288,0.000,0.003,0.000,0.001
6289,0.000,0.003,0.000,0.001
6290,0.000,0.003,0.000,0.001
6291,0.000,0.003,0.000,0.001
6292,0.000,0.003,0.000,0.001
6293,0.000,0.003,0.000,0.001
6294,0.000,0.003,0.000,0.001
6295,0.000,0.003,0.000,0.001
6296,0.000,0.003,0.000,0.001
6297,0.000,0.003,0.000,0.001
6298,0.000,0.003,0.000,0.001
6299,0.000,0.003,0.000,0.001
6300,0.000,0.003,0.000,0.001
6301,0.000,0.003,0.000,0.001
6302,0.000,0.003,0.000,0.001
6303,0.000,0.003,0.000,0.001
6304,0.000,0.003,0.000,0.001
6305,0.000,0.003,0.000,0.001
6306,0.000,0.003,0.000,0.001
6307,0.000,0.003,0.000,0.001
6308,0.000,0.003,0.000,0.001
6309,0.000,0.003,0.000,0.001
6310,0.000,0.003,0.000,0.001
6311,0.000,0.003,0.000,0.001
6312,0.000,0.003,0.000,0.001
6313,0.000,0.003,0.000,0.001
6314,0.000,0.003,0.000,0.001
6315,0.000,0.003,0.000,0.001
6316,0.000,0.003,0.000,0.001
6317,0.000,0.003,0.000,0.001
6318,0.000,0.003,0.000,0.001
6319,0.000,0.003,0.000,0.001
6320,0.000,0.003,0.000,0.001
6321,0.000,0.003,0.000,0.001
6322,0.000,0.003,0.000,0.001
6323,0.000,0.003,0.000,0.001
6324,0.000,0.003,0.000,0.001
6325,0.000,0.003,0.000,0.001
6326,0.000,0.003,0.000,0.001
6327,0.000,0.003,0.000,0.001
6328,0.000,0.003,0.000,0.001
6329,0.000,0.003,0.000,0.001
6330,0.000,0.003,0.000,0.001
6331,0.000,0.003,0.000,0.001
6332,0.000,0.003,0.000,0.001
6333,0.000,0.003,0.000,0.001
6334,0.000,0.003,0.000,0.001
6335,0.000,0.003,0.000,0.001
6336,0.000,0.003,0.000,0.001
6337,0.000,0.003,0.000,0.001
6338,0.000,0.003,0.000,0.001
6339,0.000,0.003,0.000,0.001
6340,0.000,0.003,0.000,0.001
6341,0.000,0.003,0.000,0.001
6342,0.000,0.003,0.000,0.001
6343,0.000,0.003,0.000,0.001
6344,0.000,0.003,0.000,0.001
6345,0.000,0.003,0.000,0.001
6346,0.000,0.003,0.000,0.001
6347,0.000,0.003,0.000,0.001
6348,0.000,0.003,0.000,0.001
6349,0.000,0.003,0.000,0.001
6350,0.000,0.003,0.000,0.001
6351,0.000,0.003,0.000,0.001
6352,0.000,0.003,0.000,0.001
6353,0.000,0.003,0.000,0.001
6354,0.000,0.003,0.000,0.001
6355,0.000,0.003,0.000,0.001
6356,0.000,0.003,0.000,0.001
6357,0.000,0.003,0.000,0.001
6358,0.000,0.003,0.000,0.001
6359,0.000,0.003,0.000,0.001
6360,0.000,0.003,0.000,0.001
6361,0.000,0.003,0.000,0.001
6362,0.000,0.003,0.000,0.001
6363,0.000,0.003,0.000,0.001
6364,0.000,0.003,0.000,0.001
6365,0.000,0.003,0.000,0.001
6366,0.000,0.003,0.000,0.001
6367,0.000,0.003,0.000,0.001
6368,0.000,0.003,0.000,0.001
6369,0.000,0.003,0.000,0.001
6370,0.000,0.003,0.000,0.001
6371,0.000,0.003,0.000,0.001
6372,0.000,0.003,0.000,0.001
6373,0.000,0.003,0.000,0.001
6374,0.000,0.003,0.000,0.001
6375,0.000,0.003,0.000,0.001
6376,0.000,0.003,0.000,0.001
6377,0.000,0.003,0.000,0.001
6378,0.000,0.003,0.000,0.001
6379,0.000,0.003,0.000,0.001
6380,0.000,0.003,0.000,0.001
6381,0.000,0.003,0.000,0.001
6382,0.000,0.003,0.000,0.001
6383,0.000,0.003,0.000,0.001
6384,0.000,0.003,0.000,0.001
6385,0.000,0.003,0.000,0.001
6386,0.000,0.003,0.000,0.001
6387,0.000,0.003,0.000,0.001
6388,0.000,0.003,0.000,0.001
6389,0.000,0.003,0.000,0.001
6390,0.000,0.003,0.000,0.001
6391,0.000,0.003,0.000,0.001
6392,0.000,0.003,0.000,0.001
6393,0.000,0.003,0.000,0.001
6394,0.000,0.003,0.000,0.001
6395,0.000,0.003,0.000,0.001
6396,0.000,0.003,0.000,0.001
6397,0.000,0.003,0.000,0.001
6398,0.000,0.003,0.000,0.001
6399,0.000,0.003,0.000,0.001
6400,0.000,0.003,0.000,0.001
6401,0.000,0.003,0.000,0.001
6402,0.000,0.003,0.000,0.001
6403,0.000,0.003,0.000,0.001
6404,0.000,0.003,0.000,0.001
6405,0.000,0.003,0.000,0.001
6406,0.000,0.003,0.000,0.001
6407,0.000,0.003,0.000,0.001
6408,0.000,0.003,0.000,0.001
6409,0.000,0.003,0.000,0.001
6410,0.000,0.003,0.000,0.001
6411,0.000,0.003,0.000,0.001
6412,0.000,0.003,0.000,0.001
6413,0.000,0.003,0.000,0.001
6414,0.000,0.003,0.000,0.001
6415,0.000,0.003,0.000,0.001
6416,0.000,0.003,0.000,0.001
6417,0.000,0.003,0.000,0.001
6418,0.000,0.003,0.000,0.001
6419,0.000,0.003,0.000,0.001
6420,0.000,0.003,0.000,0.001
6421,0.000,0.003,0.000,0.001
6422,0.000,0.003,0.000,0.001
6423,0.000,0.003,0.000,0.001
6424,0.000,0.003,0.000,0.001
6425,0.000,0.003,0.000,0.001
6426,0.000,0.003,0.000,0.001
6427,0.000,0.003,0.000,0.001
6428,0.000,0.003,0.000,0.001
6429,0.000,0.003,0.000,0.001
6430,0.000,0.003,0.000,0.001
6431,0.000,0.003,0.000,0.001
6432,0.000,0.003,0.000,0.001
6433,0.000,0.003,0.000,0.001
6434,0.000,0.003,0.000,0.001
6435,0.000,0.003,0.000,0.001
6436,0.000,0.003,0.000,0.001
6437,0.000,0.003,0.000,0.001
6438,0.000,0.003,0.000,0.001
6439,0.000,0.003,0.000,0.001
6440,0.000,0.003,0.000,0.001
6441,0.000,0.003,0.000,0.001
6442,0.000,0.003,0.000,0.001
6443,0.000,0.003,0.000,0.001
6444,0.000,0.003,0.000,0.001
6445,0.000,0.003,0.000,0.001
6446,0.000,0.003,0.000,0.001
6447,0.000,0.003,0.000,0.001
6448,0.000,0.003,0.000,0.001
6449,0.000,0.003,0.000,0.001
6450,0.000,0.003,0.000,0.001
6451,0.000,0.003,0.000,0.001
6452,0.000,0.003,0.000,0.001
6453,0.000,0.003,0.000,0.001
6454,0.000,0.003,0.000,0.001
6455,0.000,0.003,0.000,0.001
6456,0.000,0.003,0.000,0.001
6457,0.000,0.003,0.000,0.001
6458,0.000,0.003,0.000,0.001
6459,0.000,0.003,0.000,0.001
6460,0.000,0.003,0.000,0.001
6461,0.000,0.003,0.000,0.001
6462,0.000,0.003,0.000,0.001
6463,0.000,0.003,0.000,0.001
6464,0.000,0.003,0.000,0.001
6465,0.000,0.003,0.000,0.001
6466,0.000,0.003,0.000,0.001
6467,0.000,0.003,0.000,0.001
6468,0.000,0.003,0.000,0.001
6469,0.000,0.003,0.000,0.001
6470,0.000,0.003,0.000,0.001
6471,0.000,0.003,0.000,0.001
6472,0.000,0.003,0.000,0.001
6473,0.000,0.003,0.000,0.001
6474,0.000,0.003,0.000,0.001
6475,0.000,0.003,0.000,0.001
6476,0.000,0.003,0.000,0.001
6477,0.000,0.003,0.000,0.001
6478,0.000,0.003,0.000,0.001
6479,0.000,0.003,0.000,0.001
6480,0.000,0.003,0.000,0.001
6481,0.000,0.003,0.000,0.001
6482,0.000,0.003,0.000,0.001
6483,0.000,0.003,0.000,0.001
6484,0.000,0.003,0.000,0.001
6485,0.000,0.003,0.000,0.001
6486,0.000,0.003,0.000,0.001
6487,0.000,0.003,0.000,0.001
6488,0.000,0.003,0.000,0.001
6489,0.000,0.003,0.000,0.001
6490,0.000,0.003,0.000,0.001
6491,0.000,0.003,0.000,0.001
6492,0.000,0.003,0.000,0.001
6493,0.000,0.003,0.000,0.001
6494,0.000,0.003,0.000,0.001
6495,0.000,0.003,0.000,0.001
6496,0.000,0.003,0.000,0.001
6497,0.000,0.003,0.000,0.001
6498,0.000,0.003,0.000,0.001
6499,0.000,0.003,0.000,0.001
6500,0.000,0.003,0.000,0.001
6501,0.000,0.003,0.000,0.001
6502,0.000,0.003,0.000,0.001
6503,0.000,0.003,0.000,0.001
6504,0.000,0.003,0.000,0.001
6505,0.000,0.003,0.000,0.001
6506,0.000,0.003,0.000,0.001
6507,0.000,0.003,0.000,0.001
6508,0.000,0.003,0.000,0.001
6509,0.000,0.003,0.000,0.001
6510,0.000,0.003,0.000,0.001
6511,0.000,0.003,0.000,0.001
6512,0.000,0.003,0.000,0.001
6513,0.000,0.003,0.000,0.001
6514,0.000,0.003,0.000,0.001
6515,0.000,0.003,0.000,0.001
6516,0.000,0.003,0.000,0.001
6517,0.000,0.003,0.000,0.001
6518,0.000,0.003,0.000,0.001
6519,0.000,0.003,0.000,0.001
6520,0.000,0.003,0.000,0.001
6521,0.000,0.003,0.000,0.001
6522,0.000,0.003,0.000,0.001
6523,0.000,0.003,0.000,0.001
6524,0.000,0.003,0.000,0.001
6525,0.000,0.003,0.000,0.001
6526,0.000,0.003,0.000,0.001
6527,0.000,0.003,0.000,0.001
6528,0.000,0.003,0.000,0.001
6529,0.000,0.003,0.000,0.001
6530,0.000,0.003,0.000,0.001
6531,0.000,0.003,0.000,0.001
6532,0.000,0.003,0.000,0.001
6533,0.000,0.003,0.000,0.001
6534,0.000,0.003,0.000,0.001
6535,0.000,0.003,0.000,0.001
6536,0.000,0.003,0.000,0.001
6537,0.000,0.003,0.000,0.001
6538,0.000,0.003,0.000,0.001
6539,0.000,0.003,0.000,0.001
6540,0.000,0.003,0.000,0.001
6541,0.000,0.003,0.000,0.001
6542,0.000,0.003,0.000,0.001
6543,0.000,0.003,0.000,0.001
6544,0.000,0.003,0.000,0.001
6545,0.000,0.003,0.000,0.001
6546,0.000,0.003,0.000,0.001
6547,0.000,0.003,0.000,0.001
6548,0.000,0.003,0.000,0.001
6549,0.000,0.003,0.000,0.001
6550,0.000,0.003,0.000,0.001
6551,0.000,0.003,0.000,0.001
6552,0.000,0.003,0.000,0.001
6553,0.000,0.003,0.000,0.001
6554,0.000,0.003,0.000,0.001
6555,0.000,0.003,0.000,0.001
6556,0.000,0.003,0.000,0.001
6557,0.000,0.003,0.000,0.001
6558,0.000,0.003,0.000,0.001
6559,0.000,0.003,0.000,0.001
6560,0.000,0.003,0.000,0.001
6561,0.000,0.003,0.000,0.001
6562,0.000,0.003,0.000,0.001
6563,0.000,0.003,0.000,0.001
6564,0.000,0.003,0.000,0.001
6565,0.000,0.003,0.000,0.001
6566,0.000,0.003,0.000,0.001
6567,0.000,0.003,0.000,0.001
6568,0.000,0.003,0.000,0.001
6569,0.000,0.003,0.000,0.001
6570,0.000,0.003,0.000,0.001
6571,0.000,0.003,0.000,0.001
6572,0.000,0.003,0.000,0.001
6573,0.000,0.003,0.000,0.001
6574,0.000,0.003,0.000,0.001
6575,0.000,0.003,0.000,0.001
6576,0.000,0.003,0.000,0.001
6577,0.000,0.003,0.000,0.001
6578,0.000,0.003,0.000,0.001
6579,0.000,0.003,0.000,0.001
6580,0.000,0.003,0.000,0.001
6581,0.000,0.003,0.000,0.001
6582,0.000,0.003,0.000,0.001
6583,0.000,0.003,0.000,0.001
6584,0.000,0.003,0.000,0.001
6585,0.000,0.003,0.000,0.001
6586,0.000,0.003,0.000,0.001
6587,0.000,0.003,0.000,0.001
6588,0.000,0.003,0.000,0.001
6589,0.000,0.003,0.000,0.001
6590,0.000,0.003,0.000,0.001
6591,0.000,0.003,0.000,0.001
6592,0.000,0.003,0.000,0.001
6593,0.000,0.003,0.000,0.001
6594,0.000,0.003,0.000,0.001
6595,0.000,0.003,0.000,0.001
6596,0.000,0.003,0.000,0.001
6597,0.000,0.003,0.000,0.001
6598,0.000,0.003,0.000,0.001
6599,0.000,0.003,0.000,0.001
6600,0.000,0.003,0.000,0.001
6601,0.000,0.003,0.000,0.001
6602,0.000,0.003,0.000,0.001
6603,0.000,0.003,0.000,0.001
6604,0.000,0.003,0.000,0.001
6605,0.000,0.003,0.000,0.001
6606,0.000,0.003,0.000,0.001
6607,0.000,0.003,0.000,0.001
6608,0.000,0.003,0.000,0.001
6609,0.000,0.003,0.000,0.001
6610,0.000,0.003,0.000,0.001
6611,0.000,0.003,0.000,0.001
6612,0.000,0.003,0.000,0.001
6613,0.000,0.003,0.000,0.001
6614,0.000,0.003,0.000,0.001
6615,0.000,0.003,0.000,0.001
6616,0.000,0.003,0.000,0.001
6617,0.000,0.003,0.000,0.001
6618,0.000,0.003,0.000,0.001
6619,0.000,0.003,0.000,0.001
6620,0.000,0.003,0.000,0.001
6621,0.000,0.003,0.000,0.001
6622,0.000,0.003,0.000,0.001
6623,0.000,0.003,0.000,0.001
6624,0.000,0.003,0.000,0.001
6625,0.000,0.003,0.000,0.001
6626,0.000,0.003,0.000,0.001
6627,0.000,0.003,0.000,0.001
6628,0.000,0.003,0.000,0.001
6629,0.000,0.003,0.000,0.001
6630,0.000,0.003,0.000,0.001
6631,0.000,0.003,0.000,0.001
6632,0.000,0.003,0.000,0.001
6633,0.000,0.003,0.000,0.001
6634,0.000,0.003,0.000,0.001
6635,0.000,0.003,0.000,0.001
6636,0.000,0.003,0.000,0.001
6637,0.000,0.003,0.000,0.001
6638,0.000,0.003,0.000,0.001
6639,0.000,0.003,0.000,0.001
6640,0.000,0.003,0.000,0.001
6641,0.000,0.003,0.000,0.001
6642,0.000,0.003,0.000,0.001
6643,0.000,0.003,0.000,0.001
6644,0.000,0.003,0.000,0.001
6645,0.000,0.003,0.000,0.001
6646,0.000,0.003,0.000,0.001
6647,0.000,0.003,0.000,0.001
6648,0.000,0.003,0.000,0.001
6649,0.000,0.003,0.000,0.001
6650,0.000,0.003,0.000,0.001
6651,0.000,0.003,0.000,0.001
6652,0.000,0.003,0.000,0.001
6653,0.000,0.003,0.000,0.001
6654,0.000,0.003,0.000,0.001
6655,0.000,0.003,0.000,0.001
6656,0.000,0.003,0.000,0.001
6657,0.000,0.003,0.000,0.001
6658,0.000,0.003,0.000,0.001
6659,0.000,0.003,0.000,0.001
6660,0.000,0.003,0.000,0.001
6661,0.000,0.003,0.000,0.001
6662,0.000,0.003,0.000,0.001
6663,0.000,0.003,0.000,0.001
6664,0.000,0.003,0.000,0.001
6665,0.000,0.003,0.000,0.001
6666,0.000,0.003,0.000,0.001
6667,0.000,0.003,0.000,0.001
6668,0.000,0.003,0.000,0.001
6669,0.000,0.003,0.000,0.001
6670,0.000,0.003,0.000,0.001
6671,0.000,0.003,0.000,0.001
6672,0.000,0.003,0.000,0.001
6673,0.000,0.003,0.000,0.001
6674,0.000,0.003,0.000,0.001
6675,0.000,0.003,0.000,0.001
6676,0.000,0.003,0.000,0.001
6677,0.000,0.003,0.000,0.001
6678,0.000,0.003,0.000,0.001
6679,0.000,0.003,0.000,0.001
6680,0.000,0.003,0.000,0.001
6681,0.000,0.003,0.000,0.001
6682,0.000,0.003,0.000,0.001
6683,0.000,0.003,0.000,0.001
6684,0.000,0.003,0.000,0.001
6685,0.000,0.003,0.000,0.001
6686,0.000,0.003,0.000,0.001
6687,0.000,0.003,0.000,0.001
6688,0.000,0.003,0.000,0.001
6689,0.000,0.003,0.000,0.001
6690,0.000,0.003,0.000,0.001
6691,0.000,0.003,0.000,0.001
6692,0.000,0.003,0.000,0.001
6693,0.000,0.003,0.000,0.001
6694,0.000,0.003,0.000,0.001
6695,0.000,0.003,0.000,0.001
6696,0.000,0.003,0.000,0.001
6697,0.000,0.003,0.000,0.001
6698,0.000,0.003,0.000,0.001
6699,0.000,0.003,0.000,0.001
6700,0.000,0.003,0.000,0.001
6701,0.000,0.003,0.000,0.001
6702,0.000,0.003,0.000,0.001
6703,0.000,0.003,0.000,0.001
6704,0.000,0.003,0.000,0.001
6705,0.000,0.003,0.000,0.001
6706,0.000,0.003,0.000,0.001
6707,0.000,0.003,0.000,0.001
6708,0.000,0.003,0.000,0.001
6709,0.000,0.003,0.000,0.001
6710,0.000,0.003,0.000,0.001
6711,0.000,0.003,0.000,0.001
6712,0.000,0.003,0.000,0.001
6713,0.000,0.003,0.000,0.001
6714,0.000,0.003,0.000,0.001
6715,0.000,0.003,0.000,0.001
6716,0.000,0.003,0.000,0.001
6717,0.000,0.003,0.000,0.001
6718,0.000,0.003,0.000,0.001
6719,0.000,0.003,0.000,0.001
6720,0.000,0.003,0.000,0.001
6721,0.000,0.003,0.000,0.001
6722,0.000,0.003,0.000,0.001
6723,0.000,0.003,0.000,0.001
6724,0.000,0.003,0.000,0.001
6725,0.000,0.003,0.000,0.001
6726,0.000,0.003,0.000,0.001
6727,0.000,0.003,0.000,0.001
6728,0.000,0.003,0.000,0.001
6729,0.000,0.003,0.000,0.001
6730,0.000,0.003,0.000,0.001
6731,0.000,0.003,0.000,0.001
6732,0.000,0.003,0.000,0.001
6733,0.000,0.003,0.000,0.001
6734,0.000,0.003,0.000,0.001
6735,0.000,0.003,0.000,0.001
6736,0.000,0.003,0.000,0.001
6737,0.000,0.003,0.000,0.001
6738,0.000,0.003,0.000,0.001
6739,0.000,0.003,0.000,0.001
6740,0.000,0.003,0.000,0.001
6741,0.000,0.003,0.000,0.001
6742,0.000,0.003,0.000,0.001
6743,0.000,0.003,0.000,0.001
6744,0.000,0.003,0.000,0.001
6745,0.000,0.003,0.000,0.001
6746,0.000,0.003,0.000,0.001
6747,0.000,0.003,0.000,0.001
6748,0.000,0.003,0.000,0.001
6749,0.000,0.003,0.000,0.001
6750,0.000,0.003,0.000,0.001
6751,0.000,0.003,0.000,0.001
6752,0.000,0.003,0.000,0.001
6753,0.000,0.003,0.000,0.001
6754,0.000,0.003,0.000,0.001
6755,0.000,0.003,0.000,0.001
6756,0.000,0.003,0.000,0.001
6757,0.000,0.003,0.000,0.001
6758,0.000,0.003,0.000,0.001
6759,0.000,0.003,0.000,0.001
6760,0.000,0.003,0.000,0.001
6761,0.000,0.003,0.000,0.001
6762,0.000,0.003,0.000,0.001
6763,0.000,0.003,0.000,0.001
6764,0.000,0.003,0.000,0.001
6765,0.000,0.003,0.000,0.001
6766,0.000,0.003,0.000,0.001
6767,0.000,0.003,0.000,0.001
6768,0.000,0.003,0.000,0.001
6769,0.000,0.003,0.000,0.001
6770,0.000,0.003,0.000,0.001
6771,0.000,0.003,0.000,0.001
6772,0.000,0.003,0.000,0.001
6773,0.000,0.003,0.000,0.001
6774,0.000,0.003,0.000,0.001
6775,0.000,0.003,0.000,0.001
6776,0.000,0.003,0.000,0.001
6777,0.000,0.003,0.000,0.001
6778,0.000,0.003,0.000,0.001
6779,0.000,0.003,0.000,0.001
6780,0.000,0.003,0.000,0.001
6781,0.000,0.003,0.000,0.001
6782,0.000,0.003,0.000,0.001
6783,0.000,0.003,0.000,0.001
6784,0.000,0.003,0.000,0.001
6785,0.000,0.003,0.000,0.001
6786,0.000,0.003,0.000,0.001
6787,0.000,0.003,0.000,0.001
6788,0.000,0.003,0.000,0.001
6789,0.000,0.003,0.000,0.001
6790,0.000,0.003,0.000,0.001
6791,0.000,0.003,0.000,0.001
6792,0.000,0.003,0.000,0.001
6793,0.000,0.003,0.000,0.001
6794,0.000,0.003,0.000,0.001
6795,0.000,0.003,0.000,0.001
6796,0.000,0.003,0.000,0.001
6797,0.000,0.003,0.000,0.001
6798,0.000,0.003,0.000,0.001
6799,0.000,0.003,0.000,0.001
6800,0.000,0.003,0.000,0.001
6801,0.000,0.003,0.000,0.001
6802,0.000,0.003,0.000,0.001
6803,0.000,0.003,0.000,0.001
6804,0.000,0.003,0.000,0.001
6805,0.000,0.003,0.000,0.001
6806,0.000,0.003,0.000,0.001
6807,0.000,0.003,0.000,0.001
6808,0.000,0.003,0.000,0.001
6809,0.000,0.003,0.000,0.001
6810,0.000,0.003,0.000,0.001
6811,0.000,0.003,0.000,0.001
6812,0.000,0.003,0.000,0.001
6813,0.000,0.003,0.000,0.001
6814,0.000,0.003,0.000,0.001
6815,0.000,0.003,0.000,0.001
6816,0.000,0.003,0.000,0.001
6817,0.000,0.003,0.000,0.001
6818,0.000,0.003,0.000,0.001
6819,0.000,0.003,0.000,0.001
6820,0.000,0.003,0.000,0.001
6821,0.000,0.003,0.000,0.001
6822,0.000,0.003,0.000,0.001
6823,0.000,0.003,0.000,0.001
6824,0.000,0.003,0.000,0.001
6825,0.000,0.003,0.000,0.001
6826,0.000,0.003,0.000,0.001
6827,0.000,0.003,0.000,0.001
6828,0.000,0.003,0.000,0.001
6829,0.000,0.003,0.000,0.001
6830,0.000,0.003,0.000,0.001
6831,0.000,0.003,0.000,0.001
6832,0.000,0.003,0.000,0.001
6833,0.000,0.003,0.000,0.001
6834,0.000,0.003,0.000,0.001
6835,0.000,0.003,0.000,0.001
6836,0.000,0.003,0.000,0.001
6837,0.000,0.003,0.000,0.001
6838,0.000,0.003,0.000,0.001
6839,0.000,0.003,0.000,0.001
6840,0.000,0.003,0.000,0.001
6841,0.000,0.003,0.000,0.001
6842,0.000,0.003,0.000,0.001
6843,0.000,0.003,0.000,0.001
6844,0.000,0.003,0.000,0.001
6845,0.000,0.003,0.000,0.001
6846,0.000,0.003,0.000,0.001
6847,0.000,0.003,0.000,0.001
6848,0.000,0.003,0.000,0.001
6849,0.000,0.003,0.000,0.001
6850,0.000,0.003,0.000,0.001
6851,0.000,0.003,0.000,0.001
6852,0.000,0.003,0.000,0.001
6853,0.000,0.003,0.000,0.001
6854,0.000,0.003,0.000,0.001
6855,0.000,0.003,0.000,0.001
6856,0.000,0.003,0.000,0.001
6857,0.000,0.003,0.000,0.001
6858,0.000,0.003,0.000,0.001
6859,0.000,0.003,0.000,0.001
6860,0.000,0.003,0.000,0.001
6861,0.000,0.003,0.000,0.001
6862,0.000,0.003,0.000,0.001
6863,0.000,0.003,0.000,0.001
6864,0.000,0.003,0.000,0.001
6865,0.000,0.003,0.000,0.001
6866,0.000,0.003,0.000,0.001
6867,0.000,0.003,0.000,0.001
6868,0.000,0.003,0.000,0.001
6869,0.000,0.003,0.000,0.001
6870,0.000,0.003,0.000,0.001
6871,0.000,0.003,0.000,0.001
6872,0.000,0.003,0.000,0.001
6873,0.000,0.003,0.000,0.001
6874,0.000,0.003,0.000,0.001
6875,0.000,0.003,0.000,0.001
6876,0.000,0.003,0.000,0.001
6877,0.000,0.003,0.000,0.001
6878,0.000,0.003,0.000,0.001
6879,0.000,0.003,0.000,0.001
6880,0.000,0.003,0.000,0.001
6881,0.000,0.003,0.000,0.001
6882,0.000,0.003,0.000,0.001
6883,0.000,0.003,0.000,0.001
6884,0.000,0.003,0.000,0.001
6885,0.000,0.003,0.000,0.001
6886,0.000,0.003,0.000,0.001
6887,0.000,0.003,0.000,0.001
6888,0.000,0.003,0.000,0.001
6889,0.000,0.003,0.000,0.001
6890,0.000,0.003,0.000,0.001
6891,0.000,0.003,0.000,0.001
6892,0.000,0.003,0.000,0.001
6893,0.000,0.003,0.000,0.001
6894,0.000,0.003,0.000,0.001
6895,0.000,0.003,0.000,0.001
6896,0.000,0.003,0.000,0.001
6897,0.000,0.003,0.000,0.001
6898,0.000,0.003,0.000,0.001
6899,0.000,0.003,0.000,0.001
6900,0.000,0.003,0.000,0.001
6901,0.000,0.003,0.000,0.001
6902,0.000,0.003,0.000,0.001
6903,0.000,0.003,0.000,0.001
6904,0.000,0.003,0.000,0.001
6905,0.000,0.003,0.000,0.001
6906,0.000,0.003,0.000,0.001
6907,0.000,0.003,0.000,0.001
6908,0.000,0.003,0.000,0.001
6909,0.000,0.003,0.000,0.001
6910,0.000,0.003,0.000,0.001
6911,0.000,0.003,0.000,0.001
6912,0.000,0.003,0.000,0.001
6913,0.000,0.003,0.000,0.001
6914,0.000,0.003,0.000,0.001
6915,0.000,0.003,0.000,0.001
6916,0.000,0.003,0.000,0.001
6917,0.000,0.003,0.000,0.001
6918,0.000,0.003,0.000,0.001
6919,0.000,0.003,0.000,0.001
6920,0.000,0.003,0.000,0.001
6921,0.000,0.003,0.000,0.001
6922,0.000,0.003,0.000,0.001
6923,0.000,0.003,0.000,0.001
6924,0.000,0.003,0.000,0.001
6925,0.000,0.003,0.000,0.001
6926,0.000,0.003,0.000,0.001
6927,0.000,0.003,0.000,0.001
6928,0.000,0.003,0.000,0.001
6929,0.000,0.003,0.000,0.001
6930,0.000,0.003,0.000,0.001
6931,0.000,0.003,0.000,0.001
6932,0.000,0.003,0.000,0.001
6933,0.000,0.003,0.000,0.001
6934,0.000,0.003,0.000,0.001
6935,0.000,0.003,0.000,0.001
6936,0.000,0.003,0.000,0.001
6937,0.000,0.003,0.000,0.001
6938,0.000,0.003,0.000,0.001
6939,0.000,0.003,0.000,0.001
6940,0.000,0.003,0.000,0.001
6941,0.000,0.003,0.000,0.001
6942,0.000,0.003,0.000,0.001
6943,0.000,0.003,0.000,0.001
6944,0.000,0.003,0.000,0.001
6945,0.000,0.003,0.000,0.001
6946,0.000,0.003,0.000,0.001
6947,0.000,0.003,0.000,0.001
6948,0.000,0.003,0.000,0.001
6949,0.000,0.003,0.000,0.001
6950,0.000,0.003,0.000,0.001
6951,0.000,0.003,0.000,0.001
6952,0.000,0.003,0.000,0.001
6953,0.000,0.003,0.000,0.001
6954,0.000,0.003,0.000,0.001
6955,0.000,0.003,0.000,0.001
6956,0.000,0.003,0.000,0.001
6957,0.000,0.003,0.000,0.001
6958,0.000,0.003,0.000,0.001
6959,0.000,0.003,0.000,0.001
6960,0.000,0.003,0.000,0.001
6961,0.000,0.003,0.000,0.001
6962,0.000,0.003,0.000,0.001
6963,0.000,0.003,0.000,0.001
6964,0.000,0.003,0.000,0.001
6965,0.000,0.003,0.000,0.001
6966,0.000,0.003,0.000,0.001
6967,0.000,0.003,0.000,0.001
6968,0.000,0.003,0.000,0.001
6969,0.000,0.003,0.000,0.001
6970,0.000,0.003,0.000,0.001
6971,0.000,0.003,0.000,0.001
6972,0.000,0.003,0.000,0.001
6973,0.000,0.003,0.000,0.001
6974,0.000,0.003,0.000,0.001
6975,0.000,0.003,0.000,0.001
6976,0.000,0.003,0.000,0.001
6977,0.000,0.003,0.000,0.001
6978,0.000,0.003,0.000,0.001
6979,0.000,0.003,0.000,0.001
6980,0.000,0.003,0.000,0.001
6981,0.000,0.003,0.000,0.001
6982,0.000,0.003,0.000,0.001
6983,0.000,0.003,0.000,0.001
6984,0.000,0.003,0.000,0.001
6985,0.000,0.003,0.000,0.001
6986,0.000,0.003,0.000,0.001
6987,0.000,0.003,0.000,0.001
6988,0.000,0.003,0.000,0.001
6989,0.000,0.003,0.000,0.001
6990,0.000,0.003,0.000,0.001
6991,0.000,0.003,0.000,0.001
6992,0.000,0.003,0.000,0.001
6993,0.000,0.003,0.000,0.001
6994,0.000,0.003,0.000,0.001
6995,0.000,0.003,0.000,0.001
6996,0.000,0.003,0.000,0.001
6997,0.000,0.003,0.000,0.001
6998,0.000,0.003,0.000,0.001
6999,0.000,0.003,0.000,0.001
7000,0.000,0.003,0.000,0.001
7001,0.000,0.003,0.000,0.001
7002,0.000,0.003,0.000,0.001
7003,0.000,0.003,0.000,0.001
7004,0.000,0.003,0.000,0.001
7005,0.000,0.003,0.000,0.001
7006,0.000,0.003,0.000,0.001
7007,0.000,0.003,0.000,0.001
7008,0.000,0.003,0.000,0.001
7009,0.000,0.003,0.000,0.001
7010,0.000,0.003,0.000,0.001
7011,0.000,0.003,0.000,0.001
7012,0.000,0.003,0.000,0.001
7013,0.000,0.003,0.000,0.001
7014,0.000,0.003,0.000,0.001
7015,0.000,0.003,0.000,0.001
7016,0.000,0.003,0.000,0.001
7017,0.000,0.003,0.000,0.001
7018,0.000,0.003,0.000,0.001
7019,0.000,0.003,0.000,0.001
7020,0.000,0.003,0.000,0.001
7021,0.000,0.003,0.000,0.001
7022,0.000,0.003,0.000,0.001
7023,0.000,0.003,0.000,0.001
7024,0.000,0.003,0.000,0.001
7025,0.000,0.003,0.000,0.001
7026,0.000,0.003,0.000,0.001
7027,0.000,0.003,0.000,0.001
7028,0.000,0.003,0.000,0.001
7029,0.000,0.003,0.000,0.001
7030,0.000,0.003,0.000,0.001
7031,0.000,0.003,0.000,0.001
7032,0.000,0.003,0.000,0.001
7033,0.000,0.003,0.000,0.001
7034,0.000,0.003,0.000,0.001
7035,0.000,0.003,0.000,0.001
7036,0.000,0.003,0.000,0.001
7037,0.000,0.003,0.000,0.001
7038,0.000,0.003,0.000,0.001
7039,0.000,0.003,0.000,0.001
7040,0.000,0.003,0.000,0.001
7041,0.000,0.003,0.000,0.001
7042,0.000,0.003,0.000,0.001
7043,0.000,0.003,0.000,0.001
7044,0.000,0.003,0.000,0.001
7045,0.000,0.003,0.000,0.001
7046,0.000,0.003,0.000,0.001
7047,0.000,0.003,0.000,0.001
7048,0.000,0.003,0.000,0.001
7049,0.000,0.003,0.000,0.001
7050,0.000,0.003,0.000,0.001
7051,0.000,0.003,0.000,0.001
7052,0.000,0.003,0.000,0.001
7053,0.000,0.003,0.000,0.001
7054,0.000,0.003,0.000,0.001
7055,0.000,0.003,0.000,0.001
7056,0.000,0.003,0.000,0.001
7057,0.000,0.003,0.000,0.001
7058,0.000,0.003,0.000,0.001
7059,0.000,0.003,0.000,0.001
7060,0.000,0.003,0.000,0.001
7061,0.000,0.003,0.000,0.001
7062,0.000,0.003,0.000,0.001
7063,0.000,0.003,0.000,0.001
7064,0.000,0.003,0.000,0.001
7065,0.000,0.003,0.000,0.001
7066,0.000,0.003,0.000,0.001
7067,0.000,0.003,0.000,0.001
7068,0.000,0.003,0.000,0.001
7069,0.000,0.003,0.000,0.001
7070,0.000,0.003,0.000,0.001
7071,0.000,0.003,0.000,0.001
7072,0.000,0.003,0.000,0.001
7073,0.000,0.003,0.000,0.001
7074,0.000,0.003,0.000,0.001
7075,0.000,0.003,0.000,0.001
7076,0.000,0.003,0.000,0.001
7077,0.000,0.003,0.000,0.001
7078,0.000,0.003,0.000,0.001
7079,0.000,0.003,0.000,0.001
7080,0.000,0.003,0.000,0.001
7081,0.000,0.003,0.000,0.001
7082,0.000,0.003,0.000,0.001
7083,0.000,0.003,0.000,0.001
7084,0.000,0.003,0.000,0.001
7085,0.000,0.003,0.000,0.001
7086,0.000,0.003,0.000,0.001
7087,0.000,0.003,0.000,0.001
7088,0.000,0.003,0.000,0.001
7089,0.000,0.003,0.000,0.001
7090,0.000,0.003,0.000,0.001
7091,0.000,0.003,0.000,0.001
7092,0.000,0.003,0.000,0.001
7093,0.000,0.003,0.000,0.001
7094,0.000,0.003,0.000,0.001
7095,0.000,0.003,0.000,0.001
7096,0.000,0.003,0.000,0.001
7097,0.000,0.003,0.000,0.001
7098,0.000,0.003,0.000,0.001
7099,0.000,0.003,0.000,0.001
7100,0.000,0.003,0.000,0.001
7101,0.000,0.003,0.000,0.001
7102,0.000,0.003,0.000,0.001
7103,0.000,0.003,0.000,0.001
7104,0.000,0.003,0.000,0.001
7105,0.000,0.003,0.000,0.001
7106,0.000,0.003,0.000,0.001
7107,0.000,0.003,0.000,0.001
7108,0.000,0.003,0.000,0.001
7109,0.000,0.003,0.000,0.001
7110,0.000,0.003,0.000,0.001
7111,0.000,0.003,0.000,0.001
7112,0.000,0.003,0.000,0.001
7113,0.000,0.003,0.000,0.001
7114,0.000,0.003,0.000,0.001
7115,0.000,0.003,0.000,0.001
7116,0.000,0.003,0.000,0.001
7117,0.000,0.003,0.000,0.001
7118,0.000,0.003,0.000,0.001
7119,0.000,0.003,0.000,0.001
7120,0.000,0.003,0.000,0.001
7121,0.000,0.003,0.000,0.001
7122,0.000,0.003,0.000,0.001
7123,0.000,0.003,0.000,0.001
7124,0.000,0.003,0.000,0.001
7125,0.000,0.003,0.000,0.001
7126,0.000,0.003,0.000,0.001
7127,0.000,0.003,0.000,0.001
7128,0.000,0.003,0.000,0.001
7129,0.000,0.003,0.000,0.001
7130,0.000,0.003,0.000,0.001
7131,0.000,0.003,0.000,0.001
7132,0.000,0.003,0.000,0.001
7133,0.000,0.003,0.000,0.001
7134,0.000,0.003,0.000,0.001
7135,0.000,0.003,0.000,0.001
7136,0.000,0.003,0.000,0.001
7137,0.000,0.003,0.000,0.001
7138,0.000,0.003,0.000,0.001
7139,0.000,0.003,0.000,0.001
7140,0.000,0.003,0.000,0.001
7141,0.000,0.003,0.000,0.001
7142,0.000,0.003,0.000,0.001
7143,0.000,0.003,0.000,0.001
7144,0.000,0.003,0.000,0.001
7145,0.000,0.003,0.000,0.001
7146,0.000,0.003,0.000,0.001
7147,0.000,0.003,0.000,0.001
7148,0.000,0.003,0.000,0.001
7149,0.000,0.003,0.000,0.001
7150,0.000,0.003,0.000,0.001
7151,0.000,0.003,0.000,0.001
7152,0.000,0.003,0.000,0.001
7153,0.000,0.003,0.000,0.001
7154,0.000,0.003,0.000,0.001
7155,0.000,0.003,0.000,0.001
7156,0.000,0.003,0.000,0.001
7157,0.000,0.003,0.000,0.001
7158,0.000,0.003,0.000,0.001
7159,0.000,0.003,0.000,0.001
7160,0.000,0.003,0.000,0.001
7161,0.000,0.003,0.000,0.001
7162,0.000,0.003,0.000,0.001
7163,0.000,0.003,0.000,0.001
7164,0.000,0.003,0.000,0.001
7165,0.000,0.003,0.000,0.001
7166,0.000,0.003,0.000,0.001
7167,0.000,0.003,0.000,0.001
7168,0.000,0.003,0.000,0.001
7169,0.000,0.003,0.000,0.001
7170,0.000,0.003,0.000,0.001
7171,0.000,0.003,0.000,0.001
7172,0.000,0.003,0.000,0.001
7173,0.000,0.003,0.000,0.001
7174,0.000,0.003,0.000,0.001
7175,0.000,0.003,0.000,0.001
7176,0.000,0.003,0.000,0.001
7177,0.000,0.003,0.000,0.001
7178,0.000,0.003,0.000,0.001
7179,0.000,0.003,0.000,0.001
7180,0.000,0.003,0.000,0.001
7181,0.000,0.003,0.000,0.001
7182,0.000,0.003,0.000,0.001
7183,0.000,0.003,0.000,0.001
7184,0.000,0.003,0.000,0.001
7185,0.000,0.003,0.000,0.001
7186,0.000,0.003,0.000,0.001
7187,0.000,0.003,0.000,0.001
7188,0.000,0.003,0.000,0.001
7189,0.000,0.003,0.000,0.001
7190,0.000,0.003,0.000,0.001
7191,0.000,0.003,0.000,0.001
7192,0.000,0.003,0.000,0.001
7193,0.000,0.003,0.000,0.001
7194,0.000,0.003,0.000,0.001
7195,0.000,0.003,0.000,0.001
7196,0.000,0.003,0.000,0.001
7197,0.000,0.003,0.000,0.001
7198,0.000,0.003,0.000,0.001
7199,0.000,0.003,0.000,0.001
7200,0.000,0.003,0.000,0.001
7201,0.000,0.003,0.000,0.001
7202,0.000,0.003,0.000,0.001
7203,0.000,0.003,0.000,0.001
7204,0.000,0.003,0.000,0.001
7205,0.000,0.003,0.000,0.001
7206,0.000,0.003,0.000,0.001
7207,0.000,0.003,0.000,0.001
7208,0.000,0.003,0.000,0.001
7209,0.000,0.003,0.000,0.001
7210,0.000,0.003,0.000,0.001
7211,0.000,0.003,0.000,0.001
7212,0.000,0.003,0.000,0.001
7213,0.000,0.003,0.000,0.001
7214,0.000,0.003,0.000,0.001
7215,0.000,0.003,0.000,0.001
7216,0.000,0.003,0.000,0.001
7217,0.000,0.003,0.000,0.001
7218,0.000,0.003,0.000,0.001
7219,0.000,0.003,0.000,0.001
7220,0.000,0.003,0.000,0.001
7221,0.000,0.003,0.000,0.001
7222,0.000,0.003,0.000,0.001
7223,0.000,0.003,0.000,0.001
7224,0.000,0.003,0.000,0.001
7225,0.000,0.003,0.000,0.001
7226,0.000,0.003,0.000,0.001
7227,0.000,0.003,0.000,0.001
7228,0.000,0.003,0.000,0.001
7229,0.000,0.003,0.000,0.001
7230,0.000,0.003,0.000,0.001
7231,0.000,0.003,0.000,0.001
7232,0.000,0.003,0.000,0.001
7233,0.000,0.003,0.000,0.001
7234,0.000,0.003,0.000,0.001
7235,0.000,0.003,0.000,0.001
7236,0.000,0.003,0.000,0.001
7237,0.000,0.003,0.000,0.001
7238,0.000,0.003,0.000,0.001
7239,0.000,0.003,0.000,0.001
7240,0.000,0.003,0.000,0.001
7241,0.000,0.003,0.000,0.001
7242,0.000,0.003,0.000,0.001
7243,0.000,0.003,0.000,0.001
7244,0.000,0.003,0.000,0.001
7245,0.000,0.003,0.000,0.001
7246,0.000,0.003,0.000,0.001
7247,0.000,0.003,0.000,0.001
7248,0.000,0.003,0.000,0.001
7249,0.000,0.003,0.000,0.001
7250,0.000,0.003,0.000,0.001
7251,0.000,0.003,0.000,0.001
7252,0.000,0.003,0.000,0.001
7253,0.000,0.003,0.000,0.001
7254,0.000,0.003,0.000,0.001
7255,0.000,0.003,0.000,0.001
7256,0.000,0.003,0.000,0.001
7257,0.000,0.003,0.000,0.001
7258,0.000,0.003,0.000,0.001
7259,0.000,0.003,0.000,0.001
7260,0.000,0.003,0.000,0.001
7261,0.000,0.003,0.000,0.001
7262,0.000,0.003,0.000,0.001
7263,0.000,0.003,0.000,0.001
7264,0.000,0.003,0.000,0.001
7265,0.000,0.003,0.000,0.001
7266,0.000,0.003,0.000,0.001
7267,0.000,0.003,0.000,0.001
7268,0.000,0.003,0.000,0.001
7269,0.000,0.003,0.000,0.001
7270,0.000,0.003,0.000,0.001
7271,0.000,0.003,0.000,0.001
7272,0.000,0.003,0.000,0.001
7273,0.000,0.003,0.000,0.001
7274,0.000,0.003,0.000,0.001
7275,0.000,0.003,0.000,0.001
7276,0.000,0.003,0.000,0.001
7277,0.000,0.003,0.000,0.001
7278,0.000,0.003,0.000,0.001
7279,0.000,0.003,0.000,0.001
7280,0.000,0.003,0.000,0.001
7281,0.000,0.003,0.000,0.001
7282,0.000,0.003,0.000,0.001
7283,0.000,0.003,0.000,0.001
7284,0.000,0.003,0.000,0.001
7285,0.000,0.003,0.000,0.001
7286,0.000,0.003,0.000,0.001
7287,0.000,0.003,0.000,0.001
7288,0.000,0.003,0.000,0.001
7289,0.000,0.003,0.000,0.001
7290,0.000,0.003,0.000,0.001
7291,0.000,0.003,0.000,0.001
7292,0.000,0.003,0.000,0.001
7293,0.000,0.003,0.000,0.001
7294,0.000,0.003,0.000,0.001
7295,0.000,0.003,0.000,0.001
7296,0.000,0.003,0.000,0.001
7297,0.000,0.003,0.000,0.001
7298,0.000,0.003,0.000,0.001
7299,0.000,0.003,0.000,0.001
7300,0.000,0.003,0.000,0.001
7301,0.000,0.003,0.000,0.001
7302,0.000,0.003,0.000,0.001
7303,0.000,0.003,0.000,0.001
7304,0.000,0.003,0.000,0.001
7305,0.000,0.003,0.000,0.001
7306,0.000,0.003,0.000,0.001
7307,0.000,0.003,0.000,0.001
7308,0.000,0.003,0.000,0.001
7309,0.000,0.003,0.000,0.001
7310,0.000,0.003,0.000,0.001
7311,0.000,0.003,0.000,0.001
7312,0.000,0.003,0.000,0.001
7313,0.000,0.003,0.000,0.001
7314,0.000,0.003,0.000,0.001
7315,0.000,0.003,0.000,0.001
7316,0.000,0.003,0.000,0.001
7317,0.000,0.003,0.000,0.001
7318,0.000,0.003,0.000,0.001
7319,0.000,0.003,0.000,0.001
7320,0.000,0.003,0.000,0.001
7321,0.000,0.003,0.000,0.001
7322,0.000,0.003,0.000,0.001
7323,0.000,0.003,0.000,0.001
7324,0.000,0.003,0.000,0.001
7325,0.000,0.003,0.000,0.001
7326,0.000,0.003,0.000,0.001
7327,0.000,0.003,0.000,0.001
7328,0.000,0.003,0.000,0.001
7329,0.000,0.003,0.000,0.001
7330,0.000,0.003,0.000,0.001
7331,0.000,0.003,0.000,0.001
7332,0.000,0.003,0.000,0.001
7333,0.000,0.003,0.000,0.001
7334,0.000,0.003,0.000,0.001
7335,0.000,0.003,0.000,0.001
7336,0.000,0.003,0.000,0.001
7337,0.000,0.003,0.000,0.001
7338,0.000,0.003,0.000,0.001
7339,0.000,0.003,0.000,0.001
7340,0.000,0.003,0.000,0.001
7341,0.000,0.003,0.000,0.001
7342,0.000,0.003,0.000,0.001
7343,0.000,0.003,0.000,0.001
7344,0.000,0.003,0.000,0.001
7345,0.000,0.003,0.000,0.001
7346,0.000,0.003,0.000,0.001
7347,0.000,0.003,0.000,0.001
7348,0.000,0.003,0.000,0.001
7349,0.000,0.003,0.000,0.001
7350,0.000,0.003,0.000,0.001
7351,0.000,0.003,0.000,0.001
7352,0.000,0.003,0.000,0.001
7353,0.000,0.003,0.000,0.001
7354,0.000,0.003,0.000,0.001
7355,0.000,0.003,0.000,0.001
7356,0.000,0.003,0.000,0.001
7357,0.000,0.003,0.000,0.001
7358,0.000,0.003,0.000,0.001
7359,0.000,0.003,0.000,0.001
7360,0.000,0.003,0.000,0.001
7361,0.000,0.003,0.000,0.001
7362,0.000,0.003,0.000,0.001
7363,0.000,0.003,0.000,0.001
7364,0.000,0.003,0.000,0.001
7365,0.000,0.003,0.000,0.001
7366,0.000,0.003,0.000,0.001
7367,0.000,0.003,0.000,0.001
7368,0.000,0.003,0.000,0.001
7369,0.000,0.003,0.000,0.001
7370,0.000,0.003,0.000,0.001
7371,0.000,0.003,0.000,0.001
7372,0.000,0.003,0.000,0.001
7373,0.000,0.003,0.000,0.001
7374,0.000,0.003,0.000,0.001
7375,0.000,0.003,0.000,0.001
7376,0.000,0.003,0.000,0.001
7377,0.000,0.003,0.000,0.001
7378,0.000,0.003,0.000,0.001
7379,0.000,0.003,0.000,0.001
7380,0.000,0.003,0.000,0.001
7381,0.000,0.003,0.000,0.001
7382,0.000,0.003,0.000,0.001
7383,0.000,0.003,0.000,0.001
7384,0.000,0.003,0.000,0.001
7385,0.000,0.003,0.000,0.001
7386,0.000,0.003,0.000,0.001
7387,0.000,0.003,0.000,0.001
7388,0.000,0.003,0.000,0.001
7389,0.000,0.003,0.000,0.001
7390,0.000,0.003,0.000,0.001
7391,0.000,0.003,0.000,0.001
7392,0.000,0.003,0.000,0.001
7393,0.000,0.003,0.000,0.001
7394,0.000,0.003,0.000,0.001
7395,0.000,0.003,0.000,0.001
7396,0.000,0.003,0.000,0.001
7397,0.000,0.003,0.000,0.001
7398,0.000,0.003,0.000,0.001
7399,0.000,0.003,0.000,0.001
7400,0.000,0.003,0.000,0.001
7401,0.000,0.003,0.000,0.001
7402,0.000,0.003,0.000,0.001
7403,0.000,0.003,0.000,0.001
7404,0.000,0.003,0.000,0.001
7405,0.000,0.003,0.000,0.001
7406,0.000,0.003,0.000,0.001
7407,0.000,0.003,0.000,0.001
7408,0.000,0.003,0.000,0.001
7409,0.000,0.003,0.000,0.001
7410,0.000,0.003,0.000,0.001
7411,0.000,0.003,0.000,0.001
7412,0.000,0.003,0.000,0.001
7413,0.000,0.003,0.000,0.001
7414,0.000,0.003,0.000,0.001
7415,0.000,0.003,0.000,0.001
7416,0.000,0.003,0.000,0.001
7417,0.000,0.003,0.000,0.001
7418,0.000,0.003,0.000,0.001
7419,0.000,0.003,0.000,0.001
7420,0.000,0.003,0.000,0.001
7421,0.000,0.003,0.000,0.001
7422,0.000,0.003,0.000,0.001
7423,0.000,0.003,0.000,0.001
7424,0.000,0.003,0.000,0.001
7425,0.000,0.003,0.000,0.001
7426,0.000,0.003,0.000,0.001
7427,0.000,0.003,0.000,0.001
7428,0.000,0.003,0.000,0.001
7429,0.000,0.003,0.000,0.001
7430,0.000,0.003,0.000,0.001
7431,0.000,0.003,0.000,0.001
7432,0.000,0.003,0.000,0.001
7433,0.000,0.003,0.000,0.001
7434,0.000,0.003,0.000,0.001
7435,0.000,0.003,0.000,0.001
7436,0.000,0.003,0.000,0.001
7437,0.000,0.003,0.000,0.001
7438,0.000,0.003,0.000,0.001
7439,0.000,0.003,0.000,0.001
7440,0.000,0.003,0.000,0.001
7441,0.000,0.003,0.000,0.001
7442,0.000,0.003,0.000,0.001
7443,0.000,0.003,0.000,0.001
7444,0.000,0.003,0.000,0.001
7445,0.000,0.003,0.000,0.001
7446,0.000,0.003,0.000,0.001
7447,0.000,0.003,0.000,0.001
7448,0.000,0.003,0.000,0.001
7449,0.000,0.003,0.000,0.001
7450,0.000,0.003,0.000,0.001
7451,0.000,0.003,0.000,0.001
7452,0.000,0.003,0.000,0.001
7453,0.000,0.003,0.000,0.001
7454,0.000,0.003,0.000,0.001
7455,0.000,0.003,0.000,0.001
7456,0.000,0.003,0.000,0.001
7457,0.000,0.003,0.000,0.001
7458,0.000,0.003,0.000,0.001
7459,0.000,0.003,0.000,0.001
7460,0.000,0.003,0.000,0.001
7461,0.000,0.003,0.000,0.001
7462,0.000,0.003,0.000,0.001
7463,0.000,0.003,0.000,0.001
7464,0.000,0.003,0.000,0.001
7465,0.000,0.003,0.000,0.001
7466,0.000,0.003,0.000,0.001
7467,0.000,0.003,0.000,0.001
7468,0.000,0.003,0.000,0.001
7469,0.000,0.003,0.000,0.001
7470,0.000,0.003,0.000,0.001
7471,0.000,0.003,0.000,0.001
7472,0.000,0.003,0.000,0.001
7473,0.000,0.003,0.000,0.001
7474,0.000,0.003,0.000,0.001
7475,0.000,0.003,0.000,0.001
7476,0.000,0.003,0.000,0.001
7477,0.000,0.003,0.000,0.001
7478,0.000,0.003,0.000,0.001
7479,0.000,0.003,0.000,0.001
7480,0.000,0.003,0.000,0.001
7481,0.000,0.003,0.000,0.001
7482,0.000,0.003,0.000,0.001
7483,0.000,0.003,0.000,0.001
7484,0.000,0.003,0.000,0.001
7485,0.000,0.003,0.000,0.001
7486,0.000,0.003,0.000,0.001
7487,0.000,0.003,0.000,0.001
7488,0.000,0.003,0.000,0.001
7489,0.000,0.003,0.000,0.001
7490,0.000,0.003,0.000,0.001
7491,0.000,0.003,0.000,0.001
7492,0.000,0.003,0.000,0.001
7493,0.000,0.003,0.000,0.001
7494,0.000,0.003,0.000,0.001
7495,0.000,0.003,0.000,0.001
7496,0.000,0.003,0.000,0.001
7497,0.000,0.003,0.000,0.001
7498,0.000,0.003,0.000,0.001
7499,0.000,0.003,0.000,0.001
7500,0.000,0.003,0.000,0.001
7501,0.000,0.003,0.000,0.001
7502,0.000,0.003,0.000,0.001
7503,0.000,0.003,0.000,0.001
7504,0.000,0.003,0.000,0.001
7505,0.000,0.003,0.000,0.001
7506,0.000,0.003,0.000,0.001
7507,0.000,0.003,0.000,0.001
7508,0.000,0.003,0.000,0.001
7509,0.000,0.003,0.000,0.001
7510,0.000,0.003,0.000,0.001
7511,0.000,0.003,0.000,0.001
7512,0.000,0.003,0.000,0.001
7513,0.000,0.003,0.000,0.001
7514,0.000,0.003,0.000,0.001
7515,0.000,0.003,0.000,0.001
7516,0.000,0.003,0.000,0.001
7517,0.000,0.003,0.000,0.001
7518,0.000,0.003,0.000,0.001
7519,0.000,0.003,0.000,0.001
7520,0.000,0.003,0.000,0.001
7521,0.000,0.003,0.000,0.001
7522,0.000,0.003,0.000,0.001
7523,0.000,0.003,0.000,0.001
7524,0.000,0.003,0.000,0.001
7525,0.000,0.003,0.000,0.001
7526,0.000,0.003,0.000,0.001
7527,0.000,0.003,0.000,0.001
7528,0.000,0.003,0.000,0.001
7529,0.000,0.003,0.000,0.001
7530,0.000,0.003,0.000,0.001
7531,0.000,0.003,0.000,0.001
7532,0.000,0.003,0.000,0.001
7533,0.000,0.003,0.000,0.001
7534,0.000,0.003,0.000,0.001
7535,0.000,0.003,0.000,0.001
7536,0.000,0.003,0.000,0.001
7537,0.000,0.003,0.000,0.001
7538,0.000,0.003,0.000,0.001
7539,0.000,0.003,0.000,0.001
7540,0.000,0.003,0.000,0.001
7541,0.000,0.003,0.000,0.001
7542,0.000,0.003,0.000,0.001
7543,0.000,0.003,0.000,0.001
7544,0.000,0.003,0.000,0.001
7545,0.000,0.003,0.000,0.001
7546,0.000,0.003,0.000,0.001
7547,0.000,0.003,0.000,0.001
7548,0.000,0.003,0.000,0.001
7549,0.000,0.003,0.000,0.001
7550,0.000,0.003,0.000,0.001
7551,0.000,0.003,0.000,0.001
7552,0.000,0.003,0.000,0.001
7553,0.000,0.003,0.000,0.001
7554,0.000,0.003,0.000,0.001
7555,0.000,0.003,0.000,0.001
7556,0.000,0.003,0.000,0.001
7557,0.000,0.003,0.000,0.001
7558,0.000,0.003,0.000,0.001
7559,0.000,0.003,0.000,0.001
7560,0.000,0.003,0.000,0.001
7561,0.000,0.003,0.000,0.001
7562,0.000,0.003,0.000,0.001
7563,0.000,0.003,0.000,0.001
7564,0.000,0.003,0.000,0.001
7565,0.000,0.003,0.000,0.001
7566,0.000,0.003,0.000,0.001
7567,0.000,0.003,0.000,0.001
7568,0.000,0.003,0.000,0.001
7569,0.000,0.003,0.000,0.001
7570,0.000,0.003,0.000,0.001
7571,0.000,0.003,0.000,0.001
7572,0.000,0.003,0.000,0.001
7573,0.000,0.003,0.000,0.001
7574,0.000,0.003,0.000,0.001
7575,0.000,0.003,0.000,0.001
7576,0.000,0.003,0.000,0.001
7577,0.000,0.003,0.000,0.001
7578,0.000,0.003,0.000,0.001
7579,0.000,0.003,0.000,0.001
7580,0.000,0.003,0.000,0.001
7581,0.000,0.003,0.000,0.001
7582,0.000,0.003,0.000,0.001
7583,0.000,0.003,0.000,0.001
7584,0.000,0.003,0.000,0.001
7585,0.000,0.003,0.000,0.001
7586,0.000,0.003,0.000,0.001
7587,0.000,0.003,0.000,0.001
7588,0.000,0.003,0.000,0.001
7589,0.000,0.003,0.000,0.001
7590,0.000,0.003,0.000,0.001
7591,0.000,0.003,0.000,0.001
7592,0.000,0.003,0.000,0.001
7593,0.000,0.003,0.000,0.001
7594,0.000,0.003,0.000,0.001
7595,0.000,0.003,0.000,0.001
7596,0.000,0.003,0.000,0.001
7597,0.000,0.003,0.000,0.001
7598,0.000,0.003,0.000,0.001
7599,0.000,0.003,0.000,0.001
7600,0.000,0.003,0.000,0.001
7601,0.000,0.003,0.000,0.001
7602,0.000,0.003,0.000,0.001
7603,0.000,0.003,0.000,0.001
7604,0.000,0.003,0.000,0.001
7605,0.000,0.003,0.000,0.001
7606,0.000,0.003,0.000,0.001
7607,0.000,0.003,0.000,0.001
7608,0.000,0.003,0.000,0.001
7609,0.000,0.003,0.000,0.001
7610,0.000,0.003,0.000,0.001
7611,0.000,0.003,0.000,0.001
7612,0.000,0.003,0.000,0.001
7613,0.000,0.003,0.000,0.001
7614,0.000,0.003,0.000,0.001
7615,0.000,0.003,0.000,0.001
7616,0.000,0.003,0.000,0.001
7617,0.000,0.003,0.000,0.001
7618,0.000,0.003,0.000,0.001
7619,0.000,0.003,0.000,0.001
7620,0.000,0.003,0.000,0.001
7621,0.000,0.003,0.000,0.001
7622,0.000,0.003,0.000,0.001
7623,0.000,0.003,0.000,0.001
7624,0.000,0.003,0.000,0.001
7625,0.000,0.003,0.000,0.001
7626,0.000,0.003,0.000,0.001
7627,0.000,0.003,0.000,0.001
7628,0.000,0.003,0.000,0.001
7629,0.000,0.003,0.000,0.001
7630,0.000,0.003,0.000,0.001
7631,0.000,0.003,0.000,0.001
7632,0.000,0.003,0.000,0.001
7633,0.000,0.003,0.000,0.001
7634,0.000,0.003,0.000,0.001
7635,0.000,0.003,0.000,0.001
7636,0.000,0.003,0.000,0.001
7637,0.000,0.003,0.000,0.001
7638,0.000,0.003,0.000,0.001
7639,0.000,0.003,0.000,0.001
7640,0.000,0.003,0.000,0.001
7641,0.000,0.003,0.000,0.001
7642,0.000,0.003,0.000,0.001
7643,0.000,0.003,0.000,0.001
7644,0.000,0.003,0.000,0.001
7645,0.000,0.003,0.000,0.001
7646,0.000,0.003,0.000,0.001
7647,0.000,0.003,0.000,0.001
7648,0.000,0.003,0.000,0.001
7649,0.000,0.003,0.000,0.001
7650,0.000,0.003,0.000,0.001
7651,0.000,0.003,0.000,0.001
7652,0.000,0.003,0.000,0.001
7653,0.000,0.003,0.000,0.001
7654,0.000,0.003,0.000,0.001
7655,0.000,0.003,0.000,0.001
7656,0.000,0.003,0.000,0.001
7657,0.000,0.003,0.000,0.001
7658,0.000,0.003,0.000,0.001
7659,0.000,0.003,0.000,0.001
7660,0.000,0.003,0.000,0.001
7661,0.000,0.003,0.000,0.001
7662,0.000,0.003,0.000,0.001
7663,0.000,0.003,0.000,0.001
7664,0.000,0.003,0.000,0.001
7665,0.000,0.003,0.000,0.001
7666,0.000,0.003,0.000,0.001
7667,0.000,0.003,0.000,0.001
7668,0.000,0.003,0.000,0.001
7669,0.000,0.003,0.000,0.001
7670,0.000,0.003,0.000,0.001
7671,0.000,0.003,0.000,0.001
7672,0.000,0.003,0.000,0.001
7673,0.000,0.003,0.000,0.001
7674,0.000,0.003,0.000,0.001
7675,0.000,0.003,0.000,0.001
7676,0.000,0.003,0.000,0.001
7677,0.000,0.003,0.000,0.001
7678,0.000,0.003,0.000,0.001
7679,0.000,0.003,0.000,0.001
7680,0.000,0.003,0.000,0.001
7681,0.000,0.003,0.000,0.001
7682,0.000,0.003,0.000,0.001
7683,0.000,0.003,0.000,0.001
7684,0.000,0.003,0.000,0.001
7685,0.000,0.003,0.000,0.001
7686,0.000,0.003,0.000,0.001
7687,0.000,0.003,0.000,0.001
7688,0.000,0.003,0.000,0.001
7689,0.000,0.003,0.000,0.001
7690,0.000,0.003,0.000,0.001
7691,0.000,0.003,0.000,0.001
7692,0.000,0.003,0.000,0.001
7693,0.000,0.003,0.000,0.001
7694,0.000,0.003,0.000,0.001
7695,0.000,0.003,0.000,0.001
7696,0.000,0.003,0.000,0.001
7697,0.000,0.003,0.000,0.001
7698,0.000,0.003,0.000,0.001
7699,0.000,0.003,0.000,0.001
7700,0.000,0.003,0.000,0.001
7701,0.000,0.003,0.000,0.001
7702,0.000,0.003,0.000,0.001
7703,0.000,0.003,0.000,0.001
7704,0.000,0.003,0.000,0.001
7705,0.000,0.003,0.000,0.001
7706,0.000,0.003,0.000,0.001
7707,0.000,0.003,0.000,0.001
7708,0.000,0.003,0.000,0.001
7709,0.000,0.003,0.000,0.001
7710,0.000,0.003,0.000,0.001
7711,0.000,0.003,0.000,0.001
7712,0.000,0.003,0.000,0.001
7713,0.000,0.003,0.000,0.001
7714,0.000,0.003,0.000,0.001
7715,0.000,0.003,0.000,0.001
7716,0.000,0.003,0.000,0.001
7717,0.000,0.003,0.000,0.001
7718,0.000,0.003,0.000,0.001
7719,0.000,0.003,0.000,0.001
7720,0.000,0.003,0.000,0.001
7721,0.000,0.003,0.000,0.001
7722,0.000,0.003,0.000,0.001
7723,0.000,0.003,0.000,0.001
7724,0.000,0.003,0.000,0.001
7725,0.000,0.003,0.000,0.001
7726,0.000,0.003,0.000,0.001
7727,0.000,0.003,0.000,0.001
7728,0.000,0.003,0.000,0.001
7729,0.000,0.003,0.000,0.001
7730,0.000,0.003,0.000,0.001
7731,0.000,0.003,0.000,0.001
7732,0.000,0.003,0.000,0.001
7733,0.000,0.003,0.000,0.001
7734,0.000,0.003,0.000,0.001
7735,0.000,0.003,0.000,0.001
7736,0.000,0.003,0.000,0.001
7737,0.000,0.003,0.000,0.001
7738,0.000,0.003,0.000,0.001
7739,0.000,0.003,0.000,0.001
7740,0.000,0.003,0.000,0.001
7741,0.000,0.003,0.000,0.001
7742,0.000,0.003,0.000,0.001
7743,0.000,0.003,0.000,0.001
7744,0.000,0.003,0.000,0.001
7745,0.000,0.003,0.000,0.001
7746,0.000,0.003,0.000,0.001
7747,0.000,0.003,0.000,0.001
7748,0.000,0.003,0.000,0.001
7749,0.000,0.003,0.000,0.001
7750,0.000,0.003,0.000,0.001
7751,0.000,0.003,0.000,0.001
7752,0.000,0.003,0.000,0.001
7753,0.000,0.003,0.000,0.001
7754,0.000,0.003,0.000,0.001
7755,0.000,0.003,0.000,0.001
7756,0.000,0.003,0.000,0.001
7757,0.000,0.003,0.000,0.001
7758,0.000,0.003,0.000,0.001
7759,0.000,0.003,0.000,0.001
7760,0.000,0.003,0.000,0.001
7761,0.000,0.003,0.000,0.001
7762,0.000,0.003,0.000,0.001
7763,0.000,0.003,0.000,0.001
7764,0.000,0.003,0.000,0.001
7765,0.000,0.003,0.000,0.001
7766,0.000,0.003,0.000,0.001
7767,0.000,0.003,0.000,0.001
7768,0.000,0.003,0.000,0.001
7769,0.000,0.003,0.000,0.001
7770,0.000,0.003,0.000,0.001
7771,0.000,0.003,0.000,0.001
7772,0.000,0.003,0.000,0.001
7773,0.000,0.003,0.000,0.001
7774,0.000,0.003,0.000,0.001
7775,0.000,0.003,0.000,0.001
7776,0.000,0.003,0.000,0.001
7777,0.000,0.003,0.000,0.001
7778,0.000,0.003,0.000,0.001
7779,0.000,0.003,0.000,0.001
7780,0.000,0.003,0.000,0.001
7781,0.000,0.003,0.000,0.001
7782,0.000,0.003,0.000,0.001
7783,0.000,0.003,0.000,0.001
7784,0.000,0.003,0.000,0.001
7785,0.000,0.003,0.000,0.001
7786,0.000,0.003,0.000,0.001
7787,0.000,0.003,0.000,0.001
7788,0.000,0.003,0.000,0.001
7789,0.000,0.003,0.000,0.001
7790,0.000,0.003,0.000,0.001
7791,0.000,0.003,0.000,0.001
7792,0.000,0.003,0.000,0.001
7793,0.000,0.003,0.000,0.001
7794,0.000,0.003,0.000,0.001
7795,0.000,0.003,0.000,0.001
7796,0.000,0.003,0.000,0.001
7797,0.000,0.003,0.000,0.001
7798,0.000,0.003,0.000,0.001
7799,0.000,0.003,0.000,0.001
7800,0.000,0.003,0.000,0.001
7801,0.000,0.003,0.000,0.001
7802,0.000,0.003,0.000,0.001
7803,0.000,0.003,0.000,0.001
7804,0.000,0.003,0.000,0.001
7805,0.000,0.003,0.000,0.001
7806,0.000,0.003,0.000,0.001
7807,0.000,0.003,0.000,0.001
7808,0.000,0.003,0.000,0.001
7809,0.000,0.003,0.000,0.001
7810,0.000,0.003,0.000,0.001
7811,0.000,0.003,0.000,0.001
7812,0.000,0.003,0.000,0.001
7813,0.000,0.003,0.000,0.001
7814,0.000,0.003,0.000,0.001
7815,0.000,0.003,0.000,0.001
7816,0.000,0.003,0.000,0.001
7817,0.000,0.003,0.000,0.001
7818,0.000,0.003,0.000,0.001
7819,0.000,0.003,0.000,0.001
7820,0.000,0.003,0.000,0.001
7821,0.000,0.003,0.000,0.001
7822,0.000,0.003,0.000,0.001
7823,0.000,0.003,0.000,0.001
7824,0.000,0.003,0.000,0.001
7825,0.000,0.003,0.000,0.001
7826,0.000,0.003,0.000,0.001
7827,0.000,0.003,0.000,0.001
7828,0.000,0.003,0.000,0.001
7829,0.000,0.003,0.000,0.001
7830,0.000,0.003,0.000,0.001
7831,0.000,0.003,0.000,0.001
7832,0.000,0.003,0.000,0.001
7833,0.000,0.003,0.000,0.001
7834,0.000,0.003,0.000,0.001
7835,0.000,0.003,0.000,0.001
7836,0.000,0.003,0.000,0.001
7837,0.000,0.003,0.000,0.001
7838,0.000,0.003,0.000,0.001
7839,0.000,0.003,0.000,0.001
7840,0.000,0.003,0.000,0.001
7841,0.000,0.003,0.000,0.001
7842,0.000,0.003,0.000,0.001
7843,0.000,0.003,0.000,0.001
7844,0.000,0.003,0.000,0.001
7845,0.000,0.003,0.000,0.001
7846,0.000,0.003,0.000,0.001
7847,0.000,0.003,0.000,0.001
7848,0.000,0.003,0.000,0.001
7849,0.000,0.003,0.000,0.001
7850,0.000,0.003,0.000,0.001
7851,0.000,0.003,0.000,0.001
7852,0.000,0.003,0.000,0.001
7853,0.000,0.003,0.000,0.001
7854,0.000,0.003,0.000,0.001
7855,0.000,0.003,0.000,0.001
7856,0.000,0.003,0.000,0.001
7857,0.000,0.003,0.000,0.001
7858,0.000,0.003,0.000,0.001
7859,0.000,0.003,0.000,0.001
7860,0.000,0.003,0.000,0.001
7861,0.000,0.003,0.000,0.001
7862,0.000,0.003,0.000,0.001
7863,0.000,0.003,0.000,0.001
7864,0.000,0.003,0.000,0.001
7865,0.000,0.003,0.000,0.001
7866,0.000,0.003,0.000,0.001
7867,0.000,0.003,0.000,0.001
7868,0.000,0.003,0.000,0.001
7869,0.000,0.003,0.000,0.001
7870,0.000,0.003,0.000,0.001
7871,0.000,0.003,0.000,0.001
7872,0.000,0.003,0.000,0.001
7873,0.000,0.003,0.000,0.001
7874,0.000,0.003,0.000,0.001
7875,0.000,0.003,0.000,0.001
7876,0.000,0.003,0.000,0.001
7877,0.000,0.003,0.000,0.001
7878,0.000,0.003,0.000,0.001
7879,0.000,0.003,0.000,0.001
7880,0.000,0.003,0.000,0.001
7881,0.000,0.003,0.000,0.001
7882,0.000,0.003,0.000,0.001
7883,0.000,0.003,0.000,0.001
7884,0.000,0.003,0.000,0.001
7885,0.000,0.003,0.000,0.001
7886,0.000,0.003,0.000,0.001
7887,0.000,0.003,0.000,0.001
7888,0.000,0.003,0.000,0.001
7889,0.000,0.003,0.000,0.001
7890,0.000,0.003,0.000,0.001
7891,0.000,0.003,0.000,0.001
7892,0.000,0.003,0.000,0.001
7893,0.000,0.003,0.000,0.001
7894,0.000,0.003,0.000,0.001
7895,0.000,0.003,0.000,0.001
7896,0.000,0.003,0.000,0.001
7897,0.000,0.003,0.000,0.001
7898,0.000,0.003,0.000,0.001
7899,0.000,0.003,0.000,0.001
7900,0.000,0.003,0.000,0.001
7901,0.000,0.003,0.000,0.001
7902,0.000,0.003,0.000,0.001
7903,0.000,0.003,0.000,0.001
7904,0.000,0.003,0.000,0.001
7905,0.000,0.003,0.000,0.001
7906,0.000,0.003,0.000,0.001
7907,0.000,0.003,0.000,0.001
7908,0.000,0.003,0.000,0.001
7909,0.000,0.003,0.000,0.001
7910,0.000,0.003,0.000,0.001
7911,0.000,0.003,0.000,0.001
7912,0.000,0.003,0.000,0.001
7913,0.000,0.003,0.000,0.001
7914,0.000,0.003,0.000,0.001
7915,0.000,0.003,0.000,0.001
7916,0.000,0.003,0.000,0.001
7917,0.000,0.003,0.000,0.001
7918,0.000,0.003,0.000,0.001
7919,0.000,0.003,0.000,0.001
7920,0.000,0.003,0.000,0.001
7921,0.000,0.003,0.000,0.001
7922,0.000,0.003,0.000,0.001
7923,0.000,0.003,0.000,0.001
7924,0.000,0.003,0.000,0.001
7925,0.000,0.003,0.000,0.001
7926,0.000,0.003,0.000,0.001
7927,0.000,0.003,0.000,0.001
7928,0.000,0.003,0.000,0.001
7929,0.000,0.003,0.000,0.001
7930,0.000,0.003,0.000,0.001
7931,0.000,0.003,0.000,0.001
7932,0.000,0.003,0.000,0.001
7933,0.000,0.003,0.000,0.001
7934,0.000,0.003,0.000,0.001
7935,0.000,0.003,0.000,0.001
7936,0.000,0.003,0.000,0.001
7937,0.000,0.003,0.000,0.001
7938,0.000,0.003,0.000,0.001
7939,0.000,0.003,0.000,0.001
7940,0.000,0.003,0.000,0.001
7941,0.000,0.003,0.000,0.001
7942,0.000,0.003,0.000,0.001
7943,0.000,0.003,0.000,0.001
7944,0.000,0.003,0.000,0.001
7945,0.000,0.003,0.000,0.001
7946,0.000,0.003,0.000,0.001
7947,0.000,0.003,0.000,0.001
7948,0.000,0.003,0.000,0.001
7949,0.000,0.003,0.000,0.001
7950,0.000,0.003,0.000,0.001
7951,0.000,0.003,0.000,0.001
7952,0.000,0.003,0.000,0.001
7953,0.000,0.003,0.000,0.001
7954,0.000,0.003,0.000,0.001
7955,0.000,0.003,0.000,0.001
7956,0.000,0.003,0.000,0.001
7957,0.000,0.003,0.000,0.001
7958,0.000,0.003,0.000,0.001
7959,0.000,0.003,0.000,0.001
7960,0.000,0.003,0.000,0.001
7961,0.000,0.003,0.000,0.001
7962,0.000,0.003,0.000,0.001
7963,0.000,0.003,0.000,0.001
7964,0.000,0.003,0.000,0.001
7965,0.000,0.003,0.000,0.001
7966,0.000,0.003,0.000,0.001
7967,0.000,0.003,0.000,0.001
7968,0.000,0.003,0.000,0.001
7969,0.000,0.003,0.000,0.001
7970,0.000,0.003,0.000,0.001
7971,0.000,0.003,0.000,0.001
7972,0.000,0.003,0.000,0.001
7973,0.000,0.003,0.000,0.001
7974,0.000,0.003,0.000,0.001
7975,0.000,0.003,0.000,0.001
7976,0.000,0.003,0.000,0.001
7977,0.000,0.003,0.000,0.001
7978,0.000,0.003,0.000,0.001
7979,0.000,0.003,0.000,0.001
7980,0.000,0.003,0.000,0.001
7981,0.000,0.003,0.000,0.001
7982,0.000,0.003,0.000,0.001
7983,0.000,0.003,0.000,0.001
7984,0.000,0.003,0.000,0.001
7985,0.000,0.003,0.000,0.001
7986,0.000,0.003,0.000,0.001
7987,0.000,0.003,0.000,0.001
7988,0.000,0.003,0.000,0.001
7989,0.000,0.003,0.000,0.001
7990,0.000,0.003,0.000,0.001
7991,0.000,0.003,0.000,0.001
7992,0.000,0.003,0.000,0.001
7993,0.000,0.003,0.000,0.001
7994,0.000,0.003,0.000,0.001
7995,0.000,0.003,0.000,0.001
7996,0.000,0.003,0.000,0.001
7997,0.000,0.003,0.000,0.001
7998,0.000,0.003,0.000,0.001
7999,0.000,0.003,0.000,0.001
8000,0.000,0.003,0.000,0.001
8001,0.000,0.003,0.000,0.001
8002,0.000,0.003,0.000,0.001
8003,0.000,0.003,0.000,0.001
8004,0.000,0.003,0.000,0.001
8005,0.000,0.003,0.000,0.001
8006,0.000,0.003,0.000,0.001
8007,0.000,0.003,0.000,0.001
8008,0.000,0.003,0.000,0.001
8009,0.000,0.003,0.000,0.001
8010,0.000,0.003,0.000,0.001
8011,0.000,0.003,0.000,0.001
8012,0.000,0.003,0.000,0.001
8013,0.000,0.003,0.000,0.001
8014,0.000,0.003,0.000,0.001
8015,0.000,0.003,0.000,0.001
8016,0.000,0.003,0.000,0.001
8017,0.000,0.003,0.000,0.001
8018,0.000,0.003,0.000,0.001
8019,0.000,0.003,0.000,0.001
8020,0.000,0.003,0.000,0.001
8021,0.000,0.003,0.000,0.001
8022,0.000,0.003,0.000,0.001
8023,0.000,0.003,0.000,0.001
8024,0.000,0.003,0.000,0.001
8025,0.000,0.003,0.000,0.001
8026,0.000,0.003,0.000,0.001
8027,0.000,0.003,0.000,0.001
8028,0.000,0.003,0.000,0.001
8029,0.000,0.003,0.000,0.001
8030,0.000,0.003,0.000,0.001
8031,0.000,0.003,0.000,0.001
8032,0.000,0.003,0.000,0.001
8033,0.000,0.003,0.000,0.001
8034,0.000,0.003,0.000,0.001
8035,0.000,0.003,0.000,0.001
8036,0.000,0.003,0.000,0.001
8037,0.000,0.003,0.000,0.001
8038,0.000,0.003,0.000,0.001
8039,0.000,0.003,0.000,0.001
8040,0.000,0.003,0.000,0.001
8041,0.000,0.003,0.000,0.001
8042,0.000,0.003,0.000,0.001
8043,0.000,0.003,0.000,0.001
8044,0.000,0.003,0.000,0.001
8045,0.000,0.003,0.000,0.001
8046,0.000,0.003,0.000,0.001
8047,0.000,0.003,0.000,0.001
8048,0.000,0.003,0.000,0.001
8049,0.000,0.003,0.000,0.001
8050,0.000,0.003,0.000,0.001
8051,0.000,0.003,0.000,0.001
8052,0.000,0.003,0.000,0.001
8053,0.000,0.003,0.000,0.001
8054,0.000,0.003,0.000,0.001
8055,0.000,0.003,0.000,0.001
8056,0.000,0.003,0.000,0.001
8057,0.000,0.003,0.000,0.001
8058,0.000,0.003,0.000,0.001
8059,0.000,0.003,0.000,0.001
8060,0.000,0.003,0.000,0.001
8061,0.000,0.003,0.000,0.001
8062,0.000,0.003,0.000,0.001
8063,0.000,0.003,0.000,0.001
8064,0.000,0.003,0.000,0.001
8065,0.000,0.003,0.000,0.001
8066,0.000,0.003,0.000,0.001
8067,0.000,0.003,0.000,0.001
8068,0.000,0.003,0.000,0.001
8069,0.000,0.003,0.000,0.001
8070,0.000,0.003,0.000,0.001
8071,0.000,0.003,0.000,0.001
8072,0.000,0.003,0.000,0.001
8073,0.000,0.003,0.000,0.001
8074,0.000,0.003,0.000,0.001
8075,0.000,0.003,0.000,0.001
8076,0.000,0.003,0.000,0.001
8077,0.000,0.003,0.000,0.001
8078,0.000,0.003,0.000,0.001
8079,0.000,0.003,0.000,0.001
8080,0.000,0.003,0.000,0.001
8081,0.000,0.003,0.000,0.001
8082,0.000,0.003,0.000,0.001
8083,0.000,0.003,0.000,0.001
8084,0.000,0.003,0.000,0.001
8085,0.000,0.003,0.000,0.001
8086,0.000,0.003,0.000,0.001
8087,0.000,0.003,0.000,0.001
8088,0.000,0.003,0.000,0.001
8089,0.000,0.003,0.000,0.001
8090,0.000,0.003,0.000,0.001
8091,0.000,0.003,0.000,0.001
8092,0.000,0.003,0.000,0.001
8093,0.000,0.003,0.000,0.001
8094,0.000,0.003,0.000,0.001
8095,0.000,0.003,0.000,0.001
8096,0.000,0.003,0.000,0.001
8097,0.000,0.003,0.000,0.001
8098,0.000,0.003,0.000,0.001
8099,0.000,0.003,0.000,0.001
8100,0.000,0.003,0.000,0.001
8101,0.000,0.003,0.000,0.001
8102,0.000,0.003,0.000,0.001
8103,0.000,0.003,0.000,0.001
8104,0.000,0.003,0.000,0.001
8105,0.000,0.003,0.000,0.001
8106,0.000,0.003,0.000,0.001
8107,0.000,0.003,0.000,0.001
8108,0.000,0.003,0.000,0.001
8109,0.000,0.003,0.000,0.001
8110,0.000,0.003,0.000,0.001
8111,0.000,0.003,0.000,0.001
8112,0.000,0.003,0.000,0.001
8113,0.000,0.003,0.000,0.001
8114,0.000,0.003,0.000,0.001
8115,0.000,0.003,0.000,0.001
8116,0.000,0.003,0.000,0.001
8117,0.000,0.003,0.000,0.001
8118,0.000,0.003,0.000,0.001
8119,0.000,0.003,0.000,0.001
8120,0.000,0.003,0.000,0.001
8121,0.000,0.003,0.000,0.001
8122,0.000,0.003,0.000,0.001
8123,0.000,0.003,0.000,0.001
8124,0.000,0.003,0.000,0.001
8125,0.000,0.003,0.000,0.001
8126,0.000,0.003,0.000,0.001
8127,0.000,0.003,0.000,0.001
8128,0.000,0.003,0.000,0.001
8129,0.000,0.003,0.000,0.001
8130,0.000,0.003,0.000,0.001
8131,0.000,0.003,0.000,0.001
8132,0.000,0.003,0.000,0.001
8133,0.000,0.003,0.000,0.001
8134,0.000,0.003,0.000,0.001
8135,0.000,0.003,0.000,0.001
8136,0.000,0.003,0.000,0.001
8137,0.000,0.003,0.000,0.001
8138,0.000,0.003,0.000,0.001
8139,0.000,0.003,0.000,0.001
8140,0.000,0.003,0.000,0.001
8141,0.000,0.003,0.000,0.001
8142,0.000,0.003,0.000,0.001
8143,0.000,0.003,0.000,0.001
8144,0.000,0.003,0.000,0.001
8145,0.000,0.003,0.000,0.001
8146,0.000,0.003,0.000,0.001
8147,0.000,0.003,0.000,0.001
8148,0.000,0.003,0.000,0.001
8149,0.000,0.003,0.000,0.001
8150,0.000,0.003,0.000,0.001
8151,0.000,0.003,0.000,0.001
8152,0.000,0.003,0.000,0.001
8153,0.000,0.003,0.000,0.001
8154,0.000,0.003,0.000,0.001
8155,0.000,0.003,0.000,0.001
8156,0.000,0.003,0.000,0.001
8157,0.000,0.003,0.000,0.001
8158,0.000,0.003,0.000,0.001
8159,0.000,0.003,0.000,0.001
8160,0.000,0.003,0.000,0.001
8161,0.000,0.003,0.000,0.001
8162,0.000,0.003,0.000,0.001
8163,0.000,0.003,0.000,0.001
8164,0.000,0.003,0.000,0.001
8165,0.000,0.003,0.000,0.001
8166,0.000,0.003,0.000,0.001
8167,0.000,0.003,0.000,0.001
8168,0.000,0.003,0.000,0.001
8169,0.000,0.003,0.000,0.001
8170,0.000,0.003,0.000,0.001
8171,0.000,0.003,0.000,0.001
8172,0.000,0.003,0.000,0.001
8173,0.000,0.003,0.000,0.001
8174,0.000,0.003,0.000,0.001
8175,0.000,0.003,0.000,0.001
8176,0.000,0.003,0.000,0.001
8177,0.000,0.003,0.000,0.001
8178,0.000,0.003,0.000,0.001
8179,0.000,0.003,0.000,0.001
8180,0.000,0.003,0.000,0.001
8181,0.000,0.003,0.000,0.001
8182,0.000,0.003,0.000,0.001
8183,0.000,0.003,0.000,0.001
8184,0.000,0.003,0.000,0.001
8185,0.000,0.003,0.000,0.001
8186,0.000,0.003,0.000,0.001
8187,0.000,0.003,0.000,0.001
8188,0.000,0.003,0.000,0.001
8189,0.000,0.003,0.000,0.001
8190,0.000,0.003,0.000,0.001
8191,0.000,0.003,0.000,0.001
8192,0.000,0.003,0.000,0.001
8193,0.000,0.003,0.000,0.001
8194,0.000,0.003,0.000,0.001
8195,0.000,0.003,0.000,0.001
8196,0.000,0.003,0.000,0.001
8197,0.000,0.003,0.000,0.001
8198,0.000,0.003,0.000,0.001
8199,0.000,0.003,0.000,0.001
8200,0.000,0.003,0.000,0.001
8201,0.000,0.003,0.000,0.001
8202,0.000,0.003,0.000,0.001
8203,0.000,0.003,0.000,0.001
8204,0.000,0.003,0.000,0.001
8205,0.000,0.003,0.000,0.001
8206,0.000,0.003,0.000,0.001
8207,0.000,0.003,0.000,0.001
8208,0.000,0.003,0.000,0.001
8209,0.000,0.003,0.000,0.001
8210,0.000,0.003,0.000,0.001
8211,0.000,0.003,0.000,0.001
8212,0.000,0.003,0.000,0.001
8213,0.000,0.003,0.000,0.001
8214,0.000,0.003,0.000,0.001
8215,0.000,0.003,0.000,0.001
8216,0.000,0.003,0.000,0.001
8217,0.000,0.003,0.000,0.001
8218,0.000,0.003,0.000,0.001
8219,0.000,0.003,0.000,0.001
8220,0.000,0.003,0.000,0.001
8221,0.000,0.003,0.000,0.001
8222,0.000,0.003,0.000,0.001
8223,0.000,0.003,0.000,0.001
8224,0.000,0.003,0.000,0.001
8225,0.000,0.003,0.000,0.001
8226,0.000,0.003,0.000,0.001
8227,0.000,0.003,0.000,0.001
8228,0.000,0.003,0.000,0.001
8229,0.000,0.003,0.000,0.001
8230,0.000,0.003,0.000,0.001
8231,0.000,0.003,0.000,0.001
8232,0.000,0.003,0.000,0.001
8233,0.000,0.003,0.000,0.001
8234,0.000,0.003,0.000,0.001
8235,0.000,0.003,0.000,0.001
8236,0.000,0.003,0.000,0.001
8237,0.000,0.003,0.000,0.001
8238,0.000,0.003,0.000,0.001
8239,0.000,0.003,0.000,0.001
8240,0.000,0.003,0.000,0.001
8241,0.000,0.003,0.000,0.001
8242,0.000,0.003,0.000,0.001
8243,0.000,0.003,0.000,0.001
8244,0.000,0.003,0.000,0.001
8245,0.000,0.003,0.000,0.001
8246,0.000,0.003,0.000,0.001
8247,0.000,0.003,0.000,0.001
8248,0.000,0.003,0.000,0.001
8249,0.000,0.003,0.000,0.001
8250,0.000,0.003,0.000,0.001
8251,0.000,0.003,0.000,0.001
8252,0.000,0.003,0.000,0.001
8253,0.000,0.003,0.000,0.001
8254,0.000,0.003,0.000,0.001
8255,0.000,0.003,0.000,0.001
8256,0.000,0.003,0.000,0.001
8257,0.000,0.003,0.000,0.001
8258,0.000,0.003,0.000,0.001
8259,0.000,0.003,0.000,0.001
8260,0.000,0.003,0.000,0.001
8261,0.000,0.003,0.000,0.001
8262,0.000,0.003,0.000,0.001
8263,0.000,0.003,0.000,0.001
8264,0.000,0.003,0.000,0.001
8265,0.000,0.003,0.000,0.001
8266,0.000,0.003,0.000,0.001
8267,0.000,0.003,0.000,0.001
8268,0.000,0.003,0.000,0.001
8269,0.000,0.003,0.000,0.001
8270,0.000,0.003,0.000,0.001
8271,0.000,0.003,0.000,0.001
8272,0.000,0.003,0.000,0.001
8273,0.000,0.003,0.000,0.001
8274,0.000,0.003,0.000,0.001
8275,0.000,0.003,0.000,0.001
8276,0.000,0.003,0.000,0.001
8277,0.000,0.003,0.000,0.001
8278,0.000,0.003,0.000,0.001
8279,0.000,0.003,0.000,0.001
8280,0.000,0.003,0.000,0.001
8281,0.000,0.003,0.000,0.001
8282,0.000,0.003,0.000,0.001
8283,0.000,0.003,0.000,0.001
8284,0.000,0.003,0.000,0.001
8285,0.000,0.003,0.000,0.001
8286,0.000,0.003,0.000,0.001
8287,0.000,0.003,0.000,0.001
8288,0.000,0.003,0.000,0.001
8289,0.000,0.003,0.000,0.001
8290,0.000,0.003,0.000,0.001
8291,0.000,0.003,0.000,0.001
8292,0.000,0.003,0.000,0.001
8293,0.000,0.003,0.000,0.001
8294,0.000,0.003,0.000,0.001
8295,0.000,0.003,0.000,0.001
8296,0.000,0.003,0.000,0.001
8297,0.000,0.003,0.000,0.001
8298,0.000,0.003,0.000,0.001
8299,0.000,0.003,0.000,0.001
8300,0.000,0.003,0.000,0.001
8301,0.000,0.003,0.000,0.001
8302,0.000,0.003,0.000,0.001
8303,0.000,0.003,0.000,0.001
8304,0.000,0.003,0.000,0.001
8305,0.000,0.003,0.000,0.001
8306,0.000,0.003,0.000,0.001
8307,0.000,0.003,0.000,0.001
8308,0.000,0.003,0.000,0.001
8309,0.000,0.003,0.000,0.001
8310,0.000,0.003,0.000,0.001
8311,0.000,0.003,0.000,0.001
8312,0.000,0.003,0.000,0.001
8313,0.000,0.003,0.000,0.001
8314,0.000,0.003,0.000,0.001
8315,0.000,0.003,0.000,0.001
8316,0.000,0.003,0.000,0.001
8317,0.000,0.003,0.000,0.001
8318,0.000,0.003,0.000,0.001
8319,0.000,0.003,0.000,0.001
8320,0.000,0.003,0.000,0.001
8321,0.000,0.003,0.000,0.001
8322,0.000,0.003,0.000,0.001
8323,0.000,0.003,0.000,0.001
8324,0.000,0.003,0.000,0.001
8325,0.000,0.003,0.000,0.001
8326,0.000,0.003,0.000,0.001
8327,0.000,0.003,0.000,0.001
8328,0.000,0.003,0.000,0.001
8329,0.000,0.003,0.000,0.001
8330,0.000,0.003,0.000,0.001
8331,0.000,0.003,0.000,0.001
8332,0.000,0.003,0.000,0.001
8333,0.000,0.003,0.000,0.001
8334,0.000,0.003,0.000,0.001
8335,0.000,0.003,0.000,0.001
8336,0.000,0.003,0.000,0.001
8337,0.000,0.003,0.000,0.001
8338,0.000,0.003,0.000,0.001
8339,0.000,0.003,0.000,0.001
8340,0.000,0.003,0.000,0.001
8341,0.000,0.003,0.000,0.001
8342,0.000,0.003,0.000,0.001
8343,0.000,0.003,0.000,0.001
8344,0.000,0.003,0.000,0.001
8345,0.000,0.003,0.000,0.001
8346,0.000,0.003,0.000,0.001
8347,0.000,0.003,0.000,0.001
8348,0.000,0.003,0.000,0.001
8349,0.000,0.003,0.000,0.001
8350,0.000,0.003,0.000,0.001
8351,0.000,0.003,0.000,0.001
8352,0.000,0.003,0.000,0.001
8353,0.000,0.003,0.000,0.001
8354,0.000,0.003,0.000,0.001
8355,0.000,0.003,0.000,0.001
8356,0.000,0.003,0.000,0.001
8357,0.000,0.003,0.000,0.001
8358,0.000,0.003,0.000,0.001
8359,0.000,0.003,0.000,0.001
8360,0.000,0.003,0.000,0.001
8361,0.000,0.003,0.000,0.001
8362,0.000,0.003,0.000,0.001
8363,0.000,0.003,0.000,0.001
8364,0.000,0.003,0.000,0.001
8365,0.000,0.003,0.000,0.001
8366,0.000,0.003,0.000,0.001
8367,0.000,0.003,0.000,0.001
8368,0.000,0.003,0.000,0.001
8369,0.000,0.003,0.000,0.001
8370,0.000,0.003,0.000,0.001
8371,0.000,0.003,0.000,0.001
8372,0.000,0.003,0.000,0.001
8373,0.000,0.003,0.000,0.001
8374,0.000,0.003,0.000,0.001
8375,0.000,0.003,0.000,0.001
8376,0.000,0.003,0.000,0.001
8377,0.000,0.003,0.000,0.001
8378,0.000,0.003,0.000,0.001
8379,0.000,0.003,0.000,0.001
8380,0.000,0.003,0.000,0.001
8381,0.000,0.003,0.000,0.001
8382,0.000,0.003,0.000,0.001
8383,0.000,0.003,0.000,0.001
8384,0.000,0.003,0.000,0.001
8385,0.000,0.003,0.000,0.001
8386,0.000,0.003,0.000,0.001
8387,0.000,0.003,0.000,0.001
8388,0.000,0.003,0.000,0.001
8389,0.000,0.003,0.000,0.001
8390,0.000,0.003,0.000,0.001
8391,0.000,0.003,0.000,0.001
8392,0.000,0.003,0.000,0.001
8393,0.000,0.003,0.000,0.001
8394,0.000,0.003,0.000,0.001
8395,0.000,0.003,0.000,0.001
8396,0.000,0.003,0.000,0.001
8397,0.000,0.003,0.000,0.001
8398,0.000,0.003,0.000,0.001
8399,0.000,0.003,0.000,0.001
8400,0.000,0.003,0.000,0.001
8401,0.000,0.003,0.000,0.001
8402,0.000,0.003,0.000,0.001
8403,0.000,0.003,0.000,0.001
8404,0.000,0.003,0.000,0.001
8405,0.000,0.003,0.000,0.001
8406,0.000,0.003,0.000,0.001
8407,0.000,0.003,0.000,0.001
8408,0.000,0.003,0.000,0.001
8409,0.000,0.003,0.000,0.001
8410,0.000,0.003,0.000,0.001
8411,0.000,0.003,0.000,0.001
8412,0.000,0.003,0.000,0.001
8413,0.000,0.003,0.000,0.001
8414,0.000,0.003,0.000,0.001
8415,0.000,0.003,0.000,0.001
8416,0.000,0.003,0.000,0.001
8417,0.000,0.003,0.000,0.001
8418,0.000,0.003,0.000,0.001
8419,0.000,0.003,0.000,0.001
8420,0.000,0.003,0.000,0.001
8421,0.000,0.003,0.000,0.001
8422,0.000,0.003,0.000,0.001
8423,0.000,0.003,0.000,0.001
8424,0.000,0.003,0.000,0.001
8425,0.000,0.003,0.000,0.001
8426,0.000,0.003,0.000,0.001
8427,0.000,0.003,0.000,0.001
8428,0.000,0.003,0.000,0.001
8429,0.000,0.003,0.000,0.001
8430,0.000,0.003,0.000,0.001
8431,0.000,0.003,0.000,0.001
8432,0.000,0.003,0.000,0.001
8433,0.000,0.003,0.000,0.001
8434,0.000,0.003,0.000,0.001
8435,0.000,0.003,0.000,0.001
8436,0.000,0.003,0.000,0.001
8437,0.000,0.003,0.000,0.001
8438,0.000,0.003,0.000,0.001
8439,0.000,0.003,0.000,0.001
8440,0.000,0.003,0.000,0.001
8441,0.000,0.003,0.000,0.001
8442,0.000,0.003,0.000,0.001
8443,0.000,0.003,0.000,0.001
8444,0.000,0.003,0.000,0.001
8445,0.000,0.003,0.000,0.001
8446,0.000,0.003,0.000,0.001
8447,0.000,0.003,0.000,0.001
8448,0.000,0.003,0.000,0.001
8449,0.000,0.003,0.000,0.001
8450,0.000,0.003,0.000,0.001
8451,0.000,0.003,0.000,0.001
8452,0.000,0.003,0.000,0.001
8453,0.000,0.003,0.000,0.001
8454,0.000,0.003,0.000,0.001
8455,0.000,0.003,0.000,0.001
8456,0.000,0.003,0.000,0.001
8457,0.000,0.003,0.000,0.001
8458,0.000,0.003,0.000,0.001
8459,0.000,0.003,0.000,0.001
8460,0.000,0.003,0.000,0.001
8461,0.000,0.003,0.000,0.001
8462,0.000,0.003,0.000,0.001
8463,0.000,0.003,0.000,0.001
8464,0.000,0.003,0.000,0.001
8465,0.000,0.003,0.000,0.001
8466,0.000,0.003,0.000,0.001
8467,0.000,0.003,0.000,0.001
8468,0.000,0.003,0.000,0.001
8469,0.000,0.003,0.000,0.001
8470,0.000,0.003,0.000,0.001
8471,0.000,0.003,0.000,0.001
8472,0.000,0.003,0.000,0.001
8473,0.000,0.003,0.000,0.001
8474,0.000,0.003,0.000,0.001
8475,0.000,0.003,0.000,0.001
8476,0.000,0.003,0.000,0.001
8477,0.000,0.003,0.000,0.001
8478,0.000,0.003,0.000,0.001
8479,0.000,0.003,0.000,0.001
8480,0.000,0.003,0.000,0.001
8481,0.000,0.003,0.000,0.001
8482,0.000,0.003,0.000,0.001
8483,0.000,0.003,0.000,0.001
8484,0.000,0.003,0.000,0.001
8485,0.000,0.003,0.000,0.001
8486,0.000,0.003,0.000,0.001
8487,0.000,0.003,0.000,0.001
8488,0.000,0.003,0.000,0.001
8489,0.000,0.003,0.000,0.001
8490,0.000,0.003,0.000,0.001
8491,0.000,0.003,0.000,0.001
8492,0.000,0.003,0.000,0.001
8493,0.000,0.003,0.000,0.001
8494,0.000,0.003,0.000,0.001
8495,0.000,0.003,0.000,0.001
8496,0.000,0.003,0.000,0.001
8497,0.000,0.003,0.000,0.001
8498,0.000,0.003,0.000,0.001
8499,0.000,0.003,0.000,0.001
8500,0.000,0.003,0.000,0.001
8501,0.000,0.003,0.000,0.001
8502,0.000,0.003,0.000,0.001
8503,0.000,0.003,0.000,0.001
8504,0.000,0.003,0.000,0.001
8505,0.000,0.003,0.000,0.001
8506,0.000,0.003,0.000,0.001
8507,0.000,0.003,0.000,0.001
8508,0.000,0.003,0.000,0.001
8509,0.000,0.003,0.000,0.001
8510,0.000,0.003,0.000,0.001
8511,0.000,0.003,0.000,0.001
8512,0.000,0.003,0.000,0.001
8513,0.000,0.003,0.000,0.001
8514,0.000,0.003,0.000,0.001
8515,0.000,0.003,0.000,0.001
8516,0.000,0.003,0.000,0.001
8517,0.000,0.003,0.000,0.001
8518,0.000,0.003,0.000,0.001
8519,0.000,0.003,0.000,0.001
8520,0.000,0.003,0.000,0.001
8521,0.000,0.003,0.000,0.001
8522,0.000,0.003,0.000,0.001
8523,0.000,0.003,0.000,0.001
8524,0.000,0.003,0.000,0.001
8525,0.000,0.003,0.000,0.001
8526,0.000,0.003,0.000,0.001
8527,0.000,0.003,0.000,0.001
8528,0.000,0.003,0.000,0.001
8529,0.000,0.003,0.000,0.001
8530,0.000,0.003,0.000,0.001
8531,0.000,0.003,0.000,0.001
8532,0.000,0.003,0.000,0.001
8533,0.000,0.003,0.000,0.001
8534,0.000,0.003,0.000,0.001
8535,0.000,0.003,0.000,0.001
8536,0.000,0.003,0.000,0.001
8537,0.000,0.003,0.000,0.001
8538,0.000,0.003,0.000,0.001
8539,0.000,0.003,0.000,0.001
8540,0.000,0.003,0.000,0.001
8541,0.000,0.003,0.000,0.001
8542,0.000,0.003,0.000,0.001
8543,0.000,0.003,0.000,0.001
8544,0.000,0.003,0.000,0.001
8545,0.000,0.003,0.000,0.001
8546,0.000,0.003,0.000,0.001
8547,0.000,0.003,0.000,0.001
8548,0.000,0.003,0.000,0.001
8549,0.000,0.003,0.000,0.001
8550,0.000,0.003,0.000,0.001
8551,0.000,0.003,0.000,0.001
8552,0.000,0.003,0.000,0.001
8553,0.000,0.003,0.000,0.001
8554,0.000,0.003,0.000,0.001
8555,0.000,0.003,0.000,0.001
8556,0.000,0.003,0.000,0.001
8557,0.000,0.003,0.000,0.001
8558,0.000,0.003,0.000,0.001
8559,0.000,0.003,0.000,0.001
8560,0.000,0.003,0.000,0.001
8561,0.001,0.003,0.000,0.001
8562,0.000,0.003,0.000,0.001
8563,0.000,0.003,0.000,0.001
8564,0.000,0.003,0.000,0.001
8565,0.000,0.003,0.000,0.001
8566,0.000,0.003,0.000,0.001
8567,0.000,0.003,0.000,0.001
8568,0.000,0.003,0.000,0.001
8569,0.000,0.003,0.000,0.001
8570,0.000,0.003,0.000,0.001
8571,0.000,0.003,0.000,0.001
8572,0.000,0.003,0.000,0.001
8573,0.000,0.003,0.000,0.001
8574,0.000,0.003,0.000,0.001
8575,0.000,0.003,0.000,0.001
8576,0.000,0.003,0.000,0.001
8577,0.000,0.003,0.000,0.001
8578,0.000,0.003,0.000,0.001
8579,0.000,0.003,0.000,0.001
8580,0.000,0.003,0.000,0.001
8581,0.000,0.003,0.000,0.001
8582,0.000,0.003,0.000,0.001
8583,0.000,0.003,0.000,0.001
8584,0.000,0.003,0.000,0.001
8585,0.000,0.003,0.000,0.001
8586,0.000,0.003,0.000,0.001
8587,0.000,0.003,0.000,0.001
8588,0.000,0.003,0.000,0.001
8589,0.000,0.003,0.000,0.001
8590,0.000,0.003,0.000,0.001
8591,0.000,0.003,0.000,0.001
8592,0.000,0.003,0.000,0.001
8593,0.000,0.003,0.000,0.001
8594,0.000,0.003,0.000,0.001
8595,0.000,0.003,0.000,0.001
8596,0.000,0.003,0.000,0.001
8597,0.000,0.003,0.000,0.001
8598,0.000,0.003,0.000,0.001
8599,0.000,0.003,0.000,0.001
8600,0.000,0.003,0.000,0.001
8601,0.000,0.003,0.000,0.001
8602,0.000,0.003,0.000,0.001
8603,0.000,0.003,0.000,0.001
8604,0.000,0.003,0.000,0.001
8605,0.000,0.003,0.000,0.001
8606,0.000,0.003,0.000,0.001
8607,0.000,0.003,0.000,0.001
8608,0.000,0.003,0.000,0.001
8609,0.000,0.003,0.000,0.001
8610,0.000,0.003,0.000,0.001
8611,0.000,0.003,0.000,0.001
8612,0.000,0.003,0.000,0.001
8613,0.000,0.003,0.000,0.001
8614,0.000,0.003,0.000,0.001
8615,0.000,0.003,0.000,0.001
8616,0.000,0.003,0.000,0.001
8617,0.000,0.003,0.000,0.001
8618,0.000,0.003,0.000,0.001
8619,0.000,0.003,0.000,0.001
8620,0.000,0.003,0.000,0.001
8621,0.000,0.003,0.000,0.001
8622,0.000,0.003,0.000,0.001
8623,0.000,0.003,0.000,0.001
8624,0.000,0.003,0.000,0.001
8625,0.000,0.003,0.000,0.001
8626,0.000,0.003,0.000,0.001
8627,0.000,0.003,0.000,0.001
8628,0.000,0.003,0.000,0.001
8629,0.000,0.003,0.000,0.001
8630,0.000,0.003,0.000,0.001
8631,0.000,0.003,0.000,0.001
8632,0.000,0.003,0.000,0.001
8633,0.000,0.003,0.000,0.001
8634,0.000,0.003,0.000,0.001
8635,0.000,0.003,0.000,0.001
8636,0.000,0.003,0.000,0.001
8637,0.000,0.003,0.000,0.001
8638,0.000,0.003,0.000,0.001
8639,0.000,0.003,0.000,0.001
8640,0.000,0.003,0.000,0.001
8641,0.000,0.003,0.000,0.001
8642,0.000,0.003,0.000,0.001
8643,0.000,0.003,0.000,0.001
8644,0.000,0.003,0.000,0.001
8645,0.000,0.003,0.000,0.001
8646,0.000,0.003,0.000,0.001
8647,0.000,0.003,0.000,0.001
8648,0.000,0.003,0.000,0.001
8649,0.000,0.003,0.000,0.001
8650,0.000,0.003,0.000,0.001
8651,0.000,0.003,0.000,0.001
8652,0.000,0.003,0.000,0.001
8653,0.000,0.003,0.000,0.001
8654,0.000,0.003,0.000,0.001
8655,0.000,0.003,0.000,0.001
8656,0.000,0.003,0.000,0.001
8657,0.000,0.003,0.000,0.001
8658,0.000,0.003,0.000,0.001
8659,0.000,0.003,0.000,0.001
8660,0.000,0.003,0.000,0.001
8661,0.000,0.003,0.000,0.001
8662,0.000,0.003,0.000,0.001
8663,0.000,0.003,0.000,0.001
8664,0.000,0.003,0.000,0.001
8665,0.000,0.003,0.000,0.001
8666,0.000,0.003,0.000,0.001
8667,0.000,0.003,0.000,0.001
8668,0.000,0.003,0.000,0.001
8669,0.000,0.003,0.000,0.001
8670,0.000,0.003,0.000,0.001
8671,0.000,0.003,0.000,0.001
8672,0.000,0.003,0.000,0.001
8673,0.000,0.003,0.000,0.001
8674,0.000,0.003,0.000,0.001
8675,0.000,0.003,0.000,0.001
8676,0.000,0.003,0.000,0.001
8677,0.000,0.003,0.000,0.001
8678,0.000,0.003,0.000,0.001
8679,0.000,0.003,0.000,0.001
8680,0.000,0.003,0.000,0.001
8681,0.000,0.003,0.000,0.001
8682,0.000,0.003,0.000,0.001
8683,0.000,0.003,0.000,0.001
8684,0.000,0.003,0.000,0.001
8685,0.000,0.003,0.000,0.001
8686,0.000,0.003,0.000,0.001
8687,0.000,0.003,0.000,0.001
8688,0.000,0.003,0.000,0.001
8689,0.000,0.003,0.000,0.001
8690,0.000,0.003,0.000,0.001
8691,0.000,0.003,0.000,0.001
8692,0.000,0.003,0.000,0.001
8693,0.000,0.003,0.000,0.001
8694,0.000,0.003,0.000,0.001
8695,0.000,0.003,0.000,0.001
8696,0.000,0.003,0.000,0.001
8697,0.000,0.003,0.000,0.001
8698,0.000,0.003,0.000,0.001
8699,0.000,0.003,0.000,0.001
8700,0.000,0.003,0.000,0.001
8701,0.000,0.003,0.000,0.001
8702,0.000,0.003,0.000,0.001
8703,0.000,0.003,0.000,0.001
8704,0.000,0.003,0.000,0.001
8705,0.000,0.003,0.000,0.001
8706,0.000,0.003,0.000,0.001
8707,0.000,0.003,0.000,0.001
8708,0.000,0.003,0.000,0.001
8709,0.000,0.003,0.000,0.001
8710,0.000,0.003,0.000,0.001
8711,0.000,0.003,0.000,0.001
8712,0.000,0.003,0.000,0.001
8713,0.000,0.003,0.000,0.001
8714,0.000,0.003,0.000,0.001
8715,0.000,0.003,0.000,0.001
8716,0.000,0.003,0.000,0.001
8717,0.000,0.003,0.000,0.001
8718,0.000,0.003,0.000,0.001
8719,0.000,0.003,0.000,0.001
8720,0.000,0.003,0.000,0.001
8721,0.000,0.003,0.000,0.001
8722,0.000,0.003,0.000,0.001
8723,0.000,0.003,0.000,0.001
8724,0.000,0.003,0.000,0.001
8725,0.000,0.003,0.000,0.001
8726,0.000,0.003,0.000,0.001
8727,0.000,0.003,0.000,0.001
8728,0.000,0.003,0.000,0.001
8729,0.000,0.003,0.000,0.001
8730,0.000,0.003,0.000,0.001
8731,0.000,0.003,0.000,0.001
8732,0.000,0.003,0.000,0.001
8733,0.000,0.003,0.000,0.001
8734,0.000,0.003,0.000,0.001
8735,0.000,0.003,0.000,0.001
8736,0.000,0.003,0.000,0.001
8737,0.000,0.003,0.000,0.001
8738,0.000,0.003,0.000,0.001
8739,0.000,0.003,0.000,0.001
8740,0.000,0.003,0.000,0.001
8741,0.000,0.003,0.000,0.001
8742,0.000,0.003,0.000,0.001
8743,0.000,0.003,0.000,0.001
8744,0.000,0.003,0.000,0.001
8745,0.000,0.003,0.000,0.001
8746,0.000,0.003,0.000,0.001
8747,0.000,0.003,0.000,0.001
8748,0.000,0.003,0.000,0.001
8749,0.000,0.003,0.000,0.001
8750,0.000,0.003,0.000,0.001
8751,0.000,0.003,0.000,0.001
8752,0.000,0.003,0.000,0.001
8753,0.000,0.003,0.000,0.001
8754,0.000,0.003,0.000,0.001
8755,0.000,0.003,0.000,0.001
8756,0.000,0.003,0.000,0.001
8757,0.000,0.003,0.000,0.001
8758,0.000,0.003,0.000,0.001
8759,0.000,0.003,0.000,0.001
8760,0.000,0.003,0.000,0.001
8761,0.000,0.003,0.000,0.001
8762,0.000,0.003,0.000,0.001
8763,0.000,0.003,0.000,0.001
8764,0.000,0.003,0.000,0.001
8765,0.000,0.003,0.000,0.001
8766,0.000,0.003,0.000,0.001
8767,0.000,0.003,0.000,0.001
8768,0.000,0.003,0.000,0.001
8769,0.000,0.003,0.000,0.001
8770,0.000,0.003,0.000,0.001
8771,0.000,0.003,0.000,0.001
8772,0.000,0.003,0.000,0.001
8773,0.000,0.003,0.000,0.001
8774,0.000,0.003,0.000,0.001
8775,0.000,0.003,0.000,0.001
8776,0.000,0.003,0.000,0.001
8777,0.000,0.003,0.000,0.001
8778,0.000,0.003,0.000,0.001
8779,0.000,0.003,0.000,0.001
8780,0.000,0.003,0.000,0.001
8781,0.000,0.003,0.000,0.001
8782,0.000,0.003,0.000,0.001
8783,0.000,0.003,0.000,0.001
8784,0.000,0.003,0.000,0.001
8785,0.000,0.003,0.000,0.001
8786,0.000,0.003,0.000,0.001
8787,0.000,0.003,0.000,0.001
8788,0.000,0.003,0.000,0.001
8789,0.000,0.003,0.000,0.001
8790,0.000,0.003,0.000,0.001
8791,0.000,0.003,0.000,0.001
8792,0.000,0.003,0.000,0.001
8793,0.000,0.003,0.000,0.001
8794,0.000,0.003,0.000,0.001
8795,0.000,0.003,0.000,0.001
8796,0.000,0.003,0.000,0.001
8797,0.000,0.003,0.000,0.001
8798,0.000,0.003,0.000,0.001
8799,0.000,0.003,0.000,0.001
8800,0.000,0.003,0.000,0.001
8801,0.000,0.003,0.000,0.001
8802,0.000,0.003,0.000,0.001
8803,0.000,0.003,0.000,0.001
8804,0.000,0.003,0.000,0.001
8805,0.000,0.003,0.000,0.001
8806,0.000,0.003,0.000,0.001
8807,0.000,0.003,0.000,0.001
8808,0.000,0.003,0.000,0.001
8809,0.000,0.003,0.000,0.001
8810,0.000,0.003,0.000,0.001
8811,0.000,0.003,0.000,0.001
8812,0.000,0.003,0.000,0.001
8813,0.000,0.003,0.000,0.001
8814,0.000,0.003,0.000,0.001
8815,0.000,0.003,0.000,0.001
8816,0.000,0.003,0.000,0.001
8817,0.000,0.003,0.000,0.001
8818,0.000,0.003,0.000,0.001
8819,0.000,0.003,0.000,0.001
8820,0.000,0.003,0.000,0.001
8821,0.000,0.003,0.000,0.001
8822,0.000,0.003,0.000,0.001
8823,0.000,0.003,0.000,0.001
8824,0.000,0.003,0.000,0.001
8825,0.000,0.003,0.000,0.001
8826,0.000,0.003,0.000,0.001
8827,0.000,0.003,0.000,0.001
8828,0.000,0.003,0.000,0.001
8829,0.000,0.003,0.000,0.001
8830,0.000,0.003,0.000,0.001
8831,0.000,0.003,0.000,0.001
8832,0.000,0.003,0.000,0.001
8833,0.000,0.003,0.000,0.001
8834,0.000,0.003,0.000,0.001
8835,0.000,0.003,0.000,0.001
8836,0.000,0.003,0.000,0.001
8837,0.000,0.003,0.000,0.001
8838,0.000,0.003,0.000,0.001
8839,0.000,0.003,0.000,0.001
8840,0.000,0.003,0.000,0.001
8841,0.000,0.003,0.000,0.001
8842,0.000,0.003,0.000,0.001
8843,0.000,0.003,0.000,0.001
8844,0.000,0.003,0.000,0.001
8845,0.000,0.003,0.000,0.001
8846,0.000,0.003,0.000,0.001
8847,0.000,0.003,0.000,0.001
8848,0.000,0.003,0.000,0.001
8849,0.000,0.003,0.000,0.001
8850,0.000,0.003,0.000,0.001
8851,0.000,0.003,0.000,0.001
8852,0.000,0.003,0.000,0.001
8853,0.000,0.003,0.000,0.001
8854,0.000,0.003,0.000,0.001
8855,0.000,0.003,0.000,0.001
8856,0.000,0.003,0.000,0.001
8857,0.000,0.003,0.000,0.001
8858,0.000,0.003,0.000,0.001
8859,0.000,0.003,0.000,0.001
8860,0.000,0.003,0.000,0.001
8861,0.000,0.003,0.000,0.001
8862,0.000,0.003,0.000,0.001
8863,0.000,0.003,0.000,0.001
8864,0.000,0.003,0.000,0.001
8865,0.000,0.003,0.000,0.001
8866,0.000,0.003,0.000,0.001
8867,0.000,0.003,0.000,0.001
8868,0.000,0.003,0.000,0.001
8869,0.000,0.003,0.000,0.001
8870,0.000,0.003,0.000,0.001
8871,0.000,0.003,0.000,0.001
8872,0.000,0.003,0.000,0.001
8873,0.000,0.003,0.000,0.001
8874,0.000,0.003,0.000,0.001
8875,0.000,0.003,0.000,0.001
8876,0.000,0.003,0.000,0.001
8877,0.000,0.003,0.000,0.001
8878,0.000,0.003,0.000,0.001
8879,0.000,0.003,0.000,0.001
8880,0.000,0.003,0.000,0.001
8881,0.000,0.003,0.000,0.001
8882,0.000,0.003,0.000,0.001
8883,0.000,0.003,0.000,0.001
8884,0.000,0.003,0.000,0.001
8885,0.000,0.003,0.000,0.001
8886,0.000,0.003,0.000,0.001
8887,0.000,0.003,0.000,0.001
8888,0.000,0.003,0.000,0.001
8889,0.000,0.003,0.000,0.001
8890,0.000,0.003,0.000,0.001
8891,0.000,0.003,0.000,0.001
8892,0.000,0.003,0.000,0.001
8893,0.000,0.003,0.000,0.001
8894,0.000,0.003,0.000,0.001
8895,0.000,0.003,0.000,0.001
8896,0.000,0.003,0.000,0.001
8897,0.000,0.003,0.000,0.001
8898,0.000,0.003,0.000,0.001
8899,0.000,0.003,0.000,0.001
8900,0.000,0.003,0.000,0.001
8901,0.000,0.003,0.000,0.001
8902,0.000,0.003,0.000,0.001
8903,0.000,0.003,0.000,0.001
8904,0.000,0.003,0.000,0.001
8905,0.000,0.003,0.000,0.001
8906,0.000,0.003,0.000,0.001
8907,0.000,0.003,0.000,0.001
8908,0.000,0.003,0.000,0.001
8909,0.000,0.003,0.000,0.001
8910,0.000,0.003,0.000,0.001
8911,0.000,0.003,0.000,0.001
8912,0.000,0.003,0.000,0.001
8913,0.000,0.003,0.000,0.001
8914,0.000,0.003,0.000,0.001
8915,0.000,0.003,0.000,0.001
8916,0.000,0.003,0.000,0.001
8917,0.000,0.003,0.000,0.001
8918,0.000,0.003,0.000,0.001
8919,0.000,0.003,0.000,0.001
8920,0.000,0.003,0.000,0.001
8921,0.000,0.003,0.000,0.001
8922,0.000,0.003,0.000,0.001
8923,0.000,0.003,0.000,0.001
8924,0.000,0.003,0.000,0.001
8925,0.000,0.003,0.000,0.001
8926,0.000,0.003,0.000,0.001
8927,0.000,0.003,0.000,0.001
8928,0.000,0.003,0.000,0.001
8929,0.000,0.003,0.000,0.001
8930,0.000,0.003,0.000,0.001
8931,0.000,0.003,0.000,0.001
8932,0.000,0.003,0.000,0.001
8933,0.000,0.003,0.000,0.001
8934,0.000,0.003,0.000,0.001
8935,0.000,0.003,0.000,0.001
8936,0.000,0.003,0.000,0.001
8937,0.000,0.003,0.000,0.001
8938,0.000,0.003,0.000,0.001
8939,0.000,0.003,0.000,0.001
8940,0.000,0.003,0.000,0.001
8941,0.000,0.003,0.000,0.001
8942,0.000,0.003,0.000,0.001
8943,0.000,0.003,0.000,0.001
8944,0.000,0.003,0.000,0.001
8945,0.000,0.003,0.000,0.001
8946,0.000,0.003,0.000,0.001
8947,0.000,0.003,0.000,0.001
8948,0.000,0.003,0.000,0.001
8949,0.000,0.003,0.000,0.001
8950,0.000,0.003,0.000,0.001
8951,0.000,0.003,0.000,0.001
8952,0.000,0.003,0.000,0.001
8953,0.000,0.003,0.000,0.001
8954,0.000,0.003,0.000,0.001
8955,0.000,0.003,0.000,0.001
8956,0.000,0.003,0.000,0.001
8957,0.000,0.003,0.000,0.001
8958,0.000,0.003,0.000,0.001
8959,0.000,0.003,0.000,0.001
8960,0.000,0.003,0.000,0.001
8961,0.000,0.003,0.000,0.001
8962,0.000,0.003,0.000,0.001
8963,0.000,0.003,0.000,0.001
8964,0.000,0.003,0.000,0.001
8965,0.000,0.003,0.000,0.001
8966,0.000,0.003,0.000,0.001
8967,0.000,0.003,0.000,0.001
8968,0.000,0.003,0.000,0.001
8969,0.000,0.003,0.000,0.001
8970,0.000,0.003,0.000,0.001
8971,0.000,0.003,0.000,0.001
8972,0.000,0.003,0.000,0.001
8973,0.000,0.003,0.000,0.001
8974,0.000,0.003,0.000,0.001
8975,0.000,0.003,0.000,0.001
8976,0.000,0.003,0.000,0.001
8977,0.000,0.003,0.000,0.001
8978,0.000,0.003,0.000,0.001
8979,0.000,0.003,0.000,0.001
8980,0.000,0.003,0.000,0.001
8981,0.000,0.003,0.000,0.001
8982,0.000,0.003,0.000,0.001
8983,0.000,0.003,0.000,0.001
8984,0.000,0.003,0.000,0.001
8985,0.000,0.003,0.000,0.001
8986,0.000,0.003,0.000,0.001
8987,0.000,0.003,0.000,0.001
8988,0.000,0.003,0.000,0.001
8989,0.000,0.003,0.000,0.001
8990,0.000,0.003,0.000,0.001
8991,0.000,0.003,0.000,0.001
8992,0.000,0.003,0.000,0.001
8993,0.000,0.003,0.000,0.001
8994,0.000,0.003,0.000,0.001
8995,0.000,0.003,0.000,0.001
8996,0.000,0.003,0.000,0.001
8997,0.000,0.003,0.000,0.001
8998,0.000,0.003,0.000,0.001
8999,0.000,0.003,0.000,0.001
9000,0.000,0.003,0.000,0.001
9001,0.000,0.003,0.000,0.001
9002,0.000,0.003,0.000,0.001
9003,0.000,0.003,0.000,0.001
9004,0.000,0.003,0.000,0.001
9005,0.000,0.003,0.000,0.001
9006,0.000,0.003,0.000,0.001
9007,0.000,0.003,0.000,0.001
9008,0.000,0.003,0.000,0.001
9009,0.000,0.003,0.000,0.001
9010,0.000,0.003,0.000,0.001
9011,0.000,0.003,0.000,0.001
9012,0.000,0.003,0.000,0.001
9013,0.000,0.003,0.000,0.001
9014,0.000,0.003,0.000,0.001
9015,0.000,0.003,0.000,0.001
9016,0.000,0.003,0.000,0.001
9017,0.000,0.003,0.000,0.001
9018,0.000,0.003,0.000,0.001
9019,0.000,0.003,0.000,0.001
9020,0.000,0.003,0.000,0.001
9021,0.000,0.003,0.000,0.001
9022,0.000,0.003,0.000,0.001
9023,0.000,0.003,0.000,0.001
9024,0.000,0.003,0.000,0.001
9025,0.000,0.003,0.000,0.001
9026,0.000,0.003,0.000,0.001
9027,0.000,0.003,0.000,0.001
9028,0.000,0.003,0.000,0.001
9029,0.000,0.003,0.000,0.001
9030,0.000,0.003,0.000,0.001
9031,0.000,0.003,0.000,0.001
9032,0.000,0.003,0.000,0.001
9033,0.000,0.003,0.000,0.001
9034,0.000,0.003,0.000,0.001
9035,0.000,0.003,0.000,0.001
9036,0.000,0.003,0.000,0.001
9037,0.000,0.003,0.000,0.001
9038,0.000,0.003,0.000,0.001
9039,0.000,0.003,0.000,0.001
9040,0.000,0.003,0.000,0.001
9041,0.000,0.003,0.000,0.001
9042,0.000,0.003,0.000,0.001
9043,0.000,0.003,0.000,0.001
9044,0.000,0.003,0.000,0.001
9045,0.000,0.003,0.000,0.001
9046,0.000,0.003,0.000,0.001
9047,0.000,0.003,0.000,0.001
9048,0.000,0.003,0.000,0.001
9049,0.000,0.003,0.000,0.001
9050,0.000,0.003,0.000,0.001
9051,0.000,0.003,0.000,0.001
9052,0.000,0.003,0.000,0.001
9053,0.000,0.003,0.000,0.001
9054,0.000,0.003,0.000,0.001
9055,0.000,0.003,0.000,0.001
9056,0.000,0.003,0.000,0.001
9057,0.000,0.003,0.000,0.001
9058,0.000,0.003,0.000,0.001
9059,0.000,0.003,0.000,0.001
9060,0.000,0.003,0.000,0.001
9061,0.000,0.003,0.000,0.001
9062,0.000,0.003,0.000,0.001
9063,0.000,0.003,0.000,0.001
9064,0.000,0.003,0.000,0.001
9065,0.000,0.003,0.000,0.001
9066,0.000,0.003,0.000,0.001
9067,0.000,0.003,0.000,0.001
9068,0.000,0.003,0.000,0.001
9069,0.000,0.003,0.000,0.001
9070,0.000,0.003,0.000,0.001
9071,0.000,0.003,0.000,0.001
9072,0.000,0.003,0.000,0.001
9073,0.000,0.003,0.000,0.001
9074,0.000,0.003,0.000,0.001
9075,0.000,0.003,0.000,0.001
9076,0.000,0.003,0.000,0.001
9077,0.000,0.003,0.000,0.001
9078,0.000,0.003,0.000,0.001
9079,0.000,0.003,0.000,0.001
9080,0.000,0.003,0.000,0.001
9081,0.000,0.003,0.000,0.001
9082,0.000,0.003,0.000,0.001
9083,0.000,0.003,0.000,0.001
9084,0.000,0.003,0.000,0.001
9085,0.000,0.003,0.000,0.001
9086,0.000,0.003,0.000,0.001
9087,0.000,0.003,0.000,0.001
9088,0.000,0.003,0.000,0.001
9089,0.000,0.003,0.000,0.001
9090,0.000,0.003,0.000,0.001
9091,0.000,0.003,0.000,0.001
9092,0.000,0.003,0.000,0.001
9093,0.000,0.003,0.000,0.001
9094,0.000,0.003,0.000,0.001
9095,0.000,0.003,0.000,0.001
9096,0.000,0.003,0.000,0.001
9097,0.000,0.003,0.000,0.001
9098,0.000,0.003,0.000,0.001
9099,0.000,0.003,0.000,0.001
9100,0.000,0.003,0.000,0.001
9101,0.000,0.003,0.000,0.001
9102,0.000,0.003,0.000,0.001
9103,0.000,0.003,0.000,0.001
9104,0.000,0.003,0.000,0.001
9105,0.000,0.003,0.000,0.001
9106,0.000,0.003,0.000,0.001
9107,0.000,0.003,0.000,0.001
9108,0.000,0.003,0.000,0.001
9109,0.000,0.003,0.000,0.001
9110,0.000,0.003,0.000,0.001
9111,0.000,0.003,0.000,0.001
9112,0.000,0.003,0.000,0.001
9113,0.000,0.003,0.000,0.001
9114,0.000,0.003,0.000,0.001
9115,0.000,0.003,0.000,0.001
9116,0.000,0.003,0.000,0.001
9117,0.000,0.003,0.000,0.001
9118,0.000,0.003,0.000,0.001
9119,0.000,0.003,0.000,0.001
9120,0.000,0.003,0.000,0.001
9121,0.000,0.003,0.000,0.001
9122,0.000,0.003,0.000,0.001
9123,0.000,0.003,0.000,0.001
9124,0.000,0.003,0.000,0.001
9125,0.000,0.003,0.000,0.001
9126,0.000,0.003,0.000,0.001
9127,0.000,0.003,0.000,0.001
9128,0.000,0.003,0.000,0.001
9129,0.000,0.003,0.000,0.001
9130,0.000,0.003,0.000,0.001
9131,0.000,0.003,0.000,0.001
9132,0.000,0.003,0.000,0.001
9133,0.000,0.003,0.000,0.001
9134,0.000,0.003,0.000,0.001
9135,0.000,0.003,0.000,0.001
9136,0.000,0.003,0.000,0.001
9137,0.000,0.003,0.000,0.001
9138,0.000,0.003,0.000,0.001
9139,0.000,0.003,0.000,0.001
9140,0.000,0.003,0.000,0.001
9141,0.000,0.003,0.000,0.001
9142,0.000,0.003,0.000,0.001
9143,0.000,0.003,0.000,0.001
9144,0.000,0.003,0.000,0.001
9145,0.000,0.003,0.000,0.001
9146,0.000,0.003,0.000,0.001
9147,0.000,0.003,0.000,0.001
9148,0.000,0.003,0.000,0.001
9149,0.000,0.003,0.000,0.001
9150,0.000,0.003,0.000,0.001
9151,0.000,0.003,0.000,0.001
9152,0.000,0.003,0.000,0.001
9153,0.000,0.003,0.000,0.001
9154,0.000,0.003,0.000,0.001
9155,0.000,0.003,0.000,0.001
9156,0.000,0.003,0.000,0.001
9157,0.000,0.003,0.000,0.001
9158,0.000,0.003,0.000,0.001
9159,0.000,0.003,0.000,0.001
9160,0.000,0.003,0.000,0.001
9161,0.000,0.003,0.000,0.001
9162,0.000,0.003,0.000,0.001
9163,0.000,0.003,0.000,0.001
9164,0.000,0.003,0.000,0.001
9165,0.000,0.003,0.000,0.001
9166,0.000,0.003,0.000,0.001
9167,0.000,0.003,0.000,0.001
9168,0.000,0.003,0.000,0.001
9169,0.000,0.003,0.000,0.001
9170,0.000,0.003,0.000,0.001
9171,0.000,0.003,0.000,0.001
9172,0.000,0.003,0.000,0.001
9173,0.000,0.003,0.000,0.001
9174,0.000,0.003,0.000,0.001
9175,0.000,0.003,0.000,0.001
9176,0.000,0.003,0.000,0.001
9177,0.000,0.003,0.000,0.001
9178,0.000,0.003,0.000,0.001
9179,0.000,0.003,0.000,0.001
9180,0.000,0.003,0.000,0.001
9181,0.000,0.003,0.000,0.001
9182,0.000,0.003,0.000,0.001
9183,0.000,0.003,0.000,0.001
9184,0.000,0.003,0.000,0.001
9185,0.000,0.003,0.000,0.001
9186,0.000,0.003,0.000,0.001
9187,0.000,0.003,0.000,0.001
9188,0.000,0.003,0.000,0.001
9189,0.000,0.003,0.000,0.001
9190,0.000,0.003,0.000,0.001
9191,0.000,0.003,0.000,0.001
9192,0.000,0.003,0.000,0.001
9193,0.000,0.003,0.000,0.001
9194,0.000,0.003,0.000,0.001
9195,0.000,0.003,0.000,0.001
9196,0.000,0.003,0.000,0.001
9197,0.000,0.003,0.000,0.001
9198,0.000,0.003,0.000,0.001
9199,0.000,0.003,0.000,0.001
9200,0.000,0.003,0.000,0.001
9201,0.000,0.003,0.000,0.001
9202,0.000,0.003,0.000,0.001
9203,0.000,0.003,0.000,0.001
9204,0.000,0.003,0.000,0.001
9205,0.000,0.003,0.000,0.001
9206,0.000,0.003,0.000,0.001
9207,0.000,0.003,0.000,0.001
9208,0.000,0.003,0.000,0.001
9209,0.000,0.003,0.000,0.001
9210,0.000,0.003,0.000,0.001
9211,0.000,0.003,0.000,0.001
9212,0.000,0.003,0.000,0.001
9213,0.000,0.003,0.000,0.001
9214,0.000,0.003,0.000,0.001
9215,0.000,0.003,0.000,0.001
9216,0.000,0.003,0.000,0.001
9217,0.000,0.003,0.000,0.001
9218,0.000,0.003,0.000,0.001
9219,0.000,0.003,0.000,0.001
9220,0.000,0.003,0.000,0.001
9221,0.000,0.003,0.000,0.001
9222,0.000,0.003,0.000,0.001
9223,0.000,0.003,0.000,0.001
9224,0.000,0.003,0.000,0.001
9225,0.000,0.003,0.000,0.001
9226,0.000,0.003,0.000,0.001
9227,0.000,0.003,0.000,0.001
9228,0.000,0.003,0.000,0.001
9229,0.000,0.003,0.000,0.001
9230,0.000,0.003,0.000,0.001
9231,0.000,0.003,0.000,0.001
9232,0.000,0.003,0.000,0.001
9233,0.000,0.003,0.000,0.001
9234,0.000,0.003,0.000,0.001
9235,0.000,0.003,0.000,0.001
9236,0.000,0.003,0.000,0.001
9237,0.000,0.003,0.000,0.001
9238,0.000,0.003,0.000,0.001
9239,0.000,0.003,0.000,0.001
9240,0.000,0.003,0.000,0.001
9241,0.000,0.003,0.000,0.001
9242,0.000,0.003,0.000,0.001
9243,0.000,0.003,0.000,0.001
9244,0.000,0.003,0.000,0.001
9245,0.000,0.003,0.000,0.001
9246,0.000,0.003,0.000,0.001
9247,0.000,0.003,0.000,0.001
9248,0.000,0.003,0.000,0.001
9249,0.000,0.003,0.000,0.001
9250,0.000,0.003,0.000,0.001
9251,0.000,0.003,0.000,0.001
9252,0.000,0.003,0.000,0.001
9253,0.000,0.003,0.000,0.001
9254,0.000,0.003,0.000,0.001
9255,0.000,0.003,0.000,0.001
9256,0.000,0.003,0.000,0.001
9257,0.000,0.003,0.000,0.001
9258,0.000,0.003,0.000,0.001
9259,0.000,0.003,0.000,0.001
9260,0.000,0.003,0.000,0.001
9261,0.000,0.003,0.000,0.001
9262,0.000,0.003,0.000,0.001
9263,0.000,0.003,0.000,0.001
9264,0.000,0.003,0.000,0.001
9265,0.000,0.003,0.000,0.001
9266,0.000,0.003,0.000,0.001
9267,0.000,0.003,0.000,0.001
9268,0.000,0.003,0.000,0.001
9269,0.000,0.003,0.000,0.001
9270,0.000,0.003,0.000,0.001
9271,0.000,0.003,0.000,0.001
9272,0.000,0.003,0.000,0.001
9273,0.000,0.003,0.000,0.001
9274,0.000,0.003,0.000,0.001
9275,0.000,0.003,0.000,0.001
9276,0.000,0.003,0.000,0.001
9277,0.000,0.003,0.000,0.001
9278,0.000,0.003,0.000,0.001
9279,0.000,0.003,0.000,0.001
9280,0.000,0.003,0.000,0.001
9281,0.000,0.003,0.000,0.001
9282,0.000,0.003,0.000,0.001
9283,0.000,0.003,0.000,0.001
9284,0.000,0.003,0.000,0.001
9285,0.000,0.003,0.000,0.001
9286,0.000,0.003,0.000,0.001
9287,0.000,0.003,0.000,0.001
9288,0.000,0.003,0.000,0.001
9289,0.000,0.003,0.000,0.001
9290,0.000,0.003,0.000,0.001
9291,0.000,0.003,0.000,0.001
9292,0.000,0.003,0.000,0.001
9293,0.000,0.003,0.000,0.001
9294,0.000,0.003,0.000,0.001
9295,0.000,0.003,0.000,0.001
9296,0.000,0.003,0.000,0.001
9297,0.000,0.003,0.000,0.001
9298,0.000,0.003,0.000,0.001
9299,0.000,0.003,0.000,0.001
9300,0.000,0.003,0.000,0.001
9301,0.000,0.003,0.000,0.001
9302,0.000,0.003,0.000,0.001
9303,0.000,0.003,0.000,0.001
9304,0.000,0.003,0.000,0.001
9305,0.000,0.003,0.000,0.001
9306,0.000,0.003,0.000,0.001
9307,0.000,0.003,0.000,0.001
9308,0.000,0.003,0.000,0.001
9309,0.000,0.003,0.000,0.001
9310,0.000,0.003,0.000,0.001
9311,0.000,0.003,0.000,0.001
9312,0.000,0.003,0.000,0.001
9313,0.000,0.003,0.000,0.001
9314,0.000,0.003,0.000,0.001
9315,0.000,0.003,0.000,0.001
9316,0.000,0.003,0.000,0.001
9317,0.000,0.003,0.000,0.001
9318,0.000,0.003,0.000,0.001
9319,0.000,0.003,0.000,0.001
9320,0.000,0.003,0.000,0.001
9321,0.000,0.003,0.000,0.001
9322,0.000,0.003,0.000,0.001
9323,0.000,0.003,0.000,0.001
9324,0.000,0.003,0.000,0.001
9325,0.000,0.003,0.000,0.001
9326,0.000,0.003,0.000,0.001
9327,0.000,0.003,0.000,0.001
9328,0.000,0.003,0.000,0.001
9329,0.000,0.003,0.000,0.001
9330,0.000,0.003,0.000,0.001
9331,0.000,0.003,0.000,0.001
9332,0.000,0.003,0.000,0.001
9333,0.000,0.003,0.000,0.001
9334,0.000,0.003,0.000,0.001
9335,0.000,0.003,0.000,0.001
9336,0.000,0.003,0.000,0.001
9337,0.000,0.003,0.000,0.001
9338,0.000,0.003,0.000,0.001
9339,0.000,0.003,0.000,0.001
9340,0.000,0.003,0.000,0.001
9341,0.000,0.003,0.000,0.001
9342,0.000,0.003,0.000,0.001
9343,0.000,0.003,0.000,0.001
9344,0.000,0.003,0.000,0.001
9345,0.000,0.003,0.000,0.001
9346,0.000,0.003,0.000,0.001
9347,0.000,0.003,0.000,0.001
9348,0.000,0.003,0.000,0.001
9349,0.000,0.003,0.000,0.001
9350,0.000,0.003,0.000,0.001
9351,0.000,0.003,0.000,0.001
9352,0.000,0.003,0.000,0.001
9353,0.000,0.003,0.000,0.001
9354,0.000,0.003,0.000,0.001
9355,0.000,0.003,0.000,0.001
9356,0.000,0.003,0.000,0.001
9357,0.000,0.003,0.000,0.001
9358,0.000,0.003,0.000,0.001
9359,0.000,0.003,0.000,0.001
9360,0.000,0.003,0.000,0.001
9361,0.000,0.003,0.000,0.001
9362,0.000,0.003,0.000,0.001
9363,0.000,0.003,0.000,0.001
9364,0.000,0.003,0.000,0.001
9365,0.000,0.003,0.000,0.001
9366,0.000,0.003,0.000,0.001
9367,0.000,0.003,0.000,0.001
9368,0.000,0.003,0.000,0.001
9369,0.000,0.003,0.000,0.001
9370,0.000,0.003,0.000,0.001
9371,0.000,0.003,0.000,0.001
9372,0.000,0.003,0.000,0.001
9373,0.000,0.003,0.000,0.001
9374,0.000,0.003,0.000,0.001
9375,0.000,0.003,0.000,0.001
9376,0.000,0.003,0.000,0.001
9377,0.000,0.003,0.000,0.001
9378,0.000,0.003,0.000,0.001
9379,0.000,0.003,0.000,0.001
9380,0.000,0.003,0.000,0.001
9381,0.000,0.003,0.000,0.001
9382,0.000,0.003,0.000,0.001
9383,0.000,0.003,0.000,0.001
9384,0.000,0.003,0.000,0.001
9385,0.000,0.003,0.000,0.001
9386,0.000,0.003,0.000,0.001
9387,0.000,0.003,0.000,0.001
9388,0.000,0.003,0.000,0.001
9389,0.000,0.003,0.000,0.001
9390,0.000,0.003,0.000,0.001
9391,0.000,0.003,0.000,0.001
9392,0.000,0.003,0.000,0.001
9393,0.000,0.003,0.000,0.001
9394,0.000,0.003,0.000,0.001
9395,0.000,0.003,0.000,0.001
9396,0.000,0.003,0.000,0.001
9397,0.000,0.003,0.000,0.001
9398,0.000,0.003,0.000,0.001
9399,0.000,0.003,0.000,0.001
9400,0.000,0.003,0.000,0.001
9401,0.000,0.003,0.000,0.001
9402,0.000,0.003,0.000,0.001
9403,0.000,0.003,0.000,0.001
9404,0.000,0.003,0.000,0.001
9405,0.000,0.003,0.000,0.001
9406,0.000,0.003,0.000,0.001
9407,0.000,0.003,0.000,0.001
9408,0.000,0.003,0.000,0.001
9409,0.000,0.003,0.000,0.001
9410,0.000,0.003,0.000,0.001
9411,0.000,0.003,0.000,0.001
9412,0.000,0.003,0.000,0.001
9413,0.000,0.003,0.000,0.001
9414,0.000,0.003,0.000,0.001
9415,0.000,0.003,0.000,0.001
9416,0.000,0.003,0.000,0.001
9417,0.000,0.003,0.000,0.001
9418,0.000,0.003,0.000,0.001
9419,0.000,0.003,0.000,0.001
9420,0.000,0.003,0.000,0.001
9421,0.000,0.003,0.000,0.001
9422,0.000,0.003,0.000,0.001
9423,0.000,0.003,0.000,0.001
9424,0.000,0.003,0.000,0.001
9425,0.000,0.003,0.000,0.001
9426,0.000,0.003,0.000,0.001
9427,0.000,0.003,0.000,0.001
9428,0.000,0.003,0.000,0.001
9429,0.000,0.003,0.000,0.001
9430,0.000,0.003,0.000,0.001
9431,0.000,0.003,0.000,0.001
9432,0.000,0.003,0.000,0.001
9433,0.000,0.003,0.000,0.001
9434,0.000,0.003,0.000,0.001
9435,0.000,0.003,0.000,0.001
9436,0.000,0.003,0.000,0.001
9437,0.000,0.003,0.000,0.001
9438,0.000,0.003,0.000,0.001
9439,0.000,0.003,0.000,0.001
9440,0.000,0.003,0.000,0.001
9441,0.000,0.003,0.000,0.001
9442,0.000,0.003,0.000,0.001
9443,0.000,0.003,0.000,0.001
9444,0.000,0.003,0.000,0.001
9445,0.000,0.003,0.000,0.001
9446,0.000,0.003,0.000,0.001
9447,0.000,0.003,0.000,0.001
9448,0.000,0.003,0.000,0.001
9449,0.000,0.003,0.000,0.001
9450,0.000,0.003,0.000,0.001
9451,0.000,0.003,0.000,0.001
9452,0.000,0.003,0.000,0.001
9453,0.000,0.003,0.000,0.001
9454,0.000,0.003,0.000,0.001
9455,0.000,0.003,0.000,0.001
9456,0.000,0.003,0.000,0.001
9457,0.000,0.003,0.000,0.001
9458,0.000,0.003,0.000,0.001
9459,0.000,0.003,0.000,0.001
9460,0.000,0.003,0.000,0.001
9461,0.000,0.003,0.000,0.001
9462,0.000,0.003,0.000,0.001
9463,0.000,0.003,0.000,0.001
9464,0.000,0.003,0.000,0.001
9465,0.000,0.003,0.000,0.001
9466,0.000,0.003,0.000,0.001
9467,0.000,0.003,0.000,0.001
9468,0.000,0.003,0.000,0.001
9469,0.000,0.003,0.000,0.001
9470,0.000,0.003,0.000,0.001
9471,0.000,0.003,0.000,0.001
9472,0.000,0.003,0.000,0.001
9473,0.000,0.003,0.000,0.001
9474,0.000,0.003,0.000,0.001
9475,0.000,0.003,0.000,0.001
9476,0.000,0.003,0.000,0.001
9477,0.000,0.003,0.000,0.001
9478,0.000,0.003,0.000,0.001
9479,0.000,0.003,0.000,0.001
9480,0.000,0.003,0.000,0.001
9481,0.000,0.003,0.000,0.001
9482,0.000,0.003,0.000,0.001
9483,0.000,0.003,0.000,0.001
9484,0.000,0.003,0.000,0.001
9485,0.000,0.003,0.000,0.001
9486,0.000,0.003,0.000,0.001
9487,0.000,0.003,0.000,0.001
9488,0.000,0.003,0.000,0.001
9489,0.000,0.003,0.000,0.001
9490,0.000,0.003,0.000,0.001
9491,0.000,0.003,0.000,0.001
9492,0.000,0.003,0.000,0.001
9493,0.000,0.003,0.000,0.001
9494,0.000,0.003,0.000,0.001
9495,0.000,0.003,0.000,0.001
9496,0.000,0.003,0.000,0.001
9497,0.000,0.003,0.000,0.001
9498,0.000,0.003,0.000,0.001
9499,0.000,0.003,0.000,0.001
9500,0.000,0.003,0.000,0.001
9501,0.000,0.003,0.000,0.001
9502,0.000,0.003,0.000,0.001
9503,0.000,0.003,0.000,0.001
9504,0.000,0.003,0.000,0.001
9505,0.000,0.003,0.000,0.001
9506,0.000,0.003,0.000,0.001
9507,0.000,0.003,0.000,0.001
9508,0.000,0.003,0.000,0.001
9509,0.000,0.003,0.000,0.001
9510,0.000,0.003,0.000,0.001
9511,0.000,0.003,0.000,0.001
9512,0.000,0.003,0.000,0.001
9513,0.000,0.003,0.000,0.001
9514,0.000,0.003,0.000,0.001
9515,0.000,0.003,0.000,0.001
9516,0.000,0.003,0.000,0.001
9517,0.000,0.003,0.000,0.001
9518,0.000,0.003,0.000,0.001
9519,0.000,0.003,0.000,0.001
9520,0.000,0.003,0.000,0.001
9521,0.000,0.003,0.000,0.001
9522,0.000,0.003,0.000,0.001
9523,0.000,0.003,0.000,0.001
9524,0.000,0.003,0.000,0.001
9525,0.000,0.003,0.000,0.001
9526,0.000,0.003,0.000,0.001
9527,0.000,0.003,0.000,0.001
9528,0.000,0.003,0.000,0.001
9529,0.000,0.003,0.000,0.001
9530,0.000,0.003,0.000,0.001
9531,0.000,0.003,0.000,0.001
9532,0.000,0.003,0.000,0.001
9533,0.000,0.003,0.000,0.001
9534,0.000,0.003,0.000,0.001
9535,0.000,0.003,0.000,0.001
9536,0.000,0.003,0.000,0.001
9537,0.000,0.003,0.000,0.001
9538,0.000,0.003,0.000,0.001
9539,0.000,0.003,0.000,0.001
9540,0.000,0.003,0.000,0.001
9541,0.000,0.003,0.000,0.001
9542,0.000,0.003,0.000,0.001
9543,0.000,0.003,0.000,0.001
9544,0.000,0.003,0.000,0.001
9545,0.000,0.003,0.000,0.001
9546,0.000,0.003,0.000,0.001
9547,0.000,0.003,0.000,0.001
9548,0.000,0.003,0.000,0.001
9549,0.000,0.003,0.000,0.001
9550,0.000,0.003,0.000,0.001
9551,0.000,0.003,0.000,0.001
9552,0.000,0.003,0.000,0.001
9553,0.000,0.003,0.000,0.001
9554,0.000,0.003,0.000,0.001
9555,0.000,0.003,0.000,0.001
9556,0.000,0.003,0.000,0.001
9557,0.000,0.003,0.000,0.001
9558,0.000,0.003,0.000,0.001
9559,0.000,0.003,0.000,0.001
9560,0.000,0.003,0.000,0.001
9561,0.000,0.003,0.000,0.001
9562,0.000,0.003,0.000,0.001
9563,0.000,0.003,0.000,0.001
9564,0.000,0.003,0.000,0.001
9565,0.000,0.003,0.000,0.001
9566,0.000,0.003,0.000,0.001
9567,0.000,0.003,0.000,0.001
9568,0.000,0.003,0.000,0.001
9569,0.000,0.003,0.000,0.001
9570,0.000,0.003,0.000,0.001
9571,0.000,0.003,0.000,0.001
9572,0.000,0.003,0.000,0.001
9573,0.000,0.003,0.000,0.001
9574,0.000,0.003,0.000,0.001
9575,0.000,0.003,0.000,0.001
9576,0.000,0.003,0.000,0.001
9577,0.000,0.003,0.000,0.001
9578,0.000,0.003,0.000,0.001
9579,0.000,0.003,0.000,0.001
9580,0.000,0.003,0.000,0.001
9581,0.000,0.003,0.000,0.001
9582,0.000,0.003,0.000,0.001
9583,0.000,0.003,0.000,0.001
9584,0.000,0.003,0.000,0.001
9585,0.000,0.003,0.000,0.001
9586,0.000,0.003,0.000,0.001
9587,0.000,0.003,0.000,0.001
9588,0.000,0.003,0.000,0.001
9589,0.000,0.003,0.000,0.001
9590,0.000,0.003,0.000,0.001
9591,0.000,0.003,0.000,0.001
9592,0.000,0.003,0.000,0.001
9593,0.000,0.003,0.000,0.001
9594,0.000,0.003,0.000,0.001
9595,0.000,0.003,0.000,0.001
9596,0.000,0.003,0.000,0.001
9597,0.000,0.003,0.000,0.001
9598,0.000,0.003,0.000,0.001
9599,0.000,0.003,0.000,0.001
9600,0.000,0.003,0.000,0.001
9601,0.000,0.003,0.000,0.001
9602,0.000,0.003,0.000,0.001
9603,0.000,0.003,0.000,0.001
9604,0.000,0.003,0.000,0.001
9605,0.000,0.003,0.000,0.001
9606,0.000,0.003,0.000,0.001
9607,0.000,0.003,0.000,0.001
9608,0.000,0.003,0.000,0.001
9609,0.000,0.003,0.000,0.001
9610,0.000,0.003,0.000,0.001
9611,0.000,0.003,0.000,0.001
9612,0.000,0.003,0.000,0.001
9613,0.000,0.003,0.000,0.001
9614,0.000,0.003,0.000,0.001
9615,0.000,0.003,0.000,0.001
9616,0.000,0.003,0.000,0.001
9617,0.000,0.003,0.000,0.001
9618,0.000,0.003,0.000,0.001
9619,0.000,0.003,0.000,0.001
9620,0.000,0.003,0.000,0.001
9621,0.000,0.003,0.000,0.001
9622,0.000,0.003,0.000,0.001
9623,0.000,0.003,0.000,0.001
9624,0.000,0.003,0.000,0.001
9625,0.000,0.003,0.000,0.001
9626,0.000,0.003,0.000,0.001
9627,0.000,0.003,0.000,0.001
9628,0.000,0.003,0.000,0.001
9629,0.000,0.003,0.000,0.001
9630,0.000,0.003,0.000,0.001
9631,0.000,0.003,0.000,0.001
9632,0.000,0.003,0.000,0.001
9633,0.000,0.003,0.000,0.001
9634,0.000,0.003,0.000,0.001
9635,0.000,0.003,0.000,0.001
9636,0.000,0.003,0.000,0.001
9637,0.000,0.003,0.000,0.001
9638,0.000,0.003,0.000,0.001
9639,0.000,0.003,0.000,0.001
9640,0.000,0.003,0.000,0.001
9641,0.000,0.003,0.000,0.001
9642,0.000,0.003,0.000,0.001
9643,0.000,0.003,0.000,0.001
9644,0.000,0.003,0.000,0.001
9645,0.000,0.003,0.000,0.001
9646,0.000,0.003,0.000,0.001
9647,0.000,0.003,0.000,0.001
9648,0.000,0.003,0.000,0.001
9649,0.000,0.003,0.000,0.001
9650,0.000,0.003,0.000,0.001
9651,0.000,0.003,0.000,0.001
9652,0.000,0.003,0.000,0.001
9653,0.000,0.003,0.000,0.001
9654,0.000,0.003,0.000,0.001
9655,0.000,0.003,0.000,0.001
9656,0.000,0.003,0.000,0.001
9657,0.000,0.003,0.000,0.001
9658,0.000,0.003,0.000,0.001
9659,0.000,0.003,0.000,0.001
9660,0.000,0.003,0.000,0.001
9661,0.000,0.003,0.000,0.001
9662,0.000,0.003,0.000,0.001
9663,0.000,0.003,0.000,0.001
9664,0.000,0.003,0.000,0.001
9665,0.000,0.003,0.000,0.001
9666,0.000,0.003,0.000,0.001
9667,0.000,0.003,0.000,0.001
9668,0.000,0.003,0.000,0.001
9669,0.000,0.003,0.000,0.001
9670,0.000,0.003,0.000,0.001
9671,0.000,0.003,0.000,0.001
9672,0.000,0.003,0.000,0.001
9673,0.000,0.003,0.000,0.001
9674,0.000,0.003,0.000,0.001
9675,0.000,0.003,0.000,0.001
9676,0.000,0.003,0.000,0.001
9677,0.000,0.003,0.000,0.001
9678,0.000,0.003,0.000,0.001
9679,0.000,0.003,0.000,0.001
9680,0.000,0.003,0.000,0.001
9681,0.000,0.003,0.000,0.001
9682,0.000,0.003,0.000,0.001
9683,0.000,0.003,0.000,0.001
9684,0.000,0.003,0.000,0.001
9685,0.000,0.003,0.000,0.001
9686,0.000,0.003,0.000,0.001
9687,0.000,0.003,0.000,0.001
9688,0.000,0.003,0.000,0.001
9689,0.000,0.003,0.000,0.001
9690,0.000,0.003,0.000,0.001
9691,0.000,0.003,0.000,0.001
9692,0.000,0.003,0.000,0.001
9693,0.000,0.003,0.000,0.001
9694,0.000,0.003,0.000,0.001
9695,0.000,0.003,0.000,0.001
9696,0.000,0.003,0.000,0.001
9697,0.000,0.003,0.000,0.001
9698,0.000,0.003,0.000,0.001
9699,0.000,0.003,0.000,0.001
9700,0.000,0.003,0.000,0.001
9701,0.000,0.003,0.000,0.001
9702,0.000,0.003,0.000,0.001
9703,0.000,0.003,0.000,0.001
9704,0.000,0.003,0.000,0.001
9705,0.000,0.003,0.000,0.001
9706,0.000,0.003,0.000,0.001
9707,0.000,0.003,0.000,0.001
9708,0.000,0.003,0.000,0.001
9709,0.000,0.003,0.000,0.001
9710,0.000,0.003,0.000,0.001
9711,0.000,0.003,0.000,0.001
9712,0.000,0.003,0.000,0.001
9713,0.000,0.003,0.000,0.001
9714,0.000,0.003,0.000,0.001
9715,0.000,0.003,0.000,0.001
9716,0.000,0.003,0.000,0.001
9717,0.000,0.003,0.000,0.001
9718,0.000,0.003,0.000,0.001
9719,0.000,0.003,0.000,0.001
9720,0.000,0.003,0.000,0.001
9721,0.000,0.003,0.000,0.001
9722,0.000,0.003,0.000,0.001
9723,0.000,0.003,0.000,0.001
9724,0.000,0.003,0.000,0.001
9725,0.000,0.003,0.000,0.001
9726,0.000,0.003,0.000,0.001
9727,0.000,0.003,0.000,0.001
9728,0.000,0.003,0.000,0.001
9729,0.000,0.003,0.000,0.001
9730,0.000,0.003,0.000,0.001
9731,0.000,0.003,0.000,0.001
9732,0.000,0.003,0.000,0.001
9733,0.000,0.003,0.000,0.001
9734,0.000,0.003,0.000,0.001
9735,0.000,0.003,0.000,0.001
9736,0.000,0.003,0.000,0.001
9737,0.000,0.003,0.000,0.001
9738,0.000,0.003,0.000,0.001
9739,0.000,0.003,0.000,0.001
9740,0.000,0.003,0.000,0.001
9741,0.000,0.003,0.000,0.001
9742,0.000,0.003,0.000,0.001
9743,0.000,0.003,0.000,0.001
9744,0.000,0.003,0.000,0.001
9745,0.000,0.003,0.000,0.001
9746,0.000,0.003,0.000,0.001
9747,0.000,0.003,0.000,0.001
9748,0.000,0.003,0.000,0.001
9749,0.000,0.003,0.000,0.001
9750,0.000,0.003,0.000,0.001
9751,0.000,0.003,0.000,0.001
9752,0.000,0.003,0.000,0.001
9753,0.000,0.003,0.000,0.001
9754,0.000,0.003,0.000,0.001
9755,0.000,0.003,0.000,0.001
9756,0.000,0.003,0.000,0.001
9757,0.000,0.003,0.000,0.001
9758,0.000,0.003,0.000,0.001
9759,0.000,0.003,0.000,0.001
9760,0.000,0.003,0.000,0.001
9761,0.000,0.003,0.000,0.001
9762,0.000,0.003,0.000,0.001
9763,0.000,0.003,0.000,0.001
9764,0.000,0.003,0.000,0.001
9765,0.000,0.003,0.000,0.001
9766,0.000,0.003,0.000,0.001
9767,0.000,0.003,0.000,0.001
9768,0.000,0.003,0.000,0.001
9769,0.000,0.003,0.000,0.001
9770,0.000,0.003,0.000,0.001
9771,0.000,0.003,0.000,0.001
9772,0.000,0.003,0.000,0.001
9773,0.000,0.003,0.000,0.001
9774,0.000,0.003,0.000,0.001
9775,0.000,0.003,0.000,0.001
9776,0.000,0.003,0.000,0.001
9777,0.000,0.003,0.000,0.001
9778,0.000,0.003,0.000,0.001
9779,0.000,0.003,0.000,0.001
9780,0.000,0.003,0.000,0.001
9781,0.000,0.003,0.000,0.001
9782,0.000,0.003,0.000,0.001
9783,0.000,0.003,0.000,0.001
9784,0.000,0.003,0.000,0.001
9785,0.000,0.003,0.000,0.001
9786,0.000,0.003,0.000,0.001
9787,0.000,0.003,0.000,0.001
9788,0.000,0.003,0.000,0.001
9789,0.000,0.003,0.000,0.001
9790,0.000,0.003,0.000,0.001
9791,0.000,0.003,0.000,0.001
9792,0.000,0.003,0.000,0.001
9793,0.000,0.003,0.000,0.001
9794,0.000,0.003,0.000,0.001
9795,0.000,0.003,0.000,0.001
9796,0.000,0.003,0.000,0.001
9797,0.000,0.003,0.000,0.001
9798,0.000,0.003,0.000,0.001
9799,0.000,0.003,0.000,0.001
9800,0.000,0.003,0.000,0.001
9801,0.000,0.003,0.000,0.001
9802,0.000,0.003,0.000,0.001
9803,0.000,0.003,0.000,0.001
9804,0.000,0.003,0.000,0.001
9805,0.000,0.003,0.000,0.001
9806,0.000,0.003,0.000,0.001
9807,0.000,0.003,0.000,0.001
9808,0.000,0.003,0.000,0.001
9809,0.000,0.003,0.000,0.001
9810,0.000,0.003,0.000,0.001
9811,0.000,0.003,0.000,0.001
9812,0.000,0.003,0.000,0.001
9813,0.000,0.003,0.000,0.001
9814,0.000,0.003,0.000,0.001
9815,0.000,0.003,0.000,0.001
9816,0.000,0.003,0.000,0.001
9817,0.000,0.003,0.000,0.001
9818,0.000,0.003,0.000,0.001
9819,0.000,0.003,0.000,0.001
9820,0.000,0.003,0.000,0.001
9821,0.000,0.003,0.000,0.001
9822,0.000,0.003,0.000,0.001
9823,0.000,0.003,0.000,0.001
9824,0.000,0.003,0.000,0.001
9825,0.000,0.003,0.000,0.001
9826,0.000,0.003,0.000,0.001
9827,0.000,0.003,0.000,0.001
9828,0.000,0.003,0.000,0.001
9829,0.000,0.003,0.000,0.001
9830,0.000,0.003,0.000,0.001
9831,0.000,0.003,0.000,0.001
9832,0.000,0.003,0.000,0.001
9833,0.000,0.003,0.000,0.001
9834,0.000,0.003,0.000,0.001
9835,0.000,0.003,0.000,0.001
9836,0.000,0.003,0.000,0.001
9837,0.000,0.003,0.000,0.001
9838,0.000,0.003,0.000,0.001
9839,0.000,0.003,0.000,0.001
9840,0.000,0.003,0.000,0.001
9841,0.000,0.003,0.000,0.001
9842,0.000,0.003,0.000,0.001
9843,0.000,0.003,0.000,0.001
9844,0.000,0.003,0.000,0.001
9845,0.000,0.003,0.000,0.001
9846,0.000,0.003,0.000,0.001
9847,0.000,0.003,0.000,0.001
9848,0.000,0.003,0.000,0.001
9849,0.000,0.003,0.000,0.001
9850,0.000,0.003,0.000,0.001
9851,0.000,0.003,0.000,0.001
9852,0.000,0.003,0.000,0.001
9853,0.000,0.003,0.000,0.001
9854,0.000,0.003,0.000,0.001
9855,0.000,0.003,0.000,0.001
9856,0.000,0.003,0.000,0.001
9857,0.000,0.003,0.000,0.001
9858,0.000,0.003,0.000,0.001
9859,0.000,0.003,0.000,0.001
9860,0.000,0.003,0.000,0.001
9861,0.000,0.003,0.000,0.001
9862,0.000,0.003,0.000,0.001
9863,0.000,0.003,0.000,0.001
9864,0.000,0.003,0.000,0.001
9865,0.000,0.003,0.000,0.001
9866,0.000,0.003,0.000,0.001
9867,0.000,0.003,0.000,0.001
9868,0.000,0.003,0.000,0.001
9869,0.000,0.003,0.000,0.001
9870,0.000,0.003,0.000,0.001
9871,0.000,0.003,0.000,0.001
9872,0.000,0.003,0.000,0.001
9873,0.000,0.003,0.000,0.001
9874,0.000,0.003,0.000,0.001
9875,0.000,0.003,0.000,0.001
9876,0.000,0.003,0.000,0.001
9877,0.000,0.003,0.000,0.001
9878,0.000,0.003,0.000,0.001
9879,0.000,0.003,0.000,0.001
9880,0.000,0.003,0.000,0.001
9881,0.000,0.003,0.000,0.001
9882,0.000,0.003,0.000,0.001
9883,0.000,0.003,0.000,0.001
9884,0.000,0.003,0.000,0.001
9885,0.000,0.003,0.000,0.001
9886,0.000,0.003,0.000,0.001
9887,0.000,0.003,0.000,0.001
9888,0.000,0.003,0.000,0.001
9889,0.000,0.003,0.000,0.001
9890,0.000,0.003,0.000,0.001
9891,0.000,0.003,0.000,0.001
9892,0.000,0.003,0.000,0.001
9893,0.000,0.003,0.000,0.001
9894,0.000,0.003,0.000,0.001
9895,0.000,0.003,0.000,0.001
9896,0.000,0.003,0.000,0.001
9897,0.000,0.003,0.000,0.001
9898,0.000,0.003,0.000,0.001
9899,0.000,0.003,0.000,0.001
9900,0.000,0.003,0.000,0.001
9901,0.000,0.003,0.000,0.001
9902,0.000,0.003,0.000,0.001
9903,0.000,0.003,0.000,0.001
9904,0.000,0.003,0.000,0.001
9905,0.000,0.003,0.000,0.001
9906,0.000,0.003,0.000,0.001
9907,0.000,0.003,0.000,0.001
9908,0.000,0.003,0.000,0.001
9909,0.000,0.003,0.000,0.001
9910,0.000,0.003,0.000,0.001
9911,0.000,0.003,0.000,0.001
9912,0.000,0.003,0.000,0.001
9913,0.000,0.003,0.000,0.001
9914,0.000,0.003,0.000,0.001
9915,0.000,0.003,0.000,0.001
9916,0.000,0.003,0.000,0.001
9917,0.000,0.003,0.000,0.001
9918,0.000,0.003,0.000,0.001
9919,0.000,0.003,0.000,0.001
9920,0.000,0.003,0.000,0.001
9921,0.000,0.003,0.000,0.001
9922,0.000,0.003,0.000,0.001
9923,0.000,0.003,0.000,0.001
9924,0.000,0.003,0.000,0.001
9925,0.000,0.003,0.000,0.001
9926,0.000,0.003,0.000,0.001
9927,0.000,0.003,0.000,0.001
9928,0.000,0.003,0.000,0.001
9929,0.000,0.003,0.000,0.001
9930,0.000,0.003,0.000,0.001
9931,0.000,0.003,0.000,0.001
9932,0.000,0.003,0.000,0.001
9933,0.000,0.003,0.000,0.001
9934,0.000,0.003,0.000,0.001
9935,0.000,0.003,0.000,0.001
9936,0.000,0.003,0.000,0.001
9937,0.000,0.003,0.000,0.001
9938,0.000,0.003,0.000,0.001
9939,0.000,0.003,0.000,0.001
9940,0.000,0.003,0.000,0.001
9941,0.000,0.003,0.000,0.001
9942,0.000,0.003,0.000,0.001
9943,0.000,0.003,0.000,0.001
9944,0.000,0.003,0.000,0.001
9945,0.000,0.003,0.000,0.001
9946,0.000,0.003,0.000,0.001
9947,0.000,0.003,0.000,0.001
9948,0.000,0.003,0.000,0.001
9949,0.000,0.003,0.000,0.001
9950,0.000,0.003,0.000,0.001
9951,0.000,0.003,0.000,0.001
9952,0.000,0.003,0.000,0.001
9953,0.000,0.003,0.000,0.001
9954,0.000,0.003,0.000,0.001
9955,0.000,0.003,0.000,0.001
9956,0.000,0.003,0.000,0.001
9957,0.000,0.003,0.000,0.001
9958,0.000,0.003,0.000,0.001
9959,0.000,0.003,0.000,0.001
9960,0.000,0.003,0.000,0.001
9961,0.000,0.003,0.000,0.001
9962,0.000,0.003,0.000,0.001
9963,0.000,0.003,0.000,0.001
9964,0.000,0.003,0.000,0.001
9965,0.000,0.003,0.000,0.001
9966,0.000,0.003,0.000,0.001
9967,0.000,0.003,0.000,0.001
9968,0.000,0.003,0.000,0.001
9969,0.000,0.003,0.000,0.001
9970,0.000,0.003,0.000,0.001
9971,0.000,0.003,0.000,0.001
9972,0.000,0.003,0.000,0.001
9973,0.000,0.003,0.000,0.001
9974,0.000,0.003,0.000,0.001
9975,0.000,0.003,0.000,0.001
9976,0.000,0.003,0.000,0.001
9977,0.000,0.003,0.000,0.001
9978,0.000,0.003,0.000,0.001
9979,0.000,0.003,0.000,0.001
9980,0.000,0.003,0.000,0.001
9981,0.000,0.003,0.000,0.001
9982,0.000,0.003,0.000,0.001
9983,0.000,0.003,0.000,0.001
9984,0.000,0.003,0.000,0.001
9985,0.000,0.003,0.000,0.001
9986,0.000,0.003,0.000,0.001
9987,0.000,0.003,0.000,0.001
9988,0.000,0.003,0.000,0.001
9989,0.000,0.003,0.000,0.001
9990,0.000,0.003,0.000,0.001
9991,0.000,0.003,0.000,0.001
9992,0.000,0.003,0.000,0.001
9993,0.000,0.003,0.000,0.001
9994,0.000,0.003,0.000,0.001
9995,0.000,0.003,0.000,0.001
9996,0.000,0.003,0.000,0.001
9997,0.000,0.003,0.000,0.001
9998,0.000,0.003,0.000,0.001
9999,0.000,0.003,0.000,0.001
10000,0.000,0.003,0.000,0.001
10001,0.000,0.003,0.000,0.001
10002,0.000,0.003,0.000,0.001
10003,0.000,0.003,0.000,0.001
10004,0.000,0.003,0.000,0.001
10005,0.000,0.003,0.000,0.001
10006,0.000,0.003,0.000,0.001
10007,0.000,0.003,0.000,0.001
10008,0.000,0.003,0.000,0.001
10009,0.000,0.003,0.000,0.001
10010,0.000,0.003,0.000,0.001
10011,0.000,0.003,0.000,0.001
10012,0.000,0.003,0.000,0.001
10013,0.000,0.003,0.000,0.001
10014,0.000,0.003,0.000,0.001
10015,0.000,0.003,0.000,0.001
10016,0.000,0.003,0.000,0.001
10017,0.000,0.003,0.000,0.001
10018,0.000,0.003,0.000,0.001
10019,0.000,0.003,0.000,0.001
10020,0.000,0.003,0.000,0.001
10021,0.000,0.003,0.000,0.001
10022,0.000,0.003,0.000,0.001
10023,0.000,0.003,0.000,0.001
10024,0.000,0.003,0.000,0.001
10025,0.000,0.003,0.000,0.001
10026,0.000,0.003,0.000,0.001
10027,0.000,0.003,0.000,0.001
10028,0.000,0.003,0.000,0.001
10029,0.000,0.003,0.000,0.001
10030,0.000,0.003,0.000,0.001
10031,0.000,0.003,0.000,0.001
10032,0.000,0.003,0.000,0.001
10033,0.000,0.003,0.000,0.001
10034,0.000,0.003,0.000,0.001
10035,0.000,0.003,0.000,0.001
10036,0.000,0.003,0.000,0.001
10037,0.000,0.003,0.000,0.001
10038,0.000,0.003,0.000,0.001
10039,0.000,0.003,0.000,0.001
10040,0.000,0.003,0.000,0.001
10041,0.000,0.003,0.000,0.001
10042,0.000,0.003,0.000,0.001
10043,0.000,0.003,0.000,0.001
10044,0.000,0.003,0.000,0.001
10045,0.000,0.003,0.000,0.001
10046,0.000,0.003,0.000,0.001
10047,0.000,0.003,0.000,0.001
10048,0.000,0.003,0.000,0.001
10049,0.000,0.003,0.000,0.001
10050,0.000,0.003,0.000,0.001
10051,0.000,0.003,0.000,0.001
10052,0.000,0.003,0.000,0.001
10053,0.000,0.003,0.000,0.001
10054,0.000,0.003,0.000,0.001
10055,0.000,0.003,0.000,0.001
10056,0.000,0.003,0.000,0.001
10057,0.000,0.003,0.000,0.001
10058,0.000,0.003,0.000,0.001
10059,0.000,0.003,0.000,0.001
10060,0.000,0.003,0.000,0.001
10061,0.000,0.003,0.000,0.001
10062,0.000,0.003,0.000,0.001
10063,0.000,0.003,0.000,0.001
10064,0.000,0.003,0.000,0.001
10065,0.000,0.003,0.000,0.001
10066,0.000,0.003,0.000,0.001
10067,0.000,0.003,0.000,0.001
10068,0.000,0.003,0.000,0.001
10069,0.000,0.003,0.000,0.001
10070,0.000,0.003,0.000,0.001
10071,0.000,0.003,0.000,0.001
10072,0.000,0.003,0.000,0.001
10073,0.000,0.003,0.000,0.001
10074,0.000,0.003,0.000,0.001
10075,0.000,0.003,0.000,0.001
10076,0.000,0.003,0.000,0.001
10077,0.000,0.003,0.000,0.001
10078,0.000,0.003,0.000,0.001
10079,0.000,0.003,0.000,0.001
10080,0.000,0.003,0.000,0.001
10081,0.000,0.003,0.000,0.001
10082,0.000,0.003,0.000,0.001
10083,0.000,0.003,0.000,0.001
10084,0.000,0.003,0.000,0.001
10085,0.000,0.003,0.000,0.001
10086,0.000,0.003,0.000,0.001
10087,0.000,0.003,0.000,0.001
10088,0.000,0.003,0.000,0.001
10089,0.000,0.003,0.000,0.001
10090,0.000,0.003,0.000,0.001
10091,0.000,0.003,0.000,0.001
10092,0.000,0.003,0.000,0.001
10093,0.000,0.003,0.000,0.001
10094,0.000,0.003,0.000,0.001
10095,0.000,0.003,0.000,0.001
10096,0.000,0.003,0.000,0.001
10097,0.000,0.003,0.000,0.001
10098,0.000,0.003,0.000,0.001
10099,0.000,0.003,0.000,0.001
10100,0.000,0.003,0.000,0.001
10101,0.000,0.003,0.000,0.001
10102,0.000,0.003,0.000,0.001
10103,0.000,0.003,0.000,0.001
10104,0.000,0.003,0.000,0.001
10105,0.000,0.003,0.000,0.001
10106,0.000,0.003,0.000,0.001
10107,0.000,0.003,0.000,0.001
10108,0.000,0.003,0.000,0.001
10109,0.000,0.003,0.000,0.001
10110,0.000,0.003,0.000,0.001
10111,0.000,0.003,0.000,0.001
10112,0.000,0.003,0.000,0.001
10113,0.000,0.003,0.000,0.001
10114,0.000,0.003,0.000,0.001
10115,0.000,0.003,0.000,0.001
10116,0.000,0.003,0.000,0.001
10117,0.000,0.003,0.000,0.001
10118,0.000,0.003,0.000,0.001
10119,0.000,0.003,0.000,0.001
10120,0.000,0.003,0.000,0.001
10121,0.000,0.003,0.000,0.001
10122,0.000,0.003,0.000,0.001
10123,0.000,0.003,0.000,0.001
10124,0.000,0.003,0.000,0.001
10125,0.000,0.003,0.000,0.001
10126,0.000,0.003,0.000,0.001
10127,0.000,0.003,0.000,0.001
10128,0.000,0.003,0.000,0.001
10129,0.000,0.003,0.000,0.001
10130,0.000,0.003,0.000,0.001
10131,0.000,0.003,0.000,0.001
10132,0.000,0.003,0.000,0.001
10133,0.000,0.003,0.000,0.001
10134,0.000,0.003,0.000,0.001
10135,0.000,0.003,0.000,0.001
10136,0.000,0.003,0.000,0.001
10137,0.000,0.003,0.000,0.001
10138,0.000,0.003,0.000,0.001
10139,0.000,0.003,0.000,0.001
10140,0.000,0.003,0.000,0.001
10141,0.000,0.003,0.000,0.001
10142,0.000,0.003,0.000,0.001
10143,0.000,0.003,0.000,0.001
10144,0.000,0.003,0.000,0.001
10145,0.000,0.003,0.000,0.001
10146,0.000,0.003,0.000,0.001
10147,0.000,0.003,0.000,0.001
10148,0.000,0.003,0.000,0.001
10149,0.000,0.003,0.000,0.001
10150,0.000,0.003,0.000,0.001
10151,0.000,0.003,0.000,0.001
10152,0.000,0.003,0.000,0.001
10153,0.000,0.003,0.000,0.001
10154,0.000,0.003,0.000,0.001
10155,0.000,0.003,0.000,0.001
10156,0.000,0.003,0.000,0.001
10157,0.000,0.003,0.000,0.001
10158,0.000,0.003,0.000,0.001
10159,0.000,0.003,0.000,0.001
10160,0.000,0.003,0.000,0.001
10161,0.000,0.003,0.000,0.001
10162,0.000,0.003,0.000,0.001
10163,0.000,0.003,0.000,0.001
10164,0.000,0.003,0.000,0.001
10165,0.000,0.003,0.000,0.001
10166,0.000,0.003,0.000,0.001
10167,0.000,0.003,0.000,0.001
10168,0.000,0.003,0.000,0.001
10169,0.000,0.003,0.000,0.001
10170,0.000,0.003,0.000,0.001
10171,0.000,0.003,0.000,0.001
10172,0.000,0.003,0.000,0.001
10173,0.000,0.003,0.000,0.001
10174,0.000,0.003,0.000,0.001
10175,0.000,0.003,0.000,0.001
10176,0.000,0.003,0.000,0.001
10177,0.000,0.003,0.000,0.001
10178,0.000,0.003,0.000,0.001
10179,0.000,0.003,0.000,0.001
10180,0.000,0.003,0.000,0.001
10181,0.000,0.003,0.000,0.001
10182,0.000,0.003,0.000,0.001
10183,0.000,0.003,0.000,0.001
10184,0.000,0.003,0.000,0.001
10185,0.000,0.003,0.000,0.001
10186,0.000,0.003,0.000,0.001
10187,0.000,0.003,0.000,0.001
10188,0.000,0.003,0.000,0.001
10189,0.000,0.003,0.000,0.001
10190,0.000,0.003,0.000,0.001
10191,0.000,0.003,0.000,0.001
10192,0.000,0.003,0.000,0.001
10193,0.000,0.003,0.000,0.001
10194,0.000,0.003,0.000,0.001
10195,0.000,0.003,0.000,0.001
10196,0.000,0.003,0.000,0.001
10197,0.000,0.003,0.000,0.001
10198,0.000,0.003,0.000,0.001
10199,0.000,0.003,0.000,0.001
10200,0.000,0.003,0.000,0.001
10201,0.000,0.003,0.000,0.001
10202,0.000,0.003,0.000,0.001
10203,0.000,0.003,0.000,0.001
10204,0.000,0.003,0.000,0.001
10205,0.000,0.003,0.000,0.001
10206,0.000,0.003,0.000,0.001
10207,0.000,0.003,0.000,0.001
10208,0.000,0.003,0.000,0.001
10209,0.000,0.003,0.000,0.001
10210,0.000,0.003,0.000,0.001
10211,0.000,0.003,0.000,0.001
10212,0.000,0.003,0.000,0.001
10213,0.000,0.003,0.000,0.001
10214,0.000,0.003,0.000,0.001
10215,0.000,0.003,0.000,0.001
10216,0.000,0.003,0.000,0.001
10217,0.000,0.003,0.000,0.001
10218,0.000,0.003,0.000,0.001
10219,0.000,0.003,0.000,0.001
10220,0.000,0.003,0.000,0.001
10221,0.000,0.003,0.000,0.001
10222,0.000,0.003,0.000,0.001
10223,0.000,0.003,0.000,0.001
10224,0.000,0.003,0.000,0.001
10225,0.000,0.003,0.000,0.001
10226,0.000,0.003,0.000,0.001
10227,0.000,0.003,0.000,0.001
10228,0.000,0.003,0.000,0.001
10229,0.000,0.003,0.000,0.001
10230,0.000,0.003,0.000,0.001
10231,0.000,0.003,0.000,0.001
10232,0.000,0.003,0.000,0.001
10233,0.000,0.003,0.000,0.001
10234,0.000,0.003,0.000,0.001
10235,0.000,0.003,0.000,0.001
10236,0.000,0.003,0.000,0.001
10237,0.000,0.003,0.000,0.001
10238,0.000,0.003,0.000,0.001
10239,0.000,0.003,0.000,0.001
10240,0.000,0.003,0.000,0.001
10241,0.000,0.003,0.000,0.001
10242,0.000,0.003,0.000,0.001
10243,0.000,0.003,0.000,0.001
10244,0.000,0.003,0.000,0.001
10245,0.000,0.003,0.000,0.001
10246,0.000,0.003,0.000,0.001
10247,0.000,0.003,0.000,0.001
10248,0.000,0.003,0.000,0.001
10249,0.000,0.003,0.000,0.001
10250,0.000,0.003,0.000,0.001
10251,0.000,0.003,0.000,0.001
10252,0.000,0.003,0.000,0.001
10253,0.000,0.003,0.000,0.001
10254,0.000,0.003,0.000,0.001
10255,0.000,0.003,0.000,0.001
10256,0.000,0.003,0.000,0.001
10257,0.000,0.003,0.000,0.001
10258,0.000,0.003,0.000,0.001
10259,0.000,0.003,0.000,0.001
10260,0.000,0.003,0.000,0.001
10261,0.000,0.003,0.000,0.001
10262,0.000,0.003,0.000,0.001
10263,0.000,0.003,0.000,0.001
10264,0.000,0.003,0.000,0.001
10265,0.000,0.003,0.000,0.001
10266,0.000,0.003,0.000,0.001
10267,0.000,0.003,0.000,0.001
10268,0.000,0.003,0.000,0.001
10269,0.000,0.003,0.000,0.001
10270,0.000,0.003,0.000,0.001
10271,0.000,0.003,0.000,0.001
10272,0.000,0.003,0.000,0.001
10273,0.000,0.003,0.000,0.001
10274,0.000,0.003,0.000,0.001
10275,0.000,0.003,0.000,0.001
10276,0.000,0.003,0.000,0.001
10277,0.000,0.003,0.000,0.001
10278,0.000,0.003,0.000,0.001
10279,0.000,0.003,0.000,0.001
10280,0.000,0.003,0.000,0.001
10281,0.000,0.003,0.000,0.001
10282,0.000,0.003,0.000,0.001
10283,0.000,0.003,0.000,0.001
10284,0.000,0.003,0.000,0.001
10285,0.000,0.003,0.000,0.001
10286,0.000,0.003,0.000,0.001
10287,0.000,0.003,0.000,0.001
10288,0.000,0.003,0.000,0.001
10289,0.000,0.003,0.000,0.001
10290,0.000,0.003,0.000,0.001
10291,0.000,0.003,0.000,0.001
10292,0.000,0.003,0.000,0.001
10293,0.000,0.003,0.000,0.001
10294,0.000,0.003,0.000,0.001
10295,0.000,0.003,0.000,0.001
10296,0.000,0.003,0.000,0.001
10297,0.000,0.003,0.000,0.001
10298,0.000,0.003,0.000,0.001
10299,0.000,0.003,0.000,0.001
10300,0.000,0.003,0.000,0.001
10301,0.000,0.003,0.000,0.001
10302,0.000,0.003,0.000,0.001
10303,0.000,0.003,0.000,0.001
10304,0.000,0.003,0.000,0.001
10305,0.000,0.003,0.000,0.001
10306,0.000,0.003,0.000,0.001
10307,0.000,0.003,0.000,0.001
10308,0.000,0.003,0.000,0.001
10309,0.000,0.003,0.000,0.001
10310,0.000,0.003,0.000,0.001
10311,0.000,0.003,0.000,0.001
10312,0.000,0.003,0.000,0.001
10313,0.000,0.003,0.000,0.001
10314,0.000,0.003,0.000,0.001
10315,0.000,0.003,0.000,0.001
10316,0.000,0.003,0.000,0.001
10317,0.000,0.003,0.000,0.001
10318,0.000,0.003,0.000,0.001
10319,0.000,0.003,0.000,0.001
10320,0.000,0.003,0.000,0.001
10321,0.000,0.003,0.000,0.001
10322,0.000,0.003,0.000,0.001
10323,0.000,0.003,0.000,0.001
10324,0.000,0.003,0.000,0.001
10325,0.000,0.003,0.000,0.001
10326,0.000,0.003,0.000,0.001
10327,0.000,0.003,0.000,0.001
10328,0.000,0.003,0.000,0.001
10329,0.000,0.003,0.000,0.001
10330,0.000,0.003,0.000,0.001
10331,0.000,0.003,0.000,0.001
10332,0.000,0.003,0.000,0.001
10333,0.000,0.003,0.000,0.001
10334,0.000,0.003,0.000,0.001
10335,0.000,0.003,0.000,0.001
10336,0.000,0.003,0.000,0.001
10337,0.000,0.003,0.000,0.001
10338,0.000,0.003,0.000,0.001
10339,0.000,0.003,0.000,0.001
10340,0.000,0.003,0.000,0.001
10341,0.000,0.003,0.000,0.001
10342,0.000,0.003,0.000,0.001
10343,0.000,0.003,0.000,0.001
10344,0.000,0.003,0.000,0.001
10345,0.000,0.003,0.000,0.001
10346,0.000,0.003,0.000,0.001
10347,0.000,0.003,0.000,0.001
10348,0.000,0.003,0.000,0.001
10349,0.000,0.003,0.000,0.001
10350,0.000,0.003,0.000,0.001
10351,0.000,0.003,0.000,0.001
10352,0.000,0.003,0.000,0.001
10353,0.000,0.003,0.000,0.001
10354,0.000,0.003,0.000,0.001
10355,0.000,0.003,0.000,0.001
10356,0.000,0.003,0.000,0.001
10357,0.000,0.003,0.000,0.001
10358,0.000,0.003,0.000,0.001
10359,0.000,0.003,0.000,0.001
10360,0.000,0.003,0.000,0.001
10361,0.000,0.003,0.000,0.001
10362,0.000,0.003,0.000,0.001
10363,0.000,0.003,0.000,0.001
10364,0.000,0.003,0.000,0.001
10365,0.000,0.003,0.000,0.001
10366,0.000,0.003,0.000,0.001
10367,0.000,0.003,0.000,0.001
10368,0.000,0.003,0.000,0.001
10369,0.000,0.003,0.000,0.001
10370,0.000,0.003,0.000,0.001
10371,0.000,0.003,0.000,0.001
10372,0.000,0.003,0.000,0.001
10373,0.000,0.003,0.000,0.001
10374,0.000,0.003,0.000,0.001
10375,0.000,0.003,0.000,0.001
10376,0.000,0.003,0.000,0.001
10377,0.000,0.003,0.000,0.001
10378,0.000,0.003,0.000,0.001
10379,0.000,0.003,0.000,0.001
10380,0.000,0.003,0.000,0.001
10381,0.000,0.003,0.000,0.001
10382,0.000,0.003,0.000,0.001
10383,0.000,0.003,0.000,0.001
10384,0.000,0.003,0.000,0.001
10385,0.000,0.003,0.000,0.001
10386,0.000,0.003,0.000,0.001
10387,0.000,0.003,0.000,0.001
10388,0.000,0.003,0.000,0.001
10389,0.000,0.003,0.000,0.001
10390,0.000,0.003,0.000,0.001
10391,0.000,0.003,0.000,0.001
10392,0.000,0.003,0.000,0.001
10393,0.000,0.003,0.000,0.001
10394,0.000,0.003,0.000,0.001
10395,0.000,0.003,0.000,0.001
10396,0.000,0.003,0.000,0.001
10397,0.000,0.003,0.000,0.001
10398,0.000,0.003,0.000,0.001
10399,0.000,0.003,0.000,0.001
10400,0.000,0.003,0.000,0.001
10401,0.000,0.003,0.000,0.001
10402,0.000,0.003,0.000,0.001
10403,0.000,0.003,0.000,0.001
10404,0.000,0.003,0.000,0.001
10405,0.000,0.003,0.000,0.001
10406,0.000,0.003,0.000,0.001
10407,0.000,0.003,0.000,0.001
10408,0.000,0.003,0.000,0.001
10409,0.000,0.003,0.000,0.001
10410,0.000,0.003,0.000,0.001
10411,0.000,0.003,0.000,0.001
10412,0.000,0.003,0.000,0.001
10413,0.000,0.003,0.000,0.001
10414,0.000,0.003,0.000,0.001
10415,0.000,0.003,0.000,0.001
10416,0.000,0.003,0.000,0.001
10417,0.000,0.003,0.000,0.001
10418,0.000,0.003,0.000,0.001
10419,0.000,0.003,0.000,0.001
10420,0.000,0.003,0.000,0.001
10421,0.000,0.003,0.000,0.001
10422,0.000,0.003,0.000,0.001
10423,0.000,0.003,0.000,0.001
10424,0.000,0.003,0.000,0.001
10425,0.000,0.003,0.000,0.001
10426,0.000,0.003,0.000,0.001
10427,0.000,0.003,0.000,0.001
10428,0.000,0.003,0.000,0.001
10429,0.000,0.003,0.000,0.001
10430,0.000,0.003,0.000,0.001
10431,0.000,0.003,0.000,0.001
10432,0.000,0.003,0.000,0.001
10433,0.000,0.003,0.000,0.001
10434,0.000,0.003,0.000,0.001
10435,0.000,0.003,0.000,0.001
10436,0.000,0.003,0.000,0.001
10437,0.000,0.003,0.000,0.001
10438,0.000,0.003,0.000,0.001
10439,0.000,0.003,0.000,0.001
10440,0.000,0.003,0.000,0.001
10441,0.000,0.003,0.000,0.001
10442,0.000,0.003,0.000,0.001
10443,0.000,0.003,0.000,0.001
10444,0.000,0.003,0.000,0.001
10445,0.000,0.003,0.000,0.001
10446,0.000,0.003,0.000,0.001
10447,0.000,0.003,0.000,0.001
10448,0.000,0.003,0.000,0.001
10449,0.000,0.003,0.000,0.001
10450,0.000,0.003,0.000,0.001
10451,0.000,0.003,0.000,0.001
10452,0.000,0.003,0.000,0.001
10453,0.000,0.003,0.000,0.001
10454,0.000,0.003,0.000,0.001
10455,0.000,0.003,0.000,0.001
10456,0.000,0.003,0.000,0.001
10457,0.000,0.003,0.000,0.001
10458,0.000,0.003,0.000,0.001
10459,0.000,0.003,0.000,0.001
10460,0.000,0.003,0.000,0.001
10461,0.000,0.003,0.000,0.001
10462,0.000,0.003,0.000,0.001
10463,0.000,0.003,0.000,0.001
10464,0.000,0.003,0.000,0.001
10465,0.000,0.003,0.000,0.001
10466,0.000,0.003,0.000,0.001
10467,0.000,0.003,0.000,0.001
10468,0.000,0.003,0.000,0.001
10469,0.000,0.003,0.000,0.001
10470,0.000,0.003,0.000,0.001
10471,0.000,0.003,0.000,0.001
10472,0.000,0.003,0.000,0.001
10473,0.000,0.003,0.000,0.001
10474,0.000,0.003,0.000,0.001
10475,0.000,0.003,0.000,0.001
10476,0.000,0.003,0.000,0.001
10477,0.000,0.003,0.000,0.001
10478,0.000,0.003,0.000,0.001
10479,0.000,0.003,0.000,0.001
10480,0.000,0.003,0.000,0.001
10481,0.000,0.003,0.000,0.001
10482,0.000,0.003,0.000,0.001
10483,0.000,0.003,0.000,0.001
10484,0.000,0.003,0.000,0.001
10485,0.000,0.003,0.000,0.001
10486,0.000,0.003,0.000,0.001
10487,0.000,0.003,0.000,0.001
10488,0.000,0.003,0.000,0.001
10489,0.000,0.003,0.000,0.001
10490,0.000,0.003,0.000,0.001
10491,0.000,0.003,0.000,0.001
10492,0.000,0.003,0.000,0.001
10493,0.000,0.003,0.000,0.001
10494,0.000,0.003,0.000,0.001
10495,0.000,0.003,0.000,0.001
10496,0.000,0.003,0.000,0.001
10497,0.000,0.003,0.000,0.001
10498,0.000,0.003,0.000,0.001
10499,0.000,0.003,0.000,0.001
10500,0.000,0.003,0.000,0.001
10501,0.000,0.003,0.000,0.001
10502,0.000,0.003,0.000,0.001
10503,0.000,0.003,0.000,0.001
10504,0.000,0.003,0.000,0.001
10505,0.000,0.003,0.000,0.001
10506,0.000,0.003,0.000,0.001
10507,0.000,0.003,0.000,0.001
10508,0.000,0.003,0.000,0.001
10509,0.000,0.003,0.000,0.001
10510,0.000,0.003,0.000,0.001
10511,0.000,0.003,0.000,0.001
10512,0.000,0.003,0.000,0.001
10513,0.000,0.003,0.000,0.001
10514,0.000,0.003,0.000,0.001
10515,0.000,0.003,0.000,0.001
10516,0.000,0.003,0.000,0.001
10517,0.000,0.003,0.000,0.001
10518,0.000,0.003,0.000,0.001
10519,0.000,0.003,0.000,0.001
10520,0.000,0.003,0.000,0.001
10521,0.000,0.003,0.000,0.001
10522,0.000,0.003,0.000,0.001
10523,0.000,0.003,0.000,0.001
10524,0.000,0.003,0.000,0.001
10525,0.000,0.003,0.000,0.001
10526,0.000,0.003,0.000,0.001
10527,0.000,0.003,0.000,0.001
10528,0.000,0.003,0.000,0.001
10529,0.000,0.003,0.000,0.001
10530,0.000,0.003,0.000,0.001
10531,0.000,0.003,0.000,0.001
10532,0.000,0.003,0.000,0.001
10533,0.000,0.003,0.000,0.001
10534,0.000,0.003,0.000,0.001
10535,0.000,0.003,0.000,0.001
10536,0.000,0.003,0.000,0.001
10537,0.000,0.003,0.000,0.001
10538,0.000,0.003,0.000,0.001
10539,0.000,0.003,0.000,0.001
10540,0.000,0.003,0.000,0.001
10541,0.000,0.003,0.000,0.001
10542,0.000,0.003,0.000,0.001
10543,0.000,0.003,0.000,0.001
10544,0.000,0.003,0.000,0.001
10545,0.000,0.003,0.000,0.001
10546,0.000,0.003,0.000,0.001
10547,0.000,0.003,0.000,0.001
10548,0.000,0.003,0.000,0.001
10549,0.000,0.003,0.000,0.001
10550,0.000,0.003,0.000,0.001
10551,0.000,0.003,0.000,0.001
10552,0.000,0.003,0.000,0.001
10553,0.000,0.003,0.000,0.001
10554,0.000,0.003,0.000,0.001
10555,0.000,0.003,0.000,0.001
10556,0.000,0.003,0.000,0.001
10557,0.000,0.003,0.000,0.001
10558,0.000,0.003,0.000,0.001
10559,0.000,0.003,0.000,0.001
10560,0.000,0.003,0.000,0.001
10561,0.000,0.003,0.000,0.001
10562,0.000,0.003,0.000,0.001
10563,0.000,0.003,0.000,0.001
10564,0.000,0.003,0.000,0.001
10565,0.000,0.003,0.000,0.001
10566,0.000,0.003,0.000,0.001
10567,0.000,0.003,0.000,0.001
10568,0.000,0.003,0.000,0.001
10569,0.000,0.003,0.000,0.001
10570,0.000,0.003,0.000,0.001
10571,0.000,0.003,0.000,0.001
10572,0.000,0.003,0.000,0.001
10573,0.000,0.003,0.000,0.001
10574,0.000,0.003,0.000,0.001
10575,0.000,0.003,0.000,0.001
10576,0.000,0.003,0.000,0.001
10577,0.000,0.003,0.000,0.001
10578,0.000,0.003,0.000,0.001
10579,0.000,0.003,0.000,0.001
10580,0.000,0.003,0.000,0.001
10581,0.000,0.003,0.000,0.001
10582,0.000,0.003,0.000,0.001
10583,0.000,0.003,0.000,0.001
10584,0.000,0.003,0.000,0.001
10585,0.000,0.003,0.000,0.001
10586,0.000,0.003,0.000,0.001
10587,0.000,0.003,0.000,0.001
10588,0.000,0.003,0.000,0.001
10589,0.000,0.003,0.000,0.001
10590,0.000,0.003,0.000,0.001
10591,0.000,0.003,0.000,0.001
10592,0.000,0.003,0.000,0.001
10593,0.000,0.003,0.000,0.001
10594,0.000,0.003,0.000,0.001
10595,0.000,0.003,0.000,0.001
10596,0.000,0.003,0.000,0.001
10597,0.000,0.003,0.000,0.001
10598,0.000,0.003,0.000,0.001
10599,0.000,0.003,0.000,0.001
10600,0.000,0.003,0.000,0.001
10601,0.000,0.003,0.000,0.001
10602,0.000,0.003,0.000,0.001
10603,0.000,0.003,0.000,0.001
10604,0.000,0.003,0.000,0.001
10605,0.000,0.003,0.000,0.001
10606,0.000,0.003,0.000,0.001
10607,0.000,0.003,0.000,0.001
10608,0.000,0.003,0.000,0.001
10609,0.000,0.003,0.000,0.001
10610,0.000,0.003,0.000,0.001
10611,0.000,0.003,0.000,0.001
10612,0.000,0.003,0.000,0.001
10613,0.000,0.003,0.000,0.001
10614,0.000,0.003,0.000,0.001
10615,0.000,0.003,0.000,0.001
10616,0.000,0.003,0.000,0.001
10617,0.000,0.003,0.000,0.001
10618,0.000,0.003,0.000,0.001
10619,0.000,0.003,0.000,0.001
10620,0.000,0.003,0.000,0.001
10621,0.000,0.003,0.000,0.001
10622,0.000,0.003,0.000,0.001
10623,0.000,0.003,0.000,0.001
10624,0.000,0.003,0.000,0.001
10625,0.000,0.003,0.000,0.001
10626,0.000,0.003,0.000,0.001
10627,0.000,0.003,0.000,0.001
10628,0.000,0.003,0.000,0.001
10629,0.000,0.003,0.000,0.001
10630,0.000,0.003,0.000,0.001
10631,0.000,0.003,0.000,0.001
10632,0.000,0.003,0.000,0.001
10633,0.000,0.003,0.000,0.001
10634,0.000,0.003,0.000,0.001
10635,0.000,0.003,0.000,0.001
10636,0.000,0.003,0.000,0.001
10637,0.000,0.003,0.000,0.001
10638,0.000,0.003,0.000,0.001
10639,0.000,0.003,0.000,0.001
10640,0.000,0.003,0.000,0.001
10641,0.000,0.003,0.000,0.001
10642,0.000,0.003,0.000,0.001
10643,0.000,0.003,0.000,0.001
10644,0.000,0.003,0.000,0.001
10645,0.000,0.003,0.000,0.001
10646,0.000,0.003,0.000,0.001
10647,0.000,0.003,0.000,0.001
10648,0.000,0.003,0.000,0.001
10649,0.000,0.003,0.000,0.001
10650,0.000,0.003,0.000,0.001
10651,0.000,0.003,0.000,0.001
10652,0.000,0.003,0.000,0.001
10653,0.000,0.003,0.000,0.001
10654,0.000,0.003,0.000,0.001
10655,0.000,0.003,0.000,0.001
10656,0.000,0.003,0.000,0.001
10657,0.000,0.003,0.000,0.001
10658,0.000,0.003,0.000,0.001
10659,0.000,0.003,0.000,0.001
10660,0.000,0.003,0.000,0.001
10661,0.000,0.003,0.000,0.001
10662,0.000,0.003,0.000,0.001
10663,0.000,0.003,0.000,0.001
10664,0.000,0.003,0.000,0.001
10665,0.000,0.003,0.000,0.001
10666,0.000,0.003,0.000,0.001
10667,0.000,0.003,0.000,0.001
10668,0.000,0.003,0.000,0.001
10669,0.000,0.003,0.000,0.001
10670,0.000,0.003,0.000,0.001
10671,0.000,0.003,0.000,0.001
10672,0.000,0.003,0.000,0.001
10673,0.000,0.003,0.000,0.001
10674,0.000,0.003,0.000,0.001
10675,0.000,0.003,0.000,0.001
10676,0.000,0.003,0.000,0.001
10677,0.000,0.003,0.000,0.001
10678,0.000,0.003,0.000,0.001
10679,0.000,0.003,0.000,0.001
10680,0.000,0.003,0.000,0.001
10681,0.000,0.003,0.000,0.001
10682,0.000,0.003,0.000,0.001
10683,0.000,0.003,0.000,0.001
10684,0.000,0.003,0.000,0.001
10685,0.000,0.003,0.000,0.001
10686,0.000,0.003,0.000,0.001
10687,0.000,0.003,0.000,0.001
10688,0.000,0.003,0.000,0.001
10689,0.000,0.003,0.000,0.001
10690,0.000,0.003,0.000,0.001
10691,0.000,0.003,0.000,0.001
10692,0.000,0.003,0.000,0.001
10693,0.000,0.003,0.000,0.001
10694,0.000,0.003,0.000,0.001
10695,0.000,0.003,0.000,0.001
10696,0.000,0.003,0.000,0.001
10697,0.000,0.003,0.000,0.001
10698,0.000,0.003,0.000,0.001
10699,0.000,0.003,0.000,0.001
10700,0.000,0.003,0.000,0.001
10701,0.000,0.003,0.000,0.001
10702,0.000,0.003,0.000,0.001
10703,0.000,0.003,0.000,0.001
10704,0.000,0.003,0.000,0.001
10705,0.000,0.003,0.000,0.001
10706,0.000,0.003,0.000,0.001
10707,0.000,0.003,0.000,0.001
10708,0.000,0.003,0.000,0.001
10709,0.000,0.003,0.000,0.001
10710,0.000,0.003,0.000,0.001
10711,0.000,0.003,0.000,0.001
10712,0.000,0.003,0.000,0.001
10713,0.000,0.003,0.000,0.001
10714,0.000,0.003,0.000,0.001
10715,0.000,0.003,0.000,0.001
10716,0.000,0.003,0.000,0.001
10717,0.000,0.003,0.000,0.001
10718,0.000,0.003,0.000,0.001
10719,0.000,0.003,0.000,0.001
10720,0.000,0.003,0.000,0.001
10721,0.000,0.003,0.000,0.001
10722,0.000,0.003,0.000,0.001
10723,0.000,0.003,0.000,0.001
10724,0.000,0.003,0.000,0.001
10725,0.000,0.003,0.000,0.001
10726,0.000,0.003,0.000,0.001
10727,0.000,0.003,0.000,0.001
10728,0.000,0.003,0.000,0.001
10729,0.000,0.003,0.000,0.001
10730,0.000,0.003,0.000,0.001
10731,0.000,0.003,0.000,0.001
10732,0.000,0.003,0.000,0.001
10733,0.000,0.003,0.000,0.001
10734,0.000,0.003,0.000,0.001
10735,0.000,0.003,0.000,0.001
10736,0.000,0.003,0.000,0.001
10737,0.000,0.003,0.000,0.001
10738,0.000,0.003,0.000,0.001
10739,0.000,0.003,0.000,0.001
10740,0.000,0.003,0.000,0.001
10741,0.000,0.003,0.000,0.001
10742,0.000,0.003,0.000,0.001
10743,0.000,0.003,0.000,0.001
10744,0.000,0.003,0.000,0.001
10745,0.000,0.003,0.000,0.001
10746,0.000,0.003,0.000,0.001
10747,0.000,0.003,0.000,0.001
10748,0.000,0.003,0.000,0.001
10749,0.000,0.003,0.000,0.001
10750,0.000,0.003,0.000,0.001
10751,0.000,0.003,0.000,0.001
10752,0.000,0.003,0.000,0.001
10753,0.000,0.003,0.000,0.001
10754,0.000,0.003,0.000,0.001
10755,0.000,0.003,0.000,0.001
10756,0.000,0.003,0.000,0.001
10757,0.000,0.003,0.000,0.001
10758,0.000,0.003,0.000,0.001
10759,0.000,0.003,0.000,0.001
10760,0.000,0.003,0.000,0.001
10761,0.000,0.003,0.000,0.001
10762,0.000,0.003,0.000,0.001
10763,0.000,0.003,0.000,0.001
10764,0.000,0.003,0.000,0.001
10765,0.000,0.003,0.000,0.001
10766,0.000,0.003,0.000,0.001
10767,0.000,0.003,0.000,0.001
10768,0.000,0.003,0.000,0.001
10769,0.000,0.003,0.000,0.001
10770,0.000,0.003,0.000,0.001
10771,0.000,0.003,0.000,0.001
10772,0.000,0.003,0.000,0.001
10773,0.000,0.003,0.000,0.001
10774,0.000,0.003,0.000,0.001
10775,0.000,0.003,0.000,0.001
10776,0.000,0.003,0.000,0.001
10777,0.000,0.003,0.000,0.001
10778,0.000,0.003,0.000,0.001
10779,0.000,0.003,0.000,0.001
10780,0.000,0.003,0.000,0.001
10781,0.000,0.003,0.000,0.001
10782,0.000,0.003,0.000,0.001
10783,0.000,0.003,0.000,0.001
10784,0.000,0.003,0.000,0.001
10785,0.000,0.003,0.000,0.001
10786,0.000,0.003,0.000,0.001
10787,0.000,0.003,0.000,0.001
10788,0.000,0.003,0.000,0.001
10789,0.000,0.003,0.000,0.001
10790,0.000,0.003,0.000,0.001
10791,0.000,0.003,0.000,0.001
10792,0.000,0.003,0.000,0.001
10793,0.000,0.003,0.000,0.001
10794,0.000,0.003,0.000,0.001
10795,0.000,0.003,0.000,0.001
10796,0.000,0.003,0.000,0.001
10797,0.000,0.003,0.000,0.001
10798,0.000,0.003,0.000,0.001
10799,0.000,0.003,0.000,0.001
10800,0.000,0.003,0.000,0.001
10801,0.000,0.003,0.000,0.001
10802,0.000,0.003,0.000,0.001
10803,0.000,0.003,0.000,0.001
10804,0.000,0.003,0.000,0.001
10805,0.000,0.003,0.000,0.001
10806,0.000,0.003,0.000,0.001
10807,0.000,0.003,0.000,0.001
10808,0.000,0.003,0.000,0.001
10809,0.000,0.003,0.000,0.001
10810,0.000,0.003,0.000,0.001
10811,0.000,0.003,0.000,0.001
10812,0.000,0.003,0.000,0.001
10813,0.000,0.003,0.000,0.001
10814,0.000,0.003,0.000,0.001
10815,0.000,0.003,0.000,0.001
10816,0.000,0.003,0.000,0.001
10817,0.000,0.003,0.000,0.001
10818,0.000,0.003,0.000,0.001
10819,0.000,0.003,0.000,0.001
10820,0.000,0.003,0.000,0.001
10821,0.000,0.003,0.000,0.001
10822,0.000,0.003,0.000,0.001
10823,0.000,0.003,0.000,0.001
10824,0.000,0.003,0.000,0.001
10825,0.000,0.003,0.000,0.001
10826,0.000,0.003,0.000,0.001
10827,0.000,0.003,0.000,0.001
10828,0.000,0.003,0.000,0.001
10829,0.000,0.003,0.000,0.001
10830,0.000,0.003,0.000,0.001
10831,0.000,0.003,0.000,0.001
10832,0.000,0.003,0.000,0.001
10833,0.000,0.003,0.000,0.001
10834,0.000,0.003,0.000,0.001
10835,0.000,0.003,0.000,0.001
10836,0.000,0.003,0.000,0.001
10837,0.000,0.003,0.000,0.001
10838,0.000,0.003,0.000,0.001
10839,0.000,0.003,0.000,0.001
10840,0.000,0.003,0.000,0.001
10841,0.000,0.003,0.000,0.001
10842,0.000,0.003,0.000,0.001
10843,0.000,0.003,0.000,0.001
10844,0.000,0.003,0.000,0.001
10845,0.000,0.003,0.000,0.001
10846,0.000,0.003,0.000,0.001
10847,0.000,0.003,0.000,0.001
10848,0.000,0.003,0.000,0.001
10849,0.000,0.003,0.000,0.001
10850,0.000,0.003,0.000,0.001
10851,0.000,0.003,0.000,0.001
10852,0.000,0.003,0.000,0.001
10853,0.000,0.003,0.000,0.001
10854,0.000,0.003,0.000,0.001
10855,0.000,0.003,0.000,0.001
10856,0.000,0.003,0.000,0.001
10857,0.000,0.003,0.000,0.001
10858,0.000,0.003,0.000,0.001
10859,0.000,0.003,0.000,0.001
10860,0.000,0.003,0.000,0.001
10861,0.000,0.003,0.000,0.001
10862,0.000,0.003,0.000,0.001
10863,0.000,0.003,0.000,0.001
10864,0.000,0.003,0.000,0.001
10865,0.000,0.003,0.000,0.001
10866,0.000,0.003,0.000,0.001
10867,0.000,0.003,0.000,0.001
10868,0.000,0.003,0.000,0.001
10869,0.000,0.003,0.000,0.001
10870,0.000,0.003,0.000,0.001
10871,0.000,0.003,0.000,0.001
10872,0.000,0.003,0.000,0.001
10873,0.000,0.003,0.000,0.001
10874,0.000,0.003,0.000,0.001
10875,0.000,0.003,0.000,0.001
10876,0.000,0.003,0.000,0.001
10877,0.000,0.003,0.000,0.001
10878,0.000,0.003,0.000,0.001
10879,0.000,0.003,0.000,0.001
10880,0.000,0.003,0.000,0.001
10881,0.000,0.003,0.000,0.001
10882,0.000,0.003,0.000,0.001
10883,0.000,0.003,0.000,0.001
10884,0.000,0.003,0.000,0.001
10885,0.000,0.003,0.000,0.001
10886,0.000,0.003,0.000,0.001
10887,0.000,0.003,0.000,0.001
10888,0.000,0.003,0.000,0.001
10889,0.000,0.003,0.000,0.001
10890,0.000,0.003,0.000,0.001
10891,0.000,0.003,0.000,0.001
10892,0.000,0.003,0.000,0.001
10893,0.000,0.003,0.000,0.001
10894,0.000,0.003,0.000,0.001
10895,0.000,0.003,0.000,0.001
10896,0.000,0.003,0.000,0.001
10897,0.000,0.003,0.000,0.001
10898,0.000,0.003,0.000,0.001
10899,0.000,0.003,0.000,0.001
10900,0.000,0.003,0.000,0.001
10901,0.000,0.003,0.000,0.001
10902,0.000,0.003,0.000,0.001
10903,0.000,0.003,0.000,0.001
10904,0.000,0.003,0.000,0.001
10905,0.000,0.003,0.000,0.001
10906,0.000,0.003,0.000,0.001
10907,0.000,0.003,0.000,0.001
10908,0.000,0.003,0.000,0.001
10909,0.000,0.003,0.000,0.001
10910,0.000,0.003,0.000,0.001
10911,0.000,0.003,0.000,0.001
10912,0.000,0.003,0.000,0.001
10913,0.000,0.003,0.000,0.001
10914,0.000,0.003,0.000,0.001
10915,0.000,0.003,0.000,0.001
10916,0.000,0.003,0.000,0.001
10917,0.000,0.003,0.000,0.001
10918,0.000,0.003,0.000,0.001
10919,0.000,0.003,0.000,0.001
10920,0.000,0.003,0.000,0.001
10921,0.000,0.003,0.000,0.001
10922,0.000,0.003,0.000,0.001
10923,0.000,0.003,0.000,0.001
10924,0.000,0.003,0.000,0.001
10925,0.000,0.003,0.000,0.001
10926,0.000,0.003,0.000,0.001
10927,0.000,0.003,0.000,0.001
10928,0.000,0.003,0.000,0.001
10929,0.000,0.003,0.000,0.001
10930,0.000,0.003,0.000,0.001
10931,0.000,0.003,0.000,0.001
10932,0.000,0.003,0.000,0.001
10933,0.000,0.003,0.000,0.001
10934,0.000,0.003,0.000,0.001
10935,0.000,0.003,0.000,0.001
10936,0.000,0.003,0.000,0.001
10937,0.000,0.003,0.000,0.001
10938,0.000,0.003,0.000,0.001
10939,0.000,0.003,0.000,0.001
10940,0.000,0.003,0.000,0.001
10941,0.000,0.003,0.000,0.001
10942,0.000,0.003,0.000,0.001
10943,0.000,0.003,0.000,0.001
10944,0.000,0.003,0.000,0.001
10945,0.000,0.003,0.000,0.001
10946,0.000,0.003,0.000,0.001
10947,0.000,0.003,0.000,0.001
10948,0.000,0.003,0.000,0.001
10949,0.000,0.003,0.000,0.001
10950,0.000,0.003,0.000,0.001
10951,0.000,0.003,0.000,0.001
10952,0.000,0.003,0.000,0.001
10953,0.000,0.003,0.000,0.001
10954,0.000,0.003,0.000,0.001
10955,0.000,0.003,0.000,0.001
10956,0.000,0.003,0.000,0.001
10957,0.000,0.003,0.000,0.001
10958,0.000,0.003,0.000,0.001
10959,0.000,0.003,0.000,0.001
10960,0.000,0.003,0.000,0.001
10961,0.000,0.003,0.000,0.001
10962,0.000,0.003,0.000,0.001
10963,0.000,0.003,0.000,0.001
10964,0.000,0.003,0.000,0.001
10965,0.000,0.003,0.000,0.001
10966,0.000,0.003,0.000,0.001
10967,0.000,0.003,0.000,0.001
10968,0.000,0.003,0.000,0.001
10969,0.000,0.003,0.000,0.001
10970,0.000,0.003,0.000,0.001
10971,0.000,0.003,0.000,0.001
10972,0.000,0.003,0.000,0.001
10973,0.000,0.003,0.000,0.001
10974,0.000,0.003,0.000,0.001
10975,0.000,0.003,0.000,0.001
10976,0.000,0.003,0.000,0.001
10977,0.000,0.003,0.000,0.001
10978,0.000,0.003,0.000,0.001
10979,0.000,0.003,0.000,0.001
10980,0.000,0.003,0.000,0.001
10981,0.000,0.003,0.000,0.001
10982,0.000,0.003,0.000,0.001
10983,0.000,0.003,0.000,0.001
10984,0.000,0.003,0.000,0.001
10985,0.000,0.003,0.000,0.001
10986,0.000,0.003,0.000,0.001
10987,0.000,0.003,0.000,0.001
10988,0.000,0.003,0.000,0.001
10989,0.000,0.003,0.000,0.001
10990,0.000,0.003,0.000,0.001
10991,0.000,0.003,0.000,0.001
10992,0.000,0.003,0.000,0.001
10993,0.000,0.003,0.000,0.001
10994,0.000,0.003,0.000,0.001
10995,0.000,0.003,0.000,0.001
10996,0.000,0.003,0.000,0.001
10997,0.000,0.003,0.000,0.001
10998,0.000,0.003,0.000,0.001
10999,0.000,0.003,0.000,0.001
11000,0.000,0.003,0.000,0.001
11001,0.000,0.003,0.000,0.001
11002,0.000,0.003,0.000,0.001
11003,0.000,0.003,0.000,0.001
11004,0.000,0.003,0.000,0.001
11005,0.000,0.003,0.000,0.001
11006,0.000,0.003,0.000,0.001
11007,0.000,0.003,0.000,0.001
11008,0.000,0.003,0.000,0.001
11009,0.000,0.003,0.000,0.001
11010,0.000,0.003,0.000,0.001
11011,0.000,0.003,0.000,0.001
11012,0.000,0.003,0.000,0.001
11013,0.000,0.003,0.000,0.001
11014,0.000,0.003,0.000,0.001
11015,0.000,0.003,0.000,0.001
11016,0.000,0.003,0.000,0.001
11017,0.000,0.003,0.000,0.001
11018,0.000,0.003,0.000,0.001
11019,0.000,0.003,0.000,0.001
11020,0.000,0.003,0.000,0.001
11021,0.000,0.003,0.000,0.001
11022,0.000,0.003,0.000,0.001
11023,0.000,0.003,0.000,0.001
11024,0.000,0.003,0.000,0.001
11025,0.000,0.003,0.000,0.001
11026,0.000,0.003,0.000,0.001
11027,0.000,0.003,0.000,0.001
11028,0.000,0.003,0.000,0.001
11029,0.000,0.003,0.000,0.001
11030,0.000,0.003,0.000,0.001
11031,0.000,0.003,0.000,0.001
11032,0.000,0.003,0.000,0.001
11033,0.000,0.003,0.000,0.001
11034,0.000,0.003,0.000,0.001
11035,0.000,0.003,0.000,0.001
11036,0.000,0.003,0.000,0.001
11037,0.000,0.003,0.000,0.001
11038,0.000,0.003,0.000,0.001
11039,0.000,0.003,0.000,0.001
11040,0.000,0.003,0.000,0.001
11041,0.000,0.003,0.000,0.001
11042,0.000,0.003,0.000,0.001
11043,0.000,0.003,0.000,0.001
11044,0.000,0.003,0.000,0.001
11045,0.000,0.003,0.000,0.001
11046,0.000,0.003,0.000,0.001
11047,0.000,0.003,0.000,0.001
11048,0.000,0.003,0.000,0.001
11049,0.000,0.003,0.000,0.001
11050,0.000,0.003,0.000,0.001
11051,0.000,0.003,0.000,0.001
11052,0.000,0.003,0.000,0.001
11053,0.000,0.003,0.000,0.001
11054,0.000,0.003,0.000,0.001
11055,0.000,0.003,0.000,0.001
11056,0.000,0.003,0.000,0.001
11057,0.000,0.003,0.000,0.001
11058,0.000,0.003,0.000,0.001
11059,0.000,0.003,0.000,0.001
11060,0.000,0.003,0.000,0.001
11061,0.000,0.003,0.000,0.001
11062,0.000,0.003,0.000,0.001
11063,0.000,0.003,0.000,0.001
11064,0.000,0.003,0.000,0.001
11065,0.000,0.003,0.000,0.001
11066,0.000,0.003,0.000,0.001
11067,0.000,0.003,0.000,0.001
11068,0.000,0.003,0.000,0.001
11069,0.000,0.003,0.000,0.001
11070,0.000,0.003,0.000,0.001
11071,0.000,0.003,0.000,0.001
11072,0.000,0.003,0.000,0.001
11073,0.000,0.003,0.000,0.001
11074,0.000,0.003,0.000,0.001
11075,0.000,0.003,0.000,0.001
11076,0.000,0.003,0.000,0.001
11077,0.000,0.003,0.000,0.001
11078,0.000,0.003,0.000,0.001
11079,0.000,0.003,0.000,0.001
11080,0.000,0.003,0.000,0.001
11081,0.000,0.003,0.000,0.001
11082,0.000,0.003,0.000,0.001
11083,0.000,0.003,0.000,0.001
11084,0.000,0.003,0.000,0.001
11085,0.000,0.003,0.000,0.001
11086,0.000,0.003,0.000,0.001
11087,0.000,0.003,0.000,0.001
11088,0.000,0.003,0.000,0.001
11089,0.000,0.003,0.000,0.001
11090,0.000,0.003,0.000,0.001
11091,0.000,0.003,0.000,0.001
11092,0.000,0.003,0.000,0.001
11093,0.000,0.003,0.000,0.001
11094,0.000,0.003,0.000,0.001
11095,0.000,0.003,0.000,0.001
11096,0.000,0.003,0.000,0.001
11097,0.000,0.003,0.000,0.001
11098,0.000,0.003,0.000,0.001
11099,0.000,0.003,0.000,0.001
11100,0.000,0.003,0.000,0.001
11101,0.000,0.003,0.000,0.001
11102,0.000,0.003,0.000,0.001
11103,0.000,0.003,0.000,0.001
11104,0.000,0.003,0.000,0.001
11105,0.000,0.003,0.000,0.001
11106,0.000,0.003,0.000,0.001
11107,0.000,0.003,0.000,0.001
11108,0.000,0.003,0.000,0.001
11109,0.000,0.003,0.000,0.001
11110,0.000,0.003,0.000,0.001
11111,0.000,0.003,0.000,0.001
11112,0.000,0.003,0.000,0.001
11113,0.000,0.003,0.000,0.001
11114,0.000,0.003,0.000,0.001
11115,0.000,0.003,0.000,0.001
11116,0.000,0.003,0.000,0.001
11117,0.000,0.003,0.000,0.001
11118,0.000,0.003,0.000,0.001
11119,0.000,0.003,0.000,0.001
11120,0.000,0.003,0.000,0.001
11121,0.000,0.003,0.000,0.001
11122,0.000,0.003,0.000,0.001
11123,0.000,0.003,0.000,0.001
11124,0.000,0.003,0.000,0.001
11125,0.000,0.003,0.000,0.001
11126,0.000,0.003,0.000,0.001
11127,0.000,0.003,0.000,0.001
11128,0.000,0.003,0.000,0.001
11129,0.000,0.003,0.000,0.001
11130,0.000,0.003,0.000,0.001
11131,0.000,0.003,0.000,0.001
11132,0.000,0.003,0.000,0.001
11133,0.000,0.003,0.000,0.001
11134,0.000,0.003,0.000,0.001
11135,0.000,0.003,0.000,0.001
11136,0.000,0.003,0.000,0.001
11137,0.000,0.003,0.000,0.001
11138,0.000,0.003,0.000,0.001
11139,0.000,0.003,0.000,0.001
11140,0.000,0.003,0.000,0.001
11141,0.000,0.003,0.000,0.001
11142,0.000,0.003,0.000,0.001
11143,0.000,0.003,0.000,0.001
11144,0.000,0.003,0.000,0.001
11145,0.000,0.003,0.000,0.001
11146,0.000,0.003,0.000,0.001
11147,0.000,0.003,0.000,0.001
11148,0.000,0.003,0.000,0.001
11149,0.000,0.003,0.000,0.001
11150,0.000,0.003,0.000,0.001
11151,0.000,0.003,0.000,0.001
11152,0.000,0.003,0.000,0.001
11153,0.000,0.003,0.000,0.001
11154,0.000,0.003,0.000,0.001
11155,0.000,0.003,0.000,0.001
11156,0.000,0.003,0.000,0.001
11157,0.000,0.003,0.000,0.001
11158,0.000,0.003,0.000,0.001
11159,0.000,0.003,0.000,0.001
11160,0.000,0.003,0.000,0.001
11161,0.000,0.003,0.000,0.001
11162,0.000,0.003,0.000,0.001
11163,0.000,0.003,0.000,0.001
11164,0.000,0.003,0.000,0.001
11165,0.000,0.003,0.000,0.001
11166,0.000,0.003,0.000,0.001
11167,0.000,0.003,0.000,0.001
11168,0.000,0.003,0.000,0.001
11169,0.000,0.003,0.000,0.001
11170,0.000,0.003,0.000,0.001
11171,0.000,0.003,0.000,0.001
11172,0.000,0.003,0.000,0.001
11173,0.000,0.003,0.000,0.001
11174,0.000,0.003,0.000,0.001
11175,0.000,0.003,0.000,0.001
11176,0.000,0.003,0.000,0.001
11177,0.000,0.003,0.000,0.001
11178,0.000,0.003,0.000,0.001
11179,0.000,0.003,0.000,0.001
11180,0.000,0.003,0.000,0.001
11181,0.000,0.003,0.000,0.001
11182,0.000,0.003,0.000,0.001
11183,0.000,0.003,0.000,0.001
11184,0.000,0.003,0.000,0.001
11185,0.000,0.003,0.000,0.001
11186,0.000,0.003,0.000,0.001
11187,0.000,0.003,0.000,0.001
11188,0.000,0.003,0.000,0.001
11189,0.000,0.003,0.000,0.001
11190,0.000,0.003,0.000,0.001
11191,0.000,0.003,0.000,0.001
11192,0.000,0.003,0.000,0.001
11193,0.000,0.003,0.000,0.001
11194,0.000,0.003,0.000,0.001
11195,0.000,0.003,0.000,0.001
11196,0.000,0.003,0.000,0.001
11197,0.000,0.003,0.000,0.001
11198,0.000,0.003,0.000,0.001
11199,0.000,0.003,0.000,0.001
11200,0.000,0.003,0.000,0.001
11201,0.000,0.003,0.000,0.001
11202,0.000,0.003,0.000,0.001
11203,0.000,0.003,0.000,0.001
11204,0.000,0.003,0.000,0.001
11205,0.000,0.003,0.000,0.001
11206,0.000,0.003,0.000,0.001
11207,0.000,0.003,0.000,0.001
11208,0.000,0.003,0.000,0.001
11209,0.000,0.003,0.000,0.001
11210,0.000,0.003,0.000,0.001
11211,0.000,0.003,0.000,0.001
11212,0.000,0.003,0.000,0.001
11213,0.000,0.003,0.000,0.001
11214,0.000,0.003,0.000,0.001
11215,0.000,0.003,0.000,0.001
11216,0.000,0.003,0.000,0.001
11217,0.000,0.003,0.000,0.001
11218,0.000,0.003,0.000,0.001
11219,0.000,0.003,0.000,0.001
11220,0.000,0.003,0.000,0.001
11221,0.000,0.003,0.000,0.001
11222,0.000,0.003,0.000,0.001
11223,0.000,0.003,0.000,0.001
11224,0.000,0.003,0.000,0.001
11225,0.000,0.003,0.000,0.001
11226,0.000,0.003,0.000,0.001
11227,0.000,0.003,0.000,0.001
11228,0.000,0.003,0.000,0.001
11229,0.000,0.003,0.000,0.001
11230,0.000,0.003,0.000,0.001
11231,0.000,0.003,0.000,0.001
11232,0.000,0.003,0.000,0.001
11233,0.000,0.003,0.000,0.001
11234,0.000,0.003,0.000,0.001
11235,0.000,0.003,0.000,0.001
11236,0.000,0.003,0.000,0.001
11237,0.000,0.003,0.000,0.001
11238,0.000,0.003,0.000,0.001
11239,0.000,0.003,0.000,0.001
11240,0.000,0.003,0.000,0.001
11241,0.000,0.003,0.000,0.001
11242,0.000,0.003,0.000,0.001
11243,0.000,0.003,0.000,0.001
11244,0.000,0.003,0.000,0.001
11245,0.000,0.003,0.000,0.001
11246,0.000,0.003,0.000,0.001
11247,0.000,0.003,0.000,0.001
11248,0.000,0.003,0.000,0.001
11249,0.000,0.003,0.000,0.001
11250,0.000,0.003,0.000,0.001
11251,0.000,0.003,0.000,0.001
11252,0.000,0.003,0.000,0.001
11253,0.000,0.003,0.000,0.001
11254,0.000,0.003,0.000,0.001
11255,0.000,0.003,0.000,0.001
11256,0.000,0.003,0.000,0.001
11257,0.000,0.003,0.000,0.001
11258,0.000,0.003,0.000,0.001
11259,0.000,0.003,0.000,0.001
11260,0.000,0.003,0.000,0.001
11261,0.000,0.003,0.000,0.001
11262,0.000,0.003,0.000,0.001
11263,0.000,0.003,0.000,0.001
11264,0.000,0.003,0.000,0.001
11265,0.000,0.003,0.000,0.001
11266,0.000,0.003,0.000,0.001
11267,0.000,0.003,0.000,0.001
11268,0.000,0.003,0.000,0.001
11269,0.000,0.003,0.000,0.001
11270,0.000,0.003,0.000,0.001
11271,0.000,0.003,0.000,0.001
11272,0.000,0.003,0.000,0.001
11273,0.000,0.003,0.000,0.001
11274,0.000,0.003,0.000,0.001
11275,0.000,0.003,0.000,0.001
11276,0.000,0.003,0.000,0.001
11277,0.000,0.003,0.000,0.001
11278,0.000,0.003,0.000,0.001
11279,0.000,0.003,0.000,0.001
11280,0.000,0.003,0.000,0.001
11281,0.000,0.003,0.000,0.001
11282,0.000,0.003,0.000,0.001
11283,0.000,0.003,0.000,0.001
11284,0.000,0.003,0.000,0.001
11285,0.000,0.003,0.000,0.001
11286,0.000,0.003,0.000,0.001
11287,0.000,0.003,0.000,0.001
11288,0.000,0.003,0.000,0.001
11289,0.000,0.003,0.000,0.001
11290,0.000,0.003,0.000,0.001
11291,0.000,0.003,0.000,0.001
11292,0.000,0.003,0.000,0.001
11293,0.000,0.003,0.000,0.001
11294,0.000,0.003,0.000,0.001
11295,0.000,0.003,0.000,0.001
11296,0.000,0.003,0.000,0.001
11297,0.000,0.003,0.000,0.001
11298,0.000,0.003,0.000,0.001
11299,0.000,0.003,0.000,0.001
11300,0.000,0.003,0.000,0.001
11301,0.000,0.003,0.000,0.001
11302,0.000,0.003,0.000,0.001
11303,0.000,0.003,0.000,0.001
11304,0.000,0.003,0.000,0.001
11305,0.000,0.003,0.000,0.001
11306,0.000,0.003,0.000,0.001
11307,0.000,0.003,0.000,0.001
11308,0.000,0.003,0.000,0.001
11309,0.000,0.003,0.000,0.001
11310,0.000,0.003,0.000,0.001
11311,0.000,0.003,0.000,0.001
11312,0.000,0.003,0.000,0.001
11313,0.000,0.003,0.000,0.001
11314,0.000,0.003,0.000,0.001
11315,0.000,0.003,0.000,0.001
11316,0.000,0.003,0.000,0.001
11317,0.000,0.003,0.000,0.001
11318,0.000,0.003,0.000,0.001
11319,0.000,0.003,0.000,0.001
11320,0.000,0.003,0.000,0.001
11321,0.000,0.003,0.000,0.001
11322,0.000,0.003,0.000,0.001
11323,0.000,0.003,0.000,0.001
11324,0.000,0.003,0.000,0.001
11325,0.000,0.003,0.000,0.001
11326,0.000,0.003,0.000,0.001
11327,0.000,0.003,0.000,0.001
11328,0.000,0.003,0.000,0.001
11329,0.000,0.003,0.000,0.001
11330,0.000,0.003,0.000,0.001
11331,0.000,0.003,0.000,0.001
11332,0.000,0.003,0.000,0.001
11333,0.000,0.003,0.000,0.001
11334,0.000,0.003,0.000,0.001
11335,0.000,0.003,0.000,0.001
11336,0.000,0.003,0.000,0.001
11337,0.000,0.003,0.000,0.001
11338,0.000,0.003,0.000,0.001
11339,0.000,0.003,0.000,0.001
11340,0.000,0.003,0.000,0.001
11341,0.000,0.003,0.000,0.001
11342,0.000,0.003,0.000,0.001
11343,0.000,0.003,0.000,0.001
11344,0.000,0.003,0.000,0.001
11345,0.000,0.003,0.000,0.001
11346,0.000,0.003,0.000,0.001
11347,0.000,0.003,0.000,0.001
11348,0.000,0.003,0.000,0.001
11349,0.000,0.003,0.000,0.001
11350,0.000,0.003,0.000,0.001
11351,0.000,0.003,0.000,0.001
11352,0.000,0.003,0.000,0.001
11353,0.000,0.003,0.000,0.001
11354,0.000,0.003,0.000,0.001
11355,0.000,0.003,0.000,0.001
11356,0.000,0.003,0.000,0.001
11357,0.000,0.003,0.000,0.001
11358,0.000,0.003,0.000,0.001
11359,0.000,0.003,0.000,0.001
11360,0.000,0.003,0.000,0.001
11361,0.000,0.003,0.000,0.001
11362,0.000,0.003,0.000,0.001
11363,0.000,0.003,0.000,0.001
11364,0.000,0.003,0.000,0.001
11365,0.000,0.003,0.000,0.001
11366,0.000,0.003,0.000,0.001
11367,0.000,0.003,0.000,0.001
11368,0.000,0.003,0.000,0.001
11369,0.000,0.003,0.000,0.001
11370,0.000,0.003,0.000,0.001
11371,0.000,0.003,0.000,0.001
11372,0.000,0.003,0.000,0.001
11373,0.000,0.003,0.000,0.001
11374,0.000,0.003,0.000,0.001
11375,0.000,0.003,0.000,0.001
11376,0.000,0.003,0.000,0.001
11377,0.000,0.003,0.000,0.001
11378,0.000,0.003,0.000,0.001
11379,0.000,0.003,0.000,0.001
11380,0.000,0.003,0.000,0.001
11381,0.000,0.003,0.000,0.001
11382,0.000,0.003,0.000,0.001
11383,0.000,0.003,0.000,0.001
11384,0.000,0.003,0.000,0.001
11385,0.000,0.003,0.000,0.001
11386,0.000,0.003,0.000,0.001
11387,0.000,0.003,0.000,0.001
11388,0.000,0.003,0.000,0.001
11389,0.000,0.003,0.000,0.001
11390,0.000,0.003,0.000,0.001
11391,0.000,0.003,0.000,0.001
11392,0.000,0.003,0.000,0.001
11393,0.000,0.003,0.000,0.001
11394,0.000,0.003,0.000,0.001
11395,0.000,0.003,0.000,0.001
11396,0.000,0.003,0.000,0.001
11397,0.000,0.003,0.000,0.001
11398,0.000,0.003,0.000,0.001
11399,0.000,0.003,0.000,0.001
11400,0.000,0.003,0.000,0.001
11401,0.000,0.003,0.000,0.001
11402,0.000,0.003,0.000,0.001
11403,0.000,0.003,0.000,0.001
11404,0.000,0.003,0.000,0.001
11405,0.000,0.003,0.000,0.001
11406,0.000,0.003,0.000,0.001
11407,0.000,0.003,0.000,0.001
11408,0.000,0.003,0.000,0.001
11409,0.000,0.003,0.000,0.001
11410,0.000,0.003,0.000,0.001
11411,0.000,0.003,0.000,0.001
11412,0.000,0.003,0.000,0.001
11413,0.000,0.003,0.000,0.001
11414,0.000,0.003,0.000,0.001
11415,0.000,0.003,0.000,0.001
11416,0.000,0.003,0.000,0.001
11417,0.000,0.003,0.000,0.001
11418,0.000,0.003,0.000,0.001
11419,0.000,0.003,0.000,0.001
11420,0.000,0.003,0.000,0.001
11421,0.000,0.003,0.000,0.001
11422,0.000,0.003,0.000,0.001
11423,0.000,0.003,0.000,0.001
11424,0.000,0.003,0.000,0.001
11425,0.000,0.003,0.000,0.001
11426,0.000,0.003,0.000,0.001
11427,0.000,0.003,0.000,0.001
11428,0.000,0.003,0.000,0.001
11429,0.000,0.003,0.000,0.001
11430,0.000,0.003,0.000,0.001
11431,0.000,0.003,0.000,0.001
11432,0.000,0.003,0.000,0.001
11433,0.000,0.003,0.000,0.001
11434,0.000,0.003,0.000,0.001
11435,0.000,0.003,0.000,0.001
11436,0.000,0.003,0.000,0.001
11437,0.000,0.003,0.000,0.001
11438,0.000,0.003,0.000,0.001
11439,0.000,0.003,0.000,0.001
11440,0.000,0.003,0.000,0.001
11441,0.000,0.003,0.000,0.001
11442,0.000,0.003,0.000,0.001
11443,0.000,0.003,0.000,0.001
11444,0.000,0.003,0.000,0.001
11445,0.000,0.003,0.000,0.001
11446,0.000,0.003,0.000,0.001
11447,0.000,0.003,0.000,0.001
11448,0.000,0.003,0.000,0.001
11449,0.000,0.003,0.000,0.001
11450,0.000,0.003,0.000,0.001
11451,0.000,0.003,0.000,0.001
11452,0.000,0.003,0.000,0.001
11453,0.000,0.003,0.000,0.001
11454,0.000,0.003,0.000,0.001
11455,0.000,0.003,0.000,0.001
11456,0.000,0.003,0.000,0.001
11457,0.000,0.003,0.000,0.001
11458,0.000,0.003,0.000,0.001
11459,0.000,0.003,0.000,0.001
11460,0.000,0.003,0.000,0.001
11461,0.000,0.003,0.000,0.001
11462,0.000,0.003,0.000,0.001
11463,0.000,0.003,0.000,0.001
11464,0.000,0.003,0.000,0.001
11465,0.000,0.003,0.000,0.001
11466,0.000,0.003,0.000,0.001
11467,0.000,0.003,0.000,0.001
11468,0.000,0.003,0.000,0.001
11469,0.000,0.003,0.000,0.001
11470,0.000,0.003,0.000,0.001
11471,0.000,0.003,0.000,0.001
11472,0.000,0.003,0.000,0.001
11473,0.000,0.003,0.000,0.001
11474,0.000,0.003,0.000,0.001
11475,0.000,0.003,0.000,0.001
11476,0.000,0.003,0.000,0.001
11477,0.000,0.003,0.000,0.001
11478,0.000,0.003,0.000,0.001
11479,0.000,0.003,0.000,0.001
11480,0.000,0.003,0.000,0.001
11481,0.000,0.003,0.000,0.001
11482,0.000,0.003,0.000,0.001
11483,0.000,0.003,0.000,0.001
11484,0.000,0.003,0.000,0.001
11485,0.000,0.003,0.000,0.001
11486,0.000,0.003,0.000,0.001
11487,0.000,0.003,0.000,0.001
11488,0.000,0.003,0.000,0.001
11489,0.000,0.003,0.000,0.001
11490,0.000,0.003,0.000,0.001
11491,0.000,0.003,0.000,0.001
11492,0.000,0.003,0.000,0.001
11493,0.000,0.003,0.000,0.001
11494,0.000,0.003,0.000,0.001
11495,0.000,0.003,0.000,0.001
11496,0.000,0.003,0.000,0.001
11497,0.000,0.003,0.000,0.001
11498,0.000,0.003,0.000,0.001
11499,0.000,0.003,0.000,0.001
11500,0.000,0.003,0.000,0.001
11501,0.000,0.003,0.000,0.001
11502,0.000,0.003,0.000,0.001
11503,0.000,0.003,0.000,0.001
11504,0.000,0.003,0.000,0.001
11505,0.000,0.003,0.000,0.001
11506,0.000,0.003,0.000,0.001
11507,0.000,0.003,0.000,0.001
11508,0.000,0.003,0.000,0.001
11509,0.000,0.003,0.000,0.001
11510,0.000,0.003,0.000,0.001
11511,0.000,0.003,0.000,0.001
11512,0.000,0.003,0.000,0.001
11513,0.000,0.003,0.000,0.001
11514,0.000,0.003,0.000,0.001
11515,0.000,0.003,0.000,0.001
11516,0.000,0.003,0.000,0.001
11517,0.000,0.003,0.000,0.001
11518,0.000,0.003,0.000,0.001
11519,0.000,0.003,0.000,0.001
11520,0.000,0.003,0.000,0.001
11521,0.000,0.003,0.000,0.001
11522,0.000,0.003,0.000,0.001
11523,0.000,0.003,0.000,0.001
11524,0.000,0.003,0.000,0.001
11525,0.000,0.003,0.000,0.001
11526,0.000,0.003,0.000,0.001
11527,0.000,0.003,0.000,0.001
11528,0.000,0.003,0.000,0.001
11529,0.000,0.003,0.000,0.001
11530,0.000,0.003,0.000,0.001
11531,0.000,0.003,0.000,0.001
11532,0.000,0.003,0.000,0.001
11533,0.000,0.003,0.000,0.001
11534,0.000,0.003,0.000,0.001
11535,0.000,0.003,0.000,0.001
11536,0.000,0.003,0.000,0.001
11537,0.000,0.003,0.000,0.001
11538,0.000,0.003,0.000,0.001
11539,0.000,0.003,0.000,0.001
11540,0.000,0.003,0.000,0.001
11541,0.000,0.003,0.000,0.001
11542,0.000,0.003,0.000,0.001
11543,0.000,0.003,0.000,0.001
11544,0.000,0.003,0.000,0.001
11545,0.000,0.003,0.000,0.001
11546,0.000,0.003,0.000,0.001
11547,0.000,0.003,0.000,0.001
11548,0.000,0.003,0.000,0.001
11549,0.000,0.003,0.000,0.001
11550,0.000,0.003,0.000,0.001
11551,0.000,0.003,0.000,0.001
11552,0.000,0.003,0.000,0.001
11553,0.000,0.003,0.000,0.001
11554,0.000,0.003,0.000,0.001
11555,0.000,0.003,0.000,0.001
11556,0.000,0.003,0.000,0.001
11557,0.000,0.003,0.000,0.001
11558,0.000,0.003,0.000,0.001
11559,0.000,0.003,0.000,0.001
11560,0.000,0.003,0.000,0.001
11561,0.000,0.003,0.000,0.001
11562,0.000,0.003,0.000,0.001
11563,0.000,0.003,0.000,0.001
11564,0.000,0.003,0.000,0.001
11565,0.000,0.003,0.000,0.001
11566,0.000,0.003,0.000,0.001
11567,0.000,0.003,0.000,0.001
11568,0.000,0.003,0.000,0.001
11569,0.000,0.003,0.000,0.001
11570,0.000,0.003,0.000,0.001
11571,0.000,0.003,0.000,0.001
11572,0.000,0.003,0.000,0.001
11573,0.000,0.003,0.000,0.001
11574,0.000,0.003,0.000,0.001
11575,0.000,0.003,0.000,0.001
11576,0.000,0.003,0.000,0.001
11577,0.000,0.003,0.000,0.001
11578,0.000,0.003,0.000,0.001
11579,0.000,0.003,0.000,0.001
11580,0.000,0.003,0.000,0.001
11581,0.000,0.003,0.000,0.001
11582,0.000,0.003,0.000,0.001
11583,0.000,0.003,0.000,0.001
11584,0.000,0.003,0.000,0.001
11585,0.000,0.003,0.000,0.001
11586,0.000,0.003,0.000,0.001
11587,0.000,0.003,0.000,0.001
11588,0.000,0.003,0.000,0.001
11589,0.000,0.003,0.000,0.001
11590,0.000,0.003,0.000,0.001
11591,0.000,0.003,0.000,0.001
11592,0.000,0.003,0.000,0.001
11593,0.000,0.003,0.000,0.001
11594,0.000,0.003,0.000,0.001
11595,0.000,0.003,0.000,0.001
11596,0.000,0.003,0.000,0.001
11597,0.000,0.003,0.000,0.001
11598,0.000,0.003,0.000,0.001
11599,0.000,0.003,0.000,0.001
11600,0.000,0.003,0.000,0.001
11601,0.000,0.003,0.000,0.001
11602,0.000,0.003,0.000,0.001
11603,0.000,0.003,0.000,0.001
11604,0.000,0.003,0.000,0.001
11605,0.000,0.003,0.000,0.001
11606,0.000,0.003,0.000,0.001
11607,0.000,0.003,0.000,0.001
11608,0.000,0.003,0.000,0.001
11609,0.000,0.003,0.000,0.001
11610,0.000,0.003,0.000,0.001
11611,0.000,0.003,0.000,0.001
11612,0.000,0.003,0.000,0.001
11613,0.000,0.003,0.000,0.001
11614,0.000,0.003,0.000,0.001
11615,0.000,0.003,0.000,0.001
11616,0.000,0.003,0.000,0.001
11617,0.000,0.003,0.000,0.001
11618,0.000,0.003,0.000,0.001
11619,0.000,0.003,0.000,0.001
11620,0.000,0.003,0.000,0.001
11621,0.000,0.003,0.000,0.001
11622,0.000,0.003,0.000,0.001
11623,0.000,0.003,0.000,0.001
11624,0.000,0.003,0.000,0.001
11625,0.000,0.003,0.000,0.001
11626,0.000,0.003,0.000,0.001
11627,0.000,0.003,0.000,0.001
11628,0.000,0.003,0.000,0.001
11629,0.000,0.003,0.000,0.001
11630,0.000,0.003,0.000,0.001
11631,0.000,0.003,0.000,0.001
11632,0.000,0.003,0.000,0.001
11633,0.000,0.003,0.000,0.001
11634,0.000,0.003,0.000,0.001
11635,0.000,0.003,0.000,0.001
11636,0.000,0.003,0.000,0.001
11637,0.000,0.003,0.000,0.001
11638,0.000,0.003,0.000,0.001
11639,0.000,0.003,0.000,0.001
11640,0.000,0.003,0.000,0.001
11641,0.000,0.003,0.000,0.001
11642,0.000,0.003,0.000,0.001
11643,0.000,0.003,0.000,0.001
11644,0.000,0.003,0.000,0.001
11645,0.000,0.003,0.000,0.001
11646,0.000,0.003,0.000,0.001
11647,0.000,0.003,0.000,0.001
11648,0.000,0.003,0.000,0.001
11649,0.000,0.003,0.000,0.001
11650,0.000,0.003,0.000,0.001
11651,0.000,0.003,0.000,0.001
11652,0.000,0.003,0.000,0.001
11653,0.000,0.003,0.000,0.001
11654,0.000,0.003,0.000,0.001
11655,0.000,0.003,0.000,0.001
11656,0.000,0.003,0.000,0.001
11657,0.000,0.003,0.000,0.001
11658,0.000,0.003,0.000,0.001
11659,0.000,0.003,0.000,0.001
11660,0.000,0.003,0.000,0.001
11661,0.000,0.003,0.000,0.001
11662,0.000,0.003,0.000,0.001
11663,0.000,0.003,0.000,0.001
11664,0.000,0.003,0.000,0.001
11665,0.000,0.003,0.000,0.001
11666,0.000,0.003,0.000,0.001
11667,0.000,0.003,0.000,0.001
11668,0.000,0.003,0.000,0.001
11669,0.000,0.003,0.000,0.001
11670,0.000,0.003,0.000,0.001
11671,0.000,0.003,0.000,0.001
11672,0.000,0.003,0.000,0.001
11673,0.000,0.003,0.000,0.001
11674,0.000,0.003,0.000,0.001
11675,0.000,0.003,0.000,0.001
11676,0.000,0.003,0.000,0.001
11677,0.000,0.003,0.000,0.001
11678,0.000,0.003,0.000,0.001
11679,0.000,0.003,0.000,0.001
11680,0.000,0.003,0.000,0.001
11681,0.000,0.003,0.000,0.001
11682,0.000,0.003,0.000,0.001
11683,0.000,0.003,0.000,0.001
11684,0.000,0.003,0.000,0.001
11685,0.000,0.003,0.000,0.001
11686,0.000,0.003,0.000,0.001
11687,0.000,0.003,0.000,0.001
11688,0.000,0.003,0.000,0.001
11689,0.000,0.003,0.000,0.001
11690,0.000,0.003,0.000,0.001
11691,0.000,0.003,0.000,0.001
11692,0.000,0.003,0.000,0.001
11693,0.000,0.003,0.000,0.001
11694,0.000,0.003,0.000,0.001
11695,0.000,0.003,0.000,0.001
11696,0.000,0.003,0.000,0.001
11697,0.000,0.003,0.000,0.001
11698,0.000,0.003,0.000,0.001
11699,0.000,0.003,0.000,0.001
11700,0.000,0.003,0.000,0.001
11701,0.000,0.003,0.000,0.001
11702,0.000,0.003,0.000,0.001
11703,0.000,0.003,0.000,0.001
11704,0.000,0.003,0.000,0.001
11705,0.000,0.003,0.000,0.001
11706,0.000,0.003,0.000,0.001
11707,0.000,0.003,0.000,0.001
11708,0.000,0.003,0.000,0.001
11709,0.000,0.003,0.000,0.001
11710,0.000,0.003,0.000,0.001
11711,0.000,0.003,0.000,0.001
11712,0.000,0.003,0.000,0.001
11713,0.000,0.003,0.000,0.001
11714,0.000,0.003,0.000,0.001
11715,0.000,0.003,0.000,0.001
11716,0.000,0.003,0.000,0.001
11717,0.000,0.003,0.000,0.001
11718,0.000,0.003,0.000,0.001
11719,0.000,0.003,0.000,0.001
11720,0.000,0.003,0.000,0.001
11721,0.000,0.003,0.000,0.001
11722,0.000,0.003,0.000,0.001
11723,0.000,0.003,0.000,0.001
11724,0.000,0.003,0.000,0.001
11725,0.000,0.003,0.000,0.001
11726,0.000,0.003,0.000,0.001
11727,0.000,0.003,0.000,0.001
11728,0.000,0.003,0.000,0.001
11729,0.000,0.003,0.000,0.001
11730,0.000,0.003,0.000,0.001
11731,0.000,0.003,0.000,0.001
11732,0.000,0.003,0.000,0.001
11733,0.000,0.003,0.000,0.001
11734,0.000,0.003,0.000,0.001
11735,0.000,0.003,0.000,0.001
11736,0.000,0.003,0.000,0.001
11737,0.000,0.003,0.000,0.001
11738,0.000,0.003,0.000,0.001
11739,0.000,0.003,0.000,0.001
11740,0.000,0.003,0.000,0.001
11741,0.000,0.003,0.000,0.001
11742,0.000,0.003,0.000,0.001
11743,0.000,0.003,0.000,0.001
11744,0.000,0.003,0.000,0.001
11745,0.000,0.003,0.000,0.001
11746,0.000,0.003,0.000,0.001
11747,0.000,0.003,0.000,0.001
11748,0.000,0.003,0.000,0.001
11749,0.000,0.003,0.000,0.001
11750,0.000,0.003,0.000,0.001
11751,0.000,0.003,0.000,0.001
11752,0.000,0.003,0.000,0.001
11753,0.000,0.003,0.000,0.001
11754,0.000,0.003,0.000,0.001
11755,0.000,0.003,0.000,0.001
11756,0.000,0.003,0.000,0.001
11757,0.000,0.003,0.000,0.001
11758,0.000,0.003,0.000,0.001
11759,0.000,0.003,0.000,0.001
11760,0.000,0.003,0.000,0.001
11761,0.000,0.003,0.000,0.001
11762,0.000,0.003,0.000,0.001
11763,0.000,0.003,0.000,0.001
11764,0.000,0.003,0.000,0.001
11765,0.000,0.003,0.000,0.001
11766,0.000,0.003,0.000,0.001
11767,0.000,0.003,0.000,0.001
11768,0.000,0.003,0.000,0.001
11769,0.000,0.003,0.000,0.001
11770,0.000,0.003,0.000,0.001
11771,0.000,0.003,0.000,0.001
11772,0.000,0.003,0.000,0.001
11773,0.000,0.003,0.000,0.001
11774,0.000,0.003,0.000,0.001
11775,0.000,0.003,0.000,0.001
11776,0.000,0.003,0.000,0.001
11777,0.000,0.003,0.000,0.001
11778,0.000,0.003,0.000,0.001
11779,0.000,0.003,0.000,0.001
11780,0.000,0.003,0.000,0.001
11781,0.000,0.003,0.000,0.001
11782,0.000,0.003,0.000,0.001
11783,0.000,0.003,0.000,0.001
11784,0.000,0.003,0.000,0.001
11785,0.000,0.003,0.000,0.001
11786,0.000,0.003,0.000,0.001
11787,0.000,0.003,0.000,0.001
11788,0.000,0.003,0.000,0.001
11789,0.000,0.003,0.000,0.001
11790,0.000,0.003,0.000,0.001
11791,0.000,0.003,0.000,0.001
11792,0.000,0.003,0.000,0.001
11793,0.000,0.003,0.000,0.001
11794,0.000,0.003,0.000,0.001
11795,0.000,0.003,0.000,0.001
11796,0.000,0.003,0.000,0.001
11797,0.000,0.003,0.000,0.001
11798,0.000,0.003,0.000,0.001
11799,0.000,0.003,0.000,0.001
11800,0.000,0.003,0.000,0.001
11801,0.000,0.003,0.000,0.001
11802,0.000,0.003,0.000,0.001
11803,0.000,0.003,0.000,0.001
11804,0.000,0.003,0.000,0.001
11805,0.000,0.003,0.000,0.001
11806,0.000,0.003,0.000,0.001
11807,0.000,0.003,0.000,0.001
11808,0.000,0.003,0.000,0.001
11809,0.000,0.003,0.000,0.001
11810,0.000,0.003,0.000,0.001
11811,0.000,0.003,0.000,0.001
11812,0.000,0.003,0.000,0.001
11813,0.000,0.003,0.000,0.001
11814,0.000,0.003,0.000,0.001
11815,0.000,0.003,0.000,0.001
11816,0.000,0.003,0.000,0.001
11817,0.000,0.003,0.000,0.001
11818,0.000,0.003,0.000,0.001
11819,0.000,0.003,0.000,0.001
11820,0.000,0.003,0.000,0.001
11821,0.000,0.003,0.000,0.001
11822,0.000,0.003,0.000,0.001
11823,0.000,0.003,0.000,0.001
11824,0.000,0.003,0.000,0.001
11825,0.000,0.003,0.000,0.001
11826,0.000,0.003,0.000,0.001
11827,0.000,0.003,0.000,0.001
11828,0.000,0.003,0.000,0.001
11829,0.000,0.003,0.000,0.001
11830,0.000,0.003,0.000,0.001
11831,0.000,0.003,0.000,0.001
11832,0.000,0.003,0.000,0.001
11833,0.000,0.003,0.000,0.001
11834,0.000,0.003,0.000,0.001
11835,0.000,0.003,0.000,0.001
11836,0.000,0.003,0.000,0.001
11837,0.000,0.003,0.000,0.001
11838,0.000,0.003,0.000,0.001
11839,0.000,0.003,0.000,0.001
11840,0.000,0.003,0.000,0.001
11841,0.000,0.003,0.000,0.001
11842,0.000,0.003,0.000,0.001
11843,0.000,0.003,0.000,0.001
11844,0.000,0.003,0.000,0.001
11845,0.000,0.003,0.000,0.001
11846,0.000,0.003,0.000,0.001
11847,0.000,0.003,0.000,0.001
11848,0.000,0.003,0.000,0.001
11849,0.000,0.003,0.000,0.001
11850,0.000,0.003,0.000,0.001
11851,0.000,0.003,0.000,0.001
11852,0.000,0.003,0.000,0.001
11853,0.000,0.003,0.000,0.001
11854,0.000,0.003,0.000,0.001
11855,0.000,0.003,0.000,0.001
11856,0.000,0.003,0.000,0.001
11857,0.000,0.003,0.000,0.001
11858,0.000,0.003,0.000,0.001
11859,0.000,0.003,0.000,0.001
11860,0.000,0.003,0.000,0.001
11861,0.000,0.003,0.000,0.001
11862,0.000,0.003,0.000,0.001
11863,0.000,0.003,0.000,0.001
11864,0.000,0.003,0.000,0.001
11865,0.000,0.003,0.000,0.001
11866,0.000,0.003,0.000,0.001
11867,0.000,0.003,0.000,0.001
11868,0.000,0.003,0.000,0.001
11869,0.000,0.003,0.000,0.001
11870,0.000,0.003,0.000,0.001
11871,0.000,0.003,0.000,0.001
11872,0.000,0.003,0.000,0.001
11873,0.000,0.003,0.000,0.001
11874,0.000,0.003,0.000,0.001
11875,0.000,0.003,0.000,0.001
11876,0.000,0.003,0.000,0.001
11877,0.000,0.003,0.000,0.001
11878,0.000,0.003,0.000,0.001
11879,0.000,0.003,0.000,0.001
11880,0.000,0.003,0.000,0.001
11881,0.000,0.003,0.000,0.001
11882,0.000,0.003,0.000,0.001
11883,0.000,0.003,0.000,0.001
11884,0.000,0.003,0.000,0.001
11885,0.000,0.003,0.000,0.001
11886,0.000,0.003,0.000,0.001
11887,0.000,0.003,0.000,0.001
11888,0.000,0.003,0.000,0.001
11889,0.000,0.003,0.000,0.001
11890,0.000,0.003,0.000,0.001
11891,0.000,0.003,0.000,0.001
11892,0.000,0.003,0.000,0.001
11893,0.000,0.003,0.000,0.001
11894,0.000,0.003,0.000,0.001
11895,0.000,0.003,0.000,0.001
11896,0.000,0.003,0.000,0.001
11897,0.000,0.003,0.000,0.001
11898,0.000,0.003,0.000,0.001
11899,0.000,0.003,0.000,0.001
11900,0.000,0.003,0.000,0.001
11901,0.000,0.003,0.000,0.001
11902,0.000,0.003,0.000,0.001
11903,0.000,0.003,0.000,0.001
11904,0.000,0.003,0.000,0.001
11905,0.000,0.003,0.000,0.001
11906,0.000,0.003,0.000,0.001
11907,0.000,0.003,0.000,0.001
11908,0.000,0.003,0.000,0.001
11909,0.000,0.003,0.000,0.001
11910,0.000,0.003,0.000,0.001
11911,0.000,0.003,0.000,0.001
11912,0.000,0.003,0.000,0.001
11913,0.000,0.003,0.000,0.001
11914,0.000,0.003,0.000,0.001
11915,0.000,0.003,0.000,0.001
11916,0.000,0.003,0.000,0.001
11917,0.000,0.003,0.000,0.001
11918,0.000,0.003,0.000,0.001
11919,0.000,0.003,0.000,0.001
11920,0.000,0.003,0.000,0.001
11921,0.000,0.003,0.000,0.001
11922,0.000,0.003,0.000,0.001
11923,0.000,0.003,0.000,0.001
11924,0.000,0.003,0.000,0.001
11925,0.000,0.003,0.000,0.001
11926,0.000,0.003,0.000,0.001
11927,0.000,0.003,0.000,0.001
11928,0.000,0.003,0.000,0.001
11929,0.000,0.003,0.000,0.001
11930,0.000,0.003,0.000,0.001
11931,0.000,0.003,0.000,0.001
11932,0.000,0.003,0.000,0.001
11933,0.000,0.003,0.000,0.001
11934,0.000,0.003,0.000,0.001
11935,0.000,0.003,0.000,0.001
11936,0.000,0.003,0.000,0.001
11937,0.000,0.003,0.000,0.001
11938,0.000,0.003,0.000,0.001
11939,0.000,0.003,0.000,0.001
11940,0.000,0.003,0.000,0.001
11941,0.000,0.003,0.000,0.001
11942,0.000,0.003,0.000,0.001
11943,0.000,0.003,0.000,0.001
11944,0.000,0.003,0.000,0.001
11945,0.000,0.003,0.000,0.001
11946,0.000,0.003,0.000,0.001
11947,0.000,0.003,0.000,0.001
11948,0.000,0.003,0.000,0.001
11949,0.000,0.003,0.000,0.001
11950,0.000,0.003,0.000,0.001
11951,0.000,0.003,0.000,0.001
11952,0.000,0.003,0.000,0.001
11953,0.000,0.003,0.000,0.001
11954,0.000,0.003,0.000,0.001
11955,0.000,0.003,0.000,0.001
11956,0.000,0.003,0.000,0.001
11957,0.000,0.003,0.000,0.001
11958,0.000,0.003,0.000,0.001
11959,0.000,0.003,0.000,0.001
11960,0.000,0.003,0.000,0.001
11961,0.000,0.003,0.000,0.001
11962,0.000,0.003,0.000,0.001
11963,0.000,0.003,0.000,0.001
11964,0.000,0.003,0.000,0.001
11965,0.000,0.003,0.000,0.001
11966,0.000,0.003,0.000,0.001
11967,0.000,0.003,0.000,0.001
11968,0.000,0.003,0.000,0.001
11969,0.000,0.003,0.000,0.001
11970,0.000,0.003,0.000,0.001
11971,0.000,0.003,0.000,0.001
11972,0.000,0.003,0.000,0.001
11973,0.000,0.003,0.000,0.001
11974,0.000,0.003,0.000,0.001
11975,0.000,0.003,0.000,0.001
11976,0.000,0.003,0.000,0.001
11977,0.000,0.003,0.000,0.001
11978,0.000,0.003,0.000,0.001
11979,0.000,0.003,0.000,0.001
11980,0.000,0.003,0.000,0.001
11981,0.000,0.003,0.000,0.001
11982,0.000,0.003,0.000,0.001
11983,0.000,0.003,0.000,0.001
11984,0.000,0.003,0.000,0.001
11985,0.000,0.003,0.000,0.001
11986,0.000,0.003,0.000,0.001
11987,0.000,0.003,0.000,0.001
11988,0.000,0.003,0.000,0.001
11989,0.000,0.003,0.000,0.001
11990,0.000,0.003,0.000,0.001
11991,0.000,0.003,0.000,0.001
11992,0.000,0.003,0.000,0.001
11993,0.000,0.003,0.000,0.001
11994,0.000,0.003,0.000,0.001
11995,0.000,0.003,0.000,0.001
11996,0.000,0.003,0.000,0.001
11997,0.000,0.003,0.000,0.001
11998,0.000,0.003,0.000,0.001
11999,0.000,0.003,0.000,0.001
12000,0.000,0.003,0.000,0.001
12001,0.000,0.003,0.000,0.001
12002,0.000,0.003,0.000,0.001
12003,0.000,0.003,0.000,0.001
12004,0.000,0.003,0.000,0.001
12005,0.000,0.003,0.000,0.001
12006,0.000,0.003,0.000,0.001
12007,0.000,0.003,0.000,0.001
12008,0.000,0.003,0.000,0.001
12009,0.000,0.003,0.000,0.001
12010,0.000,0.003,0.000,0.001
12011,0.000,0.003,0.000,0.001
12012,0.000,0.003,0.000,0.001
12013,0.000,0.003,0.000,0.001
12014,0.000,0.003,0.000,0.001
12015,0.000,0.003,0.000,0.001
12016,0.000,0.003,0.000,0.001
12017,0.000,0.003,0.000,0.001
12018,0.000,0.003,0.000,0.001
12019,0.000,0.003,0.000,0.001
12020,0.000,0.003,0.000,0.001
12021,0.000,0.003,0.000,0.001
12022,0.000,0.003,0.000,0.001
12023,0.000,0.003,0.000,0.001
12024,0.000,0.003,0.000,0.001
12025,0.000,0.003,0.000,0.001
12026,0.000,0.003,0.000,0.001
12027,0.000,0.003,0.000,0.001
12028,0.000,0.003,0.000,0.001
12029,0.000,0.003,0.000,0.001
12030,0.000,0.003,0.000,0.001
12031,0.000,0.003,0.000,0.001
12032,0.000,0.003,0.000,0.001
12033,0.000,0.003,0.000,0.001
12034,0.000,0.003,0.000,0.001
12035,0.000,0.003,0.000,0.001
12036,0.000,0.003,0.000,0.001
12037,0.000,0.003,0.000,0.001
12038,0.000,0.003,0.000,0.001
12039,0.000,0.003,0.000,0.001
12040,0.000,0.003,0.000,0.001
12041,0.000,0.003,0.000,0.001
12042,0.000,0.003,0.000,0.001
12043,0.000,0.003,0.000,0.001
12044,0.000,0.003,0.000,0.001
12045,0.000,0.003,0.000,0.001
12046,0.000,0.003,0.000,0.001
12047,0.000,0.003,0.000,0.001
12048,0.000,0.003,0.000,0.001
12049,0.000,0.003,0.000,0.001
12050,0.000,0.003,0.000,0.001
12051,0.000,0.003,0.000,0.001
12052,0.000,0.003,0.000,0.001
12053,0.000,0.003,0.000,0.001
12054,0.000,0.003,0.000,0.001
12055,0.000,0.003,0.000,0.001
12056,0.000,0.003,0.000,0.001
12057,0.000,0.003,0.000,0.001
12058,0.000,0.003,0.000,0.001
12059,0.000,0.003,0.000,0.001
12060,0.000,0.003,0.000,0.001
12061,0.000,0.003,0.000,0.001
12062,0.000,0.003,0.000,0.001
12063,0.000,0.003,0.000,0.001
12064,0.000,0.003,0.000,0.001
12065,0.000,0.003,0.000,0.001
12066,0.000,0.003,0.000,0.001
12067,0.000,0.003,0.000,0.001
12068,0.000,0.003,0.000,0.001
12069,0.000,0.003,0.000,0.001
12070,0.000,0.003,0.000,0.001
12071,0.000,0.003,0.000,0.001
12072,0.000,0.003,0.000,0.001
12073,0.000,0.003,0.000,0.001
12074,0.000,0.003,0.000,0.001
12075,0.000,0.003,0.000,0.001
12076,0.000,0.003,0.000,0.001
12077,0.000,0.003,0.000,0.001
12078,0.000,0.003,0.000,0.001
12079,0.000,0.003,0.000,0.001
12080,0.000,0.003,0.000,0.001
12081,0.000,0.003,0.000,0.001
12082,0.000,0.003,0.000,0.001
12083,0.000,0.003,0.000,0.001
12084,0.000,0.003,0.000,0.001
12085,0.000,0.003,0.000,0.001
12086,0.000,0.003,0.000,0.001
12087,0.000,0.003,0.000,0.001
12088,0.000,0.003,0.000,0.001
12089,0.000,0.003,0.000,0.001
12090,0.000,0.003,0.000,0.001
12091,0.000,0.003,0.000,0.001
12092,0.000,0.003,0.000,0.001
12093,0.000,0.003,0.000,0.001
12094,0.000,0.003,0.000,0.001
12095,0.000,0.003,0.000,0.001
12096,0.000,0.003,0.000,0.001
12097,0.000,0.003,0.000,0.001
12098,0.000,0.003,0.000,0.001
12099,0.000,0.003,0.000,0.001
12100,0.000,0.003,0.000,0.001
12101,0.000,0.003,0.000,0.001
12102,0.000,0.003,0.000,0.001
12103,0.000,0.003,0.000,0.001
12104,0.000,0.003,0.000,0.001
12105,0.000,0.003,0.000,0.001
12106,0.000,0.003,0.000,0.001
12107,0.000,0.003,0.000,0.001
12108,0.000,0.003,0.000,0.001
12109,0.000,0.003,0.000,0.001
12110,0.000,0.003,0.000,0.001
12111,0.000,0.003,0.000,0.001
12112,0.000,0.003,0.000,0.001
12113,0.000,0.003,0.000,0.001
12114,0.000,0.003,0.000,0.001
12115,0.000,0.003,0.000,0.001
12116,0.000,0.003,0.000,0.001
12117,0.000,0.003,0.000,0.001
12118,0.000,0.003,0.000,0.001
12119,0.000,0.003,0.000,0.001
12120,0.000,0.003,0.000,0.001
12121,0.000,0.003,0.000,0.001
12122,0.000,0.003,0.000,0.001
12123,0.000,0.003,0.000,0.001
12124,0.000,0.003,0.000,0.001
12125,0.000,0.003,0.000,0.001
12126,0.000,0.003,0.000,0.001
12127,0.000,0.003,0.000,0.001
12128,0.000,0.003,0.000,0.001
12129,0.000,0.003,0.000,0.001
12130,0.000,0.003,0.000,0.001
12131,0.000,0.003,0.000,0.001
12132,0.000,0.003,0.000,0.001
12133,0.000,0.003,0.000,0.001
12134,0.000,0.003,0.000,0.001
12135,0.000,0.003,0.000,0.001
12136,0.000,0.003,0.000,0.001
12137,0.000,0.003,0.000,0.001
12138,0.000,0.003,0.000,0.001
12139,0.000,0.003,0.000,0.001
12140,0.000,0.003,0.000,0.001
12141,0.000,0.003,0.000,0.001
12142,0.000,0.003,0.000,0.001
12143,0.000,0.003,0.000,0.001
12144,0.000,0.003,0.000,0.001
12145,0.000,0.003,0.000,0.001
12146,0.000,0.003,0.000,0.001
12147,0.000,0.003,0.000,0.001
12148,0.000,0.003,0.000,0.001
12149,0.000,0.003,0.000,0.001
12150,0.000,0.003,0.000,0.001
12151,0.000,0.003,0.000,0.001
12152,0.000,0.003,0.000,0.001
12153,0.000,0.003,0.000,0.001
12154,0.000,0.003,0.000,0.001
12155,0.000,0.003,0.000,0.001
12156,0.000,0.003,0.000,0.001
12157,0.000,0.003,0.000,0.001
12158,0.000,0.003,0.000,0.001
12159,0.000,0.003,0.000,0.001
12160,0.000,0.003,0.000,0.001
12161,0.000,0.003,0.000,0.001
12162,0.000,0.003,0.000,0.001
12163,0.000,0.003,0.000,0.001
12164,0.000,0.003,0.000,0.001
12165,0.000,0.003,0.000,0.001
12166,0.000,0.003,0.000,0.001
12167,0.000,0.003,0.000,0.001
12168,0.000,0.003,0.000,0.001
12169,0.000,0.003,0.000,0.001
12170,0.000,0.003,0.000,0.001
12171,0.000,0.003,0.000,0.001
12172,0.000,0.003,0.000,0.001
12173,0.000,0.003,0.000,0.001
12174,0.000,0.003,0.000,0.001
12175,0.000,0.003,0.000,0.001
12176,0.000,0.003,0.000,0.001
12177,0.000,0.003,0.000,0.001
12178,0.000,0.003,0.000,0.001
12179,0.000,0.003,0.000,0.001
12180,0.000,0.003,0.000,0.001
12181,0.000,0.003,0.000,0.001
12182,0.000,0.003,0.000,0.001
12183,0.000,0.003,0.000,0.001
12184,0.000,0.003,0.000,0.001
12185,0.000,0.003,0.000,0.001
12186,0.000,0.003,0.000,0.001
12187,0.000,0.003,0.000,0.001
12188,0.000,0.003,0.000,0.001
12189,0.000,0.003,0.000,0.001
12190,0.000,0.003,0.000,0.001
12191,0.000,0.003,0.000,0.001
12192,0.000,0.003,0.000,0.001
12193,0.000,0.003,0.000,0.001
12194,0.000,0.003,0.000,0.001
12195,0.000,0.003,0.000,0.001
12196,0.000,0.003,0.000,0.001
12197,0.000,0.003,0.000,0.001
12198,0.000,0.003,0.000,0.001
12199,0.000,0.003,0.000,0.001
12200,0.000,0.003,0.000,0.001
12201,0.000,0.003,0.000,0.001
12202,0.000,0.003,0.000,0.001
12203,0.000,0.003,0.000,0.001
12204,0.000,0.003,0.000,0.001
12205,0.000,0.003,0.000,0.001
12206,0.000,0.003,0.000,0.001
12207,0.000,0.003,0.000,0.001
12208,0.000,0.003,0.000,0.001
12209,0.000,0.003,0.000,0.001
12210,0.000,0.003,0.000,0.001
12211,0.000,0.003,0.000,0.001
12212,0.000,0.003,0.000,0.001
12213,0.000,0.003,0.000,0.001
12214,0.000,0.003,0.000,0.001
12215,0.000,0.003,0.000,0.001
12216,0.000,0.003,0.000,0.001
12217,0.000,0.003,0.000,0.001
12218,0.000,0.003,0.000,0.001
12219,0.000,0.003,0.000,0.001
12220,0.000,0.003,0.000,0.001
12221,0.000,0.003,0.000,0.001
12222,0.000,0.003,0.000,0.001
12223,0.000,0.003,0.000,0.001
12224,0.000,0.003,0.000,0.001
12225,0.000,0.003,0.000,0.001
12226,0.000,0.003,0.000,0.001
12227,0.000,0.003,0.000,0.001
12228,0.000,0.003,0.000,0.001
12229,0.000,0.003,0.000,0.001
12230,0.000,0.003,0.000,0.001
12231,0.000,0.003,0.000,0.001
12232,0.000,0.003,0.000,0.001
12233,0.000,0.003,0.000,0.001
12234,0.000,0.003,0.000,0.001
12235,0.000,0.003,0.000,0.001
12236,0.000,0.003,0.000,0.001
12237,0.000,0.003,0.000,0.001
12238,0.000,0.003,0.000,0.001
12239,0.000,0.003,0.000,0.001
12240,0.000,0.003,0.000,0.001
12241,0.000,0.003,0.000,0.001
12242,0.000,0.003,0.000,0.001
12243,0.000,0.003,0.000,0.001
12244,0.000,0.003,0.000,0.001
12245,0.000,0.003,0.000,0.001
12246,0.000,0.003,0.000,0.001
12247,0.000,0.003,0.000,0.001
12248,0.000,0.003,0.000,0.001
12249,0.000,0.003,0.000,0.001
12250,0.000,0.003,0.000,0.001
12251,0.000,0.003,0.000,0.001
12252,0.000,0.003,0.000,0.001
12253,0.000,0.003,0.000,0.001
12254,0.000,0.003,0.000,0.001
12255,0.000,0.003,0.000,0.001
12256,0.000,0.003,0.000,0.001
12257,0.000,0.003,0.000,0.001
12258,0.000,0.003,0.000,0.001
12259,0.000,0.003,0.000,0.001
12260,0.000,0.003,0.000,0.001
12261,0.000,0.003,0.000,0.001
12262,0.000,0.003,0.000,0.001
12263,0.000,0.003,0.000,0.001
12264,0.000,0.003,0.000,0.001
12265,0.000,0.003,0.000,0.001
12266,0.000,0.003,0.000,0.001
12267,0.000,0.003,0.000,0.001
12268,0.000,0.003,0.000,0.001
12269,0.000,0.003,0.000,0.001
12270,0.000,0.003,0.000,0.001
12271,0.000,0.003,0.000,0.001
12272,0.000,0.003,0.000,0.001
12273,0.000,0.003,0.000,0.001
12274,0.000,0.003,0.000,0.001
12275,0.000,0.003,0.000,0.001
12276,0.000,0.003,0.000,0.001
12277,0.000,0.003,0.000,0.001
12278,0.000,0.003,0.000,0.001
12279,0.000,0.003,0.000,0.001
12280,0.000,0.003,0.000,0.001
12281,0.000,0.003,0.000,0.001
12282,0.000,0.003,0.000,0.001
12283,0.000,0.003,0.000,0.001
12284,0.000,0.003,0.000,0.001
12285,0.000,0.003,0.000,0.001
12286,0.000,0.003,0.000,0.001
12287,0.000,0.003,0.000,0.001
12288,0.000,0.003,0.000,0.001
12289,0.000,0.003,0.000,0.001
12290,0.000,0.003,0.000,0.001
12291,0.000,0.003,0.000,0.001
12292,0.000,0.003,0.000,0.001
12293,0.000,0.003,0.000,0.001
12294,0.000,0.003,0.000,0.001
12295,0.000,0.003,0.000,0.001
12296,0.000,0.003,0.000,0.001
12297,0.000,0.003,0.000,0.001
12298,0.000,0.003,0.000,0.001
12299,0.000,0.003,0.000,0.001
12300,0.000,0.003,0.000,0.001
12301,0.000,0.003,0.000,0.001
12302,0.000,0.003,0.000,0.001
12303,0.000,0.003,0.000,0.001
12304,0.000,0.003,0.000,0.001
12305,0.000,0.003,0.000,0.001
12306,0.000,0.003,0.000,0.001
12307,0.000,0.003,0.000,0.001
12308,0.000,0.003,0.000,0.001
12309,0.000,0.003,0.000,0.001
12310,0.000,0.003,0.000,0.001
12311,0.000,0.003,0.000,0.001
12312,0.000,0.003,0.000,0.001
12313,0.000,0.003,0.000,0.001
12314,0.000,0.003,0.000,0.001
12315,0.000,0.003,0.000,0.001
12316,0.000,0.003,0.000,0.001
12317,0.000,0.003,0.000,0.001
12318,0.000,0.003,0.000,0.001
12319,0.000,0.003,0.000,0.001
12320,0.000,0.003,0.000,0.001
12321,0.000,0.003,0.000,0.001
12322,0.000,0.003,0.000,0.001
12323,0.000,0.003,0.000,0.001
12324,0.000,0.003,0.000,0.001
12325,0.000,0.003,0.000,0.001
12326,0.000,0.003,0.000,0.001
12327,0.000,0.003,0.000,0.001
12328,0.000,0.003,0.000,0.001
12329,0.000,0.003,0.000,0.001
12330,0.000,0.003,0.000,0.001
12331,0.000,0.003,0.000,0.001
12332,0.000,0.003,0.000,0.001
12333,0.000,0.003,0.000,0.001
12334,0.000,0.003,0.000,0.001
12335,0.000,0.003,0.000,0.001
12336,0.000,0.003,0.000,0.001
12337,0.000,0.003,0.000,0.001
12338,0.000,0.003,0.000,0.001
12339,0.000,0.003,0.000,0.001
12340,0.000,0.003,0.000,0.001
12341,0.000,0.003,0.000,0.001
12342,0.000,0.003,0.000,0.001
12343,0.000,0.003,0.000,0.001
12344,0.000,0.003,0.000,0.001
12345,0.000,0.003,0.000,0.001
12346,0.000,0.003,0.000,0.001
12347,0.000,0.003,0.000,0.001
12348,0.000,0.003,0.000,0.001
12349,0.000,0.003,0.000,0.001
12350,0.000,0.003,0.000,0.001
12351,0.000,0.003,0.000,0.001
12352,0.000,0.003,0.000,0.001
12353,0.000,0.003,0.000,0.001
12354,0.000,0.003,0.000,0.001
12355,0.000,0.003,0.000,0.001
12356,0.000,0.003,0.000,0.001
12357,0.000,0.003,0.000,0.001
12358,0.000,0.003,0.000,0.001
12359,0.000,0.003,0.000,0.001
12360,0.000,0.003,0.000,0.001
12361,0.000,0.003,0.000,0.001
12362,0.000,0.003,0.000,0.001
12363,0.000,0.003,0.000,0.001
12364,0.000,0.003,0.000,0.001
12365,0.000,0.003,0.000,0.001
12366,0.000,0.003,0.000,0.001
12367,0.000,0.003,0.000,0.001
12368,0.000,0.003,0.000,0.001
12369,0.000,0.003,0.000,0.001
12370,0.000,0.003,0.000,0.001
12371,0.000,0.003,0.000,0.001
12372,0.000,0.003,0.000,0.001
12373,0.000,0.003,0.000,0.001
12374,0.000,0.003,0.000,0.001
12375,0.000,0.003,0.000,0.001
12376,0.000,0.003,0.000,0.001
12377,0.000,0.003,0.000,0.001
12378,0.000,0.003,0.000,0.001
12379,0.000,0.003,0.000,0.001
12380,0.000,0.003,0.000,0.001
12381,0.000,0.003,0.000,0.001
12382,0.000,0.003,0.000,0.001
12383,0.000,0.003,0.000,0.001
12384,0.000,0.003,0.000,0.001
12385,0.000,0.003,0.000,0.001
12386,0.000,0.003,0.000,0.001
12387,0.000,0.003,0.000,0.001
12388,0.000,0.003,0.000,0.001
12389,0.000,0.003,0.000,0.001
12390,0.000,0.003,0.000,0.001
12391,0.000,0.003,0.000,0.001
12392,0.000,0.003,0.000,0.001
12393,0.000,0.003,0.000,0.001
12394,0.000,0.003,0.000,0.001
12395,0.000,0.003,0.000,0.001
12396,0.000,0.003,0.000,0.001
12397,0.000,0.003,0.000,0.001
12398,0.000,0.003,0.000,0.001
12399,0.000,0.003,0.000,0.001
12400,0.000,0.003,0.000,0.001
12401,0.000,0.003,0.000,0.001
12402,0.000,0.003,0.000,0.001
12403,0.000,0.003,0.000,0.001
12404,0.000,0.003,0.000,0.001
12405,0.000,0.003,0.000,0.001
12406,0.000,0.003,0.000,0.001
12407,0.000,0.003,0.000,0.001
12408,0.000,0.003,0.000,0.001
12409,0.000,0.003,0.000,0.001
12410,0.000,0.003,0.000,0.001
12411,0.000,0.003,0.000,0.001
12412,0.000,0.003,0.000,0.001
12413,0.000,0.003,0.000,0.001
12414,0.000,0.003,0.000,0.001
12415,0.000,0.003,0.000,0.001
12416,0.000,0.003,0.000,0.001
12417,0.000,0.003,0.000,0.001
12418,0.000,0.003,0.000,0.001
12419,0.000,0.003,0.000,0.001
12420,0.000,0.003,0.000,0.001
12421,0.000,0.003,0.000,0.001
12422,0.000,0.003,0.000,0.001
12423,0.000,0.003,0.000,0.001
12424,0.000,0.003,0.000,0.001
12425,0.000,0.003,0.000,0.001
12426,0.000,0.003,0.000,0.001
12427,0.000,0.003,0.000,0.001
12428,0.000,0.003,0.000,0.001
12429,0.000,0.003,0.000,0.001
12430,0.000,0.003,0.000,0.001
12431,0.000,0.003,0.000,0.001
12432,0.000,0.003,0.000,0.001
12433,0.000,0.003,0.000,0.001
12434,0.000,0.003,0.000,0.001
12435,0.000,0.003,0.000,0.001
12436,0.000,0.003,0.000,0.001
12437,0.000,0.003,0.000,0.001
12438,0.000,0.003,0.000,0.001
12439,0.000,0.003,0.000,0.001
12440,0.000,0.003,0.000,0.001
12441,0.000,0.003,0.000,0.001
12442,0.000,0.003,0.000,0.001
12443,0.000,0.003,0.000,0.001
12444,0.000,0.003,0.000,0.001
12445,0.000,0.003,0.000,0.001
12446,0.000,0.003,0.000,0.001
12447,0.000,0.003,0.000,0.001
12448,0.000,0.003,0.000,0.001
12449,0.000,0.003,0.000,0.001
12450,0.000,0.003,0.000,0.001
12451,0.000,0.003,0.000,0.001
12452,0.000,0.003,0.000,0.001
12453,0.000,0.003,0.000,0.001
12454,0.000,0.003,0.000,0.001
12455,0.000,0.003,0.000,0.001
12456,0.000,0.003,0.000,0.001
12457,0.000,0.003,0.000,0.001
12458,0.000,0.003,0.000,0.001
12459,0.000,0.003,0.000,0.001
12460,0.000,0.003,0.000,0.001
12461,0.000,0.003,0.000,0.001
12462,0.000,0.003,0.000,0.001
12463,0.000,0.003,0.000,0.001
12464,0.000,0.003,0.000,0.001
12465,0.000,0.003,0.000,0.001
12466,0.000,0.003,0.000,0.001
12467,0.000,0.003,0.000,0.001
12468,0.000,0.003,0.000,0.001
12469,0.000,0.003,0.000,0.001
12470,0.000,0.003,0.000,0.001
12471,0.000,0.003,0.000,0.001
12472,0.000,0.003,0.000,0.001
12473,0.000,0.003,0.000,0.001
12474,0.000,0.003,0.000,0.001
12475,0.000,0.003,0.000,0.001
12476,0.000,0.003,0.000,0.001
12477,0.000,0.003,0.000,0.001
12478,0.000,0.003,0.000,0.001
12479,0.000,0.003,0.000,0.001
12480,0.000,0.003,0.000,0.001
12481,0.000,0.003,0.000,0.001
12482,0.000,0.003,0.000,0.001
12483,0.000,0.003,0.000,0.001
12484,0.000,0.003,0.000,0.001
12485,0.000,0.003,0.000,0.001
12486,0.000,0.003,0.000,0.001
12487,0.000,0.003,0.000,0.001
12488,0.000,0.003,0.000,0.001
12489,0.000,0.003,0.000,0.001
12490,0.000,0.003,0.000,0.001
12491,0.000,0.003,0.000,0.001
12492,0.000,0.003,0.000,0.001
12493,0.000,0.003,0.000,0.001
12494,0.000,0.003,0.000,0.001
12495,0.000,0.003,0.000,0.001
12496,0.000,0.003,0.000,0.001
12497,0.000,0.003,0.000,0.001
12498,0.000,0.003,0.000,0.001
12499,0.000,0.003,0.000,0.001
12500,0.000,0.003,0.000,0.001
12501,0.000,0.003,0.000,0.001
12502,0.000,0.003,0.000,0.001
12503,0.000,0.003,0.000,0.001
12504,0.000,0.003,0.000,0.001
12505,0.000,0.003,0.000,0.001
12506,0.000,0.003,0.000,0.001
12507,0.000,0.003,0.000,0.001
12508,0.000,0.003,0.000,0.001
12509,0.000,0.003,0.000,0.001
12510,0.000,0.003,0.000,0.001
12511,0.000,0.003,0.000,0.001
12512,0.000,0.003,0.000,0.001
12513,0.000,0.003,0.000,0.001
12514,0.000,0.003,0.000,0.001
12515,0.000,0.003,0.000,0.001
12516,0.000,0.003,0.000,0.001
12517,0.000,0.003,0.000,0.001
12518,0.000,0.003,0.000,0.001
12519,0.000,0.003,0.000,0.001
12520,0.000,0.003,0.000,0.001
12521,0.000,0.003,0.000,0.001
12522,0.000,0.003,0.000,0.001
12523,0.000,0.003,0.000,0.001
12524,0.000,0.003,0.000,0.001
12525,0.000,0.003,0.000,0.001
12526,0.000,0.003,0.000,0.001
12527,0.000,0.003,0.000,0.001
12528,0.000,0.003,0.000,0.001
12529,0.000,0.003,0.000,0.001
12530,0.000,0.003,0.000,0.001
12531,0.000,0.003,0.000,0.001
12532,0.000,0.003,0.000,0.001
12533,0.000,0.003,0.000,0.001
12534,0.000,0.003,0.000,0.001
12535,0.000,0.003,0.000,0.001
12536,0.000,0.003,0.000,0.001
12537,0.000,0.003,0.000,0.001
12538,0.000,0.003,0.000,0.001
12539,0.000,0.003,0.000,0.001
12540,0.000,0.003,0.000,0.001
12541,0.000,0.003,0.000,0.001
12542,0.000,0.003,0.000,0.001
12543,0.000,0.003,0.000,0.001
12544,0.000,0.003,0.000,0.001
12545,0.000,0.003,0.000,0.001
12546,0.000,0.003,0.000,0.001
12547,0.000,0.003,0.000,0.001
12548,0.000,0.003,0.000,0.001
12549,0.000,0.003,0.000,0.001
12550,0.000,0.003,0.000,0.001
12551,0.000,0.003,0.000,0.001
12552,0.000,0.003,0.000,0.001
12553,0.000,0.003,0.000,0.001
12554,0.000,0.003,0.000,0.001
12555,0.000,0.003,0.000,0.001
12556,0.000,0.003,0.000,0.001
12557,0.000,0.003,0.000,0.001
12558,0.000,0.003,0.000,0.001
12559,0.000,0.003,0.000,0.001
12560,0.000,0.003,0.000,0.001
12561,0.000,0.003,0.000,0.001
12562,0.000,0.003,0.000,0.001
12563,0.000,0.003,0.000,0.001
12564,0.000,0.003,0.000,0.001
12565,0.000,0.003,0.000,0.001
12566,0.000,0.003,0.000,0.001
12567,0.000,0.003,0.000,0.001
12568,0.000,0.003,0.000,0.001
12569,0.000,0.003,0.000,0.001
12570,0.000,0.003,0.000,0.001
12571,0.000,0.003,0.000,0.001
12572,0.000,0.003,0.000,0.001
12573,0.000,0.003,0.000,0.001
12574,0.000,0.003,0.000,0.001
12575,0.000,0.003,0.000,0.001
12576,0.000,0.003,0.000,0.001
12577,0.000,0.003,0.000,0.001
12578,0.000,0.003,0.000,0.001
12579,0.000,0.003,0.000,0.001
12580,0.000,0.003,0.000,0.001
12581,0.000,0.003,0.000,0.001
12582,0.000,0.003,0.000,0.001
12583,0.000,0.003,0.000,0.001
12584,0.000,0.003,0.000,0.001
12585,0.000,0.003,0.000,0.001
12586,0.000,0.003,0.000,0.001
12587,0.000,0.003,0.000,0.001
12588,0.000,0.003,0.000,0.001
12589,0.000,0.003,0.000,0.001
12590,0.000,0.003,0.000,0.001
12591,0.000,0.003,0.000,0.001
12592,0.000,0.003,0.000,0.001
12593,0.000,0.003,0.000,0.001
12594,0.000,0.003,0.000,0.001
12595,0.000,0.003,0.000,0.001
12596,0.000,0.003,0.000,0.001
12597,0.000,0.003,0.000,0.001
12598,0.000,0.003,0.000,0.001
12599,0.000,0.003,0.000,0.001
12600,0.000,0.003,0.000,0.001
12601,0.000,0.003,0.000,0.001
12602,0.000,0.003,0.000,0.001
12603,0.000,0.003,0.000,0.001
12604,0.000,0.003,0.000,0.001
12605,0.000,0.003,0.000,0.001
12606,0.000,0.003,0.000,0.001
12607,0.000,0.003,0.000,0.001
12608,0.000,0.003,0.000,0.001
12609,0.000,0.003,0.000,0.001
12610,0.000,0.003,0.000,0.001
12611,0.000,0.003,0.000,0.001
12612,0.000,0.003,0.000,0.001
12613,0.000,0.003,0.000,0.001
12614,0.000,0.003,0.000,0.001
12615,0.000,0.003,0.000,0.001
12616,0.000,0.003,0.000,0.001
12617,0.000,0.003,0.000,0.001
12618,0.000,0.003,0.000,0.001
12619,0.000,0.003,0.000,0.001
12620,0.000,0.003,0.000,0.001
12621,0.000,0.003,0.000,0.001
12622,0.000,0.003,0.000,0.001
12623,0.000,0.003,0.000,0.001
12624,0.000,0.003,0.000,0.001
12625,0.000,0.003,0.000,0.001
12626,0.000,0.003,0.000,0.001
12627,0.000,0.003,0.000,0.001
12628,0.000,0.003,0.000,0.001
12629,0.000,0.003,0.000,0.001
12630,0.000,0.003,0.000,0.001
12631,0.000,0.003,0.000,0.001
12632,0.000,0.003,0.000,0.001
12633,0.000,0.003,0.000,0.001
12634,0.000,0.003,0.000,0.001
12635,0.000,0.003,0.000,0.001
12636,0.000,0.003,0.000,0.001
12637,0.000,0.003,0.000,0.001
12638,0.000,0.003,0.000,0.001
12639,0.000,0.003,0.000,0.001
12640,0.000,0.003,0.000,0.001
12641,0.000,0.003,0.000,0.001
12642,0.000,0.003,0.000,0.001
12643,0.000,0.003,0.000,0.001
12644,0.000,0.003,0.000,0.001
12645,0.000,0.003,0.000,0.001
12646,0.000,0.003,0.000,0.001
12647,0.000,0.003,0.000,0.001
12648,0.000,0.003,0.000,0.001
12649,0.000,0.003,0.000,0.001
12650,0.000,0.003,0.000,0.001
12651,0.000,0.003,0.000,0.001
12652,0.000,0.003,0.000,0.001
12653,0.000,0.003,0.000,0.001
12654,0.000,0.003,0.000,0.001
12655,0.000,0.003,0.000,0.001
12656,0.000,0.003,0.000,0.001
12657,0.000,0.003,0.000,0.001
12658,0.000,0.003,0.000,0.001
12659,0.000,0.003,0.000,0.001
12660,0.000,0.003,0.000,0.001
12661,0.000,0.003,0.000,0.001
12662,0.000,0.003,0.000,0.001
12663,0.000,0.003,0.000,0.001
12664,0.000,0.003,0.000,0.001
12665,0.000,0.003,0.000,0.001
12666,0.000,0.003,0.000,0.001
12667,0.000,0.003,0.000,0.001
12668,0.000,0.003,0.000,0.001
12669,0.000,0.003,0.000,0.001
12670,0.000,0.003,0.000,0.001
12671,0.000,0.003,0.000,0.001
12672,0.000,0.003,0.000,0.001
12673,0.000,0.003,0.000,0.001
12674,0.000,0.003,0.000,0.001
12675,0.000,0.003,0.000,0.001
12676,0.000,0.003,0.000,0.001
12677,0.000,0.003,0.000,0.001
12678,0.000,0.003,0.000,0.001
12679,0.000,0.003,0.000,0.001
12680,0.000,0.003,0.000,0.001
12681,0.000,0.003,0.000,0.001
12682,0.000,0.003,0.000,0.001
12683,0.000,0.003,0.000,0.001
12684,0.000,0.003,0.000,0.001
12685,0.000,0.003,0.000,0.001
12686,0.000,0.003,0.000,0.001
12687,0.000,0.003,0.000,0.001
12688,0.000,0.003,0.000,0.001
12689,0.000,0.003,0.000,0.001
12690,0.000,0.003,0.000,0.001
12691,0.000,0.003,0.000,0.001
12692,0.000,0.003,0.000,0.001
12693,0.000,0.003,0.000,0.001
12694,0.000,0.003,0.000,0.001
12695,0.000,0.003,0.000,0.001
12696,0.000,0.003,0.000,0.001
12697,0.000,0.003,0.000,0.001
12698,0.000,0.003,0.000,0.001
12699,0.000,0.003,0.000,0.001
12700,0.000,0.003,0.000,0.001
12701,0.000,0.003,0.000,0.001
12702,0.000,0.003,0.000,0.001
12703,0.000,0.003,0.000,0.001
12704,0.000,0.003,0.000,0.001
12705,0.000,0.003,0.000,0.001
12706,0.000,0.003,0.000,0.001
12707,0.000,0.003,0.000,0.001
12708,0.000,0.003,0.000,0.001
12709,0.000,0.003,0.000,0.001
12710,0.000,0.003,0.000,0.001
12711,0.000,0.003,0.000,0.001
12712,0.000,0.003,0.000,0.001
12713,0.000,0.003,0.000,0.001
12714,0.000,0.003,0.000,0.001
12715,0.000,0.003,0.000,0.001
12716,0.000,0.003,0.000,0.001
12717,0.000,0.003,0.000,0.001
12718,0.000,0.003,0.000,0.001
12719,0.000,0.003,0.000,0.001
12720,0.000,0.003,0.000,0.001
12721,0.000,0.003,0.000,0.001
12722,0.000,0.003,0.000,0.001
12723,0.000,0.003,0.000,0.001
12724,0.000,0.003,0.000,0.001
12725,0.000,0.003,0.000,0.001
12726,0.000,0.003,0.000,0.001
12727,0.000,0.003,0.000,0.001
12728,0.000,0.003,0.000,0.001
12729,0.000,0.003,0.000,0.001
12730,0.000,0.003,0.000,0.001
12731,0.000,0.003,0.000,0.001
12732,0.000,0.003,0.000,0.001
12733,0.000,0.003,0.000,0.001
12734,0.000,0.003,0.000,0.001
12735,0.000,0.003,0.000,0.001
12736,0.000,0.003,0.000,0.001
12737,0.000,0.003,0.000,0.001
12738,0.000,0.003,0.000,0.001
12739,0.000,0.003,0.000,0.001
12740,0.000,0.003,0.000,0.001
12741,0.000,0.003,0.000,0.001
12742,0.000,0.003,0.000,0.001
12743,0.000,0.003,0.000,0.001
12744,0.000,0.003,0.000,0.001
12745,0.000,0.003,0.000,0.001
12746,0.000,0.003,0.000,0.001
12747,0.000,0.003,0.000,0.001
12748,0.000,0.003,0.000,0.001
12749,0.000,0.003,0.000,0.001
12750,0.000,0.003,0.000,0.001
12751,0.000,0.003,0.000,0.001
12752,0.000,0.003,0.000,0.001
12753,0.000,0.003,0.000,0.001
12754,0.000,0.003,0.000,0.001
12755,0.000,0.003,0.000,0.001
12756,0.000,0.003,0.000,0.001
12757,0.000,0.003,0.000,0.001
12758,0.000,0.003,0.000,0.001
12759,0.000,0.003,0.000,0.001
12760,0.000,0.003,0.000,0.001
12761,0.000,0.003,0.000,0.001
12762,0.000,0.003,0.000,0.001
12763,0.000,0.003,0.000,0.001
12764,0.000,0.003,0.000,0.001
12765,0.000,0.003,0.000,0.001
12766,0.000,0.003,0.000,0.001
12767,0.000,0.003,0.000,0.001
12768,0.000,0.003,0.000,0.001
12769,0.000,0.003,0.000,0.001
12770,0.000,0.003,0.000,0.001
12771,0.000,0.003,0.000,0.001
12772,0.000,0.003,0.000,0.001
12773,0.000,0.003,0.000,0.001
12774,0.000,0.003,0.000,0.001
12775,0.000,0.003,0.000,0.001
12776,0.000,0.003,0.000,0.001
12777,0.000,0.003,0.000,0.001
12778,0.000,0.003,0.000,0.001
12779,0.000,0.003,0.000,0.001
12780,0.000,0.003,0.000,0.001
12781,0.000,0.003,0.000,0.001
12782,0.000,0.003,0.000,0.001
12783,0.000,0.003,0.000,0.001
12784,0.000,0.003,0.000,0.001
12785,0.000,0.003,0.000,0.001
12786,0.000,0.003,0.000,0.001
12787,0.000,0.003,0.000,0.001
12788,0.000,0.003,0.000,0.001
12789,0.000,0.003,0.000,0.001
12790,0.000,0.003,0.000,0.001
12791,0.000,0.003,0.000,0.001
12792,0.000,0.003,0.000,0.001
12793,0.000,0.003,0.000,0.001
12794,0.000,0.003,0.000,0.001
12795,0.000,0.003,0.000,0.001
12796,0.000,0.003,0.000,0.001
12797,0.000,0.003,0.000,0.001
12798,0.000,0.003,0.000,0.001
12799,0.000,0.003,0.000,0.001
12800,0.000,0.003,0.000,0.001
12801,0.000,0.003,0.000,0.001
12802,0.000,0.003,0.000,0.001
12803,0.000,0.003,0.000,0.001
12804,0.000,0.003,0.000,0.001
12805,0.000,0.003,0.000,0.001
12806,0.000,0.003,0.000,0.001
12807,0.000,0.003,0.000,0.001
12808,0.000,0.003,0.000,0.001
12809,0.000,0.003,0.000,0.001
12810,0.000,0.003,0.000,0.001
12811,0.000,0.003,0.000,0.001
12812,0.000,0.003,0.000,0.001
12813,0.000,0.003,0.000,0.001
12814,0.000,0.003,0.000,0.001
12815,0.000,0.003,0.000,0.001
12816,0.000,0.003,0.000,0.001
12817,0.000,0.003,0.000,0.001
12818,0.000,0.003,0.000,0.001
12819,0.000,0.003,0.000,0.001
12820,0.000,0.003,0.000,0.001
12821,0.000,0.003,0.000,0.001
12822,0.000,0.003,0.000,0.001
12823,0.000,0.003,0.000,0.001
12824,0.000,0.003,0.000,0.001
12825,0.000,0.003,0.000,0.001
12826,0.000,0.003,0.000,0.001
12827,0.000,0.003,0.000,0.001
12828,0.000,0.003,0.000,0.001
12829,0.000,0.003,0.000,0.001
12830,0.000,0.003,0.000,0.001
12831,0.000,0.003,0.000,0.001
12832,0.000,0.003,0.000,0.001
12833,0.000,0.003,0.000,0.001
12834,0.000,0.003,0.000,0.001
12835,0.000,0.003,0.000,0.001
12836,0.000,0.003,0.000,0.001
12837,0.000,0.003,0.000,0.001
12838,0.000,0.003,0.000,0.001
12839,0.000,0.003,0.000,0.001
12840,0.000,0.003,0.000,0.001
12841,0.000,0.003,0.000,0.001
12842,0.000,0.003,0.000,0.001
12843,0.000,0.003,0.000,0.001
12844,0.000,0.003,0.000,0.001
12845,0.000,0.003,0.000,0.001
12846,0.000,0.003,0.000,0.001
12847,0.000,0.003,0.000,0.001
12848,0.000,0.003,0.000,0.001
12849,0.000,0.003,0.000,0.001
12850,0.000,0.003,0.000,0.001
12851,0.000,0.003,0.000,0.001
12852,0.000,0.003,0.000,0.001
12853,0.000,0.003,0.000,0.001
12854,0.000,0.003,0.000,0.001
12855,0.000,0.003,0.000,0.001
12856,0.000,0.003,0.000,0.001
12857,0.000,0.003,0.000,0.001
12858,0.000,0.003,0.000,0.001
12859,0.000,0.003,0.000,0.001
12860,0.000,0.003,0.000,0.001
12861,0.000,0.003,0.000,0.001
12862,0.000,0.003,0.000,0.001
12863,0.000,0.003,0.000,0.001
12864,0.000,0.003,0.000,0.001
12865,0.000,0.003,0.000,0.001
12866,0.000,0.003,0.000,0.001
12867,0.000,0.003,0.000,0.001
12868,0.000,0.003,0.000,0.001
12869,0.000,0.003,0.000,0.001
12870,0.000,0.003,0.000,0.001
12871,0.000,0.003,0.000,0.001
12872,0.000,0.003,0.000,0.001
12873,0.000,0.003,0.000,0.001
12874,0.000,0.003,0.000,0.001
12875,0.000,0.003,0.000,0.001
12876,0.000,0.003,0.000,0.001
12877,0.000,0.003,0.000,0.001
12878,0.000,0.003,0.000,0.001
12879,0.000,0.003,0.000,0.001
12880,0.000,0.003,0.000,0.001
12881,0.000,0.003,0.000,0.001
12882,0.000,0.003,0.000,0.001
12883,0.000,0.003,0.000,0.001
12884,0.000,0.003,0.000,0.001
12885,0.000,0.003,0.000,0.001
12886,0.000,0.003,0.000,0.001
12887,0.000,0.003,0.000,0.001
12888,0.000,0.003,0.000,0.001
12889,0.000,0.003,0.000,0.001
12890,0.000,0.003,0.000,0.001
12891,0.000,0.003,0.000,0.001
12892,0.000,0.003,0.000,0.001
12893,0.000,0.003,0.000,0.001
12894,0.000,0.003,0.000,0.001
12895,0.000,0.003,0.000,0.001
12896,0.000,0.003,0.000,0.001
12897,0.000,0.003,0.000,0.001
12898,0.000,0.003,0.000,0.001
12899,0.000,0.003,0.000,0.001
12900,0.000,0.003,0.000,0.001
12901,0.000,0.003,0.000,0.001
12902,0.000,0.003,0.000,0.001
12903,0.000,0.003,0.000,0.001
12904,0.000,0.003,0.000,0.001
12905,0.000,0.003,0.000,0.001
12906,0.000,0.003,0.000,0.001
12907,0.000,0.003,0.000,0.001
12908,0.000,0.003,0.000,0.001
12909,0.000,0.003,0.000,0.001
12910,0.000,0.003,0.000,0.001
12911,0.000,0.003,0.000,0.001
12912,0.000,0.003,0.000,0.001
12913,0.000,0.003,0.000,0.001
12914,0.000,0.003,0.000,0.001
12915,0.000,0.003,0.000,0.001
12916,0.000,0.003,0.000,0.001
12917,0.000,0.003,0.000,0.001
12918,0.000,0.003,0.000,0.001
12919,0.000,0.003,0.000,0.001
12920,0.000,0.003,0.000,0.001
12921,0.000,0.003,0.000,0.001
12922,0.000,0.003,0.000,0.001
12923,0.000,0.003,0.000,0.001
12924,0.000,0.003,0.000,0.001
12925,0.000,0.003,0.000,0.001
12926,0.000,0.003,0.000,0.001
12927,0.000,0.003,0.000,0.001
12928,0.000,0.003,0.000,0.001
12929,0.000,0.003,0.000,0.001
12930,0.000,0.003,0.000,0.001
12931,0.000,0.003,0.000,0.001
12932,0.000,0.003,0.000,0.001
12933,0.000,0.003,0.000,0.001
12934,0.000,0.003,0.000,0.001
12935,0.000,0.003,0.000,0.001
12936,0.000,0.003,0.000,0.001
12937,0.000,0.003,0.000,0.001
12938,0.000,0.003,0.000,0.001
12939,0.000,0.003,0.000,0.001
12940,0.000,0.003,0.000,0.001
12941,0.000,0.003,0.000,0.001
12942,0.000,0.003,0.000,0.001
12943,0.000,0.003,0.000,0.001
12944,0.000,0.003,0.000,0.001
12945,0.000,0.003,0.000,0.001
12946,0.000,0.003,0.000,0.001
12947,0.000,0.003,0.000,0.001
12948,0.000,0.003,0.000,0.001
12949,0.000,0.003,0.000,0.001
12950,0.000,0.003,0.000,0.001
12951,0.000,0.003,0.000,0.001
12952,0.000,0.003,0.000,0.001
12953,0.000,0.003,0.000,0.001
12954,0.000,0.003,0.000,0.001
12955,0.000,0.003,0.000,0.001
12956,0.000,0.003,0.000,0.001
12957,0.000,0.003,0.000,0.001
12958,0.000,0.003,0.000,0.001
12959,0.000,0.003,0.000,0.001
12960,0.000,0.003,0.000,0.001
12961,0.000,0.003,0.000,0.001
12962,0.000,0.003,0.000,0.001
12963,0.000,0.003,0.000,0.001
12964,0.000,0.003,0.000,0.001
12965,0.000,0.003,0.000,0.001
12966,0.000,0.003,0.000,0.001
12967,0.000,0.003,0.000,0.001
12968,0.000,0.003,0.000,0.001
12969,0.000,0.003,0.000,0.001
12970,0.000,0.003,0.000,0.001
12971,0.000,0.003,0.000,0.001
12972,0.000,0.003,0.000,0.001
12973,0.000,0.003,0.000,0.001
12974,0.000,0.003,0.000,0.001
12975,0.000,0.003,0.000,0.001
12976,0.000,0.003,0.000,0.001
12977,0.000,0.003,0.000,0.001
12978,0.000,0.003,0.000,0.001
12979,0.000,0.003,0.000,0.001
12980,0.000,0.003,0.000,0.001
12981,0.000,0.003,0.000,0.001
12982,0.000,0.003,0.000,0.001
12983,0.000,0.003,0.000,0.001
12984,0.000,0.003,0.000,0.001
12985,0.000,0.003,0.000,0.001
12986,0.000,0.003,0.000,0.001
12987,0.000,0.003,0.000,0.001
12988,0.000,0.003,0.000,0.001
12989,0.000,0.003,0.000,0.001
12990,0.000,0.003,0.000,0.001
12991,0.000,0.003,0.000,0.001
12992,0.000,0.003,0.000,0.001
12993,0.000,0.003,0.000,0.001
12994,0.000,0.003,0.000,0.001
12995,0.000,0.003,0.000,0.001
12996,0.000,0.003,0.000,0.001
12997,0.000,0.003,0.000,0.001
12998,0.000,0.003,0.000,0.001
12999,0.000,0.003,0.000,0.001
13000,0.000,0.003,0.000,0.001
13001,0.000,0.003,0.000,0.001
13002,0.000,0.003,0.000,0.001
13003,0.000,0.003,0.000,0.001
13004,0.000,0.003,0.000,0.001
13005,0.000,0.003,0.000,0.001
13006,0.000,0.003,0.000,0.001
13007,0.000,0.003,0.000,0.001
13008,0.000,0.003,0.000,0.001
13009,0.000,0.003,0.000,0.001
13010,0.000,0.003,0.000,0.001
13011,0.000,0.003,0.000,0.001
13012,0.000,0.003,0.000,0.001
13013,0.000,0.003,0.000,0.001
13014,0.000,0.003,0.000,0.001
13015,0.000,0.003,0.000,0.001
13016,0.000,0.003,0.000,0.001
13017,0.000,0.003,0.000,0.001
13018,0.000,0.003,0.000,0.001
13019,0.000,0.003,0.000,0.001
13020,0.000,0.003,0.000,0.001
13021,0.000,0.003,0.000,0.001
13022,0.000,0.003,0.000,0.001
13023,0.000,0.003,0.000,0.001
13024,0.000,0.003,0.000,0.001
13025,0.000,0.003,0.000,0.001
13026,0.000,0.003,0.000,0.001
13027,0.000,0.003,0.000,0.001
13028,0.000,0.003,0.000,0.001
13029,0.000,0.003,0.000,0.001
13030,0.000,0.003,0.000,0.001
13031,0.000,0.003,0.000,0.001
13032,0.000,0.003,0.000,0.001
13033,0.000,0.003,0.000,0.001
13034,0.000,0.003,0.000,0.001
13035,0.000,0.003,0.000,0.001
13036,0.000,0.003,0.000,0.001
13037,0.000,0.003,0.000,0.001
13038,0.000,0.003,0.000,0.001
13039,0.000,0.003,0.000,0.001
13040,0.000,0.003,0.000,0.001
13041,0.000,0.003,0.000,0.001
13042,0.000,0.003,0.000,0.001
13043,0.000,0.003,0.000,0.001
13044,0.000,0.003,0.000,0.001
13045,0.000,0.003,0.000,0.001
13046,0.000,0.003,0.000,0.001
13047,0.000,0.003,0.000,0.001
13048,0.000,0.003,0.000,0.001
13049,0.000,0.003,0.000,0.001
13050,0.000,0.003,0.000,0.001
13051,0.000,0.003,0.000,0.001
13052,0.000,0.003,0.000,0.001
13053,0.000,0.003,0.000,0.001
13054,0.000,0.003,0.000,0.001
13055,0.000,0.003,0.000,0.001
13056,0.000,0.003,0.000,0.001
13057,0.000,0.003,0.000,0.001
13058,0.000,0.003,0.000,0.001
13059,0.000,0.003,0.000,0.001
13060,0.000,0.003,0.000,0.001
13061,0.000,0.003,0.000,0.001
13062,0.000,0.003,0.000,0.001
13063,0.000,0.003,0.000,0.001
13064,0.000,0.003,0.000,0.001
13065,0.000,0.003,0.000,0.001
13066,0.000,0.003,0.000,0.001
13067,0.000,0.003,0.000,0.001
13068,0.000,0.003,0.000,0.001
13069,0.000,0.003,0.000,0.001
13070,0.000,0.003,0.000,0.001
13071,0.000,0.003,0.000,0.001
13072,0.000,0.003,0.000,0.001
13073,0.000,0.003,0.000,0.001
13074,0.000,0.003,0.000,0.001
13075,0.000,0.003,0.000,0.001
13076,0.000,0.003,0.000,0.001
13077,0.000,0.003,0.000,0.001
13078,0.000,0.003,0.000,0.001
13079,0.000,0.003,0.000,0.001
13080,0.000,0.003,0.000,0.001
13081,0.000,0.003,0.000,0.001
13082,0.000,0.003,0.000,0.001
13083,0.000,0.003,0.000,0.001
13084,0.000,0.003,0.000,0.001
13085,0.000,0.003,0.000,0.001
13086,0.000,0.003,0.000,0.001
13087,0.000,0.003,0.000,0.001
13088,0.000,0.003,0.000,0.001
13089,0.000,0.003,0.000,0.001
13090,0.000,0.003,0.000,0.001
13091,0.000,0.003,0.000,0.001
13092,0.000,0.003,0.000,0.001
13093,0.000,0.003,0.000,0.001
13094,0.000,0.003,0.000,0.001
13095,0.000,0.003,0.000,0.001
13096,0.000,0.003,0.000,0.001
13097,0.000,0.003,0.000,0.001
13098,0.000,0.003,0.000,0.001
13099,0.000,0.003,0.000,0.001
13100,0.000,0.003,0.000,0.001
13101,0.000,0.003,0.000,0.001
13102,0.000,0.003,0.000,0.001
13103,0.000,0.003,0.000,0.001
13104,0.000,0.003,0.000,0.001
13105,0.000,0.003,0.000,0.001
13106,0.000,0.003,0.000,0.001
13107,0.000,0.003,0.000,0.001
13108,0.000,0.003,0.000,0.001
13109,0.000,0.003,0.000,0.001
13110,0.000,0.003,0.000,0.001
13111,0.000,0.003,0.000,0.001
13112,0.000,0.003,0.000,0.001
13113,0.000,0.003,0.000,0.001
13114,0.000,0.003,0.000,0.001
13115,0.000,0.003,0.000,0.001
13116,0.000,0.003,0.000,0.001
13117,0.000,0.003,0.000,0.001
13118,0.000,0.003,0.000,0.001
13119,0.000,0.003,0.000,0.001
13120,0.000,0.003,0.000,0.001
13121,0.000,0.003,0.000,0.001
13122,0.000,0.003,0.000,0.001
13123,0.000,0.003,0.000,0.001
13124,0.000,0.003,0.000,0.001
13125,0.000,0.003,0.000,0.001
13126,0.000,0.003,0.000,0.001
13127,0.000,0.003,0.000,0.001
13128,0.000,0.003,0.000,0.001
13129,0.000,0.003,0.000,0.001
13130,0.000,0.003,0.000,0.001
13131,0.000,0.003,0.000,0.001
13132,0.000,0.003,0.000,0.001
13133,0.000,0.003,0.000,0.001
13134,0.000,0.003,0.000,0.001
13135,0.000,0.003,0.000,0.001
13136,0.000,0.003,0.000,0.001
13137,0.000,0.003,0.000,0.001
13138,0.000,0.003,0.000,0.001
13139,0.000,0.003,0.000,0.001
13140,0.000,0.003,0.000,0.001
13141,0.000,0.003,0.000,0.001
13142,0.000,0.003,0.000,0.001
13143,0.000,0.003,0.000,0.001
13144,0.000,0.003,0.000,0.001
13145,0.000,0.003,0.000,0.001
13146,0.000,0.003,0.000,0.001
13147,0.000,0.003,0.000,0.001
13148,0.000,0.003,0.000,0.001
13149,0.000,0.003,0.000,0.001
13150,0.000,0.003,0.000,0.001
13151,0.000,0.003,0.000,0.001
13152,0.000,0.003,0.000,0.001
13153,0.000,0.003,0.000,0.001
13154,0.000,0.003,0.000,0.001
13155,0.000,0.003,0.000,0.001
13156,0.000,0.003,0.000,0.001
13157,0.000,0.003,0.000,0.001
13158,0.000,0.003,0.000,0.001
13159,0.000,0.003,0.000,0.001
13160,0.000,0.003,0.000,0.001
13161,0.000,0.003,0.000,0.001
13162,0.000,0.003,0.000,0.001
13163,0.000,0.003,0.000,0.001
13164,0.000,0.003,0.000,0.001
13165,0.000,0.003,0.000,0.001
13166,0.000,0.003,0.000,0.001
13167,0.000,0.003,0.000,0.001
13168,0.000,0.003,0.000,0.001
13169,0.000,0.003,0.000,0.001
13170,0.000,0.003,0.000,0.001
13171,0.000,0.003,0.000,0.001
13172,0.000,0.003,0.000,0.001
13173,0.000,0.003,0.000,0.001
13174,0.000,0.003,0.000,0.001
13175,0.000,0.003,0.000,0.001
13176,0.000,0.003,0.000,0.001
13177,0.000,0.003,0.000,0.001
13178,0.000,0.003,0.000,0.001
13179,0.000,0.003,0.000,0.001
13180,0.000,0.003,0.000,0.001
13181,0.000,0.003,0.000,0.001
13182,0.000,0.003,0.000,0.001
13183,0.000,0.003,0.000,0.001
13184,0.000,0.003,0.000,0.001
13185,0.000,0.003,0.000,0.001
13186,0.000,0.003,0.000,0.001
13187,0.000,0.003,0.000,0.001
13188,0.000,0.003,0.000,0.001
13189,0.000,0.003,0.000,0.001
13190,0.000,0.003,0.000,0.001
13191,0.000,0.003,0.000,0.001
13192,0.000,0.003,0.000,0.001
13193,0.000,0.003,0.000,0.001
13194,0.000,0.003,0.000,0.001
13195,0.000,0.003,0.000,0.001
13196,0.000,0.003,0.000,0.001
13197,0.000,0.003,0.000,0.001
13198,0.000,0.003,0.000,0.001
13199,0.000,0.003,0.000,0.001
13200,0.000,0.003,0.000,0.001
13201,0.000,0.003,0.000,0.001
13202,0.000,0.003,0.000,0.001
13203,0.000,0.003,0.000,0.001
13204,0.000,0.003,0.000,0.001
13205,0.000,0.003,0.000,0.001
13206,0.000,0.003,0.000,0.001
13207,0.000,0.003,0.000,0.001
13208,0.000,0.003,0.000,0.001
13209,0.000,0.003,0.000,0.001
13210,0.000,0.003,0.000,0.001
13211,0.000,0.003,0.000,0.001
13212,0.000,0.003,0.000,0.001
13213,0.000,0.003,0.000,0.001
13214,0.000,0.003,0.000,0.001
13215,0.000,0.003,0.000,0.001
13216,0.000,0.003,0.000,0.001
13217,0.000,0.003,0.000,0.001
13218,0.000,0.003,0.000,0.001
13219,0.000,0.003,0.000,0.001
13220,0.000,0.003,0.000,0.001
13221,0.000,0.003,0.000,0.001
13222,0.000,0.003,0.000,0.001
13223,0.000,0.003,0.000,0.001
13224,0.000,0.003,0.000,0.001
13225,0.000,0.003,0.000,0.001
13226,0.000,0.003,0.000,0.001
13227,0.000,0.003,0.000,0.001
13228,0.000,0.003,0.000,0.001
13229,0.000,0.003,0.000,0.001
13230,0.000,0.003,0.000,0.001
13231,0.000,0.003,0.000,0.001
13232,0.000,0.003,0.000,0.001
13233,0.000,0.003,0.000,0.001
13234,0.000,0.003,0.000,0.001
13235,0.000,0.003,0.000,0.001
13236,0.000,0.003,0.000,0.001
13237,0.000,0.003,0.000,0.001
13238,0.000,0.003,0.000,0.001
13239,0.000,0.003,0.000,0.001
13240,0.000,0.003,0.000,0.001
13241,0.000,0.003,0.000,0.001
13242,0.000,0.003,0.000,0.001
13243,0.000,0.003,0.000,0.001
13244,0.000,0.003,0.000,0.001
13245,0.000,0.003,0.000,0.001
13246,0.000,0.003,0.000,0.001
13247,0.000,0.003,0.000,0.001
13248,0.000,0.003,0.000,0.001
13249,0.000,0.003,0.000,0.001
13250,0.000,0.003,0.000,0.001
13251,0.000,0.003,0.000,0.001
13252,0.000,0.003,0.000,0.001
13253,0.000,0.003,0.000,0.001
13254,0.000,0.003,0.000,0.001
13255,0.000,0.003,0.000,0.001
13256,0.000,0.003,0.000,0.001
13257,0.000,0.003,0.000,0.001
13258,0.000,0.003,0.000,0.001
13259,0.000,0.003,0.000,0.001
13260,0.000,0.003,0.000,0.001
13261,0.000,0.003,0.000,0.001
13262,0.000,0.003,0.000,0.001
13263,0.000,0.003,0.000,0.001
13264,0.000,0.003,0.000,0.001
13265,0.000,0.003,0.000,0.001
13266,0.000,0.003,0.000,0.001
13267,0.000,0.003,0.000,0.001
13268,0.000,0.003,0.000,0.001
13269,0.000,0.003,0.000,0.001
13270,0.000,0.003,0.000,0.001
13271,0.000,0.003,0.000,0.001
13272,0.000,0.003,0.000,0.001
13273,0.000,0.003,0.000,0.001
13274,0.000,0.003,0.000,0.001
13275,0.000,0.003,0.000,0.001
13276,0.000,0.003,0.000,0.001
13277,0.000,0.003,0.000,0.001
13278,0.000,0.003,0.000,0.001
13279,0.000,0.003,0.000,0.001
13280,0.000,0.003,0.000,0.001
13281,0.000,0.003,0.000,0.001
13282,0.000,0.003,0.000,0.001
13283,0.000,0.003,0.000,0.001
13284,0.000,0.003,0.000,0.001
13285,0.000,0.003,0.000,0.001
13286,0.000,0.003,0.000,0.001
13287,0.000,0.003,0.000,0.001
13288,0.000,0.003,0.000,0.001
13289,0.000,0.003,0.000,0.001
13290,0.000,0.003,0.000,0.001
13291,0.000,0.003,0.000,0.001
13292,0.000,0.003,0.000,0.001
13293,0.000,0.003,0.000,0.001
13294,0.000,0.003,0.000,0.001
13295,0.000,0.003,0.000,0.001
13296,0.000,0.003,0.000,0.001
13297,0.000,0.003,0.000,0.001
13298,0.000,0.003,0.000,0.001
13299,0.000,0.003,0.000,0.001
13300,0.000,0.003,0.000,0.001
13301,0.000,0.003,0.000,0.001
13302,0.000,0.003,0.000,0.001
13303,0.000,0.003,0.000,0.001
13304,0.000,0.003,0.000,0.001
13305,0.000,0.003,0.000,0.001
13306,0.000,0.003,0.000,0.001
13307,0.000,0.003,0.000,0.001
13308,0.000,0.003,0.000,0.001
13309,0.000,0.003,0.000,0.001
13310,0.000,0.003,0.000,0.001
13311,0.000,0.003,0.000,0.001
13312,0.000,0.003,0.000,0.001
13313,0.000,0.003,0.000,0.001
13314,0.000,0.003,0.000,0.001
13315,0.000,0.003,0.000,0.001
13316,0.000,0.003,0.000,0.001
13317,0.000,0.003,0.000,0.001
13318,0.000,0.003,0.000,0.001
13319,0.000,0.003,0.000,0.001
13320,0.000,0.003,0.000,0.001
13321,0.000,0.003,0.000,0.001
13322,0.000,0.003,0.000,0.001
13323,0.000,0.003,0.000,0.001
13324,0.000,0.003,0.000,0.001
13325,0.000,0.003,0.000,0.001
13326,0.000,0.003,0.000,0.001
13327,0.000,0.003,0.000,0.001
13328,0.000,0.003,0.000,0.001
13329,0.000,0.003,0.000,0.001
13330,0.000,0.003,0.000,0.001
13331,0.000,0.003,0.000,0.001
13332,0.000,0.003,0.000,0.001
13333,0.000,0.003,0.000,0.001
13334,0.000,0.003,0.000,0.001
13335,0.000,0.003,0.000,0.001
13336,0.000,0.003,0.000,0.001
13337,0.000,0.003,0.000,0.001
13338,0.000,0.003,0.000,0.001
13339,0.000,0.003,0.000,0.001
13340,0.000,0.003,0.000,0.001
13341,0.000,0.003,0.000,0.001
13342,0.000,0.003,0.000,0.001
13343,0.000,0.003,0.000,0.001
13344,0.000,0.003,0.000,0.001
13345,0.000,0.003,0.000,0.001
13346,0.000,0.003,0.000,0.001
13347,0.000,0.003,0.000,0.001
13348,0.000,0.003,0.000,0.001
13349,0.000,0.003,0.000,0.001
13350,0.000,0.003,0.000,0.001
13351,0.000,0.003,0.000,0.001
13352,0.000,0.003,0.000,0.001
13353,0.000,0.003,0.000,0.001
13354,0.000,0.003,0.000,0.001
13355,0.000,0.003,0.000,0.001
13356,0.000,0.003,0.000,0.001
13357,0.000,0.003,0.000,0.001
13358,0.000,0.003,0.000,0.001
13359,0.000,0.003,0.000,0.001
13360,0.000,0.003,0.000,0.001
13361,0.000,0.003,0.000,0.001
13362,0.000,0.003,0.000,0.001
13363,0.000,0.003,0.000,0.001
13364,0.000,0.003,0.000,0.001
13365,0.000,0.003,0.000,0.001
13366,0.000,0.003,0.000,0.001
13367,0.000,0.003,0.000,0.001
13368,0.000,0.003,0.000,0.001
13369,0.000,0.003,0.000,0.001
13370,0.000,0.003,0.000,0.001
13371,0.000,0.003,0.000,0.001
13372,0.000,0.003,0.000,0.001
13373,0.000,0.003,0.000,0.001
13374,0.000,0.003,0.000,0.001
13375,0.000,0.003,0.000,0.001
13376,0.000,0.003,0.000,0.001
13377,0.000,0.003,0.000,0.001
13378,0.000,0.003,0.000,0.001
13379,0.000,0.003,0.000,0.001
13380,0.000,0.003,0.000,0.001
13381,0.000,0.003,0.000,0.001
13382,0.000,0.003,0.000,0.001
13383,0.000,0.003,0.000,0.001
13384,0.000,0.003,0.000,0.001
13385,0.000,0.003,0.000,0.001
13386,0.000,0.003,0.000,0.001
13387,0.000,0.003,0.000,0.001
13388,0.000,0.003,0.000,0.001
13389,0.000,0.003,0.000,0.001
13390,0.000,0.003,0.000,0.001
13391,0.000,0.003,0.000,0.001
13392,0.000,0.003,0.000,0.001
13393,0.000,0.003,0.000,0.001
13394,0.000,0.003,0.000,0.001
13395,0.000,0.003,0.000,0.001
13396,0.000,0.003,0.000,0.001
13397,0.000,0.003,0.000,0.001
13398,0.000,0.003,0.000,0.001
13399,0.000,0.003,0.000,0.001
13400,0.000,0.003,0.000,0.001
13401,0.000,0.003,0.000,0.001
13402,0.000,0.003,0.000,0.001
13403,0.000,0.003,0.000,0.001
13404,0.000,0.003,0.000,0.001
13405,0.000,0.003,0.000,0.001
13406,0.000,0.003,0.000,0.001
13407,0.000,0.003,0.000,0.001
13408,0.000,0.003,0.000,0.001
13409,0.000,0.003,0.000,0.001
13410,0.000,0.003,0.000,0.001
13411,0.000,0.003,0.000,0.001
13412,0.000,0.003,0.000,0.001
13413,0.000,0.003,0.000,0.001
13414,0.000,0.003,0.000,0.001
13415,0.000,0.003,0.000,0.001
13416,0.000,0.003,0.000,0.001
13417,0.000,0.003,0.000,0.001
13418,0.000,0.003,0.000,0.001
13419,0.000,0.003,0.000,0.001
13420,0.000,0.003,0.000,0.001
13421,0.000,0.003,0.000,0.001
13422,0.000,0.003,0.000,0.001
13423,0.000,0.003,0.000,0.001
13424,0.000,0.003,0.000,0.001
13425,0.000,0.003,0.000,0.001
13426,0.000,0.003,0.000,0.001
13427,0.000,0.003,0.000,0.001
13428,0.000,0.003,0.000,0.001
13429,0.000,0.003,0.000,0.001
13430,0.000,0.003,0.000,0.001
13431,0.000,0.003,0.000,0.001
13432,0.000,0.003,0.000,0.001
13433,0.000,0.003,0.000,0.001
13434,0.000,0.003,0.000,0.001
13435,0.000,0.003,0.000,0.001
13436,0.000,0.003,0.000,0.001
13437,0.000,0.003,0.000,0.001
13438,0.000,0.003,0.000,0.001
13439,0.000,0.003,0.000,0.001
13440,0.000,0.003,0.000,0.001
13441,0.000,0.003,0.000,0.001
13442,0.000,0.003,0.000,0.001
13443,0.000,0.003,0.000,0.001
13444,0.000,0.003,0.000,0.001
13445,0.000,0.003,0.000,0.001
13446,0.000,0.003,0.000,0.001
13447,0.000,0.003,0.000,0.001
13448,0.000,0.003,0.000,0.001
13449,0.000,0.003,0.000,0.001
13450,0.000,0.003,0.000,0.001
13451,0.000,0.003,0.000,0.001
13452,0.000,0.003,0.000,0.001
13453,0.000,0.003,0.000,0.001
13454,0.000,0.003,0.000,0.001
13455,0.000,0.003,0.000,0.001
13456,0.000,0.003,0.000,0.001
13457,0.000,0.003,0.000,0.001
13458,0.000,0.003,0.000,0.001
13459,0.000,0.003,0.000,0.001
13460,0.000,0.003,0.000,0.001
13461,0.000,0.003,0.000,0.001
13462,0.000,0.003,0.000,0.001
13463,0.000,0.003,0.000,0.001
13464,0.000,0.003,0.000,0.001
13465,0.000,0.003,0.000,0.001
13466,0.000,0.003,0.000,0.001
13467,0.000,0.003,0.000,0.001
13468,0.000,0.003,0.000,0.001
13469,0.000,0.003,0.000,0.001
13470,0.000,0.003,0.000,0.001
13471,0.000,0.003,0.000,0.001
13472,0.000,0.003,0.000,0.001
13473,0.000,0.003,0.000,0.001
13474,0.000,0.003,0.000,0.001
13475,0.000,0.003,0.000,0.001
13476,0.000,0.003,0.000,0.001
13477,0.000,0.003,0.000,0.001
13478,0.000,0.003,0.000,0.001
13479,0.000,0.003,0.000,0.001
13480,0.000,0.003,0.000,0.001
13481,0.000,0.003,0.000,0.001
13482,0.000,0.003,0.000,0.001
13483,0.000,0.003,0.000,0.001
13484,0.000,0.003,0.000,0.001
13485,0.000,0.003,0.000,0.001
13486,0.000,0.003,0.000,0.001
13487,0.000,0.003,0.000,0.001
13488,0.000,0.003,0.000,0.001
13489,0.000,0.003,0.000,0.001
13490,0.000,0.003,0.000,0.001
13491,0.000,0.003,0.000,0.001
13492,0.000,0.003,0.000,0.001
13493,0.000,0.003,0.000,0.001
13494,0.000,0.003,0.000,0.001
13495,0.000,0.003,0.000,0.001
13496,0.000,0.003,0.000,0.001
13497,0.000,0.003,0.000,0.001
13498,0.000,0.003,0.000,0.001
13499,0.000,0.003,0.000,0.001
13500,0.000,0.003,0.000,0.001
13501,0.000,0.003,0.000,0.001
13502,0.000,0.003,0.000,0.001
13503,0.000,0.003,0.000,0.001
13504,0.000,0.003,0.000,0.001
13505,0.000,0.003,0.000,0.001
13506,0.000,0.003,0.000,0.001
13507,0.000,0.003,0.000,0.001
13508,0.000,0.003,0.000,0.001
13509,0.000,0.003,0.000,0.001
13510,0.000,0.003,0.000,0.001
13511,0.000,0.003,0.000,0.001
13512,0.000,0.003,0.000,0.001
13513,0.000,0.003,0.000,0.001
13514,0.000,0.003,0.000,0.001
13515,0.000,0.003,0.000,0.001
13516,0.000,0.003,0.000,0.001
13517,0.000,0.003,0.000,0.001
13518,0.000,0.003,0.000,0.001
13519,0.000,0.003,0.000,0.001
13520,0.000,0.003,0.000,0.001
13521,0.000,0.003,0.000,0.001
13522,0.000,0.003,0.000,0.001
13523,0.000,0.003,0.000,0.001
13524,0.000,0.003,0.000,0.001
13525,0.000,0.003,0.000,0.001
13526,0.000,0.003,0.000,0.001
13527,0.000,0.003,0.000,0.001
13528,0.000,0.003,0.000,0.001
13529,0.000,0.003,0.000,0.001
13530,0.000,0.003,0.000,0.001
13531,0.000,0.003,0.000,0.001
13532,0.000,0.003,0.000,0.001
13533,0.000,0.003,0.000,0.001
13534,0.000,0.003,0.000,0.001
13535,0.000,0.003,0.000,0.001
13536,0.000,0.003,0.000,0.001
13537,0.000,0.003,0.000,0.001
13538,0.000,0.003,0.000,0.001
13539,0.000,0.003,0.000,0.001
13540,0.000,0.003,0.000,0.001
13541,0.000,0.003,0.000,0.001
13542,0.000,0.003,0.000,0.001
13543,0.000,0.003,0.000,0.001
13544,0.000,0.003,0.000,0.001
13545,0.000,0.003,0.000,0.001
13546,0.000,0.003,0.000,0.001
13547,0.000,0.003,0.000,0.001
13548,0.000,0.003,0.000,0.001
13549,0.000,0.003,0.000,0.001
13550,0.000,0.003,0.000,0.001
13551,0.000,0.003,0.000,0.001
13552,0.000,0.003,0.000,0.001
13553,0.000,0.003,0.000,0.001
13554,0.000,0.003,0.000,0.001
13555,0.000,0.003,0.000,0.001
13556,0.000,0.003,0.000,0.001
13557,0.000,0.003,0.000,0.001
13558,0.000,0.003,0.000,0.001
13559,0.000,0.003,0.000,0.001
13560,0.000,0.003,0.000,0.001
13561,0.000,0.003,0.000,0.001
13562,0.000,0.003,0.000,0.001
13563,0.000,0.003,0.000,0.001
13564,0.000,0.003,0.000,0.001
13565,0.000,0.003,0.000,0.001
13566,0.000,0.003,0.000,0.001
13567,0.000,0.003,0.000,0.001
13568,0.000,0.003,0.000,0.001
13569,0.000,0.003,0.000,0.001
13570,0.000,0.003,0.000,0.001
13571,0.000,0.003,0.000,0.001
13572,0.000,0.003,0.000,0.001
13573,0.000,0.003,0.000,0.001
13574,0.000,0.003,0.000,0.001
13575,0.000,0.003,0.000,0.001
13576,0.000,0.003,0.000,0.001
13577,0.000,0.003,0.000,0.001
13578,0.000,0.003,0.000,0.001
13579,0.000,0.003,0.000,0.001
13580,0.000,0.003,0.000,0.001
13581,0.000,0.003,0.000,0.001
13582,0.000,0.003,0.000,0.001
13583,0.000,0.003,0.000,0.001
13584,0.000,0.003,0.000,0.001
13585,0.000,0.003,0.000,0.001
13586,0.000,0.003,0.000,0.001
13587,0.000,0.003,0.000,0.001
13588,0.000,0.003,0.000,0.001
13589,0.000,0.003,0.000,0.001
13590,0.000,0.003,0.000,0.001
13591,0.000,0.003,0.000,0.001
13592,0.000,0.003,0.000,0.001
13593,0.000,0.003,0.000,0.001
13594,0.000,0.003,0.000,0.001
13595,0.000,0.003,0.000,0.001
13596,0.000,0.003,0.000,0.001
13597,0.000,0.003,0.000,0.001
13598,0.000,0.003,0.000,0.001
13599,0.000,0.003,0.000,0.001
13600,0.000,0.003,0.000,0.001
13601,0.000,0.003,0.000,0.001
13602,0.000,0.003,0.000,0.001
13603,0.000,0.003,0.000,0.001
13604,0.000,0.003,0.000,0.001
13605,0.000,0.003,0.000,0.001
13606,0.000,0.003,0.000,0.001
13607,0.000,0.003,0.000,0.001
13608,0.000,0.003,0.000,0.001
13609,0.000,0.003,0.000,0.001
13610,0.000,0.003,0.000,0.001
13611,0.000,0.003,0.000,0.001
13612,0.000,0.003,0.000,0.001
13613,0.000,0.003,0.000,0.001
13614,0.000,0.003,0.000,0.001
13615,0.000,0.003,0.000,0.001
13616,0.000,0.003,0.000,0.001
13617,0.000,0.003,0.000,0.001
13618,0.000,0.003,0.000,0.001
13619,0.000,0.003,0.000,0.001
13620,0.000,0.003,0.000,0.001
13621,0.000,0.003,0.000,0.001
13622,0.000,0.003,0.000,0.001
13623,0.000,0.003,0.000,0.001
13624,0.000,0.003,0.000,0.001
13625,0.000,0.003,0.000,0.001
13626,0.000,0.003,0.000,0.001
13627,0.000,0.003,0.000,0.001
13628,0.000,0.003,0.000,0.001
13629,0.000,0.003,0.000,0.001
13630,0.000,0.003,0.000,0.001
13631,0.000,0.003,0.000,0.001
13632,0.000,0.003,0.000,0.001
13633,0.000,0.003,0.000,0.001
13634,0.000,0.003,0.000,0.001
13635,0.000,0.003,0.000,0.001
13636,0.000,0.003,0.000,0.001
13637,0.000,0.003,0.000,0.001
13638,0.000,0.003,0.000,0.001
13639,0.000,0.003,0.000,0.001
13640,0.000,0.003,0.000,0.001
13641,0.000,0.003,0.000,0.001
13642,0.000,0.003,0.000,0.001
13643,0.000,0.003,0.000,0.001
13644,0.000,0.003,0.000,0.001
13645,0.000,0.003,0.000,0.001
13646,0.000,0.003,0.000,0.001
13647,0.000,0.003,0.000,0.001
13648,0.000,0.003,0.000,0.001
13649,0.000,0.003,0.000,0.001
13650,0.000,0.003,0.000,0.001
13651,0.000,0.003,0.000,0.001
13652,0.000,0.003,0.000,0.001
13653,0.000,0.003,0.000,0.001
13654,0.000,0.003,0.000,0.001
13655,0.000,0.003,0.000,0.001
13656,0.000,0.003,0.000,0.001
13657,0.000,0.003,0.000,0.001
13658,0.000,0.003,0.000,0.001
13659,0.000,0.003,0.000,0.001
13660,0.000,0.003,0.000,0.001
13661,0.000,0.003,0.000,0.001
13662,0.000,0.003,0.000,0.001
13663,0.000,0.003,0.000,0.001
13664,0.000,0.003,0.000,0.001
13665,0.000,0.003,0.000,0.001
13666,0.000,0.003,0.000,0.001
13667,0.000,0.003,0.000,0.001
13668,0.000,0.003,0.000,0.001
13669,0.000,0.003,0.000,0.001
13670,0.000,0.003,0.000,0.001
13671,0.000,0.003,0.000,0.001
13672,0.000,0.003,0.000,0.001
13673,0.000,0.003,0.000,0.001
13674,0.000,0.003,0.000,0.001
13675,0.000,0.003,0.000,0.001
13676,0.000,0.003,0.000,0.001
13677,0.000,0.003,0.000,0.001
13678,0.000,0.003,0.000,0.001
13679,0.000,0.003,0.000,0.001
13680,0.000,0.003,0.000,0.001
13681,0.000,0.003,0.000,0.001
13682,0.000,0.003,0.000,0.001
13683,0.000,0.003,0.000,0.001
13684,0.000,0.003,0.000,0.001
13685,0.000,0.003,0.000,0.001
13686,0.000,0.003,0.000,0.001
13687,0.000,0.003,0.000,0.001
13688,0.000,0.003,0.000,0.001
13689,0.000,0.003,0.000,0.001
13690,0.000,0.003,0.000,0.001
13691,0.000,0.003,0.000,0.001
13692,0.000,0.003,0.000,0.001
13693,0.000,0.003,0.000,0.001
13694,0.000,0.003,0.000,0.001
13695,0.000,0.003,0.000,0.001
13696,0.000,0.003,0.000,0.001
13697,0.000,0.003,0.000,0.001
13698,0.000,0.003,0.000,0.001
13699,0.000,0.003,0.000,0.001
13700,0.000,0.003,0.000,0.001
13701,0.000,0.003,0.000,0.001
13702,0.000,0.003,0.000,0.001
13703,0.000,0.003,0.000,0.001
13704,0.000,0.003,0.000,0.001
13705,0.000,0.003,0.000,0.001
13706,0.000,0.003,0.000,0.001
13707,0.000,0.003,0.000,0.001
13708,0.000,0.003,0.000,0.001
13709,0.000,0.003,0.000,0.001
13710,0.000,0.003,0.000,0.001
13711,0.000,0.003,0.000,0.001
13712,0.000,0.003,0.000,0.001
13713,0.000,0.003,0.000,0.001
13714,0.000,0.003,0.000,0.001
13715,0.000,0.003,0.000,0.001
13716,0.000,0.003,0.000,0.001
13717,0.000,0.003,0.000,0.001
13718,0.000,0.003,0.000,0.001
13719,0.000,0.003,0.000,0.001
13720,0.000,0.003,0.000,0.001
13721,0.000,0.003,0.000,0.001
13722,0.000,0.003,0.000,0.001
13723,0.000,0.003,0.000,0.001
13724,0.000,0.003,0.000,0.001
13725,0.000,0.003,0.000,0.001
13726,0.000,0.003,0.000,0.001
13727,0.000,0.003,0.000,0.001
13728,0.000,0.003,0.000,0.001
13729,0.000,0.003,0.000,0.001
13730,0.000,0.003,0.000,0.001
13731,0.000,0.003,0.000,0.001
13732,0.000,0.003,0.000,0.001
13733,0.000,0.003,0.000,0.001
13734,0.000,0.003,0.000,0.001
13735,0.000,0.003,0.000,0.001
13736,0.000,0.003,0.000,0.001
13737,0.000,0.003,0.000,0.001
13738,0.000,0.003,0.000,0.001
13739,0.000,0.003,0.000,0.001
13740,0.000,0.003,0.000,0.001
13741,0.000,0.003,0.000,0.001
13742,0.000,0.003,0.000,0.001
13743,0.000,0.003,0.000,0.001
13744,0.000,0.003,0.000,0.001
13745,0.000,0.003,0.000,0.001
13746,0.000,0.003,0.000,0.001
13747,0.000,0.003,0.000,0.001
13748,0.000,0.003,0.000,0.001
13749,0.000,0.003,0.000,0.001
13750,0.000,0.003,0.000,0.001
13751,0.000,0.003,0.000,0.001
13752,0.000,0.003,0.000,0.001
13753,0.000,0.003,0.000,0.001
13754,0.000,0.003,0.000,0.001
13755,0.000,0.003,0.000,0.001
13756,0.000,0.003,0.000,0.001
13757,0.000,0.003,0.000,0.001
13758,0.000,0.003,0.000,0.001
13759,0.000,0.003,0.000,0.001
13760,0.000,0.003,0.000,0.001
13761,0.000,0.003,0.000,0.001
13762,0.000,0.003,0.000,0.001
13763,0.000,0.003,0.000,0.001
13764,0.000,0.003,0.000,0.001
13765,0.000,0.003,0.000,0.001
13766,0.000,0.003,0.000,0.001
13767,0.000,0.003,0.000,0.001
13768,0.000,0.003,0.000,0.001
13769,0.000,0.003,0.000,0.001
13770,0.000,0.003,0.000,0.001
13771,0.000,0.003,0.000,0.001
13772,0.000,0.003,0.000,0.001
13773,0.000,0.003,0.000,0.001
13774,0.000,0.003,0.000,0.001
13775,0.000,0.003,0.000,0.001
13776,0.000,0.003,0.000,0.001
13777,0.000,0.003,0.000,0.001
13778,0.000,0.003,0.000,0.001
13779,0.000,0.003,0.000,0.001
13780,0.000,0.003,0.000,0.001
13781,0.000,0.003,0.000,0.001
13782,0.000,0.003,0.000,0.001
13783,0.000,0.003,0.000,0.001
13784,0.000,0.003,0.000,0.001
13785,0.000,0.003,0.000,0.001
13786,0.000,0.003,0.000,0.001
13787,0.000,0.003,0.000,0.001
13788,0.000,0.003,0.000,0.001
13789,0.000,0.003,0.000,0.001
13790,0.000,0.003,0.000,0.001
13791,0.000,0.003,0.000,0.001
13792,0.000,0.003,0.000,0.001
13793,0.000,0.003,0.000,0.001
13794,0.000,0.003,0.000,0.001
13795,0.000,0.003,0.000,0.001
13796,0.000,0.003,0.000,0.001
13797,0.000,0.003,0.000,0.001
13798,0.000,0.003,0.000,0.001
13799,0.000,0.003,0.000,0.001
13800,0.000,0.003,0.000,0.001
13801,0.000,0.003,0.000,0.001
13802,0.000,0.003,0.000,0.001
13803,0.000,0.003,0.000,0.001
13804,0.000,0.003,0.000,0.001
13805,0.000,0.003,0.000,0.001
13806,0.000,0.003,0.000,0.001
13807,0.000,0.003,0.000,0.001
13808,0.000,0.003,0.000,0.001
13809,0.000,0.003,0.000,0.001
13810,0.000,0.003,0.000,0.001
13811,0.000,0.003,0.000,0.001
13812,0.000,0.003,0.000,0.001
13813,0.000,0.003,0.000,0.001
13814,0.000,0.003,0.000,0.001
13815,0.000,0.003,0.000,0.001
13816,0.000,0.003,0.000,0.001
13817,0.000,0.003,0.000,0.001
13818,0.000,0.003,0.000,0.001
13819,0.000,0.003,0.000,0.001
13820,0.000,0.003,0.000,0.001
13821,0.000,0.003,0.000,0.001
13822,0.000,0.003,0.000,0.001
13823,0.000,0.003,0.000,0.001
13824,0.000,0.003,0.000,0.001
13825,0.000,0.003,0.000,0.001
13826,0.000,0.003,0.000,0.001
13827,0.000,0.003,0.000,0.001
13828,0.000,0.003,0.000,0.001
13829,0.000,0.003,0.000,0.001
13830,0.000,0.003,0.000,0.001
13831,0.000,0.003,0.000,0.001
13832,0.000,0.003,0.000,0.001
13833,0.000,0.003,0.000,0.001
13834,0.000,0.003,0.000,0.001
13835,0.000,0.003,0.000,0.001
13836,0.000,0.003,0.000,0.001
13837,0.000,0.003,0.000,0.001
13838,0.000,0.003,0.000,0.001
13839,0.000,0.003,0.000,0.001
13840,0.000,0.003,0.000,0.001
13841,0.000,0.003,0.000,0.001
13842,0.000,0.003,0.000,0.001
13843,0.000,0.003,0.000,0.001
13844,0.000,0.003,0.000,0.001
13845,0.000,0.003,0.000,0.001
13846,0.000,0.003,0.000,0.001
13847,0.000,0.003,0.000,0.001
13848,0.000,0.003,0.000,0.001
13849,0.000,0.003,0.000,0.001
13850,0.000,0.003,0.000,0.001
13851,0.000,0.003,0.000,0.001
13852,0.000,0.003,0.000,0.001
13853,0.000,0.003,0.000,0.001
13854,0.000,0.003,0.000,0.001
13855,0.000,0.003,0.000,0.001
13856,0.000,0.003,0.000,0.001
13857,0.000,0.003,0.000,0.001
13858,0.000,0.003,0.000,0.001
13859,0.000,0.003,0.000,0.001
13860,0.000,0.003,0.000,0.001
13861,0.000,0.003,0.000,0.001
13862,0.000,0.003,0.000,0.001
13863,0.000,0.003,0.000,0.001
13864,0.000,0.003,0.000,0.001
13865,0.000,0.003,0.000,0.001
13866,0.000,0.003,0.000,0.001
13867,0.000,0.003,0.000,0.001
13868,0.000,0.003,0.000,0.001
13869,0.000,0.003,0.000,0.001
13870,0.000,0.003,0.000,0.001
13871,0.000,0.003,0.000,0.001
13872,0.000,0.003,0.000,0.001
13873,0.000,0.003,0.000,0.001
13874,0.000,0.003,0.000,0.001
13875,0.000,0.003,0.000,0.001
13876,0.000,0.003,0.000,0.001
13877,0.000,0.003,0.000,0.001
13878,0.000,0.003,0.000,0.001
13879,0.000,0.003,0.000,0.001
13880,0.000,0.003,0.000,0.001
13881,0.000,0.003,0.000,0.001
13882,0.000,0.003,0.000,0.001
13883,0.000,0.003,0.000,0.001
13884,0.000,0.003,0.000,0.001
13885,0.000,0.003,0.000,0.001
13886,0.000,0.003,0.000,0.001
13887,0.000,0.003,0.000,0.001
13888,0.000,0.003,0.000,0.001
13889,0.000,0.003,0.000,0.001
13890,0.000,0.003,0.000,0.001
13891,0.000,0.003,0.000,0.001
13892,0.000,0.003,0.000,0.001
13893,0.000,0.003,0.000,0.001
13894,0.000,0.003,0.000,0.001
13895,0.000,0.003,0.000,0.001
13896,0.000,0.003,0.000,0.001
13897,0.000,0.003,0.000,0.001
13898,0.000,0.003,0.000,0.001
13899,0.000,0.003,0.000,0.001
13900,0.000,0.003,0.000,0.001
13901,0.000,0.003,0.000,0.001
13902,0.000,0.003,0.000,0.001
13903,0.000,0.003,0.000,0.001
13904,0.000,0.003,0.000,0.001
13905,0.000,0.003,0.000,0.001
13906,0.000,0.003,0.000,0.001
13907,0.000,0.003,0.000,0.001
13908,0.000,0.003,0.000,0.001
13909,0.000,0.003,0.000,0.001
13910,0.000,0.003,0.000,0.001
13911,0.000,0.003,0.000,0.001
13912,0.000,0.003,0.000,0.001
13913,0.000,0.003,0.000,0.001
13914,0.000,0.003,0.000,0.001
13915,0.000,0.003,0.000,0.001
13916,0.000,0.003,0.000,0.001
13917,0.000,0.003,0.000,0.001
13918,0.000,0.003,0.000,0.001
13919,0.000,0.003,0.000,0.001
13920,0.000,0.003,0.000,0.001
13921,0.000,0.003,0.000,0.001
13922,0.000,0.003,0.000,0.001
13923,0.000,0.003,0.000,0.001
13924,0.000,0.003,0.000,0.001
13925,0.000,0.003,0.000,0.001
13926,0.000,0.003,0.000,0.001
13927,0.000,0.003,0.000,0.001
13928,0.000,0.003,0.000,0.001
13929,0.000,0.003,0.000,0.001
13930,0.000,0.003,0.000,0.001
13931,0.000,0.003,0.000,0.001
13932,0.000,0.003,0.000,0.001
13933,0.000,0.003,0.000,0.001
13934,0.000,0.003,0.000,0.001
13935,0.000,0.003,0.000,0.001
13936,0.000,0.003,0.000,0.001
13937,0.000,0.003,0.000,0.001
13938,0.000,0.003,0.000,0.001
13939,0.000,0.003,0.000,0.001
13940,0.000,0.003,0.000,0.001
13941,0.000,0.003,0.000,0.001
13942,0.000,0.003,0.000,0.001
13943,0.000,0.003,0.000,0.001
13944,0.000,0.003,0.000,0.001
13945,0.000,0.003,0.000,0.001
13946,0.000,0.003,0.000,0.001
13947,0.000,0.003,0.000,0.001
13948,0.000,0.003,0.000,0.001
13949,0.000,0.003,0.000,0.001
13950,0.000,0.003,0.000,0.001
13951,0.000,0.003,0.000,0.001
13952,0.000,0.003,0.000,0.001
13953,0.000,0.003,0.000,0.001
13954,0.000,0.003,0.000,0.001
13955,0.000,0.003,0.000,0.001
13956,0.000,0.003,0.000,0.001
13957,0.000,0.003,0.000,0.001
13958,0.000,0.003,0.000,0.001
13959,0.000,0.003,0.000,0.001
13960,0.000,0.003,0.000,0.001
13961,0.000,0.003,0.000,0.001
13962,0.000,0.003,0.000,0.001
13963,0.000,0.003,0.000,0.001
13964,0.000,0.003,0.000,0.001
13965,0.000,0.003,0.000,0.001
13966,0.000,0.003,0.000,0.001
13967,0.000,0.003,0.000,0.001
13968,0.000,0.003,0.000,0.001
13969,0.000,0.003,0.000,0.001
13970,0.000,0.003,0.000,0.001
13971,0.000,0.003,0.000,0.001
13972,0.000,0.003,0.000,0.001
13973,0.000,0.003,0.000,0.001
13974,0.000,0.003,0.000,0.001
13975,0.000,0.003,0.000,0.001
13976,0.000,0.003,0.000,0.001
13977,0.000,0.003,0.000,0.001
13978,0.000,0.003,0.000,0.001
13979,0.000,0.003,0.000,0.001
13980,0.000,0.003,0.000,0.001
13981,0.000,0.003,0.000,0.001
13982,0.000,0.003,0.000,0.001
13983,0.000,0.003,0.000,0.001
13984,0.000,0.003,0.000,0.001
13985,0.000,0.003,0.000,0.001
13986,0.000,0.003,0.000,0.001
13987,0.000,0.003,0.000,0.001
13988,0.000,0.003,0.000,0.001
13989,0.000,0.003,0.000,0.001
13990,0.000,0.003,0.000,0.001
13991,0.000,0.003,0.000,0.001
13992,0.000,0.003,0.000,0.001
13993,0.000,0.003,0.000,0.001
13994,0.000,0.003,0.000,0.001
13995,0.000,0.003,0.000,0.001
13996,0.000,0.003,0.000,0.001
13997,0.000,0.003,0.000,0.001
13998,0.000,0.003,0.000,0.001
13999,0.000,0.003,0.000,0.001
14000,0.000,0.003,0.000,0.001
14001,0.000,0.003,0.000,0.001
14002,0.000,0.003,0.000,0.001
14003,0.000,0.003,0.000,0.001
14004,0.000,0.003,0.000,0.001
14005,0.000,0.003,0.000,0.001
14006,0.000,0.003,0.000,0.001
14007,0.000,0.003,0.000,0.001
14008,0.000,0.003,0.000,0.001
14009,0.000,0.003,0.000,0.001
14010,0.000,0.003,0.000,0.001
14011,0.000,0.003,0.000,0.001
14012,0.000,0.003,0.000,0.001
14013,0.000,0.003,0.000,0.001
14014,0.000,0.003,0.000,0.001
14015,0.000,0.003,0.000,0.001
14016,0.000,0.003,0.000,0.001
14017,0.000,0.003,0.000,0.001
14018,0.000,0.003,0.000,0.001
14019,0.000,0.003,0.000,0.001
14020,0.000,0.003,0.000,0.001
14021,0.000,0.003,0.000,0.001
14022,0.000,0.003,0.000,0.001
14023,0.000,0.003,0.000,0.001
14024,0.000,0.003,0.000,0.001
14025,0.000,0.003,0.000,0.001
14026,0.000,0.003,0.000,0.001
14027,0.000,0.003,0.000,0.001
14028,0.000,0.003,0.000,0.001
14029,0.000,0.003,0.000,0.001
14030,0.000,0.003,0.000,0.001
14031,0.000,0.003,0.000,0.001
14032,0.000,0.003,0.000,0.001
14033,0.000,0.003,0.000,0.001
14034,0.000,0.003,0.000,0.001
14035,0.000,0.003,0.000,0.001
14036,0.000,0.003,0.000,0.001
14037,0.000,0.003,0.000,0.001
14038,0.000,0.003,0.000,0.001
14039,0.000,0.003,0.000,0.001
14040,0.000,0.003,0.000,0.001
14041,0.000,0.003,0.000,0.001
14042,0.000,0.003,0.000,0.001
14043,0.000,0.003,0.000,0.001
14044,0.000,0.003,0.000,0.001
14045,0.000,0.003,0.000,0.001
14046,0.000,0.003,0.000,0.001
14047,0.000,0.003,0.000,0.001
14048,0.000,0.003,0.000,0.001
14049,0.000,0.003,0.000,0.001
14050,0.000,0.003,0.000,0.001
14051,0.000,0.003,0.000,0.001
14052,0.000,0.003,0.000,0.001
14053,0.000,0.003,0.000,0.001
14054,0.000,0.003,0.000,0.001
14055,0.000,0.003,0.000,0.001
14056,0.000,0.003,0.000,0.001
14057,0.000,0.003,0.000,0.001
14058,0.000,0.003,0.000,0.001
14059,0.000,0.003,0.000,0.001
14060,0.000,0.003,0.000,0.001
14061,0.000,0.003,0.000,0.001
14062,0.000,0.003,0.000,0.001
14063,0.000,0.003,0.000,0.001
14064,0.000,0.003,0.000,0.001
14065,0.000,0.003,0.000,0.001
14066,0.000,0.003,0.000,0.001
14067,0.000,0.003,0.000,0.001
14068,0.000,0.003,0.000,0.001
14069,0.000,0.003,0.000,0.001
14070,0.000,0.003,0.000,0.001
14071,0.000,0.003,0.000,0.001
14072,0.000,0.003,0.000,0.001
14073,0.000,0.003,0.000,0.001
14074,0.000,0.003,0.000,0.001
14075,0.000,0.003,0.000,0.001
14076,0.000,0.003,0.000,0.001
14077,0.000,0.003,0.000,0.001
14078,0.000,0.003,0.000,0.001
14079,0.000,0.003,0.000,0.001
14080,0.000,0.003,0.000,0.001
14081,0.000,0.003,0.000,0.001
14082,0.000,0.003,0.000,0.001
14083,0.000,0.003,0.000,0.001
14084,0.000,0.003,0.000,0.001
14085,0.000,0.003,0.000,0.001
14086,0.000,0.003,0.000,0.001
14087,0.000,0.003,0.000,0.001
14088,0.000,0.003,0.000,0.001
14089,0.000,0.003,0.000,0.001
14090,0.000,0.003,0.000,0.001
14091,0.000,0.003,0.000,0.001
14092,0.000,0.003,0.000,0.001
14093,0.000,0.003,0.000,0.001
14094,0.000,0.003,0.000,0.001
14095,0.000,0.003,0.000,0.001
14096,0.000,0.003,0.000,0.001
14097,0.000,0.003,0.000,0.001
14098,0.000,0.003,0.000,0.001
14099,0.000,0.003,0.000,0.001
14100,0.000,0.003,0.000,0.001
14101,0.000,0.003,0.000,0.001
14102,0.000,0.003,0.000,0.001
14103,0.000,0.003,0.000,0.001
14104,0.000,0.003,0.000,0.001
14105,0.000,0.003,0.000,0.001
14106,0.000,0.003,0.000,0.001
14107,0.000,0.003,0.000,0.001
14108,0.000,0.003,0.000,0.001
14109,0.000,0.003,0.000,0.001
14110,0.000,0.003,0.000,0.001
14111,0.000,0.003,0.000,0.001
14112,0.000,0.003,0.000,0.001
14113,0.000,0.003,0.000,0.001
14114,0.000,0.003,0.000,0.001
14115,0.000,0.003,0.000,0.001
14116,0.000,0.003,0.000,0.001
14117,0.000,0.003,0.000,0.001
14118,0.000,0.003,0.000,0.001
14119,0.000,0.003,0.000,0.001
14120,0.000,0.003,0.000,0.001
14121,0.000,0.003,0.000,0.001
14122,0.000,0.003,0.000,0.001
14123,0.000,0.003,0.000,0.001
14124,0.000,0.003,0.000,0.001
14125,0.000,0.003,0.000,0.001
14126,0.000,0.003,0.000,0.001
14127,0.000,0.003,0.000,0.001
14128,0.000,0.003,0.000,0.001
14129,0.000,0.003,0.000,0.001
14130,0.000,0.003,0.000,0.001
14131,0.000,0.003,0.000,0.001
14132,0.000,0.003,0.000,0.001
14133,0.000,0.003,0.000,0.001
14134,0.000,0.003,0.000,0.001
14135,0.000,0.003,0.000,0.001
14136,0.000,0.003,0.000,0.001
14137,0.000,0.003,0.000,0.001
14138,0.000,0.003,0.000,0.001
14139,0.000,0.003,0.000,0.001
14140,0.000,0.003,0.000,0.001
14141,0.000,0.003,0.000,0.001
14142,0.000,0.003,0.000,0.001
14143,0.000,0.003,0.000,0.001
14144,0.000,0.003,0.000,0.001
14145,0.000,0.003,0.000,0.001
14146,0.000,0.003,0.000,0.001
14147,0.000,0.003,0.000,0.001
14148,0.000,0.003,0.000,0.001
14149,0.000,0.003,0.000,0.001
14150,0.000,0.003,0.000,0.001
14151,0.000,0.003,0.000,0.001
14152,0.000,0.003,0.000,0.001
14153,0.000,0.003,0.000,0.001
14154,0.000,0.003,0.000,0.001
14155,0.000,0.003,0.000,0.001
14156,0.000,0.003,0.000,0.001
14157,0.000,0.003,0.000,0.001
14158,0.000,0.003,0.000,0.001
14159,0.000,0.003,0.000,0.001
14160,0.000,0.003,0.000,0.001
14161,0.000,0.003,0.000,0.001
14162,0.000,0.003,0.000,0.001
14163,0.000,0.003,0.000,0.001
14164,0.000,0.003,0.000,0.001
14165,0.000,0.003,0.000,0.001
14166,0.000,0.003,0.000,0.001
14167,0.000,0.003,0.000,0.001
14168,0.000,0.003,0.000,0.001
14169,0.000,0.003,0.000,0.001
14170,0.000,0.003,0.000,0.001
14171,0.000,0.003,0.000,0.001
14172,0.000,0.003,0.000,0.001
14173,0.000,0.003,0.000,0.001
14174,0.000,0.003,0.000,0.001
14175,0.000,0.003,0.000,0.001
14176,0.000,0.003,0.000,0.001
14177,0.000,0.003,0.000,0.001
14178,0.000,0.003,0.000,0.001
14179,0.000,0.003,0.000,0.001
14180,0.000,0.003,0.000,0.001
14181,0.000,0.003,0.000,0.001
14182,0.000,0.003,0.000,0.001
14183,0.000,0.003,0.000,0.001
14184,0.000,0.003,0.000,0.001
14185,0.000,0.003,0.000,0.001
14186,0.000,0.003,0.000,0.001
14187,0.000,0.003,0.000,0.001
14188,0.000,0.003,0.000,0.001
14189,0.000,0.003,0.000,0.001
14190,0.000,0.003,0.000,0.001
14191,0.000,0.003,0.000,0.001
14192,0.000,0.003,0.000,0.001
14193,0.000,0.003,0.000,0.001
14194,0.000,0.003,0.000,0.001
14195,0.000,0.003,0.000,0.001
14196,0.000,0.003,0.000,0.001
14197,0.000,0.003,0.000,0.001
14198,0.000,0.003,0.000,0.001
14199,0.000,0.003,0.000,0.001
14200,0.000,0.003,0.000,0.001
14201,0.000,0.003,0.000,0.001
14202,0.000,0.003,0.000,0.001
14203,0.000,0.003,0.000,0.001
14204,0.000,0.003,0.000,0.001
14205,0.000,0.003,0.000,0.001
14206,0.000,0.003,0.000,0.001
14207,0.000,0.003,0.000,0.001
14208,0.000,0.003,0.000,0.001
14209,0.000,0.003,0.000,0.001
14210,0.000,0.003,0.000,0.001
14211,0.000,0.003,0.000,0.001
14212,0.000,0.003,0.000,0.001
14213,0.000,0.003,0.000,0.001
14214,0.000,0.003,0.000,0.001
14215,0.000,0.003,0.000,0.001
14216,0.000,0.003,0.000,0.001
14217,0.000,0.003,0.000,0.001
14218,0.000,0.003,0.000,0.001
14219,0.000,0.003,0.000,0.001
14220,0.000,0.003,0.000,0.001
14221,0.000,0.003,0.000,0.001
14222,0.000,0.003,0.000,0.001
14223,0.000,0.003,0.000,0.001
14224,0.000,0.003,0.000,0.001
14225,0.000,0.003,0.000,0.001
14226,0.000,0.003,0.000,0.001
14227,0.000,0.003,0.000,0.001
14228,0.000,0.003,0.000,0.001
14229,0.000,0.003,0.000,0.001
14230,0.000,0.003,0.000,0.001
14231,0.000,0.003,0.000,0.001
14232,0.000,0.003,0.000,0.001
14233,0.000,0.003,0.000,0.001
14234,0.000,0.003,0.000,0.001
14235,0.000,0.003,0.000,0.001
14236,0.000,0.003,0.000,0.001
14237,0.000,0.003,0.000,0.001
14238,0.000,0.003,0.000,0.001
14239,0.000,0.003,0.000,0.001
14240,0.000,0.003,0.000,0.001
14241,0.000,0.003,0.000,0.001
14242,0.000,0.003,0.000,0.001
14243,0.000,0.003,0.000,0.001
14244,0.000,0.003,0.000,0.001
14245,0.000,0.003,0.000,0.001
14246,0.000,0.003,0.000,0.001
14247,0.000,0.003,0.000,0.001
14248,0.000,0.003,0.000,0.001
14249,0.000,0.003,0.000,0.001
14250,0.000,0.003,0.000,0.001
14251,0.000,0.003,0.000,0.001
14252,0.000,0.003,0.000,0.001
14253,0.000,0.003,0.000,0.001
14254,0.000,0.003,0.000,0.001
14255,0.000,0.003,0.000,0.001
14256,0.000,0.003,0.000,0.001
14257,0.000,0.003,0.000,0.001
14258,0.000,0.003,0.000,0.001
14259,0.000,0.003,0.000,0.001
14260,0.000,0.003,0.000,0.001
14261,0.000,0.003,0.000,0.001
14262,0.000,0.003,0.000,0.001
14263,0.000,0.003,0.000,0.001
14264,0.000,0.003,0.000,0.001
14265,0.000,0.003,0.000,0.001
14266,0.000,0.003,0.000,0.001
14267,0.000,0.003,0.000,0.001
14268,0.000,0.003,0.000,0.001
14269,0.000,0.003,0.000,0.001
14270,0.000,0.003,0.000,0.001
14271,0.000,0.003,0.000,0.001
14272,0.000,0.003,0.000,0.001
14273,0.000,0.003,0.000,0.001
14274,0.000,0.003,0.000,0.001
14275,0.000,0.003,0.000,0.001
14276,0.000,0.003,0.000,0.001
14277,0.000,0.003,0.000,0.001
14278,0.000,0.003,0.000,0.001
14279,0.000,0.003,0.000,0.001
14280,0.000,0.003,0.000,0.001
14281,0.000,0.003,0.000,0.001
14282,0.000,0.003,0.000,0.001
14283,0.000,0.003,0.000,0.001
14284,0.000,0.003,0.000,0.001
14285,0.000,0.003,0.000,0.001
14286,0.000,0.003,0.000,0.001
14287,0.000,0.003,0.000,0.001
14288,0.000,0.003,0.000,0.001
14289,0.000,0.003,0.000,0.001
14290,0.000,0.003,0.000,0.001
14291,0.000,0.003,0.000,0.001
14292,0.000,0.003,0.000,0.001
14293,0.000,0.003,0.000,0.001
14294,0.000,0.003,0.000,0.001
14295,0.000,0.003,0.000,0.001
14296,0.000,0.003,0.000,0.001
14297,0.000,0.003,0.000,0.001
14298,0.000,0.003,0.000,0.001
14299,0.000,0.003,0.000,0.001
14300,0.000,0.003,0.000,0.001
14301,0.000,0.003,0.000,0.001
14302,0.000,0.003,0.000,0.001
14303,0.000,0.003,0.000,0.001
14304,0.000,0.003,0.000,0.001
14305,0.000,0.003,0.000,0.001
14306,0.000,0.003,0.000,0.001
14307,0.000,0.003,0.000,0.001
14308,0.000,0.003,0.000,0.001
14309,0.000,0.003,0.000,0.001
14310,0.000,0.003,0.000,0.001
14311,0.000,0.003,0.000,0.001
14312,0.000,0.003,0.000,0.001
14313,0.000,0.003,0.000,0.001
14314,0.000,0.003,0.000,0.001
14315,0.000,0.003,0.000,0.001
14316,0.000,0.003,0.000,0.001
14317,0.000,0.003,0.000,0.001
14318,0.000,0.003,0.000,0.001
14319,0.000,0.003,0.000,0.001
14320,0.000,0.003,0.000,0.001
14321,0.000,0.003,0.000,0.001
14322,0.000,0.003,0.000,0.001
14323,0.000,0.003,0.000,0.001
14324,0.000,0.003,0.000,0.001
14325,0.000,0.003,0.000,0.001
14326,0.000,0.003,0.000,0.001
14327,0.000,0.003,0.000,0.001
14328,0.000,0.003,0.000,0.001
14329,0.000,0.003,0.000,0.001
14330,0.000,0.003,0.000,0.001
14331,0.000,0.003,0.000,0.001
14332,0.000,0.003,0.000,0.001
14333,0.000,0.003,0.000,0.001
14334,0.000,0.003,0.000,0.001
14335,0.000,0.003,0.000,0.001
14336,0.000,0.003,0.000,0.001
14337,0.000,0.003,0.000,0.001
14338,0.000,0.003,0.000,0.001
14339,0.000,0.003,0.000,0.001
14340,0.000,0.003,0.000,0.001
14341,0.000,0.003,0.000,0.001
14342,0.000,0.003,0.000,0.001
14343,0.000,0.003,0.000,0.001
14344,0.000,0.003,0.000,0.001
14345,0.000,0.003,0.000,0.001
14346,0.000,0.003,0.000,0.001
14347,0.000,0.003,0.000,0.001
14348,0.000,0.003,0.000,0.001
14349,0.000,0.003,0.000,0.001
14350,0.000,0.003,0.000,0.001
14351,0.000,0.003,0.000,0.001
14352,0.000,0.003,0.000,0.001
14353,0.000,0.003,0.000,0.001
14354,0.000,0.003,0.000,0.001
14355,0.000,0.003,0.000,0.001
14356,0.000,0.003,0.000,0.001
14357,0.000,0.003,0.000,0.001
14358,0.000,0.003,0.000,0.001
14359,0.000,0.003,0.000,0.001
14360,0.000,0.003,0.000,0.001
14361,0.000,0.003,0.000,0.001
14362,0.000,0.003,0.000,0.001
14363,0.000,0.003,0.000,0.001
14364,0.000,0.003,0.000,0.001
14365,0.000,0.003,0.000,0.001
14366,0.000,0.003,0.000,0.001
14367,0.000,0.003,0.000,0.001
14368,0.000,0.003,0.000,0.001
14369,0.000,0.003,0.000,0.001
14370,0.000,0.003,0.000,0.001
14371,0.000,0.003,0.000,0.001
14372,0.000,0.003,0.000,0.001
14373,0.000,0.003,0.000,0.001
14374,0.000,0.003,0.000,0.001
14375,0.000,0.003,0.000,0.001
14376,0.000,0.003,0.000,0.001
14377,0.000,0.003,0.000,0.001
14378,0.000,0.003,0.000,0.001
14379,0.000,0.003,0.000,0.001
14380,0.000,0.003,0.000,0.001
14381,0.000,0.003,0.000,0.001
14382,0.000,0.003,0.000,0.001
14383,0.000,0.003,0.000,0.001
14384,0.000,0.003,0.000,0.001
14385,0.000,0.003,0.000,0.001
14386,0.000,0.003,0.000,0.001
14387,0.000,0.003,0.000,0.001
14388,0.000,0.003,0.000,0.001
14389,0.000,0.003,0.000,0.001
14390,0.000,0.003,0.000,0.001
14391,0.000,0.003,0.000,0.001
14392,0.000,0.003,0.000,0.001
14393,0.000,0.003,0.000,0.001
14394,0.000,0.003,0.000,0.001
14395,0.000,0.003,0.000,0.001
14396,0.000,0.003,0.000,0.001
14397,0.000,0.003,0.000,0.001
14398,0.000,0.003,0.000,0.001
14399,0.000,0.003,0.000,0.001
14400,0.000,0.003,0.000,0.001
14401,0.000,0.003,0.000,0.001
14402,0.000,0.003,0.000,0.001
14403,0.000,0.003,0.000,0.001
14404,0.000,0.003,0.000,0.001
14405,0.000,0.003,0.000,0.001
14406,0.000,0.003,0.000,0.001
14407,0.000,0.003,0.000,0.001
14408,0.000,0.003,0.000,0.001
14409,0.000,0.003,0.000,0.001
14410,0.000,0.003,0.000,0.001
14411,0.000,0.003,0.000,0.001
14412,0.000,0.003,0.000,0.001
14413,0.000,0.003,0.000,0.001
14414,0.000,0.003,0.000,0.001
14415,0.000,0.003,0.000,0.001
14416,0.000,0.003,0.000,0.001
14417,0.000,0.003,0.000,0.001
14418,0.000,0.003,0.000,0.001
14419,0.000,0.003,0.000,0.001
14420,0.000,0.003,0.000,0.001
14421,0.000,0.003,0.000,0.001
14422,0.000,0.003,0.000,0.001
14423,0.000,0.003,0.000,0.001
14424,0.000,0.003,0.000,0.001
14425,0.000,0.003,0.000,0.001
14426,0.000,0.003,0.000,0.001
14427,0.000,0.003,0.000,0.001
14428,0.000,0.003,0.000,0.001
14429,0.000,0.003,0.000,0.001
14430,0.000,0.003,0.000,0.001
14431,0.000,0.003,0.000,0.001
14432,0.000,0.003,0.000,0.001
14433,0.000,0.003,0.000,0.001
14434,0.000,0.003,0.000,0.001
14435,0.000,0.003,0.000,0.001
14436,0.000,0.003,0.000,0.001
14437,0.000,0.003,0.000,0.001
14438,0.000,0.003,0.000,0.001
14439,0.000,0.003,0.000,0.001
14440,0.000,0.003,0.000,0.001
14441,0.000,0.003,0.000,0.001
14442,0.000,0.003,0.000,0.001
14443,0.000,0.003,0.000,0.001
14444,0.000,0.003,0.000,0.001
14445,0.000,0.003,0.000,0.001
14446,0.000,0.003,0.000,0.001
14447,0.000,0.003,0.000,0.001
14448,0.000,0.003,0.000,0.001
14449,0.000,0.003,0.000,0.001
14450,0.000,0.003,0.000,0.001
14451,0.000,0.003,0.000,0.001
14452,0.000,0.003,0.000,0.001
14453,0.000,0.003,0.000,0.001
14454,0.000,0.003,0.000,0.001
14455,0.000,0.003,0.000,0.001
14456,0.000,0.003,0.000,0.001
14457,0.000,0.003,0.000,0.001
14458,0.000,0.003,0.000,0.001
14459,0.000,0.003,0.000,0.001
14460,0.000,0.003,0.000,0.001
14461,0.000,0.003,0.000,0.001
14462,0.000,0.003,0.000,0.001
14463,0.000,0.003,0.000,0.001
14464,0.000,0.003,0.000,0.001
14465,0.000,0.003,0.000,0.001
14466,0.000,0.003,0.000,0.001
14467,0.000,0.003,0.000,0.001
14468,0.000,0.003,0.000,0.001
14469,0.000,0.003,0.000,0.001
14470,0.000,0.003,0.000,0.001
14471,0.000,0.003,0.000,0.001
14472,0.000,0.003,0.000,0.001
14473,0.000,0.003,0.000,0.001
14474,0.000,0.003,0.000,0.001
14475,0.000,0.003,0.000,0.001
14476,0.000,0.003,0.000,0.001
14477,0.000,0.003,0.000,0.001
14478,0.000,0.003,0.000,0.001
14479,0.000,0.003,0.000,0.001
14480,0.000,0.003,0.000,0.001
14481,0.000,0.003,0.000,0.001
14482,0.000,0.003,0.000,0.001
14483,0.000,0.003,0.000,0.001
14484,0.000,0.003,0.000,0.001
14485,0.000,0.003,0.000,0.001
14486,0.000,0.003,0.000,0.001
14487,0.000,0.003,0.000,0.001
14488,0.000,0.003,0.000,0.001
14489,0.000,0.003,0.000,0.001
14490,0.000,0.003,0.000,0.001
14491,0.000,0.003,0.000,0.001
14492,0.000,0.003,0.000,0.001
14493,0.000,0.003,0.000,0.001
14494,0.000,0.003,0.000,0.001
14495,0.000,0.003,0.000,0.001
14496,0.000,0.003,0.000,0.001
14497,0.000,0.003,0.000,0.001
14498,0.000,0.003,0.000,0.001
14499,0.000,0.003,0.000,0.001
14500,0.000,0.003,0.000,0.001
14501,0.000,0.003,0.000,0.001
14502,0.000,0.003,0.000,0.001
14503,0.000,0.003,0.000,0.001
14504,0.000,0.003,0.000,0.001
14505,0.000,0.003,0.000,0.001
14506,0.000,0.003,0.000,0.001
14507,0.000,0.003,0.000,0.001
14508,0.000,0.003,0.000,0.001
14509,0.000,0.003,0.000,0.001
14510,0.000,0.003,0.000,0.001
14511,0.000,0.003,0.000,0.001
14512,0.000,0.003,0.000,0.001
14513,0.000,0.003,0.000,0.001
14514,0.000,0.003,0.000,0.001
14515,0.000,0.003,0.000,0.001
14516,0.000,0.003,0.000,0.001
14517,0.000,0.003,0.000,0.001
14518,0.000,0.003,0.000,0.001
14519,0.000,0.003,0.000,0.001
14520,0.000,0.003,0.000,0.001
14521,0.000,0.003,0.000,0.001
14522,0.000,0.003,0.000,0.001
14523,0.000,0.003,0.000,0.001
14524,0.000,0.003,0.000,0.001
14525,0.000,0.003,0.000,0.001
14526,0.000,0.003,0.000,0.001
14527,0.000,0.003,0.000,0.001
14528,0.000,0.003,0.000,0.001
14529,0.000,0.003,0.000,0.001
14530,0.000,0.003,0.000,0.001
14531,0.000,0.003,0.000,0.001
14532,0.000,0.003,0.000,0.001
14533,0.000,0.003,0.000,0.001
14534,0.000,0.003,0.000,0.001
14535,0.000,0.003,0.000,0.001
14536,0.000,0.003,0.000,0.001
14537,0.000,0.003,0.000,0.001
14538,0.000,0.003,0.000,0.001
14539,0.000,0.003,0.000,0.001
14540,0.000,0.003,0.000,0.001
14541,0.000,0.003,0.000,0.001
14542,0.000,0.003,0.000,0.001
14543,0.000,0.003,0.000,0.001
14544,0.000,0.003,0.000,0.001
14545,0.000,0.003,0.000,0.001
14546,0.000,0.003,0.000,0.001
14547,0.000,0.003,0.000,0.001
14548,0.000,0.003,0.000,0.001
14549,0.000,0.003,0.000,0.001
14550,0.000,0.003,0.000,0.001
14551,0.000,0.003,0.000,0.001
14552,0.000,0.003,0.000,0.001
14553,0.000,0.003,0.000,0.001
14554,0.000,0.003,0.000,0.001
14555,0.000,0.003,0.000,0.001
14556,0.000,0.003,0.000,0.001
14557,0.000,0.003,0.000,0.001
14558,0.000,0.003,0.000,0.001
14559,0.000,0.003,0.000,0.001
14560,0.000,0.003,0.000,0.001
14561,0.000,0.003,0.000,0.001
14562,0.000,0.003,0.000,0.001
14563,0.000,0.003,0.000,0.001
14564,0.000,0.003,0.000,0.001
14565,0.000,0.003,0.000,0.001
14566,0.000,0.003,0.000,0.001
14567,0.000,0.003,0.000,0.001
14568,0.000,0.003,0.000,0.001
14569,0.000,0.003,0.000,0.001
14570,0.000,0.003,0.000,0.001
14571,0.000,0.003,0.000,0.001
14572,0.000,0.003,0.000,0.001
14573,0.000,0.003,0.000,0.001
14574,0.000,0.003,0.000,0.001
14575,0.000,0.003,0.000,0.001
14576,0.000,0.003,0.000,0.001
14577,0.000,0.003,0.000,0.001
14578,0.000,0.003,0.000,0.001
14579,0.000,0.003,0.000,0.001
14580,0.000,0.003,0.000,0.001
14581,0.000,0.003,0.000,0.001
14582,0.000,0.003,0.000,0.001
14583,0.000,0.003,0.000,0.001
14584,0.000,0.003,0.000,0.001
14585,0.000,0.003,0.000,0.001
14586,0.000,0.003,0.000,0.001
14587,0.000,0.003,0.000,0.001
14588,0.000,0.003,0.000,0.001
14589,0.000,0.003,0.000,0.001
14590,0.000,0.003,0.000,0.001
14591,0.000,0.003,0.000,0.001
14592,0.000,0.003,0.000,0.001
14593,0.000,0.003,0.000,0.001
14594,0.000,0.003,0.000,0.001
14595,0.000,0.003,0.000,0.001
14596,0.000,0.003,0.000,0.001
14597,0.000,0.003,0.000,0.001
14598,0.000,0.003,0.000,0.001
14599,0.000,0.003,0.000,0.001
14600,0.000,0.003,0.000,0.001
14601,0.000,0.003,0.000,0.001
14602,0.000,0.003,0.000,0.001
14603,0.000,0.003,0.000,0.001
14604,0.000,0.003,0.000,0.001
14605,0.000,0.003,0.000,0.001
14606,0.000,0.003,0.000,0.001
14607,0.000,0.003,0.000,0.001
14608,0.000,0.003,0.000,0.001
14609,0.000,0.003,0.000,0.001
14610,0.000,0.003,0.000,0.001
14611,0.000,0.003,0.000,0.001
14612,0.000,0.003,0.000,0.001
14613,0.000,0.003,0.000,0.001
14614,0.000,0.003,0.000,0.001
14615,0.000,0.003,0.000,0.001
14616,0.000,0.003,0.000,0.001
14617,0.000,0.003,0.000,0.001
14618,0.000,0.003,0.000,0.001
14619,0.000,0.003,0.000,0.001
14620,0.000,0.003,0.000,0.001
14621,0.000,0.003,0.000,0.001
14622,0.000,0.003,0.000,0.001
14623,0.000,0.003,0.000,0.001
14624,0.000,0.003,0.000,0.001
14625,0.000,0.003,0.000,0.001
14626,0.000,0.003,0.000,0.001
14627,0.000,0.003,0.000,0.001
14628,0.000,0.003,0.000,0.001
14629,0.000,0.003,0.000,0.001
14630,0.000,0.003,0.000,0.001
14631,0.000,0.003,0.000,0.001
14632,0.000,0.003,0.000,0.001
14633,0.000,0.003,0.000,0.001
14634,0.000,0.003,0.000,0.001
14635,0.000,0.003,0.000,0.001
14636,0.000,0.003,0.000,0.001
14637,0.000,0.003,0.000,0.001
14638,0.000,0.003,0.000,0.001
14639,0.000,0.003,0.000,0.001
14640,0.000,0.003,0.000,0.001
14641,0.000,0.003,0.000,0.001
14642,0.000,0.003,0.000,0.001
14643,0.000,0.003,0.000,0.001
14644,0.000,0.003,0.000,0.001
14645,0.000,0.003,0.000,0.001
14646,0.000,0.003,0.000,0.001
14647,0.000,0.003,0.000,0.001
14648,0.000,0.003,0.000,0.001
14649,0.000,0.003,0.000,0.001
14650,0.000,0.003,0.000,0.001
14651,0.000,0.003,0.000,0.001
14652,0.000,0.003,0.000,0.001
14653,0.000,0.003,0.000,0.001
14654,0.000,0.003,0.000,0.001
14655,0.000,0.003,0.000,0.001
14656,0.000,0.003,0.000,0.001
14657,0.000,0.003,0.000,0.001
14658,0.000,0.003,0.000,0.001
14659,0.000,0.003,0.000,0.001
14660,0.000,0.003,0.000,0.001
14661,0.000,0.003,0.000,0.001
14662,0.000,0.003,0.000,0.001
14663,0.000,0.003,0.000,0.001
14664,0.000,0.003,0.000,0.001
14665,0.000,0.003,0.000,0.001
14666,0.000,0.003,0.000,0.001
14667,0.000,0.003,0.000,0.001
14668,0.000,0.003,0.000,0.001
14669,0.000,0.003,0.000,0.001
14670,0.000,0.003,0.000,0.001
14671,0.000,0.003,0.000,0.001
14672,0.000,0.003,0.000,0.001
14673,0.000,0.003,0.000,0.001
14674,0.000,0.003,0.000,0.001
14675,0.000,0.003,0.000,0.001
14676,0.000,0.003,0.000,0.001
14677,0.000,0.003,0.000,0.001
14678,0.000,0.003,0.000,0.001
14679,0.000,0.003,0.000,0.001
14680,0.000,0.003,0.000,0.001
14681,0.000,0.003,0.000,0.001
14682,0.000,0.003,0.000,0.001
14683,0.000,0.003,0.000,0.001
14684,0.000,0.003,0.000,0.001
14685,0.000,0.003,0.000,0.001
14686,0.000,0.003,0.000,0.001
14687,0.000,0.003,0.000,0.001
14688,0.000,0.003,0.000,0.001
14689,0.000,0.003,0.000,0.001
14690,0.000,0.003,0.000,0.001
14691,0.000,0.003,0.000,0.001
14692,0.000,0.003,0.000,0.001
14693,0.000,0.003,0.000,0.001
14694,0.000,0.003,0.000,0.001
14695,0.000,0.003,0.000,0.001
14696,0.000,0.003,0.000,0.001
14697,0.000,0.003,0.000,0.001
14698,0.000,0.003,0.000,0.001
14699,0.000,0.003,0.000,0.001
14700,0.000,0.003,0.000,0.001
14701,0.000,0.003,0.000,0.001
14702,0.000,0.003,0.000,0.001
14703,0.000,0.003,0.000,0.001
14704,0.000,0.003,0.000,0.001
14705,0.000,0.003,0.000,0.001
14706,0.000,0.003,0.000,0.001
14707,0.000,0.003,0.000,0.001
14708,0.000,0.003,0.000,0.001
14709,0.000,0.003,0.000,0.001
14710,0.000,0.003,0.000,0.001
14711,0.000,0.003,0.000,0.001
14712,0.000,0.003,0.000,0.001
14713,0.000,0.003,0.000,0.001
14714,0.000,0.003,0.000,0.001
14715,0.000,0.003,0.000,0.001
14716,0.000,0.003,0.000,0.001
14717,0.000,0.003,0.000,0.001
14718,0.000,0.003,0.000,0.001
14719,0.000,0.003,0.000,0.001
14720,0.000,0.003,0.000,0.001
14721,0.000,0.003,0.000,0.001
14722,0.000,0.003,0.000,0.001
14723,0.000,0.003,0.000,0.001
14724,0.000,0.003,0.000,0.001
14725,0.000,0.003,0.000,0.001
14726,0.000,0.003,0.000,0.001
14727,0.000,0.003,0.000,0.001
14728,0.000,0.003,0.000,0.001
14729,0.000,0.003,0.000,0.001
14730,0.000,0.003,0.000,0.001
14731,0.000,0.003,0.000,0.001
14732,0.000,0.003,0.000,0.001
14733,0.000,0.003,0.000,0.001
14734,0.000,0.003,0.000,0.001
14735,0.000,0.003,0.000,0.001
14736,0.000,0.003,0.000,0.001
14737,0.000,0.003,0.000,0.001
14738,0.000,0.003,0.000,0.001
14739,0.000,0.003,0.000,0.001
14740,0.000,0.003,0.000,0.001
14741,0.000,0.003,0.000,0.001
14742,0.000,0.003,0.000,0.001
14743,0.000,0.003,0.000,0.001
14744,0.000,0.003,0.000,0.001
14745,0.000,0.003,0.000,0.001
14746,0.000,0.003,0.000,0.001
14747,0.000,0.003,0.000,0.001
14748,0.000,0.003,0.000,0.001
14749,0.000,0.003,0.000,0.001
14750,0.000,0.003,0.000,0.001
14751,0.000,0.003,0.000,0.001
14752,0.000,0.003,0.000,0.001
14753,0.000,0.003,0.000,0.001
14754,0.000,0.003,0.000,0.001
14755,0.000,0.003,0.000,0.001
14756,0.000,0.003,0.000,0.001
14757,0.000,0.003,0.000,0.001
14758,0.000,0.003,0.000,0.001
14759,0.000,0.003,0.000,0.001
14760,0.000,0.003,0.000,0.001
14761,0.000,0.003,0.000,0.001
14762,0.000,0.003,0.000,0.001
14763,0.000,0.003,0.000,0.001
14764,0.000,0.003,0.000,0.001
14765,0.000,0.003,0.000,0.001
14766,0.000,0.003,0.000,0.001
14767,0.000,0.003,0.000,0.001
14768,0.000,0.003,0.000,0.001
14769,0.000,0.003,0.000,0.001
14770,0.000,0.003,0.000,0.001
14771,0.000,0.003,0.000,0.001
14772,0.000,0.003,0.000,0.001
14773,0.000,0.003,0.000,0.001
14774,0.000,0.003,0.000,0.001
14775,0.000,0.003,0.000,0.001
14776,0.000,0.003,0.000,0.001
14777,0.000,0.003,0.000,0.001
14778,0.000,0.003,0.000,0.001
14779,0.000,0.003,0.000,0.001
14780,0.000,0.003,0.000,0.001
14781,0.000,0.003,0.000,0.001
14782,0.000,0.003,0.000,0.001
14783,0.000,0.003,0.000,0.001
14784,0.000,0.003,0.000,0.001
14785,0.000,0.003,0.000,0.001
14786,0.000,0.003,0.000,0.001
14787,0.000,0.003,0.000,0.001
14788,0.000,0.003,0.000,0.001
14789,0.000,0.003,0.000,0.001
14790,0.000,0.003,0.000,0.001
14791,0.000,0.003,0.000,0.001
14792,0.000,0.003,0.000,0.001
14793,0.000,0.003,0.000,0.001
14794,0.000,0.003,0.000,0.001
14795,0.000,0.003,0.000,0.001
14796,0.000,0.003,0.000,0.001
14797,0.000,0.003,0.000,0.001
14798,0.000,0.003,0.000,0.001
14799,0.000,0.003,0.000,0.001
14800,0.000,0.003,0.000,0.001
14801,0.000,0.003,0.000,0.001
14802,0.000,0.003,0.000,0.001
14803,0.000,0.003,0.000,0.001
14804,0.000,0.003,0.000,0.001
14805,0.000,0.003,0.000,0.001
14806,0.000,0.003,0.000,0.001
14807,0.000,0.003,0.000,0.001
14808,0.000,0.003,0.000,0.001
14809,0.000,0.003,0.000,0.001
14810,0.000,0.003,0.000,0.001
14811,0.000,0.003,0.000,0.001
14812,0.000,0.003,0.000,0.001
14813,0.000,0.003,0.000,0.001
14814,0.000,0.003,0.000,0.001
14815,0.000,0.003,0.000,0.001
14816,0.000,0.003,0.000,0.001
14817,0.000,0.003,0.000,0.001
14818,0.000,0.003,0.000,0.001
14819,0.000,0.003,0.000,0.001
14820,0.000,0.003,0.000,0.001
14821,0.000,0.003,0.000,0.001
14822,0.000,0.003,0.000,0.001
14823,0.000,0.003,0.000,0.001
14824,0.000,0.003,0.000,0.001
14825,0.000,0.003,0.000,0.001
14826,0.000,0.003,0.000,0.001
14827,0.000,0.003,0.000,0.001
14828,0.000,0.003,0.000,0.001
14829,0.000,0.003,0.000,0.001
14830,0.000,0.003,0.000,0.001
14831,0.000,0.003,0.000,0.001
14832,0.000,0.003,0.000,0.001
14833,0.000,0.003,0.000,0.001
14834,0.000,0.003,0.000,0.001
14835,0.000,0.003,0.000,0.001
14836,0.000,0.003,0.000,0.001
14837,0.000,0.003,0.000,0.001
14838,0.000,0.003,0.000,0.001
14839,0.000,0.003,0.000,0.001
14840,0.000,0.003,0.000,0.001
14841,0.000,0.003,0.000,0.001
14842,0.000,0.003,0.000,0.001
14843,0.000,0.003,0.000,0.001
14844,0.000,0.003,0.000,0.001
14845,0.000,0.003,0.000,0.001
14846,0.000,0.003,0.000,0.001
14847,0.000,0.003,0.000,0.001
14848,0.000,0.003,0.000,0.001
14849,0.000,0.003,0.000,0.001
14850,0.000,0.003,0.000,0.001
14851,0.000,0.003,0.000,0.001
14852,0.000,0.003,0.000,0.001
14853,0.000,0.003,0.000,0.001
14854,0.000,0.003,0.000,0.001
14855,0.000,0.003,0.000,0.001
14856,0.000,0.003,0.000,0.001
14857,0.000,0.003,0.000,0.001
14858,0.000,0.003,0.000,0.001
14859,0.000,0.003,0.000,0.001
14860,0.000,0.003,0.000,0.001
14861,0.000,0.003,0.000,0.001
14862,0.000,0.003,0.000,0.001
14863,0.000,0.003,0.000,0.001
14864,0.000,0.003,0.000,0.001
14865,0.000,0.003,0.000,0.001
14866,0.000,0.003,0.000,0.001
14867,0.000,0.003,0.000,0.001
14868,0.000,0.003,0.000,0.001
14869,0.000,0.003,0.000,0.001
14870,0.000,0.003,0.000,0.001
14871,0.000,0.003,0.000,0.001
14872,0.000,0.003,0.000,0.001
14873,0.000,0.003,0.000,0.001
14874,0.000,0.003,0.000,0.001
14875,0.000,0.003,0.000,0.001
14876,0.000,0.003,0.000,0.001
14877,0.000,0.003,0.000,0.001
14878,0.000,0.003,0.000,0.001
14879,0.000,0.003,0.000,0.001
14880,0.000,0.003,0.000,0.001
14881,0.000,0.003,0.000,0.001
14882,0.000,0.003,0.000,0.001
14883,0.000,0.003,0.000,0.001
14884,0.000,0.003,0.000,0.001
14885,0.000,0.003,0.000,0.001
14886,0.000,0.003,0.000,0.001
14887,0.000,0.003,0.000,0.001
14888,0.000,0.003,0.000,0.001
14889,0.000,0.003,0.000,0.001
14890,0.000,0.003,0.000,0.001
14891,0.000,0.003,0.000,0.001
14892,0.000,0.003,0.000,0.001
14893,0.000,0.003,0.000,0.001
14894,0.000,0.003,0.000,0.001
14895,0.000,0.003,0.000,0.001
14896,0.000,0.003,0.000,0.001
14897,0.000,0.003,0.000,0.001
14898,0.000,0.003,0.000,0.001
14899,0.000,0.003,0.000,0.001
14900,0.000,0.003,0.000,0.001
14901,0.000,0.003,0.000,0.001
14902,0.000,0.003,0.000,0.001
14903,0.000,0.003,0.000,0.001
14904,0.000,0.003,0.000,0.001
14905,0.000,0.003,0.000,0.001
14906,0.000,0.003,0.000,0.001
14907,0.000,0.003,0.000,0.001
14908,0.000,0.003,0.000,0.001
14909,0.000,0.003,0.000,0.001
14910,0.000,0.003,0.000,0.001
14911,0.000,0.003,0.000,0.001
14912,0.000,0.003,0.000,0.001
14913,0.000,0.003,0.000,0.001
14914,0.000,0.003,0.000,0.001
14915,0.000,0.003,0.000,0.001
14916,0.000,0.003,0.000,0.001
14917,0.000,0.003,0.000,0.001
14918,0.000,0.003,0.000,0.001
14919,0.000,0.003,0.000,0.001
14920,0.000,0.003,0.000,0.001
14921,0.000,0.003,0.000,0.001
14922,0.000,0.003,0.000,0.001
14923,0.000,0.003,0.000,0.001
14924,0.000,0.003,0.000,0.001
14925,0.000,0.003,0.000,0.001
14926,0.000,0.003,0.000,0.001
14927,0.000,0.003,0.000,0.001
14928,0.000,0.003,0.000,0.001
14929,0.000,0.003,0.000,0.001
14930,0.000,0.003,0.000,0.001
14931,0.000,0.003,0.000,0.001
14932,0.000,0.003,0.000,0.001
14933,0.000,0.003,0.000,0.001
14934,0.000,0.003,0.000,0.001
14935,0.000,0.003,0.000,0.001
14936,0.000,0.003,0.000,0.001
14937,0.000,0.003,0.000,0.001
14938,0.000,0.003,0.000,0.001
14939,0.000,0.003,0.000,0.001
14940,0.000,0.003,0.000,0.001
14941,0.000,0.003,0.000,0.001
14942,0.000,0.003,0.000,0.001
14943,0.000,0.003,0.000,0.001
14944,0.000,0.003,0.000,0.001
14945,0.000,0.003,0.000,0.001
14946,0.000,0.003,0.000,0.001
14947,0.000,0.003,0.000,0.001
14948,0.000,0.003,0.000,0.001
14949,0.000,0.003,0.000,0.001
14950,0.000,0.003,0.000,0.001
14951,0.000,0.003,0.000,0.001
14952,0.000,0.003,0.000,0.001
14953,0.000,0.003,0.000,0.001
14954,0.000,0.003,0.000,0.001
14955,0.000,0.003,0.000,0.001
14956,0.000,0.003,0.000,0.001
14957,0.000,0.003,0.000,0.001
14958,0.000,0.003,0.000,0.001
14959,0.000,0.003,0.000,0.001
14960,0.000,0.003,0.000,0.001
14961,0.000,0.003,0.000,0.001
14962,0.000,0.003,0.000,0.001
14963,0.000,0.003,0.000,0.001
14964,0.000,0.003,0.000,0.001
14965,0.000,0.003,0.000,0.001
14966,0.000,0.003,0.000,0.001
14967,0.000,0.003,0.000,0.001
14968,0.000,0.003,0.000,0.001
14969,0.000,0.003,0.000,0.001
14970,0.000,0.003,0.000,0.001
14971,0.000,0.003,0.000,0.001
14972,0.000,0.003,0.000,0.001
14973,0.000,0.003,0.000,0.001
14974,0.000,0.003,0.000,0.001
14975,0.000,0.003,0.000,0.001
14976,0.000,0.003,0.000,0.001
14977,0.000,0.003,0.000,0.001
14978,0.000,0.003,0.000,0.001
14979,0.000,0.003,0.000,0.001
14980,0.000,0.003,0.000,0.001
14981,0.000,0.003,0.000,0.001
14982,0.000,0.003,0.000,0.001
14983,0.000,0.003,0.000,0.001
14984,0.000,0.003,0.000,0.001
14985,0.000,0.003,0.000,0.001
14986,0.000,0.003,0.000,0.001
14987,0.000,0.003,0.000,0.001
14988,0.000,0.003,0.000,0.001
14989,0.000,0.003,0.000,0.001
14990,0.000,0.003,0.000,0.001
14991,0.000,0.003,0.000,0.001
14992,0.000,0.003,0.000,0.001
14993,0.000,0.003,0.000,0.001
14994,0.000,0.003,0.000,0.001
14995,0.000,0.003,0.000,0.001
14996,0.000,0.003,0.000,0.001
14997,0.000,0.003,0.000,0.001
14998,0.000,0.003,0.000,0.001
14999,0.000,0.003,0.000,0.001
15000,0.000,0.003,0.000,0.001
15001,0.000,0.003,0.000,0.001
15002,0.000,0.003,0.000,0.001
15003,0.000,0.003,0.000,0.001
15004,0.000,0.003,0.000,0.001
15005,0.000,0.003,0.000,0.001
15006,0.000,0.003,0.000,0.001
15007,0.000,0.003,0.000,0.001
15008,0.000,0.003,0.000,0.001
15009,0.000,0.003,0.000,0.001
15010,0.000,0.003,0.000,0.001
15011,0.000,0.003,0.000,0.001
15012,0.000,0.003,0.000,0.001
15013,0.000,0.003,0.000,0.001
15014,0.000,0.003,0.000,0.001
15015,0.000,0.003,0.000,0.001
15016,0.000,0.003,0.000,0.001
15017,0.000,0.003,0.000,0.001
15018,0.000,0.003,0.000,0.001
15019,0.000,0.003,0.000,0.001
15020,0.000,0.003,0.000,0.001
15021,0.000,0.003,0.000,0.001
15022,0.000,0.003,0.000,0.001
15023,0.000,0.003,0.000,0.001
15024,0.000,0.003,0.000,0.001
15025,0.000,0.003,0.000,0.001
15026,0.000,0.003,0.000,0.001
15027,0.000,0.003,0.000,0.001
15028,0.000,0.003,0.000,0.001
15029,0.000,0.003,0.000,0.001
15030,0.000,0.003,0.000,0.001
15031,0.000,0.003,0.000,0.001
15032,0.000,0.003,0.000,0.001
15033,0.000,0.003,0.000,0.001
15034,0.000,0.003,0.000,0.001
15035,0.000,0.003,0.000,0.001
15036,0.000,0.003,0.000,0.001
15037,0.000,0.003,0.000,0.001
15038,0.000,0.003,0.000,0.001
15039,0.000,0.003,0.000,0.001
15040,0.000,0.003,0.000,0.001
15041,0.000,0.003,0.000,0.001
15042,0.000,0.003,0.000,0.001
15043,0.000,0.003,0.000,0.001
15044,0.000,0.003,0.000,0.001
15045,0.000,0.003,0.000,0.001
15046,0.000,0.003,0.000,0.001
15047,0.000,0.003,0.000,0.001
15048,0.000,0.003,0.000,0.001
15049,0.000,0.003,0.000,0.001
15050,0.000,0.003,0.000,0.001
15051,0.000,0.003,0.000,0.001
15052,0.000,0.003,0.000,0.001
15053,0.000,0.003,0.000,0.001
15054,0.000,0.003,0.000,0.001
15055,0.000,0.003,0.000,0.001
15056,0.000,0.003,0.000,0.001
15057,0.000,0.003,0.000,0.001
15058,0.000,0.003,0.000,0.001
15059,0.000,0.003,0.000,0.001
15060,0.000,0.003,0.000,0.001
15061,0.000,0.003,0.000,0.001
15062,0.000,0.003,0.000,0.001
15063,0.000,0.003,0.000,0.001
15064,0.000,0.003,0.000,0.001
15065,0.000,0.003,0.000,0.001
15066,0.000,0.003,0.000,0.001
15067,0.000,0.003,0.000,0.001
15068,0.000,0.003,0.000,0.001
15069,0.000,0.003,0.000,0.001
15070,0.000,0.003,0.000,0.001
15071,0.000,0.003,0.000,0.001
15072,0.000,0.003,0.000,0.001
15073,0.000,0.003,0.000,0.001
15074,0.000,0.003,0.000,0.001
15075,0.000,0.003,0.000,0.001
15076,0.000,0.003,0.000,0.001
15077,0.000,0.003,0.000,0.001
15078,0.000,0.003,0.000,0.001
15079,0.000,0.003,0.000,0.001
15080,0.000,0.003,0.000,0.001
15081,0.000,0.003,0.000,0.001
15082,0.000,0.003,0.000,0.001
15083,0.000,0.003,0.000,0.001
15084,0.000,0.003,0.000,0.001
15085,0.000,0.003,0.000,0.001
15086,0.000,0.003,0.000,0.001
15087,0.000,0.003,0.000,0.001
15088,0.000,0.003,0.000,0.001
15089,0.000,0.003,0.000,0.001
15090,0.000,0.003,0.000,0.001
15091,0.000,0.003,0.000,0.001
15092,0.000,0.003,0.000,0.001
15093,0.000,0.003,0.000,0.001
15094,0.000,0.003,0.000,0.001
15095,0.000,0.003,0.000,0.001
15096,0.000,0.003,0.000,0.001
15097,0.000,0.003,0.000,0.001
15098,0.000,0.003,0.000,0.001
15099,0.000,0.003,0.000,0.001
15100,0.000,0.003,0.000,0.001
15101,0.000,0.003,0.000,0.001
15102,0.000,0.003,0.000,0.001
15103,0.000,0.003,0.000,0.001
15104,0.000,0.003,0.000,0.001
15105,0.000,0.003,0.000,0.001
15106,0.000,0.003,0.000,0.001
15107,0.000,0.003,0.000,0.001
15108,0.000,0.003,0.000,0.001
15109,0.000,0.003,0.000,0.001
15110,0.000,0.003,0.000,0.001
15111,0.000,0.003,0.000,0.001
15112,0.000,0.003,0.000,0.001
15113,0.000,0.003,0.000,0.001
15114,0.000,0.003,0.000,0.001
15115,0.000,0.003,0.000,0.001
15116,0.000,0.003,0.000,0.001
15117,0.000,0.003,0.000,0.001
15118,0.000,0.003,0.000,0.001
15119,0.000,0.003,0.000,0.001
15120,0.000,0.003,0.000,0.001
15121,0.000,0.003,0.000,0.001
15122,0.000,0.003,0.000,0.001
15123,0.000,0.003,0.000,0.001
15124,0.000,0.003,0.000,0.001
15125,0.000,0.003,0.000,0.001
15126,0.000,0.003,0.000,0.001
15127,0.000,0.003,0.000,0.001
15128,0.000,0.003,0.000,0.001
15129,0.000,0.003,0.000,0.001
15130,0.000,0.003,0.000,0.001
15131,0.000,0.003,0.000,0.001
15132,0.000,0.003,0.000,0.001
15133,0.000,0.003,0.000,0.001
15134,0.000,0.003,0.000,0.001
15135,0.000,0.003,0.000,0.001
15136,0.000,0.003,0.000,0.001
15137,0.000,0.003,0.000,0.001
15138,0.000,0.003,0.000,0.001
15139,0.000,0.003,0.000,0.001
15140,0.000,0.003,0.000,0.001
15141,0.000,0.003,0.000,0.001
15142,0.000,0.003,0.000,0.001
15143,0.000,0.003,0.000,0.001
15144,0.000,0.003,0.000,0.001
15145,0.000,0.003,0.000,0.001
15146,0.000,0.003,0.000,0.001
15147,0.000,0.003,0.000,0.001
15148,0.000,0.003,0.000,0.001
15149,0.000,0.003,0.000,0.001
15150,0.000,0.003,0.000,0.001
15151,0.000,0.003,0.000,0.001
15152,0.000,0.003,0.000,0.001
15153,0.000,0.003,0.000,0.001
15154,0.000,0.003,0.000,0.001
15155,0.000,0.003,0.000,0.001
15156,0.000,0.003,0.000,0.001
15157,0.000,0.003,0.000,0.001
15158,0.000,0.003,0.000,0.001
15159,0.000,0.003,0.000,0.001
15160,0.000,0.003,0.000,0.001
15161,0.000,0.003,0.000,0.001
15162,0.000,0.003,0.000,0.001
15163,0.000,0.003,0.000,0.001
15164,0.000,0.003,0.000,0.001
15165,0.000,0.003,0.000,0.001
15166,0.000,0.003,0.000,0.001
15167,0.000,0.003,0.000,0.001
15168,0.000,0.003,0.000,0.001
15169,0.000,0.003,0.000,0.001
15170,0.000,0.003,0.000,0.001
15171,0.000,0.003,0.000,0.001
15172,0.000,0.003,0.000,0.001
15173,0.000,0.003,0.000,0.001
15174,0.000,0.003,0.000,0.001
15175,0.000,0.003,0.000,0.001
15176,0.000,0.003,0.000,0.001
15177,0.000,0.003,0.000,0.001
15178,0.000,0.003,0.000,0.001
15179,0.000,0.003,0.000,0.001
15180,0.000,0.003,0.000,0.001
15181,0.000,0.003,0.000,0.001
15182,0.000,0.003,0.000,0.001
15183,0.000,0.003,0.000,0.001
15184,0.000,0.003,0.000,0.001
15185,0.000,0.003,0.000,0.001
15186,0.000,0.003,0.000,0.001
15187,0.000,0.003,0.000,0.001
15188,0.000,0.003,0.000,0.001
15189,0.000,0.003,0.000,0.001
15190,0.000,0.003,0.000,0.001
15191,0.000,0.003,0.000,0.001
15192,0.000,0.003,0.000,0.001
15193,0.000,0.003,0.000,0.001
15194,0.000,0.003,0.000,0.001
15195,0.000,0.003,0.000,0.001
15196,0.000,0.003,0.000,0.001
15197,0.000,0.003,0.000,0.001
15198,0.000,0.003,0.000,0.001
15199,0.000,0.003,0.000,0.001
15200,0.000,0.003,0.000,0.001
15201,0.000,0.003,0.000,0.001
15202,0.000,0.003,0.000,0.001
15203,0.000,0.003,0.000,0.001
15204,0.000,0.003,0.000,0.001
15205,0.000,0.003,0.000,0.001
15206,0.000,0.003,0.000,0.001
15207,0.000,0.003,0.000,0.001
15208,0.000,0.003,0.000,0.001
15209,0.000,0.003,0.000,0.001
15210,0.000,0.003,0.000,0.001
15211,0.000,0.003,0.000,0.001
15212,0.000,0.003,0.000,0.001
15213,0.000,0.003,0.000,0.001
15214,0.000,0.003,0.000,0.001
15215,0.000,0.003,0.000,0.001
15216,0.000,0.003,0.000,0.001
15217,0.000,0.003,0.000,0.001
15218,0.000,0.003,0.000,0.001
15219,0.000,0.003,0.000,0.001
15220,0.000,0.003,0.000,0.001
15221,0.000,0.003,0.000,0.001
15222,0.000,0.003,0.000,0.001
15223,0.000,0.003,0.000,0.001
15224,0.000,0.003,0.000,0.001
15225,0.000,0.003,0.000,0.001
15226,0.000,0.003,0.000,0.001
15227,0.000,0.003,0.000,0.001
15228,0.000,0.003,0.000,0.001
15229,0.000,0.003,0.000,0.001
15230,0.000,0.003,0.000,0.001
15231,0.000,0.003,0.000,0.001
15232,0.000,0.003,0.000,0.001
15233,0.000,0.003,0.000,0.001
15234,0.000,0.003,0.000,0.001
15235,0.000,0.003,0.000,0.001
15236,0.000,0.003,0.000,0.001
15237,0.000,0.003,0.000,0.001
15238,0.000,0.003,0.000,0.001
15239,0.000,0.003,0.000,0.001
15240,0.000,0.003,0.000,0.001
15241,0.000,0.003,0.000,0.001
15242,0.000,0.003,0.000,0.001
15243,0.000,0.003,0.000,0.001
15244,0.000,0.003,0.000,0.001
15245,0.000,0.003,0.000,0.001
15246,0.000,0.003,0.000,0.001
15247,0.000,0.003,0.000,0.001
15248,0.000,0.003,0.000,0.001
15249,0.000,0.003,0.000,0.001
15250,0.000,0.003,0.000,0.001
15251,0.000,0.003,0.000,0.001
15252,0.000,0.003,0.000,0.001
15253,0.000,0.003,0.000,0.001
15254,0.000,0.003,0.000,0.001
15255,0.000,0.003,0.000,0.001
15256,0.000,0.003,0.000,0.001
15257,0.000,0.003,0.000,0.001
15258,0.000,0.003,0.000,0.001
15259,0.000,0.003,0.000,0.001
15260,0.000,0.003,0.000,0.001
15261,0.000,0.003,0.000,0.001
15262,0.000,0.003,0.000,0.001
15263,0.000,0.003,0.000,0.001
15264,0.000,0.003,0.000,0.001
15265,0.000,0.003,0.000,0.001
15266,0.000,0.003,0.000,0.001
15267,0.000,0.003,0.000,0.001
15268,0.000,0.003,0.000,0.001
15269,0.000,0.003,0.000,0.001
15270,0.000,0.003,0.000,0.001
15271,0.000,0.003,0.000,0.001
15272,0.000,0.003,0.000,0.001
15273,0.000,0.003,0.000,0.001
15274,0.000,0.003,0.000,0.001
15275,0.000,0.003,0.000,0.001
15276,0.000,0.003,0.000,0.001
15277,0.000,0.003,0.000,0.001
15278,0.000,0.003,0.000,0.001
15279,0.000,0.003,0.000,0.001
15280,0.000,0.003,0.000,0.001
15281,0.000,0.003,0.000,0.001
15282,0.000,0.003,0.000,0.001
15283,0.000,0.003,0.000,0.001
15284,0.000,0.003,0.000,0.001
15285,0.000,0.003,0.000,0.001
15286,0.000,0.003,0.000,0.001
15287,0.000,0.003,0.000,0.001
15288,0.000,0.003,0.000,0.001
15289,0.000,0.003,0.000,0.001
15290,0.000,0.003,0.000,0.001
15291,0.000,0.003,0.000,0.001
15292,0.000,0.003,0.000,0.001
15293,0.000,0.003,0.000,0.001
15294,0.000,0.003,0.000,0.001
15295,0.000,0.003,0.000,0.001
15296,0.000,0.003,0.000,0.001
15297,0.000,0.003,0.000,0.001
15298,0.000,0.003,0.000,0.001
15299,0.000,0.003,0.000,0.001
15300,0.000,0.003,0.000,0.001
15301,0.000,0.003,0.000,0.001
15302,0.000,0.003,0.000,0.001
15303,0.000,0.003,0.000,0.001
15304,0.000,0.003,0.000,0.001
15305,0.000,0.003,0.000,0.001
15306,0.000,0.003,0.000,0.001
15307,0.000,0.003,0.000,0.001
15308,0.000,0.003,0.000,0.001
15309,0.000,0.003,0.000,0.001
15310,0.000,0.003,0.000,0.001
15311,0.000,0.003,0.000,0.001
15312,0.000,0.003,0.000,0.001
15313,0.000,0.003,0.000,0.001
15314,0.000,0.003,0.000,0.001
15315,0.000,0.003,0.000,0.001
15316,0.000,0.003,0.000,0.001
15317,0.000,0.003,0.000,0.001
15318,0.000,0.003,0.000,0.001
15319,0.000,0.003,0.000,0.001
15320,0.000,0.003,0.000,0.001
15321,0.000,0.003,0.000,0.001
15322,0.000,0.003,0.000,0.001
15323,0.000,0.003,0.000,0.001
15324,0.000,0.003,0.000,0.001
15325,0.000,0.003,0.000,0.001
15326,0.000,0.003,0.000,0.001
15327,0.000,0.003,0.000,0.001
15328,0.000,0.003,0.000,0.001
15329,0.000,0.003,0.000,0.001
15330,0.000,0.003,0.000,0.001
15331,0.000,0.003,0.000,0.001
15332,0.000,0.003,0.000,0.001
15333,0.000,0.003,0.000,0.001
15334,0.000,0.003,0.000,0.001
15335,0.000,0.003,0.000,0.001
15336,0.000,0.003,0.000,0.001
15337,0.000,0.003,0.000,0.001
15338,0.000,0.003,0.000,0.001
15339,0.000,0.003,0.000,0.001
15340,0.000,0.003,0.000,0.001
15341,0.000,0.003,0.000,0.001
15342,0.000,0.003,0.000,0.001
15343,0.000,0.003,0.000,0.001
15344,0.000,0.003,0.000,0.001
15345,0.000,0.003,0.000,0.001
15346,0.000,0.003,0.000,0.001
15347,0.000,0.003,0.000,0.001
15348,0.000,0.003,0.000,0.001
15349,0.000,0.003,0.000,0.001
15350,0.000,0.003,0.000,0.001
15351,0.000,0.003,0.000,0.001
15352,0.000,0.003,0.000,0.001
15353,0.000,0.003,0.000,0.001
15354,0.000,0.003,0.000,0.001
15355,0.000,0.003,0.000,0.001
15356,0.000,0.003,0.000,0.001
15357,0.000,0.003,0.000,0.001
15358,0.000,0.003,0.000,0.001
15359,0.000,0.003,0.000,0.001
15360,0.000,0.003,0.000,0.001
15361,0.000,0.003,0.000,0.001
15362,0.000,0.003,0.000,0.001
15363,0.000,0.003,0.000,0.001
15364,0.000,0.003,0.000,0.001
15365,0.000,0.003,0.000,0.001
15366,0.000,0.003,0.000,0.001
15367,0.000,0.003,0.000,0.001
15368,0.000,0.003,0.000,0.001
15369,0.000,0.003,0.000,0.001
15370,0.000,0.003,0.000,0.001
15371,0.000,0.003,0.000,0.001
15372,0.000,0.003,0.000,0.001
15373,0.000,0.003,0.000,0.001
15374,0.000,0.003,0.000,0.001
15375,0.000,0.003,0.000,0.001
15376,0.000,0.003,0.000,0.001
15377,0.000,0.003,0.000,0.001
15378,0.000,0.003,0.000,0.001
15379,0.000,0.003,0.000,0.001
15380,0.000,0.003,0.000,0.001
15381,0.000,0.003,0.000,0.001
15382,0.000,0.003,0.000,0.001
15383,0.000,0.003,0.000,0.001
15384,0.000,0.003,0.000,0.001
15385,0.000,0.003,0.000,0.001
15386,0.000,0.003,0.000,0.001
15387,0.000,0.003,0.000,0.001
15388,0.000,0.003,0.000,0.001
15389,0.000,0.003,0.000,0.001
15390,0.000,0.003,0.000,0.001
15391,0.000,0.003,0.000,0.001
15392,0.000,0.003,0.000,0.001
15393,0.000,0.003,0.000,0.001
15394,0.000,0.003,0.000,0.001
15395,0.000,0.003,0.000,0.001
15396,0.000,0.003,0.000,0.001
15397,0.000,0.003,0.000,0.001
15398,0.000,0.003,0.000,0.001
15399,0.000,0.003,0.000,0.001
15400,0.000,0.003,0.000,0.001
15401,0.000,0.003,0.000,0.001
15402,0.000,0.003,0.000,0.001
15403,0.000,0.003,0.000,0.001
15404,0.000,0.003,0.000,0.001
15405,0.000,0.003,0.000,0.001
15406,0.000,0.003,0.000,0.001
15407,0.000,0.003,0.000,0.001
15408,0.000,0.003,0.000,0.001
15409,0.000,0.003,0.000,0.001
15410,0.000,0.003,0.000,0.001
15411,0.000,0.003,0.000,0.001
15412,0.000,0.003,0.000,0.001
15413,0.000,0.003,0.000,0.001
15414,0.000,0.003,0.000,0.001
15415,0.000,0.003,0.000,0.001
15416,0.000,0.003,0.000,0.001
15417,0.000,0.003,0.000,0.001
15418,0.000,0.003,0.000,0.001
15419,0.000,0.003,0.000,0.001
15420,0.000,0.003,0.000,0.001
15421,0.000,0.003,0.000,0.001
15422,0.000,0.003,0.000,0.001
15423,0.000,0.003,0.000,0.001
15424,0.000,0.003,0.000,0.001
15425,0.000,0.003,0.000,0.001
15426,0.000,0.003,0.000,0.001
15427,0.000,0.003,0.000,0.001
15428,0.000,0.003,0.000,0.001
15429,0.000,0.003,0.000,0.001
15430,0.000,0.003,0.000,0.001
15431,0.000,0.003,0.000,0.001
15432,0.000,0.003,0.000,0.001
15433,0.000,0.003,0.000,0.001
15434,0.000,0.003,0.000,0.001
15435,0.000,0.003,0.000,0.001
15436,0.000,0.003,0.000,0.001
15437,0.000,0.003,0.000,0.001
15438,0.000,0.003,0.000,0.001
15439,0.000,0.003,0.000,0.001
15440,0.000,0.003,0.000,0.001
15441,0.000,0.003,0.000,0.001
15442,0.000,0.003,0.000,0.001
15443,0.000,0.003,0.000,0.001
15444,0.000,0.003,0.000,0.001
15445,0.000,0.003,0.000,0.001
15446,0.000,0.003,0.000,0.001
15447,0.000,0.003,0.000,0.001
15448,0.000,0.003,0.000,0.001
15449,0.000,0.003,0.000,0.001
15450,0.000,0.003,0.000,0.001
15451,0.000,0.003,0.000,0.001
15452,0.000,0.003,0.000,0.001
15453,0.000,0.003,0.000,0.001
15454,0.000,0.003,0.000,0.001
15455,0.000,0.003,0.000,0.001
15456,0.000,0.003,0.000,0.001
15457,0.000,0.003,0.000,0.001
15458,0.000,0.003,0.000,0.001
15459,0.000,0.003,0.000,0.001
15460,0.000,0.003,0.000,0.001
15461,0.000,0.003,0.000,0.001
15462,0.000,0.003,0.000,0.001
15463,0.000,0.003,0.000,0.001
15464,0.000,0.003,0.000,0.001
15465,0.000,0.003,0.000,0.001
15466,0.000,0.003,0.000,0.001
15467,0.000,0.003,0.000,0.001
15468,0.000,0.003,0.000,0.001
15469,0.000,0.003,0.000,0.001
15470,0.000,0.003,0.000,0.001
15471,0.000,0.003,0.000,0.001
15472,0.000,0.003,0.000,0.001
15473,0.000,0.003,0.000,0.001
15474,0.000,0.003,0.000,0.001
15475,0.000,0.003,0.000,0.001
15476,0.000,0.003,0.000,0.001
15477,0.000,0.003,0.000,0.001
15478,0.000,0.003,0.000,0.001
15479,0.000,0.003,0.000,0.001
15480,0.000,0.003,0.000,0.001
15481,0.000,0.003,0.000,0.001
15482,0.000,0.003,0.000,0.001
15483,0.000,0.003,0.000,0.001
15484,0.000,0.003,0.000,0.001
15485,0.000,0.003,0.000,0.001
15486,0.000,0.003,0.000,0.001
15487,0.000,0.003,0.000,0.001
15488,0.000,0.003,0.000,0.001
15489,0.000,0.003,0.000,0.001
15490,0.000,0.003,0.000,0.001
15491,0.000,0.003,0.000,0.001
15492,0.000,0.003,0.000,0.001
15493,0.000,0.003,0.000,0.001
15494,0.000,0.003,0.000,0.001
15495,0.000,0.003,0.000,0.001
15496,0.000,0.003,0.000,0.001
15497,0.000,0.003,0.000,0.001
15498,0.000,0.003,0.000,0.001
15499,0.000,0.003,0.000,0.001
15500,0.000,0.003,0.000,0.001
15501,0.000,0.003,0.000,0.001
15502,0.000,0.003,0.000,0.001
15503,0.000,0.003,0.000,0.001
15504,0.000,0.003,0.000,0.001
15505,0.000,0.003,0.000,0.001
15506,0.000,0.003,0.000,0.001
15507,0.000,0.003,0.000,0.001
15508,0.000,0.003,0.000,0.001
15509,0.000,0.003,0.000,0.001
15510,0.000,0.003,0.000,0.001
15511,0.000,0.003,0.000,0.001
15512,0.000,0.003,0.000,0.001
15513,0.000,0.003,0.000,0.001
15514,0.000,0.003,0.000,0.001
15515,0.000,0.003,0.000,0.001
15516,0.000,0.003,0.000,0.001
15517,0.000,0.003,0.000,0.001
15518,0.000,0.003,0.000,0.001
15519,0.000,0.003,0.000,0.001
15520,0.000,0.003,0.000,0.001
15521,0.000,0.003,0.000,0.001
15522,0.000,0.003,0.000,0.001
15523,0.000,0.003,0.000,0.001
15524,0.000,0.003,0.000,0.001
15525,0.000,0.003,0.000,0.001
15526,0.000,0.003,0.000,0.001
15527,0.000,0.003,0.000,0.001
15528,0.000,0.003,0.000,0.001
15529,0.000,0.003,0.000,0.001
15530,0.000,0.003,0.000,0.001
15531,0.000,0.003,0.000,0.001
15532,0.000,0.003,0.000,0.001
15533,0.000,0.003,0.000,0.001
15534,0.000,0.003,0.000,0.001
15535,0.000,0.003,0.000,0.001
15536,0.000,0.003,0.000,0.001
15537,0.000,0.003,0.000,0.001
15538,0.000,0.003,0.000,0.001
15539,0.000,0.003,0.000,0.001
15540,0.000,0.003,0.000,0.001
15541,0.000,0.003,0.000,0.001
15542,0.000,0.003,0.000,0.001
15543,0.000,0.003,0.000,0.001
15544,0.000,0.003,0.000,0.001
15545,0.000,0.003,0.000,0.001
15546,0.000,0.003,0.000,0.001
15547,0.000,0.003,0.000,0.001
15548,0.000,0.003,0.000,0.001
15549,0.000,0.003,0.000,0.001
15550,0.000,0.003,0.000,0.001
15551,0.000,0.003,0.000,0.001
15552,0.000,0.003,0.000,0.001
15553,0.000,0.003,0.000,0.001
15554,0.000,0.003,0.000,0.001
15555,0.000,0.003,0.000,0.001
15556,0.000,0.003,0.000,0.001
15557,0.000,0.003,0.000,0.001
15558,0.000,0.003,0.000,0.001
15559,0.000,0.003,0.000,0.001
15560,0.000,0.003,0.000,0.001
15561,0.000,0.003,0.000,0.001
15562,0.000,0.003,0.000,0.001
15563,0.000,0.003,0.000,0.001
15564,0.000,0.003,0.000,0.001
15565,0.000,0.003,0.000,0.001
15566,0.000,0.003,0.000,0.001
15567,0.000,0.003,0.000,0.001
15568,0.000,0.003,0.000,0.001
15569,0.000,0.003,0.000,0.001
15570,0.000,0.003,0.000,0.001
15571,0.000,0.003,0.000,0.001
15572,0.000,0.003,0.000,0.001
15573,0.000,0.003,0.000,0.001
15574,0.000,0.003,0.000,0.001
15575,0.000,0.003,0.000,0.001
15576,0.000,0.003,0.000,0.001
15577,0.000,0.003,0.000,0.001
15578,0.000,0.003,0.000,0.001
15579,0.000,0.003,0.000,0.001
15580,0.000,0.003,0.000,0.001
15581,0.000,0.003,0.000,0.001
15582,0.000,0.003,0.000,0.001
15583,0.000,0.003,0.000,0.001
15584,0.000,0.003,0.000,0.001
15585,0.000,0.003,0.000,0.001
15586,0.000,0.003,0.000,0.001
15587,0.000,0.003,0.000,0.001
15588,0.000,0.003,0.000,0.001
15589,0.000,0.003,0.000,0.001
15590,0.000,0.003,0.000,0.001
15591,0.000,0.003,0.000,0.001
15592,0.000,0.003,0.000,0.001
15593,0.000,0.003,0.000,0.001
15594,0.000,0.003,0.000,0.001
15595,0.000,0.003,0.000,0.001
15596,0.000,0.003,0.000,0.001
15597,0.000,0.003,0.000,0.001
15598,0.000,0.003,0.000,0.001
15599,0.000,0.003,0.000,0.001
15600,0.000,0.003,0.000,0.001
15601,0.000,0.003,0.000,0.001
15602,0.000,0.003,0.000,0.001
15603,0.000,0.003,0.000,0.001
15604,0.000,0.003,0.000,0.001
15605,0.000,0.003,0.000,0.001
15606,0.000,0.003,0.000,0.001
15607,0.000,0.003,0.000,0.001
15608,0.000,0.003,0.000,0.001
15609,0.000,0.003,0.000,0.001
15610,0.000,0.003,0.000,0.001
15611,0.000,0.003,0.000,0.001
15612,0.000,0.003,0.000,0.001
15613,0.000,0.003,0.000,0.001
15614,0.000,0.003,0.000,0.001
15615,0.000,0.003,0.000,0.001
15616,0.000,0.003,0.000,0.001
15617,0.000,0.003,0.000,0.001
15618,0.000,0.003,0.000,0.001
15619,0.000,0.003,0.000,0.001
15620,0.000,0.003,0.000,0.001
15621,0.000,0.003,0.000,0.001
15622,0.000,0.003,0.000,0.001
15623,0.000,0.003,0.000,0.001
15624,0.000,0.003,0.000,0.001
15625,0.000,0.003,0.000,0.001
15626,0.000,0.003,0.000,0.001
15627,0.000,0.003,0.000,0.001
15628,0.000,0.003,0.000,0.001
15629,0.000,0.003,0.000,0.001
15630,0.000,0.003,0.000,0.001
15631,0.000,0.003,0.000,0.001
15632,0.000,0.003,0.000,0.001
15633,0.000,0.003,0.000,0.001
15634,0.000,0.003,0.000,0.001
15635,0.000,0.003,0.000,0.001
15636,0.000,0.003,0.000,0.001
15637,0.000,0.003,0.000,0.001
15638,0.000,0.003,0.000,0.001
15639,0.000,0.003,0.000,0.001
15640,0.000,0.003,0.000,0.001
15641,0.000,0.003,0.000,0.001
15642,0.000,0.003,0.000,0.001
15643,0.000,0.003,0.000,0.001
15644,0.000,0.003,0.000,0.001
15645,0.000,0.003,0.000,0.001
15646,0.000,0.003,0.000,0.001
15647,0.000,0.003,0.000,0.001
15648,0.000,0.003,0.000,0.001
15649,0.000,0.003,0.000,0.001
15650,0.000,0.003,0.000,0.001
15651,0.000,0.003,0.000,0.001
15652,0.000,0.003,0.000,0.001
15653,0.000,0.003,0.000,0.001
15654,0.000,0.003,0.000,0.001
15655,0.000,0.003,0.000,0.001
15656,0.000,0.003,0.000,0.001
15657,0.000,0.003,0.000,0.001
15658,0.000,0.003,0.000,0.001
15659,0.000,0.003,0.000,0.001
15660,0.000,0.003,0.000,0.001
15661,0.000,0.003,0.000,0.001
15662,0.000,0.003,0.000,0.001
15663,0.000,0.003,0.000,0.001
15664,0.000,0.003,0.000,0.001
15665,0.000,0.003,0.000,0.001
15666,0.000,0.003,0.000,0.001
15667,0.000,0.003,0.000,0.001
15668,0.000,0.003,0.000,0.001
15669,0.000,0.003,0.000,0.001
15670,0.000,0.003,0.000,0.001
15671,0.000,0.003,0.000,0.001
15672,0.000,0.003,0.000,0.001
15673,0.000,0.003,0.000,0.001
15674,0.000,0.003,0.000,0.001
15675,0.000,0.003,0.000,0.001
15676,0.000,0.003,0.000,0.001
15677,0.000,0.003,0.000,0.001
15678,0.000,0.003,0.000,0.001
15679,0.000,0.003,0.000,0.001
15680,0.000,0.003,0.000,0.001
15681,0.000,0.003,0.000,0.001
15682,0.000,0.003,0.000,0.001
15683,0.000,0.003,0.000,0.001
15684,0.000,0.003,0.000,0.001
15685,0.000,0.003,0.000,0.001
15686,0.000,0.003,0.000,0.001
15687,0.000,0.003,0.000,0.001
15688,0.000,0.003,0.000,0.001
15689,0.000,0.003,0.000,0.001
15690,0.000,0.003,0.000,0.001
15691,0.000,0.003,0.000,0.001
15692,0.000,0.003,0.000,0.001
15693,0.000,0.003,0.000,0.001
15694,0.000,0.003,0.000,0.001
15695,0.000,0.003,0.000,0.001
15696,0.000,0.003,0.000,0.001
15697,0.000,0.003,0.000,0.001
15698,0.000,0.003,0.000,0.001
15699,0.000,0.003,0.000,0.001
15700,0.000,0.003,0.000,0.001
15701,0.000,0.003,0.000,0.001
15702,0.000,0.003,0.000,0.001
15703,0.000,0.003,0.000,0.001
15704,0.000,0.003,0.000,0.001
15705,0.000,0.003,0.000,0.001
15706,0.000,0.003,0.000,0.001
15707,0.000,0.003,0.000,0.001
15708,0.000,0.003,0.000,0.001
15709,0.000,0.003,0.000,0.001
15710,0.000,0.003,0.000,0.001
15711,0.000,0.003,0.000,0.001
15712,0.000,0.003,0.000,0.001
15713,0.000,0.003,0.000,0.001
15714,0.000,0.003,0.000,0.001
15715,0.000,0.003,0.000,0.001
15716,0.000,0.003,0.000,0.001
15717,0.000,0.003,0.000,0.001
15718,0.000,0.003,0.000,0.001
15719,0.000,0.003,0.000,0.001
15720,0.000,0.003,0.000,0.001
15721,0.000,0.003,0.000,0.001
15722,0.000,0.003,0.000,0.001
15723,0.000,0.003,0.000,0.001
15724,0.000,0.003,0.000,0.001
15725,0.000,0.003,0.000,0.001
15726,0.000,0.003,0.000,0.001
15727,0.000,0.003,0.000,0.001
15728,0.000,0.003,0.000,0.001
15729,0.000,0.003,0.000,0.001
15730,0.000,0.003,0.000,0.001
15731,0.000,0.003,0.000,0.001
15732,0.000,0.003,0.000,0.001
15733,0.000,0.003,0.000,0.001
15734,0.000,0.003,0.000,0.001
15735,0.000,0.003,0.000,0.001
15736,0.000,0.003,0.000,0.001
15737,0.000,0.003,0.000,0.001
15738,0.000,0.003,0.000,0.001
15739,0.000,0.003,0.000,0.001
15740,0.000,0.003,0.000,0.001
15741,0.000,0.003,0.000,0.001
15742,0.000,0.003,0.000,0.001
15743,0.000,0.003,0.000,0.001
15744,0.000,0.003,0.000,0.001
15745,0.000,0.003,0.000,0.001
15746,0.000,0.003,0.000,0.001
15747,0.000,0.003,0.000,0.001
15748,0.000,0.003,0.000,0.001
15749,0.000,0.003,0.000,0.001
15750,0.000,0.003,0.000,0.001
15751,0.000,0.003,0.000,0.001
15752,0.000,0.003,0.000,0.001
15753,0.000,0.003,0.000,0.001
15754,0.000,0.003,0.000,0.001
15755,0.000,0.003,0.000,0.001
15756,0.000,0.003,0.000,0.001
15757,0.000,0.003,0.000,0.001
15758,0.000,0.003,0.000,0.001
15759,0.000,0.003,0.000,0.001
15760,0.000,0.003,0.000,0.001
15761,0.000,0.003,0.000,0.001
15762,0.000,0.003,0.000,0.001
15763,0.000,0.003,0.000,0.001
15764,0.000,0.003,0.000,0.001
15765,0.000,0.003,0.000,0.001
15766,0.000,0.003,0.000,0.001
15767,0.000,0.003,0.000,0.001
15768,0.000,0.003,0.000,0.001
15769,0.000,0.003,0.000,0.001
15770,0.000,0.003,0.000,0.001
15771,0.000,0.003,0.000,0.001
15772,0.000,0.003,0.000,0.001
15773,0.000,0.003,0.000,0.001
15774,0.000,0.003,0.000,0.001
15775,0.000,0.003,0.000,0.001
15776,0.000,0.003,0.000,0.001
15777,0.000,0.003,0.000,0.001
15778,0.000,0.003,0.000,0.001
15779,0.000,0.003,0.000,0.001
15780,0.000,0.003,0.000,0.001
15781,0.000,0.003,0.000,0.001
15782,0.000,0.003,0.000,0.001
15783,0.000,0.003,0.000,0.001
15784,0.000,0.003,0.000,0.001
15785,0.000,0.003,0.000,0.001
15786,0.000,0.003,0.000,0.001
15787,0.000,0.003,0.000,0.001
15788,0.000,0.003,0.000,0.001
15789,0.000,0.003,0.000,0.001
15790,0.000,0.003,0.000,0.001
15791,0.000,0.003,0.000,0.001
15792,0.000,0.003,0.000,0.001
15793,0.000,0.003,0.000,0.001
15794,0.000,0.003,0.000,0.001
15795,0.000,0.003,0.000,0.001
15796,0.000,0.003,0.000,0.001
15797,0.000,0.003,0.000,0.001
15798,0.000,0.003,0.000,0.001
15799,0.000,0.003,0.000,0.001
15800,0.000,0.003,0.000,0.001
15801,0.000,0.003,0.000,0.001
15802,0.000,0.003,0.000,0.001
15803,0.000,0.003,0.000,0.001
15804,0.000,0.003,0.000,0.001
15805,0.000,0.003,0.000,0.001
15806,0.000,0.003,0.000,0.001
15807,0.000,0.003,0.000,0.001
15808,0.000,0.003,0.000,0.001
15809,0.000,0.003,0.000,0.001
15810,0.000,0.003,0.000,0.001
15811,0.000,0.003,0.000,0.001
15812,0.000,0.003,0.000,0.001
15813,0.000,0.003,0.000,0.001
15814,0.000,0.003,0.000,0.001
15815,0.000,0.003,0.000,0.001
15816,0.000,0.003,0.000,0.001
15817,0.000,0.003,0.000,0.001
15818,0.000,0.003,0.000,0.001
15819,0.000,0.003,0.000,0.001
15820,0.000,0.003,0.000,0.001
15821,0.000,0.003,0.000,0.001
15822,0.000,0.003,0.000,0.001
15823,0.000,0.003,0.000,0.001
15824,0.000,0.003,0.000,0.001
15825,0.000,0.003,0.000,0.001
15826,0.000,0.003,0.000,0.001
15827,0.000,0.003,0.000,0.001
15828,0.000,0.003,0.000,0.001
15829,0.000,0.003,0.000,0.001
15830,0.000,0.003,0.000,0.001
15831,0.000,0.003,0.000,0.001
15832,0.000,0.003,0.000,0.001
15833,0.000,0.003,0.000,0.001
15834,0.000,0.003,0.000,0.001
15835,0.000,0.003,0.000,0.001
15836,0.000,0.003,0.000,0.001
15837,0.000,0.003,0.000,0.001
15838,0.000,0.003,0.000,0.001
15839,0.000,0.003,0.000,0.001
15840,0.000,0.003,0.000,0.001
15841,0.000,0.003,0.000,0.001
15842,0.000,0.003,0.000,0.001
15843,0.000,0.003,0.000,0.001
15844,0.000,0.003,0.000,0.001
15845,0.000,0.003,0.000,0.001
15846,0.000,0.003,0.000,0.001
15847,0.000,0.003,0.000,0.001
15848,0.000,0.003,0.000,0.001
15849,0.000,0.003,0.000,0.001
15850,0.000,0.003,0.000,0.001
15851,0.000,0.003,0.000,0.001
15852,0.000,0.003,0.000,0.001
15853,0.000,0.003,0.000,0.001
15854,0.000,0.003,0.000,0.001
15855,0.000,0.003,0.000,0.001
15856,0.000,0.003,0.000,0.001
15857,0.000,0.003,0.000,0.001
15858,0.000,0.003,0.000,0.001
15859,0.000,0.003,0.000,0.001
15860,0.000,0.003,0.000,0.001
15861,0.000,0.003,0.000,0.001
15862,0.000,0.003,0.000,0.001
15863,0.000,0.003,0.000,0.001
15864,0.000,0.003,0.000,0.001
15865,0.000,0.003,0.000,0.001
15866,0.000,0.003,0.000,0.001
15867,0.000,0.003,0.000,0.001
15868,0.000,0.003,0.000,0.001
15869,0.000,0.003,0.000,0.001
15870,0.000,0.003,0.000,0.001
15871,0.000,0.003,0.000,0.001
15872,0.000,0.003,0.000,0.001
15873,0.000,0.003,0.000,0.001
15874,0.000,0.003,0.000,0.001
15875,0.000,0.003,0.000,0.001
15876,0.000,0.003,0.000,0.001
15877,0.000,0.003,0.000,0.001
15878,0.000,0.003,0.000,0.001
15879,0.000,0.003,0.000,0.001
15880,0.000,0.003,0.000,0.001
15881,0.000,0.003,0.000,0.001
15882,0.000,0.003,0.000,0.001
15883,0.000,0.003,0.000,0.001
15884,0.000,0.003,0.000,0.001
15885,0.000,0.003,0.000,0.001
15886,0.000,0.003,0.000,0.001
15887,0.000,0.003,0.000,0.001
15888,0.000,0.003,0.000,0.001
15889,0.000,0.003,0.000,0.001
15890,0.000,0.003,0.000,0.001
15891,0.000,0.003,0.000,0.001
15892,0.000,0.003,0.000,0.001
15893,0.000,0.003,0.000,0.001
15894,0.000,0.003,0.000,0.001
15895,0.000,0.003,0.000,0.001
15896,0.000,0.003,0.000,0.001
15897,0.000,0.003,0.000,0.001
15898,0.000,0.003,0.000,0.001
15899,0.000,0.003,0.000,0.001
15900,0.000,0.003,0.000,0.001
15901,0.000,0.003,0.000,0.001
15902,0.000,0.003,0.000,0.001
15903,0.000,0.003,0.000,0.001
15904,0.000,0.003,0.000,0.001
15905,0.000,0.003,0.000,0.001
15906,0.000,0.003,0.000,0.001
15907,0.000,0.003,0.000,0.001
15908,0.000,0.003,0.000,0.001
15909,0.000,0.003,0.000,0.001
15910,0.000,0.003,0.000,0.001
15911,0.000,0.003,0.000,0.001
15912,0.000,0.003,0.000,0.001
15913,0.000,0.003,0.000,0.001
15914,0.000,0.003,0.000,0.001
15915,0.000,0.003,0.000,0.001
15916,0.000,0.003,0.000,0.001
15917,0.000,0.003,0.000,0.001
15918,0.000,0.003,0.000,0.001
15919,0.000,0.003,0.000,0.001
15920,0.000,0.003,0.000,0.001
15921,0.000,0.003,0.000,0.001
15922,0.000,0.003,0.000,0.001
15923,0.000,0.003,0.000,0.001
15924,0.000,0.003,0.000,0.001
15925,0.000,0.003,0.000,0.001
15926,0.000,0.003,0.000,0.001
15927,0.000,0.003,0.000,0.001
15928,0.000,0.003,0.000,0.001
15929,0.000,0.003,0.000,0.001
15930,0.000,0.003,0.000,0.001
15931,0.000,0.003,0.000,0.001
15932,0.000,0.003,0.000,0.001
15933,0.000,0.003,0.000,0.001
15934,0.000,0.003,0.000,0.001
15935,0.000,0.003,0.000,0.001
15936,0.000,0.003,0.000,0.001
15937,0.000,0.003,0.000,0.001
15938,0.000,0.003,0.000,0.001
15939,0.000,0.003,0.000,0.001
15940,0.000,0.003,0.000,0.001
15941,0.000,0.003,0.000,0.001
15942,0.000,0.003,0.000,0.001
15943,0.000,0.003,0.000,0.001
15944,0.000,0.003,0.000,0.001
15945,0.000,0.003,0.000,0.001
15946,0.000,0.003,0.000,0.001
15947,0.000,0.003,0.000,0.001
15948,0.000,0.003,0.000,0.001
15949,0.000,0.003,0.000,0.001
15950,0.000,0.003,0.000,0.001
15951,0.000,0.003,0.000,0.001
15952,0.000,0.003,0.000,0.001
15953,0.000,0.003,0.000,0.001
15954,0.000,0.003,0.000,0.001
15955,0.000,0.003,0.000,0.001
15956,0.000,0.003,0.000,0.001
15957,0.000,0.003,0.000,0.001
15958,0.000,0.003,0.000,0.001
15959,0.000,0.003,0.000,0.001
15960,0.000,0.003,0.000,0.001
15961,0.000,0.003,0.000,0.001
15962,0.000,0.003,0.000,0.001
15963,0.000,0.003,0.000,0.001
15964,0.000,0.003,0.000,0.001
15965,0.000,0.003,0.000,0.001
15966,0.000,0.003,0.000,0.001
15967,0.000,0.003,0.000,0.001
15968,0.000,0.003,0.000,0.001
15969,0.000,0.003,0.000,0.001
15970,0.000,0.003,0.000,0.001
15971,0.000,0.003,0.000,0.001
15972,0.000,0.003,0.000,0.001
15973,0.000,0.003,0.000,0.001
15974,0.000,0.003,0.000,0.001
15975,0.000,0.003,0.000,0.001
15976,0.000,0.003,0.000,0.001
15977,0.000,0.003,0.000,0.001
15978,0.000,0.003,0.000,0.001
15979,0.000,0.003,0.000,0.001
15980,0.000,0.003,0.000,0.001
15981,0.000,0.003,0.000,0.001
15982,0.000,0.003,0.000,0.001
15983,0.000,0.003,0.000,0.001
15984,0.000,0.003,0.000,0.001
15985,0.000,0.003,0.000,0.001
15986,0.000,0.003,0.000,0.001
15987,0.000,0.003,0.000,0.001
15988,0.000,0.003,0.000,0.001
15989,0.000,0.003,0.000,0.001
15990,0.000,0.003,0.000,0.001
15991,0.000,0.003,0.000,0.001
15992,0.000,0.003,0.000,0.001
15993,0.000,0.003,0.000,0.001
15994,0.000,0.003,0.000,0.001
15995,0.000,0.003,0.000,0.001
15996,0.000,0.003,0.000,0.001
15997,0.000,0.003,0.000,0.001
15998,0.000,0.003,0.000,0.001
15999,0.000,0.003,0.000,0.001
16000,0.000,0.003,0.000,0.001
16001,0.000,0.003,0.000,0.001
16002,0.000,0.003,0.000,0.001
16003,0.000,0.003,0.000,0.001
16004,0.000,0.003,0.000,0.001
16005,0.000,0.003,0.000,0.001
16006,0.000,0.003,0.000,0.001
16007,0.000,0.003,0.000,0.001
16008,0.000,0.003,0.000,0.001
16009,0.000,0.003,0.000,0.001
16010,0.000,0.003,0.000,0.001
16011,0.000,0.003,0.000,0.001
16012,0.000,0.003,0.000,0.001
16013,0.000,0.003,0.000,0.001
16014,0.000,0.003,0.000,0.001
16015,0.000,0.003,0.000,0.001
16016,0.000,0.003,0.000,0.001
16017,0.000,0.003,0.000,0.001
16018,0.000,0.003,0.000,0.001
16019,0.000,0.003,0.000,0.001
16020,0.000,0.003,0.000,0.001
16021,0.000,0.003,0.000,0.001
16022,0.000,0.003,0.000,0.001
16023,0.000,0.003,0.000,0.001
16024,0.000,0.003,0.000,0.001
16025,0.000,0.003,0.000,0.001
16026,0.000,0.003,0.000,0.001
16027,0.000,0.003,0.000,0.001
16028,0.000,0.003,0.000,0.001
16029,0.000,0.003,0.000,0.001
16030,0.000,0.003,0.000,0.001
16031,0.000,0.003,0.000,0.001
16032,0.000,0.003,0.000,0.001
16033,0.000,0.003,0.000,0.001
16034,0.000,0.003,0.000,0.001
16035,0.000,0.003,0.000,0.001
16036,0.000,0.003,0.000,0.001
16037,0.000,0.003,0.000,0.001
16038,0.000,0.003,0.000,0.001
16039,0.000,0.003,0.000,0.001
16040,0.000,0.003,0.000,0.001
16041,0.000,0.003,0.000,0.001
16042,0.000,0.003,0.000,0.001
16043,0.000,0.003,0.000,0.001
16044,0.000,0.003,0.000,0.001
16045,0.000,0.003,0.000,0.001
16046,0.000,0.003,0.000,0.001
16047,0.000,0.003,0.000,0.001
16048,0.000,0.003,0.000,0.001
16049,0.000,0.003,0.000,0.001
16050,0.000,0.003,0.000,0.001
16051,0.000,0.003,0.000,0.001
16052,0.000,0.003,0.000,0.001
16053,0.000,0.003,0.000,0.001
16054,0.000,0.003,0.000,0.001
16055,0.000,0.003,0.000,0.001
16056,0.000,0.003,0.000,0.001
16057,0.000,0.003,0.000,0.001
16058,0.000,0.003,0.000,0.001
16059,0.000,0.003,0.000,0.001
16060,0.000,0.003,0.000,0.001
16061,0.000,0.003,0.000,0.001
16062,0.000,0.003,0.000,0.001
16063,0.000,0.003,0.000,0.001
16064,0.000,0.003,0.000,0.001
16065,0.000,0.003,0.000,0.001
16066,0.000,0.003,0.000,0.001
16067,0.000,0.003,0.000,0.001
16068,0.000,0.003,0.000,0.001
16069,0.000,0.003,0.000,0.001
16070,0.000,0.003,0.000,0.001
16071,0.000,0.003,0.000,0.001
16072,0.000,0.003,0.000,0.001
16073,0.000,0.003,0.000,0.001
16074,0.000,0.003,0.000,0.001
16075,0.000,0.003,0.000,0.001
16076,0.000,0.003,0.000,0.001
16077,0.000,0.003,0.000,0.001
16078,0.000,0.003,0.000,0.001
16079,0.000,0.003,0.000,0.001
16080,0.000,0.003,0.000,0.001
16081,0.000,0.003,0.000,0.001
16082,0.000,0.003,0.000,0.001
16083,0.000,0.003,0.000,0.001
16084,0.000,0.003,0.000,0.001
16085,0.000,0.003,0.000,0.001
16086,0.000,0.003,0.000,0.001
16087,0.000,0.003,0.000,0.001
16088,0.000,0.003,0.000,0.001
16089,0.000,0.003,0.000,0.001
16090,0.000,0.003,0.000,0.001
16091,0.000,0.003,0.000,0.001
16092,0.000,0.003,0.000,0.001
16093,0.000,0.003,0.000,0.001
16094,0.000,0.003,0.000,0.001
16095,0.000,0.003,0.000,0.001
16096,0.000,0.003,0.000,0.001
16097,0.000,0.003,0.000,0.001
16098,0.000,0.003,0.000,0.001
16099,0.000,0.003,0.000,0.001
16100,0.000,0.003,0.000,0.001
16101,0.000,0.003,0.000,0.001
16102,0.000,0.003,0.000,0.001
16103,0.000,0.003,0.000,0.001
16104,0.000,0.003,0.000,0.001
16105,0.000,0.003,0.000,0.001
16106,0.000,0.003,0.000,0.001
16107,0.000,0.003,0.000,0.001
16108,0.000,0.003,0.000,0.001
16109,0.000,0.003,0.000,0.001
16110,0.000,0.003,0.000,0.001
16111,0.000,0.003,0.000,0.001
16112,0.000,0.003,0.000,0.001
16113,0.000,0.003,0.000,0.001
16114,0.000,0.003,0.000,0.001
16115,0.000,0.003,0.000,0.001
16116,0.000,0.003,0.000,0.001
16117,0.000,0.003,0.000,0.001
16118,0.000,0.003,0.000,0.001
16119,0.000,0.003,0.000,0.001
16120,0.000,0.003,0.000,0.001
16121,0.000,0.003,0.000,0.001
16122,0.000,0.003,0.000,0.001
16123,0.000,0.003,0.000,0.001
16124,0.000,0.003,0.000,0.001
16125,0.000,0.003,0.000,0.001
16126,0.000,0.003,0.000,0.001
16127,0.000,0.003,0.000,0.001
16128,0.000,0.003,0.000,0.001
16129,0.000,0.003,0.000,0.001
16130,0.000,0.003,0.000,0.001
16131,0.000,0.003,0.000,0.001
16132,0.000,0.003,0.000,0.001
16133,0.000,0.003,0.000,0.001
16134,0.000,0.003,0.000,0.001
16135,0.000,0.003,0.000,0.001
16136,0.000,0.003,0.000,0.001
16137,0.000,0.003,0.000,0.001
16138,0.000,0.003,0.000,0.001
16139,0.000,0.003,0.000,0.001
16140,0.000,0.003,0.000,0.001
16141,0.000,0.003,0.000,0.001
16142,0.000,0.003,0.000,0.001
16143,0.000,0.003,0.000,0.001
16144,0.000,0.003,0.000,0.001
16145,0.000,0.003,0.000,0.001
16146,0.000,0.003,0.000,0.001
16147,0.000,0.003,0.000,0.001
16148,0.000,0.003,0.000,0.001
16149,0.000,0.003,0.000,0.001
16150,0.000,0.003,0.000,0.001
16151,0.000,0.003,0.000,0.001
16152,0.000,0.003,0.000,0.001
16153,0.000,0.003,0.000,0.001
16154,0.000,0.003,0.000,0.001
16155,0.000,0.003,0.000,0.001
16156,0.000,0.003,0.000,0.001
16157,0.000,0.003,0.000,0.001
16158,0.000,0.003,0.000,0.001
16159,0.000,0.003,0.000,0.001
16160,0.000,0.003,0.000,0.001
16161,0.000,0.003,0.000,0.001
16162,0.000,0.003,0.000,0.001
16163,0.000,0.003,0.000,0.001
16164,0.000,0.003,0.000,0.001
16165,0.000,0.003,0.000,0.001
16166,0.000,0.003,0.000,0.001
16167,0.000,0.003,0.000,0.001
16168,0.000,0.003,0.000,0.001
16169,0.000,0.003,0.000,0.001
16170,0.000,0.003,0.000,0.001
16171,0.000,0.003,0.000,0.001
16172,0.000,0.003,0.000,0.001
16173,0.000,0.003,0.000,0.001
16174,0.000,0.003,0.000,0.001
16175,0.000,0.003,0.000,0.001
16176,0.000,0.003,0.000,0.001
16177,0.000,0.003,0.000,0.001
16178,0.000,0.003,0.000,0.001
16179,0.000,0.003,0.000,0.001
16180,0.000,0.003,0.000,0.001
16181,0.000,0.003,0.000,0.001
16182,0.000,0.003,0.000,0.001
16183,0.000,0.003,0.000,0.001
16184,0.000,0.003,0.000,0.001
16185,0.000,0.003,0.000,0.001
16186,0.000,0.003,0.000,0.001
16187,0.000,0.003,0.000,0.001
16188,0.000,0.003,0.000,0.001
16189,0.000,0.003,0.000,0.001
16190,0.000,0.003,0.000,0.001
16191,0.000,0.003,0.000,0.001
16192,0.000,0.003,0.000,0.001
16193,0.000,0.003,0.000,0.001
16194,0.000,0.003,0.000,0.001
16195,0.000,0.003,0.000,0.001
16196,0.000,0.003,0.000,0.001
16197,0.000,0.003,0.000,0.001
16198,0.000,0.003,0.000,0.001
16199,0.000,0.003,0.000,0.001
16200,0.000,0.003,0.000,0.001
16201,0.000,0.003,0.000,0.001
16202,0.000,0.003,0.000,0.001
16203,0.000,0.003,0.000,0.001
16204,0.000,0.003,0.000,0.001
16205,0.000,0.003,0.000,0.001
16206,0.000,0.003,0.000,0.001
16207,0.000,0.003,0.000,0.001
16208,0.000,0.003,0.000,0.001
16209,0.000,0.003,0.000,0.001
16210,0.000,0.003,0.000,0.001
16211,0.000,0.003,0.000,0.001
16212,0.000,0.003,0.000,0.001
16213,0.000,0.003,0.000,0.001
16214,0.000,0.003,0.000,0.001
16215,0.000,0.003,0.000,0.001
16216,0.000,0.003,0.000,0.001
16217,0.000,0.003,0.000,0.001
16218,0.000,0.003,0.000,0.001
16219,0.000,0.003,0.000,0.001
16220,0.000,0.003,0.000,0.001
16221,0.000,0.003,0.000,0.001
16222,0.000,0.003,0.000,0.001
16223,0.000,0.003,0.000,0.001
16224,0.000,0.003,0.000,0.001
16225,0.000,0.003,0.000,0.001
16226,0.000,0.003,0.000,0.001
16227,0.000,0.003,0.000,0.001
16228,0.000,0.003,0.000,0.001
16229,0.000,0.003,0.000,0.001
16230,0.000,0.003,0.000,0.001
16231,0.000,0.003,0.000,0.001
16232,0.000,0.003,0.000,0.001
16233,0.000,0.003,0.000,0.001
16234,0.000,0.003,0.000,0.001
16235,0.000,0.003,0.000,0.001
16236,0.000,0.003,0.000,0.001
16237,0.000,0.003,0.000,0.001
16238,0.000,0.003,0.000,0.001
16239,0.000,0.003,0.000,0.001
16240,0.000,0.003,0.000,0.001
16241,0.000,0.003,0.000,0.001
16242,0.000,0.003,0.000,0.001
16243,0.000,0.003,0.000,0.001
16244,0.000,0.003,0.000,0.001
16245,0.000,0.003,0.000,0.001
16246,0.000,0.003,0.000,0.001
16247,0.000,0.003,0.000,0.001
16248,0.000,0.003,0.000,0.001
16249,0.000,0.003,0.000,0.001
16250,0.000,0.003,0.000,0.001
16251,0.000,0.003,0.000,0.001
16252,0.000,0.003,0.000,0.001
16253,0.000,0.003,0.000,0.001
16254,0.000,0.003,0.000,0.001
16255,0.000,0.003,0.000,0.001
16256,0.000,0.003,0.000,0.001
16257,0.000,0.003,0.000,0.001
16258,0.000,0.003,0.000,0.001
16259,0.000,0.003,0.000,0.001
16260,0.000,0.003,0.000,0.001
16261,0.000,0.003,0.000,0.001
16262,0.000,0.003,0.000,0.001
16263,0.000,0.003,0.000,0.001
16264,0.000,0.003,0.000,0.001
16265,0.000,0.003,0.000,0.001
16266,0.000,0.003,0.000,0.001
16267,0.000,0.003,0.000,0.001
16268,0.000,0.003,0.000,0.001
16269,0.000,0.003,0.000,0.001
16270,0.000,0.003,0.000,0.001
16271,0.000,0.003,0.000,0.001
16272,0.000,0.003,0.000,0.001
16273,0.000,0.003,0.000,0.001
16274,0.000,0.003,0.000,0.001
16275,0.000,0.003,0.000,0.001
16276,0.000,0.003,0.000,0.001
16277,0.000,0.003,0.000,0.001
16278,0.000,0.003,0.000,0.001
16279,0.000,0.003,0.000,0.001
16280,0.000,0.003,0.000,0.001
16281,0.000,0.003,0.000,0.001
16282,0.000,0.003,0.000,0.001
16283,0.000,0.003,0.000,0.001
16284,0.000,0.003,0.000,0.001
16285,0.000,0.003,0.000,0.001
16286,0.000,0.003,0.000,0.001
16287,0.000,0.003,0.000,0.001
16288,0.000,0.003,0.000,0.001
16289,0.000,0.003,0.000,0.001
16290,0.000,0.003,0.000,0.001
16291,0.000,0.003,0.000,0.001
16292,0.000,0.003,0.000,0.001
16293,0.000,0.003,0.000,0.001
16294,0.000,0.003,0.000,0.001
16295,0.000,0.003,0.000,0.001
16296,0.000,0.003,0.000,0.001
16297,0.000,0.003,0.000,0.001
16298,0.000,0.003,0.000,0.001
16299,0.000,0.003,0.000,0.001
16300,0.000,0.003,0.000,0.001
16301,0.000,0.003,0.000,0.001
16302,0.000,0.003,0.000,0.001
16303,0.000,0.003,0.000,0.001
16304,0.000,0.003,0.000,0.001
16305,0.000,0.003,0.000,0.001
16306,0.000,0.003,0.000,0.001
16307,0.000,0.003,0.000,0.001
16308,0.000,0.003,0.000,0.001
16309,0.000,0.003,0.000,0.001
16310,0.000,0.003,0.000,0.001
16311,0.000,0.003,0.000,0.001
16312,0.000,0.003,0.000,0.001
16313,0.000,0.003,0.000,0.001
16314,0.000,0.003,0.000,0.001
16315,0.000,0.003,0.000,0.001
16316,0.000,0.003,0.000,0.001
16317,0.000,0.003,0.000,0.001
16318,0.000,0.003,0.000,0.001
16319,0.000,0.003,0.000,0.001
16320,0.000,0.003,0.000,0.001
16321,0.000,0.003,0.000,0.001
16322,0.000,0.003,0.000,0.001
16323,0.000,0.003,0.000,0.001
16324,0.000,0.003,0.000,0.001
16325,0.000,0.003,0.000,0.001
16326,0.000,0.003,0.000,0.001
16327,0.000,0.003,0.000,0.001
16328,0.000,0.003,0.000,0.001
16329,0.000,0.003,0.000,0.001
16330,0.000,0.003,0.000,0.001
16331,0.000,0.003,0.000,0.001
16332,0.000,0.003,0.000,0.001
16333,0.000,0.003,0.000,0.001
16334,0.000,0.003,0.000,0.001
16335,0.000,0.003,0.000,0.001
16336,0.000,0.003,0.000,0.001
16337,0.000,0.003,0.000,0.001
16338,0.000,0.003,0.000,0.001
16339,0.000,0.003,0.000,0.001
16340,0.000,0.003,0.000,0.001
16341,0.000,0.003,0.000,0.001
16342,0.000,0.003,0.000,0.001
16343,0.000,0.003,0.000,0.001
16344,0.000,0.003,0.000,0.001
16345,0.000,0.003,0.000,0.001
16346,0.000,0.003,0.000,0.001
16347,0.000,0.003,0.000,0.001
16348,0.000,0.003,0.000,0.001
16349,0.000,0.003,0.000,0.001
16350,0.000,0.003,0.000,0.001
16351,0.000,0.003,0.000,0.001
16352,0.000,0.003,0.000,0.001
16353,0.000,0.003,0.000,0.001
16354,0.000,0.003,0.000,0.001
16355,0.000,0.003,0.000,0.001
16356,0.000,0.003,0.000,0.001
16357,0.000,0.003,0.000,0.001
16358,0.000,0.003,0.000,0.001
16359,0.000,0.003,0.000,0.001
16360,0.000,0.003,0.000,0.001
16361,0.000,0.003,0.000,0.001
16362,0.000,0.003,0.000,0.001
16363,0.000,0.003,0.000,0.001
16364,0.000,0.003,0.000,0.001
16365,0.000,0.003,0.000,0.001
16366,0.000,0.003,0.000,0.001
16367,0.000,0.003,0.000,0.001
16368,0.000,0.003,0.000,0.001
16369,0.000,0.003,0.000,0.001
16370,0.000,0.003,0.000,0.001
16371,0.000,0.003,0.000,0.001
16372,0.000,0.003,0.000,0.001
16373,0.000,0.003,0.000,0.001
16374,0.000,0.003,0.000,0.001
16375,0.000,0.003,0.000,0.001
16376,0.000,0.003,0.000,0.001
16377,0.000,0.003,0.000,0.001
16378,0.000,0.003,0.000,0.001
16379,0.000,0.003,0.000,0.001
16380,0.000,0.003,0.000,0.001
16381,0.000,0.003,0.000,0.001
16382,0.000,0.003,0.000,0.001
16383,0.000,0.003,0.000,0.001
16384,0.000,0.003,0.000,0.001
16385,0.000,0.003,0.000,0.001
16386,0.000,0.003,0.000,0.001
16387,0.000,0.003,0.000,0.001
16388,0.000,0.003,0.000,0.001
16389,0.000,0.003,0.000,0.001
16390,0.000,0.003,0.000,0.001
16391,0.000,0.003,0.000,0.001
16392,0.000,0.003,0.000,0.001
16393,0.000,0.003,0.000,0.001
16394,0.000,0.003,0.000,0.001
16395,0.000,0.003,0.000,0.001
16396,0.000,0.003,0.000,0.001
16397,0.000,0.003,0.000,0.001
16398,0.000,0.003,0.000,0.001
16399,0.000,0.003,0.000,0.001
16400,0.000,0.003,0.000,0.001
16401,0.000,0.003,0.000,0.001
16402,0.000,0.003,0.000,0.001
16403,0.000,0.003,0.000,0.001
16404,0.000,0.003,0.000,0.001
16405,0.000,0.003,0.000,0.001
16406,0.000,0.003,0.000,0.001
16407,0.000,0.003,0.000,0.001
16408,0.000,0.003,0.000,0.001
16409,0.000,0.003,0.000,0.001
16410,0.000,0.003,0.000,0.001
16411,0.000,0.003,0.000,0.001
16412,0.000,0.003,0.000,0.001
16413,0.000,0.003,0.000,0.001
16414,0.000,0.003,0.000,0.001
16415,0.000,0.003,0.000,0.001
16416,0.000,0.003,0.000,0.001
16417,0.000,0.003,0.000,0.001
16418,0.000,0.003,0.000,0.001
16419,0.000,0.003,0.000,0.001
16420,0.000,0.003,0.000,0.001
16421,0.000,0.003,0.000,0.001
16422,0.000,0.003,0.000,0.001
16423,0.000,0.003,0.000,0.001
16424,0.000,0.003,0.000,0.001
16425,0.000,0.003,0.000,0.001
16426,0.000,0.003,0.000,0.001
16427,0.000,0.003,0.000,0.001
16428,0.000,0.003,0.000,0.001
16429,0.000,0.003,0.000,0.001
16430,0.000,0.003,0.000,0.001
16431,0.000,0.003,0.000,0.001
16432,0.000,0.003,0.000,0.001
16433,0.000,0.003,0.000,0.001
16434,0.000,0.003,0.000,0.001
16435,0.000,0.003,0.000,0.001
16436,0.000,0.003,0.000,0.001
16437,0.000,0.003,0.000,0.001
16438,0.000,0.003,0.000,0.001
16439,0.000,0.003,0.000,0.001
16440,0.000,0.003,0.000,0.001
16441,0.000,0.003,0.000,0.001
16442,0.000,0.003,0.000,0.001
16443,0.000,0.003,0.000,0.001
16444,0.000,0.003,0.000,0.001
16445,0.000,0.003,0.000,0.001
16446,0.000,0.003,0.000,0.001
16447,0.000,0.003,0.000,0.001
16448,0.000,0.003,0.000,0.001
16449,0.000,0.003,0.000,0.001
16450,0.000,0.003,0.000,0.001
16451,0.000,0.003,0.000,0.001
16452,0.000,0.003,0.000,0.001
16453,0.000,0.003,0.000,0.001
16454,0.000,0.003,0.000,0.001
16455,0.000,0.003,0.000,0.001
16456,0.000,0.003,0.000,0.001
16457,0.000,0.003,0.000,0.001
16458,0.000,0.003,0.000,0.001
16459,0.000,0.003,0.000,0.001
16460,0.000,0.003,0.000,0.001
16461,0.000,0.003,0.000,0.001
16462,0.000,0.003,0.000,0.001
16463,0.000,0.003,0.000,0.001
16464,0.000,0.003,0.000,0.001
16465,0.000,0.003,0.000,0.001
16466,0.000,0.003,0.000,0.001
16467,0.000,0.003,0.000,0.001
16468,0.000,0.003,0.000,0.001
16469,0.000,0.003,0.000,0.001
16470,0.000,0.003,0.000,0.001
16471,0.000,0.003,0.000,0.001
16472,0.000,0.003,0.000,0.001
16473,0.000,0.003,0.000,0.001
16474,0.000,0.003,0.000,0.001
16475,0.000,0.003,0.000,0.001
16476,0.000,0.003,0.000,0.001
16477,0.000,0.003,0.000,0.001
16478,0.000,0.003,0.000,0.001
16479,0.000,0.003,0.000,0.001
16480,0.000,0.003,0.000,0.001
16481,0.000,0.003,0.000,0.001
16482,0.000,0.003,0.000,0.001
16483,0.000,0.003,0.000,0.001
16484,0.000,0.003,0.000,0.001
16485,0.000,0.003,0.000,0.001
16486,0.000,0.003,0.000,0.001
16487,0.000,0.003,0.000,0.001
16488,0.000,0.003,0.000,0.001
16489,0.000,0.003,0.000,0.001
16490,0.000,0.003,0.000,0.001
16491,0.000,0.003,0.000,0.001
16492,0.000,0.003,0.000,0.001
16493,0.000,0.003,0.000,0.001
16494,0.000,0.003,0.000,0.001
16495,0.000,0.003,0.000,0.001
16496,0.000,0.003,0.000,0.001
16497,0.000,0.003,0.000,0.001
16498,0.000,0.003,0.000,0.001
16499,0.000,0.003,0.000,0.001
16500,0.000,0.003,0.000,0.001
16501,0.000,0.003,0.000,0.001
16502,0.000,0.003,0.000,0.001
16503,0.000,0.003,0.000,0.001
16504,0.000,0.003,0.000,0.001
16505,0.000,0.003,0.000,0.001
16506,0.000,0.003,0.000,0.001
16507,0.000,0.003,0.000,0.001
16508,0.000,0.003,0.000,0.001
16509,0.000,0.003,0.000,0.001
16510,0.000,0.003,0.000,0.001
16511,0.000,0.003,0.000,0.001
16512,0.000,0.003,0.000,0.001
16513,0.000,0.003,0.000,0.001
16514,0.000,0.003,0.000,0.001
16515,0.000,0.003,0.000,0.001
16516,0.000,0.003,0.000,0.001
16517,0.000,0.003,0.000,0.001
16518,0.000,0.003,0.000,0.001
16519,0.000,0.003,0.000,0.001
16520,0.000,0.003,0.000,0.001
16521,0.000,0.003,0.000,0.001
16522,0.000,0.003,0.000,0.001
16523,0.000,0.003,0.000,0.001
16524,0.000,0.003,0.000,0.001
16525,0.000,0.003,0.000,0.001
16526,0.000,0.003,0.000,0.001
16527,0.000,0.003,0.000,0.001
16528,0.000,0.003,0.000,0.001
16529,0.000,0.003,0.000,0.001
16530,0.000,0.003,0.000,0.001
16531,0.000,0.003,0.000,0.001
16532,0.000,0.003,0.000,0.001
16533,0.000,0.003,0.000,0.001
16534,0.000,0.003,0.000,0.001
16535,0.000,0.003,0.000,0.001
16536,0.000,0.003,0.000,0.001
16537,0.000,0.003,0.000,0.001
16538,0.000,0.003,0.000,0.001
16539,0.000,0.003,0.000,0.001
16540,0.000,0.003,0.000,0.001
16541,0.000,0.003,0.000,0.001
16542,0.000,0.003,0.000,0.001
16543,0.000,0.003,0.000,0.001
16544,0.000,0.003,0.000,0.001
16545,0.000,0.003,0.000,0.001
16546,0.000,0.003,0.000,0.001
16547,0.000,0.003,0.000,0.001
16548,0.000,0.003,0.000,0.001
16549,0.000,0.003,0.000,0.001
16550,0.000,0.003,0.000,0.001
16551,0.000,0.003,0.000,0.001
16552,0.000,0.003,0.000,0.001
16553,0.000,0.003,0.000,0.001
16554,0.000,0.003,0.000,0.001
16555,0.000,0.003,0.000,0.001
16556,0.000,0.003,0.000,0.001
16557,0.000,0.003,0.000,0.001
16558,0.000,0.003,0.000,0.001
16559,0.000,0.003,0.000,0.001
16560,0.000,0.003,0.000,0.001
16561,0.000,0.003,0.000,0.001
16562,0.000,0.003,0.000,0.001
16563,0.000,0.003,0.000,0.001
16564,0.000,0.003,0.000,0.001
16565,0.000,0.003,0.000,0.001
16566,0.000,0.003,0.000,0.001
16567,0.000,0.003,0.000,0.001
16568,0.000,0.003,0.000,0.001
16569,0.000,0.003,0.000,0.001
16570,0.000,0.003,0.000,0.001
16571,0.000,0.003,0.000,0.001
16572,0.000,0.003,0.000,0.001
16573,0.000,0.003,0.000,0.001
16574,0.000,0.003,0.000,0.001
16575,0.000,0.003,0.000,0.001
16576,0.000,0.003,0.000,0.001
16577,0.000,0.003,0.000,0.001
16578,0.000,0.003,0.000,0.001
16579,0.000,0.003,0.000,0.001
16580,0.000,0.003,0.000,0.001
16581,0.000,0.003,0.000,0.001
16582,0.000,0.003,0.000,0.001
16583,0.000,0.003,0.000,0.001
16584,0.000,0.003,0.000,0.001
16585,0.000,0.003,0.000,0.001
16586,0.000,0.003,0.000,0.001
16587,0.000,0.003,0.000,0.001
16588,0.000,0.003,0.000,0.001
16589,0.000,0.003,0.000,0.001
16590,0.000,0.003,0.000,0.001
16591,0.000,0.003,0.000,0.001
16592,0.000,0.003,0.000,0.001
16593,0.000,0.003,0.000,0.001
16594,0.000,0.003,0.000,0.001
16595,0.000,0.003,0.000,0.001
16596,0.000,0.003,0.000,0.001
16597,0.000,0.003,0.000,0.001
16598,0.000,0.003,0.000,0.001
16599,0.000,0.003,0.000,0.001
16600,0.000,0.003,0.000,0.001
16601,0.000,0.003,0.000,0.001
16602,0.000,0.003,0.000,0.001
16603,0.000,0.003,0.000,0.001
16604,0.000,0.003,0.000,0.001
16605,0.000,0.003,0.000,0.001
16606,0.000,0.003,0.000,0.001
16607,0.000,0.003,0.000,0.001
16608,0.000,0.003,0.000,0.001
16609,0.000,0.003,0.000,0.001
16610,0.000,0.003,0.000,0.001
16611,0.000,0.003,0.000,0.001
16612,0.000,0.003,0.000,0.001
16613,0.000,0.003,0.000,0.001
16614,0.000,0.003,0.000,0.001
16615,0.000,0.003,0.000,0.001
16616,0.000,0.003,0.000,0.001
16617,0.000,0.003,0.000,0.001
16618,0.000,0.003,0.000,0.001
16619,0.000,0.003,0.000,0.001
16620,0.000,0.003,0.000,0.001
16621,0.000,0.003,0.000,0.001
16622,0.000,0.003,0.000,0.001
16623,0.000,0.003,0.000,0.001
16624,0.000,0.003,0.000,0.001
16625,0.000,0.003,0.000,0.001
16626,0.000,0.003,0.000,0.001
16627,0.000,0.003,0.000,0.001
16628,0.000,0.003,0.000,0.001
16629,0.000,0.003,0.000,0.001
16630,0.000,0.003,0.000,0.001
16631,0.000,0.003,0.000,0.001
16632,0.000,0.003,0.000,0.001
16633,0.000,0.003,0.000,0.001
16634,0.000,0.003,0.000,0.001
16635,0.000,0.003,0.000,0.001
16636,0.000,0.003,0.000,0.001
16637,0.000,0.003,0.000,0.001
16638,0.000,0.003,0.000,0.001
16639,0.000,0.003,0.000,0.001
16640,0.000,0.003,0.000,0.001
16641,0.000,0.003,0.000,0.001
16642,0.000,0.003,0.000,0.001
16643,0.000,0.003,0.000,0.001
16644,0.000,0.003,0.000,0.001
16645,0.000,0.003,0.000,0.001
16646,0.000,0.003,0.000,0.001
16647,0.000,0.003,0.000,0.001
16648,0.000,0.003,0.000,0.001
16649,0.000,0.003,0.000,0.001
16650,0.000,0.003,0.000,0.001
16651,0.000,0.003,0.000,0.001
16652,0.000,0.003,0.000,0.001
16653,0.000,0.003,0.000,0.001
16654,0.000,0.003,0.000,0.001
16655,0.000,0.003,0.000,0.001
16656,0.000,0.003,0.000,0.001
16657,0.000,0.003,0.000,0.001
16658,0.000,0.003,0.000,0.001
16659,0.000,0.003,0.000,0.001
16660,0.000,0.003,0.000,0.001
16661,0.000,0.003,0.000,0.001
16662,0.000,0.003,0.000,0.001
16663,0.000,0.003,0.000,0.001
16664,0.000,0.003,0.000,0.001
16665,0.000,0.003,0.000,0.001
16666,0.000,0.003,0.000,0.001
16667,0.000,0.003,0.000,0.001
16668,0.000,0.003,0.000,0.001
16669,0.000,0.003,0.000,0.001
16670,0.000,0.003,0.000,0.001
16671,0.000,0.003,0.000,0.001
16672,0.000,0.003,0.000,0.001
16673,0.000,0.003,0.000,0.001
16674,0.000,0.003,0.000,0.001
16675,0.000,0.003,0.000,0.001
16676,0.000,0.003,0.000,0.001
16677,0.000,0.003,0.000,0.001
16678,0.000,0.003,0.000,0.001
16679,0.000,0.003,0.000,0.001
16680,0.000,0.003,0.000,0.001
16681,0.000,0.003,0.000,0.001
16682,0.000,0.003,0.000,0.001
16683,0.000,0.003,0.000,0.001
16684,0.000,0.003,0.000,0.001
16685,0.000,0.003,0.000,0.001
16686,0.000,0.003,0.000,0.001
16687,0.000,0.003,0.000,0.001
16688,0.000,0.003,0.000,0.001
16689,0.000,0.003,0.000,0.001
16690,0.000,0.003,0.000,0.001
16691,0.000,0.003,0.000,0.001
16692,0.000,0.003,0.000,0.001
16693,0.000,0.003,0.000,0.001
16694,0.000,0.003,0.000,0.001
16695,0.000,0.003,0.000,0.001
16696,0.000,0.003,0.000,0.001
16697,0.000,0.003,0.000,0.001
16698,0.000,0.003,0.000,0.001
16699,0.000,0.003,0.000,0.001
16700,0.000,0.003,0.000,0.001
16701,0.000,0.003,0.000,0.001
16702,0.000,0.003,0.000,0.001
16703,0.000,0.003,0.000,0.001
16704,0.000,0.003,0.000,0.001
16705,0.000,0.003,0.000,0.001
16706,0.000,0.003,0.000,0.001
16707,0.000,0.003,0.000,0.001
16708,0.000,0.003,0.000,0.001
16709,0.000,0.003,0.000,0.001
16710,0.000,0.003,0.000,0.001
16711,0.000,0.003,0.000,0.001
16712,0.000,0.003,0.000,0.001
16713,0.000,0.003,0.000,0.001
16714,0.000,0.003,0.000,0.001
16715,0.000,0.003,0.000,0.001
16716,0.000,0.003,0.000,0.001
16717,0.000,0.003,0.000,0.001
16718,0.000,0.003,0.000,0.001
16719,0.000,0.003,0.000,0.001
16720,0.000,0.003,0.000,0.001
16721,0.000,0.003,0.000,0.001
16722,0.000,0.003,0.000,0.001
16723,0.000,0.003,0.000,0.001
16724,0.000,0.003,0.000,0.001
16725,0.000,0.003,0.000,0.001
16726,0.000,0.003,0.000,0.001
16727,0.000,0.003,0.000,0.001
16728,0.000,0.003,0.000,0.001
16729,0.000,0.003,0.000,0.001
16730,0.000,0.003,0.000,0.001
16731,0.000,0.003,0.000,0.001
16732,0.000,0.003,0.000,0.001
16733,0.000,0.003,0.000,0.001
16734,0.000,0.003,0.000,0.001
16735,0.000,0.003,0.000,0.001
16736,0.000,0.003,0.000,0.001
16737,0.000,0.003,0.000,0.001
16738,0.000,0.003,0.000,0.001
16739,0.000,0.003,0.000,0.001
16740,0.000,0.003,0.000,0.001
16741,0.000,0.003,0.000,0.001
16742,0.000,0.003,0.000,0.001
16743,0.000,0.003,0.000,0.001
16744,0.000,0.003,0.000,0.001
16745,0.000,0.003,0.000,0.001
16746,0.000,0.003,0.000,0.001
16747,0.000,0.003,0.000,0.001
16748,0.000,0.003,0.000,0.001
16749,0.000,0.003,0.000,0.001
16750,0.000,0.003,0.000,0.001
16751,0.000,0.003,0.000,0.001
16752,0.000,0.003,0.000,0.001
16753,0.000,0.003,0.000,0.001
16754,0.000,0.003,0.000,0.001
16755,0.000,0.003,0.000,0.001
16756,0.000,0.003,0.000,0.001
16757,0.000,0.003,0.000,0.001
16758,0.000,0.003,0.000,0.001
16759,0.000,0.003,0.000,0.001
16760,0.000,0.003,0.000,0.001
16761,0.000,0.003,0.000,0.001
16762,0.000,0.003,0.000,0.001
16763,0.000,0.003,0.000,0.001
16764,0.000,0.003,0.000,0.001
16765,0.000,0.003,0.000,0.001
16766,0.000,0.003,0.000,0.001
16767,0.000,0.003,0.000,0.001
16768,0.000,0.003,0.000,0.001
16769,0.000,0.003,0.000,0.001
16770,0.000,0.003,0.000,0.001
16771,0.000,0.003,0.000,0.001
16772,0.000,0.003,0.000,0.001
16773,0.000,0.003,0.000,0.001
16774,0.000,0.003,0.000,0.001
16775,0.000,0.003,0.000,0.001
16776,0.000,0.003,0.000,0.001
16777,0.000,0.003,0.000,0.001
16778,0.000,0.003,0.000,0.001
16779,0.000,0.003,0.000,0.001
16780,0.000,0.003,0.000,0.001
16781,0.000,0.003,0.000,0.001
16782,0.000,0.003,0.000,0.001
16783,0.000,0.003,0.000,0.001
16784,0.000,0.003,0.000,0.001
16785,0.000,0.003,0.000,0.001
16786,0.000,0.003,0.000,0.001
16787,0.000,0.003,0.000,0.001
16788,0.000,0.003,0.000,0.001
16789,0.000,0.003,0.000,0.001
16790,0.000,0.003,0.000,0.001
16791,0.000,0.003,0.000,0.001
16792,0.000,0.003,0.000,0.001
16793,0.000,0.003,0.000,0.001
16794,0.000,0.003,0.000,0.001
16795,0.000,0.003,0.000,0.001
16796,0.000,0.003,0.000,0.001
16797,0.000,0.003,0.000,0.001
16798,0.000,0.003,0.000,0.001
16799,0.000,0.003,0.000,0.001
16800,0.000,0.003,0.000,0.001
16801,0.000,0.003,0.000,0.001
16802,0.000,0.003,0.000,0.001
16803,0.000,0.003,0.000,0.001
16804,0.000,0.003,0.000,0.001
16805,0.000,0.003,0.000,0.001
16806,0.000,0.003,0.000,0.001
16807,0.000,0.003,0.000,0.001
16808,0.000,0.003,0.000,0.001
16809,0.000,0.003,0.000,0.001
16810,0.000,0.003,0.000,0.001
16811,0.000,0.003,0.000,0.001
16812,0.000,0.003,0.000,0.001
16813,0.000,0.003,0.000,0.001
16814,0.000,0.003,0.000,0.001
16815,0.000,0.003,0.000,0.001
16816,0.000,0.003,0.000,0.001
16817,0.000,0.003,0.000,0.001
16818,0.000,0.003,0.000,0.001
16819,0.000,0.003,0.000,0.001
16820,0.000,0.003,0.000,0.001
16821,0.000,0.003,0.000,0.001
16822,0.000,0.003,0.000,0.001
16823,0.000,0.003,0.000,0.001
16824,0.000,0.003,0.000,0.001
16825,0.000,0.003,0.000,0.001
16826,0.000,0.003,0.000,0.001
16827,0.000,0.003,0.000,0.001
16828,0.000,0.003,0.000,0.001
16829,0.000,0.003,0.000,0.001
16830,0.000,0.003,0.000,0.001
16831,0.000,0.003,0.000,0.001
16832,0.000,0.003,0.000,0.001
16833,0.000,0.003,0.000,0.001
16834,0.000,0.003,0.000,0.001
16835,0.000,0.003,0.000,0.001
16836,0.000,0.003,0.000,0.001
16837,0.000,0.003,0.000,0.001
16838,0.000,0.003,0.000,0.001
16839,0.000,0.003,0.000,0.001
16840,0.000,0.003,0.000,0.001
16841,0.000,0.003,0.000,0.001
16842,0.000,0.003,0.000,0.001
16843,0.000,0.003,0.000,0.001
16844,0.000,0.003,0.000,0.001
16845,0.000,0.003,0.000,0.001
16846,0.000,0.003,0.000,0.001
16847,0.000,0.003,0.000,0.001
16848,0.000,0.003,0.000,0.001
16849,0.000,0.003,0.000,0.001
16850,0.000,0.003,0.000,0.001
16851,0.000,0.003,0.000,0.001
16852,0.000,0.003,0.000,0.001
16853,0.000,0.003,0.000,0.001
16854,0.000,0.003,0.000,0.001
16855,0.000,0.003,0.000,0.001
16856,0.000,0.003,0.000,0.001
16857,0.000,0.003,0.000,0.001
16858,0.000,0.003,0.000,0.001
16859,0.000,0.003,0.000,0.001
16860,0.000,0.003,0.000,0.001
16861,0.000,0.003,0.000,0.001
16862,0.000,0.003,0.000,0.001
16863,0.000,0.003,0.000,0.001
16864,0.000,0.003,0.000,0.001
16865,0.000,0.003,0.000,0.001
16866,0.000,0.003,0.000,0.001
16867,0.000,0.003,0.000,0.001
16868,0.000,0.003,0.000,0.001
16869,0.000,0.003,0.000,0.001
16870,0.000,0.003,0.000,0.001
16871,0.000,0.003,0.000,0.001
16872,0.000,0.003,0.000,0.001
16873,0.000,0.003,0.000,0.001
16874,0.000,0.003,0.000,0.001
16875,0.000,0.003,0.000,0.001
16876,0.000,0.003,0.000,0.001
16877,0.000,0.003,0.000,0.001
16878,0.000,0.003,0.000,0.001
16879,0.000,0.003,0.000,0.001
16880,0.000,0.003,0.000,0.001
16881,0.000,0.003,0.000,0.001
16882,0.000,0.003,0.000,0.001
16883,0.000,0.003,0.000,0.001
16884,0.000,0.003,0.000,0.001
16885,0.000,0.003,0.000,0.001
16886,0.000,0.003,0.000,0.001
16887,0.000,0.003,0.000,0.001
16888,0.000,0.003,0.000,0.001
16889,0.000,0.003,0.000,0.001
16890,0.000,0.003,0.000,0.001
16891,0.000,0.003,0.000,0.001
16892,0.000,0.003,0.000,0.001
16893,0.000,0.003,0.000,0.001
16894,0.000,0.003,0.000,0.001
16895,0.000,0.003,0.000,0.001
16896,0.000,0.003,0.000,0.001
16897,0.000,0.003,0.000,0.001
16898,0.000,0.003,0.000,0.001
16899,0.000,0.003,0.000,0.001
16900,0.000,0.003,0.000,0.001
16901,0.000,0.003,0.000,0.001
16902,0.000,0.003,0.000,0.001
16903,0.000,0.003,0.000,0.001
16904,0.000,0.003,0.000,0.001
16905,0.000,0.003,0.000,0.001
16906,0.000,0.003,0.000,0.001
16907,0.000,0.003,0.000,0.001
16908,0.000,0.003,0.000,0.001
16909,0.000,0.003,0.000,0.001
16910,0.000,0.003,0.000,0.001
16911,0.000,0.003,0.000,0.001
16912,0.000,0.003,0.000,0.001
16913,0.000,0.003,0.000,0.001
16914,0.000,0.003,0.000,0.001
16915,0.000,0.003,0.000,0.001
16916,0.000,0.003,0.000,0.001
16917,0.000,0.003,0.000,0.001
16918,0.000,0.003,0.000,0.001
16919,0.000,0.003,0.000,0.001
16920,0.000,0.003,0.000,0.001
16921,0.000,0.003,0.000,0.001
16922,0.000,0.003,0.000,0.001
16923,0.000,0.003,0.000,0.001
16924,0.000,0.003,0.000,0.001
16925,0.000,0.003,0.000,0.001
16926,0.000,0.003,0.000,0.001
16927,0.000,0.003,0.000,0.001
16928,0.000,0.003,0.000,0.001
16929,0.000,0.003,0.000,0.001
16930,0.000,0.003,0.000,0.001
16931,0.000,0.003,0.000,0.001
16932,0.000,0.003,0.000,0.001
16933,0.000,0.003,0.000,0.001
16934,0.000,0.003,0.000,0.001
16935,0.000,0.003,0.000,0.001
16936,0.000,0.003,0.000,0.001
16937,0.000,0.003,0.000,0.001
16938,0.000,0.003,0.000,0.001
16939,0.000,0.003,0.000,0.001
16940,0.000,0.003,0.000,0.001
16941,0.000,0.003,0.000,0.001
16942,0.000,0.003,0.000,0.001
16943,0.000,0.003,0.000,0.001
16944,0.000,0.003,0.000,0.001
16945,0.000,0.003,0.000,0.001
16946,0.000,0.003,0.000,0.001
16947,0.000,0.003,0.000,0.001
16948,0.000,0.003,0.000,0.001
16949,0.000,0.003,0.000,0.001
16950,0.000,0.003,0.000,0.001
16951,0.000,0.003,0.000,0.001
16952,0.000,0.003,0.000,0.001
16953,0.000,0.003,0.000,0.001
16954,0.000,0.003,0.000,0.001
16955,0.000,0.003,0.000,0.001
16956,0.000,0.003,0.000,0.001
16957,0.000,0.003,0.000,0.001
16958,0.000,0.003,0.000,0.001
16959,0.000,0.003,0.000,0.001
16960,0.000,0.003,0.000,0.001
16961,0.000,0.003,0.000,0.001
16962,0.000,0.003,0.000,0.001
16963,0.000,0.003,0.000,0.001
16964,0.000,0.003,0.000,0.001
16965,0.000,0.003,0.000,0.001
16966,0.000,0.003,0.000,0.001
16967,0.000,0.003,0.000,0.001
16968,0.000,0.003,0.000,0.001
16969,0.000,0.003,0.000,0.001
16970,0.000,0.003,0.000,0.001
16971,0.000,0.003,0.000,0.001
16972,0.000,0.003,0.000,0.001
16973,0.000,0.003,0.000,0.001
16974,0.000,0.003,0.000,0.001
16975,0.000,0.003,0.000,0.001
16976,0.000,0.003,0.000,0.001
16977,0.000,0.003,0.000,0.001
16978,0.000,0.003,0.000,0.001
16979,0.000,0.003,0.000,0.001
16980,0.000,0.003,0.000,0.001
16981,0.000,0.003,0.000,0.001
16982,0.000,0.003,0.000,0.001
16983,0.000,0.003,0.000,0.001
16984,0.000,0.003,0.000,0.001
16985,0.000,0.003,0.000,0.001
16986,0.000,0.003,0.000,0.001
16987,0.000,0.003,0.000,0.001
16988,0.000,0.003,0.000,0.001
16989,0.000,0.003,0.000,0.001
16990,0.000,0.003,0.000,0.001
16991,0.000,0.003,0.000,0.001
16992,0.000,0.003,0.000,0.001
16993,0.000,0.003,0.000,0.001
16994,0.000,0.003,0.000,0.001
16995,0.000,0.003,0.000,0.001
16996,0.000,0.003,0.000,0.001
16997,0.000,0.003,0.000,0.001
16998,0.000,0.003,0.000,0.001
16999,0.000,0.003,0.000,0.001
17000,0.000,0.003,0.000,0.001
17001,0.000,0.003,0.000,0.001
17002,0.000,0.003,0.000,0.001
17003,0.000,0.003,0.000,0.001
17004,0.000,0.003,0.000,0.001
17005,0.000,0.003,0.000,0.001
17006,0.000,0.003,0.000,0.001
17007,0.000,0.003,0.000,0.001
17008,0.000,0.003,0.000,0.001
17009,0.000,0.003,0.000,0.001
17010,0.000,0.003,0.000,0.001
17011,0.000,0.003,0.000,0.001
17012,0.000,0.003,0.000,0.001
17013,0.000,0.003,0.000,0.001
17014,0.000,0.003,0.000,0.001
17015,0.000,0.003,0.000,0.001
17016,0.000,0.003,0.000,0.001
17017,0.000,0.003,0.000,0.001
17018,0.000,0.003,0.000,0.001
17019,0.000,0.003,0.000,0.001
17020,0.000,0.003,0.000,0.001
17021,0.000,0.003,0.000,0.001
17022,0.000,0.003,0.000,0.001
17023,0.000,0.003,0.000,0.001
17024,0.000,0.003,0.000,0.001
17025,0.000,0.003,0.000,0.001
17026,0.000,0.003,0.000,0.001
17027,0.000,0.003,0.000,0.001
17028,0.000,0.003,0.000,0.001
17029,0.000,0.003,0.000,0.001
17030,0.000,0.003,0.000,0.001
17031,0.000,0.003,0.000,0.001
17032,0.000,0.003,0.000,0.001
17033,0.000,0.003,0.000,0.001
17034,0.000,0.003,0.000,0.001
17035,0.000,0.003,0.000,0.001
17036,0.000,0.003,0.000,0.001
17037,0.000,0.003,0.000,0.001
17038,0.000,0.003,0.000,0.001
17039,0.000,0.003,0.000,0.001
17040,0.000,0.003,0.000,0.001
17041,0.000,0.003,0.000,0.001
17042,0.000,0.003,0.000,0.001
17043,0.000,0.003,0.000,0.001
17044,0.000,0.003,0.000,0.001
17045,0.000,0.003,0.000,0.001
17046,0.000,0.003,0.000,0.001
17047,0.000,0.003,0.000,0.001
17048,0.000,0.003,0.000,0.001
17049,0.000,0.003,0.000,0.001
17050,0.000,0.003,0.000,0.001
17051,0.000,0.003,0.000,0.001
17052,0.000,0.003,0.000,0.001
17053,0.000,0.003,0.000,0.001
17054,0.000,0.003,0.000,0.001
17055,0.000,0.003,0.000,0.001
17056,0.000,0.003,0.000,0.001
17057,0.000,0.003,0.000,0.001
17058,0.000,0.003,0.000,0.001
17059,0.000,0.003,0.000,0.001
17060,0.000,0.003,0.000,0.001
17061,0.000,0.003,0.000,0.001
17062,0.000,0.003,0.000,0.001
17063,0.000,0.003,0.000,0.001
17064,0.000,0.003,0.000,0.001
17065,0.000,0.003,0.000,0.001
17066,0.000,0.003,0.000,0.001
17067,0.000,0.003,0.000,0.001
17068,0.000,0.003,0.000,0.001
17069,0.000,0.003,0.000,0.001
17070,0.000,0.003,0.000,0.001
17071,0.000,0.003,0.000,0.001
17072,0.000,0.003,0.000,0.001
17073,0.000,0.003,0.000,0.001
17074,0.000,0.003,0.000,0.001
17075,0.000,0.003,0.000,0.001
17076,0.000,0.003,0.000,0.001
17077,0.000,0.003,0.000,0.001
17078,0.000,0.003,0.000,0.001
17079,0.000,0.003,0.000,0.001
17080,0.000,0.003,0.000,0.001
17081,0.000,0.003,0.000,0.001
17082,0.000,0.003,0.000,0.001
17083,0.000,0.003,0.000,0.001
17084,0.000,0.003,0.000,0.001
17085,0.000,0.003,0.000,0.001
17086,0.000,0.003,0.000,0.001
17087,0.000,0.003,0.000,0.001
17088,0.000,0.003,0.000,0.001
17089,0.000,0.003,0.000,0.001
17090,0.000,0.003,0.000,0.001
17091,0.000,0.003,0.000,0.001
17092,0.000,0.003,0.000,0.001
17093,0.000,0.003,0.000,0.001
17094,0.000,0.003,0.000,0.001
17095,0.000,0.003,0.000,0.001
17096,0.000,0.003,0.000,0.001
17097,0.000,0.003,0.000,0.001
17098,0.000,0.003,0.000,0.001
17099,0.000,0.003,0.000,0.001
17100,0.000,0.003,0.000,0.001
17101,0.000,0.003,0.000,0.001
17102,0.000,0.003,0.000,0.001
17103,0.000,0.003,0.000,0.001
17104,0.000,0.003,0.000,0.001
17105,0.000,0.003,0.000,0.001
17106,0.000,0.003,0.000,0.001
17107,0.000,0.003,0.000,0.001
17108,0.000,0.003,0.000,0.001
17109,0.000,0.003,0.000,0.001
17110,0.000,0.003,0.000,0.001
17111,0.000,0.003,0.000,0.001
17112,0.000,0.003,0.000,0.001
17113,0.000,0.003,0.000,0.001
17114,0.000,0.003,0.000,0.001
17115,0.000,0.003,0.000,0.001
17116,0.000,0.003,0.000,0.001
17117,0.000,0.003,0.000,0.001
17118,0.000,0.003,0.000,0.001
17119,0.000,0.003,0.000,0.001
17120,0.000,0.003,0.000,0.001
17121,0.000,0.003,0.000,0.001
17122,0.000,0.003,0.000,0.001
17123,0.000,0.003,0.000,0.001
17124,0.000,0.003,0.000,0.001
17125,0.000,0.003,0.000,0.001
17126,0.000,0.003,0.000,0.001
17127,0.000,0.003,0.000,0.001
17128,0.000,0.003,0.000,0.001
17129,0.000,0.003,0.000,0.001
17130,0.000,0.003,0.000,0.001
17131,0.000,0.003,0.000,0.001
17132,0.000,0.003,0.000,0.001
17133,0.000,0.003,0.000,0.001
17134,0.000,0.003,0.000,0.001
17135,0.000,0.003,0.000,0.001
17136,0.000,0.003,0.000,0.001
17137,0.000,0.003,0.000,0.001
17138,0.000,0.003,0.000,0.001
17139,0.000,0.003,0.000,0.001
17140,0.000,0.003,0.000,0.001
17141,0.000,0.003,0.000,0.001
17142,0.000,0.003,0.000,0.001
17143,0.000,0.003,0.000,0.001
17144,0.000,0.003,0.000,0.001
17145,0.000,0.003,0.000,0.001
17146,0.000,0.003,0.000,0.001
17147,0.000,0.003,0.000,0.001
17148,0.000,0.003,0.000,0.001
17149,0.000,0.003,0.000,0.001
17150,0.000,0.003,0.000,0.001
17151,0.000,0.003,0.000,0.001
17152,0.000,0.003,0.000,0.001
17153,0.000,0.003,0.000,0.001
17154,0.000,0.003,0.000,0.001
17155,0.000,0.003,0.000,0.001
17156,0.000,0.003,0.000,0.001
17157,0.000,0.003,0.000,0.001
17158,0.000,0.003,0.000,0.001
17159,0.000,0.003,0.000,0.001
17160,0.000,0.003,0.000,0.001
17161,0.000,0.003,0.000,0.001
17162,0.000,0.003,0.000,0.001
17163,0.000,0.003,0.000,0.001
17164,0.000,0.003,0.000,0.001
17165,0.000,0.003,0.000,0.001
17166,0.000,0.003,0.000,0.001
17167,0.000,0.003,0.000,0.001
17168,0.000,0.003,0.000,0.001
17169,0.000,0.003,0.000,0.001
17170,0.000,0.003,0.000,0.001
17171,0.000,0.003,0.000,0.001
17172,0.000,0.003,0.000,0.001
17173,0.000,0.003,0.000,0.001
17174,0.000,0.003,0.000,0.001
17175,0.000,0.003,0.000,0.001
17176,0.000,0.003,0.000,0.001
17177,0.000,0.003,0.000,0.001
17178,0.000,0.003,0.000,0.001
17179,0.000,0.003,0.000,0.001
17180,0.000,0.003,0.000,0.001
17181,0.000,0.003,0.000,0.001
17182,0.000,0.003,0.000,0.001
17183,0.000,0.003,0.000,0.001
17184,0.000,0.003,0.000,0.001
17185,0.000,0.003,0.000,0.001
17186,0.000,0.003,0.000,0.001
17187,0.000,0.003,0.000,0.001
17188,0.000,0.003,0.000,0.001
17189,0.000,0.003,0.000,0.001
17190,0.000,0.003,0.000,0.001
17191,0.000,0.003,0.000,0.001
17192,0.000,0.003,0.000,0.001
17193,0.000,0.003,0.000,0.001
17194,0.000,0.003,0.000,0.001
17195,0.000,0.003,0.000,0.001
17196,0.000,0.003,0.000,0.001
17197,0.000,0.003,0.000,0.001
17198,0.000,0.003,0.000,0.001
17199,0.000,0.003,0.000,0.001
17200,0.000,0.003,0.000,0.001
17201,0.000,0.003,0.000,0.001
17202,0.000,0.003,0.000,0.001
17203,0.000,0.003,0.000,0.001
17204,0.000,0.003,0.000,0.001
17205,0.000,0.003,0.000,0.001
17206,0.000,0.003,0.000,0.001
17207,0.000,0.003,0.000,0.001
17208,0.000,0.003,0.000,0.001
17209,0.000,0.003,0.000,0.001
17210,0.000,0.003,0.000,0.001
17211,0.000,0.003,0.000,0.001
17212,0.000,0.003,0.000,0.001
17213,0.000,0.003,0.000,0.001
17214,0.000,0.003,0.000,0.001
17215,0.000,0.003,0.000,0.001
17216,0.000,0.003,0.000,0.001
17217,0.000,0.003,0.000,0.001
17218,0.000,0.003,0.000,0.001
17219,0.000,0.003,0.000,0.001
17220,0.000,0.003,0.000,0.001
17221,0.000,0.003,0.000,0.001
17222,0.000,0.003,0.000,0.001
17223,0.000,0.003,0.000,0.001
17224,0.000,0.003,0.000,0.001
17225,0.000,0.003,0.000,0.001
17226,0.000,0.003,0.000,0.001
17227,0.000,0.003,0.000,0.001
17228,0.000,0.003,0.000,0.001
17229,0.000,0.003,0.000,0.001
17230,0.000,0.003,0.000,0.001
17231,0.000,0.003,0.000,0.001
17232,0.000,0.003,0.000,0.001
17233,0.000,0.003,0.000,0.001
17234,0.000,0.003,0.000,0.001
17235,0.000,0.003,0.000,0.001
17236,0.000,0.003,0.000,0.001
17237,0.000,0.003,0.000,0.001
17238,0.000,0.003,0.000,0.001
17239,0.000,0.003,0.000,0.001
17240,0.000,0.003,0.000,0.001
17241,0.000,0.003,0.000,0.001
17242,0.000,0.003,0.000,0.001
17243,0.000,0.003,0.000,0.001
17244,0.000,0.003,0.000,0.001
17245,0.000,0.003,0.000,0.001
17246,0.000,0.003,0.000,0.001
17247,0.000,0.003,0.000,0.001
17248,0.000,0.003,0.000,0.001
17249,0.000,0.003,0.000,0.001
17250,0.000,0.003,0.000,0.001
17251,0.000,0.003,0.000,0.001
17252,0.000,0.003,0.000,0.001
17253,0.000,0.003,0.000,0.001
17254,0.000,0.003,0.000,0.001
17255,0.000,0.003,0.000,0.001
17256,0.000,0.003,0.000,0.001
17257,0.000,0.003,0.000,0.001
17258,0.000,0.003,0.000,0.001
17259,0.000,0.003,0.000,0.001
17260,0.000,0.003,0.000,0.001
17261,0.000,0.003,0.000,0.001
17262,0.000,0.003,0.000,0.001
17263,0.000,0.003,0.000,0.001
17264,0.000,0.003,0.000,0.001
17265,0.000,0.003,0.000,0.001
17266,0.000,0.003,0.000,0.001
17267,0.000,0.003,0.000,0.001
17268,0.000,0.003,0.000,0.001
17269,0.000,0.003,0.000,0.001
17270,0.000,0.003,0.000,0.001
17271,0.000,0.003,0.000,0.001
17272,0.000,0.003,0.000,0.001
17273,0.000,0.003,0.000,0.001
17274,0.000,0.003,0.000,0.001
17275,0.000,0.003,0.000,0.001
17276,0.000,0.003,0.000,0.001
17277,0.000,0.003,0.000,0.001
17278,0.000,0.003,0.000,0.001
17279,0.000,0.003,0.000,0.001
17280,0.000,0.003,0.000,0.001
17281,0.000,0.003,0.000,0.001
17282,0.000,0.003,0.000,0.001
17283,0.000,0.003,0.000,0.001
17284,0.000,0.003,0.000,0.001
17285,0.000,0.003,0.000,0.001
17286,0.000,0.003,0.000,0.001
17287,0.000,0.003,0.000,0.001
17288,0.000,0.003,0.000,0.001
17289,0.000,0.003,0.000,0.001
17290,0.000,0.003,0.000,0.001
17291,0.000,0.003,0.000,0.001
17292,0.000,0.003,0.000,0.001
17293,0.000,0.003,0.000,0.001
17294,0.000,0.003,0.000,0.001
17295,0.000,0.003,0.000,0.001
17296,0.000,0.003,0.000,0.001
17297,0.000,0.003,0.000,0.001
17298,0.000,0.003,0.000,0.001
17299,0.000,0.003,0.000,0.001
17300,0.000,0.003,0.000,0.001
17301,0.000,0.003,0.000,0.001
17302,0.000,0.003,0.000,0.001
17303,0.000,0.003,0.000,0.001
17304,0.000,0.003,0.000,0.001
17305,0.000,0.003,0.000,0.001
17306,0.000,0.003,0.000,0.001
17307,0.000,0.003,0.000,0.001
17308,0.000,0.003,0.000,0.001
17309,0.000,0.003,0.000,0.001
17310,0.000,0.003,0.000,0.001
17311,0.000,0.003,0.000,0.001
17312,0.000,0.003,0.000,0.001
17313,0.000,0.003,0.000,0.001
17314,0.000,0.003,0.000,0.001
17315,0.000,0.003,0.000,0.001
17316,0.000,0.003,0.000,0.001
17317,0.000,0.003,0.000,0.001
17318,0.000,0.003,0.000,0.001
17319,0.000,0.003,0.000,0.001
17320,0.000,0.003,0.000,0.001
17321,0.000,0.003,0.000,0.001
17322,0.000,0.003,0.000,0.001
17323,0.000,0.003,0.000,0.001
17324,0.000,0.003,0.000,0.001
17325,0.000,0.003,0.000,0.001
17326,0.000,0.003,0.000,0.001
17327,0.000,0.003,0.000,0.001
17328,0.000,0.003,0.000,0.001
17329,0.000,0.003,0.000,0.001
17330,0.000,0.003,0.000,0.001
17331,0.000,0.003,0.000,0.001
17332,0.000,0.003,0.000,0.001
17333,0.000,0.003,0.000,0.001
17334,0.000,0.003,0.000,0.001
17335,0.000,0.003,0.000,0.001
17336,0.000,0.003,0.000,0.001
17337,0.000,0.003,0.000,0.001
17338,0.000,0.003,0.000,0.001
17339,0.000,0.003,0.000,0.001
17340,0.000,0.003,0.000,0.001
17341,0.000,0.003,0.000,0.001
17342,0.000,0.003,0.000,0.001
17343,0.000,0.003,0.000,0.001
17344,0.000,0.003,0.000,0.001
17345,0.000,0.003,0.000,0.001
17346,0.000,0.003,0.000,0.001
17347,0.000,0.003,0.000,0.001
17348,0.000,0.003,0.000,0.001
17349,0.000,0.003,0.000,0.001
17350,0.000,0.003,0.000,0.001
17351,0.000,0.003,0.000,0.001
17352,0.000,0.003,0.000,0.001
17353,0.000,0.003,0.000,0.001
17354,0.000,0.003,0.000,0.001
17355,0.000,0.003,0.000,0.001
17356,0.000,0.003,0.000,0.001
17357,0.000,0.003,0.000,0.001
17358,0.000,0.003,0.000,0.001
17359,0.000,0.003,0.000,0.001
17360,0.000,0.003,0.000,0.001
17361,0.000,0.003,0.000,0.001
17362,0.000,0.003,0.000,0.001
17363,0.000,0.003,0.000,0.001
17364,0.000,0.003,0.000,0.001
17365,0.000,0.003,0.000,0.001
17366,0.000,0.003,0.000,0.001
17367,0.000,0.003,0.000,0.001
17368,0.000,0.003,0.000,0.001
17369,0.000,0.003,0.000,0.001
17370,0.000,0.003,0.000,0.001
17371,0.000,0.003,0.000,0.001
17372,0.000,0.003,0.000,0.001
17373,0.000,0.003,0.000,0.001
17374,0.000,0.003,0.000,0.001
17375,0.000,0.003,0.000,0.001
17376,0.000,0.003,0.000,0.001
17377,0.000,0.003,0.000,0.001
17378,0.000,0.003,0.000,0.001
17379,0.000,0.003,0.000,0.001
17380,0.000,0.003,0.000,0.001
17381,0.000,0.003,0.000,0.001
17382,0.000,0.003,0.000,0.001
17383,0.000,0.003,0.000,0.001
17384,0.000,0.003,0.000,0.001
17385,0.000,0.003,0.000,0.001
17386,0.000,0.003,0.000,0.001
17387,0.000,0.003,0.000,0.001
17388,0.000,0.003,0.000,0.001
17389,0.000,0.003,0.000,0.001
17390,0.000,0.003,0.000,0.001
17391,0.000,0.003,0.000,0.001
17392,0.000,0.003,0.000,0.001
17393,0.000,0.003,0.000,0.001
17394,0.000,0.003,0.000,0.001
17395,0.000,0.003,0.000,0.001
17396,0.000,0.003,0.000,0.001
17397,0.000,0.003,0.000,0.001
17398,0.000,0.003,0.000,0.001
17399,0.000,0.003,0.000,0.001
17400,0.000,0.003,0.000,0.001
17401,0.000,0.003,0.000,0.001
17402,0.000,0.003,0.000,0.001
17403,0.000,0.003,0.000,0.001
17404,0.000,0.003,0.000,0.001
17405,0.000,0.003,0.000,0.001
17406,0.000,0.003,0.000,0.001
17407,0.000,0.003,0.000,0.001
17408,0.000,0.003,0.000,0.001
17409,0.000,0.003,0.000,0.001
17410,0.000,0.003,0.000,0.001
17411,0.000,0.003,0.000,0.001
17412,0.000,0.003,0.000,0.001
17413,0.000,0.003,0.000,0.001
17414,0.000,0.003,0.000,0.001
17415,0.000,0.003,0.000,0.001
17416,0.000,0.003,0.000,0.001
17417,0.000,0.003,0.000,0.001
17418,0.000,0.003,0.000,0.001
17419,0.000,0.003,0.000,0.001
17420,0.000,0.003,0.000,0.001
17421,0.000,0.003,0.000,0.001
17422,0.000,0.003,0.000,0.001
17423,0.000,0.003,0.000,0.001
17424,0.000,0.003,0.000,0.001
17425,0.000,0.003,0.000,0.001
17426,0.000,0.003,0.000,0.001
17427,0.000,0.003,0.000,0.001
17428,0.000,0.003,0.000,0.001
17429,0.000,0.003,0.000,0.001
17430,0.000,0.003,0.000,0.001
17431,0.000,0.003,0.000,0.001
17432,0.000,0.003,0.000,0.001
17433,0.000,0.003,0.000,0.001
17434,0.000,0.003,0.000,0.001
17435,0.000,0.003,0.000,0.001
17436,0.000,0.003,0.000,0.001
17437,0.000,0.003,0.000,0.001
17438,0.000,0.003,0.000,0.001
17439,0.000,0.003,0.000,0.001
17440,0.000,0.003,0.000,0.001
17441,0.000,0.003,0.000,0.001
17442,0.000,0.003,0.000,0.001
17443,0.000,0.003,0.000,0.001
17444,0.000,0.003,0.000,0.001
17445,0.000,0.003,0.000,0.001
17446,0.000,0.003,0.000,0.001
17447,0.000,0.003,0.000,0.001
17448,0.000,0.003,0.000,0.001
17449,0.000,0.003,0.000,0.001
17450,0.000,0.003,0.000,0.001
17451,0.000,0.003,0.000,0.001
17452,0.000,0.003,0.000,0.001
17453,0.000,0.003,0.000,0.001
17454,0.000,0.003,0.000,0.001
17455,0.000,0.003,0.000,0.001
17456,0.000,0.003,0.000,0.001
17457,0.000,0.003,0.000,0.001
17458,0.000,0.003,0.000,0.001
17459,0.000,0.003,0.000,0.001
17460,0.000,0.003,0.000,0.001
17461,0.000,0.003,0.000,0.001
17462,0.000,0.003,0.000,0.001
17463,0.000,0.003,0.000,0.001
17464,0.000,0.003,0.000,0.001
17465,0.000,0.003,0.000,0.001
17466,0.000,0.003,0.000,0.001
17467,0.000,0.003,0.000,0.001
17468,0.000,0.003,0.000,0.001
17469,0.000,0.003,0.000,0.001
17470,0.000,0.003,0.000,0.001
17471,0.000,0.003,0.000,0.001
17472,0.000,0.003,0.000,0.001
17473,0.000,0.003,0.000,0.001
17474,0.000,0.003,0.000,0.001
17475,0.000,0.003,0.000,0.001
17476,0.000,0.003,0.000,0.001
17477,0.000,0.003,0.000,0.001
17478,0.000,0.003,0.000,0.001
17479,0.000,0.003,0.000,0.001
17480,0.000,0.003,0.000,0.001
17481,0.000,0.003,0.000,0.001
17482,0.000,0.003,0.000,0.001
17483,0.000,0.003,0.000,0.001
17484,0.000,0.003,0.000,0.001
17485,0.000,0.003,0.000,0.001
17486,0.000,0.003,0.000,0.001
17487,0.000,0.003,0.000,0.001
17488,0.000,0.003,0.000,0.001
17489,0.000,0.003,0.000,0.001
17490,0.000,0.003,0.000,0.001
17491,0.000,0.003,0.000,0.001
17492,0.000,0.003,0.000,0.001
17493,0.000,0.003,0.000,0.001
17494,0.000,0.003,0.000,0.001
17495,0.000,0.003,0.000,0.001
17496,0.000,0.003,0.000,0.001
17497,0.000,0.003,0.000,0.001
17498,0.000,0.003,0.000,0.001
17499,0.000,0.003,0.000,0.001
17500,0.000,0.003,0.000,0.001
17501,0.000,0.003,0.000,0.001
17502,0.000,0.003,0.000,0.001
17503,0.000,0.003,0.000,0.001
17504,0.000,0.003,0.000,0.001
17505,0.000,0.003,0.000,0.001
17506,0.000,0.003,0.000,0.001
17507,0.000,0.003,0.000,0.001
17508,0.000,0.003,0.000,0.001
17509,0.000,0.003,0.000,0.001
17510,0.000,0.003,0.000,0.001
17511,0.000,0.003,0.000,0.001
17512,0.000,0.003,0.000,0.001
17513,0.000,0.003,0.000,0.001
17514,0.000,0.003,0.000,0.001
17515,0.000,0.003,0.000,0.001
17516,0.000,0.003,0.000,0.001
17517,0.000,0.003,0.000,0.001
17518,0.000,0.003,0.000,0.001
17519,0.000,0.003,0.000,0.001
17520,0.000,0.003,0.000,0.001
17521,0.000,0.003,0.000,0.001
17522,0.000,0.003,0.000,0.001
17523,0.000,0.003,0.000,0.001
17524,0.000,0.003,0.000,0.001
17525,0.000,0.003,0.000,0.001
17526,0.000,0.003,0.000,0.001
17527,0.000,0.003,0.000,0.001
17528,0.000,0.003,0.000,0.001
17529,0.000,0.003,0.000,0.001
17530,0.000,0.003,0.000,0.001
17531,0.000,0.003,0.000,0.001
17532,0.000,0.003,0.000,0.001
17533,0.000,0.003,0.000,0.001
17534,0.000,0.003,0.000,0.001
17535,0.000,0.003,0.000,0.001
17536,0.000,0.003,0.000,0.001
17537,0.000,0.003,0.000,0.001
17538,0.000,0.003,0.000,0.001
17539,0.000,0.003,0.000,0.001
17540,0.000,0.003,0.000,0.001
17541,0.000,0.003,0.000,0.001
17542,0.000,0.003,0.000,0.001
17543,0.000,0.003,0.000,0.001
17544,0.000,0.003,0.000,0.001
17545,0.000,0.003,0.000,0.001
17546,0.000,0.003,0.000,0.001
17547,0.000,0.003,0.000,0.001
17548,0.000,0.003,0.000,0.001
17549,0.000,0.003,0.000,0.001
17550,0.000,0.003,0.000,0.001
17551,0.000,0.003,0.000,0.001
17552,0.000,0.003,0.000,0.001
17553,0.000,0.003,0.000,0.001
17554,0.000,0.003,0.000,0.001
17555,0.000,0.003,0.000,0.001
17556,0.000,0.003,0.000,0.001
17557,0.000,0.003,0.000,0.001
17558,0.000,0.003,0.000,0.001
17559,0.000,0.003,0.000,0.001
17560,0.000,0.003,0.000,0.001
17561,0.000,0.003,0.000,0.001
17562,0.000,0.003,0.000,0.001
17563,0.000,0.003,0.000,0.001
17564,0.000,0.003,0.000,0.001
17565,0.000,0.003,0.000,0.001
17566,0.000,0.003,0.000,0.001
17567,0.000,0.003,0.000,0.001
17568,0.000,0.003,0.000,0.001
17569,0.000,0.003,0.000,0.001
17570,0.000,0.003,0.000,0.001
17571,0.000,0.003,0.000,0.001
17572,0.000,0.003,0.000,0.001
17573,0.000,0.003,0.000,0.001
17574,0.000,0.003,0.000,0.001
17575,0.000,0.003,0.000,0.001
17576,0.000,0.003,0.000,0.001
17577,0.000,0.003,0.000,0.001
17578,0.000,0.003,0.000,0.001
17579,0.000,0.003,0.000,0.001
17580,0.000,0.003,0.000,0.001
17581,0.000,0.003,0.000,0.001
17582,0.000,0.003,0.000,0.001
17583,0.000,0.003,0.000,0.001
17584,0.000,0.003,0.000,0.001
17585,0.000,0.003,0.000,0.001
17586,0.000,0.003,0.000,0.001
17587,0.000,0.003,0.000,0.001
17588,0.000,0.003,0.000,0.001
17589,0.000,0.003,0.000,0.001
17590,0.000,0.003,0.000,0.001
17591,0.000,0.003,0.000,0.001
17592,0.000,0.003,0.000,0.001
17593,0.000,0.003,0.000,0.001
17594,0.000,0.003,0.000,0.001
17595,0.000,0.003,0.000,0.001
17596,0.000,0.003,0.000,0.001
17597,0.000,0.003,0.000,0.001
17598,0.000,0.003,0.000,0.001
17599,0.000,0.003,0.000,0.001
17600,0.000,0.003,0.000,0.001
17601,0.000,0.003,0.000,0.001
17602,0.000,0.003,0.000,0.001
17603,0.000,0.003,0.000,0.001
17604,0.000,0.003,0.000,0.001
17605,0.000,0.003,0.000,0.001
17606,0.000,0.003,0.000,0.001
17607,0.000,0.003,0.000,0.001
17608,0.000,0.003,0.000,0.001
17609,0.000,0.003,0.000,0.001
17610,0.000,0.003,0.000,0.001
17611,0.000,0.003,0.000,0.001
17612,0.000,0.003,0.000,0.001
17613,0.000,0.003,0.000,0.001
17614,0.000,0.003,0.000,0.001
17615,0.000,0.003,0.000,0.001
17616,0.000,0.003,0.000,0.001
17617,0.000,0.003,0.000,0.001
17618,0.000,0.003,0.000,0.001
17619,0.000,0.003,0.000,0.001
17620,0.000,0.003,0.000,0.001
17621,0.000,0.003,0.000,0.001
17622,0.000,0.003,0.000,0.001
17623,0.000,0.003,0.000,0.001
17624,0.000,0.003,0.000,0.001
17625,0.000,0.003,0.000,0.001
17626,0.000,0.003,0.000,0.001
17627,0.000,0.003,0.000,0.001
17628,0.000,0.003,0.000,0.001
17629,0.000,0.003,0.000,0.001
17630,0.000,0.003,0.000,0.001
17631,0.000,0.004,0.000,0.001
17632,0.000,0.003,0.000,0.001
17633,0.000,0.005,0.000,0.002
17634,0.000,0.008,0.000,0.003
17635,0.000,0.007,0.000,0.003
17636,0.000,0.012,0.000,0.004
17637,0.000,0.010,0.000,0.004
17638,0.000,0.015,0.000,0.005
17639,0.000,0.015,0.000,0.005
17640,0.000,0.013,0.000,0.005
17641,0.000,0.012,0.000,0.004
17642,0.000,0.012,0.000,0.004
17643,0.000,0.010,0.000,0.004
17644,0.000,0.010,0.000,0.004
17645,0.000,0.008,0.000,0.003
17646,0.000,0.007,0.000,0.003
17647,0.000,0.007,0.000,0.003
17648,0.000,0.007,0.000,0.003
17649,0.000,0.008,0.000,0.003
17650,0.000,0.007,0.000,0.003
17651,0.000,0.007,0.000,0.003
17652,0.000,0.006,0.000,0.002
17653,0.000,0.006,0.000,0.002
17654,0.000,0.006,0.000,0.002
17655,0.000,0.006,0.000,0.002
17656,0.000,0.006,0.000,0.002
17657,0.000,0.004,0.000,0.002
17658,0.000,0.004,0.000,0.002
17659,0.000,0.004,0.000,0.002
17660,0.000,0.005,0.000,0.002
17661,0.000,0.004,0.000,0.002
17662,0.000,0.004,0.000,0.002
17663,0.000,0.004,0.000,0.002
17664,0.000,0.004,0.000,0.002
17665,0.000,0.004,0.000,0.002
17666,0.000,0.004,0.000,0.002
17667,0.000,0.004,0.000,0.002
17668,0.000,0.004,0.000,0.002
17669,0.000,0.004,0.000,0.002
17670,0.000,0.005,0.000,0.002
17671,0.000,0.010,0.000,0.004
17672,0.000,0.012,0.000,0.004
17673,0.000,0.018,0.000,0.007
17674,0.000,0.019,0.000,0.007
17675,0.000,0.019,0.000,0.007
17676,0.000,0.020,0.000,0.007
17677,0.000,0.023,0.000,0.008
17678,0.000,0.027,0.000,0.010
17679,0.000,0.028,0.000,0.010
17680,0.000,0.030,0.000,0.011
17681,0.000,0.030,0.000,0.011
17682,0.000,0.029,0.000,0.010
17683,0.000,0.029,0.000,0.010
17684,0.000,0.029,0.000,0.010
17685,0.000,0.031,0.000,0.011
17686,0.000,0.029,0.000,0.010
17687,0.000,0.030,0.000,0.011
17688,0.000,0.031,0.000,0.011
17689,0.000,0.030,0.000,0.011
17690,0.000,0.029,0.000,0.010
17691,0.000,0.028,0.000,0.010
17692,0.000,0.026,0.000,0.009
17693,0.000,0.027,0.000,0.010
17694,0.000,0.026,0.000,0.009
17695,0.000,0.027,0.000,0.010
17696,0.000,0.027,0.000,0.010
17697,0.000,0.026,0.000,0.009
17698,0.000,0.026,0.000,0.009
17699,0.000,0.022,0.000,0.008
17700,0.000,0.023,0.000,0.008
17701,0.000,0.022,0.000,0.008
17702,0.000,0.020,0.000,0.007
17703,0.000,0.020,0.000,0.007
17704,0.000,0.020,0.000,0.007
17705,0.000,0.021,0.000,0.007
17706,0.000,0.018,0.000,0.007
17707,0.000,0.018,0.000,0.007
17708,0.000,0.017,0.000,0.006
17709,0.000,0.018,0.000,0.006
17710,0.000,0.022,0.000,0.008
17711,0.000,0.022,0.000,0.008
17712,0.000,0.020,0.000,0.007
17713,0.000,0.019,0.000,0.007
17714,0.000,0.018,0.000,0.007
17715,0.000,0.017,0.000,0.006
17716,0.000,0.019,0.000,0.007
17717,0.000,0.020,0.000,0.007
17718,0.000,0.021,0.000,0.007
17719,0.000,0.019,0.000,0.007
17720,0.000,0.019,0.000,0.007
17721,0.000,0.018,0.000,0.006
17722,0.000,0.019,0.000,0.007
17723,0.000,0.019,0.000,0.007
17724,0.000,0.016,0.000,0.006
17725,0.000,0.021,0.000,0.008
17726,0.000,0.023,0.000,0.008
17727,0.000,0.022,0.000,0.008
17728,0.000,0.020,0.000,0.007
17729,0.000,0.025,0.000,0.009
17730,0.000,0.025,0.000,0.009
17731,0.000,0.025,0.000,0.009
17732,0.000,0.027,0.000,0.010
17733,0.000,0.027,0.000,0.009
17734,0.000,0.025,0.000,0.009
17735,0.000,0.023,0.000,0.008
17736,0.000,0.023,0.000,0.008
17737,0.000,0.023,0.000,0.008
17738,0.000,0.020,0.000,0.007
17739,0.000,0.024,0.000,0.009
17740,0.000,0.020,0.000,0.007
17741,0.000,0.019,0.000,0.007
17742,0.000,0.017,0.000,0.006
17743,0.000,0.016,0.000,0.006
17744,0.000,0.016,0.000,0.006
17745,0.000,0.016,0.000,0.006
17746,0.000,0.014,0.000,0.005
17747,0.000,0.014,0.000,0.005
17748,0.000,0.014,0.000,0.005
17749,0.000,0.012,0.000,0.004
17750,0.000,0.012,0.000,0.004
17751,0.000,0.011,0.000,0.004
17752,0.000,0.011,0.000,0.004
17753,0.000,0.011,0.000,0.004
17754,0.000,0.011,0.000,0.004
17755,0.000,0.010,0.000,0.004
17756,0.000,0.010,0.000,0.004
17757,0.000,0.010,0.000,0.004
17758,0.000,0.011,0.000,0.004
17759,0.000,0.010,0.000,0.004
17760,0.000,0.009,0.000,0.003
17761,0.000,0.009,0.000,0.003
17762,0.000,0.008,0.000,0.003
17763,0.000,0.009,0.000,0.003
17764,0.000,0.008,0.000,0.003
17765,0.000,0.008,0.000,0.003
17766,0.000,0.008,0.000,0.003
17767,0.000,0.008,0.000,0.003
17768,0.000,0.008,0.000,0.003
17769,0.000,0.008,0.000,0.003
17770,0.000,0.008,0.000,0.003
17771,0.000,0.008,0.000,0.003
17772,0.000,0.008,0.000,0.003
17773,0.000,0.008,0.000,0.003
17774,0.000,0.008,0.000,0.003
17775,0.000,0.008,0.000,0.003
17776,0.000,0.008,0.000,0.003
17777,0.000,0.008,0.000,0.003
17778,0.000,0.008,0.000,0.003
17779,0.000,0.008,0.000,0.003
17780,0.000,0.008,0.000,0.003
17781,0.000,0.008,0.000,0.003
17782,0.000,0.008,0.000,0.003
17783,0.000,0.008,0.000,0.003
17784,0.000,0.008,0.000,0.003
17785,0.000,0.008,0.000,0.003
17786,0.000,0.008,0.000,0.003
17787,0.000,0.008,0.000,0.003
17788,0.000,0.008,0.000,0.003
17789,0.000,0.008,0.000,0.003
17790,0.000,0.008,0.000,0.003
17791,0.000,0.008,0.000,0.003
17792,0.000,0.008,0.000,0.003
17793,0.000,0.008,0.000,0.003
17794,0.000,0.008,0.000,0.003
17795,0.000,0.008,0.000,0.003
17796,0.000,0.008,0.000,0.003
17797,0.000,0.008,0.000,0.003
17798,0.000,0.008,0.000,0.003
17799,0.000,0.008,0.000,0.003
17800,0.000,0.008,0.000,0.003
17801,0.000,0.008,0.000,0.003
17802,0.000,0.008,0.000,0.003
17803,0.000,0.008,0.000,0.003
17804,0.000,0.008,0.000,0.003
17805,0.000,0.008,0.000,0.003
17806,0.000,0.008,0.000,0.003
17807,0.000,0.008,0.000,0.003
17808,0.000,0.008,0.000,0.003
17809,0.000,0.008,0.000,0.003
17810,0.000,0.008,0.000,0.003
17811,0.000,0.008,0.000,0.003
17812,0.000,0.008,0.000,0.003
17813,0.000,0.008,0.000,0.003
17814,0.000,0.008,0.000,0.003
17815,0.000,0.008,0.000,0.003
17816,0.000,0.008,0.000,0.003
17817,0.000,0.008,0.000,0.003
17818,0.000,0.008,0.000,0.003
17819,0.000,0.008,0.000,0.003
17820,0.000,0.008,0.000,0.003
17821,0.000,0.008,0.000,0.003
17822,0.000,0.008,0.000,0.003
17823,0.000,0.008,0.000,0.003
17824,0.000,0.008,0.000,0.003
17825,0.000,0.008,0.000,0.003
17826,0.000,0.008,0.000,0.003
17827,0.000,0.008,0.000,0.003
17828,0.000,0.008,0.000,0.003
17829,0.000,0.008,0.000,0.003
17830,0.000,0.008,0.000,0.003
17831,0.000,0.008,0.000,0.003
17832,0.000,0.008,0.000,0.003
17833,0.000,0.008,0.000,0.003
17834,0.000,0.008,0.000,0.003
17835,0.000,0.008,0.000,0.003
17836,0.000,0.008,0.000,0.003
17837,0.000,0.008,0.000,0.003
17838,0.000,0.008,0.000,0.003
17839,0.000,0.008,0.000,0.003
17840,0.000,0.008,0.000,0.003
17841,0.000,0.008,0.000,0.003
17842,0.000,0.008,0.000,0.003
17843,0.000,0.008,0.000,0.003
17844,0.000,0.008,0.000,0.003
17845,0.000,0.008,0.000,0.003
17846,0.000,0.008,0.000,0.003
17847,0.000,0.008,0.000,0.003
17848,0.000,0.008,0.000,0.003
17849,0.000,0.008,0.000,0.003
17850,0.000,0.008,0.000,0.003
17851,0.000,0.008,0.000,0.003
17852,0.000,0.008,0.000,0.003
17853,0.000,0.008,0.000,0.003
17854,0.000,0.008,0.000,0.003
17855,0.000,0.008,0.000,0.003
17856,0.000,0.008,0.000,0.003
17857,0.000,0.008,0.000,0.003
17858,0.000,0.008,0.000,0.003
17859,0.000,0.008,0.000,0.003
17860,0.000,0.008,0.000,0.003
17861,0.000,0.008,0.000,0.003
17862,0.000,0.008,0.000,0.003
17863,0.000,0.008,0.000,0.003
17864,0.000,0.008,0.000,0.003
17865,0.000,0.008,0.000,0.003
17866,0.000,0.008,0.000,0.003
17867,0.000,0.008,0.000,0.003
17868,0.000,0.008,0.000,0.003
17869,0.000,0.008,0.000,0.003
17870,0.000,0.008,0.000,0.003
17871,0.000,0.008,0.000,0.003
17872,0.000,0.008,0.000,0.003
17873,0.000,0.008,0.000,0.003
17874,0.000,0.008,0.000,0.003
17875,0.000,0.008,0.000,0.003
17876,0.000,0.008,0.000,0.003
17877,0.000,0.008,0.000,0.003
17878,0.000,0.008,0.000,0.003
17879,0.000,0.008,0.000,0.003
17880,0.000,0.008,0.000,0.003
17881,0.000,0.008,0.000,0.003
17882,0.000,0.008,0.000,0.003
17883,0.000,0.008,0.000,0.003
17884,0.000,0.008,0.000,0.003
17885,0.000,0.008,0.000,0.003
17886,0.000,0.008,0.000,0.003
17887,0.000,0.008,0.000,0.003
17888,0.000,0.008,0.000,0.003
17889,0.000,0.008,0.000,0.003
17890,0.000,0.008,0.000,0.003
17891,0.000,0.008,0.000,0.003
17892,0.000,0.008,0.000,0.003
17893,0.000,0.008,0.000,0.003
17894,0.000,0.008,0.000,0.003
17895,0.000,0.008,0.000,0.003
17896,0.000,0.008,0.000,0.003
17897,0.000,0.008,0.000,0.003
17898,0.000,0.008,0.000,0.003
17899,0.000,0.008,0.000,0.003
17900,0.000,0.008,0.000,0.003
17901,0.000,0.008,0.000,0.003
17902,0.000,0.008,0.000,0.003
17903,0.000,0.008,0.000,0.003
17904,0.000,0.008,0.000,0.003
17905,0.000,0.008,0.000,0.003
17906,0.000,0.008,0.000,0.003
17907,0.000,0.008,0.000,0.003
17908,0.000,0.008,0.000,0.003
17909,0.000,0.008,0.000,0.003
17910,0.000,0.008,0.000,0.003
17911,0.000,0.008,0.000,0.003
17912,0.000,0.008,0.000,0.003
17913,0.000,0.008,0.000,0.003
17914,0.000,0.008,0.000,0.003
17915,0.000,0.008,0.000,0.003
17916,0.000,0.008,0.000,0.003
17917,0.000,0.008,0.000,0.003
17918,0.000,0.008,0.000,0.003
17919,0.000,0.008,0.000,0.003
17920,0.000,0.008,0.000,0.003
17921,0.000,0.008,0.000,0.003
17922,0.000,0.008,0.000,0.003
17923,0.000,0.008,0.000,0.003
17924,0.000,0.008,0.000,0.003
17925,0.000,0.008,0.000,0.003
17926,0.000,0.008,0.000,0.003
17927,0.000,0.008,0.000,0.003
17928,0.000,0.008,0.000,0.003
17929,0.000,0.008,0.000,0.003
17930,0.000,0.008,0.000,0.003
17931,0.000,0.008,0.000,0.003
17932,0.000,0.008,0.000,0.003
17933,0.000,0.008,0.000,0.003
17934,0.000,0.008,0.000,0.003
17935,0.000,0.008,0.000,0.003
17936,0.000,0.008,0.000,0.003
17937,0.000,0.008,0.000,0.003
17938,0.000,0.008,0.000,0.003
17939,0.000,0.008,0.000,0.003
17940,0.000,0.008,0.000,0.003
17941,0.000,0.008,0.000,0.003
17942,0.000,0.008,0.000,0.003
17943,0.000,0.008,0.000,0.003
17944,0.000,0.008,0.000,0.003
17945,0.000,0.008,0.000,0.003
17946,0.000,0.008,0.000,0.003
17947,0.000,0.008,0.000,0.003
17948,0.000,0.008,0.000,0.003
17949,0.000,0.008,0.000,0.003
17950,0.000,0.008,0.000,0.003
17951,0.000,0.008,0.000,0.003
17952,0.000,0.008,0.000,0.003
17953,0.000,0.008,0.000,0.003
17954,0.000,0.008,0.000,0.003
17955,0.000,0.008,0.000,0.003
17956,0.000,0.008,0.000,0.003
17957,0.000,0.008,0.000,0.003
17958,0.000,0.008,0.000,0.003
17959,0.000,0.008,0.000,0.003
17960,0.000,0.008,0.000,0.003
17961,0.000,0.008,0.000,0.003
17962,0.000,0.008,0.000,0.003
17963,0.000,0.008,0.000,0.003
17964,0.000,0.008,0.000,0.003
17965,0.000,0.008,0.000,0.003
17966,0.000,0.008,0.000,0.003
17967,0.000,0.008,0.000,0.003
17968,0.000,0.008,0.000,0.003
17969,0.000,0.008,0.000,0.003
17970,0.000,0.008,0.000,0.003
17971,0.000,0.008,0.000,0.003
17972,0.000,0.008,0.000,0.003
17973,0.000,0.008,0.000,0.003
17974,0.000,0.008,0.000,0.003
17975,0.000,0.008,0.000,0.003
17976,0.000,0.008,0.000,0.003
17977,0.000,0.008,0.000,0.003
17978,0.000,0.008,0.000,0.003
17979,0.000,0.008,0.000,0.003
17980,0.000,0.008,0.000,0.003
17981,0.000,0.008,0.000,0.003
17982,0.000,0.008,0.000,0.003
17983,0.000,0.008,0.000,0.003
17984,0.000,0.008,0.000,0.003
17985,0.000,0.008,0.000,0.003
17986,0.000,0.008,0.000,0.003
17987,0.000,0.008,0.000,0.003
17988,0.000,0.008,0.000,0.003
17989,0.000,0.008,0.000,0.003
17990,0.000,0.008,0.000,0.003
17991,0.000,0.008,0.000,0.003
17992,0.000,0.008,0.000,0.003
17993,0.000,0.008,0.000,0.003
17994,0.000,0.008,0.000,0.003
17995,0.000,0.008,0.000,0.003
17996,0.000,0.008,0.000,0.003
17997,0.000,0.008,0.000,0.003
17998,0.000,0.008,0.000,0.003
17999,0.000,0.008,0.000,0.003
18000,0.000,0.008,0.000,0.003
18001,0.000,0.008,0.000,0.003
18002,0.000,0.008,0.000,0.003
18003,0.000,0.008,0.000,0.003
18004,0.000,0.008,0.000,0.003
18005,0.000,0.008,0.000,0.003
18006,0.000,0.008,0.000,0.003
18007,0.000,0.008,0.000,0.003
18008,0.000,0.008,0.000,0.003
18009,0.000,0.008,0.000,0.003
18010,0.000,0.008,0.000,0.003
18011,0.000,0.008,0.000,0.003
18012,0.000,0.008,0.000,0.003
18013,0.000,0.008,0.000,0.003
18014,0.000,0.008,0.000,0.003
18015,0.000,0.008,0.000,0.003
18016,0.000,0.008,0.000,0.003
18017,0.000,0.008,0.000,0.003
18018,0.000,0.008,0.000,0.003
18019,0.000,0.008,0.000,0.003
18020,0.000,0.008,0.000,0.003
18021,0.000,0.008,0.000,0.003
18022,0.000,0.008,0.000,0.003
18023,0.000,0.008,0.000,0.003
18024,0.000,0.008,0.000,0.003
18025,0.000,0.008,0.000,0.003
18026,0.000,0.008,0.000,0.003
18027,0.000,0.008,0.000,0.003
18028,0.000,0.008,0.000,0.003
18029,0.000,0.008,0.000,0.003
18030,0.000,0.008,0.000,0.003
18031,0.000,0.008,0.000,0.003
18032,0.000,0.008,0.000,0.003
18033,0.000,0.008,0.000,0.003
18034,0.000,0.008,0.000,0.003
18035,0.000,0.008,0.000,0.003
18036,0.000,0.008,0.000,0.003
18037,0.000,0.008,0.000,0.003
18038,0.000,0.008,0.000,0.003
18039,0.000,0.008,0.000,0.003
18040,0.000,0.008,0.000,0.003
18041,0.000,0.008,0.000,0.003
18042,0.000,0.008,0.000,0.003
18043,0.000,0.008,0.000,0.003
18044,0.000,0.008,0.000,0.003
18045,0.000,0.008,0.000,0.003
18046,0.000,0.008,0.000,0.003
18047,0.000,0.008,0.000,0.003
18048,0.000,0.008,0.000,0.003
18049,0.000,0.008,0.000,0.003
18050,0.000,0.008,0.000,0.003
18051,0.000,0.008,0.000,0.003
18052,0.000,0.008,0.000,0.003
18053,0.000,0.008,0.000,0.003
18054,0.000,0.008,0.000,0.003
18055,0.000,0.008,0.000,0.003
18056,0.000,0.008,0.000,0.003
18057,0.000,0.008,0.000,0.003
18058,0.000,0.008,0.000,0.003
18059,0.000,0.008,0.000,0.003
18060,0.000,0.008,0.000,0.003
18061,0.000,0.008,0.000,0.003
18062,0.000,0.008,0.000,0.003
18063,0.000,0.008,0.000,0.003
18064,0.000,0.008,0.000,0.003
18065,0.000,0.008,0.000,0.003
18066,0.000,0.008,0.000,0.003
18067,0.000,0.008,0.000,0.003
18068,0.000,0.008,0.000,0.003
18069,0.000,0.008,0.000,0.003
18070,0.000,0.008,0.000,0.003
18071,0.000,0.008,0.000,0.003
18072,0.000,0.008,0.000,0.003
18073,0.000,0.008,0.000,0.003
18074,0.000,0.008,0.000,0.003
18075,0.000,0.008,0.000,0.003
18076,0.000,0.008,0.000,0.003
18077,0.000,0.008,0.000,0.003
18078,0.000,0.008,0.000,0.003
18079,0.000,0.008,0.000,0.003
18080,0.000,0.008,0.000,0.003
18081,0.000,0.008,0.000,0.003
18082,0.000,0.008,0.000,0.003
18083,0.000,0.008,0.000,0.003
18084,0.000,0.008,0.000,0.003
18085,0.000,0.008,0.000,0.003
18086,0.000,0.008,0.000,0.003
18087,0.000,0.008,0.000,0.003
18088,0.000,0.008,0.000,0.003
18089,0.000,0.008,0.000,0.003
18090,0.000,0.008,0.000,0.003
18091,0.000,0.008,0.000,0.003
18092,0.000,0.008,0.000,0.003
18093,0.000,0.008,0.000,0.003
18094,0.000,0.008,0.000,0.003
18095,0.000,0.008,0.000,0.003
18096,0.000,0.008,0.000,0.003
18097,0.000,0.008,0.000,0.003
18098,0.000,0.008,0.000,0.003
18099,0.000,0.008,0.000,0.003
18100,0.000,0.008,0.000,0.003
18101,0.000,0.008,0.000,0.003
18102,0.000,0.008,0.000,0.003
18103,0.000,0.008,0.000,0.003
18104,0.000,0.008,0.000,0.003
18105,0.000,0.008,0.000,0.003
18106,0.000,0.008,0.000,0.003
18107,0.000,0.008,0.000,0.003
18108,0.000,0.008,0.000,0.003
18109,0.000,0.008,0.000,0.003
18110,0.000,0.008,0.000,0.003
18111,0.000,0.008,0.000,0.003
18112,0.000,0.008,0.000,0.003
18113,0.000,0.008,0.000,0.003
18114,0.000,0.008,0.000,0.003
18115,0.000,0.008,0.000,0.003
18116,0.000,0.008,0.000,0.003
18117,0.000,0.008,0.000,0.003
18118,0.000,0.008,0.000,0.003
18119,0.000,0.008,0.000,0.003
18120,0.000,0.008,0.000,0.003
18121,0.000,0.008,0.000,0.003
18122,0.000,0.008,0.000,0.003
18123,0.000,0.008,0.000,0.003
18124,0.000,0.008,0.000,0.003
18125,0.000,0.008,0.000,0.003
18126,0.000,0.008,0.000,0.003
18127,0.000,0.008,0.000,0.003
18128,0.000,0.008,0.000,0.003
18129,0.000,0.008,0.000,0.003
18130,0.000,0.008,0.000,0.003
18131,0.000,0.008,0.000,0.003
18132,0.000,0.008,0.000,0.003
18133,0.000,0.008,0.000,0.003
18134,0.000,0.008,0.000,0.003
18135,0.000,0.008,0.000,0.003
18136,0.000,0.008,0.000,0.003
18137,0.000,0.008,0.000,0.003
18138,0.000,0.008,0.000,0.003
18139,0.000,0.008,0.000,0.003
18140,0.000,0.008,0.000,0.003
18141,0.000,0.008,0.000,0.003
18142,0.000,0.008,0.000,0.003
18143,0.000,0.008,0.000,0.003
18144,0.000,0.008,0.000,0.003
18145,0.000,0.008,0.000,0.003
18146,0.000,0.008,0.000,0.003
18147,0.000,0.008,0.000,0.003
18148,0.000,0.008,0.000,0.003
18149,0.000,0.008,0.000,0.003
18150,0.000,0.008,0.000,0.003
18151,0.000,0.008,0.000,0.003
18152,0.000,0.008,0.000,0.003
18153,0.000,0.008,0.000,0.003
18154,0.000,0.008,0.000,0.003
18155,0.000,0.008,0.000,0.003
18156,0.000,0.008,0.000,0.003
18157,0.000,0.008,0.000,0.003
18158,0.000,0.008,0.000,0.003
18159,0.000,0.008,0.000,0.003
18160,0.000,0.008,0.000,0.003
18161,0.000,0.008,0.000,0.003
18162,0.000,0.008,0.000,0.003
18163,0.000,0.008,0.000,0.003
18164,0.000,0.008,0.000,0.003
18165,0.000,0.008,0.000,0.003
18166,0.000,0.008,0.000,0.003
18167,0.000,0.008,0.000,0.003
18168,0.000,0.008,0.000,0.003
18169,0.000,0.008,0.000,0.003
18170,0.000,0.008,0.000,0.003
18171,0.000,0.008,0.000,0.003
18172,0.000,0.008,0.000,0.003
18173,0.000,0.008,0.000,0.003
18174,0.000,0.008,0.000,0.003
18175,0.000,0.008,0.000,0.003
18176,0.000,0.008,0.000,0.003
18177,0.000,0.008,0.000,0.003
18178,0.000,0.008,0.000,0.003
18179,0.000,0.008,0.000,0.003
18180,0.000,0.008,0.000,0.003
18181,0.000,0.008,0.000,0.003
18182,0.000,0.008,0.000,0.003
18183,0.000,0.008,0.000,0.003
18184,0.000,0.008,0.000,0.003
18185,0.000,0.008,0.000,0.003
18186,0.000,0.008,0.000,0.003
18187,0.000,0.008,0.000,0.003
18188,0.000,0.008,0.000,0.003
18189,0.000,0.008,0.000,0.003
18190,0.000,0.008,0.000,0.003
18191,0.000,0.008,0.000,0.003
18192,0.000,0.008,0.000,0.003
18193,0.000,0.008,0.000,0.003
18194,0.000,0.008,0.000,0.003
18195,0.000,0.008,0.000,0.003
18196,0.000,0.008,0.000,0.003
18197,0.000,0.008,0.000,0.003
18198,0.000,0.008,0.000,0.003
18199,0.000,0.008,0.000,0.003
18200,0.000,0.008,0.000,0.003
18201,0.000,0.008,0.000,0.003
18202,0.000,0.008,0.000,0.003
18203,0.000,0.008,0.000,0.003
18204,0.000,0.008,0.000,0.003
18205,0.000,0.008,0.000,0.003
18206,0.000,0.008,0.000,0.003
18207,0.000,0.008,0.000,0.003
18208,0.000,0.008,0.000,0.003
18209,0.000,0.008,0.000,0.003
18210,0.000,0.008,0.000,0.003
18211,0.000,0.008,0.000,0.003
18212,0.000,0.008,0.000,0.003
18213,0.000,0.008,0.000,0.003
18214,0.000,0.008,0.000,0.003
18215,0.000,0.008,0.000,0.003
18216,0.000,0.008,0.000,0.003
18217,0.000,0.008,0.000,0.003
18218,0.000,0.008,0.000,0.003
18219,0.000,0.008,0.000,0.003
18220,0.000,0.008,0.000,0.003
18221,0.000,0.008,0.000,0.003
18222,0.000,0.008,0.000,0.003
18223,0.000,0.008,0.000,0.003
18224,0.000,0.008,0.000,0.003
18225,0.000,0.008,0.000,0.003
18226,0.000,0.008,0.000,0.003
18227,0.000,0.008,0.000,0.003
18228,0.000,0.008,0.000,0.003
18229,0.000,0.008,0.000,0.003
18230,0.000,0.008,0.000,0.003
18231,0.000,0.008,0.000,0.003
18232,0.000,0.008,0.000,0.003
18233,0.000,0.008,0.000,0.003
18234,0.000,0.008,0.000,0.003
18235,0.000,0.008,0.000,0.003
18236,0.000,0.008,0.000,0.003
18237,0.000,0.008,0.000,0.003
18238,0.000,0.008,0.000,0.003
18239,0.000,0.008,0.000,0.003
18240,0.000,0.008,0.000,0.003
18241,0.000,0.008,0.000,0.003
18242,0.000,0.008,0.000,0.003
18243,0.000,0.008,0.000,0.003
18244,0.000,0.008,0.000,0.003
18245,0.000,0.008,0.000,0.003
18246,0.000,0.008,0.000,0.003
18247,0.000,0.008,0.000,0.003
18248,0.000,0.008,0.000,0.003
18249,0.000,0.008,0.000,0.003
18250,0.000,0.008,0.000,0.003
18251,0.000,0.008,0.000,0.003
18252,0.000,0.008,0.000,0.003
18253,0.000,0.008,0.000,0.003
18254,0.000,0.008,0.000,0.003
18255,0.000,0.008,0.000,0.003
18256,0.000,0.008,0.000,0.003
18257,0.000,0.008,0.000,0.003
18258,0.000,0.008,0.000,0.003
18259,0.001,0.008,0.000,0.003
18260,0.000,0.008,0.000,0.003
18261,0.000,0.008,0.000,0.003
18262,0.000,0.008,0.000,0.003
18263,0.000,0.008,0.000,0.003
18264,0.000,0.008,0.000,0.003
18265,0.000,0.008,0.000,0.003
18266,0.000,0.008,0.000,0.003
18267,0.000,0.008,0.000,0.003
18268,0.000,0.008,0.000,0.003
18269,0.000,0.008,0.000,0.003
18270,0.000,0.008,0.000,0.003
18271,0.000,0.008,0.000,0.003
18272,0.000,0.008,0.000,0.003
18273,0.000,0.008,0.000,0.003
18274,0.000,0.008,0.000,0.003
18275,0.000,0.008,0.000,0.003
18276,0.000,0.008,0.000,0.003
18277,0.000,0.008,0.000,0.003
18278,0.000,0.008,0.000,0.003
18279,0.000,0.008,0.000,0.003
18280,0.000,0.008,0.000,0.003
18281,0.000,0.008,0.000,0.003
18282,0.000,0.008,0.000,0.003
18283,0.000,0.008,0.000,0.003
18284,0.000,0.008,0.000,0.003
18285,0.000,0.008,0.000,0.003
18286,0.000,0.008,0.000,0.003
18287,0.000,0.008,0.000,0.003
18288,0.000,0.008,0.000,0.003
18289,0.000,0.008,0.000,0.003
18290,0.000,0.008,0.000,0.003
18291,0.000,0.008,0.000,0.003
18292,0.000,0.008,0.000,0.003
18293,0.000,0.008,0.000,0.003
18294,0.000,0.008,0.000,0.003
18295,0.000,0.008,0.000,0.003
18296,0.000,0.008,0.000,0.003
18297,0.000,0.008,0.000,0.003
18298,0.000,0.008,0.000,0.003
18299,0.000,0.008,0.000,0.003
18300,0.000,0.008,0.000,0.003
18301,0.000,0.008,0.000,0.003
18302,0.000,0.008,0.000,0.003
18303,0.000,0.008,0.000,0.003
18304,0.000,0.008,0.000,0.003
18305,0.000,0.008,0.000,0.003
18306,0.000,0.008,0.000,0.003
18307,0.000,0.008,0.000,0.003
18308,0.000,0.008,0.000,0.003
18309,0.000,0.008,0.000,0.003
18310,0.000,0.008,0.000,0.003
18311,0.000,0.008,0.000,0.003
18312,0.000,0.008,0.000,0.003
18313,0.000,0.008,0.000,0.003
18314,0.000,0.008,0.000,0.003
18315,0.000,0.008,0.000,0.003
18316,0.000,0.008,0.000,0.003
18317,0.000,0.008,0.000,0.003
18318,0.000,0.008,0.000,0.003
18319,0.000,0.008,0.000,0.003
18320,0.000,0.008,0.000,0.003
18321,0.000,0.008,0.000,0.003
18322,0.000,0.008,0.000,0.003
18323,0.000,0.008,0.000,0.003
18324,0.000,0.008,0.000,0.003
18325,0.000,0.008,0.000,0.003
18326,0.000,0.008,0.000,0.003
18327,0.000,0.008,0.000,0.003
18328,0.000,0.008,0.000,0.003
18329,0.000,0.008,0.000,0.003
18330,0.000,0.008,0.000,0.003
18331,0.000,0.008,0.000,0.003
18332,0.000,0.008,0.000,0.003
18333,0.000,0.008,0.000,0.003
18334,0.000,0.008,0.000,0.003
18335,0.000,0.008,0.000,0.003
18336,0.000,0.008,0.000,0.003
18337,0.000,0.008,0.000,0.003
18338,0.000,0.008,0.000,0.003
18339,0.000,0.008,0.000,0.003
18340,0.000,0.008,0.000,0.003
18341,0.000,0.008,0.000,0.003
18342,0.000,0.008,0.000,0.003
18343,0.000,0.008,0.000,0.003
18344,0.000,0.008,0.000,0.003
18345,0.000,0.008,0.000,0.003
18346,0.000,0.008,0.000,0.003
18347,0.000,0.008,0.000,0.003
18348,0.000,0.008,0.000,0.003
18349,0.000,0.008,0.000,0.003
18350,0.000,0.008,0.000,0.003
18351,0.000,0.008,0.000,0.003
18352,0.000,0.008,0.000,0.003
18353,0.000,0.008,0.000,0.003
18354,0.000,0.008,0.000,0.003
18355,0.000,0.008,0.000,0.003
18356,0.000,0.008,0.000,0.003
18357,0.000,0.008,0.000,0.003
18358,0.000,0.008,0.000,0.003
18359,0.000,0.008,0.000,0.003
18360,0.000,0.008,0.000,0.003
18361,0.000,0.008,0.000,0.003
18362,0.000,0.008,0.000,0.003
18363,0.000,0.008,0.000,0.003
18364,0.000,0.008,0.000,0.003
18365,0.000,0.008,0.000,0.003
18366,0.000,0.008,0.000,0.003
18367,0.000,0.008,0.000,0.003
18368,0.000,0.008,0.000,0.003
18369,0.000,0.008,0.000,0.003
18370,0.000,0.008,0.000,0.003
18371,0.000,0.008,0.000,0.003
18372,0.000,0.008,0.000,0.003
18373,0.000,0.008,0.000,0.003
18374,0.000,0.008,0.000,0.003
18375,0.000,0.008,0.000,0.003
18376,0.000,0.008,0.000,0.003
18377,0.000,0.008,0.000,0.003
18378,0.000,0.008,0.000,0.003
18379,0.000,0.008,0.000,0.003
18380,0.000,0.008,0.000,0.003
18381,0.000,0.008,0.000,0.003
18382,0.000,0.008,0.000,0.003
18383,0.000,0.008,0.000,0.003
18384,0.000,0.008,0.000,0.003
18385,0.000,0.008,0.000,0.003
18386,0.000,0.008,0.000,0.003
18387,0.000,0.008,0.000,0.003
18388,0.000,0.008,0.000,0.003
18389,0.000,0.008,0.000,0.003
18390,0.000,0.008,0.000,0.003
18391,0.000,0.008,0.000,0.003
18392,0.000,0.008,0.000,0.003
18393,0.000,0.008,0.000,0.003
18394,0.000,0.008,0.000,0.003
18395,0.000,0.008,0.000,0.003
18396,0.000,0.008,0.000,0.003
18397,0.000,0.008,0.000,0.003
18398,0.000,0.008,0.000,0.003
18399,0.000,0.008,0.000,0.003
18400,0.000,0.008,0.000,0.003
18401,0.000,0.008,0.000,0.003
18402,0.000,0.008,0.000,0.003
18403,0.000,0.008,0.000,0.003
18404,0.000,0.008,0.000,0.003
18405,0.000,0.008,0.000,0.003
18406,0.000,0.008,0.000,0.003
18407,0.000,0.008,0.000,0.003
18408,0.000,0.008,0.000,0.003
18409,0.000,0.008,0.000,0.003
18410,0.000,0.008,0.000,0.003
18411,0.000,0.008,0.000,0.003
18412,0.000,0.008,0.000,0.003
18413,0.000,0.008,0.000,0.003
18414,0.000,0.008,0.000,0.003
18415,0.000,0.008,0.000,0.003
18416,0.000,0.008,0.000,0.003
18417,0.000,0.008,0.000,0.003
18418,0.000,0.008,0.000,0.003
18419,0.000,0.008,0.000,0.003
18420,0.000,0.008,0.000,0.003
18421,0.000,0.008,0.000,0.003
18422,0.000,0.008,0.000,0.003
18423,0.000,0.008,0.000,0.003
18424,0.000,0.008,0.000,0.003
18425,0.000,0.008,0.000,0.003
18426,0.000,0.008,0.000,0.003
18427,0.000,0.008,0.000,0.003
18428,0.000,0.008,0.000,0.003
18429,0.000,0.008,0.000,0.003
18430,0.000,0.008,0.000,0.003
18431,0.000,0.008,0.000,0.003
18432,0.000,0.008,0.000,0.003
18433,0.000,0.008,0.000,0.003
18434,0.000,0.008,0.000,0.003
18435,0.000,0.008,0.000,0.003
18436,0.000,0.008,0.000,0.003
18437,0.000,0.008,0.000,0.003
18438,0.000,0.008,0.000,0.003
18439,0.000,0.008,0.000,0.003
18440,0.000,0.008,0.000,0.003
18441,0.000,0.008,0.000,0.003
18442,0.000,0.008,0.000,0.003
18443,0.000,0.008,0.000,0.003
18444,0.000,0.008,0.000,0.003
18445,0.000,0.008,0.000,0.003
18446,0.000,0.008,0.000,0.003
18447,0.000,0.008,0.000,0.003
18448,0.000,0.008,0.000,0.003
18449,0.000,0.008,0.000,0.003
18450,0.000,0.008,0.000,0.003
18451,0.000,0.008,0.000,0.003
18452,0.000,0.008,0.000,0.003
18453,0.000,0.008,0.000,0.003
18454,0.000,0.008,0.000,0.003
18455,0.000,0.008,0.000,0.003
18456,0.000,0.008,0.000,0.003
18457,0.000,0.008,0.000,0.003
18458,0.000,0.008,0.000,0.003
18459,0.000,0.008,0.000,0.003
18460,0.000,0.008,0.000,0.003
18461,0.000,0.008,0.000,0.003
18462,0.000,0.008,0.000,0.003
18463,0.000,0.008,0.000,0.003
18464,0.000,0.008,0.000,0.003
18465,0.000,0.008,0.000,0.003
18466,0.000,0.008,0.000,0.003
18467,0.000,0.008,0.000,0.003
18468,0.000,0.008,0.000,0.003
18469,0.000,0.008,0.000,0.003
18470,0.000,0.008,0.000,0.003
18471,0.000,0.008,0.000,0.003
18472,0.000,0.008,0.000,0.003
18473,0.000,0.008,0.000,0.003
18474,0.000,0.008,0.000,0.003
18475,0.000,0.008,0.000,0.003
18476,0.000,0.008,0.000,0.003
18477,0.000,0.008,0.000,0.003
18478,0.000,0.008,0.000,0.003
18479,0.000,0.008,0.000,0.003
18480,0.000,0.008,0.000,0.003
18481,0.000,0.008,0.000,0.003
18482,0.000,0.008,0.000,0.003
18483,0.000,0.008,0.000,0.003
18484,0.000,0.008,0.000,0.003
18485,0.000,0.008,0.000,0.003
18486,0.000,0.008,0.000,0.003
18487,0.000,0.008,0.000,0.003
18488,0.000,0.008,0.000,0.003
18489,0.000,0.008,0.000,0.003
18490,0.000,0.008,0.000,0.003
18491,0.000,0.008,0.000,0.003
18492,0.000,0.008,0.000,0.003
18493,0.000,0.008,0.000,0.003
18494,0.000,0.008,0.000,0.003
18495,0.000,0.008,0.000,0.003
18496,0.000,0.008,0.000,0.003
18497,0.000,0.008,0.000,0.003
18498,0.000,0.008,0.000,0.003
18499,0.000,0.008,0.000,0.003
18500,0.000,0.008,0.000,0.003
18501,0.000,0.008,0.000,0.003
18502,0.000,0.008,0.000,0.003
18503,0.000,0.008,0.000,0.003
18504,0.000,0.008,0.000,0.003
18505,0.000,0.008,0.000,0.003
18506,0.000,0.008,0.000,0.003
18507,0.000,0.008,0.000,0.003
18508,0.000,0.008,0.000,0.003
18509,0.000,0.008,0.000,0.003
18510,0.000,0.008,0.000,0.003
18511,0.000,0.008,0.000,0.003
18512,0.000,0.008,0.000,0.003
18513,0.000,0.008,0.000,0.003
18514,0.000,0.008,0.000,0.003
18515,0.000,0.008,0.000,0.003
18516,0.000,0.008,0.000,0.003
18517,0.000,0.008,0.000,0.003
18518,0.000,0.008,0.000,0.003
18519,0.000,0.008,0.000,0.003
18520,0.000,0.008,0.000,0.003
18521,0.000,0.008,0.000,0.003
18522,0.000,0.008,0.000,0.003
18523,0.000,0.008,0.000,0.003
18524,0.000,0.008,0.000,0.003
18525,0.000,0.008,0.000,0.003
18526,0.000,0.008,0.000,0.003
18527,0.000,0.008,0.000,0.003
18528,0.000,0.008,0.000,0.003
18529,0.000,0.008,0.000,0.003
18530,0.000,0.008,0.000,0.003
18531,0.000,0.008,0.000,0.003
18532,0.000,0.008,0.000,0.003
18533,0.000,0.008,0.000,0.003
18534,0.000,0.008,0.000,0.003
18535,0.000,0.008,0.000,0.003
18536,0.000,0.008,0.000,0.003
18537,0.000,0.008,0.000,0.003
18538,0.000,0.008,0.000,0.003
18539,0.000,0.008,0.000,0.003
18540,0.000,0.008,0.000,0.003
18541,0.000,0.008,0.000,0.003
18542,0.000,0.008,0.000,0.003
18543,0.000,0.008,0.000,0.003
18544,0.000,0.008,0.000,0.003
18545,0.000,0.008,0.000,0.003
18546,0.000,0.008,0.000,0.003
18547,0.000,0.008,0.000,0.003
18548,0.000,0.008,0.000,0.003
18549,0.000,0.008,0.000,0.003
18550,0.000,0.008,0.000,0.003
18551,0.000,0.008,0.000,0.003
18552,0.000,0.008,0.000,0.003
18553,0.000,0.008,0.000,0.003
18554,0.000,0.008,0.000,0.003
18555,0.000,0.008,0.000,0.003
18556,0.000,0.008,0.000,0.003
18557,0.000,0.008,0.000,0.003
18558,0.000,0.008,0.000,0.003
18559,0.000,0.008,0.000,0.003
18560,0.000,0.008,0.000,0.003
18561,0.000,0.008,0.000,0.003
18562,0.000,0.008,0.000,0.003
18563,0.000,0.008,0.000,0.003
18564,0.000,0.008,0.000,0.003
18565,0.000,0.008,0.000,0.003
18566,0.000,0.008,0.000,0.003
18567,0.000,0.008,0.000,0.003
18568,0.000,0.008,0.000,0.003
18569,0.000,0.008,0.000,0.003
18570,0.000,0.008,0.000,0.003
18571,0.000,0.008,0.000,0.003
18572,0.000,0.008,0.000,0.003
18573,0.000,0.008,0.000,0.003
18574,0.000,0.008,0.000,0.003
18575,0.000,0.008,0.000,0.003
18576,0.000,0.008,0.000,0.003
18577,0.000,0.008,0.000,0.003
18578,0.000,0.008,0.000,0.003
18579,0.000,0.008,0.000,0.003
18580,0.000,0.008,0.000,0.003
18581,0.000,0.008,0.000,0.003
18582,0.000,0.008,0.000,0.003
18583,0.000,0.008,0.000,0.003
18584,0.000,0.008,0.000,0.003
18585,0.000,0.008,0.000,0.003
18586,0.000,0.008,0.000,0.003
18587,0.000,0.008,0.000,0.003
18588,0.000,0.008,0.000,0.003
18589,0.000,0.008,0.000,0.003
18590,0.000,0.008,0.000,0.003
18591,0.000,0.008,0.000,0.003
18592,0.000,0.008,0.000,0.003
18593,0.000,0.008,0.000,0.003
18594,0.000,0.008,0.000,0.003
18595,0.000,0.008,0.000,0.003
18596,0.000,0.008,0.000,0.003
18597,0.000,0.008,0.000,0.003
18598,0.000,0.008,0.000,0.003
18599,0.000,0.008,0.000,0.003
18600,0.000,0.008,0.000,0.003
18601,0.000,0.008,0.000,0.003
18602,0.000,0.008,0.000,0.003
18603,0.000,0.008,0.000,0.003
18604,0.000,0.008,0.000,0.003
18605,0.000,0.008,0.000,0.003
18606,0.000,0.008,0.000,0.003
18607,0.000,0.008,0.000,0.003
18608,0.000,0.008,0.000,0.003
18609,0.000,0.008,0.000,0.003
18610,0.000,0.008,0.000,0.003
18611,0.000,0.008,0.000,0.003
18612,0.000,0.008,0.000,0.003
18613,0.000,0.008,0.000,0.003
18614,0.000,0.008,0.000,0.003
18615,0.000,0.008,0.000,0.003
18616,0.000,0.008,0.000,0.003
18617,0.000,0.008,0.000,0.003
18618,0.000,0.008,0.000,0.003
18619,0.000,0.008,0.000,0.003
18620,0.000,0.008,0.000,0.003
18621,0.000,0.008,0.000,0.003
18622,0.000,0.008,0.000,0.003
18623,0.000,0.008,0.000,0.003
18624,0.000,0.008,0.000,0.003
18625,0.000,0.008,0.000,0.003
18626,0.000,0.008,0.000,0.003
18627,0.000,0.008,0.000,0.003
18628,0.000,0.008,0.000,0.003
18629,0.000,0.008,0.000,0.003
18630,0.000,0.008,0.000,0.003
18631,0.000,0.008,0.000,0.003
18632,0.000,0.008,0.000,0.003
18633,0.000,0.008,0.000,0.003
18634,0.000,0.008,0.000,0.003
18635,0.000,0.008,0.000,0.003
18636,0.000,0.008,0.000,0.003
18637,0.000,0.008,0.000,0.003
18638,0.000,0.008,0.000,0.003
18639,0.000,0.008,0.000,0.003
18640,0.000,0.008,0.000,0.003
18641,0.000,0.008,0.000,0.003
18642,0.000,0.008,0.000,0.003
18643,0.000,0.008,0.000,0.003
18644,0.000,0.008,0.000,0.003
18645,0.000,0.008,0.000,0.003
18646,0.000,0.008,0.000,0.003
18647,0.000,0.008,0.000,0.003
18648,0.000,0.008,0.000,0.003
18649,0.000,0.008,0.000,0.003
18650,0.000,0.008,0.000,0.003
18651,0.000,0.008,0.000,0.003
18652,0.000,0.008,0.000,0.003
18653,0.000,0.008,0.000,0.003
18654,0.000,0.008,0.000,0.003
18655,0.000,0.008,0.000,0.003
18656,0.000,0.008,0.000,0.003
18657,0.000,0.008,0.000,0.003
18658,0.000,0.008,0.000,0.003
18659,0.000,0.008,0.000,0.003
18660,0.000,0.008,0.000,0.003
18661,0.000,0.008,0.000,0.003
18662,0.000,0.008,0.000,0.003
18663,0.000,0.008,0.000,0.003
18664,0.000,0.008,0.000,0.003
18665,0.000,0.008,0.000,0.003
18666,0.000,0.008,0.000,0.003
18667,0.000,0.008,0.000,0.003
18668,0.000,0.008,0.000,0.003
18669,0.000,0.008,0.000,0.003
18670,0.000,0.008,0.000,0.003
18671,0.000,0.008,0.000,0.003
18672,0.000,0.008,0.000,0.003
18673,0.000,0.008,0.000,0.003
18674,0.000,0.008,0.000,0.003
18675,0.000,0.008,0.000,0.003
18676,0.000,0.008,0.000,0.003
18677,0.000,0.008,0.000,0.003
18678,0.000,0.008,0.000,0.003
18679,0.000,0.008,0.000,0.003
18680,0.000,0.008,0.000,0.003
18681,0.000,0.008,0.000,0.003
18682,0.000,0.008,0.000,0.003
18683,0.000,0.008,0.000,0.003
18684,0.000,0.008,0.000,0.003
18685,0.000,0.008,0.000,0.003
18686,0.000,0.008,0.000,0.003
18687,0.000,0.008,0.000,0.003
18688,0.000,0.008,0.000,0.003
18689,0.000,0.008,0.000,0.003
18690,0.000,0.008,0.000,0.003
18691,0.000,0.012,0.000,0.004
18692,0.000,0.015,0.000,0.005
18693,0.000,0.023,0.000,0.008
18694,0.000,0.028,0.000,0.010
18695,0.000,0.033,0.000,0.012
18696,0.000,0.037,0.000,0.013
18697,0.000,0.040,0.000,0.014
18698,0.000,0.040,0.000,0.014
18699,0.000,0.038,0.000,0.013
18700,0.000,0.039,0.000,0.014
18701,0.000,0.038,0.000,0.014
18702,0.000,0.038,0.000,0.014
18703,0.000,0.038,0.000,0.013
18704,0.000,0.040,0.000,0.014
18705,0.000,0.038,0.000,0.014
18706,0.000,0.036,0.000,0.013
18707,0.000,0.036,0.000,0.013
18708,0.000,0.035,0.000,0.012
18709,0.000,0.034,0.000,0.012
18710,0.000,0.034,0.000,0.012
18711,0.000,0.034,0.000,0.012
18712,0.000,0.031,0.000,0.011
18713,0.000,0.030,0.000,0.011
18714,0.000,0.031,0.000,0.011
18715,0.000,0.031,0.000,0.011
18716,0.000,0.031,0.000,0.011
18717,0.000,0.030,0.000,0.011
18718,0.000,0.030,0.000,0.011
18719,0.000,0.029,0.000,0.010
18720,0.000,0.029,0.000,0.010
18721,0.000,0.028,0.000,0.010
18722,0.000,0.028,0.000,0.010
18723,0.000,0.028,0.000,0.010
18724,0.000,0.026,0.000,0.009
18725,0.000,0.024,0.000,0.009
18726,0.000,0.023,0.000,0.008
18727,0.000,0.022,0.000,0.008
18728,0.000,0.022,0.000,0.008
18729,0.000,0.021,0.000,0.007
18730,0.000,0.024,0.000,0.008
18731,0.000,0.024,0.000,0.008
18732,0.000,0.022,0.000,0.008
18733,0.000,0.022,0.000,0.008
18734,0.000,0.020,0.000,0.007
18735,0.000,0.020,0.000,0.007
18736,0.000,0.020,0.000,0.007
18737,0.000,0.021,0.000,0.008
18738,0.000,0.021,0.000,0.007
18739,0.000,0.017,0.000,0.006
18740,0.000,0.017,0.000,0.006
18741,0.000,0.012,0.000,0.004
18742,0.000,0.013,0.000,0.005
18743,0.000,0.012,0.000,0.005
18744,0.000,0.012,0.000,0.004
18745,0.000,0.014,0.000,0.005
18746,0.000,0.018,0.000,0.006
18747,0.000,0.018,0.000,0.007
18748,0.000,0.018,0.000,0.006
18749,0.000,0.015,0.000,0.005
18750,0.000,0.017,0.000,0.006
18751,0.000,0.022,0.000,0.008
18752,0.000,0.021,0.000,0.007
18753,0.000,0.019,0.000,0.007
18754,0.000,0.022,0.000,0.008
18755,0.000,0.021,0.000,0.008
18756,0.000,0.021,0.000,0.008
18757,0.000,0.027,0.000,0.009
18758,0.000,0.027,0.000,0.010
18759,0.000,0.027,0.000,0.010
18760,0.000,0.025,0.000,0.009
18761,0.000,0.026,0.000,0.009
18762,0.000,0.027,0.000,0.009
18763,0.000,0.027,0.000,0.009
18764,0.000,0.026,0.000,0.009
18765,0.000,0.025,0.000,0.009
18766,0.000,0.022,0.000,0.008
18767,0.000,0.024,0.000,0.009
18768,0.000,0.021,0.000,0.007
18769,0.000,0.025,0.000,0.009
18770,0.000,0.022,0.000,0.008
18771,0.000,0.021,0.000,0.008
18772,0.000,0.019,0.000,0.007
18773,0.000,0.021,0.000,0.007
18774,0.000,0.018,0.000,0.006
18775,0.000,0.018,0.000,0.006
18776,0.000,0.018,0.000,0.006
18777,0.000,0.021,0.000,0.007
18778,0.000,0.021,0.000,0.007
18779,0.000,0.021,0.000,0.007
18780,0.000,0.015,0.000,0.006
18781,0.000,0.019,0.000,0.007
18782,0.000,0.020,0.000,0.007
18783,0.000,0.017,0.000,0.006
18784,0.000,0.018,0.000,0.006
18785,0.000,0.018,0.000,0.006
18786,0.000,0.017,0.000,0.006
18787,0.000,0.013,0.000,0.005
18788,0.000,0.017,0.000,0.006
18789,0.000,0.016,0.000,0.006
18790,0.000,0.016,0.000,0.006
18791,0.000,0.016,0.000,0.006
18792,0.000,0.016,0.000,0.006
18793,0.000,0.016,0.000,0.006
18794,0.000,0.016,0.000,0.006
18795,0.000,0.016,0.000,0.006
18796,0.000,0.012,0.000,0.004
18797,0.000,0.013,0.000,0.005
18798,0.000,0.011,0.000,0.004
18799,0.000,0.012,0.000,0.004
18800,0.000,0.012,0.000,0.004
18801,0.000,0.012,0.000,0.004
18802,0.000,0.011,0.000,0.004
18803,0.000,0.011,0.000,0.004
18804,0.000,0.013,0.000,0.005
18805,0.000,0.012,0.000,0.004
18806,0.000,0.012,0.000,0.004
18807,0.000,0.012,0.000,0.004
18808,0.000,0.012,0.000,0.004
18809,0.000,0.012,0.000,0.004
18810,0.000,0.012,0.000,0.004
18811,0.000,0.012,0.000,0.004
18812,0.000,0.012,0.000,0.004
18813,0.000,0.012,0.000,0.004
18814,0.000,0.012,0.000,0.004
18815,0.000,0.012,0.000,0.004
18816,0.000,0.012,0.000,0.004
18817,0.000,0.012,0.000,0.004
18818,0.000,0.012,0.000,0.004
18819,0.000,0.012,0.000,0.004
18820,0.000,0.012,0.000,0.004
18821,0.000,0.012,0.000,0.004
18822,0.000,0.012,0.000,0.004
18823,0.000,0.012,0.000,0.004
18824,0.000,0.012,0.000,0.004
18825,0.000,0.012,0.000,0.004
18826,0.000,0.012,0.000,0.004
18827,0.000,0.012,0.000,0.004
18828,0.000,0.012,0.000,0.004
18829,0.000,0.012,0.000,0.004
18830,0.000,0.012,0.000,0.004
18831,0.000,0.012,0.000,0.004
18832,0.000,0.012,0.000,0.004
18833,0.000,0.012,0.000,0.004
18834,0.000,0.012,0.000,0.004
18835,0.000,0.012,0.000,0.004
18836,0.000,0.012,0.000,0.004
18837,0.000,0.012,0.000,0.004
18838,0.000,0.012,0.000,0.004
18839,0.000,0.012,0.000,0.004
18840,0.000,0.011,0.000,0.004
18841,0.000,0.012,0.000,0.004
18842,0.000,0.012,0.000,0.004
18843,0.000,0.012,0.000,0.004
18844,0.000,0.012,0.000,0.004
18845,0.000,0.012,0.000,0.004
18846,0.000,0.012,0.000,0.004
18847,0.000,0.012,0.000,0.004
18848,0.000,0.012,0.000,0.004
18849,0.000,0.012,0.000,0.004
18850,0.000,0.012,0.000,0.004
18851,0.000,0.012,0.000,0.004
18852,0.000,0.012,0.000,0.004
18853,0.000,0.012,0.000,0.004
18854,0.000,0.012,0.000,0.004
18855,0.000,0.012,0.000,0.004
18856,0.000,0.012,0.000,0.004
18857,0.000,0.012,0.000,0.004
18858,0.000,0.012,0.000,0.004
18859,0.000,0.012,0.000,0.004
18860,0.000,0.012,0.000,0.004
18861,0.000,0.012,0.000,0.004
18862,0.000,0.012,0.000,0.004
18863,0.000,0.012,0.000,0.004
18864,0.000,0.012,0.000,0.004
18865,0.000,0.012,0.000,0.004
18866,0.000,0.012,0.000,0.004
18867,0.000,0.012,0.000,0.004
18868,0.000,0.012,0.000,0.004
18869,0.000,0.012,0.000,0.004
18870,0.000,0.012,0.000,0.004
18871,0.000,0.012,0.000,0.004
18872,0.000,0.012,0.000,0.004
18873,0.000,0.012,0.000,0.004
18874,0.000,0.012,0.000,0.004
18875,0.000,0.012,0.000,0.004
18876,0.000,0.012,0.000,0.004
18877,0.000,0.012,0.000,0.004
18878,0.000,0.012,0.000,0.004
18879,0.000,0.012,0.000,0.004
18880,0.000,0.012,0.000,0.004
18881,0.000,0.012,0.000,0.004
18882,0.000,0.012,0.000,0.004
18883,0.000,0.012,0.000,0.004
18884,0.000,0.012,0.000,0.004
18885,0.000,0.012,0.000,0.004
18886,0.000,0.012,0.000,0.004
18887,0.000,0.012,0.000,0.004
18888,0.000,0.012,0.000,0.004
18889,0.000,0.012,0.000,0.004
18890,0.000,0.012,0.000,0.004
18891,0.000,0.012,0.000,0.004
18892,0.000,0.012,0.000,0.004
18893,0.000,0.012,0.000,0.004
18894,0.000,0.012,0.000,0.004
18895,0.000,0.012,0.000,0.004
18896,0.000,0.012,0.000,0.004
18897,0.000,0.012,0.000,0.004
18898,0.000,0.012,0.000,0.004
18899,0.000,0.012,0.000,0.004
18900,0.000,0.012,0.000,0.004
18901,0.000,0.012,0.000,0.004
18902,0.000,0.012,0.000,0.004
18903,0.000,0.012,0.000,0.004
18904,0.000,0.012,0.000,0.004
18905,0.000,0.012,0.000,0.004
18906,0.000,0.012,0.000,0.004
18907,0.000,0.012,0.000,0.004
18908,0.000,0.012,0.000,0.004
18909,0.000,0.012,0.000,0.004
18910,0.000,0.012,0.000,0.004
18911,0.000,0.012,0.000,0.004
18912,0.000,0.012,0.000,0.004
18913,0.000,0.012,0.000,0.004
18914,0.000,0.012,0.000,0.004
18915,0.000,0.012,0.000,0.004
18916,0.000,0.012,0.000,0.004
18917,0.000,0.012,0.000,0.004
18918,0.000,0.012,0.000,0.004
18919,0.000,0.012,0.000,0.004
18920,0.000,0.012,0.000,0.004
18921,0.000,0.012,0.000,0.004
18922,0.000,0.012,0.000,0.004
18923,0.000,0.012,0.000,0.004
18924,0.000,0.012,0.000,0.004
18925,0.000,0.012,0.000,0.004
18926,0.000,0.012,0.000,0.004
18927,0.000,0.012,0.000,0.004
18928,0.000,0.012,0.000,0.004
18929,0.000,0.012,0.000,0.004
18930,0.000,0.012,0.000,0.004
18931,0.000,0.012,0.000,0.004
18932,0.000,0.012,0.000,0.004
18933,0.000,0.012,0.000,0.004
18934,0.000,0.012,0.000,0.004
18935,0.000,0.012,0.000,0.004
18936,0.000,0.012,0.000,0.004
18937,0.000,0.012,0.000,0.004
18938,0.000,0.012,0.000,0.004
18939,0.000,0.012,0.000,0.004
18940,0.000,0.012,0.000,0.004
18941,0.000,0.012,0.000,0.004
18942,0.000,0.012,0.000,0.004
18943,0.000,0.012,0.000,0.004
18944,0.000,0.012,0.000,0.004
18945,0.000,0.012,0.000,0.004
18946,0.000,0.012,0.000,0.004
18947,0.000,0.012,0.000,0.004
18948,0.000,0.012,0.000,0.004
18949,0.000,0.012,0.000,0.004
18950,0.000,0.012,0.000,0.004
18951,0.000,0.012,0.000,0.004
18952,0.000,0.012,0.000,0.004
18953,0.000,0.012,0.000,0.004
18954,0.000,0.012,0.000,0.004
18955,0.000,0.012,0.000,0.004
18956,0.000,0.012,0.000,0.004
18957,0.000,0.012,0.000,0.004
18958,0.000,0.012,0.000,0.004
18959,0.000,0.012,0.000,0.004
18960,0.000,0.012,0.000,0.004
18961,0.000,0.012,0.000,0.004
18962,0.000,0.012,0.000,0.004
18963,0.000,0.012,0.000,0.004
18964,0.000,0.012,0.000,0.004
18965,0.000,0.012,0.000,0.004
18966,0.000,0.012,0.000,0.004
18967,0.000,0.012,0.000,0.004
18968,0.000,0.012,0.000,0.004
18969,0.000,0.012,0.000,0.004
18970,0.000,0.012,0.000,0.004
18971,0.000,0.012,0.000,0.004
18972,0.000,0.012,0.000,0.004
18973,0.000,0.012,0.000,0.004
18974,0.000,0.012,0.000,0.004
18975,0.000,0.012,0.000,0.004
18976,0.000,0.012,0.000,0.004
18977,0.000,0.012,0.000,0.004
18978,0.000,0.012,0.000,0.004
18979,0.000,0.012,0.000,0.004
18980,0.000,0.012,0.000,0.004
18981,0.000,0.012,0.000,0.004
18982,0.000,0.012,0.000,0.004
18983,0.000,0.012,0.000,0.004
18984,0.000,0.012,0.000,0.004
18985,0.000,0.012,0.000,0.004
18986,0.000,0.012,0.000,0.004
18987,0.000,0.012,0.000,0.004
18988,0.000,0.012,0.000,0.004
18989,0.000,0.012,0.000,0.004
18990,0.000,0.012,0.000,0.004
18991,0.000,0.012,0.000,0.004
18992,0.000,0.012,0.000,0.004
18993,0.000,0.012,0.000,0.004
18994,0.000,0.012,0.000,0.004
18995,0.000,0.012,0.000,0.004
18996,0.000,0.012,0.000,0.004
18997,0.000,0.012,0.000,0.004
18998,0.000,0.012,0.000,0.004
18999,0.000,0.012,0.000,0.004
19000,0.000,0.012,0.000,0.004
19001,0.000,0.012,0.000,0.004
19002,0.000,0.012,0.000,0.004
19003,0.000,0.012,0.000,0.004
19004,0.000,0.012,0.000,0.004
19005,0.000,0.012,0.000,0.004
19006,0.000,0.012,0.000,0.004
19007,0.000,0.012,0.000,0.004
19008,0.000,0.012,0.000,0.004
19009,0.000,0.012,0.000,0.004
19010,0.000,0.012,0.000,0.004
19011,0.000,0.012,0.000,0.004
19012,0.000,0.012,0.000,0.004
19013,0.000,0.012,0.000,0.004
19014,0.000,0.012,0.000,0.004
19015,0.000,0.012,0.000,0.004
19016,0.000,0.012,0.000,0.004
19017,0.000,0.012,0.000,0.004
19018,0.000,0.012,0.000,0.004
19019,0.000,0.012,0.000,0.004
19020,0.000,0.012,0.000,0.004
19021,0.000,0.012,0.000,0.004
19022,0.000,0.012,0.000,0.004
19023,0.000,0.012,0.000,0.004
19024,0.000,0.012,0.000,0.004
19025,0.000,0.012,0.000,0.004
19026,0.000,0.012,0.000,0.004
19027,0.000,0.012,0.000,0.004
19028,0.000,0.012,0.000,0.004
19029,0.000,0.012,0.000,0.004
19030,0.000,0.012,0.000,0.004
19031,0.000,0.012,0.000,0.004
19032,0.000,0.012,0.000,0.004
19033,0.000,0.012,0.000,0.004
19034,0.000,0.012,0.000,0.004
19035,0.000,0.012,0.000,0.004
19036,0.000,0.012,0.000,0.004
19037,0.000,0.012,0.000,0.004
19038,0.000,0.012,0.000,0.004
19039,0.000,0.012,0.000,0.004
19040,0.000,0.012,0.000,0.004
19041,0.000,0.012,0.000,0.004
19042,0.000,0.012,0.000,0.004
19043,0.000,0.012,0.000,0.004
19044,0.000,0.012,0.000,0.004
19045,0.000,0.012,0.000,0.004
19046,0.000,0.012,0.000,0.004
19047,0.000,0.012,0.000,0.004
19048,0.000,0.012,0.000,0.004
19049,0.000,0.012,0.000,0.004
19050,0.000,0.012,0.000,0.004
19051,0.000,0.012,0.000,0.004
19052,0.000,0.012,0.000,0.004
19053,0.000,0.012,0.000,0.004
19054,0.000,0.012,0.000,0.004
19055,0.000,0.012,0.000,0.004
19056,0.000,0.012,0.000,0.004
19057,0.000,0.012,0.000,0.004
19058,0.000,0.012,0.000,0.004
19059,0.000,0.012,0.000,0.004
19060,0.000,0.012,0.000,0.004
19061,0.000,0.012,0.000,0.004
19062,0.000,0.012,0.000,0.004
19063,0.000,0.012,0.000,0.004
19064,0.000,0.012,0.000,0.004
19065,0.000,0.012,0.000,0.004
19066,0.000,0.012,0.000,0.004
19067,0.000,0.012,0.000,0.004
19068,0.000,0.012,0.000,0.004
19069,0.000,0.012,0.000,0.004
19070,0.000,0.012,0.000,0.004
19071,0.000,0.012,0.000,0.004
19072,0.000,0.012,0.000,0.004
19073,0.000,0.012,0.000,0.004
19074,0.000,0.012,0.000,0.004
19075,0.000,0.012,0.000,0.004
19076,0.000,0.012,0.000,0.004
19077,0.000,0.012,0.000,0.004
19078,0.000,0.012,0.000,0.004
19079,0.000,0.012,0.000,0.004
19080,0.000,0.012,0.000,0.004
19081,0.000,0.012,0.000,0.004
19082,0.000,0.012,0.000,0.004
19083,0.000,0.012,0.000,0.004
19084,0.000,0.012,0.000,0.004
19085,0.000,0.012,0.000,0.004
19086,0.000,0.012,0.000,0.004
19087,0.000,0.012,0.000,0.004
19088,0.000,0.012,0.000,0.004
19089,0.000,0.012,0.000,0.004
19090,0.000,0.012,0.000,0.004
19091,0.000,0.012,0.000,0.004
19092,0.000,0.012,0.000,0.004
19093,0.000,0.012,0.000,0.004
19094,0.000,0.012,0.000,0.004
19095,0.000,0.012,0.000,0.004
19096,0.000,0.012,0.000,0.004
19097,0.000,0.012,0.000,0.004
19098,0.000,0.012,0.000,0.004
19099,0.000,0.012,0.000,0.004
19100,0.000,0.012,0.000,0.004
19101,0.000,0.012,0.000,0.004
19102,0.000,0.012,0.000,0.004
19103,0.000,0.012,0.000,0.004
19104,0.000,0.012,0.000,0.004
19105,0.000,0.012,0.000,0.004
19106,0.000,0.012,0.000,0.004
19107,0.000,0.012,0.000,0.004
19108,0.000,0.012,0.000,0.004
19109,0.000,0.012,0.000,0.004
19110,0.000,0.012,0.000,0.004
19111,0.000,0.012,0.000,0.004
19112,0.000,0.012,0.000,0.004
19113,0.000,0.012,0.000,0.004
19114,0.000,0.012,0.000,0.004
19115,0.000,0.012,0.000,0.004
19116,0.000,0.012,0.000,0.004
19117,0.000,0.012,0.000,0.004
19118,0.000,0.012,0.000,0.004
19119,0.000,0.012,0.000,0.004
19120,0.000,0.012,0.000,0.004
19121,0.000,0.012,0.000,0.004
19122,0.000,0.012,0.000,0.004
19123,0.000,0.012,0.000,0.004
19124,0.000,0.012,0.000,0.004
19125,0.000,0.012,0.000,0.004
19126,0.000,0.012,0.000,0.004
19127,0.000,0.012,0.000,0.004
19128,0.000,0.012,0.000,0.004
19129,0.000,0.012,0.000,0.004
19130,0.000,0.012,0.000,0.004
19131,0.000,0.012,0.000,0.004
19132,0.000,0.012,0.000,0.004
19133,0.000,0.012,0.000,0.004
19134,0.000,0.012,0.000,0.004
19135,0.000,0.012,0.000,0.004
19136,0.000,0.012,0.000,0.004
19137,0.000,0.012,0.000,0.004
19138,0.000,0.012,0.000,0.004
19139,0.000,0.012,0.000,0.004
19140,0.000,0.012,0.000,0.004
19141,0.000,0.012,0.000,0.004
19142,0.000,0.012,0.000,0.004
19143,0.000,0.012,0.000,0.004
19144,0.000,0.012,0.000,0.004
19145,0.000,0.012,0.000,0.004
19146,0.000,0.012,0.000,0.004
19147,0.000,0.012,0.000,0.004
19148,0.000,0.012,0.000,0.004
19149,0.000,0.012,0.000,0.004
19150,0.000,0.012,0.000,0.004
19151,0.000,0.012,0.000,0.004
19152,0.000,0.012,0.000,0.004
19153,0.000,0.012,0.000,0.004
19154,0.000,0.012,0.000,0.004
19155,0.000,0.012,0.000,0.004
19156,0.000,0.012,0.000,0.004
19157,0.000,0.012,0.000,0.004
19158,0.000,0.012,0.000,0.004
19159,0.000,0.012,0.000,0.004
19160,0.000,0.012,0.000,0.004
19161,0.000,0.012,0.000,0.004
19162,0.000,0.012,0.000,0.004
19163,0.000,0.012,0.000,0.004
19164,0.000,0.012,0.000,0.004
19165,0.000,0.012,0.000,0.004
19166,0.000,0.012,0.000,0.004
19167,0.000,0.012,0.000,0.004
19168,0.000,0.012,0.000,0.004
19169,0.000,0.012,0.000,0.004
19170,0.000,0.012,0.000,0.004
19171,0.000,0.012,0.000,0.004
19172,0.000,0.012,0.000,0.004
19173,0.000,0.012,0.000,0.004
19174,0.000,0.012,0.000,0.004
19175,0.000,0.012,0.000,0.004
19176,0.000,0.012,0.000,0.004
19177,0.000,0.012,0.000,0.004
19178,0.000,0.012,0.000,0.004
19179,0.000,0.012,0.000,0.004
19180,0.000,0.012,0.000,0.004
19181,0.000,0.012,0.000,0.004
19182,0.000,0.012,0.000,0.004
19183,0.000,0.012,0.000,0.004
19184,0.000,0.012,0.000,0.004
19185,0.000,0.012,0.000,0.004
19186,0.000,0.012,0.000,0.004
19187,0.000,0.012,0.000,0.004
19188,0.000,0.012,0.000,0.004
19189,0.000,0.012,0.000,0.004
19190,0.000,0.012,0.000,0.004
19191,0.000,0.012,0.000,0.004
19192,0.000,0.012,0.000,0.004
19193,0.000,0.012,0.000,0.004
19194,0.000,0.012,0.000,0.004
19195,0.000,0.012,0.000,0.004
19196,0.000,0.012,0.000,0.004
19197,0.000,0.012,0.000,0.004
19198,0.000,0.012,0.000,0.004
19199,0.000,0.012,0.000,0.004
19200,0.000,0.012,0.000,0.004
19201,0.000,0.012,0.000,0.004
19202,0.000,0.012,0.000,0.004
19203,0.000,0.012,0.000,0.004
19204,0.000,0.012,0.000,0.004
19205,0.000,0.012,0.000,0.004
19206,0.000,0.012,0.000,0.004
19207,0.000,0.012,0.000,0.004
19208,0.000,0.012,0.000,0.004
19209,0.000,0.012,0.000,0.004
19210,0.000,0.012,0.000,0.004
19211,0.000,0.012,0.000,0.004
19212,0.000,0.012,0.000,0.004
19213,0.000,0.012,0.000,0.004
19214,0.000,0.012,0.000,0.004
19215,0.000,0.012,0.000,0.004
19216,0.000,0.012,0.000,0.004
19217,0.000,0.012,0.000,0.004
19218,0.000,0.012,0.000,0.004
19219,0.000,0.012,0.000,0.004
19220,0.000,0.012,0.000,0.004
19221,0.000,0.012,0.000,0.004
19222,0.000,0.012,0.000,0.004
19223,0.000,0.012,0.000,0.004
19224,0.000,0.012,0.000,0.004
19225,0.000,0.012,0.000,0.004
19226,0.000,0.012,0.000,0.004
19227,0.000,0.012,0.000,0.004
19228,0.000,0.012,0.000,0.004
19229,0.000,0.012,0.000,0.004
19230,0.000,0.012,0.000,0.004
19231,0.000,0.012,0.000,0.004
19232,0.000,0.012,0.000,0.004
19233,0.000,0.012,0.000,0.004
19234,0.000,0.012,0.000,0.004
19235,0.000,0.012,0.000,0.004
19236,0.000,0.012,0.000,0.004
19237,0.000,0.012,0.000,0.004
19238,0.000,0.012,0.000,0.004
19239,0.000,0.012,0.000,0.004
19240,0.000,0.012,0.000,0.004
19241,0.000,0.012,0.000,0.004
19242,0.000,0.012,0.000,0.004
19243,0.000,0.012,0.000,0.004
19244,0.000,0.012,0.000,0.004
19245,0.000,0.012,0.000,0.004
19246,0.000,0.012,0.000,0.004
19247,0.000,0.012,0.000,0.004
19248,0.000,0.012,0.000,0.004
19249,0.000,0.012,0.000,0.004
19250,0.000,0.012,0.000,0.004
19251,0.000,0.012,0.000,0.004
19252,0.000,0.012,0.000,0.004
19253,0.000,0.012,0.000,0.004
19254,0.000,0.012,0.000,0.004
19255,0.000,0.012,0.000,0.004
19256,0.000,0.012,0.000,0.004
19257,0.000,0.012,0.000,0.004
19258,0.000,0.012,0.000,0.004
19259,0.000,0.012,0.000,0.004
19260,0.000,0.012,0.000,0.004
19261,0.000,0.012,0.000,0.004
19262,0.000,0.012,0.000,0.004
19263,0.000,0.012,0.000,0.004
19264,0.000,0.012,0.000,0.004
19265,0.000,0.012,0.000,0.004
19266,0.000,0.012,0.000,0.004
19267,0.000,0.012,0.000,0.004
19268,0.000,0.012,0.000,0.004
19269,0.000,0.012,0.000,0.004
19270,0.000,0.012,0.000,0.004
19271,0.000,0.012,0.000,0.004
19272,0.000,0.012,0.000,0.004
19273,0.000,0.012,0.000,0.004
19274,0.000,0.012,0.000,0.004
19275,0.000,0.012,0.000,0.004
19276,0.000,0.012,0.000,0.004
19277,0.000,0.012,0.000,0.004
19278,0.000,0.012,0.000,0.004
19279,0.000,0.012,0.000,0.004
19280,0.000,0.012,0.000,0.004
19281,0.000,0.012,0.000,0.004
19282,0.000,0.012,0.000,0.004
19283,0.000,0.012,0.000,0.004
19284,0.000,0.012,0.000,0.004
19285,0.000,0.012,0.000,0.004
19286,0.000,0.012,0.000,0.004
19287,0.000,0.012,0.000,0.004
19288,0.000,0.012,0.000,0.004
19289,0.000,0.012,0.000,0.004
19290,0.000,0.012,0.000,0.004
19291,0.000,0.012,0.000,0.004
19292,0.000,0.012,0.000,0.004
19293,0.000,0.012,0.000,0.004
19294,0.000,0.012,0.000,0.004
19295,0.000,0.012,0.000,0.004
19296,0.000,0.012,0.000,0.004
19297,0.000,0.012,0.000,0.004
19298,0.000,0.012,0.000,0.004
19299,0.000,0.012,0.000,0.004
19300,0.000,0.012,0.000,0.004
19301,0.000,0.012,0.000,0.004
19302,0.000,0.012,0.000,0.004
19303,0.000,0.012,0.000,0.004
19304,0.000,0.012,0.000,0.004
19305,0.000,0.012,0.000,0.004
19306,0.000,0.012,0.000,0.004
19307,0.000,0.012,0.000,0.004
19308,0.000,0.012,0.000,0.004
19309,0.000,0.012,0.000,0.004
19310,0.000,0.012,0.000,0.004
19311,0.000,0.012,0.000,0.004
19312,0.000,0.012,0.000,0.004
19313,0.000,0.012,0.000,0.004
19314,0.000,0.012,0.000,0.004
19315,0.000,0.012,0.000,0.004
19316,0.000,0.012,0.000,0.004
19317,0.000,0.012,0.000,0.004
19318,0.000,0.012,0.000,0.004
19319,0.000,0.012,0.000,0.004
19320,0.000,0.012,0.000,0.004
19321,0.000,0.012,0.000,0.004
19322,0.000,0.012,0.000,0.004
19323,0.000,0.012,0.000,0.004
19324,0.000,0.012,0.000,0.004
19325,0.000,0.012,0.000,0.004
19326,0.000,0.012,0.000,0.004
19327,0.000,0.012,0.000,0.004
19328,0.000,0.012,0.000,0.004
19329,0.000,0.012,0.000,0.004
19330,0.000,0.012,0.000,0.004
19331,0.000,0.012,0.000,0.004
19332,0.000,0.012,0.000,0.004
19333,0.000,0.012,0.000,0.004
19334,0.000,0.012,0.000,0.004
19335,0.000,0.012,0.000,0.004
19336,0.000,0.012,0.000,0.004
19337,0.000,0.012,0.000,0.004
19338,0.000,0.012,0.000,0.004
19339,0.000,0.012,0.000,0.004
19340,0.000,0.012,0.000,0.004
19341,0.000,0.012,0.000,0.004
19342,0.000,0.012,0.000,0.004
19343,0.000,0.012,0.000,0.004
19344,0.000,0.012,0.000,0.004
19345,0.000,0.012,0.000,0.004
19346,0.000,0.012,0.000,0.004
19347,0.000,0.012,0.000,0.004
19348,0.000,0.012,0.000,0.004
19349,0.000,0.012,0.000,0.004
19350,0.000,0.012,0.000,0.004
19351,0.000,0.012,0.000,0.004
19352,0.000,0.012,0.000,0.004
19353,0.000,0.012,0.000,0.004
19354,0.000,0.012,0.000,0.004
19355,0.000,0.012,0.000,0.004
19356,0.000,0.012,0.000,0.004
19357,0.000,0.012,0.000,0.004
19358,0.000,0.012,0.000,0.004
19359,0.000,0.012,0.000,0.004
19360,0.000,0.012,0.000,0.004
19361,0.000,0.012,0.000,0.004
19362,0.000,0.012,0.000,0.004
19363,0.000,0.012,0.000,0.004
19364,0.000,0.012,0.000,0.004
19365,0.000,0.012,0.000,0.004
19366,0.000,0.012,0.000,0.004
19367,0.000,0.012,0.000,0.004
19368,0.000,0.012,0.000,0.004
19369,0.000,0.012,0.000,0.004
19370,0.000,0.012,0.000,0.004
19371,0.000,0.012,0.000,0.004
19372,0.000,0.012,0.000,0.004
19373,0.000,0.012,0.000,0.004
19374,0.000,0.012,0.000,0.004
19375,0.000,0.012,0.000,0.004
19376,0.000,0.012,0.000,0.004
19377,0.000,0.012,0.000,0.004
19378,0.000,0.012,0.000,0.004
19379,0.000,0.012,0.000,0.004
19380,0.000,0.012,0.000,0.004
19381,0.000,0.012,0.000,0.004
19382,0.000,0.012,0.000,0.004
19383,0.000,0.012,0.000,0.004
19384,0.000,0.012,0.000,0.004
19385,0.000,0.012,0.000,0.004
19386,0.000,0.012,0.000,0.004
19387,0.000,0.012,0.000,0.004
19388,0.000,0.012,0.000,0.004
19389,0.000,0.012,0.000,0.004
19390,0.000,0.012,0.000,0.004
19391,0.000,0.012,0.000,0.004
19392,0.000,0.012,0.000,0.004
19393,0.000,0.012,0.000,0.004
19394,0.000,0.012,0.000,0.004
19395,0.000,0.012,0.000,0.004
19396,0.000,0.012,0.000,0.004
19397,0.000,0.012,0.000,0.004
19398,0.000,0.012,0.000,0.004
19399,0.000,0.012,0.000,0.004
19400,0.000,0.012,0.000,0.004
19401,0.000,0.012,0.000,0.004
19402,0.000,0.012,0.000,0.004
19403,0.000,0.012,0.000,0.004
19404,0.000,0.012,0.000,0.004
19405,0.000,0.012,0.000,0.004
19406,0.000,0.012,0.000,0.004
19407,0.000,0.012,0.000,0.004
19408,0.000,0.012,0.000,0.004
19409,0.000,0.012,0.000,0.004
19410,0.000,0.012,0.000,0.004
19411,0.000,0.012,0.000,0.004
19412,0.000,0.012,0.000,0.004
19413,0.000,0.012,0.000,0.004
19414,0.000,0.012,0.000,0.004
19415,0.000,0.012,0.000,0.004
19416,0.000,0.012,0.000,0.004
19417,0.000,0.012,0.000,0.004
19418,0.000,0.012,0.000,0.004
19419,0.000,0.012,0.000,0.004
19420,0.000,0.012,0.000,0.004
19421,0.000,0.012,0.000,0.004
19422,0.000,0.012,0.000,0.004
19423,0.000,0.012,0.000,0.004
19424,0.000,0.012,0.000,0.004
19425,0.000,0.012,0.000,0.004
19426,0.000,0.012,0.000,0.004
19427,0.000,0.012,0.000,0.004
19428,0.000,0.012,0.000,0.004
19429,0.000,0.012,0.000,0.004
19430,0.000,0.012,0.000,0.004
19431,0.000,0.012,0.000,0.004
19432,0.000,0.012,0.000,0.004
19433,0.000,0.012,0.000,0.004
19434,0.000,0.012,0.000,0.004
19435,0.000,0.012,0.000,0.004
19436,0.000,0.012,0.000,0.004
19437,0.000,0.012,0.000,0.004
19438,0.000,0.012,0.000,0.004
19439,0.000,0.012,0.000,0.004
19440,0.000,0.012,0.000,0.004
19441,0.000,0.012,0.000,0.004
19442,0.000,0.012,0.000,0.004
19443,0.000,0.012,0.000,0.004
19444,0.000,0.012,0.000,0.004
19445,0.000,0.012,0.000,0.004
19446,0.000,0.012,0.000,0.004
19447,0.000,0.012,0.000,0.004
19448,0.000,0.012,0.000,0.004
19449,0.000,0.012,0.000,0.004
19450,0.000,0.012,0.000,0.004
19451,0.000,0.012,0.000,0.004
19452,0.000,0.012,0.000,0.004
19453,0.000,0.012,0.000,0.004
19454,0.000,0.012,0.000,0.004
19455,0.000,0.012,0.000,0.004
19456,0.000,0.012,0.000,0.004
19457,0.000,0.012,0.000,0.004
19458,0.000,0.012,0.000,0.004
19459,0.000,0.012,0.000,0.004
19460,0.000,0.012,0.000,0.004
19461,0.000,0.012,0.000,0.004
19462,0.000,0.012,0.000,0.004
19463,0.000,0.012,0.000,0.004
19464,0.000,0.012,0.000,0.004
19465,0.000,0.012,0.000,0.004
19466,0.000,0.012,0.000,0.004
19467,0.000,0.012,0.000,0.004
19468,0.000,0.012,0.000,0.004
19469,0.000,0.012,0.000,0.004
19470,0.000,0.012,0.000,0.004
19471,0.000,0.012,0.000,0.004
19472,0.000,0.012,0.000,0.004
19473,0.000,0.012,0.000,0.004
19474,0.000,0.012,0.000,0.004
19475,0.000,0.012,0.000,0.004
19476,0.000,0.012,0.000,0.004
19477,0.000,0.012,0.000,0.004
19478,0.000,0.012,0.000,0.004
19479,0.000,0.012,0.000,0.004
19480,0.000,0.012,0.000,0.004
19481,0.000,0.012,0.000,0.004
19482,0.000,0.012,0.000,0.004
19483,0.000,0.012,0.000,0.004
19484,0.000,0.012,0.000,0.004
19485,0.000,0.012,0.000,0.004
19486,0.000,0.012,0.000,0.004
19487,0.000,0.012,0.000,0.004
19488,0.000,0.012,0.000,0.004
19489,0.000,0.012,0.000,0.004
19490,0.000,0.012,0.000,0.004
19491,0.000,0.012,0.000,0.004
19492,0.000,0.012,0.000,0.004
19493,0.000,0.012,0.000,0.004
19494,0.000,0.012,0.000,0.004
19495,0.000,0.012,0.000,0.004
19496,0.000,0.012,0.000,0.004
19497,0.000,0.012,0.000,0.004
19498,0.000,0.012,0.000,0.004
19499,0.000,0.012,0.000,0.004
19500,0.000,0.012,0.000,0.004
19501,0.000,0.012,0.000,0.004
19502,0.000,0.012,0.000,0.004
19503,0.000,0.012,0.000,0.004
19504,0.000,0.012,0.000,0.004
19505,0.000,0.012,0.000,0.004
19506,0.000,0.012,0.000,0.004
19507,0.000,0.012,0.000,0.004
19508,0.000,0.012,0.000,0.004
19509,0.000,0.012,0.000,0.004
19510,0.000,0.012,0.000,0.004
19511,0.000,0.012,0.000,0.004
19512,0.000,0.012,0.000,0.004
19513,0.000,0.012,0.000,0.004
19514,0.000,0.012,0.000,0.004
19515,0.000,0.012,0.000,0.004
19516,0.000,0.012,0.000,0.004
19517,0.000,0.012,0.000,0.004
19518,0.000,0.012,0.000,0.004
19519,0.000,0.012,0.000,0.004
19520,0.000,0.012,0.000,0.004
19521,0.000,0.012,0.000,0.004
19522,0.000,0.012,0.000,0.004
19523,0.000,0.012,0.000,0.004
19524,0.000,0.012,0.000,0.004
19525,0.000,0.012,0.000,0.004
19526,0.000,0.012,0.000,0.004
19527,0.000,0.012,0.000,0.004
19528,0.000,0.012,0.000,0.004
19529,0.000,0.012,0.000,0.004
19530,0.000,0.012,0.000,0.004
19531,0.000,0.012,0.000,0.004
19532,0.000,0.012,0.000,0.004
19533,0.000,0.012,0.000,0.004
19534,0.000,0.012,0.000,0.004
19535,0.000,0.012,0.000,0.004
19536,0.000,0.012,0.000,0.004
19537,0.000,0.012,0.000,0.004
19538,0.000,0.012,0.000,0.004
19539,0.000,0.012,0.000,0.004
19540,0.000,0.012,0.000,0.004
19541,0.000,0.012,0.000,0.004
19542,0.000,0.012,0.000,0.004
19543,0.000,0.012,0.000,0.004
19544,0.000,0.012,0.000,0.004
19545,0.000,0.012,0.000,0.004
19546,0.000,0.012,0.000,0.004
19547,0.000,0.012,0.000,0.004
19548,0.000,0.012,0.000,0.004
19549,0.000,0.012,0.000,0.004
19550,0.000,0.012,0.000,0.004
19551,0.000,0.012,0.000,0.004
19552,0.000,0.012,0.000,0.004
19553,0.000,0.012,0.000,0.004
19554,0.000,0.012,0.000,0.004
19555,0.000,0.012,0.000,0.004
19556,0.000,0.012,0.000,0.004
19557,0.000,0.012,0.000,0.004
19558,0.000,0.012,0.000,0.004
19559,0.000,0.012,0.000,0.004
19560,0.000,0.012,0.000,0.004
19561,0.000,0.012,0.000,0.004
19562,0.000,0.012,0.000,0.004
19563,0.000,0.012,0.000,0.004
19564,0.000,0.012,0.000,0.004
19565,0.000,0.012,0.000,0.004
19566,0.000,0.012,0.000,0.004
19567,0.000,0.012,0.000,0.004
19568,0.000,0.012,0.000,0.004
19569,0.000,0.012,0.000,0.004
19570,0.000,0.012,0.000,0.004
19571,0.000,0.012,0.000,0.004
19572,0.000,0.012,0.000,0.004
19573,0.000,0.012,0.000,0.004
19574,0.000,0.012,0.000,0.004
19575,0.000,0.012,0.000,0.004
19576,0.000,0.012,0.000,0.004
19577,0.000,0.012,0.000,0.004
19578,0.000,0.012,0.000,0.004
19579,0.000,0.012,0.000,0.004
19580,0.000,0.012,0.000,0.004
19581,0.000,0.012,0.000,0.004
19582,0.000,0.012,0.000,0.004
19583,0.000,0.012,0.000,0.004
19584,0.000,0.012,0.000,0.004
19585,0.000,0.012,0.000,0.004
19586,0.000,0.012,0.000,0.004
19587,0.000,0.012,0.000,0.004
19588,0.000,0.012,0.000,0.004
19589,0.000,0.012,0.000,0.004
19590,0.000,0.012,0.000,0.004
19591,0.000,0.012,0.000,0.004
19592,0.000,0.012,0.000,0.004
19593,0.000,0.012,0.000,0.004
19594,0.000,0.012,0.000,0.004
19595,0.000,0.012,0.000,0.004
19596,0.000,0.012,0.000,0.004
19597,0.000,0.012,0.000,0.004
19598,0.000,0.012,0.000,0.004
19599,0.000,0.012,0.000,0.004
19600,0.000,0.012,0.000,0.004
19601,0.000,0.012,0.000,0.004
19602,0.000,0.012,0.000,0.004
19603,0.000,0.012,0.000,0.004
19604,0.000,0.012,0.000,0.004
19605,0.000,0.012,0.000,0.004
19606,0.000,0.012,0.000,0.004
19607,0.000,0.012,0.000,0.004
19608,0.000,0.012,0.000,0.004
19609,0.000,0.012,0.000,0.004
19610,0.000,0.012,0.000,0.004
19611,0.000,0.012,0.000,0.004
19612,0.000,0.012,0.000,0.004
19613,0.000,0.012,0.000,0.004
19614,0.000,0.012,0.000,0.004
19615,0.000,0.012,0.000,0.004
19616,0.000,0.012,0.000,0.004
19617,0.000,0.012,0.000,0.004
19618,0.000,0.012,0.000,0.004
19619,0.000,0.012,0.000,0.004
19620,0.000,0.012,0.000,0.004
19621,0.000,0.012,0.000,0.004
19622,0.000,0.012,0.000,0.004
19623,0.000,0.012,0.000,0.004
19624,0.000,0.012,0.000,0.004
19625,0.000,0.012,0.000,0.004
19626,0.000,0.012,0.000,0.004
19627,0.000,0.012,0.000,0.004
19628,0.000,0.012,0.000,0.004
19629,0.000,0.012,0.000,0.004
19630,0.000,0.012,0.000,0.004
19631,0.000,0.012,0.000,0.004
19632,0.000,0.012,0.000,0.004
19633,0.000,0.012,0.000,0.004
19634,0.000,0.012,0.000,0.004
19635,0.000,0.012,0.000,0.004
19636,0.000,0.012,0.000,0.004
19637,0.000,0.012,0.000,0.004
19638,0.000,0.012,0.000,0.004
19639,0.000,0.012,0.000,0.004
19640,0.000,0.012,0.000,0.004
19641,0.000,0.012,0.000,0.004
19642,0.000,0.012,0.000,0.004
19643,0.000,0.012,0.000,0.004
19644,0.000,0.012,0.000,0.004
19645,0.000,0.012,0.000,0.004
19646,0.000,0.012,0.000,0.004
19647,0.000,0.012,0.000,0.004
19648,0.000,0.012,0.000,0.004
19649,0.000,0.012,0.000,0.004
19650,0.000,0.012,0.000,0.004
19651,0.000,0.012,0.000,0.004
19652,0.000,0.012,0.000,0.004
19653,0.000,0.012,0.000,0.004
19654,0.000,0.012,0.000,0.004
19655,0.000,0.012,0.000,0.004
19656,0.000,0.012,0.000,0.004
19657,0.000,0.012,0.000,0.004
19658,0.000,0.012,0.000,0.004
19659,0.000,0.012,0.000,0.004
19660,0.000,0.012,0.000,0.004
19661,0.000,0.012,0.000,0.004
19662,0.000,0.012,0.000,0.004
19663,0.000,0.012,0.000,0.004
19664,0.000,0.012,0.000,0.004
19665,0.000,0.012,0.000,0.004
19666,0.000,0.012,0.000,0.004
19667,0.000,0.012,0.000,0.004
19668,0.000,0.012,0.000,0.004
19669,0.000,0.012,0.000,0.004
19670,0.000,0.012,0.000,0.004
19671,0.000,0.012,0.000,0.004
19672,0.000,0.012,0.000,0.004
19673,0.000,0.012,0.000,0.004
19674,0.000,0.012,0.000,0.004
19675,0.000,0.012,0.000,0.004
19676,0.000,0.012,0.000,0.004
19677,0.000,0.012,0.000,0.004
19678,0.000,0.012,0.000,0.004
19679,0.000,0.012,0.000,0.004
19680,0.000,0.012,0.000,0.004
19681,0.000,0.012,0.000,0.004
19682,0.000,0.012,0.000,0.004
19683,0.000,0.012,0.000,0.004
19684,0.000,0.012,0.000,0.004
19685,0.000,0.012,0.000,0.004
19686,0.000,0.012,0.000,0.004
19687,0.000,0.012,0.000,0.004
19688,0.000,0.012,0.000,0.004
19689,0.000,0.012,0.000,0.004
19690,0.000,0.012,0.000,0.004
19691,0.000,0.012,0.000,0.004
19692,0.000,0.012,0.000,0.004
19693,0.000,0.012,0.000,0.004
19694,0.000,0.012,0.000,0.004
19695,0.000,0.012,0.000,0.004
19696,0.000,0.012,0.000,0.004
19697,0.000,0.012,0.000,0.004
19698,0.000,0.012,0.000,0.004
19699,0.000,0.012,0.000,0.004
19700,0.000,0.012,0.000,0.004
19701,0.000,0.012,0.000,0.004
19702,0.000,0.012,0.000,0.004
19703,0.000,0.012,0.000,0.004
19704,0.000,0.012,0.000,0.004
19705,0.000,0.012,0.000,0.004
19706,0.000,0.012,0.000,0.004
19707,0.000,0.012,0.000,0.004
19708,0.000,0.012,0.000,0.004
19709,0.000,0.012,0.000,0.004
19710,0.000,0.012,0.000,0.004
19711,0.000,0.012,0.000,0.004
19712,0.000,0.012,0.000,0.004
19713,0.000,0.012,0.000,0.004
19714,0.000,0.012,0.000,0.004
19715,0.000,0.012,0.000,0.004
19716,0.000,0.012,0.000,0.004
19717,0.000,0.012,0.000,0.004
19718,0.000,0.012,0.000,0.004
19719,0.000,0.012,0.000,0.004
19720,0.000,0.012,0.000,0.004
19721,0.000,0.012,0.000,0.004
19722,0.000,0.012,0.000,0.004
19723,0.000,0.012,0.000,0.004
19724,0.000,0.012,0.000,0.004
19725,0.000,0.012,0.000,0.004
19726,0.000,0.012,0.000,0.004
19727,0.000,0.012,0.000,0.004
19728,0.000,0.012,0.000,0.004
19729,0.000,0.012,0.000,0.004
19730,0.000,0.012,0.000,0.004
19731,0.000,0.012,0.000,0.004
19732,0.000,0.012,0.000,0.004
19733,0.000,0.012,0.000,0.004
19734,0.000,0.012,0.000,0.004
19735,0.000,0.012,0.000,0.004
19736,0.000,0.012,0.000,0.004
19737,0.000,0.012,0.000,0.004
19738,0.000,0.012,0.000,0.004
19739,0.000,0.012,0.000,0.004
19740,0.000,0.012,0.000,0.004
19741,0.000,0.012,0.000,0.004
19742,0.000,0.012,0.000,0.004
19743,0.000,0.012,0.000,0.004
19744,0.000,0.012,0.000,0.004
19745,0.000,0.012,0.000,0.004
19746,0.000,0.012,0.000,0.004
19747,0.000,0.012,0.000,0.004
19748,0.000,0.012,0.000,0.004
19749,0.000,0.012,0.000,0.004
19750,0.000,0.012,0.000,0.004
19751,0.000,0.012,0.000,0.004
19752,0.000,0.012,0.000,0.004
19753,0.000,0.012,0.000,0.004
19754,0.000,0.012,0.000,0.004
19755,0.000,0.012,0.000,0.004
19756,0.000,0.012,0.000,0.004
19757,0.000,0.012,0.000,0.004
19758,0.000,0.012,0.000,0.004
19759,0.000,0.012,0.000,0.004
19760,0.000,0.012,0.000,0.004
19761,0.000,0.012,0.000,0.004
19762,0.000,0.012,0.000,0.004
19763,0.000,0.012,0.000,0.004
19764,0.000,0.012,0.000,0.004
19765,0.000,0.012,0.000,0.004
19766,0.000,0.012,0.000,0.004
19767,0.000,0.012,0.000,0.004
19768,0.000,0.012,0.000,0.004
19769,0.000,0.012,0.000,0.004
19770,0.000,0.012,0.000,0.004
19771,0.000,0.012,0.000,0.004
19772,0.000,0.012,0.000,0.004
19773,0.000,0.012,0.000,0.004
19774,0.000,0.012,0.000,0.004
19775,0.000,0.012,0.000,0.004
19776,0.000,0.012,0.000,0.004
19777,0.000,0.012,0.000,0.004
19778,0.000,0.012,0.000,0.004
19779,0.000,0.012,0.000,0.004
19780,0.000,0.012,0.000,0.004
19781,0.000,0.012,0.000,0.004
19782,0.000,0.012,0.000,0.004
19783,0.000,0.012,0.000,0.004
19784,0.000,0.012,0.000,0.004
19785,0.000,0.012,0.000,0.004
19786,0.000,0.012,0.000,0.004
19787,0.000,0.012,0.000,0.004
19788,0.000,0.012,0.000,0.004
19789,0.000,0.012,0.000,0.004
19790,0.000,0.012,0.000,0.004
19791,0.000,0.012,0.000,0.004
19792,0.000,0.012,0.000,0.004
19793,0.000,0.012,0.000,0.004
19794,0.000,0.012,0.000,0.004
19795,0.000,0.012,0.000,0.004
19796,0.000,0.012,0.000,0.004
19797,0.000,0.012,0.000,0.004
19798,0.000,0.012,0.000,0.004
19799,0.000,0.012,0.000,0.004
19800,0.000,0.012,0.000,0.004
19801,0.000,0.012,0.000,0.004
19802,0.000,0.012,0.000,0.004
19803,0.000,0.012,0.000,0.004
19804,0.000,0.012,0.000,0.004
19805,0.000,0.012,0.000,0.004
19806,0.000,0.012,0.000,0.004
19807,0.000,0.012,0.000,0.004
19808,0.000,0.012,0.000,0.004
19809,0.000,0.012,0.000,0.004
19810,0.000,0.012,0.000,0.004
19811,0.000,0.012,0.000,0.004
19812,0.000,0.012,0.000,0.004
19813,0.000,0.012,0.000,0.004
19814,0.000,0.012,0.000,0.004
19815,0.000,0.012,0.000,0.004
19816,0.000,0.012,0.000,0.004
19817,0.000,0.012,0.000,0.004
19818,0.000,0.012,0.000,0.004
19819,0.000,0.012,0.000,0.004
19820,0.000,0.012,0.000,0.004
19821,0.000,0.012,0.000,0.004
19822,0.000,0.012,0.000,0.004
19823,0.000,0.012,0.000,0.004
19824,0.000,0.012,0.000,0.004
19825,0.000,0.012,0.000,0.004
19826,0.000,0.012,0.000,0.004
19827,0.000,0.012,0.000,0.004
19828,0.000,0.012,0.000,0.004
19829,0.000,0.012,0.000,0.004
19830,0.000,0.012,0.000,0.004
19831,0.000,0.012,0.000,0.004
19832,0.000,0.012,0.000,0.004
19833,0.000,0.012,0.000,0.004
19834,0.000,0.012,0.000,0.004
19835,0.000,0.012,0.000,0.004
19836,0.000,0.012,0.000,0.004
19837,0.000,0.012,0.000,0.004
19838,0.000,0.012,0.000,0.004
19839,0.000,0.012,0.000,0.004
19840,0.000,0.012,0.000,0.004
19841,0.000,0.012,0.000,0.004
19842,0.000,0.012,0.000,0.004
19843,0.000,0.012,0.000,0.004
19844,0.000,0.012,0.000,0.004
19845,0.000,0.012,0.000,0.004
19846,0.000,0.012,0.000,0.004
19847,0.000,0.012,0.000,0.004
19848,0.000,0.012,0.000,0.004
19849,0.000,0.012,0.000,0.004
19850,0.000,0.012,0.000,0.004
19851,0.000,0.012,0.000,0.004
19852,0.000,0.012,0.000,0.004
19853,0.000,0.012,0.000,0.004
19854,0.000,0.012,0.000,0.004
19855,0.000,0.012,0.000,0.004
19856,0.000,0.012,0.000,0.004
19857,0.000,0.012,0.000,0.004
19858,0.000,0.012,0.000,0.004
19859,0.000,0.012,0.000,0.004
19860,0.000,0.012,0.000,0.004
19861,0.000,0.012,0.000,0.004
19862,0.000,0.012,0.000,0.004
19863,0.000,0.012,0.000,0.004
19864,0.000,0.012,0.000,0.004
19865,0.000,0.012,0.000,0.004
19866,0.000,0.012,0.000,0.004
19867,0.000,0.012,0.000,0.004
19868,0.000,0.012,0.000,0.004
19869,0.000,0.012,0.000,0.004
19870,0.000,0.012,0.000,0.004
19871,0.000,0.012,0.000,0.004
19872,0.000,0.012,0.000,0.004
19873,0.000,0.012,0.000,0.004
19874,0.000,0.012,0.000,0.004
19875,0.000,0.012,0.000,0.004
19876,0.000,0.012,0.000,0.004
19877,0.000,0.012,0.000,0.004
19878,0.000,0.012,0.000,0.004
19879,0.000,0.012,0.000,0.004
19880,0.000,0.012,0.000,0.004
19881,0.000,0.012,0.000,0.004
19882,0.000,0.012,0.000,0.004
19883,0.000,0.012,0.000,0.004
19884,0.000,0.012,0.000,0.004
19885,0.000,0.012,0.000,0.004
19886,0.000,0.012,0.000,0.004
19887,0.000,0.012,0.000,0.004
19888,0.000,0.012,0.000,0.004
19889,0.000,0.012,0.000,0.004
19890,0.000,0.012,0.000,0.004
19891,0.000,0.012,0.000,0.004
19892,0.000,0.012,0.000,0.004
19893,0.000,0.012,0.000,0.004
19894,0.000,0.012,0.000,0.004
19895,0.000,0.012,0.000,0.004
19896,0.000,0.012,0.000,0.004
19897,0.000,0.012,0.000,0.004
19898,0.000,0.012,0.000,0.004
19899,0.000,0.012,0.000,0.004
19900,0.000,0.012,0.000,0.004
19901,0.000,0.012,0.000,0.004
19902,0.000,0.012,0.000,0.004
19903,0.000,0.012,0.000,0.004
19904,0.000,0.012,0.000,0.004
19905,0.000,0.012,0.000,0.004
19906,0.000,0.012,0.000,0.004
19907,0.000,0.012,0.000,0.004
19908,0.000,0.012,0.000,0.004
19909,0.000,0.012,0.000,0.004
19910,0.000,0.012,0.000,0.004
19911,0.000,0.012,0.000,0.004
19912,0.000,0.012,0.000,0.004
19913,0.000,0.012,0.000,0.004
19914,0.000,0.012,0.000,0.004
19915,0.000,0.012,0.000,0.004
19916,0.000,0.012,0.000,0.004
19917,0.000,0.012,0.000,0.004
19918,0.000,0.012,0.000,0.004
19919,0.000,0.012,0.000,0.004
19920,0.000,0.012,0.000,0.004
19921,0.000,0.012,0.000,0.004
19922,0.000,0.012,0.000,0.004
19923,0.000,0.012,0.000,0.004
19924,0.000,0.012,0.000,0.004
19925,0.000,0.012,0.000,0.004
19926,0.000,0.012,0.000,0.004
19927,0.000,0.012,0.000,0.004
19928,0.000,0.012,0.000,0.004
19929,0.000,0.012,0.000,0.004
19930,0.000,0.012,0.000,0.004
19931,0.000,0.012,0.000,0.004
19932,0.000,0.012,0.000,0.004
19933,0.000,0.012,0.000,0.004
19934,0.000,0.012,0.000,0.004
19935,0.000,0.012,0.000,0.004
19936,0.000,0.012,0.000,0.004
19937,0.000,0.012,0.000,0.004
19938,0.000,0.012,0.000,0.004
19939,0.000,0.012,0.000,0.004
19940,0.000,0.012,0.000,0.004
19941,0.000,0.012,0.000,0.004
19942,0.000,0.012,0.000,0.004
19943,0.000,0.012,0.000,0.004
19944,0.000,0.012,0.000,0.004
19945,0.000,0.012,0.000,0.004
19946,0.000,0.012,0.000,0.004
19947,0.000,0.012,0.000,0.004
19948,0.000,0.012,0.000,0.004
19949,0.000,0.012,0.000,0.004
19950,0.000,0.012,0.000,0.004
19951,0.000,0.012,0.000,0.004
19952,0.000,0.012,0.000,0.004
19953,0.000,0.012,0.000,0.004
19954,0.000,0.012,0.000,0.004
19955,0.000,0.012,0.000,0.004
19956,0.000,0.012,0.000,0.004
19957,0.000,0.012,0.000,0.004
19958,0.000,0.012,0.000,0.004
19959,0.000,0.012,0.000,0.004
19960,0.000,0.012,0.000,0.004
19961,0.000,0.012,0.000,0.004
19962,0.000,0.012,0.000,0.004
19963,0.000,0.012,0.000,0.004
19964,0.000,0.012,0.000,0.004
19965,0.000,0.012,0.000,0.004
19966,0.000,0.012,0.000,0.004
19967,0.000,0.012,0.000,0.004
19968,0.000,0.012,0.000,0.004
19969,0.000,0.012,0.000,0.004
19970,0.000,0.012,0.000,0.004
19971,0.000,0.012,0.000,0.004
19972,0.000,0.012,0.000,0.004
19973,0.000,0.012,0.000,0.004
19974,0.000,0.012,0.000,0.004
19975,0.000,0.012,0.000,0.004
19976,0.000,0.012,0.000,0.004
19977,0.000,0.012,0.000,0.004
19978,0.000,0.012,0.000,0.004
19979,0.000,0.012,0.000,0.004
19980,0.000,0.012,0.000,0.004
19981,0.000,0.012,0.000,0.004
19982,0.000,0.012,0.000,0.004
19983,0.000,0.012,0.000,0.004
19984,0.000,0.012,0.000,0.004
19985,0.000,0.012,0.000,0.004
19986,0.000,0.012,0.000,0.004
19987,0.000,0.012,0.000,0.004
19988,0.000,0.012,0.000,0.004
19989,0.000,0.012,0.000,0.004
19990,0.000,0.012,0.000,0.004
19991,0.000,0.012,0.000,0.004
19992,0.000,0.012,0.000,0.004
19993,0.000,0.012,0.000,0.004
19994,0.000,0.012,0.000,0.004
19995,0.000,0.012,0.000,0.004
19996,0.000,0.012,0.000,0.004
19997,0.000,0.012,0.000,0.004
19998,0.000,0.012,0.000,0.004
19999,0.000,0.012,0.000,0.004
20000,0.000,0.012,0.000,0.004
20001,0.000,0.012,0.000,0.004
20002,0.000,0.012,0.000,0.004
20003,0.000,0.012,0.000,0.004
20004,0.000,0.012,0.000,0.004
20005,0.000,0.012,0.000,0.004
20006,0.000,0.012,0.000,0.004
20007,0.000,0.012,0.000,0.004
20008,0.000,0.012,0.000,0.004
20009,0.000,0.012,0.000,0.004
20010,0.000,0.012,0.000,0.004
20011,0.000,0.012,0.000,0.004
20012,0.000,0.012,0.000,0.004
20013,0.000,0.012,0.000,0.004
20014,0.000,0.012,0.000,0.004
20015,0.000,0.012,0.000,0.004
20016,0.000,0.012,0.000,0.004
20017,0.000,0.012,0.000,0.004
20018,0.000,0.012,0.000,0.004
20019,0.000,0.012,0.000,0.004
20020,0.000,0.012,0.000,0.004
20021,0.000,0.012,0.000,0.004
20022,0.000,0.012,0.000,0.004
20023,0.000,0.012,0.000,0.004
20024,0.000,0.012,0.000,0.004
20025,0.000,0.012,0.000,0.004
20026,0.000,0.012,0.000,0.004
20027,0.000,0.012,0.000,0.004
20028,0.000,0.012,0.000,0.004
20029,0.000,0.012,0.000,0.004
20030,0.000,0.012,0.000,0.004
20031,0.000,0.012,0.000,0.004
20032,0.000,0.012,0.000,0.004
20033,0.000,0.012,0.000,0.004
20034,0.000,0.012,0.000,0.004
20035,0.000,0.012,0.000,0.004
20036,0.000,0.012,0.000,0.004
20037,0.000,0.012,0.000,0.004
20038,0.000,0.012,0.000,0.004
20039,0.000,0.012,0.000,0.004
20040,0.000,0.012,0.000,0.004
20041,0.000,0.012,0.000,0.004
20042,0.000,0.012,0.000,0.004
20043,0.000,0.012,0.000,0.004
20044,0.000,0.012,0.000,0.004
20045,0.000,0.012,0.000,0.004
20046,0.000,0.012,0.000,0.004
20047,0.000,0.012,0.000,0.004
20048,0.000,0.012,0.000,0.004
20049,0.000,0.012,0.000,0.004
20050,0.000,0.012,0.000,0.004
20051,0.000,0.012,0.000,0.004
20052,0.000,0.012,0.000,0.004
20053,0.000,0.012,0.000,0.004
20054,0.000,0.012,0.000,0.004
20055,0.000,0.012,0.000,0.004
20056,0.000,0.012,0.000,0.004
20057,0.000,0.012,0.000,0.004
20058,0.000,0.012,0.000,0.004
20059,0.000,0.012,0.000,0.004
20060,0.000,0.012,0.000,0.004
20061,0.000,0.012,0.000,0.004
20062,0.000,0.012,0.000,0.004
20063,0.000,0.012,0.000,0.004
20064,0.000,0.012,0.000,0.004
20065,0.000,0.012,0.000,0.004
20066,0.000,0.012,0.000,0.004
20067,0.000,0.012,0.000,0.004
20068,0.000,0.012,0.000,0.004
20069,0.000,0.012,0.000,0.004
20070,0.000,0.012,0.000,0.004
20071,0.000,0.012,0.000,0.004
20072,0.000,0.012,0.000,0.004
20073,0.000,0.012,0.000,0.004
20074,0.000,0.012,0.000,0.004
20075,0.000,0.012,0.000,0.004
20076,0.000,0.012,0.000,0.004
20077,0.000,0.012,0.000,0.004
20078,0.000,0.012,0.000,0.004
20079,0.000,0.012,0.000,0.004
20080,0.000,0.012,0.000,0.004
20081,0.000,0.012,0.000,0.004
20082,0.000,0.012,0.000,0.004
20083,0.000,0.012,0.000,0.004
20084,0.000,0.012,0.000,0.004
20085,0.000,0.012,0.000,0.004
20086,0.000,0.012,0.000,0.004
20087,0.000,0.012,0.000,0.004
20088,0.000,0.012,0.000,0.004
20089,0.000,0.012,0.000,0.004
20090,0.000,0.012,0.000,0.004
20091,0.000,0.012,0.000,0.004
20092,0.000,0.012,0.000,0.004
20093,0.000,0.012,0.000,0.004
20094,0.000,0.012,0.000,0.004
20095,0.000,0.012,0.000,0.004
20096,0.000,0.012,0.000,0.004
20097,0.000,0.012,0.000,0.004
20098,0.000,0.012,0.000,0.004
20099,0.000,0.012,0.000,0.004
20100,0.000,0.012,0.000,0.004
20101,0.000,0.012,0.000,0.004
20102,0.000,0.012,0.000,0.004
20103,0.000,0.012,0.000,0.004
20104,0.000,0.012,0.000,0.004
20105,0.000,0.012,0.000,0.004
20106,0.000,0.012,0.000,0.004
20107,0.000,0.012,0.000,0.004
20108,0.000,0.012,0.000,0.004
20109,0.000,0.012,0.000,0.004
20110,0.000,0.012,0.000,0.004
20111,0.000,0.012,0.000,0.004
20112,0.000,0.012,0.000,0.004
20113,0.000,0.012,0.000,0.004
20114,0.000,0.012,0.000,0.004
20115,0.000,0.012,0.000,0.004
20116,0.000,0.012,0.000,0.004
20117,0.000,0.012,0.000,0.004
20118,0.000,0.012,0.000,0.004
20119,0.000,0.012,0.000,0.004
20120,0.000,0.012,0.000,0.004
20121,0.000,0.012,0.000,0.004
20122,0.000,0.012,0.000,0.004
20123,0.000,0.012,0.000,0.004
20124,0.000,0.012,0.000,0.004
20125,0.000,0.012,0.000,0.004
20126,0.000,0.012,0.000,0.004
20127,0.000,0.012,0.000,0.004
20128,0.000,0.012,0.000,0.004
20129,0.000,0.012,0.000,0.004
20130,0.000,0.012,0.000,0.004
20131,0.000,0.012,0.000,0.004
20132,0.000,0.012,0.000,0.004
20133,0.000,0.012,0.000,0.004
20134,0.000,0.012,0.000,0.004
20135,0.000,0.012,0.000,0.004
20136,0.000,0.012,0.000,0.004
20137,0.000,0.012,0.000,0.004
20138,0.000,0.012,0.000,0.004
20139,0.000,0.012,0.000,0.004
20140,0.000,0.012,0.000,0.004
20141,0.000,0.012,0.000,0.004
20142,0.000,0.012,0.000,0.004
20143,0.000,0.012,0.000,0.004
20144,0.000,0.012,0.000,0.004
20145,0.000,0.012,0.000,0.004
20146,0.000,0.012,0.000,0.004
20147,0.000,0.012,0.000,0.004
20148,0.000,0.012,0.000,0.004
20149,0.000,0.012,0.000,0.004
20150,0.000,0.012,0.000,0.004
20151,0.000,0.012,0.000,0.004
20152,0.000,0.012,0.000,0.004
20153,0.000,0.012,0.000,0.004
20154,0.000,0.012,0.000,0.004
20155,0.000,0.012,0.000,0.004
20156,0.000,0.012,0.000,0.004
20157,0.000,0.012,0.000,0.004
20158,0.000,0.012,0.000,0.004
20159,0.000,0.012,0.000,0.004
20160,0.000,0.012,0.000,0.004
20161,0.000,0.012,0.000,0.004
20162,0.000,0.012,0.000,0.004
20163,0.000,0.012,0.000,0.004
20164,0.000,0.012,0.000,0.004
20165,0.000,0.012,0.000,0.004
20166,0.000,0.012,0.000,0.004
20167,0.000,0.012,0.000,0.004
20168,0.000,0.012,0.000,0.004
20169,0.000,0.012,0.000,0.004
20170,0.000,0.012,0.000,0.004
20171,0.000,0.012,0.000,0.004
20172,0.000,0.012,0.000,0.004
20173,0.000,0.012,0.000,0.004
20174,0.000,0.012,0.000,0.004
20175,0.000,0.012,0.000,0.004
20176,0.000,0.012,0.000,0.004
20177,0.000,0.012,0.000,0.004
20178,0.000,0.012,0.000,0.004
20179,0.000,0.012,0.000,0.004
20180,0.000,0.012,0.000,0.004
20181,0.000,0.012,0.000,0.004
20182,0.000,0.012,0.000,0.004
20183,0.000,0.012,0.000,0.004
20184,0.000,0.012,0.000,0.004
20185,0.000,0.012,0.000,0.004
20186,0.000,0.012,0.000,0.004
20187,0.000,0.012,0.000,0.004
20188,0.000,0.012,0.000,0.004
20189,0.000,0.012,0.000,0.004
20190,0.000,0.012,0.000,0.004
20191,0.000,0.012,0.000,0.004
20192,0.000,0.012,0.000,0.004
20193,0.000,0.012,0.000,0.004
20194,0.000,0.012,0.000,0.004
20195,0.000,0.012,0.000,0.004
20196,0.000,0.012,0.000,0.004
20197,0.000,0.012,0.000,0.004
20198,0.000,0.012,0.000,0.004
20199,0.000,0.012,0.000,0.004
20200,0.000,0.012,0.000,0.004
20201,0.000,0.012,0.000,0.004
20202,0.000,0.012,0.000,0.004
20203,0.000,0.012,0.000,0.004
20204,0.000,0.012,0.000,0.004
20205,0.000,0.012,0.000,0.004
20206,0.000,0.012,0.000,0.004
20207,0.000,0.012,0.000,0.004
20208,0.000,0.012,0.000,0.004
20209,0.000,0.012,0.000,0.004
20210,0.000,0.012,0.000,0.004
20211,0.000,0.012,0.000,0.004
20212,0.000,0.012,0.000,0.004
20213,0.000,0.012,0.000,0.004
20214,0.000,0.012,0.000,0.004
20215,0.000,0.012,0.000,0.004
20216,0.000,0.012,0.000,0.004
20217,0.000,0.012,0.000,0.004
20218,0.000,0.012,0.000,0.004
20219,0.000,0.012,0.000,0.004
20220,0.000,0.012,0.000,0.004
20221,0.000,0.012,0.000,0.004
20222,0.000,0.012,0.000,0.004
20223,0.000,0.012,0.000,0.004
20224,0.000,0.012,0.000,0.004
20225,0.000,0.012,0.000,0.004
20226,0.000,0.012,0.000,0.004
20227,0.000,0.012,0.000,0.004
20228,0.000,0.012,0.000,0.004
20229,0.000,0.012,0.000,0.004
20230,0.000,0.012,0.000,0.004
20231,0.000,0.012,0.000,0.004
20232,0.000,0.012,0.000,0.004
20233,0.000,0.012,0.000,0.004
20234,0.000,0.012,0.000,0.004
20235,0.000,0.012,0.000,0.004
20236,0.000,0.012,0.000,0.004
20237,0.000,0.012,0.000,0.004
20238,0.000,0.012,0.000,0.004
20239,0.000,0.012,0.000,0.004
20240,0.000,0.012,0.000,0.004
20241,0.000,0.012,0.000,0.004
20242,0.000,0.012,0.000,0.004
20243,0.000,0.012,0.000,0.004
20244,0.000,0.012,0.000,0.004
20245,0.000,0.012,0.000,0.004
20246,0.000,0.012,0.000,0.004
20247,0.000,0.012,0.000,0.004
20248,0.000,0.012,0.000,0.004
20249,0.000,0.012,0.000,0.004
20250,0.000,0.012,0.000,0.004
20251,0.000,0.012,0.000,0.004
20252,0.000,0.012,0.000,0.004
20253,0.000,0.012,0.000,0.004
20254,0.000,0.012,0.000,0.004
20255,0.000,0.012,0.000,0.004
20256,0.000,0.012,0.000,0.004
20257,0.000,0.012,0.000,0.004
20258,0.000,0.012,0.000,0.004
20259,0.000,0.012,0.000,0.004
20260,0.000,0.012,0.000,0.004
20261,0.000,0.012,0.000,0.004
20262,0.000,0.012,0.000,0.004
20263,0.000,0.012,0.000,0.004
20264,0.000,0.012,0.000,0.004
20265,0.000,0.012,0.000,0.004
20266,0.000,0.012,0.000,0.004
20267,0.000,0.012,0.000,0.004
20268,0.000,0.012,0.000,0.004
20269,0.000,0.012,0.000,0.004
20270,0.000,0.012,0.000,0.004
20271,0.000,0.012,0.000,0.004
20272,0.000,0.012,0.000,0.004
20273,0.000,0.012,0.000,0.004
20274,0.000,0.012,0.000,0.004
20275,0.000,0.012,0.000,0.004
20276,0.000,0.012,0.000,0.004
20277,0.000,0.012,0.000,0.004
20278,0.000,0.012,0.000,0.004
20279,0.000,0.012,0.000,0.004
20280,0.000,0.012,0.000,0.004
20281,0.000,0.012,0.000,0.004
20282,0.000,0.012,0.000,0.004
20283,0.000,0.012,0.000,0.004
20284,0.000,0.012,0.000,0.004
20285,0.000,0.012,0.000,0.004
20286,0.000,0.012,0.000,0.004
20287,0.000,0.012,0.000,0.004
20288,0.000,0.012,0.000,0.004
20289,0.000,0.012,0.000,0.004
20290,0.000,0.012,0.000,0.004
20291,0.000,0.012,0.000,0.004
20292,0.000,0.012,0.000,0.004
20293,0.000,0.012,0.000,0.004
20294,0.000,0.012,0.000,0.004
20295,0.000,0.012,0.000,0.004
20296,0.000,0.012,0.000,0.004
20297,0.000,0.012,0.000,0.004
20298,0.000,0.012,0.000,0.004
20299,0.000,0.012,0.000,0.004
20300,0.000,0.012,0.000,0.004
20301,0.000,0.012,0.000,0.004
20302,0.000,0.012,0.000,0.004
20303,0.000,0.012,0.000,0.004
20304,0.000,0.012,0.000,0.004
20305,0.000,0.012,0.000,0.004
20306,0.000,0.012,0.000,0.004
20307,0.000,0.012,0.000,0.004
20308,0.000,0.012,0.000,0.004
20309,0.000,0.012,0.000,0.004
20310,0.000,0.012,0.000,0.004
20311,0.000,0.012,0.000,0.004
20312,0.000,0.012,0.000,0.004
20313,0.000,0.012,0.000,0.004
20314,0.000,0.012,0.000,0.004
20315,0.000,0.012,0.000,0.004
20316,0.000,0.012,0.000,0.004
20317,0.000,0.012,0.000,0.004
20318,0.000,0.012,0.000,0.004
20319,0.000,0.012,0.000,0.004
20320,0.000,0.012,0.000,0.004
20321,0.000,0.012,0.000,0.004
20322,0.000,0.012,0.000,0.004
20323,0.000,0.012,0.000,0.004
20324,0.000,0.012,0.000,0.004
20325,0.000,0.012,0.000,0.004
20326,0.000,0.012,0.000,0.004
20327,0.000,0.012,0.000,0.004
20328,0.000,0.012,0.000,0.004
20329,0.000,0.012,0.000,0.004
20330,0.000,0.012,0.000,0.004
20331,0.000,0.012,0.000,0.004
20332,0.000,0.012,0.000,0.004
20333,0.000,0.012,0.000,0.004
20334,0.000,0.012,0.000,0.004
20335,0.000,0.012,0.000,0.004
20336,0.000,0.012,0.000,0.004
20337,0.000,0.012,0.000,0.004
20338,0.000,0.012,0.000,0.004
20339,0.000,0.012,0.000,0.004
20340,0.000,0.012,0.000,0.004
20341,0.000,0.012,0.000,0.004
20342,0.000,0.012,0.000,0.004
20343,0.000,0.012,0.000,0.004
20344,0.000,0.012,0.000,0.004
20345,0.000,0.012,0.000,0.004
20346,0.000,0.012,0.000,0.004
20347,0.000,0.012,0.000,0.004
20348,0.000,0.012,0.000,0.004
20349,0.000,0.012,0.000,0.004
20350,0.000,0.012,0.000,0.004
20351,0.000,0.012,0.000,0.004
20352,0.000,0.012,0.000,0.004
20353,0.000,0.012,0.000,0.004
20354,0.000,0.012,0.000,0.004
20355,0.000,0.012,0.000,0.004
20356,0.000,0.012,0.000,0.004
20357,0.000,0.012,0.000,0.004
20358,0.000,0.012,0.000,0.004
20359,0.000,0.012,0.000,0.004
20360,0.000,0.012,0.000,0.004
20361,0.000,0.012,0.000,0.004
20362,0.000,0.012,0.000,0.004
20363,0.000,0.012,0.000,0.004
20364,0.000,0.012,0.000,0.004
20365,0.000,0.012,0.000,0.004
20366,0.000,0.012,0.000,0.004
20367,0.000,0.012,0.000,0.004
20368,0.000,0.012,0.000,0.004
20369,0.000,0.012,0.000,0.004
20370,0.000,0.012,0.000,0.004
20371,0.000,0.012,0.000,0.004
20372,0.000,0.012,0.000,0.004
20373,0.000,0.012,0.000,0.004
20374,0.000,0.012,0.000,0.004
20375,0.000,0.012,0.000,0.004
20376,0.000,0.012,0.000,0.004
20377,0.000,0.012,0.000,0.004
20378,0.000,0.012,0.000,0.004
20379,0.000,0.012,0.000,0.004
20380,0.000,0.012,0.000,0.004
20381,0.000,0.012,0.000,0.004
20382,0.000,0.012,0.000,0.004
20383,0.000,0.012,0.000,0.004
20384,0.000,0.012,0.000,0.004
20385,0.000,0.012,0.000,0.004
20386,0.000,0.012,0.000,0.004
20387,0.000,0.012,0.000,0.004
20388,0.000,0.012,0.000,0.004
20389,0.000,0.012,0.000,0.004
20390,0.000,0.012,0.000,0.004
20391,0.000,0.012,0.000,0.004
20392,0.000,0.012,0.000,0.004
20393,0.000,0.012,0.000,0.004
20394,0.000,0.012,0.000,0.004
20395,0.000,0.012,0.000,0.004
20396,0.000,0.012,0.000,0.004
20397,0.000,0.012,0.000,0.004
20398,0.000,0.012,0.000,0.004
20399,0.000,0.012,0.000,0.004
20400,0.000,0.012,0.000,0.004
20401,0.000,0.012,0.000,0.004
20402,0.000,0.012,0.000,0.004
20403,0.000,0.012,0.000,0.004
20404,0.000,0.012,0.000,0.004
20405,0.000,0.012,0.000,0.004
20406,0.000,0.012,0.000,0.004
20407,0.000,0.012,0.000,0.004
20408,0.000,0.012,0.000,0.004
20409,0.000,0.012,0.000,0.004
20410,0.000,0.012,0.000,0.004
20411,0.000,0.012,0.000,0.004
20412,0.000,0.012,0.000,0.004
20413,0.000,0.012,0.000,0.004
20414,0.000,0.012,0.000,0.004
20415,0.000,0.012,0.000,0.004
20416,0.000,0.012,0.000,0.004
20417,0.000,0.012,0.000,0.004
20418,0.000,0.012,0.000,0.004
20419,0.000,0.012,0.000,0.004
20420,0.000,0.012,0.000,0.004
20421,0.000,0.012,0.000,0.004
20422,0.000,0.012,0.000,0.004
20423,0.000,0.012,0.000,0.004
20424,0.000,0.012,0.000,0.004
20425,0.000,0.012,0.000,0.004
20426,0.000,0.012,0.000,0.004
20427,0.000,0.012,0.000,0.004
20428,0.000,0.012,0.000,0.004
20429,0.000,0.012,0.000,0.004
20430,0.000,0.012,0.000,0.004
20431,0.000,0.012,0.000,0.004
20432,0.000,0.012,0.000,0.004
20433,0.000,0.012,0.000,0.004
20434,0.000,0.012,0.000,0.004
20435,0.000,0.012,0.000,0.004
20436,0.000,0.012,0.000,0.004
20437,0.000,0.012,0.000,0.004
20438,0.000,0.012,0.000,0.004
20439,0.000,0.012,0.000,0.004
20440,0.000,0.012,0.000,0.004
20441,0.000,0.012,0.000,0.004
20442,0.000,0.012,0.000,0.004
20443,0.000,0.012,0.000,0.004
20444,0.000,0.012,0.000,0.004
20445,0.000,0.012,0.000,0.004
20446,0.000,0.012,0.000,0.004
20447,0.000,0.012,0.000,0.004
20448,0.000,0.012,0.000,0.004
20449,0.000,0.012,0.000,0.004
20450,0.000,0.012,0.000,0.004
20451,0.000,0.012,0.000,0.004
20452,0.000,0.012,0.000,0.004
20453,0.000,0.012,0.000,0.004
20454,0.000,0.012,0.000,0.004
20455,0.000,0.012,0.000,0.004
20456,0.000,0.012,0.000,0.004
20457,0.000,0.012,0.000,0.004
20458,0.000,0.012,0.000,0.004
20459,0.000,0.012,0.000,0.004
20460,0.000,0.012,0.000,0.004
20461,0.000,0.012,0.000,0.004
20462,0.000,0.012,0.000,0.004
20463,0.000,0.012,0.000,0.004
20464,0.000,0.012,0.000,0.004
20465,0.000,0.012,0.000,0.004
20466,0.000,0.012,0.000,0.004
20467,0.000,0.012,0.000,0.004
20468,0.000,0.012,0.000,0.004
20469,0.000,0.012,0.000,0.004
20470,0.000,0.012,0.000,0.004
20471,0.000,0.012,0.000,0.004
20472,0.000,0.012,0.000,0.004
20473,0.000,0.012,0.000,0.004
20474,0.000,0.012,0.000,0.004
20475,0.000,0.012,0.000,0.004
20476,0.000,0.012,0.000,0.004
20477,0.000,0.012,0.000,0.004
20478,0.000,0.012,0.000,0.004
20479,0.000,0.012,0.000,0.004
20480,0.000,0.012,0.000,0.004
20481,0.000,0.012,0.000,0.004
20482,0.000,0.012,0.000,0.004
20483,0.000,0.012,0.000,0.004
20484,0.000,0.012,0.000,0.004
20485,0.000,0.012,0.000,0.004
20486,0.000,0.012,0.000,0.004
20487,0.000,0.012,0.000,0.004
20488,0.000,0.012,0.000,0.004
20489,0.000,0.012,0.000,0.004
20490,0.000,0.012,0.000,0.004
20491,0.000,0.012,0.000,0.004
20492,0.000,0.012,0.000,0.004
20493,0.000,0.012,0.000,0.004
20494,0.000,0.012,0.000,0.004
20495,0.000,0.012,0.000,0.004
20496,0.000,0.012,0.000,0.004
20497,0.000,0.012,0.000,0.004
20498,0.000,0.012,0.000,0.004
20499,0.000,0.012,0.000,0.004
20500,0.000,0.012,0.000,0.004
20501,0.000,0.012,0.000,0.004
20502,0.000,0.012,0.000,0.004
20503,0.000,0.012,0.000,0.004
20504,0.000,0.012,0.000,0.004
20505,0.000,0.012,0.000,0.004
20506,0.000,0.012,0.000,0.004
20507,0.000,0.012,0.000,0.004
20508,0.000,0.012,0.000,0.004
20509,0.000,0.012,0.000,0.004
20510,0.000,0.012,0.000,0.004
20511,0.000,0.012,0.000,0.004
20512,0.000,0.012,0.000,0.004
20513,0.000,0.012,0.000,0.004
20514,0.000,0.012,0.000,0.004
20515,0.000,0.012,0.000,0.004
20516,0.000,0.012,0.000,0.004
20517,0.000,0.012,0.000,0.004
20518,0.000,0.012,0.000,0.004
20519,0.000,0.012,0.000,0.004
20520,0.000,0.012,0.000,0.004
20521,0.000,0.012,0.000,0.004
20522,0.000,0.012,0.000,0.004
20523,0.000,0.012,0.000,0.004
20524,0.000,0.012,0.000,0.004
20525,0.000,0.012,0.000,0.004
20526,0.000,0.012,0.000,0.004
20527,0.000,0.012,0.000,0.004
20528,0.000,0.012,0.000,0.004
20529,0.000,0.012,0.000,0.004
20530,0.000,0.012,0.000,0.004
20531,0.000,0.012,0.000,0.004
20532,0.000,0.012,0.000,0.004
20533,0.000,0.012,0.000,0.004
20534,0.000,0.012,0.000,0.004
20535,0.000,0.012,0.000,0.004
20536,0.000,0.012,0.000,0.004
20537,0.000,0.012,0.000,0.004
20538,0.000,0.012,0.000,0.004
20539,0.000,0.012,0.000,0.004
20540,0.000,0.012,0.000,0.004
20541,0.000,0.012,0.000,0.004
20542,0.000,0.012,0.000,0.004
20543,0.000,0.012,0.000,0.004
20544,0.000,0.012,0.000,0.004
20545,0.000,0.012,0.000,0.004
20546,0.000,0.012,0.000,0.004
20547,0.000,0.012,0.000,0.004
20548,0.000,0.012,0.000,0.004
20549,0.000,0.012,0.000,0.004
20550,0.000,0.012,0.000,0.004
20551,0.000,0.012,0.000,0.004
20552,0.000,0.012,0.000,0.004
20553,0.000,0.012,0.000,0.004
20554,0.000,0.012,0.000,0.004
20555,0.000,0.012,0.000,0.004
20556,0.000,0.012,0.000,0.004
20557,0.000,0.012,0.000,0.004
20558,0.000,0.012,0.000,0.004
20559,0.000,0.012,0.000,0.004
20560,0.000,0.012,0.000,0.004
20561,0.000,0.012,0.000,0.004
20562,0.000,0.012,0.000,0.004
20563,0.000,0.012,0.000,0.004
20564,0.000,0.012,0.000,0.004
20565,0.000,0.012,0.000,0.004
20566,0.000,0.012,0.000,0.004
20567,0.000,0.012,0.000,0.004
20568,0.000,0.012,0.000,0.004
20569,0.000,0.012,0.000,0.004
20570,0.000,0.012,0.000,0.004
20571,0.000,0.012,0.000,0.004
20572,0.000,0.012,0.000,0.004
20573,0.000,0.012,0.000,0.004
20574,0.000,0.012,0.000,0.004
20575,0.000,0.012,0.000,0.004
20576,0.000,0.012,0.000,0.004
20577,0.000,0.012,0.000,0.004
20578,0.000,0.012,0.000,0.004
20579,0.000,0.012,0.000,0.004
20580,0.000,0.012,0.000,0.004
20581,0.000,0.012,0.000,0.004
20582,0.000,0.012,0.000,0.004
20583,0.000,0.012,0.000,0.004
20584,0.000,0.012,0.000,0.004
20585,0.000,0.012,0.000,0.004
20586,0.000,0.012,0.000,0.004
20587,0.000,0.012,0.000,0.004
20588,0.000,0.012,0.000,0.004
20589,0.000,0.012,0.000,0.004
20590,0.000,0.012,0.000,0.004
20591,0.000,0.012,0.000,0.004
20592,0.000,0.012,0.000,0.004
20593,0.000,0.012,0.000,0.004
20594,0.000,0.012,0.000,0.004
20595,0.000,0.012,0.000,0.004
20596,0.000,0.012,0.000,0.004
20597,0.000,0.012,0.000,0.004
20598,0.000,0.012,0.000,0.004
20599,0.000,0.012,0.000,0.004
20600,0.000,0.012,0.000,0.004
20601,0.000,0.012,0.000,0.004
20602,0.000,0.012,0.000,0.004
20603,0.000,0.012,0.000,0.004
20604,0.000,0.012,0.000,0.004
20605,0.000,0.012,0.000,0.004
20606,0.000,0.012,0.000,0.004
20607,0.000,0.012,0.000,0.004
20608,0.000,0.012,0.000,0.004
20609,0.000,0.012,0.000,0.004
20610,0.000,0.012,0.000,0.004
20611,0.000,0.012,0.000,0.004
20612,0.000,0.012,0.000,0.004
20613,0.000,0.012,0.000,0.004
20614,0.000,0.012,0.000,0.004
20615,0.000,0.012,0.000,0.004
20616,0.000,0.012,0.000,0.004
20617,0.000,0.012,0.000,0.004
20618,0.000,0.012,0.000,0.004
20619,0.000,0.012,0.000,0.004
20620,0.000,0.012,0.000,0.004
20621,0.000,0.012,0.000,0.004
20622,0.000,0.012,0.000,0.004
20623,0.000,0.012,0.000,0.004
20624,0.000,0.012,0.000,0.004
20625,0.000,0.012,0.000,0.004
20626,0.000,0.012,0.000,0.004
20627,0.000,0.012,0.000,0.004
20628,0.000,0.012,0.000,0.004
20629,0.000,0.012,0.000,0.004
20630,0.000,0.012,0.000,0.004
20631,0.000,0.012,0.000,0.004
20632,0.000,0.012,0.000,0.004
20633,0.000,0.012,0.000,0.004
20634,0.000,0.012,0.000,0.004
20635,0.000,0.012,0.000,0.004
20636,0.000,0.012,0.000,0.004
20637,0.000,0.012,0.000,0.004
20638,0.000,0.012,0.000,0.004
20639,0.000,0.012,0.000,0.004
20640,0.000,0.012,0.000,0.004
20641,0.000,0.012,0.000,0.004
20642,0.000,0.012,0.000,0.004
20643,0.000,0.012,0.000,0.004
20644,0.000,0.012,0.000,0.004
20645,0.000,0.012,0.000,0.004
20646,0.000,0.012,0.000,0.004
20647,0.000,0.012,0.000,0.004
20648,0.000,0.012,0.000,0.004
20649,0.000,0.012,0.000,0.004
20650,0.000,0.012,0.000,0.004
20651,0.000,0.012,0.000,0.004
20652,0.000,0.012,0.000,0.004
20653,0.000,0.012,0.000,0.004
20654,0.000,0.012,0.000,0.004
20655,0.000,0.012,0.000,0.004
20656,0.000,0.012,0.000,0.004
20657,0.000,0.012,0.000,0.004
20658,0.000,0.012,0.000,0.004
20659,0.000,0.012,0.000,0.004
20660,0.000,0.012,0.000,0.004
20661,0.000,0.012,0.000,0.004
20662,0.000,0.012,0.000,0.004
20663,0.000,0.012,0.000,0.004
20664,0.000,0.012,0.000,0.004
20665,0.000,0.012,0.000,0.004
20666,0.000,0.012,0.000,0.004
20667,0.000,0.012,0.000,0.004
20668,0.000,0.012,0.000,0.004
20669,0.000,0.012,0.000,0.004
20670,0.000,0.012,0.000,0.004
20671,0.000,0.012,0.000,0.004
20672,0.000,0.012,0.000,0.004
20673,0.000,0.012,0.000,0.004
20674,0.000,0.012,0.000,0.004
20675,0.000,0.012,0.000,0.004
20676,0.000,0.012,0.000,0.004
20677,0.000,0.012,0.000,0.004
20678,0.000,0.012,0.000,0.004
20679,0.000,0.012,0.000,0.004
20680,0.000,0.012,0.000,0.004
20681,0.000,0.012,0.000,0.004
20682,0.000,0.012,0.000,0.004
20683,0.000,0.012,0.000,0.004
20684,0.000,0.012,0.000,0.004
20685,0.000,0.012,0.000,0.004
20686,0.000,0.012,0.000,0.004
20687,0.000,0.012,0.000,0.004
20688,0.000,0.012,0.000,0.004
20689,0.000,0.012,0.000,0.004
20690,0.000,0.012,0.000,0.004
20691,0.000,0.012,0.000,0.004
20692,0.000,0.012,0.000,0.004
20693,0.000,0.012,0.000,0.004
20694,0.000,0.012,0.000,0.004
20695,0.000,0.012,0.000,0.004
20696,0.000,0.012,0.000,0.004
20697,0.000,0.012,0.000,0.004
20698,0.000,0.012,0.000,0.004
20699,0.000,0.012,0.000,0.004
20700,0.000,0.012,0.000,0.004
20701,0.000,0.012,0.000,0.004
20702,0.000,0.012,0.000,0.004
20703,0.000,0.012,0.000,0.004
20704,0.000,0.012,0.000,0.004
20705,0.000,0.012,0.000,0.004
20706,0.000,0.012,0.000,0.004
20707,0.000,0.012,0.000,0.004
20708,0.000,0.012,0.000,0.004
20709,0.000,0.012,0.000,0.004
20710,0.000,0.012,0.000,0.004
20711,0.000,0.012,0.000,0.004
20712,0.000,0.012,0.000,0.004
20713,0.000,0.012,0.000,0.004
20714,0.000,0.012,0.000,0.004
20715,0.000,0.012,0.000,0.004
20716,0.000,0.012,0.000,0.004
20717,0.000,0.012,0.000,0.004
20718,0.000,0.012,0.000,0.004
20719,0.000,0.012,0.000,0.004
20720,0.000,0.012,0.000,0.004
20721,0.000,0.012,0.000,0.004
20722,0.000,0.012,0.000,0.004
20723,0.000,0.012,0.000,0.004
20724,0.000,0.012,0.000,0.004
20725,0.000,0.012,0.000,0.004
20726,0.000,0.012,0.000,0.004
20727,0.000,0.012,0.000,0.004
20728,0.000,0.012,0.000,0.004
20729,0.000,0.012,0.000,0.004
20730,0.000,0.012,0.000,0.004
20731,0.000,0.012,0.000,0.004
20732,0.000,0.012,0.000,0.004
20733,0.000,0.012,0.000,0.004
20734,0.000,0.012,0.000,0.004
20735,0.000,0.012,0.000,0.004
20736,0.000,0.012,0.000,0.004
20737,0.000,0.012,0.000,0.004
20738,0.000,0.012,0.000,0.004
20739,0.000,0.012,0.000,0.004
20740,0.000,0.012,0.000,0.004
20741,0.000,0.012,0.000,0.004
20742,0.000,0.012,0.000,0.004
20743,0.000,0.012,0.000,0.004
20744,0.000,0.012,0.000,0.004
20745,0.000,0.012,0.000,0.004
20746,0.000,0.012,0.000,0.004
20747,0.000,0.012,0.000,0.004
20748,0.000,0.012,0.000,0.004
20749,0.000,0.012,0.000,0.004
20750,0.000,0.012,0.000,0.004
20751,0.000,0.012,0.000,0.004
20752,0.000,0.012,0.000,0.004
20753,0.000,0.012,0.000,0.004
20754,0.000,0.012,0.000,0.004
20755,0.000,0.012,0.000,0.004
20756,0.000,0.012,0.000,0.004
20757,0.000,0.012,0.000,0.004
20758,0.000,0.012,0.000,0.004
20759,0.000,0.012,0.000,0.004
20760,0.000,0.012,0.000,0.004
20761,0.000,0.012,0.000,0.004
20762,0.000,0.012,0.000,0.004
20763,0.000,0.012,0.000,0.004
20764,0.000,0.012,0.000,0.004
20765,0.000,0.012,0.000,0.004
20766,0.000,0.012,0.000,0.004
20767,0.000,0.012,0.000,0.004
20768,0.000,0.012,0.000,0.004
20769,0.000,0.012,0.000,0.004
20770,0.000,0.012,0.000,0.004
20771,0.000,0.012,0.000,0.004
20772,0.000,0.012,0.000,0.004
20773,0.000,0.012,0.000,0.004
20774,0.000,0.012,0.000,0.004
20775,0.000,0.012,0.000,0.004
20776,0.000,0.012,0.000,0.004
20777,0.000,0.012,0.000,0.004
20778,0.000,0.012,0.000,0.004
20779,0.000,0.012,0.000,0.004
20780,0.000,0.012,0.000,0.004
20781,0.000,0.012,0.000,0.004
20782,0.000,0.012,0.000,0.004
20783,0.000,0.012,0.000,0.004
20784,0.000,0.012,0.000,0.004
20785,0.000,0.012,0.000,0.004
20786,0.000,0.012,0.000,0.004
20787,0.000,0.012,0.000,0.004
20788,0.000,0.012,0.000,0.004
20789,0.000,0.012,0.000,0.004
20790,0.000,0.012,0.000,0.004
20791,0.000,0.012,0.000,0.004
20792,0.000,0.012,0.000,0.004
20793,0.000,0.012,0.000,0.004
20794,0.000,0.012,0.000,0.004
20795,0.000,0.012,0.000,0.004
20796,0.000,0.012,0.000,0.004
20797,0.000,0.012,0.000,0.004
20798,0.000,0.012,0.000,0.004
20799,0.000,0.012,0.000,0.004
20800,0.000,0.012,0.000,0.004
20801,0.000,0.012,0.000,0.004
20802,0.000,0.012,0.000,0.004
20803,0.000,0.012,0.000,0.004
20804,0.000,0.012,0.000,0.004
20805,0.000,0.012,0.000,0.004
20806,0.000,0.012,0.000,0.004
20807,0.000,0.012,0.000,0.004
20808,0.000,0.012,0.000,0.004
20809,0.000,0.012,0.000,0.004
20810,0.000,0.012,0.000,0.004
20811,0.000,0.012,0.000,0.004
20812,0.000,0.012,0.000,0.004
20813,0.000,0.012,0.000,0.004
20814,0.000,0.012,0.000,0.004
20815,0.000,0.012,0.000,0.004
20816,0.000,0.012,0.000,0.004
20817,0.000,0.012,0.000,0.004
20818,0.000,0.012,0.000,0.004
20819,0.000,0.012,0.000,0.004
20820,0.000,0.012,0.000,0.004
20821,0.000,0.012,0.000,0.004
20822,0.000,0.012,0.000,0.004
20823,0.000,0.012,0.000,0.004
20824,0.000,0.012,0.000,0.004
20825,0.000,0.012,0.000,0.004
20826,0.000,0.012,0.000,0.004
20827,0.000,0.012,0.000,0.004
20828,0.000,0.012,0.000,0.004
20829,0.000,0.012,0.000,0.004
20830,0.000,0.012,0.000,0.004
20831,0.000,0.012,0.000,0.004
20832,0.000,0.012,0.000,0.004
20833,0.000,0.012,0.000,0.004
20834,0.000,0.012,0.000,0.004
20835,0.000,0.012,0.000,0.004
20836,0.000,0.012,0.000,0.004
20837,0.000,0.012,0.000,0.004
20838,0.000,0.012,0.000,0.004
20839,0.000,0.012,0.000,0.004
20840,0.000,0.012,0.000,0.004
20841,0.000,0.012,0.000,0.004
20842,0.000,0.012,0.000,0.004
20843,0.000,0.012,0.000,0.004
20844,0.000,0.012,0.000,0.004
20845,0.000,0.012,0.000,0.004
20846,0.000,0.012,0.000,0.004
20847,0.000,0.012,0.000,0.004
20848,0.000,0.012,0.000,0.004
20849,0.000,0.012,0.000,0.004
20850,0.000,0.012,0.000,0.004
20851,0.000,0.012,0.000,0.004
20852,0.000,0.012,0.000,0.004
20853,0.000,0.012,0.000,0.004
20854,0.000,0.012,0.000,0.004
20855,0.000,0.012,0.000,0.004
20856,0.000,0.012,0.000,0.004
20857,0.000,0.012,0.000,0.004
20858,0.000,0.012,0.000,0.004
20859,0.000,0.012,0.000,0.004
20860,0.000,0.012,0.000,0.004
20861,0.000,0.012,0.000,0.004
20862,0.000,0.012,0.000,0.004
20863,0.000,0.012,0.000,0.004
20864,0.000,0.012,0.000,0.004
20865,0.000,0.012,0.000,0.004
20866,0.000,0.012,0.000,0.004
20867,0.000,0.012,0.000,0.004
20868,0.000,0.012,0.000,0.004
20869,0.000,0.012,0.000,0.004
20870,0.000,0.012,0.000,0.004
20871,0.000,0.012,0.000,0.004
20872,0.000,0.012,0.000,0.004
20873,0.000,0.012,0.000,0.004
20874,0.000,0.012,0.000,0.004
20875,0.000,0.012,0.000,0.004
20876,0.000,0.012,0.000,0.004
20877,0.000,0.012,0.000,0.004
20878,0.000,0.012,0.000,0.004
20879,0.000,0.012,0.000,0.004
20880,0.000,0.012,0.000,0.004
20881,0.000,0.012,0.000,0.004
20882,0.000,0.012,0.000,0.004
20883,0.000,0.012,0.000,0.004
20884,0.000,0.012,0.000,0.004
20885,0.000,0.012,0.000,0.004
20886,0.000,0.012,0.000,0.004
20887,0.000,0.012,0.000,0.004
20888,0.000,0.012,0.000,0.004
20889,0.000,0.012,0.000,0.004
20890,0.000,0.012,0.000,0.004
20891,0.000,0.012,0.000,0.004
20892,0.000,0.012,0.000,0.004
20893,0.000,0.012,0.000,0.004
20894,0.000,0.012,0.000,0.004
20895,0.000,0.012,0.000,0.004
20896,0.000,0.012,0.000,0.004
20897,0.000,0.012,0.000,0.004
20898,0.000,0.012,0.000,0.004
20899,0.000,0.012,0.000,0.004
20900,0.000,0.012,0.000,0.004
20901,0.000,0.012,0.000,0.004
20902,0.000,0.012,0.000,0.004
20903,0.000,0.012,0.000,0.004
20904,0.000,0.012,0.000,0.004
20905,0.000,0.012,0.000,0.004
20906,0.000,0.012,0.000,0.004
20907,0.000,0.012,0.000,0.004
20908,0.000,0.012,0.000,0.004
20909,0.000,0.012,0.000,0.004
20910,0.000,0.012,0.000,0.004
20911,0.000,0.012,0.000,0.004
20912,0.000,0.012,0.000,0.004
20913,0.000,0.012,0.000,0.004
20914,0.000,0.012,0.000,0.004
20915,0.000,0.012,0.000,0.004
20916,0.000,0.012,0.000,0.004
20917,0.000,0.012,0.000,0.004
20918,0.000,0.012,0.000,0.004
20919,0.000,0.012,0.000,0.004
20920,0.000,0.012,0.000,0.004
20921,0.000,0.012,0.000,0.004
20922,0.000,0.012,0.000,0.004
20923,0.000,0.012,0.000,0.004
20924,0.000,0.012,0.000,0.004
20925,0.000,0.012,0.000,0.004
20926,0.000,0.012,0.000,0.004
20927,0.000,0.012,0.000,0.004
20928,0.000,0.012,0.000,0.004
20929,0.000,0.012,0.000,0.004
20930,0.000,0.012,0.000,0.004
20931,0.000,0.012,0.000,0.004
20932,0.000,0.012,0.000,0.004
20933,0.000,0.012,0.000,0.004
20934,0.000,0.012,0.000,0.004
20935,0.000,0.012,0.000,0.004
20936,0.000,0.012,0.000,0.004
20937,0.000,0.012,0.000,0.004
20938,0.000,0.012,0.000,0.004
20939,0.000,0.012,0.000,0.004
20940,0.000,0.012,0.000,0.004
20941,0.000,0.012,0.000,0.004
20942,0.000,0.012,0.000,0.004
20943,0.000,0.012,0.000,0.004
20944,0.000,0.012,0.000,0.004
20945,0.000,0.012,0.000,0.004
20946,0.000,0.012,0.000,0.004
20947,0.000,0.012,0.000,0.004
20948,0.000,0.012,0.000,0.004
20949,0.000,0.012,0.000,0.004
20950,0.000,0.012,0.000,0.004
20951,0.000,0.012,0.000,0.004
20952,0.000,0.012,0.000,0.004
20953,0.000,0.012,0.000,0.004
20954,0.000,0.012,0.000,0.004
20955,0.000,0.012,0.000,0.004
20956,0.000,0.012,0.000,0.004
20957,0.000,0.012,0.000,0.004
20958,0.000,0.012,0.000,0.004
20959,0.000,0.012,0.000,0.004
20960,0.000,0.012,0.000,0.004
20961,0.000,0.012,0.000,0.004
20962,0.000,0.012,0.000,0.004
20963,0.000,0.012,0.000,0.004
20964,0.000,0.012,0.000,0.004
20965,0.000,0.012,0.000,0.004
20966,0.000,0.012,0.000,0.004
20967,0.000,0.012,0.000,0.004
20968,0.000,0.012,0.000,0.004
20969,0.000,0.012,0.000,0.004
20970,0.000,0.012,0.000,0.004
20971,0.000,0.012,0.000,0.004
20972,0.000,0.012,0.000,0.004
20973,0.000,0.012,0.000,0.004
20974,0.000,0.012,0.000,0.004
20975,0.000,0.012,0.000,0.004
20976,0.000,0.012,0.000,0.004
20977,0.000,0.012,0.000,0.004
20978,0.000,0.012,0.000,0.004
20979,0.000,0.012,0.000,0.004
20980,0.000,0.012,0.000,0.004
20981,0.000,0.012,0.000,0.004
20982,0.000,0.012,0.000,0.004
20983,0.000,0.012,0.000,0.004
20984,0.000,0.012,0.000,0.004
20985,0.000,0.012,0.000,0.004
20986,0.000,0.012,0.000,0.004
20987,0.000,0.012,0.000,0.004
20988,0.000,0.012,0.000,0.004
20989,0.000,0.012,0.000,0.004
20990,0.000,0.012,0.000,0.004
20991,0.000,0.012,0.000,0.004
20992,0.000,0.012,0.000,0.004
20993,0.000,0.012,0.000,0.004
20994,0.000,0.012,0.000,0.004
20995,0.000,0.012,0.000,0.004
20996,0.000,0.012,0.000,0.004
20997,0.000,0.012,0.000,0.004
20998,0.000,0.012,0.000,0.004
20999,0.000,0.012,0.000,0.004
21000,0.000,0.012,0.000,0.004
21001,0.000,0.012,0.000,0.004
21002,0.000,0.012,0.000,0.004
21003,0.000,0.012,0.000,0.004
21004,0.000,0.012,0.000,0.004
21005,0.000,0.012,0.000,0.004
21006,0.000,0.012,0.000,0.004
21007,0.000,0.012,0.000,0.004
21008,0.000,0.012,0.000,0.004
21009,0.000,0.012,0.000,0.004
21010,0.000,0.012,0.000,0.004
21011,0.000,0.012,0.000,0.004
21012,0.000,0.012,0.000,0.004
21013,0.000,0.012,0.000,0.004
21014,0.000,0.012,0.000,0.004
21015,0.000,0.012,0.000,0.004
21016,0.000,0.012,0.000,0.004
21017,0.000,0.012,0.000,0.004
21018,0.000,0.012,0.000,0.004
21019,0.000,0.012,0.000,0.004
21020,0.000,0.012,0.000,0.004
21021,0.000,0.012,0.000,0.004
21022,0.000,0.012,0.000,0.004
21023,0.000,0.012,0.000,0.004
21024,0.000,0.012,0.000,0.004
21025,0.000,0.012,0.000,0.004
21026,0.000,0.012,0.000,0.004
21027,0.000,0.012,0.000,0.004
21028,0.000,0.012,0.000,0.004
21029,0.000,0.012,0.000,0.004
21030,0.000,0.012,0.000,0.004
21031,0.000,0.012,0.000,0.004
21032,0.000,0.012,0.000,0.004
21033,0.000,0.012,0.000,0.004
21034,0.000,0.012,0.000,0.004
21035,0.000,0.012,0.000,0.004
21036,0.000,0.012,0.000,0.004
21037,0.000,0.012,0.000,0.004
21038,0.000,0.012,0.000,0.004
21039,0.000,0.012,0.000,0.004
21040,0.000,0.012,0.000,0.004
21041,0.000,0.012,0.000,0.004
21042,0.000,0.012,0.000,0.004
21043,0.000,0.012,0.000,0.004
21044,0.000,0.012,0.000,0.004
21045,0.000,0.012,0.000,0.004
21046,0.000,0.012,0.000,0.004
21047,0.000,0.012,0.000,0.004
21048,0.000,0.012,0.000,0.004
21049,0.000,0.012,0.000,0.004
21050,0.000,0.012,0.000,0.004
21051,0.000,0.012,0.000,0.004
21052,0.000,0.012,0.000,0.004
21053,0.000,0.012,0.000,0.004
21054,0.000,0.012,0.000,0.004
21055,0.000,0.012,0.000,0.004
21056,0.000,0.012,0.000,0.004
21057,0.000,0.012,0.000,0.004
21058,0.000,0.012,0.000,0.004
21059,0.000,0.012,0.000,0.004
21060,0.000,0.012,0.000,0.004
21061,0.000,0.012,0.000,0.004
21062,0.000,0.012,0.000,0.004
21063,0.000,0.012,0.000,0.004
21064,0.000,0.012,0.000,0.004
21065,0.000,0.012,0.000,0.004
21066,0.000,0.012,0.000,0.004
21067,0.000,0.012,0.000,0.004
21068,0.000,0.012,0.000,0.004
21069,0.000,0.012,0.000,0.004
21070,0.000,0.012,0.000,0.004
21071,0.000,0.012,0.000,0.004
21072,0.000,0.012,0.000,0.004
21073,0.000,0.012,0.000,0.004
21074,0.000,0.012,0.000,0.004
21075,0.000,0.012,0.000,0.004
21076,0.000,0.012,0.000,0.004
21077,0.000,0.012,0.000,0.004
21078,0.000,0.012,0.000,0.004
21079,0.000,0.012,0.000,0.004
21080,0.000,0.012,0.000,0.004
21081,0.000,0.012,0.000,0.004
21082,0.000,0.012,0.000,0.004
21083,0.000,0.012,0.000,0.004
21084,0.000,0.012,0.000,0.004
21085,0.000,0.012,0.000,0.004
21086,0.000,0.012,0.000,0.004
21087,0.000,0.012,0.000,0.004
21088,0.000,0.012,0.000,0.004
21089,0.000,0.012,0.000,0.004
21090,0.000,0.012,0.000,0.004
21091,0.000,0.012,0.000,0.004
21092,0.000,0.012,0.000,0.004
21093,0.000,0.012,0.000,0.004
21094,0.000,0.012,0.000,0.004
21095,0.000,0.012,0.000,0.004
21096,0.000,0.012,0.000,0.004
21097,0.000,0.012,0.000,0.004
21098,0.000,0.012,0.000,0.004
21099,0.000,0.012,0.000,0.004
21100,0.000,0.012,0.000,0.004
21101,0.000,0.012,0.000,0.004
21102,0.000,0.012,0.000,0.004
21103,0.000,0.012,0.000,0.004
21104,0.000,0.012,0.000,0.004
21105,0.000,0.012,0.000,0.004
21106,0.000,0.012,0.000,0.004
21107,0.000,0.012,0.000,0.004
21108,0.000,0.012,0.000,0.004
21109,0.000,0.012,0.000,0.004
21110,0.000,0.012,0.000,0.004
21111,0.000,0.012,0.000,0.004
21112,0.000,0.012,0.000,0.004
21113,0.000,0.012,0.000,0.004
21114,0.000,0.012,0.000,0.004
21115,0.000,0.012,0.000,0.004
21116,0.000,0.012,0.000,0.004
21117,0.000,0.012,0.000,0.004
21118,0.000,0.012,0.000,0.004
21119,0.000,0.012,0.000,0.004
21120,0.000,0.012,0.000,0.004
21121,0.000,0.012,0.000,0.004
21122,0.000,0.012,0.000,0.004
21123,0.000,0.012,0.000,0.004
21124,0.000,0.012,0.000,0.004
21125,0.000,0.012,0.000,0.004
21126,0.000,0.012,0.000,0.004
21127,0.000,0.012,0.000,0.004
21128,0.000,0.012,0.000,0.004
21129,0.000,0.012,0.000,0.004
21130,0.000,0.012,0.000,0.004
21131,0.000,0.012,0.000,0.004
21132,0.000,0.012,0.000,0.004
21133,0.000,0.012,0.000,0.004
21134,0.000,0.012,0.000,0.004
21135,0.000,0.012,0.000,0.004
21136,0.000,0.012,0.000,0.004
21137,0.000,0.012,0.000,0.004
21138,0.000,0.012,0.000,0.004
21139,0.000,0.012,0.000,0.004
21140,0.000,0.012,0.000,0.004
21141,0.000,0.012,0.000,0.004
21142,0.000,0.012,0.000,0.004
21143,0.000,0.012,0.000,0.004
21144,0.000,0.012,0.000,0.004
21145,0.000,0.012,0.000,0.004
21146,0.000,0.012,0.000,0.004
21147,0.000,0.012,0.000,0.004
21148,0.000,0.012,0.000,0.004
21149,0.000,0.012,0.000,0.004
21150,0.000,0.012,0.000,0.004
21151,0.000,0.012,0.000,0.004
21152,0.000,0.012,0.000,0.004
21153,0.000,0.012,0.000,0.004
21154,0.000,0.012,0.000,0.004
21155,0.000,0.012,0.000,0.004
21156,0.000,0.012,0.000,0.004
21157,0.000,0.012,0.000,0.004
21158,0.000,0.012,0.000,0.004
21159,0.000,0.012,0.000,0.004
21160,0.000,0.012,0.000,0.004
21161,0.000,0.012,0.000,0.004
21162,0.000,0.012,0.000,0.004
21163,0.000,0.012,0.000,0.004
21164,0.000,0.012,0.000,0.004
21165,0.000,0.012,0.000,0.004
21166,0.000,0.012,0.000,0.004
21167,0.000,0.012,0.000,0.004
21168,0.000,0.012,0.000,0.004
21169,0.000,0.012,0.000,0.004
21170,0.000,0.012,0.000,0.004
21171,0.000,0.012,0.000,0.004
21172,0.000,0.012,0.000,0.004
21173,0.000,0.012,0.000,0.004
21174,0.000,0.012,0.000,0.004
21175,0.000,0.012,0.000,0.004
21176,0.000,0.012,0.000,0.004
21177,0.000,0.012,0.000,0.004
21178,0.000,0.012,0.000,0.004
21179,0.000,0.012,0.000,0.004
21180,0.000,0.012,0.000,0.004
21181,0.000,0.012,0.000,0.004
21182,0.000,0.012,0.000,0.004
21183,0.000,0.012,0.000,0.004
21184,0.000,0.012,0.000,0.004
21185,0.000,0.012,0.000,0.004
21186,0.000,0.012,0.000,0.004
21187,0.000,0.012,0.000,0.004
21188,0.000,0.012,0.000,0.004
21189,0.000,0.012,0.000,0.004
21190,0.000,0.012,0.000,0.004
21191,0.000,0.012,0.000,0.004
21192,0.000,0.012,0.000,0.004
21193,0.000,0.012,0.000,0.004
21194,0.000,0.012,0.000,0.004
21195,0.000,0.012,0.000,0.004
21196,0.000,0.012,0.000,0.004
21197,0.000,0.012,0.000,0.004
21198,0.000,0.012,0.000,0.004
21199,0.000,0.012,0.000,0.004
21200,0.000,0.012,0.000,0.004
21201,0.000,0.012,0.000,0.004
21202,0.000,0.012,0.000,0.004
21203,0.000,0.012,0.000,0.004
21204,0.000,0.012,0.000,0.004
21205,0.000,0.012,0.000,0.004
21206,0.000,0.012,0.000,0.004
21207,0.000,0.012,0.000,0.004
21208,0.000,0.012,0.000,0.004
21209,0.000,0.012,0.000,0.004
21210,0.000,0.012,0.000,0.004
21211,0.000,0.012,0.000,0.004
21212,0.000,0.012,0.000,0.004
21213,0.000,0.012,0.000,0.004
21214,0.000,0.012,0.000,0.004
21215,0.000,0.012,0.000,0.004
21216,0.000,0.012,0.000,0.004
21217,0.000,0.012,0.000,0.004
21218,0.000,0.012,0.000,0.004
21219,0.000,0.012,0.000,0.004
21220,0.000,0.012,0.000,0.004
21221,0.000,0.012,0.000,0.004
21222,0.000,0.012,0.000,0.004
21223,0.000,0.012,0.000,0.004
21224,0.000,0.012,0.000,0.004
21225,0.000,0.012,0.000,0.004
21226,0.000,0.012,0.000,0.004
21227,0.000,0.012,0.000,0.004
21228,0.000,0.012,0.000,0.004
21229,0.000,0.012,0.000,0.004
21230,0.000,0.012,0.000,0.004
21231,0.000,0.012,0.000,0.004
21232,0.000,0.012,0.000,0.004
21233,0.000,0.012,0.000,0.004
21234,0.000,0.012,0.000,0.004
21235,0.000,0.012,0.000,0.004
21236,0.000,0.012,0.000,0.004
21237,0.000,0.012,0.000,0.004
21238,0.000,0.012,0.000,0.004
21239,0.000,0.012,0.000,0.004
21240,0.000,0.012,0.000,0.004
21241,0.000,0.012,0.000,0.004
21242,0.000,0.012,0.000,0.004
21243,0.000,0.012,0.000,0.004
21244,0.000,0.012,0.000,0.004
21245,0.000,0.012,0.000,0.004
21246,0.000,0.012,0.000,0.004
21247,0.000,0.012,0.000,0.004
21248,0.000,0.012,0.000,0.004
21249,0.000,0.012,0.000,0.004
21250,0.000,0.012,0.000,0.004
21251,0.000,0.012,0.000,0.004
21252,0.000,0.012,0.000,0.004
21253,0.000,0.012,0.000,0.004
21254,0.000,0.012,0.000,0.004
21255,0.000,0.012,0.000,0.004
21256,0.000,0.012,0.000,0.004
21257,0.000,0.012,0.000,0.004
21258,0.000,0.012,0.000,0.004
21259,0.000,0.012,0.000,0.004
21260,0.000,0.012,0.000,0.004
21261,0.000,0.012,0.000,0.004
21262,0.000,0.012,0.000,0.004
21263,0.000,0.012,0.000,0.004
21264,0.000,0.012,0.000,0.004
21265,0.000,0.012,0.000,0.004
21266,0.000,0.012,0.000,0.004
21267,0.000,0.012,0.000,0.004
21268,0.000,0.012,0.000,0.004
21269,0.000,0.012,0.000,0.004
21270,0.000,0.012,0.000,0.004
21271,0.000,0.012,0.000,0.004
21272,0.000,0.012,0.000,0.004
21273,0.000,0.012,0.000,0.004
21274,0.000,0.012,0.000,0.004
21275,0.000,0.012,0.000,0.004
21276,0.000,0.012,0.000,0.004
21277,0.000,0.012,0.000,0.004
21278,0.000,0.012,0.000,0.004
21279,0.000,0.012,0.000,0.004
21280,0.000,0.012,0.000,0.004
21281,0.000,0.012,0.000,0.004
21282,0.000,0.012,0.000,0.004
21283,0.000,0.012,0.000,0.004
21284,0.000,0.012,0.000,0.004
21285,0.000,0.012,0.000,0.004
21286,0.000,0.012,0.000,0.004
21287,0.000,0.012,0.000,0.004
21288,0.000,0.012,0.000,0.004
21289,0.000,0.012,0.000,0.004
21290,0.000,0.012,0.000,0.004
21291,0.000,0.012,0.000,0.004
21292,0.000,0.012,0.000,0.004
21293,0.000,0.012,0.000,0.004
21294,0.000,0.012,0.000,0.004
21295,0.000,0.012,0.000,0.004
21296,0.000,0.012,0.000,0.004
21297,0.000,0.012,0.000,0.004
21298,0.000,0.012,0.000,0.004
21299,0.000,0.012,0.000,0.004
21300,0.000,0.012,0.000,0.004
21301,0.000,0.012,0.000,0.004
21302,0.000,0.012,0.000,0.004
21303,0.000,0.012,0.000,0.004
21304,0.000,0.012,0.000,0.004
21305,0.000,0.012,0.000,0.004
21306,0.000,0.012,0.000,0.004
21307,0.000,0.012,0.000,0.004
21308,0.000,0.012,0.000,0.004
21309,0.000,0.012,0.000,0.004
21310,0.000,0.012,0.000,0.004
21311,0.000,0.012,0.000,0.004
21312,0.000,0.012,0.000,0.004
21313,0.000,0.012,0.000,0.004
21314,0.000,0.012,0.000,0.004
21315,0.000,0.012,0.000,0.004
21316,0.000,0.012,0.000,0.004
21317,0.000,0.012,0.000,0.004
21318,0.000,0.012,0.000,0.004
21319,0.000,0.012,0.000,0.004
21320,0.000,0.012,0.000,0.004
21321,0.000,0.012,0.000,0.004
21322,0.000,0.012,0.000,0.004
21323,0.000,0.012,0.000,0.004
21324,0.000,0.012,0.000,0.004
21325,0.000,0.012,0.000,0.004
21326,0.000,0.012,0.000,0.004
21327,0.000,0.012,0.000,0.004
21328,0.000,0.012,0.000,0.004
21329,0.000,0.012,0.000,0.004
21330,0.000,0.012,0.000,0.004
21331,0.000,0.012,0.000,0.004
21332,0.000,0.012,0.000,0.004
21333,0.000,0.012,0.000,0.004
21334,0.000,0.012,0.000,0.004
21335,0.000,0.012,0.000,0.004
21336,0.000,0.012,0.000,0.004
21337,0.000,0.012,0.000,0.004
21338,0.000,0.012,0.000,0.004
21339,0.000,0.012,0.000,0.004
21340,0.000,0.012,0.000,0.004
21341,0.000,0.012,0.000,0.004
21342,0.000,0.012,0.000,0.004
21343,0.000,0.012,0.000,0.004
21344,0.000,0.012,0.000,0.004
21345,0.000,0.012,0.000,0.004
21346,0.000,0.012,0.000,0.004
21347,0.000,0.012,0.000,0.004
21348,0.000,0.012,0.000,0.004
21349,0.000,0.012,0.000,0.004
21350,0.000,0.012,0.000,0.004
21351,0.000,0.012,0.000,0.004
21352,0.000,0.012,0.000,0.004
21353,0.000,0.012,0.000,0.004
21354,0.000,0.012,0.000,0.004
21355,0.000,0.012,0.000,0.004
21356,0.000,0.012,0.000,0.004
21357,0.000,0.012,0.000,0.004
21358,0.000,0.012,0.000,0.004
21359,0.000,0.012,0.000,0.004
21360,0.000,0.012,0.000,0.004
21361,0.000,0.012,0.000,0.004
21362,0.000,0.012,0.000,0.004
21363,0.000,0.012,0.000,0.004
21364,0.000,0.012,0.000,0.004
21365,0.000,0.012,0.000,0.004
21366,0.000,0.012,0.000,0.004
21367,0.000,0.012,0.000,0.004
21368,0.000,0.012,0.000,0.004
21369,0.000,0.012,0.000,0.004
21370,0.000,0.012,0.000,0.004
21371,0.000,0.012,0.000,0.004
21372,0.000,0.012,0.000,0.004
21373,0.000,0.012,0.000,0.004
21374,0.000,0.012,0.000,0.004
21375,0.000,0.012,0.000,0.004
21376,0.000,0.012,0.000,0.004
21377,0.000,0.012,0.000,0.004
21378,0.000,0.012,0.000,0.004
21379,0.000,0.012,0.000,0.004
21380,0.000,0.012,0.000,0.004
21381,0.000,0.012,0.000,0.004
21382,0.000,0.012,0.000,0.004
21383,0.000,0.012,0.000,0.004
21384,0.000,0.012,0.000,0.004
21385,0.000,0.012,0.000,0.004
21386,0.000,0.012,0.000,0.004
21387,0.000,0.012,0.000,0.004
21388,0.000,0.012,0.000,0.004
21389,0.000,0.012,0.000,0.004
21390,0.000,0.012,0.000,0.004
21391,0.000,0.012,0.000,0.004
21392,0.000,0.012,0.000,0.004
21393,0.000,0.012,0.000,0.004
21394,0.000,0.012,0.000,0.004
21395,0.000,0.012,0.000,0.004
21396,0.000,0.012,0.000,0.004
21397,0.000,0.012,0.000,0.004
21398,0.000,0.012,0.000,0.004
21399,0.000,0.012,0.000,0.004
21400,0.000,0.012,0.000,0.004
21401,0.000,0.012,0.000,0.004
21402,0.000,0.012,0.000,0.004
21403,0.000,0.012,0.000,0.004
21404,0.000,0.012,0.000,0.004
21405,0.000,0.012,0.000,0.004
21406,0.000,0.012,0.000,0.004
21407,0.000,0.012,0.000,0.004
21408,0.000,0.012,0.000,0.004
21409,0.000,0.012,0.000,0.004
21410,0.000,0.012,0.000,0.004
21411,0.000,0.012,0.000,0.004
21412,0.000,0.012,0.000,0.004
21413,0.000,0.012,0.000,0.004
21414,0.000,0.012,0.000,0.004
21415,0.000,0.012,0.000,0.004
21416,0.000,0.012,0.000,0.004
21417,0.000,0.012,0.000,0.004
21418,0.000,0.012,0.000,0.004
21419,0.000,0.012,0.000,0.004
21420,0.000,0.012,0.000,0.004
21421,0.000,0.012,0.000,0.004
21422,0.000,0.012,0.000,0.004
21423,0.000,0.012,0.000,0.004
21424,0.000,0.012,0.000,0.004
21425,0.000,0.012,0.000,0.004
21426,0.000,0.012,0.000,0.004
21427,0.000,0.012,0.000,0.004
21428,0.000,0.012,0.000,0.004
21429,0.000,0.012,0.000,0.004
21430,0.000,0.012,0.000,0.004
21431,0.000,0.012,0.000,0.004
21432,0.000,0.012,0.000,0.004
21433,0.000,0.012,0.000,0.004
21434,0.000,0.012,0.000,0.004
21435,0.000,0.012,0.000,0.004
21436,0.000,0.012,0.000,0.004
21437,0.000,0.012,0.000,0.004
21438,0.000,0.012,0.000,0.004
21439,0.000,0.012,0.000,0.004
21440,0.000,0.012,0.000,0.004
21441,0.000,0.012,0.000,0.004
21442,0.000,0.012,0.000,0.004
21443,0.000,0.012,0.000,0.004
21444,0.000,0.012,0.000,0.004
21445,0.000,0.012,0.000,0.004
21446,0.000,0.012,0.000,0.004
21447,0.000,0.012,0.000,0.004
21448,0.000,0.012,0.000,0.004
21449,0.000,0.012,0.000,0.004
21450,0.000,0.012,0.000,0.004
21451,0.000,0.012,0.000,0.004
21452,0.000,0.012,0.000,0.004
21453,0.000,0.012,0.000,0.004
21454,0.000,0.012,0.000,0.004
21455,0.000,0.012,0.000,0.004
21456,0.000,0.012,0.000,0.004
21457,0.000,0.012,0.000,0.004
21458,0.000,0.012,0.000,0.004
21459,0.000,0.012,0.000,0.004
21460,0.000,0.012,0.000,0.004
21461,0.000,0.012,0.000,0.004
21462,0.000,0.012,0.000,0.004
21463,0.000,0.012,0.000,0.004
21464,0.000,0.012,0.000,0.004
21465,0.000,0.012,0.000,0.004
21466,0.000,0.012,0.000,0.004
21467,0.000,0.012,0.000,0.004
21468,0.000,0.012,0.000,0.004
21469,0.000,0.012,0.000,0.004
21470,0.000,0.012,0.000,0.004
21471,0.000,0.012,0.000,0.004
21472,0.000,0.012,0.000,0.004
21473,0.000,0.012,0.000,0.004
21474,0.000,0.012,0.000,0.004
21475,0.000,0.012,0.000,0.004
21476,0.000,0.012,0.000,0.004
21477,0.000,0.012,0.000,0.004
21478,0.000,0.012,0.000,0.004
21479,0.000,0.012,0.000,0.004
21480,0.000,0.012,0.000,0.004
21481,0.000,0.012,0.000,0.004
21482,0.000,0.012,0.000,0.004
21483,0.000,0.012,0.000,0.004
21484,0.000,0.012,0.000,0.004
21485,0.000,0.012,0.000,0.004
21486,0.000,0.012,0.000,0.004
21487,0.000,0.012,0.000,0.004
21488,0.000,0.012,0.000,0.004
21489,0.000,0.012,0.000,0.004
21490,0.000,0.012,0.000,0.004
21491,0.000,0.012,0.000,0.004
21492,0.000,0.012,0.000,0.004
21493,0.000,0.012,0.000,0.004
21494,0.000,0.012,0.000,0.004
21495,0.000,0.012,0.000,0.004
21496,0.000,0.012,0.000,0.004
21497,0.000,0.012,0.000,0.004
21498,0.000,0.012,0.000,0.004
21499,0.000,0.012,0.000,0.004
21500,0.000,0.012,0.000,0.004
21501,0.000,0.012,0.000,0.004
21502,0.000,0.012,0.000,0.004
21503,0.000,0.012,0.000,0.004
21504,0.000,0.012,0.000,0.004
21505,0.000,0.012,0.000,0.004
21506,0.000,0.012,0.000,0.004
21507,0.000,0.012,0.000,0.004
21508,0.000,0.012,0.000,0.004
21509,0.000,0.012,0.000,0.004
21510,0.000,0.012,0.000,0.004
21511,0.000,0.012,0.000,0.004
21512,0.000,0.012,0.000,0.004
21513,0.000,0.012,0.000,0.004
21514,0.000,0.012,0.000,0.004
21515,0.000,0.012,0.000,0.004
21516,0.000,0.012,0.000,0.004
21517,0.000,0.012,0.000,0.004
21518,0.000,0.012,0.000,0.004
21519,0.000,0.012,0.000,0.004
21520,0.000,0.012,0.000,0.004
21521,0.000,0.012,0.000,0.004
21522,0.000,0.012,0.000,0.004
21523,0.000,0.012,0.000,0.004
21524,0.000,0.012,0.000,0.004
21525,0.000,0.012,0.000,0.004
21526,0.000,0.012,0.000,0.004
21527,0.000,0.012,0.000,0.004
21528,0.000,0.012,0.000,0.004
21529,0.000,0.012,0.000,0.004
21530,0.000,0.012,0.000,0.004
21531,0.000,0.012,0.000,0.004
21532,0.000,0.012,0.000,0.004
21533,0.000,0.012,0.000,0.004
21534,0.000,0.012,0.000,0.004
21535,0.000,0.012,0.000,0.004
21536,0.000,0.012,0.000,0.004
21537,0.000,0.012,0.000,0.004
21538,0.000,0.012,0.000,0.004
21539,0.000,0.012,0.000,0.004
21540,0.000,0.012,0.000,0.004
21541,0.000,0.012,0.000,0.004
21542,0.000,0.012,0.000,0.004
21543,0.000,0.012,0.000,0.004
21544,0.000,0.012,0.000,0.004
21545,0.000,0.012,0.000,0.004
21546,0.000,0.012,0.000,0.004
21547,0.000,0.012,0.000,0.004
21548,0.000,0.012,0.000,0.004
21549,0.000,0.012,0.000,0.004
21550,0.000,0.012,0.000,0.004
21551,0.000,0.012,0.000,0.004
21552,0.000,0.012,0.000,0.004
21553,0.000,0.012,0.000,0.004
21554,0.000,0.012,0.000,0.004
21555,0.000,0.012,0.000,0.004
21556,0.000,0.012,0.000,0.004
21557,0.000,0.012,0.000,0.004
21558,0.000,0.012,0.000,0.004
21559,0.000,0.012,0.000,0.004
21560,0.000,0.012,0.000,0.004
21561,0.000,0.012,0.000,0.004
21562,0.000,0.012,0.000,0.004
21563,0.000,0.012,0.000,0.004
21564,0.000,0.012,0.000,0.004
21565,0.000,0.012,0.000,0.004
21566,0.000,0.012,0.000,0.004
21567,0.000,0.012,0.000,0.004
21568,0.000,0.012,0.000,0.004
21569,0.000,0.012,0.000,0.004
21570,0.000,0.012,0.000,0.004
21571,0.000,0.012,0.000,0.004
21572,0.000,0.012,0.000,0.004
21573,0.000,0.012,0.000,0.004
21574,0.000,0.012,0.000,0.004
21575,0.000,0.012,0.000,0.004
21576,0.000,0.012,0.000,0.004
21577,0.000,0.012,0.000,0.004
21578,0.000,0.012,0.000,0.004
21579,0.000,0.012,0.000,0.004
21580,0.000,0.012,0.000,0.004
21581,0.000,0.012,0.000,0.004
21582,0.000,0.012,0.000,0.004
21583,0.000,0.012,0.000,0.004
21584,0.000,0.012,0.000,0.004
21585,0.000,0.012,0.000,0.004
21586,0.000,0.012,0.000,0.004
21587,0.000,0.012,0.000,0.004
21588,0.000,0.012,0.000,0.004
21589,0.000,0.012,0.000,0.004
21590,0.000,0.012,0.000,0.004
21591,0.000,0.012,0.000,0.004
21592,0.000,0.012,0.000,0.004
21593,0.000,0.012,0.000,0.004
21594,0.000,0.012,0.000,0.004
21595,0.000,0.012,0.000,0.004
21596,0.000,0.012,0.000,0.004
21597,0.000,0.012,0.000,0.004
21598,0.000,0.012,0.000,0.004
21599,0.000,0.012,0.000,0.004
21600,0.000,0.012,0.000,0.004
21601,0.000,0.012,0.000,0.004
21602,0.000,0.012,0.000,0.004
21603,0.000,0.012,0.000,0.004
21604,0.000,0.012,0.000,0.004
21605,0.000,0.012,0.000,0.004
21606,0.000,0.012,0.000,0.004
21607,0.000,0.012,0.000,0.004
21608,0.000,0.012,0.000,0.004
21609,0.000,0.012,0.000,0.004
21610,0.000,0.012,0.000,0.004
21611,0.000,0.012,0.000,0.004
21612,0.000,0.012,0.000,0.004
21613,0.000,0.012,0.000,0.004
21614,0.000,0.012,0.000,0.004
21615,0.000,0.012,0.000,0.004
21616,0.000,0.012,0.000,0.004
21617,0.000,0.012,0.000,0.004
21618,0.000,0.012,0.000,0.004
21619,0.000,0.012,0.000,0.004
21620,0.000,0.012,0.000,0.004
21621,0.000,0.012,0.000,0.004
21622,0.000,0.012,0.000,0.004
21623,0.000,0.012,0.000,0.004
21624,0.000,0.012,0.000,0.004
21625,0.000,0.012,0.000,0.004
21626,0.000,0.012,0.000,0.004
21627,0.000,0.012,0.000,0.004
21628,0.000,0.012,0.000,0.004
21629,0.000,0.012,0.000,0.004
21630,0.000,0.012,0.000,0.004
21631,0.000,0.012,0.000,0.004
21632,0.000,0.012,0.000,0.004
21633,0.000,0.012,0.000,0.004
21634,0.000,0.012,0.000,0.004
21635,0.000,0.012,0.000,0.004
21636,0.000,0.012,0.000,0.004
21637,0.000,0.012,0.000,0.004
21638,0.000,0.012,0.000,0.004
21639,0.000,0.012,0.000,0.004
21640,0.000,0.012,0.000,0.004
21641,0.000,0.012,0.000,0.004
21642,0.000,0.012,0.000,0.004
21643,0.000,0.012,0.000,0.004
21644,0.000,0.012,0.000,0.004
21645,0.000,0.012,0.000,0.004
21646,0.000,0.012,0.000,0.004
21647,0.000,0.012,0.000,0.004
21648,0.000,0.012,0.000,0.004
21649,0.000,0.012,0.000,0.004
21650,0.000,0.012,0.000,0.004
21651,0.000,0.012,0.000,0.004
21652,0.000,0.012,0.000,0.004
21653,0.000,0.012,0.000,0.004
21654,0.000,0.012,0.000,0.004
21655,0.000,0.012,0.000,0.004
21656,0.000,0.012,0.000,0.004
21657,0.000,0.012,0.000,0.004
21658,0.000,0.012,0.000,0.004
21659,0.000,0.012,0.000,0.004
21660,0.000,0.012,0.000,0.004
21661,0.000,0.012,0.000,0.004
21662,0.000,0.012,0.000,0.004
21663,0.000,0.012,0.000,0.004
21664,0.000,0.012,0.000,0.004
21665,0.000,0.012,0.000,0.004
21666,0.000,0.012,0.000,0.004
21667,0.000,0.012,0.000,0.004
21668,0.000,0.012,0.000,0.004
21669,0.000,0.012,0.000,0.004
21670,0.000,0.012,0.000,0.004
21671,0.000,0.012,0.000,0.004
21672,0.000,0.012,0.000,0.004
21673,0.000,0.012,0.000,0.004
21674,0.000,0.012,0.000,0.004
21675,0.000,0.012,0.000,0.004
21676,0.000,0.012,0.000,0.004
21677,0.000,0.012,0.000,0.004
21678,0.000,0.012,0.000,0.004
21679,0.000,0.012,0.000,0.004
21680,0.000,0.012,0.000,0.004
21681,0.000,0.012,0.000,0.004
21682,0.000,0.012,0.000,0.004
21683,0.000,0.012,0.000,0.004
21684,0.000,0.012,0.000,0.004
21685,0.000,0.012,0.000,0.004
21686,0.000,0.012,0.000,0.004
21687,0.000,0.012,0.000,0.004
21688,0.000,0.012,0.000,0.004
21689,0.000,0.012,0.000,0.004
21690,0.000,0.012,0.000,0.004
21691,0.000,0.012,0.000,0.004
21692,0.000,0.012,0.000,0.004
21693,0.000,0.012,0.000,0.004
21694,0.000,0.012,0.000,0.004
21695,0.000,0.012,0.000,0.004
21696,0.000,0.012,0.000,0.004
21697,0.000,0.012,0.000,0.004
21698,0.000,0.012,0.000,0.004
21699,0.000,0.012,0.000,0.004
21700,0.000,0.012,0.000,0.004
21701,0.000,0.012,0.000,0.004
21702,0.000,0.012,0.000,0.004
21703,0.000,0.012,0.000,0.004
21704,0.000,0.012,0.000,0.004
21705,0.000,0.012,0.000,0.004
21706,0.000,0.012,0.000,0.004
21707,0.000,0.012,0.000,0.004
21708,0.000,0.012,0.000,0.004
21709,0.000,0.012,0.000,0.004
21710,0.000,0.012,0.000,0.004
21711,0.000,0.012,0.000,0.004
21712,0.000,0.012,0.000,0.004
21713,0.000,0.012,0.000,0.004
21714,0.000,0.012,0.000,0.004
21715,0.000,0.012,0.000,0.004
21716,0.000,0.012,0.000,0.004
21717,0.000,0.012,0.000,0.004
21718,0.000,0.012,0.000,0.004
21719,0.000,0.012,0.000,0.004
21720,0.000,0.012,0.000,0.004
21721,0.000,0.012,0.000,0.004
21722,0.000,0.012,0.000,0.004
21723,0.000,0.012,0.000,0.004
21724,0.000,0.012,0.000,0.004
21725,0.000,0.012,0.000,0.004
21726,0.000,0.012,0.000,0.004
21727,0.000,0.012,0.000,0.004
21728,0.000,0.012,0.000,0.004
21729,0.000,0.012,0.000,0.004
21730,0.000,0.012,0.000,0.004
21731,0.000,0.012,0.000,0.004
21732,0.000,0.012,0.000,0.004
21733,0.000,0.012,0.000,0.004
21734,0.000,0.012,0.000,0.004
21735,0.000,0.012,0.000,0.004
21736,0.000,0.012,0.000,0.004
21737,0.000,0.012,0.000,0.004
21738,0.000,0.012,0.000,0.004
21739,0.000,0.012,0.000,0.004
21740,0.000,0.012,0.000,0.004
21741,0.000,0.012,0.000,0.004
21742,0.000,0.012,0.000,0.004
21743,0.000,0.012,0.000,0.004
21744,0.000,0.012,0.000,0.004
21745,0.000,0.012,0.000,0.004
21746,0.000,0.012,0.000,0.004
21747,0.000,0.012,0.000,0.004
21748,0.000,0.012,0.000,0.004
21749,0.000,0.012,0.000,0.004
21750,0.000,0.012,0.000,0.004
21751,0.000,0.012,0.000,0.004
21752,0.000,0.012,0.000,0.004
21753,0.000,0.012,0.000,0.004
21754,0.000,0.012,0.000,0.004
21755,0.000,0.012,0.000,0.004
21756,0.000,0.012,0.000,0.004
21757,0.000,0.012,0.000,0.004
21758,0.000,0.012,0.000,0.004
21759,0.000,0.012,0.000,0.004
21760,0.000,0.012,0.000,0.004
21761,0.000,0.012,0.000,0.004
21762,0.000,0.012,0.000,0.004
21763,0.000,0.012,0.000,0.004
21764,0.000,0.012,0.000,0.004
21765,0.000,0.012,0.000,0.004
21766,0.000,0.012,0.000,0.004
21767,0.000,0.012,0.000,0.004
21768,0.000,0.012,0.000,0.004
21769,0.000,0.012,0.000,0.004
21770,0.000,0.012,0.000,0.004
21771,0.000,0.012,0.000,0.004
21772,0.000,0.012,0.000,0.004
21773,0.000,0.012,0.000,0.004
21774,0.000,0.012,0.000,0.004
21775,0.000,0.012,0.000,0.004
21776,0.000,0.012,0.000,0.004
21777,0.000,0.012,0.000,0.004
21778,0.000,0.012,0.000,0.004
21779,0.000,0.012,0.000,0.004
21780,0.000,0.012,0.000,0.004
21781,0.000,0.012,0.000,0.004
21782,0.000,0.012,0.000,0.004
21783,0.000,0.012,0.000,0.004
21784,0.000,0.012,0.000,0.004
21785,0.000,0.012,0.000,0.004
21786,0.000,0.012,0.000,0.004
21787,0.000,0.012,0.000,0.004
21788,0.000,0.012,0.000,0.004
21789,0.000,0.012,0.000,0.004
21790,0.000,0.012,0.000,0.004
21791,0.000,0.012,0.000,0.004
21792,0.000,0.012,0.000,0.004
21793,0.000,0.012,0.000,0.004
21794,0.000,0.012,0.000,0.004
21795,0.000,0.012,0.000,0.004
21796,0.000,0.012,0.000,0.004
21797,0.000,0.012,0.000,0.004
21798,0.000,0.012,0.000,0.004
21799,0.000,0.012,0.000,0.004
21800,0.000,0.012,0.000,0.004
21801,0.000,0.012,0.000,0.004
21802,0.000,0.012,0.000,0.004
21803,0.000,0.012,0.000,0.004
21804,0.000,0.012,0.000,0.004
21805,0.000,0.012,0.000,0.004
21806,0.000,0.012,0.000,0.004
21807,0.000,0.012,0.000,0.004
21808,0.000,0.012,0.000,0.004
21809,0.000,0.012,0.000,0.004
21810,0.000,0.012,0.000,0.004
21811,0.000,0.012,0.000,0.004
21812,0.000,0.012,0.000,0.004
21813,0.000,0.012,0.000,0.004
21814,0.000,0.012,0.000,0.004
21815,0.000,0.012,0.000,0.004
21816,0.000,0.012,0.000,0.004
21817,0.000,0.012,0.000,0.004
21818,0.000,0.012,0.000,0.004
21819,0.000,0.012,0.000,0.004
21820,0.000,0.012,0.000,0.004
21821,0.000,0.012,0.000,0.004
21822,0.000,0.012,0.000,0.004
21823,0.000,0.012,0.000,0.004
21824,0.000,0.012,0.000,0.004
21825,0.000,0.012,0.000,0.004
21826,0.000,0.012,0.000,0.004
21827,0.000,0.012,0.000,0.004
21828,0.000,0.012,0.000,0.004
21829,0.000,0.012,0.000,0.004
21830,0.000,0.012,0.000,0.004
21831,0.000,0.012,0.000,0.004
21832,0.000,0.012,0.000,0.004
21833,0.000,0.012,0.000,0.004
21834,0.000,0.012,0.000,0.004
21835,0.000,0.012,0.000,0.004
21836,0.000,0.012,0.000,0.004
21837,0.000,0.012,0.000,0.004
21838,0.000,0.012,0.000,0.004
21839,0.000,0.012,0.000,0.004
21840,0.000,0.012,0.000,0.004
21841,0.000,0.012,0.000,0.004
21842,0.000,0.012,0.000,0.004
21843,0.000,0.012,0.000,0.004
21844,0.000,0.012,0.000,0.004
21845,0.000,0.012,0.000,0.004
21846,0.000,0.012,0.000,0.004
21847,0.000,0.012,0.000,0.004
21848,0.000,0.012,0.000,0.004
21849,0.000,0.012,0.000,0.004
21850,0.000,0.012,0.000,0.004
21851,0.000,0.012,0.000,0.004
21852,0.000,0.012,0.000,0.004
21853,0.000,0.012,0.000,0.004
21854,0.000,0.012,0.000,0.004
21855,0.000,0.012,0.000,0.004
21856,0.000,0.012,0.000,0.004
21857,0.000,0.012,0.000,0.004
21858,0.000,0.012,0.000,0.004
21859,0.000,0.012,0.000,0.004
21860,0.000,0.012,0.000,0.004
21861,0.000,0.012,0.000,0.004
21862,0.000,0.012,0.000,0.004
21863,0.000,0.012,0.000,0.004
21864,0.000,0.012,0.000,0.004
21865,0.000,0.012,0.000,0.004
21866,0.000,0.012,0.000,0.004
21867,0.000,0.012,0.000,0.004
21868,0.000,0.012,0.000,0.004
21869,0.000,0.012,0.000,0.004
21870,0.000,0.012,0.000,0.004
21871,0.000,0.012,0.000,0.004
21872,0.000,0.012,0.000,0.004
21873,0.000,0.012,0.000,0.004
21874,0.000,0.012,0.000,0.004
21875,0.000,0.012,0.000,0.004
21876,0.000,0.012,0.000,0.004
21877,0.000,0.012,0.000,0.004
21878,0.000,0.012,0.000,0.004
21879,0.000,0.012,0.000,0.004
21880,0.000,0.012,0.000,0.004
21881,0.000,0.012,0.000,0.004
21882,0.000,0.012,0.000,0.004
21883,0.000,0.012,0.000,0.004
21884,0.000,0.012,0.000,0.004
21885,0.000,0.012,0.000,0.004
21886,0.000,0.012,0.000,0.004
21887,0.000,0.012,0.000,0.004
21888,0.000,0.012,0.000,0.004
21889,0.000,0.012,0.000,0.004
21890,0.000,0.012,0.000,0.004
21891,0.000,0.012,0.000,0.004
21892,0.000,0.012,0.000,0.004
21893,0.000,0.012,0.000,0.004
21894,0.000,0.012,0.000,0.004
21895,0.000,0.012,0.000,0.004
21896,0.000,0.012,0.000,0.004
21897,0.000,0.012,0.000,0.004
21898,0.000,0.012,0.000,0.004
21899,0.000,0.012,0.000,0.004
21900,0.000,0.012,0.000,0.004
21901,0.000,0.012,0.000,0.004
21902,0.000,0.012,0.000,0.004
21903,0.000,0.012,0.000,0.004
21904,0.000,0.012,0.000,0.004
21905,0.000,0.012,0.000,0.004
21906,0.000,0.012,0.000,0.004
21907,0.000,0.012,0.000,0.004
21908,0.000,0.012,0.000,0.004
21909,0.000,0.012,0.000,0.004
21910,0.000,0.012,0.000,0.004
21911,0.000,0.012,0.000,0.004
21912,0.000,0.012,0.000,0.004
21913,0.000,0.012,0.000,0.004
21914,0.000,0.012,0.000,0.004
21915,0.000,0.012,0.000,0.004
21916,0.000,0.012,0.000,0.004
21917,0.000,0.012,0.000,0.004
21918,0.000,0.012,0.000,0.004
21919,0.000,0.012,0.000,0.004
21920,0.000,0.012,0.000,0.004
21921,0.000,0.012,0.000,0.004
21922,0.000,0.012,0.000,0.004
21923,0.000,0.012,0.000,0.004
21924,0.000,0.012,0.000,0.004
21925,0.000,0.012,0.000,0.004
21926,0.000,0.012,0.000,0.004
21927,0.000,0.012,0.000,0.004
21928,0.000,0.012,0.000,0.004
21929,0.000,0.012,0.000,0.004
21930,0.000,0.012,0.000,0.004
21931,0.000,0.012,0.000,0.004
21932,0.000,0.012,0.000,0.004
21933,0.000,0.012,0.000,0.004
21934,0.000,0.012,0.000,0.004
21935,0.000,0.012,0.000,0.004
21936,0.000,0.012,0.000,0.004
21937,0.000,0.012,0.000,0.004
21938,0.000,0.012,0.000,0.004
21939,0.000,0.012,0.000,0.004
21940,0.000,0.012,0.000,0.004
21941,0.000,0.012,0.000,0.004
21942,0.000,0.012,0.000,0.004
21943,0.000,0.012,0.000,0.004
21944,0.000,0.012,0.000,0.004
21945,0.000,0.012,0.000,0.004
21946,0.000,0.012,0.000,0.004
21947,0.000,0.012,0.000,0.004
21948,0.000,0.012,0.000,0.004
21949,0.000,0.012,0.000,0.004
21950,0.000,0.012,0.000,0.004
21951,0.000,0.012,0.000,0.004
21952,0.000,0.012,0.000,0.004
21953,0.000,0.012,0.000,0.004
21954,0.000,0.012,0.000,0.004
21955,0.000,0.012,0.000,0.004
21956,0.000,0.012,0.000,0.004
21957,0.000,0.012,0.000,0.004
21958,0.000,0.012,0.000,0.004
21959,0.000,0.012,0.000,0.004
21960,0.000,0.012,0.000,0.004
21961,0.000,0.012,0.000,0.004
21962,0.000,0.012,0.000,0.004
21963,0.000,0.012,0.000,0.004
21964,0.000,0.012,0.000,0.004
21965,0.000,0.012,0.000,0.004
21966,0.000,0.012,0.000,0.004
21967,0.000,0.012,0.000,0.004
21968,0.000,0.012,0.000,0.004
21969,0.000,0.012,0.000,0.004
21970,0.000,0.012,0.000,0.004
21971,0.000,0.012,0.000,0.004
21972,0.000,0.012,0.000,0.004
21973,0.000,0.012,0.000,0.004
21974,0.000,0.012,0.000,0.004
21975,0.000,0.012,0.000,0.004
21976,0.000,0.012,0.000,0.004
21977,0.000,0.012,0.000,0.004
21978,0.000,0.012,0.000,0.004
21979,0.000,0.012,0.000,0.004
21980,0.000,0.012,0.000,0.004
21981,0.000,0.012,0.000,0.004
21982,0.000,0.012,0.000,0.004
21983,0.000,0.012,0.000,0.004
21984,0.000,0.012,0.000,0.004
21985,0.000,0.012,0.000,0.004
21986,0.000,0.012,0.000,0.004
21987,0.000,0.012,0.000,0.004
21988,0.000,0.012,0.000,0.004
21989,0.000,0.012,0.000,0.004
21990,0.000,0.012,0.000,0.004
21991,0.000,0.012,0.000,0.004
21992,0.000,0.012,0.000,0.004
21993,0.000,0.012,0.000,0.004
21994,0.000,0.012,0.000,0.004
21995,0.000,0.012,0.000,0.004
21996,0.000,0.012,0.000,0.004
21997,0.000,0.012,0.000,0.004
21998,0.000,0.012,0.000,0.004
21999,0.000,0.012,0.000,0.004
22000,0.000,0.012,0.000,0.004
22001,0.000,0.012,0.000,0.004
22002,0.000,0.012,0.000,0.004
22003,0.000,0.012,0.000,0.004
22004,0.000,0.012,0.000,0.004
22005,0.000,0.012,0.000,0.004
22006,0.000,0.012,0.000,0.004
22007,0.000,0.012,0.000,0.004
22008,0.000,0.012,0.000,0.004
22009,0.000,0.012,0.000,0.004
22010,0.000,0.012,0.000,0.004
22011,0.000,0.012,0.000,0.004
22012,0.000,0.012,0.000,0.004
22013,0.000,0.012,0.000,0.004
22014,0.000,0.012,0.000,0.004
22015,0.000,0.012,0.000,0.004
22016,0.000,0.012,0.000,0.004
22017,0.000,0.012,0.000,0.004
22018,0.000,0.012,0.000,0.004
22019,0.000,0.012,0.000,0.004
22020,0.000,0.012,0.000,0.004
22021,0.000,0.012,0.000,0.004
22022,0.000,0.012,0.000,0.004
22023,0.000,0.012,0.000,0.004
22024,0.000,0.012,0.000,0.004
22025,0.000,0.012,0.000,0.004
22026,0.000,0.012,0.000,0.004
22027,0.000,0.012,0.000,0.004
22028,0.000,0.012,0.000,0.004
22029,0.000,0.012,0.000,0.004
22030,0.000,0.012,0.000,0.004
22031,0.000,0.012,0.000,0.004
22032,0.000,0.012,0.000,0.004
22033,0.000,0.012,0.000,0.004
22034,0.000,0.012,0.000,0.004
22035,0.000,0.012,0.000,0.004
22036,0.000,0.012,0.000,0.004
22037,0.000,0.012,0.000,0.004
22038,0.000,0.012,0.000,0.004
22039,0.000,0.012,0.000,0.004
22040,0.000,0.012,0.000,0.004
22041,0.000,0.012,0.000,0.004
22042,0.000,0.012,0.000,0.004
22043,0.000,0.012,0.000,0.004
22044,0.000,0.012,0.000,0.004
22045,0.000,0.012,0.000,0.004
22046,0.000,0.012,0.000,0.004
22047,0.000,0.012,0.000,0.004
22048,0.000,0.012,0.000,0.004
22049,0.000,0.012,0.000,0.004
22050,0.000,0.012,0.000,0.004
22051,0.000,0.012,0.000,0.004
22052,0.000,0.012,0.000,0.004
22053,0.000,0.012,0.000,0.004
22054,0.000,0.012,0.000,0.004
22055,0.000,0.012,0.000,0.004
22056,0.000,0.012,0.000,0.004
22057,0.000,0.012,0.000,0.004
22058,0.000,0.012,0.000,0.004
22059,0.000,0.012,0.000,0.004
22060,0.000,0.012,0.000,0.004
22061,0.000,0.012,0.000,0.004
22062,0.000,0.012,0.000,0.004
22063,0.000,0.012,0.000,0.004
22064,0.000,0.012,0.000,0.004
22065,0.000,0.012,0.000,0.004
22066,0.000,0.012,0.000,0.004
22067,0.000,0.012,0.000,0.004
22068,0.000,0.012,0.000,0.004
22069,0.000,0.012,0.000,0.004
22070,0.000,0.012,0.000,0.004
22071,0.000,0.012,0.000,0.004
22072,0.000,0.012,0.000,0.004
22073,0.000,0.012,0.000,0.004
22074,0.000,0.012,0.000,0.004
22075,0.000,0.012,0.000,0.004
22076,0.000,0.012,0.000,0.004
22077,0.000,0.012,0.000,0.004
22078,0.000,0.012,0.000,0.004
22079,0.000,0.012,0.000,0.004
22080,0.000,0.012,0.000,0.004
22081,0.000,0.012,0.000,0.004
22082,0.000,0.012,0.000,0.004
22083,0.000,0.012,0.000,0.004
22084,0.000,0.012,0.000,0.004
22085,0.000,0.012,0.000,0.004
22086,0.000,0.012,0.000,0.004
22087,0.000,0.012,0.000,0.004
22088,0.000,0.012,0.000,0.004
22089,0.000,0.012,0.000,0.004
22090,0.000,0.012,0.000,0.004
22091,0.000,0.012,0.000,0.004
22092,0.000,0.012,0.000,0.004
22093,0.000,0.012,0.000,0.004
22094,0.000,0.012,0.000,0.004
22095,0.000,0.012,0.000,0.004
22096,0.000,0.012,0.000,0.004
22097,0.000,0.012,0.000,0.004
22098,0.000,0.012,0.000,0.004
22099,0.000,0.012,0.000,0.004
22100,0.000,0.012,0.000,0.004
22101,0.000,0.012,0.000,0.004
22102,0.000,0.012,0.000,0.004
22103,0.000,0.012,0.000,0.004
22104,0.000,0.012,0.000,0.004
22105,0.000,0.012,0.000,0.004
22106,0.000,0.012,0.000,0.004
22107,0.000,0.012,0.000,0.004
22108,0.000,0.012,0.000,0.004
22109,0.000,0.012,0.000,0.004
22110,0.000,0.012,0.000,0.004
22111,0.000,0.012,0.000,0.004
22112,0.000,0.012,0.000,0.004
22113,0.000,0.012,0.000,0.004
22114,0.000,0.012,0.000,0.004
22115,0.000,0.012,0.000,0.004
22116,0.000,0.012,0.000,0.004
22117,0.000,0.012,0.000,0.004
22118,0.000,0.012,0.000,0.004
22119,0.000,0.012,0.000,0.004
22120,0.000,0.012,0.000,0.004
22121,0.000,0.012,0.000,0.004
22122,0.000,0.012,0.000,0.004
22123,0.000,0.012,0.000,0.004
22124,0.000,0.012,0.000,0.004
22125,0.000,0.012,0.000,0.004
22126,0.000,0.012,0.000,0.004
22127,0.000,0.012,0.000,0.004
22128,0.000,0.012,0.000,0.004
22129,0.000,0.012,0.000,0.004
22130,0.000,0.012,0.000,0.004
22131,0.000,0.012,0.000,0.004
22132,0.000,0.012,0.000,0.004
22133,0.000,0.012,0.000,0.004
22134,0.000,0.012,0.000,0.004
22135,0.000,0.012,0.000,0.004
22136,0.000,0.012,0.000,0.004
22137,0.000,0.012,0.000,0.004
22138,0.000,0.012,0.000,0.004
22139,0.000,0.012,0.000,0.004
22140,0.000,0.012,0.000,0.004
22141,0.000,0.012,0.000,0.004
22142,0.000,0.012,0.000,0.004
22143,0.000,0.012,0.000,0.004
22144,0.000,0.012,0.000,0.004
22145,0.000,0.012,0.000,0.004
22146,0.000,0.012,0.000,0.004
22147,0.000,0.012,0.000,0.004
22148,0.000,0.012,0.000,0.004
22149,0.000,0.012,0.000,0.004
22150,0.000,0.012,0.000,0.004
22151,0.000,0.012,0.000,0.004
22152,0.000,0.012,0.000,0.004
22153,0.000,0.012,0.000,0.004
22154,0.000,0.012,0.000,0.004
22155,0.000,0.012,0.000,0.004
22156,0.000,0.012,0.000,0.004
22157,0.000,0.012,0.000,0.004
22158,0.000,0.012,0.000,0.004
22159,0.000,0.012,0.000,0.004
22160,0.000,0.012,0.000,0.004
22161,0.000,0.012,0.000,0.004
22162,0.000,0.012,0.000,0.004
22163,0.000,0.012,0.000,0.004
22164,0.000,0.012,0.000,0.004
22165,0.000,0.012,0.000,0.004
22166,0.000,0.012,0.000,0.004
22167,0.000,0.012,0.000,0.004
22168,0.000,0.012,0.000,0.004
22169,0.000,0.012,0.000,0.004
22170,0.000,0.012,0.000,0.004
22171,0.000,0.012,0.000,0.004
22172,0.000,0.012,0.000,0.004
22173,0.000,0.012,0.000,0.004
22174,0.000,0.012,0.000,0.004
22175,0.000,0.012,0.000,0.004
22176,0.000,0.012,0.000,0.004
22177,0.000,0.012,0.000,0.004
22178,0.000,0.012,0.000,0.004
22179,0.000,0.012,0.000,0.004
22180,0.000,0.012,0.000,0.004
22181,0.000,0.012,0.000,0.004
22182,0.000,0.012,0.000,0.004
22183,0.000,0.012,0.000,0.004
22184,0.000,0.012,0.000,0.004
22185,0.000,0.012,0.000,0.004
22186,0.000,0.012,0.000,0.004
22187,0.000,0.012,0.000,0.004
22188,0.000,0.012,0.000,0.004
22189,0.000,0.012,0.000,0.004
22190,0.000,0.012,0.000,0.004
22191,0.000,0.012,0.000,0.004
22192,0.000,0.012,0.000,0.004
22193,0.000,0.012,0.000,0.004
22194,0.000,0.012,0.000,0.004
22195,0.000,0.012,0.000,0.004
22196,0.000,0.012,0.000,0.004
22197,0.000,0.012,0.000,0.004
22198,0.000,0.012,0.000,0.004
22199,0.000,0.012,0.000,0.004
22200,0.000,0.012,0.000,0.004
22201,0.000,0.012,0.000,0.004
22202,0.000,0.012,0.000,0.004
22203,0.000,0.012,0.000,0.004
22204,0.000,0.012,0.000,0.004
22205,0.000,0.012,0.000,0.004
22206,0.000,0.012,0.000,0.004
22207,0.000,0.012,0.000,0.004
22208,0.000,0.012,0.000,0.004
22209,0.000,0.012,0.000,0.004
22210,0.000,0.012,0.000,0.004
22211,0.000,0.012,0.000,0.004
22212,0.000,0.012,0.000,0.004
22213,0.000,0.012,0.000,0.004
22214,0.000,0.012,0.000,0.004
22215,0.000,0.012,0.000,0.004
22216,0.000,0.012,0.000,0.004
22217,0.000,0.012,0.000,0.004
22218,0.000,0.012,0.000,0.004
22219,0.000,0.012,0.000,0.004
22220,0.000,0.012,0.000,0.004
22221,0.000,0.012,0.000,0.004
22222,0.000,0.012,0.000,0.004
22223,0.000,0.012,0.000,0.004
22224,0.000,0.012,0.000,0.004
22225,0.000,0.012,0.000,0.004
22226,0.000,0.012,0.000,0.004
22227,0.000,0.012,0.000,0.004
22228,0.000,0.012,0.000,0.004
22229,0.000,0.012,0.000,0.004
22230,0.000,0.012,0.000,0.004
22231,0.000,0.012,0.000,0.004
22232,0.000,0.012,0.000,0.004
22233,0.000,0.012,0.000,0.004
22234,0.000,0.012,0.000,0.004
22235,0.000,0.012,0.000,0.004
22236,0.000,0.012,0.000,0.004
22237,0.000,0.012,0.000,0.004
22238,0.000,0.012,0.000,0.004
22239,0.000,0.012,0.000,0.004
22240,0.000,0.012,0.000,0.004
22241,0.000,0.012,0.000,0.004
22242,0.000,0.012,0.000,0.004
22243,0.000,0.012,0.000,0.004
22244,0.000,0.012,0.000,0.004
22245,0.000,0.012,0.000,0.004
22246,0.000,0.012,0.000,0.004
22247,0.000,0.012,0.000,0.004
22248,0.000,0.012,0.000,0.004
22249,0.000,0.012,0.000,0.004
22250,0.000,0.012,0.000,0.004
22251,0.000,0.012,0.000,0.004
22252,0.000,0.012,0.000,0.004
22253,0.000,0.012,0.000,0.004
22254,0.000,0.012,0.000,0.004
22255,0.000,0.012,0.000,0.004
22256,0.000,0.012,0.000,0.004
22257,0.000,0.012,0.000,0.004
22258,0.000,0.012,0.000,0.004
22259,0.000,0.012,0.000,0.004
22260,0.000,0.012,0.000,0.004
22261,0.000,0.012,0.000,0.004
22262,0.000,0.012,0.000,0.004
22263,0.000,0.012,0.000,0.004
22264,0.000,0.012,0.000,0.004
22265,0.000,0.012,0.000,0.004
22266,0.000,0.012,0.000,0.004
22267,0.000,0.012,0.000,0.004
22268,0.000,0.012,0.000,0.004
22269,0.000,0.012,0.000,0.004
22270,0.000,0.012,0.000,0.004
22271,0.000,0.012,0.000,0.004
22272,0.000,0.012,0.000,0.004
22273,0.000,0.012,0.000,0.004
22274,0.000,0.012,0.000,0.004
22275,0.000,0.012,0.000,0.004
22276,0.000,0.012,0.000,0.004
22277,0.000,0.012,0.000,0.004
22278,0.000,0.012,0.000,0.004
22279,0.000,0.012,0.000,0.004
22280,0.000,0.012,0.000,0.004
22281,0.000,0.012,0.000,0.004
22282,0.000,0.012,0.000,0.004
22283,0.000,0.012,0.000,0.004
22284,0.000,0.012,0.000,0.004
22285,0.000,0.012,0.000,0.004
22286,0.000,0.012,0.000,0.004
22287,0.000,0.012,0.000,0.004
22288,0.000,0.012,0.000,0.004
22289,0.000,0.012,0.000,0.004
22290,0.000,0.012,0.000,0.004
22291,0.000,0.012,0.000,0.004
22292,0.000,0.012,0.000,0.004
22293,0.000,0.012,0.000,0.004
22294,0.000,0.012,0.000,0.004
22295,0.000,0.012,0.000,0.004
22296,0.000,0.012,0.000,0.004
22297,0.000,0.012,0.000,0.004
22298,0.000,0.012,0.000,0.004
22299,0.000,0.012,0.000,0.004
22300,0.000,0.012,0.000,0.004
22301,0.000,0.012,0.000,0.004
22302,0.000,0.012,0.000,0.004
22303,0.000,0.012,0.000,0.004
22304,0.000,0.012,0.000,0.004
22305,0.000,0.012,0.000,0.004
22306,0.000,0.012,0.000,0.004
22307,0.000,0.012,0.000,0.004
22308,0.000,0.012,0.000,0.004
22309,0.000,0.012,0.000,0.004
22310,0.000,0.012,0.000,0.004
22311,0.000,0.012,0.000,0.004
22312,0.000,0.012,0.000,0.004
22313,0.000,0.012,0.000,0.004
22314,0.000,0.012,0.000,0.004
22315,0.000,0.012,0.000,0.004
22316,0.000,0.012,0.000,0.004
22317,0.000,0.012,0.000,0.004
22318,0.000,0.012,0.000,0.004
22319,0.000,0.012,0.000,0.004
22320,0.000,0.012,0.000,0.004
22321,0.000,0.012,0.000,0.004
22322,0.000,0.012,0.000,0.004
22323,0.000,0.012,0.000,0.004
22324,0.000,0.012,0.000,0.004
22325,0.000,0.012,0.000,0.004
22326,0.000,0.012,0.000,0.004
22327,0.000,0.012,0.000,0.004
22328,0.000,0.012,0.000,0.004
22329,0.000,0.012,0.000,0.004
22330,0.000,0.012,0.000,0.004
22331,0.000,0.012,0.000,0.004
22332,0.000,0.012,0.000,0.004
22333,0.000,0.012,0.000,0.004
22334,0.000,0.012,0.000,0.004
22335,0.000,0.012,0.000,0.004
22336,0.000,0.012,0.000,0.004
22337,0.000,0.012,0.000,0.004
22338,0.000,0.012,0.000,0.004
22339,0.000,0.012,0.000,0.004
22340,0.000,0.012,0.000,0.004
22341,0.000,0.012,0.000,0.004
22342,0.000,0.012,0.000,0.004
22343,0.000,0.012,0.000,0.004
22344,0.000,0.012,0.000,0.004
22345,0.000,0.012,0.000,0.004
22346,0.000,0.012,0.000,0.004
22347,0.000,0.012,0.000,0.004
22348,0.000,0.012,0.000,0.004
22349,0.000,0.012,0.000,0.004
22350,0.000,0.012,0.000,0.004
22351,0.000,0.012,0.000,0.004
22352,0.000,0.012,0.000,0.004
22353,0.000,0.012,0.000,0.004
22354,0.000,0.012,0.000,0.004
22355,0.000,0.012,0.000,0.004
22356,0.000,0.012,0.000,0.004
22357,0.000,0.012,0.000,0.004
22358,0.000,0.012,0.000,0.004
22359,0.000,0.012,0.000,0.004
22360,0.000,0.012,0.000,0.004
22361,0.000,0.012,0.000,0.004
22362,0.000,0.012,0.000,0.004
22363,0.000,0.012,0.000,0.004
22364,0.000,0.012,0.000,0.004
22365,0.000,0.012,0.000,0.004
22366,0.000,0.012,0.000,0.004
22367,0.000,0.012,0.000,0.004
22368,0.000,0.012,0.000,0.004
22369,0.000,0.012,0.000,0.004
22370,0.000,0.012,0.000,0.004
22371,0.000,0.012,0.000,0.004
22372,0.000,0.012,0.000,0.004
22373,0.000,0.012,0.000,0.004
22374,0.000,0.012,0.000,0.004
22375,0.000,0.012,0.000,0.004
22376,0.000,0.012,0.000,0.004
22377,0.000,0.012,0.000,0.004
22378,0.000,0.012,0.000,0.004
22379,0.000,0.012,0.000,0.004
22380,0.000,0.012,0.000,0.004
22381,0.000,0.012,0.000,0.004
22382,0.000,0.012,0.000,0.004
22383,0.000,0.012,0.000,0.004
22384,0.000,0.012,0.000,0.004
22385,0.000,0.012,0.000,0.004
22386,0.000,0.012,0.000,0.004
22387,0.000,0.012,0.000,0.004
22388,0.000,0.012,0.000,0.004
22389,0.000,0.012,0.000,0.004
22390,0.000,0.012,0.000,0.004
22391,0.000,0.012,0.000,0.004
22392,0.000,0.012,0.000,0.004
22393,0.000,0.012,0.000,0.004
22394,0.000,0.012,0.000,0.004
22395,0.000,0.012,0.000,0.004
22396,0.000,0.012,0.000,0.004
22397,0.000,0.012,0.000,0.004
22398,0.000,0.012,0.000,0.004
22399,0.000,0.012,0.000,0.004
22400,0.000,0.012,0.000,0.004
22401,0.000,0.012,0.000,0.004
22402,0.000,0.012,0.000,0.004
22403,0.000,0.012,0.000,0.004
22404,0.000,0.012,0.000,0.004
22405,0.000,0.012,0.000,0.004
22406,0.000,0.012,0.000,0.004
22407,0.000,0.012,0.000,0.004
22408,0.000,0.012,0.000,0.004
22409,0.000,0.012,0.000,0.004
22410,0.000,0.012,0.000,0.004
22411,0.000,0.012,0.000,0.004
22412,0.000,0.012,0.000,0.004
22413,0.000,0.012,0.000,0.004
22414,0.000,0.012,0.000,0.004
22415,0.000,0.012,0.000,0.004
22416,0.000,0.012,0.000,0.004
22417,0.000,0.012,0.000,0.004
22418,0.000,0.012,0.000,0.004
22419,0.000,0.012,0.000,0.004
22420,0.000,0.012,0.000,0.004
22421,0.000,0.012,0.000,0.004
22422,0.000,0.012,0.000,0.004
22423,0.000,0.012,0.000,0.004
22424,0.000,0.012,0.000,0.004
22425,0.000,0.012,0.000,0.004
22426,0.000,0.012,0.000,0.004
22427,0.000,0.012,0.000,0.004
22428,0.000,0.012,0.000,0.004
22429,0.000,0.012,0.000,0.004
22430,0.000,0.012,0.000,0.004
22431,0.000,0.012,0.000,0.004
22432,0.000,0.012,0.000,0.004
22433,0.000,0.012,0.000,0.004
22434,0.000,0.012,0.000,0.004
22435,0.000,0.012,0.000,0.004
22436,0.000,0.012,0.000,0.004
22437,0.000,0.012,0.000,0.004
22438,0.000,0.012,0.000,0.004
22439,0.000,0.012,0.000,0.004
22440,0.000,0.012,0.000,0.004
22441,0.000,0.012,0.000,0.004
22442,0.000,0.012,0.000,0.004
22443,0.000,0.012,0.000,0.004
22444,0.000,0.012,0.000,0.004
22445,0.000,0.012,0.000,0.004
22446,0.000,0.012,0.000,0.004
22447,0.000,0.012,0.000,0.004
22448,0.000,0.012,0.000,0.004
22449,0.000,0.012,0.000,0.004
22450,0.000,0.012,0.000,0.004
22451,0.000,0.012,0.000,0.004
22452,0.000,0.012,0.000,0.004
22453,0.000,0.012,0.000,0.004
22454,0.000,0.012,0.000,0.004
22455,0.000,0.012,0.000,0.004
22456,0.000,0.012,0.000,0.004
22457,0.000,0.012,0.000,0.004
22458,0.000,0.012,0.000,0.004
22459,0.000,0.012,0.000,0.004
22460,0.000,0.012,0.000,0.004
22461,0.000,0.012,0.000,0.004
22462,0.000,0.012,0.000,0.004
22463,0.000,0.012,0.000,0.004
22464,0.000,0.012,0.000,0.004
22465,0.000,0.012,0.000,0.004
22466,0.000,0.012,0.000,0.004
22467,0.000,0.012,0.000,0.004
22468,0.000,0.012,0.000,0.004
22469,0.000,0.012,0.000,0.004
22470,0.000,0.012,0.000,0.004
22471,0.000,0.012,0.000,0.004
22472,0.000,0.012,0.000,0.004
22473,0.000,0.012,0.000,0.004
22474,0.000,0.012,0.000,0.004
22475,0.000,0.012,0.000,0.004
22476,0.000,0.012,0.000,0.004
22477,0.000,0.012,0.000,0.004
22478,0.000,0.012,0.000,0.004
22479,0.000,0.012,0.000,0.004
22480,0.000,0.012,0.000,0.004
22481,0.000,0.012,0.000,0.004
22482,0.000,0.012,0.000,0.004
22483,0.000,0.012,0.000,0.004
22484,0.000,0.012,0.000,0.004
22485,0.000,0.012,0.000,0.004
22486,0.000,0.012,0.000,0.004
22487,0.000,0.012,0.000,0.004
22488,0.000,0.012,0.000,0.004
22489,0.000,0.012,0.000,0.004
22490,0.000,0.012,0.000,0.004
22491,0.000,0.012,0.000,0.004
22492,0.000,0.012,0.000,0.004
22493,0.000,0.012,0.000,0.004
22494,0.000,0.012,0.000,0.004
22495,0.000,0.012,0.000,0.004
22496,0.000,0.012,0.000,0.004
22497,0.000,0.012,0.000,0.004
22498,0.000,0.012,0.000,0.004
22499,0.000,0.012,0.000,0.004
22500,0.000,0.012,0.000,0.004
22501,0.000,0.012,0.000,0.004
22502,0.000,0.012,0.000,0.004
22503,0.000,0.012,0.000,0.004
22504,0.000,0.012,0.000,0.004
22505,0.000,0.012,0.000,0.004
22506,0.000,0.012,0.000,0.004
22507,0.000,0.012,0.000,0.004
22508,0.000,0.012,0.000,0.004
22509,0.000,0.012,0.000,0.004
22510,0.000,0.012,0.000,0.004
22511,0.000,0.012,0.000,0.004
22512,0.000,0.012,0.000,0.004
22513,0.000,0.012,0.000,0.004
22514,0.000,0.012,0.000,0.004
22515,0.000,0.012,0.000,0.004
22516,0.000,0.012,0.000,0.004
22517,0.000,0.012,0.000,0.004
22518,0.000,0.012,0.000,0.004
22519,0.000,0.012,0.000,0.004
22520,0.000,0.012,0.000,0.004
22521,0.000,0.012,0.000,0.004
22522,0.000,0.012,0.000,0.004
22523,0.000,0.012,0.000,0.004
22524,0.000,0.012,0.000,0.004
22525,0.000,0.012,0.000,0.004
22526,0.000,0.012,0.000,0.004
22527,0.000,0.012,0.000,0.004
22528,0.000,0.012,0.000,0.004
22529,0.000,0.012,0.000,0.004
22530,0.000,0.012,0.000,0.004
22531,0.000,0.012,0.000,0.004
22532,0.000,0.012,0.000,0.004
22533,0.000,0.012,0.000,0.004
22534,0.000,0.012,0.000,0.004
22535,0.000,0.012,0.000,0.004
22536,0.000,0.012,0.000,0.004
22537,0.000,0.012,0.000,0.004
22538,0.000,0.012,0.000,0.004
22539,0.000,0.012,0.000,0.004
22540,0.000,0.012,0.000,0.004
22541,0.000,0.012,0.000,0.004
22542,0.000,0.012,0.000,0.004
22543,0.000,0.012,0.000,0.004
22544,0.000,0.012,0.000,0.004
22545,0.000,0.012,0.000,0.004
22546,0.000,0.012,0.000,0.004
22547,0.000,0.012,0.000,0.004
22548,0.000,0.012,0.000,0.004
22549,0.000,0.012,0.000,0.004
22550,0.000,0.012,0.000,0.004
22551,0.000,0.012,0.000,0.004
22552,0.000,0.012,0.000,0.004
22553,0.000,0.012,0.000,0.004
22554,0.000,0.012,0.000,0.004
22555,0.000,0.012,0.000,0.004
22556,0.000,0.012,0.000,0.004
22557,0.000,0.012,0.000,0.004
22558,0.000,0.012,0.000,0.004
22559,0.000,0.012,0.000,0.004
22560,0.000,0.012,0.000,0.004
22561,0.000,0.012,0.000,0.004
22562,0.000,0.012,0.000,0.004
22563,0.000,0.012,0.000,0.004
22564,0.000,0.012,0.000,0.004
22565,0.000,0.012,0.000,0.004
22566,0.000,0.012,0.000,0.004
22567,0.000,0.012,0.000,0.004
22568,0.000,0.012,0.000,0.004
22569,0.000,0.012,0.000,0.004
22570,0.000,0.012,0.000,0.004
22571,0.000,0.012,0.000,0.004
22572,0.000,0.012,0.000,0.004
22573,0.000,0.012,0.000,0.004
22574,0.000,0.012,0.000,0.004
22575,0.000,0.012,0.000,0.004
22576,0.000,0.012,0.000,0.004
22577,0.000,0.012,0.000,0.004
22578,0.000,0.012,0.000,0.004
22579,0.000,0.012,0.000,0.004
22580,0.000,0.012,0.000,0.004
22581,0.000,0.012,0.000,0.004
22582,0.000,0.012,0.000,0.004
22583,0.000,0.012,0.000,0.004
22584,0.000,0.012,0.000,0.004
22585,0.000,0.012,0.000,0.004
22586,0.000,0.012,0.000,0.004
22587,0.000,0.012,0.000,0.004
22588,0.000,0.012,0.000,0.004
22589,0.000,0.012,0.000,0.004
22590,0.000,0.012,0.000,0.004
22591,0.000,0.012,0.000,0.004
22592,0.000,0.012,0.000,0.004
22593,0.000,0.012,0.000,0.004
22594,0.000,0.012,0.000,0.004
22595,0.000,0.012,0.000,0.004
22596,0.000,0.012,0.000,0.004
22597,0.000,0.012,0.000,0.004
22598,0.000,0.012,0.000,0.004
22599,0.000,0.012,0.000,0.004
22600,0.000,0.012,0.000,0.004
22601,0.000,0.012,0.000,0.004
22602,0.000,0.012,0.000,0.004
22603,0.000,0.012,0.000,0.004
22604,0.000,0.012,0.000,0.004
22605,0.000,0.012,0.000,0.004
22606,0.000,0.012,0.000,0.004
22607,0.000,0.012,0.000,0.004
22608,0.000,0.012,0.000,0.004
22609,0.000,0.012,0.000,0.004
22610,0.000,0.012,0.000,0.004
22611,0.000,0.012,0.000,0.004
22612,0.000,0.012,0.000,0.004
22613,0.000,0.012,0.000,0.004
22614,0.000,0.012,0.000,0.004
22615,0.000,0.012,0.000,0.004
22616,0.000,0.012,0.000,0.004
22617,0.000,0.012,0.000,0.004
22618,0.000,0.012,0.000,0.004
22619,0.000,0.012,0.000,0.004
22620,0.000,0.012,0.000,0.004
22621,0.000,0.012,0.000,0.004
22622,0.000,0.012,0.000,0.004
22623,0.000,0.012,0.000,0.004
22624,0.000,0.012,0.000,0.004
22625,0.000,0.012,0.000,0.004
22626,0.000,0.012,0.000,0.004
22627,0.000,0.012,0.000,0.004
22628,0.000,0.012,0.000,0.004
22629,0.000,0.012,0.000,0.004
22630,0.000,0.012,0.000,0.004
22631,0.000,0.012,0.000,0.004
22632,0.000,0.012,0.000,0.004
22633,0.000,0.012,0.000,0.004
22634,0.000,0.012,0.000,0.004
22635,0.000,0.012,0.000,0.004
22636,0.000,0.012,0.000,0.004
22637,0.000,0.012,0.000,0.004
22638,0.000,0.012,0.000,0.004
22639,0.000,0.012,0.000,0.004
22640,0.000,0.012,0.000,0.004
22641,0.000,0.012,0.000,0.004
22642,0.000,0.012,0.000,0.004
22643,0.000,0.012,0.000,0.004
22644,0.000,0.012,0.000,0.004
22645,0.000,0.012,0.000,0.004
22646,0.000,0.012,0.000,0.004
22647,0.000,0.012,0.000,0.004
22648,0.000,0.012,0.000,0.004
22649,0.000,0.012,0.000,0.004
22650,0.000,0.012,0.000,0.004
22651,0.000,0.012,0.000,0.004
22652,0.000,0.012,0.000,0.004
22653,0.000,0.012,0.000,0.004
22654,0.000,0.012,0.000,0.004
22655,0.000,0.012,0.000,0.004
22656,0.000,0.012,0.000,0.004
22657,0.000,0.012,0.000,0.004
22658,0.000,0.012,0.000,0.004
22659,0.000,0.012,0.000,0.004
22660,0.000,0.012,0.000,0.004
22661,0.000,0.012,0.000,0.004
22662,0.000,0.012,0.000,0.004
22663,0.000,0.012,0.000,0.004
22664,0.000,0.012,0.000,0.004
22665,0.000,0.012,0.000,0.004
22666,0.000,0.012,0.000,0.004
22667,0.000,0.012,0.000,0.004
22668,0.000,0.012,0.000,0.004
22669,0.000,0.012,0.000,0.004
22670,0.000,0.012,0.000,0.004
22671,0.000,0.012,0.000,0.004
22672,0.000,0.012,0.000,0.004
22673,0.000,0.012,0.000,0.004
22674,0.000,0.012,0.000,0.004
22675,0.000,0.012,0.000,0.004
22676,0.000,0.012,0.000,0.004
22677,0.000,0.012,0.000,0.004
22678,0.000,0.012,0.000,0.004
22679,0.000,0.012,0.000,0.004
22680,0.000,0.012,0.000,0.004
22681,0.000,0.012,0.000,0.004
22682,0.000,0.012,0.000,0.004
22683,0.000,0.012,0.000,0.004
22684,0.000,0.012,0.000,0.004
22685,0.000,0.012,0.000,0.004
22686,0.000,0.012,0.000,0.004
22687,0.000,0.012,0.000,0.004
22688,0.000,0.012,0.000,0.004
22689,0.000,0.012,0.000,0.004
22690,0.000,0.012,0.000,0.004
22691,0.000,0.012,0.000,0.004
22692,0.000,0.012,0.000,0.004
22693,0.000,0.012,0.000,0.004
22694,0.000,0.012,0.000,0.004
22695,0.000,0.012,0.000,0.004
22696,0.000,0.012,0.000,0.004
22697,0.000,0.012,0.000,0.004
22698,0.000,0.012,0.000,0.004
22699,0.000,0.012,0.000,0.004
22700,0.000,0.012,0.000,0.004
22701,0.000,0.012,0.000,0.004
22702,0.000,0.012,0.000,0.004
22703,0.000,0.012,0.000,0.004
22704,0.000,0.012,0.000,0.004
22705,0.000,0.012,0.000,0.004
22706,0.000,0.012,0.000,0.004
22707,0.000,0.012,0.000,0.004
22708,0.000,0.012,0.000,0.004
22709,0.000,0.012,0.000,0.004
22710,0.000,0.012,0.000,0.004
22711,0.000,0.012,0.000,0.004
22712,0.000,0.012,0.000,0.004
22713,0.000,0.012,0.000,0.004
22714,0.000,0.012,0.000,0.004
22715,0.000,0.012,0.000,0.004
22716,0.000,0.012,0.000,0.004
22717,0.000,0.012,0.000,0.004
22718,0.000,0.012,0.000,0.004
22719,0.000,0.012,0.000,0.004
22720,0.000,0.012,0.000,0.004
22721,0.000,0.012,0.000,0.004
22722,0.000,0.012,0.000,0.004
22723,0.000,0.012,0.000,0.004
22724,0.000,0.012,0.000,0.004
22725,0.000,0.012,0.000,0.004
22726,0.000,0.012,0.000,0.004
22727,0.000,0.012,0.000,0.004
22728,0.000,0.012,0.000,0.004
22729,0.000,0.012,0.000,0.004
22730,0.000,0.012,0.000,0.004
22731,0.000,0.012,0.000,0.004
22732,0.000,0.012,0.000,0.004
22733,0.000,0.012,0.000,0.004
22734,0.000,0.012,0.000,0.004
22735,0.000,0.012,0.000,0.004
22736,0.000,0.012,0.000,0.004
22737,0.000,0.012,0.000,0.004
22738,0.000,0.012,0.000,0.004
22739,0.000,0.012,0.000,0.004
22740,0.000,0.012,0.000,0.004
22741,0.000,0.012,0.000,0.004
22742,0.000,0.012,0.000,0.004
22743,0.000,0.012,0.000,0.004
22744,0.000,0.012,0.000,0.004
22745,0.000,0.012,0.000,0.004
22746,0.000,0.012,0.000,0.004
22747,0.000,0.012,0.000,0.004
22748,0.000,0.012,0.000,0.004
22749,0.000,0.012,0.000,0.004
22750,0.000,0.012,0.000,0.004
22751,0.000,0.012,0.000,0.004
22752,0.000,0.012,0.000,0.004
22753,0.000,0.012,0.000,0.004
22754,0.000,0.012,0.000,0.004
22755,0.000,0.012,0.000,0.004
22756,0.000,0.012,0.000,0.004
22757,0.000,0.012,0.000,0.004
22758,0.000,0.012,0.000,0.004
22759,0.000,0.012,0.000,0.004
22760,0.000,0.012,0.000,0.004
22761,0.000,0.012,0.000,0.004
22762,0.000,0.012,0.000,0.004
22763,0.000,0.012,0.000,0.004
22764,0.000,0.012,0.000,0.004
22765,0.000,0.012,0.000,0.004
22766,0.000,0.012,0.000,0.004
22767,0.000,0.012,0.000,0.004
22768,0.000,0.012,0.000,0.004
22769,0.000,0.012,0.000,0.004
22770,0.000,0.012,0.000,0.004
22771,0.000,0.012,0.000,0.004
22772,0.000,0.012,0.000,0.004
22773,0.000,0.012,0.000,0.004
22774,0.000,0.012,0.000,0.004
22775,0.000,0.012,0.000,0.004
22776,0.000,0.012,0.000,0.004
22777,0.000,0.012,0.000,0.004
22778,0.000,0.012,0.000,0.004
22779,0.000,0.012,0.000,0.004
22780,0.000,0.012,0.000,0.004
22781,0.000,0.012,0.000,0.004
22782,0.000,0.012,0.000,0.004
22783,0.000,0.012,0.000,0.004
22784,0.000,0.012,0.000,0.004
22785,0.000,0.012,0.000,0.004
22786,0.000,0.012,0.000,0.004
22787,0.000,0.012,0.000,0.004
22788,0.000,0.012,0.000,0.004
22789,0.000,0.012,0.000,0.004
22790,0.000,0.012,0.000,0.004
22791,0.000,0.012,0.000,0.004
22792,0.000,0.012,0.000,0.004
22793,0.000,0.012,0.000,0.004
22794,0.000,0.012,0.000,0.004
22795,0.000,0.012,0.000,0.004
22796,0.000,0.012,0.000,0.004
22797,0.000,0.012,0.000,0.004
22798,0.000,0.012,0.000,0.004
22799,0.000,0.012,0.000,0.004
22800,0.000,0.012,0.000,0.004
22801,0.000,0.012,0.000,0.004
22802,0.000,0.012,0.000,0.004
22803,0.000,0.012,0.000,0.004
22804,0.000,0.012,0.000,0.004
22805,0.000,0.012,0.000,0.004
22806,0.000,0.012,0.000,0.004
22807,0.000,0.012,0.000,0.004
22808,0.000,0.012,0.000,0.004
22809,0.000,0.012,0.000,0.004
22810,0.000,0.012,0.000,0.004
22811,0.000,0.012,0.000,0.004
22812,0.000,0.012,0.000,0.004
22813,0.000,0.012,0.000,0.004
22814,0.000,0.012,0.000,0.004
22815,0.000,0.012,0.000,0.004
22816,0.000,0.012,0.000,0.004
22817,0.000,0.012,0.000,0.004
22818,0.000,0.012,0.000,0.004
22819,0.000,0.012,0.000,0.004
22820,0.000,0.012,0.000,0.004
22821,0.000,0.012,0.000,0.004
22822,0.000,0.012,0.000,0.004
22823,0.000,0.012,0.000,0.004
22824,0.000,0.012,0.000,0.004
22825,0.000,0.012,0.000,0.004
22826,0.000,0.012,0.000,0.004
22827,0.000,0.012,0.000,0.004
22828,0.000,0.012,0.000,0.004
22829,0.000,0.012,0.000,0.004
22830,0.000,0.012,0.000,0.004
22831,0.000,0.012,0.000,0.004
22832,0.000,0.012,0.000,0.004
22833,0.000,0.012,0.000,0.004
22834,0.000,0.012,0.000,0.004
22835,0.000,0.012,0.000,0.004
22836,0.000,0.012,0.000,0.004
22837,0.000,0.012,0.000,0.004
22838,0.000,0.012,0.000,0.004
22839,0.000,0.012,0.000,0.004
22840,0.000,0.012,0.000,0.004
22841,0.000,0.012,0.000,0.004
22842,0.000,0.012,0.000,0.004
22843,0.000,0.012,0.000,0.004
22844,0.000,0.012,0.000,0.004
22845,0.000,0.012,0.000,0.004
22846,0.000,0.012,0.000,0.004
22847,0.000,0.012,0.000,0.004
22848,0.000,0.012,0.000,0.004
22849,0.000,0.012,0.000,0.004
22850,0.000,0.012,0.000,0.004
22851,0.000,0.012,0.000,0.004
22852,0.000,0.012,0.000,0.004
22853,0.000,0.012,0.000,0.004
22854,0.000,0.012,0.000,0.004
22855,0.000,0.012,0.000,0.004
22856,0.000,0.012,0.000,0.004
22857,0.000,0.012,0.000,0.004
22858,0.000,0.012,0.000,0.004
22859,0.000,0.012,0.000,0.004
22860,0.000,0.012,0.000,0.004
22861,0.000,0.012,0.000,0.004
22862,0.000,0.012,0.000,0.004
22863,0.000,0.012,0.000,0.004
22864,0.000,0.012,0.000,0.004
22865,0.000,0.012,0.000,0.004
22866,0.000,0.012,0.000,0.004
22867,0.000,0.012,0.000,0.004
22868,0.000,0.012,0.000,0.004
22869,0.000,0.012,0.000,0.004
22870,0.000,0.012,0.000,0.004
22871,0.000,0.012,0.000,0.004
22872,0.000,0.012,0.000,0.004
22873,0.000,0.012,0.000,0.004
22874,0.000,0.012,0.000,0.004
22875,0.000,0.012,0.000,0.004
22876,0.000,0.012,0.000,0.004
22877,0.000,0.012,0.000,0.004
22878,0.000,0.012,0.000,0.004
22879,0.000,0.012,0.000,0.004
22880,0.000,0.012,0.000,0.004
22881,0.000,0.012,0.000,0.004
22882,0.000,0.012,0.000,0.004
22883,0.000,0.012,0.000,0.004
22884,0.000,0.012,0.000,0.004
22885,0.000,0.012,0.000,0.004
22886,0.000,0.012,0.000,0.004
22887,0.000,0.012,0.000,0.004
22888,0.000,0.012,0.000,0.004
22889,0.000,0.012,0.000,0.004
22890,0.000,0.012,0.000,0.004
22891,0.000,0.012,0.000,0.004
22892,0.000,0.012,0.000,0.004
22893,0.000,0.012,0.000,0.004
22894,0.000,0.012,0.000,0.004
22895,0.000,0.012,0.000,0.004
22896,0.000,0.012,0.000,0.004
22897,0.000,0.012,0.000,0.004
22898,0.000,0.012,0.000,0.004
22899,0.000,0.012,0.000,0.004
22900,0.000,0.012,0.000,0.004
22901,0.000,0.012,0.000,0.004
22902,0.000,0.012,0.000,0.004
22903,0.000,0.012,0.000,0.004
22904,0.000,0.012,0.000,0.004
22905,0.000,0.012,0.000,0.004
22906,0.000,0.012,0.000,0.004
22907,0.000,0.012,0.000,0.004
22908,0.000,0.012,0.000,0.004
22909,0.000,0.012,0.000,0.004
22910,0.000,0.012,0.000,0.004
22911,0.000,0.012,0.000,0.004
22912,0.000,0.012,0.000,0.004
22913,0.000,0.012,0.000,0.004
22914,0.000,0.012,0.000,0.004
22915,0.000,0.012,0.000,0.004
22916,0.000,0.012,0.000,0.004
22917,0.000,0.012,0.000,0.004
22918,0.000,0.012,0.000,0.004
22919,0.000,0.012,0.000,0.004
22920,0.000,0.012,0.000,0.004
22921,0.000,0.012,0.000,0.004
22922,0.000,0.012,0.000,0.004
22923,0.000,0.012,0.000,0.004
22924,0.000,0.012,0.000,0.004
22925,0.000,0.012,0.000,0.004
22926,0.000,0.012,0.000,0.004
22927,0.000,0.012,0.000,0.004
22928,0.000,0.012,0.000,0.004
22929,0.000,0.012,0.000,0.004
22930,0.000,0.012,0.000,0.004
22931,0.000,0.012,0.000,0.004
22932,0.000,0.012,0.000,0.004
22933,0.000,0.012,0.000,0.004
22934,0.000,0.012,0.000,0.004
22935,0.000,0.012,0.000,0.004
22936,0.000,0.012,0.000,0.004
22937,0.000,0.012,0.000,0.004
22938,0.000,0.012,0.000,0.004
22939,0.000,0.012,0.000,0.004
22940,0.000,0.012,0.000,0.004
22941,0.000,0.012,0.000,0.004
22942,0.000,0.012,0.000,0.004
22943,0.000,0.012,0.000,0.004
22944,0.000,0.012,0.000,0.004
22945,0.000,0.012,0.000,0.004
22946,0.000,0.012,0.000,0.004
22947,0.000,0.012,0.000,0.004
22948,0.000,0.012,0.000,0.004
22949,0.000,0.012,0.000,0.004
22950,0.000,0.012,0.000,0.004
22951,0.000,0.012,0.000,0.004
22952,0.000,0.012,0.000,0.004
22953,0.000,0.012,0.000,0.004
22954,0.000,0.012,0.000,0.004
22955,0.000,0.012,0.000,0.004
22956,0.000,0.012,0.000,0.004
22957,0.000,0.012,0.000,0.004
22958,0.000,0.012,0.000,0.004
22959,0.000,0.012,0.000,0.004
22960,0.000,0.012,0.000,0.004
22961,0.000,0.012,0.000,0.004
22962,0.000,0.012,0.000,0.004
22963,0.000,0.012,0.000,0.004
22964,0.000,0.012,0.000,0.004
22965,0.000,0.012,0.000,0.004
22966,0.000,0.012,0.000,0.004
22967,0.000,0.012,0.000,0.004
22968,0.000,0.012,0.000,0.004
22969,0.000,0.012,0.000,0.004
22970,0.000,0.012,0.000,0.004
22971,0.000,0.012,0.000,0.004
22972,0.000,0.012,0.000,0.004
22973,0.000,0.012,0.000,0.004
22974,0.000,0.012,0.000,0.004
22975,0.000,0.012,0.000,0.004
22976,0.000,0.012,0.000,0.004
22977,0.000,0.012,0.000,0.004
22978,0.000,0.012,0.000,0.004
22979,0.000,0.012,0.000,0.004
22980,0.000,0.012,0.000,0.004
22981,0.000,0.012,0.000,0.004
22982,0.000,0.012,0.000,0.004
22983,0.000,0.012,0.000,0.004
22984,0.000,0.012,0.000,0.004
22985,0.000,0.012,0.000,0.004
22986,0.000,0.012,0.000,0.004
22987,0.000,0.012,0.000,0.004
22988,0.000,0.012,0.000,0.004
22989,0.000,0.012,0.000,0.004
22990,0.000,0.012,0.000,0.004
22991,0.000,0.012,0.000,0.004
22992,0.000,0.012,0.000,0.004
22993,0.000,0.012,0.000,0.004
22994,0.000,0.012,0.000,0.004
22995,0.000,0.012,0.000,0.004
22996,0.000,0.012,0.000,0.004
22997,0.000,0.012,0.000,0.004
22998,0.000,0.012,0.000,0.004
22999,0.000,0.012,0.000,0.004
23000,0.000,0.012,0.000,0.004
23001,0.000,0.012,0.000,0.004
23002,0.000,0.012,0.000,0.004
23003,0.000,0.012,0.000,0.004
23004,0.000,0.012,0.000,0.004
23005,0.000,0.012,0.000,0.004
23006,0.000,0.012,0.000,0.004
23007,0.000,0.012,0.000,0.004
23008,0.000,0.012,0.000,0.004
23009,0.000,0.012,0.000,0.004
23010,0.000,0.012,0.000,0.004
23011,0.000,0.012,0.000,0.004
23012,0.000,0.012,0.000,0.004
23013,0.000,0.012,0.000,0.004
23014,0.000,0.012,0.000,0.004
23015,0.000,0.012,0.000,0.004
23016,0.000,0.012,0.000,0.004
23017,0.000,0.012,0.000,0.004
23018,0.000,0.012,0.000,0.004
23019,0.000,0.012,0.000,0.004
23020,0.000,0.012,0.000,0.004
23021,0.000,0.012,0.000,0.004
23022,0.000,0.012,0.000,0.004
23023,0.000,0.012,0.000,0.004
23024,0.000,0.012,0.000,0.004
23025,0.000,0.012,0.000,0.004
23026,0.000,0.012,0.000,0.004
23027,0.000,0.012,0.000,0.004
23028,0.000,0.012,0.000,0.004
23029,0.000,0.012,0.000,0.004
23030,0.000,0.012,0.000,0.004
23031,0.000,0.012,0.000,0.004
23032,0.000,0.012,0.000,0.004
23033,0.000,0.012,0.000,0.004
23034,0.000,0.012,0.000,0.004
23035,0.000,0.012,0.000,0.004
23036,0.000,0.012,0.000,0.004
23037,0.000,0.012,0.000,0.004
23038,0.000,0.012,0.000,0.004
23039,0.000,0.012,0.000,0.004
23040,0.000,0.012,0.000,0.004
23041,0.000,0.012,0.000,0.004
23042,0.000,0.012,0.000,0.004
23043,0.000,0.012,0.000,0.004
23044,0.000,0.012,0.000,0.004
23045,0.000,0.012,0.000,0.004
23046,0.000,0.012,0.000,0.004
23047,0.000,0.012,0.000,0.004
23048,0.000,0.012,0.000,0.004
23049,0.000,0.012,0.000,0.004
23050,0.000,0.012,0.000,0.004
23051,0.000,0.012,0.000,0.004
23052,0.000,0.012,0.000,0.004
23053,0.000,0.012,0.000,0.004
23054,0.000,0.012,0.000,0.004
23055,0.000,0.012,0.000,0.004
23056,0.000,0.012,0.000,0.004
23057,0.000,0.012,0.000,0.004
23058,0.000,0.012,0.000,0.004
23059,0.000,0.012,0.000,0.004
23060,0.000,0.012,0.000,0.004
23061,0.000,0.012,0.000,0.004
23062,0.000,0.012,0.000,0.004
23063,0.000,0.012,0.000,0.004
23064,0.000,0.012,0.000,0.004
23065,0.000,0.012,0.000,0.004
23066,0.000,0.012,0.000,0.004
23067,0.000,0.012,0.000,0.004
23068,0.000,0.012,0.000,0.004
23069,0.000,0.012,0.000,0.004
23070,0.000,0.012,0.000,0.004
23071,0.000,0.012,0.000,0.004
23072,0.000,0.012,0.000,0.004
23073,0.000,0.012,0.000,0.004
23074,0.000,0.012,0.000,0.004
23075,0.000,0.012,0.000,0.004
23076,0.000,0.012,0.000,0.004
23077,0.000,0.012,0.000,0.004
23078,0.000,0.012,0.000,0.004
23079,0.000,0.012,0.000,0.004
23080,0.000,0.012,0.000,0.004
23081,0.000,0.012,0.000,0.004
23082,0.000,0.012,0.000,0.004
23083,0.000,0.012,0.000,0.004
23084,0.000,0.012,0.000,0.004
23085,0.000,0.012,0.000,0.004
23086,0.000,0.012,0.000,0.004
23087,0.000,0.012,0.000,0.004
23088,0.000,0.012,0.000,0.004
23089,0.000,0.012,0.000,0.004
23090,0.000,0.012,0.000,0.004
23091,0.000,0.012,0.000,0.004
23092,0.000,0.012,0.000,0.004
23093,0.000,0.012,0.000,0.004
23094,0.000,0.012,0.000,0.004
23095,0.000,0.012,0.000,0.004
23096,0.000,0.012,0.000,0.004
23097,0.000,0.012,0.000,0.004
23098,0.000,0.012,0.000,0.004
23099,0.000,0.012,0.000,0.004
23100,0.000,0.012,0.000,0.004
23101,0.000,0.012,0.000,0.004
23102,0.000,0.012,0.000,0.004
23103,0.000,0.012,0.000,0.004
23104,0.000,0.012,0.000,0.004
23105,0.000,0.012,0.000,0.004
23106,0.000,0.012,0.000,0.004
23107,0.000,0.012,0.000,0.004
23108,0.000,0.012,0.000,0.004
23109,0.000,0.012,0.000,0.004
23110,0.000,0.012,0.000,0.004
23111,0.000,0.012,0.000,0.004
23112,0.000,0.012,0.000,0.004
23113,0.000,0.012,0.000,0.004
23114,0.000,0.012,0.000,0.004
23115,0.000,0.012,0.000,0.004
23116,0.000,0.012,0.000,0.004
23117,0.000,0.012,0.000,0.004
23118,0.000,0.012,0.000,0.004
23119,0.000,0.012,0.000,0.004
23120,0.000,0.012,0.000,0.004
23121,0.000,0.012,0.000,0.004
23122,0.000,0.012,0.000,0.004
23123,0.000,0.012,0.000,0.004
23124,0.000,0.012,0.000,0.004
23125,0.000,0.012,0.000,0.004
23126,0.000,0.012,0.000,0.004
23127,0.000,0.012,0.000,0.004
23128,0.000,0.012,0.000,0.004
23129,0.000,0.012,0.000,0.004
23130,0.000,0.012,0.000,0.004
23131,0.000,0.012,0.000,0.004
23132,0.000,0.012,0.000,0.004
23133,0.000,0.012,0.000,0.004
23134,0.000,0.012,0.000,0.004
23135,0.000,0.012,0.000,0.004
23136,0.000,0.012,0.000,0.004
23137,0.000,0.012,0.000,0.004
23138,0.000,0.012,0.000,0.004
23139,0.000,0.012,0.000,0.004
23140,0.000,0.012,0.000,0.004
23141,0.000,0.012,0.000,0.004
23142,0.000,0.012,0.000,0.004
23143,0.000,0.012,0.000,0.004
23144,0.000,0.012,0.000,0.004
23145,0.000,0.012,0.000,0.004
23146,0.000,0.012,0.000,0.004
23147,0.000,0.012,0.000,0.004
23148,0.000,0.012,0.000,0.004
23149,0.000,0.012,0.000,0.004
23150,0.000,0.012,0.000,0.004
23151,0.000,0.012,0.000,0.004
23152,0.000,0.012,0.000,0.004
23153,0.000,0.012,0.000,0.004
23154,0.000,0.012,0.000,0.004
23155,0.000,0.012,0.000,0.004
23156,0.000,0.012,0.000,0.004
23157,0.000,0.012,0.000,0.004
23158,0.000,0.012,0.000,0.004
23159,0.000,0.012,0.000,0.004
23160,0.000,0.012,0.000,0.004
23161,0.000,0.012,0.000,0.004
23162,0.000,0.012,0.000,0.004
23163,0.000,0.012,0.000,0.004
23164,0.000,0.012,0.000,0.004
23165,0.000,0.012,0.000,0.004
23166,0.000,0.012,0.000,0.004
23167,0.000,0.012,0.000,0.004
23168,0.000,0.012,0.000,0.004
23169,0.000,0.012,0.000,0.004
23170,0.000,0.012,0.000,0.004
23171,0.000,0.012,0.000,0.004
23172,0.000,0.012,0.000,0.004
23173,0.000,0.012,0.000,0.004
23174,0.000,0.012,0.000,0.004
23175,0.000,0.012,0.000,0.004
23176,0.000,0.012,0.000,0.004
23177,0.000,0.012,0.000,0.004
23178,0.000,0.012,0.000,0.004
23179,0.000,0.012,0.000,0.004
23180,0.000,0.012,0.000,0.004
23181,0.000,0.012,0.000,0.004
23182,0.000,0.012,0.000,0.004
23183,0.000,0.012,0.000,0.004
23184,0.000,0.012,0.000,0.004
23185,0.000,0.012,0.000,0.004
23186,0.000,0.012,0.000,0.004
23187,0.000,0.012,0.000,0.004
23188,0.000,0.012,0.000,0.004
23189,0.000,0.012,0.000,0.004
23190,0.000,0.012,0.000,0.004
23191,0.000,0.012,0.000,0.004
23192,0.000,0.012,0.000,0.004
23193,0.000,0.012,0.000,0.004
23194,0.000,0.012,0.000,0.004
23195,0.000,0.012,0.000,0.004
23196,0.000,0.012,0.000,0.004
23197,0.000,0.012,0.000,0.004
23198,0.000,0.012,0.000,0.004
23199,0.000,0.012,0.000,0.004
23200,0.000,0.012,0.000,0.004
23201,0.000,0.012,0.000,0.004
23202,0.000,0.012,0.000,0.004
23203,0.000,0.012,0.000,0.004
23204,0.000,0.012,0.000,0.004
23205,0.000,0.012,0.000,0.004
23206,0.000,0.012,0.000,0.004
23207,0.000,0.012,0.000,0.004
23208,0.000,0.012,0.000,0.004
23209,0.000,0.012,0.000,0.004
23210,0.000,0.012,0.000,0.004
23211,0.000,0.012,0.000,0.004
23212,0.000,0.012,0.000,0.004
23213,0.000,0.012,0.000,0.004
23214,0.000,0.012,0.000,0.004
23215,0.000,0.012,0.000,0.004
23216,0.000,0.012,0.000,0.004
23217,0.000,0.012,0.000,0.004
23218,0.000,0.012,0.000,0.004
23219,0.000,0.012,0.000,0.004
23220,0.000,0.012,0.000,0.004
23221,0.000,0.012,0.000,0.004
23222,0.000,0.012,0.000,0.004
23223,0.000,0.012,0.000,0.004
23224,0.000,0.012,0.000,0.004
23225,0.000,0.012,0.000,0.004
23226,0.000,0.012,0.000,0.004
23227,0.000,0.012,0.000,0.004
23228,0.000,0.012,0.000,0.004
23229,0.000,0.012,0.000,0.004
23230,0.000,0.012,0.000,0.004
23231,0.000,0.012,0.000,0.004
23232,0.000,0.012,0.000,0.004
23233,0.000,0.012,0.000,0.004
23234,0.000,0.012,0.000,0.004
23235,0.000,0.012,0.000,0.004
23236,0.000,0.012,0.000,0.004
23237,0.000,0.012,0.000,0.004
23238,0.000,0.012,0.000,0.004
23239,0.000,0.012,0.000,0.004
23240,0.000,0.012,0.000,0.004
23241,0.000,0.012,0.000,0.004
23242,0.000,0.012,0.000,0.004
23243,0.000,0.012,0.000,0.004
23244,0.000,0.012,0.000,0.004
23245,0.000,0.012,0.000,0.004
23246,0.000,0.012,0.000,0.004
23247,0.000,0.012,0.000,0.004
23248,0.000,0.012,0.000,0.004
23249,0.000,0.012,0.000,0.004
23250,0.000,0.012,0.000,0.004
23251,0.000,0.012,0.000,0.004
23252,0.000,0.012,0.000,0.004
23253,0.000,0.012,0.000,0.004
23254,0.000,0.012,0.000,0.004
23255,0.000,0.012,0.000,0.004
23256,0.000,0.012,0.000,0.004
23257,0.000,0.012,0.000,0.004
23258,0.000,0.012,0.000,0.004
23259,0.000,0.012,0.000,0.004
23260,0.000,0.012,0.000,0.004
23261,0.000,0.012,0.000,0.004
23262,0.000,0.012,0.000,0.004
23263,0.000,0.012,0.000,0.004
23264,0.000,0.012,0.000,0.004
23265,0.000,0.012,0.000,0.004
23266,0.000,0.012,0.000,0.004
23267,0.000,0.012,0.000,0.004
23268,0.000,0.012,0.000,0.004
23269,0.000,0.012,0.000,0.004
23270,0.000,0.012,0.000,0.004
23271,0.000,0.012,0.000,0.004
23272,0.000,0.012,0.000,0.004
23273,0.000,0.012,0.000,0.004
23274,0.000,0.012,0.000,0.004
23275,0.000,0.012,0.000,0.004
23276,0.000,0.012,0.000,0.004
23277,0.000,0.012,0.000,0.004
23278,0.000,0.012,0.000,0.004
23279,0.000,0.012,0.000,0.004
23280,0.000,0.012,0.000,0.004
23281,0.000,0.012,0.000,0.004
23282,0.000,0.012,0.000,0.004
23283,0.000,0.012,0.000,0.004
23284,0.000,0.012,0.000,0.004
23285,0.000,0.012,0.000,0.004
23286,0.000,0.012,0.000,0.004
23287,0.000,0.012,0.000,0.004
23288,0.000,0.012,0.000,0.004
23289,0.000,0.012,0.000,0.004
23290,0.000,0.012,0.000,0.004
23291,0.000,0.012,0.000,0.004
23292,0.000,0.012,0.000,0.004
23293,0.000,0.012,0.000,0.004
23294,0.000,0.012,0.000,0.004
23295,0.000,0.012,0.000,0.004
23296,0.000,0.012,0.000,0.004
23297,0.000,0.012,0.000,0.004
23298,0.000,0.012,0.000,0.004
23299,0.000,0.012,0.000,0.004
23300,0.000,0.012,0.000,0.004
23301,0.000,0.012,0.000,0.004
23302,0.000,0.012,0.000,0.004
23303,0.000,0.012,0.000,0.004
23304,0.000,0.012,0.000,0.004
23305,0.000,0.012,0.000,0.004
23306,0.000,0.012,0.000,0.004
23307,0.000,0.012,0.000,0.004
23308,0.000,0.012,0.000,0.004
23309,0.000,0.012,0.000,0.004
23310,0.000,0.012,0.000,0.004
23311,0.000,0.012,0.000,0.004
23312,0.000,0.012,0.000,0.004
23313,0.000,0.012,0.000,0.004
23314,0.000,0.012,0.000,0.004
23315,0.000,0.012,0.000,0.004
23316,0.000,0.012,0.000,0.004
23317,0.000,0.012,0.000,0.004
23318,0.000,0.012,0.000,0.004
23319,0.000,0.012,0.000,0.004
23320,0.000,0.012,0.000,0.004
23321,0.000,0.012,0.000,0.004
23322,0.000,0.012,0.000,0.004
23323,0.000,0.012,0.000,0.004
23324,0.000,0.012,0.000,0.004
23325,0.000,0.012,0.000,0.004
23326,0.000,0.012,0.000,0.004
23327,0.000,0.012,0.000,0.004
23328,0.000,0.012,0.000,0.004
23329,0.000,0.012,0.000,0.004
23330,0.000,0.012,0.000,0.004
23331,0.000,0.012,0.000,0.004
23332,0.000,0.012,0.000,0.004
23333,0.000,0.012,0.000,0.004
23334,0.000,0.012,0.000,0.004
23335,0.000,0.012,0.000,0.004
23336,0.000,0.012,0.000,0.004
23337,0.000,0.012,0.000,0.004
23338,0.000,0.012,0.000,0.004
23339,0.000,0.012,0.000,0.004
23340,0.000,0.012,0.000,0.004
23341,0.000,0.012,0.000,0.004
23342,0.000,0.012,0.000,0.004
23343,0.000,0.012,0.000,0.004
23344,0.000,0.012,0.000,0.004
23345,0.000,0.012,0.000,0.004
23346,0.000,0.012,0.000,0.004
23347,0.000,0.012,0.000,0.004
23348,0.000,0.012,0.000,0.004
23349,0.000,0.012,0.000,0.004
23350,0.000,0.012,0.000,0.004
23351,0.000,0.012,0.000,0.004
23352,0.000,0.012,0.000,0.004
23353,0.000,0.012,0.000,0.004
23354,0.000,0.012,0.000,0.004
23355,0.000,0.012,0.000,0.004
23356,0.000,0.012,0.000,0.004
23357,0.000,0.012,0.000,0.004
23358,0.000,0.012,0.000,0.004
23359,0.000,0.012,0.000,0.004
23360,0.000,0.012,0.000,0.004
23361,0.000,0.012,0.000,0.004
23362,0.000,0.012,0.000,0.004
23363,0.000,0.012,0.000,0.004
23364,0.000,0.012,0.000,0.004
23365,0.000,0.012,0.000,0.004
23366,0.000,0.012,0.000,0.004
23367,0.000,0.012,0.000,0.004
23368,0.000,0.012,0.000,0.004
23369,0.000,0.012,0.000,0.004
23370,0.000,0.012,0.000,0.004
23371,0.000,0.012,0.000,0.004
23372,0.000,0.012,0.000,0.004
23373,0.000,0.012,0.000,0.004
23374,0.000,0.012,0.000,0.004
23375,0.000,0.012,0.000,0.004
23376,0.000,0.012,0.000,0.004
23377,0.000,0.012,0.000,0.004
23378,0.000,0.012,0.000,0.004
23379,0.000,0.012,0.000,0.004
23380,0.000,0.012,0.000,0.004
23381,0.000,0.012,0.000,0.004
23382,0.000,0.012,0.000,0.004
23383,0.000,0.012,0.000,0.004
23384,0.000,0.012,0.000,0.004
23385,0.000,0.012,0.000,0.004
23386,0.000,0.012,0.000,0.004
23387,0.000,0.012,0.000,0.004
23388,0.000,0.012,0.000,0.004
23389,0.000,0.012,0.000,0.004
23390,0.000,0.012,0.000,0.004
23391,0.000,0.012,0.000,0.004
23392,0.000,0.012,0.000,0.004
23393,0.000,0.012,0.000,0.004
23394,0.000,0.012,0.000,0.004
23395,0.000,0.012,0.000,0.004
23396,0.000,0.012,0.000,0.004
23397,0.000,0.012,0.000,0.004
23398,0.000,0.012,0.000,0.004
23399,0.000,0.012,0.000,0.004
23400,0.000,0.012,0.000,0.004
23401,0.000,0.012,0.000,0.004
23402,0.000,0.012,0.000,0.004
23403,0.000,0.012,0.000,0.004
23404,0.000,0.012,0.000,0.004
23405,0.000,0.012,0.000,0.004
23406,0.000,0.012,0.000,0.004
23407,0.000,0.012,0.000,0.004
23408,0.000,0.012,0.000,0.004
23409,0.000,0.012,0.000,0.004
23410,0.000,0.012,0.000,0.004
23411,0.000,0.012,0.000,0.004
23412,0.000,0.012,0.000,0.004
23413,0.000,0.012,0.000,0.004
23414,0.000,0.012,0.000,0.004
23415,0.000,0.012,0.000,0.004
23416,0.000,0.012,0.000,0.004
23417,0.000,0.012,0.000,0.004
23418,0.000,0.012,0.000,0.004
23419,0.000,0.012,0.000,0.004
23420,0.000,0.012,0.000,0.004
23421,0.000,0.012,0.000,0.004
23422,0.000,0.012,0.000,0.004
23423,0.000,0.012,0.000,0.004
23424,0.000,0.012,0.000,0.004
23425,0.000,0.012,0.000,0.004
23426,0.000,0.012,0.000,0.004
23427,0.000,0.012,0.000,0.004
23428,0.000,0.012,0.000,0.004
23429,0.000,0.012,0.000,0.004
23430,0.000,0.012,0.000,0.004
23431,0.000,0.012,0.000,0.004
23432,0.000,0.012,0.000,0.004
23433,0.000,0.012,0.000,0.004
23434,0.000,0.012,0.000,0.004
23435,0.000,0.012,0.000,0.004
23436,0.000,0.012,0.000,0.004
23437,0.000,0.012,0.000,0.004
23438,0.000,0.012,0.000,0.004
23439,0.000,0.012,0.000,0.004
23440,0.000,0.012,0.000,0.004
23441,0.000,0.012,0.000,0.004
23442,0.000,0.012,0.000,0.004
23443,0.000,0.012,0.000,0.004
23444,0.000,0.012,0.000,0.004
23445,0.000,0.012,0.000,0.004
23446,0.000,0.012,0.000,0.004
23447,0.000,0.012,0.000,0.004
23448,0.000,0.012,0.000,0.004
23449,0.000,0.012,0.000,0.004
23450,0.000,0.012,0.000,0.004
23451,0.000,0.012,0.000,0.004
23452,0.000,0.012,0.000,0.004
23453,0.000,0.012,0.000,0.004
23454,0.000,0.012,0.000,0.004
23455,0.000,0.012,0.000,0.004
23456,0.000,0.012,0.000,0.004
23457,0.000,0.012,0.000,0.004
23458,0.000,0.012,0.000,0.004
23459,0.000,0.012,0.000,0.004
23460,0.000,0.012,0.000,0.004
23461,0.000,0.012,0.000,0.004
23462,0.000,0.012,0.000,0.004
23463,0.000,0.012,0.000,0.004
23464,0.000,0.012,0.000,0.004
23465,0.000,0.012,0.000,0.004
23466,0.000,0.012,0.000,0.004
23467,0.000,0.012,0.000,0.004
23468,0.000,0.012,0.000,0.004
23469,0.000,0.012,0.000,0.004
23470,0.000,0.012,0.000,0.004
23471,0.000,0.012,0.000,0.004
23472,0.000,0.012,0.000,0.004
23473,0.000,0.012,0.000,0.004
23474,0.000,0.012,0.000,0.004
23475,0.000,0.012,0.000,0.004
23476,0.000,0.012,0.000,0.004
23477,0.000,0.012,0.000,0.004
23478,0.000,0.012,0.000,0.004
23479,0.000,0.012,0.000,0.004
23480,0.000,0.012,0.000,0.004
23481,0.000,0.012,0.000,0.004
23482,0.000,0.012,0.000,0.004
23483,0.000,0.012,0.000,0.004
23484,0.000,0.012,0.000,0.004
23485,0.000,0.012,0.000,0.004
23486,0.000,0.012,0.000,0.004
23487,0.000,0.012,0.000,0.004
23488,0.000,0.012,0.000,0.004
23489,0.000,0.012,0.000,0.004
23490,0.000,0.012,0.000,0.004
23491,0.000,0.012,0.000,0.004
23492,0.000,0.012,0.000,0.004
23493,0.000,0.012,0.000,0.004
23494,0.000,0.012,0.000,0.004
23495,0.000,0.012,0.000,0.004
23496,0.000,0.012,0.000,0.004
23497,0.000,0.012,0.000,0.004
23498,0.000,0.012,0.000,0.004
23499,0.000,0.012,0.000,0.004
23500,0.000,0.012,0.000,0.004
23501,0.000,0.012,0.000,0.004
23502,0.000,0.012,0.000,0.004
23503,0.000,0.012,0.000,0.004
23504,0.000,0.012,0.000,0.004
23505,0.000,0.012,0.000,0.004
23506,0.000,0.012,0.000,0.004
23507,0.000,0.012,0.000,0.004
23508,0.000,0.012,0.000,0.004
23509,0.000,0.012,0.000,0.004
23510,0.000,0.012,0.000,0.004
23511,0.000,0.012,0.000,0.004
23512,0.000,0.012,0.000,0.004
23513,0.000,0.012,0.000,0.004
23514,0.000,0.012,0.000,0.004
23515,0.000,0.012,0.000,0.004
23516,0.000,0.012,0.000,0.004
23517,0.000,0.012,0.000,0.004
23518,0.000,0.012,0.000,0.004
23519,0.000,0.012,0.000,0.004
23520,0.000,0.012,0.000,0.004
23521,0.000,0.012,0.000,0.004
23522,0.000,0.012,0.000,0.004
23523,0.000,0.012,0.000,0.004
23524,0.000,0.012,0.000,0.004
23525,0.000,0.012,0.000,0.004
23526,0.000,0.012,0.000,0.004
23527,0.000,0.012,0.000,0.004
23528,0.000,0.012,0.000,0.004
23529,0.000,0.012,0.000,0.004
23530,0.000,0.012,0.000,0.004
23531,0.000,0.012,0.000,0.004
23532,0.000,0.012,0.000,0.004
23533,0.000,0.012,0.000,0.004
23534,0.000,0.012,0.000,0.004
23535,0.000,0.012,0.000,0.004
23536,0.000,0.012,0.000,0.004
23537,0.000,0.012,0.000,0.004
23538,0.000,0.012,0.000,0.004
23539,0.000,0.012,0.000,0.004
23540,0.000,0.012,0.000,0.004
23541,0.000,0.012,0.000,0.004
23542,0.000,0.012,0.000,0.004
23543,0.000,0.012,0.000,0.004
23544,0.000,0.012,0.000,0.004
23545,0.000,0.012,0.000,0.004
23546,0.000,0.012,0.000,0.004
23547,0.000,0.012,0.000,0.004
23548,0.000,0.012,0.000,0.004
23549,0.000,0.012,0.000,0.004
23550,0.000,0.012,0.000,0.004
23551,0.000,0.012,0.000,0.004
23552,0.000,0.012,0.000,0.004
23553,0.000,0.012,0.000,0.004
23554,0.000,0.012,0.000,0.004
23555,0.000,0.012,0.000,0.004
23556,0.000,0.012,0.000,0.004
23557,0.000,0.012,0.000,0.004
23558,0.000,0.012,0.000,0.004
23559,0.000,0.012,0.000,0.004
23560,0.000,0.012,0.000,0.004
23561,0.000,0.012,0.000,0.004
23562,0.000,0.012,0.000,0.004
23563,0.000,0.012,0.000,0.004
23564,0.000,0.012,0.000,0.004
23565,0.000,0.012,0.000,0.004
23566,0.000,0.012,0.000,0.004
23567,0.000,0.012,0.000,0.004
23568,0.000,0.012,0.000,0.004
23569,0.000,0.012,0.000,0.004
23570,0.000,0.012,0.000,0.004
23571,0.000,0.012,0.000,0.004
23572,0.000,0.012,0.000,0.004
23573,0.000,0.012,0.000,0.004
23574,0.000,0.012,0.000,0.004
23575,0.000,0.012,0.000,0.004
23576,0.000,0.012,0.000,0.004
23577,0.000,0.012,0.000,0.004
23578,0.000,0.012,0.000,0.004
23579,0.000,0.012,0.000,0.004
23580,0.000,0.012,0.000,0.004
23581,0.000,0.012,0.000,0.004
23582,0.000,0.012,0.000,0.004
23583,0.000,0.012,0.000,0.004
23584,0.000,0.012,0.000,0.004
23585,0.000,0.012,0.000,0.004
23586,0.000,0.012,0.000,0.004
23587,0.000,0.012,0.000,0.004
23588,0.000,0.012,0.000,0.004
23589,0.000,0.012,0.000,0.004
23590,0.000,0.012,0.000,0.004
23591,0.000,0.012,0.000,0.004
23592,0.000,0.012,0.000,0.004
23593,0.000,0.012,0.000,0.004
23594,0.000,0.012,0.000,0.004
23595,0.000,0.012,0.000,0.004
23596,0.000,0.012,0.000,0.004
23597,0.000,0.012,0.000,0.004
23598,0.000,0.012,0.000,0.004
23599,0.000,0.012,0.000,0.004
23600,0.000,0.012,0.000,0.004
23601,0.000,0.012,0.000,0.004
23602,0.000,0.012,0.000,0.004
23603,0.000,0.012,0.000,0.004
23604,0.000,0.012,0.000,0.004
23605,0.000,0.012,0.000,0.004
23606,0.000,0.012,0.000,0.004
23607,0.000,0.012,0.000,0.004
23608,0.000,0.012,0.000,0.004
23609,0.000,0.012,0.000,0.004
23610,0.000,0.012,0.000,0.004
23611,0.000,0.012,0.000,0.004
23612,0.000,0.012,0.000,0.004
23613,0.000,0.012,0.000,0.004
23614,0.000,0.012,0.000,0.004
23615,0.000,0.012,0.000,0.004
23616,0.000,0.012,0.000,0.004
23617,0.000,0.012,0.000,0.004
23618,0.000,0.012,0.000,0.004
23619,0.000,0.012,0.000,0.004
23620,0.000,0.012,0.000,0.004
23621,0.000,0.012,0.000,0.004
23622,0.000,0.012,0.000,0.004
23623,0.000,0.012,0.000,0.004
23624,0.000,0.012,0.000,0.004
23625,0.000,0.012,0.000,0.004
23626,0.000,0.012,0.000,0.004
23627,0.000,0.012,0.000,0.004
23628,0.000,0.012,0.000,0.004
23629,0.000,0.012,0.000,0.004
23630,0.000,0.012,0.000,0.004
23631,0.000,0.012,0.000,0.004
23632,0.000,0.012,0.000,0.004
23633,0.000,0.012,0.000,0.004
23634,0.000,0.012,0.000,0.004
23635,0.000,0.012,0.000,0.004
23636,0.000,0.012,0.000,0.004
23637,0.000,0.012,0.000,0.004
23638,0.000,0.012,0.000,0.004
23639,0.000,0.012,0.000,0.004
23640,0.000,0.012,0.000,0.004
23641,0.000,0.012,0.000,0.004
23642,0.000,0.012,0.000,0.004
23643,0.000,0.012,0.000,0.004
23644,0.000,0.012,0.000,0.004
23645,0.000,0.012,0.000,0.004
23646,0.000,0.012,0.000,0.004
23647,0.000,0.012,0.000,0.004
23648,0.000,0.012,0.000,0.004
23649,0.000,0.012,0.000,0.004
23650,0.000,0.012,0.000,0.004
23651,0.000,0.012,0.000,0.004
23652,0.000,0.012,0.000,0.004
23653,0.000,0.012,0.000,0.004
23654,0.000,0.012,0.000,0.004
23655,0.000,0.012,0.000,0.004
23656,0.000,0.012,0.000,0.004
23657,0.000,0.012,0.000,0.004
23658,0.000,0.012,0.000,0.004
23659,0.000,0.012,0.000,0.004
23660,0.000,0.012,0.000,0.004
23661,0.000,0.012,0.000,0.004
23662,0.000,0.012,0.000,0.004
23663,0.000,0.012,0.000,0.004
23664,0.000,0.012,0.000,0.004
23665,0.000,0.012,0.000,0.004
23666,0.000,0.012,0.000,0.004
23667,0.000,0.012,0.000,0.004
23668,0.000,0.012,0.000,0.004
23669,0.000,0.012,0.000,0.004
23670,0.000,0.012,0.000,0.004
23671,0.000,0.012,0.000,0.004
23672,0.000,0.012,0.000,0.004
23673,0.000,0.012,0.000,0.004
23674,0.000,0.012,0.000,0.004
23675,0.000,0.012,0.000,0.004
23676,0.000,0.012,0.000,0.004
23677,0.000,0.012,0.000,0.004
23678,0.000,0.012,0.000,0.004
23679,0.000,0.012,0.000,0.004
23680,0.000,0.012,0.000,0.004
23681,0.000,0.012,0.000,0.004
23682,0.000,0.012,0.000,0.004
23683,0.000,0.012,0.000,0.004
23684,0.000,0.012,0.000,0.004
23685,0.000,0.012,0.000,0.004
23686,0.000,0.012,0.000,0.004
23687,0.000,0.012,0.000,0.004
23688,0.000,0.012,0.000,0.004
23689,0.000,0.012,0.000,0.004
23690,0.000,0.012,0.000,0.004
23691,0.000,0.012,0.000,0.004
23692,0.000,0.012,0.000,0.004
23693,0.000,0.012,0.000,0.004
23694,0.000,0.012,0.000,0.004
23695,0.000,0.012,0.000,0.004
23696,0.000,0.012,0.000,0.004
23697,0.000,0.012,0.000,0.004
23698,0.000,0.012,0.000,0.004
23699,0.000,0.012,0.000,0.004
23700,0.000,0.012,0.000,0.004
23701,0.000,0.012,0.000,0.004
23702,0.000,0.012,0.000,0.004
23703,0.000,0.012,0.000,0.004
23704,0.000,0.012,0.000,0.004
23705,0.000,0.012,0.000,0.004
23706,0.000,0.012,0.000,0.004
23707,0.000,0.012,0.000,0.004
23708,0.000,0.012,0.000,0.004
23709,0.000,0.012,0.000,0.004
23710,0.000,0.012,0.000,0.004
23711,0.000,0.012,0.000,0.004
23712,0.000,0.012,0.000,0.004
23713,0.000,0.012,0.000,0.004
23714,0.000,0.012,0.000,0.004
23715,0.000,0.012,0.000,0.004
23716,0.000,0.012,0.000,0.004
23717,0.000,0.012,0.000,0.004
23718,0.000,0.012,0.000,0.004
23719,0.000,0.012,0.000,0.004
23720,0.000,0.012,0.000,0.004
23721,0.000,0.012,0.000,0.004
23722,0.000,0.012,0.000,0.004
23723,0.000,0.012,0.000,0.004
23724,0.000,0.012,0.000,0.004
23725,0.000,0.012,0.000,0.004
23726,0.000,0.012,0.000,0.004
23727,0.000,0.012,0.000,0.004
23728,0.000,0.012,0.000,0.004
23729,0.000,0.012,0.000,0.004
23730,0.000,0.012,0.000,0.004
23731,0.000,0.012,0.000,0.004
23732,0.000,0.012,0.000,0.004
23733,0.000,0.012,0.000,0.004
23734,0.000,0.012,0.000,0.004
23735,0.000,0.012,0.000,0.004
23736,0.000,0.012,0.000,0.004
23737,0.000,0.012,0.000,0.004
23738,0.000,0.012,0.000,0.004
23739,0.000,0.012,0.000,0.004
23740,0.000,0.012,0.000,0.004
23741,0.000,0.012,0.000,0.004
23742,0.000,0.012,0.000,0.004
23743,0.000,0.012,0.000,0.004
23744,0.000,0.012,0.000,0.004
23745,0.000,0.012,0.000,0.004
23746,0.000,0.012,0.000,0.004
23747,0.000,0.012,0.000,0.004
23748,0.000,0.012,0.000,0.004
23749,0.000,0.012,0.000,0.004
23750,0.000,0.012,0.000,0.004
23751,0.000,0.012,0.000,0.004
23752,0.000,0.012,0.000,0.004
23753,0.000,0.012,0.000,0.004
23754,0.000,0.012,0.000,0.004
23755,0.000,0.012,0.000,0.004
23756,0.000,0.012,0.000,0.004
23757,0.000,0.012,0.000,0.004
23758,0.000,0.012,0.000,0.004
23759,0.000,0.012,0.000,0.004
23760,0.000,0.012,0.000,0.004
23761,0.000,0.012,0.000,0.004
23762,0.000,0.012,0.000,0.004
23763,0.000,0.012,0.000,0.004
23764,0.000,0.012,0.000,0.004
23765,0.000,0.012,0.000,0.004
23766,0.000,0.012,0.000,0.004
23767,0.000,0.012,0.000,0.004
23768,0.000,0.012,0.000,0.004
23769,0.000,0.012,0.000,0.004
23770,0.000,0.012,0.000,0.004
23771,0.000,0.012,0.000,0.004
23772,0.000,0.012,0.000,0.004
23773,0.000,0.012,0.000,0.004
23774,0.000,0.012,0.000,0.004
23775,0.000,0.012,0.000,0.004
23776,0.000,0.012,0.000,0.004
23777,0.000,0.012,0.000,0.004
23778,0.000,0.012,0.000,0.004
23779,0.000,0.012,0.000,0.004
23780,0.000,0.012,0.000,0.004
23781,0.000,0.012,0.000,0.004
23782,0.000,0.012,0.000,0.004
23783,0.000,0.012,0.000,0.004
23784,0.000,0.012,0.000,0.004
23785,0.000,0.012,0.000,0.004
23786,0.000,0.012,0.000,0.004
23787,0.000,0.012,0.000,0.004
23788,0.000,0.012,0.000,0.004
23789,0.000,0.012,0.000,0.004
23790,0.000,0.012,0.000,0.004
23791,0.000,0.012,0.000,0.004
23792,0.000,0.012,0.000,0.004
23793,0.000,0.012,0.000,0.004
23794,0.000,0.012,0.000,0.004
23795,0.000,0.012,0.000,0.004
23796,0.000,0.012,0.000,0.004
23797,0.000,0.012,0.000,0.004
23798,0.000,0.012,0.000,0.004
23799,0.000,0.012,0.000,0.004
23800,0.000,0.012,0.000,0.004
23801,0.000,0.012,0.000,0.004
23802,0.000,0.012,0.000,0.004
23803,0.000,0.012,0.000,0.004
23804,0.000,0.012,0.000,0.004
23805,0.000,0.012,0.000,0.004
23806,0.000,0.012,0.000,0.004
23807,0.000,0.012,0.000,0.004
23808,0.000,0.012,0.000,0.004
23809,0.000,0.012,0.000,0.004
23810,0.000,0.012,0.000,0.004
23811,0.000,0.012,0.000,0.004
23812,0.000,0.012,0.000,0.004
23813,0.000,0.012,0.000,0.004
23814,0.000,0.012,0.000,0.004
23815,0.000,0.012,0.000,0.004
23816,0.000,0.012,0.000,0.004
23817,0.000,0.012,0.000,0.004
23818,0.000,0.012,0.000,0.004
23819,0.000,0.012,0.000,0.004
23820,0.000,0.012,0.000,0.004
23821,0.000,0.012,0.000,0.004
23822,0.000,0.012,0.000,0.004
23823,0.000,0.012,0.000,0.004
23824,0.000,0.012,0.000,0.004
23825,0.000,0.012,0.000,0.004
23826,0.000,0.012,0.000,0.004
23827,0.000,0.012,0.000,0.004
23828,0.000,0.012,0.000,0.004
23829,0.000,0.012,0.000,0.004
23830,0.000,0.012,0.000,0.004
23831,0.000,0.012,0.000,0.004
23832,0.000,0.012,0.000,0.004
23833,0.000,0.012,0.000,0.004
23834,0.000,0.012,0.000,0.004
23835,0.000,0.012,0.000,0.004
23836,0.000,0.012,0.000,0.004
23837,0.000,0.012,0.000,0.004
23838,0.000,0.012,0.000,0.004
23839,0.000,0.012,0.000,0.004
23840,0.000,0.012,0.000,0.004
23841,0.000,0.012,0.000,0.004
23842,0.000,0.012,0.000,0.004
23843,0.000,0.012,0.000,0.004
23844,0.000,0.012,0.000,0.004
23845,0.000,0.012,0.000,0.004
23846,0.000,0.012,0.000,0.004
23847,0.000,0.012,0.000,0.004
23848,0.000,0.012,0.000,0.004
23849,0.000,0.012,0.000,0.004
23850,0.000,0.012,0.000,0.004
23851,0.000,0.012,0.000,0.004
23852,0.000,0.012,0.000,0.004
23853,0.000,0.012,0.000,0.004
23854,0.000,0.012,0.000,0.004
23855,0.000,0.012,0.000,0.004
23856,0.000,0.012,0.000,0.004
23857,0.000,0.012,0.000,0.004
23858,0.000,0.012,0.000,0.004
23859,0.000,0.012,0.000,0.004
23860,0.000,0.012,0.000,0.004
23861,0.000,0.012,0.000,0.004
23862,0.000,0.012,0.000,0.004
23863,0.000,0.012,0.000,0.004
23864,0.000,0.012,0.000,0.004
23865,0.000,0.012,0.000,0.004
23866,0.000,0.012,0.000,0.004
23867,0.000,0.012,0.000,0.004
23868,0.000,0.012,0.000,0.004
23869,0.000,0.012,0.000,0.004
23870,0.000,0.012,0.000,0.004
23871,0.000,0.012,0.000,0.004
23872,0.000,0.012,0.000,0.004
23873,0.000,0.012,0.000,0.004
23874,0.000,0.012,0.000,0.004
23875,0.000,0.012,0.000,0.004
23876,0.000,0.012,0.000,0.004
23877,0.000,0.012,0.000,0.004
23878,0.000,0.012,0.000,0.004
23879,0.000,0.012,0.000,0.004
23880,0.000,0.012,0.000,0.004
23881,0.000,0.012,0.000,0.004
23882,0.000,0.012,0.000,0.004
23883,0.000,0.012,0.000,0.004
23884,0.000,0.012,0.000,0.004
23885,0.000,0.012,0.000,0.004
23886,0.000,0.012,0.000,0.004
23887,0.000,0.012,0.000,0.004
23888,0.000,0.012,0.000,0.004
23889,0.000,0.012,0.000,0.004
23890,0.000,0.012,0.000,0.004
23891,0.000,0.012,0.000,0.004
23892,0.000,0.012,0.000,0.004
23893,0.000,0.012,0.000,0.004
23894,0.000,0.012,0.000,0.004
23895,0.000,0.012,0.000,0.004
23896,0.000,0.012,0.000,0.004
23897,0.000,0.012,0.000,0.004
23898,0.000,0.012,0.000,0.004
23899,0.000,0.012,0.000,0.004
23900,0.000,0.012,0.000,0.004
23901,0.000,0.012,0.000,0.004
23902,0.000,0.012,0.000,0.004
23903,0.000,0.012,0.000,0.004
23904,0.000,0.012,0.000,0.004
23905,0.000,0.012,0.000,0.004
23906,0.000,0.012,0.000,0.004
23907,0.000,0.012,0.000,0.004
23908,0.000,0.012,0.000,0.004
23909,0.000,0.012,0.000,0.004
23910,0.000,0.012,0.000,0.004
23911,0.000,0.012,0.000,0.004
23912,0.000,0.012,0.000,0.004
23913,0.000,0.012,0.000,0.004
23914,0.000,0.012,0.000,0.004
23915,0.000,0.012,0.000,0.004
23916,0.000,0.012,0.000,0.004
23917,0.000,0.012,0.000,0.004
23918,0.000,0.012,0.000,0.004
23919,0.000,0.012,0.000,0.004
23920,0.000,0.012,0.000,0.004
23921,0.000,0.012,0.000,0.004
23922,0.000,0.012,0.000,0.004
23923,0.000,0.012,0.000,0.004
23924,0.000,0.012,0.000,0.004
23925,0.000,0.012,0.000,0.004
23926,0.000,0.012,0.000,0.004
23927,0.000,0.012,0.000,0.004
23928,0.000,0.012,0.000,0.004
23929,0.000,0.012,0.000,0.004
23930,0.000,0.012,0.000,0.004
23931,0.000,0.012,0.000,0.004
23932,0.000,0.012,0.000,0.004
23933,0.000,0.012,0.000,0.004
23934,0.000,0.012,0.000,0.004
23935,0.000,0.012,0.000,0.004
23936,0.000,0.012,0.000,0.004
23937,0.000,0.012,0.000,0.004
23938,0.000,0.012,0.000,0.004
23939,0.000,0.012,0.000,0.004
23940,0.000,0.012,0.000,0.004
23941,0.000,0.012,0.000,0.004
23942,0.000,0.012,0.000,0.004
23943,0.000,0.012,0.000,0.004
23944,0.000,0.012,0.000,0.004
23945,0.000,0.012,0.000,0.004
23946,0.000,0.012,0.000,0.004
23947,0.000,0.012,0.000,0.004
23948,0.000,0.012,0.000,0.004
23949,0.000,0.012,0.000,0.004
23950,0.000,0.012,0.000,0.004
23951,0.000,0.012,0.000,0.004
23952,0.000,0.012,0.000,0.004
23953,0.000,0.012,0.000,0.004
23954,0.000,0.012,0.000,0.004
23955,0.000,0.012,0.000,0.004
23956,0.000,0.012,0.000,0.004
23957,0.000,0.012,0.000,0.004
23958,0.000,0.012,0.000,0.004
23959,0.000,0.012,0.000,0.004
23960,0.000,0.012,0.000,0.004
23961,0.000,0.012,0.000,0.004
23962,0.000,0.012,0.000,0.004
23963,0.000,0.012,0.000,0.004
23964,0.000,0.012,0.000,0.004
23965,0.000,0.012,0.000,0.004
23966,0.000,0.012,0.000,0.004
23967,0.000,0.012,0.000,0.004
23968,0.000,0.012,0.000,0.004
23969,0.000,0.012,0.000,0.004
23970,0.000,0.012,0.000,0.004
23971,0.000,0.012,0.000,0.004
23972,0.000,0.012,0.000,0.004
23973,0.000,0.012,0.000,0.004
23974,0.000,0.012,0.000,0.004
23975,0.000,0.012,0.000,0.004
23976,0.000,0.012,0.000,0.004
23977,0.000,0.012,0.000,0.004
23978,0.000,0.012,0.000,0.004
23979,0.000,0.012,0.000,0.004
23980,0.000,0.012,0.000,0.004
23981,0.000,0.012,0.000,0.004
23982,0.000,0.012,0.000,0.004
23983,0.000,0.012,0.000,0.004
23984,0.000,0.012,0.000,0.004
23985,0.000,0.012,0.000,0.004
23986,0.000,0.012,0.000,0.004
23987,0.000,0.012,0.000,0.004
23988,0.000,0.012,0.000,0.004
23989,0.000,0.012,0.000,0.004
23990,0.000,0.012,0.000,0.004
23991,0.000,0.012,0.000,0.004
23992,0.000,0.012,0.000,0.004
23993,0.000,0.012,0.000,0.004
23994,0.000,0.012,0.000,0.004
23995,0.000,0.012,0.000,0.004
23996,0.000,0.012,0.000,0.004
23997,0.000,0.012,0.000,0.004
23998,0.000,0.012,0.000,0.004
23999,0.000,0.012,0.000,0.004
24000,0.000,0.012,0.000,0.004
24001,0.000,0.012,0.000,0.004
24002,0.000,0.012,0.000,0.004
24003,0.000,0.012,0.000,0.004
24004,0.000,0.012,0.000,0.004
24005,0.000,0.012,0.000,0.004
24006,0.000,0.012,0.000,0.004
24007,0.000,0.012,0.000,0.004
24008,0.000,0.012,0.000,0.004
24009,0.000,0.012,0.000,0.004
24010,0.000,0.012,0.000,0.004
24011,0.000,0.012,0.000,0.004
24012,0.000,0.012,0.000,0.004
24013,0.000,0.012,0.000,0.004
24014,0.000,0.012,0.000,0.004
24015,0.000,0.012,0.000,0.004
24016,0.000,0.012,0.000,0.004
24017,0.000,0.012,0.000,0.004
24018,0.000,0.012,0.000,0.004
24019,0.000,0.012,0.000,0.004
24020,0.000,0.012,0.000,0.004
24021,0.000,0.012,0.000,0.004
24022,0.000,0.012,0.000,0.004
24023,0.000,0.012,0.000,0.004
24024,0.000,0.012,0.000,0.004
24025,0.000,0.012,0.000,0.004
24026,0.000,0.012,0.000,0.004
24027,0.000,0.012,0.000,0.004
24028,0.000,0.012,0.000,0.004
24029,0.000,0.012,0.000,0.004
24030,0.000,0.012,0.000,0.004
24031,0.000,0.012,0.000,0.004
24032,0.000,0.012,0.000,0.004
24033,0.000,0.012,0.000,0.004
24034,0.000,0.012,0.000,0.004
24035,0.000,0.012,0.000,0.004
24036,0.000,0.012,0.000,0.004
24037,0.000,0.012,0.000,0.004
24038,0.000,0.012,0.000,0.004
24039,0.000,0.012,0.000,0.004
24040,0.000,0.012,0.000,0.004
24041,0.000,0.012,0.000,0.004
24042,0.000,0.012,0.000,0.004
24043,0.000,0.012,0.000,0.004
24044,0.000,0.012,0.000,0.004
24045,0.000,0.012,0.000,0.004
24046,0.000,0.012,0.000,0.004
24047,0.000,0.012,0.000,0.004
24048,0.000,0.012,0.000,0.004
24049,0.000,0.012,0.000,0.004
24050,0.000,0.012,0.000,0.004
24051,0.000,0.012,0.000,0.004
24052,0.000,0.012,0.000,0.004
24053,0.000,0.012,0.000,0.004
24054,0.000,0.012,0.000,0.004
24055,0.000,0.012,0.000,0.004
24056,0.000,0.012,0.000,0.004
24057,0.000,0.012,0.000,0.004
24058,0.000,0.012,0.000,0.004
24059,0.000,0.012,0.000,0.004
24060,0.000,0.012,0.000,0.004
24061,0.000,0.012,0.000,0.004
24062,0.000,0.012,0.000,0.004
24063,0.000,0.012,0.000,0.004
24064,0.000,0.012,0.000,0.004
24065,0.000,0.012,0.000,0.004
24066,0.000,0.012,0.000,0.004
24067,0.000,0.012,0.000,0.004
24068,0.000,0.012,0.000,0.004
24069,0.000,0.012,0.000,0.004
24070,0.000,0.012,0.000,0.004
24071,0.000,0.012,0.000,0.004
24072,0.000,0.012,0.000,0.004
24073,0.000,0.012,0.000,0.004
24074,0.000,0.012,0.000,0.004
24075,0.000,0.012,0.000,0.004
24076,0.000,0.012,0.000,0.004
24077,0.000,0.012,0.000,0.004
24078,0.000,0.012,0.000,0.004
24079,0.000,0.012,0.000,0.004
24080,0.000,0.012,0.000,0.004
24081,0.000,0.012,0.000,0.004
24082,0.000,0.012,0.000,0.004
24083,0.000,0.012,0.000,0.004
24084,0.000,0.012,0.000,0.004
24085,0.000,0.012,0.000,0.004
24086,0.000,0.012,0.000,0.004
24087,0.000,0.012,0.000,0.004
24088,0.000,0.012,0.000,0.004
24089,0.000,0.012,0.000,0.004
24090,0.000,0.012,0.000,0.004
24091,0.000,0.012,0.000,0.004
24092,0.000,0.012,0.000,0.004
24093,0.000,0.012,0.000,0.004
24094,0.000,0.012,0.000,0.004
24095,0.000,0.012,0.000,0.004
24096,0.000,0.012,0.000,0.004
24097,0.000,0.012,0.000,0.004
24098,0.000,0.012,0.000,0.004
24099,0.000,0.012,0.000,0.004
24100,0.000,0.012,0.000,0.004
24101,0.000,0.012,0.000,0.004
24102,0.000,0.012,0.000,0.004
24103,0.000,0.012,0.000,0.004
24104,0.000,0.012,0.000,0.004
24105,0.000,0.012,0.000,0.004
24106,0.000,0.012,0.000,0.004
24107,0.000,0.012,0.000,0.004
24108,0.000,0.012,0.000,0.004
24109,0.000,0.012,0.000,0.004
24110,0.000,0.012,0.000,0.004
24111,0.000,0.012,0.000,0.004
24112,0.000,0.012,0.000,0.004
24113,0.000,0.012,0.000,0.004
24114,0.000,0.012,0.000,0.004
24115,0.000,0.012,0.000,0.004
24116,0.000,0.012,0.000,0.004
24117,0.000,0.012,0.000,0.004
24118,0.000,0.012,0.000,0.004
24119,0.000,0.012,0.000,0.004
24120,0.000,0.012,0.000,0.004
24121,0.000,0.012,0.000,0.004
24122,0.000,0.012,0.000,0.004
24123,0.000,0.012,0.000,0.004
24124,0.000,0.012,0.000,0.004
24125,0.000,0.012,0.000,0.004
24126,0.000,0.012,0.000,0.004
24127,0.000,0.012,0.000,0.004
24128,0.000,0.012,0.000,0.004
24129,0.000,0.012,0.000,0.004
24130,0.000,0.012,0.000,0.004
24131,0.000,0.012,0.000,0.004
24132,0.000,0.012,0.000,0.004
24133,0.000,0.012,0.000,0.004
24134,0.000,0.012,0.000,0.004
24135,0.000,0.012,0.000,0.004
24136,0.000,0.012,0.000,0.004
24137,0.000,0.012,0.000,0.004
24138,0.000,0.012,0.000,0.004
24139,0.000,0.012,0.000,0.004
24140,0.000,0.012,0.000,0.004
24141,0.000,0.012,0.000,0.004
24142,0.000,0.012,0.000,0.004
24143,0.000,0.012,0.000,0.004
24144,0.000,0.012,0.000,0.004
24145,0.000,0.012,0.000,0.004
24146,0.000,0.012,0.000,0.004
24147,0.000,0.012,0.000,0.004
24148,0.000,0.012,0.000,0.004
24149,0.000,0.012,0.000,0.004
24150,0.000,0.012,0.000,0.004
24151,0.000,0.012,0.000,0.004
24152,0.000,0.012,0.000,0.004
24153,0.000,0.012,0.000,0.004
24154,0.000,0.012,0.000,0.004
24155,0.000,0.012,0.000,0.004
24156,0.000,0.012,0.000,0.004
24157,0.000,0.012,0.000,0.004
24158,0.000,0.012,0.000,0.004
24159,0.000,0.012,0.000,0.004
24160,0.000,0.012,0.000,0.004
24161,0.000,0.012,0.000,0.004
24162,0.000,0.012,0.000,0.004
24163,0.000,0.012,0.000,0.004
24164,0.000,0.012,0.000,0.004
24165,0.000,0.012,0.000,0.004
24166,0.000,0.012,0.000,0.004
24167,0.000,0.012,0.000,0.004
24168,0.000,0.012,0.000,0.004
24169,0.000,0.012,0.000,0.004
24170,0.000,0.012,0.000,0.004
24171,0.000,0.012,0.000,0.004
24172,0.000,0.012,0.000,0.004
24173,0.000,0.012,0.000,0.004
24174,0.000,0.012,0.000,0.004
24175,0.000,0.012,0.000,0.004
24176,0.000,0.012,0.000,0.004
24177,0.000,0.012,0.000,0.004
24178,0.000,0.012,0.000,0.004
24179,0.000,0.012,0.000,0.004
24180,0.000,0.012,0.000,0.004
24181,0.000,0.012,0.000,0.004
24182,0.000,0.012,0.000,0.004
24183,0.000,0.012,0.000,0.004
24184,0.000,0.012,0.000,0.004
24185,0.000,0.012,0.000,0.004
24186,0.000,0.012,0.000,0.004
24187,0.000,0.012,0.000,0.004
24188,0.000,0.012,0.000,0.004
24189,0.000,0.012,0.000,0.004
24190,0.000,0.012,0.000,0.004
24191,0.000,0.012,0.000,0.004
24192,0.000,0.012,0.000,0.004
24193,0.000,0.012,0.000,0.004
24194,0.000,0.012,0.000,0.004
24195,0.000,0.012,0.000,0.004
24196,0.000,0.012,0.000,0.004
24197,0.000,0.012,0.000,0.004
24198,0.000,0.012,0.000,0.004
24199,0.000,0.012,0.000,0.004
24200,0.000,0.012,0.000,0.004
24201,0.000,0.012,0.000,0.004
24202,0.000,0.012,0.000,0.004
24203,0.000,0.012,0.000,0.004
24204,0.000,0.012,0.000,0.004
24205,0.000,0.012,0.000,0.004
24206,0.000,0.012,0.000,0.004
24207,0.000,0.012,0.000,0.004
24208,0.000,0.012,0.000,0.004
24209,0.000,0.012,0.000,0.004
24210,0.000,0.012,0.000,0.004
24211,0.000,0.012,0.000,0.004
24212,0.000,0.012,0.000,0.004
24213,0.000,0.012,0.000,0.004
24214,0.000,0.012,0.000,0.004
24215,0.000,0.012,0.000,0.004
24216,0.000,0.012,0.000,0.004
24217,0.000,0.012,0.000,0.004
24218,0.000,0.012,0.000,0.004
24219,0.000,0.012,0.000,0.004
24220,0.000,0.012,0.000,0.004
24221,0.000,0.012,0.000,0.004
24222,0.000,0.012,0.000,0.004
24223,0.000,0.012,0.000,0.004
24224,0.000,0.012,0.000,0.004
24225,0.000,0.012,0.000,0.004
24226,0.000,0.012,0.000,0.004
24227,0.000,0.012,0.000,0.004
24228,0.000,0.012,0.000,0.004
24229,0.000,0.012,0.000,0.004
24230,0.000,0.012,0.000,0.004
24231,0.000,0.012,0.000,0.004
24232,0.000,0.012,0.000,0.004
24233,0.000,0.012,0.000,0.004
24234,0.000,0.012,0.000,0.004
24235,0.000,0.012,0.000,0.004
24236,0.000,0.012,0.000,0.004
24237,0.000,0.012,0.000,0.004
24238,0.000,0.012,0.000,0.004
24239,0.000,0.012,0.000,0.004
24240,0.000,0.012,0.000,0.004
24241,0.000,0.012,0.000,0.004
24242,0.000,0.012,0.000,0.004
24243,0.000,0.012,0.000,0.004
24244,0.000,0.012,0.000,0.004
24245,0.000,0.012,0.000,0.004
24246,0.000,0.012,0.000,0.004
24247,0.000,0.012,0.000,0.004
24248,0.000,0.012,0.000,0.004
24249,0.000,0.012,0.000,0.004
24250,0.000,0.012,0.000,0.004
24251,0.000,0.012,0.000,0.004
24252,0.000,0.012,0.000,0.004
24253,0.000,0.012,0.000,0.004
24254,0.000,0.012,0.000,0.004
24255,0.000,0.012,0.000,0.004
24256,0.000,0.012,0.000,0.004
24257,0.000,0.012,0.000,0.004
24258,0.000,0.012,0.000,0.004
24259,0.000,0.012,0.000,0.004
24260,0.000,0.012,0.000,0.004
24261,0.000,0.012,0.000,0.004
24262,0.000,0.012,0.000,0.004
24263,0.000,0.012,0.000,0.004
24264,0.000,0.012,0.000,0.004
24265,0.000,0.012,0.000,0.004
24266,0.000,0.012,0.000,0.004
24267,0.000,0.012,0.000,0.004
24268,0.000,0.012,0.000,0.004
24269,0.000,0.012,0.000,0.004
24270,0.000,0.012,0.000,0.004
24271,0.000,0.012,0.000,0.004
24272,0.000,0.012,0.000,0.004
24273,0.000,0.012,0.000,0.004
24274,0.000,0.012,0.000,0.004
24275,0.000,0.012,0.000,0.004
24276,0.000,0.012,0.000,0.004
24277,0.000,0.012,0.000,0.004
24278,0.000,0.012,0.000,0.004
24279,0.000,0.012,0.000,0.004
24280,0.000,0.012,0.000,0.004
24281,0.000,0.012,0.000,0.004
24282,0.000,0.012,0.000,0.004
24283,0.000,0.012,0.000,0.004
24284,0.000,0.012,0.000,0.004
24285,0.000,0.012,0.000,0.004
24286,0.000,0.012,0.000,0.004
24287,0.000,0.012,0.000,0.004
24288,0.000,0.012,0.000,0.004
24289,0.000,0.012,0.000,0.004
24290,0.000,0.012,0.000,0.004
24291,0.000,0.012,0.000,0.004
24292,0.000,0.012,0.000,0.004
24293,0.000,0.012,0.000,0.004
24294,0.000,0.012,0.000,0.004
24295,0.000,0.012,0.000,0.004
24296,0.000,0.012,0.000,0.004
24297,0.000,0.012,0.000,0.004
24298,0.000,0.012,0.000,0.004
24299,0.000,0.012,0.000,0.004
24300,0.000,0.012,0.000,0.004
24301,0.000,0.012,0.000,0.004
24302,0.000,0.012,0.000,0.004
24303,0.000,0.012,0.000,0.004
24304,0.000,0.012,0.000,0.004
24305,0.000,0.012,0.000,0.004
24306,0.000,0.012,0.000,0.004
24307,0.000,0.012,0.000,0.004
24308,0.000,0.012,0.000,0.004
24309,0.000,0.012,0.000,0.004
24310,0.000,0.012,0.000,0.004
24311,0.000,0.012,0.000,0.004
24312,0.000,0.012,0.000,0.004
24313,0.000,0.012,0.000,0.004
24314,0.000,0.012,0.000,0.004
24315,0.000,0.012,0.000,0.004
24316,0.000,0.012,0.000,0.004
24317,0.000,0.012,0.000,0.004
24318,0.000,0.012,0.000,0.004
24319,0.000,0.012,0.000,0.004
24320,0.000,0.012,0.000,0.004
24321,0.000,0.012,0.000,0.004
24322,0.000,0.012,0.000,0.004
24323,0.000,0.012,0.000,0.004
24324,0.000,0.012,0.000,0.004
24325,0.000,0.012,0.000,0.004
24326,0.000,0.012,0.000,0.004
24327,0.000,0.012,0.000,0.004
24328,0.000,0.012,0.000,0.004
24329,0.000,0.012,0.000,0.004
24330,0.000,0.012,0.000,0.004
24331,0.000,0.012,0.008,0.006
24332,0.000,0.012,0.000,0.004
24333,0.000,0.012,0.000,0.004
24334,0.000,0.012,0.000,0.004
24335,0.000,0.012,0.000,0.004
24336,0.000,0.012,0.000,0.004
24337,0.000,0.012,0.000,0.004
24338,0.000,0.012,0.000,0.004
24339,0.000,0.012,0.000,0.004
24340,0.000,0.012,0.000,0.004
24341,0.000,0.012,0.000,0.004
24342,0.000,0.012,0.000,0.004
24343,0.000,0.012,0.000,0.004
24344,0.000,0.012,0.000,0.004
24345,0.000,0.012,0.000,0.004
24346,0.000,0.012,0.000,0.004
24347,0.000,0.012,0.000,0.004
24348,0.000,0.012,0.000,0.004
24349,0.000,0.012,0.000,0.004
24350,0.000,0.012,0.000,0.004
24351,0.000,0.012,0.000,0.004
24352,0.000,0.012,0.000,0.004
24353,0.000,0.012,0.000,0.004
24354,0.000,0.012,0.000,0.004
24355,0.000,0.012,0.000,0.004
24356,0.000,0.012,0.000,0.004
24357,0.000,0.012,0.000,0.004
24358,0.000,0.012,0.000,0.004
24359,0.000,0.012,0.000,0.004
24360,0.000,0.012,0.000,0.004
24361,0.000,0.012,0.000,0.004
24362,0.000,0.012,0.000,0.004
24363,0.000,0.012,0.000,0.004
24364,0.000,0.012,0.000,0.004
24365,0.000,0.012,0.000,0.004
24366,0.000,0.012,0.000,0.004
24367,0.000,0.012,0.000,0.004
24368,0.000,0.012,0.000,0.004
24369,0.000,0.012,0.000,0.004
24370,0.000,0.012,0.000,0.004
24371,0.000,0.012,0.000,0.004
24372,0.000,0.012,0.000,0.004
24373,0.000,0.012,0.000,0.004
24374,0.000,0.012,0.000,0.004
24375,0.000,0.012,0.000,0.004
24376,0.000,0.012,0.000,0.004
24377,0.000,0.012,0.000,0.004
24378,0.000,0.012,0.000,0.004
24379,0.000,0.012,0.000,0.004
24380,0.000,0.012,0.000,0.004
24381,0.000,0.012,0.000,0.004
24382,0.000,0.012,0.000,0.004
24383,0.000,0.012,0.000,0.004
24384,0.000,0.012,0.000,0.004
24385,0.000,0.012,0.000,0.004
24386,0.000,0.012,0.000,0.004
24387,0.000,0.012,0.000,0.004
24388,0.000,0.012,0.000,0.004
24389,0.000,0.012,0.000,0.004
24390,0.000,0.012,0.000,0.004
24391,0.000,0.012,0.000,0.004
24392,0.000,0.012,0.000,0.004
24393,0.000,0.012,0.000,0.004
24394,0.000,0.012,0.000,0.004
24395,0.000,0.012,0.000,0.004
24396,0.000,0.012,0.000,0.004
24397,0.000,0.012,0.000,0.004
24398,0.000,0.012,0.000,0.004
24399,0.000,0.012,0.000,0.004
24400,0.000,0.012,0.000,0.004
24401,0.000,0.012,0.000,0.004
24402,0.000,0.012,0.000,0.004
24403,0.000,0.012,0.000,0.004
24404,0.000,0.012,0.000,0.004
24405,0.000,0.012,0.000,0.004
24406,0.000,0.012,0.000,0.004
24407,0.000,0.012,0.000,0.004
24408,0.000,0.012,0.000,0.004
24409,0.000,0.012,0.000,0.004
24410,0.000,0.012,0.000,0.004
24411,0.000,0.012,0.000,0.004
24412,0.000,0.012,0.000,0.004
24413,0.000,0.012,0.000,0.004
24414,0.000,0.012,0.000,0.004
24415,0.000,0.012,0.000,0.004
24416,0.000,0.012,0.000,0.004
24417,0.000,0.012,0.000,0.004
24418,0.000,0.012,0.000,0.004
24419,0.000,0.012,0.000,0.004
24420,0.000,0.012,0.000,0.004
24421,0.000,0.012,0.000,0.004
24422,0.000,0.012,0.000,0.004
24423,0.000,0.012,0.000,0.004
24424,0.000,0.012,0.000,0.004
24425,0.000,0.012,0.000,0.004
24426,0.000,0.012,0.000,0.004
24427,0.000,0.012,0.000,0.004
24428,0.000,0.012,0.000,0.004
24429,0.000,0.012,0.000,0.004
24430,0.000,0.012,0.000,0.004
24431,0.000,0.012,0.000,0.004
24432,0.000,0.012,0.000,0.004
24433,0.000,0.012,0.000,0.004
24434,0.000,0.012,0.000,0.004
24435,0.000,0.012,0.000,0.004
24436,0.000,0.012,0.000,0.004
24437,0.000,0.012,0.000,0.004
24438,0.000,0.012,0.000,0.004
24439,0.000,0.012,0.000,0.004
24440,0.000,0.012,0.000,0.004
24441,0.000,0.012,0.000,0.004
24442,0.000,0.012,0.000,0.004
24443,0.000,0.012,0.000,0.004
24444,0.000,0.012,0.000,0.004
24445,0.000,0.012,0.000,0.004
24446,0.000,0.012,0.000,0.004
24447,0.000,0.012,0.000,0.004
24448,0.000,0.012,0.000,0.004
24449,0.000,0.012,0.000,0.004
24450,0.000,0.012,0.000,0.004
24451,0.000,0.012,0.000,0.004
24452,0.000,0.012,0.000,0.004
24453,0.000,0.012,0.000,0.004
24454,0.000,0.012,0.000,0.004
24455,0.000,0.012,0.000,0.004
24456,0.000,0.012,0.000,0.004
24457,0.000,0.012,0.000,0.004
24458,0.000,0.012,0.000,0.004
24459,0.000,0.012,0.000,0.004
24460,0.000,0.012,0.000,0.004
24461,0.000,0.012,0.000,0.004
24462,0.000,0.012,0.000,0.004
24463,0.000,0.012,0.000,0.004
24464,0.000,0.012,0.000,0.004
24465,0.000,0.012,0.000,0.004
24466,0.000,0.012,0.000,0.004
24467,0.000,0.012,0.000,0.004
24468,0.000,0.012,0.000,0.004
24469,0.000,0.012,0.000,0.004
24470,0.000,0.012,0.000,0.004
24471,0.000,0.012,0.000,0.004
24472,0.000,0.012,0.000,0.004
24473,0.000,0.012,0.000,0.004
24474,0.000,0.012,0.000,0.004
24475,0.000,0.012,0.000,0.004
24476,0.000,0.012,0.000,0.004
24477,0.000,0.012,0.000,0.004
24478,0.000,0.012,0.000,0.004
24479,0.000,0.012,0.000,0.004
24480,0.000,0.012,0.000,0.004
24481,0.000,0.012,0.000,0.004
24482,0.000,0.012,0.000,0.004
24483,0.000,0.012,0.000,0.004
24484,0.000,0.012,0.000,0.004
24485,0.000,0.012,0.000,0.004
24486,0.000,0.012,0.000,0.004
24487,0.000,0.012,0.000,0.004
24488,0.000,0.012,0.000,0.004
24489,0.000,0.012,0.000,0.004
24490,0.000,0.012,0.000,0.004
24491,0.000,0.012,0.000,0.004
24492,0.000,0.012,0.000,0.004
24493,0.000,0.012,0.000,0.004
24494,0.000,0.012,0.000,0.004
24495,0.000,0.012,0.000,0.004
24496,0.000,0.012,0.000,0.004
24497,0.000,0.012,0.000,0.004
24498,0.000,0.012,0.000,0.004
24499,0.000,0.012,0.000,0.004
24500,0.000,0.012,0.000,0.004
24501,0.000,0.012,0.000,0.004
24502,0.000,0.012,0.000,0.004
24503,0.000,0.012,0.000,0.004
24504,0.000,0.012,0.000,0.004
24505,0.000,0.012,0.000,0.004
24506,0.000,0.012,0.000,0.004
24507,0.000,0.012,0.000,0.004
24508,0.000,0.012,0.000,0.004
24509,0.000,0.012,0.000,0.004
24510,0.000,0.012,0.000,0.004
24511,0.000,0.012,0.000,0.004
24512,0.000,0.012,0.000,0.004
24513,0.000,0.012,0.000,0.004
24514,0.000,0.012,0.000,0.004
24515,0.000,0.012,0.000,0.004
24516,0.000,0.012,0.000,0.004
24517,0.000,0.012,0.000,0.004
24518,0.000,0.012,0.000,0.004
24519,0.000,0.012,0.000,0.004
24520,0.000,0.012,0.000,0.004
24521,0.000,0.012,0.000,0.004
24522,0.000,0.012,0.000,0.004
24523,0.000,0.012,0.000,0.004
24524,0.000,0.012,0.000,0.004
24525,0.000,0.012,0.000,0.004
24526,0.000,0.012,0.000,0.004
24527,0.000,0.012,0.000,0.004
24528,0.000,0.012,0.000,0.004
24529,0.000,0.012,0.000,0.004
24530,0.000,0.012,0.000,0.004
24531,0.000,0.012,0.000,0.004
24532,0.000,0.012,0.000,0.004
24533,0.000,0.012,0.000,0.004
24534,0.000,0.012,0.000,0.004
24535,0.000,0.012,0.000,0.004
24536,0.000,0.012,0.000,0.004
24537,0.000,0.012,0.000,0.004
24538,0.000,0.012,0.000,0.004
24539,0.000,0.012,0.000,0.004
24540,0.000,0.012,0.000,0.004
24541,0.000,0.012,0.000,0.004
24542,0.000,0.012,0.000,0.004
24543,0.000,0.012,0.000,0.004
24544,0.000,0.012,0.000,0.004
24545,0.000,0.012,0.000,0.004
24546,0.000,0.012,0.000,0.004
24547,0.000,0.012,0.000,0.004
24548,0.000,0.012,0.000,0.004
24549,0.000,0.012,0.000,0.004
24550,0.000,0.012,0.000,0.004
24551,0.000,0.012,0.000,0.004
24552,0.000,0.012,0.000,0.004
24553,0.000,0.012,0.000,0.004
24554,0.000,0.012,0.000,0.004
24555,0.000,0.012,0.000,0.004
24556,0.000,0.012,0.000,0.004
24557,0.000,0.012,0.000,0.004
24558,0.000,0.012,0.000,0.004
24559,0.000,0.012,0.000,0.004
24560,0.000,0.012,0.000,0.004
24561,0.000,0.012,0.000,0.004
24562,0.000,0.012,0.000,0.004
24563,0.000,0.012,0.000,0.004
24564,0.000,0.012,0.000,0.004
24565,0.000,0.012,0.000,0.004
24566,0.000,0.012,0.000,0.004
24567,0.000,0.012,0.000,0.004
24568,0.000,0.012,0.000,0.004
24569,0.000,0.012,0.000,0.004
24570,0.000,0.012,0.000,0.004
24571,0.000,0.012,0.000,0.004
24572,0.000,0.012,0.000,0.004
24573,0.000,0.012,0.000,0.004
24574,0.000,0.012,0.000,0.004
24575,0.000,0.012,0.000,0.004
24576,0.000,0.012,0.000,0.004
24577,0.000,0.012,0.000,0.004
24578,0.000,0.012,0.000,0.004
24579,0.000,0.012,0.000,0.004
24580,0.000,0.012,0.000,0.004
24581,0.000,0.012,0.000,0.004
24582,0.000,0.012,0.000,0.004
24583,0.000,0.012,0.000,0.004
24584,0.000,0.012,0.000,0.004
24585,0.000,0.012,0.000,0.004
24586,0.000,0.012,0.000,0.004
24587,0.000,0.012,0.000,0.004
24588,0.000,0.012,0.000,0.004
24589,0.000,0.012,0.000,0.004
24590,0.000,0.012,0.000,0.004
24591,0.000,0.012,0.000,0.004
24592,0.000,0.012,0.000,0.004
24593,0.000,0.012,0.000,0.004
24594,0.000,0.012,0.000,0.004
24595,0.000,0.012,0.000,0.004
24596,0.000,0.012,0.000,0.004
24597,0.000,0.012,0.000,0.004
24598,0.000,0.012,0.000,0.004
24599,0.000,0.012,0.000,0.004
24600,0.000,0.012,0.000,0.004
24601,0.000,0.012,0.000,0.004
24602,0.000,0.012,0.000,0.004
24603,0.000,0.012,0.000,0.004
24604,0.000,0.012,0.000,0.004
24605,0.000,0.012,0.000,0.004
24606,0.000,0.012,0.000,0.004
24607,0.000,0.012,0.000,0.004
24608,0.000,0.012,0.000,0.004
24609,0.000,0.012,0.000,0.004
24610,0.000,0.012,0.000,0.004
24611,0.000,0.012,0.000,0.004
24612,0.000,0.012,0.000,0.004
24613,0.000,0.012,0.000,0.004
24614,0.000,0.012,0.000,0.004
24615,0.000,0.012,0.000,0.004
24616,0.000,0.012,0.000,0.004
24617,0.000,0.012,0.000,0.004
24618,0.000,0.012,0.000,0.004
24619,0.000,0.012,0.000,0.004
24620,0.000,0.012,0.000,0.004
24621,0.000,0.012,0.000,0.004
24622,0.000,0.012,0.000,0.004
24623,0.000,0.012,0.000,0.004
24624,0.000,0.012,0.000,0.004
24625,0.000,0.012,0.000,0.004
24626,0.000,0.012,0.000,0.004
24627,0.000,0.012,0.000,0.004
24628,0.000,0.012,0.000,0.004
24629,0.000,0.012,0.000,0.004
24630,0.000,0.012,0.000,0.004
24631,0.000,0.012,0.000,0.004
24632,0.000,0.012,0.000,0.004
24633,0.000,0.012,0.000,0.004
24634,0.000,0.012,0.000,0.004
24635,0.000,0.012,0.000,0.004
24636,0.000,0.012,0.000,0.004
24637,0.000,0.012,0.000,0.004
24638,0.000,0.012,0.000,0.004
24639,0.000,0.012,0.000,0.004
24640,0.000,0.012,0.000,0.004
24641,0.000,0.012,0.000,0.004
24642,0.000,0.012,0.000,0.004
24643,0.000,0.012,0.000,0.004
24644,0.000,0.012,0.000,0.004
24645,0.000,0.012,0.000,0.004
24646,0.000,0.012,0.000,0.004
24647,0.000,0.012,0.000,0.004
24648,0.000,0.012,0.000,0.004
24649,0.000,0.012,0.000,0.004
24650,0.000,0.012,0.000,0.004
24651,0.000,0.012,0.000,0.004
24652,0.000,0.012,0.000,0.004
24653,0.000,0.012,0.000,0.004
24654,0.000,0.012,0.000,0.004
24655,0.000,0.012,0.000,0.004
24656,0.000,0.012,0.000,0.004
24657,0.000,0.012,0.000,0.004
24658,0.000,0.012,0.000,0.004
24659,0.000,0.012,0.000,0.004
24660,0.000,0.012,0.000,0.004
24661,0.000,0.012,0.000,0.004
24662,0.000,0.012,0.000,0.004
24663,0.000,0.012,0.000,0.004
24664,0.000,0.012,0.000,0.004
24665,0.000,0.012,0.000,0.004
24666,0.000,0.012,0.000,0.004
24667,0.000,0.012,0.000,0.004
24668,0.000,0.012,0.000,0.004
24669,0.000,0.012,0.000,0.004
24670,0.000,0.012,0.000,0.004
24671,0.000,0.012,0.000,0.004
24672,0.000,0.012,0.000,0.004
24673,0.000,0.012,0.000,0.004
24674,0.000,0.012,0.000,0.004
24675,0.000,0.012,0.000,0.004
24676,0.000,0.012,0.000,0.004
24677,0.000,0.012,0.000,0.004
24678,0.000,0.012,0.000,0.004
24679,0.000,0.012,0.000,0.004
24680,0.000,0.012,0.000,0.004
24681,0.000,0.012,0.000,0.004
24682,0.000,0.012,0.000,0.004
24683,0.000,0.012,0.000,0.004
24684,0.000,0.012,0.000,0.004
24685,0.000,0.012,0.000,0.004
24686,0.000,0.012,0.000,0.004
24687,0.000,0.012,0.000,0.004
24688,0.000,0.012,0.000,0.004
24689,0.000,0.012,0.000,0.004
24690,0.000,0.012,0.000,0.004
24691,0.000,0.012,0.000,0.004
24692,0.000,0.012,0.000,0.004
24693,0.000,0.012,0.000,0.004
24694,0.000,0.012,0.000,0.004
24695,0.000,0.012,0.000,0.004
24696,0.000,0.012,0.000,0.004
24697,0.000,0.012,0.000,0.004
24698,0.000,0.012,0.000,0.004
24699,0.000,0.012,0.000,0.004
24700,0.000,0.012,0.000,0.004
24701,0.000,0.012,0.000,0.004
24702,0.000,0.012,0.000,0.004
24703,0.000,0.012,0.000,0.004
24704,0.000,0.012,0.000,0.004
24705,0.000,0.012,0.000,0.004
24706,0.000,0.012,0.000,0.004
24707,0.000,0.012,0.000,0.004
24708,0.000,0.012,0.000,0.004
24709,0.000,0.012,0.000,0.004
24710,0.000,0.012,0.000,0.004
24711,0.000,0.012,0.000,0.004
24712,0.000,0.012,0.000,0.004
24713,0.000,0.012,0.000,0.004
24714,0.000,0.012,0.000,0.004
24715,0.000,0.012,0.000,0.004
24716,0.000,0.012,0.000,0.004
24717,0.000,0.012,0.000,0.004
24718,0.000,0.012,0.000,0.004
24719,0.000,0.012,0.000,0.004
24720,0.000,0.012,0.000,0.004
24721,0.000,0.012,0.000,0.004
24722,0.000,0.012,0.000,0.004
24723,0.000,0.012,0.000,0.004
24724,0.000,0.012,0.000,0.004
24725,0.000,0.012,0.000,0.004
24726,0.000,0.012,0.000,0.004
24727,0.000,0.012,0.000,0.004
24728,0.000,0.012,0.000,0.004
24729,0.000,0.012,0.000,0.004
24730,0.000,0.012,0.000,0.004
24731,0.000,0.012,0.000,0.004
24732,0.000,0.012,0.000,0.004
24733,0.000,0.012,0.000,0.004
24734,0.000,0.012,0.000,0.004
24735,0.000,0.012,0.000,0.004
24736,0.000,0.012,0.000,0.004
24737,0.000,0.012,0.000,0.004
24738,0.000,0.012,0.000,0.004
24739,0.000,0.012,0.000,0.004
24740,0.000,0.012,0.000,0.004
24741,0.000,0.012,0.000,0.004
24742,0.000,0.012,0.000,0.004
24743,0.000,0.012,0.000,0.004
24744,0.000,0.012,0.000,0.004
24745,0.000,0.012,0.000,0.004
24746,0.000,0.012,0.000,0.004
24747,0.000,0.012,0.000,0.004
24748,0.000,0.012,0.000,0.004
24749,0.000,0.012,0.000,0.004
24750,0.000,0.012,0.000,0.004
24751,0.000,0.012,0.000,0.004
24752,0.000,0.012,0.000,0.004
24753,0.000,0.012,0.000,0.004
24754,0.000,0.012,0.000,0.004
24755,0.000,0.012,0.000,0.004
24756,0.000,0.012,0.000,0.004
24757,0.000,0.012,0.000,0.004
24758,0.000,0.012,0.000,0.004
24759,0.000,0.012,0.000,0.004
24760,0.000,0.012,0.000,0.004
24761,0.000,0.012,0.000,0.004
24762,0.000,0.012,0.000,0.004
24763,0.000,0.012,0.000,0.004
24764,0.000,0.012,0.000,0.004
24765,0.000,0.012,0.000,0.004
24766,0.000,0.012,0.000,0.004
24767,0.000,0.012,0.000,0.004
24768,0.000,0.012,0.000,0.004
24769,0.000,0.012,0.000,0.004
24770,0.000,0.012,0.000,0.004
24771,0.000,0.012,0.000,0.004
24772,0.000,0.012,0.000,0.004
24773,0.000,0.012,0.000,0.004
24774,0.000,0.012,0.000,0.004
24775,0.000,0.012,0.000,0.004
24776,0.000,0.012,0.000,0.004
24777,0.000,0.012,0.000,0.004
24778,0.000,0.012,0.000,0.004
24779,0.000,0.012,0.000,0.004
24780,0.000,0.012,0.000,0.004
24781,0.000,0.012,0.000,0.004
24782,0.000,0.012,0.000,0.004
24783,0.000,0.012,0.000,0.004
24784,0.000,0.012,0.000,0.004
24785,0.000,0.012,0.000,0.004
24786,0.000,0.012,0.000,0.004
24787,0.000,0.012,0.000,0.004
24788,0.000,0.012,0.000,0.004
24789,0.000,0.012,0.000,0.004
24790,0.000,0.012,0.000,0.004
24791,0.000,0.012,0.000,0.004
24792,0.000,0.012,0.000,0.004
24793,0.000,0.012,0.000,0.004
24794,0.000,0.012,0.000,0.004
24795,0.000,0.012,0.000,0.004
24796,0.000,0.012,0.000,0.004
24797,0.000,0.012,0.000,0.004
24798,0.000,0.012,0.000,0.004
24799,0.000,0.012,0.000,0.004
24800,0.000,0.012,0.000,0.004
24801,0.000,0.012,0.000,0.004
24802,0.000,0.012,0.000,0.004
24803,0.000,0.012,0.000,0.004
24804,0.000,0.012,0.000,0.004
24805,0.000,0.012,0.000,0.004
24806,0.000,0.012,0.000,0.004
24807,0.000,0.012,0.000,0.004
24808,0.000,0.012,0.000,0.004
24809,0.000,0.012,0.000,0.004
24810,0.000,0.012,0.000,0.004
24811,0.000,0.012,0.000,0.004
24812,0.000,0.012,0.000,0.004
24813,0.000,0.012,0.000,0.004
24814,0.000,0.012,0.000,0.004
24815,0.000,0.012,0.000,0.004
24816,0.000,0.012,0.000,0.004
24817,0.000,0.012,0.000,0.004
24818,0.000,0.012,0.000,0.004
24819,0.000,0.012,0.000,0.004
24820,0.000,0.012,0.000,0.004
24821,0.000,0.012,0.000,0.004
24822,0.000,0.012,0.000,0.004
24823,0.000,0.012,0.000,0.004
24824,0.000,0.012,0.000,0.004
24825,0.000,0.012,0.000,0.004
24826,0.000,0.012,0.000,0.004
24827,0.000,0.012,0.000,0.004
24828,0.000,0.012,0.000,0.004
24829,0.000,0.012,0.000,0.004
24830,0.000,0.012,0.000,0.004
24831,0.000,0.012,0.000,0.004
24832,0.000,0.012,0.000,0.004
24833,0.000,0.012,0.000,0.004
24834,0.000,0.012,0.000,0.004
24835,0.000,0.012,0.000,0.004
24836,0.000,0.012,0.000,0.004
24837,0.000,0.012,0.000,0.004
24838,0.000,0.012,0.000,0.004
24839,0.000,0.012,0.000,0.004
24840,0.000,0.012,0.000,0.004
24841,0.000,0.012,0.000,0.004
24842,0.000,0.012,0.000,0.004
24843,0.000,0.012,0.000,0.004
24844,0.000,0.012,0.000,0.004
24845,0.000,0.012,0.000,0.004
24846,0.000,0.012,0.000,0.004
24847,0.000,0.012,0.000,0.004
24848,0.000,0.012,0.000,0.004
24849,0.000,0.012,0.000,0.004
24850,0.000,0.012,0.000,0.004
24851,0.000,0.012,0.000,0.004
24852,0.000,0.012,0.000,0.004
24853,0.000,0.012,0.000,0.004
24854,0.000,0.012,0.000,0.004
24855,0.000,0.012,0.000,0.004
24856,0.000,0.012,0.000,0.004
24857,0.000,0.012,0.000,0.004
24858,0.000,0.012,0.000,0.004
24859,0.000,0.012,0.000,0.004
24860,0.000,0.012,0.000,0.004
24861,0.000,0.012,0.000,0.004
24862,0.000,0.012,0.000,0.004
24863,0.000,0.012,0.000,0.004
24864,0.000,0.012,0.000,0.004
24865,0.000,0.012,0.000,0.004
24866,0.000,0.012,0.000,0.004
24867,0.000,0.012,0.000,0.004
24868,0.000,0.012,0.000,0.004
24869,0.000,0.012,0.000,0.004
24870,0.000,0.012,0.000,0.004
24871,0.000,0.012,0.000,0.004
24872,0.000,0.012,0.000,0.004
24873,0.000,0.012,0.000,0.004
24874,0.000,0.012,0.000,0.004
24875,0.000,0.012,0.000,0.004
24876,0.000,0.012,0.000,0.004
24877,0.000,0.012,0.000,0.004
24878,0.000,0.012,0.000,0.004
24879,0.000,0.012,0.000,0.004
24880,0.000,0.012,0.000,0.004
24881,0.000,0.012,0.000,0.004
24882,0.000,0.012,0.000,0.004
24883,0.000,0.012,0.000,0.004
24884,0.000,0.012,0.000,0.004
24885,0.000,0.012,0.000,0.004
24886,0.000,0.012,0.000,0.004
24887,0.000,0.012,0.000,0.004
24888,0.000,0.012,0.000,0.004
24889,0.000,0.012,0.000,0.004
24890,0.000,0.012,0.000,0.004
24891,0.000,0.012,0.000,0.004
24892,0.000,0.012,0.000,0.004
24893,0.000,0.012,0.000,0.004
24894,0.000,0.012,0.000,0.004
24895,0.000,0.012,0.000,0.004
24896,0.000,0.012,0.000,0.004
24897,0.000,0.012,0.000,0.004
24898,0.000,0.012,0.000,0.004
24899,0.000,0.012,0.000,0.004
24900,0.000,0.012,0.000,0.004
24901,0.000,0.012,0.000,0.004
24902,0.000,0.012,0.000,0.004
24903,0.000,0.012,0.000,0.004
24904,0.000,0.012,0.000,0.004
24905,0.000,0.012,0.000,0.004
24906,0.000,0.012,0.000,0.004
24907,0.000,0.012,0.000,0.004
24908,0.000,0.012,0.000,0.004
24909,0.000,0.012,0.000,0.004
24910,0.000,0.012,0.000,0.004
24911,0.000,0.012,0.000,0.004
24912,0.000,0.012,0.000,0.004
24913,0.000,0.012,0.000,0.004
24914,0.000,0.012,0.000,0.004
24915,0.000,0.012,0.000,0.004
24916,0.000,0.012,0.000,0.004
24917,0.000,0.012,0.000,0.004
24918,0.000,0.012,0.000,0.004
24919,0.000,0.012,0.000,0.004
24920,0.000,0.012,0.000,0.004
24921,0.000,0.012,0.000,0.004
24922,0.000,0.012,0.000,0.004
24923,0.000,0.012,0.000,0.004
24924,0.000,0.012,0.000,0.004
24925,0.000,0.012,0.000,0.004
24926,0.000,0.012,0.000,0.004
24927,0.000,0.012,0.000,0.004
24928,0.000,0.012,0.000,0.004
24929,0.000,0.012,0.000,0.004
24930,0.000,0.012,0.000,0.004
24931,0.000,0.012,0.000,0.004
24932,0.000,0.012,0.000,0.004
24933,0.000,0.012,0.000,0.004
24934,0.000,0.012,0.000,0.004
24935,0.000,0.012,0.000,0.004
24936,0.000,0.012,0.000,0.004
24937,0.000,0.012,0.000,0.004
24938,0.000,0.012,0.000,0.004
24939,0.000,0.012,0.000,0.004
24940,0.000,0.012,0.000,0.004
24941,0.000,0.012,0.000,0.004
24942,0.000,0.012,0.000,0.004
24943,0.000,0.012,0.000,0.004
24944,0.000,0.012,0.000,0.004
24945,0.000,0.012,0.000,0.004
24946,0.000,0.012,0.000,0.004
24947,0.000,0.012,0.000,0.004
24948,0.000,0.012,0.000,0.004
24949,0.000,0.012,0.000,0.004
24950,0.000,0.012,0.000,0.004
24951,0.000,0.012,0.000,0.004
24952,0.000,0.012,0.000,0.004
24953,0.000,0.012,0.000,0.004
24954,0.000,0.012,0.000,0.004
24955,0.000,0.012,0.000,0.004
24956,0.000,0.012,0.000,0.004
24957,0.000,0.012,0.000,0.004
24958,0.000,0.012,0.000,0.004
24959,0.000,0.012,0.000,0.004
24960,0.000,0.012,0.000,0.004
24961,0.000,0.012,0.000,0.004
24962,0.000,0.012,0.000,0.004
24963,0.000,0.012,0.000,0.004
24964,0.000,0.012,0.000,0.004
24965,0.000,0.012,0.000,0.004
24966,0.000,0.012,0.000,0.004
24967,0.000,0.012,0.000,0.004
24968,0.000,0.012,0.000,0.004
24969,0.000,0.012,0.000,0.004
24970,0.000,0.012,0.000,0.004
24971,0.000,0.012,0.000,0.004
24972,0.000,0.012,0.000,0.004
24973,0.000,0.012,0.000,0.004
24974,0.000,0.012,0.000,0.004
24975,0.000,0.012,0.000,0.004
24976,0.000,0.012,0.000,0.004
24977,0.000,0.012,0.000,0.004
24978,0.000,0.012,0.000,0.004
24979,0.000,0.012,0.000,0.004
24980,0.000,0.012,0.000,0.004
24981,0.000,0.012,0.000,0.004
24982,0.000,0.012,0.000,0.004
24983,0.000,0.012,0.000,0.004
24984,0.000,0.012,0.000,0.004
24985,0.000,0.012,0.000,0.004
24986,0.000,0.012,0.000,0.004
24987,0.000,0.012,0.000,0.004
24988,0.000,0.012,0.000,0.004
24989,0.000,0.012,0.000,0.004
24990,0.000,0.012,0.000,0.004
24991,0.000,0.012,0.000,0.004
24992,0.000,0.012,0.000,0.004
24993,0.000,0.012,0.000,0.004
24994,0.000,0.012,0.000,0.004
24995,0.000,0.012,0.000,0.004
24996,0.000,0.012,0.000,0.004
24997,0.000,0.012,0.000,0.004
24998,0.000,0.012,0.000,0.004
24999,0.000,0.012,0.000,0.004
25000,0.000,0.012,0.000,0.004
25001,0.000,0.012,0.000,0.004
25002,0.000,0.012,0.000,0.004
25003,0.000,0.012,0.000,0.004
25004,0.000,0.012,0.000,0.004
25005,0.000,0.012,0.000,0.004
25006,0.000,0.012,0.000,0.004
25007,0.000,0.012,0.000,0.004
25008,0.000,0.012,0.000,0.004
25009,0.000,0.012,0.000,0.004
25010,0.000,0.012,0.000,0.004
25011,0.000,0.012,0.000,0.004
25012,0.000,0.012,0.000,0.004
25013,0.000,0.012,0.000,0.004
25014,0.000,0.012,0.000,0.004
25015,0.000,0.012,0.000,0.004
25016,0.000,0.012,0.000,0.004
25017,0.000,0.012,0.000,0.004
25018,0.000,0.012,0.000,0.004
25019,0.000,0.012,0.000,0.004
25020,0.000,0.012,0.000,0.004
25021,0.000,0.012,0.000,0.004
25022,0.000,0.012,0.000,0.004
25023,0.000,0.012,0.000,0.004
25024,0.000,0.012,0.000,0.004
25025,0.000,0.012,0.000,0.004
25026,0.000,0.012,0.000,0.004
25027,0.000,0.012,0.000,0.004
25028,0.000,0.012,0.000,0.004
25029,0.000,0.012,0.000,0.004
25030,0.000,0.012,0.000,0.004
25031,0.000,0.012,0.000,0.004
25032,0.000,0.012,0.000,0.004
25033,0.000,0.012,0.000,0.004
25034,0.000,0.012,0.000,0.004
25035,0.000,0.012,0.000,0.004
25036,0.000,0.012,0.000,0.004
25037,0.000,0.012,0.000,0.004
25038,0.000,0.012,0.000,0.004
25039,0.000,0.012,0.000,0.004
25040,0.000,0.012,0.000,0.004
25041,0.000,0.012,0.000,0.004
25042,0.000,0.012,0.000,0.004
25043,0.000,0.012,0.000,0.004
25044,0.000,0.012,0.000,0.004
25045,0.000,0.012,0.000,0.004
25046,0.000,0.012,0.000,0.004
25047,0.000,0.012,0.000,0.004
25048,0.000,0.012,0.000,0.004
25049,0.000,0.012,0.000,0.004
25050,0.000,0.012,0.000,0.004
25051,0.000,0.012,0.000,0.004
25052,0.000,0.012,0.000,0.004
25053,0.000,0.012,0.000,0.004
25054,0.000,0.012,0.000,0.004
25055,0.000,0.012,0.000,0.004
25056,0.000,0.012,0.000,0.004
25057,0.000,0.012,0.000,0.004
25058,0.000,0.012,0.000,0.004
25059,0.000,0.012,0.000,0.004
25060,0.000,0.012,0.000,0.004
25061,0.000,0.012,0.000,0.004
25062,0.000,0.012,0.000,0.004
25063,0.000,0.012,0.000,0.004
25064,0.000,0.012,0.000,0.004
25065,0.000,0.012,0.000,0.004
25066,0.000,0.012,0.000,0.004
25067,0.000,0.012,0.000,0.004
25068,0.000,0.012,0.000,0.004
25069,0.000,0.012,0.000,0.004
25070,0.000,0.012,0.000,0.004
25071,0.000,0.012,0.000,0.004
25072,0.000,0.012,0.000,0.004
25073,0.000,0.012,0.000,0.004
25074,0.000,0.012,0.000,0.004
25075,0.000,0.012,0.000,0.004
25076,0.000,0.012,0.000,0.004
25077,0.000,0.012,0.000,0.004
25078,0.000,0.012,0.000,0.004
25079,0.000,0.012,0.000,0.004
25080,0.000,0.012,0.000,0.004
25081,0.000,0.012,0.000,0.004
25082,0.000,0.012,0.000,0.004
25083,0.000,0.012,0.000,0.004
25084,0.000,0.012,0.000,0.004
25085,0.000,0.012,0.000,0.004
25086,0.000,0.012,0.000,0.004
25087,0.000,0.012,0.000,0.004
25088,0.000,0.012,0.000,0.004
25089,0.000,0.012,0.000,0.004
25090,0.000,0.012,0.000,0.004
25091,0.000,0.012,0.000,0.004
25092,0.000,0.012,0.000,0.004
25093,0.000,0.012,0.000,0.004
25094,0.000,0.012,0.000,0.004
25095,0.000,0.012,0.000,0.004
25096,0.000,0.012,0.000,0.004
25097,0.000,0.012,0.000,0.004
25098,0.000,0.012,0.000,0.004
25099,0.000,0.012,0.000,0.004
25100,0.000,0.012,0.000,0.004
25101,0.000,0.012,0.000,0.004
25102,0.000,0.012,0.000,0.004
25103,0.000,0.012,0.000,0.004
25104,0.000,0.012,0.000,0.004
25105,0.000,0.012,0.000,0.004
25106,0.000,0.012,0.000,0.004
25107,0.000,0.012,0.000,0.004
25108,0.000,0.012,0.000,0.004
25109,0.000,0.012,0.000,0.004
25110,0.000,0.012,0.000,0.004
25111,0.000,0.012,0.000,0.004
25112,0.000,0.012,0.000,0.004
25113,0.000,0.012,0.000,0.004
25114,0.000,0.012,0.000,0.004
25115,0.000,0.012,0.000,0.004
25116,0.000,0.012,0.000,0.004
25117,0.000,0.012,0.000,0.004
25118,0.000,0.012,0.000,0.004
25119,0.000,0.012,0.000,0.004
25120,0.000,0.012,0.000,0.004
25121,0.000,0.012,0.000,0.004
25122,0.000,0.012,0.000,0.004
25123,0.000,0.012,0.000,0.004
25124,0.000,0.012,0.000,0.004
25125,0.000,0.012,0.000,0.004
25126,0.000,0.012,0.000,0.004
25127,0.000,0.012,0.000,0.004
25128,0.000,0.012,0.000,0.004
25129,0.000,0.012,0.000,0.004
25130,0.000,0.012,0.000,0.004
25131,0.000,0.012,0.000,0.004
25132,0.000,0.012,0.000,0.004
25133,0.000,0.012,0.000,0.004
25134,0.000,0.012,0.000,0.004
25135,0.000,0.012,0.000,0.004
25136,0.000,0.012,0.000,0.004
25137,0.000,0.012,0.000,0.004
25138,0.000,0.012,0.000,0.004
25139,0.000,0.012,0.000,0.004
25140,0.000,0.012,0.000,0.004
25141,0.000,0.012,0.000,0.004
25142,0.000,0.012,0.000,0.004
25143,0.000,0.012,0.000,0.004
25144,0.000,0.012,0.000,0.004
25145,0.000,0.012,0.000,0.004
25146,0.000,0.012,0.000,0.004
25147,0.000,0.012,0.000,0.004
25148,0.000,0.012,0.000,0.004
25149,0.000,0.012,0.000,0.004
25150,0.000,0.012,0.000,0.004
25151,0.000,0.012,0.000,0.004
25152,0.000,0.012,0.000,0.004
25153,0.000,0.012,0.000,0.004
25154,0.000,0.012,0.000,0.004
25155,0.000,0.012,0.000,0.004
25156,0.000,0.012,0.000,0.004
25157,0.000,0.012,0.000,0.004
25158,0.000,0.012,0.000,0.004
25159,0.000,0.012,0.000,0.004
25160,0.000,0.012,0.000,0.004
25161,0.000,0.012,0.000,0.004
25162,0.000,0.012,0.000,0.004
25163,0.000,0.012,0.000,0.004
25164,0.000,0.012,0.000,0.004
25165,0.000,0.012,0.000,0.004
25166,0.000,0.012,0.000,0.004
25167,0.000,0.012,0.000,0.004
25168,0.000,0.012,0.000,0.004
25169,0.000,0.012,0.000,0.004
25170,0.000,0.012,0.000,0.004
25171,0.000,0.012,0.000,0.004
25172,0.000,0.012,0.000,0.004
25173,0.000,0.012,0.000,0.004
25174,0.000,0.012,0.000,0.004
25175,0.000,0.012,0.000,0.004
25176,0.000,0.012,0.000,0.004
25177,0.000,0.012,0.000,0.004
25178,0.000,0.012,0.000,0.004
25179,0.000,0.012,0.000,0.004
25180,0.000,0.012,0.000,0.004
25181,0.000,0.012,0.000,0.004
25182,0.000,0.012,0.000,0.004
25183,0.000,0.012,0.000,0.004
25184,0.000,0.012,0.000,0.004
25185,0.000,0.012,0.000,0.004
25186,0.000,0.012,0.000,0.004
25187,0.000,0.012,0.000,0.004
25188,0.000,0.012,0.000,0.004
25189,0.000,0.012,0.000,0.004
25190,0.000,0.012,0.000,0.004
25191,0.000,0.012,0.000,0.004
25192,0.000,0.012,0.000,0.004
25193,0.000,0.012,0.000,0.004
25194,0.000,0.012,0.000,0.004
25195,0.000,0.012,0.000,0.004
25196,0.000,0.012,0.000,0.004
25197,0.000,0.012,0.000,0.004
25198,0.000,0.012,0.000,0.004
25199,0.000,0.012,0.000,0.004
25200,0.000,0.012,0.000,0.004
25201,0.000,0.012,0.000,0.004
25202,0.000,0.012,0.000,0.004
25203,0.000,0.012,0.000,0.004
25204,0.000,0.012,0.000,0.004
25205,0.000,0.012,0.000,0.004
25206,0.000,0.012,0.000,0.004
25207,0.000,0.012,0.000,0.004
25208,0.000,0.012,0.000,0.004
25209,0.000,0.012,0.000,0.004
25210,0.000,0.012,0.000,0.004
25211,0.000,0.012,0.000,0.004
25212,0.000,0.012,0.000,0.004
25213,0.000,0.012,0.000,0.004
25214,0.000,0.012,0.000,0.004
25215,0.000,0.012,0.000,0.004
25216,0.000,0.012,0.000,0.004
25217,0.000,0.012,0.000,0.004
25218,0.000,0.012,0.000,0.004
25219,0.000,0.012,0.000,0.004
25220,0.000,0.012,0.000,0.004
25221,0.000,0.012,0.000,0.004
25222,0.000,0.012,0.000,0.004
25223,0.000,0.012,0.000,0.004
25224,0.000,0.012,0.000,0.004
25225,0.000,0.012,0.000,0.004
25226,0.000,0.012,0.000,0.004
25227,0.000,0.012,0.000,0.004
25228,0.000,0.012,0.000,0.004
25229,0.000,0.012,0.000,0.004
25230,0.000,0.012,0.000,0.004
25231,0.000,0.012,0.000,0.004
25232,0.000,0.012,0.000,0.004
25233,0.000,0.012,0.000,0.004
25234,0.000,0.012,0.000,0.004
25235,0.000,0.012,0.000,0.004
25236,0.000,0.012,0.000,0.004
25237,0.000,0.012,0.000,0.004
25238,0.000,0.012,0.000,0.004
25239,0.000,0.012,0.000,0.004
25240,0.000,0.012,0.000,0.004
25241,0.000,0.012,0.000,0.004
25242,0.000,0.012,0.000,0.004
25243,0.000,0.012,0.000,0.004
25244,0.000,0.012,0.000,0.004
25245,0.000,0.012,0.000,0.004
25246,0.000,0.012,0.000,0.004
25247,0.000,0.012,0.000,0.004
25248,0.000,0.012,0.000,0.004
25249,0.000,0.012,0.000,0.004
25250,0.000,0.012,0.000,0.004
25251,0.000,0.012,0.000,0.004
25252,0.000,0.012,0.000,0.004
25253,0.000,0.012,0.000,0.004
25254,0.000,0.012,0.000,0.004
25255,0.000,0.012,0.000,0.004
25256,0.000,0.012,0.000,0.004
25257,0.000,0.012,0.000,0.004
25258,0.000,0.012,0.000,0.004
25259,0.000,0.012,0.000,0.004
25260,0.000,0.012,0.000,0.004
25261,0.000,0.012,0.000,0.004
25262,0.000,0.012,0.000,0.004
25263,0.000,0.012,0.000,0.004
25264,0.000,0.012,0.000,0.004
25265,0.000,0.012,0.000,0.004
25266,0.000,0.012,0.000,0.004
25267,0.000,0.012,0.000,0.004
25268,0.000,0.012,0.000,0.004
25269,0.000,0.012,0.000,0.004
25270,0.000,0.012,0.000,0.004
25271,0.000,0.012,0.000,0.004
25272,0.000,0.012,0.000,0.004
25273,0.000,0.012,0.000,0.004
25274,0.000,0.012,0.000,0.004
25275,0.000,0.012,0.000,0.004
25276,0.000,0.012,0.000,0.004
25277,0.000,0.012,0.000,0.004
25278,0.000,0.012,0.000,0.004
25279,0.000,0.012,0.000,0.004
25280,0.000,0.012,0.000,0.004
25281,0.000,0.012,0.000,0.004
25282,0.000,0.012,0.000,0.004
25283,0.000,0.012,0.000,0.004
25284,0.000,0.012,0.000,0.004
25285,0.000,0.012,0.000,0.004
25286,0.000,0.012,0.000,0.004
25287,0.000,0.012,0.000,0.004
25288,0.000,0.012,0.000,0.004
25289,0.000,0.012,0.000,0.004
25290,0.000,0.012,0.000,0.004
25291,0.000,0.012,0.000,0.004
25292,0.000,0.012,0.000,0.004
25293,0.000,0.012,0.000,0.004
25294,0.000,0.012,0.000,0.004
25295,0.000,0.012,0.000,0.004
25296,0.000,0.012,0.000,0.004
25297,0.000,0.012,0.000,0.004
25298,0.000,0.012,0.000,0.004
25299,0.000,0.012,0.000,0.004
25300,0.000,0.012,0.000,0.004
25301,0.000,0.012,0.000,0.004
25302,0.000,0.012,0.000,0.004
25303,0.000,0.012,0.000,0.004
25304,0.000,0.012,0.000,0.004
25305,0.000,0.012,0.000,0.004
25306,0.000,0.012,0.000,0.004
25307,0.000,0.012,0.000,0.004
25308,0.000,0.012,0.000,0.004
25309,0.000,0.012,0.000,0.004
25310,0.000,0.012,0.000,0.004
25311,0.000,0.012,0.000,0.004
25312,0.000,0.012,0.000,0.004
25313,0.000,0.012,0.000,0.004
25314,0.000,0.012,0.000,0.004
25315,0.000,0.012,0.000,0.004
25316,0.000,0.012,0.000,0.004
25317,0.000,0.012,0.000,0.004
25318,0.000,0.012,0.000,0.004
25319,0.000,0.012,0.000,0.004
25320,0.000,0.012,0.000,0.004
25321,0.000,0.012,0.000,0.004
25322,0.000,0.012,0.000,0.004
25323,0.000,0.012,0.000,0.004
25324,0.000,0.012,0.000,0.004
25325,0.000,0.012,0.000,0.004
25326,0.000,0.012,0.000,0.004
25327,0.000,0.012,0.000,0.004
25328,0.000,0.012,0.000,0.004
25329,0.000,0.012,0.000,0.004
25330,0.000,0.012,0.000,0.004
25331,0.000,0.012,0.000,0.004
25332,0.000,0.012,0.000,0.004
25333,0.000,0.012,0.000,0.004
25334,0.000,0.012,0.000,0.004
25335,0.000,0.012,0.000,0.004
25336,0.000,0.012,0.000,0.004
25337,0.000,0.012,0.000,0.004
25338,0.000,0.012,0.000,0.004
25339,0.000,0.012,0.000,0.004
25340,0.000,0.012,0.000,0.004
25341,0.000,0.012,0.000,0.004
25342,0.000,0.012,0.000,0.004
25343,0.000,0.012,0.000,0.004
25344,0.000,0.012,0.000,0.004
25345,0.000,0.012,0.000,0.004
25346,0.000,0.012,0.000,0.004
25347,0.000,0.012,0.000,0.004
25348,0.000,0.012,0.000,0.004
25349,0.000,0.012,0.000,0.004
25350,0.000,0.012,0.000,0.004
25351,0.000,0.012,0.000,0.004
25352,0.000,0.012,0.000,0.004
25353,0.000,0.012,0.000,0.004
25354,0.000,0.012,0.000,0.004
25355,0.000,0.012,0.000,0.004
25356,0.000,0.012,0.000,0.004
25357,0.000,0.012,0.000,0.004
25358,0.000,0.012,0.000,0.004
25359,0.000,0.012,0.000,0.004
25360,0.000,0.012,0.000,0.004
25361,0.000,0.012,0.000,0.004
25362,0.000,0.012,0.000,0.004
25363,0.000,0.012,0.000,0.004
25364,0.000,0.012,0.000,0.004
25365,0.000,0.012,0.000,0.004
25366,0.000,0.012,0.000,0.004
25367,0.000,0.012,0.000,0.004
25368,0.000,0.012,0.000,0.004
25369,0.000,0.012,0.000,0.004
25370,0.000,0.012,0.000,0.004
25371,0.000,0.012,0.000,0.004
25372,0.000,0.012,0.000,0.004
25373,0.000,0.012,0.000,0.004
25374,0.000,0.012,0.000,0.004
25375,0.000,0.012,0.000,0.004
25376,0.000,0.012,0.000,0.004
25377,0.000,0.012,0.000,0.004
25378,0.000,0.012,0.000,0.004
25379,0.000,0.012,0.000,0.004
25380,0.000,0.012,0.000,0.004
25381,0.000,0.012,0.000,0.004
25382,0.000,0.012,0.000,0.004
25383,0.000,0.012,0.000,0.004
25384,0.000,0.012,0.000,0.004
25385,0.000,0.012,0.000,0.004
25386,0.000,0.012,0.000,0.004
25387,0.000,0.012,0.000,0.004
25388,0.000,0.012,0.000,0.004
25389,0.000,0.012,0.000,0.004
25390,0.000,0.012,0.000,0.004
25391,0.000,0.012,0.000,0.004
25392,0.000,0.012,0.000,0.004
25393,0.000,0.012,0.000,0.004
25394,0.000,0.012,0.000,0.004
25395,0.000,0.012,0.000,0.004
25396,0.000,0.012,0.000,0.004
25397,0.000,0.012,0.000,0.004
25398,0.000,0.012,0.000,0.004
25399,0.000,0.012,0.000,0.004
25400,0.000,0.012,0.000,0.004
25401,0.000,0.012,0.000,0.004
25402,0.000,0.012,0.000,0.004
25403,0.000,0.012,0.000,0.004
25404,0.000,0.012,0.000,0.004
25405,0.000,0.012,0.000,0.004
25406,0.000,0.012,0.000,0.004
25407,0.000,0.012,0.000,0.004
25408,0.000,0.012,0.000,0.004
25409,0.000,0.012,0.000,0.004
25410,0.000,0.012,0.000,0.004
25411,0.000,0.012,0.000,0.004
25412,0.000,0.012,0.000,0.004
25413,0.000,0.012,0.000,0.004
25414,0.000,0.012,0.000,0.004
25415,0.000,0.012,0.000,0.004
25416,0.000,0.012,0.000,0.004
25417,0.000,0.012,0.000,0.004
25418,0.000,0.012,0.000,0.004
25419,0.000,0.012,0.000,0.004
25420,0.000,0.012,0.000,0.004
25421,0.000,0.012,0.000,0.004
25422,0.000,0.012,0.000,0.004
25423,0.000,0.012,0.000,0.004
25424,0.000,0.012,0.000,0.004
25425,0.000,0.012,0.000,0.004
25426,0.000,0.012,0.000,0.004
25427,0.000,0.012,0.000,0.004
25428,0.000,0.012,0.000,0.004
25429,0.000,0.012,0.000,0.004
25430,0.000,0.012,0.000,0.004
25431,0.000,0.012,0.000,0.004
25432,0.000,0.012,0.000,0.004
25433,0.000,0.012,0.000,0.004
25434,0.000,0.012,0.000,0.004
25435,0.000,0.012,0.000,0.004
25436,0.000,0.012,0.000,0.004
25437,0.000,0.012,0.000,0.004
25438,0.000,0.012,0.000,0.004
25439,0.000,0.012,0.000,0.004
25440,0.000,0.012,0.000,0.004
25441,0.000,0.012,0.000,0.004
25442,0.000,0.012,0.000,0.004
25443,0.000,0.012,0.000,0.004
25444,0.000,0.012,0.000,0.004
25445,0.000,0.012,0.000,0.004
25446,0.000,0.012,0.000,0.004
25447,0.000,0.012,0.000,0.004
25448,0.000,0.012,0.000,0.004
25449,0.000,0.012,0.000,0.004
25450,0.000,0.012,0.000,0.004
25451,0.000,0.012,0.000,0.004
25452,0.000,0.012,0.000,0.004
25453,0.000,0.012,0.000,0.004
25454,0.000,0.012,0.000,0.004
25455,0.000,0.012,0.000,0.004
25456,0.000,0.012,0.000,0.004
25457,0.000,0.012,0.000,0.004
25458,0.000,0.012,0.000,0.004
25459,0.000,0.012,0.000,0.004
25460,0.000,0.012,0.000,0.004
25461,0.000,0.012,0.000,0.004
25462,0.000,0.012,0.000,0.004
25463,0.000,0.012,0.000,0.004
25464,0.000,0.012,0.000,0.004
25465,0.000,0.012,0.000,0.004
25466,0.000,0.012,0.000,0.004
25467,0.000,0.012,0.000,0.004
25468,0.000,0.012,0.000,0.004
25469,0.000,0.012,0.000,0.004
25470,0.000,0.012,0.000,0.004
25471,0.000,0.012,0.000,0.004
25472,0.000,0.012,0.000,0.004
25473,0.000,0.012,0.000,0.004
25474,0.000,0.012,0.000,0.004
25475,0.000,0.012,0.000,0.004
25476,0.000,0.012,0.000,0.004
25477,0.000,0.012,0.000,0.004
25478,0.000,0.012,0.000,0.004
25479,0.000,0.012,0.000,0.004
25480,0.000,0.012,0.000,0.004
25481,0.000,0.012,0.000,0.004
25482,0.000,0.012,0.000,0.004
25483,0.000,0.012,0.000,0.004
25484,0.000,0.012,0.000,0.004
25485,0.000,0.012,0.000,0.004
25486,0.000,0.012,0.000,0.004
25487,0.000,0.012,0.000,0.004
25488,0.000,0.012,0.000,0.004
25489,0.000,0.012,0.000,0.004
25490,0.000,0.012,0.000,0.004
25491,0.000,0.012,0.000,0.004
25492,0.000,0.012,0.000,0.004
25493,0.000,0.012,0.000,0.004
25494,0.000,0.012,0.000,0.004
25495,0.000,0.012,0.000,0.004
25496,0.000,0.012,0.000,0.004
25497,0.000,0.012,0.000,0.004
25498,0.000,0.012,0.000,0.004
25499,0.000,0.012,0.000,0.004
25500,0.000,0.012,0.000,0.004
25501,0.000,0.012,0.000,0.004
25502,0.000,0.012,0.000,0.004
25503,0.000,0.012,0.000,0.004
25504,0.000,0.012,0.000,0.004
25505,0.000,0.012,0.000,0.004
25506,0.000,0.012,0.000,0.004
25507,0.000,0.012,0.000,0.004
25508,0.000,0.012,0.000,0.004
25509,0.000,0.012,0.000,0.004
25510,0.000,0.012,0.000,0.004
25511,0.000,0.012,0.000,0.004
25512,0.000,0.012,0.000,0.004
25513,0.000,0.012,0.000,0.004
25514,0.000,0.012,0.000,0.004
25515,0.000,0.012,0.000,0.004
25516,0.000,0.012,0.000,0.004
25517,0.000,0.012,0.000,0.004
25518,0.000,0.012,0.000,0.004
25519,0.000,0.012,0.000,0.004
25520,0.000,0.012,0.000,0.004
25521,0.000,0.012,0.000,0.004
25522,0.000,0.012,0.000,0.004
25523,0.000,0.012,0.000,0.004
25524,0.000,0.012,0.000,0.004
25525,0.000,0.012,0.000,0.004
25526,0.000,0.012,0.000,0.004
25527,0.000,0.012,0.000,0.004
25528,0.000,0.012,0.000,0.004
25529,0.000,0.012,0.000,0.004
25530,0.000,0.012,0.000,0.004
25531,0.000,0.012,0.000,0.004
25532,0.000,0.012,0.000,0.004
25533,0.000,0.012,0.000,0.004
25534,0.000,0.012,0.000,0.004
25535,0.000,0.012,0.000,0.004
25536,0.000,0.012,0.000,0.004
25537,0.000,0.012,0.000,0.004
25538,0.000,0.012,0.000,0.004
25539,0.000,0.012,0.000,0.004
25540,0.000,0.012,0.000,0.004
25541,0.000,0.012,0.000,0.004
25542,0.000,0.012,0.000,0.004
25543,0.000,0.012,0.000,0.004
25544,0.000,0.012,0.000,0.004
25545,0.000,0.012,0.000,0.004
25546,0.000,0.012,0.000,0.004
25547,0.000,0.012,0.000,0.004
25548,0.000,0.012,0.000,0.004
25549,0.000,0.012,0.000,0.004
25550,0.000,0.012,0.000,0.004
25551,0.000,0.012,0.000,0.004
25552,0.000,0.012,0.000,0.004
25553,0.000,0.012,0.000,0.004
25554,0.000,0.012,0.000,0.004
25555,0.000,0.012,0.000,0.004
25556,0.000,0.012,0.000,0.004
25557,0.000,0.012,0.000,0.004
25558,0.000,0.012,0.000,0.004
25559,0.000,0.012,0.000,0.004
25560,0.000,0.012,0.000,0.004
25561,0.000,0.012,0.000,0.004
25562,0.000,0.012,0.000,0.004
25563,0.000,0.012,0.000,0.004
25564,0.000,0.012,0.000,0.004
25565,0.000,0.012,0.000,0.004
25566,0.000,0.012,0.000,0.004
25567,0.000,0.012,0.000,0.004
25568,0.000,0.012,0.000,0.004
25569,0.000,0.012,0.000,0.004
25570,0.000,0.012,0.000,0.004
25571,0.000,0.012,0.000,0.004
25572,0.000,0.012,0.000,0.004
25573,0.000,0.012,0.000,0.004
25574,0.000,0.012,0.000,0.004
25575,0.000,0.012,0.000,0.004
25576,0.000,0.012,0.000,0.004
25577,0.000,0.012,0.000,0.004
25578,0.000,0.012,0.000,0.004
25579,0.000,0.012,0.000,0.004
25580,0.000,0.012,0.000,0.004
25581,0.000,0.012,0.000,0.004
25582,0.000,0.012,0.000,0.004
25583,0.000,0.012,0.000,0.004
25584,0.000,0.012,0.000,0.004
25585,0.000,0.012,0.000,0.004
25586,0.000,0.012,0.000,0.004
25587,0.000,0.012,0.000,0.004
25588,0.000,0.012,0.000,0.004
25589,0.000,0.012,0.000,0.004
25590,0.000,0.012,0.000,0.004
25591,0.000,0.012,0.000,0.004
25592,0.000,0.012,0.000,0.004
25593,0.000,0.012,0.000,0.004
25594,0.000,0.012,0.000,0.004
25595,0.000,0.012,0.000,0.004
25596,0.000,0.012,0.000,0.004
25597,0.000,0.012,0.000,0.004
25598,0.000,0.012,0.000,0.004
25599,0.000,0.012,0.000,0.004
25600,0.000,0.012,0.000,0.004
25601,0.000,0.012,0.000,0.004
25602,0.000,0.012,0.000,0.004
25603,0.000,0.012,0.000,0.004
25604,0.000,0.012,0.000,0.004
25605,0.000,0.012,0.000,0.004
25606,0.000,0.012,0.000,0.004
25607,0.000,0.012,0.000,0.004
25608,0.000,0.012,0.000,0.004
25609,0.000,0.012,0.000,0.004
25610,0.000,0.012,0.000,0.004
25611,0.000,0.012,0.000,0.004
25612,0.000,0.012,0.000,0.004
25613,0.000,0.012,0.000,0.004
25614,0.000,0.012,0.000,0.004
25615,0.000,0.012,0.000,0.004
25616,0.000,0.012,0.000,0.004
25617,0.000,0.012,0.000,0.004
25618,0.000,0.012,0.000,0.004
25619,0.000,0.012,0.000,0.004
25620,0.000,0.012,0.000,0.004
25621,0.000,0.012,0.000,0.004
25622,0.000,0.012,0.000,0.004
25623,0.000,0.012,0.000,0.004
25624,0.000,0.012,0.000,0.004
25625,0.000,0.012,0.000,0.004
25626,0.000,0.012,0.000,0.004
25627,0.000,0.012,0.000,0.004
25628,0.000,0.012,0.000,0.004
25629,0.000,0.012,0.000,0.004
25630,0.000,0.012,0.000,0.004
25631,0.000,0.012,0.000,0.004
25632,0.000,0.012,0.000,0.004
25633,0.000,0.012,0.000,0.004
25634,0.000,0.012,0.000,0.004
25635,0.000,0.012,0.000,0.004
25636,0.000,0.012,0.000,0.004
25637,0.000,0.012,0.000,0.004
25638,0.000,0.012,0.000,0.004
25639,0.000,0.012,0.000,0.004
25640,0.000,0.012,0.000,0.004
25641,0.000,0.012,0.000,0.004
25642,0.000,0.012,0.000,0.004
25643,0.000,0.012,0.000,0.004
25644,0.000,0.012,0.000,0.004
25645,0.000,0.012,0.000,0.004
25646,0.000,0.012,0.000,0.004
25647,0.000,0.012,0.000,0.004
25648,0.000,0.012,0.000,0.004
25649,0.000,0.012,0.000,0.004
25650,0.000,0.012,0.000,0.004
25651,0.000,0.012,0.000,0.004
25652,0.000,0.012,0.000,0.004
25653,0.000,0.012,0.000,0.004
25654,0.000,0.012,0.000,0.004
25655,0.000,0.012,0.000,0.004
25656,0.000,0.012,0.000,0.004
25657,0.000,0.012,0.000,0.004
25658,0.000,0.012,0.000,0.004
25659,0.000,0.012,0.000,0.004
25660,0.000,0.012,0.000,0.004
25661,0.000,0.012,0.000,0.004
25662,0.000,0.012,0.000,0.004
25663,0.000,0.012,0.000,0.004
25664,0.000,0.012,0.000,0.004
25665,0.000,0.012,0.000,0.004
25666,0.000,0.012,0.000,0.004
25667,0.000,0.012,0.000,0.004
25668,0.000,0.012,0.000,0.004
25669,0.000,0.012,0.000,0.004
25670,0.000,0.012,0.000,0.004
25671,0.000,0.012,0.000,0.004
25672,0.000,0.012,0.000,0.004
25673,0.000,0.012,0.000,0.004
25674,0.000,0.012,0.000,0.004
25675,0.000,0.012,0.000,0.004
25676,0.000,0.012,0.000,0.004
25677,0.000,0.012,0.000,0.004
25678,0.000,0.012,0.000,0.004
25679,0.000,0.012,0.000,0.004
25680,0.000,0.012,0.000,0.004
25681,0.000,0.012,0.000,0.004
25682,0.000,0.012,0.000,0.004
25683,0.000,0.012,0.000,0.004
25684,0.000,0.012,0.000,0.004
25685,0.000,0.012,0.000,0.004
25686,0.000,0.012,0.000,0.004
25687,0.000,0.012,0.000,0.004
25688,0.000,0.012,0.000,0.004
25689,0.000,0.012,0.000,0.004
25690,0.000,0.012,0.000,0.004
25691,0.000,0.012,0.000,0.004
25692,0.000,0.012,0.000,0.004
25693,0.000,0.012,0.000,0.004
25694,0.000,0.012,0.000,0.004
25695,0.000,0.012,0.000,0.004
25696,0.000,0.012,0.000,0.004
25697,0.000,0.012,0.000,0.004
25698,0.000,0.012,0.000,0.004
25699,0.000,0.012,0.000,0.004
25700,0.000,0.012,0.000,0.004
25701,0.000,0.012,0.000,0.004
25702,0.000,0.012,0.000,0.004
25703,0.000,0.012,0.000,0.004
25704,0.000,0.012,0.000,0.004
25705,0.000,0.012,0.000,0.004
25706,0.000,0.012,0.000,0.004
25707,0.000,0.012,0.000,0.004
25708,0.000,0.012,0.000,0.004
25709,0.000,0.012,0.000,0.004
25710,0.000,0.012,0.000,0.004
25711,0.000,0.012,0.000,0.004
25712,0.000,0.012,0.000,0.004
25713,0.000,0.012,0.000,0.004
25714,0.000,0.012,0.000,0.004
25715,0.000,0.012,0.000,0.004
25716,0.000,0.012,0.000,0.004
25717,0.000,0.012,0.000,0.004
25718,0.000,0.012,0.000,0.004
25719,0.000,0.012,0.000,0.004
25720,0.000,0.012,0.000,0.004
25721,0.000,0.012,0.000,0.004
25722,0.000,0.012,0.000,0.004
25723,0.000,0.012,0.000,0.004
25724,0.000,0.012,0.000,0.004
25725,0.000,0.012,0.000,0.004
25726,0.000,0.012,0.000,0.004
25727,0.000,0.012,0.000,0.004
25728,0.000,0.012,0.000,0.004
25729,0.000,0.012,0.000,0.004
25730,0.000,0.012,0.000,0.004
25731,0.000,0.012,0.000,0.004
25732,0.000,0.012,0.000,0.004
25733,0.000,0.012,0.000,0.004
25734,0.000,0.012,0.000,0.004
25735,0.000,0.012,0.000,0.004
25736,0.000,0.012,0.000,0.004
25737,0.000,0.012,0.000,0.004
25738,0.000,0.012,0.000,0.004
25739,0.000,0.012,0.000,0.004
25740,0.000,0.012,0.000,0.004
25741,0.000,0.012,0.000,0.004
25742,0.000,0.012,0.000,0.004
25743,0.000,0.012,0.000,0.004
25744,0.000,0.012,0.000,0.004
25745,0.000,0.012,0.000,0.004
25746,0.000,0.012,0.000,0.004
25747,0.000,0.012,0.000,0.004
25748,0.000,0.012,0.000,0.004
25749,0.000,0.012,0.000,0.004
25750,0.000,0.012,0.000,0.004
25751,0.000,0.012,0.000,0.004
25752,0.000,0.012,0.000,0.004
25753,0.000,0.012,0.000,0.004
25754,0.000,0.012,0.000,0.004
25755,0.000,0.012,0.000,0.004
25756,0.000,0.012,0.000,0.004
25757,0.000,0.012,0.000,0.004
25758,0.000,0.012,0.000,0.004
25759,0.000,0.012,0.000,0.004
25760,0.000,0.012,0.000,0.004
25761,0.000,0.012,0.000,0.004
25762,0.000,0.012,0.000,0.004
25763,0.000,0.012,0.000,0.004
25764,0.000,0.012,0.000,0.004
25765,0.000,0.012,0.000,0.004
25766,0.000,0.012,0.000,0.004
25767,0.000,0.012,0.000,0.004
25768,0.000,0.012,0.000,0.004
25769,0.000,0.012,0.000,0.004
25770,0.000,0.012,0.000,0.004
25771,0.000,0.012,0.000,0.004
25772,0.000,0.012,0.000,0.004
25773,0.000,0.012,0.000,0.004
25774,0.000,0.012,0.000,0.004
25775,0.000,0.012,0.000,0.004
25776,0.000,0.012,0.000,0.004
25777,0.000,0.012,0.000,0.004
25778,0.000,0.012,0.000,0.004
25779,0.000,0.012,0.000,0.004
25780,0.000,0.012,0.000,0.004
25781,0.000,0.012,0.000,0.004
25782,0.000,0.012,0.000,0.004
25783,0.000,0.012,0.000,0.004
25784,0.000,0.012,0.000,0.004
25785,0.000,0.012,0.000,0.004
25786,0.000,0.012,0.000,0.004
25787,0.000,0.012,0.000,0.004
25788,0.000,0.012,0.000,0.004
25789,0.000,0.012,0.000,0.004
25790,0.000,0.012,0.000,0.004
25791,0.000,0.012,0.000,0.004
25792,0.000,0.012,0.000,0.004
25793,0.000,0.012,0.000,0.004
25794,0.000,0.012,0.000,0.004
25795,0.000,0.012,0.000,0.004
25796,0.000,0.012,0.000,0.004
25797,0.000,0.012,0.000,0.004
25798,0.000,0.012,0.000,0.004
25799,0.000,0.012,0.000,0.004
25800,0.000,0.012,0.000,0.004
25801,0.000,0.012,0.000,0.004
25802,0.000,0.012,0.000,0.004
25803,0.000,0.012,0.000,0.004
25804,0.000,0.012,0.000,0.004
25805,0.000,0.012,0.000,0.004
25806,0.000,0.012,0.000,0.004
25807,0.000,0.012,0.000,0.004
25808,0.000,0.012,0.000,0.004
25809,0.000,0.012,0.000,0.004
25810,0.000,0.012,0.000,0.004
25811,0.000,0.012,0.000,0.004
25812,0.000,0.012,0.000,0.004
25813,0.000,0.012,0.000,0.004
25814,0.000,0.012,0.000,0.004
25815,0.000,0.012,0.000,0.004
25816,0.000,0.012,0.000,0.004
25817,0.000,0.012,0.000,0.004
25818,0.000,0.012,0.000,0.004
25819,0.000,0.012,0.000,0.004
25820,0.000,0.012,0.000,0.004
25821,0.000,0.012,0.000,0.004
25822,0.000,0.012,0.000,0.004
25823,0.000,0.012,0.000,0.004
25824,0.000,0.012,0.000,0.004
25825,0.000,0.012,0.000,0.004
25826,0.000,0.012,0.000,0.004
25827,0.000,0.012,0.000,0.004
25828,0.000,0.012,0.000,0.004
25829,0.000,0.012,0.000,0.004
25830,0.000,0.012,0.000,0.004
25831,0.000,0.012,0.000,0.004
25832,0.000,0.012,0.000,0.004
25833,0.000,0.012,0.000,0.004
25834,0.000,0.012,0.000,0.004
25835,0.000,0.012,0.000,0.004
25836,0.000,0.012,0.000,0.004
25837,0.000,0.012,0.000,0.004
25838,0.000,0.012,0.000,0.004
25839,0.000,0.012,0.000,0.004
25840,0.000,0.012,0.000,0.004
25841,0.000,0.012,0.000,0.004
25842,0.000,0.012,0.000,0.004
25843,0.000,0.012,0.000,0.004
25844,0.000,0.012,0.000,0.004
25845,0.000,0.012,0.000,0.004
25846,0.000,0.012,0.000,0.004
25847,0.000,0.012,0.000,0.004
25848,0.000,0.012,0.000,0.004
25849,0.000,0.012,0.000,0.004
25850,0.000,0.012,0.000,0.004
25851,0.000,0.012,0.000,0.004
25852,0.000,0.012,0.000,0.004
25853,0.000,0.012,0.000,0.004
25854,0.000,0.012,0.000,0.004
25855,0.000,0.012,0.000,0.004
25856,0.000,0.012,0.000,0.004
25857,0.000,0.012,0.000,0.004
25858,0.000,0.012,0.000,0.004
25859,0.000,0.012,0.000,0.004
25860,0.000,0.012,0.000,0.004
25861,0.000,0.012,0.000,0.004
25862,0.000,0.012,0.000,0.004
25863,0.000,0.012,0.000,0.004
25864,0.000,0.012,0.000,0.004
25865,0.000,0.012,0.000,0.004
25866,0.000,0.012,0.000,0.004
25867,0.000,0.012,0.000,0.004
25868,0.000,0.012,0.000,0.004
25869,0.000,0.012,0.000,0.004
25870,0.000,0.012,0.000,0.004
25871,0.000,0.012,0.000,0.004
25872,0.000,0.012,0.000,0.004
25873,0.000,0.012,0.000,0.004
25874,0.000,0.012,0.000,0.004
25875,0.000,0.012,0.000,0.004
25876,0.000,0.012,0.000,0.004
25877,0.000,0.012,0.000,0.004
25878,0.000,0.012,0.000,0.004
25879,0.000,0.012,0.000,0.004
25880,0.000,0.012,0.000,0.004
25881,0.000,0.012,0.000,0.004
25882,0.000,0.012,0.000,0.004
25883,0.000,0.012,0.000,0.004
25884,0.000,0.012,0.000,0.004
25885,0.000,0.012,0.000,0.004
25886,0.000,0.012,0.000,0.004
25887,0.000,0.012,0.000,0.004
25888,0.000,0.012,0.000,0.004
25889,0.000,0.012,0.000,0.004
25890,0.000,0.012,0.000,0.004
25891,0.000,0.012,0.000,0.004
25892,0.000,0.012,0.000,0.004
25893,0.000,0.012,0.000,0.004
25894,0.000,0.012,0.000,0.004
25895,0.000,0.012,0.000,0.004
25896,0.000,0.012,0.000,0.004
25897,0.000,0.012,0.000,0.004
25898,0.000,0.012,0.000,0.004
25899,0.000,0.012,0.000,0.004
25900,0.000,0.012,0.000,0.004
25901,0.000,0.012,0.000,0.004
25902,0.000,0.012,0.000,0.004
25903,0.000,0.012,0.000,0.004
25904,0.000,0.012,0.000,0.004
25905,0.000,0.012,0.000,0.004
25906,0.000,0.012,0.000,0.004
25907,0.000,0.012,0.000,0.004
25908,0.000,0.012,0.000,0.004
25909,0.000,0.012,0.000,0.004
25910,0.000,0.012,0.000,0.004
25911,0.000,0.012,0.000,0.004
25912,0.000,0.012,0.000,0.004
25913,0.000,0.012,0.000,0.004
25914,0.000,0.012,0.000,0.004
25915,0.000,0.012,0.000,0.004
25916,0.000,0.012,0.000,0.004
25917,0.000,0.012,0.000,0.004
25918,0.000,0.012,0.000,0.004
25919,0.000,0.012,0.000,0.004
25920,0.000,0.012,0.000,0.004
25921,0.000,0.012,0.000,0.004
25922,0.000,0.012,0.000,0.004
25923,0.000,0.012,0.000,0.004
25924,0.000,0.012,0.000,0.004
25925,0.000,0.012,0.000,0.004
25926,0.000,0.012,0.000,0.004
25927,0.000,0.012,0.000,0.004
25928,0.000,0.012,0.000,0.004
25929,0.000,0.012,0.000,0.004
25930,0.000,0.012,0.000,0.004
25931,0.000,0.012,0.000,0.004
25932,0.000,0.012,0.000,0.004
25933,0.000,0.012,0.000,0.004
25934,0.000,0.012,0.000,0.004
25935,0.000,0.012,0.000,0.004
25936,0.000,0.012,0.000,0.004
25937,0.000,0.012,0.000,0.004
25938,0.000,0.012,0.000,0.004
25939,0.000,0.012,0.000,0.004
25940,0.000,0.012,0.000,0.004
25941,0.000,0.012,0.000,0.004
25942,0.000,0.012,0.000,0.004
25943,0.000,0.012,0.000,0.004
25944,0.000,0.012,0.000,0.004
25945,0.000,0.012,0.000,0.004
25946,0.000,0.012,0.000,0.004
25947,0.000,0.012,0.000,0.004
25948,0.000,0.012,0.000,0.004
25949,0.000,0.012,0.000,0.004
25950,0.000,0.012,0.000,0.004
25951,0.000,0.012,0.000,0.004
25952,0.000,0.012,0.000,0.004
25953,0.000,0.012,0.000,0.004
25954,0.000,0.012,0.000,0.004
25955,0.000,0.012,0.000,0.004
25956,0.000,0.012,0.000,0.004
25957,0.000,0.012,0.000,0.004
25958,0.000,0.012,0.000,0.004
25959,0.000,0.012,0.000,0.004
25960,0.000,0.012,0.000,0.004
25961,0.000,0.012,0.000,0.004
25962,0.000,0.012,0.000,0.004
25963,0.000,0.012,0.000,0.004
25964,0.000,0.012,0.000,0.004
25965,0.000,0.012,0.000,0.004
25966,0.000,0.012,0.000,0.004
25967,0.000,0.012,0.000,0.004
25968,0.000,0.012,0.000,0.004
25969,0.000,0.012,0.000,0.004
25970,0.000,0.012,0.000,0.004
25971,0.000,0.012,0.000,0.004
25972,0.000,0.012,0.000,0.004
25973,0.000,0.012,0.000,0.004
25974,0.000,0.012,0.000,0.004
25975,0.000,0.012,0.000,0.004
25976,0.000,0.012,0.000,0.004
25977,0.000,0.012,0.000,0.004
25978,0.000,0.012,0.000,0.004
25979,0.000,0.012,0.000,0.004
25980,0.000,0.012,0.000,0.004
25981,0.000,0.012,0.000,0.004
25982,0.000,0.012,0.000,0.004
25983,0.000,0.012,0.000,0.004
25984,0.000,0.012,0.000,0.004
25985,0.000,0.012,0.000,0.004
25986,0.000,0.012,0.000,0.004
25987,0.000,0.012,0.000,0.004
25988,0.000,0.012,0.000,0.004
25989,0.000,0.012,0.000,0.004
25990,0.000,0.012,0.000,0.004
25991,0.000,0.012,0.000,0.004
25992,0.000,0.012,0.000,0.004
25993,0.000,0.012,0.000,0.004
25994,0.000,0.012,0.000,0.004
25995,0.000,0.012,0.000,0.004
25996,0.000,0.012,0.000,0.004
25997,0.000,0.012,0.000,0.004
25998,0.000,0.012,0.000,0.004
25999,0.000,0.012,0.000,0.004
26000,0.000,0.012,0.000,0.004
26001,0.000,0.012,0.000,0.004
26002,0.000,0.012,0.000,0.004
26003,0.000,0.012,0.000,0.004
26004,0.000,0.012,0.000,0.004
26005,0.000,0.012,0.000,0.004
26006,0.000,0.012,0.000,0.004
26007,0.000,0.012,0.000,0.004
26008,0.000,0.012,0.000,0.004
26009,0.000,0.012,0.000,0.004
26010,0.000,0.012,0.000,0.004
26011,0.000,0.012,0.000,0.004
26012,0.000,0.012,0.000,0.004
26013,0.000,0.012,0.000,0.004
26014,0.000,0.012,0.000,0.004
26015,0.000,0.012,0.000,0.004
26016,0.000,0.012,0.000,0.004
26017,0.000,0.012,0.000,0.004
26018,0.000,0.012,0.000,0.004
26019,0.000,0.012,0.000,0.004
26020,0.000,0.012,0.000,0.004
26021,0.000,0.012,0.000,0.004
26022,0.000,0.012,0.000,0.004
26023,0.000,0.012,0.000,0.004
26024,0.000,0.012,0.000,0.004
26025,0.000,0.012,0.000,0.004
26026,0.000,0.012,0.000,0.004
26027,0.000,0.012,0.000,0.004
26028,0.000,0.012,0.000,0.004
26029,0.000,0.012,0.000,0.004
26030,0.000,0.012,0.000,0.004
26031,0.000,0.012,0.000,0.004
26032,0.000,0.012,0.000,0.004
26033,0.000,0.012,0.000,0.004
26034,0.000,0.012,0.000,0.004
26035,0.000,0.012,0.000,0.004
26036,0.000,0.012,0.000,0.004
26037,0.000,0.012,0.000,0.004
26038,0.000,0.012,0.000,0.004
26039,0.000,0.012,0.000,0.004
26040,0.000,0.012,0.000,0.004
26041,0.000,0.012,0.000,0.004
26042,0.000,0.012,0.000,0.004
26043,0.000,0.012,0.000,0.004
26044,0.000,0.012,0.000,0.004
26045,0.000,0.012,0.000,0.004
26046,0.000,0.012,0.000,0.004
26047,0.000,0.012,0.000,0.004
26048,0.000,0.012,0.000,0.004
26049,0.000,0.012,0.000,0.004
26050,0.000,0.012,0.000,0.004
26051,0.000,0.012,0.000,0.004
26052,0.000,0.012,0.000,0.004
26053,0.000,0.012,0.000,0.004
26054,0.000,0.012,0.000,0.004
26055,0.000,0.012,0.000,0.004
26056,0.000,0.012,0.000,0.004
26057,0.000,0.012,0.000,0.004
26058,0.000,0.012,0.000,0.004
26059,0.000,0.012,0.000,0.004
26060,0.000,0.012,0.000,0.004
26061,0.000,0.012,0.000,0.004
26062,0.000,0.012,0.000,0.004
26063,0.000,0.012,0.000,0.004
26064,0.000,0.012,0.000,0.004
26065,0.000,0.012,0.000,0.004
26066,0.000,0.012,0.000,0.004
26067,0.000,0.012,0.000,0.004
26068,0.000,0.012,0.000,0.004
26069,0.000,0.012,0.000,0.004
26070,0.000,0.012,0.000,0.004
26071,0.000,0.012,0.000,0.004
26072,0.000,0.012,0.000,0.004
26073,0.000,0.012,0.000,0.004
26074,0.000,0.012,0.000,0.004
26075,0.000,0.012,0.000,0.004
26076,0.000,0.012,0.000,0.004
26077,0.000,0.012,0.000,0.004
26078,0.000,0.012,0.000,0.004
26079,0.000,0.012,0.000,0.004
26080,0.000,0.012,0.000,0.004
26081,0.000,0.012,0.000,0.004
26082,0.000,0.012,0.000,0.004
26083,0.000,0.012,0.000,0.004
26084,0.000,0.012,0.000,0.004
26085,0.000,0.012,0.000,0.004
26086,0.000,0.012,0.000,0.004
26087,0.000,0.012,0.000,0.004
26088,0.000,0.012,0.000,0.004
26089,0.000,0.012,0.000,0.004
26090,0.000,0.012,0.000,0.004
26091,0.000,0.012,0.000,0.004
26092,0.000,0.012,0.000,0.004
26093,0.000,0.012,0.000,0.004
26094,0.000,0.012,0.000,0.004
26095,0.000,0.012,0.000,0.004
26096,0.000,0.012,0.000,0.004
26097,0.000,0.012,0.000,0.004
26098,0.000,0.012,0.000,0.004
26099,0.000,0.012,0.000,0.004
26100,0.000,0.012,0.000,0.004
26101,0.000,0.012,0.000,0.004
26102,0.000,0.012,0.000,0.004
26103,0.000,0.012,0.000,0.004
26104,0.000,0.012,0.000,0.004
26105,0.000,0.012,0.000,0.004
26106,0.000,0.012,0.000,0.004
26107,0.000,0.012,0.000,0.004
26108,0.000,0.012,0.000,0.004
26109,0.000,0.012,0.000,0.004
26110,0.000,0.012,0.000,0.004
26111,0.000,0.012,0.000,0.004
26112,0.000,0.012,0.000,0.004
26113,0.000,0.012,0.000,0.004
26114,0.000,0.012,0.000,0.004
26115,0.000,0.012,0.000,0.004
26116,0.000,0.012,0.000,0.004
26117,0.000,0.012,0.000,0.004
26118,0.000,0.012,0.000,0.004
26119,0.000,0.012,0.000,0.004
26120,0.000,0.012,0.000,0.004
26121,0.000,0.012,0.000,0.004
26122,0.000,0.012,0.000,0.004
26123,0.000,0.012,0.000,0.004
26124,0.000,0.012,0.000,0.004
26125,0.000,0.012,0.000,0.004
26126,0.000,0.012,0.000,0.004
26127,0.000,0.012,0.000,0.004
26128,0.000,0.012,0.000,0.004
26129,0.000,0.012,0.000,0.004
26130,0.000,0.012,0.000,0.004
26131,0.000,0.012,0.000,0.004
26132,0.000,0.012,0.000,0.004
26133,0.000,0.012,0.000,0.004
26134,0.000,0.012,0.000,0.004
26135,0.000,0.012,0.000,0.004
26136,0.000,0.012,0.000,0.004
26137,0.000,0.012,0.000,0.004
26138,0.000,0.012,0.000,0.004
26139,0.000,0.012,0.000,0.004
26140,0.000,0.012,0.000,0.004
26141,0.000,0.012,0.000,0.004
26142,0.000,0.012,0.000,0.004
26143,0.000,0.012,0.000,0.004
26144,0.000,0.012,0.000,0.004
26145,0.000,0.012,0.000,0.004
26146,0.000,0.012,0.000,0.004
26147,0.000,0.012,0.000,0.004
26148,0.000,0.012,0.000,0.004
26149,0.000,0.012,0.000,0.004
26150,0.000,0.012,0.000,0.004
26151,0.000,0.012,0.000,0.004
26152,0.000,0.012,0.000,0.004
26153,0.000,0.012,0.000,0.004
26154,0.000,0.012,0.000,0.004
26155,0.000,0.012,0.000,0.004
26156,0.000,0.012,0.000,0.004
26157,0.000,0.012,0.000,0.004
26158,0.000,0.012,0.000,0.004
26159,0.000,0.012,0.000,0.004
26160,0.000,0.012,0.000,0.004
26161,0.000,0.012,0.000,0.004
26162,0.000,0.012,0.000,0.004
26163,0.000,0.012,0.000,0.004
26164,0.000,0.012,0.000,0.004
26165,0.000,0.012,0.000,0.004
26166,0.000,0.012,0.000,0.004
26167,0.000,0.012,0.000,0.004
26168,0.000,0.012,0.000,0.004
26169,0.000,0.012,0.000,0.004
26170,0.000,0.012,0.000,0.004
26171,0.000,0.012,0.000,0.004
26172,0.000,0.012,0.000,0.004
26173,0.000,0.012,0.000,0.004
26174,0.000,0.012,0.000,0.004
26175,0.000,0.012,0.000,0.004
26176,0.000,0.012,0.000,0.004
26177,0.000,0.012,0.000,0.004
26178,0.000,0.012,0.000,0.004
26179,0.000,0.012,0.000,0.004
26180,0.000,0.012,0.000,0.004
26181,0.000,0.012,0.000,0.004
26182,0.000,0.012,0.000,0.004
26183,0.000,0.012,0.000,0.004
26184,0.000,0.012,0.000,0.004
26185,0.000,0.012,0.000,0.004
26186,0.000,0.012,0.000,0.004
26187,0.000,0.012,0.000,0.004
26188,0.000,0.012,0.000,0.004
26189,0.000,0.012,0.000,0.004
26190,0.000,0.012,0.000,0.004
26191,0.000,0.012,0.000,0.004
26192,0.000,0.012,0.000,0.004
26193,0.000,0.012,0.000,0.004
26194,0.000,0.012,0.000,0.004
26195,0.000,0.012,0.000,0.004
26196,0.000,0.012,0.000,0.004
26197,0.000,0.012,0.000,0.004
26198,0.000,0.012,0.000,0.004
26199,0.000,0.012,0.000,0.004
26200,0.000,0.012,0.000,0.004
26201,0.000,0.012,0.000,0.004
26202,0.000,0.012,0.000,0.004
26203,0.000,0.012,0.000,0.004
26204,0.000,0.012,0.000,0.004
26205,0.000,0.012,0.000,0.004
26206,0.000,0.012,0.000,0.004
26207,0.000,0.012,0.000,0.004
26208,0.000,0.012,0.000,0.004
26209,0.000,0.012,0.000,0.004
26210,0.000,0.012,0.000,0.004
26211,0.000,0.012,0.000,0.004
26212,0.000,0.012,0.000,0.004
26213,0.000,0.012,0.000,0.004
26214,0.000,0.012,0.000,0.004
26215,0.000,0.012,0.000,0.004
26216,0.000,0.012,0.000,0.004
26217,0.000,0.012,0.000,0.004
26218,0.000,0.012,0.000,0.004
26219,0.000,0.012,0.000,0.004
26220,0.000,0.012,0.000,0.004
26221,0.000,0.012,0.000,0.004
26222,0.000,0.012,0.000,0.004
26223,0.000,0.012,0.000,0.004
26224,0.000,0.012,0.000,0.004
26225,0.000,0.012,0.000,0.004
26226,0.000,0.012,0.000,0.004
26227,0.000,0.012,0.000,0.004
26228,0.000,0.012,0.000,0.004
26229,0.000,0.012,0.000,0.004
26230,0.000,0.012,0.000,0.004
26231,0.000,0.012,0.000,0.004
26232,0.000,0.012,0.000,0.004
26233,0.000,0.012,0.000,0.004
26234,0.000,0.012,0.000,0.004
26235,0.000,0.012,0.000,0.004
26236,0.000,0.012,0.000,0.004
26237,0.000,0.012,0.000,0.004
26238,0.000,0.012,0.000,0.004
26239,0.000,0.012,0.000,0.004
26240,0.000,0.012,0.000,0.004
26241,0.000,0.012,0.000,0.004
26242,0.000,0.012,0.000,0.004
26243,0.000,0.012,0.000,0.004
26244,0.000,0.012,0.000,0.004
26245,0.000,0.012,0.000,0.004
26246,0.000,0.012,0.000,0.004
26247,0.000,0.012,0.000,0.004
26248,0.000,0.012,0.000,0.004
26249,0.000,0.012,0.000,0.004
26250,0.000,0.012,0.000,0.004
26251,0.000,0.012,0.000,0.004
26252,0.000,0.012,0.000,0.004
26253,0.000,0.012,0.000,0.004
26254,0.000,0.012,0.000,0.004
26255,0.000,0.012,0.000,0.004
26256,0.000,0.012,0.000,0.004
26257,0.000,0.012,0.000,0.004
26258,0.000,0.012,0.000,0.004
26259,0.000,0.012,0.000,0.004
26260,0.000,0.012,0.000,0.004
26261,0.000,0.012,0.000,0.004
26262,0.000,0.012,0.000,0.004
26263,0.000,0.012,0.000,0.004
26264,0.000,0.012,0.000,0.004
26265,0.000,0.012,0.000,0.004
26266,0.000,0.012,0.000,0.004
26267,0.000,0.012,0.000,0.004
26268,0.000,0.012,0.000,0.004
26269,0.000,0.012,0.000,0.004
26270,0.000,0.012,0.000,0.004
26271,0.000,0.012,0.000,0.004
26272,0.000,0.012,0.000,0.004
26273,0.000,0.012,0.000,0.004
26274,0.000,0.012,0.000,0.004
26275,0.000,0.012,0.000,0.004
26276,0.000,0.012,0.000,0.004
26277,0.000,0.012,0.000,0.004
26278,0.000,0.012,0.000,0.004
26279,0.000,0.012,0.000,0.004
26280,0.000,0.012,0.000,0.004
26281,0.000,0.012,0.000,0.004
26282,0.000,0.012,0.000,0.004
26283,0.000,0.012,0.000,0.004
26284,0.000,0.012,0.000,0.004
26285,0.000,0.012,0.000,0.004
26286,0.000,0.012,0.000,0.004
26287,0.000,0.012,0.000,0.004
26288,0.000,0.012,0.000,0.004
26289,0.000,0.012,0.000,0.004
26290,0.000,0.012,0.000,0.004
26291,0.000,0.012,0.000,0.004
26292,0.000,0.012,0.000,0.004
26293,0.000,0.012,0.000,0.004
26294,0.000,0.012,0.000,0.004
26295,0.000,0.012,0.000,0.004
26296,0.000,0.012,0.000,0.004
26297,0.000,0.012,0.000,0.004
26298,0.000,0.012,0.000,0.004
26299,0.000,0.012,0.000,0.004
26300,0.000,0.012,0.000,0.004
26301,0.000,0.012,0.000,0.004
26302,0.000,0.012,0.000,0.004
26303,0.000,0.012,0.000,0.004
26304,0.000,0.012,0.000,0.004
26305,0.000,0.012,0.000,0.004
26306,0.000,0.012,0.000,0.004
26307,0.000,0.012,0.000,0.004
26308,0.000,0.012,0.000,0.004
26309,0.000,0.012,0.000,0.004
26310,0.000,0.012,0.000,0.004
26311,0.000,0.012,0.000,0.004
26312,0.000,0.012,0.000,0.004
26313,0.000,0.012,0.000,0.004
26314,0.000,0.012,0.000,0.004
26315,0.000,0.012,0.000,0.004
26316,0.000,0.012,0.000,0.004
26317,0.000,0.012,0.000,0.004
26318,0.000,0.012,0.000,0.004
26319,0.000,0.012,0.000,0.004
26320,0.000,0.012,0.000,0.004
26321,0.000,0.012,0.000,0.004
26322,0.000,0.012,0.000,0.004
26323,0.000,0.012,0.000,0.004
26324,0.000,0.012,0.000,0.004
26325,0.000,0.012,0.000,0.004
26326,0.000,0.012,0.000,0.004
26327,0.000,0.012,0.000,0.004
26328,0.000,0.012,0.000,0.004
26329,0.000,0.012,0.000,0.004
26330,0.000,0.012,0.000,0.004
26331,0.000,0.012,0.000,0.004
26332,0.000,0.012,0.000,0.004
26333,0.000,0.012,0.000,0.004
26334,0.000,0.012,0.000,0.004
26335,0.000,0.012,0.000,0.004
26336,0.000,0.012,0.000,0.004
26337,0.000,0.012,0.000,0.004
26338,0.000,0.012,0.000,0.004
26339,0.000,0.012,0.000,0.004
26340,0.000,0.012,0.000,0.004
26341,0.000,0.012,0.000,0.004
26342,0.000,0.012,0.000,0.004
26343,0.000,0.012,0.000,0.004
26344,0.000,0.012,0.000,0.004
26345,0.000,0.012,0.000,0.004
26346,0.000,0.012,0.000,0.004
26347,0.000,0.012,0.000,0.004
26348,0.000,0.012,0.000,0.004
26349,0.000,0.012,0.000,0.004
26350,0.000,0.012,0.000,0.004
26351,0.000,0.012,0.000,0.004
26352,0.000,0.012,0.000,0.004
26353,0.000,0.012,0.000,0.004
26354,0.000,0.012,0.000,0.004
26355,0.000,0.012,0.000,0.004
26356,0.000,0.012,0.000,0.004
26357,0.000,0.012,0.000,0.004
26358,0.000,0.012,0.000,0.004
26359,0.000,0.012,0.000,0.004
26360,0.000,0.012,0.000,0.004
26361,0.000,0.012,0.000,0.004
26362,0.000,0.012,0.000,0.004
26363,0.000,0.012,0.000,0.004
26364,0.000,0.012,0.000,0.004
26365,0.000,0.012,0.000,0.004
26366,0.000,0.012,0.000,0.004
26367,0.000,0.012,0.000,0.004
26368,0.000,0.012,0.000,0.004
26369,0.000,0.012,0.000,0.004
26370,0.000,0.012,0.000,0.004
26371,0.000,0.012,0.000,0.004
26372,0.000,0.012,0.000,0.004
26373,0.000,0.012,0.000,0.004
26374,0.000,0.012,0.000,0.004
26375,0.000,0.012,0.000,0.004
26376,0.000,0.012,0.000,0.004
26377,0.000,0.012,0.000,0.004
26378,0.000,0.012,0.000,0.004
26379,0.000,0.012,0.000,0.004
26380,0.000,0.012,0.000,0.004
26381,0.000,0.012,0.000,0.004
26382,0.000,0.012,0.000,0.004
26383,0.000,0.012,0.000,0.004
26384,0.000,0.012,0.000,0.004
26385,0.000,0.012,0.000,0.004
26386,0.000,0.012,0.000,0.004
26387,0.000,0.012,0.000,0.004
26388,0.000,0.012,0.000,0.004
26389,0.000,0.012,0.000,0.004
26390,0.000,0.012,0.000,0.004
26391,0.000,0.012,0.000,0.004
26392,0.000,0.012,0.000,0.004
26393,0.000,0.012,0.000,0.004
26394,0.000,0.012,0.000,0.004
26395,0.000,0.012,0.000,0.004
26396,0.000,0.012,0.000,0.004
26397,0.000,0.012,0.000,0.004
26398,0.000,0.012,0.000,0.004
26399,0.000,0.012,0.000,0.004
26400,0.000,0.012,0.000,0.004
26401,0.000,0.012,0.000,0.004
26402,0.000,0.012,0.000,0.004
26403,0.000,0.012,0.000,0.004
26404,0.000,0.012,0.000,0.004
26405,0.000,0.012,0.000,0.004
26406,0.000,0.012,0.000,0.004
26407,0.000,0.012,0.000,0.004
26408,0.000,0.012,0.000,0.004
26409,0.000,0.012,0.000,0.004
26410,0.000,0.012,0.000,0.004
26411,0.000,0.012,0.000,0.004
26412,0.000,0.012,0.000,0.004
26413,0.000,0.012,0.000,0.004
26414,0.000,0.012,0.000,0.004
26415,0.000,0.012,0.000,0.004
26416,0.000,0.012,0.000,0.004
26417,0.000,0.012,0.000,0.004
26418,0.000,0.012,0.000,0.004
26419,0.000,0.012,0.000,0.004
26420,0.000,0.012,0.000,0.004
26421,0.000,0.012,0.000,0.004
26422,0.000,0.012,0.000,0.004
26423,0.000,0.012,0.000,0.004
26424,0.000,0.012,0.000,0.004
26425,0.000,0.012,0.000,0.004
26426,0.000,0.012,0.000,0.004
26427,0.000,0.012,0.000,0.004
26428,0.000,0.012,0.000,0.004
26429,0.000,0.012,0.000,0.004
26430,0.000,0.012,0.000,0.004
26431,0.000,0.012,0.000,0.004
26432,0.000,0.012,0.000,0.004
26433,0.000,0.012,0.000,0.004
26434,0.000,0.012,0.000,0.004
26435,0.000,0.012,0.000,0.004
26436,0.000,0.012,0.000,0.004
26437,0.000,0.012,0.000,0.004
26438,0.000,0.012,0.000,0.004
26439,0.000,0.012,0.000,0.004
26440,0.000,0.012,0.000,0.004
26441,0.000,0.012,0.000,0.004
26442,0.000,0.012,0.000,0.004
26443,0.000,0.012,0.000,0.004
26444,0.000,0.012,0.000,0.004
26445,0.000,0.012,0.000,0.004
26446,0.000,0.012,0.000,0.004
26447,0.000,0.012,0.000,0.004
26448,0.000,0.012,0.000,0.004
26449,0.000,0.012,0.000,0.004
26450,0.000,0.012,0.000,0.004
26451,0.000,0.012,0.000,0.004
26452,0.000,0.012,0.000,0.004
26453,0.000,0.012,0.000,0.004
26454,0.000,0.012,0.000,0.004
26455,0.000,0.012,0.000,0.004
26456,0.000,0.012,0.000,0.004
26457,0.000,0.012,0.000,0.004
26458,0.000,0.012,0.000,0.004
26459,0.000,0.012,0.000,0.004
26460,0.000,0.012,0.000,0.004
26461,0.000,0.012,0.000,0.004
26462,0.000,0.012,0.000,0.004
26463,0.000,0.012,0.000,0.004
26464,0.000,0.012,0.000,0.004
26465,0.000,0.012,0.000,0.004
26466,0.000,0.012,0.000,0.004
26467,0.000,0.012,0.000,0.004
26468,0.000,0.012,0.000,0.004
26469,0.000,0.012,0.000,0.004
26470,0.000,0.012,0.000,0.004
26471,0.000,0.012,0.000,0.004
26472,0.000,0.012,0.000,0.004
26473,0.000,0.012,0.000,0.004
26474,0.000,0.012,0.000,0.004
26475,0.000,0.012,0.000,0.004
26476,0.000,0.012,0.000,0.004
26477,0.000,0.012,0.000,0.004
26478,0.000,0.012,0.000,0.004
26479,0.000,0.012,0.000,0.004
26480,0.000,0.012,0.000,0.004
26481,0.000,0.012,0.000,0.004
26482,0.000,0.012,0.000,0.004
26483,0.000,0.012,0.000,0.004
26484,0.000,0.012,0.000,0.004
26485,0.000,0.012,0.000,0.004
26486,0.000,0.012,0.000,0.004
26487,0.000,0.012,0.000,0.004
26488,0.000,0.012,0.000,0.004
26489,0.000,0.012,0.000,0.004
26490,0.000,0.012,0.000,0.004
26491,0.000,0.012,0.000,0.004
26492,0.000,0.012,0.000,0.004
26493,0.000,0.012,0.000,0.004
26494,0.000,0.012,0.000,0.004
26495,0.000,0.012,0.000,0.004
26496,0.000,0.012,0.000,0.004
26497,0.000,0.012,0.000,0.004
26498,0.000,0.012,0.000,0.004
26499,0.000,0.012,0.000,0.004
26500,0.000,0.012,0.000,0.004
26501,0.000,0.012,0.000,0.004
26502,0.000,0.012,0.000,0.004
26503,0.000,0.012,0.000,0.004
26504,0.000,0.012,0.000,0.004
26505,0.000,0.012,0.000,0.004
26506,0.000,0.012,0.000,0.004
26507,0.000,0.012,0.000,0.004
26508,0.000,0.012,0.000,0.004
26509,0.000,0.012,0.000,0.004
26510,0.000,0.012,0.000,0.004
26511,0.000,0.012,0.000,0.004
26512,0.000,0.012,0.000,0.004
26513,0.000,0.012,0.000,0.004
26514,0.000,0.012,0.000,0.004
26515,0.000,0.012,0.000,0.004
26516,0.000,0.012,0.000,0.004
26517,0.000,0.012,0.000,0.004
26518,0.000,0.012,0.000,0.004
26519,0.000,0.012,0.000,0.004
26520,0.000,0.012,0.000,0.004
26521,0.000,0.012,0.000,0.004
26522,0.000,0.012,0.000,0.004
26523,0.000,0.012,0.000,0.004
26524,0.000,0.012,0.000,0.004
26525,0.000,0.012,0.000,0.004
26526,0.000,0.012,0.000,0.004
26527,0.000,0.012,0.000,0.004
26528,0.000,0.012,0.000,0.004
26529,0.000,0.012,0.000,0.004
26530,0.000,0.012,0.000,0.004
26531,0.000,0.012,0.000,0.004
26532,0.000,0.012,0.000,0.004
26533,0.000,0.012,0.000,0.004
26534,0.000,0.012,0.000,0.004
26535,0.000,0.012,0.000,0.004
26536,0.000,0.012,0.000,0.004
26537,0.000,0.012,0.000,0.004
26538,0.000,0.012,0.000,0.004
26539,0.000,0.012,0.000,0.004
26540,0.000,0.012,0.000,0.004
26541,0.000,0.012,0.000,0.004
26542,0.000,0.012,0.000,0.004
26543,0.000,0.012,0.000,0.004
26544,0.000,0.012,0.000,0.004
26545,0.000,0.012,0.000,0.004
26546,0.000,0.012,0.000,0.004
26547,0.000,0.012,0.000,0.004
26548,0.000,0.012,0.000,0.004
26549,0.000,0.012,0.000,0.004
26550,0.000,0.012,0.000,0.004
26551,0.000,0.012,0.000,0.004
26552,0.000,0.012,0.000,0.004
26553,0.000,0.012,0.000,0.004
26554,0.000,0.012,0.000,0.004
26555,0.000,0.012,0.000,0.004
26556,0.000,0.012,0.000,0.004
26557,0.000,0.012,0.000,0.004
26558,0.000,0.012,0.000,0.004
26559,0.000,0.012,0.000,0.004
26560,0.000,0.012,0.000,0.004
26561,0.000,0.012,0.000,0.004
26562,0.000,0.012,0.000,0.004
26563,0.000,0.012,0.000,0.004
26564,0.000,0.012,0.000,0.004
26565,0.000,0.012,0.000,0.004
26566,0.000,0.012,0.000,0.004
26567,0.000,0.012,0.000,0.004
26568,0.000,0.012,0.000,0.004
26569,0.000,0.012,0.000,0.004
26570,0.000,0.012,0.000,0.004
26571,0.000,0.012,0.000,0.004
26572,0.000,0.012,0.000,0.004
26573,0.000,0.012,0.000,0.004
26574,0.000,0.012,0.000,0.004
26575,0.000,0.012,0.000,0.004
26576,0.000,0.012,0.000,0.004
26577,0.000,0.012,0.000,0.004
26578,0.000,0.012,0.000,0.004
26579,0.000,0.012,0.000,0.004
26580,0.000,0.012,0.000,0.004
26581,0.000,0.012,0.000,0.004
26582,0.000,0.012,0.000,0.004
26583,0.000,0.012,0.000,0.004
26584,0.000,0.012,0.000,0.004
26585,0.000,0.012,0.000,0.004
26586,0.000,0.012,0.000,0.004
26587,0.000,0.012,0.000,0.004
26588,0.000,0.012,0.000,0.004
26589,0.000,0.012,0.000,0.004
26590,0.000,0.012,0.000,0.004
26591,0.000,0.012,0.000,0.004
26592,0.000,0.012,0.000,0.004
26593,0.000,0.012,0.000,0.004
26594,0.000,0.012,0.000,0.004
26595,0.000,0.012,0.000,0.004
26596,0.000,0.012,0.000,0.004
26597,0.000,0.012,0.000,0.004
26598,0.000,0.012,0.000,0.004
26599,0.000,0.012,0.000,0.004
26600,0.000,0.012,0.000,0.004
26601,0.000,0.012,0.000,0.004
26602,0.000,0.012,0.000,0.004
26603,0.000,0.012,0.000,0.004
26604,0.000,0.012,0.000,0.004
26605,0.000,0.012,0.000,0.004
26606,0.000,0.012,0.000,0.004
26607,0.000,0.012,0.000,0.004
26608,0.000,0.012,0.000,0.004
26609,0.000,0.012,0.000,0.004
26610,0.000,0.012,0.000,0.004
26611,0.000,0.012,0.000,0.004
26612,0.000,0.012,0.000,0.004
26613,0.000,0.012,0.000,0.004
26614,0.000,0.012,0.000,0.004
26615,0.000,0.012,0.000,0.004
26616,0.000,0.012,0.000,0.004
26617,0.000,0.012,0.000,0.004
26618,0.000,0.012,0.000,0.004
26619,0.000,0.012,0.000,0.004
26620,0.000,0.012,0.000,0.004
26621,0.000,0.012,0.000,0.004
26622,0.000,0.012,0.000,0.004
26623,0.000,0.012,0.000,0.004
26624,0.000,0.012,0.000,0.004
26625,0.000,0.012,0.000,0.004
26626,0.000,0.012,0.000,0.004
26627,0.000,0.012,0.000,0.004
26628,0.000,0.012,0.000,0.004
26629,0.000,0.012,0.000,0.004
26630,0.000,0.012,0.000,0.004
26631,0.000,0.012,0.000,0.004
26632,0.000,0.012,0.000,0.004
26633,0.000,0.012,0.000,0.004
26634,0.000,0.012,0.000,0.004
26635,0.000,0.012,0.000,0.004
26636,0.000,0.012,0.000,0.004
26637,0.000,0.012,0.000,0.004
26638,0.000,0.012,0.000,0.004
26639,0.000,0.012,0.000,0.004
26640,0.000,0.012,0.000,0.004
26641,0.000,0.012,0.000,0.004
26642,0.000,0.012,0.000,0.004
26643,0.000,0.012,0.000,0.004
26644,0.000,0.012,0.000,0.004
26645,0.000,0.012,0.000,0.004
26646,0.000,0.012,0.000,0.004
26647,0.000,0.012,0.000,0.004
26648,0.000,0.012,0.000,0.004
26649,0.000,0.012,0.000,0.004
26650,0.000,0.012,0.000,0.004
26651,0.000,0.012,0.000,0.004
26652,0.000,0.012,0.000,0.004
26653,0.000,0.012,0.000,0.004
26654,0.000,0.012,0.000,0.004
26655,0.000,0.012,0.000,0.004
26656,0.000,0.012,0.000,0.004
26657,0.000,0.012,0.000,0.004
26658,0.000,0.012,0.000,0.004
26659,0.000,0.012,0.000,0.004
26660,0.000,0.012,0.000,0.004
26661,0.000,0.012,0.000,0.004
26662,0.000,0.012,0.000,0.004
26663,0.000,0.012,0.000,0.004
26664,0.000,0.012,0.000,0.004
26665,0.000,0.012,0.000,0.004
26666,0.000,0.012,0.000,0.004
26667,0.000,0.012,0.000,0.004
26668,0.000,0.012,0.000,0.004
26669,0.000,0.012,0.000,0.004
26670,0.000,0.012,0.000,0.004
26671,0.000,0.012,0.000,0.004
26672,0.000,0.012,0.000,0.004
26673,0.000,0.012,0.000,0.004
26674,0.000,0.012,0.000,0.004
26675,0.000,0.012,0.000,0.004
26676,0.000,0.012,0.000,0.004
26677,0.000,0.012,0.000,0.004
26678,0.000,0.012,0.000,0.004
26679,0.000,0.012,0.000,0.004
26680,0.000,0.012,0.000,0.004
26681,0.000,0.012,0.000,0.004
26682,0.000,0.012,0.000,0.004
26683,0.000,0.012,0.000,0.004
26684,0.000,0.012,0.000,0.004
26685,0.000,0.012,0.000,0.004
26686,0.000,0.012,0.000,0.004
26687,0.000,0.012,0.000,0.004
26688,0.000,0.012,0.000,0.004
26689,0.000,0.012,0.000,0.004
26690,0.000,0.012,0.000,0.004
26691,0.000,0.012,0.000,0.004
26692,0.000,0.012,0.000,0.004
26693,0.000,0.012,0.000,0.004
26694,0.000,0.012,0.000,0.004
26695,0.000,0.012,0.000,0.004
26696,0.000,0.012,0.000,0.004
26697,0.000,0.012,0.000,0.004
26698,0.000,0.012,0.000,0.004
26699,0.000,0.012,0.000,0.004
26700,0.000,0.012,0.000,0.004
26701,0.000,0.012,0.000,0.004
26702,0.000,0.012,0.000,0.004
26703,0.000,0.012,0.000,0.004
26704,0.000,0.012,0.000,0.004
26705,0.000,0.012,0.000,0.004
26706,0.000,0.012,0.000,0.004
26707,0.000,0.012,0.000,0.004
26708,0.000,0.012,0.000,0.004
26709,0.000,0.012,0.000,0.004
26710,0.000,0.012,0.000,0.004
26711,0.000,0.012,0.000,0.004
26712,0.000,0.012,0.000,0.004
26713,0.000,0.012,0.000,0.004
26714,0.000,0.012,0.000,0.004
26715,0.000,0.012,0.000,0.004
26716,0.000,0.012,0.000,0.004
26717,0.000,0.012,0.000,0.004
26718,0.000,0.012,0.000,0.004
26719,0.000,0.012,0.000,0.004
26720,0.000,0.012,0.000,0.004
26721,0.000,0.012,0.000,0.004
26722,0.000,0.012,0.000,0.004
26723,0.000,0.012,0.000,0.004
26724,0.000,0.012,0.000,0.004
26725,0.000,0.012,0.000,0.004
26726,0.000,0.012,0.000,0.004
26727,0.000,0.012,0.000,0.004
26728,0.000,0.012,0.000,0.004
26729,0.000,0.012,0.000,0.004
26730,0.000,0.012,0.000,0.004
26731,0.000,0.012,0.000,0.004
26732,0.000,0.012,0.000,0.004
26733,0.000,0.012,0.000,0.004
26734,0.000,0.012,0.000,0.004
26735,0.000,0.012,0.000,0.004
26736,0.000,0.012,0.000,0.004
26737,0.000,0.012,0.000,0.004
26738,0.000,0.012,0.000,0.004
26739,0.000,0.012,0.000,0.004
26740,0.000,0.012,0.000,0.004
26741,0.000,0.012,0.000,0.004
26742,0.000,0.012,0.000,0.004
26743,0.000,0.012,0.000,0.004
26744,0.000,0.012,0.000,0.004
26745,0.000,0.012,0.000,0.004
26746,0.000,0.012,0.000,0.004
26747,0.000,0.012,0.000,0.004
26748,0.000,0.012,0.000,0.004
26749,0.000,0.012,0.000,0.004
26750,0.000,0.012,0.000,0.004
26751,0.000,0.012,0.000,0.004
26752,0.000,0.012,0.000,0.004
26753,0.000,0.012,0.000,0.004
26754,0.000,0.012,0.000,0.004
26755,0.000,0.012,0.000,0.004
26756,0.000,0.012,0.000,0.004
26757,0.000,0.012,0.000,0.004
26758,0.000,0.012,0.000,0.004
26759,0.000,0.012,0.000,0.004
26760,0.000,0.012,0.000,0.004
26761,0.000,0.012,0.000,0.004
26762,0.000,0.012,0.000,0.004
26763,0.000,0.012,0.000,0.004
26764,0.000,0.012,0.000,0.004
26765,0.000,0.012,0.000,0.004
26766,0.000,0.012,0.000,0.004
26767,0.000,0.012,0.000,0.004
26768,0.000,0.012,0.000,0.004
26769,0.000,0.012,0.000,0.004
26770,0.000,0.012,0.000,0.004
26771,0.000,0.012,0.000,0.004
26772,0.000,0.012,0.000,0.004
26773,0.000,0.012,0.000,0.004
26774,0.000,0.012,0.000,0.004
26775,0.000,0.012,0.000,0.004
26776,0.000,0.012,0.000,0.004
26777,0.000,0.012,0.000,0.004
26778,0.000,0.012,0.000,0.004
26779,0.000,0.012,0.000,0.004
26780,0.000,0.012,0.000,0.004
26781,0.000,0.012,0.000,0.004
26782,0.000,0.012,0.000,0.004
26783,0.000,0.012,0.000,0.004
26784,0.000,0.012,0.000,0.004
26785,0.000,0.012,0.000,0.004
26786,0.000,0.012,0.000,0.004
26787,0.000,0.012,0.000,0.004
26788,0.000,0.012,0.000,0.004
26789,0.000,0.012,0.000,0.004
26790,0.000,0.012,0.000,0.004
26791,0.000,0.012,0.000,0.004
26792,0.000,0.012,0.000,0.004
26793,0.000,0.012,0.000,0.004
26794,0.000,0.012,0.000,0.004
26795,0.000,0.012,0.000,0.004
26796,0.000,0.012,0.000,0.004
26797,0.000,0.012,0.000,0.004
26798,0.000,0.012,0.000,0.004
26799,0.000,0.012,0.000,0.004
26800,0.000,0.012,0.000,0.004
26801,0.000,0.012,0.000,0.004
26802,0.000,0.012,0.000,0.004
26803,0.000,0.012,0.000,0.004
26804,0.000,0.012,0.000,0.004
26805,0.000,0.012,0.000,0.004
26806,0.000,0.012,0.000,0.004
26807,0.000,0.012,0.000,0.004
26808,0.000,0.012,0.000,0.004
26809,0.000,0.012,0.000,0.004
26810,0.000,0.012,0.000,0.004
26811,0.000,0.012,0.000,0.004
26812,0.000,0.012,0.000,0.004
26813,0.000,0.012,0.000,0.004
26814,0.000,0.012,0.000,0.004
26815,0.000,0.012,0.000,0.004
26816,0.000,0.012,0.000,0.004
26817,0.000,0.012,0.000,0.004
26818,0.000,0.012,0.000,0.004
26819,0.000,0.012,0.000,0.004
26820,0.000,0.012,0.000,0.004
26821,0.000,0.012,0.000,0.004
26822,0.000,0.012,0.000,0.004
26823,0.000,0.012,0.000,0.004
26824,0.000,0.012,0.000,0.004
26825,0.000,0.012,0.000,0.004
26826,0.000,0.012,0.000,0.004
26827,0.000,0.012,0.000,0.004
26828,0.000,0.012,0.000,0.004
26829,0.000,0.012,0.000,0.004
26830,0.000,0.012,0.000,0.004
26831,0.000,0.012,0.000,0.004
26832,0.000,0.012,0.000,0.004
26833,0.000,0.012,0.000,0.004
26834,0.000,0.012,0.000,0.004
26835,0.000,0.012,0.000,0.004
26836,0.000,0.012,0.000,0.004
26837,0.000,0.012,0.000,0.004
26838,0.000,0.012,0.000,0.004
26839,0.000,0.012,0.000,0.004
26840,0.000,0.012,0.000,0.004
26841,0.000,0.012,0.000,0.004
26842,0.000,0.012,0.000,0.004
26843,0.000,0.012,0.000,0.004
26844,0.000,0.012,0.000,0.004
26845,0.000,0.012,0.000,0.004
26846,0.000,0.012,0.000,0.004
26847,0.000,0.012,0.000,0.004
26848,0.000,0.012,0.000,0.004
26849,0.000,0.012,0.000,0.004
26850,0.000,0.012,0.000,0.004
26851,0.000,0.012,0.000,0.004
26852,0.000,0.012,0.000,0.004
26853,0.000,0.012,0.000,0.004
26854,0.000,0.012,0.000,0.004
26855,0.000,0.012,0.000,0.004
26856,0.000,0.012,0.000,0.004
26857,0.000,0.012,0.000,0.004
26858,0.000,0.012,0.000,0.004
26859,0.000,0.012,0.000,0.004
26860,0.000,0.012,0.000,0.004
26861,0.000,0.012,0.000,0.004
26862,0.000,0.012,0.000,0.004
26863,0.000,0.012,0.000,0.004
26864,0.000,0.012,0.000,0.004
26865,0.000,0.012,0.000,0.004
26866,0.000,0.012,0.000,0.004
26867,0.000,0.012,0.000,0.004
26868,0.000,0.012,0.000,0.004
26869,0.000,0.012,0.000,0.004
26870,0.000,0.012,0.000,0.004
26871,0.000,0.012,0.000,0.004
26872,0.000,0.012,0.000,0.004
26873,0.000,0.012,0.000,0.004
26874,0.000,0.012,0.000,0.004
26875,0.000,0.012,0.000,0.004
26876,0.000,0.012,0.000,0.004
26877,0.000,0.012,0.000,0.004
26878,0.000,0.012,0.000,0.004
26879,0.000,0.012,0.000,0.004
26880,0.000,0.012,0.000,0.004
26881,0.000,0.012,0.000,0.004
26882,0.000,0.012,0.000,0.004
26883,0.000,0.012,0.000,0.004
26884,0.000,0.012,0.000,0.004
26885,0.000,0.012,0.000,0.004
26886,0.000,0.012,0.000,0.004
26887,0.000,0.012,0.000,0.004
26888,0.000,0.012,0.000,0.004
26889,0.000,0.012,0.000,0.004
26890,0.000,0.012,0.000,0.004
26891,0.000,0.012,0.000,0.004
26892,0.000,0.012,0.000,0.004
26893,0.000,0.012,0.000,0.004
26894,0.000,0.012,0.000,0.004
26895,0.000,0.012,0.000,0.004
26896,0.000,0.012,0.000,0.004
26897,0.000,0.012,0.000,0.004
26898,0.000,0.012,0.000,0.004
26899,0.000,0.012,0.000,0.004
26900,0.000,0.012,0.000,0.004
26901,0.000,0.012,0.000,0.004
26902,0.000,0.012,0.000,0.004
26903,0.000,0.012,0.000,0.004
26904,0.000,0.012,0.000,0.004
26905,0.000,0.012,0.000,0.004
26906,0.000,0.012,0.000,0.004
26907,0.000,0.012,0.000,0.004
26908,0.000,0.012,0.000,0.004
26909,0.000,0.012,0.000,0.004
26910,0.000,0.012,0.000,0.004
26911,0.000,0.012,0.000,0.004
26912,0.000,0.012,0.000,0.004
26913,0.000,0.012,0.000,0.004
26914,0.000,0.012,0.000,0.004
26915,0.000,0.012,0.000,0.004
26916,0.000,0.012,0.000,0.004
26917,0.000,0.012,0.000,0.004
26918,0.000,0.012,0.000,0.004
26919,0.000,0.012,0.000,0.004
26920,0.000,0.012,0.000,0.004
26921,0.000,0.012,0.000,0.004
26922,0.000,0.012,0.000,0.004
26923,0.000,0.012,0.000,0.004
26924,0.000,0.012,0.000,0.004
26925,0.000,0.012,0.000,0.004
26926,0.000,0.012,0.000,0.004
26927,0.000,0.012,0.000,0.004
26928,0.000,0.012,0.000,0.004
26929,0.000,0.012,0.000,0.004
26930,0.000,0.012,0.000,0.004
26931,0.000,0.012,0.000,0.004
26932,0.000,0.012,0.000,0.004
26933,0.000,0.012,0.000,0.004
26934,0.000,0.012,0.000,0.004
26935,0.000,0.012,0.000,0.004
26936,0.000,0.012,0.000,0.004
26937,0.000,0.012,0.000,0.004
26938,0.000,0.012,0.000,0.004
26939,0.000,0.012,0.000,0.004
26940,0.000,0.012,0.000,0.004
26941,0.000,0.012,0.000,0.004
26942,0.000,0.012,0.000,0.004
26943,0.000,0.012,0.000,0.004
26944,0.000,0.012,0.000,0.004
26945,0.000,0.012,0.000,0.004
26946,0.000,0.012,0.000,0.004
26947,0.000,0.012,0.000,0.004
26948,0.000,0.012,0.000,0.004
26949,0.000,0.012,0.000,0.004
26950,0.000,0.012,0.000,0.004
26951,0.000,0.012,0.000,0.004
26952,0.000,0.012,0.000,0.004
26953,0.000,0.012,0.000,0.004
26954,0.000,0.012,0.000,0.004
26955,0.000,0.012,0.000,0.004
26956,0.000,0.012,0.000,0.004
26957,0.000,0.012,0.000,0.004
26958,0.000,0.012,0.000,0.004
26959,0.000,0.012,0.000,0.004
26960,0.000,0.012,0.000,0.004
26961,0.000,0.012,0.000,0.004
26962,0.000,0.012,0.000,0.004
26963,0.000,0.012,0.000,0.004
26964,0.000,0.012,0.000,0.004
26965,0.000,0.012,0.000,0.004
26966,0.000,0.012,0.000,0.004
26967,0.000,0.012,0.000,0.004
26968,0.000,0.012,0.000,0.004
26969,0.000,0.012,0.000,0.004
26970,0.000,0.012,0.000,0.004
26971,0.000,0.012,0.000,0.004
26972,0.000,0.012,0.000,0.004
26973,0.000,0.012,0.000,0.004
26974,0.000,0.012,0.000,0.004
26975,0.000,0.012,0.000,0.004
26976,0.000,0.012,0.000,0.004
26977,0.000,0.012,0.000,0.004
26978,0.000,0.012,0.000,0.004
26979,0.000,0.012,0.000,0.004
26980,0.000,0.012,0.000,0.004
26981,0.000,0.012,0.000,0.004
26982,0.000,0.012,0.000,0.004
26983,0.000,0.012,0.000,0.004
26984,0.000,0.012,0.000,0.004
26985,0.000,0.012,0.000,0.004
26986,0.000,0.012,0.000,0.004
26987,0.000,0.012,0.000,0.004
26988,0.000,0.012,0.000,0.004
26989,0.000,0.012,0.000,0.004
26990,0.000,0.012,0.000,0.004
26991,0.000,0.012,0.000,0.004
26992,0.000,0.012,0.000,0.004
26993,0.000,0.012,0.000,0.004
26994,0.000,0.012,0.000,0.004
26995,0.000,0.012,0.000,0.004
26996,0.000,0.012,0.000,0.004
26997,0.000,0.012,0.000,0.004
26998,0.000,0.012,0.000,0.004
26999,0.000,0.012,0.000,0.004
27000,0.000,0.012,0.000,0.004
