frame,tank1,tank2,tank3,overall
1,0.000,0.000,0.000,0.000
2,0.000,0.000,0.000,0.000
3,0.000,0.000,0.000,0.000
4,0.000,0.000,0.000,0.000
5,0.000,0.000,0.000,0.000
6,0.000,0.000,0.000,0.000
7,0.001,0.000,0.000,0.000
8,0.000,0.000,0.000,0.000
9,0.000,0.000,0.000,0.000
10,0.000,0.000,0.000,0.000
11,0.000,0.000,0.000,0.000
12,0.000,0.000,0.000,0.000
13,0.000,0.000,0.000,0.000
14,0.000,0.000,0.000,0.000
15,0.000,0.000,0.000,0.000
16,0.000,0.000,0.000,0.000
17,0.000,0.000,0.000,0.000
18,0.000,0.000,0.000,0.000
19,0.000,0.000,0.000,0.000
20,0.000,0.000,0.000,0.000
21,0.000,0.000,0.000,0.000
22,0.000,0.000,0.000,0.000
23,0.000,0.000,0.000,0.000
24,0.000,0.000,0.000,0.000
25,0.000,0.000,0.000,0.000
26,0.000,0.000,0.000,0.000
27,0.000,0.000,0.000,0.000
28,0.000,0.000,0.000,0.000
29,0.000,0.000,0.000,0.000
30,0.000,0.000,0.000,0.000
31,0.000,0.000,0.000,0.000
32,0.000,0.000,0.000,0.000
33,0.000,0.000,0.000,0.000
34,0.000,0.000,0.000,0.000
35,0.000,0.000,0.000,0.000
36,0.000,0.000,0.000,0.000
37,0.000,0.000,0.000,0.000
38,0.000,0.000,0.000,0.000
39,0.000,0.000,0.000,0.000
40,0.000,0.000,0.000,0.000
41,0.000,0.000,0.000,0.000
42,0.000,0.000,0.000,0.000
43,0.000,0.000,0.000,0.000
44,0.000,0.000,0.000,0.000
45,0.000,0.000,0.000,0.000
46,0.000,0.000,0.000,0.000
47,0.000,0.000,0.000,0.000
48,0.000,0.000,0.000,0.000
49,0.000,0.000,0.000,0.000
50,0.000,0.000,0.000,0.000
51,0.000,0.000,0.000,0.000
52,0.000,0.000,0.000,0.000
53,0.000,0.000,0.000,0.000
54,0.000,0.000,0.000,0.000
55,0.000,0.000,0.000,0.000
56,0.000,0.000,0.000,0.000
57,0.000,0.000,0.000,0.000
58,0.000,0.000,0.000,0.000
59,0.000,0.000,0.000,0.000
60,0.000,0.000,0.000,0.000
61,0.000,0.000,0.000,0.000
62,0.000,0.000,0.000,0.000
63,0.000,0.000,0.000,0.000
64,0.000,0.000,0.000,0.000
65,0.000,0.000,0.000,0.000
66,0.000,0.000,0.000,0.000
67,0.000,0.000,0.000,0.000
68,0.000,0.000,0.000,0.000
69,0.000,0.000,0.000,0.000
70,0.000,0.000,0.000,0.000
71,0.000,0.000,0.000,0.000
72,0.000,0.000,0.000,0.000
73,0.000,0.000,0.000,0.000
74,0.000,0.000,0.000,0.000
75,0.000,0.000,0.000,0.000
76,0.000,0.000,0.000,0.000
77,0.000,0.000,0.000,0.000
78,0.000,0.000,0.000,0.000
79,0.000,0.000,0.000,0.000
80,0.000,0.000,0.000,0.000
81,0.000,0.000,0.000,0.000
82,0.000,0.000,0.000,0.000
83,0.000,0.000,0.000,0.000
84,0.000,0.000,0.000,0.000
85,0.000,0.000,0.000,0.000
86,0.000,0.000,0.000,0.000
87,0.000,0.000,0.000,0.000
88,0.000,0.000,0.000,0.000
89,0.000,0.000,0.000,0.000
90,0.000,0.000,0.000,0.000
91,0.000,0.000,0.000,0.000
92,0.000,0.000,0.000,0.000
93,0.000,0.000,0.000,0.000
94,0.000,0.000,0.000,0.000
95,0.000,0.000,0.000,0.000
96,0.000,0.000,0.000,0.000
97,0.000,0.000,0.000,0.000
98,0.000,0.000,0.000,0.000
99,0.000,0.000,0.000,0.000
100,0.000,0.000,0.000,0.000
101,0.000,0.000,0.000,0.000
102,0.000,0.000,0.000,0.000
103,0.000,0.000,0.000,0.000
104,0.000,0.000,0.000,0.000
105,0.000,0.000,0.000,0.000
106,0.000,0.000,0.000,0.000
107,0.000,0.000,0.000,0.000
108,0.000,0.000,0.000,0.000
109,0.000,0.000,0.000,0.000
110,0.000,0.000,0.000,0.000
111,0.000,0.000,0.000,0.000
112,0.000,0.000,0.000,0.000
113,0.000,0.000,0.000,0.000
114,0.000,0.000,0.000,0.000
115,0.000,0.000,0.000,0.000
116,0.000,0.000,0.000,0.000
117,0.000,0.000,0.000,0.000
118,0.000,0.000,0.000,0.000
119,0.000,0.000,0.000,0.000
120,0.000,0.000,0.000,0.000
121,0.000,0.000,0.000,0.000
122,0.000,0.000,0.000,0.000
123,0.000,0.000,0.000,0.000
124,0.000,0.000,0.000,0.000
125,0.000,0.000,0.000,0.000
126,0.000,0.000,0.000,0.000
127,0.000,0.000,0.000,0.000
128,0.000,0.000,0.000,0.000
129,0.000,0.000,0.000,0.000
130,0.000,0.000,0.000,0.000
131,0.000,0.000,0.000,0.000
132,0.000,0.000,0.000,0.000
133,0.000,0.000,0.000,0.000
134,0.000,0.000,0.000,0.000
135,0.000,0.000,0.000,0.000
136,0.000,0.000,0.000,0.000
137,0.000,0.000,0.000,0.000
138,0.000,0.000,0.000,0.000
139,0.000,0.000,0.000,0.000
140,0.000,0.000,0.000,0.000
141,0.000,0.000,0.000,0.000
142,0.000,0.000,0.000,0.000
143,0.000,0.000,0.000,0.000
144,0.000,0.000,0.000,0.000
145,0.000,0.000,0.000,0.000
146,0.000,0.000,0.000,0.000
147,0.000,0.000,0.000,0.000
148,0.000,0.000,0.000,0.000
149,0.000,0.000,0.000,0.000
150,0.000,0.000,0.000,0.000
151,0.000,0.000,0.000,0.000
152,0.000,0.000,0.000,0.000
153,0.000,0.000,0.000,0.000
154,0.000,0.000,0.000,0.000
155,0.000,0.000,0.000,0.000
156,0.000,0.000,0.000,0.000
157,0.000,0.000,0.000,0.000
158,0.000,0.000,0.000,0.000
159,0.000,0.000,0.000,0.000
160,0.000,0.000,0.000,0.000
161,0.000,0.000,0.000,0.000
162,0.000,0.000,0.000,0.000
163,0.000,0.000,0.000,0.000
164,0.000,0.000,0.000,0.000
165,0.000,0.000,0.000,0.000
166,0.000,0.000,0.000,0.000
167,0.000,0.000,0.000,0.000
168,0.000,0.000,0.000,0.000
169,0.000,0.000,0.000,0.000
170,0.000,0.000,0.000,0.000
171,0.000,0.000,0.000,0.000
172,0.000,0.000,0.000,0.000
173,0.000,0.000,0.000,0.000
174,0.000,0.000,0.000,0.000
175,0.000,0.000,0.000,0.000
176,0.000,0.000,0.000,0.000
177,0.000,0.000,0.000,0.000
178,0.000,0.000,0.000,0.000
179,0.000,0.000,0.000,0.000
180,0.000,0.000,0.000,0.000
181,0.000,0.000,0.000,0.000
182,0.000,0.000,0.000,0.000
183,0.000,0.000,0.000,0.000
184,0.000,0.000,0.000,0.000
185,0.000,0.000,0.000,0.000
186,0.000,0.000,0.000,0.000
187,0.000,0.000,0.000,0.000
188,0.000,0.000,0.000,0.000
189,0.000,0.000,0.000,0.000
190,0.000,0.000,0.000,0.000
191,0.000,0.000,0.000,0.000
192,0.000,0.000,0.000,0.000
193,0.000,0.000,0.000,0.000
194,0.000,0.000,0.000,0.000
195,0.000,0.000,0.000,0.000
196,0.000,0.000,0.000,0.000
197,0.000,0.000,0.000,0.000
198,0.000,0.000,0.000,0.000
199,0.000,0.000,0.000,0.000
200,0.000,0.000,0.000,0.000
201,0.000,0.000,0.000,0.000
202,0.000,0.000,0.000,0.000
203,0.000,0.000,0.000,0.000
204,0.000,0.000,0.000,0.000
205,0.000,0.000,0.000,0.000
206,0.000,0.000,0.000,0.000
207,0.000,0.000,0.000,0.000
208,0.000,0.000,0.000,0.000
209,0.000,0.000,0.000,0.000
210,0.000,0.000,0.000,0.000
211,0.000,0.000,0.000,0.000
212,0.000,0.000,0.000,0.000
213,0.000,0.000,0.000,0.000
214,0.000,0.000,0.000,0.000
215,0.000,0.000,0.000,0.000
216,0.000,0.000,0.000,0.000
217,0.000,0.000,0.000,0.000
218,0.000,0.000,0.000,0.000
219,0.000,0.000,0.000,0.000
220,0.000,0.000,0.000,0.000
221,0.000,0.000,0.000,0.000
222,0.000,0.000,0.000,0.000
223,0.000,0.000,0.000,0.000
224,0.000,0.000,0.000,0.000
225,0.000,0.000,0.000,0.000
226,0.000,0.000,0.000,0.000
227,0.000,0.000,0.000,0.000
228,0.000,0.000,0.000,0.000
229,0.000,0.000,0.000,0.000
230,0.000,0.000,0.000,0.000
231,0.000,0.000,0.000,0.000
232,0.000,0.000,0.000,0.000
233,0.000,0.000,0.000,0.000
234,0.000,0.000,0.000,0.000
235,0.000,0.000,0.000,0.000
236,0.000,0.000,0.000,0.000
237,0.000,0.000,0.000,0.000
238,0.000,0.000,0.000,0.000
239,0.000,0.000,0.000,0.000
240,0.000,0.000,0.000,0.000
241,0.000,0.000,0.000,0.000
242,0.000,0.000,0.000,0.000
243,0.000,0.000,0.000,0.000
244,0.000,0.000,0.000,0.000
245,0.000,0.000,0.000,0.000
246,0.000,0.000,0.000,0.000
247,0.000,0.000,0.000,0.000
248,0.000,0.000,0.000,0.000
249,0.000,0.000,0.000,0.000
250,0.000,0.000,0.000,0.000
251,0.000,0.000,0.000,0.000
252,0.000,0.000,0.000,0.000
253,0.000,0.000,0.000,0.000
254,0.000,0.000,0.000,0.000
255,0.000,0.000,0.000,0.000
256,0.000,0.000,0.000,0.000
257,0.000,0.000,0.000,0.000
258,0.000,0.000,0.000,0.000
259,0.000,0.000,0.000,0.000
260,0.000,0.000,0.000,0.000
261,0.000,0.000,0.000,0.000
262,0.000,0.000,0.000,0.000
263,0.000,0.000,0.000,0.000
264,0.000,0.000,0.000,0.000
265,0.000,0.000,0.000,0.000
266,0.000,0.000,0.000,0.000
267,0.000,0.000,0.000,0.000
268,0.000,0.000,0.000,0.000
269,0.000,0.000,0.000,0.000
270,0.000,0.000,0.000,0.000
271,0.000,0.000,0.000,0.000
272,0.000,0.000,0.000,0.000
273,0.000,0.000,0.000,0.000
274,0.000,0.000,0.000,0.000
275,0.000,0.000,0.000,0.000
276,0.000,0.000,0.000,0.000
277,0.000,0.000,0.000,0.000
278,0.000,0.000,0.000,0.000
279,0.000,0.000,0.000,0.000
280,0.000,0.000,0.000,0.000
281,0.000,0.000,0.000,0.000
282,0.000,0.000,0.000,0.000
283,0.000,0.000,0.000,0.000
284,0.000,0.000,0.000,0.000
285,0.000,0.000,0.000,0.000
286,0.000,0.000,0.000,0.000
287,0.000,0.000,0.000,0.000
288,0.000,0.000,0.000,0.000
289,0.000,0.000,0.000,0.000
290,0.000,0.000,0.000,0.000
291,0.000,0.000,0.000,0.000
292,0.000,0.000,0.000,0.000
293,0.000,0.000,0.000,0.000
294,0.000,0.000,0.000,0.000
295,0.000,0.000,0.000,0.000
296,0.000,0.000,0.000,0.000
297,0.000,0.000,0.000,0.000
298,0.000,0.000,0.000,0.000
299,0.000,0.000,0.000,0.000
300,0.000,0.000,0.000,0.000
301,0.000,0.000,0.000,0.000
302,0.000,0.000,0.000,0.000
303,0.000,0.000,0.000,0.000
304,0.000,0.000,0.000,0.000
305,0.000,0.000,0.000,0.000
306,0.000,0.000,0.000,0.000
307,0.000,0.000,0.000,0.000
308,0.000,0.000,0.000,0.000
309,0.000,0.000,0.000,0.000
310,0.000,0.000,0.000,0.000
311,0.000,0.000,0.000,0.000
312,0.000,0.000,0.000,0.000
313,0.000,0.000,0.000,0.000
314,0.000,0.000,0.000,0.000
315,0.000,0.000,0.000,0.000
316,0.000,0.000,0.000,0.000
317,0.000,0.000,0.000,0.000
318,0.000,0.000,0.000,0.000
319,0.000,0.000,0.000,0.000
320,0.000,0.000,0.000,0.000
321,0.000,0.000,0.000,0.000
322,0.000,0.000,0.000,0.000
323,0.000,0.000,0.000,0.000
324,0.000,0.000,0.000,0.000
325,0.000,0.000,0.000,0.000
326,0.000,0.000,0.000,0.000
327,0.000,0.000,0.000,0.000
328,0.000,0.000,0.000,0.000
329,0.000,0.000,0.000,0.000
330,0.000,0.000,0.000,0.000
331,0.000,0.000,0.000,0.000
332,0.000,0.000,0.000,0.000
333,0.000,0.000,0.000,0.000
334,0.000,0.000,0.000,0.000
335,0.000,0.000,0.000,0.000
336,0.000,0.000,0.000,0.000
337,0.000,0.000,0.000,0.000
338,0.000,0.000,0.000,0.000
339,0.000,0.000,0.000,0.000
340,0.000,0.000,0.000,0.000
341,0.000,0.000,0.000,0.000
342,0.000,0.000,0.000,0.000
343,0.000,0.000,0.000,0.000
344,0.000,0.000,0.000,0.000
345,0.000,0.000,0.000,0.000
346,0.000,0.000,0.000,0.000
347,0.000,0.000,0.000,0.000
348,0.000,0.000,0.000,0.000
349,0.000,0.000,0.000,0.000
350,0.000,0.000,0.000,0.000
351,0.000,0.000,0.000,0.000
352,0.000,0.000,0.000,0.000
353,0.000,0.000,0.000,0.000
354,0.000,0.000,0.000,0.000
355,0.000,0.000,0.000,0.000
356,0.000,0.000,0.000,0.000
357,0.000,0.000,0.000,0.000
358,0.000,0.000,0.000,0.000
359,0.000,0.000,0.000,0.000
360,0.000,0.000,0.000,0.000
361,0.000,0.000,0.000,0.000
362,0.000,0.000,0.000,0.000
363,0.000,0.000,0.000,0.000
364,0.000,0.000,0.000,0.000
365,0.000,0.000,0.000,0.000
366,0.000,0.000,0.000,0.000
367,0.000,0.000,0.000,0.000
368,0.000,0.000,0.000,0.000
369,0.000,0.000,0.000,0.000
370,0.000,0.000,0.000,0.000
371,0.000,0.000,0.000,0.000
372,0.000,0.000,0.000,0.000
373,0.000,0.000,0.000,0.000
374,0.000,0.000,0.000,0.000
375,0.000,0.000,0.000,0.000
376,0.000,0.000,0.000,0.000
377,0.000,0.000,0.000,0.000
378,0.000,0.000,0.000,0.000
379,0.000,0.000,0.000,0.000
380,0.000,0.000,0.000,0.000
381,0.000,0.000,0.000,0.000
382,0.000,0.000,0.000,0.000
383,0.000,0.000,0.000,0.000
384,0.000,0.000,0.000,0.000
385,0.000,0.000,0.000,0.000
386,0.000,0.000,0.000,0.000
387,0.000,0.000,0.000,0.000
388,0.000,0.000,0.000,0.000
389,0.000,0.000,0.000,0.000
390,0.000,0.000,0.000,0.000
391,0.000,0.000,0.000,0.000
392,0.000,0.000,0.000,0.000
393,0.000,0.000,0.000,0.000
394,0.000,0.000,0.000,0.000
395,0.000,0.000,0.000,0.000
396,0.000,0.000,0.000,0.000
397,0.000,0.000,0.000,0.000
398,0.000,0.000,0.000,0.000
399,0.000,0.000,0.000,0.000
400,0.000,0.000,0.000,0.000
401,0.000,0.000,0.000,0.000
402,0.000,0.000,0.000,0.000
403,0.000,0.000,0.000,0.000
404,0.000,0.000,0.000,0.000
405,0.000,0.000,0.000,0.000
406,0.000,0.000,0.000,0.000
407,0.000,0.000,0.000,0.000
408,0.000,0.000,0.000,0.000
409,0.000,0.000,0.000,0.000
410,0.000,0.000,0.000,0.000
411,0.000,0.000,0.000,0.000
412,0.000,0.000,0.000,0.000
413,0.000,0.000,0.000,0.000
414,0.000,0.000,0.000,0.000
415,0.000,0.000,0.000,0.000
416,0.000,0.000,0.000,0.000
417,0.000,0.000,0.000,0.000
418,0.000,0.000,0.000,0.000
419,0.000,0.000,0.000,0.000
420,0.000,0.000,0.000,0.000
421,0.000,0.000,0.000,0.000
422,0.000,0.000,0.000,0.000
423,0.000,0.000,0.000,0.000
424,0.000,0.000,0.000,0.000
425,0.000,0.000,0.000,0.000
426,0.000,0.000,0.000,0.000
427,0.000,0.000,0.000,0.000
428,0.000,0.000,0.000,0.000
429,0.000,0.000,0.000,0.000
430,0.000,0.000,0.000,0.000
431,0.000,0.000,0.000,0.000
432,0.000,0.000,0.000,0.000
433,0.000,0.000,0.000,0.000
434,0.000,0.000,0.000,0.000
435,0.000,0.000,0.000,0.000
436,0.000,0.000,0.000,0.000
437,0.000,0.000,0.000,0.000
438,0.000,0.000,0.000,0.000
439,0.000,0.000,0.000,0.000
440,0.000,0.000,0.000,0.000
441,0.000,0.000,0.000,0.000
442,0.000,0.000,0.000,0.000
443,0.000,0.000,0.000,0.000
444,0.000,0.000,0.000,0.000
445,0.000,0.000,0.000,0.000
446,0.000,0.000,0.000,0.000
447,0.000,0.000,0.000,0.000
448,0.000,0.000,0.000,0.000
449,0.000,0.000,0.000,0.000
450,0.000,0.000,0.000,0.000
451,0.000,0.000,0.000,0.000
452,0.000,0.000,0.000,0.000
453,0.000,0.000,0.000,0.000
454,0.000,0.000,0.000,0.000
455,0.000,0.000,0.000,0.000
456,0.000,0.000,0.000,0.000
457,0.000,0.000,0.000,0.000
458,0.000,0.000,0.000,0.000
459,0.000,0.000,0.000,0.000
460,0.000,0.000,0.000,0.000
461,0.000,0.000,0.000,0.000
462,0.000,0.000,0.000,0.000
463,0.000,0.000,0.000,0.000
464,0.000,0.000,0.000,0.000
465,0.000,0.000,0.000,0.000
466,0.000,0.000,0.000,0.000
467,0.000,0.000,0.000,0.000
468,0.000,0.000,0.000,0.000
469,0.000,0.000,0.000,0.000
470,0.000,0.000,0.000,0.000
471,0.000,0.000,0.000,0.000
472,0.000,0.000,0.000,0.000
473,0.000,0.000,0.000,0.000
474,0.000,0.000,0.000,0.000
475,0.000,0.000,0.000,0.000
476,0.000,0.000,0.000,0.000
477,0.000,0.000,0.000,0.000
478,0.000,0.000,0.000,0.000
479,0.000,0.000,0.000,0.000
480,0.000,0.000,0.000,0.000
481,0.000,0.000,0.000,0.000
482,0.000,0.000,0.000,0.000
483,0.000,0.000,0.000,0.000
484,0.000,0.000,0.000,0.000
485,0.000,0.000,0.000,0.000
486,0.000,0.000,0.000,0.000
487,0.000,0.000,0.000,0.000
488,0.000,0.000,0.000,0.000
489,0.000,0.000,0.000,0.000
490,0.000,0.000,0.000,0.000
491,0.000,0.000,0.000,0.000
492,0.000,0.000,0.000,0.000
493,0.000,0.000,0.000,0.000
494,0.000,0.000,0.000,0.000
495,0.000,0.000,0.000,0.000
496,0.000,0.000,0.000,0.000
497,0.000,0.000,0.000,0.000
498,0.000,0.000,0.000,0.000
499,0.000,0.000,0.000,0.000
500,0.000,0.000,0.000,0.000
501,0.000,0.000,0.000,0.000
502,0.000,0.000,0.000,0.000
503,0.000,0.000,0.000,0.000
504,0.000,0.000,0.000,0.000
505,0.000,0.000,0.000,0.000
506,0.000,0.000,0.000,0.000
507,0.000,0.000,0.000,0.000
508,0.000,0.000,0.000,0.000
509,0.000,0.000,0.000,0.000
510,0.000,0.000,0.000,0.000
511,0.000,0.000,0.000,0.000
512,0.000,0.000,0.000,0.000
513,0.000,0.000,0.000,0.000
514,0.000,0.000,0.000,0.000
515,0.000,0.000,0.000,0.000
516,0.000,0.000,0.000,0.000
517,0.000,0.000,0.000,0.000
518,0.000,0.000,0.000,0.000
519,0.000,0.000,0.000,0.000
520,0.000,0.000,0.000,0.000
521,0.000,0.000,0.000,0.000
522,0.000,0.000,0.000,0.000
523,0.000,0.000,0.000,0.000
524,0.000,0.000,0.000,0.000
525,0.000,0.000,0.000,0.000
526,0.000,0.000,0.000,0.000
527,0.000,0.000,0.000,0.000
528,0.000,0.000,0.000,0.000
529,0.000,0.000,0.000,0.000
530,0.000,0.000,0.000,0.000
531,0.000,0.000,0.000,0.000
532,0.000,0.000,0.000,0.000
533,0.000,0.000,0.000,0.000
534,0.000,0.000,0.000,0.000
535,0.000,0.000,0.000,0.000
536,0.000,0.000,0.000,0.000
537,0.000,0.000,0.000,0.000
538,0.000,0.000,0.000,0.000
539,0.000,0.000,0.000,0.000
540,0.000,0.000,0.000,0.000
541,0.000,0.000,0.000,0.000
542,0.000,0.000,0.000,0.000
543,0.000,0.000,0.000,0.000
544,0.000,0.000,0.000,0.000
545,0.000,0.000,0.000,0.000
546,0.000,0.000,0.000,0.000
547,0.000,0.000,0.000,0.000
548,0.000,0.000,0.000,0.000
549,0.000,0.000,0.000,0.000
550,0.000,0.000,0.000,0.000
551,0.000,0.000,0.000,0.000
552,0.000,0.000,0.000,0.000
553,0.000,0.000,0.000,0.000
554,0.000,0.000,0.000,0.000
555,0.000,0.000,0.000,0.000
556,0.000,0.000,0.000,0.000
557,0.000,0.000,0.000,0.000
558,0.000,0.000,0.000,0.000
559,0.000,0.000,0.000,0.000
560,0.000,0.000,0.000,0.000
561,0.000,0.000,0.000,0.000
562,0.000,0.000,0.000,0.000
563,0.000,0.000,0.000,0.000
564,0.000,0.000,0.000,0.000
565,0.000,0.000,0.000,0.000
566,0.000,0.000,0.000,0.000
567,0.000,0.000,0.000,0.000
568,0.000,0.000,0.000,0.000
569,0.000,0.000,0.000,0.000
570,0.000,0.000,0.000,0.000
571,0.000,0.000,0.000,0.000
572,0.000,0.000,0.000,0.000
573,0.000,0.000,0.000,0.000
574,0.000,0.000,0.000,0.000
575,0.000,0.000,0.000,0.000
576,0.000,0.000,0.000,0.000
577,0.000,0.000,0.000,0.000
578,0.000,0.000,0.000,0.000
579,0.000,0.000,0.000,0.000
580,0.000,0.000,0.000,0.000
581,0.000,0.000,0.000,0.000
582,0.000,0.000,0.000,0.000
583,0.000,0.000,0.000,0.000
584,0.000,0.000,0.000,0.000
585,0.000,0.000,0.000,0.000
586,0.000,0.000,0.000,0.000
587,0.000,0.000,0.000,0.000
588,0.000,0.000,0.000,0.000
589,0.000,0.000,0.000,0.000
590,0.000,0.000,0.000,0.000
591,0.000,0.000,0.000,0.000
592,0.000,0.000,0.000,0.000
593,0.000,0.000,0.000,0.000
594,0.000,0.000,0.000,0.000
595,0.000,0.000,0.000,0.000
596,0.000,0.000,0.000,0.000
597,0.000,0.000,0.000,0.000
598,0.000,0.000,0.000,0.000
599,0.000,0.000,0.000,0.000
600,0.000,0.000,0.000,0.000
601,0.000,0.000,0.000,0.000
602,0.000,0.000,0.000,0.000
603,0.000,0.000,0.000,0.000
604,0.000,0.000,0.000,0.000
605,0.000,0.000,0.000,0.000
606,0.000,0.000,0.000,0.000
607,0.000,0.000,0.000,0.000
608,0.000,0.000,0.000,0.000
609,0.000,0.000,0.000,0.000
610,0.000,0.000,0.000,0.000
611,0.000,0.000,0.000,0.000
612,0.000,0.000,0.000,0.000
613,0.000,0.000,0.000,0.000
614,0.000,0.000,0.000,0.000
615,0.000,0.000,0.000,0.000
616,0.000,0.000,0.000,0.000
617,0.000,0.000,0.000,0.000
618,0.000,0.000,0.000,0.000
619,0.000,0.000,0.000,0.000
620,0.000,0.000,0.000,0.000
621,0.000,0.000,0.000,0.000
622,0.000,0.000,0.000,0.000
623,0.000,0.000,0.000,0.000
624,0.000,0.000,0.000,0.000
625,0.000,0.000,0.000,0.000
626,0.000,0.000,0.000,0.000
627,0.000,0.000,0.000,0.000
628,0.000,0.000,0.000,0.000
629,0.000,0.000,0.000,0.000
630,0.000,0.000,0.000,0.000
631,0.000,0.000,0.000,0.000
632,0.000,0.000,0.000,0.000
633,0.000,0.000,0.000,0.000
634,0.000,0.000,0.000,0.000
635,0.000,0.000,0.000,0.000
636,0.000,0.000,0.000,0.000
637,0.000,0.000,0.000,0.000
638,0.000,0.000,0.000,0.000
639,0.000,0.000,0.000,0.000
640,0.000,0.000,0.000,0.000
641,0.000,0.000,0.000,0.000
642,0.000,0.000,0.000,0.000
643,0.000,0.000,0.000,0.000
644,0.000,0.000,0.000,0.000
645,0.000,0.000,0.000,0.000
646,0.000,0.000,0.000,0.000
647,0.000,0.000,0.000,0.000
648,0.000,0.000,0.000,0.000
649,0.000,0.000,0.000,0.000
650,0.000,0.000,0.000,0.000
651,0.000,0.000,0.000,0.000
652,0.000,0.000,0.000,0.000
653,0.000,0.000,0.000,0.000
654,0.000,0.000,0.000,0.000
655,0.000,0.000,0.000,0.000
656,0.000,0.000,0.000,0.000
657,0.000,0.000,0.000,0.000
658,0.000,0.000,0.000,0.000
659,0.000,0.000,0.000,0.000
660,0.000,0.000,0.000,0.000
661,0.000,0.000,0.000,0.000
662,0.000,0.000,0.000,0.000
663,0.000,0.000,0.000,0.000
664,0.000,0.000,0.000,0.000
665,0.000,0.000,0.000,0.000
666,0.000,0.000,0.000,0.000
667,0.000,0.000,0.000,0.000
668,0.000,0.000,0.000,0.000
669,0.000,0.000,0.000,0.000
670,0.000,0.000,0.000,0.000
671,0.000,0.000,0.000,0.000
672,0.000,0.000,0.000,0.000
673,0.000,0.000,0.000,0.000
674,0.000,0.000,0.000,0.000
675,0.000,0.000,0.000,0.000
676,0.000,0.000,0.000,0.000
677,0.000,0.000,0.000,0.000
678,0.000,0.000,0.000,0.000
679,0.000,0.000,0.000,0.000
680,0.000,0.000,0.000,0.000
681,0.000,0.000,0.000,0.000
682,0.000,0.000,0.000,0.000
683,0.000,0.000,0.000,0.000
684,0.000,0.000,0.000,0.000
685,0.000,0.000,0.000,0.000
686,0.000,0.000,0.000,0.000
687,0.000,0.000,0.000,0.000
688,0.000,0.000,0.000,0.000
689,0.000,0.000,0.000,0.000
690,0.000,0.000,0.000,0.000
691,0.000,0.000,0.000,0.000
692,0.000,0.000,0.000,0.000
693,0.000,0.000,0.000,0.000
694,0.000,0.000,0.000,0.000
695,0.000,0.000,0.000,0.000
696,0.000,0.000,0.000,0.000
697,0.000,0.000,0.000,0.000
698,0.000,0.000,0.000,0.000
699,0.000,0.000,0.000,0.000
700,0.000,0.000,0.000,0.000
701,0.000,0.000,0.000,0.000
702,0.000,0.000,0.000,0.000
703,0.000,0.000,0.000,0.000
704,0.000,0.000,0.000,0.000
705,0.000,0.000,0.000,0.000
706,0.000,0.000,0.000,0.000
707,0.000,0.000,0.000,0.000
708,0.000,0.000,0.000,0.000
709,0.000,0.000,0.000,0.000
710,0.000,0.000,0.000,0.000
711,0.000,0.000,0.000,0.000
712,0.000,0.000,0.000,0.000
713,0.000,0.000,0.000,0.000
714,0.000,0.000,0.000,0.000
715,0.000,0.000,0.000,0.000
716,0.000,0.000,0.000,0.000
717,0.000,0.000,0.000,0.000
718,0.000,0.000,0.000,0.000
719,0.000,0.000,0.000,0.000
720,0.000,0.000,0.000,0.000
721,0.000,0.000,0.000,0.000
722,0.000,0.000,0.000,0.000
723,0.000,0.000,0.000,0.000
724,0.000,0.000,0.000,0.000
725,0.000,0.000,0.000,0.000
726,0.000,0.000,0.000,0.000
727,0.000,0.000,0.000,0.000
728,0.000,0.000,0.000,0.000
729,0.000,0.000,0.000,0.000
730,0.000,0.000,0.000,0.000
731,0.000,0.000,0.000,0.000
732,0.000,0.000,0.000,0.000
733,0.000,0.000,0.000,0.000
734,0.000,0.000,0.000,0.000
735,0.000,0.000,0.000,0.000
736,0.000,0.000,0.000,0.000
737,0.000,0.000,0.000,0.000
738,0.000,0.000,0.000,0.000
739,0.000,0.000,0.000,0.000
740,0.000,0.000,0.000,0.000
741,0.000,0.000,0.000,0.000
742,0.000,0.000,0.000,0.000
743,0.000,0.000,0.000,0.000
744,0.000,0.000,0.000,0.000
745,0.000,0.000,0.000,0.000
746,0.000,0.000,0.000,0.000
747,0.000,0.000,0.000,0.000
748,0.000,0.000,0.000,0.000
749,0.000,0.000,0.000,0.000
750,0.000,0.000,0.000,0.000
751,0.000,0.000,0.000,0.000
752,0.000,0.000,0.000,0.000
753,0.000,0.000,0.000,0.000
754,0.000,0.000,0.000,0.000
755,0.000,0.000,0.000,0.000
756,0.000,0.000,0.000,0.000
757,0.000,0.000,0.000,0.000
758,0.000,0.000,0.000,0.000
759,0.000,0.000,0.000,0.000
760,0.000,0.000,0.000,0.000
761,0.000,0.000,0.000,0.000
762,0.000,0.000,0.000,0.000
763,0.000,0.000,0.000,0.000
764,0.000,0.000,0.000,0.000
765,0.000,0.000,0.000,0.000
766,0.000,0.000,0.000,0.000
767,0.000,0.000,0.000,0.000
768,0.000,0.000,0.000,0.000
769,0.000,0.000,0.000,0.000
770,0.000,0.000,0.000,0.000
771,0.000,0.000,0.000,0.000
772,0.000,0.000,0.000,0.000
773,0.000,0.000,0.000,0.000
774,0.000,0.000,0.000,0.000
775,0.000,0.000,0.000,0.000
776,0.000,0.000,0.000,0.000
777,0.000,0.000,0.000,0.000
778,0.000,0.000,0.000,0.000
779,0.000,0.000,0.000,0.000
780,0.000,0.000,0.000,0.000
781,0.000,0.000,0.000,0.000
782,0.000,0.000,0.000,0.000
783,0.000,0.000,0.000,0.000
784,0.000,0.000,0.000,0.000
785,0.000,0.000,0.000,0.000
786,0.000,0.000,0.000,0.000
787,0.000,0.000,0.000,0.000
788,0.000,0.000,0.000,0.000
789,0.000,0.000,0.000,0.000
790,0.000,0.000,0.000,0.000
791,0.000,0.000,0.000,0.000
792,0.000,0.000,0.000,0.000
793,0.000,0.000,0.000,0.000
794,0.000,0.000,0.000,0.000
795,0.000,0.000,0.000,0.000
796,0.000,0.000,0.000,0.000
797,0.000,0.000,0.000,0.000
798,0.000,0.000,0.000,0.000
799,0.000,0.000,0.000,0.000
800,0.000,0.000,0.000,0.000
801,0.000,0.000,0.000,0.000
802,0.000,0.000,0.000,0.000
803,0.000,0.000,0.000,0.000
804,0.000,0.000,0.000,0.000
805,0.000,0.000,0.000,0.000
806,0.000,0.000,0.000,0.000
807,0.000,0.000,0.000,0.000
808,0.000,0.000,0.000,0.000
809,0.000,0.000,0.000,0.000
810,0.000,0.000,0.000,0.000
811,0.000,0.000,0.000,0.000
812,0.000,0.000,0.000,0.000
813,0.000,0.000,0.000,0.000
814,0.000,0.000,0.000,0.000
815,0.000,0.000,0.000,0.000
816,0.000,0.000,0.000,0.000
817,0.000,0.000,0.000,0.000
818,0.000,0.000,0.000,0.000
819,0.000,0.000,0.000,0.000
820,0.000,0.000,0.000,0.000
821,0.000,0.000,0.000,0.000
822,0.000,0.000,0.000,0.000
823,0.000,0.000,0.000,0.000
824,0.000,0.000,0.000,0.000
825,0.000,0.000,0.000,0.000
826,0.000,0.000,0.000,0.000
827,0.000,0.000,0.000,0.000
828,0.000,0.000,0.000,0.000
829,0.000,0.000,0.000,0.000
830,0.000,0.000,0.000,0.000
831,0.000,0.000,0.000,0.000
832,0.000,0.000,0.000,0.000
833,0.000,0.000,0.000,0.000
834,0.000,0.000,0.000,0.000
835,0.000,0.000,0.000,0.000
836,0.000,0.000,0.000,0.000
837,0.000,0.000,0.000,0.000
838,0.000,0.000,0.000,0.000
839,0.000,0.000,0.000,0.000
840,0.000,0.000,0.000,0.000
841,0.000,0.000,0.000,0.000
842,0.000,0.000,0.000,0.000
843,0.000,0.000,0.000,0.000
844,0.000,0.000,0.000,0.000
845,0.000,0.000,0.000,0.000
846,0.000,0.000,0.000,0.000
847,0.000,0.000,0.000,0.000
848,0.000,0.000,0.000,0.000
849,0.000,0.000,0.000,0.000
850,0.000,0.000,0.000,0.000
851,0.000,0.000,0.000,0.000
852,0.000,0.000,0.000,0.000
853,0.000,0.000,0.000,0.000
854,0.000,0.000,0.000,0.000
855,0.000,0.000,0.000,0.000
856,0.000,0.000,0.000,0.000
857,0.000,0.000,0.000,0.000
858,0.000,0.000,0.000,0.000
859,0.000,0.000,0.000,0.000
860,0.000,0.000,0.000,0.000
861,0.000,0.000,0.000,0.000
862,0.000,0.000,0.000,0.000
863,0.000,0.000,0.000,0.000
864,0.000,0.000,0.000,0.000
865,0.000,0.000,0.000,0.000
866,0.000,0.000,0.000,0.000
867,0.000,0.000,0.000,0.000
868,0.000,0.000,0.000,0.000
869,0.000,0.000,0.000,0.000
870,0.000,0.000,0.000,0.000
871,0.000,0.000,0.000,0.000
872,0.000,0.000,0.000,0.000
873,0.000,0.000,0.000,0.000
874,0.000,0.000,0.000,0.000
875,0.000,0.000,0.000,0.000
876,0.000,0.000,0.000,0.000
877,0.000,0.000,0.000,0.000
878,0.000,0.000,0.000,0.000
879,0.000,0.000,0.000,0.000
880,0.000,0.000,0.000,0.000
881,0.000,0.000,0.000,0.000
882,0.000,0.000,0.000,0.000
883,0.000,0.000,0.000,0.000
884,0.000,0.000,0.000,0.000
885,0.000,0.000,0.000,0.000
886,0.000,0.000,0.000,0.000
887,0.000,0.000,0.000,0.000
888,0.000,0.000,0.000,0.000
889,0.000,0.000,0.000,0.000
890,0.000,0.000,0.000,0.000
891,0.000,0.000,0.000,0.000
892,0.000,0.000,0.000,0.000
893,0.000,0.000,0.000,0.000
894,0.000,0.000,0.000,0.000
895,0.000,0.000,0.000,0.000
896,0.000,0.000,0.000,0.000
897,0.000,0.000,0.000,0.000
898,0.000,0.000,0.000,0.000
899,0.000,0.000,0.000,0.000
900,0.000,0.000,0.000,0.000
901,0.000,0.000,0.000,0.000
902,0.000,0.000,0.000,0.000
903,0.000,0.000,0.000,0.000
904,0.000,0.000,0.000,0.000
905,0.000,0.000,0.000,0.000
906,0.000,0.000,0.000,0.000
907,0.000,0.000,0.000,0.000
908,0.000,0.000,0.000,0.000
909,0.000,0.000,0.000,0.000
910,0.000,0.000,0.000,0.000
911,0.000,0.000,0.000,0.000
912,0.000,0.000,0.000,0.000
913,0.000,0.000,0.000,0.000
914,0.000,0.000,0.000,0.000
915,0.000,0.000,0.000,0.000
916,0.000,0.000,0.000,0.000
917,0.000,0.000,0.000,0.000
918,0.000,0.000,0.000,0.000
919,0.000,0.000,0.000,0.000
920,0.000,0.000,0.000,0.000
921,0.000,0.000,0.000,0.000
922,0.000,0.000,0.000,0.000
923,0.000,0.000,0.000,0.000
924,0.000,0.000,0.000,0.000
925,0.000,0.000,0.000,0.000
926,0.000,0.000,0.000,0.000
927,0.000,0.000,0.000,0.000
928,0.000,0.000,0.000,0.000
929,0.000,0.000,0.000,0.000
930,0.000,0.000,0.000,0.000
931,0.000,0.000,0.000,0.000
932,0.000,0.000,0.000,0.000
933,0.000,0.000,0.000,0.000
934,0.000,0.000,0.000,0.000
935,0.000,0.000,0.000,0.000
936,0.000,0.000,0.000,0.000
937,0.000,0.000,0.000,0.000
938,0.000,0.000,0.000,0.000
939,0.000,0.000,0.000,0.000
940,0.000,0.000,0.000,0.000
941,0.000,0.000,0.000,0.000
942,0.000,0.000,0.000,0.000
943,0.000,0.000,0.000,0.000
944,0.000,0.000,0.000,0.000
945,0.000,0.000,0.000,0.000
946,0.000,0.000,0.000,0.000
947,0.000,0.000,0.000,0.000
948,0.000,0.000,0.000,0.000
949,0.000,0.000,0.000,0.000
950,0.000,0.000,0.000,0.000
951,0.000,0.000,0.000,0.000
952,0.000,0.000,0.000,0.000
953,0.000,0.000,0.000,0.000
954,0.000,0.000,0.000,0.000
955,0.000,0.000,0.000,0.000
956,0.000,0.000,0.000,0.000
957,0.000,0.000,0.000,0.000
958,0.000,0.000,0.000,0.000
959,0.000,0.000,0.000,0.000
960,0.000,0.000,0.000,0.000
961,0.000,0.000,0.000,0.000
962,0.000,0.000,0.000,0.000
963,0.000,0.000,0.000,0.000
964,0.000,0.000,0.000,0.000
965,0.000,0.000,0.000,0.000
966,0.000,0.000,0.000,0.000
967,0.000,0.000,0.000,0.000
968,0.000,0.000,0.000,0.000
969,0.000,0.000,0.000,0.000
970,0.000,0.000,0.000,0.000
971,0.000,0.000,0.000,0.000
972,0.000,0.000,0.000,0.000
973,0.000,0.000,0.000,0.000
974,0.000,0.000,0.000,0.000
975,0.000,0.000,0.000,0.000
976,0.000,0.000,0.000,0.000
977,0.000,0.000,0.000,0.000
978,0.000,0.000,0.000,0.000
979,0.000,0.000,0.000,0.000
980,0.000,0.000,0.000,0.000
981,0.000,0.000,0.000,0.000
982,0.000,0.000,0.000,0.000
983,0.000,0.000,0.000,0.000
984,0.000,0.000,0.000,0.000
985,0.000,0.000,0.000,0.000
986,0.000,0.000,0.000,0.000
987,0.000,0.000,0.000,0.000
988,0.000,0.000,0.000,0.000
989,0.000,0.000,0.000,0.000
990,0.000,0.000,0.000,0.000
991,0.000,0.000,0.000,0.000
992,0.000,0.000,0.000,0.000
993,0.000,0.000,0.000,0.000
994,0.000,0.000,0.000,0.000
995,0.000,0.000,0.000,0.000
996,0.000,0.000,0.000,0.000
997,0.000,0.000,0.000,0.000
998,0.000,0.000,0.000,0.000
999,0.000,0.000,0.000,0.000
1000,0.000,0.000,0.000,0.000
1001,0.000,0.000,0.000,0.000
1002,0.000,0.000,0.000,0.000
1003,0.000,0.000,0.000,0.000
1004,0.000,0.000,0.000,0.000
1005,0.000,0.000,0.000,0.000
1006,0.000,0.000,0.000,0.000
1007,0.000,0.000,0.000,0.000
1008,0.000,0.000,0.000,0.000
1009,0.000,0.000,0.000,0.000
1010,0.000,0.000,0.000,0.000
1011,0.000,0.000,0.000,0.000
1012,0.000,0.000,0.000,0.000
1013,0.000,0.000,0.000,0.000
1014,0.000,0.000,0.000,0.000
1015,0.000,0.000,0.000,0.000
1016,0.000,0.000,0.000,0.000
1017,0.000,0.000,0.000,0.000
1018,0.000,0.000,0.000,0.000
1019,0.000,0.000,0.000,0.000
1020,0.000,0.000,0.000,0.000
1021,0.000,0.000,0.000,0.000
1022,0.000,0.000,0.000,0.000
1023,0.000,0.000,0.000,0.000
1024,0.000,0.000,0.000,0.000
1025,0.000,0.000,0.000,0.000
1026,0.000,0.000,0.000,0.000
1027,0.000,0.000,0.000,0.000
1028,0.000,0.000,0.000,0.000
1029,0.000,0.000,0.000,0.000
1030,0.000,0.000,0.000,0.000
1031,0.000,0.000,0.000,0.000
1032,0.000,0.000,0.000,0.000
1033,0.000,0.000,0.000,0.000
1034,0.000,0.000,0.000,0.000
1035,0.000,0.000,0.000,0.000
1036,0.000,0.000,0.000,0.000
1037,0.000,0.000,0.000,0.000
1038,0.000,0.000,0.000,0.000
1039,0.000,0.000,0.000,0.000
1040,0.000,0.000,0.000,0.000
1041,0.000,0.000,0.000,0.000
1042,0.000,0.000,0.000,0.000
1043,0.000,0.000,0.000,0.000
1044,0.000,0.000,0.000,0.000
1045,0.000,0.000,0.000,0.000
1046,0.000,0.000,0.000,0.000
1047,0.000,0.000,0.000,0.000
1048,0.000,0.000,0.000,0.000
1049,0.000,0.000,0.000,0.000
1050,0.000,0.000,0.000,0.000
1051,0.000,0.000,0.000,0.000
1052,0.000,0.000,0.000,0.000
1053,0.000,0.000,0.000,0.000
1054,0.000,0.000,0.000,0.000
1055,0.000,0.000,0.000,0.000
1056,0.000,0.000,0.000,0.000
1057,0.000,0.000,0.000,0.000
1058,0.000,0.000,0.000,0.000
1059,0.000,0.000,0.000,0.000
1060,0.000,0.000,0.000,0.000
1061,0.000,0.000,0.000,0.000
1062,0.000,0.000,0.000,0.000
1063,0.000,0.000,0.000,0.000
1064,0.000,0.000,0.000,0.000
1065,0.000,0.000,0.000,0.000
1066,0.000,0.000,0.000,0.000
1067,0.000,0.000,0.000,0.000
1068,0.000,0.000,0.000,0.000
1069,0.000,0.000,0.000,0.000
1070,0.000,0.000,0.000,0.000
1071,0.000,0.000,0.000,0.000
1072,0.000,0.000,0.000,0.000
1073,0.000,0.000,0.000,0.000
1074,0.000,0.000,0.000,0.000
1075,0.000,0.000,0.000,0.000
1076,0.000,0.000,0.000,0.000
1077,0.000,0.000,0.000,0.000
1078,0.000,0.000,0.000,0.000
1079,0.000,0.000,0.000,0.000
1080,0.000,0.000,0.000,0.000
1081,0.000,0.000,0.000,0.000
1082,0.000,0.000,0.000,0.000
1083,0.000,0.000,0.000,0.000
1084,0.000,0.000,0.000,0.000
1085,0.000,0.000,0.000,0.000
1086,0.000,0.000,0.000,0.000
1087,0.000,0.000,0.000,0.000
1088,0.000,0.000,0.000,0.000
1089,0.000,0.000,0.000,0.000
1090,0.000,0.000,0.000,0.000
1091,0.000,0.000,0.000,0.000
1092,0.000,0.000,0.000,0.000
1093,0.000,0.000,0.000,0.000
1094,0.000,0.000,0.000,0.000
1095,0.000,0.000,0.000,0.000
1096,0.000,0.000,0.000,0.000
1097,0.000,0.000,0.000,0.000
1098,0.000,0.000,0.000,0.000
1099,0.000,0.000,0.000,0.000
1100,0.000,0.000,0.000,0.000
1101,0.000,0.000,0.000,0.000
1102,0.000,0.000,0.000,0.000
1103,0.000,0.000,0.000,0.000
1104,0.000,0.000,0.000,0.000
1105,0.000,0.000,0.000,0.000
1106,0.000,0.000,0.000,0.000
1107,0.000,0.000,0.000,0.000
1108,0.000,0.000,0.000,0.000
1109,0.000,0.000,0.000,0.000
1110,0.000,0.000,0.000,0.000
1111,0.000,0.000,0.000,0.000
1112,0.000,0.000,0.000,0.000
1113,0.000,0.000,0.000,0.000
1114,0.000,0.000,0.000,0.000
1115,0.000,0.000,0.000,0.000
1116,0.000,0.000,0.000,0.000
1117,0.000,0.000,0.000,0.000
1118,0.000,0.000,0.000,0.000
1119,0.000,0.000,0.000,0.000
1120,0.000,0.000,0.000,0.000
1121,0.000,0.000,0.000,0.000
1122,0.000,0.000,0.000,0.000
1123,0.000,0.000,0.000,0.000
1124,0.000,0.000,0.000,0.000
1125,0.000,0.000,0.000,0.000
1126,0.000,0.000,0.000,0.000
1127,0.000,0.000,0.000,0.000
1128,0.000,0.000,0.000,0.000
1129,0.000,0.000,0.000,0.000
1130,0.000,0.000,0.000,0.000
1131,0.000,0.000,0.000,0.000
1132,0.000,0.000,0.000,0.000
1133,0.000,0.000,0.000,0.000
1134,0.000,0.000,0.000,0.000
1135,0.000,0.000,0.000,0.000
1136,0.000,0.000,0.000,0.000
1137,0.000,0.000,0.000,0.000
1138,0.000,0.000,0.000,0.000
1139,0.000,0.000,0.000,0.000
1140,0.000,0.000,0.000,0.000
1141,0.000,0.000,0.000,0.000
1142,0.000,0.000,0.000,0.000
1143,0.000,0.000,0.000,0.000
1144,0.000,0.000,0.000,0.000
1145,0.000,0.000,0.000,0.000
1146,0.000,0.000,0.000,0.000
1147,0.000,0.000,0.000,0.000
1148,0.000,0.000,0.000,0.000
1149,0.000,0.000,0.000,0.000
1150,0.000,0.000,0.000,0.000
1151,0.000,0.000,0.000,0.000
1152,0.000,0.000,0.000,0.000
1153,0.000,0.000,0.000,0.000
1154,0.000,0.000,0.000,0.000
1155,0.000,0.000,0.000,0.000
1156,0.000,0.000,0.000,0.000
1157,0.000,0.000,0.000,0.000
1158,0.000,0.000,0.000,0.000
1159,0.000,0.000,0.000,0.000
1160,0.000,0.000,0.000,0.000
1161,0.000,0.000,0.000,0.000
1162,0.000,0.000,0.000,0.000
1163,0.000,0.000,0.000,0.000
1164,0.000,0.000,0.000,0.000
1165,0.000,0.000,0.000,0.000
1166,0.000,0.000,0.000,0.000
1167,0.000,0.000,0.000,0.000
1168,0.000,0.000,0.000,0.000
1169,0.000,0.000,0.000,0.000
1170,0.000,0.000,0.000,0.000
1171,0.000,0.000,0.000,0.000
1172,0.000,0.000,0.000,0.000
1173,0.000,0.000,0.000,0.000
1174,0.000,0.000,0.000,0.000
1175,0.000,0.000,0.000,0.000
1176,0.000,0.000,0.000,0.000
1177,0.000,0.000,0.000,0.000
1178,0.000,0.000,0.000,0.000
1179,0.000,0.000,0.000,0.000
1180,0.000,0.000,0.000,0.000
1181,0.000,0.000,0.000,0.000
1182,0.000,0.000,0.000,0.000
1183,0.000,0.000,0.000,0.000
1184,0.000,0.000,0.000,0.000
1185,0.000,0.000,0.000,0.000
1186,0.000,0.000,0.000,0.000
1187,0.000,0.000,0.000,0.000
1188,0.000,0.000,0.000,0.000
1189,0.000,0.000,0.000,0.000
1190,0.000,0.000,0.000,0.000
1191,0.000,0.000,0.000,0.000
1192,0.000,0.000,0.000,0.000
1193,0.000,0.000,0.000,0.000
1194,0.000,0.000,0.000,0.000
1195,0.000,0.000,0.000,0.000
1196,0.000,0.000,0.000,0.000
1197,0.000,0.000,0.000,0.000
1198,0.000,0.000,0.000,0.000
1199,0.000,0.000,0.000,0.000
1200,0.000,0.000,0.000,0.000
1201,0.000,0.000,0.000,0.000
1202,0.000,0.000,0.000,0.000
1203,0.000,0.000,0.000,0.000
1204,0.000,0.000,0.000,0.000
1205,0.000,0.000,0.000,0.000
1206,0.000,0.000,0.000,0.000
1207,0.000,0.000,0.000,0.000
1208,0.000,0.000,0.000,0.000
1209,0.000,0.000,0.000,0.000
1210,0.000,0.000,0.000,0.000
1211,0.000,0.000,0.000,0.000
1212,0.000,0.000,0.000,0.000
1213,0.000,0.000,0.000,0.000
1214,0.000,0.000,0.000,0.000
1215,0.000,0.000,0.000,0.000
1216,0.000,0.000,0.000,0.000
1217,0.000,0.000,0.000,0.000
1218,0.000,0.000,0.000,0.000
1219,0.000,0.000,0.000,0.000
1220,0.000,0.000,0.000,0.000
1221,0.000,0.000,0.000,0.000
1222,0.000,0.000,0.000,0.000
1223,0.000,0.000,0.000,0.000
1224,0.000,0.000,0.000,0.000
1225,0.000,0.000,0.000,0.000
1226,0.000,0.000,0.000,0.000
1227,0.000,0.000,0.000,0.000
1228,0.000,0.000,0.000,0.000
1229,0.000,0.000,0.000,0.000
1230,0.000,0.000,0.000,0.000
1231,0.000,0.000,0.000,0.000
1232,0.000,0.000,0.000,0.000
1233,0.000,0.000,0.000,0.000
1234,0.000,0.000,0.000,0.000
1235,0.000,0.000,0.000,0.000
1236,0.000,0.000,0.000,0.000
1237,0.000,0.000,0.000,0.000
1238,0.000,0.000,0.000,0.000
1239,0.000,0.000,0.000,0.000
1240,0.000,0.000,0.000,0.000
1241,0.000,0.000,0.000,0.000
1242,0.000,0.000,0.000,0.000
1243,0.000,0.000,0.000,0.000
1244,0.000,0.000,0.000,0.000
1245,0.000,0.000,0.000,0.000
1246,0.000,0.000,0.000,0.000
1247,0.000,0.000,0.000,0.000
1248,0.000,0.000,0.000,0.000
1249,0.000,0.000,0.000,0.000
1250,0.000,0.000,0.000,0.000
1251,0.000,0.000,0.000,0.000
1252,0.000,0.000,0.000,0.000
1253,0.000,0.000,0.000,0.000
1254,0.000,0.000,0.000,0.000
1255,0.000,0.000,0.000,0.000
1256,0.000,0.000,0.000,0.000
1257,0.000,0.000,0.000,0.000
1258,0.000,0.000,0.000,0.000
1259,0.000,0.000,0.000,0.000
1260,0.000,0.000,0.000,0.000
1261,0.000,0.000,0.000,0.000
1262,0.000,0.000,0.000,0.000
1263,0.000,0.000,0.000,0.000
1264,0.000,0.000,0.000,0.000
1265,0.000,0.000,0.000,0.000
1266,0.000,0.000,0.000,0.000
1267,0.000,0.000,0.000,0.000
1268,0.000,0.000,0.000,0.000
1269,0.000,0.000,0.000,0.000
1270,0.000,0.000,0.000,0.000
1271,0.000,0.000,0.000,0.000
1272,0.000,0.000,0.000,0.000
1273,0.000,0.000,0.000,0.000
1274,0.000,0.000,0.000,0.000
1275,0.000,0.000,0.000,0.000
1276,0.000,0.000,0.000,0.000
1277,0.000,0.000,0.000,0.000
1278,0.000,0.000,0.000,0.000
1279,0.000,0.000,0.000,0.000
1280,0.000,0.000,0.000,0.000
1281,0.000,0.000,0.000,0.000
1282,0.000,0.000,0.000,0.000
1283,0.000,0.000,0.000,0.000
1284,0.000,0.000,0.000,0.000
1285,0.000,0.000,0.000,0.000
1286,0.000,0.000,0.000,0.000
1287,0.000,0.000,0.000,0.000
1288,0.000,0.000,0.000,0.000
1289,0.000,0.000,0.000,0.000
1290,0.000,0.000,0.000,0.000
1291,0.000,0.000,0.000,0.000
1292,0.000,0.000,0.000,0.000
1293,0.000,0.000,0.000,0.000
1294,0.000,0.000,0.000,0.000
1295,0.000,0.000,0.000,0.000
1296,0.000,0.000,0.000,0.000
1297,0.000,0.000,0.000,0.000
1298,0.000,0.000,0.000,0.000
1299,0.000,0.000,0.000,0.000
1300,0.000,0.000,0.000,0.000
1301,0.000,0.000,0.000,0.000
1302,0.000,0.000,0.000,0.000
1303,0.000,0.000,0.000,0.000
1304,0.000,0.000,0.000,0.000
1305,0.000,0.000,0.000,0.000
1306,0.000,0.000,0.000,0.000
1307,0.000,0.000,0.000,0.000
1308,0.000,0.000,0.000,0.000
1309,0.000,0.000,0.000,0.000
1310,0.000,0.000,0.000,0.000
1311,0.000,0.000,0.000,0.000
1312,0.000,0.000,0.000,0.000
1313,0.000,0.000,0.000,0.000
1314,0.000,0.000,0.000,0.000
1315,0.000,0.000,0.000,0.000
1316,0.000,0.000,0.000,0.000
1317,0.000,0.000,0.000,0.000
1318,0.000,0.000,0.000,0.000
1319,0.000,0.000,0.000,0.000
1320,0.000,0.000,0.000,0.000
1321,0.000,0.000,0.000,0.000
1322,0.000,0.000,0.000,0.000
1323,0.000,0.000,0.000,0.000
1324,0.000,0.000,0.000,0.000
1325,0.000,0.000,0.000,0.000
1326,0.000,0.000,0.000,0.000
1327,0.000,0.000,0.000,0.000
1328,0.000,0.000,0.000,0.000
1329,0.000,0.000,0.000,0.000
1330,0.000,0.000,0.000,0.000
1331,0.000,0.000,0.000,0.000
1332,0.000,0.000,0.000,0.000
1333,0.000,0.000,0.000,0.000
1334,0.000,0.000,0.000,0.000
1335,0.000,0.000,0.000,0.000
1336,0.000,0.000,0.000,0.000
1337,0.000,0.000,0.000,0.000
1338,0.000,0.000,0.000,0.000
1339,0.000,0.000,0.000,0.000
1340,0.000,0.000,0.000,0.000
1341,0.000,0.000,0.000,0.000
1342,0.000,0.000,0.000,0.000
1343,0.000,0.000,0.000,0.000
1344,0.000,0.000,0.000,0.000
1345,0.000,0.000,0.000,0.000
1346,0.000,0.000,0.000,0.000
1347,0.000,0.000,0.000,0.000
1348,0.000,0.000,0.000,0.000
1349,0.000,0.000,0.000,0.000
1350,0.000,0.000,0.000,0.000
1351,0.000,0.000,0.000,0.000
1352,0.000,0.000,0.000,0.000
1353,0.000,0.000,0.000,0.000
1354,0.000,0.000,0.000,0.000
1355,0.000,0.000,0.000,0.000
1356,0.000,0.000,0.000,0.000
1357,0.000,0.000,0.000,0.000
1358,0.000,0.000,0.000,0.000
1359,0.000,0.000,0.000,0.000
1360,0.000,0.000,0.000,0.000
1361,0.000,0.000,0.000,0.000
1362,0.000,0.000,0.000,0.000
1363,0.000,0.000,0.000,0.000
1364,0.000,0.000,0.000,0.000
1365,0.000,0.000,0.000,0.000
1366,0.000,0.000,0.000,0.000
1367,0.000,0.000,0.000,0.000
1368,0.000,0.000,0.000,0.000
1369,0.000,0.000,0.000,0.000
1370,0.000,0.000,0.000,0.000
1371,0.000,0.000,0.000,0.000
1372,0.000,0.000,0.000,0.000
1373,0.000,0.000,0.000,0.000
1374,0.000,0.000,0.000,0.000
1375,0.000,0.000,0.000,0.000
1376,0.000,0.000,0.000,0.000
1377,0.000,0.000,0.000,0.000
1378,0.000,0.000,0.000,0.000
1379,0.000,0.000,0.000,0.000
1380,0.000,0.000,0.000,0.000
1381,0.000,0.000,0.000,0.000
1382,0.000,0.000,0.000,0.000
1383,0.000,0.000,0.000,0.000
1384,0.000,0.000,0.000,0.000
1385,0.000,0.000,0.000,0.000
1386,0.000,0.000,0.000,0.000
1387,0.000,0.000,0.000,0.000
1388,0.000,0.000,0.000,0.000
1389,0.000,0.000,0.000,0.000
1390,0.000,0.000,0.000,0.000
1391,0.000,0.000,0.000,0.000
1392,0.000,0.000,0.000,0.000
1393,0.000,0.000,0.000,0.000
1394,0.000,0.000,0.000,0.000
1395,0.000,0.000,0.000,0.000
1396,0.000,0.000,0.000,0.000
1397,0.000,0.000,0.000,0.000
1398,0.000,0.000,0.000,0.000
1399,0.000,0.000,0.000,0.000
1400,0.000,0.000,0.000,0.000
1401,0.000,0.000,0.000,0.000
1402,0.000,0.000,0.000,0.000
1403,0.000,0.000,0.000,0.000
1404,0.000,0.000,0.000,0.000
1405,0.000,0.000,0.000,0.000
1406,0.000,0.000,0.000,0.000
1407,0.000,0.000,0.000,0.000
1408,0.000,0.000,0.000,0.000
1409,0.000,0.000,0.000,0.000
1410,0.000,0.000,0.000,0.000
1411,0.000,0.000,0.000,0.000
1412,0.000,0.000,0.000,0.000
1413,0.000,0.000,0.000,0.000
1414,0.000,0.000,0.000,0.000
1415,0.000,0.000,0.000,0.000
1416,0.000,0.000,0.000,0.000
1417,0.000,0.000,0.000,0.000
1418,0.000,0.000,0.000,0.000
1419,0.000,0.000,0.000,0.000
1420,0.000,0.000,0.000,0.000
1421,0.000,0.000,0.000,0.000
1422,0.000,0.000,0.000,0.000
1423,0.000,0.000,0.000,0.000
1424,0.000,0.000,0.000,0.000
1425,0.000,0.000,0.000,0.000
1426,0.000,0.000,0.000,0.000
1427,0.000,0.000,0.000,0.000
1428,0.000,0.000,0.000,0.000
1429,0.000,0.000,0.000,0.000
1430,0.000,0.000,0.000,0.000
1431,0.000,0.000,0.000,0.000
1432,0.000,0.000,0.000,0.000
1433,0.000,0.000,0.000,0.000
1434,0.000,0.000,0.000,0.000
1435,0.000,0.000,0.000,0.000
1436,0.000,0.000,0.000,0.000
1437,0.000,0.000,0.000,0.000
1438,0.000,0.000,0.000,0.000
1439,0.000,0.000,0.000,0.000
1440,0.000,0.000,0.000,0.000
1441,0.000,0.000,0.000,0.000
1442,0.000,0.000,0.000,0.000
1443,0.000,0.000,0.000,0.000
1444,0.000,0.000,0.000,0.000
1445,0.000,0.000,0.000,0.000
1446,0.000,0.000,0.000,0.000
1447,0.000,0.000,0.000,0.000
1448,0.000,0.000,0.000,0.000
1449,0.000,0.000,0.000,0.000
1450,0.000,0.000,0.000,0.000
1451,0.000,0.000,0.000,0.000
1452,0.000,0.000,0.000,0.000
1453,0.000,0.000,0.000,0.000
1454,0.000,0.000,0.000,0.000
1455,0.000,0.000,0.000,0.000
1456,0.000,0.000,0.000,0.000
1457,0.000,0.000,0.000,0.000
1458,0.000,0.000,0.000,0.000
1459,0.000,0.000,0.000,0.000
1460,0.000,0.000,0.000,0.000
1461,0.000,0.000,0.000,0.000
1462,0.000,0.000,0.000,0.000
1463,0.000,0.000,0.000,0.000
1464,0.000,0.000,0.000,0.000
1465,0.000,0.000,0.000,0.000
1466,0.000,0.000,0.000,0.000
1467,0.000,0.000,0.000,0.000
1468,0.000,0.000,0.000,0.000
1469,0.000,0.000,0.000,0.000
1470,0.000,0.000,0.000,0.000
1471,0.000,0.000,0.000,0.000
1472,0.000,0.000,0.000,0.000
1473,0.000,0.000,0.000,0.000
1474,0.000,0.000,0.000,0.000
1475,0.000,0.000,0.000,0.000
1476,0.000,0.000,0.000,0.000
1477,0.000,0.000,0.000,0.000
1478,0.000,0.000,0.000,0.000
1479,0.000,0.000,0.000,0.000
1480,0.000,0.000,0.000,0.000
1481,0.000,0.000,0.000,0.000
1482,0.000,0.000,0.000,0.000
1483,0.000,0.000,0.000,0.000
1484,0.000,0.000,0.000,0.000
1485,0.000,0.000,0.000,0.000
1486,0.000,0.000,0.000,0.000
1487,0.000,0.000,0.000,0.000
1488,0.000,0.000,0.000,0.000
1489,0.000,0.000,0.000,0.000
1490,0.000,0.000,0.000,0.000
1491,0.000,0.000,0.000,0.000
1492,0.000,0.000,0.000,0.000
1493,0.000,0.000,0.000,0.000
1494,0.000,0.000,0.000,0.000
1495,0.000,0.000,0.000,0.000
1496,0.000,0.000,0.000,0.000
1497,0.000,0.000,0.000,0.000
1498,0.000,0.000,0.000,0.000
1499,0.000,0.000,0.000,0.000
1500,0.000,0.000,0.000,0.000
1501,0.000,0.000,0.000,0.000
1502,0.000,0.000,0.000,0.000
1503,0.000,0.000,0.000,0.000
1504,0.000,0.000,0.000,0.000
1505,0.000,0.000,0.000,0.000
1506,0.000,0.000,0.000,0.000
1507,0.000,0.000,0.000,0.000
1508,0.000,0.000,0.000,0.000
1509,0.000,0.000,0.000,0.000
1510,0.000,0.000,0.000,0.000
1511,0.000,0.000,0.000,0.000
1512,0.000,0.000,0.000,0.000
1513,0.000,0.000,0.000,0.000
1514,0.000,0.000,0.000,0.000
1515,0.000,0.000,0.000,0.000
1516,0.000,0.000,0.000,0.000
1517,0.000,0.000,0.000,0.000
1518,0.000,0.000,0.000,0.000
1519,0.000,0.000,0.000,0.000
1520,0.000,0.000,0.000,0.000
1521,0.000,0.000,0.000,0.000
1522,0.000,0.000,0.000,0.000
1523,0.000,0.000,0.000,0.000
1524,0.000,0.000,0.000,0.000
1525,0.000,0.000,0.000,0.000
1526,0.000,0.000,0.000,0.000
1527,0.000,0.000,0.000,0.000
1528,0.000,0.000,0.000,0.000
1529,0.000,0.000,0.000,0.000
1530,0.000,0.000,0.000,0.000
1531,0.000,0.000,0.000,0.000
1532,0.000,0.000,0.000,0.000
1533,0.000,0.000,0.000,0.000
1534,0.000,0.000,0.000,0.000
1535,0.000,0.000,0.000,0.000
1536,0.000,0.000,0.000,0.000
1537,0.000,0.000,0.000,0.000
1538,0.000,0.000,0.000,0.000
1539,0.000,0.000,0.000,0.000
1540,0.000,0.000,0.000,0.000
1541,0.000,0.000,0.000,0.000
1542,0.000,0.000,0.000,0.000
1543,0.000,0.000,0.000,0.000
1544,0.000,0.000,0.000,0.000
1545,0.000,0.000,0.000,0.000
1546,0.000,0.000,0.000,0.000
1547,0.000,0.000,0.000,0.000
1548,0.000,0.000,0.000,0.000
1549,0.000,0.000,0.000,0.000
1550,0.000,0.000,0.000,0.000
1551,0.000,0.000,0.000,0.000
1552,0.000,0.000,0.000,0.000
1553,0.000,0.000,0.000,0.000
1554,0.000,0.000,0.000,0.000
1555,0.000,0.000,0.000,0.000
1556,0.000,0.000,0.000,0.000
1557,0.000,0.000,0.000,0.000
1558,0.000,0.000,0.000,0.000
1559,0.000,0.000,0.000,0.000
1560,0.000,0.000,0.000,0.000
1561,0.000,0.000,0.000,0.000
1562,0.000,0.000,0.000,0.000
1563,0.000,0.000,0.000,0.000
1564,0.000,0.000,0.000,0.000
1565,0.000,0.000,0.000,0.000
1566,0.000,0.000,0.000,0.000
1567,0.000,0.000,0.000,0.000
1568,0.000,0.000,0.000,0.000
1569,0.000,0.000,0.000,0.000
1570,0.000,0.000,0.000,0.000
1571,0.000,0.000,0.000,0.000
1572,0.000,0.000,0.000,0.000
1573,0.000,0.000,0.000,0.000
1574,0.000,0.000,0.000,0.000
1575,0.000,0.000,0.000,0.000
1576,0.000,0.000,0.000,0.000
1577,0.000,0.000,0.000,0.000
1578,0.000,0.000,0.000,0.000
1579,0.000,0.000,0.000,0.000
1580,0.000,0.000,0.000,0.000
1581,0.000,0.000,0.000,0.000
1582,0.000,0.000,0.000,0.000
1583,0.000,0.000,0.000,0.000
1584,0.000,0.000,0.000,0.000
1585,0.000,0.000,0.000,0.000
1586,0.000,0.000,0.000,0.000
1587,0.000,0.000,0.000,0.000
1588,0.000,0.000,0.000,0.000
1589,0.000,0.000,0.000,0.000
1590,0.000,0.000,0.000,0.000
1591,0.000,0.000,0.000,0.000
1592,0.000,0.000,0.000,0.000
1593,0.000,0.000,0.000,0.000
1594,0.000,0.000,0.000,0.000
1595,0.000,0.000,0.000,0.000
1596,0.000,0.000,0.000,0.000
1597,0.000,0.000,0.000,0.000
1598,0.000,0.000,0.000,0.000
1599,0.000,0.000,0.000,0.000
1600,0.000,0.000,0.000,0.000
1601,0.000,0.000,0.000,0.000
1602,0.000,0.000,0.000,0.000
1603,0.000,0.000,0.000,0.000
1604,0.000,0.000,0.000,0.000
1605,0.000,0.000,0.000,0.000
1606,0.000,0.000,0.000,0.000
1607,0.000,0.000,0.000,0.000
1608,0.000,0.000,0.000,0.000
1609,0.000,0.000,0.000,0.000
1610,0.000,0.000,0.000,0.000
1611,0.000,0.000,0.000,0.000
1612,0.000,0.000,0.000,0.000
1613,0.000,0.000,0.000,0.000
1614,0.000,0.000,0.000,0.000
1615,0.000,0.000,0.000,0.000
1616,0.000,0.000,0.000,0.000
1617,0.000,0.000,0.000,0.000
1618,0.000,0.000,0.000,0.000
1619,0.000,0.000,0.000,0.000
1620,0.000,0.000,0.000,0.000
1621,0.000,0.000,0.000,0.000
1622,0.000,0.000,0.000,0.000
1623,0.000,0.000,0.000,0.000
1624,0.000,0.000,0.000,0.000
1625,0.000,0.000,0.000,0.000
1626,0.000,0.000,0.000,0.000
1627,0.000,0.000,0.000,0.000
1628,0.000,0.000,0.000,0.000
1629,0.000,0.000,0.000,0.000
1630,0.000,0.000,0.000,0.000
1631,0.000,0.000,0.000,0.000
1632,0.000,0.000,0.000,0.000
1633,0.000,0.000,0.000,0.000
1634,0.000,0.000,0.000,0.000
1635,0.000,0.000,0.000,0.000
1636,0.000,0.000,0.000,0.000
1637,0.000,0.000,0.000,0.000
1638,0.000,0.000,0.000,0.000
1639,0.000,0.000,0.000,0.000
1640,0.000,0.000,0.000,0.000
1641,0.000,0.000,0.000,0.000
1642,0.000,0.000,0.000,0.000
1643,0.000,0.000,0.000,0.000
1644,0.000,0.000,0.000,0.000
1645,0.000,0.000,0.000,0.000
1646,0.000,0.000,0.000,0.000
1647,0.000,0.000,0.000,0.000
1648,0.000,0.000,0.000,0.000
1649,0.000,0.000,0.000,0.000
1650,0.000,0.000,0.000,0.000
1651,0.000,0.000,0.000,0.000
1652,0.000,0.000,0.000,0.000
1653,0.000,0.000,0.000,0.000
1654,0.000,0.000,0.000,0.000
1655,0.000,0.000,0.000,0.000
1656,0.000,0.000,0.000,0.000
1657,0.000,0.000,0.000,0.000
1658,0.000,0.000,0.000,0.000
1659,0.000,0.000,0.000,0.000
1660,0.000,0.000,0.000,0.000
1661,0.000,0.000,0.000,0.000
1662,0.000,0.000,0.000,0.000
1663,0.000,0.000,0.000,0.000
1664,0.000,0.000,0.000,0.000
1665,0.000,0.000,0.000,0.000
1666,0.000,0.000,0.000,0.000
1667,0.000,0.000,0.000,0.000
1668,0.000,0.000,0.000,0.000
1669,0.000,0.000,0.000,0.000
1670,0.000,0.000,0.000,0.000
1671,0.000,0.000,0.000,0.000
1672,0.000,0.000,0.000,0.000
1673,0.000,0.000,0.000,0.000
1674,0.000,0.000,0.000,0.000
1675,0.000,0.000,0.000,0.000
1676,0.000,0.000,0.000,0.000
1677,0.000,0.000,0.000,0.000
1678,0.000,0.000,0.000,0.000
1679,0.000,0.000,0.000,0.000
1680,0.000,0.000,0.000,0.000
1681,0.000,0.000,0.000,0.000
1682,0.000,0.000,0.000,0.000
1683,0.000,0.000,0.000,0.000
1684,0.000,0.000,0.000,0.000
1685,0.000,0.000,0.000,0.000
1686,0.000,0.000,0.000,0.000
1687,0.000,0.000,0.000,0.000
1688,0.000,0.000,0.000,0.000
1689,0.000,0.000,0.000,0.000
1690,0.000,0.000,0.000,0.000
1691,0.000,0.000,0.000,0.000
1692,0.000,0.000,0.000,0.000
1693,0.000,0.000,0.000,0.000
1694,0.000,0.000,0.000,0.000
1695,0.000,0.000,0.000,0.000
1696,0.000,0.000,0.000,0.000
1697,0.000,0.000,0.000,0.000
1698,0.000,0.000,0.000,0.000
1699,0.000,0.000,0.000,0.000
1700,0.000,0.000,0.000,0.000
1701,0.000,0.000,0.000,0.000
1702,0.000,0.000,0.000,0.000
1703,0.000,0.000,0.000,0.000
1704,0.000,0.000,0.000,0.000
1705,0.000,0.000,0.000,0.000
1706,0.000,0.000,0.000,0.000
1707,0.000,0.000,0.000,0.000
1708,0.000,0.000,0.000,0.000
1709,0.000,0.000,0.000,0.000
1710,0.000,0.000,0.000,0.000
1711,0.000,0.000,0.000,0.000
1712,0.000,0.000,0.000,0.000
1713,0.000,0.000,0.000,0.000
1714,0.000,0.000,0.000,0.000
1715,0.000,0.000,0.000,0.000
1716,0.000,0.000,0.000,0.000
1717,0.000,0.000,0.000,0.000
1718,0.000,0.000,0.000,0.000
1719,0.000,0.000,0.000,0.000
1720,0.000,0.000,0.000,0.000
1721,0.000,0.000,0.000,0.000
1722,0.000,0.000,0.000,0.000
1723,0.000,0.000,0.000,0.000
1724,0.000,0.000,0.000,0.000
1725,0.000,0.000,0.000,0.000
1726,0.000,0.000,0.000,0.000
1727,0.000,0.000,0.000,0.000
1728,0.000,0.000,0.000,0.000
1729,0.000,0.000,0.000,0.000
1730,0.000,0.000,0.000,0.000
1731,0.000,0.000,0.000,0.000
1732,0.000,0.000,0.000,0.000
1733,0.000,0.000,0.000,0.000
1734,0.000,0.000,0.000,0.000
1735,0.000,0.000,0.000,0.000
1736,0.000,0.000,0.000,0.000
1737,0.000,0.000,0.000,0.000
1738,0.000,0.000,0.000,0.000
1739,0.000,0.000,0.000,0.000
1740,0.000,0.000,0.000,0.000
1741,0.000,0.000,0.000,0.000
1742,0.000,0.000,0.000,0.000
1743,0.000,0.000,0.000,0.000
1744,0.000,0.000,0.000,0.000
1745,0.000,0.000,0.000,0.000
1746,0.000,0.000,0.000,0.000
1747,0.000,0.000,0.000,0.000
1748,0.000,0.000,0.000,0.000
1749,0.000,0.000,0.000,0.000
1750,0.000,0.000,0.000,0.000
1751,0.000,0.000,0.000,0.000
1752,0.000,0.000,0.000,0.000
1753,0.000,0.000,0.000,0.000
1754,0.000,0.000,0.000,0.000
1755,0.000,0.000,0.000,0.000
1756,0.000,0.000,0.000,0.000
1757,0.000,0.000,0.000,0.000
1758,0.000,0.000,0.000,0.000
1759,0.000,0.000,0.000,0.000
1760,0.000,0.000,0.000,0.000
1761,0.000,0.000,0.000,0.000
1762,0.000,0.000,0.000,0.000
1763,0.000,0.000,0.000,0.000
1764,0.000,0.000,0.000,0.000
1765,0.000,0.000,0.000,0.000
1766,0.000,0.000,0.000,0.000
1767,0.000,0.000,0.000,0.000
1768,0.000,0.000,0.000,0.000
1769,0.000,0.000,0.000,0.000
1770,0.000,0.000,0.000,0.000
1771,0.000,0.000,0.000,0.000
1772,0.000,0.000,0.000,0.000
1773,0.000,0.000,0.000,0.000
1774,0.000,0.000,0.000,0.000
1775,0.000,0.000,0.000,0.000
1776,0.000,0.000,0.000,0.000
1777,0.000,0.000,0.000,0.000
1778,0.000,0.000,0.000,0.000
1779,0.000,0.000,0.000,0.000
1780,0.000,0.000,0.000,0.000
1781,0.000,0.000,0.000,0.000
1782,0.000,0.000,0.000,0.000
1783,0.000,0.000,0.000,0.000
1784,0.000,0.000,0.000,0.000
1785,0.000,0.000,0.000,0.000
1786,0.000,0.000,0.000,0.000
1787,0.000,0.000,0.000,0.000
1788,0.000,0.000,0.000,0.000
1789,0.000,0.000,0.000,0.000
1790,0.000,0.000,0.000,0.000
1791,0.000,0.000,0.000,0.000
1792,0.000,0.000,0.000,0.000
1793,0.000,0.000,0.000,0.000
1794,0.000,0.000,0.000,0.000
1795,0.000,0.000,0.000,0.000
1796,0.000,0.000,0.000,0.000
1797,0.000,0.000,0.000,0.000
1798,0.000,0.000,0.000,0.000
1799,0.000,0.000,0.000,0.000
1800,0.000,0.000,0.000,0.000
1801,0.000,0.000,0.000,0.000
1802,0.000,0.000,0.000,0.000
1803,0.000,0.000,0.000,0.000
1804,0.000,0.000,0.000,0.000
1805,0.000,0.000,0.000,0.000
1806,0.000,0.000,0.000,0.000
1807,0.000,0.000,0.000,0.000
1808,0.000,0.000,0.000,0.000
1809,0.000,0.000,0.000,0.000
1810,0.000,0.000,0.000,0.000
1811,0.000,0.000,0.000,0.000
1812,0.000,0.000,0.000,0.000
1813,0.000,0.000,0.000,0.000
1814,0.000,0.000,0.000,0.000
1815,0.000,0.000,0.000,0.000
1816,0.000,0.000,0.000,0.000
1817,0.000,0.000,0.000,0.000
1818,0.000,0.000,0.000,0.000
1819,0.000,0.000,0.000,0.000
1820,0.000,0.000,0.000,0.000
1821,0.000,0.000,0.000,0.000
1822,0.000,0.000,0.000,0.000
1823,0.000,0.000,0.000,0.000
1824,0.000,0.000,0.000,0.000
1825,0.000,0.000,0.000,0.000
1826,0.000,0.000,0.000,0.000
1827,0.000,0.000,0.000,0.000
1828,0.000,0.000,0.000,0.000
1829,0.000,0.000,0.000,0.000
1830,0.000,0.000,0.000,0.000
1831,0.000,0.000,0.000,0.000
1832,0.000,0.000,0.000,0.000
1833,0.000,0.000,0.000,0.000
1834,0.000,0.000,0.000,0.000
1835,0.000,0.000,0.000,0.000
1836,0.000,0.000,0.000,0.000
1837,0.000,0.000,0.000,0.000
1838,0.000,0.000,0.000,0.000
1839,0.000,0.000,0.000,0.000
1840,0.000,0.000,0.000,0.000
1841,0.000,0.000,0.000,0.000
1842,0.000,0.000,0.000,0.000
1843,0.000,0.000,0.000,0.000
1844,0.000,0.000,0.000,0.000
1845,0.000,0.000,0.000,0.000
1846,0.000,0.000,0.000,0.000
1847,0.000,0.000,0.000,0.000
1848,0.000,0.000,0.000,0.000
1849,0.000,0.000,0.000,0.000
1850,0.000,0.000,0.000,0.000
1851,0.000,0.000,0.000,0.000
1852,0.000,0.000,0.000,0.000
1853,0.000,0.000,0.000,0.000
1854,0.000,0.000,0.000,0.000
1855,0.000,0.000,0.000,0.000
1856,0.000,0.000,0.000,0.000
1857,0.000,0.000,0.000,0.000
1858,0.000,0.000,0.000,0.000
1859,0.000,0.000,0.000,0.000
1860,0.000,0.000,0.000,0.000
1861,0.000,0.000,0.000,0.000
1862,0.000,0.000,0.000,0.000
1863,0.000,0.000,0.000,0.000
1864,0.000,0.000,0.000,0.000
1865,0.000,0.000,0.000,0.000
1866,0.000,0.000,0.000,0.000
1867,0.000,0.000,0.000,0.000
1868,0.000,0.000,0.000,0.000
1869,0.000,0.000,0.000,0.000
1870,0.000,0.000,0.000,0.000
1871,0.000,0.000,0.000,0.000
1872,0.000,0.000,0.000,0.000
1873,0.000,0.000,0.000,0.000
1874,0.000,0.000,0.000,0.000
1875,0.000,0.000,0.000,0.000
1876,0.000,0.000,0.000,0.000
1877,0.000,0.000,0.000,0.000
1878,0.000,0.000,0.000,0.000
1879,0.000,0.000,0.000,0.000
1880,0.000,0.000,0.000,0.000
1881,0.000,0.000,0.000,0.000
1882,0.000,0.000,0.000,0.000
1883,0.000,0.000,0.000,0.000
1884,0.000,0.000,0.000,0.000
1885,0.000,0.000,0.000,0.000
1886,0.000,0.000,0.000,0.000
1887,0.000,0.000,0.000,0.000
1888,0.000,0.000,0.000,0.000
1889,0.000,0.000,0.000,0.000
1890,0.000,0.000,0.000,0.000
1891,0.000,0.000,0.000,0.000
1892,0.000,0.000,0.000,0.000
1893,0.000,0.000,0.000,0.000
1894,0.000,0.000,0.000,0.000
1895,0.000,0.000,0.000,0.000
1896,0.000,0.000,0.000,0.000
1897,0.000,0.000,0.000,0.000
1898,0.000,0.000,0.000,0.000
1899,0.000,0.000,0.000,0.000
1900,0.000,0.000,0.000,0.000
1901,0.000,0.000,0.000,0.000
1902,0.000,0.000,0.000,0.000
1903,0.000,0.000,0.000,0.000
1904,0.000,0.000,0.000,0.000
1905,0.000,0.000,0.000,0.000
1906,0.000,0.000,0.000,0.000
1907,0.000,0.000,0.000,0.000
1908,0.000,0.000,0.000,0.000
1909,0.000,0.000,0.000,0.000
1910,0.000,0.000,0.000,0.000
1911,0.000,0.000,0.000,0.000
1912,0.000,0.000,0.000,0.000
1913,0.000,0.000,0.000,0.000
1914,0.000,0.000,0.000,0.000
1915,0.000,0.000,0.000,0.000
1916,0.000,0.000,0.000,0.000
1917,0.000,0.000,0.000,0.000
1918,0.000,0.000,0.000,0.000
1919,0.000,0.000,0.000,0.000
1920,0.000,0.000,0.000,0.000
1921,0.000,0.000,0.000,0.000
1922,0.000,0.000,0.000,0.000
1923,0.000,0.000,0.000,0.000
1924,0.000,0.000,0.000,0.000
1925,0.000,0.000,0.000,0.000
1926,0.000,0.000,0.000,0.000
1927,0.000,0.000,0.000,0.000
1928,0.000,0.000,0.000,0.000
1929,0.000,0.000,0.000,0.000
1930,0.000,0.000,0.000,0.000
1931,0.000,0.000,0.000,0.000
1932,0.000,0.000,0.000,0.000
1933,0.000,0.000,0.000,0.000
1934,0.000,0.000,0.000,0.000
1935,0.000,0.000,0.000,0.000
1936,0.000,0.000,0.000,0.000
1937,0.000,0.000,0.000,0.000
1938,0.000,0.000,0.000,0.000
1939,0.000,0.000,0.000,0.000
1940,0.000,0.000,0.000,0.000
1941,0.000,0.000,0.000,0.000
1942,0.000,0.000,0.000,0.000
1943,0.000,0.000,0.000,0.000
1944,0.000,0.000,0.000,0.000
1945,0.000,0.000,0.000,0.000
1946,0.000,0.000,0.000,0.000
1947,0.000,0.000,0.000,0.000
1948,0.000,0.000,0.000,0.000
1949,0.000,0.000,0.000,0.000
1950,0.000,0.000,0.000,0.000
1951,0.000,0.000,0.000,0.000
1952,0.000,0.000,0.000,0.000
1953,0.000,0.000,0.000,0.000
1954,0.000,0.000,0.000,0.000
1955,0.000,0.000,0.000,0.000
1956,0.000,0.000,0.000,0.000
1957,0.000,0.000,0.000,0.000
1958,0.000,0.000,0.000,0.000
1959,0.000,0.000,0.000,0.000
1960,0.000,0.000,0.000,0.000
1961,0.000,0.000,0.000,0.000
1962,0.000,0.000,0.000,0.000
1963,0.000,0.000,0.000,0.000
1964,0.000,0.000,0.000,0.000
1965,0.000,0.000,0.000,0.000
1966,0.000,0.000,0.000,0.000
1967,0.000,0.000,0.000,0.000
1968,0.000,0.000,0.000,0.000
1969,0.000,0.000,0.000,0.000
1970,0.000,0.000,0.000,0.000
1971,0.000,0.000,0.000,0.000
1972,0.000,0.000,0.000,0.000
1973,0.000,0.000,0.000,0.000
1974,0.000,0.000,0.000,0.000
1975,0.000,0.000,0.000,0.000
1976,0.000,0.000,0.000,0.000
1977,0.000,0.000,0.000,0.000
1978,0.000,0.000,0.000,0.000
1979,0.000,0.000,0.000,0.000
1980,0.000,0.000,0.000,0.000
1981,0.000,0.000,0.000,0.000
1982,0.000,0.000,0.000,0.000
1983,0.000,0.000,0.000,0.000
1984,0.000,0.000,0.000,0.000
1985,0.000,0.000,0.000,0.000
1986,0.000,0.000,0.000,0.000
1987,0.000,0.000,0.000,0.000
1988,0.000,0.000,0.000,0.000
1989,0.000,0.000,0.000,0.000
1990,0.000,0.000,0.000,0.000
1991,0.000,0.000,0.000,0.000
1992,0.000,0.000,0.000,0.000
1993,0.000,0.000,0.000,0.000
1994,0.000,0.000,0.000,0.000
1995,0.000,0.000,0.000,0.000
1996,0.000,0.000,0.000,0.000
1997,0.000,0.000,0.000,0.000
1998,0.000,0.000,0.000,0.000
1999,0.000,0.000,0.000,0.000
2000,0.000,0.000,0.000,0.000
2001,0.000,0.000,0.000,0.000
2002,0.000,0.000,0.000,0.000
2003,0.000,0.000,0.000,0.000
2004,0.000,0.000,0.000,0.000
2005,0.000,0.000,0.000,0.000
2006,0.000,0.000,0.000,0.000
2007,0.000,0.000,0.000,0.000
2008,0.000,0.000,0.000,0.000
2009,0.000,0.000,0.000,0.000
2010,0.000,0.000,0.000,0.000
2011,0.000,0.000,0.000,0.000
2012,0.000,0.000,0.000,0.000
2013,0.000,0.000,0.000,0.000
2014,0.000,0.000,0.000,0.000
2015,0.000,0.000,0.000,0.000
2016,0.000,0.000,0.000,0.000
2017,0.000,0.000,0.000,0.000
2018,0.000,0.000,0.000,0.000
2019,0.000,0.000,0.000,0.000
2020,0.000,0.000,0.000,0.000
2021,0.000,0.000,0.000,0.000
2022,0.000,0.000,0.000,0.000
2023,0.000,0.000,0.000,0.000
2024,0.000,0.000,0.000,0.000
2025,0.000,0.000,0.000,0.000
2026,0.000,0.000,0.000,0.000
2027,0.000,0.000,0.000,0.000
2028,0.000,0.000,0.000,0.000
2029,0.000,0.000,0.000,0.000
2030,0.000,0.000,0.000,0.000
2031,0.000,0.000,0.000,0.000
2032,0.000,0.000,0.000,0.000
2033,0.000,0.000,0.000,0.000
2034,0.000,0.000,0.000,0.000
2035,0.000,0.000,0.000,0.000
2036,0.000,0.000,0.000,0.000
2037,0.000,0.000,0.000,0.000
2038,0.000,0.000,0.000,0.000
2039,0.000,0.000,0.000,0.000
2040,0.000,0.000,0.000,0.000
2041,0.000,0.000,0.000,0.000
2042,0.000,0.000,0.000,0.000
2043,0.000,0.000,0.000,0.000
2044,0.000,0.000,0.000,0.000
2045,0.000,0.000,0.000,0.000
2046,0.000,0.000,0.000,0.000
2047,0.000,0.000,0.000,0.000
2048,0.000,0.000,0.000,0.000
2049,0.000,0.000,0.000,0.000
2050,0.000,0.000,0.000,0.000
2051,0.000,0.000,0.000,0.000
2052,0.000,0.000,0.000,0.000
2053,0.000,0.000,0.000,0.000
2054,0.000,0.000,0.000,0.000
2055,0.000,0.000,0.000,0.000
2056,0.000,0.000,0.000,0.000
2057,0.000,0.000,0.000,0.000
2058,0.000,0.000,0.000,0.000
2059,0.000,0.000,0.000,0.000
2060,0.000,0.000,0.000,0.000
2061,0.000,0.000,0.000,0.000
2062,0.000,0.000,0.000,0.000
2063,0.000,0.000,0.000,0.000
2064,0.000,0.000,0.000,0.000
2065,0.000,0.000,0.000,0.000
2066,0.000,0.000,0.000,0.000
2067,0.000,0.000,0.000,0.000
2068,0.000,0.000,0.000,0.000
2069,0.000,0.000,0.000,0.000
2070,0.000,0.000,0.000,0.000
2071,0.000,0.000,0.000,0.000
2072,0.000,0.000,0.000,0.000
2073,0.000,0.000,0.000,0.000
2074,0.000,0.000,0.000,0.000
2075,0.000,0.000,0.000,0.000
2076,0.000,0.000,0.000,0.000
2077,0.000,0.000,0.000,0.000
2078,0.000,0.000,0.000,0.000
2079,0.000,0.000,0.000,0.000
2080,0.000,0.000,0.000,0.000
2081,0.000,0.000,0.000,0.000
2082,0.000,0.000,0.000,0.000
2083,0.000,0.000,0.000,0.000
2084,0.000,0.000,0.000,0.000
2085,0.000,0.000,0.000,0.000
2086,0.000,0.000,0.000,0.000
2087,0.000,0.000,0.000,0.000
2088,0.000,0.000,0.000,0.000
2089,0.000,0.000,0.000,0.000
2090,0.000,0.000,0.000,0.000
2091,0.000,0.000,0.000,0.000
2092,0.000,0.000,0.000,0.000
2093,0.000,0.000,0.000,0.000
2094,0.000,0.000,0.000,0.000
2095,0.000,0.000,0.000,0.000
2096,0.000,0.000,0.000,0.000
2097,0.000,0.000,0.000,0.000
2098,0.000,0.000,0.000,0.000
2099,0.000,0.000,0.000,0.000
2100,0.000,0.000,0.000,0.000
2101,0.000,0.000,0.000,0.000
2102,0.000,0.000,0.000,0.000
2103,0.000,0.000,0.000,0.000
2104,0.000,0.000,0.000,0.000
2105,0.000,0.000,0.000,0.000
2106,0.000,0.000,0.000,0.000
2107,0.000,0.000,0.000,0.000
2108,0.000,0.000,0.000,0.000
2109,0.000,0.000,0.000,0.000
2110,0.000,0.000,0.000,0.000
2111,0.000,0.000,0.000,0.000
2112,0.000,0.000,0.000,0.000
2113,0.000,0.000,0.000,0.000
2114,0.000,0.000,0.000,0.000
2115,0.000,0.000,0.000,0.000
2116,0.000,0.000,0.000,0.000
2117,0.000,0.000,0.000,0.000
2118,0.000,0.000,0.000,0.000
2119,0.000,0.000,0.000,0.000
2120,0.000,0.000,0.000,0.000
2121,0.000,0.000,0.000,0.000
2122,0.000,0.000,0.000,0.000
2123,0.000,0.000,0.000,0.000
2124,0.000,0.000,0.000,0.000
2125,0.000,0.000,0.000,0.000
2126,0.000,0.000,0.000,0.000
2127,0.000,0.000,0.000,0.000
2128,0.000,0.000,0.000,0.000
2129,0.000,0.000,0.000,0.000
2130,0.000,0.000,0.000,0.000
2131,0.000,0.000,0.000,0.000
2132,0.000,0.000,0.000,0.000
2133,0.000,0.000,0.000,0.000
2134,0.000,0.000,0.000,0.000
2135,0.000,0.000,0.000,0.000
2136,0.000,0.000,0.000,0.000
2137,0.000,0.000,0.000,0.000
2138,0.000,0.000,0.000,0.000
2139,0.000,0.000,0.000,0.000
2140,0.000,0.000,0.000,0.000
2141,0.000,0.000,0.000,0.000
2142,0.000,0.000,0.000,0.000
2143,0.000,0.000,0.000,0.000
2144,0.000,0.000,0.000,0.000
2145,0.000,0.000,0.000,0.000
2146,0.000,0.000,0.000,0.000
2147,0.000,0.000,0.000,0.000
2148,0.000,0.000,0.000,0.000
2149,0.000,0.000,0.000,0.000
2150,0.000,0.000,0.000,0.000
2151,0.000,0.000,0.000,0.000
2152,0.000,0.000,0.000,0.000
2153,0.000,0.000,0.000,0.000
2154,0.000,0.000,0.000,0.000
2155,0.000,0.000,0.000,0.000
2156,0.000,0.000,0.000,0.000
2157,0.000,0.000,0.000,0.000
2158,0.000,0.000,0.000,0.000
2159,0.000,0.000,0.000,0.000
2160,0.000,0.000,0.000,0.000
2161,0.000,0.000,0.000,0.000
2162,0.000,0.000,0.000,0.000
2163,0.000,0.000,0.000,0.000
2164,0.000,0.000,0.000,0.000
2165,0.000,0.000,0.000,0.000
2166,0.000,0.000,0.000,0.000
2167,0.000,0.000,0.000,0.000
2168,0.000,0.000,0.000,0.000
2169,0.000,0.000,0.000,0.000
2170,0.000,0.000,0.000,0.000
2171,0.000,0.000,0.000,0.000
2172,0.000,0.000,0.000,0.000
2173,0.000,0.000,0.000,0.000
2174,0.000,0.000,0.000,0.000
2175,0.000,0.000,0.000,0.000
2176,0.000,0.000,0.000,0.000
2177,0.000,0.000,0.000,0.000
2178,0.000,0.000,0.000,0.000
2179,0.000,0.000,0.000,0.000
2180,0.000,0.000,0.000,0.000
2181,0.000,0.000,0.000,0.000
2182,0.000,0.000,0.000,0.000
2183,0.000,0.000,0.000,0.000
2184,0.000,0.000,0.000,0.000
2185,0.000,0.000,0.000,0.000
2186,0.000,0.000,0.000,0.000
2187,0.000,0.000,0.000,0.000
2188,0.000,0.000,0.000,0.000
2189,0.000,0.000,0.000,0.000
2190,0.000,0.000,0.000,0.000
2191,0.000,0.000,0.000,0.000
2192,0.000,0.000,0.000,0.000
2193,0.000,0.000,0.000,0.000
2194,0.000,0.000,0.000,0.000
2195,0.000,0.000,0.000,0.000
2196,0.000,0.000,0.000,0.000
2197,0.000,0.000,0.000,0.000
2198,0.000,0.000,0.000,0.000
2199,0.000,0.000,0.000,0.000
2200,0.000,0.000,0.000,0.000
2201,0.000,0.000,0.000,0.000
2202,0.000,0.000,0.000,0.000
2203,0.000,0.000,0.000,0.000
2204,0.000,0.000,0.000,0.000
2205,0.000,0.000,0.000,0.000
2206,0.000,0.000,0.000,0.000
2207,0.000,0.000,0.000,0.000
2208,0.000,0.000,0.000,0.000
2209,0.000,0.000,0.000,0.000
2210,0.000,0.000,0.000,0.000
2211,0.000,0.000,0.000,0.000
2212,0.000,0.000,0.000,0.000
2213,0.000,0.000,0.000,0.000
2214,0.000,0.000,0.000,0.000
2215,0.000,0.000,0.000,0.000
2216,0.000,0.000,0.000,0.000
2217,0.000,0.000,0.000,0.000
2218,0.000,0.000,0.000,0.000
2219,0.000,0.000,0.000,0.000
2220,0.000,0.000,0.000,0.000
2221,0.000,0.000,0.000,0.000
2222,0.000,0.000,0.000,0.000
2223,0.000,0.000,0.000,0.000
2224,0.000,0.000,0.000,0.000
2225,0.000,0.000,0.000,0.000
2226,0.000,0.000,0.000,0.000
2227,0.000,0.000,0.000,0.000
2228,0.000,0.000,0.000,0.000
2229,0.000,0.000,0.000,0.000
2230,0.000,0.000,0.000,0.000
2231,0.000,0.000,0.000,0.000
2232,0.000,0.000,0.000,0.000
2233,0.000,0.000,0.000,0.000
2234,0.000,0.000,0.000,0.000
2235,0.000,0.000,0.000,0.000
2236,0.000,0.000,0.000,0.000
2237,0.000,0.000,0.000,0.000
2238,0.000,0.000,0.000,0.000
2239,0.000,0.000,0.000,0.000
2240,0.000,0.000,0.000,0.000
2241,0.000,0.000,0.000,0.000
2242,0.000,0.000,0.000,0.000
2243,0.000,0.000,0.000,0.000
2244,0.000,0.000,0.000,0.000
2245,0.000,0.000,0.000,0.000
2246,0.000,0.000,0.000,0.000
2247,0.000,0.000,0.000,0.000
2248,0.000,0.000,0.000,0.000
2249,0.000,0.000,0.000,0.000
2250,0.000,0.000,0.000,0.000
2251,0.000,0.000,0.000,0.000
2252,0.000,0.000,0.000,0.000
2253,0.000,0.000,0.000,0.000
2254,0.000,0.000,0.000,0.000
2255,0.000,0.000,0.000,0.000
2256,0.000,0.000,0.000,0.000
2257,0.000,0.000,0.000,0.000
2258,0.000,0.000,0.000,0.000
2259,0.000,0.000,0.000,0.000
2260,0.000,0.000,0.000,0.000
2261,0.000,0.000,0.000,0.000
2262,0.000,0.000,0.000,0.000
2263,0.000,0.000,0.000,0.000
2264,0.000,0.000,0.000,0.000
2265,0.000,0.000,0.000,0.000
2266,0.000,0.000,0.000,0.000
2267,0.000,0.000,0.000,0.000
2268,0.000,0.000,0.000,0.000
2269,0.000,0.000,0.000,0.000
2270,0.000,0.000,0.000,0.000
2271,0.000,0.000,0.000,0.000
2272,0.000,0.000,0.000,0.000
2273,0.000,0.000,0.000,0.000
2274,0.000,0.000,0.000,0.000
2275,0.000,0.000,0.000,0.000
2276,0.000,0.000,0.000,0.000
2277,0.000,0.000,0.000,0.000
2278,0.000,0.000,0.000,0.000
2279,0.000,0.000,0.000,0.000
2280,0.000,0.000,0.000,0.000
2281,0.000,0.000,0.000,0.000
2282,0.000,0.000,0.000,0.000
2283,0.000,0.000,0.000,0.000
2284,0.000,0.000,0.000,0.000
2285,0.000,0.000,0.000,0.000
2286,0.000,0.000,0.000,0.000
2287,0.000,0.000,0.000,0.000
2288,0.000,0.000,0.000,0.000
2289,0.000,0.000,0.000,0.000
2290,0.000,0.000,0.000,0.000
2291,0.000,0.000,0.000,0.000
2292,0.000,0.000,0.000,0.000
2293,0.000,0.000,0.000,0.000
2294,0.000,0.000,0.000,0.000
2295,0.000,0.000,0.000,0.000
2296,0.000,0.000,0.000,0.000
2297,0.000,0.000,0.000,0.000
2298,0.000,0.000,0.000,0.000
2299,0.000,0.000,0.000,0.000
2300,0.000,0.000,0.000,0.000
2301,0.000,0.000,0.000,0.000
2302,0.000,0.000,0.000,0.000
2303,0.000,0.000,0.000,0.000
2304,0.000,0.000,0.000,0.000
2305,0.000,0.000,0.000,0.000
2306,0.000,0.000,0.000,0.000
2307,0.000,0.000,0.000,0.000
2308,0.000,0.000,0.000,0.000
2309,0.000,0.000,0.000,0.000
2310,0.000,0.000,0.000,0.000
2311,0.000,0.000,0.000,0.000
2312,0.000,0.000,0.000,0.000
2313,0.000,0.000,0.000,0.000
2314,0.000,0.000,0.000,0.000
2315,0.000,0.000,0.000,0.000
2316,0.000,0.000,0.000,0.000
2317,0.000,0.000,0.000,0.000
2318,0.000,0.000,0.000,0.000
2319,0.000,0.000,0.000,0.000
2320,0.000,0.000,0.000,0.000
2321,0.000,0.000,0.000,0.000
2322,0.000,0.000,0.000,0.000
2323,0.000,0.000,0.000,0.000
2324,0.000,0.000,0.000,0.000
2325,0.000,0.000,0.000,0.000
2326,0.000,0.000,0.000,0.000
2327,0.000,0.000,0.000,0.000
2328,0.000,0.000,0.000,0.000
2329,0.000,0.000,0.000,0.000
2330,0.000,0.000,0.000,0.000
2331,0.000,0.000,0.000,0.000
2332,0.000,0.000,0.000,0.000
2333,0.000,0.000,0.000,0.000
2334,0.000,0.000,0.000,0.000
2335,0.000,0.000,0.000,0.000
2336,0.000,0.000,0.000,0.000
2337,0.000,0.000,0.000,0.000
2338,0.000,0.000,0.000,0.000
2339,0.000,0.000,0.000,0.000
2340,0.000,0.000,0.000,0.000
2341,0.000,0.000,0.000,0.000
2342,0.000,0.000,0.000,0.000
2343,0.000,0.000,0.000,0.000
2344,0.000,0.000,0.000,0.000
2345,0.000,0.000,0.000,0.000
2346,0.000,0.000,0.000,0.000
2347,0.000,0.000,0.000,0.000
2348,0.000,0.000,0.000,0.000
2349,0.000,0.000,0.000,0.000
2350,0.000,0.000,0.000,0.000
2351,0.000,0.000,0.000,0.000
2352,0.000,0.000,0.000,0.000
2353,0.000,0.000,0.000,0.000
2354,0.000,0.000,0.000,0.000
2355,0.000,0.000,0.000,0.000
2356,0.000,0.000,0.000,0.000
2357,0.000,0.000,0.000,0.000
2358,0.000,0.000,0.000,0.000
2359,0.000,0.000,0.000,0.000
2360,0.000,0.000,0.000,0.000
2361,0.000,0.000,0.000,0.000
2362,0.000,0.000,0.000,0.000
2363,0.000,0.000,0.000,0.000
2364,0.000,0.000,0.000,0.000
2365,0.000,0.000,0.000,0.000
2366,0.000,0.000,0.000,0.000
2367,0.000,0.000,0.000,0.000
2368,0.000,0.000,0.000,0.000
2369,0.000,0.000,0.000,0.000
2370,0.000,0.000,0.000,0.000
2371,0.000,0.000,0.000,0.000
2372,0.000,0.000,0.000,0.000
2373,0.000,0.000,0.000,0.000
2374,0.000,0.000,0.000,0.000
2375,0.000,0.000,0.000,0.000
2376,0.000,0.000,0.000,0.000
2377,0.000,0.000,0.000,0.000
2378,0.000,0.000,0.000,0.000
2379,0.000,0.000,0.000,0.000
2380,0.000,0.000,0.000,0.000
2381,0.000,0.000,0.000,0.000
2382,0.000,0.000,0.000,0.000
2383,0.000,0.000,0.000,0.000
2384,0.000,0.000,0.000,0.000
2385,0.000,0.000,0.000,0.000
2386,0.000,0.000,0.000,0.000
2387,0.000,0.000,0.000,0.000
2388,0.000,0.000,0.000,0.000
2389,0.000,0.000,0.000,0.000
2390,0.000,0.000,0.000,0.000
2391,0.000,0.000,0.000,0.000
2392,0.000,0.000,0.000,0.000
2393,0.000,0.000,0.000,0.000
2394,0.000,0.000,0.000,0.000
2395,0.000,0.000,0.000,0.000
2396,0.000,0.000,0.000,0.000
2397,0.000,0.000,0.000,0.000
2398,0.000,0.000,0.000,0.000
2399,0.000,0.000,0.000,0.000
2400,0.000,0.000,0.000,0.000
2401,0.000,0.000,0.000,0.000
2402,0.000,0.000,0.000,0.000
2403,0.000,0.000,0.000,0.000
2404,0.000,0.000,0.000,0.000
2405,0.000,0.000,0.000,0.000
2406,0.000,0.000,0.000,0.000
2407,0.000,0.000,0.000,0.000
2408,0.000,0.000,0.000,0.000
2409,0.000,0.000,0.000,0.000
2410,0.000,0.000,0.000,0.000
2411,0.000,0.000,0.000,0.000
2412,0.000,0.000,0.000,0.000
2413,0.000,0.000,0.000,0.000
2414,0.000,0.000,0.000,0.000
2415,0.000,0.000,0.000,0.000
2416,0.000,0.000,0.000,0.000
2417,0.000,0.000,0.000,0.000
2418,0.000,0.000,0.000,0.000
2419,0.000,0.000,0.000,0.000
2420,0.000,0.000,0.000,0.000
2421,0.000,0.000,0.000,0.000
2422,0.000,0.000,0.000,0.000
2423,0.000,0.000,0.000,0.000
2424,0.000,0.000,0.000,0.000
2425,0.000,0.000,0.000,0.000
2426,0.000,0.000,0.000,0.000
2427,0.000,0.000,0.000,0.000
2428,0.000,0.000,0.000,0.000
2429,0.000,0.000,0.000,0.000
2430,0.000,0.000,0.000,0.000
2431,0.000,0.000,0.000,0.000
2432,0.000,0.000,0.000,0.000
2433,0.000,0.000,0.000,0.000
2434,0.000,0.000,0.000,0.000
2435,0.000,0.000,0.000,0.000
2436,0.000,0.000,0.000,0.000
2437,0.000,0.000,0.000,0.000
2438,0.000,0.000,0.000,0.000
2439,0.000,0.000,0.000,0.000
2440,0.000,0.000,0.000,0.000
2441,0.000,0.000,0.000,0.000
2442,0.000,0.000,0.000,0.000
2443,0.000,0.000,0.000,0.000
2444,0.000,0.000,0.000,0.000
2445,0.000,0.000,0.000,0.000
2446,0.000,0.000,0.000,0.000
2447,0.000,0.000,0.000,0.000
2448,0.000,0.000,0.000,0.000
2449,0.000,0.000,0.000,0.000
2450,0.000,0.000,0.000,0.000
2451,0.000,0.000,0.000,0.000
2452,0.000,0.000,0.000,0.000
2453,0.000,0.000,0.000,0.000
2454,0.000,0.000,0.000,0.000
2455,0.000,0.000,0.000,0.000
2456,0.000,0.000,0.000,0.000
2457,0.000,0.000,0.000,0.000
2458,0.000,0.000,0.000,0.000
2459,0.000,0.000,0.000,0.000
2460,0.000,0.000,0.000,0.000
2461,0.000,0.000,0.000,0.000
2462,0.000,0.000,0.000,0.000
2463,0.000,0.000,0.000,0.000
2464,0.000,0.000,0.000,0.000
2465,0.000,0.000,0.000,0.000
2466,0.000,0.000,0.000,0.000
2467,0.000,0.000,0.000,0.000
2468,0.000,0.000,0.000,0.000
2469,0.000,0.000,0.000,0.000
2470,0.000,0.000,0.000,0.000
2471,0.000,0.000,0.000,0.000
2472,0.000,0.000,0.000,0.000
2473,0.000,0.000,0.000,0.000
2474,0.000,0.000,0.000,0.000
2475,0.000,0.000,0.000,0.000
2476,0.000,0.000,0.000,0.000
2477,0.000,0.000,0.000,0.000
2478,0.000,0.000,0.000,0.000
2479,0.000,0.000,0.000,0.000
2480,0.000,0.000,0.000,0.000
2481,0.000,0.000,0.000,0.000
2482,0.000,0.000,0.000,0.000
2483,0.000,0.000,0.000,0.000
2484,0.000,0.000,0.000,0.000
2485,0.000,0.000,0.000,0.000
2486,0.000,0.000,0.000,0.000
2487,0.000,0.000,0.000,0.000
2488,0.000,0.000,0.000,0.000
2489,0.000,0.000,0.000,0.000
2490,0.000,0.000,0.000,0.000
2491,0.000,0.000,0.000,0.000
2492,0.000,0.000,0.000,0.000
2493,0.000,0.000,0.000,0.000
2494,0.000,0.000,0.000,0.000
2495,0.000,0.000,0.000,0.000
2496,0.000,0.000,0.000,0.000
2497,0.000,0.000,0.000,0.000
2498,0.000,0.000,0.000,0.000
2499,0.000,0.000,0.000,0.000
2500,0.000,0.000,0.000,0.000
2501,0.000,0.000,0.000,0.000
2502,0.000,0.000,0.000,0.000
2503,0.000,0.000,0.000,0.000
2504,0.000,0.000,0.000,0.000
2505,0.000,0.000,0.000,0.000
2506,0.000,0.000,0.000,0.000
2507,0.000,0.000,0.000,0.000
2508,0.000,0.000,0.000,0.000
2509,0.000,0.000,0.000,0.000
2510,0.000,0.000,0.000,0.000
2511,0.000,0.000,0.000,0.000
2512,0.000,0.000,0.000,0.000
2513,0.000,0.000,0.000,0.000
2514,0.000,0.000,0.000,0.000
2515,0.000,0.000,0.000,0.000
2516,0.000,0.000,0.000,0.000
2517,0.000,0.000,0.000,0.000
2518,0.000,0.000,0.000,0.000
2519,0.000,0.000,0.000,0.000
2520,0.000,0.000,0.000,0.000
2521,0.000,0.000,0.000,0.000
2522,0.000,0.000,0.000,0.000
2523,0.000,0.000,0.000,0.000
2524,0.000,0.000,0.000,0.000
2525,0.000,0.000,0.000,0.000
2526,0.000,0.000,0.000,0.000
2527,0.000,0.000,0.000,0.000
2528,0.000,0.000,0.000,0.000
2529,0.000,0.000,0.000,0.000
2530,0.000,0.000,0.000,0.000
2531,0.000,0.000,0.000,0.000
2532,0.000,0.000,0.000,0.000
2533,0.000,0.000,0.000,0.000
2534,0.000,0.000,0.000,0.000
2535,0.000,0.000,0.000,0.000
2536,0.000,0.000,0.000,0.000
2537,0.000,0.000,0.000,0.000
2538,0.000,0.000,0.000,0.000
2539,0.000,0.000,0.000,0.000
2540,0.000,0.000,0.000,0.000
2541,0.000,0.000,0.000,0.000
2542,0.000,0.000,0.000,0.000
2543,0.000,0.000,0.000,0.000
2544,0.000,0.000,0.000,0.000
2545,0.000,0.000,0.000,0.000
2546,0.000,0.000,0.000,0.000
2547,0.000,0.000,0.000,0.000
2548,0.000,0.000,0.000,0.000
2549,0.000,0.000,0.000,0.000
2550,0.000,0.000,0.000,0.000
2551,0.000,0.000,0.000,0.000
2552,0.000,0.000,0.000,0.000
2553,0.000,0.000,0.000,0.000
2554,0.000,0.000,0.000,0.000
2555,0.000,0.000,0.000,0.000
2556,0.000,0.000,0.000,0.000
2557,0.000,0.000,0.000,0.000
2558,0.000,0.000,0.000,0.000
2559,0.000,0.000,0.000,0.000
2560,0.000,0.000,0.000,0.000
2561,0.000,0.000,0.000,0.000
2562,0.000,0.000,0.000,0.000
2563,0.000,0.000,0.000,0.000
2564,0.000,0.000,0.000,0.000
2565,0.000,0.000,0.000,0.000
2566,0.000,0.000,0.000,0.000
2567,0.000,0.000,0.000,0.000
2568,0.000,0.000,0.000,0.000
2569,0.000,0.000,0.000,0.000
2570,0.000,0.000,0.000,0.000
2571,0.000,0.000,0.000,0.000
2572,0.000,0.000,0.000,0.000
2573,0.000,0.000,0.000,0.000
2574,0.000,0.000,0.000,0.000
2575,0.000,0.000,0.000,0.000
2576,0.000,0.000,0.000,0.000
2577,0.000,0.000,0.000,0.000
2578,0.000,0.000,0.000,0.000
2579,0.000,0.000,0.000,0.000
2580,0.000,0.000,0.000,0.000
2581,0.000,0.000,0.000,0.000
2582,0.000,0.000,0.000,0.000
2583,0.000,0.000,0.000,0.000
2584,0.000,0.000,0.000,0.000
2585,0.000,0.000,0.000,0.000
2586,0.000,0.000,0.000,0.000
2587,0.000,0.000,0.000,0.000
2588,0.000,0.000,0.000,0.000
2589,0.000,0.000,0.000,0.000
2590,0.000,0.000,0.000,0.000
2591,0.000,0.000,0.000,0.000
2592,0.000,0.000,0.000,0.000
2593,0.000,0.000,0.000,0.000
2594,0.000,0.000,0.000,0.000
2595,0.000,0.000,0.000,0.000
2596,0.000,0.000,0.000,0.000
2597,0.000,0.000,0.000,0.000
2598,0.000,0.000,0.000,0.000
2599,0.000,0.000,0.000,0.000
2600,0.000,0.000,0.000,0.000
2601,0.000,0.000,0.000,0.000
2602,0.000,0.000,0.000,0.000
2603,0.000,0.000,0.000,0.000
2604,0.000,0.000,0.000,0.000
2605,0.000,0.000,0.000,0.000
2606,0.000,0.000,0.000,0.000
2607,0.000,0.000,0.000,0.000
2608,0.000,0.000,0.000,0.000
2609,0.000,0.000,0.000,0.000
2610,0.000,0.000,0.000,0.000
2611,0.000,0.000,0.000,0.000
2612,0.000,0.000,0.000,0.000
2613,0.000,0.000,0.000,0.000
2614,0.000,0.000,0.000,0.000
2615,0.000,0.000,0.000,0.000
2616,0.000,0.000,0.000,0.000
2617,0.000,0.000,0.000,0.000
2618,0.000,0.000,0.000,0.000
2619,0.000,0.000,0.000,0.000
2620,0.000,0.000,0.000,0.000
2621,0.000,0.000,0.000,0.000
2622,0.000,0.000,0.000,0.000
2623,0.000,0.000,0.000,0.000
2624,0.000,0.000,0.000,0.000
2625,0.000,0.000,0.000,0.000
2626,0.000,0.000,0.000,0.000
2627,0.000,0.000,0.000,0.000
2628,0.000,0.000,0.000,0.000
2629,0.000,0.000,0.000,0.000
2630,0.000,0.000,0.000,0.000
2631,0.000,0.000,0.000,0.000
2632,0.000,0.000,0.000,0.000
2633,0.000,0.000,0.000,0.000
2634,0.000,0.000,0.000,0.000
2635,0.000,0.000,0.000,0.000
2636,0.000,0.000,0.000,0.000
2637,0.000,0.000,0.000,0.000
2638,0.000,0.000,0.000,0.000
2639,0.000,0.000,0.000,0.000
2640,0.000,0.000,0.000,0.000
2641,0.000,0.000,0.000,0.000
2642,0.000,0.000,0.000,0.000
2643,0.000,0.000,0.000,0.000
2644,0.000,0.000,0.000,0.000
2645,0.000,0.000,0.000,0.000
2646,0.000,0.000,0.000,0.000
2647,0.000,0.000,0.000,0.000
2648,0.000,0.000,0.000,0.000
2649,0.000,0.000,0.000,0.000
2650,0.000,0.000,0.000,0.000
2651,0.000,0.000,0.000,0.000
2652,0.000,0.000,0.000,0.000
2653,0.000,0.000,0.000,0.000
2654,0.000,0.000,0.000,0.000
2655,0.000,0.000,0.000,0.000
2656,0.000,0.000,0.000,0.000
2657,0.000,0.000,0.000,0.000
2658,0.000,0.000,0.000,0.000
2659,0.000,0.000,0.000,0.000
2660,0.000,0.000,0.000,0.000
2661,0.000,0.000,0.000,0.000
2662,0.000,0.000,0.000,0.000
2663,0.000,0.000,0.000,0.000
2664,0.000,0.000,0.000,0.000
2665,0.000,0.000,0.000,0.000
2666,0.000,0.000,0.000,0.000
2667,0.000,0.000,0.000,0.000
2668,0.000,0.000,0.000,0.000
2669,0.000,0.000,0.000,0.000
2670,0.000,0.000,0.000,0.000
2671,0.000,0.000,0.000,0.000
2672,0.000,0.000,0.000,0.000
2673,0.000,0.000,0.000,0.000
2674,0.000,0.000,0.000,0.000
2675,0.000,0.000,0.000,0.000
2676,0.000,0.000,0.000,0.000
2677,0.000,0.000,0.000,0.000
2678,0.000,0.000,0.000,0.000
2679,0.000,0.000,0.000,0.000
2680,0.000,0.000,0.000,0.000
2681,0.000,0.000,0.000,0.000
2682,0.000,0.000,0.000,0.000
2683,0.000,0.000,0.000,0.000
2684,0.000,0.000,0.000,0.000
2685,0.000,0.000,0.000,0.000
2686,0.000,0.000,0.000,0.000
2687,0.000,0.000,0.000,0.000
2688,0.000,0.000,0.000,0.000
2689,0.000,0.000,0.000,0.000
2690,0.000,0.000,0.000,0.000
2691,0.000,0.000,0.000,0.000
2692,0.000,0.000,0.000,0.000
2693,0.000,0.000,0.000,0.000
2694,0.000,0.000,0.000,0.000
2695,0.000,0.000,0.000,0.000
2696,0.000,0.000,0.000,0.000
2697,0.000,0.000,0.000,0.000
2698,0.000,0.000,0.000,0.000
2699,0.000,0.000,0.000,0.000
2700,0.000,0.000,0.000,0.000
2701,0.000,0.000,0.000,0.000
2702,0.000,0.000,0.000,0.000
2703,0.000,0.000,0.000,0.000
2704,0.000,0.000,0.000,0.000
2705,0.000,0.000,0.000,0.000
2706,0.000,0.000,0.000,0.000
2707,0.000,0.000,0.000,0.000
2708,0.000,0.000,0.000,0.000
2709,0.000,0.000,0.000,0.000
2710,0.000,0.000,0.000,0.000
2711,0.000,0.000,0.000,0.000
2712,0.000,0.000,0.000,0.000
2713,0.000,0.000,0.000,0.000
2714,0.000,0.000,0.000,0.000
2715,0.000,0.000,0.000,0.000
2716,0.000,0.000,0.000,0.000
2717,0.000,0.000,0.000,0.000
2718,0.000,0.000,0.000,0.000
2719,0.000,0.000,0.000,0.000
2720,0.000,0.000,0.000,0.000
2721,0.000,0.000,0.000,0.000
2722,0.000,0.000,0.000,0.000
2723,0.000,0.000,0.000,0.000
2724,0.000,0.000,0.000,0.000
2725,0.000,0.000,0.000,0.000
2726,0.000,0.000,0.000,0.000
2727,0.000,0.000,0.000,0.000
2728,0.000,0.000,0.000,0.000
2729,0.000,0.000,0.000,0.000
2730,0.000,0.000,0.000,0.000
2731,0.000,0.000,0.000,0.000
2732,0.000,0.000,0.000,0.000
2733,0.000,0.000,0.000,0.000
2734,0.000,0.000,0.000,0.000
2735,0.000,0.000,0.000,0.000
2736,0.000,0.000,0.000,0.000
2737,0.000,0.000,0.000,0.000
2738,0.000,0.000,0.000,0.000
2739,0.000,0.000,0.000,0.000
2740,0.000,0.000,0.000,0.000
2741,0.000,0.000,0.000,0.000
2742,0.000,0.000,0.000,0.000
2743,0.000,0.000,0.000,0.000
2744,0.000,0.000,0.000,0.000
2745,0.000,0.000,0.000,0.000
2746,0.000,0.000,0.000,0.000
2747,0.000,0.000,0.000,0.000
2748,0.000,0.000,0.000,0.000
2749,0.000,0.000,0.000,0.000
2750,0.000,0.000,0.000,0.000
2751,0.000,0.000,0.000,0.000
2752,0.000,0.000,0.000,0.000
2753,0.000,0.000,0.000,0.000
2754,0.000,0.000,0.000,0.000
2755,0.000,0.000,0.000,0.000
2756,0.000,0.000,0.000,0.000
2757,0.000,0.000,0.000,0.000
2758,0.000,0.000,0.000,0.000
2759,0.000,0.000,0.000,0.000
2760,0.000,0.000,0.000,0.000
2761,0.000,0.000,0.000,0.000
2762,0.000,0.000,0.000,0.000
2763,0.000,0.000,0.000,0.000
2764,0.000,0.000,0.000,0.000
2765,0.000,0.000,0.000,0.000
2766,0.000,0.000,0.000,0.000
2767,0.000,0.000,0.000,0.000
2768,0.000,0.000,0.000,0.000
2769,0.000,0.000,0.000,0.000
2770,0.000,0.000,0.000,0.000
2771,0.000,0.000,0.000,0.000
2772,0.000,0.000,0.000,0.000
2773,0.000,0.000,0.000,0.000
2774,0.000,0.000,0.000,0.000
2775,0.000,0.000,0.000,0.000
2776,0.000,0.000,0.000,0.000
2777,0.000,0.000,0.000,0.000
2778,0.000,0.000,0.000,0.000
2779,0.000,0.000,0.000,0.000
2780,0.000,0.000,0.000,0.000
2781,0.000,0.000,0.000,0.000
2782,0.000,0.000,0.000,0.000
2783,0.000,0.000,0.000,0.000
2784,0.000,0.000,0.000,0.000
2785,0.000,0.000,0.000,0.000
2786,0.000,0.000,0.000,0.000
2787,0.000,0.000,0.000,0.000
2788,0.000,0.000,0.000,0.000
2789,0.000,0.000,0.000,0.000
2790,0.000,0.000,0.000,0.000
2791,0.000,0.000,0.000,0.000
2792,0.000,0.000,0.000,0.000
2793,0.000,0.000,0.000,0.000
2794,0.000,0.000,0.000,0.000
2795,0.000,0.000,0.000,0.000
2796,0.000,0.000,0.000,0.000
2797,0.000,0.000,0.000,0.000
2798,0.000,0.000,0.000,0.000
2799,0.000,0.000,0.000,0.000
2800,0.000,0.000,0.000,0.000
2801,0.000,0.000,0.000,0.000
2802,0.000,0.000,0.000,0.000
2803,0.000,0.000,0.000,0.000
2804,0.000,0.000,0.000,0.000
2805,0.000,0.000,0.000,0.000
2806,0.000,0.000,0.000,0.000
2807,0.000,0.000,0.000,0.000
2808,0.000,0.000,0.000,0.000
2809,0.000,0.000,0.000,0.000
2810,0.000,0.000,0.000,0.000
2811,0.000,0.000,0.000,0.000
2812,0.000,0.000,0.000,0.000
2813,0.000,0.000,0.000,0.000
2814,0.000,0.000,0.000,0.000
2815,0.000,0.000,0.000,0.000
2816,0.000,0.000,0.000,0.000
2817,0.000,0.000,0.000,0.000
2818,0.000,0.000,0.000,0.000
2819,0.000,0.000,0.000,0.000
2820,0.000,0.000,0.000,0.000
2821,0.000,0.000,0.000,0.000
2822,0.000,0.000,0.000,0.000
2823,0.000,0.000,0.000,0.000
2824,0.000,0.000,0.000,0.000
2825,0.000,0.000,0.000,0.000
2826,0.000,0.000,0.000,0.000
2827,0.000,0.000,0.000,0.000
2828,0.000,0.000,0.000,0.000
2829,0.000,0.000,0.000,0.000
2830,0.000,0.000,0.000,0.000
2831,0.000,0.000,0.000,0.000
2832,0.000,0.000,0.000,0.000
2833,0.000,0.000,0.000,0.000
2834,0.000,0.000,0.000,0.000
2835,0.000,0.000,0.000,0.000
2836,0.000,0.000,0.000,0.000
2837,0.000,0.000,0.000,0.000
2838,0.000,0.000,0.000,0.000
2839,0.000,0.000,0.000,0.000
2840,0.000,0.000,0.000,0.000
2841,0.000,0.000,0.000,0.000
2842,0.000,0.000,0.000,0.000
2843,0.000,0.000,0.000,0.000
2844,0.000,0.000,0.000,0.000
2845,0.000,0.000,0.000,0.000
2846,0.000,0.000,0.000,0.000
2847,0.000,0.000,0.000,0.000
2848,0.000,0.000,0.000,0.000
2849,0.000,0.000,0.000,0.000
2850,0.000,0.000,0.000,0.000
2851,0.000,0.000,0.000,0.000
2852,0.000,0.000,0.000,0.000
2853,0.000,0.000,0.000,0.000
2854,0.000,0.000,0.000,0.000
2855,0.000,0.000,0.000,0.000
2856,0.000,0.000,0.000,0.000
2857,0.000,0.000,0.000,0.000
2858,0.000,0.000,0.000,0.000
2859,0.000,0.000,0.000,0.000
2860,0.000,0.000,0.000,0.000
2861,0.000,0.000,0.000,0.000
2862,0.000,0.000,0.000,0.000
2863,0.000,0.000,0.000,0.000
2864,0.000,0.000,0.000,0.000
2865,0.000,0.000,0.000,0.000
2866,0.000,0.000,0.000,0.000
2867,0.000,0.000,0.000,0.000
2868,0.000,0.000,0.000,0.000
2869,0.000,0.000,0.000,0.000
2870,0.000,0.000,0.000,0.000
2871,0.000,0.000,0.000,0.000
2872,0.000,0.000,0.000,0.000
2873,0.000,0.000,0.000,0.000
2874,0.000,0.000,0.000,0.000
2875,0.000,0.000,0.000,0.000
2876,0.000,0.000,0.000,0.000
2877,0.000,0.000,0.000,0.000
2878,0.000,0.000,0.000,0.000
2879,0.000,0.000,0.000,0.000
2880,0.000,0.000,0.000,0.000
2881,0.000,0.000,0.000,0.000
2882,0.000,0.000,0.000,0.000
2883,0.000,0.000,0.000,0.000
2884,0.000,0.000,0.000,0.000
2885,0.000,0.000,0.000,0.000
2886,0.000,0.000,0.000,0.000
2887,0.000,0.000,0.000,0.000
2888,0.000,0.000,0.000,0.000
2889,0.000,0.000,0.000,0.000
2890,0.000,0.000,0.000,0.000
2891,0.000,0.000,0.000,0.000
2892,0.000,0.000,0.000,0.000
2893,0.000,0.000,0.000,0.000
2894,0.000,0.000,0.000,0.000
2895,0.000,0.000,0.000,0.000
2896,0.000,0.000,0.000,0.000
2897,0.000,0.000,0.000,0.000
2898,0.000,0.000,0.000,0.000
2899,0.000,0.000,0.000,0.000
2900,0.000,0.000,0.000,0.000
2901,0.000,0.000,0.000,0.000
2902,0.000,0.000,0.000,0.000
2903,0.000,0.000,0.000,0.000
2904,0.000,0.000,0.000,0.000
2905,0.000,0.000,0.000,0.000
2906,0.000,0.000,0.000,0.000
2907,0.000,0.000,0.000,0.000
2908,0.000,0.000,0.000,0.000
2909,0.000,0.000,0.000,0.000
2910,0.000,0.000,0.000,0.000
2911,0.000,0.000,0.000,0.000
2912,0.000,0.000,0.000,0.000
2913,0.000,0.000,0.000,0.000
2914,0.000,0.000,0.000,0.000
2915,0.000,0.000,0.000,0.000
2916,0.000,0.000,0.000,0.000
2917,0.000,0.000,0.000,0.000
2918,0.000,0.000,0.000,0.000
2919,0.000,0.000,0.000,0.000
2920,0.000,0.000,0.000,0.000
2921,0.000,0.000,0.000,0.000
2922,0.000,0.000,0.000,0.000
2923,0.000,0.000,0.000,0.000
2924,0.000,0.000,0.000,0.000
2925,0.000,0.000,0.000,0.000
2926,0.000,0.000,0.000,0.000
2927,0.000,0.000,0.000,0.000
2928,0.000,0.000,0.000,0.000
2929,0.000,0.000,0.000,0.000
2930,0.000,0.000,0.000,0.000
2931,0.000,0.000,0.000,0.000
2932,0.000,0.000,0.000,0.000
2933,0.000,0.000,0.000,0.000
2934,0.000,0.000,0.000,0.000
2935,0.000,0.000,0.000,0.000
2936,0.000,0.000,0.000,0.000
2937,0.000,0.000,0.000,0.000
2938,0.000,0.000,0.000,0.000
2939,0.000,0.000,0.000,0.000
2940,0.000,0.000,0.000,0.000
2941,0.000,0.000,0.000,0.000
2942,0.000,0.000,0.000,0.000
2943,0.000,0.000,0.000,0.000
2944,0.000,0.000,0.000,0.000
2945,0.000,0.000,0.000,0.000
2946,0.000,0.000,0.000,0.000
2947,0.000,0.000,0.000,0.000
2948,0.000,0.000,0.000,0.000
2949,0.000,0.000,0.000,0.000
2950,0.000,0.000,0.000,0.000
2951,0.000,0.000,0.000,0.000
2952,0.000,0.000,0.000,0.000
2953,0.000,0.000,0.000,0.000
2954,0.000,0.000,0.000,0.000
2955,0.000,0.000,0.000,0.000
2956,0.000,0.000,0.000,0.000
2957,0.000,0.000,0.000,0.000
2958,0.000,0.000,0.000,0.000
2959,0.000,0.000,0.000,0.000
2960,0.000,0.000,0.000,0.000
2961,0.000,0.000,0.000,0.000
2962,0.000,0.000,0.000,0.000
2963,0.000,0.000,0.000,0.000
2964,0.000,0.000,0.000,0.000
2965,0.000,0.000,0.000,0.000
2966,0.000,0.000,0.000,0.000
2967,0.000,0.000,0.000,0.000
2968,0.000,0.000,0.000,0.000
2969,0.000,0.000,0.000,0.000
2970,0.000,0.000,0.000,0.000
2971,0.000,0.000,0.000,0.000
2972,0.000,0.000,0.000,0.000
2973,0.000,0.000,0.000,0.000
2974,0.000,0.000,0.000,0.000
2975,0.000,0.000,0.000,0.000
2976,0.000,0.000,0.000,0.000
2977,0.000,0.000,0.000,0.000
2978,0.000,0.000,0.000,0.000
2979,0.000,0.000,0.000,0.000
2980,0.000,0.000,0.000,0.000
2981,0.000,0.000,0.000,0.000
2982,0.000,0.000,0.000,0.000
2983,0.000,0.000,0.000,0.000
2984,0.000,0.000,0.000,0.000
2985,0.000,0.000,0.000,0.000
2986,0.000,0.000,0.000,0.000
2987,0.000,0.000,0.000,0.000
2988,0.000,0.000,0.000,0.000
2989,0.000,0.000,0.000,0.000
2990,0.000,0.000,0.000,0.000
2991,0.000,0.000,0.000,0.000
2992,0.000,0.000,0.000,0.000
2993,0.000,0.000,0.000,0.000
2994,0.000,0.000,0.000,0.000
2995,0.000,0.000,0.000,0.000
2996,0.000,0.000,0.000,0.000
2997,0.000,0.000,0.000,0.000
2998,0.000,0.000,0.000,0.000
2999,0.000,0.000,0.000,0.000
3000,0.000,0.000,0.000,0.000
3001,0.000,0.000,0.000,0.000
3002,0.000,0.000,0.000,0.000
3003,0.000,0.000,0.000,0.000
3004,0.000,0.000,0.000,0.000
3005,0.000,0.000,0.000,0.000
3006,0.000,0.000,0.000,0.000
3007,0.000,0.000,0.000,0.000
3008,0.000,0.000,0.000,0.000
3009,0.000,0.000,0.000,0.000
3010,0.000,0.000,0.000,0.000
3011,0.000,0.000,0.000,0.000
3012,0.000,0.000,0.000,0.000
3013,0.000,0.000,0.000,0.000
3014,0.000,0.000,0.000,0.000
3015,0.000,0.000,0.000,0.000
3016,0.000,0.000,0.000,0.000
3017,0.000,0.000,0.000,0.000
3018,0.000,0.000,0.000,0.000
3019,0.000,0.000,0.000,0.000
3020,0.000,0.000,0.000,0.000
3021,0.000,0.000,0.000,0.000
3022,0.000,0.000,0.000,0.000
3023,0.000,0.000,0.000,0.000
3024,0.000,0.000,0.000,0.000
3025,0.000,0.000,0.000,0.000
3026,0.000,0.000,0.000,0.000
3027,0.000,0.000,0.000,0.000
3028,0.000,0.000,0.000,0.000
3029,0.000,0.000,0.000,0.000
3030,0.000,0.000,0.000,0.000
3031,0.000,0.000,0.000,0.000
3032,0.000,0.000,0.000,0.000
3033,0.000,0.000,0.000,0.000
3034,0.000,0.000,0.000,0.000
3035,0.000,0.000,0.000,0.000
3036,0.000,0.000,0.000,0.000
3037,0.000,0.000,0.000,0.000
3038,0.000,0.000,0.000,0.000
3039,0.000,0.000,0.000,0.000
3040,0.000,0.000,0.000,0.000
3041,0.000,0.000,0.000,0.000
3042,0.000,0.000,0.000,0.000
3043,0.000,0.000,0.000,0.000
3044,0.000,0.000,0.000,0.000
3045,0.000,0.000,0.000,0.000
3046,0.000,0.000,0.000,0.000
3047,0.000,0.000,0.000,0.000
3048,0.000,0.000,0.000,0.000
3049,0.000,0.000,0.000,0.000
3050,0.000,0.000,0.000,0.000
3051,0.000,0.000,0.000,0.000
3052,0.000,0.000,0.000,0.000
3053,0.000,0.000,0.000,0.000
3054,0.000,0.000,0.000,0.000
3055,0.000,0.000,0.000,0.000
3056,0.000,0.000,0.000,0.000
3057,0.000,0.000,0.000,0.000
3058,0.000,0.000,0.000,0.000
3059,0.000,0.000,0.000,0.000
3060,0.000,0.000,0.000,0.000
3061,0.000,0.000,0.000,0.000
3062,0.000,0.000,0.000,0.000
3063,0.000,0.000,0.000,0.000
3064,0.000,0.000,0.000,0.000
3065,0.000,0.000,0.000,0.000
3066,0.000,0.000,0.000,0.000
3067,0.000,0.000,0.000,0.000
3068,0.000,0.000,0.000,0.000
3069,0.000,0.000,0.000,0.000
3070,0.000,0.000,0.000,0.000
3071,0.000,0.000,0.000,0.000
3072,0.000,0.000,0.000,0.000
3073,0.000,0.000,0.000,0.000
3074,0.000,0.000,0.000,0.000
3075,0.000,0.000,0.000,0.000
3076,0.000,0.000,0.000,0.000
3077,0.000,0.000,0.000,0.000
3078,0.000,0.000,0.000,0.000
3079,0.000,0.000,0.000,0.000
3080,0.000,0.000,0.000,0.000
3081,0.000,0.000,0.000,0.000
3082,0.000,0.000,0.000,0.000
3083,0.000,0.000,0.000,0.000
3084,0.000,0.000,0.000,0.000
3085,0.000,0.000,0.000,0.000
3086,0.000,0.000,0.000,0.000
3087,0.000,0.000,0.000,0.000
3088,0.000,0.000,0.000,0.000
3089,0.000,0.000,0.000,0.000
3090,0.000,0.000,0.000,0.000
3091,0.000,0.000,0.000,0.000
3092,0.000,0.000,0.000,0.000
3093,0.000,0.000,0.000,0.000
3094,0.000,0.000,0.000,0.000
3095,0.000,0.000,0.000,0.000
3096,0.000,0.000,0.000,0.000
3097,0.000,0.000,0.000,0.000
3098,0.000,0.000,0.000,0.000
3099,0.000,0.000,0.000,0.000
3100,0.000,0.000,0.000,0.000
3101,0.000,0.000,0.000,0.000
3102,0.000,0.000,0.000,0.000
3103,0.000,0.000,0.000,0.000
3104,0.000,0.000,0.000,0.000
3105,0.000,0.000,0.000,0.000
3106,0.000,0.000,0.000,0.000
3107,0.000,0.000,0.000,0.000
3108,0.000,0.000,0.000,0.000
3109,0.000,0.000,0.000,0.000
3110,0.000,0.000,0.000,0.000
3111,0.000,0.000,0.000,0.000
3112,0.000,0.000,0.000,0.000
3113,0.000,0.000,0.000,0.000
3114,0.000,0.000,0.000,0.000
3115,0.000,0.000,0.000,0.000
3116,0.000,0.000,0.000,0.000
3117,0.000,0.000,0.000,0.000
3118,0.000,0.000,0.000,0.000
3119,0.000,0.000,0.000,0.000
3120,0.000,0.000,0.000,0.000
3121,0.000,0.000,0.000,0.000
3122,0.000,0.000,0.000,0.000
3123,0.000,0.000,0.000,0.000
3124,0.000,0.000,0.000,0.000
3125,0.000,0.000,0.000,0.000
3126,0.000,0.000,0.000,0.000
3127,0.000,0.000,0.000,0.000
3128,0.000,0.000,0.000,0.000
3129,0.000,0.000,0.000,0.000
3130,0.000,0.000,0.000,0.000
3131,0.000,0.000,0.000,0.000
3132,0.000,0.000,0.000,0.000
3133,0.000,0.000,0.000,0.000
3134,0.000,0.000,0.000,0.000
3135,0.000,0.000,0.000,0.000
3136,0.000,0.000,0.000,0.000
3137,0.000,0.000,0.000,0.000
3138,0.000,0.000,0.000,0.000
3139,0.000,0.000,0.000,0.000
3140,0.000,0.000,0.000,0.000
3141,0.000,0.000,0.000,0.000
3142,0.000,0.000,0.000,0.000
3143,0.000,0.000,0.000,0.000
3144,0.000,0.000,0.000,0.000
3145,0.000,0.000,0.000,0.000
3146,0.000,0.000,0.000,0.000
3147,0.000,0.000,0.000,0.000
3148,0.000,0.000,0.000,0.000
3149,0.000,0.000,0.000,0.000
3150,0.000,0.000,0.000,0.000
3151,0.000,0.000,0.000,0.000
3152,0.000,0.000,0.000,0.000
3153,0.000,0.000,0.000,0.000
3154,0.000,0.000,0.000,0.000
3155,0.000,0.000,0.000,0.000
3156,0.000,0.000,0.000,0.000
3157,0.000,0.000,0.000,0.000
3158,0.000,0.000,0.000,0.000
3159,0.000,0.000,0.000,0.000
3160,0.000,0.000,0.000,0.000
3161,0.000,0.000,0.000,0.000
3162,0.000,0.000,0.000,0.000
3163,0.000,0.000,0.000,0.000
3164,0.000,0.000,0.000,0.000
3165,0.000,0.000,0.000,0.000
3166,0.000,0.000,0.000,0.000
3167,0.000,0.000,0.000,0.000
3168,0.000,0.000,0.000,0.000
3169,0.000,0.000,0.000,0.000
3170,0.000,0.000,0.000,0.000
3171,0.000,0.000,0.000,0.000
3172,0.000,0.000,0.000,0.000
3173,0.000,0.000,0.000,0.000
3174,0.000,0.000,0.000,0.000
3175,0.000,0.000,0.000,0.000
3176,0.000,0.000,0.000,0.000
3177,0.000,0.000,0.000,0.000
3178,0.000,0.000,0.000,0.000
3179,0.000,0.000,0.000,0.000
3180,0.000,0.000,0.000,0.000
3181,0.000,0.000,0.000,0.000
3182,0.000,0.000,0.000,0.000
3183,0.000,0.000,0.000,0.000
3184,0.000,0.000,0.000,0.000
3185,0.000,0.000,0.000,0.000
3186,0.000,0.000,0.000,0.000
3187,0.000,0.000,0.000,0.000
3188,0.000,0.000,0.000,0.000
3189,0.000,0.000,0.000,0.000
3190,0.000,0.000,0.000,0.000
3191,0.000,0.000,0.000,0.000
3192,0.000,0.000,0.000,0.000
3193,0.000,0.000,0.000,0.000
3194,0.000,0.000,0.000,0.000
3195,0.000,0.000,0.000,0.000
3196,0.000,0.000,0.000,0.000
3197,0.000,0.000,0.000,0.000
3198,0.000,0.000,0.000,0.000
3199,0.000,0.000,0.000,0.000
3200,0.000,0.000,0.000,0.000
3201,0.000,0.000,0.000,0.000
3202,0.000,0.000,0.000,0.000
3203,0.000,0.000,0.000,0.000
3204,0.000,0.000,0.000,0.000
3205,0.000,0.000,0.000,0.000
3206,0.000,0.000,0.000,0.000
3207,0.000,0.000,0.000,0.000
3208,0.000,0.000,0.000,0.000
3209,0.000,0.000,0.000,0.000
3210,0.000,0.000,0.000,0.000
3211,0.000,0.000,0.000,0.000
3212,0.000,0.000,0.000,0.000
3213,0.000,0.000,0.000,0.000
3214,0.000,0.000,0.000,0.000
3215,0.000,0.000,0.000,0.000
3216,0.000,0.000,0.000,0.000
3217,0.000,0.000,0.000,0.000
3218,0.000,0.000,0.000,0.000
3219,0.000,0.000,0.000,0.000
3220,0.000,0.000,0.000,0.000
3221,0.000,0.000,0.000,0.000
3222,0.000,0.000,0.000,0.000
3223,0.000,0.000,0.000,0.000
3224,0.000,0.000,0.000,0.000
3225,0.000,0.000,0.000,0.000
3226,0.000,0.000,0.000,0.000
3227,0.000,0.000,0.000,0.000
3228,0.000,0.000,0.000,0.000
3229,0.000,0.000,0.000,0.000
3230,0.000,0.000,0.000,0.000
3231,0.000,0.000,0.000,0.000
3232,0.000,0.000,0.000,0.000
3233,0.000,0.000,0.000,0.000
3234,0.000,0.000,0.000,0.000
3235,0.000,0.000,0.000,0.000
3236,0.000,0.000,0.000,0.000
3237,0.000,0.000,0.000,0.000
3238,0.000,0.000,0.000,0.000
3239,0.000,0.000,0.000,0.000
3240,0.000,0.000,0.000,0.000
3241,0.000,0.000,0.000,0.000
3242,0.000,0.000,0.000,0.000
3243,0.000,0.000,0.000,0.000
3244,0.000,0.000,0.000,0.000
3245,0.000,0.000,0.000,0.000
3246,0.000,0.000,0.000,0.000
3247,0.000,0.000,0.000,0.000
3248,0.000,0.000,0.000,0.000
3249,0.000,0.000,0.000,0.000
3250,0.000,0.000,0.000,0.000
3251,0.000,0.000,0.000,0.000
3252,0.000,0.000,0.000,0.000
3253,0.000,0.000,0.000,0.000
3254,0.000,0.000,0.000,0.000
3255,0.000,0.000,0.000,0.000
3256,0.000,0.000,0.000,0.000
3257,0.000,0.000,0.000,0.000
3258,0.000,0.000,0.000,0.000
3259,0.000,0.000,0.000,0.000
3260,0.000,0.000,0.000,0.000
3261,0.000,0.000,0.000,0.000
3262,0.000,0.000,0.000,0.000
3263,0.000,0.000,0.000,0.000
3264,0.000,0.000,0.000,0.000
3265,0.000,0.000,0.000,0.000
3266,0.000,0.000,0.000,0.000
3267,0.000,0.000,0.000,0.000
3268,0.000,0.000,0.000,0.000
3269,0.000,0.000,0.000,0.000
3270,0.000,0.000,0.000,0.000
3271,0.000,0.000,0.000,0.000
3272,0.000,0.000,0.000,0.000
3273,0.000,0.000,0.000,0.000
3274,0.000,0.000,0.000,0.000
3275,0.000,0.000,0.000,0.000
3276,0.000,0.000,0.000,0.000
3277,0.000,0.000,0.000,0.000
3278,0.000,0.000,0.000,0.000
3279,0.000,0.000,0.000,0.000
3280,0.000,0.000,0.000,0.000
3281,0.000,0.000,0.000,0.000
3282,0.000,0.000,0.000,0.000
3283,0.000,0.000,0.000,0.000
3284,0.000,0.000,0.000,0.000
3285,0.000,0.000,0.000,0.000
3286,0.000,0.000,0.000,0.000
3287,0.000,0.000,0.000,0.000
3288,0.000,0.000,0.000,0.000
3289,0.000,0.000,0.000,0.000
3290,0.000,0.000,0.000,0.000
3291,0.000,0.000,0.000,0.000
3292,0.000,0.000,0.000,0.000
3293,0.000,0.000,0.000,0.000
3294,0.000,0.000,0.000,0.000
3295,0.000,0.000,0.000,0.000
3296,0.000,0.000,0.000,0.000
3297,0.000,0.000,0.000,0.000
3298,0.000,0.000,0.000,0.000
3299,0.000,0.000,0.000,0.000
3300,0.000,0.000,0.000,0.000
3301,0.000,0.000,0.000,0.000
3302,0.000,0.000,0.000,0.000
3303,0.000,0.000,0.000,0.000
3304,0.000,0.000,0.000,0.000
3305,0.000,0.000,0.000,0.000
3306,0.000,0.000,0.000,0.000
3307,0.000,0.000,0.000,0.000
3308,0.000,0.000,0.000,0.000
3309,0.000,0.000,0.000,0.000
3310,0.000,0.000,0.000,0.000
3311,0.000,0.000,0.000,0.000
3312,0.000,0.000,0.000,0.000
3313,0.000,0.000,0.000,0.000
3314,0.000,0.000,0.000,0.000
3315,0.000,0.000,0.000,0.000
3316,0.000,0.000,0.000,0.000
3317,0.000,0.000,0.000,0.000
3318,0.000,0.000,0.000,0.000
3319,0.000,0.000,0.000,0.000
3320,0.000,0.000,0.000,0.000
3321,0.000,0.000,0.000,0.000
3322,0.000,0.000,0.000,0.000
3323,0.000,0.000,0.000,0.000
3324,0.000,0.000,0.000,0.000
3325,0.000,0.000,0.000,0.000
3326,0.000,0.000,0.000,0.000
3327,0.000,0.000,0.000,0.000
3328,0.000,0.000,0.000,0.000
3329,0.000,0.000,0.000,0.000
3330,0.000,0.000,0.000,0.000
3331,0.000,0.000,0.000,0.000
3332,0.000,0.000,0.000,0.000
3333,0.000,0.000,0.000,0.000
3334,0.000,0.000,0.000,0.000
3335,0.000,0.000,0.000,0.000
3336,0.000,0.000,0.000,0.000
3337,0.000,0.000,0.000,0.000
3338,0.000,0.000,0.000,0.000
3339,0.000,0.000,0.000,0.000
3340,0.000,0.000,0.000,0.000
3341,0.000,0.000,0.000,0.000
3342,0.000,0.000,0.000,0.000
3343,0.000,0.000,0.000,0.000
3344,0.000,0.000,0.000,0.000
3345,0.000,0.000,0.000,0.000
3346,0.000,0.000,0.000,0.000
3347,0.000,0.000,0.000,0.000
3348,0.000,0.000,0.000,0.000
3349,0.000,0.000,0.000,0.000
3350,0.000,0.000,0.000,0.000
3351,0.000,0.000,0.000,0.000
3352,0.000,0.000,0.000,0.000
3353,0.000,0.000,0.000,0.000
3354,0.000,0.000,0.000,0.000
3355,0.000,0.000,0.000,0.000
3356,0.000,0.000,0.000,0.000
3357,0.000,0.000,0.000,0.000
3358,0.000,0.000,0.000,0.000
3359,0.000,0.000,0.000,0.000
3360,0.000,0.000,0.000,0.000
3361,0.000,0.000,0.000,0.000
3362,0.000,0.000,0.000,0.000
3363,0.000,0.000,0.000,0.000
3364,0.000,0.000,0.000,0.000
3365,0.000,0.000,0.000,0.000
3366,0.000,0.000,0.000,0.000
3367,0.000,0.000,0.000,0.000
3368,0.000,0.000,0.000,0.000
3369,0.000,0.000,0.000,0.000
3370,0.000,0.000,0.000,0.000
3371,0.000,0.000,0.000,0.000
3372,0.000,0.000,0.000,0.000
3373,0.000,0.000,0.000,0.000
3374,0.000,0.000,0.000,0.000
3375,0.000,0.000,0.000,0.000
3376,0.000,0.000,0.000,0.000
3377,0.000,0.000,0.000,0.000
3378,0.000,0.000,0.000,0.000
3379,0.000,0.000,0.000,0.000
3380,0.000,0.000,0.000,0.000
3381,0.000,0.000,0.000,0.000
3382,0.000,0.000,0.000,0.000
3383,0.000,0.000,0.000,0.000
3384,0.000,0.000,0.000,0.000
3385,0.000,0.000,0.000,0.000
3386,0.000,0.000,0.000,0.000
3387,0.000,0.000,0.000,0.000
3388,0.000,0.000,0.000,0.000
3389,0.000,0.000,0.000,0.000
3390,0.000,0.000,0.000,0.000
3391,0.000,0.000,0.000,0.000
3392,0.000,0.000,0.000,0.000
3393,0.000,0.000,0.000,0.000
3394,0.000,0.000,0.000,0.000
3395,0.000,0.000,0.000,0.000
3396,0.000,0.000,0.000,0.000
3397,0.000,0.000,0.000,0.000
3398,0.000,0.000,0.000,0.000
3399,0.000,0.000,0.000,0.000
3400,0.000,0.000,0.000,0.000
3401,0.000,0.000,0.000,0.000
3402,0.000,0.000,0.000,0.000
3403,0.000,0.000,0.000,0.000
3404,0.000,0.000,0.000,0.000
3405,0.000,0.000,0.000,0.000
3406,0.000,0.000,0.000,0.000
3407,0.000,0.000,0.000,0.000
3408,0.000,0.000,0.000,0.000
3409,0.000,0.000,0.000,0.000
3410,0.000,0.000,0.000,0.000
3411,0.000,0.000,0.000,0.000
3412,0.000,0.000,0.000,0.000
3413,0.000,0.000,0.000,0.000
3414,0.000,0.000,0.000,0.000
3415,0.000,0.000,0.000,0.000
3416,0.000,0.000,0.000,0.000
3417,0.000,0.000,0.000,0.000
3418,0.000,0.000,0.000,0.000
3419,0.000,0.000,0.000,0.000
3420,0.000,0.000,0.000,0.000
3421,0.000,0.000,0.000,0.000
3422,0.000,0.000,0.000,0.000
3423,0.000,0.000,0.000,0.000
3424,0.000,0.000,0.000,0.000
3425,0.000,0.000,0.000,0.000
3426,0.000,0.000,0.000,0.000
3427,0.000,0.000,0.000,0.000
3428,0.000,0.000,0.000,0.000
3429,0.000,0.000,0.000,0.000
3430,0.000,0.000,0.000,0.000
3431,0.000,0.000,0.000,0.000
3432,0.000,0.000,0.000,0.000
3433,0.000,0.000,0.000,0.000
3434,0.000,0.000,0.000,0.000
3435,0.000,0.000,0.000,0.000
3436,0.000,0.000,0.000,0.000
3437,0.000,0.000,0.000,0.000
3438,0.000,0.000,0.000,0.000
3439,0.000,0.000,0.000,0.000
3440,0.000,0.000,0.000,0.000
3441,0.000,0.000,0.000,0.000
3442,0.000,0.000,0.000,0.000
3443,0.000,0.000,0.000,0.000
3444,0.000,0.000,0.000,0.000
3445,0.000,0.000,0.000,0.000
3446,0.000,0.000,0.000,0.000
3447,0.000,0.000,0.000,0.000
3448,0.000,0.000,0.000,0.000
3449,0.000,0.000,0.000,0.000
3450,0.000,0.000,0.000,0.000
3451,0.000,0.000,0.000,0.000
3452,0.000,0.000,0.000,0.000
3453,0.000,0.000,0.000,0.000
3454,0.000,0.000,0.000,0.000
3455,0.000,0.000,0.000,0.000
3456,0.000,0.000,0.000,0.000
3457,0.000,0.000,0.000,0.000
3458,0.000,0.000,0.000,0.000
3459,0.000,0.000,0.000,0.000
3460,0.000,0.000,0.000,0.000
3461,0.000,0.000,0.000,0.000
3462,0.000,0.000,0.000,0.000
3463,0.000,0.000,0.000,0.000
3464,0.000,0.000,0.000,0.000
3465,0.000,0.000,0.000,0.000
3466,0.000,0.000,0.000,0.000
3467,0.000,0.000,0.000,0.000
3468,0.000,0.000,0.000,0.000
3469,0.000,0.000,0.000,0.000
3470,0.000,0.000,0.000,0.000
3471,0.000,0.000,0.000,0.000
3472,0.000,0.000,0.000,0.000
3473,0.000,0.000,0.000,0.000
3474,0.000,0.000,0.000,0.000
3475,0.000,0.000,0.000,0.000
3476,0.000,0.000,0.000,0.000
3477,0.000,0.000,0.000,0.000
3478,0.000,0.000,0.000,0.000
3479,0.000,0.000,0.000,0.000
3480,0.000,0.000,0.000,0.000
3481,0.000,0.000,0.000,0.000
3482,0.000,0.000,0.000,0.000
3483,0.000,0.000,0.000,0.000
3484,0.000,0.000,0.000,0.000
3485,0.000,0.000,0.000,0.000
3486,0.000,0.000,0.000,0.000
3487,0.000,0.000,0.000,0.000
3488,0.000,0.000,0.000,0.000
3489,0.000,0.000,0.000,0.000
3490,0.000,0.000,0.000,0.000
3491,0.000,0.000,0.000,0.000
3492,0.000,0.000,0.000,0.000
3493,0.000,0.000,0.000,0.000
3494,0.000,0.000,0.000,0.000
3495,0.000,0.000,0.000,0.000
3496,0.000,0.000,0.000,0.000
3497,0.000,0.000,0.000,0.000
3498,0.000,0.000,0.000,0.000
3499,0.000,0.000,0.000,0.000
3500,0.000,0.000,0.000,0.000
3501,0.000,0.000,0.000,0.000
3502,0.000,0.000,0.000,0.000
3503,0.000,0.000,0.000,0.000
3504,0.000,0.000,0.000,0.000
3505,0.000,0.000,0.000,0.000
3506,0.000,0.000,0.000,0.000
3507,0.000,0.000,0.000,0.000
3508,0.000,0.000,0.000,0.000
3509,0.000,0.000,0.000,0.000
3510,0.000,0.000,0.000,0.000
3511,0.000,0.000,0.000,0.000
3512,0.000,0.000,0.000,0.000
3513,0.000,0.000,0.000,0.000
3514,0.000,0.000,0.000,0.000
3515,0.000,0.000,0.000,0.000
3516,0.000,0.000,0.000,0.000
3517,0.000,0.000,0.000,0.000
3518,0.000,0.000,0.000,0.000
3519,0.000,0.000,0.000,0.000
3520,0.000,0.000,0.000,0.000
3521,0.000,0.000,0.000,0.000
3522,0.000,0.000,0.000,0.000
3523,0.000,0.000,0.000,0.000
3524,0.000,0.000,0.000,0.000
3525,0.000,0.000,0.000,0.000
3526,0.000,0.000,0.000,0.000
3527,0.000,0.000,0.000,0.000
3528,0.000,0.000,0.000,0.000
3529,0.000,0.000,0.000,0.000
3530,0.000,0.000,0.000,0.000
3531,0.000,0.000,0.000,0.000
3532,0.000,0.000,0.000,0.000
3533,0.000,0.000,0.000,0.000
3534,0.000,0.000,0.000,0.000
3535,0.000,0.000,0.000,0.000
3536,0.000,0.000,0.000,0.000
3537,0.000,0.000,0.000,0.000
3538,0.000,0.000,0.000,0.000
3539,0.000,0.000,0.000,0.000
3540,0.000,0.000,0.000,0.000
3541,0.000,0.000,0.000,0.000
3542,0.000,0.000,0.000,0.000
3543,0.000,0.000,0.000,0.000
3544,0.000,0.000,0.000,0.000
3545,0.000,0.000,0.000,0.000
3546,0.000,0.000,0.000,0.000
3547,0.000,0.000,0.000,0.000
3548,0.000,0.000,0.000,0.000
3549,0.000,0.000,0.000,0.000
3550,0.000,0.000,0.000,0.000
3551,0.000,0.000,0.000,0.000
3552,0.000,0.000,0.000,0.000
3553,0.000,0.000,0.000,0.000
3554,0.000,0.000,0.000,0.000
3555,0.000,0.000,0.000,0.000
3556,0.000,0.000,0.000,0.000
3557,0.000,0.000,0.000,0.000
3558,0.000,0.000,0.000,0.000
3559,0.000,0.000,0.000,0.000
3560,0.000,0.000,0.000,0.000
3561,0.000,0.000,0.000,0.000
3562,0.000,0.000,0.000,0.000
3563,0.000,0.000,0.000,0.000
3564,0.000,0.000,0.000,0.000
3565,0.000,0.000,0.000,0.000
3566,0.000,0.000,0.000,0.000
3567,0.000,0.000,0.000,0.000
3568,0.000,0.000,0.000,0.000
3569,0.000,0.000,0.000,0.000
3570,0.000,0.000,0.000,0.000
3571,0.000,0.000,0.000,0.000
3572,0.000,0.000,0.000,0.000
3573,0.000,0.000,0.000,0.000
3574,0.000,0.000,0.000,0.000
3575,0.000,0.000,0.000,0.000
3576,0.000,0.000,0.000,0.000
3577,0.000,0.000,0.000,0.000
3578,0.000,0.000,0.000,0.000
3579,0.000,0.000,0.000,0.000
3580,0.000,0.000,0.000,0.000
3581,0.000,0.000,0.000,0.000
3582,0.000,0.000,0.000,0.000
3583,0.000,0.000,0.000,0.000
3584,0.000,0.000,0.000,0.000
3585,0.000,0.000,0.000,0.000
3586,0.000,0.000,0.000,0.000
3587,0.000,0.000,0.000,0.000
3588,0.000,0.000,0.000,0.000
3589,0.000,0.000,0.000,0.000
3590,0.000,0.000,0.000,0.000
3591,0.000,0.000,0.000,0.000
3592,0.000,0.000,0.000,0.000
3593,0.000,0.000,0.000,0.000
3594,0.000,0.000,0.000,0.000
3595,0.000,0.000,0.000,0.000
3596,0.000,0.000,0.000,0.000
3597,0.000,0.000,0.000,0.000
3598,0.000,0.000,0.000,0.000
3599,0.000,0.000,0.000,0.000
3600,0.000,0.000,0.000,0.000
3601,0.000,0.000,0.000,0.000
3602,0.000,0.000,0.000,0.000
3603,0.000,0.000,0.000,0.000
3604,0.000,0.000,0.000,0.000
3605,0.000,0.000,0.000,0.000
3606,0.000,0.000,0.000,0.000
3607,0.000,0.000,0.000,0.000
3608,0.000,0.000,0.000,0.000
3609,0.000,0.000,0.000,0.000
3610,0.000,0.000,0.000,0.000
3611,0.000,0.000,0.000,0.000
3612,0.000,0.000,0.000,0.000
3613,0.000,0.000,0.000,0.000
3614,0.000,0.000,0.000,0.000
3615,0.000,0.000,0.000,0.000
3616,0.000,0.000,0.000,0.000
3617,0.000,0.000,0.000,0.000
3618,0.000,0.000,0.000,0.000
3619,0.000,0.000,0.000,0.000
3620,0.000,0.000,0.000,0.000
3621,0.000,0.000,0.000,0.000
3622,0.000,0.000,0.000,0.000
3623,0.000,0.000,0.000,0.000
3624,0.000,0.000,0.000,0.000
3625,0.000,0.000,0.000,0.000
3626,0.000,0.000,0.000,0.000
3627,0.000,0.000,0.000,0.000
3628,0.000,0.000,0.000,0.000
3629,0.000,0.000,0.000,0.000
3630,0.000,0.000,0.000,0.000
3631,0.000,0.000,0.000,0.000
3632,0.000,0.000,0.000,0.000
3633,0.000,0.000,0.000,0.000
3634,0.000,0.000,0.000,0.000
3635,0.000,0.000,0.000,0.000
3636,0.000,0.000,0.000,0.000
3637,0.000,0.000,0.000,0.000
3638,0.000,0.000,0.000,0.000
3639,0.000,0.000,0.000,0.000
3640,0.000,0.000,0.000,0.000
3641,0.000,0.000,0.000,0.000
3642,0.000,0.000,0.000,0.000
3643,0.000,0.000,0.000,0.000
3644,0.000,0.000,0.000,0.000
3645,0.000,0.000,0.000,0.000
3646,0.000,0.000,0.000,0.000
3647,0.000,0.000,0.000,0.000
3648,0.000,0.000,0.000,0.000
3649,0.000,0.000,0.000,0.000
3650,0.000,0.000,0.000,0.000
3651,0.000,0.000,0.000,0.000
3652,0.000,0.000,0.000,0.000
3653,0.000,0.000,0.000,0.000
3654,0.000,0.000,0.000,0.000
3655,0.000,0.000,0.000,0.000
3656,0.000,0.000,0.000,0.000
3657,0.000,0.000,0.000,0.000
3658,0.000,0.000,0.000,0.000
3659,0.000,0.000,0.000,0.000
3660,0.000,0.000,0.000,0.000
3661,0.000,0.000,0.000,0.000
3662,0.000,0.000,0.000,0.000
3663,0.000,0.000,0.000,0.000
3664,0.000,0.000,0.000,0.000
3665,0.000,0.000,0.000,0.000
3666,0.000,0.000,0.000,0.000
3667,0.000,0.000,0.000,0.000
3668,0.000,0.000,0.000,0.000
3669,0.000,0.000,0.000,0.000
3670,0.000,0.000,0.000,0.000
3671,0.000,0.000,0.000,0.000
3672,0.000,0.000,0.000,0.000
3673,0.000,0.000,0.000,0.000
3674,0.000,0.000,0.000,0.000
3675,0.000,0.000,0.000,0.000
3676,0.000,0.000,0.000,0.000
3677,0.000,0.000,0.000,0.000
3678,0.000,0.000,0.000,0.000
3679,0.000,0.000,0.000,0.000
3680,0.000,0.001,0.000,0.000
3681,0.000,0.000,0.000,0.000
3682,0.000,0.002,0.000,0.001
3683,0.000,0.007,0.000,0.002
3684,0.000,0.010,0.000,0.004
3685,0.000,0.012,0.000,0.004
3686,0.000,0.012,0.000,0.004
3687,0.000,0.014,0.000,0.005
3688,0.000,0.014,0.000,0.005
3689,0.000,0.014,0.000,0.005
3690,0.000,0.012,0.000,0.004
3691,0.000,0.010,0.000,0.003
3692,0.000,0.010,0.000,0.003
3693,0.000,0.011,0.000,0.004
3694,0.000,0.013,0.000,0.005
3695,0.000,0.015,0.000,0.005
3696,0.000,0.013,0.000,0.004
3697,0.000,0.011,0.000,0.004
3698,0.000,0.012,0.000,0.004
3699,0.000,0.012,0.000,0.004
3700,0.000,0.010,0.000,0.003
3701,0.000,0.008,0.000,0.003
3702,0.000,0.008,0.000,0.003
3703,0.000,0.007,0.000,0.002
3704,0.000,0.010,0.000,0.004
3705,0.000,0.005,0.000,0.002
3706,0.000,0.004,0.000,0.001
3707,0.000,0.005,0.000,0.002
3708,0.000,0.007,0.000,0.002
3709,0.000,0.006,0.000,0.002
3710,0.000,0.004,0.000,0.001
3711,0.000,0.006,0.000,0.002
3712,0.000,0.006,0.000,0.002
3713,0.000,0.005,0.000,0.002
3714,0.000,0.005,0.000,0.002
3715,0.000,0.004,0.000,0.001
3716,0.000,0.004,0.000,0.001
3717,0.000,0.004,0.000,0.001
3718,0.000,0.007,0.000,0.003
3719,0.000,0.004,0.000,0.001
3720,0.000,0.004,0.000,0.001
3721,0.000,0.007,0.000,0.002
3722,0.000,0.004,0.000,0.001
3723,0.000,0.002,0.000,0.001
3724,0.000,0.003,0.000,0.001
3725,0.000,0.003,0.000,0.001
3726,0.000,0.003,0.000,0.001
3727,0.000,0.004,0.000,0.001
3728,0.000,0.001,0.000,0.000
3729,0.000,0.001,0.000,0.000
3730,0.000,0.001,0.000,0.000
3731,0.000,0.001,0.000,0.000
3732,0.000,0.001,0.000,0.000
3733,0.000,0.001,0.000,0.000
3734,0.000,0.001,0.000,0.000
3735,0.000,0.001,0.000,0.000
3736,0.000,0.003,0.000,0.001
3737,0.000,0.002,0.000,0.001
3738,0.000,0.001,0.000,0.000
3739,0.000,0.002,0.000,0.001
3740,0.000,0.002,0.000,0.001
3741,0.000,0.001,0.000,0.000
3742,0.000,0.002,0.000,0.001
3743,0.000,0.002,0.000,0.001
3744,0.000,0.002,0.000,0.001
3745,0.000,0.002,0.000,0.001
3746,0.000,0.002,0.000,0.001
3747,0.000,0.002,0.000,0.001
3748,0.000,0.002,0.000,0.001
3749,0.000,0.002,0.000,0.001
3750,0.000,0.002,0.000,0.001
3751,0.000,0.002,0.000,0.001
3752,0.000,0.002,0.000,0.001
3753,0.000,0.002,0.000,0.001
3754,0.000,0.002,0.000,0.001
3755,0.000,0.002,0.000,0.001
3756,0.000,0.002,0.000,0.001
3757,0.000,0.002,0.000,0.001
3758,0.000,0.002,0.000,0.001
3759,0.000,0.002,0.000,0.001
3760,0.000,0.002,0.000,0.001
3761,0.000,0.002,0.000,0.001
3762,0.000,0.002,0.000,0.001
3763,0.000,0.002,0.000,0.001
3764,0.000,0.002,0.000,0.001
3765,0.000,0.002,0.000,0.001
3766,0.000,0.002,0.000,0.001
3767,0.000,0.002,0.000,0.001
3768,0.000,0.002,0.000,0.001
3769,0.000,0.002,0.000,0.001
3770,0.000,0.002,0.000,0.001
3771,0.000,0.002,0.000,0.001
3772,0.000,0.002,0.000,0.001
3773,0.000,0.002,0.000,0.001
3774,0.000,0.002,0.000,0.001
3775,0.000,0.002,0.000,0.001
3776,0.000,0.002,0.000,0.001
3777,0.000,0.002,0.000,0.001
3778,0.000,0.002,0.000,0.001
3779,0.000,0.002,0.000,0.001
3780,0.000,0.002,0.000,0.001
3781,0.000,0.002,0.000,0.001
3782,0.000,0.002,0.000,0.001
3783,0.000,0.002,0.000,0.001
3784,0.000,0.002,0.000,0.001
3785,0.000,0.002,0.000,0.001
3786,0.000,0.002,0.000,0.001
3787,0.000,0.002,0.000,0.001
3788,0.000,0.002,0.000,0.001
3789,0.000,0.002,0.000,0.001
3790,0.000,0.002,0.000,0.001
3791,0.000,0.002,0.000,0.001
3792,0.000,0.002,0.000,0.001
3793,0.000,0.002,0.000,0.001
3794,0.000,0.002,0.000,0.001
3795,0.000,0.002,0.000,0.001
3796,0.000,0.002,0.000,0.001
3797,0.000,0.002,0.000,0.001
3798,0.000,0.002,0.000,0.001
3799,0.000,0.002,0.000,0.001
3800,0.000,0.002,0.000,0.001
3801,0.000,0.002,0.000,0.001
3802,0.000,0.002,0.000,0.001
3803,0.000,0.002,0.000,0.001
3804,0.000,0.002,0.000,0.001
3805,0.000,0.002,0.000,0.001
3806,0.000,0.002,0.000,0.001
3807,0.000,0.002,0.000,0.001
3808,0.000,0.002,0.000,0.001
3809,0.000,0.002,0.000,0.001
3810,0.000,0.002,0.000,0.001
3811,0.000,0.002,0.000,0.001
3812,0.000,0.002,0.000,0.001
3813,0.000,0.002,0.000,0.001
3814,0.000,0.002,0.000,0.001
3815,0.000,0.002,0.000,0.001
3816,0.000,0.002,0.000,0.001
3817,0.000,0.002,0.000,0.001
3818,0.000,0.002,0.000,0.001
3819,0.000,0.002,0.000,0.001
3820,0.000,0.002,0.000,0.001
3821,0.000,0.002,0.000,0.001
3822,0.000,0.002,0.000,0.001
3823,0.000,0.002,0.000,0.001
3824,0.000,0.002,0.000,0.001
3825,0.000,0.002,0.000,0.001
3826,0.000,0.002,0.000,0.001
3827,0.000,0.002,0.000,0.001
3828,0.000,0.002,0.000,0.001
3829,0.000,0.002,0.000,0.001
3830,0.000,0.002,0.000,0.001
3831,0.000,0.002,0.000,0.001
3832,0.000,0.002,0.000,0.001
3833,0.000,0.002,0.000,0.001
3834,0.000,0.002,0.000,0.001
3835,0.000,0.002,0.000,0.001
3836,0.000,0.002,0.000,0.001
3837,0.000,0.002,0.000,0.001
3838,0.000,0.002,0.000,0.001
3839,0.000,0.002,0.000,0.001
3840,0.000,0.002,0.000,0.001
3841,0.000,0.002,0.000,0.001
3842,0.000,0.002,0.000,0.001
3843,0.000,0.002,0.000,0.001
3844,0.000,0.002,0.000,0.001
3845,0.000,0.002,0.000,0.001
3846,0.000,0.002,0.000,0.001
3847,0.000,0.002,0.000,0.001
3848,0.000,0.002,0.000,0.001
3849,0.000,0.002,0.000,0.001
3850,0.000,0.002,0.000,0.001
3851,0.000,0.003,0.000,0.001
3852,0.000,0.003,0.000,0.001
3853,0.000,0.003,0.000,0.001
3854,0.000,0.003,0.000,0.001
3855,0.000,0.003,0.000,0.001
3856,0.000,0.003,0.000,0.001
3857,0.000,0.003,0.000,0.001
3858,0.000,0.003,0.000,0.001
3859,0.000,0.003,0.000,0.001
3860,0.000,0.003,0.000,0.001
3861,0.000,0.003,0.000,0.001
3862,0.000,0.003,0.000,0.001
3863,0.000,0.003,0.000,0.001
3864,0.000,0.003,0.000,0.001
3865,0.000,0.003,0.000,0.001
3866,0.000,0.003,0.000,0.001
3867,0.000,0.003,0.000,0.001
3868,0.000,0.003,0.000,0.001
3869,0.000,0.003,0.000,0.001
3870,0.000,0.003,0.000,0.001
3871,0.000,0.003,0.000,0.001
3872,0.000,0.003,0.000,0.001
3873,0.000,0.003,0.000,0.001
3874,0.000,0.003,0.000,0.001
3875,0.000,0.003,0.000,0.001
3876,0.000,0.003,0.000,0.001
3877,0.000,0.003,0.000,0.001
3878,0.000,0.003,0.000,0.001
3879,0.000,0.003,0.000,0.001
3880,0.000,0.003,0.000,0.001
3881,0.000,0.003,0.000,0.001
3882,0.000,0.003,0.000,0.001
3883,0.000,0.003,0.000,0.001
3884,0.000,0.003,0.000,0.001
3885,0.000,0.003,0.000,0.001
3886,0.000,0.003,0.000,0.001
3887,0.000,0.003,0.000,0.001
3888,0.000,0.003,0.000,0.001
3889,0.000,0.003,0.000,0.001
3890,0.000,0.003,0.000,0.001
3891,0.000,0.003,0.000,0.001
3892,0.000,0.003,0.000,0.001
3893,0.000,0.003,0.000,0.001
3894,0.000,0.003,0.000,0.001
3895,0.000,0.003,0.000,0.001
3896,0.000,0.003,0.000,0.001
3897,0.000,0.003,0.000,0.001
3898,0.000,0.003,0.000,0.001
3899,0.000,0.003,0.000,0.001
3900,0.000,0.003,0.000,0.001
3901,0.000,0.003,0.000,0.001
3902,0.000,0.003,0.000,0.001
3903,0.000,0.003,0.000,0.001
3904,0.000,0.003,0.000,0.001
3905,0.000,0.003,0.000,0.001
3906,0.000,0.003,0.000,0.001
3907,0.000,0.003,0.000,0.001
3908,0.000,0.003,0.000,0.001
3909,0.000,0.003,0.000,0.001
3910,0.000,0.003,0.000,0.001
3911,0.000,0.003,0.000,0.001
3912,0.000,0.003,0.000,0.001
3913,0.000,0.003,0.000,0.001
3914,0.000,0.003,0.000,0.001
3915,0.000,0.003,0.000,0.001
3916,0.000,0.003,0.000,0.001
3917,0.000,0.003,0.000,0.001
3918,0.000,0.003,0.000,0.001
3919,0.000,0.003,0.000,0.001
3920,0.000,0.003,0.000,0.001
3921,0.000,0.003,0.000,0.001
3922,0.000,0.003,0.000,0.001
3923,0.000,0.003,0.000,0.001
3924,0.000,0.003,0.000,0.001
3925,0.000,0.003,0.000,0.001
3926,0.000,0.003,0.000,0.001
3927,0.000,0.003,0.000,0.001
3928,0.000,0.003,0.000,0.001
3929,0.000,0.003,0.000,0.001
3930,0.000,0.003,0.000,0.001
3931,0.000,0.003,0.000,0.001
3932,0.000,0.003,0.000,0.001
3933,0.000,0.003,0.000,0.001
3934,0.000,0.003,0.000,0.001
3935,0.000,0.003,0.000,0.001
3936,0.000,0.003,0.000,0.001
3937,0.000,0.003,0.000,0.001
3938,0.000,0.003,0.000,0.001
3939,0.000,0.003,0.000,0.001
3940,0.000,0.003,0.000,0.001
3941,0.000,0.003,0.000,0.001
3942,0.000,0.003,0.000,0.001
3943,0.000,0.003,0.000,0.001
3944,0.000,0.003,0.000,0.001
3945,0.000,0.003,0.000,0.001
3946,0.000,0.003,0.000,0.001
3947,0.000,0.003,0.000,0.001
3948,0.000,0.003,0.000,0.001
3949,0.000,0.003,0.000,0.001
3950,0.000,0.003,0.000,0.001
3951,0.000,0.003,0.000,0.001
3952,0.000,0.003,0.000,0.001
3953,0.000,0.003,0.000,0.001
3954,0.000,0.003,0.000,0.001
3955,0.000,0.003,0.000,0.001
3956,0.000,0.003,0.000,0.001
3957,0.000,0.003,0.000,0.001
3958,0.000,0.003,0.000,0.001
3959,0.000,0.003,0.000,0.001
3960,0.000,0.003,0.000,0.001
3961,0.000,0.003,0.000,0.001
3962,0.000,0.003,0.000,0.001
3963,0.000,0.003,0.000,0.001
3964,0.000,0.003,0.000,0.001
3965,0.000,0.003,0.000,0.001
3966,0.000,0.003,0.000,0.001
3967,0.000,0.003,0.000,0.001
3968,0.000,0.003,0.000,0.001
3969,0.000,0.003,0.000,0.001
3970,0.000,0.003,0.000,0.001
3971,0.000,0.003,0.000,0.001
3972,0.000,0.003,0.000,0.001
3973,0.000,0.003,0.000,0.001
3974,0.000,0.003,0.000,0.001
3975,0.000,0.003,0.000,0.001
3976,0.000,0.003,0.000,0.001
3977,0.000,0.003,0.000,0.001
3978,0.000,0.003,0.000,0.001
3979,0.000,0.003,0.000,0.001
3980,0.000,0.003,0.000,0.001
3981,0.000,0.003,0.000,0.001
3982,0.000,0.003,0.000,0.001
3983,0.000,0.003,0.000,0.001
3984,0.000,0.003,0.000,0.001
3985,0.000,0.003,0.000,0.001
3986,0.000,0.003,0.000,0.001
3987,0.000,0.003,0.000,0.001
3988,0.000,0.003,0.000,0.001
3989,0.000,0.003,0.000,0.001
3990,0.000,0.003,0.000,0.001
3991,0.000,0.003,0.000,0.001
3992,0.000,0.003,0.000,0.001
3993,0.000,0.003,0.000,0.001
3994,0.000,0.003,0.000,0.001
3995,0.000,0.003,0.000,0.001
3996,0.000,0.003,0.000,0.001
3997,0.000,0.003,0.000,0.001
3998,0.000,0.003,0.000,0.001
3999,0.000,0.003,0.000,0.001
4000,0.000,0.003,0.000,0.001
4001,0.000,0.003,0.000,0.001
4002,0.000,0.003,0.000,0.001
4003,0.000,0.003,0.000,0.001
4004,0.000,0.003,0.000,0.001
4005,0.000,0.003,0.000,0.001
4006,0.000,0.003,0.000,0.001
4007,0.000,0.003,0.000,0.001
4008,0.000,0.003,0.000,0.001
4009,0.000,0.003,0.000,0.001
4010,0.000,0.003,0.000,0.001
4011,0.000,0.003,0.000,0.001
4012,0.000,0.003,0.000,0.001
4013,0.000,0.003,0.000,0.001
4014,0.000,0.003,0.000,0.001
4015,0.000,0.003,0.000,0.001
4016,0.000,0.003,0.000,0.001
4017,0.000,0.003,0.000,0.001
4018,0.000,0.003,0.000,0.001
4019,0.000,0.003,0.000,0.001
4020,0.000,0.003,0.000,0.001
4021,0.000,0.003,0.000,0.001
4022,0.000,0.003,0.000,0.001
4023,0.000,0.003,0.000,0.001
4024,0.000,0.003,0.000,0.001
4025,0.000,0.003,0.000,0.001
4026,0.000,0.003,0.000,0.001
4027,0.000,0.003,0.000,0.001
4028,0.000,0.003,0.000,0.001
4029,0.000,0.003,0.000,0.001
4030,0.000,0.003,0.000,0.001
4031,0.000,0.003,0.000,0.001
4032,0.000,0.003,0.000,0.001
4033,0.000,0.003,0.000,0.001
4034,0.000,0.003,0.000,0.001
4035,0.000,0.003,0.000,0.001
4036,0.000,0.003,0.000,0.001
4037,0.000,0.003,0.000,0.001
4038,0.000,0.003,0.000,0.001
4039,0.000,0.003,0.000,0.001
4040,0.000,0.003,0.000,0.001
4041,0.000,0.003,0.000,0.001
4042,0.000,0.003,0.000,0.001
4043,0.000,0.003,0.000,0.001
4044,0.000,0.003,0.000,0.001
4045,0.000,0.003,0.000,0.001
4046,0.000,0.003,0.000,0.001
4047,0.000,0.003,0.000,0.001
4048,0.000,0.003,0.000,0.001
4049,0.000,0.003,0.000,0.001
4050,0.000,0.003,0.000,0.001
4051,0.000,0.003,0.000,0.001
4052,0.000,0.003,0.000,0.001
4053,0.000,0.003,0.000,0.001
4054,0.000,0.003,0.000,0.001
4055,0.000,0.003,0.000,0.001
4056,0.000,0.003,0.000,0.001
4057,0.000,0.003,0.000,0.001
4058,0.000,0.003,0.000,0.001
4059,0.000,0.003,0.000,0.001
4060,0.000,0.003,0.000,0.001
4061,0.000,0.003,0.000,0.001
4062,0.000,0.003,0.000,0.001
4063,0.000,0.003,0.000,0.001
4064,0.000,0.003,0.000,0.001
4065,0.000,0.003,0.000,0.001
4066,0.000,0.003,0.000,0.001
4067,0.000,0.003,0.000,0.001
4068,0.000,0.003,0.000,0.001
4069,0.000,0.003,0.000,0.001
4070,0.000,0.003,0.000,0.001
4071,0.000,0.003,0.000,0.001
4072,0.000,0.003,0.000,0.001
4073,0.000,0.003,0.000,0.001
4074,0.000,0.003,0.000,0.001
4075,0.000,0.003,0.000,0.001
4076,0.000,0.003,0.000,0.001
4077,0.000,0.003,0.000,0.001
4078,0.000,0.003,0.000,0.001
4079,0.000,0.003,0.000,0.001
4080,0.000,0.003,0.000,0.001
4081,0.000,0.003,0.000,0.001
4082,0.000,0.003,0.000,0.001
4083,0.000,0.003,0.000,0.001
4084,0.000,0.003,0.000,0.001
4085,0.000,0.003,0.000,0.001
4086,0.000,0.003,0.000,0.001
4087,0.000,0.003,0.000,0.001
4088,0.000,0.003,0.000,0.001
4089,0.000,0.003,0.000,0.001
4090,0.000,0.003,0.000,0.001
4091,0.000,0.003,0.000,0.001
4092,0.000,0.003,0.000,0.001
4093,0.000,0.003,0.000,0.001
4094,0.000,0.003,0.000,0.001
4095,0.000,0.003,0.000,0.001
4096,0.000,0.003,0.000,0.001
4097,0.000,0.003,0.000,0.001
4098,0.000,0.003,0.000,0.001
4099,0.000,0.003,0.000,0.001
4100,0.000,0.003,0.000,0.001
4101,0.000,0.003,0.000,0.001
4102,0.000,0.003,0.000,0.001
4103,0.000,0.003,0.000,0.001
4104,0.000,0.003,0.000,0.001
4105,0.000,0.003,0.000,0.001
4106,0.000,0.003,0.000,0.001
4107,0.000,0.003,0.000,0.001
4108,0.000,0.003,0.000,0.001
4109,0.000,0.003,0.000,0.001
4110,0.000,0.002,0.000,0.001
4111,0.000,0.003,0.000,0.001
4112,0.000,0.003,0.000,0.001
4113,0.000,0.003,0.000,0.001
4114,0.000,0.003,0.000,0.001
4115,0.000,0.003,0.000,0.001
4116,0.000,0.003,0.000,0.001
4117,0.000,0.003,0.000,0.001
4118,0.000,0.003,0.000,0.001
4119,0.000,0.003,0.000,0.001
4120,0.000,0.003,0.000,0.001
4121,0.000,0.003,0.000,0.001
4122,0.000,0.003,0.000,0.001
4123,0.000,0.003,0.000,0.001
4124,0.000,0.003,0.000,0.001
4125,0.000,0.003,0.000,0.001
4126,0.000,0.003,0.000,0.001
4127,0.000,0.003,0.000,0.001
4128,0.000,0.003,0.000,0.001
4129,0.000,0.003,0.000,0.001
4130,0.000,0.003,0.000,0.001
4131,0.000,0.003,0.000,0.001
4132,0.000,0.003,0.000,0.001
4133,0.000,0.003,0.000,0.001
4134,0.000,0.003,0.000,0.001
4135,0.000,0.003,0.000,0.001
4136,0.000,0.003,0.000,0.001
4137,0.000,0.003,0.000,0.001
4138,0.000,0.003,0.000,0.001
4139,0.000,0.003,0.000,0.001
4140,0.000,0.003,0.000,0.001
4141,0.000,0.003,0.000,0.001
4142,0.000,0.003,0.000,0.001
4143,0.000,0.003,0.000,0.001
4144,0.000,0.003,0.000,0.001
4145,0.000,0.003,0.000,0.001
4146,0.000,0.003,0.000,0.001
4147,0.000,0.003,0.000,0.001
4148,0.000,0.003,0.000,0.001
4149,0.000,0.003,0.000,0.001
4150,0.000,0.003,0.000,0.001
4151,0.000,0.003,0.000,0.001
4152,0.000,0.003,0.000,0.001
4153,0.000,0.003,0.000,0.001
4154,0.000,0.003,0.000,0.001
4155,0.000,0.003,0.000,0.001
4156,0.000,0.003,0.000,0.001
4157,0.000,0.003,0.000,0.001
4158,0.000,0.003,0.000,0.001
4159,0.000,0.003,0.000,0.001
4160,0.000,0.003,0.000,0.001
4161,0.000,0.003,0.000,0.001
4162,0.000,0.003,0.000,0.001
4163,0.000,0.003,0.000,0.001
4164,0.000,0.003,0.000,0.001
4165,0.000,0.003,0.000,0.001
4166,0.000,0.003,0.000,0.001
4167,0.000,0.003,0.000,0.001
4168,0.000,0.003,0.000,0.001
4169,0.000,0.003,0.000,0.001
4170,0.000,0.003,0.000,0.001
4171,0.000,0.003,0.000,0.001
4172,0.000,0.003,0.000,0.001
4173,0.000,0.003,0.000,0.001
4174,0.000,0.003,0.000,0.001
4175,0.000,0.003,0.000,0.001
4176,0.000,0.003,0.000,0.001
4177,0.000,0.003,0.000,0.001
4178,0.000,0.003,0.000,0.001
4179,0.000,0.003,0.000,0.001
4180,0.000,0.003,0.000,0.001
4181,0.000,0.003,0.000,0.001
4182,0.000,0.003,0.000,0.001
4183,0.000,0.003,0.000,0.001
4184,0.000,0.003,0.000,0.001
4185,0.000,0.003,0.000,0.001
4186,0.000,0.003,0.000,0.001
4187,0.000,0.003,0.000,0.001
4188,0.000,0.003,0.000,0.001
4189,0.000,0.003,0.000,0.001
4190,0.000,0.003,0.000,0.001
4191,0.000,0.003,0.000,0.001
4192,0.000,0.003,0.000,0.001
4193,0.000,0.003,0.000,0.001
4194,0.000,0.003,0.000,0.001
4195,0.000,0.003,0.000,0.001
4196,0.000,0.003,0.000,0.001
4197,0.000,0.003,0.000,0.001
4198,0.000,0.003,0.000,0.001
4199,0.000,0.003,0.000,0.001
4200,0.000,0.003,0.000,0.001
4201,0.000,0.003,0.000,0.001
4202,0.000,0.003,0.000,0.001
4203,0.000,0.003,0.000,0.001
4204,0.000,0.003,0.000,0.001
4205,0.000,0.003,0.000,0.001
4206,0.000,0.003,0.000,0.001
4207,0.000,0.003,0.000,0.001
4208,0.000,0.003,0.000,0.001
4209,0.000,0.003,0.000,0.001
4210,0.000,0.003,0.000,0.001
4211,0.000,0.003,0.000,0.001
4212,0.000,0.003,0.000,0.001
4213,0.000,0.003,0.000,0.001
4214,0.000,0.003,0.000,0.001
4215,0.000,0.003,0.000,0.001
4216,0.000,0.003,0.000,0.001
4217,0.000,0.003,0.000,0.001
4218,0.000,0.003,0.000,0.001
4219,0.000,0.003,0.000,0.001
4220,0.000,0.003,0.000,0.001
4221,0.000,0.003,0.000,0.001
4222,0.000,0.003,0.000,0.001
4223,0.000,0.003,0.000,0.001
4224,0.000,0.003,0.000,0.001
4225,0.000,0.003,0.000,0.001
4226,0.000,0.003,0.000,0.001
4227,0.000,0.003,0.000,0.001
4228,0.000,0.003,0.000,0.001
4229,0.000,0.003,0.000,0.001
4230,0.000,0.003,0.000,0.001
4231,0.000,0.003,0.000,0.001
4232,0.000,0.003,0.000,0.001
4233,0.000,0.003,0.000,0.001
4234,0.000,0.003,0.000,0.001
4235,0.000,0.003,0.000,0.001
4236,0.000,0.003,0.000,0.001
4237,0.000,0.003,0.000,0.001
4238,0.000,0.003,0.000,0.001
4239,0.000,0.003,0.000,0.001
4240,0.000,0.003,0.000,0.001
4241,0.000,0.003,0.000,0.001
4242,0.000,0.003,0.000,0.001
4243,0.000,0.003,0.000,0.001
4244,0.000,0.003,0.000,0.001
4245,0.000,0.003,0.000,0.001
4246,0.000,0.003,0.000,0.001
4247,0.000,0.003,0.000,0.001
4248,0.000,0.003,0.000,0.001
4249,0.000,0.003,0.000,0.001
4250,0.000,0.003,0.000,0.001
4251,0.000,0.003,0.000,0.001
4252,0.000,0.003,0.000,0.001
4253,0.000,0.003,0.000,0.001
4254,0.000,0.003,0.000,0.001
4255,0.000,0.003,0.000,0.001
4256,0.000,0.003,0.000,0.001
4257,0.000,0.003,0.000,0.001
4258,0.000,0.003,0.000,0.001
4259,0.000,0.003,0.000,0.001
4260,0.000,0.003,0.000,0.001
4261,0.000,0.003,0.000,0.001
4262,0.000,0.003,0.000,0.001
4263,0.000,0.003,0.000,0.001
4264,0.000,0.003,0.000,0.001
4265,0.000,0.003,0.000,0.001
4266,0.000,0.003,0.000,0.001
4267,0.000,0.003,0.000,0.001
4268,0.000,0.003,0.000,0.001
4269,0.000,0.003,0.000,0.001
4270,0.000,0.003,0.000,0.001
4271,0.000,0.004,0.000,0.001
4272,0.000,0.007,0.000,0.002
4273,0.000,0.014,0.000,0.005
4274,0.000,0.016,0.000,0.006
4275,0.000,0.023,0.000,0.008
4276,0.000,0.026,0.000,0.009
4277,0.000,0.027,0.000,0.009
4278,0.000,0.027,0.000,0.010
4279,0.000,0.027,0.000,0.010
4280,0.000,0.025,0.000,0.009
4281,0.000,0.028,0.000,0.010
4282,0.000,0.028,0.000,0.010
4283,0.000,0.030,0.000,0.010
4284,0.000,0.030,0.000,0.010
4285,0.000,0.028,0.000,0.010
4286,0.000,0.028,0.000,0.010
4287,0.000,0.026,0.000,0.009
4288,0.000,0.023,0.000,0.008
4289,0.000,0.023,0.000,0.008
4290,0.000,0.022,0.000,0.008
4291,0.000,0.022,0.000,0.008
4292,0.000,0.022,0.000,0.008
4293,0.000,0.021,0.000,0.007
4294,0.000,0.022,0.000,0.008
4295,0.000,0.021,0.000,0.007
4296,0.000,0.019,0.000,0.007
4297,0.000,0.018,0.000,0.006
4298,0.000,0.019,0.000,0.006
4299,0.000,0.017,0.000,0.006
4300,0.000,0.017,0.000,0.006
4301,0.000,0.015,0.000,0.005
4302,0.000,0.013,0.000,0.005
4303,0.000,0.012,0.000,0.004
4304,0.000,0.011,0.000,0.004
4305,0.000,0.011,0.000,0.004
4306,0.000,0.010,0.000,0.003
4307,0.000,0.009,0.000,0.003
4308,0.000,0.009,0.000,0.003
4309,0.000,0.012,0.000,0.004
4310,0.000,0.008,0.000,0.003
4311,0.000,0.007,0.000,0.003
4312,0.000,0.009,0.000,0.003
4313,0.000,0.006,0.000,0.002
4314,0.000,0.009,0.000,0.003
4315,0.000,0.005,0.000,0.002
4316,0.000,0.005,0.000,0.002
4317,0.000,0.005,0.000,0.002
4318,0.000,0.005,0.000,0.002
4319,0.000,0.004,0.000,0.001
4320,0.000,0.004,0.000,0.002
4321,0.000,0.005,0.000,0.002
4322,0.000,0.005,0.000,0.002
4323,0.000,0.003,0.000,0.001
4324,0.000,0.004,0.000,0.001
4325,0.000,0.004,0.000,0.001
4326,0.000,0.004,0.000,0.001
4327,0.000,0.004,0.000,0.001
4328,0.000,0.004,0.000,0.001
4329,0.000,0.004,0.000,0.001
4330,0.000,0.004,0.000,0.001
4331,0.000,0.004,0.000,0.001
4332,0.000,0.004,0.000,0.001
4333,0.000,0.004,0.000,0.001
4334,0.000,0.004,0.000,0.001
4335,0.000,0.004,0.000,0.001
4336,0.000,0.004,0.000,0.001
4337,0.000,0.004,0.000,0.001
4338,0.000,0.004,0.000,0.001
4339,0.000,0.004,0.000,0.001
4340,0.000,0.004,0.000,0.001
4341,0.000,0.004,0.000,0.001
4342,0.000,0.004,0.000,0.001
4343,0.000,0.004,0.000,0.001
4344,0.000,0.004,0.000,0.001
4345,0.000,0.004,0.000,0.001
4346,0.000,0.004,0.000,0.001
4347,0.000,0.004,0.000,0.001
4348,0.000,0.004,0.000,0.001
4349,0.000,0.004,0.000,0.001
4350,0.000,0.004,0.000,0.001
4351,0.000,0.004,0.000,0.001
4352,0.000,0.004,0.000,0.001
4353,0.000,0.004,0.000,0.001
4354,0.000,0.004,0.000,0.001
4355,0.000,0.004,0.000,0.001
4356,0.000,0.004,0.000,0.001
4357,0.000,0.004,0.000,0.001
4358,0.000,0.004,0.000,0.001
4359,0.000,0.004,0.000,0.001
4360,0.000,0.004,0.000,0.001
4361,0.000,0.004,0.000,0.001
4362,0.000,0.004,0.000,0.001
4363,0.000,0.004,0.000,0.001
4364,0.000,0.004,0.000,0.001
4365,0.000,0.004,0.000,0.001
4366,0.000,0.004,0.000,0.001
4367,0.000,0.004,0.000,0.001
4368,0.000,0.004,0.000,0.001
4369,0.000,0.004,0.000,0.001
4370,0.000,0.004,0.000,0.001
4371,0.000,0.004,0.000,0.001
4372,0.000,0.004,0.000,0.001
4373,0.000,0.004,0.000,0.001
4374,0.000,0.004,0.000,0.001
4375,0.000,0.004,0.000,0.001
4376,0.000,0.004,0.000,0.001
4377,0.000,0.004,0.000,0.001
4378,0.000,0.004,0.000,0.001
4379,0.000,0.004,0.000,0.001
4380,0.000,0.004,0.000,0.001
4381,0.000,0.004,0.000,0.001
4382,0.000,0.004,0.000,0.001
4383,0.000,0.004,0.000,0.001
4384,0.000,0.004,0.000,0.001
4385,0.000,0.004,0.000,0.001
4386,0.000,0.004,0.000,0.001
4387,0.000,0.004,0.000,0.001
4388,0.000,0.004,0.000,0.001
4389,0.000,0.004,0.000,0.001
4390,0.000,0.004,0.000,0.001
4391,0.000,0.004,0.000,0.001
4392,0.000,0.004,0.000,0.001
4393,0.000,0.004,0.000,0.001
4394,0.000,0.004,0.000,0.001
4395,0.000,0.004,0.000,0.001
4396,0.000,0.004,0.000,0.001
4397,0.000,0.004,0.000,0.001
4398,0.000,0.004,0.000,0.001
4399,0.000,0.004,0.000,0.001
4400,0.000,0.004,0.000,0.001
4401,0.000,0.004,0.000,0.001
4402,0.000,0.004,0.000,0.001
4403,0.000,0.004,0.000,0.001
4404,0.000,0.004,0.000,0.001
4405,0.000,0.004,0.000,0.001
4406,0.000,0.004,0.000,0.001
4407,0.000,0.004,0.000,0.001
4408,0.000,0.004,0.000,0.001
4409,0.000,0.004,0.000,0.001
4410,0.000,0.004,0.000,0.001
4411,0.000,0.004,0.000,0.001
4412,0.000,0.004,0.000,0.001
4413,0.000,0.004,0.000,0.001
4414,0.000,0.004,0.000,0.001
4415,0.000,0.004,0.000,0.001
4416,0.000,0.004,0.000,0.001
4417,0.000,0.004,0.000,0.001
4418,0.000,0.004,0.000,0.001
4419,0.000,0.004,0.000,0.001
4420,0.000,0.004,0.000,0.001
4421,0.000,0.004,0.000,0.001
4422,0.000,0.004,0.000,0.001
4423,0.000,0.004,0.000,0.001
4424,0.000,0.004,0.000,0.001
4425,0.000,0.004,0.000,0.001
4426,0.000,0.004,0.000,0.001
4427,0.000,0.004,0.000,0.001
4428,0.000,0.004,0.000,0.001
4429,0.000,0.004,0.000,0.001
4430,0.000,0.004,0.000,0.001
4431,0.000,0.004,0.000,0.001
4432,0.000,0.004,0.000,0.001
4433,0.000,0.004,0.000,0.001
4434,0.000,0.004,0.000,0.001
4435,0.000,0.004,0.000,0.001
4436,0.000,0.004,0.000,0.001
4437,0.000,0.004,0.000,0.001
4438,0.000,0.004,0.000,0.001
4439,0.000,0.004,0.000,0.001
4440,0.000,0.004,0.000,0.001
4441,0.000,0.004,0.000,0.001
4442,0.000,0.004,0.000,0.001
4443,0.000,0.004,0.000,0.001
4444,0.000,0.004,0.000,0.001
4445,0.000,0.004,0.000,0.001
4446,0.000,0.004,0.000,0.001
4447,0.000,0.004,0.000,0.001
4448,0.000,0.004,0.000,0.001
4449,0.000,0.004,0.000,0.001
4450,0.000,0.004,0.000,0.001
4451,0.000,0.004,0.000,0.001
4452,0.000,0.004,0.000,0.001
4453,0.000,0.004,0.000,0.001
4454,0.000,0.004,0.000,0.001
4455,0.000,0.004,0.000,0.001
4456,0.000,0.004,0.000,0.001
4457,0.000,0.004,0.000,0.001
4458,0.000,0.004,0.000,0.001
4459,0.000,0.004,0.000,0.001
4460,0.000,0.004,0.000,0.001
4461,0.000,0.004,0.000,0.001
4462,0.000,0.004,0.000,0.001
4463,0.000,0.004,0.000,0.001
4464,0.000,0.004,0.000,0.001
4465,0.000,0.004,0.000,0.001
4466,0.000,0.004,0.000,0.001
4467,0.000,0.004,0.000,0.001
4468,0.000,0.004,0.000,0.001
4469,0.000,0.004,0.000,0.001
4470,0.000,0.004,0.000,0.001
4471,0.000,0.004,0.000,0.001
4472,0.000,0.004,0.000,0.001
4473,0.000,0.004,0.000,0.001
4474,0.000,0.004,0.000,0.001
4475,0.000,0.004,0.000,0.001
4476,0.000,0.004,0.000,0.001
4477,0.000,0.004,0.000,0.001
4478,0.000,0.004,0.000,0.001
4479,0.000,0.004,0.000,0.001
4480,0.000,0.004,0.000,0.001
4481,0.000,0.004,0.000,0.001
4482,0.000,0.004,0.000,0.001
4483,0.000,0.004,0.000,0.001
4484,0.000,0.004,0.000,0.001
4485,0.000,0.004,0.000,0.001
4486,0.000,0.004,0.000,0.001
4487,0.000,0.004,0.000,0.001
4488,0.000,0.004,0.000,0.001
4489,0.000,0.004,0.000,0.001
4490,0.000,0.004,0.000,0.001
4491,0.000,0.004,0.000,0.001
4492,0.000,0.004,0.000,0.001
4493,0.000,0.004,0.000,0.001
4494,0.000,0.004,0.000,0.001
4495,0.000,0.004,0.000,0.001
4496,0.000,0.004,0.000,0.001
4497,0.000,0.004,0.000,0.001
4498,0.000,0.004,0.000,0.001
4499,0.000,0.004,0.000,0.001
4500,0.000,0.004,0.000,0.001
4501,0.000,0.004,0.000,0.001
4502,0.000,0.004,0.000,0.001
4503,0.000,0.004,0.000,0.001
4504,0.000,0.004,0.000,0.001
4505,0.000,0.004,0.000,0.001
4506,0.000,0.004,0.000,0.001
4507,0.000,0.004,0.000,0.001
4508,0.000,0.004,0.000,0.001
4509,0.000,0.004,0.000,0.001
4510,0.000,0.004,0.000,0.001
4511,0.000,0.004,0.000,0.001
4512,0.000,0.004,0.000,0.001
4513,0.000,0.004,0.000,0.001
4514,0.000,0.004,0.000,0.001
4515,0.000,0.004,0.000,0.001
4516,0.000,0.004,0.000,0.001
4517,0.000,0.004,0.000,0.001
4518,0.000,0.004,0.000,0.001
4519,0.000,0.004,0.000,0.001
4520,0.000,0.004,0.000,0.001
4521,0.000,0.004,0.000,0.001
4522,0.000,0.004,0.000,0.001
4523,0.000,0.004,0.000,0.001
4524,0.000,0.004,0.000,0.001
4525,0.000,0.004,0.000,0.001
4526,0.000,0.004,0.000,0.001
4527,0.000,0.004,0.000,0.001
4528,0.000,0.004,0.000,0.001
4529,0.000,0.004,0.000,0.001
4530,0.000,0.004,0.000,0.001
4531,0.000,0.004,0.000,0.001
4532,0.000,0.004,0.000,0.001
4533,0.000,0.004,0.000,0.001
4534,0.000,0.004,0.000,0.001
4535,0.000,0.004,0.000,0.001
4536,0.000,0.004,0.000,0.001
4537,0.000,0.004,0.000,0.001
4538,0.000,0.004,0.000,0.001
4539,0.000,0.004,0.000,0.001
4540,0.000,0.004,0.000,0.001
4541,0.000,0.004,0.000,0.001
4542,0.000,0.004,0.000,0.001
4543,0.000,0.004,0.000,0.001
4544,0.000,0.004,0.000,0.001
4545,0.000,0.004,0.000,0.001
4546,0.000,0.004,0.000,0.001
4547,0.000,0.004,0.000,0.001
4548,0.000,0.004,0.000,0.001
4549,0.000,0.004,0.000,0.001
4550,0.000,0.004,0.000,0.001
4551,0.000,0.004,0.000,0.001
4552,0.000,0.004,0.000,0.001
4553,0.000,0.004,0.000,0.001
4554,0.000,0.004,0.000,0.001
4555,0.000,0.004,0.000,0.001
4556,0.000,0.004,0.000,0.001
4557,0.000,0.004,0.000,0.001
4558,0.000,0.004,0.000,0.001
4559,0.000,0.004,0.000,0.001
4560,0.000,0.004,0.000,0.001
4561,0.000,0.004,0.000,0.001
4562,0.000,0.004,0.000,0.001
4563,0.000,0.004,0.000,0.001
4564,0.000,0.004,0.000,0.001
4565,0.000,0.004,0.000,0.001
4566,0.000,0.004,0.000,0.001
4567,0.000,0.004,0.000,0.001
4568,0.000,0.004,0.000,0.001
4569,0.000,0.004,0.000,0.001
4570,0.000,0.004,0.000,0.001
4571,0.000,0.004,0.000,0.001
4572,0.000,0.004,0.000,0.001
4573,0.000,0.004,0.000,0.001
4574,0.000,0.004,0.000,0.001
4575,0.000,0.004,0.000,0.001
4576,0.000,0.004,0.000,0.001
4577,0.000,0.004,0.000,0.001
4578,0.000,0.004,0.000,0.001
4579,0.000,0.004,0.000,0.001
4580,0.000,0.004,0.000,0.001
4581,0.000,0.004,0.000,0.001
4582,0.000,0.004,0.000,0.001
4583,0.000,0.004,0.000,0.001
4584,0.000,0.004,0.000,0.001
4585,0.000,0.004,0.000,0.001
4586,0.000,0.004,0.000,0.001
4587,0.000,0.004,0.000,0.001
4588,0.000,0.004,0.000,0.001
4589,0.000,0.004,0.000,0.001
4590,0.000,0.004,0.000,0.001
4591,0.000,0.004,0.000,0.001
4592,0.000,0.004,0.000,0.001
4593,0.000,0.004,0.000,0.001
4594,0.000,0.004,0.000,0.001
4595,0.000,0.004,0.000,0.001
4596,0.000,0.004,0.000,0.001
4597,0.000,0.004,0.000,0.001
4598,0.000,0.004,0.000,0.001
4599,0.000,0.004,0.000,0.001
4600,0.000,0.004,0.000,0.001
4601,0.000,0.004,0.000,0.001
4602,0.000,0.004,0.000,0.001
4603,0.000,0.004,0.000,0.001
4604,0.000,0.004,0.000,0.001
4605,0.000,0.004,0.000,0.001
4606,0.000,0.004,0.000,0.001
4607,0.000,0.004,0.000,0.001
4608,0.000,0.004,0.000,0.001
4609,0.000,0.004,0.000,0.001
4610,0.000,0.004,0.000,0.001
4611,0.000,0.004,0.000,0.001
4612,0.000,0.004,0.000,0.001
4613,0.000,0.004,0.000,0.001
4614,0.000,0.004,0.000,0.001
4615,0.000,0.004,0.000,0.001
4616,0.000,0.004,0.000,0.001
4617,0.000,0.004,0.000,0.001
4618,0.000,0.004,0.000,0.001
4619,0.000,0.004,0.000,0.001
4620,0.000,0.004,0.000,0.001
4621,0.000,0.004,0.000,0.001
4622,0.000,0.004,0.000,0.001
4623,0.000,0.004,0.000,0.001
4624,0.000,0.004,0.000,0.001
4625,0.000,0.004,0.000,0.001
4626,0.000,0.004,0.000,0.001
4627,0.000,0.004,0.000,0.001
4628,0.000,0.004,0.000,0.001
4629,0.000,0.004,0.000,0.001
4630,0.000,0.004,0.000,0.001
4631,0.000,0.004,0.000,0.001
4632,0.000,0.004,0.000,0.001
4633,0.000,0.004,0.000,0.001
4634,0.000,0.004,0.000,0.001
4635,0.000,0.004,0.000,0.001
4636,0.000,0.004,0.000,0.001
4637,0.000,0.004,0.000,0.001
4638,0.000,0.004,0.000,0.001
4639,0.000,0.004,0.000,0.001
4640,0.000,0.004,0.000,0.001
4641,0.000,0.004,0.000,0.001
4642,0.000,0.004,0.000,0.001
4643,0.000,0.004,0.000,0.001
4644,0.000,0.004,0.000,0.001
4645,0.000,0.004,0.000,0.001
4646,0.000,0.004,0.000,0.001
4647,0.000,0.004,0.000,0.001
4648,0.000,0.004,0.000,0.001
4649,0.000,0.004,0.000,0.001
4650,0.000,0.004,0.000,0.001
4651,0.000,0.004,0.000,0.001
4652,0.000,0.004,0.000,0.001
4653,0.000,0.004,0.000,0.001
4654,0.000,0.004,0.000,0.001
4655,0.000,0.004,0.000,0.001
4656,0.000,0.004,0.000,0.001
4657,0.000,0.004,0.000,0.001
4658,0.000,0.004,0.000,0.001
4659,0.000,0.004,0.000,0.001
4660,0.000,0.004,0.000,0.001
4661,0.000,0.004,0.000,0.001
4662,0.000,0.004,0.000,0.001
4663,0.000,0.004,0.000,0.001
4664,0.000,0.004,0.000,0.001
4665,0.000,0.004,0.000,0.001
4666,0.000,0.004,0.000,0.001
4667,0.000,0.004,0.000,0.001
4668,0.000,0.004,0.000,0.001
4669,0.000,0.004,0.000,0.001
4670,0.000,0.004,0.000,0.001
4671,0.000,0.004,0.000,0.001
4672,0.000,0.004,0.000,0.001
4673,0.000,0.004,0.000,0.001
4674,0.000,0.004,0.000,0.001
4675,0.000,0.004,0.000,0.001
4676,0.000,0.004,0.000,0.001
4677,0.000,0.004,0.000,0.001
4678,0.000,0.004,0.000,0.001
4679,0.000,0.004,0.000,0.001
4680,0.000,0.004,0.000,0.001
4681,0.000,0.004,0.000,0.001
4682,0.000,0.004,0.000,0.001
4683,0.000,0.004,0.000,0.001
4684,0.000,0.004,0.000,0.001
4685,0.000,0.004,0.000,0.001
4686,0.000,0.004,0.000,0.001
4687,0.000,0.004,0.000,0.001
4688,0.000,0.004,0.000,0.001
4689,0.000,0.004,0.000,0.001
4690,0.000,0.004,0.000,0.001
4691,0.000,0.004,0.000,0.001
4692,0.000,0.004,0.000,0.001
4693,0.000,0.004,0.000,0.001
4694,0.000,0.004,0.000,0.001
4695,0.000,0.004,0.000,0.001
4696,0.000,0.004,0.000,0.001
4697,0.000,0.004,0.000,0.001
4698,0.000,0.004,0.000,0.001
4699,0.000,0.004,0.000,0.001
4700,0.000,0.004,0.000,0.001
4701,0.000,0.004,0.000,0.001
4702,0.000,0.004,0.000,0.001
4703,0.000,0.004,0.000,0.001
4704,0.000,0.004,0.000,0.001
4705,0.000,0.004,0.000,0.001
4706,0.000,0.004,0.000,0.001
4707,0.000,0.004,0.000,0.001
4708,0.000,0.004,0.000,0.001
4709,0.000,0.004,0.000,0.001
4710,0.000,0.004,0.000,0.001
4711,0.000,0.004,0.000,0.001
4712,0.000,0.004,0.000,0.001
4713,0.000,0.004,0.000,0.001
4714,0.000,0.004,0.000,0.001
4715,0.000,0.004,0.000,0.001
4716,0.000,0.004,0.000,0.001
4717,0.000,0.004,0.000,0.001
4718,0.000,0.004,0.000,0.001
4719,0.000,0.004,0.000,0.001
4720,0.000,0.004,0.000,0.001
4721,0.000,0.004,0.000,0.001
4722,0.000,0.004,0.000,0.001
4723,0.000,0.004,0.000,0.001
4724,0.000,0.004,0.000,0.001
4725,0.000,0.004,0.000,0.001
4726,0.000,0.004,0.000,0.001
4727,0.000,0.004,0.000,0.001
4728,0.000,0.004,0.000,0.001
4729,0.000,0.004,0.000,0.001
4730,0.000,0.004,0.000,0.001
4731,0.000,0.004,0.000,0.001
4732,0.000,0.004,0.000,0.001
4733,0.000,0.004,0.000,0.001
4734,0.000,0.004,0.000,0.001
4735,0.000,0.004,0.000,0.001
4736,0.000,0.004,0.000,0.001
4737,0.000,0.004,0.000,0.001
4738,0.000,0.004,0.000,0.001
4739,0.000,0.004,0.000,0.001
4740,0.000,0.004,0.000,0.001
4741,0.000,0.004,0.000,0.001
4742,0.000,0.004,0.000,0.001
4743,0.000,0.004,0.000,0.001
4744,0.000,0.004,0.000,0.001
4745,0.000,0.004,0.000,0.001
4746,0.000,0.004,0.000,0.001
4747,0.000,0.004,0.000,0.001
4748,0.000,0.004,0.000,0.001
4749,0.000,0.004,0.000,0.001
4750,0.000,0.004,0.000,0.001
4751,0.000,0.004,0.000,0.001
4752,0.000,0.004,0.000,0.001
4753,0.000,0.004,0.000,0.001
4754,0.000,0.004,0.000,0.001
4755,0.000,0.004,0.000,0.001
4756,0.000,0.004,0.000,0.001
4757,0.000,0.004,0.000,0.001
4758,0.000,0.004,0.000,0.001
4759,0.000,0.004,0.000,0.001
4760,0.000,0.004,0.000,0.001
4761,0.000,0.004,0.000,0.001
4762,0.000,0.004,0.000,0.001
4763,0.000,0.004,0.000,0.001
4764,0.000,0.004,0.000,0.001
4765,0.000,0.004,0.000,0.001
4766,0.000,0.004,0.000,0.001
4767,0.000,0.004,0.000,0.001
4768,0.000,0.004,0.000,0.001
4769,0.000,0.004,0.000,0.001
4770,0.000,0.004,0.000,0.001
4771,0.000,0.004,0.000,0.001
4772,0.000,0.004,0.000,0.001
4773,0.000,0.004,0.000,0.001
4774,0.000,0.004,0.000,0.001
4775,0.000,0.004,0.000,0.001
4776,0.000,0.004,0.000,0.001
4777,0.000,0.004,0.000,0.001
4778,0.000,0.004,0.000,0.001
4779,0.000,0.004,0.000,0.001
4780,0.000,0.004,0.000,0.001
4781,0.000,0.004,0.000,0.001
4782,0.000,0.004,0.000,0.001
4783,0.000,0.004,0.000,0.001
4784,0.000,0.004,0.000,0.001
4785,0.000,0.004,0.000,0.001
4786,0.000,0.004,0.000,0.001
4787,0.000,0.004,0.000,0.001
4788,0.000,0.004,0.000,0.001
4789,0.000,0.004,0.000,0.001
4790,0.000,0.004,0.000,0.001
4791,0.000,0.004,0.000,0.001
4792,0.000,0.004,0.000,0.001
4793,0.000,0.004,0.000,0.001
4794,0.000,0.004,0.000,0.001
4795,0.000,0.004,0.000,0.001
4796,0.000,0.004,0.000,0.001
4797,0.000,0.004,0.000,0.001
4798,0.000,0.004,0.000,0.001
4799,0.000,0.004,0.000,0.001
4800,0.000,0.004,0.000,0.001
4801,0.000,0.004,0.000,0.001
4802,0.000,0.004,0.000,0.001
4803,0.000,0.004,0.000,0.001
4804,0.000,0.004,0.000,0.001
4805,0.000,0.004,0.000,0.001
4806,0.000,0.004,0.000,0.001
4807,0.000,0.004,0.000,0.001
4808,0.000,0.004,0.000,0.001
4809,0.000,0.004,0.000,0.001
4810,0.000,0.004,0.000,0.001
4811,0.000,0.004,0.000,0.001
4812,0.000,0.004,0.000,0.001
4813,0.000,0.004,0.000,0.001
4814,0.000,0.004,0.000,0.001
4815,0.000,0.004,0.000,0.001
4816,0.000,0.004,0.000,0.001
4817,0.000,0.004,0.000,0.001
4818,0.000,0.004,0.000,0.001
4819,0.000,0.004,0.000,0.001
4820,0.000,0.004,0.000,0.001
4821,0.000,0.004,0.000,0.001
4822,0.000,0.004,0.000,0.001
4823,0.000,0.004,0.000,0.001
4824,0.000,0.004,0.000,0.001
4825,0.000,0.004,0.000,0.001
4826,0.000,0.004,0.000,0.001
4827,0.000,0.004,0.000,0.001
4828,0.000,0.004,0.000,0.001
4829,0.000,0.004,0.000,0.001
4830,0.000,0.004,0.000,0.001
4831,0.000,0.004,0.000,0.001
4832,0.000,0.004,0.000,0.001
4833,0.000,0.004,0.000,0.001
4834,0.000,0.004,0.000,0.001
4835,0.000,0.004,0.000,0.001
4836,0.000,0.004,0.000,0.001
4837,0.000,0.004,0.000,0.001
4838,0.000,0.004,0.000,0.001
4839,0.000,0.004,0.000,0.001
4840,0.000,0.004,0.000,0.001
4841,0.000,0.004,0.000,0.001
4842,0.000,0.004,0.000,0.001
4843,0.000,0.004,0.000,0.001
4844,0.000,0.004,0.000,0.001
4845,0.000,0.004,0.000,0.001
4846,0.000,0.004,0.000,0.001
4847,0.000,0.004,0.000,0.001
4848,0.000,0.004,0.000,0.001
4849,0.000,0.004,0.000,0.001
4850,0.000,0.004,0.000,0.001
4851,0.000,0.004,0.000,0.001
4852,0.000,0.004,0.000,0.001
4853,0.000,0.004,0.000,0.001
4854,0.000,0.004,0.000,0.001
4855,0.000,0.004,0.000,0.001
4856,0.000,0.004,0.000,0.001
4857,0.000,0.004,0.000,0.001
4858,0.000,0.004,0.000,0.001
4859,0.000,0.004,0.000,0.001
4860,0.000,0.004,0.000,0.001
4861,0.000,0.004,0.000,0.001
4862,0.000,0.004,0.000,0.001
4863,0.000,0.004,0.000,0.001
4864,0.000,0.004,0.000,0.001
4865,0.000,0.004,0.000,0.001
4866,0.000,0.004,0.000,0.001
4867,0.000,0.004,0.000,0.001
4868,0.000,0.004,0.000,0.001
4869,0.000,0.004,0.000,0.001
4870,0.000,0.004,0.000,0.001
4871,0.000,0.004,0.000,0.001
4872,0.000,0.004,0.000,0.001
4873,0.000,0.004,0.000,0.001
4874,0.000,0.004,0.000,0.001
4875,0.000,0.004,0.000,0.001
4876,0.000,0.004,0.000,0.001
4877,0.000,0.004,0.000,0.001
4878,0.000,0.004,0.000,0.001
4879,0.000,0.004,0.000,0.001
4880,0.000,0.004,0.000,0.001
4881,0.000,0.004,0.000,0.001
4882,0.000,0.004,0.000,0.001
4883,0.000,0.004,0.000,0.001
4884,0.000,0.004,0.000,0.001
4885,0.000,0.004,0.000,0.001
4886,0.000,0.004,0.000,0.001
4887,0.000,0.004,0.000,0.001
4888,0.000,0.004,0.000,0.001
4889,0.000,0.004,0.000,0.001
4890,0.000,0.004,0.000,0.001
4891,0.000,0.004,0.000,0.001
4892,0.000,0.004,0.000,0.001
4893,0.000,0.004,0.000,0.001
4894,0.000,0.004,0.000,0.001
4895,0.000,0.004,0.000,0.001
4896,0.000,0.004,0.000,0.001
4897,0.000,0.004,0.000,0.001
4898,0.000,0.004,0.000,0.001
4899,0.000,0.004,0.000,0.001
4900,0.000,0.004,0.000,0.001
4901,0.000,0.004,0.000,0.001
4902,0.000,0.004,0.000,0.001
4903,0.000,0.004,0.000,0.001
4904,0.000,0.004,0.000,0.001
4905,0.000,0.004,0.000,0.001
4906,0.000,0.004,0.000,0.001
4907,0.000,0.004,0.000,0.001
4908,0.000,0.004,0.000,0.001
4909,0.000,0.004,0.000,0.001
4910,0.000,0.004,0.000,0.001
4911,0.000,0.004,0.000,0.001
4912,0.000,0.004,0.000,0.001
4913,0.000,0.004,0.000,0.001
4914,0.000,0.004,0.000,0.001
4915,0.000,0.004,0.000,0.001
4916,0.000,0.004,0.000,0.001
4917,0.000,0.004,0.000,0.001
4918,0.000,0.004,0.000,0.001
4919,0.000,0.004,0.000,0.001
4920,0.000,0.004,0.000,0.001
4921,0.000,0.004,0.000,0.001
4922,0.000,0.004,0.000,0.001
4923,0.000,0.004,0.000,0.001
4924,0.000,0.004,0.000,0.001
4925,0.000,0.004,0.000,0.001
4926,0.000,0.004,0.000,0.001
4927,0.000,0.004,0.000,0.001
4928,0.000,0.004,0.000,0.001
4929,0.000,0.004,0.000,0.001
4930,0.000,0.004,0.000,0.001
4931,0.000,0.004,0.000,0.001
4932,0.000,0.004,0.000,0.001
4933,0.000,0.004,0.000,0.001
4934,0.000,0.004,0.000,0.001
4935,0.000,0.004,0.000,0.001
4936,0.000,0.004,0.000,0.001
4937,0.000,0.004,0.000,0.001
4938,0.000,0.004,0.000,0.001
4939,0.000,0.004,0.000,0.001
4940,0.000,0.004,0.000,0.001
4941,0.000,0.004,0.000,0.001
4942,0.000,0.004,0.000,0.001
4943,0.000,0.004,0.000,0.001
4944,0.000,0.004,0.000,0.001
4945,0.000,0.004,0.000,0.001
4946,0.000,0.004,0.000,0.001
4947,0.000,0.004,0.000,0.001
4948,0.000,0.004,0.000,0.001
4949,0.000,0.004,0.000,0.001
4950,0.000,0.004,0.000,0.001
4951,0.000,0.004,0.000,0.001
4952,0.000,0.004,0.000,0.001
4953,0.000,0.004,0.000,0.001
4954,0.000,0.004,0.000,0.001
4955,0.000,0.004,0.000,0.001
4956,0.000,0.004,0.000,0.001
4957,0.000,0.004,0.000,0.001
4958,0.000,0.004,0.000,0.001
4959,0.000,0.004,0.000,0.001
4960,0.000,0.004,0.000,0.001
4961,0.000,0.004,0.000,0.001
4962,0.000,0.004,0.000,0.001
4963,0.000,0.004,0.000,0.001
4964,0.000,0.004,0.000,0.001
4965,0.000,0.004,0.000,0.001
4966,0.000,0.004,0.000,0.001
4967,0.000,0.004,0.000,0.001
4968,0.000,0.004,0.000,0.001
4969,0.000,0.004,0.000,0.001
4970,0.000,0.004,0.000,0.001
4971,0.000,0.004,0.000,0.001
4972,0.000,0.004,0.000,0.001
4973,0.000,0.004,0.000,0.001
4974,0.000,0.004,0.000,0.001
4975,0.000,0.004,0.000,0.001
4976,0.000,0.004,0.000,0.001
4977,0.000,0.004,0.000,0.001
4978,0.000,0.004,0.000,0.001
4979,0.000,0.004,0.000,0.001
4980,0.000,0.004,0.000,0.001
4981,0.000,0.004,0.000,0.001
4982,0.000,0.004,0.000,0.001
4983,0.000,0.004,0.000,0.001
4984,0.000,0.004,0.000,0.001
4985,0.000,0.004,0.000,0.001
4986,0.000,0.004,0.000,0.001
4987,0.000,0.004,0.000,0.001
4988,0.000,0.004,0.000,0.001
4989,0.000,0.004,0.000,0.001
4990,0.000,0.004,0.000,0.001
4991,0.000,0.004,0.000,0.001
4992,0.000,0.004,0.000,0.001
4993,0.000,0.004,0.000,0.001
4994,0.000,0.004,0.000,0.001
4995,0.000,0.004,0.000,0.001
4996,0.000,0.004,0.000,0.001
4997,0.000,0.004,0.000,0.001
4998,0.000,0.004,0.000,0.001
4999,0.000,0.004,0.000,0.001
5000,0.000,0.004,0.000,0.001
5001,0.000,0.004,0.000,0.001
5002,0.000,0.004,0.000,0.001
5003,0.000,0.004,0.000,0.001
5004,0.000,0.004,0.000,0.001
5005,0.000,0.004,0.000,0.001
5006,0.000,0.004,0.000,0.001
5007,0.000,0.004,0.000,0.001
5008,0.000,0.004,0.000,0.001
5009,0.000,0.004,0.000,0.001
5010,0.000,0.004,0.000,0.001
5011,0.000,0.004,0.000,0.001
5012,0.000,0.004,0.000,0.001
5013,0.000,0.004,0.000,0.001
5014,0.000,0.004,0.000,0.001
5015,0.000,0.004,0.000,0.001
5016,0.000,0.004,0.000,0.001
5017,0.000,0.004,0.000,0.001
5018,0.000,0.004,0.000,0.001
5019,0.000,0.004,0.000,0.001
5020,0.000,0.004,0.000,0.001
5021,0.000,0.004,0.000,0.001
5022,0.000,0.004,0.000,0.001
5023,0.000,0.004,0.000,0.001
5024,0.000,0.004,0.000,0.001
5025,0.000,0.004,0.000,0.001
5026,0.000,0.004,0.000,0.001
5027,0.000,0.004,0.000,0.001
5028,0.000,0.004,0.000,0.001
5029,0.000,0.004,0.000,0.001
5030,0.000,0.004,0.000,0.001
5031,0.000,0.004,0.000,0.001
5032,0.000,0.004,0.000,0.001
5033,0.000,0.004,0.000,0.001
5034,0.000,0.004,0.000,0.001
5035,0.000,0.004,0.000,0.001
5036,0.000,0.004,0.000,0.001
5037,0.000,0.004,0.000,0.001
5038,0.000,0.004,0.000,0.001
5039,0.000,0.004,0.000,0.001
5040,0.000,0.004,0.000,0.001
5041,0.000,0.004,0.000,0.001
5042,0.000,0.004,0.000,0.001
5043,0.000,0.004,0.000,0.001
5044,0.000,0.004,0.000,0.001
5045,0.000,0.004,0.000,0.001
5046,0.000,0.004,0.000,0.001
5047,0.000,0.004,0.000,0.001
5048,0.000,0.004,0.000,0.001
5049,0.000,0.004,0.000,0.001
5050,0.000,0.004,0.000,0.001
5051,0.000,0.004,0.000,0.001
5052,0.000,0.004,0.000,0.001
5053,0.000,0.004,0.000,0.001
5054,0.000,0.004,0.000,0.001
5055,0.000,0.004,0.000,0.001
5056,0.000,0.004,0.000,0.001
5057,0.000,0.004,0.000,0.001
5058,0.000,0.004,0.000,0.001
5059,0.000,0.004,0.000,0.001
5060,0.000,0.004,0.000,0.001
5061,0.000,0.004,0.000,0.001
5062,0.000,0.004,0.000,0.001
5063,0.000,0.004,0.000,0.001
5064,0.000,0.004,0.000,0.001
5065,0.000,0.004,0.000,0.001
5066,0.000,0.004,0.000,0.001
5067,0.000,0.004,0.000,0.001
5068,0.000,0.004,0.000,0.001
5069,0.000,0.004,0.000,0.001
5070,0.000,0.004,0.000,0.001
5071,0.000,0.004,0.000,0.001
5072,0.000,0.004,0.000,0.001
5073,0.000,0.004,0.000,0.001
5074,0.000,0.004,0.000,0.001
5075,0.000,0.004,0.000,0.001
5076,0.000,0.004,0.000,0.001
5077,0.000,0.004,0.000,0.001
5078,0.000,0.004,0.000,0.001
5079,0.000,0.004,0.000,0.001
5080,0.000,0.004,0.000,0.001
5081,0.000,0.004,0.000,0.001
5082,0.000,0.004,0.000,0.001
5083,0.000,0.004,0.000,0.001
5084,0.000,0.004,0.000,0.001
5085,0.000,0.004,0.000,0.001
5086,0.000,0.004,0.000,0.001
5087,0.000,0.004,0.000,0.001
5088,0.000,0.004,0.000,0.001
5089,0.000,0.004,0.000,0.001
5090,0.000,0.004,0.000,0.001
5091,0.000,0.004,0.000,0.001
5092,0.000,0.004,0.000,0.001
5093,0.000,0.004,0.000,0.001
5094,0.000,0.004,0.000,0.001
5095,0.000,0.004,0.000,0.001
5096,0.000,0.004,0.000,0.001
5097,0.000,0.004,0.000,0.001
5098,0.000,0.004,0.000,0.001
5099,0.000,0.004,0.000,0.001
5100,0.000,0.004,0.000,0.001
5101,0.000,0.004,0.000,0.001
5102,0.000,0.004,0.000,0.001
5103,0.000,0.004,0.000,0.001
5104,0.000,0.004,0.000,0.001
5105,0.000,0.004,0.000,0.001
5106,0.000,0.004,0.000,0.001
5107,0.000,0.004,0.000,0.001
5108,0.000,0.004,0.000,0.001
5109,0.000,0.004,0.000,0.001
5110,0.000,0.004,0.000,0.001
5111,0.000,0.004,0.000,0.001
5112,0.000,0.004,0.000,0.001
5113,0.000,0.004,0.000,0.001
5114,0.000,0.004,0.000,0.001
5115,0.000,0.004,0.000,0.001
5116,0.000,0.004,0.000,0.001
5117,0.000,0.004,0.000,0.001
5118,0.000,0.004,0.000,0.001
5119,0.000,0.004,0.000,0.001
5120,0.000,0.004,0.000,0.001
5121,0.000,0.004,0.000,0.001
5122,0.000,0.004,0.000,0.001
5123,0.000,0.004,0.000,0.001
5124,0.000,0.004,0.000,0.001
5125,0.000,0.004,0.000,0.001
5126,0.000,0.004,0.000,0.001
5127,0.000,0.004,0.000,0.001
5128,0.000,0.004,0.000,0.001
5129,0.000,0.004,0.000,0.001
5130,0.000,0.004,0.000,0.001
5131,0.000,0.004,0.000,0.001
5132,0.000,0.004,0.000,0.001
5133,0.000,0.004,0.000,0.001
5134,0.000,0.004,0.000,0.001
5135,0.000,0.004,0.000,0.001
5136,0.000,0.004,0.000,0.001
5137,0.000,0.004,0.000,0.001
5138,0.000,0.004,0.000,0.001
5139,0.000,0.004,0.000,0.001
5140,0.000,0.004,0.000,0.001
5141,0.000,0.004,0.000,0.001
5142,0.000,0.004,0.000,0.001
5143,0.000,0.004,0.000,0.001
5144,0.000,0.004,0.000,0.001
5145,0.000,0.004,0.000,0.001
5146,0.000,0.004,0.000,0.001
5147,0.000,0.004,0.000,0.001
5148,0.000,0.004,0.000,0.001
5149,0.000,0.004,0.000,0.001
5150,0.000,0.004,0.000,0.001
5151,0.000,0.004,0.000,0.001
5152,0.000,0.004,0.000,0.001
5153,0.000,0.004,0.000,0.001
5154,0.000,0.004,0.000,0.001
5155,0.000,0.004,0.000,0.001
5156,0.000,0.004,0.000,0.001
5157,0.000,0.004,0.000,0.001
5158,0.000,0.004,0.000,0.001
5159,0.000,0.004,0.000,0.001
5160,0.000,0.004,0.000,0.001
5161,0.000,0.004,0.000,0.001
5162,0.000,0.004,0.000,0.001
5163,0.000,0.004,0.000,0.001
5164,0.000,0.004,0.000,0.001
5165,0.000,0.004,0.000,0.001
5166,0.000,0.004,0.000,0.001
5167,0.000,0.004,0.000,0.001
5168,0.000,0.004,0.000,0.001
5169,0.000,0.004,0.000,0.001
5170,0.000,0.004,0.000,0.001
5171,0.000,0.004,0.000,0.001
5172,0.000,0.004,0.000,0.001
5173,0.000,0.004,0.000,0.001
5174,0.000,0.004,0.000,0.001
5175,0.000,0.004,0.000,0.001
5176,0.000,0.004,0.000,0.001
5177,0.000,0.004,0.000,0.001
5178,0.000,0.004,0.000,0.001
5179,0.000,0.004,0.000,0.001
5180,0.000,0.004,0.000,0.001
5181,0.000,0.004,0.000,0.001
5182,0.000,0.004,0.000,0.001
5183,0.000,0.004,0.000,0.001
5184,0.000,0.004,0.000,0.001
5185,0.000,0.004,0.000,0.001
5186,0.000,0.004,0.000,0.001
5187,0.000,0.004,0.000,0.001
5188,0.000,0.004,0.000,0.001
5189,0.000,0.004,0.000,0.001
5190,0.000,0.004,0.000,0.001
5191,0.000,0.004,0.000,0.001
5192,0.000,0.004,0.000,0.001
5193,0.000,0.004,0.000,0.001
5194,0.000,0.004,0.000,0.001
5195,0.000,0.004,0.000,0.001
5196,0.000,0.004,0.000,0.001
5197,0.000,0.004,0.000,0.001
5198,0.000,0.004,0.000,0.001
5199,0.000,0.004,0.000,0.001
5200,0.000,0.004,0.000,0.001
5201,0.000,0.004,0.000,0.001
5202,0.000,0.004,0.000,0.001
5203,0.000,0.004,0.000,0.001
5204,0.000,0.004,0.000,0.001
5205,0.000,0.004,0.000,0.001
5206,0.000,0.004,0.000,0.001
5207,0.000,0.004,0.000,0.001
5208,0.000,0.004,0.000,0.001
5209,0.000,0.004,0.000,0.001
5210,0.000,0.004,0.000,0.001
5211,0.000,0.004,0.000,0.001
5212,0.000,0.004,0.000,0.001
5213,0.000,0.004,0.000,0.001
5214,0.000,0.004,0.000,0.001
5215,0.000,0.004,0.000,0.001
5216,0.000,0.004,0.000,0.001
5217,0.000,0.004,0.000,0.001
5218,0.000,0.004,0.000,0.001
5219,0.000,0.004,0.000,0.001
5220,0.000,0.004,0.000,0.001
5221,0.000,0.004,0.000,0.001
5222,0.000,0.004,0.000,0.001
5223,0.000,0.004,0.000,0.001
5224,0.000,0.004,0.000,0.001
5225,0.000,0.004,0.000,0.001
5226,0.000,0.004,0.000,0.001
5227,0.000,0.004,0.000,0.001
5228,0.000,0.004,0.000,0.001
5229,0.000,0.004,0.000,0.001
5230,0.000,0.004,0.000,0.001
5231,0.000,0.004,0.000,0.001
5232,0.000,0.004,0.000,0.001
5233,0.000,0.004,0.000,0.001
5234,0.000,0.004,0.000,0.001
5235,0.000,0.004,0.000,0.001
5236,0.000,0.004,0.000,0.001
5237,0.000,0.004,0.000,0.001
5238,0.000,0.004,0.000,0.001
5239,0.000,0.004,0.000,0.001
5240,0.000,0.004,0.000,0.001
5241,0.000,0.004,0.000,0.001
5242,0.000,0.004,0.000,0.001
5243,0.000,0.004,0.000,0.001
5244,0.000,0.004,0.000,0.001
5245,0.000,0.004,0.000,0.001
5246,0.000,0.004,0.000,0.001
5247,0.000,0.004,0.000,0.001
5248,0.000,0.004,0.000,0.001
5249,0.000,0.004,0.000,0.001
5250,0.000,0.004,0.000,0.001
5251,0.000,0.004,0.000,0.001
5252,0.000,0.004,0.000,0.001
5253,0.000,0.004,0.000,0.001
5254,0.000,0.004,0.000,0.001
5255,0.000,0.004,0.000,0.001
5256,0.000,0.004,0.000,0.001
5257,0.000,0.004,0.000,0.001
5258,0.000,0.004,0.000,0.001
5259,0.000,0.004,0.000,0.001
5260,0.000,0.004,0.000,0.001
5261,0.000,0.004,0.000,0.001
5262,0.000,0.004,0.000,0.001
5263,0.000,0.004,0.000,0.001
5264,0.000,0.004,0.000,0.001
5265,0.000,0.004,0.000,0.001
5266,0.000,0.004,0.000,0.001
5267,0.000,0.004,0.000,0.001
5268,0.000,0.004,0.000,0.001
5269,0.000,0.004,0.000,0.001
5270,0.000,0.004,0.000,0.001
5271,0.000,0.004,0.000,0.001
5272,0.000,0.004,0.000,0.001
5273,0.000,0.004,0.000,0.001
5274,0.000,0.004,0.000,0.001
5275,0.000,0.004,0.000,0.001
5276,0.000,0.004,0.000,0.001
5277,0.000,0.004,0.000,0.001
5278,0.000,0.004,0.000,0.001
5279,0.000,0.004,0.000,0.001
5280,0.000,0.004,0.000,0.001
5281,0.000,0.004,0.000,0.001
5282,0.000,0.004,0.000,0.001
5283,0.000,0.004,0.000,0.001
5284,0.000,0.004,0.000,0.001
5285,0.000,0.004,0.000,0.001
5286,0.000,0.004,0.000,0.001
5287,0.000,0.004,0.000,0.001
5288,0.000,0.004,0.000,0.001
5289,0.000,0.004,0.000,0.001
5290,0.000,0.004,0.000,0.001
5291,0.000,0.004,0.000,0.001
5292,0.000,0.004,0.000,0.001
5293,0.000,0.004,0.000,0.001
5294,0.000,0.004,0.000,0.001
5295,0.000,0.004,0.000,0.001
5296,0.000,0.004,0.000,0.001
5297,0.000,0.004,0.000,0.001
5298,0.000,0.004,0.000,0.001
5299,0.000,0.004,0.000,0.001
5300,0.000,0.004,0.000,0.001
5301,0.000,0.004,0.000,0.001
5302,0.000,0.004,0.000,0.001
5303,0.000,0.004,0.000,0.001
5304,0.000,0.004,0.000,0.001
5305,0.000,0.004,0.000,0.001
5306,0.000,0.004,0.000,0.001
5307,0.000,0.004,0.000,0.001
5308,0.000,0.004,0.000,0.001
5309,0.000,0.004,0.000,0.001
5310,0.000,0.004,0.000,0.001
5311,0.000,0.004,0.000,0.001
5312,0.000,0.004,0.000,0.001
5313,0.000,0.004,0.000,0.001
5314,0.000,0.004,0.000,0.001
5315,0.000,0.004,0.000,0.001
5316,0.000,0.004,0.000,0.001
5317,0.000,0.004,0.000,0.001
5318,0.000,0.004,0.000,0.001
5319,0.000,0.004,0.000,0.001
5320,0.000,0.004,0.000,0.001
5321,0.000,0.004,0.000,0.001
5322,0.000,0.004,0.000,0.001
5323,0.000,0.004,0.000,0.001
5324,0.000,0.004,0.000,0.001
5325,0.000,0.004,0.000,0.001
5326,0.000,0.004,0.000,0.001
5327,0.000,0.004,0.000,0.001
5328,0.000,0.004,0.000,0.001
5329,0.000,0.004,0.000,0.001
5330,0.000,0.004,0.000,0.001
5331,0.000,0.004,0.000,0.001
5332,0.000,0.004,0.000,0.001
5333,0.000,0.004,0.000,0.001
5334,0.000,0.004,0.000,0.001
5335,0.000,0.004,0.000,0.001
5336,0.000,0.004,0.000,0.001
5337,0.000,0.004,0.000,0.001
5338,0.000,0.004,0.000,0.001
5339,0.000,0.004,0.000,0.001
5340,0.000,0.004,0.000,0.001
5341,0.000,0.004,0.000,0.001
5342,0.000,0.004,0.000,0.001
5343,0.000,0.004,0.000,0.001
5344,0.000,0.004,0.000,0.001
5345,0.000,0.004,0.000,0.001
5346,0.000,0.004,0.000,0.001
5347,0.000,0.004,0.000,0.001
5348,0.000,0.004,0.000,0.001
5349,0.000,0.004,0.000,0.001
5350,0.000,0.004,0.000,0.001
5351,0.000,0.004,0.000,0.001
5352,0.000,0.004,0.000,0.001
5353,0.000,0.004,0.000,0.001
5354,0.000,0.004,0.000,0.001
5355,0.000,0.004,0.000,0.001
5356,0.000,0.004,0.000,0.001
5357,0.000,0.004,0.000,0.001
5358,0.000,0.004,0.000,0.001
5359,0.000,0.004,0.000,0.001
5360,0.000,0.004,0.000,0.001
5361,0.000,0.004,0.000,0.001
5362,0.000,0.004,0.000,0.001
5363,0.000,0.004,0.000,0.001
5364,0.000,0.004,0.000,0.001
5365,0.000,0.004,0.000,0.001
5366,0.000,0.004,0.000,0.001
5367,0.000,0.004,0.000,0.001
5368,0.000,0.004,0.000,0.001
5369,0.000,0.004,0.000,0.001
5370,0.000,0.004,0.000,0.001
5371,0.000,0.004,0.000,0.001
5372,0.000,0.004,0.000,0.001
5373,0.000,0.004,0.000,0.001
5374,0.000,0.004,0.000,0.001
5375,0.000,0.004,0.000,0.001
5376,0.000,0.004,0.000,0.001
5377,0.000,0.004,0.000,0.001
5378,0.000,0.004,0.000,0.001
5379,0.000,0.004,0.000,0.001
5380,0.000,0.004,0.000,0.001
5381,0.000,0.004,0.000,0.001
5382,0.000,0.004,0.000,0.001
5383,0.000,0.004,0.000,0.001
5384,0.000,0.004,0.000,0.001
5385,0.000,0.004,0.000,0.001
5386,0.000,0.004,0.000,0.001
5387,0.000,0.004,0.000,0.001
5388,0.000,0.004,0.000,0.001
5389,0.000,0.004,0.000,0.001
5390,0.000,0.004,0.000,0.001
5391,0.000,0.004,0.000,0.001
5392,0.000,0.004,0.000,0.001
5393,0.000,0.004,0.000,0.001
5394,0.000,0.004,0.000,0.001
5395,0.000,0.004,0.000,0.001
5396,0.000,0.004,0.000,0.001
5397,0.000,0.004,0.000,0.001
5398,0.000,0.004,0.000,0.001
5399,0.000,0.004,0.000,0.001
5400,0.000,0.004,0.000,0.001
5401,0.000,0.004,0.000,0.001
5402,0.000,0.004,0.000,0.001
5403,0.000,0.004,0.000,0.001
5404,0.000,0.004,0.000,0.001
5405,0.000,0.004,0.000,0.001
5406,0.000,0.004,0.000,0.001
5407,0.000,0.004,0.000,0.001
5408,0.000,0.004,0.000,0.001
5409,0.000,0.004,0.000,0.001
5410,0.000,0.004,0.000,0.001
5411,0.000,0.004,0.000,0.001
5412,0.000,0.004,0.000,0.001
5413,0.000,0.004,0.000,0.001
5414,0.000,0.004,0.000,0.001
5415,0.000,0.004,0.000,0.001
5416,0.000,0.004,0.000,0.001
5417,0.000,0.004,0.000,0.001
5418,0.000,0.004,0.000,0.001
5419,0.000,0.004,0.000,0.001
5420,0.000,0.004,0.000,0.001
5421,0.000,0.004,0.000,0.001
5422,0.000,0.004,0.000,0.001
5423,0.000,0.004,0.000,0.001
5424,0.000,0.004,0.000,0.001
5425,0.000,0.004,0.000,0.001
5426,0.000,0.004,0.000,0.001
5427,0.000,0.004,0.000,0.001
5428,0.000,0.004,0.000,0.001
5429,0.000,0.004,0.000,0.001
5430,0.000,0.004,0.000,0.001
5431,0.000,0.004,0.000,0.001
5432,0.000,0.004,0.000,0.001
5433,0.000,0.004,0.000,0.001
5434,0.000,0.004,0.000,0.001
5435,0.000,0.004,0.000,0.001
5436,0.000,0.004,0.000,0.001
5437,0.000,0.004,0.000,0.001
5438,0.000,0.004,0.000,0.001
5439,0.000,0.004,0.000,0.001
5440,0.000,0.004,0.000,0.001
5441,0.000,0.004,0.000,0.001
5442,0.000,0.004,0.000,0.001
5443,0.000,0.004,0.000,0.001
5444,0.000,0.004,0.000,0.001
5445,0.000,0.004,0.000,0.001
5446,0.000,0.004,0.000,0.001
5447,0.000,0.004,0.000,0.001
5448,0.000,0.004,0.000,0.001
5449,0.000,0.004,0.000,0.001
5450,0.000,0.004,0.000,0.001
5451,0.000,0.004,0.000,0.001
5452,0.000,0.004,0.000,0.001
5453,0.000,0.004,0.000,0.001
5454,0.000,0.004,0.000,0.001
5455,0.000,0.004,0.000,0.001
5456,0.000,0.004,0.000,0.001
5457,0.000,0.004,0.000,0.001
5458,0.000,0.004,0.000,0.001
5459,0.000,0.004,0.000,0.001
5460,0.000,0.004,0.000,0.001
5461,0.000,0.004,0.000,0.001
5462,0.000,0.004,0.000,0.001
5463,0.000,0.004,0.000,0.001
5464,0.000,0.004,0.000,0.001
5465,0.000,0.004,0.000,0.001
5466,0.000,0.004,0.000,0.001
5467,0.000,0.004,0.000,0.001
5468,0.000,0.004,0.000,0.001
5469,0.000,0.004,0.000,0.001
5470,0.000,0.004,0.000,0.001
5471,0.000,0.004,0.000,0.001
5472,0.000,0.004,0.000,0.001
5473,0.000,0.004,0.000,0.001
5474,0.000,0.004,0.000,0.001
5475,0.000,0.004,0.000,0.001
5476,0.000,0.004,0.000,0.001
5477,0.000,0.004,0.000,0.001
5478,0.000,0.004,0.000,0.001
5479,0.000,0.004,0.000,0.001
5480,0.000,0.004,0.000,0.001
5481,0.000,0.004,0.000,0.001
5482,0.000,0.004,0.000,0.001
5483,0.000,0.004,0.000,0.001
5484,0.000,0.004,0.000,0.001
5485,0.000,0.004,0.000,0.001
5486,0.000,0.004,0.000,0.001
5487,0.000,0.004,0.000,0.001
5488,0.000,0.004,0.000,0.001
5489,0.000,0.004,0.000,0.001
5490,0.000,0.004,0.000,0.001
5491,0.000,0.004,0.000,0.001
5492,0.000,0.004,0.000,0.001
5493,0.000,0.004,0.000,0.001
5494,0.000,0.004,0.000,0.001
5495,0.000,0.004,0.000,0.001
5496,0.000,0.004,0.000,0.001
5497,0.000,0.004,0.000,0.001
5498,0.000,0.004,0.000,0.001
5499,0.000,0.004,0.000,0.001
5500,0.000,0.004,0.000,0.001
5501,0.000,0.004,0.000,0.001
5502,0.000,0.004,0.000,0.001
5503,0.000,0.004,0.000,0.001
5504,0.000,0.004,0.000,0.001
5505,0.000,0.004,0.000,0.001
5506,0.000,0.004,0.000,0.001
5507,0.000,0.004,0.000,0.001
5508,0.000,0.004,0.000,0.001
5509,0.000,0.004,0.000,0.001
5510,0.000,0.004,0.000,0.001
5511,0.000,0.004,0.000,0.001
5512,0.000,0.004,0.000,0.001
5513,0.000,0.004,0.000,0.001
5514,0.000,0.004,0.000,0.001
5515,0.000,0.004,0.000,0.001
5516,0.000,0.004,0.000,0.001
5517,0.000,0.004,0.000,0.001
5518,0.000,0.004,0.000,0.001
5519,0.000,0.004,0.000,0.001
5520,0.000,0.004,0.000,0.001
5521,0.000,0.004,0.000,0.001
5522,0.000,0.004,0.000,0.001
5523,0.000,0.004,0.000,0.001
5524,0.000,0.004,0.000,0.001
5525,0.000,0.004,0.000,0.001
5526,0.000,0.004,0.000,0.001
5527,0.000,0.004,0.000,0.001
5528,0.000,0.004,0.000,0.001
5529,0.000,0.004,0.000,0.001
5530,0.000,0.004,0.000,0.001
5531,0.000,0.004,0.000,0.001
5532,0.000,0.004,0.000,0.001
5533,0.000,0.004,0.000,0.001
5534,0.000,0.004,0.000,0.001
5535,0.000,0.004,0.000,0.001
5536,0.000,0.004,0.000,0.001
5537,0.000,0.004,0.000,0.001
5538,0.000,0.004,0.000,0.001
5539,0.000,0.004,0.000,0.001
5540,0.000,0.004,0.000,0.001
5541,0.000,0.004,0.000,0.001
5542,0.000,0.004,0.000,0.001
5543,0.000,0.004,0.000,0.001
5544,0.000,0.004,0.000,0.001
5545,0.000,0.004,0.000,0.001
5546,0.000,0.004,0.000,0.001
5547,0.000,0.004,0.000,0.001
5548,0.000,0.004,0.000,0.001
5549,0.000,0.004,0.000,0.001
5550,0.000,0.004,0.000,0.001
5551,0.000,0.004,0.000,0.001
5552,0.000,0.004,0.000,0.001
5553,0.000,0.004,0.000,0.001
5554,0.000,0.004,0.000,0.001
5555,0.000,0.004,0.000,0.001
5556,0.000,0.004,0.000,0.001
5557,0.000,0.004,0.000,0.001
5558,0.000,0.004,0.000,0.001
5559,0.000,0.004,0.000,0.001
5560,0.000,0.004,0.000,0.001
5561,0.000,0.004,0.000,0.001
5562,0.000,0.004,0.000,0.001
5563,0.000,0.004,0.000,0.001
5564,0.000,0.004,0.000,0.001
5565,0.000,0.004,0.000,0.001
5566,0.000,0.004,0.000,0.001
5567,0.000,0.004,0.000,0.001
5568,0.000,0.004,0.000,0.001
5569,0.000,0.004,0.000,0.001
5570,0.000,0.004,0.000,0.001
5571,0.000,0.004,0.000,0.001
5572,0.000,0.004,0.000,0.001
5573,0.000,0.004,0.000,0.001
5574,0.000,0.004,0.000,0.001
5575,0.000,0.004,0.000,0.001
5576,0.000,0.004,0.000,0.001
5577,0.000,0.004,0.000,0.001
5578,0.000,0.004,0.000,0.001
5579,0.000,0.004,0.000,0.001
5580,0.000,0.004,0.000,0.001
5581,0.000,0.004,0.000,0.001
5582,0.000,0.004,0.000,0.001
5583,0.000,0.004,0.000,0.001
5584,0.000,0.004,0.000,0.001
5585,0.000,0.004,0.000,0.001
5586,0.000,0.004,0.000,0.001
5587,0.000,0.004,0.000,0.001
5588,0.000,0.004,0.000,0.001
5589,0.000,0.004,0.000,0.001
5590,0.000,0.004,0.000,0.001
5591,0.000,0.004,0.000,0.001
5592,0.000,0.004,0.000,0.001
5593,0.000,0.004,0.000,0.001
5594,0.000,0.004,0.000,0.001
5595,0.000,0.004,0.000,0.001
5596,0.000,0.004,0.000,0.001
5597,0.000,0.004,0.000,0.001
5598,0.000,0.004,0.000,0.001
5599,0.000,0.004,0.000,0.001
5600,0.000,0.004,0.000,0.001
5601,0.000,0.004,0.000,0.001
5602,0.000,0.004,0.000,0.001
5603,0.000,0.004,0.000,0.001
5604,0.000,0.004,0.000,0.001
5605,0.000,0.004,0.000,0.001
5606,0.000,0.004,0.000,0.001
5607,0.000,0.004,0.000,0.001
5608,0.000,0.004,0.000,0.001
5609,0.000,0.004,0.000,0.001
5610,0.000,0.004,0.000,0.001
5611,0.000,0.004,0.000,0.001
5612,0.000,0.004,0.000,0.001
5613,0.000,0.004,0.000,0.001
5614,0.000,0.004,0.000,0.001
5615,0.000,0.004,0.000,0.001
5616,0.000,0.004,0.000,0.001
5617,0.000,0.004,0.000,0.001
5618,0.000,0.004,0.000,0.001
5619,0.000,0.004,0.000,0.001
5620,0.000,0.004,0.000,0.001
5621,0.000,0.004,0.000,0.001
5622,0.000,0.004,0.000,0.001
5623,0.000,0.004,0.000,0.001
5624,0.000,0.004,0.000,0.001
5625,0.000,0.004,0.000,0.001
5626,0.000,0.004,0.000,0.001
5627,0.000,0.004,0.000,0.001
5628,0.000,0.004,0.000,0.001
5629,0.000,0.004,0.000,0.001
5630,0.000,0.004,0.000,0.001
5631,0.000,0.004,0.000,0.001
5632,0.000,0.004,0.000,0.001
5633,0.000,0.004,0.000,0.001
5634,0.000,0.004,0.000,0.001
5635,0.000,0.004,0.000,0.001
5636,0.000,0.004,0.000,0.001
5637,0.000,0.004,0.000,0.001
5638,0.000,0.004,0.000,0.001
5639,0.000,0.004,0.000,0.001
5640,0.000,0.004,0.000,0.001
5641,0.000,0.004,0.000,0.001
5642,0.000,0.004,0.000,0.001
5643,0.000,0.004,0.000,0.001
5644,0.000,0.004,0.000,0.001
5645,0.000,0.004,0.000,0.001
5646,0.000,0.004,0.000,0.001
5647,0.000,0.004,0.000,0.001
5648,0.000,0.004,0.000,0.001
5649,0.000,0.004,0.000,0.001
5650,0.000,0.004,0.000,0.001
5651,0.000,0.004,0.000,0.001
5652,0.000,0.004,0.000,0.001
5653,0.000,0.004,0.000,0.001
5654,0.000,0.004,0.000,0.001
5655,0.000,0.004,0.000,0.001
5656,0.000,0.004,0.000,0.001
5657,0.000,0.004,0.000,0.001
5658,0.000,0.004,0.000,0.001
5659,0.000,0.004,0.000,0.001
5660,0.000,0.004,0.000,0.001
5661,0.000,0.004,0.000,0.001
5662,0.000,0.004,0.000,0.001
5663,0.000,0.004,0.000,0.001
5664,0.000,0.004,0.000,0.001
5665,0.000,0.004,0.000,0.001
5666,0.000,0.004,0.000,0.001
5667,0.000,0.004,0.000,0.001
5668,0.000,0.004,0.000,0.001
5669,0.000,0.004,0.000,0.001
5670,0.000,0.004,0.000,0.001
5671,0.000,0.004,0.000,0.001
5672,0.000,0.004,0.000,0.001
5673,0.000,0.004,0.000,0.001
5674,0.000,0.004,0.000,0.001
5675,0.000,0.004,0.000,0.001
5676,0.000,0.004,0.000,0.001
5677,0.000,0.004,0.000,0.001
5678,0.000,0.004,0.000,0.001
5679,0.000,0.004,0.000,0.001
5680,0.000,0.004,0.000,0.001
5681,0.000,0.004,0.000,0.001
5682,0.000,0.004,0.000,0.001
5683,0.000,0.004,0.000,0.001
5684,0.000,0.004,0.000,0.001
5685,0.000,0.004,0.000,0.001
5686,0.000,0.004,0.000,0.001
5687,0.000,0.004,0.000,0.001
5688,0.000,0.004,0.000,0.001
5689,0.000,0.004,0.000,0.001
5690,0.000,0.004,0.000,0.001
5691,0.000,0.004,0.000,0.001
5692,0.000,0.004,0.000,0.001
5693,0.000,0.004,0.000,0.001
5694,0.000,0.004,0.000,0.001
5695,0.000,0.004,0.000,0.001
5696,0.000,0.004,0.000,0.001
5697,0.000,0.004,0.000,0.001
5698,0.000,0.004,0.000,0.001
5699,0.000,0.004,0.000,0.001
5700,0.000,0.004,0.000,0.001
5701,0.000,0.004,0.000,0.001
5702,0.000,0.004,0.000,0.001
5703,0.000,0.004,0.000,0.001
5704,0.000,0.004,0.000,0.001
5705,0.000,0.004,0.000,0.001
5706,0.000,0.004,0.000,0.001
5707,0.000,0.004,0.000,0.001
5708,0.000,0.004,0.000,0.001
5709,0.000,0.004,0.000,0.001
5710,0.000,0.004,0.000,0.001
5711,0.000,0.004,0.000,0.001
5712,0.000,0.004,0.000,0.001
5713,0.000,0.004,0.000,0.001
5714,0.000,0.004,0.000,0.001
5715,0.000,0.004,0.000,0.001
5716,0.000,0.004,0.000,0.001
5717,0.000,0.004,0.000,0.001
5718,0.000,0.004,0.000,0.001
5719,0.000,0.004,0.000,0.001
5720,0.000,0.004,0.000,0.001
5721,0.000,0.004,0.000,0.001
5722,0.000,0.004,0.000,0.001
5723,0.000,0.004,0.000,0.001
5724,0.000,0.004,0.000,0.001
5725,0.000,0.004,0.000,0.001
5726,0.000,0.004,0.000,0.001
5727,0.000,0.004,0.000,0.001
5728,0.000,0.004,0.000,0.001
5729,0.000,0.004,0.000,0.001
5730,0.000,0.004,0.000,0.001
5731,0.000,0.004,0.000,0.001
5732,0.000,0.004,0.000,0.001
5733,0.000,0.004,0.000,0.001
5734,0.000,0.004,0.000,0.001
5735,0.000,0.004,0.000,0.001
5736,0.000,0.004,0.000,0.001
5737,0.000,0.004,0.000,0.001
5738,0.000,0.004,0.000,0.001
5739,0.000,0.004,0.000,0.001
5740,0.000,0.004,0.000,0.001
5741,0.000,0.004,0.000,0.001
5742,0.000,0.004,0.000,0.001
5743,0.000,0.004,0.000,0.001
5744,0.000,0.004,0.000,0.001
5745,0.000,0.004,0.000,0.001
5746,0.000,0.004,0.000,0.001
5747,0.000,0.004,0.000,0.001
5748,0.000,0.004,0.000,0.001
5749,0.000,0.004,0.000,0.001
5750,0.000,0.004,0.000,0.001
5751,0.000,0.004,0.000,0.001
5752,0.000,0.004,0.000,0.001
5753,0.000,0.004,0.000,0.001
5754,0.000,0.004,0.000,0.001
5755,0.000,0.004,0.000,0.001
5756,0.000,0.004,0.000,0.001
5757,0.000,0.004,0.000,0.001
5758,0.000,0.004,0.000,0.001
5759,0.000,0.004,0.000,0.001
5760,0.000,0.004,0.000,0.001
5761,0.000,0.004,0.000,0.001
5762,0.000,0.004,0.000,0.001
5763,0.000,0.004,0.000,0.001
5764,0.000,0.004,0.000,0.001
5765,0.000,0.004,0.000,0.001
5766,0.000,0.004,0.000,0.001
5767,0.000,0.004,0.000,0.001
5768,0.000,0.004,0.000,0.001
5769,0.000,0.004,0.000,0.001
5770,0.000,0.004,0.000,0.001
5771,0.000,0.004,0.000,0.001
5772,0.000,0.004,0.000,0.001
5773,0.000,0.004,0.000,0.001
5774,0.000,0.004,0.000,0.001
5775,0.000,0.004,0.000,0.001
5776,0.000,0.004,0.000,0.001
5777,0.000,0.004,0.000,0.001
5778,0.000,0.004,0.000,0.001
5779,0.000,0.004,0.000,0.001
5780,0.000,0.004,0.000,0.001
5781,0.000,0.004,0.000,0.001
5782,0.000,0.004,0.000,0.001
5783,0.000,0.004,0.000,0.001
5784,0.000,0.004,0.000,0.001
5785,0.000,0.004,0.000,0.001
5786,0.000,0.004,0.000,0.001
5787,0.000,0.004,0.000,0.001
5788,0.000,0.004,0.000,0.001
5789,0.000,0.004,0.000,0.001
5790,0.000,0.004,0.000,0.001
5791,0.000,0.004,0.000,0.001
5792,0.000,0.004,0.000,0.001
5793,0.000,0.004,0.000,0.001
5794,0.000,0.004,0.000,0.001
5795,0.000,0.004,0.000,0.001
5796,0.000,0.004,0.000,0.001
5797,0.000,0.004,0.000,0.001
5798,0.000,0.004,0.000,0.001
5799,0.000,0.004,0.000,0.001
5800,0.000,0.004,0.000,0.001
5801,0.000,0.004,0.000,0.001
5802,0.000,0.004,0.000,0.001
5803,0.000,0.004,0.000,0.001
5804,0.000,0.004,0.000,0.001
5805,0.000,0.004,0.000,0.001
5806,0.000,0.004,0.000,0.001
5807,0.000,0.004,0.000,0.001
5808,0.000,0.004,0.000,0.001
5809,0.000,0.004,0.000,0.001
5810,0.000,0.004,0.000,0.001
5811,0.000,0.004,0.000,0.001
5812,0.000,0.004,0.000,0.001
5813,0.000,0.004,0.000,0.001
5814,0.000,0.004,0.000,0.001
5815,0.000,0.004,0.000,0.001
5816,0.000,0.004,0.000,0.001
5817,0.000,0.004,0.000,0.001
5818,0.000,0.004,0.000,0.001
5819,0.000,0.004,0.000,0.001
5820,0.000,0.004,0.000,0.001
5821,0.000,0.004,0.000,0.001
5822,0.000,0.004,0.000,0.001
5823,0.000,0.004,0.000,0.001
5824,0.000,0.004,0.000,0.001
5825,0.000,0.004,0.000,0.001
5826,0.000,0.004,0.000,0.001
5827,0.000,0.004,0.000,0.001
5828,0.000,0.004,0.000,0.001
5829,0.000,0.004,0.000,0.001
5830,0.000,0.004,0.000,0.001
5831,0.000,0.004,0.000,0.001
5832,0.000,0.004,0.000,0.001
5833,0.000,0.004,0.000,0.001
5834,0.000,0.004,0.000,0.001
5835,0.000,0.004,0.000,0.001
5836,0.000,0.004,0.000,0.001
5837,0.000,0.004,0.000,0.001
5838,0.000,0.004,0.000,0.001
5839,0.000,0.004,0.000,0.001
5840,0.000,0.004,0.000,0.001
5841,0.000,0.004,0.000,0.001
5842,0.000,0.004,0.000,0.001
5843,0.000,0.004,0.000,0.001
5844,0.000,0.004,0.000,0.001
5845,0.000,0.004,0.000,0.001
5846,0.000,0.004,0.000,0.001
5847,0.000,0.004,0.000,0.001
5848,0.000,0.004,0.000,0.001
5849,0.000,0.004,0.000,0.001
5850,0.000,0.004,0.000,0.001
5851,0.000,0.004,0.000,0.001
5852,0.000,0.004,0.000,0.001
5853,0.000,0.004,0.000,0.001
5854,0.000,0.004,0.000,0.001
5855,0.000,0.004,0.000,0.001
5856,0.000,0.004,0.000,0.001
5857,0.000,0.004,0.000,0.001
5858,0.000,0.004,0.000,0.001
5859,0.000,0.004,0.000,0.001
5860,0.000,0.004,0.000,0.001
5861,0.000,0.004,0.000,0.001
5862,0.000,0.004,0.000,0.001
5863,0.000,0.004,0.000,0.001
5864,0.000,0.004,0.000,0.001
5865,0.000,0.004,0.000,0.001
5866,0.000,0.004,0.000,0.001
5867,0.000,0.004,0.000,0.001
5868,0.000,0.004,0.000,0.001
5869,0.000,0.004,0.000,0.001
5870,0.000,0.004,0.000,0.001
5871,0.000,0.004,0.000,0.001
5872,0.000,0.004,0.000,0.001
5873,0.000,0.004,0.000,0.001
5874,0.000,0.004,0.000,0.001
5875,0.000,0.004,0.000,0.001
5876,0.000,0.004,0.000,0.001
5877,0.000,0.004,0.000,0.001
5878,0.000,0.004,0.000,0.001
5879,0.000,0.004,0.000,0.001
5880,0.000,0.004,0.000,0.001
5881,0.000,0.004,0.000,0.001
5882,0.000,0.004,0.000,0.001
5883,0.000,0.004,0.000,0.001
5884,0.000,0.004,0.000,0.001
5885,0.000,0.004,0.000,0.001
5886,0.000,0.004,0.000,0.001
5887,0.000,0.004,0.000,0.001
5888,0.000,0.004,0.000,0.001
5889,0.000,0.004,0.000,0.001
5890,0.000,0.004,0.000,0.001
5891,0.000,0.004,0.000,0.001
5892,0.000,0.004,0.000,0.001
5893,0.000,0.004,0.000,0.001
5894,0.000,0.004,0.000,0.001
5895,0.000,0.004,0.000,0.001
5896,0.000,0.004,0.000,0.001
5897,0.000,0.004,0.000,0.001
5898,0.000,0.004,0.000,0.001
5899,0.000,0.004,0.000,0.001
5900,0.000,0.004,0.000,0.001
5901,0.000,0.004,0.000,0.001
5902,0.000,0.004,0.000,0.001
5903,0.000,0.004,0.000,0.001
5904,0.000,0.004,0.000,0.001
5905,0.000,0.004,0.000,0.001
5906,0.000,0.004,0.000,0.001
5907,0.000,0.004,0.000,0.001
5908,0.000,0.004,0.000,0.001
5909,0.000,0.004,0.000,0.001
5910,0.000,0.004,0.000,0.001
5911,0.000,0.004,0.000,0.001
5912,0.000,0.004,0.000,0.001
5913,0.000,0.004,0.000,0.001
5914,0.000,0.004,0.000,0.001
5915,0.000,0.004,0.000,0.001
5916,0.000,0.004,0.000,0.001
5917,0.000,0.004,0.000,0.001
5918,0.000,0.004,0.000,0.001
5919,0.000,0.004,0.000,0.001
5920,0.000,0.004,0.000,0.001
5921,0.000,0.004,0.000,0.001
5922,0.000,0.004,0.000,0.001
5923,0.000,0.004,0.000,0.001
5924,0.000,0.004,0.000,0.001
5925,0.000,0.004,0.000,0.001
5926,0.000,0.004,0.000,0.001
5927,0.000,0.004,0.000,0.001
5928,0.000,0.004,0.000,0.001
5929,0.000,0.004,0.000,0.001
5930,0.000,0.004,0.000,0.001
5931,0.000,0.004,0.000,0.001
5932,0.000,0.004,0.000,0.001
5933,0.000,0.004,0.000,0.001
5934,0.000,0.004,0.000,0.001
5935,0.000,0.004,0.000,0.001
5936,0.000,0.004,0.000,0.001
5937,0.000,0.004,0.000,0.001
5938,0.000,0.004,0.000,0.001
5939,0.000,0.004,0.000,0.001
5940,0.000,0.004,0.000,0.001
5941,0.000,0.004,0.000,0.001
5942,0.000,0.004,0.000,0.001
5943,0.000,0.004,0.000,0.001
5944,0.000,0.004,0.000,0.001
5945,0.000,0.004,0.000,0.001
5946,0.000,0.004,0.000,0.001
5947,0.000,0.004,0.000,0.001
5948,0.000,0.004,0.000,0.001
5949,0.000,0.004,0.000,0.001
5950,0.000,0.004,0.000,0.001
5951,0.000,0.004,0.000,0.001
5952,0.000,0.004,0.000,0.001
5953,0.000,0.004,0.000,0.001
5954,0.000,0.004,0.000,0.001
5955,0.000,0.004,0.000,0.001
5956,0.000,0.004,0.000,0.001
5957,0.000,0.004,0.000,0.001
5958,0.000,0.004,0.000,0.001
5959,0.000,0.004,0.000,0.001
5960,0.000,0.004,0.000,0.001
5961,0.000,0.004,0.000,0.001
5962,0.000,0.004,0.000,0.001
5963,0.000,0.004,0.000,0.001
5964,0.000,0.004,0.000,0.001
5965,0.000,0.004,0.000,0.001
5966,0.000,0.004,0.000,0.001
5967,0.000,0.004,0.000,0.001
5968,0.000,0.004,0.000,0.001
5969,0.000,0.004,0.000,0.001
5970,0.000,0.004,0.000,0.001
5971,0.000,0.004,0.000,0.001
5972,0.000,0.004,0.000,0.001
5973,0.000,0.004,0.000,0.001
5974,0.000,0.004,0.000,0.001
5975,0.000,0.004,0.000,0.001
5976,0.000,0.004,0.000,0.001
5977,0.000,0.004,0.000,0.001
5978,0.000,0.004,0.000,0.001
5979,0.000,0.004,0.000,0.001
5980,0.000,0.004,0.000,0.001
5981,0.000,0.004,0.000,0.001
5982,0.000,0.004,0.000,0.001
5983,0.000,0.004,0.000,0.001
5984,0.000,0.004,0.000,0.001
5985,0.000,0.004,0.000,0.001
5986,0.000,0.004,0.000,0.001
5987,0.000,0.004,0.000,0.001
5988,0.000,0.004,0.000,0.001
5989,0.000,0.004,0.000,0.001
5990,0.000,0.004,0.000,0.001
5991,0.000,0.004,0.000,0.001
5992,0.000,0.004,0.000,0.001
5993,0.000,0.004,0.000,0.001
5994,0.000,0.004,0.000,0.001
5995,0.000,0.004,0.000,0.001
5996,0.000,0.004,0.000,0.001
5997,0.000,0.004,0.000,0.001
5998,0.000,0.004,0.000,0.001
5999,0.000,0.004,0.000,0.001
6000,0.000,0.004,0.000,0.001
6001,0.000,0.004,0.000,0.001
6002,0.000,0.004,0.000,0.001
6003,0.000,0.004,0.000,0.001
6004,0.000,0.004,0.000,0.001
6005,0.000,0.004,0.000,0.001
6006,0.000,0.004,0.000,0.001
6007,0.000,0.004,0.000,0.001
6008,0.000,0.004,0.000,0.001
6009,0.000,0.004,0.000,0.001
6010,0.000,0.004,0.000,0.001
6011,0.000,0.004,0.000,0.001
6012,0.000,0.004,0.000,0.001
6013,0.000,0.004,0.000,0.001
6014,0.000,0.004,0.000,0.001
6015,0.000,0.004,0.000,0.001
6016,0.000,0.004,0.000,0.001
6017,0.000,0.004,0.000,0.001
6018,0.000,0.004,0.000,0.001
6019,0.000,0.004,0.000,0.001
6020,0.000,0.004,0.000,0.001
6021,0.000,0.004,0.000,0.001
6022,0.000,0.004,0.000,0.001
6023,0.000,0.004,0.000,0.001
6024,0.000,0.004,0.000,0.001
6025,0.000,0.004,0.000,0.001
6026,0.000,0.004,0.000,0.001
6027,0.000,0.004,0.000,0.001
6028,0.000,0.004,0.000,0.001
6029,0.000,0.004,0.000,0.001
6030,0.000,0.004,0.000,0.001
6031,0.000,0.004,0.000,0.001
6032,0.000,0.004,0.000,0.001
6033,0.000,0.004,0.000,0.001
6034,0.000,0.004,0.000,0.001
6035,0.000,0.004,0.000,0.001
6036,0.000,0.004,0.000,0.001
6037,0.000,0.004,0.000,0.001
6038,0.000,0.004,0.000,0.001
6039,0.000,0.004,0.000,0.001
6040,0.000,0.004,0.000,0.001
6041,0.000,0.004,0.000,0.001
6042,0.000,0.004,0.000,0.001
6043,0.000,0.004,0.000,0.001
6044,0.000,0.004,0.000,0.001
6045,0.000,0.004,0.000,0.001
6046,0.000,0.004,0.000,0.001
6047,0.000,0.004,0.000,0.001
6048,0.000,0.004,0.000,0.001
6049,0.000,0.004,0.000,0.001
6050,0.000,0.004,0.000,0.001
6051,0.000,0.004,0.000,0.001
6052,0.000,0.004,0.000,0.001
6053,0.000,0.004,0.000,0.001
6054,0.000,0.004,0.000,0.001
6055,0.000,0.004,0.000,0.001
6056,0.000,0.004,0.000,0.001
6057,0.000,0.004,0.000,0.001
6058,0.000,0.004,0.000,0.001
6059,0.000,0.004,0.000,0.001
6060,0.000,0.004,0.000,0.001
6061,0.000,0.004,0.000,0.001
6062,0.000,0.004,0.000,0.001
6063,0.000,0.004,0.000,0.001
6064,0.000,0.004,0.000,0.001
6065,0.000,0.004,0.000,0.001
6066,0.000,0.004,0.000,0.001
6067,0.000,0.004,0.000,0.001
6068,0.000,0.004,0.000,0.001
6069,0.000,0.004,0.000,0.001
6070,0.000,0.004,0.000,0.001
6071,0.000,0.004,0.000,0.001
6072,0.000,0.004,0.000,0.001
6073,0.000,0.004,0.000,0.001
6074,0.000,0.004,0.000,0.001
6075,0.000,0.004,0.000,0.001
6076,0.000,0.004,0.000,0.001
6077,0.000,0.004,0.000,0.001
6078,0.000,0.004,0.000,0.001
6079,0.000,0.004,0.000,0.001
6080,0.000,0.004,0.000,0.001
6081,0.000,0.004,0.000,0.001
6082,0.000,0.004,0.000,0.001
6083,0.000,0.004,0.000,0.001
6084,0.000,0.004,0.000,0.001
6085,0.000,0.004,0.000,0.001
6086,0.000,0.004,0.000,0.001
6087,0.000,0.004,0.000,0.001
6088,0.000,0.004,0.000,0.001
6089,0.000,0.004,0.000,0.001
6090,0.000,0.004,0.000,0.001
6091,0.000,0.004,0.000,0.001
6092,0.000,0.004,0.000,0.001
6093,0.000,0.004,0.000,0.001
6094,0.000,0.004,0.000,0.001
6095,0.000,0.004,0.000,0.001
6096,0.000,0.004,0.000,0.001
6097,0.000,0.004,0.000,0.001
6098,0.000,0.004,0.000,0.001
6099,0.000,0.004,0.000,0.001
6100,0.000,0.004,0.000,0.001
6101,0.000,0.004,0.000,0.001
6102,0.000,0.004,0.000,0.001
6103,0.000,0.004,0.000,0.001
6104,0.000,0.004,0.000,0.001
6105,0.000,0.004,0.000,0.001
6106,0.000,0.004,0.000,0.001
6107,0.000,0.004,0.000,0.001
6108,0.000,0.004,0.000,0.001
6109,0.000,0.004,0.000,0.001
6110,0.000,0.004,0.000,0.001
6111,0.000,0.004,0.000,0.001
6112,0.000,0.004,0.000,0.001
6113,0.000,0.004,0.000,0.001
6114,0.000,0.004,0.000,0.001
6115,0.000,0.004,0.000,0.001
6116,0.000,0.004,0.000,0.001
6117,0.000,0.004,0.000,0.001
6118,0.000,0.004,0.000,0.001
6119,0.000,0.004,0.000,0.001
6120,0.000,0.004,0.000,0.001
6121,0.000,0.004,0.000,0.001
6122,0.000,0.004,0.000,0.001
6123,0.000,0.004,0.000,0.001
6124,0.000,0.004,0.000,0.001
6125,0.000,0.004,0.000,0.001
6126,0.000,0.004,0.000,0.001
6127,0.000,0.004,0.000,0.001
6128,0.000,0.004,0.000,0.001
6129,0.000,0.004,0.000,0.001
6130,0.000,0.004,0.000,0.001
6131,0.000,0.004,0.000,0.001
6132,0.000,0.004,0.000,0.001
6133,0.000,0.004,0.000,0.001
6134,0.000,0.004,0.000,0.001
6135,0.000,0.004,0.000,0.001
6136,0.000,0.004,0.000,0.001
6137,0.000,0.004,0.000,0.001
6138,0.000,0.004,0.000,0.001
6139,0.000,0.004,0.000,0.001
6140,0.000,0.004,0.000,0.001
6141,0.000,0.004,0.000,0.001
6142,0.000,0.004,0.000,0.001
6143,0.000,0.004,0.000,0.001
6144,0.000,0.004,0.000,0.001
6145,0.000,0.004,0.000,0.001
6146,0.000,0.004,0.000,0.001
6147,0.000,0.004,0.000,0.001
6148,0.000,0.004,0.000,0.001
6149,0.000,0.004,0.000,0.001
6150,0.000,0.004,0.000,0.001
6151,0.000,0.004,0.000,0.001
6152,0.000,0.004,0.000,0.001
6153,0.000,0.004,0.000,0.001
6154,0.000,0.004,0.000,0.001
6155,0.000,0.004,0.000,0.001
6156,0.000,0.004,0.000,0.001
6157,0.000,0.004,0.000,0.001
6158,0.000,0.004,0.000,0.001
6159,0.000,0.004,0.000,0.001
6160,0.000,0.004,0.000,0.001
6161,0.000,0.004,0.000,0.001
6162,0.000,0.004,0.000,0.001
6163,0.000,0.004,0.000,0.001
6164,0.000,0.004,0.000,0.001
6165,0.000,0.004,0.000,0.001
6166,0.000,0.004,0.000,0.001
6167,0.000,0.004,0.000,0.001
6168,0.000,0.004,0.000,0.001
6169,0.000,0.004,0.000,0.001
6170,0.000,0.004,0.000,0.001
6171,0.000,0.004,0.000,0.001
6172,0.000,0.004,0.000,0.001
6173,0.000,0.004,0.000,0.001
6174,0.000,0.004,0.000,0.001
6175,0.000,0.004,0.000,0.001
6176,0.000,0.004,0.000,0.001
6177,0.000,0.004,0.000,0.001
6178,0.000,0.004,0.000,0.001
6179,0.000,0.004,0.000,0.001
6180,0.000,0.004,0.000,0.001
6181,0.000,0.004,0.000,0.001
6182,0.000,0.004,0.000,0.001
6183,0.000,0.004,0.000,0.001
6184,0.000,0.004,0.000,0.001
6185,0.000,0.004,0.000,0.001
6186,0.000,0.004,0.000,0.001
6187,0.000,0.004,0.000,0.001
6188,0.000,0.004,0.000,0.001
6189,0.000,0.004,0.000,0.001
6190,0.000,0.004,0.000,0.001
6191,0.000,0.004,0.000,0.001
6192,0.000,0.004,0.000,0.001
6193,0.000,0.004,0.000,0.001
6194,0.000,0.004,0.000,0.001
6195,0.000,0.004,0.000,0.001
6196,0.000,0.004,0.000,0.001
6197,0.000,0.004,0.000,0.001
6198,0.000,0.004,0.000,0.001
6199,0.000,0.004,0.000,0.001
6200,0.000,0.004,0.000,0.001
6201,0.000,0.004,0.000,0.001
6202,0.000,0.004,0.000,0.001
6203,0.000,0.004,0.000,0.001
6204,0.000,0.004,0.000,0.001
6205,0.000,0.004,0.000,0.001
6206,0.000,0.004,0.000,0.001
6207,0.000,0.004,0.000,0.001
6208,0.000,0.004,0.000,0.001
6209,0.000,0.004,0.000,0.001
6210,0.000,0.004,0.000,0.001
6211,0.000,0.004,0.000,0.001
6212,0.000,0.004,0.000,0.001
6213,0.000,0.004,0.000,0.001
6214,0.000,0.004,0.000,0.001
6215,0.000,0.004,0.000,0.001
6216,0.000,0.004,0.000,0.001
6217,0.000,0.004,0.000,0.001
6218,0.000,0.004,0.000,0.001
6219,0.000,0.004,0.000,0.001
6220,0.000,0.004,0.000,0.001
6221,0.000,0.004,0.000,0.001
6222,0.000,0.004,0.000,0.001
6223,0.000,0.004,0.000,0.001
6224,0.000,0.004,0.000,0.001
6225,0.000,0.004,0.000,0.001
6226,0.000,0.004,0.000,0.001
6227,0.000,0.004,0.000,0.001
6228,0.000,0.004,0.000,0.001
6229,0.000,0.004,0.000,0.001
6230,0.000,0.004,0.000,0.001
6231,0.000,0.004,0.000,0.001
6232,0.000,0.004,0.000,0.001
6233,0.000,0.004,0.000,0.001
6234,0.000,0.004,0.000,0.001
6235,0.000,0.004,0.000,0.001
6236,0.000,0.004,0.000,0.001
6237,0.000,0.004,0.000,0.001
6238,0.000,0.004,0.000,0.001
6239,0.000,0.004,0.000,0.001
6240,0.000,0.004,0.000,0.001
6241,0.000,0.004,0.000,0.001
6242,0.000,0.004,0.000,0.001
6243,0.000,0.004,0.000,0.001
6244,0.000,0.004,0.000,0.001
6245,0.000,0.004,0.000,0.001
6246,0.000,0.004,0.000,0.001
6247,0.000,0.004,0.000,0.001
6248,0.000,0.004,0.000,0.001
6249,0.000,0.004,0.000,0.001
6250,0.000,0.004,0.000,0.001
6251,0.000,0.004,0.000,0.001
6252,0.000,0.004,0.000,0.001
6253,0.000,0.004,0.000,0.001
6254,0.000,0.004,0.000,0.001
6255,0.000,0.004,0.000,0.001
6256,0.000,0.004,0.000,0.001
6257,0.000,0.004,0.000,0.001
6258,0.000,0.004,0.000,0.001
6259,0.000,0.004,0.000,0.001
6260,0.000,0.004,0.000,0.001
6261,0.000,0.004,0.000,0.001
6262,0.000,0.004,0.000,0.001
6263,0.000,0.004,0.000,0.001
6264,0.000,0.004,0.000,0.001
6265,0.000,0.004,0.000,0.001
6266,0.000,0.004,0.000,0.001
6267,0.000,0.004,0.000,0.001
6268,0.000,0.004,0.000,0.001
6269,0.000,0.004,0.000,0.001
6270,0.000,0.004,0.000,0.001
6271,0.000,0.004,0.000,0.001
6272,0.000,0.004,0.000,0.001
6273,0.000,0.004,0.000,0.001
6274,0.000,0.004,0.000,0.001
6275,0.000,0.004,0.000,0.001
6276,0.000,0.004,0.000,0.001
6277,0.000,0.004,0.000,0.001
6278,0.000,0.004,0.000,0.001
6279,0.000,0.004,0.000,0.001
6280,0.000,0.004,0.000,0.001
6281,0.000,0.004,0.000,0.001
6282,0.000,0.004,0.000,0.001
6283,0.000,0.004,0.000,0.001
6284,0.000,0.004,0.000,0.001
6285,0.000,0.004,0.000,0.001
6286,0.000,0.004,0.000,0.001
6287,0.000,0.004,0.000,0.001
6288,0.000,0.004,0.000,0.001
6289,0.000,0.004,0.000,0.001
6290,0.000,0.004,0.000,0.001
6291,0.000,0.004,0.000,0.001
6292,0.000,0.004,0.000,0.001
6293,0.000,0.004,0.000,0.001
6294,0.000,0.004,0.000,0.001
6295,0.000,0.004,0.000,0.001
6296,0.000,0.004,0.000,0.001
6297,0.000,0.004,0.000,0.001
6298,0.000,0.004,0.000,0.001
6299,0.000,0.004,0.000,0.001
6300,0.000,0.004,0.000,0.001
6301,0.000,0.004,0.000,0.001
6302,0.000,0.004,0.000,0.001
6303,0.000,0.004,0.000,0.001
6304,0.000,0.004,0.000,0.001
6305,0.000,0.004,0.000,0.001
6306,0.000,0.004,0.000,0.001
6307,0.000,0.004,0.000,0.001
6308,0.000,0.004,0.000,0.001
6309,0.000,0.004,0.000,0.001
6310,0.000,0.004,0.000,0.001
6311,0.000,0.004,0.000,0.001
6312,0.000,0.004,0.000,0.001
6313,0.000,0.004,0.000,0.001
6314,0.000,0.004,0.000,0.001
6315,0.000,0.004,0.000,0.001
6316,0.000,0.004,0.000,0.001
6317,0.000,0.004,0.000,0.001
6318,0.000,0.004,0.000,0.001
6319,0.000,0.004,0.000,0.001
6320,0.000,0.004,0.000,0.001
6321,0.000,0.004,0.000,0.001
6322,0.000,0.004,0.000,0.001
6323,0.000,0.004,0.000,0.001
6324,0.000,0.004,0.000,0.001
6325,0.000,0.004,0.000,0.001
6326,0.000,0.004,0.000,0.001
6327,0.000,0.004,0.000,0.001
6328,0.000,0.004,0.000,0.001
6329,0.000,0.004,0.000,0.001
6330,0.000,0.004,0.000,0.001
6331,0.000,0.004,0.000,0.001
6332,0.000,0.004,0.000,0.001
6333,0.000,0.004,0.000,0.001
6334,0.000,0.004,0.000,0.001
6335,0.000,0.004,0.000,0.001
6336,0.000,0.004,0.000,0.001
6337,0.000,0.004,0.000,0.001
6338,0.000,0.004,0.000,0.001
6339,0.000,0.004,0.000,0.001
6340,0.000,0.004,0.000,0.001
6341,0.000,0.004,0.000,0.001
6342,0.000,0.004,0.000,0.001
6343,0.000,0.004,0.000,0.001
6344,0.000,0.004,0.000,0.001
6345,0.000,0.004,0.000,0.001
6346,0.000,0.004,0.000,0.001
6347,0.000,0.004,0.000,0.001
6348,0.000,0.004,0.000,0.001
6349,0.000,0.004,0.000,0.001
6350,0.000,0.004,0.000,0.001
6351,0.000,0.004,0.000,0.001
6352,0.000,0.004,0.000,0.001
6353,0.000,0.004,0.000,0.001
6354,0.000,0.004,0.000,0.001
6355,0.000,0.004,0.000,0.001
6356,0.000,0.004,0.000,0.001
6357,0.000,0.004,0.000,0.001
6358,0.000,0.004,0.000,0.001
6359,0.000,0.004,0.000,0.001
6360,0.000,0.004,0.000,0.001
6361,0.000,0.004,0.000,0.001
6362,0.000,0.004,0.000,0.001
6363,0.000,0.004,0.000,0.001
6364,0.000,0.004,0.000,0.001
6365,0.000,0.004,0.000,0.001
6366,0.000,0.004,0.000,0.001
6367,0.000,0.004,0.000,0.001
6368,0.000,0.004,0.000,0.001
6369,0.000,0.004,0.000,0.001
6370,0.000,0.004,0.000,0.001
6371,0.000,0.004,0.000,0.001
6372,0.000,0.004,0.000,0.001
6373,0.000,0.004,0.000,0.001
6374,0.000,0.004,0.000,0.001
6375,0.000,0.004,0.000,0.001
6376,0.000,0.004,0.000,0.001
6377,0.000,0.004,0.000,0.001
6378,0.000,0.004,0.000,0.001
6379,0.000,0.004,0.000,0.001
6380,0.000,0.004,0.000,0.001
6381,0.000,0.004,0.000,0.001
6382,0.000,0.004,0.000,0.001
6383,0.000,0.004,0.000,0.001
6384,0.000,0.004,0.000,0.001
6385,0.000,0.004,0.000,0.001
6386,0.000,0.004,0.000,0.001
6387,0.000,0.004,0.000,0.001
6388,0.000,0.004,0.000,0.001
6389,0.000,0.004,0.000,0.001
6390,0.000,0.004,0.000,0.001
6391,0.000,0.004,0.000,0.001
6392,0.000,0.004,0.000,0.001
6393,0.000,0.004,0.000,0.001
6394,0.000,0.004,0.000,0.001
6395,0.000,0.004,0.000,0.001
6396,0.000,0.004,0.000,0.001
6397,0.000,0.004,0.000,0.001
6398,0.000,0.004,0.000,0.001
6399,0.000,0.004,0.000,0.001
6400,0.000,0.004,0.000,0.001
6401,0.000,0.004,0.000,0.001
6402,0.000,0.004,0.000,0.001
6403,0.000,0.004,0.000,0.001
6404,0.000,0.004,0.000,0.001
6405,0.000,0.004,0.000,0.001
6406,0.000,0.004,0.000,0.001
6407,0.000,0.004,0.000,0.001
6408,0.000,0.004,0.000,0.001
6409,0.000,0.004,0.000,0.001
6410,0.000,0.004,0.000,0.001
6411,0.000,0.004,0.000,0.001
6412,0.000,0.004,0.000,0.001
6413,0.000,0.004,0.000,0.001
6414,0.000,0.004,0.000,0.001
6415,0.000,0.004,0.000,0.001
6416,0.000,0.004,0.000,0.001
6417,0.000,0.004,0.000,0.001
6418,0.000,0.004,0.000,0.001
6419,0.000,0.004,0.000,0.001
6420,0.000,0.004,0.000,0.001
6421,0.000,0.004,0.000,0.001
6422,0.000,0.004,0.000,0.001
6423,0.000,0.004,0.000,0.001
6424,0.000,0.004,0.000,0.001
6425,0.000,0.004,0.000,0.001
6426,0.000,0.004,0.000,0.001
6427,0.000,0.004,0.000,0.001
6428,0.000,0.004,0.000,0.001
6429,0.000,0.004,0.000,0.001
6430,0.000,0.004,0.000,0.001
6431,0.000,0.004,0.000,0.001
6432,0.000,0.004,0.000,0.001
6433,0.000,0.004,0.000,0.001
6434,0.000,0.004,0.000,0.001
6435,0.000,0.004,0.000,0.001
6436,0.000,0.004,0.000,0.001
6437,0.000,0.004,0.000,0.001
6438,0.000,0.004,0.000,0.001
6439,0.000,0.004,0.000,0.001
6440,0.000,0.004,0.000,0.001
6441,0.000,0.004,0.000,0.001
6442,0.000,0.004,0.000,0.001
6443,0.000,0.004,0.000,0.001
6444,0.000,0.004,0.000,0.001
6445,0.000,0.004,0.000,0.001
6446,0.000,0.004,0.000,0.001
6447,0.000,0.004,0.000,0.001
6448,0.000,0.004,0.000,0.001
6449,0.000,0.004,0.000,0.001
6450,0.000,0.004,0.000,0.001
6451,0.000,0.004,0.000,0.001
6452,0.000,0.004,0.000,0.001
6453,0.000,0.004,0.000,0.001
6454,0.000,0.004,0.000,0.001
6455,0.000,0.004,0.000,0.001
6456,0.000,0.004,0.000,0.001
6457,0.000,0.004,0.000,0.001
6458,0.000,0.004,0.000,0.001
6459,0.000,0.004,0.000,0.001
6460,0.000,0.004,0.000,0.001
6461,0.000,0.004,0.000,0.001
6462,0.000,0.004,0.000,0.001
6463,0.000,0.004,0.000,0.001
6464,0.000,0.004,0.000,0.001
6465,0.000,0.004,0.000,0.001
6466,0.000,0.004,0.000,0.001
6467,0.000,0.004,0.000,0.001
6468,0.000,0.004,0.000,0.001
6469,0.000,0.004,0.000,0.001
6470,0.000,0.004,0.000,0.001
6471,0.000,0.004,0.000,0.001
6472,0.000,0.004,0.000,0.001
6473,0.000,0.004,0.000,0.001
6474,0.000,0.004,0.000,0.001
6475,0.000,0.004,0.000,0.001
6476,0.000,0.004,0.000,0.001
6477,0.000,0.004,0.000,0.001
6478,0.000,0.004,0.000,0.001
6479,0.000,0.004,0.000,0.001
6480,0.000,0.004,0.000,0.001
6481,0.000,0.004,0.000,0.001
6482,0.000,0.004,0.000,0.001
6483,0.000,0.004,0.000,0.001
6484,0.000,0.004,0.000,0.001
6485,0.000,0.004,0.000,0.001
6486,0.000,0.004,0.000,0.001
6487,0.000,0.004,0.000,0.001
6488,0.000,0.004,0.000,0.001
6489,0.000,0.004,0.000,0.001
6490,0.000,0.004,0.000,0.001
6491,0.000,0.004,0.000,0.001
6492,0.000,0.004,0.000,0.001
6493,0.000,0.004,0.000,0.001
6494,0.000,0.004,0.000,0.001
6495,0.000,0.004,0.000,0.001
6496,0.000,0.004,0.000,0.001
6497,0.000,0.004,0.000,0.001
6498,0.000,0.004,0.000,0.001
6499,0.000,0.004,0.000,0.001
6500,0.000,0.004,0.000,0.001
6501,0.000,0.004,0.000,0.001
6502,0.000,0.004,0.000,0.001
6503,0.000,0.004,0.000,0.001
6504,0.000,0.004,0.000,0.001
6505,0.000,0.004,0.000,0.001
6506,0.000,0.004,0.000,0.001
6507,0.000,0.004,0.000,0.001
6508,0.000,0.004,0.000,0.001
6509,0.000,0.004,0.000,0.001
6510,0.000,0.004,0.000,0.001
6511,0.000,0.004,0.000,0.001
6512,0.000,0.004,0.000,0.001
6513,0.000,0.004,0.000,0.001
6514,0.000,0.004,0.000,0.001
6515,0.000,0.004,0.000,0.001
6516,0.000,0.004,0.000,0.001
6517,0.000,0.004,0.000,0.001
6518,0.000,0.004,0.000,0.001
6519,0.000,0.004,0.000,0.001
6520,0.000,0.004,0.000,0.001
6521,0.000,0.004,0.000,0.001
6522,0.000,0.004,0.000,0.001
6523,0.000,0.004,0.000,0.001
6524,0.000,0.004,0.000,0.001
6525,0.000,0.004,0.000,0.001
6526,0.000,0.004,0.000,0.001
6527,0.000,0.004,0.000,0.001
6528,0.000,0.004,0.000,0.001
6529,0.000,0.004,0.000,0.001
6530,0.000,0.004,0.000,0.001
6531,0.000,0.004,0.000,0.001
6532,0.000,0.004,0.000,0.001
6533,0.000,0.004,0.000,0.001
6534,0.000,0.004,0.000,0.001
6535,0.000,0.004,0.000,0.001
6536,0.000,0.004,0.000,0.001
6537,0.000,0.004,0.000,0.001
6538,0.000,0.004,0.000,0.001
6539,0.000,0.004,0.000,0.001
6540,0.000,0.004,0.000,0.001
6541,0.000,0.004,0.000,0.001
6542,0.000,0.004,0.000,0.001
6543,0.000,0.004,0.000,0.001
6544,0.000,0.004,0.000,0.001
6545,0.000,0.004,0.000,0.001
6546,0.000,0.004,0.000,0.001
6547,0.000,0.004,0.000,0.001
6548,0.000,0.004,0.000,0.001
6549,0.000,0.004,0.000,0.001
6550,0.000,0.004,0.000,0.001
6551,0.000,0.004,0.000,0.001
6552,0.000,0.004,0.000,0.001
6553,0.000,0.004,0.000,0.001
6554,0.000,0.004,0.000,0.001
6555,0.000,0.004,0.000,0.001
6556,0.000,0.004,0.000,0.001
6557,0.000,0.004,0.000,0.001
6558,0.000,0.004,0.000,0.001
6559,0.000,0.004,0.000,0.001
6560,0.000,0.004,0.000,0.001
6561,0.000,0.004,0.000,0.001
6562,0.000,0.004,0.000,0.001
6563,0.000,0.004,0.000,0.001
6564,0.000,0.004,0.000,0.001
6565,0.000,0.004,0.000,0.001
6566,0.000,0.004,0.000,0.001
6567,0.000,0.004,0.000,0.001
6568,0.000,0.004,0.000,0.001
6569,0.000,0.004,0.000,0.001
6570,0.000,0.004,0.000,0.001
6571,0.000,0.004,0.000,0.001
6572,0.000,0.004,0.000,0.001
6573,0.000,0.004,0.000,0.001
6574,0.000,0.004,0.000,0.001
6575,0.000,0.004,0.000,0.001
6576,0.000,0.004,0.000,0.001
6577,0.000,0.004,0.000,0.001
6578,0.000,0.004,0.000,0.001
6579,0.000,0.004,0.000,0.001
6580,0.000,0.004,0.000,0.001
6581,0.000,0.004,0.000,0.001
6582,0.000,0.004,0.000,0.001
6583,0.000,0.004,0.000,0.001
6584,0.000,0.004,0.000,0.001
6585,0.000,0.004,0.000,0.001
6586,0.000,0.004,0.000,0.001
6587,0.000,0.004,0.000,0.001
6588,0.000,0.004,0.000,0.001
6589,0.000,0.004,0.000,0.001
6590,0.000,0.004,0.000,0.001
6591,0.000,0.004,0.000,0.001
6592,0.000,0.004,0.000,0.001
6593,0.000,0.004,0.000,0.001
6594,0.000,0.004,0.000,0.001
6595,0.000,0.004,0.000,0.001
6596,0.000,0.004,0.000,0.001
6597,0.000,0.004,0.000,0.001
6598,0.000,0.004,0.000,0.001
6599,0.000,0.004,0.000,0.001
6600,0.000,0.004,0.000,0.001
6601,0.000,0.004,0.000,0.001
6602,0.000,0.004,0.000,0.001
6603,0.000,0.004,0.000,0.001
6604,0.000,0.004,0.000,0.001
6605,0.000,0.004,0.000,0.001
6606,0.000,0.004,0.000,0.001
6607,0.000,0.004,0.000,0.001
6608,0.000,0.004,0.000,0.001
6609,0.000,0.004,0.000,0.001
6610,0.000,0.004,0.000,0.001
6611,0.000,0.004,0.000,0.001
6612,0.000,0.004,0.000,0.001
6613,0.000,0.004,0.000,0.001
6614,0.000,0.004,0.000,0.001
6615,0.000,0.004,0.000,0.001
6616,0.000,0.004,0.000,0.001
6617,0.000,0.004,0.000,0.001
6618,0.000,0.004,0.000,0.001
6619,0.000,0.004,0.000,0.001
6620,0.000,0.004,0.000,0.001
6621,0.000,0.004,0.000,0.001
6622,0.000,0.004,0.000,0.001
6623,0.000,0.004,0.000,0.001
6624,0.000,0.004,0.000,0.001
6625,0.000,0.004,0.000,0.001
6626,0.000,0.004,0.000,0.001
6627,0.000,0.004,0.000,0.001
6628,0.000,0.004,0.000,0.001
6629,0.000,0.004,0.000,0.001
6630,0.000,0.004,0.000,0.001
6631,0.000,0.004,0.000,0.001
6632,0.000,0.004,0.000,0.001
6633,0.000,0.004,0.000,0.001
6634,0.000,0.004,0.000,0.001
6635,0.000,0.004,0.000,0.001
6636,0.000,0.004,0.000,0.001
6637,0.000,0.004,0.000,0.001
6638,0.000,0.004,0.000,0.001
6639,0.000,0.004,0.000,0.001
6640,0.000,0.004,0.000,0.001
6641,0.000,0.004,0.000,0.001
6642,0.000,0.004,0.000,0.001
6643,0.000,0.004,0.000,0.001
6644,0.000,0.004,0.000,0.001
6645,0.000,0.004,0.000,0.001
6646,0.000,0.004,0.000,0.001
6647,0.000,0.004,0.000,0.001
6648,0.000,0.004,0.000,0.001
6649,0.000,0.004,0.000,0.001
6650,0.000,0.004,0.000,0.001
6651,0.000,0.004,0.000,0.001
6652,0.000,0.004,0.000,0.001
6653,0.000,0.004,0.000,0.001
6654,0.000,0.004,0.000,0.001
6655,0.000,0.004,0.000,0.001
6656,0.000,0.004,0.000,0.001
6657,0.000,0.004,0.000,0.001
6658,0.000,0.004,0.000,0.001
6659,0.000,0.004,0.000,0.001
6660,0.000,0.004,0.000,0.001
6661,0.000,0.004,0.000,0.001
6662,0.000,0.004,0.000,0.001
6663,0.000,0.004,0.000,0.001
6664,0.000,0.004,0.000,0.001
6665,0.000,0.004,0.000,0.001
6666,0.000,0.004,0.000,0.001
6667,0.000,0.004,0.000,0.001
6668,0.000,0.004,0.000,0.001
6669,0.000,0.004,0.000,0.001
6670,0.000,0.004,0.000,0.001
6671,0.000,0.004,0.000,0.001
6672,0.000,0.004,0.000,0.001
6673,0.000,0.004,0.000,0.001
6674,0.000,0.004,0.000,0.001
6675,0.000,0.004,0.000,0.001
6676,0.000,0.004,0.000,0.001
6677,0.000,0.004,0.000,0.001
6678,0.000,0.004,0.000,0.001
6679,0.000,0.004,0.000,0.001
6680,0.000,0.004,0.000,0.001
6681,0.000,0.004,0.000,0.001
6682,0.000,0.004,0.000,0.001
6683,0.000,0.004,0.000,0.001
6684,0.000,0.004,0.000,0.001
6685,0.000,0.004,0.000,0.001
6686,0.000,0.004,0.000,0.001
6687,0.000,0.004,0.000,0.001
6688,0.000,0.004,0.000,0.001
6689,0.000,0.004,0.000,0.001
6690,0.000,0.004,0.000,0.001
6691,0.000,0.004,0.000,0.001
6692,0.000,0.004,0.000,0.001
6693,0.000,0.004,0.000,0.001
6694,0.000,0.004,0.000,0.001
6695,0.000,0.004,0.000,0.001
6696,0.000,0.004,0.000,0.001
6697,0.000,0.004,0.000,0.001
6698,0.000,0.004,0.000,0.001
6699,0.000,0.004,0.000,0.001
6700,0.000,0.004,0.000,0.001
6701,0.000,0.004,0.000,0.001
6702,0.000,0.004,0.000,0.001
6703,0.000,0.004,0.000,0.001
6704,0.000,0.004,0.000,0.001
6705,0.000,0.004,0.000,0.001
6706,0.000,0.004,0.000,0.001
6707,0.000,0.004,0.000,0.001
6708,0.000,0.004,0.000,0.001
6709,0.000,0.004,0.000,0.001
6710,0.000,0.004,0.000,0.001
6711,0.000,0.004,0.000,0.001
6712,0.000,0.004,0.000,0.001
6713,0.000,0.004,0.000,0.001
6714,0.000,0.004,0.000,0.001
6715,0.000,0.004,0.000,0.001
6716,0.000,0.004,0.000,0.001
6717,0.000,0.004,0.000,0.001
6718,0.000,0.004,0.000,0.001
6719,0.000,0.004,0.000,0.001
6720,0.000,0.004,0.000,0.001
6721,0.000,0.004,0.000,0.001
6722,0.000,0.004,0.000,0.001
6723,0.000,0.004,0.000,0.001
6724,0.000,0.004,0.000,0.001
6725,0.000,0.004,0.000,0.001
6726,0.000,0.004,0.000,0.001
6727,0.000,0.004,0.000,0.001
6728,0.000,0.004,0.000,0.001
6729,0.000,0.004,0.000,0.001
6730,0.000,0.004,0.000,0.001
6731,0.000,0.004,0.000,0.001
6732,0.000,0.004,0.000,0.001
6733,0.000,0.004,0.000,0.001
6734,0.000,0.004,0.000,0.001
6735,0.000,0.004,0.000,0.001
6736,0.000,0.004,0.000,0.001
6737,0.000,0.004,0.000,0.001
6738,0.000,0.004,0.000,0.001
6739,0.000,0.004,0.000,0.001
6740,0.000,0.004,0.000,0.001
6741,0.000,0.004,0.000,0.001
6742,0.000,0.004,0.000,0.001
6743,0.000,0.004,0.000,0.001
6744,0.000,0.004,0.000,0.001
6745,0.000,0.004,0.000,0.001
6746,0.000,0.004,0.000,0.001
6747,0.000,0.004,0.000,0.001
6748,0.000,0.004,0.000,0.001
6749,0.000,0.004,0.000,0.001
6750,0.000,0.004,0.000,0.001
6751,0.000,0.004,0.000,0.001
6752,0.000,0.004,0.000,0.001
6753,0.000,0.004,0.000,0.001
6754,0.000,0.004,0.000,0.001
6755,0.000,0.004,0.000,0.001
6756,0.000,0.004,0.000,0.001
6757,0.000,0.004,0.000,0.001
6758,0.000,0.004,0.000,0.001
6759,0.000,0.004,0.000,0.001
6760,0.000,0.004,0.000,0.001
6761,0.000,0.004,0.000,0.001
6762,0.000,0.004,0.000,0.001
6763,0.000,0.004,0.000,0.001
6764,0.000,0.004,0.000,0.001
6765,0.000,0.004,0.000,0.001
6766,0.000,0.004,0.000,0.001
6767,0.000,0.004,0.000,0.001
6768,0.000,0.004,0.000,0.001
6769,0.000,0.004,0.000,0.001
6770,0.000,0.004,0.000,0.001
6771,0.000,0.004,0.000,0.001
6772,0.000,0.004,0.000,0.001
6773,0.000,0.004,0.000,0.001
6774,0.000,0.004,0.000,0.001
6775,0.000,0.004,0.000,0.001
6776,0.000,0.004,0.000,0.001
6777,0.000,0.004,0.000,0.001
6778,0.000,0.004,0.000,0.001
6779,0.000,0.004,0.000,0.001
6780,0.000,0.004,0.000,0.001
6781,0.000,0.004,0.000,0.001
6782,0.000,0.004,0.000,0.001
6783,0.000,0.004,0.000,0.001
6784,0.000,0.004,0.000,0.001
6785,0.000,0.004,0.000,0.001
6786,0.000,0.004,0.000,0.001
6787,0.000,0.004,0.000,0.001
6788,0.000,0.004,0.000,0.001
6789,0.000,0.004,0.000,0.001
6790,0.000,0.004,0.000,0.001
6791,0.000,0.004,0.000,0.001
6792,0.000,0.004,0.000,0.001
6793,0.000,0.004,0.000,0.001
6794,0.000,0.004,0.000,0.001
6795,0.000,0.004,0.000,0.001
6796,0.000,0.004,0.000,0.001
6797,0.000,0.004,0.000,0.001
6798,0.000,0.004,0.000,0.001
6799,0.000,0.004,0.000,0.001
6800,0.000,0.004,0.000,0.001
6801,0.000,0.004,0.000,0.001
6802,0.000,0.004,0.000,0.001
6803,0.000,0.004,0.000,0.001
6804,0.000,0.004,0.000,0.001
6805,0.000,0.004,0.000,0.001
6806,0.000,0.004,0.000,0.001
6807,0.000,0.004,0.000,0.001
6808,0.000,0.004,0.000,0.001
6809,0.000,0.004,0.000,0.001
6810,0.000,0.004,0.000,0.001
6811,0.000,0.004,0.000,0.001
6812,0.000,0.004,0.000,0.001
6813,0.000,0.004,0.000,0.001
6814,0.000,0.004,0.000,0.001
6815,0.000,0.004,0.000,0.001
6816,0.000,0.004,0.000,0.001
6817,0.000,0.004,0.000,0.001
6818,0.000,0.004,0.000,0.001
6819,0.000,0.004,0.000,0.001
6820,0.000,0.004,0.000,0.001
6821,0.000,0.004,0.000,0.001
6822,0.000,0.004,0.000,0.001
6823,0.000,0.004,0.000,0.001
6824,0.000,0.004,0.000,0.001
6825,0.000,0.004,0.000,0.001
6826,0.000,0.004,0.000,0.001
6827,0.000,0.004,0.000,0.001
6828,0.000,0.004,0.000,0.001
6829,0.000,0.004,0.000,0.001
6830,0.000,0.004,0.000,0.001
6831,0.000,0.004,0.000,0.001
6832,0.000,0.004,0.000,0.001
6833,0.000,0.004,0.000,0.001
6834,0.000,0.004,0.000,0.001
6835,0.000,0.004,0.000,0.001
6836,0.000,0.004,0.000,0.001
6837,0.000,0.004,0.000,0.001
6838,0.000,0.004,0.000,0.001
6839,0.000,0.004,0.000,0.001
6840,0.000,0.004,0.000,0.001
6841,0.000,0.004,0.000,0.001
6842,0.000,0.004,0.000,0.001
6843,0.000,0.004,0.000,0.001
6844,0.000,0.004,0.000,0.001
6845,0.000,0.004,0.000,0.001
6846,0.000,0.004,0.000,0.001
6847,0.000,0.004,0.000,0.001
6848,0.000,0.004,0.000,0.001
6849,0.000,0.004,0.000,0.001
6850,0.000,0.004,0.000,0.001
6851,0.000,0.004,0.000,0.001
6852,0.000,0.004,0.000,0.001
6853,0.000,0.004,0.000,0.001
6854,0.000,0.004,0.000,0.001
6855,0.000,0.004,0.000,0.001
6856,0.000,0.004,0.000,0.001
6857,0.000,0.004,0.000,0.001
6858,0.000,0.004,0.000,0.001
6859,0.000,0.004,0.000,0.001
6860,0.000,0.004,0.000,0.001
6861,0.000,0.004,0.000,0.001
6862,0.000,0.004,0.000,0.001
6863,0.000,0.004,0.000,0.001
6864,0.000,0.004,0.000,0.001
6865,0.000,0.004,0.000,0.001
6866,0.000,0.004,0.000,0.001
6867,0.000,0.004,0.000,0.001
6868,0.000,0.004,0.000,0.001
6869,0.000,0.004,0.000,0.001
6870,0.000,0.004,0.000,0.001
6871,0.000,0.004,0.000,0.001
6872,0.000,0.004,0.000,0.001
6873,0.000,0.004,0.000,0.001
6874,0.000,0.004,0.000,0.001
6875,0.000,0.004,0.000,0.001
6876,0.000,0.004,0.000,0.001
6877,0.000,0.004,0.000,0.001
6878,0.000,0.004,0.000,0.001
6879,0.000,0.004,0.000,0.001
6880,0.000,0.004,0.000,0.001
6881,0.000,0.004,0.000,0.001
6882,0.000,0.004,0.000,0.001
6883,0.000,0.004,0.000,0.001
6884,0.000,0.004,0.000,0.001
6885,0.000,0.004,0.000,0.001
6886,0.000,0.004,0.000,0.001
6887,0.000,0.004,0.000,0.001
6888,0.000,0.004,0.000,0.001
6889,0.000,0.004,0.000,0.001
6890,0.000,0.004,0.000,0.001
6891,0.000,0.004,0.000,0.001
6892,0.000,0.004,0.000,0.001
6893,0.000,0.004,0.000,0.001
6894,0.000,0.004,0.000,0.001
6895,0.000,0.004,0.000,0.001
6896,0.000,0.004,0.000,0.001
6897,0.000,0.004,0.000,0.001
6898,0.000,0.004,0.000,0.001
6899,0.000,0.004,0.000,0.001
6900,0.000,0.004,0.000,0.001
6901,0.000,0.004,0.000,0.001
6902,0.000,0.004,0.000,0.001
6903,0.000,0.004,0.000,0.001
6904,0.000,0.004,0.000,0.001
6905,0.000,0.004,0.000,0.001
6906,0.000,0.004,0.000,0.001
6907,0.000,0.004,0.000,0.001
6908,0.000,0.004,0.000,0.001
6909,0.000,0.004,0.000,0.001
6910,0.000,0.004,0.000,0.001
6911,0.000,0.004,0.000,0.001
6912,0.000,0.004,0.000,0.001
6913,0.000,0.004,0.000,0.001
6914,0.000,0.004,0.000,0.001
6915,0.000,0.004,0.000,0.001
6916,0.000,0.004,0.000,0.001
6917,0.000,0.004,0.000,0.001
6918,0.000,0.004,0.000,0.001
6919,0.000,0.004,0.000,0.001
6920,0.000,0.004,0.000,0.001
6921,0.000,0.004,0.000,0.001
6922,0.000,0.004,0.000,0.001
6923,0.000,0.004,0.000,0.001
6924,0.000,0.004,0.000,0.001
6925,0.000,0.004,0.000,0.001
6926,0.000,0.004,0.000,0.001
6927,0.000,0.004,0.000,0.001
6928,0.000,0.004,0.000,0.001
6929,0.000,0.004,0.000,0.001
6930,0.000,0.004,0.000,0.001
6931,0.000,0.004,0.000,0.001
6932,0.000,0.004,0.000,0.001
6933,0.000,0.004,0.000,0.001
6934,0.000,0.004,0.000,0.001
6935,0.000,0.004,0.000,0.001
6936,0.000,0.004,0.000,0.001
6937,0.000,0.004,0.000,0.001
6938,0.000,0.004,0.000,0.001
6939,0.000,0.004,0.000,0.001
6940,0.000,0.004,0.000,0.001
6941,0.000,0.004,0.000,0.001
6942,0.000,0.004,0.000,0.001
6943,0.000,0.004,0.000,0.001
6944,0.000,0.004,0.000,0.001
6945,0.000,0.004,0.000,0.001
6946,0.000,0.004,0.000,0.001
6947,0.000,0.004,0.000,0.001
6948,0.000,0.004,0.000,0.001
6949,0.000,0.004,0.000,0.001
6950,0.000,0.004,0.000,0.001
6951,0.000,0.004,0.000,0.001
6952,0.000,0.004,0.000,0.001
6953,0.000,0.004,0.000,0.001
6954,0.000,0.004,0.000,0.001
6955,0.000,0.004,0.000,0.001
6956,0.000,0.004,0.000,0.001
6957,0.000,0.004,0.000,0.001
6958,0.000,0.004,0.000,0.001
6959,0.000,0.004,0.000,0.001
6960,0.000,0.004,0.000,0.001
6961,0.000,0.004,0.000,0.001
6962,0.000,0.004,0.000,0.001
6963,0.000,0.004,0.000,0.001
6964,0.000,0.004,0.000,0.001
6965,0.000,0.004,0.000,0.001
6966,0.000,0.004,0.000,0.001
6967,0.000,0.004,0.000,0.001
6968,0.000,0.004,0.000,0.001
6969,0.000,0.004,0.000,0.001
6970,0.000,0.004,0.000,0.001
6971,0.000,0.004,0.000,0.001
6972,0.000,0.004,0.000,0.001
6973,0.000,0.004,0.000,0.001
6974,0.000,0.004,0.000,0.001
6975,0.000,0.004,0.000,0.001
6976,0.000,0.004,0.000,0.001
6977,0.000,0.004,0.000,0.001
6978,0.000,0.004,0.000,0.001
6979,0.000,0.004,0.000,0.001
6980,0.000,0.004,0.000,0.001
6981,0.000,0.004,0.000,0.001
6982,0.000,0.004,0.000,0.001
6983,0.000,0.004,0.000,0.001
6984,0.000,0.004,0.000,0.001
6985,0.000,0.004,0.000,0.001
6986,0.000,0.004,0.000,0.001
6987,0.000,0.004,0.000,0.001
6988,0.000,0.004,0.000,0.001
6989,0.000,0.004,0.000,0.001
6990,0.000,0.004,0.000,0.001
6991,0.000,0.004,0.000,0.001
6992,0.000,0.004,0.000,0.001
6993,0.000,0.004,0.000,0.001
6994,0.000,0.004,0.000,0.001
6995,0.000,0.004,0.000,0.001
6996,0.000,0.004,0.000,0.001
6997,0.000,0.004,0.000,0.001
6998,0.000,0.004,0.000,0.001
6999,0.000,0.004,0.000,0.001
7000,0.000,0.004,0.000,0.001
7001,0.000,0.004,0.000,0.001
7002,0.000,0.004,0.000,0.001
7003,0.000,0.004,0.000,0.001
7004,0.000,0.004,0.000,0.001
7005,0.000,0.004,0.000,0.001
7006,0.000,0.004,0.000,0.001
7007,0.000,0.004,0.000,0.001
7008,0.000,0.004,0.000,0.001
7009,0.000,0.004,0.000,0.001
7010,0.000,0.004,0.000,0.001
7011,0.000,0.004,0.000,0.001
7012,0.000,0.004,0.000,0.001
7013,0.000,0.004,0.000,0.001
7014,0.000,0.004,0.000,0.001
7015,0.000,0.004,0.000,0.001
7016,0.000,0.004,0.000,0.001
7017,0.000,0.004,0.000,0.001
7018,0.000,0.004,0.000,0.001
7019,0.000,0.004,0.000,0.001
7020,0.000,0.004,0.000,0.001
7021,0.000,0.004,0.000,0.001
7022,0.000,0.004,0.000,0.001
7023,0.000,0.004,0.000,0.001
7024,0.000,0.004,0.000,0.001
7025,0.000,0.004,0.000,0.001
7026,0.000,0.004,0.000,0.001
7027,0.000,0.004,0.000,0.001
7028,0.000,0.004,0.000,0.001
7029,0.000,0.004,0.000,0.001
7030,0.000,0.004,0.000,0.001
7031,0.000,0.004,0.000,0.001
7032,0.000,0.004,0.000,0.001
7033,0.000,0.004,0.000,0.001
7034,0.000,0.004,0.000,0.001
7035,0.000,0.004,0.000,0.001
7036,0.000,0.004,0.000,0.001
7037,0.000,0.004,0.000,0.001
7038,0.000,0.004,0.000,0.001
7039,0.000,0.004,0.000,0.001
7040,0.000,0.004,0.000,0.001
7041,0.000,0.004,0.000,0.001
7042,0.000,0.004,0.000,0.001
7043,0.000,0.004,0.000,0.001
7044,0.000,0.004,0.000,0.001
7045,0.000,0.004,0.000,0.001
7046,0.000,0.004,0.000,0.001
7047,0.000,0.004,0.000,0.001
7048,0.000,0.004,0.000,0.001
7049,0.000,0.004,0.000,0.001
7050,0.000,0.004,0.000,0.001
7051,0.000,0.004,0.000,0.001
7052,0.000,0.004,0.000,0.001
7053,0.000,0.004,0.000,0.001
7054,0.000,0.004,0.000,0.001
7055,0.000,0.004,0.000,0.001
7056,0.000,0.004,0.000,0.001
7057,0.000,0.004,0.000,0.001
7058,0.000,0.004,0.000,0.001
7059,0.000,0.004,0.000,0.001
7060,0.000,0.004,0.000,0.001
7061,0.000,0.004,0.000,0.001
7062,0.000,0.004,0.000,0.001
7063,0.000,0.004,0.000,0.001
7064,0.000,0.004,0.000,0.001
7065,0.000,0.004,0.000,0.001
7066,0.000,0.004,0.000,0.001
7067,0.000,0.004,0.000,0.001
7068,0.000,0.004,0.000,0.001
7069,0.000,0.004,0.000,0.001
7070,0.000,0.004,0.000,0.001
7071,0.000,0.004,0.000,0.001
7072,0.000,0.004,0.000,0.001
7073,0.000,0.004,0.000,0.001
7074,0.000,0.004,0.000,0.001
7075,0.000,0.004,0.000,0.001
7076,0.000,0.004,0.000,0.001
7077,0.000,0.004,0.000,0.001
7078,0.000,0.004,0.000,0.001
7079,0.000,0.004,0.000,0.001
7080,0.000,0.004,0.000,0.001
7081,0.000,0.004,0.000,0.001
7082,0.000,0.004,0.000,0.001
7083,0.000,0.004,0.000,0.001
7084,0.000,0.004,0.000,0.001
7085,0.000,0.004,0.000,0.001
7086,0.000,0.004,0.000,0.001
7087,0.000,0.004,0.000,0.001
7088,0.000,0.004,0.000,0.001
7089,0.000,0.004,0.000,0.001
7090,0.000,0.004,0.000,0.001
7091,0.000,0.004,0.000,0.001
7092,0.000,0.004,0.000,0.001
7093,0.000,0.004,0.000,0.001
7094,0.000,0.004,0.000,0.001
7095,0.000,0.004,0.000,0.001
7096,0.000,0.004,0.000,0.001
7097,0.000,0.004,0.000,0.001
7098,0.000,0.004,0.000,0.001
7099,0.000,0.004,0.000,0.001
7100,0.000,0.004,0.000,0.001
7101,0.000,0.004,0.000,0.001
7102,0.000,0.004,0.000,0.001
7103,0.000,0.004,0.000,0.001
7104,0.000,0.004,0.000,0.001
7105,0.000,0.004,0.000,0.001
7106,0.000,0.004,0.000,0.001
7107,0.000,0.004,0.000,0.001
7108,0.000,0.004,0.000,0.001
7109,0.000,0.004,0.000,0.001
7110,0.000,0.004,0.000,0.001
7111,0.000,0.004,0.000,0.001
7112,0.000,0.004,0.000,0.001
7113,0.000,0.004,0.000,0.001
7114,0.000,0.004,0.000,0.001
7115,0.000,0.004,0.000,0.001
7116,0.000,0.004,0.000,0.001
7117,0.000,0.004,0.000,0.001
7118,0.000,0.004,0.000,0.001
7119,0.000,0.004,0.000,0.001
7120,0.000,0.004,0.000,0.001
7121,0.000,0.004,0.000,0.001
7122,0.000,0.004,0.000,0.001
7123,0.000,0.004,0.000,0.001
7124,0.000,0.004,0.000,0.001
7125,0.000,0.004,0.000,0.001
7126,0.000,0.004,0.000,0.001
7127,0.000,0.004,0.000,0.001
7128,0.000,0.004,0.000,0.001
7129,0.000,0.004,0.000,0.001
7130,0.000,0.004,0.000,0.001
7131,0.000,0.004,0.000,0.001
7132,0.000,0.004,0.000,0.001
7133,0.000,0.004,0.000,0.001
7134,0.000,0.004,0.000,0.001
7135,0.000,0.004,0.000,0.001
7136,0.000,0.004,0.000,0.001
7137,0.000,0.004,0.000,0.001
7138,0.000,0.004,0.000,0.001
7139,0.000,0.004,0.000,0.001
7140,0.000,0.004,0.000,0.001
7141,0.000,0.004,0.000,0.001
7142,0.000,0.004,0.000,0.001
7143,0.000,0.004,0.000,0.001
7144,0.000,0.004,0.000,0.001
7145,0.000,0.004,0.000,0.001
7146,0.000,0.004,0.000,0.001
7147,0.000,0.004,0.000,0.001
7148,0.000,0.004,0.000,0.001
7149,0.000,0.004,0.000,0.001
7150,0.000,0.004,0.000,0.001
7151,0.000,0.004,0.000,0.001
7152,0.000,0.004,0.000,0.001
7153,0.000,0.004,0.000,0.001
7154,0.000,0.004,0.000,0.001
7155,0.000,0.004,0.000,0.001
7156,0.000,0.004,0.000,0.001
7157,0.000,0.004,0.000,0.001
7158,0.000,0.004,0.000,0.001
7159,0.000,0.004,0.000,0.001
7160,0.000,0.004,0.000,0.001
7161,0.000,0.004,0.000,0.001
7162,0.000,0.004,0.000,0.001
7163,0.000,0.004,0.000,0.001
7164,0.000,0.004,0.000,0.001
7165,0.000,0.004,0.000,0.001
7166,0.000,0.004,0.000,0.001
7167,0.000,0.004,0.000,0.001
7168,0.000,0.004,0.000,0.001
7169,0.000,0.004,0.000,0.001
7170,0.000,0.004,0.000,0.001
7171,0.000,0.004,0.000,0.001
7172,0.000,0.004,0.000,0.001
7173,0.000,0.004,0.000,0.001
7174,0.000,0.004,0.000,0.001
7175,0.000,0.004,0.000,0.001
7176,0.000,0.004,0.000,0.001
7177,0.000,0.004,0.000,0.001
7178,0.000,0.004,0.000,0.001
7179,0.000,0.004,0.000,0.001
7180,0.000,0.004,0.000,0.001
7181,0.000,0.004,0.000,0.001
7182,0.000,0.004,0.000,0.001
7183,0.000,0.004,0.000,0.001
7184,0.000,0.004,0.000,0.001
7185,0.000,0.004,0.000,0.001
7186,0.000,0.004,0.000,0.001
7187,0.000,0.004,0.000,0.001
7188,0.000,0.004,0.000,0.001
7189,0.000,0.004,0.000,0.001
7190,0.000,0.004,0.000,0.001
7191,0.000,0.004,0.000,0.001
7192,0.000,0.004,0.000,0.001
7193,0.000,0.004,0.000,0.001
7194,0.000,0.004,0.000,0.001
7195,0.000,0.004,0.000,0.001
7196,0.000,0.004,0.000,0.001
7197,0.000,0.004,0.000,0.001
7198,0.000,0.004,0.000,0.001
7199,0.000,0.004,0.000,0.001
7200,0.000,0.004,0.000,0.001
7201,0.000,0.004,0.000,0.001
7202,0.000,0.004,0.000,0.001
7203,0.000,0.004,0.000,0.001
7204,0.000,0.004,0.000,0.001
7205,0.000,0.004,0.000,0.001
7206,0.000,0.004,0.000,0.001
7207,0.000,0.004,0.000,0.001
7208,0.000,0.004,0.000,0.001
7209,0.000,0.004,0.000,0.001
7210,0.000,0.004,0.000,0.001
7211,0.000,0.004,0.000,0.001
7212,0.000,0.004,0.000,0.001
7213,0.000,0.004,0.000,0.001
7214,0.000,0.004,0.000,0.001
7215,0.000,0.004,0.000,0.001
7216,0.000,0.004,0.000,0.001
7217,0.000,0.004,0.000,0.001
7218,0.000,0.004,0.000,0.001
7219,0.000,0.004,0.000,0.001
7220,0.000,0.004,0.000,0.001
7221,0.000,0.004,0.000,0.001
7222,0.000,0.004,0.000,0.001
7223,0.000,0.004,0.000,0.001
7224,0.000,0.004,0.000,0.001
7225,0.000,0.004,0.000,0.001
7226,0.000,0.004,0.000,0.001
7227,0.000,0.004,0.000,0.001
7228,0.000,0.004,0.000,0.001
7229,0.000,0.004,0.000,0.001
7230,0.000,0.004,0.000,0.001
7231,0.000,0.004,0.000,0.001
7232,0.000,0.004,0.000,0.001
7233,0.000,0.004,0.000,0.001
7234,0.000,0.004,0.000,0.001
7235,0.000,0.004,0.000,0.001
7236,0.000,0.004,0.000,0.001
7237,0.000,0.004,0.000,0.001
7238,0.000,0.004,0.000,0.001
7239,0.000,0.004,0.000,0.001
7240,0.000,0.004,0.000,0.001
7241,0.000,0.004,0.000,0.001
7242,0.000,0.004,0.000,0.001
7243,0.000,0.004,0.000,0.001
7244,0.000,0.004,0.000,0.001
7245,0.000,0.004,0.000,0.001
7246,0.000,0.004,0.000,0.001
7247,0.000,0.004,0.000,0.001
7248,0.000,0.004,0.000,0.001
7249,0.000,0.004,0.000,0.001
7250,0.000,0.004,0.000,0.001
7251,0.000,0.004,0.000,0.001
7252,0.000,0.004,0.000,0.001
7253,0.000,0.004,0.000,0.001
7254,0.000,0.004,0.000,0.001
7255,0.000,0.004,0.000,0.001
7256,0.000,0.004,0.000,0.001
7257,0.000,0.004,0.000,0.001
7258,0.000,0.004,0.000,0.001
7259,0.000,0.004,0.000,0.001
7260,0.000,0.004,0.000,0.001
7261,0.000,0.004,0.000,0.001
7262,0.000,0.004,0.000,0.001
7263,0.000,0.004,0.000,0.001
7264,0.000,0.004,0.000,0.001
7265,0.000,0.004,0.000,0.001
7266,0.000,0.004,0.000,0.001
7267,0.000,0.004,0.000,0.001
7268,0.000,0.004,0.000,0.001
7269,0.000,0.004,0.000,0.001
7270,0.000,0.004,0.000,0.001
7271,0.000,0.004,0.000,0.001
7272,0.000,0.004,0.000,0.001
7273,0.000,0.004,0.000,0.001
7274,0.000,0.004,0.000,0.001
7275,0.000,0.004,0.000,0.001
7276,0.000,0.004,0.000,0.001
7277,0.000,0.004,0.000,0.001
7278,0.000,0.004,0.000,0.001
7279,0.000,0.004,0.000,0.001
7280,0.000,0.004,0.000,0.001
7281,0.000,0.004,0.000,0.001
7282,0.000,0.004,0.000,0.001
7283,0.000,0.004,0.000,0.001
7284,0.000,0.004,0.000,0.001
7285,0.000,0.004,0.000,0.001
7286,0.000,0.004,0.000,0.001
7287,0.000,0.004,0.000,0.001
7288,0.000,0.004,0.000,0.001
7289,0.000,0.004,0.000,0.001
7290,0.000,0.004,0.000,0.001
7291,0.000,0.004,0.000,0.001
7292,0.000,0.004,0.000,0.001
7293,0.000,0.004,0.000,0.001
7294,0.000,0.004,0.000,0.001
7295,0.000,0.004,0.000,0.001
7296,0.000,0.004,0.000,0.001
7297,0.000,0.004,0.000,0.001
7298,0.000,0.004,0.000,0.001
7299,0.000,0.004,0.000,0.001
7300,0.000,0.004,0.000,0.001
7301,0.000,0.004,0.000,0.001
7302,0.000,0.004,0.000,0.001
7303,0.000,0.004,0.000,0.001
7304,0.000,0.004,0.000,0.001
7305,0.000,0.004,0.000,0.001
7306,0.000,0.004,0.000,0.001
7307,0.000,0.004,0.000,0.001
7308,0.000,0.004,0.000,0.001
7309,0.000,0.004,0.000,0.001
7310,0.000,0.004,0.000,0.001
7311,0.000,0.004,0.000,0.001
7312,0.000,0.004,0.000,0.001
7313,0.000,0.004,0.000,0.001
7314,0.000,0.004,0.000,0.001
7315,0.000,0.004,0.000,0.001
7316,0.000,0.004,0.000,0.001
7317,0.000,0.004,0.000,0.001
7318,0.000,0.004,0.000,0.001
7319,0.000,0.004,0.000,0.001
7320,0.000,0.004,0.000,0.001
7321,0.000,0.004,0.000,0.001
7322,0.000,0.004,0.000,0.001
7323,0.000,0.004,0.000,0.001
7324,0.000,0.004,0.000,0.001
7325,0.000,0.004,0.000,0.001
7326,0.000,0.004,0.000,0.001
7327,0.000,0.004,0.000,0.001
7328,0.000,0.004,0.000,0.001
7329,0.000,0.004,0.000,0.001
7330,0.000,0.004,0.000,0.001
7331,0.000,0.004,0.000,0.001
7332,0.000,0.004,0.000,0.001
7333,0.000,0.004,0.000,0.001
7334,0.000,0.004,0.000,0.001
7335,0.000,0.004,0.000,0.001
7336,0.000,0.004,0.000,0.001
7337,0.000,0.004,0.000,0.001
7338,0.000,0.004,0.000,0.001
7339,0.000,0.004,0.000,0.001
7340,0.000,0.004,0.000,0.001
7341,0.000,0.004,0.000,0.001
7342,0.000,0.004,0.000,0.001
7343,0.000,0.004,0.000,0.001
7344,0.000,0.004,0.000,0.001
7345,0.000,0.004,0.000,0.001
7346,0.000,0.004,0.000,0.001
7347,0.000,0.004,0.000,0.001
7348,0.000,0.004,0.000,0.001
7349,0.000,0.004,0.000,0.001
7350,0.000,0.004,0.000,0.001
7351,0.000,0.004,0.000,0.001
7352,0.000,0.004,0.000,0.001
7353,0.000,0.004,0.000,0.001
7354,0.000,0.004,0.000,0.001
7355,0.000,0.004,0.000,0.001
7356,0.000,0.004,0.000,0.001
7357,0.000,0.004,0.000,0.001
7358,0.000,0.004,0.000,0.001
7359,0.000,0.004,0.000,0.001
7360,0.000,0.004,0.000,0.001
7361,0.000,0.004,0.000,0.001
7362,0.000,0.004,0.000,0.001
7363,0.000,0.004,0.000,0.001
7364,0.000,0.004,0.000,0.001
7365,0.000,0.004,0.000,0.001
7366,0.000,0.004,0.000,0.001
7367,0.000,0.004,0.000,0.001
7368,0.000,0.004,0.000,0.001
7369,0.000,0.004,0.000,0.001
7370,0.000,0.004,0.000,0.001
7371,0.000,0.004,0.000,0.001
7372,0.000,0.004,0.000,0.001
7373,0.000,0.004,0.000,0.001
7374,0.000,0.004,0.000,0.001
7375,0.000,0.004,0.000,0.001
7376,0.000,0.004,0.000,0.001
7377,0.000,0.004,0.000,0.001
7378,0.000,0.004,0.000,0.001
7379,0.000,0.004,0.000,0.001
7380,0.000,0.004,0.000,0.001
7381,0.000,0.004,0.000,0.001
7382,0.000,0.004,0.000,0.001
7383,0.000,0.004,0.000,0.001
7384,0.000,0.004,0.000,0.001
7385,0.000,0.004,0.000,0.001
7386,0.000,0.004,0.000,0.001
7387,0.000,0.004,0.000,0.001
7388,0.000,0.004,0.000,0.001
7389,0.000,0.004,0.000,0.001
7390,0.000,0.004,0.000,0.001
7391,0.000,0.004,0.000,0.001
7392,0.000,0.004,0.000,0.001
7393,0.000,0.004,0.000,0.001
7394,0.000,0.004,0.000,0.001
7395,0.000,0.004,0.000,0.001
7396,0.000,0.004,0.000,0.001
7397,0.000,0.004,0.000,0.001
7398,0.000,0.004,0.000,0.001
7399,0.000,0.004,0.000,0.001
7400,0.000,0.004,0.000,0.001
7401,0.000,0.004,0.000,0.001
7402,0.000,0.004,0.000,0.001
7403,0.000,0.004,0.000,0.001
7404,0.000,0.004,0.000,0.001
7405,0.000,0.004,0.000,0.001
7406,0.000,0.004,0.000,0.001
7407,0.000,0.004,0.000,0.001
7408,0.000,0.004,0.000,0.001
7409,0.000,0.004,0.000,0.001
7410,0.000,0.004,0.000,0.001
7411,0.000,0.004,0.000,0.001
7412,0.000,0.004,0.000,0.001
7413,0.000,0.004,0.000,0.001
7414,0.000,0.004,0.000,0.001
7415,0.000,0.004,0.000,0.001
7416,0.000,0.004,0.000,0.001
7417,0.000,0.004,0.000,0.001
7418,0.000,0.004,0.000,0.001
7419,0.000,0.004,0.000,0.001
7420,0.000,0.004,0.000,0.001
7421,0.000,0.004,0.000,0.001
7422,0.000,0.004,0.000,0.001
7423,0.000,0.004,0.000,0.001
7424,0.000,0.004,0.000,0.001
7425,0.000,0.004,0.000,0.001
7426,0.000,0.004,0.000,0.001
7427,0.000,0.004,0.000,0.001
7428,0.000,0.004,0.000,0.001
7429,0.000,0.004,0.000,0.001
7430,0.000,0.004,0.000,0.001
7431,0.000,0.004,0.000,0.001
7432,0.000,0.004,0.000,0.001
7433,0.000,0.004,0.000,0.001
7434,0.000,0.004,0.000,0.001
7435,0.000,0.004,0.000,0.001
7436,0.000,0.004,0.000,0.001
7437,0.000,0.004,0.000,0.001
7438,0.000,0.004,0.000,0.001
7439,0.000,0.004,0.000,0.001
7440,0.000,0.004,0.000,0.001
7441,0.000,0.004,0.000,0.001
7442,0.000,0.004,0.000,0.001
7443,0.000,0.004,0.000,0.001
7444,0.000,0.004,0.000,0.001
7445,0.000,0.004,0.000,0.001
7446,0.000,0.004,0.000,0.001
7447,0.000,0.004,0.000,0.001
7448,0.000,0.004,0.000,0.001
7449,0.000,0.004,0.000,0.001
7450,0.000,0.004,0.000,0.001
7451,0.000,0.004,0.000,0.001
7452,0.000,0.004,0.000,0.001
7453,0.000,0.004,0.000,0.001
7454,0.000,0.004,0.000,0.001
7455,0.000,0.004,0.000,0.001
7456,0.000,0.004,0.000,0.001
7457,0.000,0.004,0.000,0.001
7458,0.000,0.004,0.000,0.001
7459,0.000,0.004,0.000,0.001
7460,0.000,0.004,0.000,0.001
7461,0.000,0.004,0.000,0.001
7462,0.000,0.004,0.000,0.001
7463,0.000,0.004,0.000,0.001
7464,0.000,0.004,0.000,0.001
7465,0.000,0.004,0.000,0.001
7466,0.000,0.004,0.000,0.001
7467,0.000,0.004,0.000,0.001
7468,0.000,0.004,0.000,0.001
7469,0.000,0.004,0.000,0.001
7470,0.000,0.004,0.000,0.001
7471,0.000,0.004,0.000,0.001
7472,0.000,0.004,0.000,0.001
7473,0.000,0.004,0.000,0.001
7474,0.000,0.004,0.000,0.001
7475,0.000,0.004,0.000,0.001
7476,0.000,0.004,0.000,0.001
7477,0.000,0.004,0.000,0.001
7478,0.000,0.004,0.000,0.001
7479,0.000,0.004,0.000,0.001
7480,0.000,0.004,0.000,0.001
7481,0.000,0.004,0.000,0.001
7482,0.000,0.004,0.000,0.001
7483,0.000,0.004,0.000,0.001
7484,0.000,0.004,0.000,0.001
7485,0.000,0.004,0.000,0.001
7486,0.000,0.004,0.000,0.001
7487,0.000,0.004,0.000,0.001
7488,0.000,0.004,0.000,0.001
7489,0.000,0.004,0.000,0.001
7490,0.000,0.004,0.000,0.001
7491,0.000,0.004,0.000,0.001
7492,0.000,0.004,0.000,0.001
7493,0.000,0.004,0.000,0.001
7494,0.000,0.004,0.000,0.001
7495,0.000,0.004,0.000,0.001
7496,0.000,0.004,0.000,0.001
7497,0.000,0.004,0.000,0.001
7498,0.000,0.004,0.000,0.001
7499,0.000,0.004,0.000,0.001
7500,0.000,0.004,0.000,0.001
7501,0.000,0.004,0.000,0.001
7502,0.000,0.004,0.000,0.001
7503,0.000,0.004,0.000,0.001
7504,0.000,0.004,0.000,0.001
7505,0.000,0.004,0.000,0.001
7506,0.000,0.004,0.000,0.001
7507,0.000,0.004,0.000,0.001
7508,0.000,0.004,0.000,0.001
7509,0.000,0.004,0.000,0.001
7510,0.000,0.004,0.000,0.001
7511,0.000,0.004,0.000,0.001
7512,0.000,0.004,0.000,0.001
7513,0.000,0.004,0.000,0.001
7514,0.000,0.004,0.000,0.001
7515,0.000,0.004,0.000,0.001
7516,0.000,0.004,0.000,0.001
7517,0.000,0.004,0.000,0.001
7518,0.000,0.004,0.000,0.001
7519,0.000,0.004,0.000,0.001
7520,0.000,0.004,0.000,0.001
7521,0.000,0.004,0.000,0.001
7522,0.000,0.004,0.000,0.001
7523,0.000,0.004,0.000,0.001
7524,0.000,0.004,0.000,0.001
7525,0.000,0.004,0.000,0.001
7526,0.000,0.004,0.000,0.001
7527,0.000,0.004,0.000,0.001
7528,0.000,0.004,0.000,0.001
7529,0.000,0.004,0.000,0.001
7530,0.000,0.004,0.000,0.001
7531,0.000,0.004,0.000,0.001
7532,0.000,0.004,0.000,0.001
7533,0.000,0.004,0.000,0.001
7534,0.000,0.004,0.000,0.001
7535,0.000,0.004,0.000,0.001
7536,0.000,0.004,0.000,0.001
7537,0.000,0.004,0.000,0.001
7538,0.000,0.004,0.000,0.001
7539,0.000,0.004,0.000,0.001
7540,0.000,0.004,0.000,0.001
7541,0.000,0.004,0.000,0.001
7542,0.000,0.004,0.000,0.001
7543,0.000,0.004,0.000,0.001
7544,0.000,0.004,0.000,0.001
7545,0.000,0.004,0.000,0.001
7546,0.000,0.004,0.000,0.001
7547,0.000,0.004,0.000,0.001
7548,0.000,0.004,0.000,0.001
7549,0.000,0.004,0.000,0.001
7550,0.000,0.004,0.000,0.001
7551,0.000,0.004,0.000,0.001
7552,0.000,0.004,0.000,0.001
7553,0.000,0.004,0.000,0.001
7554,0.000,0.004,0.000,0.001
7555,0.000,0.004,0.000,0.001
7556,0.000,0.004,0.000,0.001
7557,0.000,0.004,0.000,0.001
7558,0.000,0.004,0.000,0.001
7559,0.000,0.004,0.000,0.001
7560,0.000,0.004,0.000,0.001
7561,0.000,0.004,0.000,0.001
7562,0.000,0.004,0.000,0.001
7563,0.000,0.004,0.000,0.001
7564,0.000,0.004,0.000,0.001
7565,0.000,0.004,0.000,0.001
7566,0.000,0.004,0.000,0.001
7567,0.000,0.004,0.000,0.001
7568,0.000,0.004,0.000,0.001
7569,0.000,0.004,0.000,0.001
7570,0.000,0.004,0.000,0.001
7571,0.000,0.004,0.000,0.001
7572,0.000,0.004,0.000,0.001
7573,0.000,0.004,0.000,0.001
7574,0.000,0.004,0.000,0.001
7575,0.000,0.004,0.000,0.001
7576,0.000,0.004,0.000,0.001
7577,0.000,0.004,0.000,0.001
7578,0.000,0.004,0.000,0.001
7579,0.000,0.004,0.000,0.001
7580,0.000,0.004,0.000,0.001
7581,0.000,0.004,0.000,0.001
7582,0.000,0.004,0.000,0.001
7583,0.000,0.004,0.000,0.001
7584,0.000,0.004,0.000,0.001
7585,0.000,0.004,0.000,0.001
7586,0.000,0.004,0.000,0.001
7587,0.000,0.004,0.000,0.001
7588,0.000,0.004,0.000,0.001
7589,0.000,0.004,0.000,0.001
7590,0.000,0.004,0.000,0.001
7591,0.000,0.004,0.000,0.001
7592,0.000,0.004,0.000,0.001
7593,0.000,0.004,0.000,0.001
7594,0.000,0.004,0.000,0.001
7595,0.000,0.004,0.000,0.001
7596,0.000,0.004,0.000,0.001
7597,0.000,0.004,0.000,0.001
7598,0.000,0.004,0.000,0.001
7599,0.000,0.004,0.000,0.001
7600,0.000,0.004,0.000,0.001
7601,0.000,0.004,0.000,0.001
7602,0.000,0.004,0.000,0.001
7603,0.000,0.004,0.000,0.001
7604,0.000,0.004,0.000,0.001
7605,0.000,0.004,0.000,0.001
7606,0.000,0.004,0.000,0.001
7607,0.000,0.004,0.000,0.001
7608,0.000,0.004,0.000,0.001
7609,0.000,0.004,0.000,0.001
7610,0.000,0.004,0.000,0.001
7611,0.000,0.004,0.000,0.001
7612,0.000,0.004,0.000,0.001
7613,0.001,0.004,0.000,0.002
7614,0.000,0.004,0.000,0.001
7615,0.000,0.004,0.000,0.001
7616,0.000,0.004,0.000,0.001
7617,0.000,0.004,0.000,0.001
7618,0.001,0.004,0.000,0.002
7619,0.000,0.004,0.000,0.001
7620,0.000,0.004,0.000,0.001
7621,0.000,0.004,0.000,0.001
7622,0.000,0.004,0.000,0.001
7623,0.000,0.004,0.000,0.001
7624,0.001,0.004,0.000,0.002
7625,0.000,0.004,0.000,0.001
7626,0.000,0.004,0.000,0.001
7627,0.001,0.004,0.000,0.002
7628,0.002,0.004,0.000,0.002
7629,0.007,0.004,0.000,0.004
7630,0.007,0.004,0.000,0.004
7631,0.005,0.004,0.000,0.003
7632,0.005,0.004,0.000,0.003
7633,0.003,0.004,0.000,0.003
7634,0.003,0.004,0.000,0.003
7635,0.003,0.004,0.000,0.003
7636,0.003,0.004,0.000,0.003
7637,0.003,0.004,0.000,0.003
7638,0.003,0.004,0.000,0.003
7639,0.003,0.004,0.000,0.003
7640,0.003,0.004,0.000,0.003
7641,0.003,0.004,0.000,0.003
7642,0.003,0.004,0.000,0.003
7643,0.003,0.004,0.000,0.003
7644,0.003,0.004,0.000,0.003
7645,0.003,0.004,0.000,0.002
7646,0.003,0.004,0.000,0.002
7647,0.003,0.004,0.000,0.002
7648,0.003,0.004,0.000,0.002
7649,0.000,0.004,0.000,0.001
7650,0.001,0.004,0.000,0.002
7651,0.001,0.004,0.000,0.002
7652,0.001,0.004,0.000,0.002
7653,0.001,0.004,0.000,0.002
7654,0.001,0.004,0.000,0.002
7655,0.001,0.004,0.000,0.002
7656,0.001,0.004,0.000,0.002
7657,0.001,0.004,0.000,0.002
7658,0.001,0.004,0.000,0.002
7659,0.004,0.004,0.000,0.003
7660,0.002,0.004,0.000,0.002
7661,0.005,0.004,0.000,0.003
7662,0.004,0.004,0.000,0.003
7663,0.004,0.004,0.000,0.003
7664,0.004,0.004,0.000,0.003
7665,0.001,0.004,0.000,0.002
7666,0.002,0.004,0.000,0.002
7667,0.002,0.004,0.000,0.002
7668,0.002,0.004,0.000,0.002
7669,0.002,0.004,0.000,0.002
7670,0.002,0.004,0.000,0.002
7671,0.002,0.004,0.000,0.002
7672,0.002,0.004,0.000,0.002
7673,0.001,0.004,0.000,0.002
7674,0.000,0.004,0.000,0.001
7675,0.001,0.004,0.000,0.002
7676,0.001,0.004,0.000,0.002
7677,0.001,0.004,0.000,0.002
7678,0.001,0.004,0.000,0.002
7679,0.001,0.004,0.000,0.002
7680,0.001,0.004,0.000,0.002
7681,0.001,0.004,0.000,0.002
7682,0.001,0.004,0.000,0.002
7683,0.001,0.004,0.000,0.002
7684,0.001,0.004,0.000,0.002
7685,0.001,0.004,0.000,0.002
7686,0.001,0.004,0.000,0.002
7687,0.001,0.004,0.000,0.002
7688,0.001,0.004,0.000,0.002
7689,0.001,0.004,0.000,0.002
7690,0.001,0.004,0.000,0.002
7691,0.001,0.004,0.000,0.002
7692,0.001,0.004,0.000,0.002
7693,0.001,0.004,0.000,0.002
7694,0.001,0.004,0.000,0.002
7695,0.001,0.004,0.000,0.002
7696,0.001,0.004,0.000,0.002
7697,0.001,0.004,0.000,0.002
7698,0.001,0.004,0.000,0.002
7699,0.001,0.004,0.000,0.002
7700,0.001,0.004,0.000,0.002
7701,0.001,0.004,0.000,0.002
7702,0.001,0.004,0.000,0.002
7703,0.001,0.004,0.000,0.002
7704,0.001,0.004,0.000,0.002
7705,0.000,0.004,0.000,0.001
7706,0.000,0.004,0.000,0.002
7707,0.001,0.004,0.000,0.002
7708,0.001,0.004,0.000,0.002
7709,0.001,0.004,0.000,0.002
7710,0.002,0.004,0.000,0.002
7711,0.000,0.004,0.000,0.001
7712,0.001,0.004,0.000,0.002
7713,0.001,0.004,0.000,0.002
7714,0.001,0.004,0.000,0.002
7715,0.001,0.004,0.000,0.002
7716,0.001,0.004,0.000,0.002
7717,0.001,0.004,0.000,0.002
7718,0.001,0.004,0.000,0.002
7719,0.001,0.004,0.000,0.002
7720,0.001,0.004,0.000,0.002
7721,0.001,0.004,0.000,0.002
7722,0.001,0.004,0.000,0.002
7723,0.001,0.004,0.000,0.002
7724,0.001,0.004,0.000,0.002
7725,0.001,0.004,0.000,0.002
7726,0.001,0.004,0.000,0.002
7727,0.001,0.004,0.000,0.002
7728,0.001,0.004,0.000,0.002
7729,0.001,0.004,0.000,0.002
7730,0.001,0.004,0.000,0.002
7731,0.001,0.004,0.000,0.002
7732,0.001,0.004,0.000,0.002
7733,0.001,0.004,0.000,0.002
7734,0.001,0.004,0.000,0.002
7735,0.001,0.004,0.000,0.002
7736,0.001,0.004,0.000,0.002
7737,0.001,0.004,0.000,0.002
7738,0.001,0.004,0.000,0.002
7739,0.001,0.004,0.000,0.002
7740,0.001,0.004,0.000,0.002
7741,0.001,0.004,0.000,0.002
7742,0.001,0.004,0.000,0.002
7743,0.001,0.004,0.000,0.002
7744,0.001,0.004,0.000,0.002
7745,0.001,0.004,0.000,0.002
7746,0.001,0.004,0.000,0.002
7747,0.001,0.004,0.000,0.002
7748,0.001,0.004,0.000,0.002
7749,0.001,0.004,0.000,0.002
7750,0.001,0.004,0.000,0.002
7751,0.001,0.004,0.000,0.002
7752,0.001,0.004,0.000,0.002
7753,0.001,0.004,0.000,0.002
7754,0.001,0.004,0.000,0.002
7755,0.001,0.004,0.000,0.002
7756,0.001,0.004,0.000,0.002
7757,0.001,0.004,0.000,0.002
7758,0.001,0.004,0.000,0.002
7759,0.001,0.004,0.000,0.002
7760,0.001,0.004,0.000,0.002
7761,0.001,0.004,0.000,0.002
7762,0.001,0.004,0.000,0.002
7763,0.001,0.004,0.000,0.002
7764,0.001,0.004,0.000,0.002
7765,0.001,0.004,0.000,0.002
7766,0.001,0.004,0.000,0.002
7767,0.001,0.004,0.000,0.002
7768,0.001,0.004,0.000,0.002
7769,0.001,0.004,0.000,0.002
7770,0.001,0.004,0.000,0.002
7771,0.001,0.004,0.000,0.002
7772,0.001,0.004,0.000,0.002
7773,0.001,0.004,0.000,0.002
7774,0.001,0.004,0.000,0.002
7775,0.001,0.004,0.000,0.002
7776,0.001,0.004,0.000,0.002
7777,0.001,0.004,0.000,0.002
7778,0.001,0.004,0.000,0.002
7779,0.001,0.004,0.000,0.002
7780,0.001,0.004,0.000,0.002
7781,0.001,0.004,0.000,0.002
7782,0.001,0.004,0.000,0.002
7783,0.001,0.004,0.000,0.002
7784,0.001,0.004,0.000,0.002
7785,0.001,0.004,0.000,0.002
7786,0.001,0.004,0.000,0.002
7787,0.001,0.004,0.000,0.002
7788,0.001,0.004,0.000,0.002
7789,0.001,0.004,0.000,0.002
7790,0.001,0.004,0.000,0.002
7791,0.001,0.004,0.000,0.002
7792,0.001,0.004,0.000,0.002
7793,0.001,0.004,0.000,0.002
7794,0.001,0.004,0.000,0.002
7795,0.001,0.004,0.000,0.002
7796,0.001,0.004,0.000,0.002
7797,0.001,0.004,0.000,0.002
7798,0.001,0.004,0.000,0.002
7799,0.001,0.004,0.000,0.002
7800,0.001,0.004,0.000,0.002
7801,0.001,0.004,0.000,0.002
7802,0.001,0.004,0.000,0.002
7803,0.001,0.004,0.000,0.002
7804,0.001,0.004,0.000,0.002
7805,0.001,0.004,0.000,0.002
7806,0.001,0.004,0.000,0.002
7807,0.001,0.004,0.000,0.002
7808,0.001,0.004,0.000,0.002
7809,0.001,0.004,0.000,0.002
7810,0.001,0.004,0.000,0.002
7811,0.001,0.004,0.000,0.002
7812,0.001,0.004,0.000,0.002
7813,0.001,0.004,0.000,0.002
7814,0.001,0.004,0.000,0.002
7815,0.001,0.004,0.000,0.002
7816,0.001,0.004,0.000,0.002
7817,0.001,0.004,0.000,0.002
7818,0.001,0.004,0.000,0.002
7819,0.001,0.004,0.000,0.002
7820,0.001,0.004,0.000,0.002
7821,0.001,0.004,0.000,0.002
7822,0.001,0.004,0.000,0.002
7823,0.001,0.004,0.000,0.002
7824,0.001,0.004,0.000,0.002
7825,0.001,0.004,0.000,0.002
7826,0.001,0.004,0.000,0.002
7827,0.001,0.004,0.000,0.002
7828,0.001,0.004,0.000,0.002
7829,0.001,0.004,0.000,0.002
7830,0.001,0.004,0.000,0.002
7831,0.001,0.004,0.000,0.002
7832,0.001,0.004,0.000,0.002
7833,0.001,0.004,0.000,0.002
7834,0.001,0.004,0.000,0.002
7835,0.001,0.004,0.000,0.002
7836,0.001,0.004,0.000,0.002
7837,0.001,0.004,0.000,0.002
7838,0.001,0.004,0.000,0.002
7839,0.001,0.004,0.000,0.002
7840,0.001,0.004,0.000,0.002
7841,0.001,0.004,0.000,0.002
7842,0.001,0.004,0.000,0.002
7843,0.001,0.004,0.000,0.002
7844,0.001,0.004,0.000,0.002
7845,0.001,0.004,0.000,0.002
7846,0.001,0.004,0.000,0.002
7847,0.001,0.004,0.000,0.002
7848,0.001,0.004,0.000,0.002
7849,0.001,0.004,0.000,0.002
7850,0.001,0.004,0.000,0.002
7851,0.001,0.004,0.000,0.002
7852,0.001,0.004,0.000,0.002
7853,0.001,0.004,0.000,0.002
7854,0.001,0.004,0.000,0.002
7855,0.001,0.004,0.000,0.002
7856,0.001,0.004,0.000,0.002
7857,0.001,0.004,0.000,0.002
7858,0.001,0.004,0.000,0.002
7859,0.001,0.004,0.000,0.002
7860,0.001,0.004,0.000,0.002
7861,0.001,0.004,0.000,0.002
7862,0.001,0.004,0.000,0.002
7863,0.001,0.004,0.000,0.002
7864,0.001,0.004,0.000,0.002
7865,0.001,0.004,0.000,0.002
7866,0.001,0.004,0.000,0.002
7867,0.001,0.004,0.000,0.002
7868,0.001,0.004,0.000,0.002
7869,0.001,0.004,0.000,0.002
7870,0.001,0.004,0.000,0.002
7871,0.001,0.004,0.000,0.002
7872,0.001,0.004,0.000,0.002
7873,0.001,0.004,0.000,0.002
7874,0.001,0.004,0.000,0.002
7875,0.001,0.004,0.000,0.002
7876,0.001,0.004,0.000,0.002
7877,0.001,0.004,0.000,0.002
7878,0.001,0.004,0.000,0.002
7879,0.001,0.004,0.000,0.002
7880,0.001,0.004,0.000,0.002
7881,0.001,0.004,0.000,0.002
7882,0.001,0.004,0.000,0.002
7883,0.001,0.004,0.000,0.002
7884,0.001,0.004,0.000,0.002
7885,0.001,0.004,0.000,0.002
7886,0.001,0.004,0.000,0.002
7887,0.001,0.004,0.000,0.002
7888,0.001,0.004,0.000,0.002
7889,0.001,0.004,0.000,0.002
7890,0.001,0.004,0.000,0.002
7891,0.001,0.004,0.000,0.002
7892,0.001,0.004,0.000,0.002
7893,0.001,0.004,0.000,0.002
7894,0.001,0.004,0.000,0.002
7895,0.001,0.004,0.000,0.002
7896,0.001,0.004,0.000,0.002
7897,0.001,0.004,0.000,0.002
7898,0.001,0.004,0.000,0.002
7899,0.001,0.004,0.000,0.002
7900,0.001,0.004,0.000,0.002
7901,0.001,0.004,0.000,0.002
7902,0.001,0.004,0.000,0.002
7903,0.001,0.004,0.000,0.002
7904,0.001,0.004,0.000,0.002
7905,0.001,0.004,0.000,0.002
7906,0.001,0.004,0.000,0.002
7907,0.001,0.004,0.000,0.002
7908,0.001,0.004,0.000,0.002
7909,0.001,0.004,0.000,0.002
7910,0.001,0.004,0.000,0.002
7911,0.001,0.004,0.000,0.002
7912,0.001,0.004,0.000,0.002
7913,0.001,0.004,0.000,0.002
7914,0.001,0.004,0.000,0.002
7915,0.001,0.004,0.000,0.002
7916,0.001,0.004,0.000,0.002
7917,0.001,0.004,0.000,0.002
7918,0.001,0.004,0.000,0.002
7919,0.001,0.004,0.000,0.002
7920,0.001,0.004,0.000,0.002
7921,0.001,0.004,0.000,0.002
7922,0.001,0.004,0.000,0.002
7923,0.001,0.004,0.000,0.002
7924,0.001,0.004,0.000,0.002
7925,0.001,0.004,0.000,0.002
7926,0.001,0.004,0.000,0.002
7927,0.001,0.004,0.000,0.002
7928,0.001,0.004,0.000,0.002
7929,0.001,0.004,0.000,0.002
7930,0.001,0.004,0.000,0.002
7931,0.001,0.004,0.000,0.002
7932,0.001,0.004,0.000,0.002
7933,0.001,0.004,0.000,0.002
7934,0.001,0.004,0.000,0.002
7935,0.001,0.004,0.000,0.002
7936,0.001,0.004,0.000,0.002
7937,0.001,0.004,0.000,0.002
7938,0.001,0.004,0.000,0.002
7939,0.001,0.004,0.000,0.002
7940,0.001,0.004,0.000,0.002
7941,0.001,0.004,0.000,0.002
7942,0.001,0.004,0.000,0.002
7943,0.001,0.004,0.000,0.002
7944,0.001,0.004,0.000,0.002
7945,0.001,0.004,0.000,0.002
7946,0.001,0.004,0.000,0.002
7947,0.001,0.004,0.000,0.002
7948,0.001,0.004,0.000,0.002
7949,0.001,0.004,0.000,0.002
7950,0.001,0.004,0.000,0.002
7951,0.001,0.004,0.000,0.002
7952,0.001,0.004,0.000,0.002
7953,0.001,0.004,0.000,0.002
7954,0.001,0.004,0.000,0.002
7955,0.001,0.004,0.000,0.002
7956,0.001,0.004,0.000,0.002
7957,0.001,0.004,0.000,0.002
7958,0.001,0.004,0.000,0.002
7959,0.001,0.004,0.000,0.002
7960,0.001,0.004,0.000,0.002
7961,0.001,0.004,0.000,0.002
7962,0.001,0.004,0.000,0.002
7963,0.001,0.004,0.000,0.002
7964,0.001,0.004,0.000,0.002
7965,0.001,0.004,0.000,0.002
7966,0.001,0.004,0.000,0.002
7967,0.001,0.004,0.000,0.002
7968,0.001,0.004,0.000,0.002
7969,0.001,0.004,0.000,0.002
7970,0.001,0.004,0.000,0.002
7971,0.001,0.004,0.000,0.002
7972,0.001,0.004,0.000,0.002
7973,0.001,0.004,0.000,0.002
7974,0.001,0.004,0.000,0.002
7975,0.001,0.004,0.000,0.002
7976,0.001,0.004,0.000,0.002
7977,0.001,0.004,0.000,0.002
7978,0.001,0.004,0.000,0.002
7979,0.001,0.004,0.000,0.002
7980,0.001,0.004,0.000,0.002
7981,0.001,0.004,0.000,0.002
7982,0.001,0.004,0.000,0.002
7983,0.001,0.004,0.000,0.002
7984,0.001,0.004,0.000,0.002
7985,0.001,0.004,0.000,0.002
7986,0.001,0.004,0.000,0.002
7987,0.001,0.004,0.000,0.002
7988,0.001,0.004,0.000,0.002
7989,0.001,0.004,0.000,0.002
7990,0.001,0.004,0.000,0.002
7991,0.001,0.004,0.000,0.002
7992,0.001,0.004,0.000,0.002
7993,0.001,0.004,0.000,0.002
7994,0.001,0.004,0.000,0.002
7995,0.001,0.004,0.000,0.002
7996,0.001,0.004,0.000,0.002
7997,0.001,0.004,0.000,0.002
7998,0.001,0.004,0.000,0.002
7999,0.001,0.004,0.000,0.002
8000,0.001,0.004,0.000,0.002
8001,0.001,0.004,0.000,0.002
8002,0.001,0.004,0.000,0.002
8003,0.001,0.004,0.000,0.002
8004,0.001,0.004,0.000,0.002
8005,0.001,0.004,0.000,0.002
8006,0.001,0.004,0.000,0.002
8007,0.001,0.004,0.000,0.002
8008,0.001,0.004,0.000,0.002
8009,0.001,0.004,0.000,0.002
8010,0.001,0.004,0.000,0.002
8011,0.001,0.004,0.000,0.002
8012,0.001,0.004,0.000,0.002
8013,0.001,0.004,0.000,0.002
8014,0.001,0.004,0.000,0.002
8015,0.001,0.004,0.000,0.002
8016,0.001,0.004,0.000,0.002
8017,0.001,0.004,0.000,0.002
8018,0.001,0.004,0.000,0.002
8019,0.001,0.004,0.000,0.002
8020,0.001,0.004,0.000,0.002
8021,0.001,0.004,0.000,0.002
8022,0.001,0.004,0.000,0.002
8023,0.001,0.004,0.000,0.002
8024,0.001,0.004,0.000,0.002
8025,0.001,0.004,0.000,0.002
8026,0.001,0.004,0.000,0.002
8027,0.001,0.004,0.000,0.002
8028,0.001,0.004,0.000,0.002
8029,0.001,0.004,0.000,0.002
8030,0.001,0.004,0.000,0.002
8031,0.001,0.004,0.000,0.002
8032,0.001,0.004,0.000,0.002
8033,0.001,0.004,0.000,0.002
8034,0.001,0.004,0.000,0.002
8035,0.001,0.004,0.000,0.002
8036,0.001,0.004,0.000,0.002
8037,0.001,0.004,0.000,0.002
8038,0.001,0.004,0.000,0.002
8039,0.001,0.004,0.000,0.002
8040,0.001,0.004,0.000,0.002
8041,0.002,0.004,0.000,0.002
8042,0.004,0.004,0.000,0.003
8043,0.004,0.004,0.000,0.003
8044,0.011,0.004,0.000,0.005
8045,0.019,0.004,0.000,0.008
8046,0.020,0.004,0.000,0.009
8047,0.021,0.004,0.000,0.009
8048,0.021,0.004,0.000,0.009
8049,0.020,0.004,0.000,0.008
8050,0.019,0.004,0.000,0.008
8051,0.017,0.004,0.000,0.008
8052,0.015,0.004,0.000,0.007
8053,0.013,0.004,0.000,0.006
8054,0.014,0.004,0.000,0.006
8055,0.014,0.004,0.000,0.006
8056,0.011,0.004,0.000,0.005
8057,0.009,0.004,0.000,0.005
8058,0.009,0.004,0.000,0.005
8059,0.007,0.004,0.000,0.004
8060,0.005,0.004,0.000,0.003
8061,0.004,0.004,0.000,0.003
8062,0.003,0.004,0.000,0.002
8063,0.002,0.004,0.000,0.002
8064,0.002,0.004,0.000,0.002
8065,0.002,0.004,0.000,0.002
8066,0.002,0.004,0.000,0.002
8067,0.001,0.004,0.000,0.002
8068,0.002,0.004,0.000,0.002
8069,0.002,0.004,0.000,0.002
8070,0.002,0.004,0.000,0.002
8071,0.002,0.004,0.000,0.002
8072,0.002,0.004,0.000,0.002
8073,0.003,0.004,0.000,0.002
8074,0.003,0.004,0.000,0.002
8075,0.002,0.004,0.000,0.002
8076,0.004,0.004,0.000,0.003
8077,0.008,0.004,0.000,0.004
8078,0.006,0.004,0.000,0.004
8079,0.010,0.004,0.000,0.005
8080,0.007,0.004,0.000,0.004
8081,0.008,0.004,0.000,0.004
8082,0.008,0.004,0.000,0.004
8083,0.008,0.004,0.000,0.004
8084,0.008,0.004,0.000,0.004
8085,0.006,0.004,0.000,0.004
8086,0.006,0.004,0.000,0.004
8087,0.005,0.004,0.000,0.003
8088,0.006,0.004,0.000,0.004
8089,0.005,0.004,0.000,0.003
8090,0.005,0.004,0.000,0.003
8091,0.005,0.004,0.000,0.003
8092,0.004,0.004,0.000,0.003
8093,0.007,0.004,0.000,0.004
8094,0.006,0.004,0.000,0.003
8095,0.006,0.004,0.000,0.003
8096,0.006,0.004,0.000,0.003
8097,0.006,0.004,0.000,0.003
8098,0.006,0.004,0.000,0.003
8099,0.004,0.004,0.000,0.003
8100,0.004,0.004,0.000,0.003
8101,0.003,0.004,0.000,0.002
8102,0.002,0.004,0.000,0.002
8103,0.004,0.004,0.000,0.003
8104,0.002,0.004,0.000,0.002
8105,0.003,0.004,0.000,0.002
8106,0.004,0.004,0.000,0.003
8107,0.003,0.004,0.000,0.002
8108,0.003,0.004,0.000,0.002
8109,0.003,0.004,0.000,0.002
8110,0.003,0.004,0.000,0.002
8111,0.003,0.004,0.000,0.002
8112,0.003,0.004,0.000,0.002
8113,0.003,0.004,0.000,0.002
8114,0.003,0.004,0.000,0.002
8115,0.003,0.004,0.000,0.002
8116,0.003,0.004,0.000,0.002
8117,0.003,0.004,0.000,0.002
8118,0.003,0.004,0.000,0.002
8119,0.003,0.004,0.000,0.002
8120,0.003,0.004,0.000,0.002
8121,0.003,0.004,0.000,0.002
8122,0.003,0.004,0.000,0.002
8123,0.003,0.004,0.000,0.002
8124,0.003,0.004,0.000,0.002
8125,0.003,0.004,0.000,0.002
8126,0.003,0.004,0.000,0.002
8127,0.003,0.004,0.000,0.002
8128,0.003,0.004,0.000,0.002
8129,0.003,0.004,0.000,0.002
8130,0.003,0.004,0.000,0.002
8131,0.003,0.004,0.000,0.002
8132,0.003,0.004,0.000,0.002
8133,0.003,0.004,0.000,0.002
8134,0.003,0.004,0.000,0.002
8135,0.003,0.004,0.000,0.002
8136,0.003,0.004,0.000,0.002
8137,0.003,0.004,0.000,0.002
8138,0.003,0.004,0.000,0.002
8139,0.003,0.004,0.000,0.002
8140,0.003,0.004,0.000,0.002
8141,0.003,0.004,0.000,0.002
8142,0.003,0.004,0.000,0.002
8143,0.003,0.004,0.000,0.002
8144,0.003,0.004,0.000,0.002
8145,0.003,0.004,0.000,0.002
8146,0.003,0.004,0.000,0.002
8147,0.003,0.004,0.000,0.002
8148,0.003,0.004,0.000,0.002
8149,0.003,0.004,0.000,0.002
8150,0.003,0.004,0.000,0.002
8151,0.003,0.004,0.000,0.002
8152,0.003,0.004,0.000,0.002
8153,0.003,0.004,0.000,0.002
8154,0.003,0.004,0.000,0.002
8155,0.003,0.004,0.000,0.002
8156,0.003,0.004,0.000,0.002
8157,0.003,0.004,0.000,0.002
8158,0.003,0.004,0.000,0.002
8159,0.003,0.004,0.000,0.002
8160,0.003,0.004,0.000,0.002
8161,0.003,0.004,0.000,0.002
8162,0.003,0.004,0.000,0.002
8163,0.003,0.004,0.000,0.002
8164,0.003,0.004,0.000,0.002
8165,0.003,0.004,0.000,0.002
8166,0.003,0.004,0.000,0.002
8167,0.003,0.004,0.000,0.002
8168,0.003,0.004,0.000,0.002
8169,0.003,0.004,0.000,0.002
8170,0.003,0.004,0.000,0.002
8171,0.003,0.004,0.000,0.002
8172,0.003,0.004,0.000,0.002
8173,0.003,0.004,0.000,0.002
8174,0.003,0.004,0.000,0.002
8175,0.003,0.004,0.000,0.002
8176,0.003,0.004,0.000,0.002
8177,0.003,0.004,0.000,0.002
8178,0.003,0.004,0.000,0.002
8179,0.003,0.004,0.000,0.002
8180,0.003,0.004,0.000,0.002
8181,0.003,0.004,0.000,0.002
8182,0.003,0.004,0.000,0.002
8183,0.003,0.004,0.000,0.002
8184,0.003,0.004,0.000,0.002
8185,0.003,0.004,0.000,0.002
8186,0.003,0.004,0.000,0.002
8187,0.003,0.004,0.000,0.002
8188,0.003,0.004,0.000,0.002
8189,0.003,0.004,0.000,0.002
8190,0.003,0.004,0.000,0.002
8191,0.003,0.004,0.000,0.002
8192,0.003,0.004,0.000,0.002
8193,0.003,0.004,0.000,0.002
8194,0.003,0.004,0.000,0.002
8195,0.003,0.004,0.000,0.002
8196,0.003,0.004,0.000,0.002
8197,0.003,0.004,0.000,0.002
8198,0.003,0.004,0.000,0.002
8199,0.003,0.004,0.000,0.002
8200,0.003,0.004,0.000,0.002
8201,0.003,0.004,0.000,0.002
8202,0.003,0.004,0.000,0.002
8203,0.003,0.004,0.000,0.002
8204,0.003,0.004,0.000,0.002
8205,0.003,0.004,0.000,0.002
8206,0.003,0.004,0.000,0.002
8207,0.003,0.004,0.000,0.002
8208,0.003,0.004,0.000,0.002
8209,0.003,0.004,0.000,0.002
8210,0.003,0.004,0.000,0.002
8211,0.003,0.004,0.000,0.002
8212,0.003,0.004,0.000,0.002
8213,0.003,0.004,0.000,0.002
8214,0.003,0.004,0.000,0.002
8215,0.003,0.004,0.000,0.002
8216,0.003,0.004,0.000,0.002
8217,0.003,0.004,0.000,0.002
8218,0.003,0.004,0.000,0.002
8219,0.003,0.004,0.000,0.002
8220,0.003,0.004,0.000,0.002
8221,0.003,0.004,0.000,0.002
8222,0.003,0.004,0.000,0.002
8223,0.003,0.004,0.000,0.002
8224,0.003,0.004,0.000,0.002
8225,0.003,0.004,0.000,0.002
8226,0.003,0.004,0.000,0.002
8227,0.003,0.004,0.000,0.002
8228,0.003,0.004,0.000,0.002
8229,0.003,0.004,0.000,0.002
8230,0.003,0.004,0.000,0.002
8231,0.003,0.004,0.000,0.002
8232,0.003,0.004,0.000,0.002
8233,0.003,0.004,0.000,0.002
8234,0.003,0.004,0.000,0.002
8235,0.003,0.004,0.000,0.002
8236,0.003,0.004,0.000,0.002
8237,0.003,0.004,0.000,0.002
8238,0.003,0.004,0.000,0.002
8239,0.003,0.004,0.000,0.002
8240,0.003,0.004,0.000,0.002
8241,0.003,0.004,0.000,0.002
8242,0.003,0.004,0.000,0.002
8243,0.003,0.004,0.000,0.002
8244,0.003,0.004,0.000,0.002
8245,0.003,0.004,0.000,0.002
8246,0.003,0.004,0.000,0.002
8247,0.003,0.004,0.000,0.002
8248,0.003,0.004,0.000,0.002
8249,0.003,0.004,0.000,0.002
8250,0.003,0.004,0.000,0.002
8251,0.003,0.004,0.000,0.002
8252,0.003,0.004,0.000,0.002
8253,0.003,0.004,0.000,0.002
8254,0.003,0.004,0.000,0.002
8255,0.003,0.004,0.000,0.002
8256,0.003,0.004,0.000,0.002
8257,0.003,0.004,0.000,0.002
8258,0.003,0.004,0.000,0.002
8259,0.003,0.004,0.000,0.002
8260,0.003,0.004,0.000,0.002
8261,0.003,0.004,0.000,0.002
8262,0.003,0.004,0.000,0.002
8263,0.003,0.004,0.000,0.002
8264,0.003,0.004,0.000,0.002
8265,0.003,0.004,0.000,0.002
8266,0.003,0.004,0.000,0.002
8267,0.003,0.004,0.000,0.002
8268,0.003,0.004,0.000,0.002
8269,0.003,0.004,0.000,0.002
8270,0.003,0.004,0.000,0.002
8271,0.003,0.004,0.000,0.002
8272,0.003,0.004,0.000,0.002
8273,0.003,0.004,0.000,0.002
8274,0.003,0.004,0.000,0.002
8275,0.003,0.004,0.000,0.002
8276,0.003,0.004,0.000,0.002
8277,0.003,0.004,0.000,0.002
8278,0.003,0.004,0.000,0.002
8279,0.003,0.004,0.000,0.002
8280,0.003,0.004,0.000,0.002
8281,0.003,0.004,0.000,0.002
8282,0.003,0.004,0.000,0.002
8283,0.003,0.004,0.000,0.002
8284,0.003,0.004,0.000,0.002
8285,0.003,0.004,0.000,0.002
8286,0.003,0.004,0.000,0.002
8287,0.003,0.004,0.000,0.002
8288,0.003,0.004,0.000,0.002
8289,0.003,0.004,0.000,0.002
8290,0.003,0.004,0.000,0.002
8291,0.003,0.004,0.000,0.002
8292,0.003,0.004,0.000,0.002
8293,0.003,0.004,0.000,0.002
8294,0.003,0.004,0.000,0.002
8295,0.003,0.004,0.000,0.002
8296,0.003,0.004,0.000,0.002
8297,0.003,0.004,0.000,0.002
8298,0.003,0.004,0.000,0.002
8299,0.003,0.004,0.000,0.002
8300,0.003,0.004,0.000,0.002
8301,0.003,0.004,0.000,0.002
8302,0.003,0.004,0.000,0.002
8303,0.003,0.004,0.000,0.002
8304,0.003,0.004,0.000,0.002
8305,0.003,0.004,0.000,0.002
8306,0.003,0.004,0.000,0.002
8307,0.003,0.004,0.000,0.002
8308,0.003,0.004,0.000,0.002
8309,0.003,0.004,0.000,0.002
8310,0.003,0.004,0.000,0.002
8311,0.003,0.004,0.000,0.002
8312,0.003,0.004,0.000,0.002
8313,0.003,0.004,0.000,0.002
8314,0.003,0.004,0.000,0.002
8315,0.003,0.004,0.000,0.002
8316,0.003,0.004,0.000,0.002
8317,0.003,0.004,0.000,0.002
8318,0.003,0.004,0.000,0.002
8319,0.003,0.004,0.000,0.002
8320,0.003,0.004,0.000,0.002
8321,0.003,0.004,0.000,0.002
8322,0.003,0.004,0.000,0.002
8323,0.003,0.004,0.000,0.002
8324,0.003,0.004,0.000,0.002
8325,0.003,0.004,0.000,0.002
8326,0.003,0.004,0.000,0.002
8327,0.003,0.004,0.000,0.002
8328,0.003,0.004,0.000,0.002
8329,0.003,0.004,0.000,0.002
8330,0.003,0.004,0.000,0.002
8331,0.003,0.004,0.000,0.002
8332,0.003,0.004,0.000,0.002
8333,0.003,0.004,0.000,0.002
8334,0.003,0.004,0.000,0.002
8335,0.003,0.004,0.000,0.002
8336,0.003,0.004,0.000,0.002
8337,0.003,0.004,0.000,0.002
8338,0.003,0.004,0.000,0.002
8339,0.003,0.004,0.000,0.002
8340,0.003,0.004,0.000,0.002
8341,0.003,0.004,0.000,0.002
8342,0.003,0.004,0.000,0.002
8343,0.003,0.004,0.000,0.002
8344,0.003,0.004,0.000,0.002
8345,0.003,0.004,0.000,0.002
8346,0.003,0.004,0.000,0.002
8347,0.003,0.004,0.000,0.002
8348,0.003,0.004,0.000,0.002
8349,0.003,0.004,0.000,0.002
8350,0.003,0.004,0.000,0.002
8351,0.003,0.004,0.000,0.002
8352,0.003,0.004,0.000,0.002
8353,0.003,0.004,0.000,0.002
8354,0.003,0.004,0.000,0.002
8355,0.003,0.004,0.000,0.002
8356,0.003,0.004,0.000,0.002
8357,0.003,0.004,0.000,0.002
8358,0.003,0.004,0.000,0.002
8359,0.003,0.004,0.000,0.002
8360,0.003,0.004,0.000,0.002
8361,0.003,0.004,0.000,0.002
8362,0.003,0.004,0.000,0.002
8363,0.003,0.004,0.000,0.002
8364,0.003,0.004,0.000,0.002
8365,0.003,0.004,0.000,0.002
8366,0.003,0.004,0.000,0.002
8367,0.003,0.004,0.000,0.002
8368,0.003,0.004,0.000,0.002
8369,0.003,0.004,0.000,0.002
8370,0.003,0.004,0.000,0.002
8371,0.003,0.004,0.000,0.002
8372,0.003,0.004,0.000,0.002
8373,0.003,0.004,0.000,0.002
8374,0.003,0.004,0.000,0.002
8375,0.003,0.004,0.000,0.002
8376,0.003,0.004,0.000,0.002
8377,0.003,0.004,0.000,0.002
8378,0.003,0.004,0.000,0.002
8379,0.003,0.004,0.000,0.002
8380,0.003,0.004,0.000,0.002
8381,0.003,0.004,0.000,0.002
8382,0.003,0.004,0.000,0.002
8383,0.003,0.004,0.000,0.002
8384,0.003,0.004,0.000,0.002
8385,0.003,0.004,0.000,0.002
8386,0.003,0.004,0.000,0.002
8387,0.003,0.004,0.000,0.002
8388,0.003,0.004,0.000,0.002
8389,0.003,0.004,0.000,0.002
8390,0.003,0.004,0.000,0.002
8391,0.003,0.004,0.000,0.002
8392,0.003,0.004,0.000,0.002
8393,0.003,0.004,0.000,0.002
8394,0.003,0.004,0.000,0.002
8395,0.003,0.004,0.000,0.002
8396,0.003,0.004,0.000,0.002
8397,0.003,0.004,0.000,0.002
8398,0.003,0.004,0.000,0.002
8399,0.003,0.004,0.000,0.002
8400,0.003,0.004,0.000,0.002
8401,0.003,0.004,0.000,0.002
8402,0.003,0.004,0.000,0.002
8403,0.003,0.004,0.000,0.002
8404,0.003,0.004,0.000,0.002
8405,0.003,0.004,0.000,0.002
8406,0.003,0.004,0.000,0.002
8407,0.003,0.004,0.000,0.002
8408,0.003,0.004,0.000,0.002
8409,0.003,0.004,0.000,0.002
8410,0.003,0.004,0.000,0.002
8411,0.003,0.004,0.000,0.002
8412,0.003,0.004,0.000,0.002
8413,0.003,0.004,0.000,0.002
8414,0.003,0.004,0.000,0.002
8415,0.003,0.004,0.000,0.002
8416,0.003,0.004,0.000,0.002
8417,0.003,0.004,0.000,0.002
8418,0.003,0.004,0.000,0.002
8419,0.003,0.004,0.000,0.002
8420,0.003,0.004,0.000,0.002
8421,0.003,0.004,0.000,0.002
8422,0.003,0.004,0.000,0.002
8423,0.003,0.004,0.000,0.002
8424,0.003,0.004,0.000,0.002
8425,0.003,0.004,0.000,0.002
8426,0.003,0.004,0.000,0.002
8427,0.003,0.004,0.000,0.002
8428,0.003,0.004,0.000,0.002
8429,0.003,0.004,0.000,0.002
8430,0.003,0.004,0.000,0.002
8431,0.003,0.004,0.000,0.002
8432,0.003,0.004,0.000,0.002
8433,0.003,0.004,0.000,0.002
8434,0.003,0.004,0.000,0.002
8435,0.003,0.004,0.000,0.002
8436,0.003,0.004,0.000,0.002
8437,0.003,0.004,0.000,0.002
8438,0.003,0.004,0.000,0.002
8439,0.003,0.004,0.000,0.002
8440,0.003,0.004,0.000,0.002
8441,0.003,0.004,0.000,0.002
8442,0.003,0.004,0.000,0.002
8443,0.003,0.004,0.000,0.002
8444,0.003,0.004,0.000,0.002
8445,0.003,0.004,0.000,0.002
8446,0.003,0.004,0.000,0.002
8447,0.003,0.004,0.000,0.002
8448,0.003,0.004,0.000,0.002
8449,0.003,0.004,0.000,0.002
8450,0.003,0.004,0.000,0.002
8451,0.003,0.004,0.000,0.002
8452,0.003,0.004,0.000,0.002
8453,0.003,0.004,0.000,0.002
8454,0.003,0.004,0.000,0.002
8455,0.003,0.004,0.000,0.002
8456,0.003,0.004,0.000,0.002
8457,0.003,0.004,0.000,0.002
8458,0.003,0.004,0.000,0.002
8459,0.003,0.004,0.000,0.002
8460,0.003,0.004,0.000,0.002
8461,0.003,0.004,0.000,0.002
8462,0.003,0.004,0.000,0.002
8463,0.003,0.004,0.000,0.002
8464,0.003,0.004,0.000,0.002
8465,0.003,0.004,0.000,0.002
8466,0.003,0.004,0.000,0.002
8467,0.003,0.004,0.000,0.002
8468,0.003,0.004,0.000,0.002
8469,0.003,0.004,0.000,0.002
8470,0.003,0.004,0.000,0.002
8471,0.003,0.004,0.000,0.002
8472,0.003,0.004,0.000,0.002
8473,0.003,0.004,0.000,0.002
8474,0.003,0.004,0.000,0.002
8475,0.003,0.004,0.000,0.002
8476,0.003,0.004,0.000,0.002
8477,0.003,0.004,0.000,0.002
8478,0.003,0.004,0.000,0.002
8479,0.003,0.004,0.000,0.002
8480,0.003,0.004,0.000,0.002
8481,0.003,0.004,0.000,0.002
8482,0.003,0.004,0.000,0.002
8483,0.003,0.004,0.000,0.002
8484,0.003,0.004,0.000,0.002
8485,0.003,0.004,0.000,0.002
8486,0.003,0.004,0.000,0.002
8487,0.003,0.004,0.000,0.002
8488,0.003,0.004,0.000,0.002
8489,0.003,0.004,0.000,0.002
8490,0.003,0.004,0.000,0.002
8491,0.003,0.004,0.000,0.002
8492,0.003,0.004,0.000,0.002
8493,0.003,0.004,0.000,0.002
8494,0.003,0.004,0.000,0.002
8495,0.003,0.004,0.000,0.002
8496,0.003,0.004,0.000,0.002
8497,0.003,0.004,0.000,0.002
8498,0.003,0.004,0.000,0.002
8499,0.003,0.004,0.000,0.002
8500,0.003,0.004,0.000,0.002
8501,0.003,0.004,0.000,0.002
8502,0.003,0.004,0.000,0.002
8503,0.003,0.004,0.000,0.002
8504,0.003,0.004,0.000,0.002
8505,0.003,0.004,0.000,0.002
8506,0.003,0.004,0.000,0.002
8507,0.003,0.004,0.000,0.002
8508,0.003,0.004,0.000,0.002
8509,0.003,0.004,0.000,0.002
8510,0.003,0.004,0.000,0.002
8511,0.003,0.004,0.000,0.002
8512,0.003,0.004,0.000,0.002
8513,0.003,0.004,0.000,0.002
8514,0.003,0.004,0.000,0.002
8515,0.003,0.004,0.000,0.002
8516,0.003,0.004,0.000,0.002
8517,0.003,0.004,0.000,0.002
8518,0.003,0.004,0.000,0.002
8519,0.003,0.004,0.000,0.002
8520,0.003,0.004,0.000,0.002
8521,0.003,0.004,0.000,0.002
8522,0.003,0.004,0.000,0.002
8523,0.003,0.004,0.000,0.002
8524,0.003,0.004,0.000,0.002
8525,0.003,0.004,0.000,0.002
8526,0.003,0.004,0.000,0.002
8527,0.003,0.004,0.000,0.002
8528,0.003,0.004,0.000,0.002
8529,0.003,0.004,0.000,0.002
8530,0.003,0.004,0.000,0.002
8531,0.003,0.004,0.000,0.002
8532,0.003,0.004,0.000,0.002
8533,0.003,0.004,0.000,0.002
8534,0.003,0.004,0.000,0.002
8535,0.003,0.004,0.000,0.002
8536,0.003,0.004,0.000,0.002
8537,0.003,0.004,0.000,0.002
8538,0.003,0.004,0.000,0.002
8539,0.003,0.004,0.000,0.002
8540,0.003,0.004,0.000,0.002
8541,0.003,0.004,0.000,0.002
8542,0.003,0.004,0.000,0.002
8543,0.003,0.004,0.000,0.002
8544,0.003,0.004,0.000,0.002
8545,0.003,0.004,0.000,0.002
8546,0.003,0.004,0.000,0.002
8547,0.003,0.004,0.000,0.002
8548,0.003,0.004,0.000,0.002
8549,0.003,0.004,0.000,0.002
8550,0.003,0.004,0.000,0.002
8551,0.003,0.004,0.000,0.002
8552,0.003,0.004,0.000,0.002
8553,0.003,0.004,0.000,0.002
8554,0.003,0.004,0.000,0.002
8555,0.003,0.004,0.000,0.002
8556,0.003,0.004,0.000,0.002
8557,0.003,0.004,0.000,0.002
8558,0.003,0.004,0.000,0.002
8559,0.003,0.004,0.000,0.002
8560,0.003,0.004,0.000,0.002
8561,0.003,0.004,0.000,0.002
8562,0.003,0.004,0.000,0.002
8563,0.003,0.004,0.000,0.002
8564,0.003,0.004,0.000,0.002
8565,0.003,0.004,0.000,0.002
8566,0.003,0.004,0.000,0.002
8567,0.003,0.004,0.000,0.002
8568,0.003,0.004,0.000,0.002
8569,0.003,0.004,0.000,0.002
8570,0.003,0.004,0.000,0.002
8571,0.003,0.004,0.000,0.002
8572,0.003,0.004,0.000,0.002
8573,0.003,0.004,0.000,0.002
8574,0.003,0.004,0.000,0.002
8575,0.003,0.004,0.000,0.002
8576,0.003,0.004,0.000,0.002
8577,0.003,0.004,0.000,0.002
8578,0.003,0.004,0.000,0.002
8579,0.003,0.004,0.000,0.002
8580,0.003,0.004,0.000,0.002
8581,0.003,0.004,0.000,0.002
8582,0.003,0.004,0.000,0.002
8583,0.003,0.004,0.000,0.002
8584,0.003,0.004,0.000,0.002
8585,0.003,0.004,0.000,0.002
8586,0.003,0.004,0.000,0.002
8587,0.003,0.004,0.000,0.002
8588,0.003,0.004,0.000,0.002
8589,0.003,0.004,0.000,0.002
8590,0.003,0.004,0.000,0.002
8591,0.003,0.004,0.000,0.002
8592,0.003,0.004,0.000,0.002
8593,0.003,0.004,0.000,0.002
8594,0.003,0.004,0.000,0.002
8595,0.003,0.004,0.000,0.002
8596,0.003,0.004,0.000,0.002
8597,0.003,0.004,0.000,0.002
8598,0.003,0.004,0.000,0.002
8599,0.003,0.004,0.000,0.002
8600,0.003,0.004,0.000,0.002
8601,0.003,0.004,0.000,0.002
8602,0.003,0.004,0.000,0.002
8603,0.003,0.004,0.000,0.002
8604,0.003,0.004,0.000,0.002
8605,0.003,0.004,0.000,0.002
8606,0.003,0.004,0.000,0.002
8607,0.003,0.004,0.000,0.002
8608,0.003,0.004,0.000,0.002
8609,0.003,0.004,0.000,0.002
8610,0.003,0.004,0.000,0.002
8611,0.003,0.004,0.000,0.002
8612,0.003,0.004,0.000,0.002
8613,0.003,0.004,0.000,0.002
8614,0.003,0.004,0.000,0.002
8615,0.003,0.004,0.000,0.002
8616,0.003,0.004,0.000,0.002
8617,0.003,0.004,0.000,0.002
8618,0.003,0.004,0.000,0.002
8619,0.003,0.004,0.000,0.002
8620,0.003,0.004,0.000,0.002
8621,0.003,0.004,0.000,0.002
8622,0.003,0.004,0.000,0.002
8623,0.003,0.004,0.000,0.002
8624,0.003,0.004,0.000,0.002
8625,0.003,0.004,0.000,0.002
8626,0.003,0.004,0.000,0.002
8627,0.003,0.004,0.000,0.002
8628,0.003,0.004,0.000,0.002
8629,0.003,0.004,0.000,0.002
8630,0.003,0.004,0.000,0.002
8631,0.003,0.004,0.000,0.002
8632,0.003,0.004,0.000,0.002
8633,0.003,0.004,0.000,0.002
8634,0.003,0.004,0.000,0.002
8635,0.003,0.004,0.000,0.002
8636,0.003,0.004,0.000,0.002
8637,0.003,0.004,0.000,0.002
8638,0.003,0.004,0.000,0.002
8639,0.003,0.004,0.000,0.002
8640,0.003,0.004,0.000,0.002
8641,0.003,0.004,0.000,0.002
8642,0.003,0.004,0.000,0.002
8643,0.003,0.004,0.000,0.002
8644,0.003,0.004,0.000,0.002
8645,0.003,0.004,0.000,0.002
8646,0.003,0.004,0.000,0.002
8647,0.003,0.004,0.000,0.002
8648,0.003,0.005,0.000,0.003
8649,0.003,0.008,0.000,0.004
8650,0.003,0.008,0.000,0.004
8651,0.003,0.008,0.000,0.004
8652,0.003,0.008,0.000,0.004
8653,0.003,0.010,0.000,0.005
8654,0.003,0.010,0.000,0.004
8655,0.003,0.009,0.000,0.004
8656,0.003,0.010,0.000,0.004
8657,0.003,0.015,0.000,0.006
8658,0.003,0.010,0.000,0.004
8659,0.003,0.010,0.000,0.004
8660,0.003,0.009,0.000,0.004
8661,0.003,0.013,0.000,0.006
8662,0.003,0.010,0.000,0.004
8663,0.003,0.008,0.000,0.004
8664,0.003,0.008,0.000,0.004
8665,0.003,0.013,0.000,0.005
8666,0.003,0.009,0.000,0.004
8667,0.003,0.007,0.000,0.003
8668,0.003,0.012,0.000,0.005
8669,0.003,0.008,0.000,0.004
8670,0.003,0.008,0.000,0.004
8671,0.003,0.008,0.000,0.004
8672,0.003,0.006,0.000,0.003
8673,0.003,0.006,0.000,0.003
8674,0.003,0.010,0.000,0.004
8675,0.003,0.008,0.000,0.004
8676,0.003,0.006,0.000,0.003
8677,0.003,0.008,0.000,0.004
8678,0.003,0.008,0.000,0.004
8679,0.003,0.007,0.000,0.003
8680,0.003,0.006,0.000,0.003
8681,0.003,0.006,0.000,0.003
8682,0.003,0.006,0.000,0.003
8683,0.003,0.008,0.000,0.004
8684,0.003,0.008,0.000,0.004
8685,0.003,0.008,0.000,0.004
8686,0.003,0.008,0.000,0.004
8687,0.003,0.006,0.000,0.003
8688,0.003,0.006,0.000,0.003
8689,0.003,0.006,0.000,0.003
8690,0.003,0.007,0.000,0.004
8691,0.003,0.007,0.000,0.003
8692,0.003,0.007,0.000,0.003
8693,0.003,0.007,0.000,0.003
8694,0.003,0.007,0.000,0.003
8695,0.003,0.007,0.000,0.003
8696,0.003,0.007,0.000,0.003
8697,0.003,0.007,0.000,0.003
8698,0.003,0.007,0.000,0.004
8699,0.003,0.007,0.000,0.004
8700,0.003,0.007,0.000,0.004
8701,0.003,0.007,0.000,0.003
8702,0.003,0.007,0.000,0.003
8703,0.003,0.007,0.000,0.003
8704,0.003,0.007,0.000,0.003
8705,0.003,0.007,0.000,0.003
8706,0.003,0.007,0.000,0.003
8707,0.003,0.008,0.000,0.004
8708,0.003,0.007,0.000,0.003
8709,0.003,0.006,0.000,0.003
8710,0.003,0.005,0.000,0.003
8711,0.003,0.006,0.000,0.003
8712,0.003,0.006,0.000,0.003
8713,0.003,0.006,0.000,0.003
8714,0.003,0.006,0.000,0.003
8715,0.003,0.006,0.000,0.003
8716,0.003,0.006,0.000,0.003
8717,0.003,0.006,0.000,0.003
8718,0.003,0.006,0.000,0.003
8719,0.003,0.006,0.000,0.003
8720,0.003,0.006,0.000,0.003
8721,0.003,0.007,0.000,0.003
8722,0.003,0.006,0.000,0.003
8723,0.003,0.006,0.000,0.003
8724,0.003,0.006,0.000,0.003
8725,0.003,0.006,0.000,0.003
8726,0.003,0.006,0.000,0.003
8727,0.003,0.006,0.000,0.003
8728,0.003,0.006,0.000,0.003
8729,0.003,0.006,0.000,0.003
8730,0.003,0.006,0.000,0.003
8731,0.003,0.006,0.000,0.003
8732,0.003,0.006,0.000,0.003
8733,0.003,0.006,0.000,0.003
8734,0.003,0.006,0.000,0.003
8735,0.003,0.006,0.000,0.003
8736,0.003,0.006,0.000,0.003
8737,0.003,0.006,0.000,0.003
8738,0.003,0.006,0.000,0.003
8739,0.003,0.006,0.000,0.003
8740,0.003,0.006,0.000,0.003
8741,0.003,0.006,0.000,0.003
8742,0.003,0.006,0.000,0.003
8743,0.003,0.006,0.000,0.003
8744,0.003,0.006,0.000,0.003
8745,0.003,0.006,0.000,0.003
8746,0.003,0.006,0.000,0.003
8747,0.003,0.006,0.000,0.003
8748,0.003,0.006,0.000,0.003
8749,0.003,0.006,0.000,0.003
8750,0.003,0.006,0.000,0.003
8751,0.003,0.006,0.000,0.003
8752,0.003,0.006,0.000,0.003
8753,0.003,0.006,0.000,0.003
8754,0.003,0.006,0.000,0.003
8755,0.003,0.006,0.000,0.003
8756,0.003,0.006,0.000,0.003
8757,0.003,0.006,0.000,0.003
8758,0.003,0.006,0.000,0.003
8759,0.003,0.006,0.000,0.003
8760,0.003,0.006,0.000,0.003
8761,0.003,0.006,0.000,0.003
8762,0.003,0.006,0.000,0.003
8763,0.003,0.006,0.000,0.003
8764,0.003,0.006,0.000,0.003
8765,0.003,0.006,0.000,0.003
8766,0.003,0.006,0.000,0.003
8767,0.003,0.006,0.000,0.003
8768,0.003,0.006,0.000,0.003
8769,0.003,0.006,0.000,0.003
8770,0.003,0.006,0.000,0.003
8771,0.003,0.006,0.000,0.003
8772,0.003,0.006,0.000,0.003
8773,0.003,0.006,0.000,0.003
8774,0.003,0.006,0.000,0.003
8775,0.003,0.006,0.000,0.003
8776,0.003,0.006,0.000,0.003
8777,0.003,0.006,0.000,0.003
8778,0.003,0.006,0.000,0.003
8779,0.003,0.006,0.000,0.003
8780,0.003,0.006,0.000,0.003
8781,0.003,0.006,0.000,0.003
8782,0.003,0.006,0.000,0.003
8783,0.003,0.006,0.000,0.003
8784,0.003,0.006,0.000,0.003
8785,0.003,0.006,0.000,0.003
8786,0.003,0.006,0.000,0.003
8787,0.003,0.006,0.000,0.003
8788,0.003,0.006,0.000,0.003
8789,0.003,0.006,0.000,0.003
8790,0.003,0.006,0.000,0.003
8791,0.003,0.006,0.000,0.003
8792,0.003,0.006,0.000,0.003
8793,0.003,0.006,0.000,0.003
8794,0.003,0.006,0.000,0.003
8795,0.003,0.006,0.000,0.003
8796,0.003,0.006,0.000,0.003
8797,0.003,0.006,0.000,0.003
8798,0.003,0.006,0.000,0.003
8799,0.003,0.006,0.000,0.003
8800,0.003,0.006,0.000,0.003
8801,0.003,0.006,0.000,0.003
8802,0.003,0.006,0.000,0.003
8803,0.003,0.006,0.000,0.003
8804,0.003,0.006,0.000,0.003
8805,0.003,0.006,0.000,0.003
8806,0.003,0.006,0.000,0.003
8807,0.003,0.006,0.000,0.003
8808,0.003,0.006,0.000,0.003
8809,0.003,0.006,0.000,0.003
8810,0.003,0.006,0.000,0.003
8811,0.003,0.006,0.000,0.003
8812,0.003,0.006,0.000,0.003
8813,0.003,0.006,0.000,0.003
8814,0.003,0.006,0.000,0.003
8815,0.003,0.006,0.000,0.003
8816,0.003,0.006,0.000,0.003
8817,0.003,0.006,0.000,0.003
8818,0.003,0.006,0.000,0.003
8819,0.003,0.006,0.000,0.003
8820,0.003,0.006,0.000,0.003
8821,0.003,0.006,0.000,0.003
8822,0.003,0.006,0.000,0.003
8823,0.003,0.006,0.000,0.003
8824,0.003,0.006,0.000,0.003
8825,0.003,0.006,0.000,0.003
8826,0.003,0.006,0.000,0.003
8827,0.003,0.006,0.000,0.003
8828,0.003,0.006,0.000,0.003
8829,0.003,0.006,0.000,0.003
8830,0.003,0.006,0.000,0.003
8831,0.003,0.006,0.000,0.003
8832,0.003,0.006,0.000,0.003
8833,0.003,0.006,0.000,0.003
8834,0.003,0.006,0.000,0.003
8835,0.003,0.006,0.000,0.003
8836,0.003,0.006,0.000,0.003
8837,0.003,0.006,0.000,0.003
8838,0.003,0.006,0.000,0.003
8839,0.003,0.006,0.000,0.003
8840,0.003,0.006,0.000,0.003
8841,0.003,0.006,0.000,0.003
8842,0.003,0.006,0.000,0.003
8843,0.003,0.006,0.000,0.003
8844,0.003,0.006,0.000,0.003
8845,0.003,0.006,0.000,0.003
8846,0.003,0.006,0.000,0.003
8847,0.003,0.006,0.000,0.003
8848,0.003,0.006,0.000,0.003
8849,0.003,0.006,0.000,0.003
8850,0.003,0.006,0.000,0.003
8851,0.003,0.006,0.000,0.003
8852,0.003,0.006,0.000,0.003
8853,0.003,0.006,0.000,0.003
8854,0.003,0.006,0.000,0.003
8855,0.003,0.006,0.000,0.003
8856,0.003,0.006,0.000,0.003
8857,0.003,0.006,0.000,0.003
8858,0.003,0.006,0.000,0.003
8859,0.003,0.006,0.000,0.003
8860,0.003,0.006,0.000,0.003
8861,0.003,0.006,0.000,0.003
8862,0.003,0.006,0.000,0.003
8863,0.003,0.006,0.000,0.003
8864,0.003,0.006,0.000,0.003
8865,0.003,0.006,0.000,0.003
8866,0.003,0.006,0.000,0.003
8867,0.003,0.006,0.000,0.003
8868,0.003,0.006,0.000,0.003
8869,0.003,0.006,0.000,0.003
8870,0.003,0.006,0.000,0.003
8871,0.003,0.006,0.000,0.003
8872,0.003,0.006,0.000,0.003
8873,0.003,0.006,0.000,0.003
8874,0.003,0.006,0.000,0.003
8875,0.003,0.006,0.000,0.003
8876,0.003,0.006,0.000,0.003
8877,0.003,0.006,0.000,0.003
8878,0.003,0.006,0.000,0.003
8879,0.003,0.006,0.000,0.003
8880,0.003,0.006,0.000,0.003
8881,0.003,0.006,0.000,0.003
8882,0.003,0.006,0.000,0.003
8883,0.003,0.006,0.000,0.003
8884,0.003,0.006,0.000,0.003
8885,0.003,0.006,0.000,0.003
8886,0.003,0.006,0.000,0.003
8887,0.003,0.006,0.000,0.003
8888,0.003,0.006,0.000,0.003
8889,0.003,0.006,0.000,0.003
8890,0.003,0.006,0.000,0.003
8891,0.003,0.006,0.000,0.003
8892,0.003,0.006,0.000,0.003
8893,0.003,0.006,0.000,0.003
8894,0.003,0.006,0.000,0.003
8895,0.003,0.006,0.000,0.003
8896,0.003,0.006,0.000,0.003
8897,0.003,0.006,0.000,0.003
8898,0.003,0.006,0.000,0.003
8899,0.003,0.006,0.000,0.003
8900,0.003,0.006,0.000,0.003
8901,0.003,0.006,0.000,0.003
8902,0.003,0.006,0.000,0.003
8903,0.003,0.006,0.000,0.003
8904,0.003,0.006,0.000,0.003
8905,0.003,0.006,0.000,0.003
8906,0.003,0.006,0.000,0.003
8907,0.003,0.006,0.000,0.003
8908,0.003,0.006,0.000,0.003
8909,0.003,0.006,0.000,0.003
8910,0.003,0.006,0.000,0.003
8911,0.003,0.006,0.000,0.003
8912,0.003,0.006,0.000,0.003
8913,0.003,0.006,0.000,0.003
8914,0.003,0.006,0.000,0.003
8915,0.003,0.006,0.000,0.003
8916,0.003,0.006,0.000,0.003
8917,0.003,0.006,0.000,0.003
8918,0.003,0.006,0.000,0.003
8919,0.003,0.006,0.000,0.003
8920,0.003,0.006,0.000,0.003
8921,0.003,0.006,0.000,0.003
8922,0.003,0.006,0.000,0.003
8923,0.003,0.006,0.000,0.003
8924,0.003,0.006,0.000,0.003
8925,0.003,0.006,0.000,0.003
8926,0.003,0.006,0.000,0.003
8927,0.003,0.006,0.000,0.003
8928,0.003,0.006,0.000,0.003
8929,0.003,0.006,0.000,0.003
8930,0.003,0.006,0.000,0.003
8931,0.003,0.006,0.000,0.003
8932,0.003,0.006,0.000,0.003
8933,0.003,0.006,0.000,0.003
8934,0.003,0.006,0.000,0.003
8935,0.003,0.006,0.000,0.003
8936,0.003,0.006,0.000,0.003
8937,0.003,0.006,0.000,0.003
8938,0.003,0.006,0.000,0.003
8939,0.003,0.006,0.000,0.003
8940,0.003,0.006,0.000,0.003
8941,0.003,0.006,0.000,0.003
8942,0.003,0.006,0.000,0.003
8943,0.003,0.006,0.000,0.003
8944,0.003,0.006,0.000,0.003
8945,0.003,0.006,0.000,0.003
8946,0.003,0.006,0.000,0.003
8947,0.003,0.006,0.000,0.003
8948,0.003,0.006,0.000,0.003
8949,0.003,0.006,0.000,0.003
8950,0.003,0.006,0.000,0.003
8951,0.003,0.006,0.000,0.003
8952,0.003,0.006,0.000,0.003
8953,0.003,0.006,0.000,0.003
8954,0.003,0.006,0.000,0.003
8955,0.003,0.006,0.000,0.003
8956,0.003,0.006,0.000,0.003
8957,0.003,0.006,0.000,0.003
8958,0.003,0.006,0.000,0.003
8959,0.003,0.006,0.000,0.003
8960,0.003,0.006,0.000,0.003
8961,0.003,0.006,0.000,0.003
8962,0.003,0.006,0.000,0.003
8963,0.003,0.006,0.000,0.003
8964,0.003,0.006,0.000,0.003
8965,0.003,0.006,0.000,0.003
8966,0.003,0.006,0.000,0.003
8967,0.003,0.006,0.000,0.003
8968,0.003,0.006,0.000,0.003
8969,0.003,0.006,0.000,0.003
8970,0.003,0.006,0.000,0.003
8971,0.003,0.006,0.000,0.003
8972,0.003,0.006,0.000,0.003
8973,0.003,0.006,0.000,0.003
8974,0.003,0.006,0.000,0.003
8975,0.003,0.006,0.000,0.003
8976,0.003,0.006,0.000,0.003
8977,0.003,0.006,0.000,0.003
8978,0.003,0.006,0.000,0.003
8979,0.003,0.006,0.000,0.003
8980,0.003,0.006,0.000,0.003
8981,0.003,0.006,0.000,0.003
8982,0.003,0.006,0.000,0.003
8983,0.003,0.006,0.000,0.003
8984,0.003,0.006,0.000,0.003
8985,0.003,0.006,0.000,0.003
8986,0.003,0.006,0.000,0.003
8987,0.003,0.006,0.000,0.003
8988,0.003,0.006,0.000,0.003
8989,0.003,0.006,0.000,0.003
8990,0.003,0.006,0.000,0.003
8991,0.003,0.006,0.000,0.003
8992,0.003,0.006,0.000,0.003
8993,0.003,0.006,0.000,0.003
8994,0.003,0.006,0.000,0.003
8995,0.003,0.006,0.000,0.003
8996,0.003,0.006,0.000,0.003
8997,0.003,0.006,0.000,0.003
8998,0.003,0.006,0.000,0.003
8999,0.003,0.006,0.000,0.003
9000,0.003,0.006,0.000,0.003
9001,0.003,0.006,0.000,0.003
9002,0.003,0.006,0.000,0.003
9003,0.003,0.006,0.000,0.003
9004,0.003,0.006,0.000,0.003
9005,0.003,0.006,0.000,0.003
9006,0.003,0.006,0.000,0.003
9007,0.003,0.006,0.000,0.003
9008,0.003,0.006,0.000,0.003
9009,0.003,0.006,0.000,0.003
9010,0.003,0.006,0.000,0.003
9011,0.003,0.006,0.000,0.003
9012,0.003,0.006,0.000,0.003
9013,0.003,0.006,0.000,0.003
9014,0.003,0.006,0.000,0.003
9015,0.003,0.006,0.000,0.003
9016,0.003,0.006,0.000,0.003
9017,0.003,0.006,0.000,0.003
9018,0.003,0.006,0.000,0.003
9019,0.003,0.006,0.000,0.003
9020,0.003,0.006,0.000,0.003
9021,0.003,0.006,0.000,0.003
9022,0.003,0.006,0.000,0.003
9023,0.003,0.006,0.000,0.003
9024,0.003,0.006,0.000,0.003
9025,0.003,0.006,0.000,0.003
9026,0.003,0.006,0.000,0.003
9027,0.003,0.006,0.000,0.003
9028,0.003,0.006,0.000,0.003
9029,0.003,0.006,0.000,0.003
9030,0.003,0.006,0.000,0.003
9031,0.003,0.006,0.000,0.003
9032,0.003,0.006,0.000,0.003
9033,0.003,0.006,0.000,0.003
9034,0.003,0.006,0.000,0.003
9035,0.003,0.006,0.000,0.003
9036,0.003,0.006,0.000,0.003
9037,0.003,0.006,0.000,0.003
9038,0.003,0.006,0.000,0.003
9039,0.003,0.006,0.000,0.003
9040,0.003,0.006,0.000,0.003
9041,0.003,0.006,0.000,0.003
9042,0.003,0.006,0.000,0.003
9043,0.003,0.006,0.000,0.003
9044,0.003,0.006,0.000,0.003
9045,0.003,0.006,0.000,0.003
9046,0.003,0.006,0.000,0.003
9047,0.003,0.006,0.000,0.003
9048,0.003,0.006,0.000,0.003
9049,0.003,0.006,0.000,0.003
9050,0.003,0.006,0.000,0.003
9051,0.003,0.006,0.000,0.003
9052,0.003,0.006,0.000,0.003
9053,0.003,0.006,0.000,0.003
9054,0.003,0.006,0.000,0.003
9055,0.003,0.006,0.000,0.003
9056,0.003,0.006,0.000,0.003
9057,0.003,0.006,0.000,0.003
9058,0.003,0.006,0.000,0.003
9059,0.003,0.006,0.000,0.003
9060,0.003,0.006,0.000,0.003
9061,0.003,0.006,0.000,0.003
9062,0.003,0.006,0.000,0.003
9063,0.003,0.006,0.000,0.003
9064,0.003,0.006,0.000,0.003
9065,0.003,0.006,0.000,0.003
9066,0.003,0.006,0.000,0.003
9067,0.003,0.006,0.000,0.003
9068,0.003,0.006,0.000,0.003
9069,0.003,0.006,0.000,0.003
9070,0.003,0.006,0.000,0.003
9071,0.003,0.006,0.000,0.003
9072,0.003,0.006,0.000,0.003
9073,0.003,0.006,0.000,0.003
9074,0.003,0.006,0.000,0.003
9075,0.003,0.006,0.000,0.003
9076,0.003,0.006,0.000,0.003
9077,0.003,0.006,0.000,0.003
9078,0.003,0.006,0.000,0.003
9079,0.003,0.006,0.000,0.003
9080,0.003,0.006,0.000,0.003
9081,0.003,0.006,0.000,0.003
9082,0.003,0.006,0.000,0.003
9083,0.003,0.006,0.000,0.003
9084,0.003,0.006,0.000,0.003
9085,0.003,0.006,0.000,0.003
9086,0.003,0.006,0.000,0.003
9087,0.003,0.006,0.000,0.003
9088,0.003,0.006,0.000,0.003
9089,0.003,0.006,0.000,0.003
9090,0.003,0.006,0.000,0.003
9091,0.003,0.006,0.000,0.003
9092,0.003,0.006,0.000,0.003
9093,0.003,0.006,0.000,0.003
9094,0.003,0.006,0.000,0.003
9095,0.003,0.006,0.000,0.003
9096,0.003,0.006,0.000,0.003
9097,0.003,0.006,0.000,0.003
9098,0.003,0.006,0.000,0.003
9099,0.003,0.006,0.000,0.003
9100,0.003,0.006,0.000,0.003
9101,0.003,0.006,0.000,0.003
9102,0.003,0.006,0.000,0.003
9103,0.003,0.006,0.000,0.003
9104,0.003,0.006,0.000,0.003
9105,0.003,0.006,0.000,0.003
9106,0.003,0.006,0.000,0.003
9107,0.003,0.006,0.000,0.003
9108,0.003,0.006,0.000,0.003
9109,0.003,0.006,0.000,0.003
9110,0.003,0.006,0.000,0.003
9111,0.003,0.006,0.000,0.003
9112,0.003,0.006,0.000,0.003
9113,0.003,0.006,0.000,0.003
9114,0.003,0.006,0.000,0.003
9115,0.003,0.006,0.000,0.003
9116,0.003,0.006,0.000,0.003
9117,0.003,0.006,0.000,0.003
9118,0.003,0.006,0.000,0.003
9119,0.003,0.006,0.000,0.003
9120,0.003,0.006,0.000,0.003
9121,0.003,0.006,0.000,0.003
9122,0.003,0.006,0.000,0.003
9123,0.003,0.006,0.000,0.003
9124,0.003,0.006,0.000,0.003
9125,0.003,0.006,0.000,0.003
9126,0.003,0.006,0.000,0.003
9127,0.003,0.006,0.000,0.003
9128,0.003,0.006,0.000,0.003
9129,0.003,0.006,0.000,0.003
9130,0.003,0.006,0.000,0.003
9131,0.003,0.006,0.000,0.003
9132,0.003,0.006,0.000,0.003
9133,0.003,0.006,0.000,0.003
9134,0.003,0.006,0.000,0.003
9135,0.003,0.006,0.000,0.003
9136,0.003,0.006,0.000,0.003
9137,0.003,0.006,0.000,0.003
9138,0.003,0.006,0.000,0.003
9139,0.003,0.006,0.000,0.003
9140,0.003,0.006,0.000,0.003
9141,0.003,0.006,0.000,0.003
9142,0.003,0.006,0.000,0.003
9143,0.003,0.006,0.000,0.003
9144,0.003,0.006,0.000,0.003
9145,0.003,0.006,0.000,0.003
9146,0.003,0.006,0.000,0.003
9147,0.003,0.006,0.000,0.003
9148,0.003,0.006,0.000,0.003
9149,0.003,0.006,0.000,0.003
9150,0.003,0.006,0.000,0.003
9151,0.003,0.006,0.000,0.003
9152,0.003,0.006,0.000,0.003
9153,0.003,0.006,0.000,0.003
9154,0.003,0.006,0.000,0.003
9155,0.003,0.006,0.000,0.003
9156,0.003,0.006,0.000,0.003
9157,0.003,0.006,0.000,0.003
9158,0.003,0.006,0.000,0.003
9159,0.003,0.006,0.000,0.003
9160,0.003,0.006,0.000,0.003
9161,0.003,0.006,0.000,0.003
9162,0.003,0.006,0.000,0.003
9163,0.003,0.006,0.000,0.003
9164,0.003,0.006,0.000,0.003
9165,0.003,0.006,0.000,0.003
9166,0.003,0.006,0.000,0.003
9167,0.003,0.006,0.000,0.003
9168,0.003,0.006,0.000,0.003
9169,0.003,0.006,0.000,0.003
9170,0.003,0.006,0.000,0.003
9171,0.003,0.006,0.000,0.003
9172,0.003,0.006,0.000,0.003
9173,0.003,0.006,0.000,0.003
9174,0.003,0.006,0.000,0.003
9175,0.003,0.006,0.000,0.003
9176,0.003,0.006,0.000,0.003
9177,0.003,0.006,0.000,0.003
9178,0.003,0.006,0.000,0.003
9179,0.003,0.006,0.000,0.003
9180,0.003,0.006,0.000,0.003
9181,0.003,0.006,0.000,0.003
9182,0.003,0.006,0.000,0.003
9183,0.003,0.006,0.000,0.003
9184,0.003,0.006,0.000,0.003
9185,0.003,0.006,0.000,0.003
9186,0.003,0.006,0.000,0.003
9187,0.003,0.006,0.000,0.003
9188,0.003,0.006,0.000,0.003
9189,0.003,0.006,0.000,0.003
9190,0.003,0.006,0.000,0.003
9191,0.003,0.006,0.000,0.003
9192,0.003,0.006,0.000,0.003
9193,0.003,0.006,0.000,0.003
9194,0.003,0.006,0.000,0.003
9195,0.003,0.006,0.000,0.003
9196,0.003,0.006,0.000,0.003
9197,0.003,0.006,0.000,0.003
9198,0.003,0.006,0.000,0.003
9199,0.003,0.006,0.000,0.003
9200,0.003,0.006,0.000,0.003
9201,0.003,0.006,0.000,0.003
9202,0.003,0.006,0.000,0.003
9203,0.003,0.006,0.000,0.003
9204,0.003,0.006,0.000,0.003
9205,0.003,0.006,0.000,0.003
9206,0.003,0.006,0.000,0.003
9207,0.003,0.006,0.000,0.003
9208,0.003,0.006,0.000,0.003
9209,0.003,0.006,0.000,0.003
9210,0.003,0.006,0.000,0.003
9211,0.003,0.006,0.000,0.003
9212,0.003,0.006,0.000,0.003
9213,0.003,0.006,0.000,0.003
9214,0.003,0.006,0.000,0.003
9215,0.003,0.006,0.000,0.003
9216,0.003,0.006,0.000,0.003
9217,0.003,0.006,0.000,0.003
9218,0.003,0.006,0.000,0.003
9219,0.003,0.006,0.000,0.003
9220,0.003,0.006,0.000,0.003
9221,0.003,0.006,0.000,0.003
9222,0.003,0.006,0.000,0.003
9223,0.003,0.006,0.000,0.003
9224,0.003,0.006,0.000,0.003
9225,0.003,0.006,0.000,0.003
9226,0.003,0.006,0.000,0.003
9227,0.003,0.006,0.000,0.003
9228,0.003,0.006,0.000,0.003
9229,0.003,0.006,0.000,0.003
9230,0.003,0.006,0.000,0.003
9231,0.003,0.006,0.000,0.003
9232,0.003,0.006,0.000,0.003
9233,0.003,0.006,0.000,0.003
9234,0.003,0.006,0.000,0.003
9235,0.003,0.006,0.000,0.003
9236,0.003,0.006,0.000,0.003
9237,0.003,0.006,0.000,0.003
9238,0.003,0.006,0.000,0.003
9239,0.003,0.006,0.000,0.003
9240,0.003,0.006,0.000,0.003
9241,0.003,0.006,0.000,0.003
9242,0.003,0.006,0.000,0.003
9243,0.003,0.006,0.000,0.003
9244,0.003,0.006,0.000,0.003
9245,0.003,0.006,0.000,0.003
9246,0.003,0.006,0.000,0.003
9247,0.003,0.006,0.000,0.003
9248,0.003,0.006,0.000,0.003
9249,0.003,0.006,0.000,0.003
9250,0.003,0.006,0.000,0.003
9251,0.003,0.006,0.000,0.003
9252,0.003,0.006,0.000,0.003
9253,0.003,0.006,0.000,0.003
9254,0.003,0.006,0.000,0.003
9255,0.003,0.006,0.000,0.003
9256,0.003,0.006,0.000,0.003
9257,0.003,0.006,0.000,0.003
9258,0.003,0.006,0.000,0.003
9259,0.003,0.006,0.000,0.003
9260,0.003,0.006,0.000,0.003
9261,0.003,0.006,0.000,0.003
9262,0.003,0.006,0.000,0.003
9263,0.003,0.006,0.000,0.003
9264,0.003,0.006,0.000,0.003
9265,0.003,0.006,0.000,0.003
9266,0.003,0.006,0.000,0.003
9267,0.003,0.006,0.000,0.003
9268,0.003,0.006,0.000,0.003
9269,0.003,0.006,0.000,0.003
9270,0.003,0.006,0.000,0.003
9271,0.003,0.006,0.000,0.003
9272,0.003,0.006,0.000,0.003
9273,0.003,0.006,0.000,0.003
9274,0.003,0.006,0.000,0.003
9275,0.003,0.006,0.000,0.003
9276,0.003,0.006,0.000,0.003
9277,0.003,0.006,0.000,0.003
9278,0.003,0.006,0.000,0.003
9279,0.003,0.006,0.000,0.003
9280,0.003,0.006,0.000,0.003
9281,0.003,0.006,0.000,0.003
9282,0.003,0.006,0.000,0.003
9283,0.003,0.006,0.000,0.003
9284,0.003,0.006,0.000,0.003
9285,0.003,0.006,0.000,0.003
9286,0.003,0.006,0.000,0.003
9287,0.003,0.006,0.000,0.003
9288,0.003,0.006,0.000,0.003
9289,0.003,0.006,0.000,0.003
9290,0.003,0.006,0.000,0.003
9291,0.003,0.006,0.000,0.003
9292,0.003,0.006,0.000,0.003
9293,0.003,0.006,0.000,0.003
9294,0.003,0.006,0.000,0.003
9295,0.003,0.006,0.000,0.003
9296,0.003,0.006,0.000,0.003
9297,0.003,0.006,0.000,0.003
9298,0.003,0.006,0.000,0.003
9299,0.003,0.006,0.000,0.003
9300,0.003,0.006,0.000,0.003
9301,0.003,0.006,0.000,0.003
9302,0.003,0.006,0.000,0.003
9303,0.003,0.006,0.000,0.003
9304,0.003,0.006,0.000,0.003
9305,0.003,0.006,0.000,0.003
9306,0.003,0.006,0.000,0.003
9307,0.003,0.006,0.000,0.003
9308,0.003,0.006,0.000,0.003
9309,0.003,0.006,0.000,0.003
9310,0.003,0.006,0.000,0.003
9311,0.003,0.006,0.000,0.003
9312,0.003,0.006,0.000,0.003
9313,0.003,0.006,0.000,0.003
9314,0.003,0.006,0.000,0.003
9315,0.003,0.006,0.000,0.003
9316,0.003,0.006,0.000,0.003
9317,0.003,0.006,0.000,0.003
9318,0.003,0.006,0.000,0.003
9319,0.003,0.006,0.000,0.003
9320,0.003,0.006,0.000,0.003
9321,0.003,0.006,0.000,0.003
9322,0.003,0.006,0.000,0.003
9323,0.003,0.006,0.000,0.003
9324,0.003,0.006,0.000,0.003
9325,0.003,0.006,0.000,0.003
9326,0.003,0.006,0.000,0.003
9327,0.003,0.006,0.000,0.003
9328,0.003,0.006,0.000,0.003
9329,0.003,0.006,0.000,0.003
9330,0.003,0.006,0.000,0.003
9331,0.003,0.006,0.000,0.003
9332,0.003,0.006,0.000,0.003
9333,0.003,0.006,0.000,0.003
9334,0.003,0.006,0.000,0.003
9335,0.003,0.006,0.000,0.003
9336,0.003,0.006,0.000,0.003
9337,0.003,0.006,0.000,0.003
9338,0.003,0.006,0.000,0.003
9339,0.003,0.006,0.000,0.003
9340,0.003,0.006,0.000,0.003
9341,0.003,0.006,0.000,0.003
9342,0.003,0.006,0.000,0.003
9343,0.003,0.006,0.000,0.003
9344,0.003,0.006,0.000,0.003
9345,0.003,0.006,0.000,0.003
9346,0.003,0.006,0.000,0.003
9347,0.003,0.006,0.000,0.003
9348,0.003,0.006,0.000,0.003
9349,0.003,0.006,0.000,0.003
9350,0.003,0.006,0.000,0.003
9351,0.003,0.006,0.000,0.003
9352,0.003,0.006,0.000,0.003
9353,0.003,0.006,0.000,0.003
9354,0.003,0.006,0.000,0.003
9355,0.003,0.006,0.000,0.003
9356,0.003,0.006,0.000,0.003
9357,0.003,0.006,0.000,0.003
9358,0.003,0.006,0.000,0.003
9359,0.003,0.006,0.000,0.003
9360,0.003,0.006,0.000,0.003
9361,0.003,0.006,0.000,0.003
9362,0.003,0.006,0.000,0.003
9363,0.003,0.006,0.000,0.003
9364,0.003,0.006,0.000,0.003
9365,0.003,0.006,0.000,0.003
9366,0.003,0.006,0.000,0.003
9367,0.003,0.006,0.000,0.003
9368,0.003,0.006,0.000,0.003
9369,0.003,0.006,0.000,0.003
9370,0.003,0.006,0.000,0.003
9371,0.003,0.006,0.000,0.003
9372,0.003,0.006,0.000,0.003
9373,0.003,0.006,0.000,0.003
9374,0.003,0.006,0.000,0.003
9375,0.003,0.006,0.000,0.003
9376,0.003,0.006,0.000,0.003
9377,0.003,0.006,0.000,0.003
9378,0.003,0.006,0.000,0.003
9379,0.003,0.006,0.000,0.003
9380,0.003,0.006,0.000,0.003
9381,0.003,0.006,0.000,0.003
9382,0.003,0.006,0.000,0.003
9383,0.003,0.006,0.000,0.003
9384,0.003,0.006,0.000,0.003
9385,0.003,0.006,0.000,0.003
9386,0.003,0.006,0.000,0.003
9387,0.003,0.006,0.000,0.003
9388,0.003,0.006,0.000,0.003
9389,0.003,0.006,0.000,0.003
9390,0.003,0.006,0.000,0.003
9391,0.003,0.006,0.000,0.003
9392,0.003,0.006,0.000,0.003
9393,0.003,0.006,0.000,0.003
9394,0.003,0.006,0.000,0.003
9395,0.003,0.006,0.000,0.003
9396,0.003,0.006,0.000,0.003
9397,0.003,0.006,0.000,0.003
9398,0.003,0.006,0.000,0.003
9399,0.003,0.006,0.000,0.003
9400,0.003,0.006,0.000,0.003
9401,0.003,0.006,0.000,0.003
9402,0.003,0.006,0.000,0.003
9403,0.003,0.006,0.000,0.003
9404,0.003,0.006,0.000,0.003
9405,0.003,0.006,0.000,0.003
9406,0.003,0.006,0.000,0.003
9407,0.003,0.006,0.000,0.003
9408,0.003,0.006,0.000,0.003
9409,0.003,0.006,0.000,0.003
9410,0.003,0.006,0.000,0.003
9411,0.003,0.006,0.000,0.003
9412,0.003,0.006,0.000,0.003
9413,0.003,0.006,0.000,0.003
9414,0.003,0.006,0.000,0.003
9415,0.003,0.006,0.000,0.003
9416,0.003,0.006,0.000,0.003
9417,0.003,0.006,0.000,0.003
9418,0.003,0.006,0.000,0.003
9419,0.003,0.006,0.000,0.003
9420,0.003,0.006,0.000,0.003
9421,0.003,0.006,0.000,0.003
9422,0.003,0.006,0.000,0.003
9423,0.003,0.006,0.000,0.003
9424,0.003,0.006,0.000,0.003
9425,0.003,0.006,0.000,0.003
9426,0.003,0.006,0.000,0.003
9427,0.003,0.006,0.000,0.003
9428,0.003,0.006,0.000,0.003
9429,0.003,0.006,0.000,0.003
9430,0.003,0.006,0.000,0.003
9431,0.003,0.006,0.000,0.003
9432,0.003,0.006,0.000,0.003
9433,0.003,0.006,0.000,0.003
9434,0.003,0.006,0.000,0.003
9435,0.003,0.006,0.000,0.003
9436,0.003,0.006,0.000,0.003
9437,0.003,0.006,0.000,0.003
9438,0.003,0.006,0.000,0.003
9439,0.003,0.006,0.000,0.003
9440,0.003,0.006,0.000,0.003
9441,0.003,0.006,0.000,0.003
9442,0.003,0.006,0.000,0.003
9443,0.003,0.006,0.000,0.003
9444,0.003,0.006,0.000,0.003
9445,0.003,0.006,0.000,0.003
9446,0.003,0.006,0.000,0.003
9447,0.003,0.006,0.000,0.003
9448,0.003,0.006,0.000,0.003
9449,0.003,0.006,0.000,0.003
9450,0.003,0.006,0.000,0.003
9451,0.003,0.006,0.000,0.003
9452,0.003,0.006,0.000,0.003
9453,0.003,0.006,0.000,0.003
9454,0.003,0.006,0.000,0.003
9455,0.003,0.006,0.000,0.003
9456,0.003,0.006,0.000,0.003
9457,0.003,0.006,0.000,0.003
9458,0.003,0.006,0.000,0.003
9459,0.003,0.006,0.000,0.003
9460,0.003,0.006,0.000,0.003
9461,0.003,0.006,0.000,0.003
9462,0.003,0.006,0.000,0.003
9463,0.003,0.006,0.000,0.003
9464,0.003,0.006,0.000,0.003
9465,0.003,0.006,0.000,0.003
9466,0.003,0.006,0.000,0.003
9467,0.003,0.006,0.000,0.003
9468,0.003,0.006,0.000,0.003
9469,0.003,0.006,0.000,0.003
9470,0.003,0.006,0.000,0.003
9471,0.003,0.006,0.000,0.003
9472,0.003,0.006,0.000,0.003
9473,0.003,0.006,0.000,0.003
9474,0.003,0.006,0.000,0.003
9475,0.003,0.006,0.000,0.003
9476,0.003,0.006,0.000,0.003
9477,0.003,0.006,0.000,0.003
9478,0.003,0.006,0.000,0.003
9479,0.003,0.006,0.000,0.003
9480,0.003,0.006,0.000,0.003
9481,0.003,0.006,0.000,0.003
9482,0.003,0.006,0.000,0.003
9483,0.003,0.006,0.000,0.003
9484,0.003,0.006,0.000,0.003
9485,0.003,0.006,0.000,0.003
9486,0.003,0.006,0.000,0.003
9487,0.003,0.006,0.000,0.003
9488,0.003,0.006,0.000,0.003
9489,0.003,0.006,0.000,0.003
9490,0.003,0.006,0.000,0.003
9491,0.003,0.006,0.000,0.003
9492,0.003,0.006,0.000,0.003
9493,0.003,0.006,0.000,0.003
9494,0.003,0.006,0.000,0.003
9495,0.003,0.006,0.000,0.003
9496,0.003,0.006,0.000,0.003
9497,0.003,0.006,0.000,0.003
9498,0.003,0.006,0.000,0.003
9499,0.003,0.006,0.000,0.003
9500,0.003,0.006,0.000,0.003
9501,0.003,0.006,0.000,0.003
9502,0.003,0.006,0.000,0.003
9503,0.003,0.006,0.000,0.003
9504,0.003,0.006,0.000,0.003
9505,0.003,0.006,0.000,0.003
9506,0.003,0.006,0.000,0.003
9507,0.003,0.006,0.000,0.003
9508,0.003,0.006,0.000,0.003
9509,0.003,0.006,0.000,0.003
9510,0.003,0.006,0.000,0.003
9511,0.003,0.006,0.000,0.003
9512,0.003,0.006,0.000,0.003
9513,0.003,0.006,0.000,0.003
9514,0.003,0.006,0.000,0.003
9515,0.003,0.006,0.000,0.003
9516,0.003,0.006,0.000,0.003
9517,0.003,0.006,0.000,0.003
9518,0.003,0.006,0.000,0.003
9519,0.003,0.006,0.000,0.003
9520,0.003,0.006,0.000,0.003
9521,0.003,0.006,0.000,0.003
9522,0.003,0.006,0.000,0.003
9523,0.003,0.006,0.000,0.003
9524,0.003,0.006,0.000,0.003
9525,0.003,0.006,0.000,0.003
9526,0.003,0.006,0.000,0.003
9527,0.003,0.006,0.000,0.003
9528,0.003,0.006,0.000,0.003
9529,0.003,0.006,0.000,0.003
9530,0.003,0.006,0.000,0.003
9531,0.003,0.006,0.000,0.003
9532,0.003,0.006,0.000,0.003
9533,0.003,0.006,0.000,0.003
9534,0.003,0.006,0.000,0.003
9535,0.003,0.006,0.000,0.003
9536,0.003,0.006,0.000,0.003
9537,0.003,0.006,0.000,0.003
9538,0.003,0.006,0.000,0.003
9539,0.003,0.006,0.000,0.003
9540,0.003,0.006,0.000,0.003
9541,0.003,0.006,0.000,0.003
9542,0.003,0.006,0.000,0.003
9543,0.003,0.006,0.000,0.003
9544,0.003,0.006,0.000,0.003
9545,0.003,0.006,0.000,0.003
9546,0.003,0.006,0.000,0.003
9547,0.003,0.006,0.000,0.003
9548,0.003,0.006,0.000,0.003
9549,0.003,0.006,0.000,0.003
9550,0.003,0.006,0.000,0.003
9551,0.003,0.006,0.000,0.003
9552,0.003,0.006,0.000,0.003
9553,0.003,0.006,0.000,0.003
9554,0.003,0.006,0.000,0.003
9555,0.003,0.006,0.000,0.003
9556,0.003,0.006,0.000,0.003
9557,0.003,0.006,0.000,0.003
9558,0.003,0.006,0.000,0.003
9559,0.003,0.006,0.000,0.003
9560,0.003,0.006,0.000,0.003
9561,0.003,0.006,0.000,0.003
9562,0.003,0.006,0.000,0.003
9563,0.003,0.006,0.000,0.003
9564,0.003,0.006,0.000,0.003
9565,0.003,0.006,0.000,0.003
9566,0.003,0.006,0.000,0.003
9567,0.003,0.006,0.000,0.003
9568,0.003,0.006,0.000,0.003
9569,0.003,0.006,0.000,0.003
9570,0.003,0.006,0.000,0.003
9571,0.003,0.006,0.000,0.003
9572,0.003,0.006,0.000,0.003
9573,0.003,0.006,0.000,0.003
9574,0.003,0.006,0.000,0.003
9575,0.003,0.006,0.000,0.003
9576,0.003,0.006,0.000,0.003
9577,0.003,0.006,0.000,0.003
9578,0.003,0.006,0.000,0.003
9579,0.003,0.006,0.000,0.003
9580,0.003,0.006,0.000,0.003
9581,0.003,0.006,0.000,0.003
9582,0.003,0.006,0.000,0.003
9583,0.003,0.006,0.000,0.003
9584,0.003,0.006,0.000,0.003
9585,0.003,0.006,0.000,0.003
9586,0.003,0.006,0.000,0.003
9587,0.003,0.006,0.000,0.003
9588,0.003,0.006,0.000,0.003
9589,0.003,0.006,0.000,0.003
9590,0.003,0.006,0.000,0.003
9591,0.003,0.006,0.000,0.003
9592,0.003,0.006,0.000,0.003
9593,0.003,0.006,0.000,0.003
9594,0.003,0.006,0.000,0.003
9595,0.003,0.006,0.000,0.003
9596,0.003,0.006,0.000,0.003
9597,0.003,0.006,0.000,0.003
9598,0.003,0.006,0.000,0.003
9599,0.003,0.006,0.000,0.003
9600,0.003,0.006,0.000,0.003
9601,0.003,0.006,0.000,0.003
9602,0.003,0.006,0.000,0.003
9603,0.003,0.006,0.000,0.003
9604,0.003,0.006,0.000,0.003
9605,0.003,0.006,0.000,0.003
9606,0.003,0.006,0.000,0.003
9607,0.003,0.006,0.000,0.003
9608,0.003,0.006,0.000,0.003
9609,0.003,0.006,0.000,0.003
9610,0.003,0.006,0.000,0.003
9611,0.003,0.006,0.000,0.003
9612,0.003,0.006,0.000,0.003
9613,0.003,0.006,0.000,0.003
9614,0.003,0.006,0.000,0.003
9615,0.003,0.006,0.000,0.003
9616,0.003,0.006,0.000,0.003
9617,0.003,0.006,0.000,0.003
9618,0.003,0.006,0.000,0.003
9619,0.003,0.006,0.000,0.003
9620,0.003,0.006,0.000,0.003
9621,0.003,0.006,0.000,0.003
9622,0.003,0.006,0.000,0.003
9623,0.003,0.006,0.000,0.003
9624,0.003,0.006,0.000,0.003
9625,0.003,0.006,0.000,0.003
9626,0.003,0.006,0.000,0.003
9627,0.003,0.006,0.000,0.003
9628,0.003,0.006,0.000,0.003
9629,0.003,0.006,0.000,0.003
9630,0.003,0.006,0.000,0.003
9631,0.003,0.006,0.000,0.003
9632,0.003,0.006,0.000,0.003
9633,0.003,0.006,0.000,0.003
9634,0.003,0.006,0.000,0.003
9635,0.003,0.006,0.000,0.003
9636,0.003,0.006,0.000,0.003
9637,0.003,0.006,0.000,0.003
9638,0.003,0.006,0.000,0.003
9639,0.003,0.006,0.000,0.003
9640,0.003,0.006,0.000,0.003
9641,0.003,0.006,0.000,0.003
9642,0.003,0.006,0.000,0.003
9643,0.003,0.006,0.000,0.003
9644,0.003,0.006,0.000,0.003
9645,0.003,0.006,0.000,0.003
9646,0.003,0.006,0.000,0.003
9647,0.003,0.006,0.000,0.003
9648,0.003,0.006,0.000,0.003
9649,0.003,0.006,0.000,0.003
9650,0.003,0.006,0.000,0.003
9651,0.003,0.006,0.000,0.003
9652,0.003,0.006,0.000,0.003
9653,0.003,0.006,0.000,0.003
9654,0.003,0.006,0.000,0.003
9655,0.003,0.006,0.000,0.003
9656,0.003,0.006,0.000,0.003
9657,0.003,0.006,0.000,0.003
9658,0.003,0.006,0.000,0.003
9659,0.003,0.006,0.000,0.003
9660,0.003,0.006,0.000,0.003
9661,0.003,0.006,0.000,0.003
9662,0.003,0.006,0.000,0.003
9663,0.003,0.006,0.000,0.003
9664,0.003,0.006,0.000,0.003
9665,0.003,0.006,0.000,0.003
9666,0.003,0.006,0.000,0.003
9667,0.003,0.006,0.000,0.003
9668,0.003,0.006,0.000,0.003
9669,0.003,0.006,0.000,0.003
9670,0.003,0.006,0.000,0.003
9671,0.003,0.006,0.000,0.003
9672,0.003,0.006,0.000,0.003
9673,0.003,0.006,0.000,0.003
9674,0.003,0.006,0.000,0.003
9675,0.003,0.006,0.000,0.003
9676,0.003,0.006,0.000,0.003
9677,0.003,0.006,0.000,0.003
9678,0.003,0.006,0.000,0.003
9679,0.003,0.006,0.000,0.003
9680,0.003,0.006,0.000,0.003
9681,0.003,0.006,0.000,0.003
9682,0.003,0.006,0.000,0.003
9683,0.003,0.006,0.000,0.003
9684,0.003,0.006,0.000,0.003
9685,0.003,0.006,0.000,0.003
9686,0.003,0.006,0.000,0.003
9687,0.003,0.006,0.000,0.003
9688,0.003,0.006,0.000,0.003
9689,0.003,0.006,0.000,0.003
9690,0.003,0.006,0.000,0.003
9691,0.003,0.006,0.000,0.003
9692,0.003,0.006,0.000,0.003
9693,0.003,0.006,0.000,0.003
9694,0.003,0.006,0.000,0.003
9695,0.003,0.006,0.000,0.003
9696,0.003,0.006,0.000,0.003
9697,0.003,0.006,0.000,0.003
9698,0.003,0.006,0.000,0.003
9699,0.003,0.006,0.000,0.003
9700,0.003,0.006,0.000,0.003
9701,0.003,0.006,0.000,0.003
9702,0.003,0.006,0.000,0.003
9703,0.003,0.006,0.000,0.003
9704,0.003,0.006,0.000,0.003
9705,0.003,0.006,0.000,0.003
9706,0.003,0.006,0.000,0.003
9707,0.003,0.006,0.000,0.003
9708,0.003,0.006,0.000,0.003
9709,0.003,0.006,0.000,0.003
9710,0.003,0.006,0.000,0.003
9711,0.003,0.006,0.000,0.003
9712,0.003,0.006,0.000,0.003
9713,0.003,0.006,0.000,0.003
9714,0.003,0.006,0.000,0.003
9715,0.003,0.006,0.000,0.003
9716,0.003,0.006,0.000,0.003
9717,0.003,0.006,0.000,0.003
9718,0.003,0.006,0.000,0.003
9719,0.003,0.006,0.000,0.003
9720,0.003,0.006,0.000,0.003
9721,0.003,0.006,0.000,0.003
9722,0.003,0.006,0.000,0.003
9723,0.003,0.006,0.000,0.003
9724,0.003,0.006,0.000,0.003
9725,0.003,0.006,0.000,0.003
9726,0.003,0.006,0.000,0.003
9727,0.003,0.006,0.000,0.003
9728,0.003,0.006,0.000,0.003
9729,0.003,0.006,0.000,0.003
9730,0.003,0.006,0.000,0.003
9731,0.003,0.006,0.000,0.003
9732,0.003,0.006,0.000,0.003
9733,0.003,0.006,0.000,0.003
9734,0.003,0.006,0.000,0.003
9735,0.003,0.006,0.000,0.003
9736,0.003,0.006,0.000,0.003
9737,0.003,0.006,0.000,0.003
9738,0.003,0.006,0.000,0.003
9739,0.003,0.006,0.000,0.003
9740,0.003,0.006,0.000,0.003
9741,0.003,0.006,0.000,0.003
9742,0.003,0.006,0.000,0.003
9743,0.003,0.006,0.000,0.003
9744,0.003,0.006,0.000,0.003
9745,0.003,0.006,0.000,0.003
9746,0.003,0.006,0.000,0.003
9747,0.003,0.006,0.000,0.003
9748,0.003,0.006,0.000,0.003
9749,0.003,0.006,0.000,0.003
9750,0.003,0.006,0.000,0.003
9751,0.003,0.006,0.000,0.003
9752,0.003,0.006,0.000,0.003
9753,0.003,0.006,0.000,0.003
9754,0.003,0.006,0.000,0.003
9755,0.003,0.006,0.000,0.003
9756,0.003,0.006,0.000,0.003
9757,0.003,0.006,0.000,0.003
9758,0.003,0.006,0.000,0.003
9759,0.003,0.006,0.000,0.003
9760,0.003,0.006,0.000,0.003
9761,0.003,0.006,0.000,0.003
9762,0.003,0.006,0.000,0.003
9763,0.003,0.006,0.000,0.003
9764,0.003,0.006,0.000,0.003
9765,0.003,0.006,0.000,0.003
9766,0.003,0.006,0.000,0.003
9767,0.003,0.006,0.000,0.003
9768,0.003,0.006,0.000,0.003
9769,0.003,0.006,0.000,0.003
9770,0.003,0.006,0.000,0.003
9771,0.003,0.006,0.000,0.003
9772,0.003,0.006,0.000,0.003
9773,0.003,0.006,0.000,0.003
9774,0.003,0.006,0.000,0.003
9775,0.003,0.006,0.000,0.003
9776,0.003,0.006,0.000,0.003
9777,0.003,0.006,0.000,0.003
9778,0.003,0.006,0.000,0.003
9779,0.003,0.006,0.000,0.003
9780,0.003,0.006,0.000,0.003
9781,0.003,0.006,0.000,0.003
9782,0.003,0.006,0.000,0.003
9783,0.003,0.006,0.000,0.003
9784,0.003,0.006,0.000,0.003
9785,0.003,0.006,0.000,0.003
9786,0.003,0.006,0.000,0.003
9787,0.003,0.006,0.000,0.003
9788,0.003,0.006,0.000,0.003
9789,0.003,0.006,0.000,0.003
9790,0.003,0.006,0.000,0.003
9791,0.003,0.006,0.000,0.003
9792,0.003,0.006,0.000,0.003
9793,0.003,0.006,0.000,0.003
9794,0.003,0.006,0.000,0.003
9795,0.003,0.006,0.000,0.003
9796,0.003,0.006,0.000,0.003
9797,0.003,0.006,0.000,0.003
9798,0.003,0.006,0.000,0.003
9799,0.003,0.006,0.000,0.003
9800,0.003,0.006,0.000,0.003
9801,0.003,0.006,0.000,0.003
9802,0.003,0.006,0.000,0.003
9803,0.003,0.006,0.000,0.003
9804,0.003,0.006,0.000,0.003
9805,0.003,0.006,0.000,0.003
9806,0.003,0.006,0.000,0.003
9807,0.003,0.006,0.000,0.003
9808,0.003,0.006,0.000,0.003
9809,0.003,0.006,0.000,0.003
9810,0.003,0.006,0.000,0.003
9811,0.003,0.006,0.000,0.003
9812,0.003,0.006,0.000,0.003
9813,0.003,0.006,0.000,0.003
9814,0.003,0.006,0.000,0.003
9815,0.003,0.006,0.000,0.003
9816,0.003,0.006,0.000,0.003
9817,0.003,0.006,0.000,0.003
9818,0.003,0.006,0.000,0.003
9819,0.003,0.006,0.000,0.003
9820,0.003,0.006,0.000,0.003
9821,0.003,0.006,0.000,0.003
9822,0.003,0.006,0.000,0.003
9823,0.003,0.006,0.000,0.003
9824,0.003,0.006,0.000,0.003
9825,0.003,0.006,0.000,0.003
9826,0.003,0.006,0.000,0.003
9827,0.003,0.006,0.000,0.003
9828,0.003,0.006,0.000,0.003
9829,0.003,0.006,0.000,0.003
9830,0.003,0.006,0.000,0.003
9831,0.003,0.006,0.000,0.003
9832,0.003,0.006,0.000,0.003
9833,0.003,0.006,0.000,0.003
9834,0.003,0.006,0.000,0.003
9835,0.003,0.006,0.000,0.003
9836,0.003,0.006,0.000,0.003
9837,0.003,0.006,0.000,0.003
9838,0.003,0.006,0.000,0.003
9839,0.003,0.006,0.000,0.003
9840,0.003,0.006,0.000,0.003
9841,0.003,0.006,0.000,0.003
9842,0.003,0.006,0.000,0.003
9843,0.003,0.006,0.000,0.003
9844,0.003,0.006,0.000,0.003
9845,0.003,0.006,0.000,0.003
9846,0.003,0.006,0.000,0.003
9847,0.003,0.006,0.000,0.003
9848,0.003,0.006,0.000,0.003
9849,0.003,0.006,0.000,0.003
9850,0.003,0.006,0.000,0.003
9851,0.003,0.006,0.000,0.003
9852,0.003,0.006,0.000,0.003
9853,0.003,0.006,0.000,0.003
9854,0.003,0.006,0.000,0.003
9855,0.003,0.006,0.000,0.003
9856,0.003,0.006,0.000,0.003
9857,0.003,0.006,0.000,0.003
9858,0.003,0.006,0.000,0.003
9859,0.003,0.006,0.000,0.003
9860,0.003,0.006,0.000,0.003
9861,0.003,0.006,0.000,0.003
9862,0.003,0.006,0.000,0.003
9863,0.003,0.006,0.000,0.003
9864,0.003,0.006,0.000,0.003
9865,0.003,0.006,0.000,0.003
9866,0.003,0.006,0.000,0.003
9867,0.003,0.006,0.000,0.003
9868,0.003,0.006,0.000,0.003
9869,0.003,0.006,0.000,0.003
9870,0.003,0.006,0.000,0.003
9871,0.003,0.006,0.000,0.003
9872,0.003,0.006,0.000,0.003
9873,0.003,0.006,0.000,0.003
9874,0.003,0.006,0.000,0.003
9875,0.003,0.006,0.000,0.003
9876,0.003,0.006,0.000,0.003
9877,0.003,0.006,0.000,0.003
9878,0.003,0.006,0.000,0.003
9879,0.003,0.006,0.000,0.003
9880,0.003,0.006,0.000,0.003
9881,0.003,0.006,0.000,0.003
9882,0.003,0.006,0.000,0.003
9883,0.003,0.006,0.000,0.003
9884,0.003,0.006,0.000,0.003
9885,0.003,0.006,0.000,0.003
9886,0.003,0.006,0.000,0.003
9887,0.003,0.006,0.000,0.003
9888,0.003,0.006,0.000,0.003
9889,0.003,0.006,0.000,0.003
9890,0.003,0.006,0.000,0.003
9891,0.003,0.006,0.000,0.003
9892,0.003,0.006,0.000,0.003
9893,0.003,0.006,0.000,0.003
9894,0.003,0.006,0.000,0.003
9895,0.003,0.006,0.000,0.003
9896,0.003,0.006,0.000,0.003
9897,0.003,0.006,0.000,0.003
9898,0.003,0.006,0.000,0.003
9899,0.003,0.006,0.000,0.003
9900,0.003,0.006,0.000,0.003
9901,0.003,0.006,0.000,0.003
9902,0.003,0.006,0.000,0.003
9903,0.003,0.006,0.000,0.003
9904,0.003,0.006,0.000,0.003
9905,0.003,0.006,0.000,0.003
9906,0.003,0.006,0.000,0.003
9907,0.003,0.006,0.000,0.003
9908,0.003,0.006,0.000,0.003
9909,0.003,0.006,0.000,0.003
9910,0.003,0.006,0.000,0.003
9911,0.003,0.006,0.000,0.003
9912,0.003,0.006,0.000,0.003
9913,0.003,0.006,0.000,0.003
9914,0.003,0.006,0.000,0.003
9915,0.003,0.006,0.000,0.003
9916,0.003,0.006,0.000,0.003
9917,0.003,0.006,0.000,0.003
9918,0.003,0.006,0.000,0.003
9919,0.003,0.006,0.000,0.003
9920,0.003,0.006,0.000,0.003
9921,0.003,0.006,0.000,0.003
9922,0.003,0.006,0.000,0.003
9923,0.003,0.006,0.000,0.003
9924,0.003,0.006,0.000,0.003
9925,0.003,0.006,0.000,0.003
9926,0.003,0.006,0.000,0.003
9927,0.003,0.006,0.000,0.003
9928,0.003,0.006,0.000,0.003
9929,0.003,0.006,0.000,0.003
9930,0.003,0.006,0.000,0.003
9931,0.003,0.006,0.000,0.003
9932,0.003,0.006,0.000,0.003
9933,0.003,0.006,0.000,0.003
9934,0.003,0.006,0.000,0.003
9935,0.003,0.006,0.000,0.003
9936,0.003,0.006,0.000,0.003
9937,0.003,0.006,0.000,0.003
9938,0.003,0.006,0.000,0.003
9939,0.003,0.006,0.000,0.003
9940,0.003,0.006,0.000,0.003
9941,0.003,0.006,0.000,0.003
9942,0.003,0.006,0.000,0.003
9943,0.003,0.006,0.000,0.003
9944,0.003,0.006,0.000,0.003
9945,0.003,0.006,0.000,0.003
9946,0.003,0.006,0.000,0.003
9947,0.003,0.006,0.000,0.003
9948,0.003,0.006,0.000,0.003
9949,0.003,0.006,0.000,0.003
9950,0.003,0.006,0.000,0.003
9951,0.003,0.006,0.000,0.003
9952,0.003,0.006,0.000,0.003
9953,0.003,0.006,0.000,0.003
9954,0.003,0.006,0.000,0.003
9955,0.003,0.006,0.000,0.003
9956,0.003,0.006,0.000,0.003
9957,0.003,0.006,0.000,0.003
9958,0.003,0.006,0.000,0.003
9959,0.003,0.006,0.000,0.003
9960,0.003,0.006,0.000,0.003
9961,0.003,0.006,0.000,0.003
9962,0.003,0.006,0.000,0.003
9963,0.003,0.006,0.000,0.003
9964,0.003,0.006,0.000,0.003
9965,0.003,0.006,0.000,0.003
9966,0.003,0.006,0.000,0.003
9967,0.003,0.006,0.000,0.003
9968,0.003,0.006,0.000,0.003
9969,0.003,0.006,0.000,0.003
9970,0.003,0.006,0.000,0.003
9971,0.003,0.006,0.000,0.003
9972,0.003,0.006,0.000,0.003
9973,0.003,0.006,0.000,0.003
9974,0.003,0.006,0.000,0.003
9975,0.003,0.006,0.000,0.003
9976,0.003,0.006,0.000,0.003
9977,0.003,0.006,0.000,0.003
9978,0.003,0.006,0.000,0.003
9979,0.003,0.006,0.000,0.003
9980,0.003,0.006,0.000,0.003
9981,0.003,0.006,0.000,0.003
9982,0.003,0.006,0.000,0.003
9983,0.003,0.006,0.000,0.003
9984,0.003,0.006,0.000,0.003
9985,0.003,0.006,0.000,0.003
9986,0.003,0.006,0.000,0.003
9987,0.003,0.006,0.000,0.003
9988,0.003,0.006,0.000,0.003
9989,0.003,0.006,0.000,0.003
9990,0.003,0.006,0.000,0.003
9991,0.003,0.006,0.000,0.003
9992,0.003,0.006,0.000,0.003
9993,0.003,0.006,0.000,0.003
9994,0.003,0.006,0.000,0.003
9995,0.003,0.006,0.000,0.003
9996,0.003,0.006,0.000,0.003
9997,0.003,0.006,0.000,0.003
9998,0.003,0.006,0.000,0.003
9999,0.003,0.006,0.000,0.003
10000,0.003,0.006,0.000,0.003
10001,0.003,0.006,0.000,0.003
10002,0.003,0.006,0.000,0.003
10003,0.003,0.006,0.000,0.003
10004,0.003,0.006,0.000,0.003
10005,0.003,0.006,0.000,0.003
10006,0.003,0.006,0.000,0.003
10007,0.003,0.006,0.000,0.003
10008,0.003,0.006,0.000,0.003
10009,0.003,0.006,0.000,0.003
10010,0.003,0.006,0.000,0.003
10011,0.003,0.006,0.000,0.003
10012,0.003,0.006,0.000,0.003
10013,0.003,0.006,0.000,0.003
10014,0.003,0.006,0.000,0.003
10015,0.003,0.006,0.000,0.003
10016,0.003,0.006,0.000,0.003
10017,0.003,0.006,0.000,0.003
10018,0.003,0.006,0.000,0.003
10019,0.003,0.006,0.000,0.003
10020,0.003,0.006,0.000,0.003
10021,0.003,0.006,0.000,0.003
10022,0.003,0.006,0.000,0.003
10023,0.003,0.006,0.000,0.003
10024,0.003,0.006,0.000,0.003
10025,0.003,0.006,0.000,0.003
10026,0.003,0.006,0.000,0.003
10027,0.003,0.006,0.000,0.003
10028,0.003,0.006,0.000,0.003
10029,0.003,0.006,0.000,0.003
10030,0.003,0.006,0.000,0.003
10031,0.003,0.006,0.000,0.003
10032,0.003,0.006,0.000,0.003
10033,0.003,0.006,0.000,0.003
10034,0.003,0.006,0.000,0.003
10035,0.003,0.006,0.000,0.003
10036,0.003,0.006,0.000,0.003
10037,0.003,0.006,0.000,0.003
10038,0.003,0.006,0.000,0.003
10039,0.003,0.006,0.000,0.003
10040,0.003,0.006,0.000,0.003
10041,0.003,0.006,0.000,0.003
10042,0.003,0.006,0.000,0.003
10043,0.003,0.006,0.000,0.003
10044,0.003,0.006,0.000,0.003
10045,0.003,0.006,0.000,0.003
10046,0.003,0.006,0.000,0.003
10047,0.003,0.006,0.000,0.003
10048,0.003,0.006,0.000,0.003
10049,0.003,0.006,0.000,0.003
10050,0.003,0.006,0.000,0.003
10051,0.003,0.006,0.000,0.003
10052,0.003,0.006,0.000,0.003
10053,0.003,0.006,0.000,0.003
10054,0.003,0.006,0.000,0.003
10055,0.003,0.006,0.000,0.003
10056,0.003,0.006,0.000,0.003
10057,0.003,0.006,0.000,0.003
10058,0.003,0.006,0.000,0.003
10059,0.003,0.006,0.000,0.003
10060,0.003,0.006,0.000,0.003
10061,0.003,0.006,0.000,0.003
10062,0.003,0.006,0.000,0.003
10063,0.003,0.006,0.000,0.003
10064,0.003,0.006,0.000,0.003
10065,0.003,0.006,0.000,0.003
10066,0.003,0.006,0.000,0.003
10067,0.003,0.006,0.000,0.003
10068,0.003,0.006,0.000,0.003
10069,0.003,0.006,0.000,0.003
10070,0.003,0.006,0.000,0.003
10071,0.003,0.006,0.000,0.003
10072,0.003,0.006,0.000,0.003
10073,0.003,0.006,0.000,0.003
10074,0.003,0.006,0.000,0.003
10075,0.003,0.006,0.000,0.003
10076,0.003,0.006,0.000,0.003
10077,0.003,0.006,0.000,0.003
10078,0.003,0.006,0.000,0.003
10079,0.003,0.006,0.000,0.003
10080,0.003,0.006,0.000,0.003
10081,0.003,0.006,0.000,0.003
10082,0.003,0.006,0.000,0.003
10083,0.003,0.006,0.000,0.003
10084,0.003,0.006,0.000,0.003
10085,0.003,0.006,0.000,0.003
10086,0.003,0.006,0.000,0.003
10087,0.003,0.006,0.000,0.003
10088,0.003,0.006,0.000,0.003
10089,0.003,0.006,0.000,0.003
10090,0.003,0.006,0.000,0.003
10091,0.003,0.006,0.000,0.003
10092,0.003,0.006,0.000,0.003
10093,0.003,0.006,0.000,0.003
10094,0.003,0.006,0.000,0.003
10095,0.003,0.006,0.000,0.003
10096,0.003,0.006,0.000,0.003
10097,0.003,0.006,0.000,0.003
10098,0.003,0.006,0.000,0.003
10099,0.003,0.006,0.000,0.003
10100,0.003,0.006,0.000,0.003
10101,0.003,0.006,0.000,0.003
10102,0.003,0.006,0.000,0.003
10103,0.003,0.006,0.000,0.003
10104,0.003,0.006,0.000,0.003
10105,0.003,0.006,0.000,0.003
10106,0.003,0.006,0.000,0.003
10107,0.003,0.006,0.000,0.003
10108,0.003,0.006,0.000,0.003
10109,0.003,0.006,0.000,0.003
10110,0.003,0.006,0.000,0.003
10111,0.003,0.006,0.000,0.003
10112,0.003,0.006,0.000,0.003
10113,0.003,0.006,0.000,0.003
10114,0.003,0.006,0.000,0.003
10115,0.003,0.006,0.000,0.003
10116,0.003,0.006,0.000,0.003
10117,0.003,0.006,0.000,0.003
10118,0.003,0.006,0.000,0.003
10119,0.003,0.006,0.000,0.003
10120,0.003,0.006,0.000,0.003
10121,0.003,0.006,0.000,0.003
10122,0.003,0.006,0.000,0.003
10123,0.003,0.006,0.000,0.003
10124,0.003,0.006,0.000,0.003
10125,0.003,0.006,0.000,0.003
10126,0.003,0.006,0.000,0.003
10127,0.003,0.006,0.000,0.003
10128,0.003,0.006,0.000,0.003
10129,0.003,0.006,0.000,0.003
10130,0.003,0.006,0.000,0.003
10131,0.003,0.006,0.000,0.003
10132,0.003,0.006,0.000,0.003
10133,0.003,0.006,0.000,0.003
10134,0.003,0.006,0.000,0.003
10135,0.003,0.006,0.000,0.003
10136,0.003,0.006,0.000,0.003
10137,0.003,0.006,0.000,0.003
10138,0.003,0.006,0.000,0.003
10139,0.003,0.006,0.000,0.003
10140,0.003,0.006,0.000,0.003
10141,0.003,0.006,0.000,0.003
10142,0.003,0.006,0.000,0.003
10143,0.003,0.006,0.000,0.003
10144,0.003,0.006,0.000,0.003
10145,0.003,0.006,0.000,0.003
10146,0.003,0.006,0.000,0.003
10147,0.003,0.006,0.000,0.003
10148,0.003,0.006,0.000,0.003
10149,0.003,0.006,0.000,0.003
10150,0.003,0.006,0.000,0.003
10151,0.003,0.006,0.000,0.003
10152,0.003,0.006,0.000,0.003
10153,0.003,0.006,0.000,0.003
10154,0.003,0.006,0.000,0.003
10155,0.003,0.006,0.000,0.003
10156,0.003,0.006,0.000,0.003
10157,0.003,0.006,0.000,0.003
10158,0.003,0.006,0.000,0.003
10159,0.003,0.006,0.000,0.003
10160,0.003,0.006,0.000,0.003
10161,0.003,0.006,0.000,0.003
10162,0.003,0.006,0.000,0.003
10163,0.003,0.006,0.000,0.003
10164,0.003,0.006,0.000,0.003
10165,0.003,0.006,0.000,0.003
10166,0.003,0.006,0.000,0.003
10167,0.003,0.006,0.000,0.003
10168,0.003,0.006,0.000,0.003
10169,0.003,0.006,0.000,0.003
10170,0.003,0.006,0.000,0.003
10171,0.003,0.006,0.000,0.003
10172,0.003,0.006,0.000,0.003
10173,0.003,0.006,0.000,0.003
10174,0.003,0.006,0.000,0.003
10175,0.003,0.006,0.000,0.003
10176,0.003,0.006,0.000,0.003
10177,0.003,0.006,0.000,0.003
10178,0.003,0.006,0.000,0.003
10179,0.003,0.006,0.000,0.003
10180,0.003,0.006,0.000,0.003
10181,0.003,0.006,0.000,0.003
10182,0.003,0.006,0.000,0.003
10183,0.003,0.006,0.000,0.003
10184,0.003,0.006,0.000,0.003
10185,0.003,0.006,0.000,0.003
10186,0.003,0.006,0.000,0.003
10187,0.003,0.006,0.000,0.003
10188,0.003,0.006,0.000,0.003
10189,0.003,0.006,0.000,0.003
10190,0.003,0.006,0.000,0.003
10191,0.003,0.006,0.000,0.003
10192,0.003,0.006,0.000,0.003
10193,0.003,0.006,0.000,0.003
10194,0.003,0.006,0.000,0.003
10195,0.003,0.006,0.000,0.003
10196,0.003,0.006,0.000,0.003
10197,0.003,0.006,0.000,0.003
10198,0.003,0.006,0.000,0.003
10199,0.003,0.006,0.000,0.003
10200,0.003,0.006,0.000,0.003
10201,0.003,0.006,0.000,0.003
10202,0.003,0.006,0.000,0.003
10203,0.003,0.006,0.000,0.003
10204,0.003,0.006,0.000,0.003
10205,0.003,0.006,0.000,0.003
10206,0.003,0.006,0.000,0.003
10207,0.003,0.006,0.000,0.003
10208,0.003,0.006,0.000,0.003
10209,0.003,0.006,0.000,0.003
10210,0.003,0.006,0.000,0.003
10211,0.003,0.006,0.000,0.003
10212,0.003,0.006,0.000,0.003
10213,0.003,0.006,0.000,0.003
10214,0.003,0.006,0.000,0.003
10215,0.003,0.006,0.000,0.003
10216,0.003,0.006,0.000,0.003
10217,0.003,0.006,0.000,0.003
10218,0.003,0.006,0.000,0.003
10219,0.003,0.006,0.000,0.003
10220,0.003,0.006,0.000,0.003
10221,0.003,0.006,0.000,0.003
10222,0.003,0.006,0.000,0.003
10223,0.003,0.006,0.000,0.003
10224,0.003,0.006,0.000,0.003
10225,0.003,0.006,0.000,0.003
10226,0.003,0.006,0.000,0.003
10227,0.003,0.006,0.000,0.003
10228,0.003,0.006,0.000,0.003
10229,0.003,0.006,0.000,0.003
10230,0.003,0.006,0.000,0.003
10231,0.003,0.006,0.000,0.003
10232,0.003,0.006,0.000,0.003
10233,0.003,0.006,0.000,0.003
10234,0.003,0.006,0.000,0.003
10235,0.003,0.006,0.000,0.003
10236,0.003,0.006,0.000,0.003
10237,0.003,0.006,0.000,0.003
10238,0.003,0.006,0.000,0.003
10239,0.003,0.006,0.000,0.003
10240,0.003,0.006,0.000,0.003
10241,0.003,0.006,0.000,0.003
10242,0.003,0.006,0.000,0.003
10243,0.003,0.006,0.000,0.003
10244,0.003,0.006,0.000,0.003
10245,0.003,0.006,0.000,0.003
10246,0.003,0.006,0.000,0.003
10247,0.003,0.006,0.000,0.003
10248,0.003,0.006,0.000,0.003
10249,0.003,0.006,0.000,0.003
10250,0.003,0.006,0.000,0.003
10251,0.003,0.006,0.000,0.003
10252,0.003,0.006,0.000,0.003
10253,0.003,0.006,0.000,0.003
10254,0.003,0.006,0.000,0.003
10255,0.003,0.006,0.000,0.003
10256,0.003,0.006,0.000,0.003
10257,0.003,0.006,0.000,0.003
10258,0.003,0.006,0.000,0.003
10259,0.003,0.006,0.000,0.003
10260,0.003,0.006,0.000,0.003
10261,0.003,0.006,0.000,0.003
10262,0.003,0.006,0.000,0.003
10263,0.003,0.006,0.000,0.003
10264,0.003,0.006,0.000,0.003
10265,0.003,0.006,0.000,0.003
10266,0.003,0.006,0.000,0.003
10267,0.003,0.006,0.000,0.003
10268,0.003,0.006,0.000,0.003
10269,0.003,0.006,0.000,0.003
10270,0.003,0.006,0.000,0.003
10271,0.003,0.006,0.000,0.003
10272,0.003,0.006,0.000,0.003
10273,0.003,0.006,0.000,0.003
10274,0.003,0.006,0.000,0.003
10275,0.003,0.006,0.000,0.003
10276,0.003,0.006,0.000,0.003
10277,0.003,0.006,0.000,0.003
10278,0.003,0.006,0.000,0.003
10279,0.003,0.006,0.000,0.003
10280,0.003,0.006,0.000,0.003
10281,0.003,0.006,0.000,0.003
10282,0.003,0.006,0.000,0.003
10283,0.003,0.006,0.000,0.003
10284,0.003,0.006,0.000,0.003
10285,0.003,0.006,0.000,0.003
10286,0.003,0.006,0.000,0.003
10287,0.003,0.006,0.000,0.003
10288,0.003,0.006,0.000,0.003
10289,0.003,0.006,0.000,0.003
10290,0.003,0.006,0.000,0.003
10291,0.003,0.006,0.000,0.003
10292,0.003,0.006,0.000,0.003
10293,0.003,0.006,0.000,0.003
10294,0.003,0.006,0.000,0.003
10295,0.003,0.006,0.000,0.003
10296,0.003,0.006,0.000,0.003
10297,0.003,0.006,0.000,0.003
10298,0.003,0.006,0.000,0.003
10299,0.003,0.006,0.000,0.003
10300,0.003,0.006,0.000,0.003
10301,0.003,0.006,0.000,0.003
10302,0.003,0.006,0.000,0.003
10303,0.003,0.006,0.000,0.003
10304,0.003,0.006,0.000,0.003
10305,0.003,0.006,0.000,0.003
10306,0.003,0.006,0.000,0.003
10307,0.003,0.006,0.000,0.003
10308,0.003,0.006,0.000,0.003
10309,0.003,0.006,0.000,0.003
10310,0.003,0.006,0.000,0.003
10311,0.003,0.006,0.000,0.003
10312,0.003,0.006,0.000,0.003
10313,0.003,0.006,0.000,0.003
10314,0.003,0.006,0.000,0.003
10315,0.003,0.006,0.000,0.003
10316,0.003,0.006,0.000,0.003
10317,0.003,0.006,0.000,0.003
10318,0.003,0.006,0.000,0.003
10319,0.003,0.006,0.000,0.003
10320,0.003,0.006,0.000,0.003
10321,0.003,0.006,0.000,0.003
10322,0.003,0.006,0.000,0.003
10323,0.003,0.006,0.000,0.003
10324,0.003,0.006,0.000,0.003
10325,0.003,0.006,0.000,0.003
10326,0.003,0.006,0.000,0.003
10327,0.003,0.006,0.000,0.003
10328,0.003,0.006,0.000,0.003
10329,0.003,0.006,0.000,0.003
10330,0.003,0.006,0.000,0.003
10331,0.003,0.006,0.000,0.003
10332,0.003,0.006,0.000,0.003
10333,0.003,0.006,0.000,0.003
10334,0.003,0.006,0.000,0.003
10335,0.003,0.006,0.000,0.003
10336,0.003,0.006,0.000,0.003
10337,0.003,0.006,0.000,0.003
10338,0.003,0.006,0.000,0.003
10339,0.003,0.006,0.000,0.003
10340,0.003,0.006,0.000,0.003
10341,0.003,0.006,0.000,0.003
10342,0.003,0.006,0.000,0.003
10343,0.003,0.006,0.000,0.003
10344,0.003,0.006,0.000,0.003
10345,0.003,0.006,0.000,0.003
10346,0.003,0.006,0.000,0.003
10347,0.003,0.006,0.000,0.003
10348,0.003,0.006,0.000,0.003
10349,0.003,0.006,0.000,0.003
10350,0.003,0.006,0.000,0.003
10351,0.003,0.006,0.000,0.003
10352,0.003,0.006,0.000,0.003
10353,0.003,0.006,0.000,0.003
10354,0.003,0.006,0.000,0.003
10355,0.003,0.006,0.000,0.003
10356,0.003,0.006,0.000,0.003
10357,0.003,0.006,0.000,0.003
10358,0.003,0.006,0.000,0.003
10359,0.003,0.006,0.000,0.003
10360,0.003,0.006,0.000,0.003
10361,0.003,0.006,0.000,0.003
10362,0.003,0.006,0.000,0.003
10363,0.003,0.006,0.000,0.003
10364,0.003,0.006,0.000,0.003
10365,0.003,0.006,0.000,0.003
10366,0.003,0.006,0.000,0.003
10367,0.003,0.006,0.000,0.003
10368,0.003,0.006,0.000,0.003
10369,0.003,0.006,0.000,0.003
10370,0.003,0.006,0.000,0.003
10371,0.003,0.006,0.000,0.003
10372,0.003,0.006,0.000,0.003
10373,0.003,0.006,0.000,0.003
10374,0.003,0.006,0.000,0.003
10375,0.003,0.006,0.000,0.003
10376,0.003,0.006,0.000,0.003
10377,0.003,0.006,0.000,0.003
10378,0.003,0.006,0.000,0.003
10379,0.003,0.006,0.000,0.003
10380,0.003,0.006,0.000,0.003
10381,0.003,0.006,0.000,0.003
10382,0.003,0.006,0.000,0.003
10383,0.003,0.006,0.000,0.003
10384,0.003,0.006,0.000,0.003
10385,0.003,0.006,0.000,0.003
10386,0.003,0.006,0.000,0.003
10387,0.003,0.006,0.000,0.003
10388,0.003,0.006,0.000,0.003
10389,0.003,0.006,0.000,0.003
10390,0.003,0.006,0.000,0.003
10391,0.003,0.006,0.000,0.003
10392,0.003,0.006,0.000,0.003
10393,0.003,0.006,0.000,0.003
10394,0.003,0.006,0.000,0.003
10395,0.003,0.006,0.000,0.003
10396,0.003,0.006,0.000,0.003
10397,0.003,0.006,0.000,0.003
10398,0.003,0.006,0.000,0.003
10399,0.003,0.006,0.000,0.003
10400,0.003,0.006,0.000,0.003
10401,0.003,0.006,0.000,0.003
10402,0.003,0.006,0.000,0.003
10403,0.003,0.006,0.000,0.003
10404,0.003,0.006,0.000,0.003
10405,0.003,0.006,0.000,0.003
10406,0.003,0.006,0.000,0.003
10407,0.003,0.006,0.000,0.003
10408,0.003,0.006,0.000,0.003
10409,0.003,0.006,0.000,0.003
10410,0.003,0.006,0.000,0.003
10411,0.003,0.006,0.000,0.003
10412,0.003,0.006,0.000,0.003
10413,0.003,0.006,0.000,0.003
10414,0.003,0.006,0.000,0.003
10415,0.003,0.006,0.000,0.003
10416,0.003,0.006,0.000,0.003
10417,0.003,0.006,0.000,0.003
10418,0.003,0.006,0.000,0.003
10419,0.003,0.006,0.000,0.003
10420,0.003,0.006,0.000,0.003
10421,0.003,0.006,0.000,0.003
10422,0.003,0.006,0.000,0.003
10423,0.003,0.006,0.000,0.003
10424,0.003,0.006,0.000,0.003
10425,0.003,0.006,0.000,0.003
10426,0.003,0.006,0.000,0.003
10427,0.003,0.006,0.000,0.003
10428,0.003,0.006,0.000,0.003
10429,0.003,0.006,0.000,0.003
10430,0.003,0.006,0.000,0.003
10431,0.003,0.006,0.000,0.003
10432,0.003,0.006,0.000,0.003
10433,0.003,0.006,0.000,0.003
10434,0.003,0.006,0.000,0.003
10435,0.003,0.006,0.000,0.003
10436,0.003,0.006,0.000,0.003
10437,0.003,0.006,0.000,0.003
10438,0.003,0.006,0.000,0.003
10439,0.003,0.006,0.000,0.003
10440,0.003,0.006,0.000,0.003
10441,0.003,0.006,0.000,0.003
10442,0.003,0.006,0.000,0.003
10443,0.003,0.006,0.000,0.003
10444,0.003,0.006,0.000,0.003
10445,0.003,0.006,0.000,0.003
10446,0.003,0.006,0.000,0.003
10447,0.003,0.006,0.000,0.003
10448,0.003,0.006,0.000,0.003
10449,0.003,0.006,0.000,0.003
10450,0.003,0.006,0.000,0.003
10451,0.003,0.006,0.000,0.003
10452,0.003,0.006,0.000,0.003
10453,0.003,0.006,0.000,0.003
10454,0.003,0.006,0.000,0.003
10455,0.003,0.006,0.000,0.003
10456,0.003,0.006,0.000,0.003
10457,0.003,0.006,0.000,0.003
10458,0.003,0.006,0.000,0.003
10459,0.003,0.006,0.000,0.003
10460,0.003,0.006,0.000,0.003
10461,0.003,0.006,0.000,0.003
10462,0.003,0.006,0.000,0.003
10463,0.003,0.006,0.000,0.003
10464,0.003,0.006,0.000,0.003
10465,0.003,0.006,0.000,0.003
10466,0.003,0.006,0.000,0.003
10467,0.003,0.006,0.000,0.003
10468,0.003,0.006,0.000,0.003
10469,0.003,0.006,0.000,0.003
10470,0.003,0.006,0.000,0.003
10471,0.003,0.006,0.000,0.003
10472,0.003,0.006,0.000,0.003
10473,0.003,0.006,0.000,0.003
10474,0.003,0.006,0.000,0.003
10475,0.003,0.006,0.000,0.003
10476,0.003,0.006,0.000,0.003
10477,0.003,0.006,0.000,0.003
10478,0.003,0.006,0.000,0.003
10479,0.003,0.006,0.000,0.003
10480,0.003,0.006,0.000,0.003
10481,0.003,0.006,0.000,0.003
10482,0.003,0.006,0.000,0.003
10483,0.003,0.006,0.000,0.003
10484,0.003,0.006,0.000,0.003
10485,0.003,0.006,0.000,0.003
10486,0.003,0.006,0.000,0.003
10487,0.003,0.006,0.000,0.003
10488,0.003,0.006,0.000,0.003
10489,0.003,0.006,0.000,0.003
10490,0.003,0.006,0.000,0.003
10491,0.003,0.006,0.000,0.003
10492,0.003,0.006,0.000,0.003
10493,0.003,0.006,0.000,0.003
10494,0.003,0.006,0.000,0.003
10495,0.003,0.006,0.000,0.003
10496,0.003,0.006,0.000,0.003
10497,0.003,0.006,0.000,0.003
10498,0.003,0.006,0.000,0.003
10499,0.003,0.006,0.000,0.003
10500,0.003,0.006,0.000,0.003
10501,0.003,0.006,0.000,0.003
10502,0.003,0.006,0.000,0.003
10503,0.003,0.006,0.000,0.003
10504,0.003,0.006,0.000,0.003
10505,0.003,0.006,0.000,0.003
10506,0.003,0.006,0.000,0.003
10507,0.003,0.006,0.000,0.003
10508,0.003,0.006,0.000,0.003
10509,0.003,0.006,0.000,0.003
10510,0.003,0.006,0.000,0.003
10511,0.003,0.006,0.000,0.003
10512,0.003,0.006,0.000,0.003
10513,0.003,0.006,0.000,0.003
10514,0.003,0.006,0.000,0.003
10515,0.003,0.006,0.000,0.003
10516,0.003,0.006,0.000,0.003
10517,0.003,0.006,0.000,0.003
10518,0.003,0.006,0.000,0.003
10519,0.003,0.006,0.000,0.003
10520,0.003,0.006,0.000,0.003
10521,0.003,0.006,0.000,0.003
10522,0.003,0.006,0.000,0.003
10523,0.003,0.006,0.000,0.003
10524,0.003,0.006,0.000,0.003
10525,0.003,0.006,0.000,0.003
10526,0.003,0.006,0.000,0.003
10527,0.003,0.006,0.000,0.003
10528,0.003,0.006,0.000,0.003
10529,0.003,0.006,0.000,0.003
10530,0.003,0.006,0.000,0.003
10531,0.003,0.006,0.000,0.003
10532,0.003,0.006,0.000,0.003
10533,0.003,0.006,0.000,0.003
10534,0.003,0.006,0.000,0.003
10535,0.003,0.006,0.000,0.003
10536,0.003,0.006,0.000,0.003
10537,0.003,0.006,0.000,0.003
10538,0.003,0.006,0.000,0.003
10539,0.003,0.006,0.000,0.003
10540,0.003,0.006,0.000,0.003
10541,0.003,0.006,0.000,0.003
10542,0.003,0.006,0.000,0.003
10543,0.003,0.006,0.000,0.003
10544,0.003,0.006,0.000,0.003
10545,0.003,0.006,0.000,0.003
10546,0.003,0.006,0.000,0.003
10547,0.003,0.006,0.000,0.003
10548,0.003,0.006,0.000,0.003
10549,0.003,0.006,0.000,0.003
10550,0.003,0.006,0.000,0.003
10551,0.003,0.006,0.000,0.003
10552,0.003,0.006,0.000,0.003
10553,0.003,0.006,0.000,0.003
10554,0.003,0.006,0.000,0.003
10555,0.003,0.006,0.000,0.003
10556,0.003,0.006,0.000,0.003
10557,0.003,0.006,0.000,0.003
10558,0.003,0.006,0.000,0.003
10559,0.003,0.006,0.000,0.003
10560,0.003,0.006,0.000,0.003
10561,0.003,0.006,0.000,0.003
10562,0.003,0.006,0.000,0.003
10563,0.003,0.006,0.000,0.003
10564,0.003,0.006,0.000,0.003
10565,0.003,0.006,0.000,0.003
10566,0.003,0.006,0.000,0.003
10567,0.003,0.006,0.000,0.003
10568,0.003,0.006,0.000,0.003
10569,0.003,0.006,0.000,0.003
10570,0.003,0.006,0.000,0.003
10571,0.003,0.006,0.000,0.003
10572,0.003,0.006,0.000,0.003
10573,0.003,0.006,0.000,0.003
10574,0.003,0.006,0.000,0.003
10575,0.003,0.006,0.000,0.003
10576,0.003,0.006,0.000,0.003
10577,0.003,0.006,0.000,0.003
10578,0.003,0.006,0.000,0.003
10579,0.003,0.006,0.000,0.003
10580,0.003,0.006,0.000,0.003
10581,0.003,0.006,0.000,0.003
10582,0.003,0.006,0.000,0.003
10583,0.003,0.006,0.000,0.003
10584,0.003,0.006,0.000,0.003
10585,0.003,0.006,0.000,0.003
10586,0.003,0.006,0.000,0.003
10587,0.003,0.006,0.000,0.003
10588,0.003,0.006,0.000,0.003
10589,0.003,0.006,0.000,0.003
10590,0.003,0.006,0.000,0.003
10591,0.003,0.006,0.000,0.003
10592,0.003,0.006,0.000,0.003
10593,0.003,0.006,0.000,0.003
10594,0.003,0.006,0.000,0.003
10595,0.003,0.006,0.000,0.003
10596,0.003,0.006,0.000,0.003
10597,0.003,0.006,0.000,0.003
10598,0.003,0.006,0.000,0.003
10599,0.003,0.006,0.000,0.003
10600,0.003,0.006,0.000,0.003
10601,0.003,0.006,0.000,0.003
10602,0.003,0.006,0.000,0.003
10603,0.003,0.006,0.000,0.003
10604,0.003,0.006,0.000,0.003
10605,0.003,0.006,0.000,0.003
10606,0.003,0.006,0.000,0.003
10607,0.003,0.006,0.000,0.003
10608,0.003,0.006,0.000,0.003
10609,0.003,0.006,0.000,0.003
10610,0.003,0.006,0.000,0.003
10611,0.003,0.006,0.000,0.003
10612,0.003,0.006,0.000,0.003
10613,0.003,0.006,0.000,0.003
10614,0.003,0.006,0.000,0.003
10615,0.003,0.006,0.000,0.003
10616,0.003,0.006,0.000,0.003
10617,0.003,0.006,0.000,0.003
10618,0.003,0.006,0.000,0.003
10619,0.003,0.006,0.000,0.003
10620,0.003,0.006,0.000,0.003
10621,0.003,0.006,0.000,0.003
10622,0.003,0.006,0.000,0.003
10623,0.003,0.006,0.000,0.003
10624,0.003,0.006,0.000,0.003
10625,0.003,0.006,0.000,0.003
10626,0.003,0.006,0.000,0.003
10627,0.003,0.006,0.000,0.003
10628,0.003,0.006,0.000,0.003
10629,0.003,0.006,0.000,0.003
10630,0.003,0.006,0.000,0.003
10631,0.003,0.006,0.000,0.003
10632,0.003,0.006,0.000,0.003
10633,0.003,0.006,0.000,0.003
10634,0.003,0.006,0.000,0.003
10635,0.003,0.006,0.000,0.003
10636,0.003,0.006,0.000,0.003
10637,0.003,0.006,0.000,0.003
10638,0.003,0.006,0.000,0.003
10639,0.003,0.006,0.000,0.003
10640,0.003,0.006,0.000,0.003
10641,0.003,0.006,0.000,0.003
10642,0.003,0.006,0.000,0.003
10643,0.003,0.006,0.000,0.003
10644,0.003,0.006,0.000,0.003
10645,0.003,0.006,0.000,0.003
10646,0.003,0.006,0.000,0.003
10647,0.003,0.006,0.000,0.003
10648,0.003,0.006,0.000,0.003
10649,0.003,0.006,0.000,0.003
10650,0.003,0.006,0.000,0.003
10651,0.003,0.006,0.000,0.003
10652,0.003,0.006,0.000,0.003
10653,0.003,0.006,0.000,0.003
10654,0.003,0.006,0.000,0.003
10655,0.003,0.006,0.000,0.003
10656,0.003,0.006,0.000,0.003
10657,0.003,0.006,0.000,0.003
10658,0.003,0.006,0.000,0.003
10659,0.003,0.006,0.000,0.003
10660,0.003,0.006,0.000,0.003
10661,0.003,0.006,0.000,0.003
10662,0.003,0.006,0.000,0.003
10663,0.003,0.006,0.000,0.003
10664,0.003,0.006,0.000,0.003
10665,0.003,0.006,0.000,0.003
10666,0.003,0.006,0.000,0.003
10667,0.003,0.006,0.000,0.003
10668,0.003,0.006,0.000,0.003
10669,0.003,0.006,0.000,0.003
10670,0.003,0.006,0.000,0.003
10671,0.003,0.006,0.000,0.003
10672,0.003,0.006,0.000,0.003
10673,0.003,0.006,0.000,0.003
10674,0.003,0.006,0.000,0.003
10675,0.003,0.006,0.000,0.003
10676,0.003,0.006,0.000,0.003
10677,0.003,0.006,0.000,0.003
10678,0.003,0.006,0.000,0.003
10679,0.003,0.006,0.000,0.003
10680,0.003,0.006,0.000,0.003
10681,0.003,0.006,0.000,0.003
10682,0.003,0.006,0.000,0.003
10683,0.003,0.006,0.000,0.003
10684,0.003,0.006,0.000,0.003
10685,0.003,0.006,0.000,0.003
10686,0.003,0.006,0.000,0.003
10687,0.003,0.006,0.000,0.003
10688,0.003,0.006,0.000,0.003
10689,0.003,0.006,0.000,0.003
10690,0.003,0.006,0.000,0.003
10691,0.003,0.006,0.000,0.003
10692,0.003,0.006,0.000,0.003
10693,0.003,0.006,0.000,0.003
10694,0.003,0.006,0.000,0.003
10695,0.003,0.006,0.000,0.003
10696,0.003,0.006,0.000,0.003
10697,0.003,0.006,0.000,0.003
10698,0.003,0.006,0.000,0.003
10699,0.003,0.006,0.000,0.003
10700,0.003,0.006,0.000,0.003
10701,0.003,0.006,0.000,0.003
10702,0.003,0.006,0.000,0.003
10703,0.003,0.006,0.000,0.003
10704,0.003,0.006,0.000,0.003
10705,0.003,0.006,0.000,0.003
10706,0.003,0.006,0.000,0.003
10707,0.003,0.006,0.000,0.003
10708,0.003,0.006,0.000,0.003
10709,0.003,0.006,0.000,0.003
10710,0.003,0.006,0.000,0.003
10711,0.003,0.006,0.000,0.003
10712,0.003,0.006,0.000,0.003
10713,0.003,0.006,0.000,0.003
10714,0.003,0.006,0.000,0.003
10715,0.003,0.006,0.000,0.003
10716,0.003,0.006,0.000,0.003
10717,0.003,0.006,0.000,0.003
10718,0.003,0.006,0.000,0.003
10719,0.003,0.006,0.000,0.003
10720,0.003,0.006,0.000,0.003
10721,0.003,0.006,0.000,0.003
10722,0.003,0.006,0.000,0.003
10723,0.003,0.006,0.000,0.003
10724,0.003,0.006,0.000,0.003
10725,0.003,0.006,0.000,0.003
10726,0.003,0.006,0.000,0.003
10727,0.003,0.006,0.000,0.003
10728,0.003,0.006,0.000,0.003
10729,0.003,0.006,0.000,0.003
10730,0.003,0.006,0.000,0.003
10731,0.003,0.006,0.000,0.003
10732,0.003,0.006,0.000,0.003
10733,0.003,0.006,0.000,0.003
10734,0.003,0.006,0.000,0.003
10735,0.003,0.006,0.000,0.003
10736,0.003,0.006,0.000,0.003
10737,0.003,0.006,0.000,0.003
10738,0.003,0.006,0.000,0.003
10739,0.003,0.006,0.000,0.003
10740,0.003,0.006,0.000,0.003
10741,0.003,0.006,0.000,0.003
10742,0.003,0.006,0.000,0.003
10743,0.003,0.006,0.000,0.003
10744,0.003,0.006,0.000,0.003
10745,0.003,0.006,0.000,0.003
10746,0.003,0.006,0.000,0.003
10747,0.003,0.006,0.000,0.003
10748,0.003,0.006,0.000,0.003
10749,0.003,0.006,0.000,0.003
10750,0.003,0.006,0.000,0.003
10751,0.003,0.006,0.000,0.003
10752,0.003,0.006,0.000,0.003
10753,0.003,0.006,0.000,0.003
10754,0.003,0.006,0.000,0.003
10755,0.003,0.006,0.000,0.003
10756,0.003,0.006,0.000,0.003
10757,0.003,0.006,0.000,0.003
10758,0.003,0.006,0.000,0.003
10759,0.003,0.006,0.000,0.003
10760,0.003,0.006,0.000,0.003
10761,0.003,0.006,0.000,0.003
10762,0.003,0.006,0.000,0.003
10763,0.003,0.006,0.000,0.003
10764,0.003,0.006,0.000,0.003
10765,0.003,0.006,0.000,0.003
10766,0.003,0.006,0.000,0.003
10767,0.003,0.006,0.000,0.003
10768,0.003,0.006,0.000,0.003
10769,0.003,0.006,0.000,0.003
10770,0.003,0.006,0.000,0.003
10771,0.003,0.006,0.000,0.003
10772,0.003,0.006,0.000,0.003
10773,0.003,0.006,0.000,0.003
10774,0.003,0.006,0.000,0.003
10775,0.003,0.006,0.000,0.003
10776,0.003,0.006,0.000,0.003
10777,0.003,0.006,0.000,0.003
10778,0.003,0.006,0.000,0.003
10779,0.003,0.006,0.000,0.003
10780,0.003,0.006,0.000,0.003
10781,0.003,0.006,0.000,0.003
10782,0.003,0.006,0.000,0.003
10783,0.003,0.006,0.000,0.003
10784,0.003,0.006,0.000,0.003
10785,0.003,0.006,0.000,0.003
10786,0.003,0.006,0.000,0.003
10787,0.003,0.006,0.000,0.003
10788,0.003,0.006,0.000,0.003
10789,0.003,0.006,0.000,0.003
10790,0.003,0.006,0.000,0.003
10791,0.003,0.006,0.000,0.003
10792,0.003,0.006,0.000,0.003
10793,0.003,0.006,0.000,0.003
10794,0.003,0.006,0.000,0.003
10795,0.003,0.006,0.000,0.003
10796,0.003,0.006,0.000,0.003
10797,0.003,0.006,0.000,0.003
10798,0.003,0.006,0.000,0.003
10799,0.003,0.006,0.000,0.003
10800,0.003,0.006,0.000,0.003
10801,0.003,0.006,0.000,0.003
10802,0.003,0.006,0.000,0.003
10803,0.003,0.006,0.000,0.003
10804,0.003,0.006,0.000,0.003
10805,0.003,0.006,0.000,0.003
10806,0.003,0.006,0.000,0.003
10807,0.003,0.006,0.000,0.003
10808,0.003,0.006,0.000,0.003
10809,0.003,0.006,0.000,0.003
10810,0.003,0.006,0.000,0.003
10811,0.003,0.006,0.000,0.003
10812,0.003,0.006,0.000,0.003
10813,0.003,0.006,0.000,0.003
10814,0.003,0.006,0.000,0.003
10815,0.003,0.006,0.000,0.003
10816,0.003,0.006,0.000,0.003
10817,0.003,0.006,0.000,0.003
10818,0.003,0.006,0.000,0.003
10819,0.003,0.006,0.000,0.003
10820,0.003,0.006,0.000,0.003
10821,0.003,0.006,0.000,0.003
10822,0.003,0.006,0.000,0.003
10823,0.003,0.006,0.000,0.003
10824,0.003,0.006,0.000,0.003
10825,0.003,0.006,0.000,0.003
10826,0.003,0.006,0.000,0.003
10827,0.003,0.006,0.000,0.003
10828,0.003,0.006,0.000,0.003
10829,0.003,0.006,0.000,0.003
10830,0.003,0.006,0.000,0.003
10831,0.003,0.006,0.000,0.003
10832,0.003,0.006,0.000,0.003
10833,0.003,0.006,0.000,0.003
10834,0.003,0.006,0.000,0.003
10835,0.003,0.006,0.000,0.003
10836,0.003,0.006,0.000,0.003
10837,0.003,0.006,0.000,0.003
10838,0.003,0.006,0.000,0.003
10839,0.003,0.006,0.000,0.003
10840,0.003,0.006,0.000,0.003
10841,0.003,0.006,0.000,0.003
10842,0.003,0.006,0.000,0.003
10843,0.003,0.006,0.000,0.003
10844,0.003,0.006,0.000,0.003
10845,0.003,0.006,0.000,0.003
10846,0.003,0.006,0.000,0.003
10847,0.003,0.006,0.000,0.003
10848,0.003,0.006,0.000,0.003
10849,0.003,0.006,0.000,0.003
10850,0.003,0.006,0.000,0.003
10851,0.003,0.006,0.000,0.003
10852,0.003,0.006,0.000,0.003
10853,0.003,0.006,0.000,0.003
10854,0.003,0.006,0.000,0.003
10855,0.003,0.006,0.000,0.003
10856,0.003,0.006,0.000,0.003
10857,0.003,0.006,0.000,0.003
10858,0.003,0.006,0.000,0.003
10859,0.003,0.006,0.000,0.003
10860,0.003,0.006,0.000,0.003
10861,0.003,0.006,0.000,0.003
10862,0.003,0.006,0.000,0.003
10863,0.003,0.006,0.000,0.003
10864,0.003,0.006,0.000,0.003
10865,0.003,0.006,0.000,0.003
10866,0.003,0.006,0.000,0.003
10867,0.003,0.006,0.000,0.003
10868,0.003,0.006,0.000,0.003
10869,0.003,0.006,0.000,0.003
10870,0.003,0.006,0.000,0.003
10871,0.003,0.006,0.000,0.003
10872,0.003,0.006,0.000,0.003
10873,0.003,0.006,0.000,0.003
10874,0.003,0.006,0.000,0.003
10875,0.003,0.006,0.000,0.003
10876,0.003,0.006,0.000,0.003
10877,0.003,0.006,0.000,0.003
10878,0.003,0.006,0.000,0.003
10879,0.003,0.006,0.000,0.003
10880,0.003,0.006,0.000,0.003
10881,0.003,0.006,0.000,0.003
10882,0.003,0.006,0.000,0.003
10883,0.003,0.006,0.000,0.003
10884,0.003,0.006,0.000,0.003
10885,0.003,0.006,0.000,0.003
10886,0.003,0.006,0.000,0.003
10887,0.003,0.006,0.000,0.003
10888,0.003,0.006,0.000,0.003
10889,0.003,0.006,0.000,0.003
10890,0.003,0.006,0.000,0.003
10891,0.003,0.006,0.000,0.003
10892,0.003,0.006,0.000,0.003
10893,0.003,0.006,0.000,0.003
10894,0.003,0.006,0.000,0.003
10895,0.003,0.006,0.000,0.003
10896,0.003,0.006,0.000,0.003
10897,0.003,0.006,0.000,0.003
10898,0.003,0.006,0.000,0.003
10899,0.003,0.006,0.000,0.003
10900,0.003,0.006,0.000,0.003
10901,0.003,0.006,0.000,0.003
10902,0.003,0.006,0.000,0.003
10903,0.003,0.006,0.000,0.003
10904,0.003,0.006,0.000,0.003
10905,0.003,0.006,0.000,0.003
10906,0.003,0.006,0.000,0.003
10907,0.003,0.006,0.000,0.003
10908,0.003,0.006,0.000,0.003
10909,0.003,0.006,0.000,0.003
10910,0.003,0.006,0.000,0.003
10911,0.003,0.006,0.000,0.003
10912,0.003,0.006,0.000,0.003
10913,0.003,0.006,0.000,0.003
10914,0.003,0.006,0.000,0.003
10915,0.003,0.006,0.000,0.003
10916,0.003,0.006,0.000,0.003
10917,0.003,0.006,0.000,0.003
10918,0.003,0.006,0.000,0.003
10919,0.003,0.006,0.000,0.003
10920,0.003,0.006,0.000,0.003
10921,0.003,0.006,0.000,0.003
10922,0.003,0.006,0.000,0.003
10923,0.003,0.006,0.000,0.003
10924,0.003,0.006,0.000,0.003
10925,0.003,0.006,0.000,0.003
10926,0.003,0.006,0.000,0.003
10927,0.003,0.006,0.000,0.003
10928,0.003,0.006,0.000,0.003
10929,0.003,0.006,0.000,0.003
10930,0.003,0.006,0.000,0.003
10931,0.003,0.006,0.000,0.003
10932,0.003,0.006,0.000,0.003
10933,0.003,0.006,0.000,0.003
10934,0.003,0.006,0.000,0.003
10935,0.003,0.006,0.000,0.003
10936,0.003,0.006,0.000,0.003
10937,0.003,0.006,0.000,0.003
10938,0.003,0.006,0.000,0.003
10939,0.003,0.006,0.000,0.003
10940,0.003,0.006,0.000,0.003
10941,0.003,0.006,0.000,0.003
10942,0.003,0.006,0.000,0.003
10943,0.003,0.006,0.000,0.003
10944,0.003,0.006,0.000,0.003
10945,0.003,0.006,0.000,0.003
10946,0.003,0.006,0.000,0.003
10947,0.003,0.006,0.000,0.003
10948,0.003,0.006,0.000,0.003
10949,0.003,0.006,0.000,0.003
10950,0.003,0.006,0.000,0.003
10951,0.003,0.006,0.000,0.003
10952,0.003,0.006,0.000,0.003
10953,0.003,0.006,0.000,0.003
10954,0.003,0.006,0.000,0.003
10955,0.003,0.006,0.000,0.003
10956,0.003,0.006,0.000,0.003
10957,0.003,0.006,0.000,0.003
10958,0.003,0.006,0.000,0.003
10959,0.003,0.006,0.000,0.003
10960,0.003,0.006,0.000,0.003
10961,0.003,0.006,0.000,0.003
10962,0.003,0.006,0.000,0.003
10963,0.003,0.006,0.000,0.003
10964,0.003,0.006,0.000,0.003
10965,0.003,0.006,0.000,0.003
10966,0.003,0.006,0.000,0.003
10967,0.003,0.006,0.000,0.003
10968,0.003,0.006,0.000,0.003
10969,0.003,0.006,0.000,0.003
10970,0.003,0.006,0.000,0.003
10971,0.003,0.006,0.000,0.003
10972,0.003,0.006,0.000,0.003
10973,0.003,0.006,0.000,0.003
10974,0.003,0.006,0.000,0.003
10975,0.003,0.006,0.000,0.003
10976,0.003,0.006,0.000,0.003
10977,0.003,0.006,0.000,0.003
10978,0.003,0.006,0.000,0.003
10979,0.003,0.006,0.000,0.003
10980,0.003,0.006,0.000,0.003
10981,0.003,0.006,0.000,0.003
10982,0.003,0.006,0.000,0.003
10983,0.003,0.006,0.000,0.003
10984,0.003,0.006,0.000,0.003
10985,0.003,0.006,0.000,0.003
10986,0.003,0.006,0.000,0.003
10987,0.003,0.006,0.000,0.003
10988,0.003,0.006,0.000,0.003
10989,0.003,0.006,0.000,0.003
10990,0.003,0.006,0.000,0.003
10991,0.003,0.006,0.000,0.003
10992,0.003,0.006,0.000,0.003
10993,0.003,0.006,0.000,0.003
10994,0.003,0.006,0.000,0.003
10995,0.003,0.006,0.000,0.003
10996,0.003,0.006,0.000,0.003
10997,0.003,0.006,0.000,0.003
10998,0.003,0.006,0.000,0.003
10999,0.003,0.006,0.000,0.003
11000,0.003,0.006,0.000,0.003
11001,0.003,0.006,0.000,0.003
11002,0.003,0.006,0.000,0.003
11003,0.003,0.006,0.000,0.003
11004,0.003,0.006,0.000,0.003
11005,0.003,0.006,0.000,0.003
11006,0.003,0.006,0.000,0.003
11007,0.003,0.006,0.000,0.003
11008,0.003,0.006,0.000,0.003
11009,0.003,0.006,0.000,0.003
11010,0.003,0.006,0.000,0.003
11011,0.003,0.006,0.000,0.003
11012,0.003,0.006,0.000,0.003
11013,0.003,0.006,0.000,0.003
11014,0.003,0.006,0.000,0.003
11015,0.003,0.006,0.000,0.003
11016,0.003,0.006,0.000,0.003
11017,0.003,0.006,0.000,0.003
11018,0.003,0.006,0.000,0.003
11019,0.003,0.006,0.000,0.003
11020,0.003,0.006,0.000,0.003
11021,0.003,0.006,0.000,0.003
11022,0.003,0.006,0.000,0.003
11023,0.003,0.006,0.000,0.003
11024,0.003,0.006,0.000,0.003
11025,0.003,0.006,0.000,0.003
11026,0.003,0.006,0.000,0.003
11027,0.003,0.006,0.000,0.003
11028,0.003,0.006,0.000,0.003
11029,0.003,0.006,0.000,0.003
11030,0.003,0.006,0.000,0.003
11031,0.003,0.006,0.000,0.003
11032,0.003,0.006,0.000,0.003
11033,0.003,0.006,0.000,0.003
11034,0.003,0.006,0.000,0.003
11035,0.003,0.006,0.000,0.003
11036,0.003,0.006,0.000,0.003
11037,0.003,0.006,0.000,0.003
11038,0.003,0.006,0.000,0.003
11039,0.003,0.006,0.000,0.003
11040,0.003,0.006,0.000,0.003
11041,0.003,0.006,0.000,0.003
11042,0.003,0.006,0.000,0.003
11043,0.003,0.006,0.000,0.003
11044,0.003,0.006,0.000,0.003
11045,0.003,0.006,0.000,0.003
11046,0.003,0.006,0.000,0.003
11047,0.003,0.006,0.000,0.003
11048,0.003,0.006,0.000,0.003
11049,0.003,0.006,0.000,0.003
11050,0.003,0.006,0.000,0.003
11051,0.003,0.006,0.000,0.003
11052,0.003,0.006,0.000,0.003
11053,0.003,0.006,0.000,0.003
11054,0.003,0.006,0.000,0.003
11055,0.003,0.006,0.000,0.003
11056,0.003,0.006,0.000,0.003
11057,0.003,0.006,0.000,0.003
11058,0.003,0.006,0.000,0.003
11059,0.003,0.006,0.000,0.003
11060,0.003,0.006,0.000,0.003
11061,0.003,0.006,0.000,0.003
11062,0.003,0.006,0.000,0.003
11063,0.003,0.006,0.000,0.003
11064,0.003,0.006,0.000,0.003
11065,0.003,0.006,0.000,0.003
11066,0.003,0.006,0.000,0.003
11067,0.003,0.006,0.000,0.003
11068,0.003,0.006,0.000,0.003
11069,0.003,0.006,0.000,0.003
11070,0.003,0.006,0.000,0.003
11071,0.003,0.006,0.000,0.003
11072,0.003,0.006,0.000,0.003
11073,0.003,0.006,0.000,0.003
11074,0.003,0.006,0.000,0.003
11075,0.003,0.006,0.000,0.003
11076,0.003,0.006,0.000,0.003
11077,0.003,0.006,0.000,0.003
11078,0.003,0.006,0.000,0.003
11079,0.003,0.006,0.000,0.003
11080,0.003,0.006,0.000,0.003
11081,0.003,0.006,0.000,0.003
11082,0.003,0.006,0.000,0.003
11083,0.003,0.006,0.000,0.003
11084,0.003,0.006,0.000,0.003
11085,0.003,0.006,0.000,0.003
11086,0.003,0.006,0.000,0.003
11087,0.003,0.006,0.000,0.003
11088,0.003,0.006,0.000,0.003
11089,0.003,0.006,0.000,0.003
11090,0.003,0.006,0.000,0.003
11091,0.003,0.006,0.000,0.003
11092,0.003,0.006,0.000,0.003
11093,0.003,0.006,0.000,0.003
11094,0.003,0.006,0.000,0.003
11095,0.003,0.006,0.000,0.003
11096,0.003,0.006,0.000,0.003
11097,0.003,0.006,0.000,0.003
11098,0.003,0.006,0.000,0.003
11099,0.003,0.006,0.000,0.003
11100,0.003,0.006,0.000,0.003
11101,0.003,0.006,0.000,0.003
11102,0.003,0.006,0.000,0.003
11103,0.003,0.006,0.000,0.003
11104,0.003,0.006,0.000,0.003
11105,0.003,0.006,0.000,0.003
11106,0.003,0.006,0.000,0.003
11107,0.003,0.006,0.000,0.003
11108,0.003,0.006,0.000,0.003
11109,0.003,0.006,0.000,0.003
11110,0.003,0.006,0.000,0.003
11111,0.003,0.006,0.000,0.003
11112,0.003,0.006,0.000,0.003
11113,0.003,0.006,0.000,0.003
11114,0.003,0.006,0.000,0.003
11115,0.003,0.006,0.000,0.003
11116,0.003,0.006,0.000,0.003
11117,0.003,0.006,0.000,0.003
11118,0.003,0.006,0.000,0.003
11119,0.003,0.006,0.000,0.003
11120,0.003,0.006,0.000,0.003
11121,0.003,0.006,0.000,0.003
11122,0.003,0.006,0.000,0.003
11123,0.003,0.006,0.000,0.003
11124,0.003,0.006,0.000,0.003
11125,0.003,0.006,0.000,0.003
11126,0.003,0.006,0.000,0.003
11127,0.003,0.006,0.000,0.003
11128,0.003,0.006,0.000,0.003
11129,0.003,0.006,0.000,0.003
11130,0.003,0.006,0.000,0.003
11131,0.003,0.006,0.000,0.003
11132,0.003,0.006,0.000,0.003
11133,0.003,0.006,0.000,0.003
11134,0.003,0.006,0.000,0.003
11135,0.003,0.006,0.000,0.003
11136,0.003,0.006,0.000,0.003
11137,0.003,0.006,0.000,0.003
11138,0.003,0.006,0.000,0.003
11139,0.003,0.006,0.000,0.003
11140,0.003,0.006,0.000,0.003
11141,0.003,0.006,0.000,0.003
11142,0.003,0.006,0.000,0.003
11143,0.003,0.006,0.000,0.003
11144,0.003,0.006,0.000,0.003
11145,0.003,0.006,0.000,0.003
11146,0.003,0.006,0.000,0.003
11147,0.003,0.006,0.000,0.003
11148,0.003,0.006,0.000,0.003
11149,0.003,0.006,0.000,0.003
11150,0.003,0.006,0.000,0.003
11151,0.003,0.006,0.000,0.003
11152,0.003,0.006,0.000,0.003
11153,0.003,0.006,0.000,0.003
11154,0.003,0.006,0.000,0.003
11155,0.003,0.006,0.000,0.003
11156,0.003,0.006,0.000,0.003
11157,0.003,0.006,0.000,0.003
11158,0.003,0.006,0.000,0.003
11159,0.003,0.006,0.000,0.003
11160,0.003,0.006,0.000,0.003
11161,0.003,0.006,0.000,0.003
11162,0.003,0.006,0.000,0.003
11163,0.003,0.006,0.000,0.003
11164,0.003,0.006,0.000,0.003
11165,0.003,0.006,0.000,0.003
11166,0.003,0.006,0.000,0.003
11167,0.003,0.006,0.000,0.003
11168,0.003,0.006,0.000,0.003
11169,0.003,0.006,0.000,0.003
11170,0.003,0.006,0.000,0.003
11171,0.003,0.006,0.000,0.003
11172,0.003,0.006,0.000,0.003
11173,0.003,0.006,0.000,0.003
11174,0.003,0.006,0.000,0.003
11175,0.003,0.006,0.000,0.003
11176,0.003,0.006,0.000,0.003
11177,0.003,0.006,0.000,0.003
11178,0.003,0.006,0.000,0.003
11179,0.003,0.006,0.000,0.003
11180,0.003,0.006,0.000,0.003
11181,0.003,0.006,0.000,0.003
11182,0.003,0.006,0.000,0.003
11183,0.003,0.006,0.000,0.003
11184,0.003,0.006,0.000,0.003
11185,0.003,0.006,0.000,0.003
11186,0.003,0.006,0.000,0.003
11187,0.003,0.006,0.000,0.003
11188,0.003,0.006,0.000,0.003
11189,0.003,0.006,0.000,0.003
11190,0.003,0.006,0.000,0.003
11191,0.003,0.006,0.000,0.003
11192,0.003,0.006,0.000,0.003
11193,0.003,0.006,0.000,0.003
11194,0.003,0.006,0.000,0.003
11195,0.003,0.006,0.000,0.003
11196,0.003,0.006,0.000,0.003
11197,0.003,0.006,0.000,0.003
11198,0.003,0.006,0.000,0.003
11199,0.003,0.006,0.000,0.003
11200,0.003,0.006,0.000,0.003
11201,0.003,0.006,0.000,0.003
11202,0.003,0.006,0.000,0.003
11203,0.003,0.006,0.000,0.003
11204,0.003,0.006,0.000,0.003
11205,0.003,0.006,0.000,0.003
11206,0.003,0.006,0.000,0.003
11207,0.003,0.006,0.000,0.003
11208,0.003,0.006,0.000,0.003
11209,0.003,0.006,0.000,0.003
11210,0.003,0.006,0.000,0.003
11211,0.003,0.006,0.000,0.003
11212,0.003,0.006,0.000,0.003
11213,0.003,0.006,0.000,0.003
11214,0.003,0.006,0.000,0.003
11215,0.003,0.006,0.000,0.003
11216,0.003,0.006,0.000,0.003
11217,0.003,0.006,0.000,0.003
11218,0.003,0.006,0.000,0.003
11219,0.003,0.006,0.000,0.003
11220,0.003,0.006,0.000,0.003
11221,0.003,0.006,0.000,0.003
11222,0.003,0.006,0.000,0.003
11223,0.003,0.006,0.000,0.003
11224,0.003,0.006,0.000,0.003
11225,0.003,0.006,0.000,0.003
11226,0.003,0.006,0.000,0.003
11227,0.003,0.006,0.000,0.003
11228,0.003,0.006,0.000,0.003
11229,0.003,0.006,0.000,0.003
11230,0.003,0.006,0.000,0.003
11231,0.003,0.006,0.000,0.003
11232,0.003,0.006,0.000,0.003
11233,0.003,0.006,0.000,0.003
11234,0.003,0.006,0.000,0.003
11235,0.003,0.006,0.000,0.003
11236,0.003,0.006,0.000,0.003
11237,0.003,0.006,0.000,0.003
11238,0.003,0.006,0.000,0.003
11239,0.003,0.006,0.000,0.003
11240,0.003,0.006,0.000,0.003
11241,0.003,0.006,0.000,0.003
11242,0.003,0.006,0.000,0.003
11243,0.003,0.006,0.000,0.003
11244,0.003,0.006,0.000,0.003
11245,0.003,0.006,0.000,0.003
11246,0.003,0.006,0.000,0.003
11247,0.003,0.006,0.000,0.003
11248,0.003,0.006,0.000,0.003
11249,0.003,0.006,0.000,0.003
11250,0.003,0.006,0.000,0.003
11251,0.003,0.006,0.000,0.003
11252,0.003,0.006,0.000,0.003
11253,0.003,0.006,0.000,0.003
11254,0.003,0.006,0.000,0.003
11255,0.003,0.006,0.000,0.003
11256,0.003,0.006,0.000,0.003
11257,0.003,0.006,0.000,0.003
11258,0.003,0.006,0.000,0.003
11259,0.003,0.006,0.000,0.003
11260,0.003,0.006,0.000,0.003
11261,0.003,0.006,0.000,0.003
11262,0.003,0.006,0.000,0.003
11263,0.003,0.006,0.000,0.003
11264,0.003,0.006,0.000,0.003
11265,0.003,0.006,0.000,0.003
11266,0.003,0.006,0.000,0.003
11267,0.003,0.006,0.000,0.003
11268,0.003,0.006,0.000,0.003
11269,0.003,0.006,0.000,0.003
11270,0.003,0.006,0.000,0.003
11271,0.003,0.006,0.000,0.003
11272,0.003,0.006,0.000,0.003
11273,0.003,0.006,0.000,0.003
11274,0.003,0.006,0.000,0.003
11275,0.003,0.006,0.000,0.003
11276,0.003,0.006,0.000,0.003
11277,0.003,0.006,0.000,0.003
11278,0.003,0.006,0.000,0.003
11279,0.003,0.006,0.000,0.003
11280,0.003,0.006,0.000,0.003
11281,0.003,0.006,0.000,0.003
11282,0.003,0.006,0.000,0.003
11283,0.003,0.006,0.000,0.003
11284,0.003,0.006,0.000,0.003
11285,0.003,0.006,0.000,0.003
11286,0.003,0.006,0.000,0.003
11287,0.003,0.006,0.000,0.003
11288,0.003,0.006,0.000,0.003
11289,0.003,0.006,0.000,0.003
11290,0.003,0.006,0.000,0.003
11291,0.003,0.006,0.000,0.003
11292,0.003,0.006,0.000,0.003
11293,0.003,0.006,0.000,0.003
11294,0.003,0.006,0.000,0.003
11295,0.003,0.006,0.000,0.003
11296,0.003,0.006,0.000,0.003
11297,0.003,0.006,0.000,0.003
11298,0.003,0.006,0.000,0.003
11299,0.003,0.006,0.000,0.003
11300,0.003,0.006,0.000,0.003
11301,0.003,0.006,0.000,0.003
11302,0.003,0.006,0.000,0.003
11303,0.003,0.006,0.000,0.003
11304,0.003,0.006,0.000,0.003
11305,0.003,0.006,0.000,0.003
11306,0.003,0.006,0.000,0.003
11307,0.003,0.006,0.000,0.003
11308,0.003,0.006,0.000,0.003
11309,0.003,0.006,0.000,0.003
11310,0.003,0.006,0.000,0.003
11311,0.003,0.006,0.000,0.003
11312,0.003,0.006,0.000,0.003
11313,0.003,0.006,0.000,0.003
11314,0.003,0.006,0.000,0.003
11315,0.003,0.006,0.000,0.003
11316,0.003,0.006,0.000,0.003
11317,0.003,0.006,0.000,0.003
11318,0.003,0.006,0.000,0.003
11319,0.003,0.006,0.000,0.003
11320,0.003,0.006,0.000,0.003
11321,0.003,0.006,0.000,0.003
11322,0.003,0.006,0.000,0.003
11323,0.003,0.006,0.000,0.003
11324,0.003,0.006,0.000,0.003
11325,0.003,0.006,0.000,0.003
11326,0.003,0.006,0.000,0.003
11327,0.003,0.006,0.000,0.003
11328,0.003,0.006,0.000,0.003
11329,0.003,0.006,0.000,0.003
11330,0.003,0.006,0.000,0.003
11331,0.003,0.006,0.000,0.003
11332,0.003,0.006,0.000,0.003
11333,0.003,0.006,0.000,0.003
11334,0.003,0.006,0.000,0.003
11335,0.003,0.006,0.000,0.003
11336,0.003,0.006,0.000,0.003
11337,0.003,0.006,0.000,0.003
11338,0.003,0.006,0.000,0.003
11339,0.003,0.006,0.000,0.003
11340,0.003,0.006,0.000,0.003
11341,0.003,0.006,0.000,0.003
11342,0.003,0.006,0.000,0.003
11343,0.003,0.006,0.000,0.003
11344,0.003,0.006,0.000,0.003
11345,0.003,0.006,0.000,0.003
11346,0.003,0.006,0.000,0.003
11347,0.003,0.006,0.000,0.003
11348,0.003,0.006,0.000,0.003
11349,0.003,0.006,0.000,0.003
11350,0.003,0.006,0.000,0.003
11351,0.003,0.006,0.000,0.003
11352,0.003,0.006,0.000,0.003
11353,0.003,0.006,0.000,0.003
11354,0.003,0.006,0.000,0.003
11355,0.003,0.006,0.000,0.003
11356,0.003,0.006,0.000,0.003
11357,0.003,0.006,0.000,0.003
11358,0.003,0.006,0.000,0.003
11359,0.003,0.006,0.000,0.003
11360,0.003,0.006,0.000,0.003
11361,0.003,0.006,0.000,0.003
11362,0.003,0.006,0.000,0.003
11363,0.003,0.006,0.000,0.003
11364,0.003,0.006,0.000,0.003
11365,0.003,0.006,0.000,0.003
11366,0.003,0.006,0.000,0.003
11367,0.003,0.006,0.000,0.003
11368,0.003,0.006,0.000,0.003
11369,0.003,0.006,0.000,0.003
11370,0.003,0.006,0.000,0.003
11371,0.003,0.006,0.000,0.003
11372,0.003,0.006,0.000,0.003
11373,0.003,0.006,0.000,0.003
11374,0.003,0.006,0.000,0.003
11375,0.003,0.006,0.000,0.003
11376,0.003,0.006,0.000,0.003
11377,0.003,0.006,0.000,0.003
11378,0.003,0.006,0.000,0.003
11379,0.003,0.006,0.000,0.003
11380,0.003,0.006,0.000,0.003
11381,0.003,0.006,0.000,0.003
11382,0.003,0.006,0.000,0.003
11383,0.003,0.006,0.000,0.003
11384,0.003,0.006,0.000,0.003
11385,0.003,0.006,0.000,0.003
11386,0.003,0.006,0.000,0.003
11387,0.003,0.006,0.000,0.003
11388,0.003,0.006,0.000,0.003
11389,0.003,0.006,0.000,0.003
11390,0.003,0.006,0.000,0.003
11391,0.003,0.006,0.000,0.003
11392,0.003,0.006,0.000,0.003
11393,0.003,0.006,0.000,0.003
11394,0.003,0.006,0.000,0.003
11395,0.003,0.006,0.000,0.003
11396,0.003,0.006,0.000,0.003
11397,0.003,0.006,0.000,0.003
11398,0.003,0.006,0.000,0.003
11399,0.003,0.006,0.000,0.003
11400,0.003,0.006,0.000,0.003
11401,0.003,0.006,0.000,0.003
11402,0.003,0.006,0.000,0.003
11403,0.003,0.006,0.000,0.003
11404,0.003,0.006,0.000,0.003
11405,0.003,0.006,0.000,0.003
11406,0.003,0.006,0.000,0.003
11407,0.003,0.006,0.000,0.003
11408,0.003,0.006,0.000,0.003
11409,0.003,0.006,0.000,0.003
11410,0.003,0.006,0.000,0.003
11411,0.003,0.006,0.000,0.003
11412,0.003,0.006,0.000,0.003
11413,0.003,0.006,0.000,0.003
11414,0.003,0.006,0.000,0.003
11415,0.003,0.006,0.000,0.003
11416,0.003,0.006,0.000,0.003
11417,0.003,0.006,0.000,0.003
11418,0.003,0.006,0.000,0.003
11419,0.003,0.006,0.000,0.003
11420,0.003,0.006,0.000,0.003
11421,0.003,0.006,0.000,0.003
11422,0.003,0.006,0.000,0.003
11423,0.003,0.006,0.000,0.003
11424,0.003,0.006,0.000,0.003
11425,0.003,0.006,0.000,0.003
11426,0.003,0.006,0.000,0.003
11427,0.003,0.006,0.000,0.003
11428,0.003,0.006,0.000,0.003
11429,0.003,0.006,0.000,0.003
11430,0.003,0.006,0.000,0.003
11431,0.003,0.006,0.000,0.003
11432,0.003,0.006,0.000,0.003
11433,0.003,0.006,0.000,0.003
11434,0.003,0.006,0.000,0.003
11435,0.003,0.006,0.000,0.003
11436,0.003,0.006,0.000,0.003
11437,0.003,0.006,0.000,0.003
11438,0.003,0.006,0.000,0.003
11439,0.003,0.006,0.000,0.003
11440,0.003,0.006,0.000,0.003
11441,0.003,0.006,0.000,0.003
11442,0.003,0.006,0.000,0.003
11443,0.003,0.006,0.000,0.003
11444,0.003,0.006,0.000,0.003
11445,0.003,0.006,0.000,0.003
11446,0.003,0.006,0.000,0.003
11447,0.003,0.006,0.000,0.003
11448,0.003,0.006,0.000,0.003
11449,0.003,0.006,0.000,0.003
11450,0.003,0.006,0.000,0.003
11451,0.003,0.006,0.000,0.003
11452,0.003,0.006,0.000,0.003
11453,0.003,0.006,0.000,0.003
11454,0.003,0.006,0.000,0.003
11455,0.003,0.006,0.000,0.003
11456,0.003,0.006,0.000,0.003
11457,0.003,0.006,0.000,0.003
11458,0.003,0.006,0.000,0.003
11459,0.003,0.006,0.000,0.003
11460,0.003,0.006,0.000,0.003
11461,0.003,0.006,0.000,0.003
11462,0.003,0.006,0.000,0.003
11463,0.003,0.006,0.000,0.003
11464,0.003,0.006,0.000,0.003
11465,0.003,0.006,0.000,0.003
11466,0.003,0.006,0.000,0.003
11467,0.003,0.006,0.000,0.003
11468,0.003,0.006,0.000,0.003
11469,0.003,0.006,0.000,0.003
11470,0.003,0.006,0.000,0.003
11471,0.003,0.006,0.000,0.003
11472,0.003,0.006,0.000,0.003
11473,0.003,0.006,0.000,0.003
11474,0.003,0.006,0.000,0.003
11475,0.003,0.006,0.000,0.003
11476,0.003,0.006,0.000,0.003
11477,0.003,0.006,0.000,0.003
11478,0.003,0.006,0.000,0.003
11479,0.003,0.006,0.000,0.003
11480,0.003,0.006,0.000,0.003
11481,0.003,0.006,0.000,0.003
11482,0.003,0.006,0.000,0.003
11483,0.003,0.006,0.000,0.003
11484,0.003,0.006,0.000,0.003
11485,0.003,0.006,0.000,0.003
11486,0.003,0.006,0.000,0.003
11487,0.003,0.006,0.000,0.003
11488,0.003,0.006,0.000,0.003
11489,0.003,0.006,0.000,0.003
11490,0.003,0.006,0.000,0.003
11491,0.003,0.006,0.000,0.003
11492,0.003,0.006,0.000,0.003
11493,0.003,0.006,0.000,0.003
11494,0.003,0.006,0.000,0.003
11495,0.003,0.006,0.000,0.003
11496,0.003,0.006,0.000,0.003
11497,0.003,0.006,0.000,0.003
11498,0.003,0.006,0.000,0.003
11499,0.003,0.006,0.000,0.003
11500,0.003,0.006,0.000,0.003
11501,0.003,0.006,0.000,0.003
11502,0.003,0.006,0.000,0.003
11503,0.003,0.006,0.000,0.003
11504,0.003,0.006,0.000,0.003
11505,0.003,0.006,0.000,0.003
11506,0.003,0.006,0.000,0.003
11507,0.003,0.006,0.000,0.003
11508,0.003,0.006,0.000,0.003
11509,0.003,0.006,0.000,0.003
11510,0.003,0.006,0.000,0.003
11511,0.003,0.006,0.000,0.003
11512,0.003,0.006,0.000,0.003
11513,0.003,0.006,0.000,0.003
11514,0.003,0.006,0.000,0.003
11515,0.003,0.006,0.000,0.003
11516,0.003,0.006,0.000,0.003
11517,0.003,0.006,0.000,0.003
11518,0.003,0.006,0.000,0.003
11519,0.003,0.006,0.000,0.003
11520,0.003,0.006,0.000,0.003
11521,0.003,0.006,0.000,0.003
11522,0.003,0.006,0.000,0.003
11523,0.003,0.006,0.000,0.003
11524,0.003,0.006,0.000,0.003
11525,0.003,0.006,0.000,0.003
11526,0.003,0.006,0.000,0.003
11527,0.003,0.006,0.000,0.003
11528,0.003,0.006,0.000,0.003
11529,0.003,0.006,0.000,0.003
11530,0.003,0.006,0.000,0.003
11531,0.003,0.006,0.000,0.003
11532,0.003,0.006,0.000,0.003
11533,0.003,0.006,0.000,0.003
11534,0.003,0.006,0.000,0.003
11535,0.003,0.006,0.000,0.003
11536,0.003,0.006,0.000,0.003
11537,0.003,0.006,0.000,0.003
11538,0.003,0.006,0.000,0.003
11539,0.003,0.006,0.000,0.003
11540,0.003,0.006,0.000,0.003
11541,0.003,0.006,0.000,0.003
11542,0.003,0.006,0.000,0.003
11543,0.003,0.006,0.000,0.003
11544,0.003,0.006,0.000,0.003
11545,0.003,0.006,0.000,0.003
11546,0.003,0.006,0.000,0.003
11547,0.003,0.006,0.000,0.003
11548,0.003,0.006,0.000,0.003
11549,0.003,0.006,0.000,0.003
11550,0.003,0.006,0.000,0.003
11551,0.003,0.006,0.000,0.003
11552,0.003,0.006,0.000,0.003
11553,0.003,0.006,0.000,0.003
11554,0.003,0.006,0.000,0.003
11555,0.003,0.006,0.000,0.003
11556,0.003,0.006,0.000,0.003
11557,0.003,0.006,0.000,0.003
11558,0.003,0.006,0.000,0.003
11559,0.003,0.006,0.000,0.003
11560,0.003,0.006,0.000,0.003
11561,0.003,0.006,0.000,0.003
11562,0.003,0.006,0.000,0.003
11563,0.003,0.006,0.000,0.003
11564,0.003,0.006,0.000,0.003
11565,0.003,0.006,0.000,0.003
11566,0.003,0.006,0.000,0.003
11567,0.003,0.006,0.000,0.003
11568,0.003,0.006,0.000,0.003
11569,0.003,0.006,0.000,0.003
11570,0.003,0.006,0.000,0.003
11571,0.003,0.006,0.000,0.003
11572,0.003,0.006,0.000,0.003
11573,0.003,0.006,0.000,0.003
11574,0.003,0.006,0.000,0.003
11575,0.003,0.006,0.000,0.003
11576,0.003,0.006,0.000,0.003
11577,0.003,0.006,0.000,0.003
11578,0.003,0.006,0.000,0.003
11579,0.003,0.006,0.000,0.003
11580,0.003,0.006,0.000,0.003
11581,0.003,0.006,0.000,0.003
11582,0.003,0.006,0.000,0.003
11583,0.003,0.006,0.000,0.003
11584,0.003,0.006,0.000,0.003
11585,0.003,0.006,0.000,0.003
11586,0.003,0.006,0.000,0.003
11587,0.003,0.006,0.000,0.003
11588,0.003,0.006,0.000,0.003
11589,0.003,0.006,0.000,0.003
11590,0.003,0.006,0.000,0.003
11591,0.003,0.006,0.000,0.003
11592,0.003,0.006,0.000,0.003
11593,0.003,0.006,0.000,0.003
11594,0.003,0.006,0.000,0.003
11595,0.003,0.006,0.000,0.003
11596,0.003,0.006,0.000,0.003
11597,0.003,0.006,0.000,0.003
11598,0.003,0.006,0.000,0.003
11599,0.003,0.006,0.000,0.003
11600,0.003,0.006,0.000,0.003
11601,0.003,0.006,0.000,0.003
11602,0.003,0.006,0.000,0.003
11603,0.003,0.006,0.000,0.003
11604,0.003,0.006,0.000,0.003
11605,0.003,0.006,0.000,0.003
11606,0.003,0.006,0.000,0.003
11607,0.003,0.006,0.000,0.003
11608,0.003,0.006,0.000,0.003
11609,0.003,0.006,0.000,0.003
11610,0.003,0.006,0.000,0.003
11611,0.003,0.006,0.000,0.003
11612,0.003,0.006,0.000,0.003
11613,0.003,0.006,0.000,0.003
11614,0.003,0.006,0.000,0.003
11615,0.003,0.006,0.000,0.003
11616,0.003,0.006,0.000,0.003
11617,0.003,0.006,0.000,0.003
11618,0.003,0.006,0.000,0.003
11619,0.003,0.006,0.000,0.003
11620,0.003,0.006,0.000,0.003
11621,0.003,0.006,0.000,0.003
11622,0.003,0.006,0.000,0.003
11623,0.003,0.006,0.000,0.003
11624,0.003,0.006,0.000,0.003
11625,0.003,0.006,0.000,0.003
11626,0.003,0.006,0.000,0.003
11627,0.003,0.006,0.000,0.003
11628,0.003,0.006,0.000,0.003
11629,0.003,0.006,0.000,0.003
11630,0.003,0.006,0.000,0.003
11631,0.003,0.006,0.000,0.003
11632,0.003,0.006,0.000,0.003
11633,0.003,0.006,0.000,0.003
11634,0.003,0.006,0.000,0.003
11635,0.003,0.006,0.000,0.003
11636,0.003,0.006,0.000,0.003
11637,0.003,0.006,0.000,0.003
11638,0.003,0.006,0.000,0.003
11639,0.003,0.006,0.000,0.003
11640,0.003,0.006,0.000,0.003
11641,0.003,0.006,0.000,0.003
11642,0.003,0.006,0.000,0.003
11643,0.003,0.006,0.000,0.003
11644,0.003,0.006,0.000,0.003
11645,0.003,0.006,0.000,0.003
11646,0.003,0.006,0.000,0.003
11647,0.003,0.006,0.000,0.003
11648,0.003,0.006,0.000,0.003
11649,0.003,0.006,0.000,0.003
11650,0.003,0.006,0.000,0.003
11651,0.003,0.006,0.000,0.003
11652,0.003,0.006,0.000,0.003
11653,0.003,0.006,0.000,0.003
11654,0.003,0.006,0.000,0.003
11655,0.003,0.006,0.000,0.003
11656,0.003,0.006,0.000,0.003
11657,0.003,0.006,0.000,0.003
11658,0.003,0.006,0.000,0.003
11659,0.003,0.006,0.000,0.003
11660,0.003,0.006,0.000,0.003
11661,0.003,0.006,0.000,0.003
11662,0.003,0.006,0.000,0.003
11663,0.003,0.006,0.000,0.003
11664,0.003,0.006,0.000,0.003
11665,0.003,0.006,0.000,0.003
11666,0.003,0.006,0.000,0.003
11667,0.003,0.006,0.000,0.003
11668,0.003,0.006,0.000,0.003
11669,0.003,0.006,0.000,0.003
11670,0.003,0.006,0.000,0.003
11671,0.003,0.006,0.000,0.003
11672,0.003,0.006,0.000,0.003
11673,0.003,0.006,0.000,0.003
11674,0.003,0.006,0.000,0.003
11675,0.003,0.006,0.000,0.003
11676,0.003,0.006,0.000,0.003
11677,0.003,0.006,0.000,0.003
11678,0.003,0.006,0.000,0.003
11679,0.003,0.006,0.000,0.003
11680,0.003,0.006,0.000,0.003
11681,0.003,0.006,0.000,0.003
11682,0.003,0.006,0.000,0.003
11683,0.003,0.006,0.000,0.003
11684,0.003,0.006,0.000,0.003
11685,0.003,0.006,0.000,0.003
11686,0.003,0.006,0.000,0.003
11687,0.003,0.006,0.000,0.003
11688,0.003,0.006,0.000,0.003
11689,0.003,0.006,0.000,0.003
11690,0.003,0.006,0.000,0.003
11691,0.003,0.006,0.000,0.003
11692,0.003,0.006,0.000,0.003
11693,0.003,0.006,0.000,0.003
11694,0.003,0.006,0.000,0.003
11695,0.003,0.006,0.000,0.003
11696,0.003,0.006,0.000,0.003
11697,0.003,0.006,0.000,0.003
11698,0.003,0.006,0.000,0.003
11699,0.003,0.006,0.000,0.003
11700,0.003,0.006,0.000,0.003
11701,0.003,0.006,0.000,0.003
11702,0.003,0.006,0.000,0.003
11703,0.003,0.006,0.000,0.003
11704,0.003,0.006,0.000,0.003
11705,0.003,0.006,0.000,0.003
11706,0.003,0.006,0.000,0.003
11707,0.003,0.006,0.000,0.003
11708,0.003,0.006,0.000,0.003
11709,0.003,0.006,0.000,0.003
11710,0.003,0.006,0.000,0.003
11711,0.003,0.006,0.000,0.003
11712,0.003,0.006,0.000,0.003
11713,0.003,0.006,0.000,0.003
11714,0.003,0.006,0.000,0.003
11715,0.003,0.006,0.000,0.003
11716,0.003,0.006,0.000,0.003
11717,0.003,0.006,0.000,0.003
11718,0.003,0.006,0.000,0.003
11719,0.003,0.006,0.000,0.003
11720,0.003,0.006,0.000,0.003
11721,0.003,0.006,0.000,0.003
11722,0.003,0.006,0.000,0.003
11723,0.003,0.006,0.000,0.003
11724,0.003,0.006,0.000,0.003
11725,0.003,0.006,0.000,0.003
11726,0.003,0.006,0.000,0.003
11727,0.003,0.006,0.000,0.003
11728,0.003,0.006,0.000,0.003
11729,0.003,0.006,0.000,0.003
11730,0.003,0.006,0.000,0.003
11731,0.003,0.006,0.000,0.003
11732,0.003,0.006,0.000,0.003
11733,0.003,0.006,0.000,0.003
11734,0.003,0.006,0.000,0.003
11735,0.003,0.006,0.000,0.003
11736,0.003,0.006,0.000,0.003
11737,0.003,0.006,0.000,0.003
11738,0.003,0.006,0.000,0.003
11739,0.003,0.006,0.000,0.003
11740,0.003,0.006,0.000,0.003
11741,0.003,0.006,0.000,0.003
11742,0.003,0.006,0.000,0.003
11743,0.003,0.006,0.000,0.003
11744,0.003,0.006,0.000,0.003
11745,0.003,0.006,0.000,0.003
11746,0.003,0.006,0.000,0.003
11747,0.003,0.006,0.000,0.003
11748,0.003,0.006,0.000,0.003
11749,0.003,0.006,0.000,0.003
11750,0.003,0.006,0.000,0.003
11751,0.003,0.006,0.000,0.003
11752,0.003,0.006,0.000,0.003
11753,0.003,0.006,0.000,0.003
11754,0.003,0.006,0.000,0.003
11755,0.003,0.006,0.000,0.003
11756,0.003,0.006,0.000,0.003
11757,0.003,0.006,0.000,0.003
11758,0.003,0.006,0.000,0.003
11759,0.003,0.006,0.000,0.003
11760,0.003,0.006,0.000,0.003
11761,0.003,0.006,0.000,0.003
11762,0.003,0.006,0.000,0.003
11763,0.003,0.006,0.000,0.003
11764,0.003,0.006,0.000,0.003
11765,0.003,0.006,0.000,0.003
11766,0.003,0.006,0.000,0.003
11767,0.003,0.006,0.000,0.003
11768,0.003,0.006,0.000,0.003
11769,0.003,0.006,0.000,0.003
11770,0.003,0.006,0.000,0.003
11771,0.003,0.006,0.000,0.003
11772,0.003,0.006,0.000,0.003
11773,0.003,0.006,0.000,0.003
11774,0.003,0.006,0.000,0.003
11775,0.003,0.006,0.000,0.003
11776,0.003,0.006,0.000,0.003
11777,0.003,0.006,0.000,0.003
11778,0.003,0.006,0.000,0.003
11779,0.003,0.006,0.000,0.003
11780,0.003,0.006,0.000,0.003
11781,0.003,0.006,0.000,0.003
11782,0.003,0.006,0.000,0.003
11783,0.003,0.006,0.000,0.003
11784,0.003,0.006,0.000,0.003
11785,0.003,0.006,0.000,0.003
11786,0.003,0.006,0.000,0.003
11787,0.003,0.006,0.000,0.003
11788,0.003,0.006,0.000,0.003
11789,0.003,0.006,0.000,0.003
11790,0.003,0.006,0.000,0.003
11791,0.003,0.006,0.000,0.003
11792,0.003,0.006,0.000,0.003
11793,0.003,0.006,0.000,0.003
11794,0.003,0.006,0.000,0.003
11795,0.003,0.006,0.000,0.003
11796,0.003,0.006,0.000,0.003
11797,0.003,0.006,0.000,0.003
11798,0.003,0.006,0.000,0.003
11799,0.003,0.006,0.000,0.003
11800,0.003,0.006,0.000,0.003
11801,0.003,0.006,0.000,0.003
11802,0.003,0.006,0.000,0.003
11803,0.003,0.006,0.000,0.003
11804,0.003,0.006,0.000,0.003
11805,0.003,0.006,0.000,0.003
11806,0.003,0.006,0.000,0.003
11807,0.003,0.006,0.000,0.003
11808,0.003,0.006,0.000,0.003
11809,0.003,0.006,0.000,0.003
11810,0.003,0.006,0.000,0.003
11811,0.003,0.006,0.000,0.003
11812,0.003,0.006,0.000,0.003
11813,0.003,0.006,0.000,0.003
11814,0.003,0.006,0.000,0.003
11815,0.003,0.006,0.000,0.003
11816,0.003,0.006,0.000,0.003
11817,0.003,0.006,0.000,0.003
11818,0.003,0.006,0.000,0.003
11819,0.003,0.006,0.000,0.003
11820,0.003,0.006,0.000,0.003
11821,0.003,0.006,0.000,0.003
11822,0.003,0.006,0.000,0.003
11823,0.003,0.006,0.000,0.003
11824,0.003,0.006,0.000,0.003
11825,0.003,0.006,0.000,0.003
11826,0.003,0.006,0.000,0.003
11827,0.003,0.006,0.000,0.003
11828,0.003,0.006,0.000,0.003
11829,0.003,0.006,0.000,0.003
11830,0.003,0.006,0.000,0.003
11831,0.003,0.006,0.000,0.003
11832,0.003,0.006,0.000,0.003
11833,0.003,0.006,0.000,0.003
11834,0.003,0.006,0.000,0.003
11835,0.003,0.006,0.000,0.003
11836,0.003,0.006,0.000,0.003
11837,0.003,0.006,0.000,0.003
11838,0.003,0.006,0.000,0.003
11839,0.003,0.006,0.000,0.003
11840,0.003,0.006,0.000,0.003
11841,0.003,0.006,0.000,0.003
11842,0.003,0.006,0.000,0.003
11843,0.003,0.006,0.000,0.003
11844,0.003,0.006,0.000,0.003
11845,0.003,0.006,0.000,0.003
11846,0.003,0.006,0.000,0.003
11847,0.003,0.006,0.000,0.003
11848,0.003,0.006,0.000,0.003
11849,0.003,0.006,0.000,0.003
11850,0.003,0.006,0.000,0.003
11851,0.003,0.006,0.000,0.003
11852,0.003,0.006,0.000,0.003
11853,0.003,0.006,0.000,0.003
11854,0.003,0.006,0.000,0.003
11855,0.003,0.006,0.000,0.003
11856,0.003,0.006,0.000,0.003
11857,0.003,0.006,0.000,0.003
11858,0.003,0.006,0.000,0.003
11859,0.003,0.006,0.000,0.003
11860,0.003,0.006,0.000,0.003
11861,0.003,0.006,0.000,0.003
11862,0.003,0.006,0.000,0.003
11863,0.003,0.006,0.000,0.003
11864,0.003,0.006,0.000,0.003
11865,0.003,0.006,0.000,0.003
11866,0.003,0.006,0.000,0.003
11867,0.003,0.006,0.000,0.003
11868,0.003,0.006,0.000,0.003
11869,0.003,0.006,0.000,0.003
11870,0.003,0.006,0.000,0.003
11871,0.003,0.006,0.000,0.003
11872,0.003,0.006,0.000,0.003
11873,0.003,0.006,0.000,0.003
11874,0.003,0.006,0.000,0.003
11875,0.003,0.006,0.000,0.003
11876,0.003,0.006,0.000,0.003
11877,0.003,0.006,0.000,0.003
11878,0.003,0.006,0.000,0.003
11879,0.003,0.006,0.000,0.003
11880,0.003,0.006,0.000,0.003
11881,0.003,0.006,0.000,0.003
11882,0.003,0.006,0.000,0.003
11883,0.003,0.006,0.000,0.003
11884,0.003,0.006,0.000,0.003
11885,0.003,0.006,0.000,0.003
11886,0.003,0.006,0.000,0.003
11887,0.003,0.006,0.000,0.003
11888,0.003,0.006,0.000,0.003
11889,0.003,0.006,0.000,0.003
11890,0.003,0.006,0.000,0.003
11891,0.003,0.006,0.000,0.003
11892,0.003,0.006,0.000,0.003
11893,0.003,0.006,0.000,0.003
11894,0.003,0.006,0.000,0.003
11895,0.003,0.006,0.000,0.003
11896,0.003,0.006,0.000,0.003
11897,0.003,0.006,0.000,0.003
11898,0.003,0.006,0.000,0.003
11899,0.003,0.006,0.000,0.003
11900,0.003,0.006,0.000,0.003
11901,0.003,0.006,0.000,0.003
11902,0.003,0.006,0.000,0.003
11903,0.003,0.006,0.000,0.003
11904,0.003,0.006,0.000,0.003
11905,0.003,0.006,0.000,0.003
11906,0.003,0.006,0.000,0.003
11907,0.003,0.006,0.000,0.003
11908,0.003,0.006,0.000,0.003
11909,0.003,0.006,0.000,0.003
11910,0.003,0.006,0.000,0.003
11911,0.003,0.006,0.000,0.003
11912,0.003,0.006,0.000,0.003
11913,0.003,0.006,0.000,0.003
11914,0.003,0.006,0.000,0.003
11915,0.003,0.006,0.000,0.003
11916,0.003,0.006,0.000,0.003
11917,0.003,0.006,0.000,0.003
11918,0.003,0.006,0.000,0.003
11919,0.003,0.006,0.000,0.003
11920,0.003,0.006,0.000,0.003
11921,0.003,0.006,0.000,0.003
11922,0.003,0.006,0.000,0.003
11923,0.003,0.006,0.000,0.003
11924,0.003,0.006,0.000,0.003
11925,0.003,0.006,0.000,0.003
11926,0.003,0.006,0.000,0.003
11927,0.003,0.006,0.000,0.003
11928,0.003,0.006,0.000,0.003
11929,0.003,0.006,0.000,0.003
11930,0.003,0.006,0.000,0.003
11931,0.003,0.006,0.000,0.003
11932,0.003,0.006,0.000,0.003
11933,0.003,0.006,0.000,0.003
11934,0.003,0.006,0.000,0.003
11935,0.003,0.006,0.000,0.003
11936,0.003,0.006,0.000,0.003
11937,0.003,0.006,0.000,0.003
11938,0.003,0.006,0.000,0.003
11939,0.003,0.006,0.000,0.003
11940,0.003,0.006,0.000,0.003
11941,0.003,0.006,0.000,0.003
11942,0.003,0.006,0.000,0.003
11943,0.003,0.006,0.000,0.003
11944,0.003,0.006,0.000,0.003
11945,0.003,0.006,0.000,0.003
11946,0.003,0.006,0.000,0.003
11947,0.003,0.006,0.000,0.003
11948,0.003,0.006,0.000,0.003
11949,0.003,0.006,0.000,0.003
11950,0.003,0.006,0.000,0.003
11951,0.003,0.006,0.000,0.003
11952,0.003,0.006,0.000,0.003
11953,0.003,0.006,0.000,0.003
11954,0.003,0.006,0.000,0.003
11955,0.003,0.006,0.000,0.003
11956,0.003,0.006,0.000,0.003
11957,0.003,0.006,0.000,0.003
11958,0.003,0.006,0.000,0.003
11959,0.003,0.006,0.000,0.003
11960,0.003,0.006,0.000,0.003
11961,0.003,0.006,0.000,0.003
11962,0.003,0.006,0.000,0.003
11963,0.003,0.006,0.000,0.003
11964,0.003,0.006,0.000,0.003
11965,0.003,0.006,0.000,0.003
11966,0.003,0.006,0.000,0.003
11967,0.003,0.006,0.000,0.003
11968,0.003,0.006,0.000,0.003
11969,0.003,0.006,0.000,0.003
11970,0.003,0.006,0.000,0.003
11971,0.003,0.006,0.000,0.003
11972,0.003,0.006,0.000,0.003
11973,0.003,0.006,0.000,0.003
11974,0.003,0.006,0.000,0.003
11975,0.003,0.006,0.000,0.003
11976,0.003,0.006,0.000,0.003
11977,0.003,0.006,0.000,0.003
11978,0.003,0.006,0.000,0.003
11979,0.003,0.006,0.000,0.003
11980,0.003,0.006,0.000,0.003
11981,0.003,0.006,0.000,0.003
11982,0.003,0.006,0.000,0.003
11983,0.003,0.006,0.000,0.003
11984,0.003,0.006,0.000,0.003
11985,0.003,0.006,0.000,0.003
11986,0.003,0.006,0.000,0.003
11987,0.003,0.006,0.000,0.003
11988,0.003,0.006,0.000,0.003
11989,0.003,0.006,0.000,0.003
11990,0.003,0.006,0.000,0.003
11991,0.003,0.006,0.000,0.003
11992,0.003,0.006,0.000,0.003
11993,0.003,0.006,0.000,0.003
11994,0.003,0.006,0.000,0.003
11995,0.003,0.006,0.000,0.003
11996,0.003,0.006,0.000,0.003
11997,0.003,0.006,0.000,0.003
11998,0.003,0.006,0.000,0.003
11999,0.003,0.006,0.000,0.003
12000,0.003,0.006,0.000,0.003
12001,0.003,0.006,0.000,0.003
12002,0.003,0.006,0.000,0.003
12003,0.003,0.006,0.000,0.003
12004,0.003,0.006,0.000,0.003
12005,0.003,0.006,0.000,0.003
12006,0.003,0.006,0.000,0.003
12007,0.003,0.006,0.000,0.003
12008,0.003,0.006,0.000,0.003
12009,0.003,0.006,0.000,0.003
12010,0.003,0.006,0.000,0.003
12011,0.003,0.006,0.000,0.003
12012,0.003,0.006,0.000,0.003
12013,0.003,0.006,0.000,0.003
12014,0.003,0.006,0.000,0.003
12015,0.003,0.006,0.000,0.003
12016,0.003,0.006,0.000,0.003
12017,0.003,0.006,0.000,0.003
12018,0.003,0.006,0.000,0.003
12019,0.003,0.006,0.000,0.003
12020,0.003,0.006,0.000,0.003
12021,0.003,0.006,0.000,0.003
12022,0.003,0.006,0.000,0.003
12023,0.003,0.006,0.000,0.003
12024,0.003,0.006,0.000,0.003
12025,0.003,0.006,0.000,0.003
12026,0.003,0.006,0.000,0.003
12027,0.003,0.006,0.000,0.003
12028,0.003,0.006,0.000,0.003
12029,0.003,0.006,0.000,0.003
12030,0.003,0.006,0.000,0.003
12031,0.003,0.006,0.000,0.003
12032,0.003,0.006,0.000,0.003
12033,0.003,0.006,0.000,0.003
12034,0.003,0.006,0.000,0.003
12035,0.003,0.006,0.000,0.003
12036,0.003,0.006,0.000,0.003
12037,0.003,0.006,0.000,0.003
12038,0.003,0.006,0.000,0.003
12039,0.003,0.006,0.000,0.003
12040,0.003,0.006,0.000,0.003
12041,0.003,0.006,0.000,0.003
12042,0.003,0.006,0.000,0.003
12043,0.003,0.006,0.000,0.003
12044,0.003,0.006,0.000,0.003
12045,0.003,0.006,0.000,0.003
12046,0.003,0.006,0.000,0.003
12047,0.003,0.006,0.000,0.003
12048,0.003,0.006,0.000,0.003
12049,0.003,0.006,0.000,0.003
12050,0.003,0.006,0.000,0.003
12051,0.003,0.006,0.000,0.003
12052,0.003,0.006,0.000,0.003
12053,0.003,0.006,0.000,0.003
12054,0.003,0.006,0.000,0.003
12055,0.003,0.006,0.000,0.003
12056,0.003,0.006,0.000,0.003
12057,0.003,0.006,0.000,0.003
12058,0.003,0.006,0.000,0.003
12059,0.003,0.006,0.000,0.003
12060,0.003,0.006,0.000,0.003
12061,0.003,0.006,0.000,0.003
12062,0.003,0.006,0.000,0.003
12063,0.003,0.006,0.000,0.003
12064,0.003,0.006,0.000,0.003
12065,0.003,0.006,0.000,0.003
12066,0.003,0.006,0.000,0.003
12067,0.003,0.006,0.000,0.003
12068,0.003,0.006,0.000,0.003
12069,0.003,0.006,0.000,0.003
12070,0.003,0.006,0.000,0.003
12071,0.003,0.006,0.000,0.003
12072,0.003,0.006,0.000,0.003
12073,0.003,0.006,0.000,0.003
12074,0.003,0.006,0.000,0.003
12075,0.003,0.006,0.000,0.003
12076,0.003,0.006,0.000,0.003
12077,0.003,0.006,0.000,0.003
12078,0.003,0.006,0.000,0.003
12079,0.003,0.006,0.000,0.003
12080,0.003,0.006,0.000,0.003
12081,0.003,0.006,0.000,0.003
12082,0.003,0.006,0.000,0.003
12083,0.003,0.006,0.000,0.003
12084,0.003,0.006,0.000,0.003
12085,0.003,0.006,0.000,0.003
12086,0.003,0.006,0.000,0.003
12087,0.003,0.006,0.000,0.003
12088,0.003,0.006,0.000,0.003
12089,0.003,0.006,0.000,0.003
12090,0.003,0.006,0.000,0.003
12091,0.003,0.006,0.000,0.003
12092,0.003,0.006,0.000,0.003
12093,0.003,0.006,0.000,0.003
12094,0.003,0.006,0.000,0.003
12095,0.003,0.006,0.000,0.003
12096,0.003,0.006,0.000,0.003
12097,0.003,0.006,0.000,0.003
12098,0.003,0.006,0.000,0.003
12099,0.003,0.006,0.000,0.003
12100,0.003,0.006,0.000,0.003
12101,0.003,0.006,0.000,0.003
12102,0.003,0.006,0.000,0.003
12103,0.003,0.006,0.000,0.003
12104,0.003,0.006,0.000,0.003
12105,0.003,0.006,0.000,0.003
12106,0.003,0.006,0.000,0.003
12107,0.003,0.006,0.000,0.003
12108,0.003,0.006,0.000,0.003
12109,0.003,0.006,0.000,0.003
12110,0.003,0.006,0.000,0.003
12111,0.003,0.006,0.000,0.003
12112,0.003,0.006,0.000,0.003
12113,0.003,0.006,0.000,0.003
12114,0.003,0.006,0.000,0.003
12115,0.003,0.006,0.000,0.003
12116,0.003,0.006,0.000,0.003
12117,0.003,0.006,0.000,0.003
12118,0.003,0.006,0.000,0.003
12119,0.003,0.006,0.000,0.003
12120,0.003,0.006,0.000,0.003
12121,0.003,0.006,0.000,0.003
12122,0.003,0.006,0.000,0.003
12123,0.003,0.006,0.000,0.003
12124,0.003,0.006,0.000,0.003
12125,0.003,0.006,0.000,0.003
12126,0.003,0.006,0.000,0.003
12127,0.003,0.006,0.000,0.003
12128,0.003,0.006,0.000,0.003
12129,0.003,0.006,0.000,0.003
12130,0.003,0.006,0.000,0.003
12131,0.003,0.006,0.000,0.003
12132,0.003,0.006,0.000,0.003
12133,0.003,0.006,0.000,0.003
12134,0.003,0.006,0.000,0.003
12135,0.003,0.006,0.000,0.003
12136,0.003,0.006,0.000,0.003
12137,0.003,0.006,0.000,0.003
12138,0.003,0.006,0.000,0.003
12139,0.003,0.006,0.000,0.003
12140,0.003,0.006,0.000,0.003
12141,0.003,0.006,0.000,0.003
12142,0.003,0.006,0.000,0.003
12143,0.003,0.006,0.000,0.003
12144,0.003,0.006,0.000,0.003
12145,0.003,0.006,0.000,0.003
12146,0.003,0.006,0.000,0.003
12147,0.003,0.006,0.000,0.003
12148,0.003,0.006,0.000,0.003
12149,0.003,0.006,0.000,0.003
12150,0.003,0.006,0.000,0.003
12151,0.003,0.006,0.000,0.003
12152,0.003,0.006,0.000,0.003
12153,0.003,0.006,0.000,0.003
12154,0.003,0.006,0.000,0.003
12155,0.003,0.006,0.000,0.003
12156,0.003,0.006,0.000,0.003
12157,0.003,0.006,0.000,0.003
12158,0.003,0.006,0.000,0.003
12159,0.003,0.006,0.000,0.003
12160,0.003,0.006,0.000,0.003
12161,0.003,0.006,0.000,0.003
12162,0.003,0.006,0.000,0.003
12163,0.003,0.006,0.000,0.003
12164,0.003,0.006,0.000,0.003
12165,0.003,0.006,0.000,0.003
12166,0.003,0.006,0.000,0.003
12167,0.003,0.006,0.000,0.003
12168,0.003,0.006,0.000,0.003
12169,0.003,0.006,0.000,0.003
12170,0.003,0.006,0.000,0.003
12171,0.003,0.006,0.000,0.003
12172,0.003,0.006,0.000,0.003
12173,0.003,0.006,0.000,0.003
12174,0.003,0.006,0.000,0.003
12175,0.003,0.006,0.000,0.003
12176,0.003,0.006,0.000,0.003
12177,0.003,0.006,0.000,0.003
12178,0.003,0.006,0.000,0.003
12179,0.003,0.006,0.000,0.003
12180,0.003,0.006,0.000,0.003
12181,0.003,0.006,0.000,0.003
12182,0.003,0.006,0.000,0.003
12183,0.003,0.006,0.000,0.003
12184,0.003,0.006,0.000,0.003
12185,0.003,0.006,0.000,0.003
12186,0.003,0.006,0.000,0.003
12187,0.003,0.006,0.000,0.003
12188,0.003,0.006,0.000,0.003
12189,0.003,0.006,0.000,0.003
12190,0.003,0.006,0.000,0.003
12191,0.003,0.006,0.000,0.003
12192,0.003,0.006,0.000,0.003
12193,0.003,0.006,0.000,0.003
12194,0.003,0.006,0.000,0.003
12195,0.003,0.006,0.000,0.003
12196,0.003,0.006,0.000,0.003
12197,0.003,0.006,0.000,0.003
12198,0.003,0.006,0.000,0.003
12199,0.003,0.006,0.000,0.003
12200,0.003,0.006,0.000,0.003
12201,0.003,0.006,0.000,0.003
12202,0.003,0.006,0.000,0.003
12203,0.003,0.006,0.000,0.003
12204,0.003,0.006,0.000,0.003
12205,0.003,0.006,0.000,0.003
12206,0.003,0.006,0.000,0.003
12207,0.003,0.006,0.000,0.003
12208,0.003,0.006,0.000,0.003
12209,0.003,0.006,0.000,0.003
12210,0.003,0.006,0.000,0.003
12211,0.003,0.006,0.000,0.003
12212,0.003,0.006,0.000,0.003
12213,0.003,0.006,0.000,0.003
12214,0.003,0.006,0.000,0.003
12215,0.003,0.006,0.000,0.003
12216,0.003,0.006,0.000,0.003
12217,0.003,0.006,0.000,0.003
12218,0.003,0.006,0.000,0.003
12219,0.003,0.006,0.000,0.003
12220,0.003,0.006,0.000,0.003
12221,0.003,0.006,0.000,0.003
12222,0.003,0.006,0.000,0.003
12223,0.003,0.006,0.000,0.003
12224,0.003,0.006,0.000,0.003
12225,0.003,0.006,0.000,0.003
12226,0.003,0.006,0.000,0.003
12227,0.003,0.006,0.000,0.003
12228,0.003,0.006,0.000,0.003
12229,0.003,0.006,0.000,0.003
12230,0.003,0.006,0.000,0.003
12231,0.003,0.006,0.000,0.003
12232,0.003,0.006,0.000,0.003
12233,0.003,0.006,0.000,0.003
12234,0.003,0.006,0.000,0.003
12235,0.003,0.006,0.000,0.003
12236,0.003,0.006,0.000,0.003
12237,0.003,0.006,0.000,0.003
12238,0.003,0.006,0.000,0.003
12239,0.003,0.006,0.000,0.003
12240,0.003,0.006,0.000,0.003
12241,0.003,0.006,0.000,0.003
12242,0.003,0.006,0.000,0.003
12243,0.003,0.006,0.000,0.003
12244,0.003,0.006,0.000,0.003
12245,0.003,0.006,0.000,0.003
12246,0.003,0.006,0.000,0.003
12247,0.003,0.006,0.000,0.003
12248,0.003,0.006,0.000,0.003
12249,0.003,0.006,0.000,0.003
12250,0.003,0.006,0.000,0.003
12251,0.003,0.006,0.000,0.003
12252,0.003,0.006,0.000,0.003
12253,0.003,0.006,0.000,0.003
12254,0.003,0.006,0.000,0.003
12255,0.003,0.006,0.000,0.003
12256,0.003,0.006,0.000,0.003
12257,0.003,0.006,0.000,0.003
12258,0.003,0.006,0.000,0.003
12259,0.003,0.006,0.000,0.003
12260,0.003,0.006,0.000,0.003
12261,0.003,0.006,0.000,0.003
12262,0.003,0.006,0.000,0.003
12263,0.003,0.006,0.000,0.003
12264,0.003,0.006,0.000,0.003
12265,0.003,0.006,0.000,0.003
12266,0.003,0.006,0.000,0.003
12267,0.003,0.006,0.000,0.003
12268,0.003,0.006,0.000,0.003
12269,0.003,0.006,0.000,0.003
12270,0.003,0.006,0.000,0.003
12271,0.003,0.006,0.000,0.003
12272,0.003,0.006,0.000,0.003
12273,0.003,0.006,0.000,0.003
12274,0.003,0.006,0.000,0.003
12275,0.003,0.006,0.000,0.003
12276,0.003,0.006,0.000,0.003
12277,0.003,0.006,0.000,0.003
12278,0.003,0.006,0.000,0.003
12279,0.003,0.006,0.000,0.003
12280,0.003,0.006,0.000,0.003
12281,0.003,0.006,0.000,0.003
12282,0.003,0.006,0.000,0.003
12283,0.003,0.006,0.000,0.003
12284,0.003,0.006,0.000,0.003
12285,0.003,0.006,0.000,0.003
12286,0.003,0.006,0.000,0.003
12287,0.003,0.006,0.000,0.003
12288,0.003,0.006,0.000,0.003
12289,0.003,0.006,0.000,0.003
12290,0.003,0.006,0.000,0.003
12291,0.003,0.006,0.000,0.003
12292,0.003,0.006,0.000,0.003
12293,0.003,0.006,0.000,0.003
12294,0.003,0.006,0.000,0.003
12295,0.003,0.006,0.000,0.003
12296,0.003,0.006,0.000,0.003
12297,0.003,0.006,0.000,0.003
12298,0.003,0.006,0.000,0.003
12299,0.003,0.006,0.000,0.003
12300,0.003,0.006,0.000,0.003
12301,0.003,0.006,0.000,0.003
12302,0.003,0.006,0.000,0.003
12303,0.003,0.006,0.000,0.003
12304,0.003,0.006,0.000,0.003
12305,0.003,0.006,0.000,0.003
12306,0.003,0.006,0.000,0.003
12307,0.003,0.006,0.000,0.003
12308,0.003,0.006,0.000,0.003
12309,0.003,0.006,0.000,0.003
12310,0.003,0.006,0.000,0.003
12311,0.003,0.006,0.000,0.003
12312,0.003,0.006,0.000,0.003
12313,0.003,0.006,0.000,0.003
12314,0.003,0.006,0.000,0.003
12315,0.003,0.006,0.000,0.003
12316,0.003,0.006,0.000,0.003
12317,0.003,0.006,0.000,0.003
12318,0.003,0.006,0.000,0.003
12319,0.003,0.006,0.000,0.003
12320,0.003,0.006,0.000,0.003
12321,0.003,0.006,0.000,0.003
12322,0.003,0.006,0.000,0.003
12323,0.003,0.006,0.000,0.003
12324,0.003,0.006,0.000,0.003
12325,0.003,0.006,0.000,0.003
12326,0.003,0.006,0.000,0.003
12327,0.003,0.006,0.000,0.003
12328,0.003,0.006,0.000,0.003
12329,0.003,0.006,0.000,0.003
12330,0.003,0.006,0.000,0.003
12331,0.003,0.006,0.000,0.003
12332,0.003,0.006,0.000,0.003
12333,0.003,0.006,0.000,0.003
12334,0.003,0.006,0.000,0.003
12335,0.003,0.006,0.000,0.003
12336,0.003,0.006,0.000,0.003
12337,0.003,0.006,0.000,0.003
12338,0.003,0.006,0.000,0.003
12339,0.003,0.006,0.000,0.003
12340,0.003,0.006,0.000,0.003
12341,0.003,0.006,0.000,0.003
12342,0.003,0.006,0.000,0.003
12343,0.003,0.006,0.000,0.003
12344,0.003,0.006,0.000,0.003
12345,0.003,0.006,0.000,0.003
12346,0.003,0.006,0.000,0.003
12347,0.003,0.006,0.000,0.003
12348,0.003,0.006,0.000,0.003
12349,0.003,0.006,0.000,0.003
12350,0.003,0.006,0.000,0.003
12351,0.003,0.006,0.000,0.003
12352,0.003,0.006,0.000,0.003
12353,0.003,0.006,0.000,0.003
12354,0.003,0.006,0.000,0.003
12355,0.003,0.006,0.000,0.003
12356,0.003,0.006,0.000,0.003
12357,0.003,0.006,0.000,0.003
12358,0.003,0.006,0.000,0.003
12359,0.003,0.006,0.000,0.003
12360,0.003,0.006,0.000,0.003
12361,0.003,0.006,0.000,0.003
12362,0.003,0.006,0.000,0.003
12363,0.003,0.006,0.000,0.003
12364,0.003,0.006,0.000,0.003
12365,0.003,0.006,0.000,0.003
12366,0.003,0.006,0.000,0.003
12367,0.003,0.006,0.000,0.003
12368,0.003,0.006,0.000,0.003
12369,0.003,0.006,0.000,0.003
12370,0.003,0.006,0.000,0.003
12371,0.003,0.006,0.000,0.003
12372,0.003,0.006,0.000,0.003
12373,0.003,0.006,0.000,0.003
12374,0.003,0.006,0.000,0.003
12375,0.003,0.006,0.000,0.003
12376,0.003,0.006,0.000,0.003
12377,0.003,0.006,0.000,0.003
12378,0.003,0.006,0.000,0.003
12379,0.003,0.006,0.000,0.003
12380,0.003,0.006,0.000,0.003
12381,0.003,0.006,0.000,0.003
12382,0.003,0.006,0.000,0.003
12383,0.003,0.006,0.000,0.003
12384,0.003,0.006,0.000,0.003
12385,0.003,0.006,0.000,0.003
12386,0.003,0.006,0.000,0.003
12387,0.003,0.006,0.000,0.003
12388,0.003,0.006,0.000,0.003
12389,0.003,0.006,0.000,0.003
12390,0.003,0.006,0.000,0.003
12391,0.003,0.006,0.000,0.003
12392,0.003,0.006,0.000,0.003
12393,0.003,0.006,0.000,0.003
12394,0.003,0.006,0.000,0.003
12395,0.003,0.006,0.000,0.003
12396,0.003,0.006,0.000,0.003
12397,0.003,0.006,0.000,0.003
12398,0.003,0.006,0.000,0.003
12399,0.003,0.006,0.000,0.003
12400,0.003,0.006,0.000,0.003
12401,0.003,0.006,0.000,0.003
12402,0.003,0.006,0.000,0.003
12403,0.003,0.006,0.000,0.003
12404,0.003,0.006,0.000,0.003
12405,0.003,0.006,0.000,0.003
12406,0.003,0.006,0.000,0.003
12407,0.003,0.006,0.000,0.003
12408,0.003,0.006,0.000,0.003
12409,0.003,0.006,0.000,0.003
12410,0.003,0.006,0.000,0.003
12411,0.003,0.006,0.000,0.003
12412,0.003,0.006,0.000,0.003
12413,0.003,0.006,0.000,0.003
12414,0.003,0.006,0.000,0.003
12415,0.003,0.006,0.000,0.003
12416,0.003,0.006,0.000,0.003
12417,0.003,0.006,0.000,0.003
12418,0.003,0.006,0.000,0.003
12419,0.003,0.006,0.000,0.003
12420,0.003,0.006,0.000,0.003
12421,0.003,0.006,0.000,0.003
12422,0.003,0.006,0.000,0.003
12423,0.003,0.006,0.000,0.003
12424,0.003,0.006,0.000,0.003
12425,0.003,0.006,0.000,0.003
12426,0.003,0.006,0.000,0.003
12427,0.003,0.006,0.000,0.003
12428,0.003,0.006,0.000,0.003
12429,0.003,0.006,0.000,0.003
12430,0.003,0.006,0.000,0.003
12431,0.003,0.006,0.000,0.003
12432,0.003,0.006,0.000,0.003
12433,0.003,0.006,0.000,0.003
12434,0.003,0.006,0.000,0.003
12435,0.003,0.006,0.000,0.003
12436,0.003,0.006,0.000,0.003
12437,0.003,0.006,0.000,0.003
12438,0.003,0.006,0.000,0.003
12439,0.003,0.006,0.000,0.003
12440,0.003,0.006,0.000,0.003
12441,0.003,0.006,0.000,0.003
12442,0.003,0.006,0.000,0.003
12443,0.003,0.006,0.000,0.003
12444,0.003,0.006,0.000,0.003
12445,0.003,0.006,0.000,0.003
12446,0.003,0.006,0.000,0.003
12447,0.003,0.006,0.000,0.003
12448,0.003,0.006,0.000,0.003
12449,0.003,0.006,0.000,0.003
12450,0.003,0.006,0.000,0.003
12451,0.003,0.006,0.000,0.003
12452,0.003,0.006,0.000,0.003
12453,0.003,0.006,0.000,0.003
12454,0.003,0.006,0.000,0.003
12455,0.003,0.006,0.000,0.003
12456,0.003,0.006,0.000,0.003
12457,0.003,0.006,0.000,0.003
12458,0.003,0.006,0.000,0.003
12459,0.003,0.006,0.000,0.003
12460,0.003,0.006,0.000,0.003
12461,0.003,0.006,0.000,0.003
12462,0.003,0.006,0.000,0.003
12463,0.003,0.006,0.000,0.003
12464,0.003,0.006,0.000,0.003
12465,0.003,0.006,0.000,0.003
12466,0.003,0.006,0.000,0.003
12467,0.003,0.006,0.000,0.003
12468,0.003,0.006,0.000,0.003
12469,0.003,0.006,0.000,0.003
12470,0.003,0.006,0.000,0.003
12471,0.003,0.006,0.000,0.003
12472,0.003,0.006,0.000,0.003
12473,0.003,0.006,0.000,0.003
12474,0.003,0.006,0.000,0.003
12475,0.003,0.006,0.000,0.003
12476,0.003,0.006,0.000,0.003
12477,0.003,0.006,0.000,0.003
12478,0.003,0.006,0.000,0.003
12479,0.003,0.006,0.000,0.003
12480,0.003,0.006,0.000,0.003
12481,0.003,0.006,0.000,0.003
12482,0.003,0.006,0.000,0.003
12483,0.003,0.006,0.000,0.003
12484,0.003,0.006,0.000,0.003
12485,0.003,0.006,0.000,0.003
12486,0.003,0.006,0.000,0.003
12487,0.003,0.006,0.000,0.003
12488,0.003,0.006,0.000,0.003
12489,0.003,0.006,0.000,0.003
12490,0.003,0.006,0.000,0.003
12491,0.003,0.006,0.000,0.003
12492,0.003,0.006,0.000,0.003
12493,0.003,0.006,0.000,0.003
12494,0.003,0.006,0.000,0.003
12495,0.003,0.006,0.000,0.003
12496,0.003,0.006,0.000,0.003
12497,0.003,0.006,0.000,0.003
12498,0.003,0.006,0.000,0.003
12499,0.003,0.006,0.000,0.003
12500,0.003,0.006,0.000,0.003
12501,0.003,0.006,0.000,0.003
12502,0.003,0.006,0.000,0.003
12503,0.003,0.006,0.000,0.003
12504,0.003,0.006,0.000,0.003
12505,0.003,0.006,0.000,0.003
12506,0.003,0.006,0.000,0.003
12507,0.003,0.006,0.000,0.003
12508,0.003,0.006,0.000,0.003
12509,0.003,0.006,0.000,0.003
12510,0.003,0.006,0.000,0.003
12511,0.003,0.006,0.000,0.003
12512,0.003,0.006,0.000,0.003
12513,0.003,0.006,0.000,0.003
12514,0.003,0.006,0.000,0.003
12515,0.003,0.006,0.000,0.003
12516,0.003,0.006,0.000,0.003
12517,0.003,0.006,0.000,0.003
12518,0.003,0.006,0.000,0.003
12519,0.003,0.006,0.000,0.003
12520,0.003,0.006,0.000,0.003
12521,0.003,0.006,0.000,0.003
12522,0.003,0.006,0.000,0.003
12523,0.003,0.006,0.000,0.003
12524,0.003,0.006,0.000,0.003
12525,0.003,0.006,0.000,0.003
12526,0.003,0.006,0.000,0.003
12527,0.003,0.006,0.000,0.003
12528,0.003,0.006,0.000,0.003
12529,0.003,0.006,0.000,0.003
12530,0.003,0.006,0.000,0.003
12531,0.003,0.006,0.000,0.003
12532,0.003,0.006,0.000,0.003
12533,0.003,0.006,0.000,0.003
12534,0.003,0.006,0.000,0.003
12535,0.003,0.006,0.000,0.003
12536,0.003,0.006,0.000,0.003
12537,0.003,0.006,0.000,0.003
12538,0.003,0.006,0.000,0.003
12539,0.003,0.006,0.000,0.003
12540,0.003,0.006,0.000,0.003
12541,0.003,0.006,0.000,0.003
12542,0.003,0.006,0.000,0.003
12543,0.003,0.006,0.000,0.003
12544,0.003,0.006,0.000,0.003
12545,0.003,0.006,0.000,0.003
12546,0.003,0.006,0.000,0.003
12547,0.003,0.006,0.000,0.003
12548,0.003,0.006,0.000,0.003
12549,0.003,0.006,0.000,0.003
12550,0.003,0.006,0.000,0.003
12551,0.003,0.006,0.000,0.003
12552,0.003,0.006,0.000,0.003
12553,0.003,0.006,0.000,0.003
12554,0.003,0.006,0.000,0.003
12555,0.003,0.006,0.000,0.003
12556,0.003,0.006,0.000,0.003
12557,0.003,0.006,0.000,0.003
12558,0.003,0.006,0.000,0.003
12559,0.003,0.006,0.000,0.003
12560,0.003,0.006,0.000,0.003
12561,0.003,0.006,0.000,0.003
12562,0.003,0.006,0.000,0.003
12563,0.003,0.006,0.000,0.003
12564,0.003,0.006,0.000,0.003
12565,0.003,0.006,0.000,0.003
12566,0.003,0.006,0.000,0.003
12567,0.003,0.006,0.000,0.003
12568,0.003,0.006,0.000,0.003
12569,0.003,0.006,0.000,0.003
12570,0.003,0.006,0.000,0.003
12571,0.003,0.006,0.000,0.003
12572,0.003,0.006,0.000,0.003
12573,0.003,0.006,0.000,0.003
12574,0.003,0.006,0.000,0.003
12575,0.003,0.006,0.000,0.003
12576,0.003,0.006,0.000,0.003
12577,0.003,0.006,0.000,0.003
12578,0.003,0.006,0.000,0.003
12579,0.003,0.006,0.000,0.003
12580,0.003,0.006,0.000,0.003
12581,0.003,0.006,0.000,0.003
12582,0.003,0.006,0.000,0.003
12583,0.003,0.006,0.000,0.003
12584,0.003,0.006,0.000,0.003
12585,0.003,0.006,0.000,0.003
12586,0.003,0.006,0.000,0.003
12587,0.003,0.006,0.000,0.003
12588,0.003,0.006,0.000,0.003
12589,0.003,0.006,0.000,0.003
12590,0.003,0.006,0.000,0.003
12591,0.003,0.006,0.000,0.003
12592,0.003,0.006,0.000,0.003
12593,0.003,0.006,0.000,0.003
12594,0.003,0.006,0.000,0.003
12595,0.003,0.006,0.000,0.003
12596,0.003,0.006,0.000,0.003
12597,0.003,0.006,0.000,0.003
12598,0.003,0.006,0.000,0.003
12599,0.003,0.006,0.000,0.003
12600,0.003,0.006,0.000,0.003
12601,0.003,0.006,0.000,0.003
12602,0.003,0.006,0.000,0.003
12603,0.003,0.006,0.000,0.003
12604,0.003,0.006,0.000,0.003
12605,0.003,0.006,0.000,0.003
12606,0.003,0.006,0.000,0.003
12607,0.003,0.006,0.000,0.003
12608,0.003,0.006,0.000,0.003
12609,0.003,0.006,0.000,0.003
12610,0.003,0.006,0.000,0.003
12611,0.003,0.006,0.000,0.003
12612,0.003,0.006,0.000,0.003
12613,0.003,0.006,0.000,0.003
12614,0.003,0.006,0.000,0.003
12615,0.003,0.006,0.000,0.003
12616,0.003,0.006,0.000,0.003
12617,0.003,0.006,0.000,0.003
12618,0.003,0.006,0.000,0.003
12619,0.003,0.006,0.000,0.003
12620,0.003,0.006,0.000,0.003
12621,0.003,0.006,0.000,0.003
12622,0.003,0.006,0.000,0.003
12623,0.003,0.006,0.000,0.003
12624,0.003,0.006,0.000,0.003
12625,0.003,0.006,0.000,0.003
12626,0.003,0.006,0.000,0.003
12627,0.003,0.006,0.000,0.003
12628,0.003,0.006,0.000,0.003
12629,0.003,0.006,0.000,0.003
12630,0.003,0.006,0.000,0.003
12631,0.003,0.006,0.000,0.003
12632,0.003,0.006,0.000,0.003
12633,0.003,0.006,0.000,0.003
12634,0.003,0.006,0.000,0.003
12635,0.003,0.006,0.000,0.003
12636,0.003,0.006,0.000,0.003
12637,0.003,0.006,0.000,0.003
12638,0.003,0.006,0.000,0.003
12639,0.003,0.006,0.000,0.003
12640,0.003,0.006,0.000,0.003
12641,0.003,0.006,0.000,0.003
12642,0.003,0.006,0.000,0.003
12643,0.003,0.006,0.000,0.003
12644,0.003,0.006,0.000,0.003
12645,0.003,0.006,0.000,0.003
12646,0.003,0.006,0.000,0.003
12647,0.003,0.006,0.000,0.003
12648,0.003,0.006,0.000,0.003
12649,0.003,0.006,0.000,0.003
12650,0.003,0.006,0.000,0.003
12651,0.003,0.006,0.000,0.003
12652,0.003,0.006,0.000,0.003
12653,0.003,0.006,0.000,0.003
12654,0.003,0.006,0.000,0.003
12655,0.003,0.006,0.000,0.003
12656,0.003,0.006,0.000,0.003
12657,0.003,0.006,0.000,0.003
12658,0.003,0.006,0.000,0.003
12659,0.003,0.006,0.000,0.003
12660,0.003,0.006,0.000,0.003
12661,0.003,0.006,0.000,0.003
12662,0.003,0.006,0.000,0.003
12663,0.003,0.006,0.000,0.003
12664,0.003,0.006,0.000,0.003
12665,0.003,0.006,0.000,0.003
12666,0.003,0.006,0.000,0.003
12667,0.003,0.006,0.000,0.003
12668,0.003,0.006,0.000,0.003
12669,0.003,0.006,0.000,0.003
12670,0.003,0.006,0.000,0.003
12671,0.003,0.006,0.000,0.003
12672,0.003,0.006,0.000,0.003
12673,0.003,0.006,0.000,0.003
12674,0.003,0.006,0.000,0.003
12675,0.003,0.006,0.000,0.003
12676,0.003,0.006,0.000,0.003
12677,0.003,0.006,0.000,0.003
12678,0.003,0.006,0.000,0.003
12679,0.003,0.006,0.000,0.003
12680,0.003,0.006,0.000,0.003
12681,0.003,0.006,0.000,0.003
12682,0.003,0.006,0.000,0.003
12683,0.003,0.006,0.000,0.003
12684,0.003,0.006,0.000,0.003
12685,0.003,0.006,0.000,0.003
12686,0.003,0.006,0.000,0.003
12687,0.003,0.006,0.000,0.003
12688,0.003,0.006,0.000,0.003
12689,0.003,0.006,0.000,0.003
12690,0.003,0.006,0.000,0.003
12691,0.003,0.006,0.000,0.003
12692,0.003,0.006,0.000,0.003
12693,0.003,0.006,0.000,0.003
12694,0.003,0.006,0.000,0.003
12695,0.003,0.006,0.000,0.003
12696,0.003,0.006,0.000,0.003
12697,0.003,0.006,0.000,0.003
12698,0.003,0.006,0.000,0.003
12699,0.003,0.006,0.000,0.003
12700,0.003,0.006,0.000,0.003
12701,0.003,0.006,0.000,0.003
12702,0.003,0.006,0.000,0.003
12703,0.003,0.006,0.000,0.003
12704,0.003,0.006,0.000,0.003
12705,0.003,0.006,0.000,0.003
12706,0.003,0.006,0.000,0.003
12707,0.003,0.006,0.000,0.003
12708,0.003,0.006,0.000,0.003
12709,0.003,0.006,0.000,0.003
12710,0.003,0.006,0.000,0.003
12711,0.003,0.006,0.000,0.003
12712,0.003,0.006,0.000,0.003
12713,0.003,0.006,0.000,0.003
12714,0.003,0.006,0.000,0.003
12715,0.003,0.006,0.000,0.003
12716,0.003,0.006,0.000,0.003
12717,0.003,0.006,0.000,0.003
12718,0.003,0.006,0.000,0.003
12719,0.003,0.006,0.000,0.003
12720,0.003,0.006,0.000,0.003
12721,0.003,0.006,0.000,0.003
12722,0.003,0.006,0.000,0.003
12723,0.003,0.006,0.000,0.003
12724,0.003,0.006,0.000,0.003
12725,0.003,0.006,0.000,0.003
12726,0.003,0.006,0.000,0.003
12727,0.003,0.006,0.000,0.003
12728,0.003,0.006,0.000,0.003
12729,0.003,0.006,0.000,0.003
12730,0.003,0.006,0.000,0.003
12731,0.003,0.006,0.000,0.003
12732,0.003,0.006,0.000,0.003
12733,0.003,0.006,0.000,0.003
12734,0.003,0.006,0.000,0.003
12735,0.003,0.006,0.000,0.003
12736,0.003,0.006,0.000,0.003
12737,0.003,0.006,0.000,0.003
12738,0.003,0.006,0.000,0.003
12739,0.003,0.006,0.000,0.003
12740,0.003,0.006,0.000,0.003
12741,0.003,0.006,0.000,0.003
12742,0.003,0.006,0.000,0.003
12743,0.003,0.006,0.000,0.003
12744,0.003,0.006,0.000,0.003
12745,0.003,0.006,0.000,0.003
12746,0.003,0.006,0.000,0.003
12747,0.003,0.006,0.000,0.003
12748,0.003,0.006,0.000,0.003
12749,0.003,0.006,0.000,0.003
12750,0.003,0.006,0.000,0.003
12751,0.003,0.006,0.000,0.003
12752,0.003,0.006,0.000,0.003
12753,0.003,0.006,0.000,0.003
12754,0.003,0.006,0.000,0.003
12755,0.003,0.006,0.000,0.003
12756,0.003,0.006,0.000,0.003
12757,0.003,0.006,0.000,0.003
12758,0.003,0.006,0.000,0.003
12759,0.003,0.006,0.000,0.003
12760,0.003,0.006,0.000,0.003
12761,0.003,0.006,0.000,0.003
12762,0.003,0.006,0.000,0.003
12763,0.003,0.006,0.000,0.003
12764,0.003,0.006,0.000,0.003
12765,0.003,0.006,0.000,0.003
12766,0.003,0.006,0.000,0.003
12767,0.003,0.006,0.000,0.003
12768,0.003,0.006,0.000,0.003
12769,0.003,0.006,0.000,0.003
12770,0.003,0.006,0.000,0.003
12771,0.003,0.006,0.000,0.003
12772,0.003,0.006,0.000,0.003
12773,0.003,0.006,0.000,0.003
12774,0.003,0.006,0.000,0.003
12775,0.003,0.006,0.000,0.003
12776,0.003,0.006,0.000,0.003
12777,0.003,0.006,0.000,0.003
12778,0.003,0.006,0.000,0.003
12779,0.003,0.006,0.000,0.003
12780,0.003,0.006,0.000,0.003
12781,0.003,0.006,0.000,0.003
12782,0.003,0.006,0.000,0.003
12783,0.003,0.006,0.000,0.003
12784,0.003,0.006,0.000,0.003
12785,0.003,0.006,0.000,0.003
12786,0.003,0.006,0.000,0.003
12787,0.003,0.006,0.000,0.003
12788,0.003,0.006,0.000,0.003
12789,0.003,0.006,0.000,0.003
12790,0.003,0.006,0.000,0.003
12791,0.003,0.006,0.000,0.003
12792,0.003,0.006,0.000,0.003
12793,0.003,0.006,0.000,0.003
12794,0.003,0.006,0.000,0.003
12795,0.003,0.006,0.000,0.003
12796,0.003,0.006,0.000,0.003
12797,0.003,0.006,0.000,0.003
12798,0.003,0.006,0.000,0.003
12799,0.003,0.006,0.000,0.003
12800,0.003,0.006,0.000,0.003
12801,0.003,0.006,0.000,0.003
12802,0.003,0.006,0.000,0.003
12803,0.003,0.006,0.000,0.003
12804,0.003,0.006,0.000,0.003
12805,0.003,0.006,0.000,0.003
12806,0.003,0.006,0.000,0.003
12807,0.003,0.006,0.000,0.003
12808,0.003,0.006,0.000,0.003
12809,0.003,0.006,0.000,0.003
12810,0.003,0.006,0.000,0.003
12811,0.003,0.006,0.000,0.003
12812,0.003,0.006,0.000,0.003
12813,0.003,0.006,0.000,0.003
12814,0.003,0.006,0.000,0.003
12815,0.003,0.006,0.000,0.003
12816,0.003,0.006,0.000,0.003
12817,0.003,0.006,0.000,0.003
12818,0.003,0.006,0.000,0.003
12819,0.003,0.006,0.000,0.003
12820,0.003,0.006,0.000,0.003
12821,0.003,0.006,0.000,0.003
12822,0.003,0.006,0.000,0.003
12823,0.003,0.006,0.000,0.003
12824,0.003,0.006,0.000,0.003
12825,0.003,0.006,0.000,0.003
12826,0.003,0.006,0.000,0.003
12827,0.003,0.006,0.000,0.003
12828,0.003,0.006,0.000,0.003
12829,0.003,0.006,0.000,0.003
12830,0.003,0.006,0.000,0.003
12831,0.003,0.006,0.000,0.003
12832,0.003,0.006,0.000,0.003
12833,0.003,0.006,0.000,0.003
12834,0.003,0.006,0.000,0.003
12835,0.003,0.006,0.000,0.003
12836,0.003,0.006,0.000,0.003
12837,0.003,0.006,0.000,0.003
12838,0.003,0.006,0.000,0.003
12839,0.003,0.006,0.000,0.003
12840,0.003,0.006,0.000,0.003
12841,0.003,0.006,0.000,0.003
12842,0.003,0.006,0.000,0.003
12843,0.003,0.006,0.000,0.003
12844,0.003,0.006,0.000,0.003
12845,0.003,0.006,0.000,0.003
12846,0.003,0.006,0.000,0.003
12847,0.003,0.006,0.000,0.003
12848,0.003,0.006,0.000,0.003
12849,0.003,0.006,0.000,0.003
12850,0.003,0.006,0.000,0.003
12851,0.003,0.006,0.000,0.003
12852,0.003,0.006,0.000,0.003
12853,0.003,0.006,0.000,0.003
12854,0.003,0.006,0.000,0.003
12855,0.003,0.006,0.000,0.003
12856,0.003,0.006,0.000,0.003
12857,0.003,0.006,0.000,0.003
12858,0.003,0.006,0.000,0.003
12859,0.003,0.006,0.000,0.003
12860,0.003,0.006,0.000,0.003
12861,0.003,0.006,0.000,0.003
12862,0.003,0.006,0.000,0.003
12863,0.003,0.006,0.000,0.003
12864,0.003,0.006,0.000,0.003
12865,0.003,0.006,0.000,0.003
12866,0.003,0.006,0.000,0.003
12867,0.003,0.006,0.000,0.003
12868,0.003,0.006,0.000,0.003
12869,0.003,0.006,0.000,0.003
12870,0.003,0.006,0.000,0.003
12871,0.003,0.006,0.000,0.003
12872,0.003,0.006,0.000,0.003
12873,0.003,0.006,0.000,0.003
12874,0.003,0.006,0.000,0.003
12875,0.003,0.006,0.000,0.003
12876,0.003,0.006,0.000,0.003
12877,0.003,0.006,0.000,0.003
12878,0.003,0.006,0.000,0.003
12879,0.003,0.006,0.000,0.003
12880,0.003,0.006,0.000,0.003
12881,0.003,0.006,0.000,0.003
12882,0.003,0.006,0.000,0.003
12883,0.003,0.006,0.000,0.003
12884,0.003,0.006,0.000,0.003
12885,0.003,0.006,0.000,0.003
12886,0.003,0.006,0.000,0.003
12887,0.003,0.006,0.000,0.003
12888,0.003,0.006,0.000,0.003
12889,0.003,0.006,0.000,0.003
12890,0.003,0.006,0.000,0.003
12891,0.003,0.006,0.000,0.003
12892,0.003,0.006,0.000,0.003
12893,0.003,0.006,0.000,0.003
12894,0.003,0.006,0.000,0.003
12895,0.003,0.006,0.000,0.003
12896,0.003,0.006,0.000,0.003
12897,0.003,0.006,0.000,0.003
12898,0.003,0.006,0.000,0.003
12899,0.003,0.006,0.000,0.003
12900,0.003,0.006,0.000,0.003
12901,0.003,0.006,0.000,0.003
12902,0.003,0.006,0.000,0.003
12903,0.003,0.006,0.000,0.003
12904,0.003,0.006,0.000,0.003
12905,0.003,0.006,0.000,0.003
12906,0.003,0.006,0.000,0.003
12907,0.003,0.006,0.000,0.003
12908,0.003,0.006,0.000,0.003
12909,0.003,0.006,0.000,0.003
12910,0.003,0.006,0.000,0.003
12911,0.003,0.006,0.000,0.003
12912,0.003,0.006,0.000,0.003
12913,0.003,0.006,0.000,0.003
12914,0.003,0.006,0.000,0.003
12915,0.003,0.006,0.000,0.003
12916,0.003,0.006,0.000,0.003
12917,0.003,0.006,0.000,0.003
12918,0.003,0.006,0.000,0.003
12919,0.003,0.006,0.000,0.003
12920,0.003,0.006,0.000,0.003
12921,0.003,0.006,0.000,0.003
12922,0.003,0.006,0.000,0.003
12923,0.003,0.006,0.000,0.003
12924,0.003,0.006,0.000,0.003
12925,0.003,0.006,0.000,0.003
12926,0.003,0.006,0.000,0.003
12927,0.003,0.006,0.000,0.003
12928,0.003,0.006,0.000,0.003
12929,0.003,0.006,0.000,0.003
12930,0.003,0.006,0.000,0.003
12931,0.003,0.006,0.000,0.003
12932,0.003,0.006,0.000,0.003
12933,0.003,0.006,0.000,0.003
12934,0.003,0.006,0.000,0.003
12935,0.003,0.006,0.000,0.003
12936,0.003,0.006,0.000,0.003
12937,0.003,0.006,0.000,0.003
12938,0.003,0.006,0.000,0.003
12939,0.003,0.006,0.000,0.003
12940,0.003,0.006,0.000,0.003
12941,0.003,0.006,0.000,0.003
12942,0.003,0.006,0.000,0.003
12943,0.003,0.006,0.000,0.003
12944,0.003,0.006,0.000,0.003
12945,0.003,0.006,0.000,0.003
12946,0.003,0.006,0.000,0.003
12947,0.003,0.006,0.000,0.003
12948,0.003,0.006,0.000,0.003
12949,0.003,0.006,0.000,0.003
12950,0.003,0.006,0.000,0.003
12951,0.003,0.006,0.000,0.003
12952,0.003,0.006,0.000,0.003
12953,0.003,0.006,0.000,0.003
12954,0.003,0.006,0.000,0.003
12955,0.003,0.006,0.000,0.003
12956,0.003,0.006,0.000,0.003
12957,0.003,0.006,0.000,0.003
12958,0.003,0.006,0.000,0.003
12959,0.003,0.006,0.000,0.003
12960,0.003,0.006,0.000,0.003
12961,0.003,0.006,0.000,0.003
12962,0.003,0.006,0.000,0.003
12963,0.003,0.006,0.000,0.003
12964,0.003,0.006,0.000,0.003
12965,0.003,0.006,0.000,0.003
12966,0.003,0.006,0.000,0.003
12967,0.003,0.006,0.000,0.003
12968,0.003,0.006,0.000,0.003
12969,0.003,0.006,0.000,0.003
12970,0.003,0.006,0.000,0.003
12971,0.003,0.006,0.000,0.003
12972,0.003,0.006,0.000,0.003
12973,0.003,0.006,0.000,0.003
12974,0.003,0.006,0.000,0.003
12975,0.003,0.006,0.000,0.003
12976,0.003,0.006,0.000,0.003
12977,0.003,0.006,0.000,0.003
12978,0.003,0.006,0.000,0.003
12979,0.003,0.006,0.000,0.003
12980,0.003,0.006,0.000,0.003
12981,0.003,0.006,0.000,0.003
12982,0.003,0.006,0.000,0.003
12983,0.003,0.006,0.000,0.003
12984,0.003,0.006,0.000,0.003
12985,0.003,0.006,0.000,0.003
12986,0.003,0.006,0.000,0.003
12987,0.003,0.006,0.000,0.003
12988,0.003,0.006,0.000,0.003
12989,0.003,0.006,0.000,0.003
12990,0.003,0.006,0.000,0.003
12991,0.003,0.006,0.000,0.003
12992,0.003,0.006,0.000,0.003
12993,0.003,0.006,0.000,0.003
12994,0.003,0.006,0.000,0.003
12995,0.003,0.006,0.000,0.003
12996,0.003,0.006,0.000,0.003
12997,0.003,0.006,0.000,0.003
12998,0.003,0.006,0.000,0.003
12999,0.003,0.006,0.000,0.003
13000,0.003,0.006,0.000,0.003
13001,0.003,0.006,0.000,0.003
13002,0.003,0.006,0.000,0.003
13003,0.003,0.006,0.000,0.003
13004,0.003,0.006,0.000,0.003
13005,0.003,0.006,0.000,0.003
13006,0.003,0.006,0.000,0.003
13007,0.003,0.006,0.000,0.003
13008,0.003,0.006,0.000,0.003
13009,0.003,0.006,0.000,0.003
13010,0.003,0.006,0.000,0.003
13011,0.003,0.006,0.000,0.003
13012,0.003,0.006,0.000,0.003
13013,0.003,0.006,0.000,0.003
13014,0.003,0.006,0.000,0.003
13015,0.003,0.006,0.000,0.003
13016,0.003,0.006,0.000,0.003
13017,0.003,0.006,0.000,0.003
13018,0.003,0.006,0.000,0.003
13019,0.003,0.006,0.000,0.003
13020,0.003,0.006,0.000,0.003
13021,0.003,0.006,0.000,0.003
13022,0.003,0.006,0.000,0.003
13023,0.003,0.006,0.000,0.003
13024,0.003,0.006,0.000,0.003
13025,0.003,0.006,0.000,0.003
13026,0.003,0.006,0.000,0.003
13027,0.003,0.006,0.000,0.003
13028,0.003,0.006,0.000,0.003
13029,0.003,0.006,0.000,0.003
13030,0.003,0.006,0.000,0.003
13031,0.003,0.006,0.000,0.003
13032,0.003,0.006,0.000,0.003
13033,0.003,0.006,0.000,0.003
13034,0.003,0.006,0.000,0.003
13035,0.003,0.006,0.000,0.003
13036,0.003,0.006,0.000,0.003
13037,0.003,0.006,0.000,0.003
13038,0.003,0.006,0.000,0.003
13039,0.003,0.006,0.000,0.003
13040,0.003,0.006,0.000,0.003
13041,0.003,0.006,0.000,0.003
13042,0.003,0.006,0.000,0.003
13043,0.003,0.006,0.000,0.003
13044,0.003,0.006,0.000,0.003
13045,0.003,0.006,0.000,0.003
13046,0.003,0.006,0.000,0.003
13047,0.003,0.006,0.000,0.003
13048,0.003,0.006,0.000,0.003
13049,0.003,0.006,0.000,0.003
13050,0.003,0.006,0.000,0.003
13051,0.003,0.006,0.000,0.003
13052,0.003,0.006,0.000,0.003
13053,0.003,0.006,0.000,0.003
13054,0.003,0.006,0.000,0.003
13055,0.003,0.006,0.000,0.003
13056,0.003,0.006,0.000,0.003
13057,0.003,0.006,0.000,0.003
13058,0.003,0.006,0.000,0.003
13059,0.003,0.006,0.000,0.003
13060,0.003,0.006,0.000,0.003
13061,0.003,0.006,0.000,0.003
13062,0.003,0.006,0.000,0.003
13063,0.003,0.006,0.000,0.003
13064,0.003,0.006,0.000,0.003
13065,0.003,0.006,0.000,0.003
13066,0.003,0.006,0.000,0.003
13067,0.003,0.006,0.000,0.003
13068,0.003,0.006,0.000,0.003
13069,0.003,0.006,0.000,0.003
13070,0.003,0.006,0.000,0.003
13071,0.003,0.006,0.000,0.003
13072,0.003,0.006,0.000,0.003
13073,0.003,0.006,0.000,0.003
13074,0.003,0.006,0.000,0.003
13075,0.003,0.006,0.000,0.003
13076,0.003,0.006,0.000,0.003
13077,0.003,0.006,0.000,0.003
13078,0.003,0.006,0.000,0.003
13079,0.003,0.006,0.000,0.003
13080,0.003,0.006,0.000,0.003
13081,0.003,0.006,0.000,0.003
13082,0.003,0.006,0.000,0.003
13083,0.003,0.006,0.000,0.003
13084,0.003,0.006,0.000,0.003
13085,0.003,0.006,0.000,0.003
13086,0.003,0.006,0.000,0.003
13087,0.003,0.006,0.000,0.003
13088,0.003,0.006,0.000,0.003
13089,0.003,0.006,0.000,0.003
13090,0.003,0.006,0.000,0.003
13091,0.003,0.006,0.000,0.003
13092,0.003,0.006,0.000,0.003
13093,0.003,0.006,0.000,0.003
13094,0.003,0.006,0.000,0.003
13095,0.003,0.006,0.000,0.003
13096,0.003,0.006,0.000,0.003
13097,0.003,0.006,0.000,0.003
13098,0.003,0.006,0.000,0.003
13099,0.003,0.006,0.000,0.003
13100,0.003,0.006,0.000,0.003
13101,0.003,0.006,0.000,0.003
13102,0.003,0.006,0.000,0.003
13103,0.003,0.006,0.000,0.003
13104,0.003,0.006,0.000,0.003
13105,0.003,0.006,0.000,0.003
13106,0.003,0.006,0.000,0.003
13107,0.003,0.006,0.000,0.003
13108,0.003,0.006,0.000,0.003
13109,0.003,0.006,0.000,0.003
13110,0.003,0.006,0.000,0.003
13111,0.003,0.006,0.000,0.003
13112,0.003,0.006,0.000,0.003
13113,0.003,0.006,0.000,0.003
13114,0.003,0.006,0.000,0.003
13115,0.003,0.006,0.000,0.003
13116,0.003,0.006,0.000,0.003
13117,0.003,0.006,0.000,0.003
13118,0.003,0.006,0.000,0.003
13119,0.003,0.006,0.000,0.003
13120,0.003,0.006,0.000,0.003
13121,0.003,0.006,0.000,0.003
13122,0.003,0.006,0.000,0.003
13123,0.003,0.006,0.000,0.003
13124,0.003,0.006,0.000,0.003
13125,0.003,0.006,0.000,0.003
13126,0.003,0.006,0.000,0.003
13127,0.003,0.006,0.000,0.003
13128,0.003,0.006,0.000,0.003
13129,0.003,0.006,0.000,0.003
13130,0.003,0.006,0.000,0.003
13131,0.003,0.006,0.000,0.003
13132,0.003,0.006,0.000,0.003
13133,0.003,0.006,0.000,0.003
13134,0.003,0.006,0.000,0.003
13135,0.003,0.006,0.000,0.003
13136,0.003,0.006,0.000,0.003
13137,0.003,0.006,0.000,0.003
13138,0.003,0.006,0.000,0.003
13139,0.003,0.006,0.000,0.003
13140,0.003,0.006,0.000,0.003
13141,0.003,0.006,0.000,0.003
13142,0.003,0.006,0.000,0.003
13143,0.003,0.006,0.000,0.003
13144,0.003,0.006,0.000,0.003
13145,0.003,0.006,0.000,0.003
13146,0.003,0.006,0.000,0.003
13147,0.003,0.006,0.000,0.003
13148,0.003,0.006,0.000,0.003
13149,0.003,0.006,0.000,0.003
13150,0.003,0.006,0.000,0.003
13151,0.003,0.006,0.000,0.003
13152,0.003,0.006,0.000,0.003
13153,0.003,0.006,0.000,0.003
13154,0.003,0.006,0.000,0.003
13155,0.003,0.006,0.000,0.003
13156,0.003,0.006,0.000,0.003
13157,0.003,0.006,0.000,0.003
13158,0.003,0.006,0.000,0.003
13159,0.003,0.006,0.000,0.003
13160,0.003,0.006,0.000,0.003
13161,0.003,0.006,0.000,0.003
13162,0.003,0.006,0.000,0.003
13163,0.003,0.006,0.000,0.003
13164,0.003,0.006,0.000,0.003
13165,0.003,0.006,0.000,0.003
13166,0.003,0.006,0.000,0.003
13167,0.003,0.006,0.000,0.003
13168,0.003,0.006,0.000,0.003
13169,0.003,0.006,0.000,0.003
13170,0.003,0.006,0.000,0.003
13171,0.003,0.006,0.000,0.003
13172,0.003,0.006,0.000,0.003
13173,0.003,0.006,0.000,0.003
13174,0.003,0.006,0.000,0.003
13175,0.003,0.006,0.000,0.003
13176,0.003,0.006,0.000,0.003
13177,0.003,0.006,0.000,0.003
13178,0.003,0.006,0.000,0.003
13179,0.003,0.006,0.000,0.003
13180,0.003,0.006,0.000,0.003
13181,0.003,0.006,0.000,0.003
13182,0.003,0.006,0.000,0.003
13183,0.003,0.006,0.000,0.003
13184,0.003,0.006,0.000,0.003
13185,0.003,0.006,0.000,0.003
13186,0.003,0.006,0.000,0.003
13187,0.003,0.006,0.000,0.003
13188,0.003,0.006,0.000,0.003
13189,0.003,0.006,0.000,0.003
13190,0.003,0.006,0.000,0.003
13191,0.003,0.006,0.000,0.003
13192,0.003,0.006,0.000,0.003
13193,0.003,0.006,0.000,0.003
13194,0.003,0.006,0.000,0.003
13195,0.003,0.006,0.000,0.003
13196,0.003,0.006,0.000,0.003
13197,0.003,0.006,0.000,0.003
13198,0.003,0.006,0.000,0.003
13199,0.003,0.006,0.000,0.003
13200,0.003,0.006,0.000,0.003
13201,0.003,0.006,0.000,0.003
13202,0.003,0.006,0.000,0.003
13203,0.003,0.006,0.000,0.003
13204,0.003,0.006,0.000,0.003
13205,0.003,0.006,0.000,0.003
13206,0.003,0.006,0.000,0.003
13207,0.003,0.006,0.000,0.003
13208,0.003,0.006,0.000,0.003
13209,0.003,0.006,0.000,0.003
13210,0.003,0.006,0.000,0.003
13211,0.003,0.006,0.000,0.003
13212,0.003,0.006,0.000,0.003
13213,0.003,0.006,0.000,0.003
13214,0.003,0.006,0.000,0.003
13215,0.003,0.006,0.000,0.003
13216,0.003,0.006,0.000,0.003
13217,0.003,0.006,0.000,0.003
13218,0.003,0.006,0.000,0.003
13219,0.003,0.006,0.000,0.003
13220,0.003,0.006,0.000,0.003
13221,0.003,0.006,0.000,0.003
13222,0.003,0.006,0.000,0.003
13223,0.003,0.006,0.000,0.003
13224,0.003,0.006,0.000,0.003
13225,0.003,0.006,0.000,0.003
13226,0.003,0.006,0.000,0.003
13227,0.003,0.006,0.000,0.003
13228,0.003,0.006,0.000,0.003
13229,0.003,0.006,0.000,0.003
13230,0.003,0.006,0.000,0.003
13231,0.003,0.006,0.000,0.003
13232,0.003,0.006,0.000,0.003
13233,0.003,0.006,0.000,0.003
13234,0.003,0.006,0.000,0.003
13235,0.003,0.006,0.000,0.003
13236,0.003,0.006,0.000,0.003
13237,0.003,0.006,0.000,0.003
13238,0.003,0.006,0.000,0.003
13239,0.003,0.006,0.000,0.003
13240,0.003,0.006,0.000,0.003
13241,0.003,0.006,0.000,0.003
13242,0.003,0.006,0.000,0.003
13243,0.003,0.006,0.000,0.003
13244,0.003,0.006,0.000,0.003
13245,0.003,0.006,0.000,0.003
13246,0.003,0.006,0.000,0.003
13247,0.003,0.006,0.000,0.003
13248,0.003,0.006,0.000,0.003
13249,0.003,0.006,0.000,0.003
13250,0.003,0.006,0.000,0.003
13251,0.003,0.006,0.000,0.003
13252,0.003,0.006,0.000,0.003
13253,0.003,0.006,0.000,0.003
13254,0.003,0.006,0.000,0.003
13255,0.003,0.006,0.000,0.003
13256,0.003,0.006,0.000,0.003
13257,0.003,0.006,0.000,0.003
13258,0.003,0.006,0.000,0.003
13259,0.003,0.006,0.000,0.003
13260,0.003,0.006,0.000,0.003
13261,0.003,0.006,0.000,0.003
13262,0.003,0.006,0.000,0.003
13263,0.003,0.006,0.000,0.003
13264,0.003,0.006,0.000,0.003
13265,0.003,0.006,0.000,0.003
13266,0.003,0.006,0.000,0.003
13267,0.003,0.006,0.000,0.003
13268,0.003,0.006,0.000,0.003
13269,0.003,0.006,0.000,0.003
13270,0.003,0.006,0.000,0.003
13271,0.003,0.006,0.000,0.003
13272,0.003,0.006,0.000,0.003
13273,0.003,0.006,0.000,0.003
13274,0.003,0.006,0.000,0.003
13275,0.003,0.006,0.000,0.003
13276,0.003,0.006,0.000,0.003
13277,0.003,0.006,0.000,0.003
13278,0.003,0.006,0.000,0.003
13279,0.003,0.006,0.000,0.003
13280,0.003,0.006,0.000,0.003
13281,0.003,0.006,0.000,0.003
13282,0.003,0.006,0.000,0.003
13283,0.003,0.006,0.000,0.003
13284,0.003,0.006,0.000,0.003
13285,0.003,0.006,0.000,0.003
13286,0.003,0.006,0.000,0.003
13287,0.003,0.006,0.000,0.003
13288,0.003,0.006,0.000,0.003
13289,0.003,0.006,0.000,0.003
13290,0.003,0.006,0.000,0.003
13291,0.003,0.006,0.000,0.003
13292,0.003,0.006,0.000,0.003
13293,0.003,0.006,0.000,0.003
13294,0.003,0.006,0.000,0.003
13295,0.003,0.006,0.000,0.003
13296,0.003,0.006,0.000,0.003
13297,0.003,0.006,0.000,0.003
13298,0.003,0.006,0.000,0.003
13299,0.003,0.006,0.000,0.003
13300,0.003,0.006,0.000,0.003
13301,0.003,0.006,0.000,0.003
13302,0.003,0.006,0.000,0.003
13303,0.003,0.006,0.000,0.003
13304,0.003,0.006,0.000,0.003
13305,0.003,0.006,0.000,0.003
13306,0.003,0.006,0.000,0.003
13307,0.003,0.006,0.000,0.003
13308,0.003,0.006,0.000,0.003
13309,0.003,0.006,0.000,0.003
13310,0.003,0.006,0.000,0.003
13311,0.003,0.006,0.000,0.003
13312,0.003,0.006,0.000,0.003
13313,0.003,0.006,0.000,0.003
13314,0.003,0.006,0.000,0.003
13315,0.003,0.006,0.000,0.003
13316,0.003,0.006,0.000,0.003
13317,0.003,0.006,0.000,0.003
13318,0.003,0.006,0.000,0.003
13319,0.003,0.006,0.000,0.003
13320,0.003,0.006,0.000,0.003
13321,0.003,0.006,0.000,0.003
13322,0.003,0.006,0.000,0.003
13323,0.003,0.006,0.000,0.003
13324,0.003,0.006,0.000,0.003
13325,0.003,0.006,0.000,0.003
13326,0.003,0.006,0.000,0.003
13327,0.003,0.006,0.000,0.003
13328,0.003,0.006,0.000,0.003
13329,0.003,0.006,0.000,0.003
13330,0.003,0.006,0.000,0.003
13331,0.003,0.006,0.000,0.003
13332,0.003,0.006,0.000,0.003
13333,0.003,0.006,0.000,0.003
13334,0.003,0.006,0.000,0.003
13335,0.003,0.006,0.000,0.003
13336,0.003,0.006,0.000,0.003
13337,0.003,0.006,0.000,0.003
13338,0.003,0.006,0.000,0.003
13339,0.003,0.006,0.000,0.003
13340,0.003,0.006,0.000,0.003
13341,0.003,0.006,0.000,0.003
13342,0.003,0.006,0.000,0.003
13343,0.003,0.006,0.000,0.003
13344,0.003,0.006,0.000,0.003
13345,0.003,0.006,0.000,0.003
13346,0.003,0.006,0.000,0.003
13347,0.003,0.006,0.000,0.003
13348,0.003,0.006,0.000,0.003
13349,0.003,0.006,0.000,0.003
13350,0.003,0.006,0.000,0.003
13351,0.003,0.006,0.000,0.003
13352,0.003,0.006,0.000,0.003
13353,0.003,0.006,0.000,0.003
13354,0.003,0.006,0.000,0.003
13355,0.003,0.006,0.000,0.003
13356,0.003,0.006,0.000,0.003
13357,0.003,0.006,0.000,0.003
13358,0.003,0.006,0.000,0.003
13359,0.003,0.006,0.000,0.003
13360,0.003,0.006,0.000,0.003
13361,0.003,0.006,0.000,0.003
13362,0.003,0.006,0.000,0.003
13363,0.003,0.006,0.000,0.003
13364,0.003,0.006,0.000,0.003
13365,0.003,0.006,0.000,0.003
13366,0.003,0.006,0.000,0.003
13367,0.003,0.006,0.000,0.003
13368,0.003,0.006,0.000,0.003
13369,0.003,0.006,0.000,0.003
13370,0.003,0.006,0.000,0.003
13371,0.003,0.006,0.000,0.003
13372,0.003,0.006,0.000,0.003
13373,0.003,0.006,0.000,0.003
13374,0.003,0.006,0.000,0.003
13375,0.003,0.006,0.000,0.003
13376,0.003,0.006,0.000,0.003
13377,0.003,0.006,0.000,0.003
13378,0.003,0.006,0.000,0.003
13379,0.003,0.006,0.000,0.003
13380,0.003,0.006,0.000,0.003
13381,0.003,0.006,0.000,0.003
13382,0.003,0.006,0.000,0.003
13383,0.003,0.006,0.000,0.003
13384,0.003,0.006,0.000,0.003
13385,0.003,0.006,0.000,0.003
13386,0.003,0.006,0.000,0.003
13387,0.003,0.006,0.000,0.003
13388,0.003,0.006,0.000,0.003
13389,0.003,0.006,0.000,0.003
13390,0.003,0.006,0.000,0.003
13391,0.003,0.006,0.000,0.003
13392,0.003,0.006,0.000,0.003
13393,0.003,0.006,0.000,0.003
13394,0.003,0.006,0.000,0.003
13395,0.003,0.006,0.000,0.003
13396,0.003,0.006,0.000,0.003
13397,0.003,0.006,0.000,0.003
13398,0.003,0.006,0.000,0.003
13399,0.003,0.006,0.000,0.003
13400,0.003,0.006,0.000,0.003
13401,0.003,0.006,0.000,0.003
13402,0.003,0.006,0.000,0.003
13403,0.003,0.006,0.000,0.003
13404,0.003,0.006,0.000,0.003
13405,0.003,0.006,0.000,0.003
13406,0.003,0.006,0.000,0.003
13407,0.003,0.006,0.000,0.003
13408,0.003,0.006,0.000,0.003
13409,0.003,0.006,0.000,0.003
13410,0.003,0.006,0.000,0.003
13411,0.003,0.006,0.000,0.003
13412,0.003,0.006,0.000,0.003
13413,0.003,0.006,0.000,0.003
13414,0.003,0.006,0.000,0.003
13415,0.003,0.006,0.000,0.003
13416,0.003,0.006,0.000,0.003
13417,0.003,0.006,0.000,0.003
13418,0.003,0.006,0.000,0.003
13419,0.003,0.006,0.000,0.003
13420,0.003,0.006,0.000,0.003
13421,0.003,0.006,0.000,0.003
13422,0.003,0.006,0.000,0.003
13423,0.003,0.006,0.000,0.003
13424,0.003,0.006,0.000,0.003
13425,0.003,0.006,0.000,0.003
13426,0.003,0.006,0.000,0.003
13427,0.003,0.006,0.000,0.003
13428,0.003,0.006,0.000,0.003
13429,0.003,0.006,0.000,0.003
13430,0.003,0.006,0.000,0.003
13431,0.003,0.006,0.000,0.003
13432,0.003,0.006,0.000,0.003
13433,0.003,0.006,0.000,0.003
13434,0.003,0.006,0.000,0.003
13435,0.003,0.006,0.000,0.003
13436,0.003,0.006,0.000,0.003
13437,0.003,0.006,0.000,0.003
13438,0.003,0.006,0.000,0.003
13439,0.003,0.006,0.000,0.003
13440,0.003,0.006,0.000,0.003
13441,0.003,0.006,0.000,0.003
13442,0.003,0.006,0.000,0.003
13443,0.003,0.006,0.000,0.003
13444,0.003,0.006,0.000,0.003
13445,0.003,0.006,0.000,0.003
13446,0.003,0.006,0.000,0.003
13447,0.003,0.006,0.000,0.003
13448,0.003,0.006,0.000,0.003
13449,0.003,0.006,0.000,0.003
13450,0.003,0.006,0.000,0.003
13451,0.003,0.006,0.000,0.003
13452,0.003,0.006,0.000,0.003
13453,0.003,0.006,0.000,0.003
13454,0.003,0.006,0.000,0.003
13455,0.003,0.006,0.000,0.003
13456,0.003,0.006,0.000,0.003
13457,0.003,0.006,0.000,0.003
13458,0.003,0.006,0.000,0.003
13459,0.003,0.006,0.000,0.003
13460,0.003,0.006,0.000,0.003
13461,0.003,0.006,0.000,0.003
13462,0.003,0.006,0.000,0.003
13463,0.003,0.006,0.000,0.003
13464,0.003,0.006,0.000,0.003
13465,0.003,0.006,0.000,0.003
13466,0.003,0.006,0.000,0.003
13467,0.003,0.006,0.000,0.003
13468,0.003,0.006,0.000,0.003
13469,0.003,0.006,0.000,0.003
13470,0.003,0.006,0.000,0.003
13471,0.003,0.006,0.000,0.003
13472,0.003,0.006,0.000,0.003
13473,0.003,0.006,0.000,0.003
13474,0.003,0.006,0.000,0.003
13475,0.003,0.006,0.000,0.003
13476,0.003,0.006,0.000,0.003
13477,0.003,0.006,0.000,0.003
13478,0.003,0.006,0.000,0.003
13479,0.003,0.006,0.000,0.003
13480,0.003,0.006,0.000,0.003
13481,0.003,0.006,0.000,0.003
13482,0.003,0.006,0.000,0.003
13483,0.003,0.006,0.000,0.003
13484,0.003,0.006,0.000,0.003
13485,0.003,0.006,0.000,0.003
13486,0.003,0.006,0.000,0.003
13487,0.003,0.006,0.000,0.003
13488,0.003,0.006,0.000,0.003
13489,0.003,0.006,0.000,0.003
13490,0.003,0.006,0.000,0.003
13491,0.003,0.006,0.000,0.003
13492,0.003,0.006,0.000,0.003
13493,0.003,0.006,0.000,0.003
13494,0.003,0.006,0.000,0.003
13495,0.003,0.006,0.000,0.003
13496,0.003,0.006,0.000,0.003
13497,0.003,0.006,0.000,0.003
13498,0.003,0.006,0.000,0.003
13499,0.003,0.006,0.000,0.003
13500,0.003,0.006,0.000,0.003
13501,0.003,0.006,0.000,0.003
13502,0.003,0.006,0.000,0.003
13503,0.003,0.006,0.000,0.003
13504,0.003,0.006,0.000,0.003
13505,0.003,0.006,0.000,0.003
13506,0.003,0.006,0.000,0.003
13507,0.003,0.006,0.000,0.003
13508,0.003,0.006,0.000,0.003
13509,0.003,0.006,0.000,0.003
13510,0.003,0.006,0.000,0.003
13511,0.003,0.006,0.000,0.003
13512,0.003,0.006,0.000,0.003
13513,0.003,0.006,0.000,0.003
13514,0.003,0.006,0.000,0.003
13515,0.003,0.006,0.000,0.003
13516,0.003,0.006,0.000,0.003
13517,0.003,0.006,0.000,0.003
13518,0.003,0.006,0.000,0.003
13519,0.003,0.006,0.000,0.003
13520,0.003,0.006,0.000,0.003
13521,0.003,0.006,0.000,0.003
13522,0.003,0.006,0.000,0.003
13523,0.003,0.006,0.000,0.003
13524,0.003,0.006,0.000,0.003
13525,0.003,0.006,0.000,0.003
13526,0.003,0.006,0.000,0.003
13527,0.003,0.006,0.000,0.003
13528,0.003,0.006,0.000,0.003
13529,0.003,0.006,0.000,0.003
13530,0.003,0.006,0.000,0.003
13531,0.003,0.006,0.000,0.003
13532,0.003,0.006,0.000,0.003
13533,0.003,0.006,0.000,0.003
13534,0.003,0.006,0.000,0.003
13535,0.003,0.006,0.000,0.003
13536,0.003,0.006,0.000,0.003
13537,0.003,0.006,0.000,0.003
13538,0.003,0.006,0.000,0.003
13539,0.003,0.006,0.000,0.003
13540,0.003,0.006,0.000,0.003
13541,0.003,0.006,0.000,0.003
13542,0.003,0.006,0.000,0.003
13543,0.003,0.006,0.000,0.003
13544,0.003,0.006,0.000,0.003
13545,0.003,0.006,0.000,0.003
13546,0.003,0.006,0.000,0.003
13547,0.003,0.006,0.000,0.003
13548,0.003,0.006,0.000,0.003
13549,0.003,0.006,0.000,0.003
13550,0.003,0.006,0.000,0.003
13551,0.003,0.006,0.000,0.003
13552,0.003,0.006,0.000,0.003
13553,0.003,0.006,0.000,0.003
13554,0.003,0.006,0.000,0.003
13555,0.003,0.006,0.000,0.003
13556,0.003,0.006,0.000,0.003
13557,0.003,0.006,0.000,0.003
13558,0.003,0.006,0.000,0.003
13559,0.003,0.006,0.000,0.003
13560,0.003,0.006,0.000,0.003
13561,0.003,0.006,0.000,0.003
13562,0.003,0.006,0.000,0.003
13563,0.003,0.006,0.000,0.003
13564,0.003,0.006,0.000,0.003
13565,0.003,0.006,0.000,0.003
13566,0.003,0.006,0.000,0.003
13567,0.003,0.006,0.000,0.003
13568,0.003,0.006,0.000,0.003
13569,0.003,0.006,0.000,0.003
13570,0.003,0.006,0.000,0.003
13571,0.003,0.006,0.000,0.003
13572,0.003,0.006,0.000,0.003
13573,0.003,0.006,0.000,0.003
13574,0.003,0.006,0.000,0.003
13575,0.003,0.006,0.000,0.003
13576,0.003,0.006,0.000,0.003
13577,0.003,0.006,0.000,0.003
13578,0.003,0.006,0.000,0.003
13579,0.003,0.006,0.000,0.003
13580,0.003,0.006,0.000,0.003
13581,0.003,0.006,0.000,0.003
13582,0.003,0.006,0.000,0.003
13583,0.003,0.006,0.000,0.003
13584,0.003,0.006,0.000,0.003
13585,0.003,0.006,0.000,0.003
13586,0.003,0.006,0.000,0.003
13587,0.003,0.006,0.000,0.003
13588,0.003,0.006,0.000,0.003
13589,0.003,0.006,0.000,0.003
13590,0.003,0.006,0.000,0.003
13591,0.003,0.006,0.000,0.003
13592,0.003,0.006,0.000,0.003
13593,0.003,0.006,0.000,0.003
13594,0.003,0.006,0.000,0.003
13595,0.003,0.006,0.000,0.003
13596,0.003,0.006,0.000,0.003
13597,0.003,0.006,0.000,0.003
13598,0.003,0.006,0.000,0.003
13599,0.003,0.006,0.000,0.003
13600,0.003,0.006,0.000,0.003
13601,0.003,0.006,0.000,0.003
13602,0.003,0.006,0.000,0.003
13603,0.003,0.006,0.000,0.003
13604,0.003,0.006,0.000,0.003
13605,0.003,0.006,0.000,0.003
13606,0.003,0.006,0.000,0.003
13607,0.003,0.006,0.000,0.003
13608,0.003,0.006,0.000,0.003
13609,0.003,0.006,0.000,0.003
13610,0.003,0.006,0.000,0.003
13611,0.003,0.006,0.000,0.003
13612,0.003,0.006,0.000,0.003
13613,0.003,0.006,0.000,0.003
13614,0.003,0.006,0.000,0.003
13615,0.003,0.006,0.000,0.003
13616,0.003,0.006,0.000,0.003
13617,0.003,0.006,0.000,0.003
13618,0.003,0.006,0.000,0.003
13619,0.003,0.006,0.000,0.003
13620,0.003,0.006,0.000,0.003
13621,0.003,0.006,0.000,0.003
13622,0.003,0.006,0.000,0.003
13623,0.003,0.006,0.000,0.003
13624,0.003,0.006,0.000,0.003
13625,0.003,0.006,0.000,0.003
13626,0.003,0.006,0.000,0.003
13627,0.003,0.006,0.000,0.003
13628,0.003,0.006,0.000,0.003
13629,0.003,0.006,0.000,0.003
13630,0.003,0.006,0.000,0.003
13631,0.003,0.006,0.000,0.003
13632,0.003,0.006,0.000,0.003
13633,0.003,0.006,0.000,0.003
13634,0.003,0.006,0.000,0.003
13635,0.003,0.006,0.000,0.003
13636,0.003,0.006,0.000,0.003
13637,0.003,0.006,0.000,0.003
13638,0.003,0.006,0.000,0.003
13639,0.003,0.006,0.000,0.003
13640,0.003,0.006,0.000,0.003
13641,0.003,0.006,0.000,0.003
13642,0.003,0.006,0.000,0.003
13643,0.003,0.006,0.000,0.003
13644,0.003,0.006,0.000,0.003
13645,0.003,0.006,0.000,0.003
13646,0.003,0.006,0.000,0.003
13647,0.003,0.006,0.000,0.003
13648,0.003,0.006,0.000,0.003
13649,0.003,0.006,0.000,0.003
13650,0.003,0.006,0.000,0.003
13651,0.003,0.006,0.000,0.003
13652,0.003,0.006,0.000,0.003
13653,0.003,0.006,0.000,0.003
13654,0.003,0.006,0.000,0.003
13655,0.003,0.006,0.000,0.003
13656,0.003,0.006,0.000,0.003
13657,0.003,0.006,0.000,0.003
13658,0.003,0.006,0.000,0.003
13659,0.003,0.006,0.000,0.003
13660,0.003,0.006,0.000,0.003
13661,0.003,0.006,0.000,0.003
13662,0.003,0.006,0.000,0.003
13663,0.003,0.006,0.000,0.003
13664,0.003,0.006,0.000,0.003
13665,0.003,0.006,0.000,0.003
13666,0.003,0.006,0.000,0.003
13667,0.003,0.006,0.000,0.003
13668,0.003,0.006,0.000,0.003
13669,0.003,0.006,0.000,0.003
13670,0.003,0.006,0.000,0.003
13671,0.003,0.006,0.000,0.003
13672,0.003,0.006,0.000,0.003
13673,0.003,0.006,0.000,0.003
13674,0.003,0.006,0.000,0.003
13675,0.003,0.006,0.000,0.003
13676,0.003,0.006,0.000,0.003
13677,0.003,0.006,0.000,0.003
13678,0.003,0.006,0.000,0.003
13679,0.003,0.006,0.000,0.003
13680,0.003,0.006,0.000,0.003
13681,0.003,0.006,0.000,0.003
13682,0.003,0.006,0.000,0.003
13683,0.003,0.006,0.000,0.003
13684,0.003,0.006,0.000,0.003
13685,0.003,0.006,0.000,0.003
13686,0.003,0.006,0.000,0.003
13687,0.003,0.006,0.000,0.003
13688,0.003,0.006,0.000,0.003
13689,0.003,0.006,0.000,0.003
13690,0.003,0.006,0.000,0.003
13691,0.003,0.006,0.000,0.003
13692,0.003,0.006,0.000,0.003
13693,0.003,0.006,0.000,0.003
13694,0.003,0.006,0.000,0.003
13695,0.003,0.006,0.000,0.003
13696,0.003,0.006,0.000,0.003
13697,0.003,0.006,0.000,0.003
13698,0.003,0.006,0.000,0.003
13699,0.003,0.006,0.000,0.003
13700,0.003,0.006,0.000,0.003
13701,0.003,0.006,0.000,0.003
13702,0.003,0.006,0.000,0.003
13703,0.003,0.006,0.000,0.003
13704,0.003,0.006,0.000,0.003
13705,0.003,0.006,0.000,0.003
13706,0.003,0.006,0.000,0.003
13707,0.003,0.006,0.000,0.003
13708,0.003,0.006,0.000,0.003
13709,0.003,0.006,0.000,0.003
13710,0.003,0.006,0.000,0.003
13711,0.003,0.006,0.000,0.003
13712,0.003,0.006,0.000,0.003
13713,0.003,0.006,0.000,0.003
13714,0.003,0.006,0.000,0.003
13715,0.003,0.006,0.000,0.003
13716,0.003,0.006,0.000,0.003
13717,0.003,0.006,0.000,0.003
13718,0.003,0.006,0.000,0.003
13719,0.003,0.006,0.000,0.003
13720,0.003,0.006,0.000,0.003
13721,0.003,0.006,0.000,0.003
13722,0.003,0.006,0.000,0.003
13723,0.003,0.006,0.000,0.003
13724,0.003,0.006,0.000,0.003
13725,0.003,0.006,0.000,0.003
13726,0.003,0.006,0.000,0.003
13727,0.003,0.006,0.000,0.003
13728,0.003,0.006,0.000,0.003
13729,0.003,0.006,0.000,0.003
13730,0.003,0.006,0.000,0.003
13731,0.003,0.006,0.000,0.003
13732,0.003,0.006,0.000,0.003
13733,0.003,0.006,0.000,0.003
13734,0.003,0.006,0.000,0.003
13735,0.003,0.006,0.000,0.003
13736,0.003,0.006,0.000,0.003
13737,0.003,0.006,0.000,0.003
13738,0.003,0.006,0.000,0.003
13739,0.003,0.006,0.000,0.003
13740,0.003,0.006,0.000,0.003
13741,0.003,0.006,0.000,0.003
13742,0.003,0.006,0.000,0.003
13743,0.003,0.006,0.000,0.003
13744,0.003,0.006,0.000,0.003
13745,0.003,0.006,0.000,0.003
13746,0.003,0.006,0.000,0.003
13747,0.003,0.006,0.000,0.003
13748,0.003,0.006,0.000,0.003
13749,0.003,0.006,0.000,0.003
13750,0.003,0.006,0.000,0.003
13751,0.003,0.006,0.000,0.003
13752,0.003,0.006,0.000,0.003
13753,0.003,0.006,0.000,0.003
13754,0.003,0.006,0.000,0.003
13755,0.003,0.006,0.000,0.003
13756,0.003,0.006,0.000,0.003
13757,0.003,0.006,0.000,0.003
13758,0.003,0.006,0.000,0.003
13759,0.003,0.006,0.000,0.003
13760,0.003,0.006,0.000,0.003
13761,0.003,0.006,0.000,0.003
13762,0.003,0.006,0.000,0.003
13763,0.003,0.006,0.000,0.003
13764,0.003,0.006,0.000,0.003
13765,0.003,0.006,0.000,0.003
13766,0.003,0.006,0.000,0.003
13767,0.003,0.006,0.000,0.003
13768,0.003,0.006,0.000,0.003
13769,0.003,0.006,0.000,0.003
13770,0.003,0.006,0.000,0.003
13771,0.003,0.006,0.000,0.003
13772,0.003,0.006,0.000,0.003
13773,0.003,0.006,0.000,0.003
13774,0.003,0.006,0.000,0.003
13775,0.003,0.006,0.000,0.003
13776,0.003,0.006,0.000,0.003
13777,0.003,0.006,0.000,0.003
13778,0.003,0.006,0.000,0.003
13779,0.003,0.006,0.000,0.003
13780,0.003,0.006,0.000,0.003
13781,0.003,0.006,0.000,0.003
13782,0.003,0.006,0.000,0.003
13783,0.003,0.006,0.000,0.003
13784,0.003,0.006,0.000,0.003
13785,0.003,0.006,0.000,0.003
13786,0.003,0.006,0.000,0.003
13787,0.003,0.006,0.000,0.003
13788,0.003,0.006,0.000,0.003
13789,0.003,0.006,0.000,0.003
13790,0.003,0.006,0.000,0.003
13791,0.003,0.006,0.000,0.003
13792,0.003,0.006,0.000,0.003
13793,0.003,0.006,0.000,0.003
13794,0.003,0.006,0.000,0.003
13795,0.003,0.006,0.000,0.003
13796,0.003,0.006,0.000,0.003
13797,0.003,0.006,0.000,0.003
13798,0.003,0.006,0.000,0.003
13799,0.003,0.006,0.000,0.003
13800,0.003,0.006,0.000,0.003
13801,0.003,0.006,0.000,0.003
13802,0.003,0.006,0.000,0.003
13803,0.003,0.006,0.000,0.003
13804,0.003,0.006,0.000,0.003
13805,0.003,0.006,0.000,0.003
13806,0.003,0.006,0.000,0.003
13807,0.003,0.006,0.000,0.003
13808,0.003,0.006,0.000,0.003
13809,0.003,0.006,0.000,0.003
13810,0.003,0.006,0.000,0.003
13811,0.003,0.006,0.000,0.003
13812,0.003,0.006,0.000,0.003
13813,0.003,0.006,0.000,0.003
13814,0.003,0.006,0.000,0.003
13815,0.003,0.006,0.000,0.003
13816,0.003,0.006,0.000,0.003
13817,0.003,0.006,0.000,0.003
13818,0.003,0.006,0.000,0.003
13819,0.003,0.006,0.000,0.003
13820,0.003,0.006,0.000,0.003
13821,0.003,0.006,0.000,0.003
13822,0.003,0.006,0.000,0.003
13823,0.003,0.006,0.000,0.003
13824,0.003,0.006,0.000,0.003
13825,0.003,0.006,0.000,0.003
13826,0.003,0.006,0.000,0.003
13827,0.003,0.006,0.000,0.003
13828,0.003,0.006,0.000,0.003
13829,0.003,0.006,0.000,0.003
13830,0.003,0.006,0.000,0.003
13831,0.003,0.006,0.000,0.003
13832,0.003,0.006,0.000,0.003
13833,0.003,0.006,0.000,0.003
13834,0.003,0.006,0.000,0.003
13835,0.003,0.006,0.000,0.003
13836,0.003,0.006,0.000,0.003
13837,0.003,0.006,0.000,0.003
13838,0.003,0.006,0.000,0.003
13839,0.003,0.006,0.000,0.003
13840,0.003,0.006,0.000,0.003
13841,0.003,0.006,0.000,0.003
13842,0.003,0.006,0.000,0.003
13843,0.003,0.006,0.000,0.003
13844,0.003,0.006,0.000,0.003
13845,0.003,0.006,0.000,0.003
13846,0.003,0.006,0.000,0.003
13847,0.003,0.006,0.000,0.003
13848,0.003,0.006,0.000,0.003
13849,0.003,0.006,0.000,0.003
13850,0.003,0.006,0.000,0.003
13851,0.003,0.006,0.000,0.003
13852,0.003,0.006,0.000,0.003
13853,0.003,0.006,0.000,0.003
13854,0.003,0.006,0.000,0.003
13855,0.003,0.006,0.000,0.003
13856,0.003,0.006,0.000,0.003
13857,0.003,0.006,0.000,0.003
13858,0.003,0.006,0.000,0.003
13859,0.003,0.006,0.000,0.003
13860,0.003,0.006,0.000,0.003
13861,0.003,0.006,0.000,0.003
13862,0.003,0.006,0.000,0.003
13863,0.003,0.006,0.000,0.003
13864,0.003,0.006,0.000,0.003
13865,0.003,0.006,0.000,0.003
13866,0.003,0.006,0.000,0.003
13867,0.003,0.006,0.000,0.003
13868,0.003,0.006,0.000,0.003
13869,0.003,0.006,0.000,0.003
13870,0.003,0.006,0.000,0.003
13871,0.003,0.006,0.000,0.003
13872,0.003,0.006,0.000,0.003
13873,0.003,0.006,0.000,0.003
13874,0.003,0.006,0.000,0.003
13875,0.003,0.006,0.000,0.003
13876,0.003,0.006,0.000,0.003
13877,0.003,0.006,0.000,0.003
13878,0.003,0.006,0.000,0.003
13879,0.003,0.006,0.000,0.003
13880,0.003,0.006,0.000,0.003
13881,0.003,0.006,0.000,0.003
13882,0.003,0.006,0.000,0.003
13883,0.003,0.006,0.000,0.003
13884,0.003,0.006,0.000,0.003
13885,0.003,0.006,0.000,0.003
13886,0.003,0.006,0.000,0.003
13887,0.003,0.006,0.000,0.003
13888,0.003,0.006,0.000,0.003
13889,0.003,0.006,0.000,0.003
13890,0.003,0.006,0.000,0.003
13891,0.003,0.006,0.000,0.003
13892,0.003,0.006,0.000,0.003
13893,0.003,0.006,0.000,0.003
13894,0.003,0.006,0.000,0.003
13895,0.003,0.006,0.000,0.003
13896,0.003,0.006,0.000,0.003
13897,0.003,0.006,0.000,0.003
13898,0.003,0.006,0.000,0.003
13899,0.003,0.006,0.000,0.003
13900,0.003,0.006,0.000,0.003
13901,0.003,0.006,0.000,0.003
13902,0.003,0.006,0.000,0.003
13903,0.003,0.006,0.000,0.003
13904,0.003,0.006,0.000,0.003
13905,0.003,0.006,0.000,0.003
13906,0.003,0.006,0.000,0.003
13907,0.003,0.006,0.000,0.003
13908,0.003,0.006,0.000,0.003
13909,0.003,0.006,0.000,0.003
13910,0.003,0.006,0.000,0.003
13911,0.003,0.006,0.000,0.003
13912,0.003,0.006,0.000,0.003
13913,0.003,0.006,0.000,0.003
13914,0.003,0.006,0.000,0.003
13915,0.003,0.006,0.000,0.003
13916,0.003,0.006,0.000,0.003
13917,0.003,0.006,0.000,0.003
13918,0.003,0.006,0.000,0.003
13919,0.003,0.006,0.000,0.003
13920,0.003,0.006,0.000,0.003
13921,0.003,0.006,0.000,0.003
13922,0.003,0.006,0.000,0.003
13923,0.003,0.006,0.000,0.003
13924,0.003,0.006,0.000,0.003
13925,0.003,0.006,0.000,0.003
13926,0.003,0.006,0.000,0.003
13927,0.003,0.006,0.000,0.003
13928,0.003,0.006,0.000,0.003
13929,0.003,0.006,0.000,0.003
13930,0.003,0.006,0.000,0.003
13931,0.003,0.006,0.000,0.003
13932,0.003,0.006,0.000,0.003
13933,0.003,0.006,0.000,0.003
13934,0.003,0.006,0.000,0.003
13935,0.003,0.006,0.000,0.003
13936,0.003,0.006,0.000,0.003
13937,0.003,0.006,0.000,0.003
13938,0.003,0.006,0.000,0.003
13939,0.003,0.006,0.000,0.003
13940,0.003,0.006,0.000,0.003
13941,0.003,0.006,0.000,0.003
13942,0.003,0.006,0.000,0.003
13943,0.003,0.006,0.000,0.003
13944,0.003,0.006,0.000,0.003
13945,0.003,0.006,0.000,0.003
13946,0.003,0.006,0.000,0.003
13947,0.003,0.006,0.000,0.003
13948,0.003,0.006,0.000,0.003
13949,0.003,0.006,0.000,0.003
13950,0.003,0.006,0.000,0.003
13951,0.003,0.006,0.000,0.003
13952,0.003,0.006,0.000,0.003
13953,0.003,0.006,0.000,0.003
13954,0.003,0.006,0.000,0.003
13955,0.003,0.006,0.000,0.003
13956,0.003,0.006,0.000,0.003
13957,0.003,0.006,0.000,0.003
13958,0.003,0.006,0.000,0.003
13959,0.003,0.006,0.000,0.003
13960,0.003,0.006,0.000,0.003
13961,0.003,0.006,0.000,0.003
13962,0.003,0.006,0.000,0.003
13963,0.003,0.006,0.000,0.003
13964,0.003,0.006,0.000,0.003
13965,0.003,0.006,0.000,0.003
13966,0.003,0.006,0.000,0.003
13967,0.003,0.006,0.000,0.003
13968,0.003,0.006,0.000,0.003
13969,0.003,0.006,0.000,0.003
13970,0.003,0.006,0.000,0.003
13971,0.003,0.006,0.000,0.003
13972,0.003,0.006,0.000,0.003
13973,0.003,0.006,0.000,0.003
13974,0.003,0.006,0.000,0.003
13975,0.003,0.006,0.000,0.003
13976,0.003,0.006,0.000,0.003
13977,0.003,0.006,0.000,0.003
13978,0.003,0.006,0.000,0.003
13979,0.003,0.006,0.000,0.003
13980,0.003,0.006,0.000,0.003
13981,0.003,0.006,0.000,0.003
13982,0.003,0.006,0.000,0.003
13983,0.003,0.006,0.000,0.003
13984,0.003,0.006,0.000,0.003
13985,0.003,0.006,0.000,0.003
13986,0.003,0.006,0.000,0.003
13987,0.003,0.006,0.000,0.003
13988,0.003,0.006,0.000,0.003
13989,0.003,0.006,0.000,0.003
13990,0.003,0.006,0.000,0.003
13991,0.003,0.006,0.000,0.003
13992,0.003,0.006,0.000,0.003
13993,0.003,0.006,0.000,0.003
13994,0.003,0.006,0.000,0.003
13995,0.003,0.006,0.000,0.003
13996,0.003,0.006,0.000,0.003
13997,0.003,0.006,0.000,0.003
13998,0.003,0.006,0.000,0.003
13999,0.003,0.006,0.000,0.003
14000,0.003,0.006,0.000,0.003
14001,0.003,0.006,0.000,0.003
14002,0.003,0.006,0.000,0.003
14003,0.003,0.006,0.000,0.003
14004,0.003,0.006,0.000,0.003
14005,0.003,0.006,0.000,0.003
14006,0.003,0.006,0.000,0.003
14007,0.003,0.006,0.000,0.003
14008,0.003,0.006,0.000,0.003
14009,0.003,0.006,0.000,0.003
14010,0.003,0.006,0.000,0.003
14011,0.003,0.006,0.000,0.003
14012,0.003,0.006,0.000,0.003
14013,0.003,0.006,0.000,0.003
14014,0.003,0.006,0.000,0.003
14015,0.003,0.006,0.000,0.003
14016,0.003,0.006,0.000,0.003
14017,0.003,0.006,0.000,0.003
14018,0.003,0.006,0.000,0.003
14019,0.003,0.006,0.000,0.003
14020,0.003,0.006,0.000,0.003
14021,0.003,0.006,0.000,0.003
14022,0.003,0.006,0.000,0.003
14023,0.003,0.006,0.000,0.003
14024,0.003,0.006,0.000,0.003
14025,0.003,0.006,0.000,0.003
14026,0.003,0.006,0.000,0.003
14027,0.003,0.006,0.000,0.003
14028,0.003,0.006,0.000,0.003
14029,0.003,0.006,0.000,0.003
14030,0.003,0.006,0.000,0.003
14031,0.003,0.006,0.000,0.003
14032,0.003,0.006,0.000,0.003
14033,0.003,0.006,0.000,0.003
14034,0.003,0.006,0.000,0.003
14035,0.003,0.006,0.000,0.003
14036,0.003,0.006,0.000,0.003
14037,0.003,0.006,0.000,0.003
14038,0.003,0.006,0.000,0.003
14039,0.003,0.006,0.000,0.003
14040,0.003,0.006,0.000,0.003
14041,0.003,0.006,0.000,0.003
14042,0.003,0.006,0.000,0.003
14043,0.003,0.006,0.000,0.003
14044,0.003,0.006,0.000,0.003
14045,0.003,0.006,0.000,0.003
14046,0.003,0.006,0.000,0.003
14047,0.003,0.006,0.000,0.003
14048,0.003,0.006,0.000,0.003
14049,0.003,0.006,0.000,0.003
14050,0.003,0.006,0.000,0.003
14051,0.003,0.006,0.000,0.003
14052,0.003,0.006,0.000,0.003
14053,0.003,0.006,0.000,0.003
14054,0.003,0.006,0.000,0.003
14055,0.003,0.006,0.000,0.003
14056,0.003,0.006,0.000,0.003
14057,0.003,0.006,0.000,0.003
14058,0.003,0.006,0.000,0.003
14059,0.003,0.006,0.000,0.003
14060,0.003,0.006,0.000,0.003
14061,0.003,0.006,0.000,0.003
14062,0.003,0.006,0.000,0.003
14063,0.003,0.006,0.000,0.003
14064,0.003,0.006,0.000,0.003
14065,0.003,0.006,0.000,0.003
14066,0.003,0.006,0.000,0.003
14067,0.003,0.006,0.000,0.003
14068,0.003,0.006,0.000,0.003
14069,0.003,0.006,0.000,0.003
14070,0.003,0.006,0.000,0.003
14071,0.003,0.006,0.000,0.003
14072,0.003,0.006,0.000,0.003
14073,0.003,0.006,0.000,0.003
14074,0.003,0.006,0.000,0.003
14075,0.003,0.006,0.000,0.003
14076,0.003,0.006,0.000,0.003
14077,0.003,0.006,0.000,0.003
14078,0.003,0.006,0.000,0.003
14079,0.003,0.006,0.000,0.003
14080,0.003,0.006,0.000,0.003
14081,0.003,0.006,0.000,0.003
14082,0.003,0.006,0.000,0.003
14083,0.003,0.006,0.000,0.003
14084,0.003,0.006,0.000,0.003
14085,0.003,0.006,0.000,0.003
14086,0.003,0.006,0.000,0.003
14087,0.003,0.006,0.000,0.003
14088,0.003,0.006,0.000,0.003
14089,0.003,0.006,0.000,0.003
14090,0.003,0.006,0.000,0.003
14091,0.003,0.006,0.000,0.003
14092,0.003,0.006,0.000,0.003
14093,0.003,0.006,0.000,0.003
14094,0.003,0.006,0.000,0.003
14095,0.003,0.006,0.000,0.003
14096,0.003,0.006,0.000,0.003
14097,0.003,0.006,0.000,0.003
14098,0.003,0.006,0.000,0.003
14099,0.003,0.006,0.000,0.003
14100,0.003,0.006,0.000,0.003
14101,0.003,0.006,0.000,0.003
14102,0.003,0.006,0.000,0.003
14103,0.003,0.006,0.000,0.003
14104,0.003,0.006,0.000,0.003
14105,0.003,0.006,0.000,0.003
14106,0.003,0.006,0.000,0.003
14107,0.003,0.006,0.000,0.003
14108,0.003,0.006,0.000,0.003
14109,0.003,0.006,0.000,0.003
14110,0.003,0.006,0.000,0.003
14111,0.003,0.006,0.000,0.003
14112,0.003,0.006,0.000,0.003
14113,0.003,0.006,0.000,0.003
14114,0.003,0.006,0.000,0.003
14115,0.003,0.006,0.000,0.003
14116,0.003,0.006,0.000,0.003
14117,0.003,0.006,0.000,0.003
14118,0.003,0.006,0.000,0.003
14119,0.003,0.006,0.000,0.003
14120,0.003,0.006,0.000,0.003
14121,0.003,0.006,0.000,0.003
14122,0.003,0.006,0.000,0.003
14123,0.003,0.006,0.000,0.003
14124,0.003,0.006,0.000,0.003
14125,0.003,0.006,0.000,0.003
14126,0.003,0.006,0.000,0.003
14127,0.003,0.006,0.000,0.003
14128,0.003,0.006,0.000,0.003
14129,0.003,0.006,0.000,0.003
14130,0.003,0.006,0.000,0.003
14131,0.003,0.006,0.000,0.003
14132,0.003,0.006,0.000,0.003
14133,0.003,0.006,0.000,0.003
14134,0.003,0.006,0.000,0.003
14135,0.003,0.006,0.000,0.003
14136,0.003,0.006,0.000,0.003
14137,0.003,0.006,0.000,0.003
14138,0.003,0.006,0.000,0.003
14139,0.003,0.006,0.000,0.003
14140,0.003,0.006,0.000,0.003
14141,0.003,0.006,0.000,0.003
14142,0.003,0.006,0.000,0.003
14143,0.003,0.006,0.000,0.003
14144,0.003,0.006,0.000,0.003
14145,0.003,0.006,0.000,0.003
14146,0.003,0.006,0.000,0.003
14147,0.003,0.006,0.000,0.003
14148,0.003,0.006,0.000,0.003
14149,0.003,0.006,0.000,0.003
14150,0.003,0.006,0.000,0.003
14151,0.003,0.006,0.000,0.003
14152,0.003,0.006,0.000,0.003
14153,0.003,0.006,0.000,0.003
14154,0.003,0.006,0.000,0.003
14155,0.003,0.006,0.000,0.003
14156,0.003,0.006,0.000,0.003
14157,0.003,0.006,0.000,0.003
14158,0.003,0.006,0.000,0.003
14159,0.003,0.006,0.000,0.003
14160,0.003,0.006,0.000,0.003
14161,0.003,0.006,0.000,0.003
14162,0.003,0.006,0.000,0.003
14163,0.003,0.006,0.000,0.003
14164,0.003,0.006,0.000,0.003
14165,0.003,0.006,0.000,0.003
14166,0.003,0.006,0.000,0.003
14167,0.003,0.006,0.000,0.003
14168,0.003,0.006,0.000,0.003
14169,0.003,0.006,0.000,0.003
14170,0.003,0.006,0.000,0.003
14171,0.003,0.006,0.000,0.003
14172,0.003,0.006,0.000,0.003
14173,0.003,0.006,0.000,0.003
14174,0.003,0.006,0.000,0.003
14175,0.003,0.006,0.000,0.003
14176,0.003,0.006,0.000,0.003
14177,0.003,0.006,0.000,0.003
14178,0.003,0.006,0.000,0.003
14179,0.003,0.006,0.000,0.003
14180,0.003,0.006,0.000,0.003
14181,0.003,0.006,0.000,0.003
14182,0.003,0.006,0.000,0.003
14183,0.003,0.006,0.000,0.003
14184,0.003,0.006,0.000,0.003
14185,0.003,0.006,0.000,0.003
14186,0.003,0.006,0.000,0.003
14187,0.003,0.006,0.000,0.003
14188,0.003,0.006,0.000,0.003
14189,0.003,0.006,0.000,0.003
14190,0.003,0.006,0.000,0.003
14191,0.003,0.006,0.000,0.003
14192,0.003,0.006,0.000,0.003
14193,0.003,0.006,0.000,0.003
14194,0.003,0.006,0.000,0.003
14195,0.003,0.006,0.000,0.003
14196,0.003,0.006,0.000,0.003
14197,0.003,0.006,0.000,0.003
14198,0.003,0.006,0.000,0.003
14199,0.003,0.006,0.000,0.003
14200,0.003,0.006,0.000,0.003
14201,0.003,0.006,0.000,0.003
14202,0.003,0.006,0.000,0.003
14203,0.003,0.006,0.000,0.003
14204,0.003,0.006,0.000,0.003
14205,0.003,0.006,0.000,0.003
14206,0.003,0.006,0.000,0.003
14207,0.003,0.006,0.000,0.003
14208,0.003,0.006,0.000,0.003
14209,0.003,0.006,0.000,0.003
14210,0.003,0.006,0.000,0.003
14211,0.003,0.006,0.000,0.003
14212,0.003,0.006,0.000,0.003
14213,0.003,0.006,0.000,0.003
14214,0.003,0.006,0.000,0.003
14215,0.003,0.006,0.000,0.003
14216,0.003,0.006,0.000,0.003
14217,0.003,0.006,0.000,0.003
14218,0.003,0.006,0.000,0.003
14219,0.003,0.006,0.000,0.003
14220,0.003,0.006,0.000,0.003
14221,0.003,0.006,0.000,0.003
14222,0.003,0.006,0.000,0.003
14223,0.003,0.006,0.000,0.003
14224,0.003,0.006,0.000,0.003
14225,0.003,0.006,0.000,0.003
14226,0.003,0.006,0.000,0.003
14227,0.003,0.006,0.000,0.003
14228,0.003,0.006,0.000,0.003
14229,0.003,0.006,0.000,0.003
14230,0.003,0.006,0.000,0.003
14231,0.003,0.006,0.000,0.003
14232,0.003,0.006,0.000,0.003
14233,0.003,0.006,0.000,0.003
14234,0.003,0.006,0.000,0.003
14235,0.003,0.006,0.000,0.003
14236,0.003,0.006,0.000,0.003
14237,0.003,0.006,0.000,0.003
14238,0.003,0.006,0.000,0.003
14239,0.003,0.006,0.000,0.003
14240,0.003,0.006,0.000,0.003
14241,0.003,0.006,0.000,0.003
14242,0.003,0.006,0.000,0.003
14243,0.003,0.006,0.000,0.003
14244,0.003,0.006,0.000,0.003
14245,0.003,0.006,0.000,0.003
14246,0.003,0.006,0.000,0.003
14247,0.003,0.006,0.000,0.003
14248,0.003,0.006,0.000,0.003
14249,0.003,0.006,0.000,0.003
14250,0.003,0.006,0.000,0.003
14251,0.003,0.006,0.000,0.003
14252,0.003,0.006,0.000,0.003
14253,0.003,0.006,0.000,0.003
14254,0.003,0.006,0.000,0.003
14255,0.003,0.006,0.000,0.003
14256,0.003,0.006,0.000,0.003
14257,0.003,0.006,0.000,0.003
14258,0.003,0.006,0.000,0.003
14259,0.003,0.006,0.000,0.003
14260,0.003,0.006,0.000,0.003
14261,0.003,0.006,0.000,0.003
14262,0.003,0.006,0.000,0.003
14263,0.003,0.006,0.000,0.003
14264,0.003,0.006,0.000,0.003
14265,0.003,0.006,0.000,0.003
14266,0.003,0.006,0.000,0.003
14267,0.003,0.006,0.000,0.003
14268,0.003,0.006,0.000,0.003
14269,0.003,0.006,0.000,0.003
14270,0.003,0.006,0.000,0.003
14271,0.003,0.006,0.000,0.003
14272,0.003,0.006,0.000,0.003
14273,0.003,0.006,0.000,0.003
14274,0.003,0.006,0.000,0.003
14275,0.003,0.006,0.000,0.003
14276,0.003,0.006,0.000,0.003
14277,0.003,0.006,0.000,0.003
14278,0.003,0.006,0.000,0.003
14279,0.003,0.006,0.000,0.003
14280,0.003,0.006,0.000,0.003
14281,0.003,0.006,0.000,0.003
14282,0.003,0.006,0.000,0.003
14283,0.003,0.006,0.000,0.003
14284,0.003,0.006,0.000,0.003
14285,0.003,0.006,0.000,0.003
14286,0.003,0.006,0.000,0.003
14287,0.003,0.006,0.000,0.003
14288,0.003,0.006,0.000,0.003
14289,0.003,0.006,0.000,0.003
14290,0.003,0.006,0.000,0.003
14291,0.003,0.006,0.000,0.003
14292,0.003,0.006,0.000,0.003
14293,0.003,0.006,0.000,0.003
14294,0.003,0.006,0.000,0.003
14295,0.003,0.006,0.000,0.003
14296,0.003,0.006,0.000,0.003
14297,0.003,0.006,0.000,0.003
14298,0.003,0.006,0.000,0.003
14299,0.003,0.006,0.000,0.003
14300,0.003,0.006,0.000,0.003
14301,0.003,0.006,0.000,0.003
14302,0.003,0.006,0.000,0.003
14303,0.003,0.006,0.000,0.003
14304,0.003,0.006,0.000,0.003
14305,0.003,0.006,0.000,0.003
14306,0.003,0.006,0.000,0.003
14307,0.003,0.006,0.000,0.003
14308,0.003,0.006,0.000,0.003
14309,0.003,0.006,0.000,0.003
14310,0.003,0.006,0.000,0.003
14311,0.003,0.006,0.000,0.003
14312,0.003,0.006,0.000,0.003
14313,0.003,0.006,0.000,0.003
14314,0.003,0.006,0.000,0.003
14315,0.003,0.006,0.000,0.003
14316,0.003,0.006,0.000,0.003
14317,0.003,0.006,0.000,0.003
14318,0.003,0.006,0.000,0.003
14319,0.003,0.006,0.000,0.003
14320,0.003,0.006,0.000,0.003
14321,0.003,0.006,0.000,0.003
14322,0.003,0.006,0.000,0.003
14323,0.003,0.006,0.000,0.003
14324,0.003,0.006,0.000,0.003
14325,0.003,0.006,0.000,0.003
14326,0.003,0.006,0.000,0.003
14327,0.003,0.006,0.000,0.003
14328,0.003,0.006,0.000,0.003
14329,0.003,0.006,0.000,0.003
14330,0.003,0.006,0.000,0.003
14331,0.003,0.006,0.000,0.003
14332,0.003,0.006,0.000,0.003
14333,0.003,0.006,0.000,0.003
14334,0.003,0.006,0.000,0.003
14335,0.003,0.006,0.000,0.003
14336,0.003,0.006,0.000,0.003
14337,0.003,0.006,0.000,0.003
14338,0.003,0.006,0.000,0.003
14339,0.003,0.006,0.000,0.003
14340,0.003,0.006,0.000,0.003
14341,0.003,0.006,0.000,0.003
14342,0.003,0.006,0.000,0.003
14343,0.003,0.006,0.000,0.003
14344,0.003,0.006,0.000,0.003
14345,0.003,0.006,0.000,0.003
14346,0.003,0.006,0.000,0.003
14347,0.003,0.006,0.000,0.003
14348,0.003,0.006,0.000,0.003
14349,0.003,0.006,0.000,0.003
14350,0.003,0.006,0.000,0.003
14351,0.003,0.006,0.000,0.003
14352,0.003,0.006,0.000,0.003
14353,0.003,0.006,0.000,0.003
14354,0.003,0.006,0.000,0.003
14355,0.003,0.006,0.000,0.003
14356,0.003,0.006,0.000,0.003
14357,0.003,0.006,0.000,0.003
14358,0.003,0.006,0.000,0.003
14359,0.003,0.006,0.000,0.003
14360,0.003,0.006,0.000,0.003
14361,0.003,0.006,0.000,0.003
14362,0.003,0.006,0.000,0.003
14363,0.003,0.006,0.000,0.003
14364,0.003,0.006,0.000,0.003
14365,0.003,0.006,0.000,0.003
14366,0.003,0.006,0.000,0.003
14367,0.003,0.006,0.000,0.003
14368,0.003,0.006,0.000,0.003
14369,0.003,0.006,0.000,0.003
14370,0.003,0.006,0.000,0.003
14371,0.003,0.006,0.000,0.003
14372,0.003,0.006,0.000,0.003
14373,0.003,0.006,0.000,0.003
14374,0.003,0.006,0.000,0.003
14375,0.003,0.006,0.000,0.003
14376,0.003,0.006,0.000,0.003
14377,0.003,0.006,0.000,0.003
14378,0.003,0.006,0.000,0.003
14379,0.003,0.006,0.000,0.003
14380,0.003,0.006,0.000,0.003
14381,0.003,0.006,0.000,0.003
14382,0.003,0.006,0.000,0.003
14383,0.003,0.006,0.000,0.003
14384,0.003,0.006,0.000,0.003
14385,0.003,0.006,0.000,0.003
14386,0.003,0.006,0.000,0.003
14387,0.003,0.006,0.000,0.003
14388,0.003,0.006,0.000,0.003
14389,0.003,0.006,0.000,0.003
14390,0.003,0.006,0.000,0.003
14391,0.003,0.006,0.000,0.003
14392,0.003,0.006,0.000,0.003
14393,0.003,0.006,0.000,0.003
14394,0.003,0.006,0.000,0.003
14395,0.003,0.006,0.000,0.003
14396,0.003,0.006,0.000,0.003
14397,0.003,0.006,0.000,0.003
14398,0.003,0.006,0.000,0.003
14399,0.003,0.006,0.000,0.003
14400,0.003,0.006,0.000,0.003
14401,0.003,0.006,0.000,0.003
14402,0.003,0.006,0.000,0.003
14403,0.003,0.006,0.000,0.003
14404,0.003,0.006,0.000,0.003
14405,0.003,0.006,0.000,0.003
14406,0.003,0.006,0.000,0.003
14407,0.003,0.006,0.000,0.003
14408,0.003,0.006,0.000,0.003
14409,0.003,0.006,0.000,0.003
14410,0.003,0.006,0.000,0.003
14411,0.003,0.006,0.000,0.003
14412,0.003,0.006,0.000,0.003
14413,0.003,0.006,0.000,0.003
14414,0.003,0.006,0.000,0.003
14415,0.003,0.006,0.000,0.003
14416,0.003,0.006,0.000,0.003
14417,0.003,0.006,0.000,0.003
14418,0.003,0.006,0.000,0.003
14419,0.003,0.006,0.000,0.003
14420,0.003,0.006,0.000,0.003
14421,0.003,0.006,0.000,0.003
14422,0.003,0.006,0.000,0.003
14423,0.003,0.006,0.000,0.003
14424,0.003,0.006,0.000,0.003
14425,0.003,0.006,0.000,0.003
14426,0.003,0.006,0.000,0.003
14427,0.003,0.006,0.000,0.003
14428,0.003,0.006,0.000,0.003
14429,0.003,0.006,0.000,0.003
14430,0.003,0.006,0.000,0.003
14431,0.003,0.006,0.000,0.003
14432,0.003,0.006,0.000,0.003
14433,0.003,0.006,0.000,0.003
14434,0.003,0.006,0.000,0.003
14435,0.003,0.006,0.000,0.003
14436,0.003,0.006,0.000,0.003
14437,0.003,0.006,0.000,0.003
14438,0.003,0.006,0.000,0.003
14439,0.003,0.006,0.000,0.003
14440,0.003,0.006,0.000,0.003
14441,0.003,0.006,0.000,0.003
14442,0.003,0.006,0.000,0.003
14443,0.003,0.006,0.000,0.003
14444,0.003,0.006,0.000,0.003
14445,0.003,0.006,0.000,0.003
14446,0.003,0.006,0.000,0.003
14447,0.003,0.006,0.000,0.003
14448,0.003,0.006,0.000,0.003
14449,0.003,0.006,0.000,0.003
14450,0.003,0.006,0.000,0.003
14451,0.003,0.006,0.000,0.003
14452,0.003,0.006,0.000,0.003
14453,0.003,0.006,0.000,0.003
14454,0.003,0.006,0.000,0.003
14455,0.003,0.006,0.000,0.003
14456,0.003,0.006,0.000,0.003
14457,0.003,0.006,0.000,0.003
14458,0.003,0.006,0.000,0.003
14459,0.003,0.006,0.000,0.003
14460,0.003,0.006,0.000,0.003
14461,0.003,0.006,0.000,0.003
14462,0.003,0.006,0.000,0.003
14463,0.003,0.006,0.000,0.003
14464,0.003,0.006,0.000,0.003
14465,0.003,0.006,0.000,0.003
14466,0.003,0.006,0.000,0.003
14467,0.003,0.006,0.000,0.003
14468,0.003,0.006,0.000,0.003
14469,0.003,0.006,0.000,0.003
14470,0.003,0.006,0.000,0.003
14471,0.003,0.006,0.000,0.003
14472,0.003,0.006,0.000,0.003
14473,0.003,0.006,0.000,0.003
14474,0.003,0.006,0.000,0.003
14475,0.003,0.006,0.000,0.003
14476,0.003,0.006,0.000,0.003
14477,0.003,0.006,0.000,0.003
14478,0.003,0.006,0.000,0.003
14479,0.003,0.006,0.000,0.003
14480,0.003,0.006,0.000,0.003
14481,0.003,0.006,0.000,0.003
14482,0.003,0.006,0.000,0.003
14483,0.003,0.006,0.000,0.003
14484,0.003,0.006,0.000,0.003
14485,0.003,0.006,0.000,0.003
14486,0.003,0.006,0.000,0.003
14487,0.003,0.006,0.000,0.003
14488,0.003,0.006,0.000,0.003
14489,0.003,0.006,0.000,0.003
14490,0.003,0.006,0.000,0.003
14491,0.003,0.006,0.000,0.003
14492,0.003,0.006,0.000,0.003
14493,0.003,0.006,0.000,0.003
14494,0.003,0.006,0.000,0.003
14495,0.003,0.006,0.000,0.003
14496,0.003,0.006,0.000,0.003
14497,0.003,0.006,0.000,0.003
14498,0.003,0.006,0.000,0.003
14499,0.003,0.006,0.000,0.003
14500,0.003,0.006,0.000,0.003
14501,0.003,0.006,0.000,0.003
14502,0.003,0.006,0.000,0.003
14503,0.003,0.006,0.000,0.003
14504,0.003,0.006,0.000,0.003
14505,0.003,0.006,0.000,0.003
14506,0.003,0.006,0.000,0.003
14507,0.003,0.006,0.000,0.003
14508,0.003,0.006,0.000,0.003
14509,0.003,0.006,0.000,0.003
14510,0.003,0.006,0.000,0.003
14511,0.003,0.006,0.000,0.003
14512,0.003,0.006,0.000,0.003
14513,0.003,0.006,0.000,0.003
14514,0.003,0.006,0.000,0.003
14515,0.003,0.006,0.000,0.003
14516,0.003,0.006,0.000,0.003
14517,0.003,0.006,0.000,0.003
14518,0.003,0.006,0.000,0.003
14519,0.003,0.006,0.000,0.003
14520,0.003,0.006,0.000,0.003
14521,0.003,0.006,0.000,0.003
14522,0.003,0.006,0.000,0.003
14523,0.003,0.006,0.000,0.003
14524,0.003,0.006,0.000,0.003
14525,0.003,0.006,0.000,0.003
14526,0.003,0.006,0.000,0.003
14527,0.003,0.006,0.000,0.003
14528,0.003,0.006,0.000,0.003
14529,0.003,0.006,0.000,0.003
14530,0.003,0.006,0.000,0.003
14531,0.003,0.006,0.000,0.003
14532,0.003,0.006,0.000,0.003
14533,0.003,0.006,0.000,0.003
14534,0.003,0.006,0.000,0.003
14535,0.003,0.006,0.000,0.003
14536,0.003,0.006,0.000,0.003
14537,0.003,0.006,0.000,0.003
14538,0.003,0.006,0.000,0.003
14539,0.003,0.006,0.000,0.003
14540,0.003,0.006,0.000,0.003
14541,0.003,0.006,0.000,0.003
14542,0.003,0.006,0.000,0.003
14543,0.003,0.006,0.000,0.003
14544,0.003,0.006,0.000,0.003
14545,0.003,0.006,0.000,0.003
14546,0.003,0.006,0.000,0.003
14547,0.003,0.006,0.000,0.003
14548,0.003,0.006,0.000,0.003
14549,0.003,0.006,0.000,0.003
14550,0.003,0.006,0.000,0.003
14551,0.003,0.006,0.000,0.003
14552,0.003,0.006,0.000,0.003
14553,0.003,0.006,0.000,0.003
14554,0.003,0.006,0.000,0.003
14555,0.003,0.006,0.000,0.003
14556,0.003,0.006,0.000,0.003
14557,0.003,0.006,0.000,0.003
14558,0.003,0.006,0.000,0.003
14559,0.003,0.006,0.000,0.003
14560,0.003,0.006,0.000,0.003
14561,0.003,0.006,0.000,0.003
14562,0.003,0.006,0.000,0.003
14563,0.003,0.006,0.000,0.003
14564,0.003,0.006,0.000,0.003
14565,0.003,0.006,0.000,0.003
14566,0.003,0.006,0.000,0.003
14567,0.003,0.006,0.000,0.003
14568,0.003,0.006,0.000,0.003
14569,0.003,0.006,0.000,0.003
14570,0.003,0.006,0.000,0.003
14571,0.003,0.006,0.000,0.003
14572,0.003,0.006,0.000,0.003
14573,0.003,0.006,0.000,0.003
14574,0.003,0.006,0.000,0.003
14575,0.003,0.006,0.000,0.003
14576,0.003,0.006,0.000,0.003
14577,0.003,0.006,0.000,0.003
14578,0.003,0.006,0.000,0.003
14579,0.003,0.006,0.000,0.003
14580,0.003,0.006,0.000,0.003
14581,0.003,0.006,0.000,0.003
14582,0.003,0.006,0.000,0.003
14583,0.003,0.006,0.000,0.003
14584,0.003,0.006,0.000,0.003
14585,0.003,0.006,0.000,0.003
14586,0.003,0.006,0.000,0.003
14587,0.003,0.006,0.000,0.003
14588,0.003,0.006,0.000,0.003
14589,0.003,0.006,0.000,0.003
14590,0.003,0.006,0.000,0.003
14591,0.003,0.006,0.000,0.003
14592,0.003,0.006,0.000,0.003
14593,0.003,0.006,0.000,0.003
14594,0.003,0.006,0.000,0.003
14595,0.003,0.006,0.000,0.003
14596,0.003,0.006,0.000,0.003
14597,0.003,0.006,0.000,0.003
14598,0.003,0.006,0.000,0.003
14599,0.003,0.006,0.000,0.003
14600,0.003,0.006,0.000,0.003
14601,0.003,0.006,0.000,0.003
14602,0.003,0.006,0.000,0.003
14603,0.003,0.006,0.000,0.003
14604,0.003,0.006,0.000,0.003
14605,0.003,0.006,0.000,0.003
14606,0.003,0.006,0.000,0.003
14607,0.003,0.006,0.000,0.003
14608,0.003,0.006,0.000,0.003
14609,0.003,0.006,0.000,0.003
14610,0.003,0.006,0.000,0.003
14611,0.003,0.006,0.000,0.003
14612,0.003,0.006,0.000,0.003
14613,0.003,0.006,0.000,0.003
14614,0.003,0.006,0.000,0.003
14615,0.003,0.006,0.000,0.003
14616,0.003,0.006,0.000,0.003
14617,0.003,0.006,0.000,0.003
14618,0.003,0.006,0.000,0.003
14619,0.003,0.006,0.000,0.003
14620,0.003,0.006,0.000,0.003
14621,0.003,0.006,0.000,0.003
14622,0.003,0.006,0.000,0.003
14623,0.003,0.006,0.000,0.003
14624,0.003,0.006,0.000,0.003
14625,0.003,0.006,0.000,0.003
14626,0.003,0.006,0.000,0.003
14627,0.003,0.006,0.000,0.003
14628,0.003,0.006,0.000,0.003
14629,0.003,0.006,0.000,0.003
14630,0.003,0.006,0.000,0.003
14631,0.003,0.006,0.000,0.003
14632,0.003,0.006,0.000,0.003
14633,0.003,0.006,0.000,0.003
14634,0.003,0.006,0.000,0.003
14635,0.003,0.006,0.000,0.003
14636,0.003,0.006,0.000,0.003
14637,0.003,0.006,0.000,0.003
14638,0.003,0.006,0.000,0.003
14639,0.003,0.006,0.000,0.003
14640,0.003,0.006,0.000,0.003
14641,0.003,0.006,0.000,0.003
14642,0.003,0.006,0.000,0.003
14643,0.003,0.006,0.000,0.003
14644,0.003,0.006,0.000,0.003
14645,0.003,0.006,0.000,0.003
14646,0.003,0.006,0.000,0.003
14647,0.003,0.006,0.000,0.003
14648,0.003,0.006,0.000,0.003
14649,0.003,0.006,0.000,0.003
14650,0.003,0.006,0.000,0.003
14651,0.003,0.006,0.000,0.003
14652,0.003,0.006,0.000,0.003
14653,0.003,0.006,0.000,0.003
14654,0.003,0.006,0.000,0.003
14655,0.003,0.006,0.000,0.003
14656,0.003,0.006,0.000,0.003
14657,0.003,0.006,0.000,0.003
14658,0.003,0.006,0.000,0.003
14659,0.003,0.006,0.000,0.003
14660,0.003,0.006,0.000,0.003
14661,0.003,0.006,0.000,0.003
14662,0.003,0.006,0.000,0.003
14663,0.003,0.006,0.000,0.003
14664,0.003,0.006,0.000,0.003
14665,0.003,0.006,0.000,0.003
14666,0.003,0.006,0.000,0.003
14667,0.003,0.006,0.000,0.003
14668,0.003,0.006,0.000,0.003
14669,0.003,0.006,0.000,0.003
14670,0.003,0.006,0.000,0.003
14671,0.003,0.006,0.000,0.003
14672,0.003,0.006,0.000,0.003
14673,0.003,0.006,0.000,0.003
14674,0.003,0.006,0.000,0.003
14675,0.003,0.006,0.000,0.003
14676,0.003,0.006,0.000,0.003
14677,0.003,0.006,0.000,0.003
14678,0.003,0.006,0.000,0.003
14679,0.003,0.006,0.000,0.003
14680,0.003,0.006,0.000,0.003
14681,0.003,0.006,0.000,0.003
14682,0.003,0.006,0.000,0.003
14683,0.003,0.006,0.000,0.003
14684,0.003,0.006,0.000,0.003
14685,0.003,0.006,0.000,0.003
14686,0.003,0.006,0.000,0.003
14687,0.003,0.006,0.000,0.003
14688,0.003,0.006,0.000,0.003
14689,0.003,0.006,0.000,0.003
14690,0.003,0.006,0.000,0.003
14691,0.003,0.006,0.000,0.003
14692,0.003,0.006,0.000,0.003
14693,0.003,0.006,0.000,0.003
14694,0.003,0.006,0.000,0.003
14695,0.003,0.006,0.000,0.003
14696,0.003,0.006,0.000,0.003
14697,0.003,0.006,0.000,0.003
14698,0.003,0.006,0.000,0.003
14699,0.003,0.006,0.000,0.003
14700,0.003,0.006,0.000,0.003
14701,0.003,0.006,0.000,0.003
14702,0.003,0.006,0.000,0.003
14703,0.003,0.006,0.000,0.003
14704,0.003,0.006,0.000,0.003
14705,0.003,0.006,0.000,0.003
14706,0.003,0.006,0.000,0.003
14707,0.003,0.006,0.000,0.003
14708,0.003,0.006,0.000,0.003
14709,0.003,0.006,0.000,0.003
14710,0.003,0.006,0.000,0.003
14711,0.003,0.006,0.000,0.003
14712,0.003,0.006,0.000,0.003
14713,0.003,0.006,0.000,0.003
14714,0.003,0.006,0.000,0.003
14715,0.003,0.006,0.000,0.003
14716,0.003,0.006,0.000,0.003
14717,0.003,0.006,0.000,0.003
14718,0.003,0.006,0.000,0.003
14719,0.003,0.006,0.000,0.003
14720,0.003,0.006,0.000,0.003
14721,0.003,0.006,0.000,0.003
14722,0.003,0.006,0.000,0.003
14723,0.003,0.006,0.000,0.003
14724,0.003,0.006,0.000,0.003
14725,0.003,0.006,0.000,0.003
14726,0.003,0.006,0.000,0.003
14727,0.003,0.006,0.000,0.003
14728,0.003,0.006,0.000,0.003
14729,0.003,0.006,0.000,0.003
14730,0.003,0.006,0.000,0.003
14731,0.003,0.006,0.000,0.003
14732,0.003,0.006,0.000,0.003
14733,0.003,0.006,0.000,0.003
14734,0.003,0.006,0.000,0.003
14735,0.003,0.006,0.000,0.003
14736,0.003,0.006,0.000,0.003
14737,0.003,0.006,0.000,0.003
14738,0.003,0.006,0.000,0.003
14739,0.003,0.006,0.000,0.003
14740,0.003,0.006,0.000,0.003
14741,0.003,0.006,0.000,0.003
14742,0.003,0.006,0.000,0.003
14743,0.003,0.006,0.000,0.003
14744,0.003,0.006,0.000,0.003
14745,0.003,0.006,0.000,0.003
14746,0.003,0.006,0.000,0.003
14747,0.003,0.006,0.000,0.003
14748,0.003,0.006,0.000,0.003
14749,0.003,0.006,0.000,0.003
14750,0.003,0.006,0.000,0.003
14751,0.003,0.006,0.000,0.003
14752,0.003,0.006,0.000,0.003
14753,0.003,0.006,0.000,0.003
14754,0.003,0.006,0.000,0.003
14755,0.003,0.006,0.000,0.003
14756,0.003,0.006,0.000,0.003
14757,0.003,0.006,0.000,0.003
14758,0.003,0.006,0.000,0.003
14759,0.003,0.006,0.000,0.003
14760,0.003,0.006,0.000,0.003
14761,0.003,0.006,0.000,0.003
14762,0.003,0.006,0.000,0.003
14763,0.003,0.006,0.000,0.003
14764,0.003,0.006,0.000,0.003
14765,0.003,0.006,0.000,0.003
14766,0.003,0.006,0.000,0.003
14767,0.003,0.006,0.000,0.003
14768,0.003,0.006,0.000,0.003
14769,0.003,0.006,0.000,0.003
14770,0.003,0.006,0.000,0.003
14771,0.003,0.006,0.000,0.003
14772,0.003,0.006,0.000,0.003
14773,0.003,0.006,0.000,0.003
14774,0.003,0.006,0.000,0.003
14775,0.003,0.006,0.000,0.003
14776,0.003,0.006,0.000,0.003
14777,0.003,0.006,0.000,0.003
14778,0.003,0.006,0.000,0.003
14779,0.003,0.006,0.000,0.003
14780,0.003,0.006,0.000,0.003
14781,0.003,0.006,0.000,0.003
14782,0.003,0.006,0.000,0.003
14783,0.003,0.006,0.000,0.003
14784,0.003,0.006,0.000,0.003
14785,0.003,0.006,0.000,0.003
14786,0.003,0.006,0.000,0.003
14787,0.003,0.006,0.000,0.003
14788,0.003,0.006,0.000,0.003
14789,0.003,0.006,0.000,0.003
14790,0.003,0.006,0.000,0.003
14791,0.003,0.006,0.000,0.003
14792,0.003,0.006,0.000,0.003
14793,0.003,0.006,0.000,0.003
14794,0.003,0.006,0.000,0.003
14795,0.003,0.006,0.000,0.003
14796,0.003,0.006,0.000,0.003
14797,0.003,0.006,0.000,0.003
14798,0.003,0.006,0.000,0.003
14799,0.003,0.006,0.000,0.003
14800,0.003,0.006,0.000,0.003
14801,0.003,0.006,0.000,0.003
14802,0.003,0.006,0.000,0.003
14803,0.003,0.006,0.000,0.003
14804,0.003,0.006,0.000,0.003
14805,0.003,0.006,0.000,0.003
14806,0.003,0.006,0.000,0.003
14807,0.003,0.006,0.000,0.003
14808,0.003,0.006,0.000,0.003
14809,0.003,0.006,0.000,0.003
14810,0.003,0.006,0.000,0.003
14811,0.003,0.006,0.000,0.003
14812,0.003,0.006,0.000,0.003
14813,0.003,0.006,0.000,0.003
14814,0.003,0.006,0.000,0.003
14815,0.003,0.006,0.000,0.003
14816,0.003,0.006,0.000,0.003
14817,0.003,0.006,0.000,0.003
14818,0.003,0.006,0.000,0.003
14819,0.003,0.006,0.000,0.003
14820,0.003,0.006,0.000,0.003
14821,0.003,0.006,0.000,0.003
14822,0.003,0.006,0.000,0.003
14823,0.003,0.006,0.000,0.003
14824,0.003,0.006,0.000,0.003
14825,0.003,0.006,0.000,0.003
14826,0.003,0.006,0.000,0.003
14827,0.003,0.006,0.000,0.003
14828,0.003,0.006,0.000,0.003
14829,0.003,0.006,0.000,0.003
14830,0.003,0.006,0.000,0.003
14831,0.003,0.006,0.000,0.003
14832,0.003,0.006,0.000,0.003
14833,0.003,0.006,0.000,0.003
14834,0.003,0.006,0.000,0.003
14835,0.003,0.006,0.000,0.003
14836,0.003,0.006,0.000,0.003
14837,0.003,0.006,0.000,0.003
14838,0.003,0.006,0.000,0.003
14839,0.003,0.006,0.000,0.003
14840,0.003,0.006,0.000,0.003
14841,0.003,0.006,0.000,0.003
14842,0.003,0.006,0.000,0.003
14843,0.003,0.006,0.000,0.003
14844,0.003,0.006,0.000,0.003
14845,0.003,0.006,0.000,0.003
14846,0.003,0.006,0.000,0.003
14847,0.003,0.006,0.000,0.003
14848,0.003,0.006,0.000,0.003
14849,0.003,0.006,0.000,0.003
14850,0.003,0.006,0.000,0.003
14851,0.003,0.006,0.000,0.003
14852,0.003,0.006,0.000,0.003
14853,0.003,0.006,0.000,0.003
14854,0.003,0.006,0.000,0.003
14855,0.003,0.006,0.000,0.003
14856,0.003,0.006,0.000,0.003
14857,0.003,0.006,0.000,0.003
14858,0.003,0.006,0.000,0.003
14859,0.003,0.006,0.000,0.003
14860,0.003,0.006,0.000,0.003
14861,0.003,0.006,0.000,0.003
14862,0.003,0.006,0.000,0.003
14863,0.003,0.006,0.000,0.003
14864,0.003,0.006,0.000,0.003
14865,0.003,0.006,0.000,0.003
14866,0.003,0.006,0.000,0.003
14867,0.003,0.006,0.000,0.003
14868,0.003,0.006,0.000,0.003
14869,0.003,0.006,0.000,0.003
14870,0.003,0.006,0.000,0.003
14871,0.003,0.006,0.000,0.003
14872,0.003,0.006,0.000,0.003
14873,0.003,0.006,0.000,0.003
14874,0.003,0.006,0.000,0.003
14875,0.003,0.006,0.000,0.003
14876,0.003,0.006,0.000,0.003
14877,0.003,0.006,0.000,0.003
14878,0.003,0.006,0.000,0.003
14879,0.003,0.006,0.000,0.003
14880,0.003,0.006,0.000,0.003
14881,0.003,0.006,0.000,0.003
14882,0.003,0.006,0.000,0.003
14883,0.003,0.006,0.000,0.003
14884,0.003,0.006,0.000,0.003
14885,0.003,0.006,0.000,0.003
14886,0.003,0.006,0.000,0.003
14887,0.003,0.006,0.000,0.003
14888,0.003,0.006,0.000,0.003
14889,0.003,0.006,0.000,0.003
14890,0.003,0.006,0.000,0.003
14891,0.003,0.006,0.000,0.003
14892,0.003,0.006,0.000,0.003
14893,0.003,0.006,0.000,0.003
14894,0.003,0.006,0.000,0.003
14895,0.003,0.006,0.000,0.003
14896,0.003,0.006,0.000,0.003
14897,0.003,0.006,0.000,0.003
14898,0.003,0.006,0.000,0.003
14899,0.003,0.006,0.000,0.003
14900,0.003,0.006,0.000,0.003
14901,0.003,0.006,0.000,0.003
14902,0.003,0.006,0.000,0.003
14903,0.003,0.006,0.000,0.003
14904,0.003,0.006,0.000,0.003
14905,0.003,0.006,0.000,0.003
14906,0.003,0.006,0.000,0.003
14907,0.003,0.006,0.000,0.003
14908,0.003,0.006,0.000,0.003
14909,0.003,0.006,0.000,0.003
14910,0.003,0.006,0.000,0.003
14911,0.003,0.006,0.000,0.003
14912,0.003,0.006,0.000,0.003
14913,0.003,0.006,0.000,0.003
14914,0.003,0.006,0.000,0.003
14915,0.003,0.006,0.000,0.003
14916,0.003,0.006,0.000,0.003
14917,0.003,0.006,0.000,0.003
14918,0.003,0.006,0.000,0.003
14919,0.003,0.006,0.000,0.003
14920,0.003,0.006,0.000,0.003
14921,0.003,0.006,0.000,0.003
14922,0.003,0.006,0.000,0.003
14923,0.003,0.006,0.000,0.003
14924,0.003,0.006,0.000,0.003
14925,0.003,0.006,0.000,0.003
14926,0.003,0.006,0.000,0.003
14927,0.003,0.006,0.000,0.003
14928,0.003,0.006,0.000,0.003
14929,0.003,0.006,0.000,0.003
14930,0.003,0.006,0.000,0.003
14931,0.003,0.006,0.000,0.003
14932,0.003,0.006,0.000,0.003
14933,0.003,0.006,0.000,0.003
14934,0.003,0.006,0.000,0.003
14935,0.003,0.006,0.000,0.003
14936,0.003,0.006,0.000,0.003
14937,0.003,0.006,0.000,0.003
14938,0.003,0.006,0.000,0.003
14939,0.003,0.006,0.000,0.003
14940,0.003,0.006,0.000,0.003
14941,0.003,0.006,0.000,0.003
14942,0.003,0.006,0.000,0.003
14943,0.003,0.006,0.000,0.003
14944,0.003,0.006,0.000,0.003
14945,0.003,0.006,0.000,0.003
14946,0.003,0.006,0.000,0.003
14947,0.003,0.006,0.000,0.003
14948,0.003,0.006,0.000,0.003
14949,0.003,0.006,0.000,0.003
14950,0.003,0.006,0.000,0.003
14951,0.003,0.006,0.000,0.003
14952,0.003,0.006,0.000,0.003
14953,0.003,0.006,0.000,0.003
14954,0.003,0.006,0.000,0.003
14955,0.003,0.006,0.000,0.003
14956,0.003,0.006,0.000,0.003
14957,0.003,0.006,0.000,0.003
14958,0.003,0.006,0.000,0.003
14959,0.003,0.006,0.000,0.003
14960,0.003,0.006,0.000,0.003
14961,0.003,0.006,0.000,0.003
14962,0.003,0.006,0.000,0.003
14963,0.003,0.006,0.000,0.003
14964,0.003,0.006,0.000,0.003
14965,0.003,0.006,0.000,0.003
14966,0.003,0.006,0.000,0.003
14967,0.003,0.006,0.000,0.003
14968,0.003,0.006,0.000,0.003
14969,0.003,0.006,0.000,0.003
14970,0.003,0.006,0.000,0.003
14971,0.003,0.006,0.000,0.003
14972,0.003,0.006,0.000,0.003
14973,0.003,0.006,0.000,0.003
14974,0.003,0.006,0.000,0.003
14975,0.003,0.006,0.000,0.003
14976,0.003,0.006,0.000,0.003
14977,0.003,0.006,0.000,0.003
14978,0.003,0.006,0.000,0.003
14979,0.003,0.006,0.000,0.003
14980,0.003,0.006,0.000,0.003
14981,0.003,0.006,0.000,0.003
14982,0.003,0.006,0.000,0.003
14983,0.003,0.006,0.000,0.003
14984,0.003,0.006,0.000,0.003
14985,0.003,0.006,0.000,0.003
14986,0.003,0.006,0.000,0.003
14987,0.003,0.006,0.000,0.003
14988,0.003,0.006,0.000,0.003
14989,0.003,0.006,0.000,0.003
14990,0.003,0.006,0.000,0.003
14991,0.003,0.006,0.000,0.003
14992,0.003,0.006,0.000,0.003
14993,0.003,0.006,0.000,0.003
14994,0.003,0.006,0.000,0.003
14995,0.003,0.006,0.000,0.003
14996,0.003,0.006,0.000,0.003
14997,0.003,0.006,0.000,0.003
14998,0.003,0.006,0.000,0.003
14999,0.003,0.006,0.000,0.003
15000,0.003,0.006,0.000,0.003
15001,0.003,0.006,0.000,0.003
15002,0.003,0.006,0.000,0.003
15003,0.003,0.006,0.000,0.003
15004,0.003,0.006,0.000,0.003
15005,0.003,0.006,0.000,0.003
15006,0.003,0.006,0.000,0.003
15007,0.003,0.006,0.000,0.003
15008,0.003,0.006,0.000,0.003
15009,0.003,0.006,0.000,0.003
15010,0.003,0.006,0.000,0.003
15011,0.003,0.006,0.000,0.003
15012,0.003,0.006,0.000,0.003
15013,0.003,0.006,0.000,0.003
15014,0.003,0.006,0.000,0.003
15015,0.003,0.006,0.000,0.003
15016,0.003,0.006,0.000,0.003
15017,0.003,0.006,0.000,0.003
15018,0.003,0.006,0.000,0.003
15019,0.003,0.006,0.000,0.003
15020,0.003,0.006,0.000,0.003
15021,0.003,0.006,0.000,0.003
15022,0.003,0.006,0.000,0.003
15023,0.003,0.006,0.000,0.003
15024,0.003,0.006,0.000,0.003
15025,0.003,0.006,0.000,0.003
15026,0.003,0.006,0.000,0.003
15027,0.003,0.006,0.000,0.003
15028,0.003,0.006,0.000,0.003
15029,0.003,0.006,0.000,0.003
15030,0.003,0.006,0.000,0.003
15031,0.003,0.006,0.000,0.003
15032,0.003,0.006,0.000,0.003
15033,0.003,0.006,0.000,0.003
15034,0.003,0.006,0.000,0.003
15035,0.003,0.006,0.000,0.003
15036,0.003,0.006,0.000,0.003
15037,0.003,0.006,0.000,0.003
15038,0.003,0.006,0.000,0.003
15039,0.003,0.006,0.000,0.003
15040,0.003,0.006,0.000,0.003
15041,0.003,0.006,0.000,0.003
15042,0.003,0.006,0.000,0.003
15043,0.003,0.006,0.000,0.003
15044,0.003,0.006,0.000,0.003
15045,0.003,0.006,0.000,0.003
15046,0.003,0.006,0.000,0.003
15047,0.003,0.006,0.000,0.003
15048,0.003,0.006,0.000,0.003
15049,0.003,0.006,0.000,0.003
15050,0.003,0.006,0.000,0.003
15051,0.003,0.006,0.000,0.003
15052,0.003,0.006,0.000,0.003
15053,0.003,0.006,0.000,0.003
15054,0.003,0.006,0.000,0.003
15055,0.003,0.006,0.000,0.003
15056,0.003,0.006,0.000,0.003
15057,0.003,0.006,0.000,0.003
15058,0.003,0.006,0.000,0.003
15059,0.003,0.006,0.000,0.003
15060,0.003,0.006,0.000,0.003
15061,0.003,0.006,0.000,0.003
15062,0.003,0.006,0.000,0.003
15063,0.003,0.006,0.000,0.003
15064,0.003,0.006,0.000,0.003
15065,0.003,0.006,0.000,0.003
15066,0.003,0.006,0.000,0.003
15067,0.003,0.006,0.000,0.003
15068,0.003,0.006,0.000,0.003
15069,0.003,0.006,0.000,0.003
15070,0.003,0.006,0.000,0.003
15071,0.003,0.006,0.000,0.003
15072,0.003,0.006,0.000,0.003
15073,0.003,0.006,0.000,0.003
15074,0.003,0.006,0.000,0.003
15075,0.003,0.006,0.000,0.003
15076,0.003,0.006,0.000,0.003
15077,0.003,0.006,0.000,0.003
15078,0.003,0.006,0.000,0.003
15079,0.003,0.006,0.000,0.003
15080,0.003,0.006,0.000,0.003
15081,0.003,0.006,0.000,0.003
15082,0.003,0.006,0.000,0.003
15083,0.003,0.006,0.000,0.003
15084,0.003,0.006,0.000,0.003
15085,0.003,0.006,0.000,0.003
15086,0.003,0.006,0.000,0.003
15087,0.003,0.006,0.000,0.003
15088,0.003,0.006,0.000,0.003
15089,0.003,0.006,0.000,0.003
15090,0.003,0.006,0.000,0.003
15091,0.003,0.006,0.000,0.003
15092,0.003,0.006,0.000,0.003
15093,0.003,0.006,0.000,0.003
15094,0.003,0.006,0.000,0.003
15095,0.003,0.006,0.000,0.003
15096,0.003,0.006,0.000,0.003
15097,0.003,0.006,0.000,0.003
15098,0.003,0.006,0.000,0.003
15099,0.003,0.006,0.000,0.003
15100,0.003,0.006,0.000,0.003
15101,0.003,0.006,0.000,0.003
15102,0.003,0.006,0.000,0.003
15103,0.003,0.006,0.000,0.003
15104,0.003,0.006,0.000,0.003
15105,0.003,0.006,0.000,0.003
15106,0.003,0.006,0.000,0.003
15107,0.003,0.006,0.000,0.003
15108,0.003,0.006,0.000,0.003
15109,0.003,0.006,0.000,0.003
15110,0.003,0.006,0.000,0.003
15111,0.003,0.006,0.000,0.003
15112,0.003,0.006,0.000,0.003
15113,0.003,0.006,0.000,0.003
15114,0.003,0.006,0.000,0.003
15115,0.003,0.006,0.000,0.003
15116,0.003,0.006,0.000,0.003
15117,0.003,0.006,0.000,0.003
15118,0.003,0.006,0.000,0.003
15119,0.003,0.006,0.000,0.003
15120,0.003,0.006,0.000,0.003
15121,0.003,0.006,0.000,0.003
15122,0.003,0.006,0.000,0.003
15123,0.003,0.006,0.000,0.003
15124,0.003,0.006,0.000,0.003
15125,0.003,0.006,0.000,0.003
15126,0.003,0.006,0.000,0.003
15127,0.003,0.006,0.000,0.003
15128,0.003,0.006,0.000,0.003
15129,0.003,0.006,0.000,0.003
15130,0.003,0.006,0.000,0.003
15131,0.003,0.006,0.000,0.003
15132,0.003,0.006,0.000,0.003
15133,0.003,0.006,0.000,0.003
15134,0.003,0.006,0.000,0.003
15135,0.003,0.006,0.000,0.003
15136,0.003,0.006,0.000,0.003
15137,0.003,0.006,0.000,0.003
15138,0.003,0.006,0.000,0.003
15139,0.003,0.006,0.000,0.003
15140,0.003,0.006,0.000,0.003
15141,0.003,0.006,0.000,0.003
15142,0.003,0.006,0.000,0.003
15143,0.003,0.006,0.000,0.003
15144,0.003,0.006,0.000,0.003
15145,0.003,0.006,0.000,0.003
15146,0.003,0.006,0.000,0.003
15147,0.003,0.006,0.000,0.003
15148,0.003,0.006,0.000,0.003
15149,0.003,0.006,0.000,0.003
15150,0.003,0.006,0.000,0.003
15151,0.003,0.006,0.000,0.003
15152,0.003,0.006,0.000,0.003
15153,0.003,0.006,0.000,0.003
15154,0.003,0.006,0.000,0.003
15155,0.003,0.006,0.000,0.003
15156,0.003,0.006,0.000,0.003
15157,0.003,0.006,0.000,0.003
15158,0.003,0.006,0.000,0.003
15159,0.003,0.006,0.000,0.003
15160,0.003,0.006,0.000,0.003
15161,0.003,0.006,0.000,0.003
15162,0.003,0.006,0.000,0.003
15163,0.003,0.006,0.000,0.003
15164,0.003,0.006,0.000,0.003
15165,0.003,0.006,0.000,0.003
15166,0.003,0.006,0.000,0.003
15167,0.003,0.006,0.000,0.003
15168,0.003,0.006,0.000,0.003
15169,0.003,0.006,0.000,0.003
15170,0.003,0.006,0.000,0.003
15171,0.003,0.006,0.000,0.003
15172,0.003,0.006,0.000,0.003
15173,0.003,0.006,0.000,0.003
15174,0.003,0.006,0.000,0.003
15175,0.003,0.006,0.000,0.003
15176,0.003,0.006,0.000,0.003
15177,0.003,0.006,0.000,0.003
15178,0.003,0.006,0.000,0.003
15179,0.003,0.006,0.000,0.003
15180,0.003,0.006,0.000,0.003
15181,0.003,0.006,0.000,0.003
15182,0.003,0.006,0.000,0.003
15183,0.003,0.006,0.000,0.003
15184,0.003,0.006,0.000,0.003
15185,0.003,0.006,0.000,0.003
15186,0.003,0.006,0.000,0.003
15187,0.003,0.006,0.000,0.003
15188,0.003,0.006,0.000,0.003
15189,0.003,0.006,0.000,0.003
15190,0.003,0.006,0.000,0.003
15191,0.003,0.006,0.000,0.003
15192,0.003,0.006,0.000,0.003
15193,0.003,0.006,0.000,0.003
15194,0.003,0.006,0.000,0.003
15195,0.003,0.006,0.000,0.003
15196,0.003,0.006,0.000,0.003
15197,0.003,0.006,0.000,0.003
15198,0.003,0.006,0.000,0.003
15199,0.003,0.006,0.000,0.003
15200,0.003,0.006,0.000,0.003
15201,0.003,0.006,0.000,0.003
15202,0.003,0.006,0.000,0.003
15203,0.003,0.006,0.000,0.003
15204,0.003,0.006,0.000,0.003
15205,0.003,0.006,0.000,0.003
15206,0.003,0.006,0.000,0.003
15207,0.003,0.006,0.000,0.003
15208,0.003,0.006,0.000,0.003
15209,0.003,0.006,0.000,0.003
15210,0.003,0.006,0.000,0.003
15211,0.003,0.006,0.000,0.003
15212,0.003,0.006,0.000,0.003
15213,0.003,0.006,0.000,0.003
15214,0.003,0.006,0.000,0.003
15215,0.003,0.006,0.000,0.003
15216,0.003,0.006,0.000,0.003
15217,0.003,0.006,0.000,0.003
15218,0.003,0.006,0.000,0.003
15219,0.003,0.006,0.000,0.003
15220,0.003,0.006,0.000,0.003
15221,0.003,0.006,0.000,0.003
15222,0.003,0.006,0.000,0.003
15223,0.003,0.006,0.000,0.003
15224,0.003,0.006,0.000,0.003
15225,0.003,0.006,0.000,0.003
15226,0.003,0.006,0.000,0.003
15227,0.003,0.006,0.000,0.003
15228,0.003,0.006,0.000,0.003
15229,0.003,0.006,0.000,0.003
15230,0.003,0.006,0.000,0.003
15231,0.003,0.006,0.000,0.003
15232,0.003,0.006,0.000,0.003
15233,0.003,0.006,0.000,0.003
15234,0.003,0.006,0.000,0.003
15235,0.003,0.006,0.000,0.003
15236,0.003,0.006,0.000,0.003
15237,0.003,0.006,0.000,0.003
15238,0.003,0.006,0.000,0.003
15239,0.003,0.006,0.000,0.003
15240,0.003,0.006,0.000,0.003
15241,0.003,0.006,0.000,0.003
15242,0.003,0.006,0.000,0.003
15243,0.003,0.006,0.000,0.003
15244,0.003,0.006,0.000,0.003
15245,0.003,0.006,0.000,0.003
15246,0.003,0.006,0.000,0.003
15247,0.003,0.006,0.000,0.003
15248,0.003,0.006,0.000,0.003
15249,0.003,0.006,0.000,0.003
15250,0.003,0.006,0.000,0.003
15251,0.003,0.006,0.000,0.003
15252,0.003,0.006,0.000,0.003
15253,0.003,0.006,0.000,0.003
15254,0.003,0.006,0.000,0.003
15255,0.003,0.006,0.000,0.003
15256,0.003,0.006,0.000,0.003
15257,0.003,0.006,0.000,0.003
15258,0.003,0.006,0.000,0.003
15259,0.003,0.006,0.000,0.003
15260,0.003,0.006,0.000,0.003
15261,0.003,0.006,0.000,0.003
15262,0.003,0.006,0.000,0.003
15263,0.003,0.006,0.000,0.003
15264,0.003,0.006,0.000,0.003
15265,0.003,0.006,0.000,0.003
15266,0.003,0.006,0.000,0.003
15267,0.003,0.006,0.000,0.003
15268,0.003,0.006,0.000,0.003
15269,0.003,0.006,0.000,0.003
15270,0.003,0.006,0.000,0.003
15271,0.003,0.006,0.000,0.003
15272,0.003,0.006,0.000,0.003
15273,0.003,0.006,0.000,0.003
15274,0.003,0.006,0.000,0.003
15275,0.003,0.006,0.000,0.003
15276,0.003,0.006,0.000,0.003
15277,0.003,0.006,0.000,0.003
15278,0.003,0.006,0.000,0.003
15279,0.003,0.006,0.000,0.003
15280,0.003,0.006,0.000,0.003
15281,0.003,0.006,0.000,0.003
15282,0.003,0.006,0.000,0.003
15283,0.003,0.006,0.000,0.003
15284,0.003,0.006,0.000,0.003
15285,0.003,0.006,0.000,0.003
15286,0.003,0.006,0.000,0.003
15287,0.003,0.006,0.000,0.003
15288,0.003,0.006,0.000,0.003
15289,0.003,0.006,0.000,0.003
15290,0.003,0.006,0.000,0.003
15291,0.003,0.006,0.000,0.003
15292,0.003,0.006,0.000,0.003
15293,0.003,0.006,0.000,0.003
15294,0.003,0.006,0.000,0.003
15295,0.003,0.006,0.000,0.003
15296,0.003,0.006,0.000,0.003
15297,0.003,0.006,0.000,0.003
15298,0.003,0.006,0.000,0.003
15299,0.003,0.006,0.000,0.003
15300,0.003,0.006,0.000,0.003
15301,0.003,0.006,0.000,0.003
15302,0.003,0.006,0.000,0.003
15303,0.003,0.006,0.000,0.003
15304,0.003,0.006,0.000,0.003
15305,0.003,0.006,0.000,0.003
15306,0.003,0.006,0.000,0.003
15307,0.003,0.006,0.000,0.003
15308,0.003,0.006,0.000,0.003
15309,0.003,0.006,0.000,0.003
15310,0.003,0.006,0.000,0.003
15311,0.003,0.006,0.000,0.003
15312,0.003,0.006,0.000,0.003
15313,0.003,0.006,0.000,0.003
15314,0.003,0.006,0.000,0.003
15315,0.003,0.006,0.000,0.003
15316,0.003,0.006,0.000,0.003
15317,0.003,0.006,0.000,0.003
15318,0.003,0.006,0.000,0.003
15319,0.003,0.006,0.000,0.003
15320,0.003,0.006,0.000,0.003
15321,0.003,0.006,0.000,0.003
15322,0.003,0.006,0.000,0.003
15323,0.003,0.006,0.000,0.003
15324,0.003,0.006,0.000,0.003
15325,0.003,0.006,0.000,0.003
15326,0.003,0.006,0.000,0.003
15327,0.003,0.006,0.000,0.003
15328,0.003,0.006,0.000,0.003
15329,0.003,0.006,0.000,0.003
15330,0.003,0.006,0.000,0.003
15331,0.003,0.006,0.000,0.003
15332,0.003,0.006,0.000,0.003
15333,0.003,0.006,0.000,0.003
15334,0.003,0.006,0.000,0.003
15335,0.003,0.006,0.000,0.003
15336,0.003,0.006,0.000,0.003
15337,0.003,0.006,0.000,0.003
15338,0.003,0.006,0.000,0.003
15339,0.003,0.006,0.000,0.003
15340,0.003,0.006,0.000,0.003
15341,0.003,0.006,0.000,0.003
15342,0.003,0.006,0.000,0.003
15343,0.003,0.006,0.000,0.003
15344,0.003,0.006,0.000,0.003
15345,0.003,0.006,0.000,0.003
15346,0.003,0.006,0.000,0.003
15347,0.003,0.006,0.000,0.003
15348,0.003,0.006,0.000,0.003
15349,0.003,0.006,0.000,0.003
15350,0.003,0.006,0.000,0.003
15351,0.003,0.006,0.000,0.003
15352,0.003,0.006,0.000,0.003
15353,0.003,0.006,0.000,0.003
15354,0.003,0.006,0.000,0.003
15355,0.003,0.006,0.000,0.003
15356,0.003,0.006,0.000,0.003
15357,0.003,0.006,0.000,0.003
15358,0.003,0.006,0.000,0.003
15359,0.003,0.006,0.000,0.003
15360,0.003,0.006,0.000,0.003
15361,0.003,0.006,0.000,0.003
15362,0.003,0.006,0.000,0.003
15363,0.003,0.006,0.000,0.003
15364,0.003,0.006,0.000,0.003
15365,0.003,0.006,0.000,0.003
15366,0.003,0.006,0.000,0.003
15367,0.003,0.006,0.000,0.003
15368,0.003,0.006,0.000,0.003
15369,0.003,0.006,0.000,0.003
15370,0.003,0.006,0.000,0.003
15371,0.003,0.006,0.000,0.003
15372,0.003,0.006,0.000,0.003
15373,0.003,0.006,0.000,0.003
15374,0.003,0.006,0.000,0.003
15375,0.003,0.006,0.000,0.003
15376,0.003,0.006,0.000,0.003
15377,0.003,0.006,0.000,0.003
15378,0.003,0.006,0.000,0.003
15379,0.003,0.006,0.000,0.003
15380,0.003,0.006,0.000,0.003
15381,0.003,0.006,0.000,0.003
15382,0.003,0.006,0.000,0.003
15383,0.003,0.006,0.000,0.003
15384,0.003,0.006,0.000,0.003
15385,0.003,0.006,0.000,0.003
15386,0.003,0.006,0.000,0.003
15387,0.003,0.006,0.000,0.003
15388,0.003,0.006,0.000,0.003
15389,0.003,0.006,0.000,0.003
15390,0.003,0.006,0.000,0.003
15391,0.003,0.006,0.000,0.003
15392,0.003,0.006,0.000,0.003
15393,0.003,0.006,0.000,0.003
15394,0.003,0.006,0.000,0.003
15395,0.003,0.006,0.000,0.003
15396,0.003,0.006,0.000,0.003
15397,0.003,0.006,0.000,0.003
15398,0.003,0.006,0.000,0.003
15399,0.003,0.006,0.000,0.003
15400,0.003,0.006,0.000,0.003
15401,0.003,0.006,0.000,0.003
15402,0.003,0.006,0.000,0.003
15403,0.003,0.006,0.000,0.003
15404,0.003,0.006,0.000,0.003
15405,0.003,0.006,0.000,0.003
15406,0.003,0.006,0.000,0.003
15407,0.003,0.006,0.000,0.003
15408,0.003,0.006,0.000,0.003
15409,0.003,0.006,0.000,0.003
15410,0.003,0.006,0.000,0.003
15411,0.003,0.006,0.000,0.003
15412,0.003,0.006,0.000,0.003
15413,0.003,0.006,0.000,0.003
15414,0.003,0.006,0.000,0.003
15415,0.003,0.006,0.000,0.003
15416,0.003,0.006,0.000,0.003
15417,0.003,0.006,0.000,0.003
15418,0.003,0.006,0.000,0.003
15419,0.003,0.006,0.000,0.003
15420,0.003,0.006,0.000,0.003
15421,0.003,0.006,0.000,0.003
15422,0.003,0.006,0.000,0.003
15423,0.003,0.006,0.000,0.003
15424,0.003,0.006,0.000,0.003
15425,0.003,0.006,0.000,0.003
15426,0.003,0.006,0.000,0.003
15427,0.003,0.006,0.000,0.003
15428,0.003,0.006,0.000,0.003
15429,0.003,0.006,0.000,0.003
15430,0.003,0.006,0.000,0.003
15431,0.003,0.006,0.000,0.003
15432,0.003,0.006,0.000,0.003
15433,0.003,0.006,0.000,0.003
15434,0.003,0.006,0.000,0.003
15435,0.003,0.006,0.000,0.003
15436,0.003,0.006,0.000,0.003
15437,0.003,0.006,0.000,0.003
15438,0.003,0.006,0.000,0.003
15439,0.003,0.006,0.000,0.003
15440,0.003,0.006,0.000,0.003
15441,0.003,0.006,0.000,0.003
15442,0.003,0.006,0.000,0.003
15443,0.003,0.006,0.000,0.003
15444,0.003,0.006,0.000,0.003
15445,0.003,0.006,0.000,0.003
15446,0.003,0.006,0.000,0.003
15447,0.003,0.006,0.000,0.003
15448,0.003,0.006,0.000,0.003
15449,0.003,0.006,0.000,0.003
15450,0.003,0.006,0.000,0.003
15451,0.003,0.006,0.000,0.003
15452,0.003,0.006,0.000,0.003
15453,0.003,0.006,0.000,0.003
15454,0.003,0.006,0.000,0.003
15455,0.003,0.006,0.000,0.003
15456,0.003,0.006,0.000,0.003
15457,0.003,0.006,0.000,0.003
15458,0.003,0.006,0.000,0.003
15459,0.003,0.006,0.000,0.003
15460,0.003,0.006,0.000,0.003
15461,0.003,0.006,0.000,0.003
15462,0.003,0.006,0.000,0.003
15463,0.003,0.006,0.000,0.003
15464,0.003,0.006,0.000,0.003
15465,0.003,0.006,0.000,0.003
15466,0.003,0.006,0.000,0.003
15467,0.003,0.006,0.000,0.003
15468,0.003,0.006,0.000,0.003
15469,0.003,0.006,0.000,0.003
15470,0.003,0.006,0.000,0.003
15471,0.003,0.006,0.000,0.003
15472,0.003,0.006,0.000,0.003
15473,0.003,0.006,0.000,0.003
15474,0.003,0.006,0.000,0.003
15475,0.003,0.006,0.000,0.003
15476,0.003,0.006,0.000,0.003
15477,0.003,0.006,0.000,0.003
15478,0.003,0.006,0.000,0.003
15479,0.003,0.006,0.000,0.003
15480,0.003,0.006,0.000,0.003
15481,0.003,0.006,0.000,0.003
15482,0.003,0.006,0.000,0.003
15483,0.003,0.006,0.000,0.003
15484,0.003,0.006,0.000,0.003
15485,0.003,0.006,0.000,0.003
15486,0.003,0.006,0.000,0.003
15487,0.003,0.006,0.000,0.003
15488,0.003,0.006,0.000,0.003
15489,0.003,0.006,0.000,0.003
15490,0.003,0.006,0.000,0.003
15491,0.003,0.006,0.000,0.003
15492,0.003,0.006,0.000,0.003
15493,0.003,0.006,0.000,0.003
15494,0.003,0.006,0.000,0.003
15495,0.003,0.006,0.000,0.003
15496,0.003,0.006,0.000,0.003
15497,0.003,0.006,0.000,0.003
15498,0.003,0.006,0.000,0.003
15499,0.003,0.006,0.000,0.003
15500,0.003,0.006,0.000,0.003
15501,0.003,0.006,0.000,0.003
15502,0.003,0.006,0.000,0.003
15503,0.003,0.006,0.000,0.003
15504,0.003,0.006,0.000,0.003
15505,0.003,0.006,0.000,0.003
15506,0.003,0.006,0.000,0.003
15507,0.003,0.006,0.000,0.003
15508,0.003,0.006,0.000,0.003
15509,0.003,0.006,0.000,0.003
15510,0.003,0.006,0.000,0.003
15511,0.003,0.006,0.000,0.003
15512,0.003,0.006,0.000,0.003
15513,0.003,0.006,0.000,0.003
15514,0.003,0.006,0.000,0.003
15515,0.003,0.006,0.000,0.003
15516,0.003,0.006,0.000,0.003
15517,0.003,0.006,0.000,0.003
15518,0.003,0.006,0.000,0.003
15519,0.003,0.006,0.000,0.003
15520,0.003,0.006,0.000,0.003
15521,0.003,0.006,0.000,0.003
15522,0.003,0.006,0.000,0.003
15523,0.003,0.006,0.000,0.003
15524,0.003,0.006,0.000,0.003
15525,0.003,0.006,0.000,0.003
15526,0.003,0.006,0.000,0.003
15527,0.003,0.006,0.000,0.003
15528,0.003,0.006,0.000,0.003
15529,0.003,0.006,0.000,0.003
15530,0.003,0.006,0.000,0.003
15531,0.003,0.006,0.000,0.003
15532,0.003,0.006,0.000,0.003
15533,0.003,0.006,0.000,0.003
15534,0.003,0.006,0.000,0.003
15535,0.003,0.006,0.000,0.003
15536,0.003,0.006,0.000,0.003
15537,0.003,0.006,0.000,0.003
15538,0.003,0.006,0.000,0.003
15539,0.003,0.006,0.000,0.003
15540,0.003,0.006,0.000,0.003
15541,0.003,0.006,0.000,0.003
15542,0.003,0.006,0.000,0.003
15543,0.003,0.006,0.000,0.003
15544,0.003,0.006,0.000,0.003
15545,0.003,0.006,0.000,0.003
15546,0.003,0.006,0.000,0.003
15547,0.003,0.006,0.000,0.003
15548,0.003,0.006,0.000,0.003
15549,0.003,0.006,0.000,0.003
15550,0.003,0.006,0.000,0.003
15551,0.003,0.006,0.000,0.003
15552,0.003,0.006,0.000,0.003
15553,0.003,0.006,0.000,0.003
15554,0.003,0.006,0.000,0.003
15555,0.003,0.006,0.000,0.003
15556,0.003,0.006,0.000,0.003
15557,0.003,0.006,0.000,0.003
15558,0.003,0.006,0.000,0.003
15559,0.003,0.006,0.000,0.003
15560,0.003,0.006,0.000,0.003
15561,0.003,0.006,0.000,0.003
15562,0.003,0.006,0.000,0.003
15563,0.003,0.006,0.000,0.003
15564,0.003,0.006,0.000,0.003
15565,0.003,0.006,0.000,0.003
15566,0.003,0.006,0.000,0.003
15567,0.003,0.006,0.000,0.003
15568,0.003,0.006,0.000,0.003
15569,0.003,0.006,0.000,0.003
15570,0.003,0.006,0.000,0.003
15571,0.003,0.006,0.000,0.003
15572,0.003,0.006,0.000,0.003
15573,0.003,0.006,0.000,0.003
15574,0.003,0.006,0.000,0.003
15575,0.003,0.006,0.000,0.003
15576,0.003,0.006,0.000,0.003
15577,0.003,0.006,0.000,0.003
15578,0.003,0.006,0.000,0.003
15579,0.003,0.006,0.000,0.003
15580,0.003,0.006,0.000,0.003
15581,0.003,0.006,0.000,0.003
15582,0.003,0.006,0.000,0.003
15583,0.003,0.006,0.000,0.003
15584,0.003,0.006,0.000,0.003
15585,0.003,0.006,0.000,0.003
15586,0.003,0.006,0.000,0.003
15587,0.003,0.006,0.000,0.003
15588,0.003,0.006,0.000,0.003
15589,0.003,0.006,0.000,0.003
15590,0.003,0.006,0.000,0.003
15591,0.003,0.006,0.000,0.003
15592,0.003,0.006,0.000,0.003
15593,0.003,0.006,0.000,0.003
15594,0.003,0.006,0.000,0.003
15595,0.003,0.006,0.000,0.003
15596,0.003,0.006,0.000,0.003
15597,0.003,0.006,0.000,0.003
15598,0.003,0.006,0.000,0.003
15599,0.003,0.006,0.000,0.003
15600,0.003,0.006,0.000,0.003
15601,0.003,0.006,0.000,0.003
15602,0.003,0.006,0.000,0.003
15603,0.003,0.006,0.000,0.003
15604,0.003,0.006,0.000,0.003
15605,0.003,0.006,0.000,0.003
15606,0.003,0.006,0.000,0.003
15607,0.003,0.006,0.000,0.003
15608,0.003,0.006,0.000,0.003
15609,0.003,0.006,0.000,0.003
15610,0.003,0.006,0.000,0.003
15611,0.003,0.006,0.000,0.003
15612,0.003,0.006,0.000,0.003
15613,0.003,0.006,0.000,0.003
15614,0.003,0.006,0.000,0.003
15615,0.003,0.006,0.000,0.003
15616,0.003,0.006,0.000,0.003
15617,0.003,0.006,0.000,0.003
15618,0.003,0.006,0.000,0.003
15619,0.003,0.006,0.000,0.003
15620,0.003,0.006,0.000,0.003
15621,0.003,0.006,0.000,0.003
15622,0.003,0.006,0.000,0.003
15623,0.003,0.006,0.000,0.003
15624,0.003,0.006,0.000,0.003
15625,0.003,0.006,0.000,0.003
15626,0.003,0.006,0.000,0.003
15627,0.003,0.006,0.000,0.003
15628,0.003,0.006,0.000,0.003
15629,0.003,0.006,0.000,0.003
15630,0.003,0.006,0.000,0.003
15631,0.003,0.006,0.000,0.003
15632,0.003,0.006,0.000,0.003
15633,0.003,0.006,0.000,0.003
15634,0.003,0.006,0.000,0.003
15635,0.003,0.006,0.000,0.003
15636,0.003,0.006,0.000,0.003
15637,0.003,0.006,0.000,0.003
15638,0.003,0.006,0.000,0.003
15639,0.003,0.006,0.000,0.003
15640,0.003,0.006,0.000,0.003
15641,0.003,0.006,0.000,0.003
15642,0.003,0.006,0.000,0.003
15643,0.003,0.006,0.000,0.003
15644,0.003,0.006,0.000,0.003
15645,0.003,0.006,0.000,0.003
15646,0.003,0.006,0.000,0.003
15647,0.003,0.006,0.000,0.003
15648,0.003,0.006,0.000,0.003
15649,0.003,0.006,0.000,0.003
15650,0.003,0.006,0.000,0.003
15651,0.003,0.006,0.000,0.003
15652,0.003,0.006,0.000,0.003
15653,0.003,0.006,0.000,0.003
15654,0.003,0.006,0.000,0.003
15655,0.003,0.006,0.000,0.003
15656,0.003,0.006,0.000,0.003
15657,0.003,0.006,0.000,0.003
15658,0.003,0.006,0.000,0.003
15659,0.003,0.006,0.000,0.003
15660,0.003,0.006,0.000,0.003
15661,0.003,0.006,0.000,0.003
15662,0.003,0.006,0.000,0.003
15663,0.003,0.006,0.000,0.003
15664,0.003,0.006,0.000,0.003
15665,0.003,0.006,0.000,0.003
15666,0.003,0.006,0.000,0.003
15667,0.003,0.006,0.000,0.003
15668,0.003,0.006,0.000,0.003
15669,0.003,0.006,0.000,0.003
15670,0.003,0.006,0.000,0.003
15671,0.003,0.006,0.000,0.003
15672,0.003,0.006,0.000,0.003
15673,0.003,0.006,0.000,0.003
15674,0.003,0.006,0.000,0.003
15675,0.003,0.006,0.000,0.003
15676,0.003,0.006,0.000,0.003
15677,0.003,0.006,0.000,0.003
15678,0.003,0.006,0.000,0.003
15679,0.003,0.006,0.000,0.003
15680,0.003,0.006,0.000,0.003
15681,0.003,0.006,0.000,0.003
15682,0.003,0.006,0.000,0.003
15683,0.003,0.006,0.000,0.003
15684,0.003,0.006,0.000,0.003
15685,0.003,0.006,0.000,0.003
15686,0.003,0.006,0.000,0.003
15687,0.003,0.006,0.000,0.003
15688,0.003,0.006,0.000,0.003
15689,0.003,0.006,0.000,0.003
15690,0.003,0.006,0.000,0.003
15691,0.003,0.006,0.000,0.003
15692,0.003,0.006,0.000,0.003
15693,0.003,0.006,0.000,0.003
15694,0.003,0.006,0.000,0.003
15695,0.003,0.006,0.000,0.003
15696,0.003,0.006,0.000,0.003
15697,0.003,0.006,0.000,0.003
15698,0.003,0.006,0.000,0.003
15699,0.003,0.006,0.000,0.003
15700,0.003,0.006,0.000,0.003
15701,0.003,0.006,0.000,0.003
15702,0.003,0.006,0.000,0.003
15703,0.003,0.006,0.000,0.003
15704,0.003,0.006,0.000,0.003
15705,0.003,0.006,0.000,0.003
15706,0.003,0.006,0.000,0.003
15707,0.003,0.006,0.000,0.003
15708,0.003,0.006,0.000,0.003
15709,0.003,0.006,0.000,0.003
15710,0.003,0.006,0.000,0.003
15711,0.003,0.006,0.000,0.003
15712,0.003,0.006,0.000,0.003
15713,0.003,0.006,0.000,0.003
15714,0.003,0.006,0.000,0.003
15715,0.003,0.006,0.000,0.003
15716,0.003,0.006,0.000,0.003
15717,0.003,0.006,0.000,0.003
15718,0.003,0.006,0.000,0.003
15719,0.003,0.006,0.000,0.003
15720,0.003,0.006,0.000,0.003
15721,0.003,0.006,0.000,0.003
15722,0.003,0.006,0.000,0.003
15723,0.003,0.006,0.000,0.003
15724,0.003,0.006,0.000,0.003
15725,0.003,0.006,0.000,0.003
15726,0.003,0.006,0.000,0.003
15727,0.003,0.006,0.000,0.003
15728,0.003,0.006,0.000,0.003
15729,0.003,0.006,0.000,0.003
15730,0.003,0.006,0.000,0.003
15731,0.003,0.006,0.000,0.003
15732,0.003,0.006,0.000,0.003
15733,0.003,0.006,0.000,0.003
15734,0.003,0.006,0.000,0.003
15735,0.003,0.006,0.000,0.003
15736,0.003,0.006,0.000,0.003
15737,0.003,0.006,0.000,0.003
15738,0.003,0.006,0.000,0.003
15739,0.003,0.006,0.000,0.003
15740,0.003,0.006,0.000,0.003
15741,0.003,0.006,0.000,0.003
15742,0.003,0.006,0.000,0.003
15743,0.003,0.006,0.000,0.003
15744,0.003,0.006,0.000,0.003
15745,0.003,0.006,0.000,0.003
15746,0.003,0.006,0.000,0.003
15747,0.003,0.006,0.000,0.003
15748,0.003,0.006,0.000,0.003
15749,0.003,0.006,0.000,0.003
15750,0.003,0.006,0.000,0.003
15751,0.003,0.006,0.000,0.003
15752,0.003,0.006,0.000,0.003
15753,0.003,0.006,0.000,0.003
15754,0.003,0.006,0.000,0.003
15755,0.003,0.006,0.000,0.003
15756,0.003,0.006,0.000,0.003
15757,0.003,0.006,0.000,0.003
15758,0.003,0.006,0.000,0.003
15759,0.003,0.006,0.000,0.003
15760,0.003,0.006,0.000,0.003
15761,0.003,0.006,0.000,0.003
15762,0.003,0.006,0.000,0.003
15763,0.003,0.006,0.000,0.003
15764,0.003,0.006,0.000,0.003
15765,0.003,0.006,0.000,0.003
15766,0.003,0.006,0.000,0.003
15767,0.003,0.006,0.000,0.003
15768,0.003,0.006,0.000,0.003
15769,0.003,0.006,0.000,0.003
15770,0.003,0.006,0.000,0.003
15771,0.003,0.006,0.000,0.003
15772,0.003,0.006,0.000,0.003
15773,0.003,0.006,0.000,0.003
15774,0.003,0.006,0.000,0.003
15775,0.003,0.006,0.000,0.003
15776,0.003,0.006,0.000,0.003
15777,0.003,0.006,0.000,0.003
15778,0.003,0.006,0.000,0.003
15779,0.003,0.006,0.000,0.003
15780,0.003,0.006,0.000,0.003
15781,0.003,0.006,0.000,0.003
15782,0.003,0.006,0.000,0.003
15783,0.003,0.006,0.000,0.003
15784,0.003,0.006,0.000,0.003
15785,0.003,0.006,0.000,0.003
15786,0.003,0.006,0.000,0.003
15787,0.003,0.006,0.000,0.003
15788,0.003,0.006,0.000,0.003
15789,0.003,0.006,0.000,0.003
15790,0.003,0.006,0.000,0.003
15791,0.003,0.006,0.000,0.003
15792,0.003,0.006,0.000,0.003
15793,0.003,0.006,0.000,0.003
15794,0.003,0.006,0.000,0.003
15795,0.003,0.006,0.000,0.003
15796,0.003,0.006,0.000,0.003
15797,0.003,0.006,0.000,0.003
15798,0.003,0.006,0.000,0.003
15799,0.003,0.006,0.000,0.003
15800,0.003,0.006,0.000,0.003
15801,0.003,0.006,0.000,0.003
15802,0.003,0.006,0.000,0.003
15803,0.003,0.006,0.000,0.003
15804,0.003,0.006,0.000,0.003
15805,0.003,0.006,0.000,0.003
15806,0.003,0.006,0.000,0.003
15807,0.003,0.006,0.000,0.003
15808,0.003,0.006,0.000,0.003
15809,0.003,0.006,0.000,0.003
15810,0.003,0.006,0.000,0.003
15811,0.003,0.006,0.000,0.003
15812,0.003,0.006,0.000,0.003
15813,0.003,0.006,0.000,0.003
15814,0.003,0.006,0.000,0.003
15815,0.003,0.006,0.000,0.003
15816,0.003,0.006,0.000,0.003
15817,0.003,0.006,0.000,0.003
15818,0.003,0.006,0.000,0.003
15819,0.003,0.006,0.000,0.003
15820,0.003,0.006,0.000,0.003
15821,0.003,0.006,0.000,0.003
15822,0.003,0.006,0.000,0.003
15823,0.003,0.006,0.000,0.003
15824,0.003,0.006,0.000,0.003
15825,0.003,0.006,0.000,0.003
15826,0.003,0.006,0.000,0.003
15827,0.003,0.006,0.000,0.003
15828,0.003,0.006,0.000,0.003
15829,0.003,0.006,0.000,0.003
15830,0.003,0.006,0.000,0.003
15831,0.003,0.006,0.000,0.003
15832,0.003,0.006,0.000,0.003
15833,0.003,0.006,0.000,0.003
15834,0.003,0.006,0.000,0.003
15835,0.003,0.006,0.000,0.003
15836,0.003,0.006,0.000,0.003
15837,0.003,0.006,0.000,0.003
15838,0.003,0.006,0.000,0.003
15839,0.003,0.006,0.000,0.003
15840,0.003,0.006,0.000,0.003
15841,0.003,0.006,0.000,0.003
15842,0.003,0.006,0.000,0.003
15843,0.003,0.006,0.000,0.003
15844,0.003,0.006,0.000,0.003
15845,0.003,0.006,0.000,0.003
15846,0.003,0.006,0.000,0.003
15847,0.003,0.006,0.000,0.003
15848,0.003,0.006,0.000,0.003
15849,0.003,0.006,0.000,0.003
15850,0.003,0.006,0.000,0.003
15851,0.003,0.006,0.000,0.003
15852,0.003,0.006,0.000,0.003
15853,0.003,0.006,0.000,0.003
15854,0.003,0.006,0.000,0.003
15855,0.003,0.006,0.000,0.003
15856,0.003,0.006,0.000,0.003
15857,0.003,0.006,0.000,0.003
15858,0.003,0.006,0.000,0.003
15859,0.003,0.006,0.000,0.003
15860,0.003,0.006,0.000,0.003
15861,0.003,0.006,0.000,0.003
15862,0.003,0.006,0.000,0.003
15863,0.003,0.006,0.000,0.003
15864,0.003,0.006,0.000,0.003
15865,0.003,0.006,0.000,0.003
15866,0.003,0.006,0.000,0.003
15867,0.003,0.006,0.000,0.003
15868,0.003,0.006,0.000,0.003
15869,0.003,0.006,0.000,0.003
15870,0.003,0.006,0.000,0.003
15871,0.003,0.006,0.000,0.003
15872,0.003,0.006,0.000,0.003
15873,0.003,0.006,0.000,0.003
15874,0.003,0.006,0.000,0.003
15875,0.003,0.006,0.000,0.003
15876,0.003,0.006,0.000,0.003
15877,0.003,0.006,0.000,0.003
15878,0.003,0.006,0.000,0.003
15879,0.003,0.006,0.000,0.003
15880,0.003,0.006,0.000,0.003
15881,0.003,0.006,0.000,0.003
15882,0.003,0.006,0.000,0.003
15883,0.003,0.006,0.000,0.003
15884,0.003,0.006,0.000,0.003
15885,0.003,0.006,0.000,0.003
15886,0.003,0.006,0.000,0.003
15887,0.003,0.006,0.000,0.003
15888,0.003,0.006,0.000,0.003
15889,0.003,0.006,0.000,0.003
15890,0.003,0.006,0.000,0.003
15891,0.003,0.006,0.000,0.003
15892,0.003,0.006,0.000,0.003
15893,0.003,0.006,0.000,0.003
15894,0.003,0.006,0.000,0.003
15895,0.003,0.006,0.000,0.003
15896,0.003,0.006,0.000,0.003
15897,0.003,0.006,0.000,0.003
15898,0.003,0.006,0.000,0.003
15899,0.003,0.006,0.000,0.003
15900,0.003,0.006,0.000,0.003
15901,0.003,0.006,0.000,0.003
15902,0.003,0.006,0.000,0.003
15903,0.003,0.006,0.000,0.003
15904,0.003,0.006,0.000,0.003
15905,0.003,0.006,0.000,0.003
15906,0.003,0.006,0.000,0.003
15907,0.003,0.006,0.000,0.003
15908,0.003,0.006,0.000,0.003
15909,0.003,0.006,0.000,0.003
15910,0.003,0.006,0.000,0.003
15911,0.003,0.006,0.000,0.003
15912,0.003,0.006,0.000,0.003
15913,0.003,0.006,0.000,0.003
15914,0.003,0.006,0.000,0.003
15915,0.003,0.006,0.000,0.003
15916,0.003,0.006,0.000,0.003
15917,0.003,0.006,0.000,0.003
15918,0.003,0.006,0.000,0.003
15919,0.003,0.006,0.000,0.003
15920,0.003,0.006,0.000,0.003
15921,0.003,0.006,0.000,0.003
15922,0.003,0.006,0.000,0.003
15923,0.003,0.006,0.000,0.003
15924,0.003,0.006,0.000,0.003
15925,0.003,0.006,0.000,0.003
15926,0.003,0.006,0.000,0.003
15927,0.003,0.006,0.000,0.003
15928,0.003,0.006,0.000,0.003
15929,0.003,0.006,0.000,0.003
15930,0.003,0.006,0.000,0.003
15931,0.003,0.006,0.000,0.003
15932,0.003,0.006,0.000,0.003
15933,0.003,0.006,0.000,0.003
15934,0.003,0.006,0.000,0.003
15935,0.003,0.006,0.000,0.003
15936,0.003,0.006,0.000,0.003
15937,0.003,0.006,0.000,0.003
15938,0.003,0.006,0.000,0.003
15939,0.003,0.006,0.000,0.003
15940,0.003,0.006,0.000,0.003
15941,0.003,0.006,0.000,0.003
15942,0.003,0.006,0.000,0.003
15943,0.003,0.006,0.000,0.003
15944,0.003,0.006,0.000,0.003
15945,0.003,0.006,0.000,0.003
15946,0.003,0.006,0.000,0.003
15947,0.003,0.006,0.000,0.003
15948,0.003,0.006,0.000,0.003
15949,0.003,0.006,0.000,0.003
15950,0.003,0.006,0.000,0.003
15951,0.003,0.006,0.000,0.003
15952,0.003,0.006,0.000,0.003
15953,0.003,0.006,0.000,0.003
15954,0.003,0.006,0.000,0.003
15955,0.003,0.006,0.000,0.003
15956,0.003,0.006,0.000,0.003
15957,0.003,0.006,0.000,0.003
15958,0.003,0.006,0.000,0.003
15959,0.003,0.006,0.000,0.003
15960,0.003,0.006,0.000,0.003
15961,0.003,0.006,0.000,0.003
15962,0.003,0.006,0.000,0.003
15963,0.003,0.006,0.000,0.003
15964,0.003,0.006,0.000,0.003
15965,0.003,0.006,0.000,0.003
15966,0.003,0.006,0.000,0.003
15967,0.003,0.006,0.000,0.003
15968,0.003,0.006,0.000,0.003
15969,0.003,0.006,0.000,0.003
15970,0.003,0.006,0.000,0.003
15971,0.003,0.006,0.000,0.003
15972,0.003,0.006,0.000,0.003
15973,0.003,0.006,0.000,0.003
15974,0.003,0.006,0.000,0.003
15975,0.003,0.006,0.000,0.003
15976,0.003,0.006,0.000,0.003
15977,0.003,0.006,0.000,0.003
15978,0.003,0.006,0.000,0.003
15979,0.003,0.006,0.000,0.003
15980,0.003,0.006,0.000,0.003
15981,0.003,0.006,0.000,0.003
15982,0.003,0.006,0.000,0.003
15983,0.003,0.006,0.000,0.003
15984,0.003,0.006,0.000,0.003
15985,0.003,0.006,0.000,0.003
15986,0.003,0.006,0.000,0.003
15987,0.003,0.006,0.000,0.003
15988,0.003,0.006,0.000,0.003
15989,0.003,0.006,0.000,0.003
15990,0.003,0.006,0.000,0.003
15991,0.003,0.006,0.000,0.003
15992,0.003,0.006,0.000,0.003
15993,0.003,0.006,0.000,0.003
15994,0.003,0.006,0.000,0.003
15995,0.003,0.006,0.000,0.003
15996,0.003,0.006,0.000,0.003
15997,0.003,0.006,0.000,0.003
15998,0.003,0.006,0.000,0.003
15999,0.003,0.006,0.000,0.003
16000,0.003,0.006,0.000,0.003
16001,0.003,0.006,0.000,0.003
16002,0.003,0.006,0.000,0.003
16003,0.003,0.006,0.000,0.003
16004,0.003,0.006,0.000,0.003
16005,0.003,0.006,0.000,0.003
16006,0.003,0.006,0.000,0.003
16007,0.003,0.006,0.000,0.003
16008,0.003,0.006,0.000,0.003
16009,0.003,0.006,0.000,0.003
16010,0.003,0.006,0.000,0.003
16011,0.003,0.006,0.000,0.003
16012,0.003,0.006,0.000,0.003
16013,0.003,0.006,0.000,0.003
16014,0.003,0.006,0.000,0.003
16015,0.003,0.006,0.000,0.003
16016,0.003,0.006,0.000,0.003
16017,0.003,0.006,0.000,0.003
16018,0.003,0.006,0.000,0.003
16019,0.003,0.006,0.000,0.003
16020,0.003,0.006,0.000,0.003
16021,0.003,0.006,0.000,0.003
16022,0.003,0.006,0.000,0.003
16023,0.003,0.006,0.000,0.003
16024,0.003,0.006,0.000,0.003
16025,0.003,0.006,0.000,0.003
16026,0.003,0.006,0.000,0.003
16027,0.003,0.006,0.000,0.003
16028,0.003,0.006,0.000,0.003
16029,0.003,0.006,0.000,0.003
16030,0.003,0.006,0.000,0.003
16031,0.003,0.006,0.000,0.003
16032,0.003,0.006,0.000,0.003
16033,0.003,0.006,0.000,0.003
16034,0.003,0.006,0.000,0.003
16035,0.003,0.006,0.000,0.003
16036,0.003,0.006,0.000,0.003
16037,0.003,0.006,0.000,0.003
16038,0.003,0.006,0.000,0.003
16039,0.003,0.006,0.000,0.003
16040,0.003,0.006,0.000,0.003
16041,0.003,0.006,0.000,0.003
16042,0.003,0.006,0.000,0.003
16043,0.003,0.006,0.000,0.003
16044,0.003,0.006,0.000,0.003
16045,0.003,0.006,0.000,0.003
16046,0.003,0.006,0.000,0.003
16047,0.003,0.006,0.000,0.003
16048,0.003,0.006,0.000,0.003
16049,0.003,0.006,0.000,0.003
16050,0.003,0.006,0.000,0.003
16051,0.003,0.006,0.000,0.003
16052,0.003,0.006,0.000,0.003
16053,0.003,0.006,0.000,0.003
16054,0.003,0.006,0.000,0.003
16055,0.003,0.006,0.000,0.003
16056,0.003,0.006,0.000,0.003
16057,0.003,0.006,0.000,0.003
16058,0.003,0.006,0.000,0.003
16059,0.003,0.006,0.000,0.003
16060,0.003,0.006,0.000,0.003
16061,0.003,0.006,0.000,0.003
16062,0.003,0.006,0.000,0.003
16063,0.003,0.006,0.000,0.003
16064,0.003,0.006,0.000,0.003
16065,0.003,0.006,0.000,0.003
16066,0.003,0.006,0.000,0.003
16067,0.003,0.006,0.000,0.003
16068,0.003,0.006,0.000,0.003
16069,0.003,0.006,0.000,0.003
16070,0.003,0.006,0.000,0.003
16071,0.003,0.006,0.000,0.003
16072,0.003,0.006,0.000,0.003
16073,0.003,0.006,0.000,0.003
16074,0.003,0.006,0.000,0.003
16075,0.003,0.006,0.000,0.003
16076,0.003,0.006,0.000,0.003
16077,0.003,0.006,0.000,0.003
16078,0.003,0.006,0.000,0.003
16079,0.003,0.006,0.000,0.003
16080,0.003,0.006,0.000,0.003
16081,0.003,0.006,0.000,0.003
16082,0.003,0.006,0.000,0.003
16083,0.003,0.006,0.000,0.003
16084,0.003,0.006,0.000,0.003
16085,0.003,0.006,0.000,0.003
16086,0.003,0.006,0.000,0.003
16087,0.003,0.006,0.000,0.003
16088,0.003,0.006,0.000,0.003
16089,0.003,0.006,0.000,0.003
16090,0.003,0.006,0.000,0.003
16091,0.003,0.006,0.000,0.003
16092,0.003,0.006,0.000,0.003
16093,0.003,0.006,0.000,0.003
16094,0.003,0.006,0.000,0.003
16095,0.003,0.006,0.000,0.003
16096,0.003,0.006,0.000,0.003
16097,0.003,0.006,0.000,0.003
16098,0.003,0.006,0.000,0.003
16099,0.003,0.006,0.000,0.003
16100,0.003,0.006,0.000,0.003
16101,0.003,0.006,0.000,0.003
16102,0.003,0.006,0.000,0.003
16103,0.003,0.006,0.000,0.003
16104,0.003,0.006,0.000,0.003
16105,0.003,0.006,0.000,0.003
16106,0.003,0.006,0.000,0.003
16107,0.003,0.006,0.000,0.003
16108,0.003,0.006,0.000,0.003
16109,0.003,0.006,0.000,0.003
16110,0.003,0.006,0.000,0.003
16111,0.003,0.006,0.000,0.003
16112,0.003,0.006,0.000,0.003
16113,0.003,0.006,0.000,0.003
16114,0.003,0.006,0.000,0.003
16115,0.003,0.006,0.000,0.003
16116,0.003,0.006,0.000,0.003
16117,0.003,0.006,0.000,0.003
16118,0.003,0.006,0.000,0.003
16119,0.003,0.006,0.000,0.003
16120,0.003,0.006,0.000,0.003
16121,0.003,0.006,0.000,0.003
16122,0.003,0.006,0.000,0.003
16123,0.003,0.006,0.000,0.003
16124,0.003,0.006,0.000,0.003
16125,0.003,0.006,0.000,0.003
16126,0.003,0.006,0.000,0.003
16127,0.003,0.006,0.000,0.003
16128,0.003,0.006,0.000,0.003
16129,0.003,0.006,0.000,0.003
16130,0.003,0.006,0.000,0.003
16131,0.003,0.006,0.000,0.003
16132,0.003,0.006,0.000,0.003
16133,0.003,0.006,0.000,0.003
16134,0.003,0.006,0.000,0.003
16135,0.003,0.006,0.000,0.003
16136,0.003,0.006,0.000,0.003
16137,0.003,0.006,0.000,0.003
16138,0.003,0.006,0.000,0.003
16139,0.003,0.006,0.000,0.003
16140,0.003,0.006,0.000,0.003
16141,0.003,0.006,0.000,0.003
16142,0.003,0.006,0.000,0.003
16143,0.003,0.006,0.000,0.003
16144,0.003,0.006,0.000,0.003
16145,0.003,0.006,0.000,0.003
16146,0.003,0.006,0.000,0.003
16147,0.003,0.006,0.000,0.003
16148,0.003,0.006,0.000,0.003
16149,0.003,0.006,0.000,0.003
16150,0.003,0.006,0.000,0.003
16151,0.003,0.006,0.000,0.003
16152,0.003,0.006,0.000,0.003
16153,0.003,0.006,0.000,0.003
16154,0.003,0.006,0.000,0.003
16155,0.003,0.006,0.000,0.003
16156,0.003,0.006,0.000,0.003
16157,0.003,0.006,0.000,0.003
16158,0.003,0.006,0.000,0.003
16159,0.003,0.006,0.000,0.003
16160,0.003,0.006,0.000,0.003
16161,0.003,0.006,0.000,0.003
16162,0.003,0.006,0.000,0.003
16163,0.003,0.006,0.000,0.003
16164,0.003,0.006,0.000,0.003
16165,0.003,0.006,0.000,0.003
16166,0.003,0.006,0.000,0.003
16167,0.003,0.006,0.000,0.003
16168,0.003,0.006,0.000,0.003
16169,0.003,0.006,0.000,0.003
16170,0.003,0.006,0.000,0.003
16171,0.003,0.006,0.000,0.003
16172,0.003,0.006,0.000,0.003
16173,0.003,0.006,0.000,0.003
16174,0.003,0.006,0.000,0.003
16175,0.003,0.006,0.000,0.003
16176,0.003,0.006,0.000,0.003
16177,0.003,0.006,0.000,0.003
16178,0.003,0.006,0.000,0.003
16179,0.003,0.006,0.000,0.003
16180,0.003,0.006,0.000,0.003
16181,0.003,0.006,0.000,0.003
16182,0.003,0.006,0.000,0.003
16183,0.003,0.006,0.000,0.003
16184,0.003,0.006,0.000,0.003
16185,0.003,0.006,0.000,0.003
16186,0.003,0.006,0.000,0.003
16187,0.003,0.006,0.000,0.003
16188,0.003,0.006,0.000,0.003
16189,0.003,0.006,0.000,0.003
16190,0.003,0.006,0.000,0.003
16191,0.003,0.006,0.000,0.003
16192,0.003,0.006,0.000,0.003
16193,0.003,0.006,0.000,0.003
16194,0.003,0.006,0.000,0.003
16195,0.003,0.006,0.000,0.003
16196,0.003,0.006,0.000,0.003
16197,0.003,0.006,0.000,0.003
16198,0.003,0.006,0.000,0.003
16199,0.003,0.006,0.000,0.003
16200,0.003,0.006,0.000,0.003
16201,0.003,0.006,0.000,0.003
16202,0.003,0.006,0.000,0.003
16203,0.003,0.006,0.000,0.003
16204,0.003,0.006,0.000,0.003
16205,0.003,0.006,0.000,0.003
16206,0.003,0.006,0.000,0.003
16207,0.003,0.006,0.000,0.003
16208,0.003,0.006,0.000,0.003
16209,0.003,0.006,0.000,0.003
16210,0.003,0.006,0.000,0.003
16211,0.003,0.006,0.000,0.003
16212,0.003,0.006,0.000,0.003
16213,0.003,0.006,0.000,0.003
16214,0.003,0.006,0.000,0.003
16215,0.003,0.006,0.000,0.003
16216,0.003,0.006,0.000,0.003
16217,0.003,0.006,0.000,0.003
16218,0.003,0.006,0.000,0.003
16219,0.003,0.006,0.000,0.003
16220,0.003,0.006,0.000,0.003
16221,0.003,0.006,0.000,0.003
16222,0.003,0.006,0.000,0.003
16223,0.003,0.006,0.000,0.003
16224,0.003,0.006,0.000,0.003
16225,0.003,0.006,0.000,0.003
16226,0.003,0.006,0.000,0.003
16227,0.003,0.006,0.000,0.003
16228,0.003,0.006,0.000,0.003
16229,0.003,0.006,0.000,0.003
16230,0.003,0.006,0.000,0.003
16231,0.003,0.006,0.000,0.003
16232,0.003,0.006,0.000,0.003
16233,0.003,0.006,0.000,0.003
16234,0.003,0.006,0.000,0.003
16235,0.003,0.006,0.000,0.003
16236,0.003,0.006,0.000,0.003
16237,0.003,0.006,0.000,0.003
16238,0.003,0.006,0.000,0.003
16239,0.003,0.006,0.000,0.003
16240,0.003,0.006,0.000,0.003
16241,0.003,0.006,0.000,0.003
16242,0.003,0.006,0.000,0.003
16243,0.003,0.006,0.000,0.003
16244,0.003,0.006,0.000,0.003
16245,0.003,0.006,0.000,0.003
16246,0.003,0.006,0.000,0.003
16247,0.003,0.006,0.000,0.003
16248,0.003,0.006,0.000,0.003
16249,0.003,0.006,0.000,0.003
16250,0.003,0.006,0.000,0.003
16251,0.003,0.006,0.000,0.003
16252,0.003,0.006,0.000,0.003
16253,0.003,0.006,0.000,0.003
16254,0.003,0.006,0.000,0.003
16255,0.003,0.006,0.000,0.003
16256,0.003,0.006,0.000,0.003
16257,0.003,0.006,0.000,0.003
16258,0.003,0.006,0.000,0.003
16259,0.003,0.006,0.000,0.003
16260,0.003,0.006,0.000,0.003
16261,0.003,0.006,0.000,0.003
16262,0.003,0.006,0.000,0.003
16263,0.003,0.006,0.000,0.003
16264,0.003,0.006,0.000,0.003
16265,0.003,0.006,0.000,0.003
16266,0.003,0.006,0.000,0.003
16267,0.003,0.006,0.000,0.003
16268,0.003,0.006,0.000,0.003
16269,0.003,0.006,0.000,0.003
16270,0.003,0.006,0.000,0.003
16271,0.003,0.006,0.000,0.003
16272,0.003,0.006,0.000,0.003
16273,0.003,0.006,0.000,0.003
16274,0.003,0.006,0.000,0.003
16275,0.003,0.006,0.000,0.003
16276,0.003,0.006,0.000,0.003
16277,0.003,0.006,0.000,0.003
16278,0.003,0.006,0.000,0.003
16279,0.003,0.006,0.000,0.003
16280,0.003,0.006,0.000,0.003
16281,0.003,0.006,0.000,0.003
16282,0.003,0.006,0.000,0.003
16283,0.003,0.006,0.000,0.003
16284,0.003,0.006,0.000,0.003
16285,0.003,0.006,0.000,0.003
16286,0.003,0.006,0.000,0.003
16287,0.003,0.006,0.000,0.003
16288,0.003,0.006,0.000,0.003
16289,0.003,0.006,0.000,0.003
16290,0.003,0.006,0.000,0.003
16291,0.003,0.006,0.000,0.003
16292,0.003,0.006,0.000,0.003
16293,0.003,0.006,0.000,0.003
16294,0.003,0.006,0.000,0.003
16295,0.003,0.006,0.000,0.003
16296,0.003,0.006,0.000,0.003
16297,0.003,0.006,0.000,0.003
16298,0.003,0.006,0.000,0.003
16299,0.003,0.006,0.000,0.003
16300,0.003,0.006,0.000,0.003
16301,0.003,0.006,0.000,0.003
16302,0.003,0.006,0.000,0.003
16303,0.003,0.006,0.000,0.003
16304,0.003,0.006,0.000,0.003
16305,0.003,0.006,0.000,0.003
16306,0.003,0.006,0.000,0.003
16307,0.003,0.006,0.000,0.003
16308,0.003,0.006,0.000,0.003
16309,0.003,0.006,0.000,0.003
16310,0.003,0.006,0.000,0.003
16311,0.003,0.006,0.000,0.003
16312,0.003,0.006,0.000,0.003
16313,0.003,0.006,0.000,0.003
16314,0.003,0.006,0.000,0.003
16315,0.003,0.006,0.000,0.003
16316,0.003,0.006,0.000,0.003
16317,0.003,0.006,0.000,0.003
16318,0.003,0.006,0.000,0.003
16319,0.003,0.006,0.000,0.003
16320,0.003,0.006,0.000,0.003
16321,0.003,0.006,0.000,0.003
16322,0.003,0.006,0.000,0.003
16323,0.003,0.006,0.000,0.003
16324,0.003,0.006,0.000,0.003
16325,0.003,0.006,0.000,0.003
16326,0.003,0.006,0.000,0.003
16327,0.003,0.006,0.000,0.003
16328,0.003,0.006,0.000,0.003
16329,0.003,0.006,0.000,0.003
16330,0.003,0.006,0.000,0.003
16331,0.003,0.006,0.000,0.003
16332,0.003,0.006,0.000,0.003
16333,0.003,0.006,0.000,0.003
16334,0.003,0.006,0.000,0.003
16335,0.003,0.006,0.000,0.003
16336,0.003,0.006,0.000,0.003
16337,0.003,0.006,0.000,0.003
16338,0.003,0.006,0.000,0.003
16339,0.003,0.006,0.000,0.003
16340,0.003,0.006,0.000,0.003
16341,0.003,0.006,0.000,0.003
16342,0.003,0.006,0.000,0.003
16343,0.003,0.006,0.000,0.003
16344,0.003,0.006,0.000,0.003
16345,0.003,0.006,0.000,0.003
16346,0.003,0.006,0.000,0.003
16347,0.003,0.006,0.000,0.003
16348,0.003,0.006,0.000,0.003
16349,0.003,0.006,0.000,0.003
16350,0.003,0.006,0.000,0.003
16351,0.003,0.006,0.000,0.003
16352,0.003,0.006,0.000,0.003
16353,0.003,0.006,0.000,0.003
16354,0.003,0.006,0.000,0.003
16355,0.003,0.006,0.000,0.003
16356,0.003,0.006,0.000,0.003
16357,0.003,0.006,0.000,0.003
16358,0.003,0.006,0.000,0.003
16359,0.003,0.006,0.000,0.003
16360,0.003,0.006,0.000,0.003
16361,0.003,0.006,0.000,0.003
16362,0.003,0.006,0.000,0.003
16363,0.003,0.006,0.000,0.003
16364,0.003,0.006,0.000,0.003
16365,0.003,0.006,0.000,0.003
16366,0.003,0.006,0.000,0.003
16367,0.003,0.006,0.000,0.003
16368,0.003,0.006,0.000,0.003
16369,0.003,0.006,0.000,0.003
16370,0.003,0.006,0.000,0.003
16371,0.003,0.006,0.000,0.003
16372,0.003,0.006,0.000,0.003
16373,0.003,0.006,0.000,0.003
16374,0.003,0.006,0.000,0.003
16375,0.003,0.006,0.000,0.003
16376,0.003,0.006,0.000,0.003
16377,0.003,0.006,0.000,0.003
16378,0.003,0.006,0.000,0.003
16379,0.003,0.006,0.000,0.003
16380,0.003,0.006,0.000,0.003
16381,0.003,0.006,0.000,0.003
16382,0.003,0.006,0.000,0.003
16383,0.003,0.006,0.000,0.003
16384,0.003,0.006,0.000,0.003
16385,0.003,0.006,0.000,0.003
16386,0.003,0.006,0.000,0.003
16387,0.003,0.006,0.000,0.003
16388,0.003,0.006,0.000,0.003
16389,0.003,0.006,0.000,0.003
16390,0.003,0.006,0.000,0.003
16391,0.003,0.006,0.000,0.003
16392,0.003,0.006,0.000,0.003
16393,0.003,0.006,0.000,0.003
16394,0.003,0.006,0.000,0.003
16395,0.003,0.006,0.000,0.003
16396,0.003,0.006,0.000,0.003
16397,0.003,0.006,0.000,0.003
16398,0.003,0.006,0.000,0.003
16399,0.003,0.006,0.000,0.003
16400,0.003,0.006,0.000,0.003
16401,0.003,0.006,0.000,0.003
16402,0.003,0.006,0.000,0.003
16403,0.003,0.006,0.000,0.003
16404,0.003,0.006,0.000,0.003
16405,0.003,0.006,0.000,0.003
16406,0.003,0.006,0.000,0.003
16407,0.003,0.006,0.000,0.003
16408,0.003,0.006,0.000,0.003
16409,0.003,0.006,0.000,0.003
16410,0.003,0.006,0.000,0.003
16411,0.003,0.006,0.000,0.003
16412,0.003,0.006,0.000,0.003
16413,0.003,0.006,0.000,0.003
16414,0.003,0.006,0.000,0.003
16415,0.003,0.006,0.000,0.003
16416,0.003,0.006,0.000,0.003
16417,0.003,0.006,0.000,0.003
16418,0.003,0.006,0.000,0.003
16419,0.003,0.006,0.000,0.003
16420,0.003,0.006,0.000,0.003
16421,0.003,0.006,0.000,0.003
16422,0.003,0.006,0.000,0.003
16423,0.003,0.006,0.000,0.003
16424,0.003,0.006,0.000,0.003
16425,0.003,0.006,0.000,0.003
16426,0.003,0.006,0.000,0.003
16427,0.003,0.006,0.000,0.003
16428,0.003,0.006,0.000,0.003
16429,0.003,0.006,0.000,0.003
16430,0.003,0.006,0.000,0.003
16431,0.003,0.006,0.000,0.003
16432,0.003,0.006,0.000,0.003
16433,0.003,0.006,0.000,0.003
16434,0.003,0.006,0.000,0.003
16435,0.003,0.006,0.000,0.003
16436,0.003,0.006,0.000,0.003
16437,0.003,0.006,0.000,0.003
16438,0.003,0.006,0.000,0.003
16439,0.003,0.006,0.000,0.003
16440,0.003,0.006,0.000,0.003
16441,0.003,0.006,0.000,0.003
16442,0.003,0.006,0.000,0.003
16443,0.003,0.006,0.000,0.003
16444,0.003,0.006,0.000,0.003
16445,0.003,0.006,0.000,0.003
16446,0.003,0.006,0.000,0.003
16447,0.003,0.006,0.000,0.003
16448,0.003,0.006,0.000,0.003
16449,0.003,0.006,0.000,0.003
16450,0.003,0.006,0.000,0.003
16451,0.003,0.006,0.000,0.003
16452,0.003,0.006,0.000,0.003
16453,0.003,0.006,0.000,0.003
16454,0.003,0.006,0.000,0.003
16455,0.003,0.006,0.000,0.003
16456,0.003,0.006,0.000,0.003
16457,0.003,0.006,0.000,0.003
16458,0.003,0.006,0.000,0.003
16459,0.003,0.006,0.000,0.003
16460,0.003,0.006,0.000,0.003
16461,0.003,0.006,0.000,0.003
16462,0.003,0.006,0.000,0.003
16463,0.003,0.006,0.000,0.003
16464,0.003,0.006,0.000,0.003
16465,0.003,0.006,0.000,0.003
16466,0.003,0.006,0.000,0.003
16467,0.003,0.006,0.000,0.003
16468,0.003,0.006,0.000,0.003
16469,0.003,0.006,0.000,0.003
16470,0.003,0.006,0.000,0.003
16471,0.003,0.006,0.000,0.003
16472,0.003,0.006,0.000,0.003
16473,0.003,0.006,0.000,0.003
16474,0.003,0.006,0.000,0.003
16475,0.003,0.006,0.000,0.003
16476,0.003,0.006,0.000,0.003
16477,0.003,0.006,0.000,0.003
16478,0.003,0.006,0.000,0.003
16479,0.003,0.006,0.000,0.003
16480,0.003,0.006,0.000,0.003
16481,0.003,0.006,0.000,0.003
16482,0.003,0.006,0.000,0.003
16483,0.003,0.006,0.000,0.003
16484,0.003,0.006,0.000,0.003
16485,0.003,0.006,0.000,0.003
16486,0.003,0.006,0.000,0.003
16487,0.003,0.006,0.000,0.003
16488,0.003,0.006,0.000,0.003
16489,0.003,0.006,0.000,0.003
16490,0.003,0.006,0.000,0.003
16491,0.003,0.006,0.000,0.003
16492,0.003,0.006,0.000,0.003
16493,0.003,0.006,0.000,0.003
16494,0.003,0.006,0.000,0.003
16495,0.003,0.006,0.000,0.003
16496,0.003,0.006,0.000,0.003
16497,0.003,0.006,0.000,0.003
16498,0.003,0.006,0.000,0.003
16499,0.003,0.006,0.000,0.003
16500,0.003,0.006,0.000,0.003
16501,0.003,0.006,0.000,0.003
16502,0.003,0.006,0.000,0.003
16503,0.003,0.006,0.000,0.003
16504,0.003,0.006,0.000,0.003
16505,0.003,0.006,0.000,0.003
16506,0.003,0.006,0.000,0.003
16507,0.003,0.006,0.000,0.003
16508,0.003,0.006,0.000,0.003
16509,0.003,0.006,0.000,0.003
16510,0.003,0.006,0.000,0.003
16511,0.003,0.006,0.000,0.003
16512,0.003,0.006,0.000,0.003
16513,0.003,0.006,0.000,0.003
16514,0.003,0.006,0.000,0.003
16515,0.003,0.006,0.000,0.003
16516,0.003,0.006,0.000,0.003
16517,0.003,0.006,0.000,0.003
16518,0.003,0.006,0.000,0.003
16519,0.003,0.006,0.000,0.003
16520,0.003,0.006,0.000,0.003
16521,0.003,0.006,0.000,0.003
16522,0.003,0.006,0.000,0.003
16523,0.003,0.006,0.000,0.003
16524,0.003,0.006,0.000,0.003
16525,0.003,0.006,0.000,0.003
16526,0.003,0.006,0.000,0.003
16527,0.003,0.006,0.000,0.003
16528,0.003,0.006,0.000,0.003
16529,0.003,0.006,0.000,0.003
16530,0.003,0.006,0.000,0.003
16531,0.003,0.006,0.000,0.003
16532,0.003,0.006,0.000,0.003
16533,0.003,0.006,0.000,0.003
16534,0.003,0.006,0.000,0.003
16535,0.003,0.006,0.000,0.003
16536,0.003,0.006,0.000,0.003
16537,0.003,0.006,0.000,0.003
16538,0.003,0.006,0.000,0.003
16539,0.003,0.006,0.000,0.003
16540,0.003,0.006,0.000,0.003
16541,0.003,0.006,0.000,0.003
16542,0.003,0.006,0.000,0.003
16543,0.003,0.006,0.000,0.003
16544,0.003,0.006,0.000,0.003
16545,0.003,0.006,0.000,0.003
16546,0.003,0.006,0.000,0.003
16547,0.003,0.006,0.000,0.003
16548,0.003,0.006,0.000,0.003
16549,0.003,0.006,0.000,0.003
16550,0.003,0.006,0.000,0.003
16551,0.003,0.006,0.000,0.003
16552,0.003,0.006,0.000,0.003
16553,0.003,0.006,0.000,0.003
16554,0.003,0.006,0.000,0.003
16555,0.003,0.006,0.000,0.003
16556,0.003,0.006,0.000,0.003
16557,0.003,0.006,0.000,0.003
16558,0.003,0.006,0.000,0.003
16559,0.003,0.006,0.000,0.003
16560,0.003,0.006,0.000,0.003
16561,0.003,0.006,0.000,0.003
16562,0.003,0.006,0.000,0.003
16563,0.003,0.006,0.000,0.003
16564,0.003,0.006,0.000,0.003
16565,0.003,0.006,0.000,0.003
16566,0.003,0.006,0.000,0.003
16567,0.003,0.006,0.000,0.003
16568,0.003,0.006,0.000,0.003
16569,0.003,0.006,0.000,0.003
16570,0.003,0.006,0.000,0.003
16571,0.003,0.006,0.000,0.003
16572,0.003,0.006,0.000,0.003
16573,0.003,0.006,0.000,0.003
16574,0.003,0.006,0.000,0.003
16575,0.003,0.006,0.000,0.003
16576,0.003,0.006,0.000,0.003
16577,0.003,0.006,0.000,0.003
16578,0.003,0.006,0.000,0.003
16579,0.003,0.006,0.000,0.003
16580,0.003,0.006,0.000,0.003
16581,0.003,0.006,0.000,0.003
16582,0.003,0.006,0.000,0.003
16583,0.003,0.006,0.000,0.003
16584,0.003,0.006,0.000,0.003
16585,0.003,0.006,0.000,0.003
16586,0.003,0.006,0.000,0.003
16587,0.003,0.006,0.000,0.003
16588,0.003,0.006,0.000,0.003
16589,0.003,0.006,0.000,0.003
16590,0.003,0.006,0.000,0.003
16591,0.003,0.006,0.000,0.003
16592,0.003,0.006,0.000,0.003
16593,0.003,0.006,0.000,0.003
16594,0.003,0.006,0.000,0.003
16595,0.003,0.006,0.000,0.003
16596,0.003,0.006,0.000,0.003
16597,0.003,0.006,0.000,0.003
16598,0.003,0.006,0.000,0.003
16599,0.003,0.006,0.000,0.003
16600,0.003,0.006,0.000,0.003
16601,0.003,0.006,0.000,0.003
16602,0.003,0.006,0.000,0.003
16603,0.003,0.006,0.000,0.003
16604,0.003,0.006,0.000,0.003
16605,0.003,0.006,0.000,0.003
16606,0.003,0.006,0.000,0.003
16607,0.003,0.006,0.000,0.003
16608,0.003,0.006,0.000,0.003
16609,0.003,0.006,0.000,0.003
16610,0.003,0.006,0.000,0.003
16611,0.003,0.006,0.000,0.003
16612,0.003,0.006,0.000,0.003
16613,0.003,0.006,0.000,0.003
16614,0.003,0.006,0.000,0.003
16615,0.003,0.006,0.000,0.003
16616,0.003,0.006,0.000,0.003
16617,0.003,0.006,0.000,0.003
16618,0.003,0.006,0.000,0.003
16619,0.003,0.006,0.000,0.003
16620,0.003,0.006,0.000,0.003
16621,0.003,0.006,0.000,0.003
16622,0.003,0.006,0.000,0.003
16623,0.003,0.006,0.000,0.003
16624,0.003,0.006,0.000,0.003
16625,0.003,0.006,0.000,0.003
16626,0.003,0.006,0.000,0.003
16627,0.003,0.006,0.000,0.003
16628,0.003,0.006,0.000,0.003
16629,0.003,0.006,0.000,0.003
16630,0.003,0.006,0.000,0.003
16631,0.003,0.006,0.000,0.003
16632,0.003,0.006,0.000,0.003
16633,0.003,0.006,0.000,0.003
16634,0.003,0.006,0.000,0.003
16635,0.003,0.006,0.000,0.003
16636,0.003,0.006,0.000,0.003
16637,0.003,0.006,0.000,0.003
16638,0.003,0.006,0.000,0.003
16639,0.003,0.006,0.000,0.003
16640,0.003,0.006,0.000,0.003
16641,0.003,0.006,0.000,0.003
16642,0.003,0.006,0.000,0.003
16643,0.003,0.006,0.000,0.003
16644,0.003,0.006,0.000,0.003
16645,0.003,0.006,0.000,0.003
16646,0.003,0.006,0.000,0.003
16647,0.003,0.006,0.000,0.003
16648,0.003,0.006,0.000,0.003
16649,0.003,0.006,0.000,0.003
16650,0.003,0.006,0.000,0.003
16651,0.003,0.006,0.000,0.003
16652,0.003,0.006,0.000,0.003
16653,0.003,0.006,0.000,0.003
16654,0.003,0.006,0.000,0.003
16655,0.003,0.006,0.000,0.003
16656,0.003,0.006,0.000,0.003
16657,0.003,0.006,0.000,0.003
16658,0.003,0.006,0.000,0.003
16659,0.003,0.006,0.000,0.003
16660,0.003,0.006,0.000,0.003
16661,0.003,0.006,0.000,0.003
16662,0.003,0.006,0.000,0.003
16663,0.003,0.006,0.000,0.003
16664,0.003,0.006,0.000,0.003
16665,0.003,0.006,0.000,0.003
16666,0.003,0.006,0.000,0.003
16667,0.003,0.006,0.000,0.003
16668,0.003,0.006,0.000,0.003
16669,0.003,0.006,0.000,0.003
16670,0.003,0.006,0.000,0.003
16671,0.003,0.006,0.000,0.003
16672,0.003,0.006,0.000,0.003
16673,0.003,0.006,0.000,0.003
16674,0.003,0.006,0.000,0.003
16675,0.003,0.006,0.000,0.003
16676,0.003,0.006,0.000,0.003
16677,0.003,0.006,0.000,0.003
16678,0.003,0.006,0.000,0.003
16679,0.003,0.006,0.000,0.003
16680,0.003,0.006,0.000,0.003
16681,0.003,0.006,0.000,0.003
16682,0.003,0.006,0.000,0.003
16683,0.003,0.006,0.000,0.003
16684,0.003,0.006,0.000,0.003
16685,0.003,0.006,0.000,0.003
16686,0.003,0.006,0.000,0.003
16687,0.003,0.006,0.000,0.003
16688,0.003,0.006,0.000,0.003
16689,0.003,0.006,0.000,0.003
16690,0.003,0.006,0.000,0.003
16691,0.003,0.006,0.000,0.003
16692,0.003,0.006,0.000,0.003
16693,0.003,0.006,0.000,0.003
16694,0.003,0.006,0.000,0.003
16695,0.003,0.006,0.000,0.003
16696,0.003,0.006,0.000,0.003
16697,0.003,0.006,0.000,0.003
16698,0.003,0.006,0.000,0.003
16699,0.003,0.006,0.000,0.003
16700,0.003,0.006,0.000,0.003
16701,0.003,0.006,0.000,0.003
16702,0.003,0.006,0.000,0.003
16703,0.003,0.006,0.000,0.003
16704,0.003,0.006,0.000,0.003
16705,0.003,0.006,0.000,0.003
16706,0.003,0.006,0.000,0.003
16707,0.003,0.006,0.000,0.003
16708,0.003,0.006,0.000,0.003
16709,0.003,0.006,0.000,0.003
16710,0.003,0.006,0.000,0.003
16711,0.003,0.006,0.000,0.003
16712,0.003,0.006,0.000,0.003
16713,0.003,0.006,0.000,0.003
16714,0.003,0.006,0.000,0.003
16715,0.003,0.006,0.000,0.003
16716,0.003,0.006,0.000,0.003
16717,0.003,0.006,0.000,0.003
16718,0.003,0.006,0.000,0.003
16719,0.003,0.006,0.000,0.003
16720,0.003,0.006,0.000,0.003
16721,0.003,0.006,0.000,0.003
16722,0.003,0.006,0.000,0.003
16723,0.003,0.006,0.000,0.003
16724,0.003,0.006,0.000,0.003
16725,0.003,0.006,0.000,0.003
16726,0.003,0.006,0.000,0.003
16727,0.003,0.006,0.000,0.003
16728,0.003,0.006,0.000,0.003
16729,0.003,0.006,0.000,0.003
16730,0.003,0.006,0.000,0.003
16731,0.003,0.006,0.000,0.003
16732,0.003,0.006,0.000,0.003
16733,0.003,0.006,0.000,0.003
16734,0.003,0.006,0.000,0.003
16735,0.003,0.006,0.000,0.003
16736,0.003,0.006,0.000,0.003
16737,0.003,0.006,0.000,0.003
16738,0.003,0.006,0.000,0.003
16739,0.003,0.006,0.000,0.003
16740,0.003,0.006,0.000,0.003
16741,0.003,0.006,0.000,0.003
16742,0.003,0.006,0.000,0.003
16743,0.003,0.006,0.000,0.003
16744,0.003,0.006,0.000,0.003
16745,0.003,0.006,0.000,0.003
16746,0.003,0.006,0.000,0.003
16747,0.003,0.006,0.000,0.003
16748,0.003,0.006,0.000,0.003
16749,0.003,0.006,0.000,0.003
16750,0.003,0.006,0.000,0.003
16751,0.003,0.006,0.000,0.003
16752,0.003,0.006,0.000,0.003
16753,0.003,0.006,0.000,0.003
16754,0.003,0.006,0.000,0.003
16755,0.003,0.006,0.000,0.003
16756,0.003,0.006,0.000,0.003
16757,0.003,0.006,0.000,0.003
16758,0.003,0.006,0.000,0.003
16759,0.003,0.006,0.000,0.003
16760,0.003,0.006,0.000,0.003
16761,0.003,0.006,0.000,0.003
16762,0.003,0.006,0.000,0.003
16763,0.003,0.006,0.000,0.003
16764,0.003,0.006,0.000,0.003
16765,0.003,0.006,0.000,0.003
16766,0.003,0.006,0.000,0.003
16767,0.003,0.006,0.000,0.003
16768,0.003,0.006,0.000,0.003
16769,0.003,0.006,0.000,0.003
16770,0.003,0.006,0.000,0.003
16771,0.003,0.006,0.000,0.003
16772,0.003,0.006,0.000,0.003
16773,0.003,0.006,0.000,0.003
16774,0.003,0.006,0.000,0.003
16775,0.003,0.006,0.000,0.003
16776,0.003,0.006,0.000,0.003
16777,0.003,0.006,0.000,0.003
16778,0.003,0.006,0.000,0.003
16779,0.003,0.006,0.000,0.003
16780,0.003,0.006,0.000,0.003
16781,0.003,0.006,0.000,0.003
16782,0.003,0.006,0.000,0.003
16783,0.003,0.006,0.000,0.003
16784,0.003,0.006,0.000,0.003
16785,0.003,0.006,0.000,0.003
16786,0.003,0.006,0.000,0.003
16787,0.003,0.006,0.000,0.003
16788,0.003,0.006,0.000,0.003
16789,0.003,0.006,0.000,0.003
16790,0.003,0.006,0.000,0.003
16791,0.003,0.006,0.000,0.003
16792,0.003,0.006,0.000,0.003
16793,0.003,0.006,0.000,0.003
16794,0.003,0.006,0.000,0.003
16795,0.003,0.006,0.000,0.003
16796,0.003,0.006,0.000,0.003
16797,0.003,0.006,0.000,0.003
16798,0.003,0.006,0.000,0.003
16799,0.003,0.006,0.000,0.003
16800,0.003,0.006,0.000,0.003
16801,0.003,0.006,0.000,0.003
16802,0.003,0.006,0.000,0.003
16803,0.003,0.006,0.000,0.003
16804,0.003,0.006,0.000,0.003
16805,0.003,0.006,0.000,0.003
16806,0.003,0.006,0.000,0.003
16807,0.003,0.006,0.000,0.003
16808,0.003,0.006,0.000,0.003
16809,0.003,0.006,0.000,0.003
16810,0.003,0.006,0.000,0.003
16811,0.003,0.006,0.000,0.003
16812,0.003,0.006,0.000,0.003
16813,0.003,0.006,0.000,0.003
16814,0.003,0.006,0.000,0.003
16815,0.003,0.006,0.000,0.003
16816,0.003,0.006,0.000,0.003
16817,0.003,0.006,0.000,0.003
16818,0.003,0.006,0.000,0.003
16819,0.003,0.006,0.000,0.003
16820,0.003,0.006,0.000,0.003
16821,0.003,0.006,0.000,0.003
16822,0.003,0.006,0.000,0.003
16823,0.003,0.006,0.000,0.003
16824,0.003,0.006,0.000,0.003
16825,0.003,0.006,0.000,0.003
16826,0.003,0.006,0.000,0.003
16827,0.003,0.006,0.000,0.003
16828,0.003,0.006,0.000,0.003
16829,0.003,0.006,0.000,0.003
16830,0.003,0.006,0.000,0.003
16831,0.003,0.006,0.000,0.003
16832,0.003,0.006,0.000,0.003
16833,0.003,0.006,0.000,0.003
16834,0.003,0.006,0.000,0.003
16835,0.003,0.006,0.000,0.003
16836,0.003,0.006,0.000,0.003
16837,0.003,0.006,0.000,0.003
16838,0.003,0.006,0.000,0.003
16839,0.003,0.006,0.000,0.003
16840,0.003,0.006,0.000,0.003
16841,0.003,0.006,0.000,0.003
16842,0.003,0.006,0.000,0.003
16843,0.003,0.006,0.000,0.003
16844,0.003,0.006,0.000,0.003
16845,0.003,0.006,0.000,0.003
16846,0.003,0.006,0.000,0.003
16847,0.003,0.006,0.000,0.003
16848,0.003,0.006,0.000,0.003
16849,0.003,0.006,0.000,0.003
16850,0.003,0.006,0.000,0.003
16851,0.003,0.006,0.000,0.003
16852,0.003,0.006,0.000,0.003
16853,0.003,0.006,0.000,0.003
16854,0.003,0.006,0.000,0.003
16855,0.003,0.006,0.000,0.003
16856,0.003,0.006,0.000,0.003
16857,0.003,0.006,0.000,0.003
16858,0.003,0.006,0.000,0.003
16859,0.003,0.006,0.000,0.003
16860,0.003,0.006,0.000,0.003
16861,0.003,0.006,0.000,0.003
16862,0.003,0.006,0.000,0.003
16863,0.003,0.006,0.000,0.003
16864,0.003,0.006,0.000,0.003
16865,0.003,0.006,0.000,0.003
16866,0.003,0.006,0.000,0.003
16867,0.003,0.006,0.000,0.003
16868,0.003,0.006,0.000,0.003
16869,0.003,0.006,0.000,0.003
16870,0.003,0.006,0.000,0.003
16871,0.003,0.006,0.000,0.003
16872,0.003,0.006,0.000,0.003
16873,0.003,0.006,0.000,0.003
16874,0.003,0.006,0.000,0.003
16875,0.003,0.006,0.000,0.003
16876,0.003,0.006,0.000,0.003
16877,0.003,0.006,0.000,0.003
16878,0.003,0.006,0.000,0.003
16879,0.003,0.006,0.000,0.003
16880,0.003,0.006,0.000,0.003
16881,0.003,0.006,0.000,0.003
16882,0.003,0.006,0.000,0.003
16883,0.003,0.006,0.000,0.003
16884,0.003,0.006,0.000,0.003
16885,0.003,0.006,0.000,0.003
16886,0.003,0.006,0.000,0.003
16887,0.003,0.006,0.000,0.003
16888,0.003,0.006,0.000,0.003
16889,0.003,0.006,0.000,0.003
16890,0.003,0.006,0.000,0.003
16891,0.003,0.006,0.000,0.003
16892,0.003,0.006,0.000,0.003
16893,0.003,0.006,0.000,0.003
16894,0.003,0.006,0.000,0.003
16895,0.003,0.006,0.000,0.003
16896,0.003,0.006,0.000,0.003
16897,0.003,0.006,0.000,0.003
16898,0.003,0.006,0.000,0.003
16899,0.003,0.006,0.000,0.003
16900,0.003,0.006,0.000,0.003
16901,0.003,0.006,0.000,0.003
16902,0.003,0.006,0.000,0.003
16903,0.003,0.006,0.000,0.003
16904,0.003,0.006,0.000,0.003
16905,0.003,0.006,0.000,0.003
16906,0.003,0.006,0.000,0.003
16907,0.003,0.006,0.000,0.003
16908,0.003,0.006,0.000,0.003
16909,0.003,0.006,0.000,0.003
16910,0.003,0.006,0.000,0.003
16911,0.003,0.006,0.000,0.003
16912,0.003,0.006,0.000,0.003
16913,0.003,0.006,0.000,0.003
16914,0.003,0.006,0.000,0.003
16915,0.003,0.006,0.000,0.003
16916,0.003,0.006,0.000,0.003
16917,0.003,0.006,0.000,0.003
16918,0.003,0.006,0.000,0.003
16919,0.003,0.006,0.000,0.003
16920,0.003,0.006,0.000,0.003
16921,0.003,0.006,0.000,0.003
16922,0.003,0.006,0.000,0.003
16923,0.003,0.006,0.000,0.003
16924,0.003,0.006,0.000,0.003
16925,0.003,0.006,0.000,0.003
16926,0.003,0.006,0.000,0.003
16927,0.003,0.006,0.000,0.003
16928,0.003,0.006,0.000,0.003
16929,0.003,0.006,0.000,0.003
16930,0.003,0.006,0.000,0.003
16931,0.003,0.006,0.000,0.003
16932,0.003,0.006,0.000,0.003
16933,0.003,0.006,0.000,0.003
16934,0.003,0.006,0.000,0.003
16935,0.003,0.006,0.000,0.003
16936,0.003,0.006,0.000,0.003
16937,0.003,0.006,0.000,0.003
16938,0.003,0.006,0.000,0.003
16939,0.003,0.006,0.000,0.003
16940,0.003,0.006,0.000,0.003
16941,0.003,0.006,0.000,0.003
16942,0.003,0.006,0.000,0.003
16943,0.003,0.006,0.000,0.003
16944,0.003,0.006,0.000,0.003
16945,0.003,0.006,0.000,0.003
16946,0.003,0.006,0.000,0.003
16947,0.003,0.006,0.000,0.003
16948,0.003,0.006,0.000,0.003
16949,0.003,0.006,0.000,0.003
16950,0.003,0.006,0.000,0.003
16951,0.003,0.006,0.000,0.003
16952,0.003,0.006,0.000,0.003
16953,0.003,0.006,0.000,0.003
16954,0.003,0.006,0.000,0.003
16955,0.003,0.006,0.000,0.003
16956,0.003,0.006,0.000,0.003
16957,0.003,0.006,0.000,0.003
16958,0.003,0.006,0.000,0.003
16959,0.003,0.006,0.000,0.003
16960,0.003,0.006,0.000,0.003
16961,0.003,0.006,0.000,0.003
16962,0.003,0.006,0.000,0.003
16963,0.003,0.006,0.000,0.003
16964,0.003,0.006,0.000,0.003
16965,0.003,0.006,0.000,0.003
16966,0.003,0.006,0.000,0.003
16967,0.003,0.006,0.000,0.003
16968,0.003,0.006,0.000,0.003
16969,0.003,0.006,0.000,0.003
16970,0.003,0.006,0.000,0.003
16971,0.003,0.006,0.000,0.003
16972,0.003,0.006,0.000,0.003
16973,0.003,0.006,0.000,0.003
16974,0.003,0.006,0.000,0.003
16975,0.003,0.006,0.000,0.003
16976,0.003,0.006,0.000,0.003
16977,0.003,0.006,0.000,0.003
16978,0.003,0.006,0.000,0.003
16979,0.003,0.006,0.000,0.003
16980,0.003,0.006,0.000,0.003
16981,0.003,0.006,0.000,0.003
16982,0.003,0.006,0.000,0.003
16983,0.003,0.006,0.000,0.003
16984,0.003,0.006,0.000,0.003
16985,0.003,0.006,0.000,0.003
16986,0.003,0.006,0.000,0.003
16987,0.003,0.006,0.000,0.003
16988,0.003,0.006,0.000,0.003
16989,0.003,0.006,0.000,0.003
16990,0.003,0.006,0.000,0.003
16991,0.003,0.006,0.000,0.003
16992,0.003,0.006,0.000,0.003
16993,0.003,0.006,0.000,0.003
16994,0.003,0.006,0.000,0.003
16995,0.003,0.006,0.000,0.003
16996,0.003,0.006,0.000,0.003
16997,0.003,0.006,0.000,0.003
16998,0.003,0.006,0.000,0.003
16999,0.003,0.006,0.000,0.003
17000,0.003,0.006,0.000,0.003
17001,0.003,0.006,0.000,0.003
17002,0.003,0.006,0.000,0.003
17003,0.003,0.006,0.000,0.003
17004,0.003,0.006,0.000,0.003
17005,0.003,0.006,0.000,0.003
17006,0.003,0.006,0.000,0.003
17007,0.003,0.006,0.000,0.003
17008,0.003,0.006,0.000,0.003
17009,0.003,0.006,0.000,0.003
17010,0.003,0.006,0.000,0.003
17011,0.003,0.006,0.000,0.003
17012,0.003,0.006,0.000,0.003
17013,0.003,0.006,0.000,0.003
17014,0.003,0.006,0.000,0.003
17015,0.003,0.006,0.000,0.003
17016,0.003,0.006,0.000,0.003
17017,0.003,0.006,0.000,0.003
17018,0.003,0.006,0.000,0.003
17019,0.003,0.006,0.000,0.003
17020,0.003,0.006,0.000,0.003
17021,0.003,0.006,0.000,0.003
17022,0.003,0.006,0.000,0.003
17023,0.003,0.006,0.000,0.003
17024,0.003,0.006,0.000,0.003
17025,0.003,0.006,0.000,0.003
17026,0.003,0.006,0.000,0.003
17027,0.003,0.006,0.000,0.003
17028,0.003,0.006,0.000,0.003
17029,0.003,0.006,0.000,0.003
17030,0.003,0.006,0.000,0.003
17031,0.003,0.006,0.000,0.003
17032,0.003,0.006,0.000,0.003
17033,0.003,0.006,0.000,0.003
17034,0.003,0.006,0.000,0.003
17035,0.003,0.006,0.000,0.003
17036,0.003,0.006,0.000,0.003
17037,0.003,0.006,0.000,0.003
17038,0.003,0.006,0.000,0.003
17039,0.003,0.006,0.000,0.003
17040,0.003,0.006,0.000,0.003
17041,0.003,0.006,0.000,0.003
17042,0.003,0.006,0.000,0.003
17043,0.003,0.006,0.000,0.003
17044,0.003,0.006,0.000,0.003
17045,0.003,0.006,0.000,0.003
17046,0.003,0.006,0.000,0.003
17047,0.003,0.006,0.000,0.003
17048,0.003,0.006,0.000,0.003
17049,0.003,0.006,0.000,0.003
17050,0.003,0.006,0.000,0.003
17051,0.003,0.006,0.000,0.003
17052,0.003,0.006,0.000,0.003
17053,0.003,0.006,0.000,0.003
17054,0.003,0.006,0.000,0.003
17055,0.003,0.006,0.000,0.003
17056,0.003,0.006,0.000,0.003
17057,0.003,0.006,0.000,0.003
17058,0.003,0.006,0.000,0.003
17059,0.003,0.006,0.000,0.003
17060,0.003,0.006,0.000,0.003
17061,0.003,0.006,0.000,0.003
17062,0.003,0.006,0.000,0.003
17063,0.003,0.006,0.000,0.003
17064,0.003,0.006,0.000,0.003
17065,0.003,0.006,0.000,0.003
17066,0.003,0.006,0.000,0.003
17067,0.003,0.006,0.000,0.003
17068,0.003,0.006,0.000,0.003
17069,0.003,0.006,0.000,0.003
17070,0.003,0.006,0.000,0.003
17071,0.003,0.006,0.000,0.003
17072,0.003,0.006,0.000,0.003
17073,0.003,0.006,0.000,0.003
17074,0.003,0.006,0.000,0.003
17075,0.003,0.006,0.000,0.003
17076,0.003,0.006,0.000,0.003
17077,0.003,0.006,0.000,0.003
17078,0.003,0.006,0.000,0.003
17079,0.003,0.006,0.000,0.003
17080,0.003,0.006,0.000,0.003
17081,0.003,0.006,0.000,0.003
17082,0.003,0.006,0.000,0.003
17083,0.003,0.006,0.000,0.003
17084,0.003,0.006,0.000,0.003
17085,0.003,0.006,0.000,0.003
17086,0.003,0.006,0.000,0.003
17087,0.003,0.006,0.000,0.003
17088,0.003,0.006,0.000,0.003
17089,0.003,0.006,0.000,0.003
17090,0.003,0.006,0.000,0.003
17091,0.003,0.006,0.000,0.003
17092,0.003,0.006,0.000,0.003
17093,0.003,0.006,0.000,0.003
17094,0.003,0.006,0.000,0.003
17095,0.003,0.006,0.000,0.003
17096,0.003,0.006,0.000,0.003
17097,0.003,0.006,0.000,0.003
17098,0.003,0.006,0.000,0.003
17099,0.003,0.006,0.000,0.003
17100,0.003,0.006,0.000,0.003
17101,0.003,0.006,0.000,0.003
17102,0.003,0.006,0.000,0.003
17103,0.003,0.006,0.000,0.003
17104,0.003,0.006,0.000,0.003
17105,0.003,0.006,0.000,0.003
17106,0.003,0.006,0.000,0.003
17107,0.003,0.006,0.000,0.003
17108,0.003,0.006,0.000,0.003
17109,0.003,0.006,0.000,0.003
17110,0.003,0.006,0.000,0.003
17111,0.003,0.006,0.000,0.003
17112,0.003,0.006,0.000,0.003
17113,0.003,0.006,0.000,0.003
17114,0.003,0.006,0.000,0.003
17115,0.003,0.006,0.000,0.003
17116,0.003,0.006,0.000,0.003
17117,0.003,0.006,0.000,0.003
17118,0.003,0.006,0.000,0.003
17119,0.003,0.006,0.000,0.003
17120,0.003,0.006,0.000,0.003
17121,0.003,0.006,0.000,0.003
17122,0.003,0.006,0.000,0.003
17123,0.003,0.006,0.000,0.003
17124,0.003,0.006,0.000,0.003
17125,0.003,0.006,0.000,0.003
17126,0.003,0.006,0.000,0.003
17127,0.003,0.006,0.000,0.003
17128,0.003,0.006,0.000,0.003
17129,0.003,0.006,0.000,0.003
17130,0.003,0.006,0.000,0.003
17131,0.003,0.006,0.000,0.003
17132,0.003,0.006,0.000,0.003
17133,0.003,0.006,0.000,0.003
17134,0.003,0.006,0.000,0.003
17135,0.003,0.006,0.000,0.003
17136,0.003,0.006,0.000,0.003
17137,0.003,0.006,0.000,0.003
17138,0.003,0.006,0.000,0.003
17139,0.003,0.006,0.000,0.003
17140,0.003,0.006,0.000,0.003
17141,0.003,0.006,0.000,0.003
17142,0.003,0.006,0.000,0.003
17143,0.003,0.006,0.000,0.003
17144,0.003,0.006,0.000,0.003
17145,0.003,0.006,0.000,0.003
17146,0.003,0.006,0.000,0.003
17147,0.003,0.006,0.000,0.003
17148,0.003,0.006,0.000,0.003
17149,0.003,0.006,0.000,0.003
17150,0.003,0.006,0.000,0.003
17151,0.003,0.006,0.000,0.003
17152,0.003,0.006,0.000,0.003
17153,0.003,0.006,0.000,0.003
17154,0.003,0.006,0.000,0.003
17155,0.003,0.006,0.000,0.003
17156,0.003,0.006,0.000,0.003
17157,0.003,0.006,0.000,0.003
17158,0.003,0.006,0.000,0.003
17159,0.003,0.006,0.000,0.003
17160,0.003,0.006,0.000,0.003
17161,0.003,0.006,0.000,0.003
17162,0.003,0.006,0.000,0.003
17163,0.003,0.006,0.000,0.003
17164,0.003,0.006,0.000,0.003
17165,0.003,0.006,0.000,0.003
17166,0.003,0.006,0.000,0.003
17167,0.003,0.006,0.000,0.003
17168,0.003,0.006,0.000,0.003
17169,0.003,0.006,0.000,0.003
17170,0.003,0.006,0.000,0.003
17171,0.003,0.006,0.000,0.003
17172,0.003,0.006,0.000,0.003
17173,0.003,0.006,0.000,0.003
17174,0.003,0.006,0.000,0.003
17175,0.003,0.006,0.000,0.003
17176,0.003,0.006,0.000,0.003
17177,0.003,0.006,0.000,0.003
17178,0.003,0.006,0.000,0.003
17179,0.003,0.006,0.000,0.003
17180,0.003,0.006,0.000,0.003
17181,0.003,0.006,0.000,0.003
17182,0.003,0.006,0.000,0.003
17183,0.003,0.006,0.000,0.003
17184,0.003,0.006,0.000,0.003
17185,0.003,0.006,0.000,0.003
17186,0.003,0.006,0.000,0.003
17187,0.003,0.006,0.000,0.003
17188,0.003,0.006,0.000,0.003
17189,0.003,0.006,0.000,0.003
17190,0.003,0.006,0.000,0.003
17191,0.003,0.006,0.000,0.003
17192,0.003,0.006,0.000,0.003
17193,0.003,0.006,0.000,0.003
17194,0.003,0.006,0.000,0.003
17195,0.003,0.006,0.000,0.003
17196,0.003,0.006,0.000,0.003
17197,0.003,0.006,0.000,0.003
17198,0.003,0.006,0.000,0.003
17199,0.003,0.006,0.000,0.003
17200,0.003,0.006,0.000,0.003
17201,0.003,0.006,0.000,0.003
17202,0.003,0.006,0.000,0.003
17203,0.003,0.006,0.000,0.003
17204,0.003,0.006,0.000,0.003
17205,0.003,0.006,0.000,0.003
17206,0.003,0.006,0.000,0.003
17207,0.003,0.006,0.000,0.003
17208,0.003,0.006,0.000,0.003
17209,0.003,0.006,0.000,0.003
17210,0.003,0.006,0.000,0.003
17211,0.003,0.006,0.000,0.003
17212,0.003,0.006,0.000,0.003
17213,0.003,0.006,0.000,0.003
17214,0.003,0.006,0.000,0.003
17215,0.003,0.006,0.000,0.003
17216,0.003,0.006,0.000,0.003
17217,0.003,0.006,0.000,0.003
17218,0.003,0.006,0.000,0.003
17219,0.003,0.006,0.000,0.003
17220,0.003,0.006,0.000,0.003
17221,0.003,0.006,0.000,0.003
17222,0.003,0.006,0.000,0.003
17223,0.003,0.006,0.000,0.003
17224,0.003,0.006,0.000,0.003
17225,0.003,0.006,0.000,0.003
17226,0.003,0.006,0.000,0.003
17227,0.003,0.006,0.000,0.003
17228,0.003,0.006,0.000,0.003
17229,0.003,0.006,0.000,0.003
17230,0.003,0.006,0.000,0.003
17231,0.003,0.006,0.000,0.003
17232,0.003,0.006,0.000,0.003
17233,0.003,0.006,0.000,0.003
17234,0.003,0.006,0.000,0.003
17235,0.003,0.006,0.000,0.003
17236,0.003,0.006,0.000,0.003
17237,0.003,0.006,0.000,0.003
17238,0.003,0.006,0.000,0.003
17239,0.003,0.006,0.000,0.003
17240,0.003,0.006,0.000,0.003
17241,0.003,0.006,0.000,0.003
17242,0.003,0.006,0.000,0.003
17243,0.003,0.006,0.000,0.003
17244,0.003,0.006,0.000,0.003
17245,0.003,0.006,0.000,0.003
17246,0.003,0.006,0.000,0.003
17247,0.003,0.006,0.000,0.003
17248,0.003,0.006,0.000,0.003
17249,0.003,0.006,0.000,0.003
17250,0.003,0.006,0.000,0.003
17251,0.003,0.006,0.000,0.003
17252,0.003,0.006,0.000,0.003
17253,0.003,0.006,0.000,0.003
17254,0.003,0.006,0.000,0.003
17255,0.003,0.006,0.000,0.003
17256,0.003,0.006,0.000,0.003
17257,0.003,0.006,0.000,0.003
17258,0.003,0.006,0.000,0.003
17259,0.003,0.006,0.000,0.003
17260,0.003,0.006,0.000,0.003
17261,0.003,0.006,0.000,0.003
17262,0.003,0.006,0.000,0.003
17263,0.003,0.006,0.000,0.003
17264,0.003,0.006,0.000,0.003
17265,0.003,0.006,0.000,0.003
17266,0.003,0.006,0.000,0.003
17267,0.003,0.006,0.000,0.003
17268,0.003,0.006,0.000,0.003
17269,0.003,0.006,0.000,0.003
17270,0.003,0.006,0.000,0.003
17271,0.003,0.006,0.000,0.003
17272,0.003,0.006,0.000,0.003
17273,0.003,0.006,0.000,0.003
17274,0.003,0.006,0.000,0.003
17275,0.003,0.006,0.000,0.003
17276,0.003,0.006,0.000,0.003
17277,0.003,0.006,0.000,0.003
17278,0.003,0.006,0.000,0.003
17279,0.003,0.006,0.000,0.003
17280,0.005,0.006,0.000,0.004
17281,0.005,0.006,0.000,0.004
17282,0.005,0.006,0.000,0.004
17283,0.006,0.006,0.000,0.004
17284,0.007,0.006,0.000,0.005
17285,0.009,0.006,0.000,0.005
17286,0.011,0.006,0.000,0.006
17287,0.014,0.006,0.000,0.007
17288,0.014,0.006,0.000,0.007
17289,0.015,0.006,0.000,0.007
17290,0.012,0.006,0.000,0.006
17291,0.012,0.006,0.000,0.006
17292,0.012,0.006,0.000,0.006
17293,0.013,0.006,0.000,0.007
17294,0.012,0.006,0.000,0.006
17295,0.011,0.006,0.000,0.006
17296,0.014,0.006,0.000,0.007
17297,0.014,0.006,0.000,0.007
17298,0.014,0.006,0.000,0.007
17299,0.010,0.006,0.000,0.006
17300,0.010,0.006,0.000,0.006
17301,0.010,0.006,0.000,0.006
17302,0.008,0.006,0.000,0.005
17303,0.009,0.006,0.000,0.005
17304,0.008,0.006,0.000,0.005
17305,0.012,0.006,0.000,0.006
17306,0.009,0.006,0.000,0.005
17307,0.012,0.006,0.000,0.006
17308,0.012,0.006,0.000,0.006
17309,0.012,0.006,0.000,0.006
17310,0.012,0.006,0.000,0.006
17311,0.011,0.006,0.000,0.006
17312,0.011,0.006,0.000,0.006
17313,0.007,0.006,0.000,0.004
17314,0.007,0.006,0.000,0.005
17315,0.006,0.006,0.000,0.004
17316,0.006,0.006,0.000,0.004
17317,0.006,0.006,0.000,0.004
17318,0.006,0.006,0.000,0.004
17319,0.005,0.006,0.000,0.004
17320,0.005,0.006,0.000,0.004
17321,0.005,0.006,0.000,0.004
17322,0.005,0.006,0.000,0.004
17323,0.003,0.006,0.000,0.003
17324,0.004,0.006,0.000,0.004
17325,0.004,0.006,0.000,0.004
17326,0.005,0.006,0.000,0.004
17327,0.006,0.006,0.000,0.004
17328,0.006,0.006,0.000,0.004
17329,0.004,0.006,0.000,0.003
17330,0.007,0.006,0.000,0.004
17331,0.007,0.006,0.000,0.005
17332,0.003,0.006,0.000,0.003
17333,0.004,0.006,0.000,0.003
17334,0.003,0.006,0.000,0.003
17335,0.004,0.006,0.000,0.004
17336,0.004,0.006,0.000,0.004
17337,0.004,0.006,0.000,0.004
17338,0.003,0.006,0.000,0.003
17339,0.003,0.006,0.000,0.003
17340,0.003,0.006,0.000,0.003
17341,0.004,0.006,0.000,0.003
17342,0.003,0.006,0.000,0.003
17343,0.004,0.006,0.000,0.003
17344,0.004,0.006,0.000,0.003
17345,0.004,0.006,0.000,0.003
17346,0.004,0.006,0.000,0.003
17347,0.004,0.006,0.000,0.003
17348,0.004,0.006,0.000,0.003
17349,0.004,0.006,0.000,0.003
17350,0.004,0.006,0.000,0.003
17351,0.003,0.006,0.000,0.003
17352,0.003,0.006,0.000,0.003
17353,0.003,0.006,0.000,0.003
17354,0.003,0.006,0.000,0.003
17355,0.003,0.006,0.000,0.003
17356,0.003,0.006,0.000,0.003
17357,0.003,0.006,0.000,0.003
17358,0.003,0.006,0.000,0.003
17359,0.003,0.006,0.000,0.003
17360,0.003,0.006,0.000,0.003
17361,0.003,0.006,0.000,0.003
17362,0.003,0.006,0.000,0.003
17363,0.003,0.006,0.000,0.003
17364,0.003,0.006,0.000,0.003
17365,0.003,0.006,0.000,0.003
17366,0.003,0.006,0.000,0.003
17367,0.003,0.006,0.000,0.003
17368,0.003,0.006,0.000,0.003
17369,0.003,0.006,0.000,0.003
17370,0.003,0.006,0.000,0.003
17371,0.003,0.006,0.000,0.003
17372,0.003,0.006,0.000,0.003
17373,0.003,0.006,0.000,0.003
17374,0.003,0.006,0.000,0.003
17375,0.003,0.006,0.000,0.003
17376,0.003,0.006,0.000,0.003
17377,0.003,0.006,0.000,0.003
17378,0.003,0.006,0.000,0.003
17379,0.003,0.006,0.000,0.003
17380,0.003,0.006,0.000,0.003
17381,0.003,0.006,0.000,0.003
17382,0.003,0.006,0.000,0.003
17383,0.003,0.006,0.000,0.003
17384,0.003,0.006,0.000,0.003
17385,0.003,0.006,0.000,0.003
17386,0.003,0.006,0.000,0.003
17387,0.003,0.006,0.000,0.003
17388,0.003,0.006,0.000,0.003
17389,0.003,0.006,0.000,0.003
17390,0.003,0.006,0.000,0.003
17391,0.003,0.006,0.000,0.003
17392,0.003,0.006,0.000,0.003
17393,0.003,0.006,0.000,0.003
17394,0.003,0.006,0.000,0.003
17395,0.003,0.006,0.000,0.003
17396,0.003,0.006,0.000,0.003
17397,0.003,0.006,0.000,0.003
17398,0.003,0.006,0.000,0.003
17399,0.003,0.006,0.000,0.003
17400,0.003,0.006,0.000,0.003
17401,0.003,0.006,0.000,0.003
17402,0.003,0.006,0.000,0.003
17403,0.003,0.006,0.000,0.003
17404,0.003,0.006,0.000,0.003
17405,0.003,0.006,0.000,0.003
17406,0.003,0.006,0.000,0.003
17407,0.003,0.006,0.000,0.003
17408,0.003,0.006,0.000,0.003
17409,0.003,0.006,0.000,0.003
17410,0.003,0.006,0.000,0.003
17411,0.003,0.006,0.000,0.003
17412,0.003,0.006,0.000,0.003
17413,0.003,0.006,0.000,0.003
17414,0.003,0.006,0.000,0.003
17415,0.003,0.006,0.000,0.003
17416,0.003,0.006,0.000,0.003
17417,0.003,0.006,0.000,0.003
17418,0.003,0.006,0.000,0.003
17419,0.003,0.006,0.000,0.003
17420,0.003,0.006,0.000,0.003
17421,0.003,0.006,0.000,0.003
17422,0.003,0.006,0.000,0.003
17423,0.003,0.006,0.000,0.003
17424,0.003,0.006,0.000,0.003
17425,0.003,0.006,0.000,0.003
17426,0.003,0.006,0.000,0.003
17427,0.003,0.006,0.000,0.003
17428,0.003,0.006,0.000,0.003
17429,0.003,0.006,0.000,0.003
17430,0.003,0.006,0.000,0.003
17431,0.003,0.006,0.000,0.003
17432,0.003,0.006,0.000,0.003
17433,0.003,0.006,0.000,0.003
17434,0.003,0.006,0.000,0.003
17435,0.003,0.006,0.000,0.003
17436,0.003,0.006,0.000,0.003
17437,0.003,0.006,0.000,0.003
17438,0.003,0.006,0.000,0.003
17439,0.003,0.006,0.000,0.003
17440,0.003,0.006,0.000,0.003
17441,0.003,0.006,0.000,0.003
17442,0.003,0.006,0.000,0.003
17443,0.003,0.006,0.000,0.003
17444,0.003,0.006,0.000,0.003
17445,0.003,0.006,0.000,0.003
17446,0.003,0.006,0.000,0.003
17447,0.003,0.006,0.000,0.003
17448,0.003,0.006,0.000,0.003
17449,0.003,0.006,0.000,0.003
17450,0.003,0.006,0.000,0.003
17451,0.003,0.006,0.000,0.003
17452,0.003,0.006,0.000,0.003
17453,0.003,0.006,0.000,0.003
17454,0.003,0.006,0.000,0.003
17455,0.003,0.006,0.000,0.003
17456,0.003,0.006,0.000,0.003
17457,0.003,0.006,0.000,0.003
17458,0.003,0.006,0.000,0.003
17459,0.003,0.006,0.000,0.003
17460,0.003,0.006,0.000,0.003
17461,0.003,0.006,0.000,0.003
17462,0.003,0.006,0.000,0.003
17463,0.003,0.006,0.000,0.003
17464,0.003,0.006,0.000,0.003
17465,0.003,0.006,0.000,0.003
17466,0.003,0.006,0.000,0.003
17467,0.003,0.006,0.000,0.003
17468,0.003,0.006,0.000,0.003
17469,0.003,0.006,0.000,0.003
17470,0.003,0.006,0.000,0.003
17471,0.003,0.006,0.000,0.003
17472,0.003,0.006,0.000,0.003
17473,0.003,0.006,0.000,0.003
17474,0.003,0.006,0.000,0.003
17475,0.003,0.006,0.000,0.003
17476,0.003,0.006,0.000,0.003
17477,0.003,0.006,0.000,0.003
17478,0.003,0.006,0.000,0.003
17479,0.003,0.006,0.000,0.003
17480,0.003,0.006,0.000,0.003
17481,0.003,0.006,0.000,0.003
17482,0.003,0.006,0.000,0.003
17483,0.003,0.006,0.000,0.003
17484,0.003,0.006,0.000,0.003
17485,0.003,0.006,0.000,0.003
17486,0.003,0.006,0.000,0.003
17487,0.003,0.006,0.000,0.003
17488,0.003,0.006,0.000,0.003
17489,0.003,0.006,0.000,0.003
17490,0.003,0.006,0.000,0.003
17491,0.003,0.006,0.000,0.003
17492,0.003,0.006,0.000,0.003
17493,0.003,0.006,0.000,0.003
17494,0.003,0.006,0.000,0.003
17495,0.003,0.006,0.000,0.003
17496,0.003,0.006,0.000,0.003
17497,0.003,0.006,0.000,0.003
17498,0.003,0.006,0.000,0.003
17499,0.003,0.006,0.000,0.003
17500,0.003,0.006,0.000,0.003
17501,0.003,0.006,0.000,0.003
17502,0.003,0.006,0.000,0.003
17503,0.003,0.006,0.000,0.003
17504,0.003,0.006,0.000,0.003
17505,0.003,0.006,0.000,0.003
17506,0.003,0.006,0.000,0.003
17507,0.003,0.006,0.000,0.003
17508,0.003,0.006,0.000,0.003
17509,0.003,0.006,0.000,0.003
17510,0.003,0.006,0.000,0.003
17511,0.003,0.006,0.000,0.003
17512,0.003,0.006,0.000,0.003
17513,0.003,0.006,0.000,0.003
17514,0.003,0.006,0.000,0.003
17515,0.003,0.006,0.000,0.003
17516,0.003,0.006,0.000,0.003
17517,0.003,0.006,0.000,0.003
17518,0.003,0.006,0.000,0.003
17519,0.003,0.006,0.000,0.003
17520,0.003,0.006,0.000,0.003
17521,0.003,0.006,0.000,0.003
17522,0.003,0.006,0.000,0.003
17523,0.003,0.006,0.000,0.003
17524,0.003,0.006,0.000,0.003
17525,0.003,0.006,0.000,0.003
17526,0.003,0.006,0.000,0.003
17527,0.003,0.006,0.000,0.003
17528,0.003,0.006,0.000,0.003
17529,0.003,0.006,0.000,0.003
17530,0.003,0.006,0.000,0.003
17531,0.003,0.006,0.000,0.003
17532,0.003,0.006,0.000,0.003
17533,0.003,0.006,0.000,0.003
17534,0.003,0.006,0.000,0.003
17535,0.003,0.006,0.000,0.003
17536,0.003,0.006,0.000,0.003
17537,0.003,0.006,0.000,0.003
17538,0.003,0.006,0.000,0.003
17539,0.003,0.006,0.000,0.003
17540,0.003,0.006,0.000,0.003
17541,0.003,0.006,0.000,0.003
17542,0.003,0.006,0.000,0.003
17543,0.003,0.006,0.000,0.003
17544,0.003,0.006,0.000,0.003
17545,0.003,0.006,0.000,0.003
17546,0.003,0.006,0.000,0.003
17547,0.003,0.006,0.000,0.003
17548,0.003,0.006,0.000,0.003
17549,0.003,0.006,0.000,0.003
17550,0.003,0.006,0.000,0.003
17551,0.003,0.006,0.000,0.003
17552,0.003,0.006,0.000,0.003
17553,0.003,0.006,0.000,0.003
17554,0.003,0.006,0.000,0.003
17555,0.003,0.006,0.000,0.003
17556,0.003,0.006,0.000,0.003
17557,0.003,0.006,0.000,0.003
17558,0.003,0.006,0.000,0.003
17559,0.003,0.006,0.000,0.003
17560,0.003,0.006,0.000,0.003
17561,0.003,0.006,0.000,0.003
17562,0.003,0.006,0.000,0.003
17563,0.003,0.006,0.000,0.003
17564,0.003,0.006,0.000,0.003
17565,0.003,0.006,0.000,0.003
17566,0.003,0.006,0.000,0.003
17567,0.003,0.006,0.000,0.003
17568,0.003,0.006,0.000,0.003
17569,0.003,0.006,0.000,0.003
17570,0.003,0.006,0.000,0.003
17571,0.003,0.006,0.000,0.003
17572,0.003,0.006,0.000,0.003
17573,0.003,0.006,0.000,0.003
17574,0.003,0.006,0.000,0.003
17575,0.003,0.006,0.000,0.003
17576,0.003,0.006,0.000,0.003
17577,0.003,0.006,0.000,0.003
17578,0.003,0.006,0.000,0.003
17579,0.003,0.006,0.000,0.003
17580,0.003,0.006,0.000,0.003
17581,0.003,0.006,0.000,0.003
17582,0.003,0.006,0.000,0.003
17583,0.003,0.006,0.000,0.003
17584,0.003,0.006,0.000,0.003
17585,0.003,0.006,0.000,0.003
17586,0.003,0.006,0.000,0.003
17587,0.003,0.006,0.000,0.003
17588,0.003,0.006,0.000,0.003
17589,0.003,0.006,0.000,0.003
17590,0.003,0.006,0.000,0.003
17591,0.003,0.006,0.000,0.003
17592,0.003,0.006,0.000,0.003
17593,0.003,0.006,0.000,0.003
17594,0.003,0.006,0.000,0.003
17595,0.003,0.006,0.000,0.003
17596,0.003,0.006,0.000,0.003
17597,0.003,0.006,0.000,0.003
17598,0.003,0.006,0.000,0.003
17599,0.003,0.006,0.000,0.003
17600,0.003,0.006,0.000,0.003
17601,0.003,0.006,0.000,0.003
17602,0.003,0.006,0.000,0.003
17603,0.003,0.006,0.000,0.003
17604,0.003,0.006,0.000,0.003
17605,0.003,0.006,0.000,0.003
17606,0.003,0.006,0.000,0.003
17607,0.003,0.006,0.000,0.003
17608,0.003,0.006,0.000,0.003
17609,0.003,0.006,0.000,0.003
17610,0.003,0.006,0.000,0.003
17611,0.003,0.006,0.000,0.003
17612,0.003,0.006,0.000,0.003
17613,0.003,0.006,0.000,0.003
17614,0.003,0.006,0.000,0.003
17615,0.003,0.006,0.000,0.003
17616,0.003,0.006,0.000,0.003
17617,0.003,0.006,0.000,0.003
17618,0.003,0.006,0.000,0.003
17619,0.003,0.006,0.000,0.003
17620,0.003,0.006,0.000,0.003
17621,0.003,0.006,0.000,0.003
17622,0.003,0.006,0.000,0.003
17623,0.003,0.006,0.000,0.003
17624,0.003,0.006,0.000,0.003
17625,0.003,0.006,0.000,0.003
17626,0.003,0.006,0.000,0.003
17627,0.003,0.006,0.000,0.003
17628,0.003,0.006,0.000,0.003
17629,0.003,0.006,0.000,0.003
17630,0.003,0.006,0.000,0.003
17631,0.003,0.006,0.000,0.003
17632,0.003,0.006,0.000,0.003
17633,0.003,0.006,0.000,0.003
17634,0.003,0.006,0.000,0.003
17635,0.003,0.006,0.000,0.003
17636,0.003,0.006,0.000,0.003
17637,0.003,0.006,0.000,0.003
17638,0.003,0.006,0.000,0.003
17639,0.003,0.006,0.000,0.003
17640,0.003,0.006,0.000,0.003
17641,0.003,0.006,0.000,0.003
17642,0.003,0.006,0.000,0.003
17643,0.003,0.006,0.000,0.003
17644,0.003,0.006,0.000,0.003
17645,0.003,0.006,0.000,0.003
17646,0.003,0.006,0.000,0.003
17647,0.003,0.006,0.000,0.003
17648,0.003,0.006,0.000,0.003
17649,0.003,0.006,0.000,0.003
17650,0.003,0.006,0.000,0.003
17651,0.003,0.006,0.000,0.003
17652,0.003,0.006,0.000,0.003
17653,0.003,0.006,0.000,0.003
17654,0.003,0.006,0.000,0.003
17655,0.003,0.006,0.000,0.003
17656,0.003,0.006,0.000,0.003
17657,0.003,0.006,0.000,0.003
17658,0.003,0.006,0.000,0.003
17659,0.003,0.006,0.000,0.003
17660,0.003,0.006,0.000,0.003
17661,0.003,0.006,0.000,0.003
17662,0.003,0.006,0.000,0.003
17663,0.003,0.006,0.000,0.003
17664,0.003,0.006,0.000,0.003
17665,0.003,0.006,0.000,0.003
17666,0.003,0.006,0.000,0.003
17667,0.003,0.006,0.000,0.003
17668,0.003,0.006,0.000,0.003
17669,0.003,0.006,0.000,0.003
17670,0.003,0.006,0.000,0.003
17671,0.003,0.006,0.000,0.003
17672,0.003,0.006,0.000,0.003
17673,0.003,0.006,0.000,0.003
17674,0.003,0.006,0.000,0.003
17675,0.003,0.006,0.000,0.003
17676,0.003,0.006,0.000,0.003
17677,0.003,0.006,0.000,0.003
17678,0.003,0.006,0.000,0.003
17679,0.003,0.006,0.000,0.003
17680,0.003,0.006,0.000,0.003
17681,0.003,0.006,0.000,0.003
17682,0.003,0.006,0.000,0.003
17683,0.003,0.006,0.000,0.003
17684,0.003,0.006,0.000,0.003
17685,0.003,0.006,0.000,0.003
17686,0.003,0.006,0.000,0.003
17687,0.003,0.006,0.000,0.003
17688,0.003,0.006,0.000,0.003
17689,0.003,0.006,0.000,0.003
17690,0.003,0.006,0.000,0.003
17691,0.003,0.006,0.000,0.003
17692,0.003,0.006,0.000,0.003
17693,0.003,0.006,0.000,0.003
17694,0.003,0.006,0.000,0.003
17695,0.003,0.006,0.000,0.003
17696,0.003,0.006,0.000,0.003
17697,0.003,0.006,0.000,0.003
17698,0.003,0.006,0.000,0.003
17699,0.003,0.006,0.000,0.003
17700,0.003,0.006,0.000,0.003
17701,0.003,0.006,0.000,0.003
17702,0.003,0.006,0.000,0.003
17703,0.003,0.006,0.000,0.003
17704,0.003,0.006,0.000,0.003
17705,0.003,0.006,0.000,0.003
17706,0.003,0.006,0.000,0.003
17707,0.003,0.006,0.000,0.003
17708,0.003,0.006,0.000,0.003
17709,0.003,0.006,0.000,0.003
17710,0.003,0.006,0.000,0.003
17711,0.003,0.006,0.000,0.003
17712,0.003,0.006,0.000,0.003
17713,0.003,0.006,0.000,0.003
17714,0.003,0.006,0.000,0.003
17715,0.003,0.006,0.000,0.003
17716,0.003,0.006,0.000,0.003
17717,0.003,0.006,0.000,0.003
17718,0.003,0.006,0.000,0.003
17719,0.003,0.006,0.000,0.003
17720,0.003,0.006,0.000,0.003
17721,0.003,0.006,0.000,0.003
17722,0.003,0.006,0.000,0.003
17723,0.003,0.006,0.000,0.003
17724,0.003,0.006,0.000,0.003
17725,0.003,0.006,0.000,0.003
17726,0.003,0.006,0.000,0.003
17727,0.003,0.006,0.000,0.003
17728,0.003,0.006,0.000,0.003
17729,0.003,0.006,0.000,0.003
17730,0.003,0.006,0.000,0.003
17731,0.003,0.006,0.000,0.003
17732,0.003,0.006,0.000,0.003
17733,0.003,0.006,0.000,0.003
17734,0.003,0.006,0.000,0.003
17735,0.003,0.006,0.000,0.003
17736,0.003,0.006,0.000,0.003
17737,0.003,0.006,0.000,0.003
17738,0.003,0.006,0.000,0.003
17739,0.003,0.006,0.000,0.003
17740,0.003,0.006,0.000,0.003
17741,0.003,0.006,0.000,0.003
17742,0.003,0.006,0.000,0.003
17743,0.003,0.006,0.000,0.003
17744,0.003,0.006,0.000,0.003
17745,0.003,0.006,0.000,0.003
17746,0.003,0.006,0.000,0.003
17747,0.003,0.006,0.000,0.003
17748,0.003,0.006,0.000,0.003
17749,0.003,0.006,0.000,0.003
17750,0.003,0.006,0.000,0.003
17751,0.003,0.006,0.000,0.003
17752,0.003,0.006,0.000,0.003
17753,0.003,0.006,0.000,0.003
17754,0.003,0.006,0.000,0.003
17755,0.003,0.006,0.000,0.003
17756,0.003,0.006,0.000,0.003
17757,0.003,0.006,0.000,0.003
17758,0.003,0.006,0.000,0.003
17759,0.003,0.006,0.000,0.003
17760,0.003,0.006,0.000,0.003
17761,0.003,0.006,0.000,0.003
17762,0.003,0.006,0.000,0.003
17763,0.003,0.006,0.000,0.003
17764,0.003,0.006,0.000,0.003
17765,0.003,0.006,0.000,0.003
17766,0.003,0.006,0.000,0.003
17767,0.003,0.006,0.000,0.003
17768,0.003,0.006,0.000,0.003
17769,0.003,0.006,0.000,0.003
17770,0.003,0.006,0.000,0.003
17771,0.003,0.006,0.000,0.003
17772,0.003,0.006,0.000,0.003
17773,0.003,0.006,0.000,0.003
17774,0.003,0.006,0.000,0.003
17775,0.003,0.006,0.000,0.003
17776,0.003,0.006,0.000,0.003
17777,0.003,0.006,0.000,0.003
17778,0.003,0.006,0.000,0.003
17779,0.003,0.006,0.000,0.003
17780,0.003,0.006,0.000,0.003
17781,0.003,0.006,0.000,0.003
17782,0.003,0.006,0.000,0.003
17783,0.003,0.006,0.000,0.003
17784,0.003,0.006,0.000,0.003
17785,0.003,0.006,0.000,0.003
17786,0.003,0.006,0.000,0.003
17787,0.003,0.006,0.000,0.003
17788,0.003,0.006,0.000,0.003
17789,0.003,0.006,0.000,0.003
17790,0.003,0.006,0.000,0.003
17791,0.003,0.006,0.000,0.003
17792,0.003,0.006,0.000,0.003
17793,0.003,0.006,0.000,0.003
17794,0.003,0.006,0.000,0.003
17795,0.003,0.006,0.000,0.003
17796,0.003,0.006,0.000,0.003
17797,0.003,0.006,0.000,0.003
17798,0.003,0.006,0.000,0.003
17799,0.003,0.006,0.000,0.003
17800,0.003,0.006,0.000,0.003
17801,0.003,0.006,0.000,0.003
17802,0.003,0.006,0.000,0.003
17803,0.003,0.006,0.000,0.003
17804,0.003,0.006,0.000,0.003
17805,0.003,0.006,0.000,0.003
17806,0.003,0.006,0.000,0.003
17807,0.003,0.006,0.000,0.003
17808,0.003,0.006,0.000,0.003
17809,0.003,0.006,0.000,0.003
17810,0.003,0.006,0.000,0.003
17811,0.003,0.006,0.000,0.003
17812,0.003,0.006,0.000,0.003
17813,0.003,0.006,0.000,0.003
17814,0.003,0.006,0.000,0.003
17815,0.003,0.006,0.000,0.003
17816,0.003,0.006,0.000,0.003
17817,0.003,0.006,0.000,0.003
17818,0.003,0.006,0.000,0.003
17819,0.003,0.006,0.000,0.003
17820,0.003,0.006,0.000,0.003
17821,0.003,0.006,0.000,0.003
17822,0.003,0.006,0.000,0.003
17823,0.003,0.006,0.000,0.003
17824,0.003,0.006,0.000,0.003
17825,0.003,0.006,0.000,0.003
17826,0.003,0.006,0.000,0.003
17827,0.003,0.006,0.000,0.003
17828,0.003,0.006,0.000,0.003
17829,0.003,0.006,0.000,0.003
17830,0.003,0.006,0.000,0.003
17831,0.003,0.006,0.000,0.003
17832,0.003,0.006,0.000,0.003
17833,0.003,0.006,0.000,0.003
17834,0.003,0.006,0.000,0.003
17835,0.003,0.006,0.000,0.003
17836,0.003,0.006,0.000,0.003
17837,0.003,0.006,0.000,0.003
17838,0.003,0.006,0.000,0.003
17839,0.003,0.006,0.000,0.003
17840,0.003,0.006,0.000,0.003
17841,0.003,0.006,0.000,0.003
17842,0.003,0.006,0.000,0.003
17843,0.003,0.006,0.000,0.003
17844,0.003,0.006,0.000,0.003
17845,0.003,0.006,0.000,0.003
17846,0.003,0.006,0.000,0.003
17847,0.003,0.006,0.000,0.003
17848,0.003,0.006,0.000,0.003
17849,0.003,0.006,0.000,0.003
17850,0.003,0.006,0.000,0.003
17851,0.003,0.006,0.000,0.003
17852,0.003,0.006,0.000,0.003
17853,0.003,0.006,0.000,0.003
17854,0.003,0.006,0.000,0.003
17855,0.003,0.006,0.000,0.003
17856,0.003,0.006,0.000,0.003
17857,0.003,0.006,0.000,0.003
17858,0.003,0.006,0.000,0.003
17859,0.003,0.006,0.000,0.003
17860,0.003,0.006,0.000,0.003
17861,0.003,0.006,0.000,0.003
17862,0.003,0.006,0.000,0.003
17863,0.003,0.006,0.000,0.003
17864,0.003,0.006,0.000,0.003
17865,0.003,0.006,0.000,0.003
17866,0.003,0.006,0.000,0.003
17867,0.003,0.006,0.000,0.003
17868,0.003,0.006,0.000,0.003
17869,0.003,0.006,0.000,0.003
17870,0.003,0.006,0.000,0.003
17871,0.003,0.006,0.000,0.003
17872,0.003,0.006,0.000,0.003
17873,0.003,0.006,0.000,0.003
17874,0.003,0.006,0.000,0.003
17875,0.003,0.006,0.000,0.003
17876,0.003,0.006,0.000,0.003
17877,0.003,0.006,0.000,0.003
17878,0.003,0.006,0.000,0.003
17879,0.003,0.006,0.000,0.003
17880,0.003,0.006,0.000,0.003
17881,0.003,0.006,0.000,0.003
17882,0.003,0.006,0.000,0.003
17883,0.003,0.006,0.000,0.003
17884,0.003,0.006,0.000,0.003
17885,0.003,0.006,0.000,0.003
17886,0.003,0.006,0.000,0.003
17887,0.003,0.006,0.000,0.003
17888,0.003,0.006,0.000,0.003
17889,0.003,0.006,0.000,0.003
17890,0.003,0.006,0.000,0.003
17891,0.003,0.006,0.000,0.003
17892,0.003,0.006,0.000,0.003
17893,0.003,0.006,0.000,0.003
17894,0.003,0.006,0.000,0.003
17895,0.003,0.006,0.000,0.003
17896,0.003,0.006,0.000,0.003
17897,0.003,0.006,0.000,0.003
17898,0.003,0.006,0.000,0.003
17899,0.003,0.006,0.000,0.003
17900,0.003,0.006,0.000,0.003
17901,0.003,0.006,0.000,0.003
17902,0.003,0.006,0.000,0.003
17903,0.003,0.006,0.000,0.003
17904,0.003,0.006,0.000,0.003
17905,0.003,0.006,0.000,0.003
17906,0.003,0.006,0.000,0.003
17907,0.003,0.006,0.000,0.003
17908,0.003,0.006,0.000,0.003
17909,0.003,0.006,0.000,0.003
17910,0.003,0.006,0.000,0.003
17911,0.003,0.006,0.000,0.003
17912,0.003,0.006,0.000,0.003
17913,0.003,0.006,0.000,0.003
17914,0.003,0.006,0.000,0.003
17915,0.003,0.006,0.000,0.003
17916,0.003,0.006,0.000,0.003
17917,0.003,0.006,0.000,0.003
17918,0.003,0.006,0.000,0.003
17919,0.003,0.006,0.000,0.003
17920,0.003,0.006,0.000,0.003
17921,0.003,0.006,0.000,0.003
17922,0.003,0.006,0.000,0.003
17923,0.003,0.006,0.000,0.003
17924,0.003,0.006,0.000,0.003
17925,0.003,0.006,0.000,0.003
17926,0.003,0.006,0.000,0.003
17927,0.003,0.006,0.000,0.003
17928,0.003,0.006,0.000,0.003
17929,0.003,0.006,0.000,0.003
17930,0.003,0.006,0.000,0.003
17931,0.003,0.006,0.000,0.003
17932,0.003,0.006,0.000,0.003
17933,0.003,0.006,0.000,0.003
17934,0.003,0.006,0.000,0.003
17935,0.003,0.006,0.000,0.003
17936,0.003,0.006,0.000,0.003
17937,0.003,0.006,0.000,0.003
17938,0.003,0.006,0.000,0.003
17939,0.003,0.006,0.000,0.003
17940,0.003,0.006,0.000,0.003
17941,0.003,0.006,0.000,0.003
17942,0.003,0.006,0.000,0.003
17943,0.003,0.006,0.000,0.003
17944,0.003,0.006,0.000,0.003
17945,0.003,0.006,0.000,0.003
17946,0.003,0.006,0.000,0.003
17947,0.003,0.006,0.000,0.003
17948,0.003,0.006,0.000,0.003
17949,0.003,0.006,0.000,0.003
17950,0.003,0.006,0.000,0.003
17951,0.003,0.006,0.000,0.003
17952,0.003,0.006,0.000,0.003
17953,0.003,0.006,0.000,0.003
17954,0.003,0.006,0.000,0.003
17955,0.003,0.006,0.000,0.003
17956,0.003,0.006,0.000,0.003
17957,0.003,0.006,0.000,0.003
17958,0.003,0.006,0.000,0.003
17959,0.003,0.006,0.000,0.003
17960,0.003,0.006,0.000,0.003
17961,0.003,0.006,0.000,0.003
17962,0.003,0.006,0.000,0.003
17963,0.003,0.006,0.000,0.003
17964,0.003,0.006,0.000,0.003
17965,0.003,0.006,0.000,0.003
17966,0.003,0.006,0.000,0.003
17967,0.003,0.006,0.000,0.003
17968,0.003,0.006,0.000,0.003
17969,0.003,0.006,0.000,0.003
17970,0.003,0.006,0.000,0.003
17971,0.003,0.006,0.000,0.003
17972,0.003,0.006,0.000,0.003
17973,0.003,0.006,0.000,0.003
17974,0.003,0.006,0.000,0.003
17975,0.003,0.006,0.000,0.003
17976,0.003,0.006,0.000,0.003
17977,0.003,0.006,0.000,0.003
17978,0.003,0.006,0.000,0.003
17979,0.003,0.006,0.000,0.003
17980,0.003,0.006,0.000,0.003
17981,0.003,0.006,0.000,0.003
17982,0.003,0.006,0.000,0.003
17983,0.003,0.006,0.000,0.003
17984,0.003,0.006,0.000,0.003
17985,0.003,0.006,0.000,0.003
17986,0.003,0.006,0.000,0.003
17987,0.003,0.006,0.000,0.003
17988,0.003,0.006,0.000,0.003
17989,0.003,0.006,0.000,0.003
17990,0.003,0.006,0.000,0.003
17991,0.003,0.006,0.000,0.003
17992,0.003,0.006,0.000,0.003
17993,0.003,0.006,0.000,0.003
17994,0.003,0.006,0.000,0.003
17995,0.003,0.006,0.000,0.003
17996,0.003,0.006,0.000,0.003
17997,0.003,0.006,0.000,0.003
17998,0.003,0.006,0.000,0.003
17999,0.003,0.006,0.000,0.003
18000,0.003,0.006,0.000,0.003
18001,0.003,0.006,0.000,0.003
18002,0.003,0.006,0.000,0.003
18003,0.003,0.006,0.000,0.003
18004,0.003,0.006,0.000,0.003
18005,0.003,0.006,0.000,0.003
18006,0.003,0.006,0.000,0.003
18007,0.003,0.006,0.000,0.003
18008,0.003,0.006,0.000,0.003
18009,0.003,0.006,0.000,0.003
18010,0.003,0.006,0.000,0.003
18011,0.003,0.006,0.000,0.003
18012,0.003,0.006,0.000,0.003
18013,0.003,0.006,0.000,0.003
18014,0.003,0.006,0.000,0.003
18015,0.003,0.006,0.000,0.003
18016,0.003,0.006,0.000,0.003
18017,0.003,0.006,0.000,0.003
18018,0.003,0.006,0.000,0.003
18019,0.003,0.006,0.000,0.003
18020,0.003,0.006,0.000,0.003
18021,0.003,0.006,0.000,0.003
18022,0.003,0.006,0.000,0.003
18023,0.003,0.006,0.000,0.003
18024,0.003,0.006,0.000,0.003
18025,0.003,0.006,0.000,0.003
18026,0.003,0.006,0.000,0.003
18027,0.003,0.006,0.000,0.003
18028,0.003,0.006,0.000,0.003
18029,0.003,0.006,0.000,0.003
18030,0.003,0.006,0.000,0.003
18031,0.003,0.006,0.000,0.003
18032,0.003,0.006,0.000,0.003
18033,0.003,0.006,0.000,0.003
18034,0.003,0.006,0.000,0.003
18035,0.003,0.006,0.000,0.003
18036,0.003,0.006,0.000,0.003
18037,0.003,0.006,0.000,0.003
18038,0.003,0.006,0.000,0.003
18039,0.003,0.006,0.000,0.003
18040,0.003,0.006,0.000,0.003
18041,0.003,0.006,0.000,0.003
18042,0.003,0.006,0.000,0.003
18043,0.003,0.006,0.000,0.003
18044,0.003,0.006,0.000,0.003
18045,0.003,0.006,0.000,0.003
18046,0.003,0.006,0.000,0.003
18047,0.003,0.006,0.000,0.003
18048,0.003,0.006,0.000,0.003
18049,0.003,0.006,0.000,0.003
18050,0.003,0.006,0.000,0.003
18051,0.003,0.006,0.000,0.003
18052,0.003,0.006,0.000,0.003
18053,0.003,0.006,0.000,0.003
18054,0.003,0.006,0.000,0.003
18055,0.003,0.006,0.000,0.003
18056,0.003,0.006,0.000,0.003
18057,0.003,0.006,0.000,0.003
18058,0.003,0.006,0.000,0.003
18059,0.003,0.006,0.000,0.003
18060,0.003,0.006,0.000,0.003
18061,0.003,0.006,0.000,0.003
18062,0.003,0.006,0.000,0.003
18063,0.003,0.006,0.000,0.003
18064,0.003,0.006,0.000,0.003
18065,0.003,0.006,0.000,0.003
18066,0.003,0.006,0.000,0.003
18067,0.003,0.006,0.000,0.003
18068,0.003,0.006,0.000,0.003
18069,0.003,0.006,0.000,0.003
18070,0.003,0.006,0.000,0.003
18071,0.003,0.006,0.000,0.003
18072,0.003,0.006,0.000,0.003
18073,0.003,0.006,0.000,0.003
18074,0.003,0.006,0.000,0.003
18075,0.003,0.006,0.000,0.003
18076,0.003,0.006,0.000,0.003
18077,0.003,0.006,0.000,0.003
18078,0.003,0.006,0.000,0.003
18079,0.003,0.006,0.000,0.003
18080,0.003,0.006,0.000,0.003
18081,0.003,0.006,0.000,0.003
18082,0.003,0.006,0.000,0.003
18083,0.003,0.006,0.000,0.003
18084,0.003,0.006,0.000,0.003
18085,0.003,0.006,0.000,0.003
18086,0.003,0.006,0.000,0.003
18087,0.003,0.006,0.000,0.003
18088,0.003,0.006,0.000,0.003
18089,0.003,0.006,0.000,0.003
18090,0.003,0.006,0.000,0.003
18091,0.003,0.006,0.000,0.003
18092,0.003,0.006,0.000,0.003
18093,0.003,0.006,0.000,0.003
18094,0.003,0.006,0.000,0.003
18095,0.003,0.006,0.000,0.003
18096,0.003,0.006,0.000,0.003
18097,0.003,0.006,0.000,0.003
18098,0.003,0.006,0.000,0.003
18099,0.003,0.006,0.000,0.003
18100,0.003,0.006,0.000,0.003
18101,0.003,0.006,0.000,0.003
18102,0.003,0.006,0.000,0.003
18103,0.003,0.006,0.000,0.003
18104,0.003,0.006,0.000,0.003
18105,0.003,0.006,0.000,0.003
18106,0.003,0.006,0.000,0.003
18107,0.003,0.006,0.000,0.003
18108,0.003,0.006,0.000,0.003
18109,0.003,0.006,0.000,0.003
18110,0.003,0.006,0.000,0.003
18111,0.003,0.006,0.000,0.003
18112,0.003,0.006,0.000,0.003
18113,0.003,0.006,0.000,0.003
18114,0.003,0.006,0.000,0.003
18115,0.003,0.006,0.000,0.003
18116,0.003,0.006,0.000,0.003
18117,0.003,0.006,0.000,0.003
18118,0.003,0.006,0.000,0.003
18119,0.003,0.006,0.000,0.003
18120,0.003,0.006,0.000,0.003
18121,0.003,0.006,0.000,0.003
18122,0.003,0.006,0.000,0.003
18123,0.003,0.006,0.000,0.003
18124,0.003,0.006,0.000,0.003
18125,0.003,0.006,0.000,0.003
18126,0.003,0.006,0.000,0.003
18127,0.003,0.006,0.000,0.003
18128,0.004,0.006,0.000,0.003
18129,0.004,0.006,0.000,0.004
18130,0.004,0.006,0.000,0.004
18131,0.004,0.006,0.000,0.004
18132,0.005,0.006,0.000,0.004
18133,0.005,0.006,0.000,0.004
18134,0.005,0.006,0.000,0.004
18135,0.005,0.006,0.000,0.004
18136,0.004,0.006,0.000,0.004
18137,0.004,0.006,0.000,0.004
18138,0.004,0.006,0.000,0.004
18139,0.007,0.006,0.000,0.005
18140,0.006,0.006,0.000,0.004
18141,0.005,0.006,0.000,0.004
18142,0.005,0.006,0.000,0.004
18143,0.005,0.006,0.000,0.004
18144,0.004,0.006,0.000,0.003
18145,0.005,0.006,0.000,0.004
18146,0.004,0.006,0.000,0.003
18147,0.004,0.006,0.000,0.003
18148,0.004,0.006,0.000,0.003
18149,0.004,0.006,0.000,0.003
18150,0.004,0.006,0.000,0.003
18151,0.004,0.006,0.000,0.003
18152,0.004,0.006,0.000,0.003
18153,0.004,0.006,0.000,0.003
18154,0.004,0.006,0.000,0.003
18155,0.004,0.006,0.000,0.003
18156,0.004,0.006,0.000,0.003
18157,0.004,0.006,0.000,0.003
18158,0.004,0.006,0.000,0.003
18159,0.004,0.006,0.000,0.003
18160,0.004,0.006,0.000,0.003
18161,0.004,0.006,0.000,0.003
18162,0.004,0.006,0.000,0.003
18163,0.004,0.006,0.000,0.003
18164,0.004,0.006,0.000,0.003
18165,0.004,0.006,0.000,0.003
18166,0.004,0.006,0.000,0.003
18167,0.004,0.006,0.000,0.003
18168,0.004,0.006,0.000,0.003
18169,0.004,0.006,0.000,0.003
18170,0.004,0.006,0.000,0.003
18171,0.004,0.006,0.000,0.003
18172,0.004,0.006,0.000,0.003
18173,0.004,0.006,0.000,0.003
18174,0.004,0.006,0.000,0.003
18175,0.004,0.006,0.000,0.003
18176,0.004,0.006,0.000,0.003
18177,0.004,0.006,0.000,0.003
18178,0.004,0.006,0.000,0.003
18179,0.004,0.006,0.000,0.003
18180,0.004,0.006,0.000,0.003
18181,0.004,0.006,0.000,0.003
18182,0.004,0.006,0.000,0.003
18183,0.004,0.006,0.000,0.003
18184,0.004,0.006,0.000,0.003
18185,0.004,0.006,0.000,0.003
18186,0.004,0.006,0.000,0.003
18187,0.004,0.006,0.000,0.003
18188,0.004,0.006,0.000,0.003
18189,0.004,0.006,0.000,0.003
18190,0.004,0.006,0.000,0.003
18191,0.004,0.006,0.000,0.003
18192,0.004,0.006,0.000,0.003
18193,0.004,0.006,0.000,0.003
18194,0.004,0.006,0.000,0.003
18195,0.004,0.006,0.000,0.003
18196,0.004,0.006,0.000,0.003
18197,0.004,0.006,0.000,0.003
18198,0.004,0.006,0.000,0.003
18199,0.004,0.006,0.000,0.003
18200,0.004,0.006,0.000,0.003
18201,0.004,0.006,0.000,0.003
18202,0.004,0.006,0.000,0.003
18203,0.004,0.006,0.000,0.003
18204,0.004,0.006,0.000,0.003
18205,0.004,0.006,0.000,0.003
18206,0.004,0.006,0.000,0.003
18207,0.004,0.006,0.000,0.003
18208,0.004,0.006,0.000,0.003
18209,0.004,0.006,0.000,0.003
18210,0.004,0.006,0.000,0.003
18211,0.004,0.006,0.000,0.003
18212,0.004,0.006,0.000,0.003
18213,0.004,0.006,0.000,0.003
18214,0.004,0.006,0.000,0.003
18215,0.004,0.006,0.000,0.003
18216,0.004,0.006,0.000,0.003
18217,0.004,0.006,0.000,0.003
18218,0.004,0.006,0.000,0.003
18219,0.004,0.006,0.000,0.003
18220,0.004,0.006,0.000,0.003
18221,0.004,0.006,0.000,0.003
18222,0.004,0.006,0.000,0.003
18223,0.004,0.006,0.000,0.003
18224,0.004,0.006,0.000,0.003
18225,0.004,0.006,0.000,0.003
18226,0.004,0.006,0.000,0.003
18227,0.004,0.006,0.000,0.003
18228,0.004,0.006,0.000,0.003
18229,0.004,0.006,0.000,0.003
18230,0.004,0.006,0.000,0.003
18231,0.004,0.006,0.000,0.003
18232,0.004,0.006,0.000,0.003
18233,0.004,0.006,0.000,0.003
18234,0.004,0.006,0.000,0.003
18235,0.004,0.006,0.000,0.003
18236,0.004,0.006,0.000,0.003
18237,0.004,0.006,0.000,0.003
18238,0.004,0.006,0.000,0.003
18239,0.004,0.006,0.000,0.003
18240,0.004,0.006,0.000,0.003
18241,0.004,0.006,0.000,0.003
18242,0.004,0.006,0.000,0.003
18243,0.004,0.006,0.000,0.003
18244,0.004,0.006,0.000,0.003
18245,0.004,0.006,0.000,0.003
18246,0.004,0.006,0.000,0.003
18247,0.004,0.006,0.000,0.003
18248,0.004,0.006,0.000,0.003
18249,0.004,0.006,0.000,0.003
18250,0.004,0.006,0.000,0.003
18251,0.004,0.006,0.000,0.003
18252,0.004,0.006,0.000,0.003
18253,0.004,0.006,0.000,0.003
18254,0.004,0.006,0.000,0.003
18255,0.004,0.006,0.000,0.003
18256,0.004,0.006,0.000,0.003
18257,0.004,0.006,0.000,0.003
18258,0.004,0.006,0.000,0.003
18259,0.004,0.006,0.000,0.003
18260,0.004,0.006,0.000,0.003
18261,0.004,0.006,0.000,0.003
18262,0.004,0.006,0.000,0.003
18263,0.004,0.006,0.000,0.003
18264,0.004,0.006,0.000,0.003
18265,0.004,0.006,0.000,0.003
18266,0.004,0.006,0.000,0.003
18267,0.004,0.006,0.000,0.003
18268,0.004,0.006,0.000,0.003
18269,0.004,0.006,0.000,0.003
18270,0.004,0.006,0.000,0.003
18271,0.004,0.006,0.000,0.003
18272,0.004,0.006,0.000,0.003
18273,0.004,0.006,0.000,0.003
18274,0.004,0.006,0.000,0.003
18275,0.004,0.006,0.000,0.003
18276,0.004,0.006,0.000,0.003
18277,0.004,0.006,0.000,0.003
18278,0.004,0.006,0.000,0.003
18279,0.004,0.006,0.000,0.003
18280,0.004,0.006,0.000,0.003
18281,0.004,0.006,0.000,0.003
18282,0.004,0.006,0.000,0.003
18283,0.004,0.006,0.000,0.003
18284,0.004,0.006,0.000,0.003
18285,0.004,0.006,0.000,0.003
18286,0.004,0.006,0.000,0.003
18287,0.004,0.006,0.000,0.003
18288,0.004,0.006,0.000,0.003
18289,0.004,0.006,0.000,0.003
18290,0.004,0.006,0.000,0.003
18291,0.004,0.006,0.000,0.003
18292,0.004,0.006,0.000,0.003
18293,0.004,0.006,0.000,0.003
18294,0.004,0.006,0.000,0.003
18295,0.004,0.006,0.000,0.003
18296,0.004,0.006,0.000,0.003
18297,0.004,0.006,0.000,0.003
18298,0.004,0.006,0.000,0.003
18299,0.004,0.006,0.000,0.003
18300,0.004,0.006,0.000,0.003
18301,0.004,0.006,0.000,0.003
18302,0.004,0.006,0.000,0.003
18303,0.004,0.006,0.000,0.003
18304,0.004,0.006,0.000,0.003
18305,0.004,0.006,0.000,0.003
18306,0.004,0.006,0.000,0.003
18307,0.004,0.006,0.000,0.003
18308,0.004,0.006,0.000,0.003
18309,0.004,0.006,0.000,0.003
18310,0.004,0.006,0.000,0.003
18311,0.004,0.006,0.000,0.003
18312,0.004,0.006,0.000,0.003
18313,0.004,0.006,0.000,0.003
18314,0.004,0.006,0.000,0.003
18315,0.004,0.006,0.000,0.003
18316,0.004,0.006,0.000,0.003
18317,0.004,0.006,0.000,0.003
18318,0.004,0.006,0.000,0.003
18319,0.004,0.006,0.000,0.003
18320,0.004,0.006,0.000,0.003
18321,0.004,0.006,0.000,0.003
18322,0.004,0.006,0.000,0.003
18323,0.004,0.006,0.000,0.003
18324,0.004,0.006,0.000,0.003
18325,0.004,0.006,0.000,0.003
18326,0.004,0.006,0.000,0.003
18327,0.004,0.006,0.000,0.003
18328,0.004,0.006,0.000,0.003
18329,0.004,0.006,0.000,0.003
18330,0.004,0.006,0.000,0.003
18331,0.004,0.006,0.000,0.003
18332,0.004,0.006,0.000,0.003
18333,0.004,0.006,0.000,0.003
18334,0.004,0.006,0.000,0.003
18335,0.004,0.006,0.000,0.003
18336,0.004,0.006,0.000,0.003
18337,0.004,0.006,0.000,0.003
18338,0.004,0.006,0.000,0.003
18339,0.004,0.006,0.000,0.003
18340,0.004,0.006,0.000,0.003
18341,0.004,0.006,0.000,0.003
18342,0.004,0.006,0.000,0.003
18343,0.004,0.006,0.000,0.003
18344,0.004,0.006,0.000,0.003
18345,0.004,0.006,0.000,0.003
18346,0.004,0.006,0.000,0.003
18347,0.004,0.006,0.000,0.003
18348,0.004,0.006,0.000,0.003
18349,0.004,0.006,0.000,0.003
18350,0.004,0.006,0.000,0.003
18351,0.004,0.006,0.000,0.003
18352,0.004,0.006,0.000,0.003
18353,0.004,0.006,0.000,0.003
18354,0.004,0.006,0.000,0.003
18355,0.004,0.006,0.000,0.003
18356,0.004,0.006,0.000,0.003
18357,0.004,0.006,0.000,0.003
18358,0.004,0.006,0.000,0.003
18359,0.004,0.006,0.000,0.003
18360,0.004,0.006,0.000,0.003
18361,0.004,0.006,0.000,0.003
18362,0.004,0.006,0.000,0.003
18363,0.004,0.006,0.000,0.003
18364,0.004,0.006,0.000,0.003
18365,0.004,0.006,0.000,0.003
18366,0.004,0.006,0.000,0.003
18367,0.004,0.006,0.000,0.003
18368,0.004,0.006,0.000,0.003
18369,0.004,0.006,0.000,0.003
18370,0.004,0.006,0.000,0.003
18371,0.004,0.006,0.000,0.003
18372,0.004,0.006,0.000,0.003
18373,0.004,0.006,0.000,0.003
18374,0.004,0.006,0.000,0.003
18375,0.004,0.006,0.000,0.003
18376,0.004,0.006,0.000,0.003
18377,0.004,0.006,0.000,0.003
18378,0.004,0.006,0.000,0.003
18379,0.004,0.006,0.000,0.003
18380,0.004,0.006,0.000,0.003
18381,0.004,0.006,0.000,0.003
18382,0.004,0.006,0.000,0.003
18383,0.004,0.006,0.000,0.003
18384,0.004,0.006,0.000,0.003
18385,0.004,0.006,0.000,0.003
18386,0.004,0.006,0.000,0.003
18387,0.004,0.006,0.000,0.003
18388,0.004,0.006,0.000,0.003
18389,0.004,0.006,0.000,0.003
18390,0.004,0.006,0.000,0.003
18391,0.004,0.006,0.000,0.003
18392,0.004,0.006,0.000,0.003
18393,0.004,0.006,0.000,0.003
18394,0.004,0.006,0.000,0.003
18395,0.004,0.006,0.000,0.003
18396,0.004,0.006,0.000,0.003
18397,0.004,0.006,0.000,0.003
18398,0.004,0.006,0.000,0.003
18399,0.004,0.006,0.000,0.003
18400,0.004,0.006,0.000,0.003
18401,0.004,0.006,0.000,0.003
18402,0.004,0.006,0.000,0.003
18403,0.004,0.006,0.000,0.003
18404,0.004,0.006,0.000,0.003
18405,0.004,0.006,0.000,0.003
18406,0.004,0.006,0.000,0.003
18407,0.004,0.006,0.000,0.003
18408,0.004,0.006,0.000,0.003
18409,0.004,0.006,0.000,0.003
18410,0.004,0.006,0.000,0.003
18411,0.004,0.006,0.000,0.003
18412,0.004,0.006,0.000,0.003
18413,0.004,0.006,0.000,0.003
18414,0.004,0.006,0.000,0.003
18415,0.004,0.006,0.000,0.003
18416,0.004,0.006,0.000,0.003
18417,0.004,0.006,0.000,0.003
18418,0.004,0.006,0.000,0.003
18419,0.004,0.006,0.000,0.003
18420,0.004,0.006,0.000,0.003
18421,0.004,0.006,0.000,0.003
18422,0.004,0.006,0.000,0.003
18423,0.004,0.006,0.000,0.003
18424,0.004,0.006,0.000,0.003
18425,0.004,0.006,0.000,0.003
18426,0.004,0.006,0.000,0.003
18427,0.004,0.006,0.000,0.003
18428,0.004,0.006,0.000,0.003
18429,0.004,0.006,0.000,0.003
18430,0.004,0.006,0.000,0.003
18431,0.004,0.006,0.000,0.003
18432,0.004,0.006,0.000,0.003
18433,0.004,0.006,0.000,0.003
18434,0.004,0.006,0.000,0.003
18435,0.004,0.006,0.000,0.003
18436,0.004,0.006,0.000,0.003
18437,0.004,0.006,0.000,0.003
18438,0.004,0.006,0.000,0.003
18439,0.004,0.006,0.000,0.003
18440,0.004,0.006,0.000,0.003
18441,0.004,0.006,0.000,0.003
18442,0.004,0.006,0.000,0.003
18443,0.004,0.006,0.000,0.003
18444,0.004,0.006,0.000,0.003
18445,0.004,0.006,0.000,0.003
18446,0.004,0.006,0.000,0.003
18447,0.004,0.006,0.000,0.003
18448,0.004,0.006,0.000,0.003
18449,0.004,0.006,0.000,0.003
18450,0.004,0.006,0.000,0.003
18451,0.004,0.006,0.000,0.003
18452,0.004,0.006,0.000,0.003
18453,0.004,0.006,0.000,0.003
18454,0.004,0.006,0.000,0.003
18455,0.004,0.006,0.000,0.003
18456,0.004,0.006,0.000,0.003
18457,0.004,0.006,0.000,0.003
18458,0.004,0.006,0.000,0.003
18459,0.004,0.006,0.000,0.003
18460,0.004,0.006,0.000,0.003
18461,0.004,0.006,0.000,0.003
18462,0.004,0.006,0.000,0.003
18463,0.004,0.006,0.000,0.003
18464,0.004,0.006,0.000,0.003
18465,0.004,0.006,0.000,0.003
18466,0.004,0.006,0.000,0.003
18467,0.004,0.006,0.000,0.003
18468,0.004,0.006,0.000,0.003
18469,0.004,0.006,0.000,0.003
18470,0.004,0.006,0.000,0.003
18471,0.004,0.006,0.000,0.003
18472,0.004,0.006,0.000,0.003
18473,0.004,0.006,0.000,0.003
18474,0.004,0.006,0.000,0.003
18475,0.004,0.006,0.000,0.003
18476,0.004,0.006,0.000,0.003
18477,0.004,0.006,0.000,0.003
18478,0.004,0.006,0.000,0.003
18479,0.004,0.006,0.000,0.003
18480,0.004,0.006,0.000,0.003
18481,0.004,0.006,0.000,0.003
18482,0.004,0.006,0.000,0.003
18483,0.004,0.006,0.000,0.003
18484,0.004,0.006,0.000,0.003
18485,0.004,0.006,0.000,0.003
18486,0.004,0.006,0.000,0.003
18487,0.004,0.006,0.000,0.003
18488,0.004,0.006,0.000,0.003
18489,0.004,0.006,0.000,0.003
18490,0.004,0.006,0.000,0.003
18491,0.004,0.006,0.000,0.003
18492,0.004,0.006,0.000,0.003
18493,0.004,0.006,0.000,0.003
18494,0.004,0.006,0.000,0.003
18495,0.004,0.006,0.000,0.003
18496,0.004,0.006,0.000,0.003
18497,0.004,0.006,0.000,0.003
18498,0.004,0.006,0.000,0.003
18499,0.004,0.006,0.000,0.003
18500,0.004,0.006,0.000,0.003
18501,0.004,0.006,0.000,0.003
18502,0.004,0.006,0.000,0.003
18503,0.004,0.006,0.000,0.003
18504,0.004,0.006,0.000,0.003
18505,0.004,0.006,0.000,0.003
18506,0.004,0.006,0.000,0.003
18507,0.004,0.006,0.000,0.003
18508,0.004,0.006,0.000,0.003
18509,0.004,0.006,0.000,0.003
18510,0.004,0.006,0.000,0.003
18511,0.004,0.006,0.000,0.003
18512,0.004,0.006,0.000,0.003
18513,0.004,0.006,0.000,0.003
18514,0.004,0.006,0.000,0.003
18515,0.004,0.006,0.000,0.003
18516,0.004,0.006,0.000,0.003
18517,0.004,0.006,0.000,0.003
18518,0.004,0.006,0.000,0.003
18519,0.004,0.006,0.000,0.003
18520,0.004,0.006,0.000,0.003
18521,0.004,0.006,0.000,0.003
18522,0.004,0.006,0.000,0.003
18523,0.004,0.006,0.000,0.003
18524,0.004,0.006,0.000,0.003
18525,0.004,0.006,0.000,0.003
18526,0.004,0.006,0.000,0.003
18527,0.004,0.006,0.000,0.003
18528,0.004,0.006,0.000,0.003
18529,0.004,0.006,0.000,0.003
18530,0.004,0.006,0.000,0.003
18531,0.004,0.006,0.000,0.003
18532,0.004,0.006,0.000,0.003
18533,0.004,0.006,0.000,0.003
18534,0.004,0.006,0.000,0.003
18535,0.004,0.006,0.000,0.003
18536,0.004,0.006,0.000,0.003
18537,0.004,0.006,0.000,0.003
18538,0.004,0.006,0.000,0.003
18539,0.004,0.006,0.000,0.003
18540,0.004,0.006,0.000,0.003
18541,0.004,0.006,0.000,0.003
18542,0.004,0.006,0.000,0.003
18543,0.004,0.006,0.000,0.003
18544,0.004,0.006,0.000,0.003
18545,0.004,0.006,0.000,0.003
18546,0.004,0.006,0.000,0.003
18547,0.004,0.006,0.000,0.003
18548,0.004,0.006,0.000,0.003
18549,0.004,0.006,0.000,0.003
18550,0.004,0.006,0.000,0.003
18551,0.004,0.006,0.000,0.003
18552,0.004,0.006,0.000,0.003
18553,0.004,0.006,0.000,0.003
18554,0.004,0.006,0.000,0.003
18555,0.004,0.006,0.000,0.003
18556,0.004,0.006,0.000,0.003
18557,0.004,0.006,0.000,0.003
18558,0.004,0.006,0.000,0.003
18559,0.004,0.006,0.000,0.003
18560,0.004,0.006,0.000,0.003
18561,0.004,0.006,0.000,0.003
18562,0.004,0.006,0.000,0.003
18563,0.004,0.006,0.000,0.003
18564,0.004,0.006,0.000,0.003
18565,0.004,0.006,0.000,0.003
18566,0.004,0.006,0.000,0.003
18567,0.004,0.006,0.000,0.003
18568,0.004,0.006,0.000,0.003
18569,0.004,0.006,0.000,0.003
18570,0.004,0.006,0.000,0.003
18571,0.004,0.006,0.000,0.003
18572,0.004,0.006,0.000,0.003
18573,0.004,0.006,0.000,0.003
18574,0.004,0.006,0.000,0.003
18575,0.004,0.006,0.000,0.003
18576,0.004,0.006,0.000,0.003
18577,0.004,0.006,0.000,0.003
18578,0.004,0.006,0.000,0.003
18579,0.004,0.006,0.000,0.003
18580,0.004,0.006,0.000,0.003
18581,0.004,0.006,0.000,0.003
18582,0.004,0.006,0.000,0.003
18583,0.004,0.006,0.000,0.003
18584,0.004,0.006,0.000,0.003
18585,0.004,0.006,0.000,0.003
18586,0.004,0.006,0.000,0.003
18587,0.004,0.006,0.000,0.003
18588,0.004,0.006,0.000,0.003
18589,0.004,0.006,0.000,0.003
18590,0.004,0.006,0.000,0.003
18591,0.004,0.006,0.000,0.003
18592,0.004,0.006,0.000,0.003
18593,0.004,0.006,0.000,0.003
18594,0.004,0.006,0.000,0.003
18595,0.004,0.006,0.000,0.003
18596,0.004,0.006,0.000,0.003
18597,0.004,0.006,0.000,0.003
18598,0.004,0.006,0.000,0.003
18599,0.004,0.006,0.000,0.003
18600,0.004,0.006,0.000,0.003
18601,0.004,0.006,0.000,0.003
18602,0.004,0.006,0.000,0.003
18603,0.004,0.006,0.000,0.003
18604,0.004,0.006,0.000,0.003
18605,0.004,0.006,0.000,0.003
18606,0.004,0.006,0.000,0.003
18607,0.004,0.006,0.000,0.003
18608,0.004,0.006,0.000,0.003
18609,0.004,0.006,0.000,0.003
18610,0.004,0.006,0.000,0.003
18611,0.004,0.006,0.000,0.003
18612,0.004,0.006,0.000,0.003
18613,0.004,0.006,0.000,0.003
18614,0.004,0.006,0.000,0.003
18615,0.004,0.006,0.000,0.003
18616,0.004,0.006,0.000,0.003
18617,0.004,0.006,0.000,0.003
18618,0.004,0.006,0.000,0.003
18619,0.004,0.006,0.000,0.003
18620,0.004,0.006,0.000,0.003
18621,0.004,0.006,0.000,0.003
18622,0.004,0.006,0.000,0.003
18623,0.004,0.006,0.000,0.003
18624,0.004,0.006,0.000,0.003
18625,0.004,0.006,0.000,0.003
18626,0.004,0.006,0.000,0.003
18627,0.004,0.006,0.000,0.003
18628,0.004,0.006,0.000,0.003
18629,0.004,0.006,0.000,0.003
18630,0.004,0.006,0.000,0.003
18631,0.004,0.006,0.000,0.003
18632,0.004,0.006,0.000,0.003
18633,0.004,0.006,0.000,0.003
18634,0.004,0.006,0.000,0.003
18635,0.004,0.006,0.000,0.003
18636,0.004,0.006,0.000,0.003
18637,0.004,0.006,0.000,0.003
18638,0.004,0.006,0.000,0.003
18639,0.004,0.006,0.000,0.003
18640,0.004,0.006,0.000,0.003
18641,0.004,0.006,0.000,0.003
18642,0.004,0.006,0.000,0.003
18643,0.004,0.006,0.000,0.003
18644,0.004,0.006,0.000,0.003
18645,0.004,0.006,0.000,0.003
18646,0.004,0.006,0.000,0.003
18647,0.004,0.006,0.000,0.003
18648,0.004,0.006,0.000,0.003
18649,0.004,0.006,0.000,0.003
18650,0.004,0.006,0.000,0.003
18651,0.004,0.006,0.000,0.003
18652,0.004,0.006,0.000,0.003
18653,0.004,0.006,0.000,0.003
18654,0.004,0.006,0.000,0.003
18655,0.004,0.006,0.000,0.003
18656,0.004,0.006,0.000,0.003
18657,0.004,0.006,0.000,0.003
18658,0.004,0.006,0.000,0.003
18659,0.004,0.006,0.000,0.003
18660,0.004,0.006,0.000,0.003
18661,0.004,0.006,0.000,0.003
18662,0.004,0.006,0.000,0.003
18663,0.004,0.006,0.000,0.003
18664,0.004,0.006,0.000,0.003
18665,0.004,0.006,0.000,0.003
18666,0.004,0.006,0.000,0.003
18667,0.004,0.006,0.000,0.003
18668,0.004,0.006,0.000,0.003
18669,0.004,0.006,0.000,0.003
18670,0.004,0.006,0.000,0.003
18671,0.004,0.006,0.000,0.003
18672,0.004,0.006,0.000,0.003
18673,0.004,0.006,0.000,0.003
18674,0.004,0.006,0.000,0.003
18675,0.004,0.006,0.000,0.003
18676,0.004,0.006,0.000,0.003
18677,0.004,0.006,0.000,0.003
18678,0.004,0.006,0.000,0.003
18679,0.004,0.006,0.000,0.003
18680,0.004,0.006,0.000,0.003
18681,0.004,0.006,0.000,0.003
18682,0.004,0.006,0.000,0.003
18683,0.004,0.006,0.000,0.003
18684,0.004,0.006,0.000,0.003
18685,0.004,0.006,0.000,0.003
18686,0.004,0.006,0.000,0.003
18687,0.004,0.006,0.000,0.003
18688,0.004,0.006,0.000,0.003
18689,0.004,0.006,0.000,0.003
18690,0.004,0.006,0.000,0.003
18691,0.004,0.006,0.000,0.003
18692,0.004,0.006,0.000,0.003
18693,0.004,0.006,0.000,0.003
18694,0.004,0.006,0.000,0.003
18695,0.004,0.006,0.000,0.003
18696,0.004,0.006,0.000,0.003
18697,0.004,0.006,0.000,0.003
18698,0.004,0.006,0.000,0.003
18699,0.004,0.006,0.000,0.003
18700,0.004,0.006,0.000,0.003
18701,0.004,0.006,0.000,0.003
18702,0.004,0.006,0.000,0.003
18703,0.004,0.006,0.000,0.003
18704,0.004,0.006,0.000,0.003
18705,0.004,0.006,0.000,0.003
18706,0.004,0.006,0.000,0.003
18707,0.004,0.006,0.000,0.003
18708,0.004,0.006,0.000,0.003
18709,0.004,0.006,0.000,0.003
18710,0.004,0.006,0.000,0.003
18711,0.004,0.006,0.000,0.003
18712,0.004,0.006,0.000,0.003
18713,0.004,0.006,0.000,0.003
18714,0.004,0.006,0.000,0.003
18715,0.004,0.006,0.000,0.003
18716,0.004,0.006,0.000,0.003
18717,0.004,0.006,0.000,0.003
18718,0.004,0.006,0.000,0.003
18719,0.004,0.006,0.000,0.003
18720,0.004,0.006,0.000,0.003
18721,0.004,0.006,0.000,0.003
18722,0.004,0.006,0.000,0.003
18723,0.004,0.006,0.000,0.003
18724,0.004,0.006,0.000,0.003
18725,0.004,0.006,0.000,0.003
18726,0.004,0.006,0.000,0.003
18727,0.004,0.006,0.000,0.003
18728,0.004,0.006,0.000,0.003
18729,0.004,0.006,0.000,0.003
18730,0.004,0.006,0.000,0.003
18731,0.004,0.006,0.000,0.003
18732,0.004,0.006,0.000,0.003
18733,0.004,0.006,0.000,0.003
18734,0.004,0.006,0.000,0.003
18735,0.004,0.006,0.000,0.003
18736,0.004,0.006,0.000,0.003
18737,0.004,0.006,0.000,0.003
18738,0.004,0.006,0.000,0.003
18739,0.004,0.006,0.000,0.003
18740,0.004,0.006,0.000,0.003
18741,0.004,0.006,0.000,0.003
18742,0.004,0.006,0.000,0.003
18743,0.004,0.006,0.000,0.003
18744,0.004,0.006,0.000,0.003
18745,0.004,0.006,0.000,0.003
18746,0.004,0.006,0.000,0.003
18747,0.004,0.006,0.000,0.003
18748,0.004,0.006,0.000,0.003
18749,0.004,0.006,0.000,0.003
18750,0.004,0.006,0.000,0.003
18751,0.004,0.006,0.000,0.003
18752,0.004,0.006,0.000,0.003
18753,0.004,0.006,0.000,0.003
18754,0.004,0.006,0.000,0.003
18755,0.004,0.006,0.000,0.003
18756,0.004,0.006,0.000,0.003
18757,0.004,0.006,0.000,0.003
18758,0.004,0.006,0.000,0.003
18759,0.004,0.006,0.000,0.003
18760,0.004,0.006,0.000,0.003
18761,0.004,0.006,0.000,0.003
18762,0.004,0.006,0.000,0.003
18763,0.004,0.006,0.000,0.003
18764,0.004,0.006,0.000,0.003
18765,0.004,0.006,0.000,0.003
18766,0.004,0.006,0.000,0.003
18767,0.004,0.006,0.000,0.003
18768,0.004,0.006,0.000,0.003
18769,0.004,0.006,0.000,0.003
18770,0.004,0.006,0.000,0.003
18771,0.004,0.006,0.000,0.003
18772,0.004,0.006,0.000,0.003
18773,0.004,0.006,0.000,0.003
18774,0.004,0.006,0.000,0.003
18775,0.004,0.006,0.000,0.003
18776,0.004,0.006,0.000,0.003
18777,0.004,0.006,0.000,0.003
18778,0.004,0.006,0.000,0.003
18779,0.004,0.006,0.000,0.003
18780,0.004,0.006,0.000,0.003
18781,0.004,0.006,0.000,0.003
18782,0.004,0.006,0.000,0.003
18783,0.004,0.006,0.000,0.003
18784,0.004,0.006,0.000,0.003
18785,0.004,0.006,0.000,0.003
18786,0.004,0.006,0.000,0.003
18787,0.004,0.006,0.000,0.003
18788,0.004,0.006,0.000,0.003
18789,0.004,0.006,0.000,0.003
18790,0.004,0.006,0.000,0.003
18791,0.004,0.006,0.000,0.003
18792,0.004,0.006,0.000,0.003
18793,0.004,0.006,0.000,0.003
18794,0.004,0.006,0.000,0.003
18795,0.004,0.006,0.000,0.003
18796,0.004,0.006,0.000,0.003
18797,0.004,0.006,0.000,0.003
18798,0.004,0.006,0.000,0.003
18799,0.004,0.006,0.000,0.003
18800,0.004,0.006,0.000,0.003
18801,0.004,0.006,0.000,0.003
18802,0.004,0.006,0.000,0.003
18803,0.004,0.006,0.000,0.003
18804,0.004,0.006,0.000,0.003
18805,0.004,0.006,0.000,0.003
18806,0.004,0.006,0.000,0.003
18807,0.004,0.006,0.000,0.003
18808,0.004,0.006,0.000,0.003
18809,0.004,0.006,0.000,0.003
18810,0.004,0.006,0.000,0.003
18811,0.004,0.006,0.000,0.003
18812,0.004,0.006,0.000,0.003
18813,0.004,0.006,0.000,0.003
18814,0.004,0.006,0.000,0.003
18815,0.004,0.006,0.000,0.003
18816,0.004,0.006,0.000,0.003
18817,0.004,0.006,0.000,0.003
18818,0.004,0.006,0.000,0.003
18819,0.004,0.006,0.000,0.003
18820,0.004,0.006,0.000,0.003
18821,0.004,0.006,0.000,0.003
18822,0.004,0.006,0.000,0.003
18823,0.004,0.006,0.000,0.003
18824,0.004,0.006,0.000,0.003
18825,0.004,0.006,0.000,0.003
18826,0.004,0.006,0.000,0.003
18827,0.004,0.006,0.000,0.003
18828,0.004,0.006,0.000,0.003
18829,0.004,0.006,0.000,0.003
18830,0.004,0.006,0.000,0.003
18831,0.004,0.006,0.000,0.003
18832,0.004,0.006,0.000,0.003
18833,0.004,0.006,0.000,0.003
18834,0.004,0.006,0.000,0.003
18835,0.004,0.006,0.000,0.003
18836,0.004,0.006,0.000,0.003
18837,0.004,0.006,0.000,0.003
18838,0.004,0.006,0.000,0.003
18839,0.004,0.006,0.000,0.003
18840,0.004,0.006,0.000,0.003
18841,0.004,0.006,0.000,0.003
18842,0.004,0.006,0.000,0.003
18843,0.004,0.006,0.000,0.003
18844,0.004,0.006,0.000,0.003
18845,0.004,0.006,0.000,0.003
18846,0.004,0.006,0.000,0.003
18847,0.004,0.006,0.000,0.003
18848,0.004,0.006,0.000,0.003
18849,0.004,0.006,0.000,0.003
18850,0.004,0.006,0.000,0.003
18851,0.004,0.006,0.000,0.003
18852,0.004,0.006,0.000,0.003
18853,0.004,0.006,0.000,0.003
18854,0.004,0.006,0.000,0.003
18855,0.004,0.006,0.000,0.003
18856,0.004,0.006,0.000,0.003
18857,0.004,0.006,0.000,0.003
18858,0.004,0.006,0.000,0.003
18859,0.004,0.006,0.000,0.003
18860,0.004,0.006,0.000,0.003
18861,0.004,0.006,0.000,0.003
18862,0.004,0.006,0.000,0.003
18863,0.004,0.006,0.000,0.003
18864,0.004,0.006,0.000,0.003
18865,0.004,0.006,0.000,0.003
18866,0.004,0.006,0.000,0.003
18867,0.004,0.006,0.000,0.003
18868,0.004,0.006,0.000,0.003
18869,0.004,0.006,0.000,0.003
18870,0.004,0.006,0.000,0.003
18871,0.004,0.006,0.000,0.003
18872,0.004,0.006,0.000,0.003
18873,0.004,0.006,0.000,0.003
18874,0.004,0.006,0.000,0.003
18875,0.004,0.006,0.000,0.003
18876,0.004,0.006,0.000,0.003
18877,0.004,0.006,0.000,0.003
18878,0.004,0.006,0.000,0.003
18879,0.004,0.006,0.000,0.003
18880,0.004,0.006,0.000,0.003
18881,0.004,0.006,0.000,0.003
18882,0.004,0.006,0.000,0.003
18883,0.004,0.006,0.000,0.003
18884,0.004,0.006,0.000,0.003
18885,0.004,0.006,0.000,0.003
18886,0.004,0.006,0.000,0.003
18887,0.004,0.006,0.000,0.003
18888,0.004,0.006,0.000,0.003
18889,0.004,0.006,0.000,0.003
18890,0.004,0.006,0.000,0.003
18891,0.004,0.006,0.000,0.003
18892,0.004,0.006,0.000,0.003
18893,0.004,0.006,0.000,0.003
18894,0.004,0.006,0.000,0.003
18895,0.004,0.006,0.000,0.003
18896,0.004,0.006,0.000,0.003
18897,0.004,0.006,0.000,0.003
18898,0.004,0.006,0.000,0.003
18899,0.004,0.006,0.000,0.003
18900,0.004,0.006,0.000,0.003
18901,0.004,0.006,0.000,0.003
18902,0.004,0.006,0.000,0.003
18903,0.004,0.006,0.000,0.003
18904,0.004,0.006,0.000,0.003
18905,0.004,0.006,0.000,0.003
18906,0.004,0.006,0.000,0.003
18907,0.004,0.006,0.000,0.003
18908,0.004,0.006,0.000,0.003
18909,0.004,0.006,0.000,0.003
18910,0.004,0.006,0.000,0.003
18911,0.004,0.006,0.000,0.003
18912,0.004,0.006,0.000,0.003
18913,0.004,0.006,0.000,0.003
18914,0.004,0.006,0.000,0.003
18915,0.004,0.006,0.000,0.003
18916,0.004,0.006,0.000,0.003
18917,0.004,0.006,0.000,0.003
18918,0.004,0.006,0.000,0.003
18919,0.004,0.006,0.000,0.003
18920,0.004,0.006,0.000,0.003
18921,0.004,0.006,0.000,0.003
18922,0.004,0.006,0.000,0.003
18923,0.004,0.006,0.000,0.003
18924,0.004,0.006,0.000,0.003
18925,0.004,0.006,0.000,0.003
18926,0.004,0.006,0.000,0.003
18927,0.004,0.006,0.000,0.003
18928,0.004,0.006,0.000,0.003
18929,0.004,0.006,0.000,0.003
18930,0.004,0.006,0.000,0.003
18931,0.004,0.006,0.000,0.003
18932,0.004,0.006,0.000,0.003
18933,0.004,0.006,0.000,0.003
18934,0.004,0.006,0.000,0.003
18935,0.004,0.006,0.000,0.003
18936,0.004,0.006,0.000,0.003
18937,0.004,0.006,0.000,0.003
18938,0.004,0.006,0.000,0.003
18939,0.004,0.006,0.000,0.003
18940,0.004,0.006,0.000,0.003
18941,0.004,0.006,0.000,0.003
18942,0.004,0.006,0.000,0.003
18943,0.004,0.006,0.000,0.003
18944,0.004,0.006,0.000,0.003
18945,0.004,0.006,0.000,0.003
18946,0.004,0.006,0.000,0.003
18947,0.004,0.006,0.000,0.003
18948,0.004,0.006,0.000,0.003
18949,0.004,0.006,0.000,0.003
18950,0.004,0.006,0.000,0.003
18951,0.004,0.006,0.000,0.003
18952,0.004,0.006,0.000,0.003
18953,0.004,0.006,0.000,0.003
18954,0.004,0.006,0.000,0.003
18955,0.004,0.006,0.000,0.003
18956,0.004,0.006,0.000,0.003
18957,0.004,0.006,0.000,0.003
18958,0.004,0.006,0.000,0.003
18959,0.004,0.006,0.000,0.003
18960,0.004,0.006,0.000,0.003
18961,0.004,0.006,0.000,0.003
18962,0.004,0.006,0.000,0.003
18963,0.004,0.006,0.000,0.003
18964,0.004,0.006,0.000,0.003
18965,0.004,0.006,0.000,0.003
18966,0.004,0.006,0.000,0.003
18967,0.004,0.006,0.000,0.003
18968,0.004,0.006,0.000,0.003
18969,0.004,0.006,0.000,0.003
18970,0.004,0.006,0.000,0.003
18971,0.004,0.006,0.000,0.003
18972,0.004,0.006,0.000,0.003
18973,0.004,0.006,0.000,0.003
18974,0.004,0.006,0.000,0.003
18975,0.004,0.006,0.000,0.003
18976,0.004,0.006,0.000,0.003
18977,0.004,0.006,0.000,0.003
18978,0.004,0.006,0.000,0.003
18979,0.004,0.006,0.000,0.003
18980,0.004,0.006,0.000,0.003
18981,0.004,0.006,0.000,0.003
18982,0.004,0.006,0.000,0.003
18983,0.004,0.006,0.000,0.003
18984,0.004,0.006,0.000,0.003
18985,0.004,0.006,0.000,0.003
18986,0.004,0.006,0.000,0.003
18987,0.004,0.006,0.000,0.003
18988,0.004,0.006,0.000,0.003
18989,0.004,0.006,0.000,0.003
18990,0.004,0.006,0.000,0.003
18991,0.004,0.006,0.000,0.003
18992,0.004,0.006,0.000,0.003
18993,0.004,0.006,0.000,0.003
18994,0.004,0.006,0.000,0.003
18995,0.004,0.006,0.000,0.003
18996,0.004,0.006,0.000,0.003
18997,0.004,0.006,0.000,0.003
18998,0.004,0.006,0.000,0.003
18999,0.004,0.006,0.000,0.003
19000,0.004,0.006,0.000,0.003
19001,0.004,0.006,0.000,0.003
19002,0.004,0.006,0.000,0.003
19003,0.004,0.006,0.000,0.003
19004,0.004,0.006,0.000,0.003
19005,0.004,0.006,0.000,0.003
19006,0.004,0.006,0.000,0.003
19007,0.004,0.006,0.000,0.003
19008,0.004,0.006,0.000,0.003
19009,0.004,0.006,0.000,0.003
19010,0.004,0.006,0.000,0.003
19011,0.004,0.006,0.000,0.003
19012,0.004,0.006,0.000,0.003
19013,0.004,0.006,0.000,0.003
19014,0.004,0.006,0.000,0.003
19015,0.004,0.006,0.000,0.003
19016,0.004,0.006,0.000,0.003
19017,0.004,0.006,0.000,0.003
19018,0.004,0.006,0.000,0.003
19019,0.004,0.006,0.000,0.003
19020,0.004,0.006,0.000,0.003
19021,0.004,0.006,0.000,0.003
19022,0.004,0.006,0.000,0.003
19023,0.004,0.006,0.000,0.003
19024,0.004,0.006,0.000,0.003
19025,0.004,0.006,0.000,0.003
19026,0.004,0.006,0.000,0.003
19027,0.004,0.006,0.000,0.003
19028,0.004,0.006,0.000,0.003
19029,0.004,0.006,0.000,0.003
19030,0.004,0.006,0.000,0.003
19031,0.004,0.006,0.000,0.003
19032,0.004,0.006,0.000,0.003
19033,0.004,0.006,0.000,0.003
19034,0.004,0.006,0.000,0.003
19035,0.004,0.006,0.000,0.003
19036,0.004,0.006,0.000,0.003
19037,0.004,0.006,0.000,0.003
19038,0.004,0.006,0.000,0.003
19039,0.004,0.006,0.000,0.003
19040,0.004,0.006,0.000,0.003
19041,0.004,0.006,0.000,0.003
19042,0.004,0.006,0.000,0.003
19043,0.004,0.006,0.000,0.003
19044,0.004,0.006,0.000,0.003
19045,0.004,0.006,0.000,0.003
19046,0.004,0.006,0.000,0.003
19047,0.004,0.006,0.000,0.003
19048,0.004,0.006,0.000,0.003
19049,0.004,0.006,0.000,0.003
19050,0.004,0.006,0.000,0.003
19051,0.004,0.006,0.000,0.003
19052,0.004,0.006,0.000,0.003
19053,0.004,0.006,0.000,0.003
19054,0.004,0.006,0.000,0.003
19055,0.004,0.006,0.000,0.003
19056,0.004,0.006,0.000,0.003
19057,0.004,0.006,0.000,0.003
19058,0.004,0.006,0.000,0.003
19059,0.004,0.006,0.000,0.003
19060,0.004,0.006,0.000,0.003
19061,0.004,0.006,0.000,0.003
19062,0.004,0.006,0.000,0.003
19063,0.004,0.006,0.000,0.003
19064,0.004,0.006,0.000,0.003
19065,0.004,0.006,0.000,0.003
19066,0.004,0.006,0.000,0.003
19067,0.004,0.006,0.000,0.003
19068,0.004,0.006,0.000,0.003
19069,0.004,0.006,0.000,0.003
19070,0.004,0.006,0.000,0.003
19071,0.004,0.006,0.000,0.003
19072,0.004,0.006,0.000,0.003
19073,0.004,0.006,0.000,0.003
19074,0.004,0.006,0.000,0.003
19075,0.004,0.006,0.000,0.003
19076,0.004,0.006,0.000,0.003
19077,0.004,0.006,0.000,0.003
19078,0.004,0.006,0.000,0.003
19079,0.004,0.006,0.000,0.003
19080,0.004,0.006,0.000,0.003
19081,0.004,0.006,0.000,0.003
19082,0.004,0.006,0.000,0.003
19083,0.004,0.006,0.000,0.003
19084,0.004,0.006,0.000,0.003
19085,0.004,0.006,0.000,0.003
19086,0.004,0.006,0.000,0.003
19087,0.004,0.006,0.000,0.003
19088,0.004,0.006,0.000,0.003
19089,0.004,0.006,0.000,0.003
19090,0.004,0.006,0.000,0.003
19091,0.004,0.006,0.000,0.003
19092,0.004,0.006,0.000,0.003
19093,0.004,0.006,0.000,0.003
19094,0.004,0.006,0.000,0.003
19095,0.004,0.006,0.000,0.003
19096,0.004,0.006,0.000,0.003
19097,0.004,0.006,0.000,0.003
19098,0.004,0.006,0.000,0.003
19099,0.004,0.006,0.000,0.003
19100,0.004,0.006,0.000,0.003
19101,0.004,0.006,0.000,0.003
19102,0.004,0.006,0.000,0.003
19103,0.004,0.006,0.000,0.003
19104,0.004,0.006,0.000,0.003
19105,0.004,0.006,0.000,0.003
19106,0.004,0.006,0.000,0.003
19107,0.004,0.006,0.000,0.003
19108,0.004,0.006,0.000,0.003
19109,0.004,0.006,0.000,0.003
19110,0.004,0.006,0.000,0.003
19111,0.004,0.006,0.000,0.003
19112,0.004,0.006,0.000,0.003
19113,0.004,0.006,0.000,0.003
19114,0.004,0.006,0.000,0.003
19115,0.004,0.006,0.000,0.003
19116,0.004,0.006,0.000,0.003
19117,0.004,0.006,0.000,0.003
19118,0.004,0.006,0.000,0.003
19119,0.004,0.006,0.000,0.003
19120,0.004,0.006,0.000,0.003
19121,0.004,0.006,0.000,0.003
19122,0.004,0.006,0.000,0.003
19123,0.004,0.006,0.000,0.003
19124,0.004,0.006,0.000,0.003
19125,0.004,0.006,0.000,0.003
19126,0.004,0.006,0.000,0.003
19127,0.004,0.006,0.000,0.003
19128,0.004,0.006,0.000,0.003
19129,0.004,0.006,0.000,0.003
19130,0.004,0.006,0.000,0.003
19131,0.004,0.006,0.000,0.003
19132,0.004,0.006,0.000,0.003
19133,0.004,0.006,0.000,0.003
19134,0.004,0.006,0.000,0.003
19135,0.004,0.006,0.000,0.003
19136,0.004,0.006,0.000,0.003
19137,0.004,0.006,0.000,0.003
19138,0.004,0.006,0.000,0.003
19139,0.004,0.006,0.000,0.003
19140,0.004,0.006,0.000,0.003
19141,0.004,0.006,0.000,0.003
19142,0.004,0.006,0.000,0.003
19143,0.004,0.006,0.000,0.003
19144,0.004,0.006,0.000,0.003
19145,0.004,0.006,0.000,0.003
19146,0.004,0.006,0.000,0.003
19147,0.004,0.006,0.000,0.003
19148,0.004,0.006,0.000,0.003
19149,0.004,0.006,0.000,0.003
19150,0.004,0.006,0.000,0.003
19151,0.004,0.006,0.000,0.003
19152,0.004,0.006,0.000,0.003
19153,0.004,0.006,0.000,0.003
19154,0.004,0.006,0.000,0.003
19155,0.004,0.006,0.000,0.003
19156,0.004,0.006,0.000,0.003
19157,0.004,0.006,0.000,0.003
19158,0.004,0.006,0.000,0.003
19159,0.004,0.006,0.000,0.003
19160,0.004,0.006,0.000,0.003
19161,0.004,0.006,0.000,0.003
19162,0.004,0.006,0.000,0.003
19163,0.004,0.006,0.000,0.003
19164,0.004,0.006,0.000,0.003
19165,0.004,0.006,0.000,0.003
19166,0.004,0.006,0.000,0.003
19167,0.004,0.006,0.000,0.003
19168,0.004,0.006,0.000,0.003
19169,0.004,0.006,0.000,0.003
19170,0.004,0.006,0.000,0.003
19171,0.004,0.006,0.000,0.003
19172,0.004,0.006,0.000,0.003
19173,0.004,0.006,0.000,0.003
19174,0.004,0.006,0.000,0.003
19175,0.004,0.006,0.000,0.003
19176,0.004,0.006,0.000,0.003
19177,0.004,0.006,0.000,0.003
19178,0.004,0.006,0.000,0.003
19179,0.004,0.006,0.000,0.003
19180,0.004,0.006,0.000,0.003
19181,0.004,0.006,0.000,0.003
19182,0.004,0.006,0.000,0.003
19183,0.004,0.006,0.000,0.003
19184,0.004,0.006,0.000,0.003
19185,0.004,0.006,0.000,0.003
19186,0.004,0.006,0.000,0.003
19187,0.004,0.006,0.000,0.003
19188,0.004,0.006,0.000,0.003
19189,0.004,0.006,0.000,0.003
19190,0.004,0.006,0.000,0.003
19191,0.004,0.006,0.000,0.003
19192,0.004,0.006,0.000,0.003
19193,0.004,0.006,0.000,0.003
19194,0.004,0.006,0.000,0.003
19195,0.004,0.006,0.000,0.003
19196,0.004,0.006,0.000,0.003
19197,0.004,0.006,0.000,0.003
19198,0.004,0.006,0.000,0.003
19199,0.004,0.006,0.000,0.003
19200,0.004,0.006,0.000,0.003
19201,0.004,0.006,0.000,0.003
19202,0.004,0.006,0.000,0.003
19203,0.004,0.006,0.000,0.003
19204,0.004,0.006,0.000,0.003
19205,0.004,0.006,0.000,0.003
19206,0.004,0.006,0.000,0.003
19207,0.004,0.006,0.000,0.003
19208,0.004,0.006,0.000,0.003
19209,0.004,0.006,0.000,0.003
19210,0.004,0.006,0.000,0.003
19211,0.004,0.006,0.000,0.003
19212,0.004,0.006,0.000,0.003
19213,0.004,0.006,0.000,0.003
19214,0.004,0.006,0.000,0.003
19215,0.004,0.006,0.000,0.003
19216,0.004,0.006,0.000,0.003
19217,0.004,0.006,0.000,0.003
19218,0.004,0.006,0.000,0.003
19219,0.004,0.006,0.000,0.003
19220,0.004,0.006,0.000,0.003
19221,0.004,0.006,0.000,0.003
19222,0.004,0.006,0.000,0.003
19223,0.004,0.006,0.000,0.003
19224,0.004,0.006,0.000,0.003
19225,0.004,0.006,0.000,0.003
19226,0.004,0.006,0.000,0.003
19227,0.004,0.006,0.000,0.003
19228,0.004,0.006,0.000,0.003
19229,0.004,0.006,0.000,0.003
19230,0.004,0.006,0.000,0.003
19231,0.004,0.006,0.000,0.003
19232,0.004,0.006,0.000,0.003
19233,0.004,0.006,0.000,0.003
19234,0.004,0.006,0.000,0.003
19235,0.004,0.006,0.000,0.003
19236,0.004,0.006,0.000,0.003
19237,0.004,0.006,0.000,0.003
19238,0.004,0.006,0.000,0.003
19239,0.004,0.006,0.000,0.003
19240,0.004,0.006,0.000,0.003
19241,0.004,0.006,0.000,0.003
19242,0.004,0.006,0.000,0.003
19243,0.004,0.006,0.000,0.003
19244,0.004,0.006,0.000,0.003
19245,0.004,0.006,0.000,0.003
19246,0.004,0.006,0.000,0.003
19247,0.004,0.006,0.000,0.003
19248,0.004,0.006,0.000,0.003
19249,0.004,0.006,0.000,0.003
19250,0.004,0.006,0.000,0.003
19251,0.004,0.006,0.000,0.003
19252,0.004,0.006,0.000,0.003
19253,0.004,0.006,0.000,0.003
19254,0.004,0.006,0.000,0.003
19255,0.004,0.006,0.000,0.003
19256,0.004,0.006,0.000,0.003
19257,0.004,0.006,0.000,0.003
19258,0.004,0.006,0.000,0.003
19259,0.004,0.006,0.000,0.003
19260,0.004,0.006,0.000,0.003
19261,0.004,0.006,0.000,0.003
19262,0.004,0.006,0.000,0.003
19263,0.004,0.006,0.000,0.003
19264,0.004,0.006,0.000,0.003
19265,0.004,0.006,0.000,0.003
19266,0.004,0.006,0.000,0.003
19267,0.004,0.006,0.000,0.003
19268,0.004,0.006,0.000,0.003
19269,0.004,0.006,0.000,0.003
19270,0.004,0.006,0.000,0.003
19271,0.004,0.006,0.000,0.003
19272,0.004,0.006,0.000,0.003
19273,0.004,0.006,0.000,0.003
19274,0.004,0.006,0.000,0.003
19275,0.004,0.006,0.000,0.003
19276,0.004,0.006,0.000,0.003
19277,0.004,0.006,0.000,0.003
19278,0.004,0.006,0.000,0.003
19279,0.004,0.006,0.000,0.003
19280,0.004,0.006,0.000,0.003
19281,0.004,0.006,0.000,0.003
19282,0.004,0.006,0.000,0.003
19283,0.004,0.006,0.000,0.003
19284,0.004,0.006,0.000,0.003
19285,0.004,0.006,0.000,0.003
19286,0.004,0.006,0.000,0.003
19287,0.004,0.006,0.000,0.003
19288,0.004,0.006,0.000,0.003
19289,0.004,0.006,0.000,0.003
19290,0.004,0.006,0.000,0.003
19291,0.004,0.006,0.000,0.003
19292,0.004,0.006,0.000,0.003
19293,0.004,0.006,0.000,0.003
19294,0.004,0.006,0.000,0.003
19295,0.004,0.006,0.000,0.003
19296,0.004,0.006,0.000,0.003
19297,0.004,0.006,0.000,0.003
19298,0.004,0.006,0.000,0.003
19299,0.004,0.006,0.000,0.003
19300,0.004,0.006,0.000,0.003
19301,0.004,0.006,0.000,0.003
19302,0.004,0.006,0.000,0.003
19303,0.004,0.006,0.000,0.003
19304,0.004,0.006,0.000,0.003
19305,0.004,0.006,0.000,0.003
19306,0.004,0.006,0.000,0.003
19307,0.004,0.006,0.000,0.003
19308,0.004,0.006,0.000,0.003
19309,0.004,0.006,0.000,0.003
19310,0.004,0.006,0.000,0.003
19311,0.004,0.006,0.000,0.003
19312,0.004,0.006,0.000,0.003
19313,0.004,0.006,0.000,0.003
19314,0.004,0.006,0.000,0.003
19315,0.004,0.006,0.000,0.003
19316,0.004,0.006,0.000,0.003
19317,0.004,0.006,0.000,0.003
19318,0.004,0.006,0.000,0.003
19319,0.004,0.006,0.000,0.003
19320,0.004,0.006,0.000,0.003
19321,0.004,0.006,0.000,0.003
19322,0.004,0.006,0.000,0.003
19323,0.004,0.006,0.000,0.003
19324,0.004,0.006,0.000,0.003
19325,0.004,0.006,0.000,0.003
19326,0.004,0.006,0.000,0.003
19327,0.004,0.006,0.000,0.003
19328,0.004,0.006,0.000,0.003
19329,0.004,0.006,0.000,0.003
19330,0.004,0.006,0.000,0.003
19331,0.004,0.006,0.000,0.003
19332,0.004,0.006,0.000,0.003
19333,0.004,0.006,0.000,0.003
19334,0.004,0.006,0.000,0.003
19335,0.004,0.006,0.000,0.003
19336,0.004,0.006,0.000,0.003
19337,0.004,0.006,0.000,0.003
19338,0.004,0.006,0.000,0.003
19339,0.004,0.006,0.000,0.003
19340,0.004,0.006,0.000,0.003
19341,0.004,0.006,0.000,0.003
19342,0.004,0.006,0.000,0.003
19343,0.004,0.006,0.000,0.003
19344,0.004,0.006,0.000,0.003
19345,0.004,0.006,0.000,0.003
19346,0.004,0.006,0.000,0.003
19347,0.004,0.006,0.000,0.003
19348,0.004,0.006,0.000,0.003
19349,0.004,0.006,0.000,0.003
19350,0.004,0.006,0.000,0.003
19351,0.004,0.006,0.000,0.003
19352,0.004,0.006,0.000,0.003
19353,0.004,0.006,0.000,0.003
19354,0.004,0.006,0.000,0.003
19355,0.004,0.006,0.000,0.003
19356,0.004,0.006,0.000,0.003
19357,0.004,0.006,0.000,0.003
19358,0.004,0.006,0.000,0.003
19359,0.004,0.006,0.000,0.003
19360,0.004,0.006,0.000,0.003
19361,0.004,0.006,0.000,0.003
19362,0.004,0.006,0.000,0.003
19363,0.004,0.006,0.000,0.003
19364,0.004,0.006,0.000,0.003
19365,0.004,0.006,0.000,0.003
19366,0.004,0.006,0.000,0.003
19367,0.004,0.006,0.000,0.003
19368,0.004,0.006,0.000,0.003
19369,0.004,0.006,0.000,0.003
19370,0.004,0.006,0.000,0.003
19371,0.004,0.006,0.000,0.003
19372,0.004,0.006,0.000,0.003
19373,0.004,0.006,0.000,0.003
19374,0.004,0.006,0.000,0.003
19375,0.004,0.006,0.000,0.003
19376,0.004,0.006,0.000,0.003
19377,0.004,0.006,0.000,0.003
19378,0.004,0.006,0.000,0.003
19379,0.004,0.006,0.000,0.003
19380,0.004,0.006,0.000,0.003
19381,0.004,0.006,0.000,0.003
19382,0.004,0.006,0.000,0.003
19383,0.004,0.006,0.000,0.003
19384,0.004,0.006,0.000,0.003
19385,0.004,0.006,0.000,0.003
19386,0.004,0.006,0.000,0.003
19387,0.004,0.006,0.000,0.003
19388,0.004,0.006,0.000,0.003
19389,0.004,0.006,0.000,0.003
19390,0.004,0.006,0.000,0.003
19391,0.004,0.006,0.000,0.003
19392,0.004,0.006,0.000,0.003
19393,0.004,0.006,0.000,0.003
19394,0.004,0.006,0.000,0.003
19395,0.004,0.006,0.000,0.003
19396,0.004,0.006,0.000,0.003
19397,0.004,0.006,0.000,0.003
19398,0.004,0.006,0.000,0.003
19399,0.004,0.006,0.000,0.003
19400,0.004,0.006,0.000,0.003
19401,0.004,0.006,0.000,0.003
19402,0.004,0.006,0.000,0.003
19403,0.004,0.006,0.000,0.003
19404,0.004,0.006,0.000,0.003
19405,0.004,0.006,0.000,0.003
19406,0.004,0.006,0.000,0.003
19407,0.004,0.006,0.000,0.003
19408,0.004,0.006,0.000,0.003
19409,0.004,0.006,0.000,0.003
19410,0.004,0.006,0.000,0.003
19411,0.004,0.006,0.000,0.003
19412,0.004,0.006,0.000,0.003
19413,0.004,0.006,0.000,0.003
19414,0.004,0.006,0.000,0.003
19415,0.004,0.006,0.000,0.003
19416,0.004,0.006,0.000,0.003
19417,0.004,0.006,0.000,0.003
19418,0.004,0.006,0.000,0.003
19419,0.004,0.006,0.000,0.003
19420,0.004,0.006,0.000,0.003
19421,0.004,0.006,0.000,0.003
19422,0.004,0.006,0.000,0.003
19423,0.004,0.006,0.000,0.003
19424,0.004,0.006,0.000,0.003
19425,0.004,0.006,0.000,0.003
19426,0.004,0.006,0.000,0.003
19427,0.004,0.006,0.000,0.003
19428,0.004,0.006,0.000,0.003
19429,0.004,0.006,0.000,0.003
19430,0.004,0.006,0.000,0.003
19431,0.004,0.006,0.000,0.003
19432,0.004,0.006,0.000,0.003
19433,0.004,0.006,0.000,0.003
19434,0.004,0.006,0.000,0.003
19435,0.004,0.006,0.000,0.003
19436,0.004,0.006,0.000,0.003
19437,0.004,0.006,0.000,0.003
19438,0.004,0.006,0.000,0.003
19439,0.004,0.006,0.000,0.003
19440,0.004,0.006,0.000,0.003
19441,0.004,0.006,0.000,0.003
19442,0.004,0.006,0.000,0.003
19443,0.004,0.006,0.000,0.003
19444,0.004,0.006,0.000,0.003
19445,0.004,0.006,0.000,0.003
19446,0.004,0.006,0.000,0.003
19447,0.004,0.006,0.000,0.003
19448,0.004,0.006,0.000,0.003
19449,0.004,0.006,0.000,0.003
19450,0.004,0.006,0.000,0.003
19451,0.004,0.006,0.000,0.003
19452,0.004,0.006,0.000,0.003
19453,0.004,0.006,0.000,0.003
19454,0.004,0.006,0.000,0.003
19455,0.004,0.006,0.000,0.003
19456,0.004,0.006,0.000,0.003
19457,0.004,0.006,0.000,0.003
19458,0.004,0.006,0.000,0.003
19459,0.004,0.006,0.000,0.003
19460,0.004,0.006,0.000,0.003
19461,0.004,0.006,0.000,0.003
19462,0.004,0.006,0.000,0.003
19463,0.004,0.006,0.000,0.003
19464,0.004,0.006,0.000,0.003
19465,0.004,0.006,0.000,0.003
19466,0.004,0.006,0.000,0.003
19467,0.004,0.006,0.000,0.003
19468,0.004,0.006,0.000,0.003
19469,0.004,0.006,0.000,0.003
19470,0.004,0.006,0.000,0.003
19471,0.004,0.006,0.000,0.003
19472,0.004,0.006,0.000,0.003
19473,0.004,0.006,0.000,0.003
19474,0.004,0.006,0.000,0.003
19475,0.004,0.006,0.000,0.003
19476,0.004,0.006,0.000,0.003
19477,0.004,0.006,0.000,0.003
19478,0.004,0.006,0.000,0.003
19479,0.004,0.006,0.000,0.003
19480,0.004,0.006,0.000,0.003
19481,0.004,0.006,0.000,0.003
19482,0.004,0.006,0.000,0.003
19483,0.004,0.006,0.000,0.003
19484,0.004,0.006,0.000,0.003
19485,0.004,0.006,0.000,0.003
19486,0.004,0.006,0.000,0.003
19487,0.004,0.006,0.000,0.003
19488,0.004,0.006,0.000,0.003
19489,0.004,0.006,0.000,0.003
19490,0.004,0.006,0.000,0.003
19491,0.004,0.006,0.000,0.003
19492,0.004,0.006,0.000,0.003
19493,0.004,0.006,0.000,0.003
19494,0.004,0.006,0.000,0.003
19495,0.004,0.006,0.000,0.003
19496,0.004,0.006,0.000,0.003
19497,0.004,0.006,0.000,0.003
19498,0.004,0.006,0.000,0.003
19499,0.004,0.006,0.000,0.003
19500,0.004,0.006,0.000,0.003
19501,0.004,0.006,0.000,0.003
19502,0.004,0.006,0.000,0.003
19503,0.004,0.006,0.000,0.003
19504,0.004,0.006,0.000,0.003
19505,0.004,0.006,0.000,0.003
19506,0.004,0.006,0.000,0.003
19507,0.004,0.006,0.000,0.003
19508,0.004,0.006,0.000,0.003
19509,0.004,0.006,0.000,0.003
19510,0.004,0.006,0.000,0.003
19511,0.004,0.006,0.000,0.003
19512,0.004,0.006,0.000,0.003
19513,0.004,0.006,0.000,0.003
19514,0.004,0.006,0.000,0.003
19515,0.004,0.006,0.000,0.003
19516,0.004,0.006,0.000,0.003
19517,0.004,0.006,0.000,0.003
19518,0.004,0.006,0.000,0.003
19519,0.004,0.006,0.000,0.003
19520,0.004,0.006,0.000,0.003
19521,0.004,0.006,0.000,0.003
19522,0.004,0.006,0.000,0.003
19523,0.004,0.006,0.000,0.003
19524,0.004,0.006,0.000,0.003
19525,0.004,0.006,0.000,0.003
19526,0.004,0.006,0.000,0.003
19527,0.004,0.006,0.000,0.003
19528,0.004,0.006,0.000,0.003
19529,0.004,0.006,0.000,0.003
19530,0.004,0.006,0.000,0.003
19531,0.004,0.006,0.000,0.003
19532,0.004,0.006,0.000,0.003
19533,0.004,0.006,0.000,0.003
19534,0.004,0.006,0.000,0.003
19535,0.004,0.006,0.000,0.003
19536,0.004,0.006,0.000,0.003
19537,0.004,0.006,0.000,0.003
19538,0.004,0.006,0.000,0.003
19539,0.004,0.006,0.000,0.003
19540,0.004,0.006,0.000,0.003
19541,0.004,0.006,0.000,0.003
19542,0.004,0.006,0.000,0.003
19543,0.004,0.006,0.000,0.003
19544,0.004,0.006,0.000,0.003
19545,0.004,0.006,0.000,0.003
19546,0.004,0.006,0.000,0.003
19547,0.004,0.006,0.000,0.003
19548,0.004,0.006,0.000,0.003
19549,0.004,0.006,0.000,0.003
19550,0.004,0.006,0.000,0.003
19551,0.004,0.006,0.000,0.003
19552,0.004,0.006,0.000,0.003
19553,0.004,0.006,0.000,0.003
19554,0.004,0.006,0.000,0.003
19555,0.004,0.006,0.000,0.003
19556,0.004,0.006,0.000,0.003
19557,0.004,0.006,0.000,0.003
19558,0.004,0.006,0.000,0.003
19559,0.004,0.006,0.000,0.003
19560,0.004,0.006,0.000,0.003
19561,0.004,0.006,0.000,0.003
19562,0.004,0.006,0.000,0.003
19563,0.004,0.006,0.000,0.003
19564,0.004,0.006,0.000,0.003
19565,0.004,0.006,0.000,0.003
19566,0.004,0.006,0.000,0.003
19567,0.004,0.006,0.000,0.003
19568,0.004,0.006,0.000,0.003
19569,0.004,0.006,0.000,0.003
19570,0.004,0.006,0.000,0.003
19571,0.004,0.006,0.000,0.003
19572,0.004,0.006,0.000,0.003
19573,0.004,0.006,0.000,0.003
19574,0.004,0.006,0.000,0.003
19575,0.004,0.006,0.000,0.003
19576,0.004,0.006,0.000,0.003
19577,0.004,0.006,0.000,0.003
19578,0.004,0.006,0.000,0.003
19579,0.004,0.006,0.000,0.003
19580,0.004,0.006,0.000,0.003
19581,0.004,0.006,0.000,0.003
19582,0.004,0.006,0.000,0.003
19583,0.004,0.006,0.000,0.003
19584,0.004,0.006,0.000,0.003
19585,0.004,0.006,0.000,0.003
19586,0.004,0.006,0.000,0.003
19587,0.004,0.006,0.000,0.003
19588,0.004,0.006,0.000,0.003
19589,0.004,0.006,0.000,0.003
19590,0.004,0.006,0.000,0.003
19591,0.004,0.006,0.000,0.003
19592,0.004,0.006,0.000,0.003
19593,0.004,0.006,0.000,0.003
19594,0.004,0.006,0.000,0.003
19595,0.004,0.006,0.000,0.003
19596,0.004,0.006,0.000,0.003
19597,0.004,0.006,0.000,0.003
19598,0.004,0.006,0.000,0.003
19599,0.004,0.006,0.000,0.003
19600,0.004,0.006,0.000,0.003
19601,0.004,0.006,0.000,0.003
19602,0.004,0.006,0.000,0.003
19603,0.004,0.006,0.000,0.003
19604,0.004,0.006,0.000,0.003
19605,0.004,0.006,0.000,0.003
19606,0.004,0.006,0.000,0.003
19607,0.004,0.006,0.000,0.003
19608,0.004,0.006,0.000,0.003
19609,0.004,0.006,0.000,0.003
19610,0.004,0.006,0.000,0.003
19611,0.004,0.006,0.000,0.003
19612,0.004,0.006,0.000,0.003
19613,0.004,0.006,0.000,0.003
19614,0.004,0.006,0.000,0.003
19615,0.004,0.006,0.000,0.003
19616,0.004,0.006,0.000,0.003
19617,0.004,0.006,0.000,0.003
19618,0.004,0.006,0.000,0.003
19619,0.004,0.006,0.000,0.003
19620,0.004,0.006,0.000,0.003
19621,0.004,0.006,0.000,0.003
19622,0.004,0.006,0.000,0.003
19623,0.004,0.006,0.000,0.003
19624,0.004,0.006,0.000,0.003
19625,0.004,0.006,0.000,0.003
19626,0.004,0.006,0.000,0.003
19627,0.004,0.006,0.000,0.003
19628,0.004,0.006,0.000,0.003
19629,0.004,0.006,0.000,0.003
19630,0.004,0.006,0.000,0.003
19631,0.004,0.006,0.000,0.003
19632,0.004,0.006,0.000,0.003
19633,0.004,0.006,0.000,0.003
19634,0.004,0.006,0.000,0.003
19635,0.004,0.006,0.000,0.003
19636,0.004,0.006,0.000,0.003
19637,0.004,0.006,0.000,0.003
19638,0.004,0.006,0.000,0.003
19639,0.004,0.006,0.000,0.003
19640,0.004,0.006,0.000,0.003
19641,0.004,0.006,0.000,0.003
19642,0.004,0.006,0.000,0.003
19643,0.004,0.006,0.000,0.003
19644,0.004,0.006,0.000,0.003
19645,0.004,0.006,0.000,0.003
19646,0.004,0.006,0.000,0.003
19647,0.004,0.006,0.000,0.003
19648,0.004,0.006,0.000,0.003
19649,0.004,0.006,0.000,0.003
19650,0.004,0.006,0.000,0.003
19651,0.004,0.006,0.000,0.003
19652,0.004,0.006,0.000,0.003
19653,0.004,0.006,0.000,0.003
19654,0.004,0.006,0.000,0.003
19655,0.004,0.006,0.000,0.003
19656,0.004,0.006,0.000,0.003
19657,0.004,0.006,0.000,0.003
19658,0.004,0.006,0.000,0.003
19659,0.004,0.006,0.000,0.003
19660,0.004,0.006,0.000,0.003
19661,0.004,0.006,0.000,0.003
19662,0.004,0.006,0.000,0.003
19663,0.004,0.006,0.000,0.003
19664,0.004,0.006,0.000,0.003
19665,0.004,0.006,0.000,0.003
19666,0.004,0.006,0.000,0.003
19667,0.004,0.006,0.000,0.003
19668,0.004,0.006,0.000,0.003
19669,0.004,0.006,0.000,0.003
19670,0.004,0.006,0.000,0.003
19671,0.004,0.006,0.000,0.003
19672,0.004,0.006,0.000,0.003
19673,0.004,0.006,0.000,0.003
19674,0.004,0.006,0.000,0.003
19675,0.004,0.006,0.000,0.003
19676,0.004,0.006,0.000,0.003
19677,0.004,0.006,0.000,0.003
19678,0.004,0.006,0.000,0.003
19679,0.004,0.006,0.000,0.003
19680,0.004,0.006,0.000,0.003
19681,0.004,0.006,0.000,0.003
19682,0.004,0.006,0.000,0.003
19683,0.004,0.006,0.000,0.003
19684,0.004,0.006,0.000,0.003
19685,0.004,0.006,0.000,0.003
19686,0.004,0.006,0.000,0.003
19687,0.004,0.006,0.000,0.003
19688,0.004,0.006,0.000,0.003
19689,0.004,0.006,0.000,0.003
19690,0.004,0.006,0.000,0.003
19691,0.004,0.006,0.000,0.003
19692,0.004,0.006,0.000,0.003
19693,0.004,0.006,0.000,0.003
19694,0.004,0.006,0.000,0.003
19695,0.004,0.006,0.000,0.003
19696,0.004,0.006,0.000,0.003
19697,0.004,0.006,0.000,0.003
19698,0.004,0.006,0.000,0.003
19699,0.004,0.006,0.000,0.003
19700,0.004,0.006,0.000,0.003
19701,0.004,0.006,0.000,0.003
19702,0.004,0.006,0.000,0.003
19703,0.004,0.006,0.000,0.003
19704,0.004,0.006,0.000,0.003
19705,0.004,0.006,0.000,0.003
19706,0.004,0.006,0.000,0.003
19707,0.004,0.006,0.000,0.003
19708,0.004,0.006,0.000,0.003
19709,0.004,0.006,0.000,0.003
19710,0.004,0.006,0.000,0.003
19711,0.004,0.006,0.000,0.003
19712,0.004,0.006,0.000,0.003
19713,0.004,0.006,0.000,0.003
19714,0.004,0.006,0.000,0.003
19715,0.004,0.006,0.000,0.003
19716,0.004,0.006,0.000,0.003
19717,0.004,0.006,0.000,0.003
19718,0.004,0.006,0.000,0.003
19719,0.004,0.006,0.000,0.003
19720,0.004,0.006,0.000,0.003
19721,0.004,0.006,0.000,0.003
19722,0.004,0.006,0.000,0.003
19723,0.004,0.006,0.000,0.003
19724,0.004,0.006,0.000,0.003
19725,0.004,0.006,0.000,0.003
19726,0.004,0.006,0.000,0.003
19727,0.004,0.006,0.000,0.003
19728,0.004,0.006,0.000,0.003
19729,0.004,0.006,0.000,0.003
19730,0.004,0.006,0.000,0.003
19731,0.004,0.006,0.000,0.003
19732,0.004,0.006,0.000,0.003
19733,0.004,0.006,0.000,0.003
19734,0.004,0.006,0.000,0.003
19735,0.004,0.006,0.000,0.003
19736,0.004,0.006,0.000,0.003
19737,0.004,0.006,0.000,0.003
19738,0.004,0.006,0.000,0.003
19739,0.004,0.006,0.000,0.003
19740,0.004,0.006,0.000,0.003
19741,0.004,0.006,0.000,0.003
19742,0.004,0.006,0.000,0.003
19743,0.004,0.006,0.000,0.003
19744,0.004,0.006,0.000,0.003
19745,0.004,0.006,0.000,0.003
19746,0.004,0.006,0.000,0.003
19747,0.004,0.006,0.000,0.003
19748,0.004,0.006,0.000,0.003
19749,0.004,0.006,0.000,0.003
19750,0.004,0.006,0.000,0.003
19751,0.004,0.006,0.000,0.003
19752,0.004,0.006,0.000,0.003
19753,0.004,0.006,0.000,0.003
19754,0.004,0.006,0.000,0.003
19755,0.004,0.006,0.000,0.003
19756,0.004,0.006,0.000,0.003
19757,0.004,0.006,0.000,0.003
19758,0.004,0.006,0.000,0.003
19759,0.004,0.006,0.000,0.003
19760,0.004,0.006,0.000,0.003
19761,0.004,0.006,0.000,0.003
19762,0.004,0.006,0.000,0.003
19763,0.004,0.006,0.000,0.003
19764,0.004,0.006,0.000,0.003
19765,0.004,0.006,0.000,0.003
19766,0.004,0.006,0.000,0.003
19767,0.004,0.006,0.000,0.003
19768,0.004,0.006,0.000,0.003
19769,0.004,0.006,0.000,0.003
19770,0.004,0.006,0.000,0.003
19771,0.004,0.006,0.000,0.003
19772,0.004,0.006,0.000,0.003
19773,0.004,0.006,0.000,0.003
19774,0.004,0.006,0.000,0.003
19775,0.004,0.006,0.000,0.003
19776,0.004,0.006,0.000,0.003
19777,0.004,0.006,0.000,0.003
19778,0.004,0.006,0.000,0.003
19779,0.004,0.006,0.000,0.003
19780,0.004,0.006,0.000,0.003
19781,0.004,0.006,0.000,0.003
19782,0.004,0.006,0.000,0.003
19783,0.004,0.006,0.000,0.003
19784,0.004,0.006,0.000,0.003
19785,0.004,0.006,0.000,0.003
19786,0.004,0.006,0.000,0.003
19787,0.004,0.006,0.000,0.003
19788,0.004,0.006,0.000,0.003
19789,0.004,0.006,0.000,0.003
19790,0.004,0.006,0.000,0.003
19791,0.004,0.006,0.000,0.003
19792,0.004,0.006,0.000,0.003
19793,0.004,0.006,0.000,0.003
19794,0.004,0.006,0.000,0.003
19795,0.004,0.006,0.000,0.003
19796,0.004,0.006,0.000,0.003
19797,0.004,0.006,0.000,0.003
19798,0.004,0.006,0.000,0.003
19799,0.004,0.006,0.000,0.003
19800,0.004,0.006,0.000,0.003
19801,0.004,0.006,0.000,0.003
19802,0.004,0.006,0.000,0.003
19803,0.004,0.006,0.000,0.003
19804,0.004,0.006,0.000,0.003
19805,0.004,0.006,0.000,0.003
19806,0.004,0.006,0.000,0.003
19807,0.004,0.006,0.000,0.003
19808,0.004,0.006,0.000,0.003
19809,0.004,0.006,0.000,0.003
19810,0.004,0.006,0.000,0.003
19811,0.004,0.006,0.000,0.003
19812,0.004,0.006,0.000,0.003
19813,0.004,0.006,0.000,0.003
19814,0.004,0.006,0.000,0.003
19815,0.004,0.006,0.000,0.003
19816,0.004,0.006,0.000,0.003
19817,0.004,0.006,0.000,0.003
19818,0.004,0.006,0.000,0.003
19819,0.004,0.006,0.000,0.003
19820,0.004,0.006,0.000,0.003
19821,0.004,0.006,0.000,0.003
19822,0.004,0.006,0.000,0.003
19823,0.004,0.006,0.000,0.003
19824,0.004,0.006,0.000,0.003
19825,0.004,0.006,0.000,0.003
19826,0.004,0.006,0.000,0.003
19827,0.004,0.006,0.000,0.003
19828,0.004,0.006,0.000,0.003
19829,0.004,0.006,0.000,0.003
19830,0.004,0.006,0.000,0.003
19831,0.004,0.006,0.000,0.003
19832,0.004,0.006,0.000,0.003
19833,0.004,0.006,0.000,0.003
19834,0.004,0.006,0.000,0.003
19835,0.004,0.006,0.000,0.003
19836,0.004,0.006,0.000,0.003
19837,0.004,0.006,0.000,0.003
19838,0.004,0.006,0.000,0.003
19839,0.004,0.006,0.000,0.003
19840,0.004,0.006,0.000,0.003
19841,0.004,0.006,0.000,0.003
19842,0.004,0.006,0.000,0.003
19843,0.004,0.006,0.000,0.003
19844,0.004,0.006,0.000,0.003
19845,0.004,0.006,0.000,0.003
19846,0.004,0.006,0.000,0.003
19847,0.004,0.006,0.000,0.003
19848,0.004,0.006,0.000,0.003
19849,0.004,0.006,0.000,0.003
19850,0.004,0.006,0.000,0.003
19851,0.004,0.006,0.000,0.003
19852,0.004,0.006,0.000,0.003
19853,0.004,0.006,0.000,0.003
19854,0.004,0.006,0.000,0.003
19855,0.004,0.006,0.000,0.003
19856,0.004,0.006,0.000,0.003
19857,0.004,0.006,0.000,0.003
19858,0.004,0.006,0.000,0.003
19859,0.004,0.006,0.000,0.003
19860,0.004,0.006,0.000,0.003
19861,0.004,0.006,0.000,0.003
19862,0.004,0.006,0.000,0.003
19863,0.004,0.006,0.000,0.003
19864,0.004,0.006,0.000,0.003
19865,0.004,0.006,0.000,0.003
19866,0.004,0.006,0.000,0.003
19867,0.004,0.006,0.000,0.003
19868,0.004,0.006,0.000,0.003
19869,0.004,0.006,0.000,0.003
19870,0.004,0.006,0.000,0.003
19871,0.004,0.006,0.000,0.003
19872,0.004,0.006,0.000,0.003
19873,0.004,0.006,0.000,0.003
19874,0.004,0.006,0.000,0.003
19875,0.004,0.006,0.000,0.003
19876,0.004,0.006,0.000,0.003
19877,0.004,0.006,0.000,0.003
19878,0.004,0.006,0.000,0.003
19879,0.004,0.006,0.000,0.003
19880,0.004,0.006,0.000,0.003
19881,0.004,0.006,0.000,0.003
19882,0.004,0.006,0.000,0.003
19883,0.004,0.006,0.000,0.003
19884,0.004,0.006,0.000,0.003
19885,0.004,0.006,0.000,0.003
19886,0.004,0.006,0.000,0.003
19887,0.004,0.006,0.000,0.003
19888,0.004,0.006,0.000,0.003
19889,0.004,0.006,0.000,0.003
19890,0.004,0.006,0.000,0.003
19891,0.004,0.006,0.000,0.003
19892,0.004,0.006,0.000,0.003
19893,0.004,0.006,0.000,0.003
19894,0.004,0.006,0.000,0.003
19895,0.004,0.006,0.000,0.003
19896,0.004,0.006,0.000,0.003
19897,0.004,0.006,0.000,0.003
19898,0.004,0.006,0.000,0.003
19899,0.004,0.006,0.000,0.003
19900,0.004,0.006,0.000,0.003
19901,0.004,0.006,0.000,0.003
19902,0.004,0.006,0.000,0.003
19903,0.004,0.006,0.000,0.003
19904,0.004,0.006,0.000,0.003
19905,0.004,0.006,0.000,0.003
19906,0.004,0.006,0.000,0.003
19907,0.004,0.006,0.000,0.003
19908,0.004,0.006,0.000,0.003
19909,0.004,0.006,0.000,0.003
19910,0.004,0.006,0.000,0.003
19911,0.004,0.006,0.000,0.003
19912,0.004,0.006,0.000,0.003
19913,0.004,0.006,0.000,0.003
19914,0.004,0.006,0.000,0.003
19915,0.004,0.006,0.000,0.003
19916,0.004,0.006,0.000,0.003
19917,0.004,0.006,0.000,0.003
19918,0.004,0.006,0.000,0.003
19919,0.004,0.006,0.000,0.003
19920,0.004,0.006,0.000,0.003
19921,0.004,0.006,0.000,0.003
19922,0.004,0.006,0.000,0.003
19923,0.004,0.006,0.000,0.003
19924,0.004,0.006,0.000,0.003
19925,0.004,0.006,0.000,0.003
19926,0.004,0.006,0.000,0.003
19927,0.004,0.006,0.000,0.003
19928,0.004,0.006,0.000,0.003
19929,0.004,0.006,0.000,0.003
19930,0.004,0.006,0.000,0.003
19931,0.004,0.006,0.000,0.003
19932,0.004,0.006,0.000,0.003
19933,0.004,0.006,0.000,0.003
19934,0.004,0.006,0.000,0.003
19935,0.004,0.006,0.000,0.003
19936,0.004,0.006,0.000,0.003
19937,0.004,0.006,0.000,0.003
19938,0.004,0.006,0.000,0.003
19939,0.004,0.006,0.000,0.003
19940,0.004,0.006,0.000,0.003
19941,0.004,0.006,0.000,0.003
19942,0.004,0.006,0.000,0.003
19943,0.004,0.006,0.000,0.003
19944,0.004,0.006,0.000,0.003
19945,0.004,0.006,0.000,0.003
19946,0.004,0.006,0.000,0.003
19947,0.004,0.006,0.000,0.003
19948,0.004,0.006,0.000,0.003
19949,0.004,0.006,0.000,0.003
19950,0.004,0.006,0.000,0.003
19951,0.004,0.006,0.000,0.003
19952,0.004,0.006,0.000,0.003
19953,0.004,0.006,0.000,0.003
19954,0.004,0.006,0.000,0.003
19955,0.004,0.006,0.000,0.003
19956,0.004,0.006,0.000,0.003
19957,0.004,0.006,0.000,0.003
19958,0.004,0.006,0.000,0.003
19959,0.004,0.006,0.000,0.003
19960,0.004,0.006,0.000,0.003
19961,0.004,0.006,0.000,0.003
19962,0.004,0.006,0.000,0.003
19963,0.004,0.006,0.000,0.003
19964,0.004,0.006,0.000,0.003
19965,0.004,0.006,0.000,0.003
19966,0.004,0.006,0.000,0.003
19967,0.004,0.006,0.000,0.003
19968,0.004,0.006,0.000,0.003
19969,0.004,0.006,0.000,0.003
19970,0.004,0.006,0.000,0.003
19971,0.004,0.006,0.000,0.003
19972,0.004,0.006,0.000,0.003
19973,0.004,0.006,0.000,0.003
19974,0.004,0.006,0.000,0.003
19975,0.004,0.006,0.000,0.003
19976,0.004,0.006,0.000,0.003
19977,0.004,0.006,0.000,0.003
19978,0.004,0.006,0.000,0.003
19979,0.004,0.006,0.000,0.003
19980,0.004,0.006,0.000,0.003
19981,0.004,0.006,0.000,0.003
19982,0.004,0.006,0.000,0.003
19983,0.004,0.006,0.000,0.003
19984,0.004,0.006,0.000,0.003
19985,0.004,0.006,0.000,0.003
19986,0.004,0.006,0.000,0.003
19987,0.004,0.006,0.000,0.003
19988,0.004,0.006,0.000,0.003
19989,0.004,0.006,0.000,0.003
19990,0.004,0.006,0.000,0.003
19991,0.004,0.006,0.000,0.003
19992,0.004,0.006,0.000,0.003
19993,0.004,0.006,0.000,0.003
19994,0.004,0.006,0.000,0.003
19995,0.004,0.006,0.000,0.003
19996,0.004,0.006,0.000,0.003
19997,0.004,0.006,0.000,0.003
19998,0.004,0.006,0.000,0.003
19999,0.004,0.006,0.000,0.003
20000,0.004,0.006,0.000,0.003
20001,0.004,0.006,0.000,0.003
20002,0.004,0.006,0.000,0.003
20003,0.004,0.006,0.000,0.003
20004,0.004,0.006,0.000,0.003
20005,0.004,0.006,0.000,0.003
20006,0.004,0.006,0.000,0.003
20007,0.004,0.006,0.000,0.003
20008,0.004,0.006,0.000,0.003
20009,0.004,0.006,0.000,0.003
20010,0.004,0.006,0.000,0.003
20011,0.004,0.006,0.000,0.003
20012,0.004,0.006,0.000,0.003
20013,0.004,0.006,0.000,0.003
20014,0.004,0.006,0.000,0.003
20015,0.004,0.006,0.000,0.003
20016,0.004,0.006,0.000,0.003
20017,0.004,0.006,0.000,0.003
20018,0.004,0.006,0.000,0.003
20019,0.004,0.006,0.000,0.003
20020,0.004,0.006,0.000,0.003
20021,0.004,0.006,0.000,0.003
20022,0.004,0.006,0.000,0.003
20023,0.004,0.006,0.000,0.003
20024,0.004,0.006,0.000,0.003
20025,0.004,0.006,0.000,0.003
20026,0.004,0.006,0.000,0.003
20027,0.004,0.006,0.000,0.003
20028,0.004,0.006,0.000,0.003
20029,0.004,0.006,0.000,0.003
20030,0.004,0.006,0.000,0.003
20031,0.004,0.006,0.000,0.003
20032,0.004,0.006,0.000,0.003
20033,0.004,0.006,0.000,0.003
20034,0.004,0.006,0.000,0.003
20035,0.004,0.006,0.000,0.003
20036,0.004,0.006,0.000,0.003
20037,0.004,0.006,0.000,0.003
20038,0.004,0.006,0.000,0.003
20039,0.004,0.006,0.000,0.003
20040,0.004,0.006,0.000,0.003
20041,0.004,0.006,0.000,0.003
20042,0.004,0.006,0.000,0.003
20043,0.004,0.006,0.000,0.003
20044,0.004,0.006,0.000,0.003
20045,0.004,0.006,0.000,0.003
20046,0.004,0.006,0.000,0.003
20047,0.004,0.006,0.000,0.003
20048,0.004,0.006,0.000,0.003
20049,0.004,0.006,0.000,0.003
20050,0.004,0.006,0.000,0.003
20051,0.004,0.006,0.000,0.003
20052,0.004,0.006,0.000,0.003
20053,0.004,0.006,0.000,0.003
20054,0.004,0.006,0.000,0.003
20055,0.004,0.006,0.000,0.003
20056,0.004,0.006,0.000,0.003
20057,0.004,0.006,0.000,0.003
20058,0.004,0.006,0.000,0.003
20059,0.004,0.006,0.000,0.003
20060,0.004,0.006,0.000,0.003
20061,0.004,0.006,0.000,0.003
20062,0.004,0.006,0.000,0.003
20063,0.004,0.006,0.000,0.003
20064,0.004,0.006,0.000,0.003
20065,0.004,0.006,0.000,0.003
20066,0.004,0.006,0.000,0.003
20067,0.004,0.006,0.000,0.003
20068,0.004,0.006,0.000,0.003
20069,0.004,0.006,0.000,0.003
20070,0.004,0.006,0.000,0.003
20071,0.004,0.006,0.000,0.003
20072,0.004,0.006,0.000,0.003
20073,0.004,0.006,0.000,0.003
20074,0.004,0.006,0.000,0.003
20075,0.004,0.006,0.000,0.003
20076,0.004,0.006,0.000,0.003
20077,0.004,0.006,0.000,0.003
20078,0.004,0.006,0.000,0.003
20079,0.004,0.006,0.000,0.003
20080,0.004,0.006,0.000,0.003
20081,0.004,0.006,0.000,0.003
20082,0.004,0.006,0.000,0.003
20083,0.004,0.006,0.000,0.003
20084,0.004,0.006,0.000,0.003
20085,0.004,0.006,0.000,0.003
20086,0.004,0.006,0.000,0.003
20087,0.004,0.006,0.000,0.003
20088,0.004,0.006,0.000,0.003
20089,0.004,0.006,0.000,0.003
20090,0.004,0.006,0.000,0.003
20091,0.004,0.006,0.000,0.003
20092,0.004,0.006,0.000,0.003
20093,0.004,0.006,0.000,0.003
20094,0.004,0.006,0.000,0.003
20095,0.004,0.006,0.000,0.003
20096,0.004,0.006,0.000,0.003
20097,0.004,0.006,0.000,0.003
20098,0.004,0.006,0.000,0.003
20099,0.004,0.006,0.000,0.003
20100,0.004,0.006,0.000,0.003
20101,0.004,0.006,0.000,0.003
20102,0.004,0.006,0.000,0.003
20103,0.004,0.006,0.000,0.003
20104,0.004,0.006,0.000,0.003
20105,0.004,0.006,0.000,0.003
20106,0.004,0.006,0.000,0.003
20107,0.004,0.006,0.000,0.003
20108,0.004,0.006,0.000,0.003
20109,0.004,0.006,0.000,0.003
20110,0.004,0.006,0.000,0.003
20111,0.004,0.006,0.000,0.003
20112,0.004,0.006,0.000,0.003
20113,0.004,0.006,0.000,0.003
20114,0.004,0.006,0.000,0.003
20115,0.004,0.006,0.000,0.003
20116,0.004,0.006,0.000,0.003
20117,0.004,0.006,0.000,0.003
20118,0.004,0.006,0.000,0.003
20119,0.004,0.006,0.000,0.003
20120,0.004,0.006,0.000,0.003
20121,0.004,0.006,0.000,0.003
20122,0.004,0.006,0.000,0.003
20123,0.004,0.006,0.000,0.003
20124,0.004,0.006,0.000,0.003
20125,0.004,0.006,0.000,0.003
20126,0.004,0.006,0.000,0.003
20127,0.004,0.006,0.000,0.003
20128,0.004,0.006,0.000,0.003
20129,0.004,0.006,0.000,0.003
20130,0.004,0.006,0.000,0.003
20131,0.004,0.006,0.000,0.003
20132,0.004,0.006,0.000,0.003
20133,0.004,0.006,0.000,0.003
20134,0.004,0.006,0.000,0.003
20135,0.004,0.006,0.000,0.003
20136,0.004,0.006,0.000,0.003
20137,0.004,0.006,0.000,0.003
20138,0.004,0.006,0.000,0.003
20139,0.004,0.006,0.000,0.003
20140,0.004,0.006,0.000,0.003
20141,0.004,0.006,0.000,0.003
20142,0.004,0.006,0.000,0.003
20143,0.004,0.006,0.000,0.003
20144,0.004,0.006,0.000,0.003
20145,0.004,0.006,0.000,0.003
20146,0.004,0.006,0.000,0.003
20147,0.004,0.006,0.000,0.003
20148,0.004,0.006,0.000,0.003
20149,0.004,0.006,0.000,0.003
20150,0.004,0.006,0.000,0.003
20151,0.004,0.006,0.000,0.003
20152,0.004,0.006,0.000,0.003
20153,0.004,0.006,0.000,0.003
20154,0.004,0.006,0.000,0.003
20155,0.004,0.006,0.000,0.003
20156,0.004,0.006,0.000,0.003
20157,0.004,0.006,0.000,0.003
20158,0.004,0.006,0.000,0.003
20159,0.004,0.006,0.000,0.003
20160,0.004,0.006,0.000,0.003
20161,0.004,0.006,0.000,0.003
20162,0.004,0.006,0.000,0.003
20163,0.004,0.006,0.000,0.003
20164,0.004,0.006,0.000,0.003
20165,0.004,0.006,0.000,0.003
20166,0.004,0.006,0.000,0.003
20167,0.004,0.006,0.000,0.003
20168,0.004,0.006,0.000,0.003
20169,0.004,0.006,0.000,0.003
20170,0.004,0.006,0.000,0.003
20171,0.004,0.006,0.000,0.003
20172,0.004,0.006,0.000,0.003
20173,0.004,0.006,0.000,0.003
20174,0.004,0.006,0.000,0.003
20175,0.004,0.006,0.000,0.003
20176,0.004,0.006,0.000,0.003
20177,0.004,0.006,0.000,0.003
20178,0.004,0.006,0.000,0.003
20179,0.004,0.006,0.000,0.003
20180,0.004,0.006,0.000,0.003
20181,0.004,0.006,0.000,0.003
20182,0.004,0.006,0.000,0.003
20183,0.004,0.006,0.000,0.003
20184,0.004,0.006,0.000,0.003
20185,0.004,0.006,0.000,0.003
20186,0.004,0.006,0.000,0.003
20187,0.004,0.006,0.000,0.003
20188,0.004,0.006,0.000,0.003
20189,0.004,0.006,0.000,0.003
20190,0.004,0.006,0.000,0.003
20191,0.004,0.006,0.000,0.003
20192,0.004,0.006,0.000,0.003
20193,0.004,0.006,0.000,0.003
20194,0.004,0.006,0.000,0.003
20195,0.004,0.006,0.000,0.003
20196,0.004,0.006,0.000,0.003
20197,0.004,0.006,0.000,0.003
20198,0.004,0.006,0.000,0.003
20199,0.004,0.006,0.000,0.003
20200,0.004,0.006,0.000,0.003
20201,0.004,0.006,0.000,0.003
20202,0.004,0.006,0.000,0.003
20203,0.004,0.006,0.000,0.003
20204,0.004,0.006,0.000,0.003
20205,0.004,0.006,0.000,0.003
20206,0.004,0.006,0.000,0.003
20207,0.004,0.006,0.000,0.003
20208,0.004,0.006,0.000,0.003
20209,0.004,0.006,0.000,0.003
20210,0.004,0.006,0.000,0.003
20211,0.004,0.006,0.000,0.003
20212,0.004,0.006,0.000,0.003
20213,0.004,0.006,0.000,0.003
20214,0.004,0.006,0.000,0.003
20215,0.004,0.006,0.000,0.003
20216,0.004,0.006,0.000,0.003
20217,0.004,0.006,0.000,0.003
20218,0.004,0.006,0.000,0.003
20219,0.004,0.006,0.000,0.003
20220,0.004,0.006,0.000,0.003
20221,0.004,0.006,0.000,0.003
20222,0.004,0.006,0.000,0.003
20223,0.004,0.006,0.000,0.003
20224,0.004,0.006,0.000,0.003
20225,0.004,0.006,0.000,0.003
20226,0.004,0.006,0.000,0.003
20227,0.004,0.006,0.000,0.003
20228,0.004,0.006,0.000,0.003
20229,0.004,0.006,0.000,0.003
20230,0.004,0.006,0.000,0.003
20231,0.004,0.006,0.000,0.003
20232,0.004,0.006,0.000,0.003
20233,0.004,0.006,0.000,0.003
20234,0.004,0.006,0.000,0.003
20235,0.004,0.006,0.000,0.003
20236,0.004,0.006,0.000,0.003
20237,0.004,0.006,0.000,0.003
20238,0.004,0.006,0.000,0.003
20239,0.004,0.006,0.000,0.003
20240,0.004,0.006,0.000,0.003
20241,0.004,0.006,0.000,0.003
20242,0.004,0.006,0.000,0.003
20243,0.004,0.006,0.000,0.003
20244,0.004,0.006,0.000,0.003
20245,0.004,0.006,0.000,0.003
20246,0.004,0.006,0.000,0.003
20247,0.004,0.006,0.000,0.003
20248,0.004,0.006,0.000,0.003
20249,0.004,0.006,0.000,0.003
20250,0.004,0.006,0.000,0.003
20251,0.004,0.006,0.000,0.003
20252,0.004,0.006,0.000,0.003
20253,0.004,0.006,0.000,0.003
20254,0.004,0.006,0.000,0.003
20255,0.004,0.006,0.000,0.003
20256,0.004,0.006,0.000,0.003
20257,0.004,0.006,0.000,0.003
20258,0.004,0.006,0.000,0.003
20259,0.004,0.006,0.000,0.003
20260,0.004,0.006,0.000,0.003
20261,0.004,0.006,0.000,0.003
20262,0.004,0.006,0.000,0.003
20263,0.004,0.006,0.000,0.003
20264,0.004,0.006,0.000,0.003
20265,0.004,0.006,0.000,0.003
20266,0.004,0.006,0.000,0.003
20267,0.004,0.006,0.000,0.003
20268,0.004,0.006,0.000,0.003
20269,0.004,0.006,0.000,0.003
20270,0.004,0.006,0.000,0.003
20271,0.004,0.006,0.000,0.003
20272,0.004,0.006,0.000,0.003
20273,0.004,0.006,0.000,0.003
20274,0.004,0.006,0.000,0.003
20275,0.004,0.006,0.000,0.003
20276,0.004,0.006,0.000,0.003
20277,0.004,0.006,0.000,0.003
20278,0.004,0.006,0.000,0.003
20279,0.004,0.006,0.000,0.003
20280,0.004,0.006,0.000,0.003
20281,0.004,0.006,0.000,0.003
20282,0.004,0.006,0.000,0.003
20283,0.004,0.006,0.000,0.003
20284,0.004,0.006,0.000,0.003
20285,0.004,0.006,0.000,0.003
20286,0.004,0.006,0.000,0.003
20287,0.004,0.006,0.000,0.003
20288,0.004,0.006,0.000,0.003
20289,0.004,0.006,0.000,0.003
20290,0.004,0.006,0.000,0.003
20291,0.004,0.006,0.000,0.003
20292,0.004,0.006,0.000,0.003
20293,0.004,0.006,0.000,0.003
20294,0.004,0.006,0.000,0.003
20295,0.004,0.006,0.000,0.003
20296,0.004,0.006,0.000,0.003
20297,0.004,0.006,0.000,0.003
20298,0.004,0.006,0.000,0.003
20299,0.004,0.006,0.000,0.003
20300,0.004,0.006,0.000,0.003
20301,0.004,0.006,0.000,0.003
20302,0.004,0.006,0.000,0.003
20303,0.004,0.006,0.000,0.003
20304,0.004,0.006,0.000,0.003
20305,0.004,0.006,0.000,0.003
20306,0.004,0.006,0.000,0.003
20307,0.004,0.006,0.000,0.003
20308,0.004,0.006,0.000,0.003
20309,0.004,0.006,0.000,0.003
20310,0.004,0.006,0.000,0.003
20311,0.004,0.006,0.000,0.003
20312,0.004,0.006,0.000,0.003
20313,0.004,0.006,0.000,0.003
20314,0.004,0.006,0.000,0.003
20315,0.004,0.006,0.000,0.003
20316,0.004,0.006,0.000,0.003
20317,0.004,0.006,0.000,0.003
20318,0.004,0.006,0.000,0.003
20319,0.004,0.006,0.000,0.003
20320,0.004,0.006,0.000,0.003
20321,0.004,0.006,0.000,0.003
20322,0.004,0.006,0.000,0.003
20323,0.004,0.006,0.000,0.003
20324,0.004,0.006,0.000,0.003
20325,0.004,0.006,0.000,0.003
20326,0.004,0.006,0.000,0.003
20327,0.004,0.006,0.000,0.003
20328,0.004,0.006,0.000,0.003
20329,0.004,0.006,0.000,0.003
20330,0.004,0.006,0.000,0.003
20331,0.004,0.006,0.000,0.003
20332,0.004,0.006,0.000,0.003
20333,0.004,0.006,0.000,0.003
20334,0.004,0.006,0.000,0.003
20335,0.004,0.006,0.000,0.003
20336,0.004,0.006,0.000,0.003
20337,0.004,0.006,0.000,0.003
20338,0.004,0.006,0.000,0.003
20339,0.004,0.006,0.000,0.003
20340,0.004,0.006,0.000,0.003
20341,0.004,0.006,0.000,0.003
20342,0.004,0.006,0.000,0.003
20343,0.004,0.006,0.000,0.003
20344,0.004,0.006,0.000,0.003
20345,0.004,0.006,0.000,0.003
20346,0.004,0.006,0.000,0.003
20347,0.004,0.006,0.000,0.003
20348,0.004,0.006,0.000,0.003
20349,0.004,0.006,0.000,0.003
20350,0.004,0.006,0.000,0.003
20351,0.004,0.006,0.000,0.003
20352,0.004,0.006,0.000,0.003
20353,0.004,0.006,0.000,0.003
20354,0.004,0.006,0.000,0.003
20355,0.004,0.006,0.000,0.003
20356,0.004,0.006,0.000,0.003
20357,0.004,0.006,0.000,0.003
20358,0.004,0.006,0.000,0.003
20359,0.004,0.006,0.000,0.003
20360,0.004,0.006,0.000,0.003
20361,0.004,0.006,0.000,0.003
20362,0.004,0.006,0.000,0.003
20363,0.004,0.006,0.000,0.003
20364,0.004,0.006,0.000,0.003
20365,0.004,0.006,0.000,0.003
20366,0.004,0.006,0.000,0.003
20367,0.004,0.006,0.000,0.003
20368,0.004,0.006,0.000,0.003
20369,0.004,0.006,0.000,0.003
20370,0.004,0.006,0.000,0.003
20371,0.004,0.006,0.000,0.003
20372,0.004,0.006,0.000,0.003
20373,0.004,0.006,0.000,0.003
20374,0.004,0.006,0.000,0.003
20375,0.004,0.006,0.000,0.003
20376,0.004,0.006,0.000,0.003
20377,0.004,0.006,0.000,0.003
20378,0.004,0.006,0.000,0.003
20379,0.004,0.006,0.000,0.003
20380,0.004,0.006,0.000,0.003
20381,0.004,0.006,0.000,0.003
20382,0.004,0.006,0.000,0.003
20383,0.004,0.006,0.000,0.003
20384,0.004,0.006,0.000,0.003
20385,0.004,0.006,0.000,0.003
20386,0.004,0.006,0.000,0.003
20387,0.004,0.006,0.000,0.003
20388,0.004,0.006,0.000,0.003
20389,0.004,0.006,0.000,0.003
20390,0.004,0.006,0.000,0.003
20391,0.004,0.006,0.000,0.003
20392,0.004,0.006,0.000,0.003
20393,0.004,0.006,0.000,0.003
20394,0.004,0.006,0.000,0.003
20395,0.004,0.006,0.000,0.003
20396,0.004,0.006,0.000,0.003
20397,0.004,0.006,0.000,0.003
20398,0.004,0.006,0.000,0.003
20399,0.004,0.006,0.000,0.003
20400,0.004,0.006,0.000,0.003
20401,0.004,0.006,0.000,0.003
20402,0.004,0.006,0.000,0.003
20403,0.004,0.006,0.000,0.003
20404,0.004,0.006,0.000,0.003
20405,0.004,0.006,0.000,0.003
20406,0.004,0.006,0.000,0.003
20407,0.004,0.006,0.000,0.003
20408,0.004,0.006,0.000,0.003
20409,0.004,0.006,0.000,0.003
20410,0.004,0.006,0.000,0.003
20411,0.004,0.006,0.000,0.003
20412,0.004,0.006,0.000,0.003
20413,0.004,0.006,0.000,0.003
20414,0.004,0.006,0.000,0.003
20415,0.004,0.006,0.000,0.003
20416,0.004,0.006,0.000,0.003
20417,0.004,0.006,0.000,0.003
20418,0.004,0.006,0.000,0.003
20419,0.004,0.006,0.000,0.003
20420,0.004,0.006,0.000,0.003
20421,0.004,0.006,0.000,0.003
20422,0.004,0.006,0.000,0.003
20423,0.004,0.006,0.000,0.003
20424,0.004,0.006,0.000,0.003
20425,0.004,0.006,0.000,0.003
20426,0.004,0.006,0.000,0.003
20427,0.004,0.006,0.000,0.003
20428,0.004,0.006,0.000,0.003
20429,0.004,0.006,0.000,0.003
20430,0.004,0.006,0.000,0.003
20431,0.004,0.006,0.000,0.003
20432,0.004,0.006,0.000,0.003
20433,0.004,0.006,0.000,0.003
20434,0.004,0.006,0.000,0.003
20435,0.004,0.006,0.000,0.003
20436,0.004,0.006,0.000,0.003
20437,0.004,0.006,0.000,0.003
20438,0.004,0.006,0.000,0.003
20439,0.004,0.006,0.000,0.003
20440,0.004,0.006,0.000,0.003
20441,0.004,0.006,0.000,0.003
20442,0.004,0.006,0.000,0.003
20443,0.004,0.006,0.000,0.003
20444,0.004,0.006,0.000,0.003
20445,0.004,0.006,0.000,0.003
20446,0.004,0.006,0.000,0.003
20447,0.004,0.006,0.000,0.003
20448,0.004,0.006,0.000,0.003
20449,0.004,0.006,0.000,0.003
20450,0.004,0.006,0.000,0.003
20451,0.004,0.006,0.000,0.003
20452,0.004,0.006,0.000,0.003
20453,0.004,0.006,0.000,0.003
20454,0.004,0.006,0.000,0.003
20455,0.004,0.006,0.000,0.003
20456,0.004,0.006,0.000,0.003
20457,0.004,0.006,0.000,0.003
20458,0.004,0.006,0.000,0.003
20459,0.004,0.006,0.000,0.003
20460,0.004,0.006,0.000,0.003
20461,0.004,0.006,0.000,0.003
20462,0.004,0.006,0.000,0.003
20463,0.004,0.006,0.000,0.003
20464,0.004,0.006,0.000,0.003
20465,0.004,0.006,0.000,0.003
20466,0.004,0.006,0.000,0.003
20467,0.004,0.006,0.000,0.003
20468,0.004,0.006,0.000,0.003
20469,0.004,0.006,0.000,0.003
20470,0.004,0.006,0.000,0.003
20471,0.004,0.006,0.000,0.003
20472,0.004,0.006,0.000,0.003
20473,0.004,0.006,0.000,0.003
20474,0.004,0.006,0.000,0.003
20475,0.004,0.006,0.000,0.003
20476,0.004,0.006,0.000,0.003
20477,0.004,0.006,0.000,0.003
20478,0.004,0.006,0.000,0.003
20479,0.004,0.006,0.000,0.003
20480,0.004,0.006,0.000,0.003
20481,0.004,0.006,0.000,0.003
20482,0.004,0.006,0.000,0.003
20483,0.004,0.006,0.000,0.003
20484,0.004,0.006,0.000,0.003
20485,0.004,0.006,0.000,0.003
20486,0.004,0.006,0.000,0.003
20487,0.004,0.006,0.000,0.003
20488,0.004,0.006,0.000,0.003
20489,0.004,0.006,0.000,0.003
20490,0.004,0.006,0.000,0.003
20491,0.004,0.006,0.000,0.003
20492,0.004,0.006,0.000,0.003
20493,0.004,0.006,0.000,0.003
20494,0.004,0.006,0.000,0.003
20495,0.004,0.006,0.000,0.003
20496,0.004,0.006,0.000,0.003
20497,0.004,0.006,0.000,0.003
20498,0.004,0.006,0.000,0.003
20499,0.004,0.006,0.000,0.003
20500,0.004,0.006,0.000,0.003
20501,0.004,0.006,0.000,0.003
20502,0.004,0.006,0.000,0.003
20503,0.004,0.006,0.000,0.003
20504,0.004,0.006,0.000,0.003
20505,0.004,0.006,0.000,0.003
20506,0.004,0.006,0.000,0.003
20507,0.004,0.006,0.000,0.003
20508,0.004,0.006,0.000,0.003
20509,0.004,0.006,0.000,0.003
20510,0.004,0.006,0.000,0.003
20511,0.004,0.006,0.000,0.003
20512,0.004,0.006,0.000,0.003
20513,0.004,0.006,0.000,0.003
20514,0.004,0.006,0.000,0.003
20515,0.004,0.006,0.000,0.003
20516,0.004,0.006,0.000,0.003
20517,0.004,0.006,0.000,0.003
20518,0.004,0.006,0.000,0.003
20519,0.004,0.006,0.000,0.003
20520,0.004,0.006,0.000,0.003
20521,0.004,0.006,0.000,0.003
20522,0.004,0.006,0.000,0.003
20523,0.004,0.006,0.000,0.003
20524,0.004,0.006,0.000,0.003
20525,0.004,0.006,0.000,0.003
20526,0.004,0.006,0.000,0.003
20527,0.004,0.006,0.000,0.003
20528,0.004,0.006,0.000,0.003
20529,0.004,0.006,0.000,0.003
20530,0.004,0.006,0.000,0.003
20531,0.004,0.006,0.000,0.003
20532,0.004,0.006,0.000,0.003
20533,0.004,0.006,0.000,0.003
20534,0.004,0.006,0.000,0.003
20535,0.004,0.006,0.000,0.003
20536,0.004,0.006,0.000,0.003
20537,0.004,0.006,0.000,0.003
20538,0.004,0.006,0.000,0.003
20539,0.004,0.006,0.000,0.003
20540,0.004,0.006,0.000,0.003
20541,0.004,0.006,0.000,0.003
20542,0.004,0.006,0.000,0.003
20543,0.004,0.006,0.000,0.003
20544,0.004,0.006,0.000,0.003
20545,0.004,0.006,0.000,0.003
20546,0.004,0.006,0.000,0.003
20547,0.004,0.006,0.000,0.003
20548,0.004,0.006,0.000,0.003
20549,0.004,0.006,0.000,0.003
20550,0.004,0.006,0.000,0.003
20551,0.004,0.006,0.000,0.003
20552,0.004,0.006,0.000,0.003
20553,0.004,0.006,0.000,0.003
20554,0.004,0.006,0.000,0.003
20555,0.004,0.006,0.000,0.003
20556,0.004,0.006,0.000,0.003
20557,0.004,0.006,0.000,0.003
20558,0.004,0.006,0.000,0.003
20559,0.004,0.006,0.000,0.003
20560,0.004,0.006,0.000,0.003
20561,0.004,0.006,0.000,0.003
20562,0.004,0.006,0.000,0.003
20563,0.004,0.006,0.000,0.003
20564,0.004,0.006,0.000,0.003
20565,0.004,0.006,0.000,0.003
20566,0.004,0.006,0.000,0.003
20567,0.004,0.006,0.000,0.003
20568,0.004,0.006,0.000,0.003
20569,0.004,0.006,0.000,0.003
20570,0.004,0.006,0.000,0.003
20571,0.004,0.006,0.000,0.003
20572,0.004,0.006,0.000,0.003
20573,0.004,0.006,0.000,0.003
20574,0.004,0.006,0.000,0.003
20575,0.004,0.006,0.000,0.003
20576,0.004,0.006,0.000,0.003
20577,0.004,0.006,0.000,0.003
20578,0.004,0.006,0.000,0.003
20579,0.004,0.006,0.000,0.003
20580,0.004,0.006,0.000,0.003
20581,0.004,0.006,0.000,0.003
20582,0.004,0.006,0.000,0.003
20583,0.004,0.006,0.000,0.003
20584,0.004,0.006,0.000,0.003
20585,0.004,0.006,0.000,0.003
20586,0.004,0.006,0.000,0.003
20587,0.004,0.006,0.000,0.003
20588,0.004,0.006,0.000,0.003
20589,0.004,0.006,0.000,0.003
20590,0.004,0.006,0.000,0.003
20591,0.004,0.006,0.000,0.003
20592,0.004,0.006,0.000,0.003
20593,0.004,0.006,0.000,0.003
20594,0.004,0.006,0.000,0.003
20595,0.004,0.006,0.000,0.003
20596,0.004,0.006,0.000,0.003
20597,0.004,0.006,0.000,0.003
20598,0.004,0.006,0.000,0.003
20599,0.004,0.006,0.000,0.003
20600,0.004,0.006,0.000,0.003
20601,0.004,0.006,0.000,0.003
20602,0.004,0.006,0.000,0.003
20603,0.004,0.006,0.000,0.003
20604,0.004,0.006,0.000,0.003
20605,0.004,0.006,0.000,0.003
20606,0.004,0.006,0.000,0.003
20607,0.004,0.006,0.000,0.003
20608,0.004,0.006,0.000,0.003
20609,0.004,0.006,0.000,0.003
20610,0.004,0.006,0.000,0.003
20611,0.004,0.006,0.000,0.003
20612,0.004,0.006,0.000,0.003
20613,0.004,0.006,0.000,0.003
20614,0.004,0.006,0.000,0.003
20615,0.004,0.006,0.000,0.003
20616,0.004,0.006,0.000,0.003
20617,0.004,0.006,0.000,0.003
20618,0.004,0.006,0.000,0.003
20619,0.004,0.006,0.000,0.003
20620,0.004,0.006,0.000,0.003
20621,0.004,0.006,0.000,0.003
20622,0.004,0.006,0.000,0.003
20623,0.004,0.006,0.000,0.003
20624,0.004,0.006,0.000,0.003
20625,0.004,0.006,0.000,0.003
20626,0.004,0.006,0.000,0.003
20627,0.004,0.006,0.000,0.003
20628,0.004,0.006,0.000,0.003
20629,0.004,0.006,0.000,0.003
20630,0.004,0.006,0.000,0.003
20631,0.004,0.006,0.000,0.003
20632,0.004,0.006,0.000,0.003
20633,0.004,0.006,0.000,0.003
20634,0.004,0.006,0.000,0.003
20635,0.004,0.006,0.000,0.003
20636,0.004,0.006,0.000,0.003
20637,0.004,0.006,0.000,0.003
20638,0.004,0.006,0.000,0.003
20639,0.004,0.006,0.000,0.003
20640,0.004,0.006,0.000,0.003
20641,0.004,0.006,0.000,0.003
20642,0.004,0.006,0.000,0.003
20643,0.004,0.006,0.000,0.003
20644,0.004,0.006,0.000,0.003
20645,0.004,0.006,0.000,0.003
20646,0.004,0.006,0.000,0.003
20647,0.004,0.006,0.000,0.003
20648,0.004,0.006,0.000,0.003
20649,0.004,0.006,0.000,0.003
20650,0.004,0.006,0.000,0.003
20651,0.004,0.006,0.000,0.003
20652,0.004,0.006,0.000,0.003
20653,0.004,0.006,0.000,0.003
20654,0.004,0.006,0.000,0.003
20655,0.004,0.006,0.000,0.003
20656,0.004,0.006,0.000,0.003
20657,0.004,0.006,0.000,0.003
20658,0.004,0.006,0.000,0.003
20659,0.004,0.006,0.000,0.003
20660,0.004,0.006,0.000,0.003
20661,0.004,0.006,0.000,0.003
20662,0.004,0.006,0.000,0.003
20663,0.004,0.006,0.000,0.003
20664,0.004,0.006,0.000,0.003
20665,0.004,0.006,0.000,0.003
20666,0.004,0.006,0.000,0.003
20667,0.004,0.006,0.000,0.003
20668,0.004,0.006,0.000,0.003
20669,0.004,0.006,0.000,0.003
20670,0.004,0.006,0.000,0.003
20671,0.004,0.006,0.000,0.003
20672,0.004,0.006,0.000,0.003
20673,0.004,0.006,0.000,0.003
20674,0.004,0.006,0.000,0.003
20675,0.004,0.006,0.000,0.003
20676,0.004,0.006,0.000,0.003
20677,0.004,0.006,0.000,0.003
20678,0.004,0.006,0.000,0.003
20679,0.004,0.006,0.000,0.003
20680,0.004,0.006,0.000,0.003
20681,0.004,0.006,0.000,0.003
20682,0.004,0.006,0.000,0.003
20683,0.004,0.006,0.000,0.003
20684,0.004,0.006,0.000,0.003
20685,0.004,0.006,0.000,0.003
20686,0.004,0.006,0.000,0.003
20687,0.004,0.006,0.000,0.003
20688,0.004,0.006,0.000,0.003
20689,0.004,0.006,0.000,0.003
20690,0.004,0.006,0.000,0.003
20691,0.004,0.006,0.000,0.003
20692,0.004,0.006,0.000,0.003
20693,0.004,0.006,0.000,0.003
20694,0.004,0.006,0.000,0.003
20695,0.004,0.006,0.000,0.003
20696,0.004,0.006,0.000,0.003
20697,0.004,0.006,0.000,0.003
20698,0.004,0.006,0.000,0.003
20699,0.004,0.006,0.000,0.003
20700,0.004,0.006,0.000,0.003
20701,0.004,0.006,0.000,0.003
20702,0.004,0.006,0.000,0.003
20703,0.004,0.006,0.000,0.003
20704,0.004,0.006,0.000,0.003
20705,0.004,0.006,0.000,0.003
20706,0.004,0.006,0.000,0.003
20707,0.004,0.006,0.000,0.003
20708,0.004,0.006,0.000,0.003
20709,0.004,0.006,0.000,0.003
20710,0.004,0.006,0.000,0.003
20711,0.004,0.006,0.000,0.003
20712,0.004,0.006,0.000,0.003
20713,0.004,0.006,0.000,0.003
20714,0.004,0.006,0.000,0.003
20715,0.004,0.006,0.000,0.003
20716,0.004,0.006,0.000,0.003
20717,0.004,0.006,0.000,0.003
20718,0.004,0.006,0.000,0.003
20719,0.004,0.006,0.000,0.003
20720,0.004,0.006,0.000,0.003
20721,0.004,0.006,0.000,0.003
20722,0.004,0.006,0.000,0.003
20723,0.004,0.006,0.000,0.003
20724,0.004,0.006,0.000,0.003
20725,0.004,0.006,0.000,0.003
20726,0.004,0.006,0.000,0.003
20727,0.004,0.006,0.000,0.003
20728,0.004,0.006,0.000,0.003
20729,0.004,0.006,0.000,0.003
20730,0.004,0.006,0.000,0.003
20731,0.004,0.006,0.000,0.003
20732,0.004,0.006,0.000,0.003
20733,0.004,0.006,0.000,0.003
20734,0.004,0.006,0.000,0.003
20735,0.004,0.006,0.000,0.003
20736,0.004,0.006,0.000,0.003
20737,0.004,0.006,0.000,0.003
20738,0.004,0.006,0.000,0.003
20739,0.004,0.006,0.000,0.003
20740,0.004,0.006,0.000,0.003
20741,0.004,0.006,0.000,0.003
20742,0.004,0.006,0.000,0.003
20743,0.004,0.006,0.000,0.003
20744,0.004,0.006,0.000,0.003
20745,0.004,0.006,0.000,0.003
20746,0.004,0.006,0.000,0.003
20747,0.004,0.006,0.000,0.003
20748,0.004,0.006,0.000,0.003
20749,0.004,0.006,0.000,0.003
20750,0.004,0.006,0.000,0.003
20751,0.004,0.006,0.000,0.003
20752,0.004,0.006,0.000,0.003
20753,0.004,0.006,0.000,0.003
20754,0.004,0.006,0.000,0.003
20755,0.004,0.006,0.000,0.003
20756,0.004,0.006,0.000,0.003
20757,0.004,0.006,0.000,0.003
20758,0.004,0.006,0.000,0.003
20759,0.004,0.006,0.000,0.003
20760,0.004,0.006,0.000,0.003
20761,0.004,0.006,0.000,0.003
20762,0.004,0.006,0.000,0.003
20763,0.004,0.006,0.000,0.003
20764,0.004,0.006,0.000,0.003
20765,0.004,0.006,0.000,0.003
20766,0.004,0.006,0.000,0.003
20767,0.004,0.006,0.000,0.003
20768,0.004,0.006,0.000,0.003
20769,0.004,0.006,0.000,0.003
20770,0.004,0.006,0.000,0.003
20771,0.004,0.006,0.000,0.003
20772,0.004,0.006,0.000,0.003
20773,0.004,0.006,0.000,0.003
20774,0.004,0.006,0.000,0.003
20775,0.004,0.006,0.000,0.003
20776,0.004,0.006,0.000,0.003
20777,0.004,0.006,0.000,0.003
20778,0.004,0.006,0.000,0.003
20779,0.004,0.006,0.000,0.003
20780,0.004,0.006,0.000,0.003
20781,0.004,0.006,0.000,0.003
20782,0.004,0.006,0.000,0.003
20783,0.004,0.006,0.000,0.003
20784,0.004,0.006,0.000,0.003
20785,0.004,0.006,0.000,0.003
20786,0.004,0.006,0.000,0.003
20787,0.004,0.006,0.000,0.003
20788,0.004,0.006,0.000,0.003
20789,0.004,0.006,0.000,0.003
20790,0.004,0.006,0.000,0.003
20791,0.004,0.006,0.000,0.003
20792,0.004,0.006,0.000,0.003
20793,0.004,0.006,0.000,0.003
20794,0.004,0.006,0.000,0.003
20795,0.004,0.006,0.000,0.003
20796,0.004,0.006,0.000,0.003
20797,0.004,0.006,0.000,0.003
20798,0.004,0.006,0.000,0.003
20799,0.004,0.006,0.000,0.003
20800,0.004,0.006,0.000,0.003
20801,0.004,0.006,0.000,0.003
20802,0.004,0.006,0.000,0.003
20803,0.004,0.006,0.000,0.003
20804,0.004,0.006,0.000,0.003
20805,0.004,0.006,0.000,0.003
20806,0.004,0.006,0.000,0.003
20807,0.004,0.006,0.000,0.003
20808,0.004,0.006,0.000,0.003
20809,0.004,0.006,0.000,0.003
20810,0.004,0.006,0.000,0.003
20811,0.004,0.006,0.000,0.003
20812,0.004,0.006,0.000,0.003
20813,0.004,0.006,0.000,0.003
20814,0.004,0.006,0.000,0.003
20815,0.004,0.006,0.000,0.003
20816,0.004,0.006,0.000,0.003
20817,0.004,0.006,0.000,0.003
20818,0.004,0.006,0.000,0.003
20819,0.004,0.006,0.000,0.003
20820,0.004,0.006,0.000,0.003
20821,0.004,0.006,0.000,0.003
20822,0.004,0.006,0.000,0.003
20823,0.004,0.006,0.000,0.003
20824,0.004,0.006,0.000,0.003
20825,0.004,0.006,0.000,0.003
20826,0.004,0.006,0.000,0.003
20827,0.004,0.006,0.000,0.003
20828,0.004,0.006,0.000,0.003
20829,0.004,0.006,0.000,0.003
20830,0.004,0.006,0.000,0.003
20831,0.004,0.006,0.000,0.003
20832,0.004,0.006,0.000,0.003
20833,0.004,0.006,0.000,0.003
20834,0.004,0.006,0.000,0.003
20835,0.004,0.006,0.000,0.003
20836,0.004,0.006,0.000,0.003
20837,0.004,0.006,0.000,0.003
20838,0.004,0.006,0.000,0.003
20839,0.004,0.006,0.000,0.003
20840,0.004,0.006,0.000,0.003
20841,0.004,0.006,0.000,0.003
20842,0.004,0.006,0.000,0.003
20843,0.004,0.006,0.000,0.003
20844,0.004,0.006,0.000,0.003
20845,0.004,0.006,0.000,0.003
20846,0.004,0.006,0.000,0.003
20847,0.004,0.006,0.000,0.003
20848,0.004,0.006,0.000,0.003
20849,0.004,0.006,0.000,0.003
20850,0.004,0.006,0.000,0.003
20851,0.004,0.006,0.000,0.003
20852,0.004,0.006,0.000,0.003
20853,0.004,0.006,0.000,0.003
20854,0.004,0.006,0.000,0.003
20855,0.004,0.006,0.000,0.003
20856,0.004,0.006,0.000,0.003
20857,0.004,0.006,0.000,0.003
20858,0.004,0.006,0.000,0.003
20859,0.004,0.006,0.000,0.003
20860,0.004,0.006,0.000,0.003
20861,0.004,0.006,0.000,0.003
20862,0.004,0.006,0.000,0.003
20863,0.004,0.006,0.000,0.003
20864,0.004,0.006,0.000,0.003
20865,0.004,0.006,0.000,0.003
20866,0.004,0.006,0.000,0.003
20867,0.004,0.006,0.000,0.003
20868,0.004,0.006,0.000,0.003
20869,0.004,0.006,0.000,0.003
20870,0.004,0.006,0.000,0.003
20871,0.004,0.006,0.000,0.003
20872,0.004,0.006,0.000,0.003
20873,0.004,0.006,0.000,0.003
20874,0.004,0.006,0.000,0.003
20875,0.004,0.006,0.000,0.003
20876,0.004,0.006,0.000,0.003
20877,0.004,0.006,0.000,0.003
20878,0.004,0.006,0.000,0.003
20879,0.004,0.006,0.000,0.003
20880,0.004,0.006,0.000,0.003
20881,0.004,0.006,0.000,0.003
20882,0.004,0.006,0.000,0.003
20883,0.004,0.006,0.000,0.003
20884,0.004,0.006,0.000,0.003
20885,0.004,0.006,0.000,0.003
20886,0.004,0.006,0.000,0.003
20887,0.004,0.006,0.000,0.003
20888,0.004,0.006,0.000,0.003
20889,0.004,0.006,0.000,0.003
20890,0.004,0.006,0.000,0.003
20891,0.004,0.006,0.000,0.003
20892,0.004,0.006,0.000,0.003
20893,0.004,0.006,0.000,0.003
20894,0.004,0.006,0.000,0.003
20895,0.004,0.006,0.000,0.003
20896,0.004,0.006,0.000,0.003
20897,0.004,0.006,0.000,0.003
20898,0.004,0.006,0.000,0.003
20899,0.004,0.006,0.000,0.003
20900,0.004,0.006,0.000,0.003
20901,0.004,0.006,0.000,0.003
20902,0.004,0.006,0.000,0.003
20903,0.004,0.006,0.000,0.003
20904,0.004,0.006,0.000,0.003
20905,0.004,0.006,0.000,0.003
20906,0.004,0.006,0.000,0.003
20907,0.004,0.006,0.000,0.003
20908,0.004,0.006,0.000,0.003
20909,0.004,0.006,0.000,0.003
20910,0.004,0.006,0.000,0.003
20911,0.004,0.006,0.000,0.003
20912,0.004,0.006,0.000,0.003
20913,0.004,0.006,0.000,0.003
20914,0.004,0.006,0.000,0.003
20915,0.004,0.006,0.000,0.003
20916,0.004,0.006,0.000,0.003
20917,0.004,0.006,0.000,0.003
20918,0.004,0.006,0.000,0.003
20919,0.004,0.006,0.000,0.003
20920,0.004,0.006,0.000,0.003
20921,0.004,0.006,0.000,0.003
20922,0.004,0.006,0.000,0.003
20923,0.004,0.006,0.000,0.003
20924,0.004,0.006,0.000,0.003
20925,0.004,0.006,0.000,0.003
20926,0.004,0.006,0.000,0.003
20927,0.004,0.006,0.000,0.003
20928,0.004,0.006,0.000,0.003
20929,0.004,0.006,0.000,0.003
20930,0.004,0.006,0.000,0.003
20931,0.004,0.006,0.000,0.003
20932,0.004,0.006,0.000,0.003
20933,0.004,0.006,0.000,0.003
20934,0.004,0.006,0.000,0.003
20935,0.004,0.006,0.000,0.003
20936,0.004,0.006,0.000,0.003
20937,0.004,0.006,0.000,0.003
20938,0.004,0.006,0.000,0.003
20939,0.004,0.006,0.000,0.003
20940,0.004,0.006,0.000,0.003
20941,0.004,0.006,0.000,0.003
20942,0.004,0.006,0.000,0.003
20943,0.004,0.006,0.000,0.003
20944,0.004,0.006,0.000,0.003
20945,0.004,0.006,0.000,0.003
20946,0.004,0.006,0.000,0.003
20947,0.004,0.006,0.000,0.003
20948,0.004,0.006,0.000,0.003
20949,0.004,0.006,0.000,0.003
20950,0.004,0.006,0.000,0.003
20951,0.004,0.006,0.000,0.003
20952,0.004,0.006,0.000,0.003
20953,0.004,0.006,0.000,0.003
20954,0.004,0.006,0.000,0.003
20955,0.004,0.006,0.000,0.003
20956,0.004,0.006,0.000,0.003
20957,0.004,0.006,0.000,0.003
20958,0.004,0.006,0.000,0.003
20959,0.004,0.006,0.000,0.003
20960,0.004,0.006,0.000,0.003
20961,0.004,0.006,0.000,0.003
20962,0.004,0.006,0.000,0.003
20963,0.004,0.006,0.000,0.003
20964,0.004,0.006,0.000,0.003
20965,0.004,0.006,0.000,0.003
20966,0.004,0.006,0.000,0.003
20967,0.004,0.006,0.000,0.003
20968,0.004,0.006,0.000,0.003
20969,0.004,0.006,0.000,0.003
20970,0.004,0.006,0.000,0.003
20971,0.004,0.006,0.000,0.003
20972,0.004,0.006,0.000,0.003
20973,0.004,0.006,0.000,0.003
20974,0.004,0.006,0.000,0.003
20975,0.004,0.006,0.000,0.003
20976,0.004,0.006,0.000,0.003
20977,0.004,0.006,0.000,0.003
20978,0.004,0.006,0.000,0.003
20979,0.004,0.006,0.000,0.003
20980,0.004,0.006,0.000,0.003
20981,0.004,0.006,0.000,0.003
20982,0.004,0.006,0.000,0.003
20983,0.004,0.006,0.000,0.003
20984,0.004,0.006,0.000,0.003
20985,0.004,0.006,0.000,0.003
20986,0.004,0.006,0.000,0.003
20987,0.004,0.006,0.000,0.003
20988,0.004,0.006,0.000,0.003
20989,0.004,0.006,0.000,0.003
20990,0.004,0.006,0.000,0.003
20991,0.004,0.006,0.000,0.003
20992,0.004,0.006,0.000,0.003
20993,0.004,0.006,0.000,0.003
20994,0.004,0.006,0.000,0.003
20995,0.004,0.006,0.000,0.003
20996,0.004,0.006,0.000,0.003
20997,0.004,0.006,0.000,0.003
20998,0.004,0.006,0.000,0.003
20999,0.004,0.006,0.000,0.003
21000,0.004,0.006,0.000,0.003
21001,0.004,0.006,0.000,0.003
21002,0.004,0.006,0.000,0.003
21003,0.004,0.006,0.000,0.003
21004,0.004,0.006,0.000,0.003
21005,0.004,0.006,0.000,0.003
21006,0.004,0.006,0.000,0.003
21007,0.004,0.006,0.000,0.003
21008,0.004,0.006,0.000,0.003
21009,0.004,0.006,0.000,0.003
21010,0.004,0.006,0.000,0.003
21011,0.004,0.006,0.000,0.003
21012,0.004,0.006,0.000,0.003
21013,0.004,0.006,0.000,0.003
21014,0.004,0.006,0.000,0.003
21015,0.004,0.006,0.000,0.003
21016,0.004,0.006,0.000,0.003
21017,0.004,0.006,0.000,0.003
21018,0.004,0.006,0.000,0.003
21019,0.004,0.006,0.000,0.003
21020,0.004,0.006,0.000,0.003
21021,0.004,0.006,0.000,0.003
21022,0.004,0.006,0.000,0.003
21023,0.004,0.006,0.000,0.003
21024,0.004,0.006,0.000,0.003
21025,0.004,0.006,0.000,0.003
21026,0.004,0.006,0.000,0.003
21027,0.004,0.006,0.000,0.003
21028,0.004,0.006,0.000,0.003
21029,0.004,0.006,0.000,0.003
21030,0.004,0.006,0.000,0.003
21031,0.004,0.006,0.000,0.003
21032,0.004,0.006,0.000,0.003
21033,0.004,0.006,0.000,0.003
21034,0.004,0.006,0.000,0.003
21035,0.004,0.006,0.000,0.003
21036,0.004,0.006,0.000,0.003
21037,0.004,0.006,0.000,0.003
21038,0.004,0.006,0.000,0.003
21039,0.004,0.006,0.000,0.003
21040,0.004,0.006,0.000,0.003
21041,0.004,0.006,0.000,0.003
21042,0.004,0.006,0.000,0.003
21043,0.004,0.006,0.000,0.003
21044,0.004,0.006,0.000,0.003
21045,0.004,0.006,0.000,0.003
21046,0.004,0.006,0.000,0.003
21047,0.004,0.006,0.000,0.003
21048,0.004,0.006,0.000,0.003
21049,0.004,0.006,0.000,0.003
21050,0.004,0.006,0.000,0.003
21051,0.004,0.006,0.000,0.003
21052,0.004,0.006,0.000,0.003
21053,0.004,0.006,0.000,0.003
21054,0.004,0.006,0.000,0.003
21055,0.004,0.006,0.000,0.003
21056,0.004,0.006,0.000,0.003
21057,0.004,0.006,0.000,0.003
21058,0.004,0.006,0.000,0.003
21059,0.004,0.006,0.000,0.003
21060,0.004,0.006,0.000,0.003
21061,0.004,0.006,0.000,0.003
21062,0.004,0.006,0.000,0.003
21063,0.004,0.006,0.000,0.003
21064,0.004,0.006,0.000,0.003
21065,0.004,0.006,0.000,0.003
21066,0.004,0.006,0.000,0.003
21067,0.004,0.006,0.000,0.003
21068,0.004,0.006,0.000,0.003
21069,0.004,0.006,0.000,0.003
21070,0.004,0.006,0.000,0.003
21071,0.004,0.006,0.000,0.003
21072,0.004,0.006,0.000,0.003
21073,0.004,0.006,0.000,0.003
21074,0.004,0.006,0.000,0.003
21075,0.004,0.006,0.000,0.003
21076,0.004,0.006,0.000,0.003
21077,0.004,0.006,0.000,0.003
21078,0.004,0.006,0.000,0.003
21079,0.004,0.006,0.000,0.003
21080,0.004,0.006,0.000,0.003
21081,0.004,0.006,0.000,0.003
21082,0.004,0.006,0.000,0.003
21083,0.004,0.006,0.000,0.003
21084,0.004,0.006,0.000,0.003
21085,0.004,0.006,0.000,0.003
21086,0.004,0.006,0.000,0.003
21087,0.004,0.006,0.000,0.003
21088,0.004,0.006,0.000,0.003
21089,0.004,0.006,0.000,0.003
21090,0.004,0.006,0.000,0.003
21091,0.004,0.006,0.000,0.003
21092,0.004,0.006,0.000,0.003
21093,0.004,0.006,0.000,0.003
21094,0.004,0.006,0.000,0.003
21095,0.004,0.006,0.000,0.003
21096,0.004,0.006,0.000,0.003
21097,0.004,0.006,0.000,0.003
21098,0.004,0.006,0.000,0.003
21099,0.004,0.006,0.000,0.003
21100,0.004,0.006,0.000,0.003
21101,0.004,0.006,0.000,0.003
21102,0.004,0.006,0.000,0.003
21103,0.004,0.006,0.000,0.003
21104,0.004,0.006,0.000,0.003
21105,0.004,0.006,0.000,0.003
21106,0.004,0.006,0.000,0.003
21107,0.004,0.006,0.000,0.003
21108,0.004,0.006,0.000,0.003
21109,0.004,0.006,0.000,0.003
21110,0.004,0.006,0.000,0.003
21111,0.004,0.006,0.000,0.003
21112,0.004,0.006,0.000,0.003
21113,0.004,0.006,0.000,0.003
21114,0.004,0.006,0.000,0.003
21115,0.004,0.006,0.000,0.003
21116,0.004,0.006,0.000,0.003
21117,0.004,0.006,0.000,0.003
21118,0.004,0.006,0.000,0.003
21119,0.004,0.006,0.000,0.003
21120,0.004,0.006,0.000,0.003
21121,0.004,0.006,0.000,0.003
21122,0.004,0.006,0.000,0.003
21123,0.004,0.006,0.000,0.003
21124,0.004,0.006,0.000,0.003
21125,0.004,0.006,0.000,0.003
21126,0.004,0.006,0.000,0.003
21127,0.004,0.006,0.000,0.003
21128,0.004,0.006,0.000,0.003
21129,0.004,0.006,0.000,0.003
21130,0.004,0.006,0.000,0.003
21131,0.004,0.006,0.000,0.003
21132,0.004,0.006,0.000,0.003
21133,0.004,0.006,0.000,0.003
21134,0.004,0.006,0.000,0.003
21135,0.004,0.006,0.000,0.003
21136,0.004,0.006,0.000,0.003
21137,0.004,0.006,0.000,0.003
21138,0.004,0.006,0.000,0.003
21139,0.004,0.006,0.000,0.003
21140,0.004,0.006,0.000,0.003
21141,0.004,0.006,0.000,0.003
21142,0.004,0.006,0.000,0.003
21143,0.004,0.006,0.000,0.003
21144,0.004,0.006,0.000,0.003
21145,0.004,0.006,0.000,0.003
21146,0.004,0.006,0.000,0.003
21147,0.004,0.006,0.000,0.003
21148,0.004,0.006,0.000,0.003
21149,0.004,0.006,0.000,0.003
21150,0.004,0.006,0.000,0.003
21151,0.004,0.006,0.000,0.003
21152,0.004,0.006,0.000,0.003
21153,0.004,0.006,0.000,0.003
21154,0.004,0.006,0.000,0.003
21155,0.004,0.006,0.000,0.003
21156,0.004,0.006,0.000,0.003
21157,0.004,0.006,0.000,0.003
21158,0.004,0.006,0.000,0.003
21159,0.004,0.006,0.000,0.003
21160,0.004,0.006,0.000,0.003
21161,0.004,0.006,0.000,0.003
21162,0.004,0.006,0.000,0.003
21163,0.004,0.006,0.000,0.003
21164,0.004,0.006,0.000,0.003
21165,0.004,0.006,0.000,0.003
21166,0.004,0.006,0.000,0.003
21167,0.004,0.006,0.000,0.003
21168,0.004,0.006,0.000,0.003
21169,0.004,0.006,0.000,0.003
21170,0.004,0.006,0.000,0.003
21171,0.004,0.006,0.000,0.003
21172,0.004,0.006,0.000,0.003
21173,0.004,0.006,0.000,0.003
21174,0.004,0.006,0.000,0.003
21175,0.004,0.006,0.000,0.003
21176,0.004,0.006,0.000,0.003
21177,0.004,0.006,0.000,0.003
21178,0.004,0.006,0.000,0.003
21179,0.004,0.006,0.000,0.003
21180,0.004,0.006,0.000,0.003
21181,0.004,0.006,0.000,0.003
21182,0.004,0.006,0.000,0.003
21183,0.004,0.006,0.000,0.003
21184,0.004,0.006,0.000,0.003
21185,0.004,0.006,0.000,0.003
21186,0.004,0.006,0.000,0.003
21187,0.004,0.006,0.000,0.003
21188,0.004,0.006,0.000,0.003
21189,0.004,0.006,0.000,0.003
21190,0.004,0.006,0.000,0.003
21191,0.004,0.006,0.000,0.003
21192,0.004,0.006,0.000,0.003
21193,0.004,0.006,0.000,0.003
21194,0.004,0.006,0.000,0.003
21195,0.004,0.006,0.000,0.003
21196,0.004,0.006,0.000,0.003
21197,0.004,0.006,0.000,0.003
21198,0.004,0.006,0.000,0.003
21199,0.004,0.006,0.000,0.003
21200,0.004,0.006,0.000,0.003
21201,0.004,0.006,0.000,0.003
21202,0.004,0.006,0.000,0.003
21203,0.004,0.006,0.000,0.003
21204,0.004,0.006,0.000,0.003
21205,0.004,0.006,0.000,0.003
21206,0.004,0.006,0.000,0.003
21207,0.004,0.006,0.000,0.003
21208,0.004,0.006,0.000,0.003
21209,0.004,0.006,0.000,0.003
21210,0.004,0.006,0.000,0.003
21211,0.004,0.006,0.000,0.003
21212,0.004,0.006,0.000,0.003
21213,0.004,0.006,0.000,0.003
21214,0.004,0.006,0.000,0.003
21215,0.004,0.006,0.000,0.003
21216,0.004,0.006,0.000,0.003
21217,0.004,0.006,0.000,0.003
21218,0.004,0.006,0.000,0.003
21219,0.004,0.006,0.000,0.003
21220,0.004,0.006,0.000,0.003
21221,0.004,0.006,0.000,0.003
21222,0.004,0.006,0.000,0.003
21223,0.004,0.006,0.000,0.003
21224,0.004,0.006,0.000,0.003
21225,0.004,0.006,0.000,0.003
21226,0.004,0.006,0.000,0.003
21227,0.004,0.006,0.000,0.003
21228,0.004,0.006,0.000,0.003
21229,0.004,0.006,0.000,0.003
21230,0.004,0.006,0.000,0.003
21231,0.004,0.006,0.000,0.003
21232,0.004,0.006,0.000,0.003
21233,0.004,0.006,0.000,0.003
21234,0.004,0.006,0.000,0.003
21235,0.004,0.006,0.000,0.003
21236,0.004,0.006,0.000,0.003
21237,0.004,0.006,0.000,0.003
21238,0.004,0.006,0.000,0.003
21239,0.004,0.006,0.000,0.003
21240,0.004,0.006,0.000,0.003
21241,0.004,0.006,0.000,0.003
21242,0.004,0.006,0.000,0.003
21243,0.004,0.006,0.000,0.003
21244,0.004,0.006,0.000,0.003
21245,0.004,0.006,0.000,0.003
21246,0.004,0.006,0.000,0.003
21247,0.004,0.006,0.000,0.003
21248,0.004,0.006,0.000,0.003
21249,0.004,0.006,0.000,0.003
21250,0.004,0.006,0.000,0.003
21251,0.004,0.006,0.000,0.003
21252,0.004,0.006,0.000,0.003
21253,0.004,0.006,0.000,0.003
21254,0.004,0.006,0.000,0.003
21255,0.004,0.006,0.000,0.003
21256,0.004,0.006,0.000,0.003
21257,0.004,0.006,0.000,0.003
21258,0.004,0.006,0.000,0.003
21259,0.004,0.006,0.000,0.003
21260,0.004,0.006,0.000,0.003
21261,0.004,0.006,0.000,0.003
21262,0.004,0.006,0.000,0.003
21263,0.004,0.006,0.000,0.003
21264,0.004,0.006,0.000,0.003
21265,0.004,0.006,0.000,0.003
21266,0.004,0.006,0.000,0.003
21267,0.004,0.006,0.000,0.003
21268,0.004,0.006,0.000,0.003
21269,0.004,0.006,0.000,0.003
21270,0.004,0.006,0.000,0.003
21271,0.004,0.006,0.000,0.003
21272,0.004,0.006,0.000,0.003
21273,0.004,0.006,0.000,0.003
21274,0.004,0.006,0.000,0.003
21275,0.004,0.006,0.000,0.003
21276,0.004,0.006,0.000,0.003
21277,0.004,0.006,0.000,0.003
21278,0.004,0.006,0.000,0.003
21279,0.004,0.006,0.000,0.003
21280,0.004,0.006,0.000,0.003
21281,0.004,0.006,0.000,0.003
21282,0.004,0.006,0.000,0.003
21283,0.004,0.006,0.000,0.003
21284,0.004,0.006,0.000,0.003
21285,0.004,0.006,0.000,0.003
21286,0.004,0.006,0.000,0.003
21287,0.004,0.006,0.000,0.003
21288,0.004,0.006,0.000,0.003
21289,0.004,0.006,0.000,0.003
21290,0.004,0.006,0.000,0.003
21291,0.004,0.006,0.000,0.003
21292,0.004,0.006,0.000,0.003
21293,0.004,0.006,0.000,0.003
21294,0.004,0.006,0.000,0.003
21295,0.004,0.006,0.000,0.003
21296,0.004,0.006,0.000,0.003
21297,0.004,0.006,0.000,0.003
21298,0.004,0.006,0.000,0.003
21299,0.004,0.006,0.000,0.003
21300,0.004,0.006,0.000,0.003
21301,0.004,0.006,0.000,0.003
21302,0.004,0.006,0.000,0.003
21303,0.004,0.006,0.000,0.003
21304,0.004,0.006,0.000,0.003
21305,0.004,0.006,0.000,0.003
21306,0.004,0.006,0.000,0.003
21307,0.004,0.006,0.000,0.003
21308,0.004,0.006,0.000,0.003
21309,0.004,0.006,0.000,0.003
21310,0.004,0.006,0.000,0.003
21311,0.004,0.006,0.000,0.003
21312,0.004,0.006,0.000,0.003
21313,0.004,0.006,0.000,0.003
21314,0.004,0.006,0.000,0.003
21315,0.004,0.006,0.000,0.003
21316,0.004,0.006,0.000,0.003
21317,0.004,0.006,0.000,0.003
21318,0.004,0.006,0.000,0.003
21319,0.004,0.006,0.000,0.003
21320,0.004,0.006,0.000,0.003
21321,0.004,0.006,0.000,0.003
21322,0.004,0.006,0.000,0.003
21323,0.004,0.006,0.000,0.003
21324,0.004,0.006,0.000,0.003
21325,0.004,0.006,0.000,0.003
21326,0.004,0.006,0.000,0.003
21327,0.004,0.006,0.000,0.003
21328,0.004,0.006,0.000,0.003
21329,0.004,0.006,0.000,0.003
21330,0.004,0.006,0.000,0.003
21331,0.004,0.006,0.000,0.003
21332,0.004,0.006,0.000,0.003
21333,0.004,0.006,0.000,0.003
21334,0.004,0.006,0.000,0.003
21335,0.004,0.006,0.000,0.003
21336,0.004,0.006,0.000,0.003
21337,0.004,0.006,0.000,0.003
21338,0.004,0.006,0.000,0.003
21339,0.004,0.006,0.000,0.003
21340,0.004,0.006,0.000,0.003
21341,0.004,0.006,0.000,0.003
21342,0.004,0.006,0.000,0.003
21343,0.004,0.006,0.000,0.003
21344,0.004,0.006,0.000,0.003
21345,0.004,0.006,0.000,0.003
21346,0.004,0.006,0.000,0.003
21347,0.004,0.006,0.000,0.003
21348,0.004,0.006,0.000,0.003
21349,0.004,0.006,0.000,0.003
21350,0.004,0.006,0.000,0.003
21351,0.004,0.006,0.000,0.003
21352,0.004,0.006,0.000,0.003
21353,0.004,0.006,0.000,0.003
21354,0.004,0.006,0.000,0.003
21355,0.004,0.006,0.000,0.003
21356,0.004,0.006,0.000,0.003
21357,0.004,0.006,0.000,0.003
21358,0.004,0.006,0.000,0.003
21359,0.004,0.006,0.000,0.003
21360,0.004,0.006,0.000,0.003
21361,0.004,0.006,0.000,0.003
21362,0.004,0.006,0.000,0.003
21363,0.004,0.006,0.000,0.003
21364,0.004,0.006,0.000,0.003
21365,0.004,0.006,0.000,0.003
21366,0.004,0.006,0.000,0.003
21367,0.004,0.006,0.000,0.003
21368,0.004,0.006,0.000,0.003
21369,0.004,0.006,0.000,0.003
21370,0.004,0.006,0.000,0.003
21371,0.004,0.006,0.000,0.003
21372,0.004,0.006,0.000,0.003
21373,0.004,0.006,0.000,0.003
21374,0.004,0.006,0.000,0.003
21375,0.004,0.006,0.000,0.003
21376,0.004,0.006,0.000,0.003
21377,0.004,0.006,0.000,0.003
21378,0.004,0.006,0.000,0.003
21379,0.004,0.006,0.000,0.003
21380,0.004,0.006,0.000,0.003
21381,0.004,0.006,0.000,0.003
21382,0.004,0.006,0.000,0.003
21383,0.004,0.006,0.000,0.003
21384,0.004,0.006,0.000,0.003
21385,0.004,0.006,0.000,0.003
21386,0.004,0.006,0.000,0.003
21387,0.004,0.006,0.000,0.003
21388,0.004,0.006,0.000,0.003
21389,0.004,0.006,0.000,0.003
21390,0.004,0.006,0.000,0.003
21391,0.004,0.006,0.000,0.003
21392,0.004,0.006,0.000,0.003
21393,0.004,0.006,0.000,0.003
21394,0.004,0.006,0.000,0.003
21395,0.004,0.006,0.000,0.003
21396,0.004,0.006,0.000,0.003
21397,0.004,0.006,0.000,0.003
21398,0.004,0.006,0.000,0.003
21399,0.004,0.006,0.000,0.003
21400,0.004,0.006,0.000,0.003
21401,0.004,0.006,0.000,0.003
21402,0.004,0.006,0.000,0.003
21403,0.004,0.006,0.000,0.003
21404,0.004,0.006,0.000,0.003
21405,0.004,0.006,0.000,0.003
21406,0.004,0.006,0.000,0.003
21407,0.004,0.006,0.000,0.003
21408,0.004,0.006,0.000,0.003
21409,0.004,0.006,0.000,0.003
21410,0.004,0.006,0.000,0.003
21411,0.004,0.006,0.000,0.003
21412,0.004,0.006,0.000,0.003
21413,0.004,0.006,0.000,0.003
21414,0.004,0.006,0.000,0.003
21415,0.004,0.006,0.000,0.003
21416,0.004,0.006,0.000,0.003
21417,0.004,0.006,0.000,0.003
21418,0.004,0.006,0.000,0.003
21419,0.004,0.006,0.000,0.003
21420,0.004,0.006,0.000,0.003
21421,0.004,0.006,0.000,0.003
21422,0.004,0.006,0.000,0.003
21423,0.004,0.006,0.000,0.003
21424,0.004,0.006,0.000,0.003
21425,0.004,0.006,0.000,0.003
21426,0.004,0.006,0.000,0.003
21427,0.004,0.006,0.000,0.003
21428,0.004,0.006,0.000,0.003
21429,0.004,0.006,0.000,0.003
21430,0.004,0.006,0.000,0.003
21431,0.004,0.006,0.000,0.003
21432,0.004,0.006,0.000,0.003
21433,0.004,0.006,0.000,0.003
21434,0.004,0.006,0.000,0.003
21435,0.004,0.006,0.000,0.003
21436,0.004,0.006,0.000,0.003
21437,0.004,0.006,0.000,0.003
21438,0.004,0.006,0.000,0.003
21439,0.004,0.006,0.000,0.003
21440,0.004,0.006,0.000,0.003
21441,0.004,0.006,0.000,0.003
21442,0.004,0.006,0.000,0.003
21443,0.004,0.006,0.000,0.003
21444,0.004,0.006,0.000,0.003
21445,0.004,0.006,0.000,0.003
21446,0.004,0.006,0.000,0.003
21447,0.004,0.006,0.000,0.003
21448,0.004,0.006,0.000,0.003
21449,0.004,0.006,0.000,0.003
21450,0.004,0.006,0.000,0.003
21451,0.004,0.006,0.000,0.003
21452,0.004,0.006,0.000,0.003
21453,0.004,0.006,0.000,0.003
21454,0.004,0.006,0.000,0.003
21455,0.004,0.006,0.000,0.003
21456,0.004,0.006,0.000,0.003
21457,0.004,0.006,0.000,0.003
21458,0.004,0.006,0.000,0.003
21459,0.004,0.006,0.000,0.003
21460,0.004,0.006,0.000,0.003
21461,0.004,0.006,0.000,0.003
21462,0.004,0.006,0.000,0.003
21463,0.004,0.006,0.000,0.003
21464,0.004,0.006,0.000,0.003
21465,0.004,0.006,0.000,0.003
21466,0.004,0.006,0.000,0.003
21467,0.004,0.006,0.000,0.003
21468,0.004,0.006,0.000,0.003
21469,0.004,0.006,0.000,0.003
21470,0.004,0.006,0.000,0.003
21471,0.004,0.006,0.000,0.003
21472,0.004,0.006,0.000,0.003
21473,0.004,0.006,0.000,0.003
21474,0.004,0.006,0.000,0.003
21475,0.004,0.006,0.000,0.003
21476,0.004,0.006,0.000,0.003
21477,0.004,0.006,0.000,0.003
21478,0.004,0.006,0.000,0.003
21479,0.004,0.006,0.000,0.003
21480,0.004,0.006,0.000,0.003
21481,0.004,0.006,0.000,0.003
21482,0.004,0.006,0.000,0.003
21483,0.004,0.006,0.000,0.003
21484,0.004,0.006,0.000,0.003
21485,0.004,0.006,0.000,0.003
21486,0.004,0.006,0.000,0.003
21487,0.004,0.006,0.000,0.003
21488,0.004,0.006,0.000,0.003
21489,0.004,0.006,0.000,0.003
21490,0.004,0.006,0.000,0.003
21491,0.004,0.006,0.000,0.003
21492,0.004,0.006,0.000,0.003
21493,0.004,0.006,0.000,0.003
21494,0.004,0.006,0.000,0.003
21495,0.004,0.006,0.000,0.003
21496,0.004,0.006,0.000,0.003
21497,0.004,0.006,0.000,0.003
21498,0.004,0.006,0.000,0.003
21499,0.004,0.006,0.000,0.003
21500,0.004,0.006,0.000,0.003
21501,0.004,0.006,0.000,0.003
21502,0.004,0.006,0.000,0.003
21503,0.004,0.006,0.000,0.003
21504,0.004,0.006,0.000,0.003
21505,0.004,0.006,0.000,0.003
21506,0.004,0.006,0.000,0.003
21507,0.004,0.006,0.000,0.003
21508,0.004,0.006,0.000,0.003
21509,0.004,0.006,0.000,0.003
21510,0.004,0.006,0.000,0.003
21511,0.004,0.006,0.000,0.003
21512,0.004,0.006,0.000,0.003
21513,0.004,0.006,0.000,0.003
21514,0.004,0.006,0.000,0.003
21515,0.004,0.006,0.000,0.003
21516,0.004,0.006,0.000,0.003
21517,0.004,0.006,0.000,0.003
21518,0.004,0.006,0.000,0.003
21519,0.004,0.006,0.000,0.003
21520,0.004,0.006,0.000,0.003
21521,0.004,0.006,0.000,0.003
21522,0.004,0.006,0.000,0.003
21523,0.004,0.006,0.000,0.003
21524,0.004,0.006,0.000,0.003
21525,0.004,0.006,0.000,0.003
21526,0.004,0.006,0.000,0.003
21527,0.004,0.006,0.000,0.003
21528,0.004,0.006,0.000,0.003
21529,0.004,0.006,0.000,0.003
21530,0.004,0.006,0.000,0.003
21531,0.004,0.006,0.000,0.003
21532,0.004,0.006,0.000,0.003
21533,0.004,0.006,0.000,0.003
21534,0.004,0.006,0.000,0.003
21535,0.004,0.006,0.000,0.003
21536,0.004,0.006,0.000,0.003
21537,0.004,0.006,0.000,0.003
21538,0.004,0.006,0.000,0.003
21539,0.004,0.006,0.000,0.003
21540,0.004,0.006,0.000,0.003
21541,0.004,0.006,0.000,0.003
21542,0.004,0.006,0.000,0.003
21543,0.004,0.006,0.000,0.003
21544,0.004,0.006,0.000,0.003
21545,0.004,0.006,0.000,0.003
21546,0.004,0.006,0.000,0.003
21547,0.004,0.006,0.000,0.003
21548,0.004,0.006,0.000,0.003
21549,0.004,0.006,0.000,0.003
21550,0.004,0.006,0.000,0.003
21551,0.004,0.006,0.000,0.003
21552,0.004,0.006,0.000,0.003
21553,0.004,0.006,0.000,0.003
21554,0.004,0.006,0.000,0.003
21555,0.004,0.006,0.000,0.003
21556,0.004,0.006,0.000,0.003
21557,0.004,0.006,0.000,0.003
21558,0.004,0.006,0.000,0.003
21559,0.004,0.006,0.000,0.003
21560,0.004,0.006,0.000,0.003
21561,0.004,0.006,0.000,0.003
21562,0.004,0.006,0.000,0.003
21563,0.004,0.006,0.000,0.003
21564,0.004,0.006,0.000,0.003
21565,0.004,0.006,0.000,0.003
21566,0.004,0.006,0.000,0.003
21567,0.004,0.006,0.000,0.003
21568,0.004,0.006,0.000,0.003
21569,0.004,0.006,0.000,0.003
21570,0.004,0.006,0.000,0.003
21571,0.004,0.006,0.000,0.003
21572,0.004,0.006,0.000,0.003
21573,0.004,0.006,0.000,0.003
21574,0.004,0.006,0.000,0.003
21575,0.004,0.006,0.000,0.003
21576,0.004,0.006,0.000,0.003
21577,0.004,0.006,0.000,0.003
21578,0.004,0.006,0.000,0.003
21579,0.004,0.006,0.000,0.003
21580,0.004,0.006,0.000,0.003
21581,0.004,0.006,0.000,0.003
21582,0.004,0.006,0.000,0.003
21583,0.004,0.006,0.000,0.003
21584,0.004,0.006,0.000,0.003
21585,0.004,0.006,0.000,0.003
21586,0.004,0.006,0.000,0.003
21587,0.004,0.006,0.000,0.003
21588,0.004,0.006,0.000,0.003
21589,0.004,0.006,0.000,0.003
21590,0.004,0.006,0.000,0.003
21591,0.004,0.006,0.000,0.003
21592,0.004,0.006,0.000,0.003
21593,0.004,0.006,0.000,0.003
21594,0.004,0.006,0.000,0.003
21595,0.004,0.006,0.000,0.003
21596,0.004,0.006,0.000,0.003
21597,0.004,0.006,0.000,0.003
21598,0.004,0.006,0.000,0.003
21599,0.004,0.006,0.000,0.003
21600,0.004,0.006,0.000,0.003
21601,0.004,0.006,0.000,0.003
21602,0.004,0.006,0.000,0.003
21603,0.004,0.006,0.000,0.003
21604,0.004,0.006,0.000,0.003
21605,0.004,0.006,0.000,0.003
21606,0.004,0.006,0.000,0.003
21607,0.004,0.006,0.000,0.003
21608,0.004,0.006,0.000,0.003
21609,0.004,0.006,0.000,0.003
21610,0.004,0.006,0.000,0.003
21611,0.004,0.006,0.000,0.003
21612,0.004,0.006,0.000,0.003
21613,0.004,0.006,0.000,0.003
21614,0.004,0.006,0.000,0.003
21615,0.004,0.006,0.000,0.003
21616,0.004,0.006,0.000,0.003
21617,0.004,0.006,0.000,0.003
21618,0.004,0.006,0.000,0.003
21619,0.004,0.006,0.000,0.003
21620,0.004,0.006,0.000,0.003
21621,0.004,0.006,0.000,0.003
21622,0.004,0.006,0.000,0.003
21623,0.004,0.006,0.000,0.003
21624,0.004,0.006,0.000,0.003
21625,0.004,0.006,0.000,0.003
21626,0.004,0.006,0.000,0.003
21627,0.004,0.006,0.000,0.003
21628,0.004,0.006,0.000,0.003
21629,0.004,0.006,0.000,0.003
21630,0.004,0.006,0.000,0.003
21631,0.004,0.006,0.000,0.003
21632,0.004,0.006,0.000,0.003
21633,0.004,0.006,0.000,0.003
21634,0.004,0.006,0.000,0.003
21635,0.004,0.006,0.000,0.003
21636,0.004,0.006,0.000,0.003
21637,0.004,0.006,0.000,0.003
21638,0.004,0.006,0.000,0.003
21639,0.004,0.006,0.000,0.003
21640,0.004,0.006,0.000,0.003
21641,0.004,0.006,0.000,0.003
21642,0.004,0.006,0.000,0.003
21643,0.004,0.006,0.000,0.003
21644,0.004,0.006,0.000,0.003
21645,0.004,0.006,0.000,0.003
21646,0.004,0.006,0.000,0.003
21647,0.004,0.006,0.000,0.003
21648,0.004,0.006,0.000,0.003
21649,0.004,0.006,0.000,0.003
21650,0.004,0.006,0.000,0.003
21651,0.004,0.006,0.000,0.003
21652,0.004,0.006,0.000,0.003
21653,0.004,0.006,0.000,0.003
21654,0.004,0.006,0.000,0.003
21655,0.004,0.006,0.000,0.003
21656,0.004,0.006,0.000,0.003
21657,0.004,0.006,0.000,0.003
21658,0.004,0.006,0.000,0.003
21659,0.004,0.006,0.000,0.003
21660,0.004,0.006,0.000,0.003
21661,0.004,0.006,0.000,0.003
21662,0.004,0.006,0.000,0.003
21663,0.004,0.006,0.000,0.003
21664,0.004,0.006,0.000,0.003
21665,0.004,0.006,0.000,0.003
21666,0.004,0.006,0.000,0.003
21667,0.004,0.006,0.000,0.003
21668,0.004,0.006,0.000,0.003
21669,0.004,0.006,0.000,0.003
21670,0.004,0.006,0.000,0.003
21671,0.004,0.006,0.000,0.003
21672,0.004,0.006,0.000,0.003
21673,0.004,0.006,0.000,0.003
21674,0.004,0.006,0.000,0.003
21675,0.004,0.006,0.000,0.003
21676,0.004,0.006,0.000,0.003
21677,0.004,0.006,0.000,0.003
21678,0.004,0.006,0.000,0.003
21679,0.004,0.006,0.000,0.003
21680,0.004,0.006,0.000,0.003
21681,0.004,0.006,0.000,0.003
21682,0.004,0.006,0.000,0.003
21683,0.004,0.006,0.000,0.003
21684,0.004,0.006,0.000,0.003
21685,0.004,0.006,0.000,0.003
21686,0.004,0.006,0.000,0.003
21687,0.004,0.006,0.000,0.003
21688,0.004,0.006,0.000,0.003
21689,0.004,0.006,0.000,0.003
21690,0.004,0.006,0.000,0.003
21691,0.004,0.006,0.000,0.003
21692,0.004,0.006,0.000,0.003
21693,0.004,0.006,0.000,0.003
21694,0.004,0.006,0.000,0.003
21695,0.004,0.006,0.000,0.003
21696,0.004,0.006,0.000,0.003
21697,0.004,0.006,0.000,0.003
21698,0.004,0.006,0.000,0.003
21699,0.004,0.006,0.000,0.003
21700,0.004,0.006,0.000,0.003
21701,0.004,0.006,0.000,0.003
21702,0.004,0.006,0.000,0.003
21703,0.004,0.006,0.000,0.003
21704,0.004,0.006,0.000,0.003
21705,0.004,0.006,0.000,0.003
21706,0.004,0.006,0.000,0.003
21707,0.004,0.006,0.000,0.003
21708,0.004,0.006,0.000,0.003
21709,0.004,0.006,0.000,0.003
21710,0.004,0.006,0.000,0.003
21711,0.004,0.006,0.000,0.003
21712,0.004,0.006,0.000,0.003
21713,0.004,0.006,0.000,0.003
21714,0.004,0.006,0.000,0.003
21715,0.004,0.006,0.000,0.003
21716,0.004,0.006,0.000,0.003
21717,0.004,0.006,0.000,0.003
21718,0.004,0.006,0.000,0.003
21719,0.004,0.006,0.000,0.003
21720,0.004,0.006,0.000,0.003
21721,0.004,0.006,0.000,0.003
21722,0.004,0.006,0.000,0.003
21723,0.004,0.006,0.000,0.003
21724,0.004,0.006,0.000,0.003
21725,0.004,0.006,0.000,0.003
21726,0.004,0.006,0.000,0.003
21727,0.004,0.006,0.000,0.003
21728,0.004,0.006,0.000,0.003
21729,0.004,0.006,0.000,0.003
21730,0.004,0.006,0.000,0.003
21731,0.004,0.006,0.000,0.003
21732,0.004,0.006,0.000,0.003
21733,0.004,0.006,0.000,0.003
21734,0.004,0.006,0.000,0.003
21735,0.004,0.006,0.000,0.003
21736,0.004,0.006,0.000,0.003
21737,0.004,0.006,0.000,0.003
21738,0.004,0.006,0.000,0.003
21739,0.004,0.006,0.000,0.003
21740,0.004,0.006,0.000,0.003
21741,0.004,0.006,0.000,0.003
21742,0.004,0.006,0.000,0.003
21743,0.004,0.006,0.000,0.003
21744,0.004,0.006,0.000,0.003
21745,0.004,0.006,0.000,0.003
21746,0.004,0.006,0.000,0.003
21747,0.004,0.006,0.000,0.003
21748,0.004,0.006,0.000,0.003
21749,0.004,0.006,0.000,0.003
21750,0.004,0.006,0.000,0.003
21751,0.004,0.006,0.000,0.003
21752,0.004,0.006,0.000,0.003
21753,0.004,0.006,0.000,0.003
21754,0.004,0.006,0.000,0.003
21755,0.004,0.006,0.000,0.003
21756,0.004,0.006,0.000,0.003
21757,0.004,0.006,0.000,0.003
21758,0.004,0.006,0.000,0.003
21759,0.004,0.006,0.000,0.003
21760,0.004,0.006,0.000,0.003
21761,0.004,0.006,0.000,0.003
21762,0.004,0.006,0.000,0.003
21763,0.004,0.006,0.000,0.003
21764,0.004,0.006,0.000,0.003
21765,0.004,0.006,0.000,0.003
21766,0.004,0.006,0.000,0.003
21767,0.004,0.006,0.000,0.003
21768,0.004,0.006,0.000,0.003
21769,0.004,0.006,0.000,0.003
21770,0.004,0.006,0.000,0.003
21771,0.004,0.006,0.000,0.003
21772,0.004,0.006,0.000,0.003
21773,0.004,0.006,0.000,0.003
21774,0.004,0.006,0.000,0.003
21775,0.004,0.006,0.000,0.003
21776,0.004,0.006,0.000,0.003
21777,0.004,0.006,0.000,0.003
21778,0.004,0.006,0.000,0.003
21779,0.004,0.006,0.000,0.003
21780,0.004,0.006,0.000,0.003
21781,0.004,0.006,0.000,0.003
21782,0.004,0.006,0.000,0.003
21783,0.004,0.006,0.000,0.003
21784,0.004,0.006,0.000,0.003
21785,0.004,0.006,0.000,0.003
21786,0.004,0.006,0.000,0.003
21787,0.004,0.006,0.000,0.003
21788,0.004,0.006,0.000,0.003
21789,0.004,0.006,0.000,0.003
21790,0.004,0.006,0.000,0.003
21791,0.004,0.006,0.000,0.003
21792,0.004,0.006,0.000,0.003
21793,0.004,0.006,0.000,0.003
21794,0.004,0.006,0.000,0.003
21795,0.004,0.006,0.000,0.003
21796,0.004,0.006,0.000,0.003
21797,0.004,0.006,0.000,0.003
21798,0.004,0.006,0.000,0.003
21799,0.004,0.006,0.000,0.003
21800,0.004,0.006,0.000,0.003
21801,0.004,0.006,0.000,0.003
21802,0.004,0.006,0.000,0.003
21803,0.004,0.006,0.000,0.003
21804,0.004,0.006,0.000,0.003
21805,0.004,0.006,0.000,0.003
21806,0.004,0.006,0.000,0.003
21807,0.004,0.006,0.000,0.003
21808,0.004,0.006,0.000,0.003
21809,0.004,0.006,0.000,0.003
21810,0.004,0.006,0.000,0.003
21811,0.004,0.006,0.000,0.003
21812,0.004,0.006,0.000,0.003
21813,0.004,0.006,0.000,0.003
21814,0.004,0.006,0.000,0.003
21815,0.004,0.006,0.000,0.003
21816,0.004,0.006,0.000,0.003
21817,0.004,0.006,0.000,0.003
21818,0.004,0.006,0.000,0.003
21819,0.004,0.006,0.000,0.003
21820,0.004,0.006,0.000,0.003
21821,0.004,0.006,0.000,0.003
21822,0.004,0.006,0.000,0.003
21823,0.004,0.006,0.000,0.003
21824,0.004,0.006,0.000,0.003
21825,0.004,0.006,0.000,0.003
21826,0.004,0.006,0.000,0.003
21827,0.004,0.006,0.000,0.003
21828,0.004,0.006,0.000,0.003
21829,0.004,0.006,0.000,0.003
21830,0.004,0.006,0.000,0.003
21831,0.004,0.006,0.000,0.003
21832,0.004,0.006,0.000,0.003
21833,0.004,0.006,0.000,0.003
21834,0.004,0.006,0.000,0.003
21835,0.004,0.006,0.000,0.003
21836,0.004,0.006,0.000,0.003
21837,0.004,0.006,0.000,0.003
21838,0.004,0.006,0.000,0.003
21839,0.004,0.006,0.000,0.003
21840,0.004,0.006,0.000,0.003
21841,0.004,0.006,0.000,0.003
21842,0.004,0.006,0.000,0.003
21843,0.004,0.006,0.000,0.003
21844,0.004,0.006,0.000,0.003
21845,0.004,0.006,0.000,0.003
21846,0.004,0.006,0.000,0.003
21847,0.004,0.006,0.000,0.003
21848,0.004,0.006,0.000,0.003
21849,0.004,0.006,0.000,0.003
21850,0.004,0.006,0.000,0.003
21851,0.004,0.006,0.000,0.003
21852,0.004,0.006,0.000,0.003
21853,0.004,0.006,0.000,0.003
21854,0.004,0.006,0.000,0.003
21855,0.004,0.006,0.000,0.003
21856,0.004,0.006,0.000,0.003
21857,0.004,0.006,0.000,0.003
21858,0.004,0.006,0.000,0.003
21859,0.004,0.006,0.000,0.003
21860,0.004,0.006,0.000,0.003
21861,0.004,0.006,0.000,0.003
21862,0.004,0.006,0.000,0.003
21863,0.004,0.006,0.000,0.003
21864,0.004,0.006,0.000,0.003
21865,0.004,0.006,0.000,0.003
21866,0.004,0.006,0.000,0.003
21867,0.004,0.006,0.000,0.003
21868,0.004,0.006,0.000,0.003
21869,0.004,0.006,0.000,0.003
21870,0.004,0.006,0.000,0.003
21871,0.004,0.006,0.000,0.003
21872,0.004,0.006,0.000,0.003
21873,0.004,0.006,0.000,0.003
21874,0.004,0.006,0.000,0.003
21875,0.004,0.006,0.000,0.003
21876,0.004,0.006,0.000,0.003
21877,0.004,0.006,0.000,0.003
21878,0.004,0.006,0.000,0.003
21879,0.004,0.006,0.000,0.003
21880,0.004,0.006,0.000,0.003
21881,0.004,0.006,0.000,0.003
21882,0.004,0.006,0.000,0.003
21883,0.004,0.006,0.000,0.003
21884,0.004,0.006,0.000,0.003
21885,0.004,0.006,0.000,0.003
21886,0.004,0.006,0.000,0.003
21887,0.004,0.006,0.000,0.003
21888,0.004,0.006,0.000,0.003
21889,0.004,0.006,0.000,0.003
21890,0.004,0.006,0.000,0.003
21891,0.004,0.006,0.000,0.003
21892,0.004,0.006,0.000,0.003
21893,0.004,0.006,0.000,0.003
21894,0.004,0.006,0.000,0.003
21895,0.004,0.006,0.000,0.003
21896,0.004,0.006,0.000,0.003
21897,0.004,0.006,0.000,0.003
21898,0.004,0.006,0.000,0.003
21899,0.004,0.006,0.000,0.003
21900,0.004,0.006,0.000,0.003
21901,0.004,0.006,0.000,0.003
21902,0.004,0.006,0.000,0.003
21903,0.004,0.006,0.000,0.003
21904,0.004,0.006,0.000,0.003
21905,0.004,0.006,0.000,0.003
21906,0.004,0.006,0.000,0.003
21907,0.004,0.006,0.000,0.003
21908,0.004,0.006,0.000,0.003
21909,0.004,0.006,0.000,0.003
21910,0.004,0.006,0.000,0.003
21911,0.004,0.006,0.000,0.003
21912,0.004,0.006,0.000,0.003
21913,0.004,0.006,0.000,0.003
21914,0.004,0.006,0.000,0.003
21915,0.004,0.006,0.000,0.003
21916,0.004,0.006,0.000,0.003
21917,0.004,0.006,0.000,0.003
21918,0.004,0.006,0.000,0.003
21919,0.004,0.006,0.000,0.003
21920,0.004,0.006,0.000,0.003
21921,0.004,0.006,0.000,0.003
21922,0.004,0.006,0.000,0.003
21923,0.004,0.006,0.000,0.003
21924,0.004,0.006,0.000,0.003
21925,0.004,0.006,0.000,0.003
21926,0.004,0.006,0.000,0.003
21927,0.004,0.006,0.000,0.003
21928,0.004,0.006,0.000,0.003
21929,0.004,0.006,0.000,0.003
21930,0.004,0.006,0.000,0.003
21931,0.004,0.006,0.000,0.003
21932,0.004,0.006,0.000,0.003
21933,0.004,0.006,0.000,0.003
21934,0.004,0.006,0.000,0.003
21935,0.004,0.006,0.000,0.003
21936,0.004,0.006,0.000,0.003
21937,0.004,0.006,0.000,0.003
21938,0.004,0.006,0.000,0.003
21939,0.004,0.006,0.000,0.003
21940,0.004,0.006,0.000,0.003
21941,0.004,0.006,0.000,0.003
21942,0.004,0.006,0.000,0.003
21943,0.004,0.006,0.000,0.003
21944,0.004,0.006,0.000,0.003
21945,0.004,0.006,0.000,0.003
21946,0.004,0.006,0.000,0.003
21947,0.004,0.006,0.000,0.003
21948,0.004,0.006,0.000,0.003
21949,0.004,0.006,0.000,0.003
21950,0.004,0.006,0.000,0.003
21951,0.004,0.006,0.000,0.003
21952,0.004,0.006,0.000,0.003
21953,0.004,0.006,0.000,0.003
21954,0.004,0.006,0.000,0.003
21955,0.004,0.006,0.000,0.003
21956,0.004,0.006,0.000,0.003
21957,0.004,0.006,0.000,0.003
21958,0.004,0.006,0.000,0.003
21959,0.004,0.006,0.000,0.003
21960,0.004,0.006,0.000,0.003
21961,0.004,0.006,0.000,0.003
21962,0.004,0.006,0.000,0.003
21963,0.004,0.006,0.000,0.003
21964,0.004,0.006,0.000,0.003
21965,0.004,0.006,0.000,0.003
21966,0.004,0.006,0.000,0.003
21967,0.004,0.006,0.000,0.003
21968,0.004,0.006,0.000,0.003
21969,0.004,0.006,0.000,0.003
21970,0.004,0.006,0.000,0.003
21971,0.004,0.006,0.000,0.003
21972,0.004,0.006,0.000,0.003
21973,0.004,0.006,0.000,0.003
21974,0.004,0.006,0.000,0.003
21975,0.004,0.006,0.000,0.003
21976,0.004,0.006,0.000,0.003
21977,0.004,0.006,0.000,0.003
21978,0.004,0.006,0.000,0.003
21979,0.004,0.006,0.000,0.003
21980,0.004,0.006,0.000,0.003
21981,0.004,0.006,0.000,0.003
21982,0.004,0.006,0.000,0.003
21983,0.004,0.006,0.000,0.003
21984,0.004,0.006,0.000,0.003
21985,0.004,0.006,0.000,0.003
21986,0.004,0.006,0.000,0.003
21987,0.004,0.006,0.000,0.003
21988,0.004,0.006,0.000,0.003
21989,0.004,0.006,0.000,0.003
21990,0.004,0.006,0.000,0.003
21991,0.004,0.006,0.000,0.003
21992,0.004,0.006,0.000,0.003
21993,0.004,0.006,0.000,0.003
21994,0.004,0.006,0.000,0.003
21995,0.004,0.006,0.000,0.003
21996,0.004,0.006,0.000,0.003
21997,0.004,0.006,0.000,0.003
21998,0.004,0.006,0.000,0.003
21999,0.004,0.006,0.000,0.003
22000,0.004,0.006,0.000,0.003
22001,0.004,0.006,0.000,0.003
22002,0.004,0.006,0.000,0.003
22003,0.004,0.006,0.000,0.003
22004,0.004,0.006,0.000,0.003
22005,0.004,0.006,0.000,0.003
22006,0.004,0.006,0.000,0.003
22007,0.004,0.006,0.000,0.003
22008,0.004,0.006,0.000,0.003
22009,0.004,0.006,0.000,0.003
22010,0.004,0.006,0.000,0.003
22011,0.004,0.006,0.000,0.003
22012,0.004,0.006,0.000,0.003
22013,0.004,0.006,0.000,0.003
22014,0.004,0.006,0.000,0.003
22015,0.004,0.006,0.000,0.003
22016,0.004,0.006,0.000,0.003
22017,0.004,0.006,0.000,0.003
22018,0.004,0.006,0.000,0.003
22019,0.004,0.006,0.000,0.003
22020,0.004,0.006,0.000,0.003
22021,0.004,0.006,0.000,0.003
22022,0.004,0.006,0.000,0.003
22023,0.004,0.006,0.000,0.003
22024,0.004,0.006,0.000,0.003
22025,0.004,0.006,0.000,0.003
22026,0.004,0.006,0.000,0.003
22027,0.004,0.006,0.000,0.003
22028,0.004,0.006,0.000,0.003
22029,0.004,0.006,0.000,0.003
22030,0.004,0.006,0.000,0.003
22031,0.004,0.006,0.000,0.003
22032,0.004,0.006,0.000,0.003
22033,0.004,0.006,0.000,0.003
22034,0.004,0.006,0.000,0.003
22035,0.004,0.006,0.000,0.003
22036,0.004,0.006,0.000,0.003
22037,0.004,0.006,0.000,0.003
22038,0.004,0.006,0.000,0.003
22039,0.004,0.006,0.000,0.003
22040,0.004,0.006,0.000,0.003
22041,0.004,0.006,0.000,0.003
22042,0.004,0.006,0.000,0.003
22043,0.004,0.006,0.000,0.003
22044,0.004,0.006,0.000,0.003
22045,0.004,0.006,0.000,0.003
22046,0.004,0.006,0.000,0.003
22047,0.004,0.006,0.000,0.003
22048,0.004,0.006,0.000,0.003
22049,0.004,0.006,0.000,0.003
22050,0.004,0.006,0.000,0.003
22051,0.004,0.006,0.000,0.003
22052,0.004,0.006,0.000,0.003
22053,0.004,0.006,0.000,0.003
22054,0.004,0.006,0.000,0.003
22055,0.004,0.006,0.000,0.003
22056,0.004,0.006,0.000,0.003
22057,0.004,0.006,0.000,0.003
22058,0.004,0.006,0.000,0.003
22059,0.004,0.006,0.000,0.003
22060,0.004,0.006,0.000,0.003
22061,0.004,0.006,0.000,0.003
22062,0.004,0.006,0.000,0.003
22063,0.004,0.006,0.000,0.003
22064,0.004,0.006,0.000,0.003
22065,0.004,0.006,0.000,0.003
22066,0.004,0.006,0.000,0.003
22067,0.004,0.006,0.000,0.003
22068,0.004,0.006,0.000,0.003
22069,0.004,0.006,0.000,0.003
22070,0.004,0.006,0.000,0.003
22071,0.004,0.006,0.000,0.003
22072,0.004,0.006,0.000,0.003
22073,0.004,0.006,0.000,0.003
22074,0.004,0.006,0.000,0.003
22075,0.004,0.006,0.000,0.003
22076,0.004,0.006,0.000,0.003
22077,0.004,0.006,0.000,0.003
22078,0.004,0.006,0.000,0.003
22079,0.004,0.006,0.000,0.003
22080,0.004,0.006,0.000,0.003
22081,0.004,0.006,0.000,0.003
22082,0.004,0.006,0.000,0.003
22083,0.004,0.006,0.000,0.003
22084,0.004,0.006,0.000,0.003
22085,0.004,0.006,0.000,0.003
22086,0.004,0.006,0.000,0.003
22087,0.004,0.006,0.000,0.003
22088,0.004,0.006,0.000,0.003
22089,0.004,0.006,0.000,0.003
22090,0.004,0.006,0.000,0.003
22091,0.004,0.006,0.000,0.003
22092,0.004,0.006,0.000,0.003
22093,0.004,0.006,0.000,0.003
22094,0.004,0.006,0.000,0.003
22095,0.004,0.006,0.000,0.003
22096,0.004,0.006,0.000,0.003
22097,0.004,0.006,0.000,0.003
22098,0.004,0.006,0.000,0.003
22099,0.004,0.006,0.000,0.003
22100,0.004,0.006,0.000,0.003
22101,0.004,0.006,0.000,0.003
22102,0.004,0.006,0.000,0.003
22103,0.004,0.006,0.000,0.003
22104,0.004,0.006,0.000,0.003
22105,0.004,0.006,0.000,0.003
22106,0.004,0.006,0.000,0.003
22107,0.004,0.006,0.000,0.003
22108,0.004,0.006,0.000,0.003
22109,0.004,0.006,0.000,0.003
22110,0.004,0.006,0.000,0.003
22111,0.004,0.006,0.000,0.003
22112,0.004,0.006,0.000,0.003
22113,0.004,0.006,0.000,0.003
22114,0.004,0.006,0.000,0.003
22115,0.004,0.006,0.000,0.003
22116,0.004,0.006,0.000,0.003
22117,0.004,0.006,0.000,0.003
22118,0.004,0.006,0.000,0.003
22119,0.004,0.006,0.000,0.003
22120,0.004,0.006,0.000,0.003
22121,0.004,0.006,0.000,0.003
22122,0.004,0.006,0.000,0.003
22123,0.004,0.006,0.000,0.003
22124,0.004,0.006,0.000,0.003
22125,0.004,0.006,0.000,0.003
22126,0.004,0.006,0.000,0.003
22127,0.004,0.006,0.000,0.003
22128,0.004,0.006,0.000,0.003
22129,0.004,0.006,0.000,0.003
22130,0.004,0.006,0.000,0.003
22131,0.004,0.006,0.000,0.003
22132,0.004,0.006,0.000,0.003
22133,0.004,0.006,0.000,0.003
22134,0.004,0.006,0.000,0.003
22135,0.004,0.006,0.000,0.003
22136,0.004,0.006,0.000,0.003
22137,0.004,0.006,0.000,0.003
22138,0.004,0.006,0.000,0.003
22139,0.004,0.006,0.000,0.003
22140,0.004,0.006,0.000,0.003
22141,0.004,0.006,0.000,0.003
22142,0.004,0.006,0.000,0.003
22143,0.004,0.006,0.000,0.003
22144,0.004,0.006,0.000,0.003
22145,0.004,0.006,0.000,0.003
22146,0.004,0.006,0.000,0.003
22147,0.004,0.006,0.000,0.003
22148,0.004,0.006,0.000,0.003
22149,0.004,0.006,0.000,0.003
22150,0.004,0.006,0.000,0.003
22151,0.004,0.006,0.000,0.003
22152,0.004,0.006,0.000,0.003
22153,0.004,0.006,0.000,0.003
22154,0.004,0.006,0.000,0.003
22155,0.004,0.006,0.000,0.003
22156,0.004,0.006,0.000,0.003
22157,0.004,0.006,0.000,0.003
22158,0.004,0.006,0.000,0.003
22159,0.004,0.006,0.000,0.003
22160,0.004,0.006,0.000,0.003
22161,0.004,0.006,0.000,0.003
22162,0.004,0.006,0.000,0.003
22163,0.004,0.006,0.000,0.003
22164,0.004,0.006,0.000,0.003
22165,0.004,0.006,0.000,0.003
22166,0.004,0.006,0.000,0.003
22167,0.004,0.006,0.000,0.003
22168,0.004,0.006,0.000,0.003
22169,0.004,0.006,0.000,0.003
22170,0.004,0.006,0.000,0.003
22171,0.004,0.006,0.000,0.003
22172,0.004,0.006,0.000,0.003
22173,0.004,0.006,0.000,0.003
22174,0.004,0.006,0.000,0.003
22175,0.004,0.006,0.000,0.003
22176,0.004,0.006,0.000,0.003
22177,0.004,0.006,0.000,0.003
22178,0.004,0.006,0.000,0.003
22179,0.004,0.006,0.000,0.003
22180,0.004,0.006,0.000,0.003
22181,0.004,0.006,0.000,0.003
22182,0.004,0.006,0.000,0.003
22183,0.004,0.006,0.000,0.003
22184,0.004,0.006,0.000,0.003
22185,0.004,0.006,0.000,0.003
22186,0.004,0.006,0.000,0.003
22187,0.004,0.006,0.000,0.003
22188,0.004,0.006,0.000,0.003
22189,0.004,0.006,0.000,0.003
22190,0.004,0.006,0.000,0.003
22191,0.004,0.006,0.000,0.003
22192,0.004,0.006,0.000,0.003
22193,0.004,0.006,0.000,0.003
22194,0.004,0.006,0.000,0.003
22195,0.004,0.006,0.000,0.003
22196,0.004,0.006,0.000,0.003
22197,0.004,0.006,0.000,0.003
22198,0.004,0.006,0.000,0.003
22199,0.004,0.006,0.000,0.003
22200,0.004,0.006,0.000,0.003
22201,0.004,0.006,0.000,0.003
22202,0.004,0.006,0.000,0.003
22203,0.004,0.006,0.000,0.003
22204,0.004,0.006,0.000,0.003
22205,0.004,0.006,0.000,0.003
22206,0.004,0.006,0.000,0.003
22207,0.004,0.006,0.000,0.003
22208,0.004,0.006,0.000,0.003
22209,0.004,0.006,0.000,0.003
22210,0.004,0.006,0.000,0.003
22211,0.004,0.006,0.000,0.003
22212,0.004,0.006,0.000,0.003
22213,0.004,0.006,0.000,0.003
22214,0.004,0.006,0.000,0.003
22215,0.004,0.006,0.000,0.003
22216,0.004,0.006,0.000,0.003
22217,0.004,0.006,0.000,0.003
22218,0.004,0.006,0.000,0.003
22219,0.004,0.006,0.000,0.003
22220,0.004,0.006,0.000,0.003
22221,0.004,0.006,0.000,0.003
22222,0.004,0.006,0.000,0.003
22223,0.004,0.006,0.000,0.003
22224,0.004,0.006,0.000,0.003
22225,0.004,0.006,0.000,0.003
22226,0.004,0.006,0.000,0.003
22227,0.004,0.006,0.000,0.003
22228,0.004,0.006,0.000,0.003
22229,0.004,0.006,0.000,0.003
22230,0.004,0.006,0.000,0.003
22231,0.004,0.006,0.000,0.003
22232,0.004,0.006,0.000,0.003
22233,0.004,0.006,0.000,0.003
22234,0.004,0.006,0.000,0.003
22235,0.004,0.006,0.000,0.003
22236,0.004,0.006,0.000,0.003
22237,0.004,0.006,0.000,0.003
22238,0.004,0.006,0.000,0.003
22239,0.004,0.006,0.000,0.003
22240,0.004,0.006,0.000,0.003
22241,0.004,0.006,0.000,0.003
22242,0.004,0.006,0.000,0.003
22243,0.004,0.006,0.000,0.003
22244,0.004,0.006,0.000,0.003
22245,0.004,0.006,0.000,0.003
22246,0.004,0.006,0.000,0.003
22247,0.004,0.006,0.000,0.003
22248,0.004,0.006,0.000,0.003
22249,0.004,0.006,0.000,0.003
22250,0.004,0.006,0.000,0.003
22251,0.004,0.006,0.000,0.003
22252,0.004,0.006,0.000,0.003
22253,0.004,0.006,0.000,0.003
22254,0.004,0.006,0.000,0.003
22255,0.004,0.006,0.000,0.003
22256,0.004,0.006,0.000,0.003
22257,0.004,0.006,0.000,0.003
22258,0.004,0.006,0.000,0.003
22259,0.004,0.006,0.000,0.003
22260,0.004,0.006,0.000,0.003
22261,0.004,0.006,0.000,0.003
22262,0.004,0.006,0.000,0.003
22263,0.004,0.006,0.000,0.003
22264,0.004,0.006,0.000,0.003
22265,0.004,0.006,0.000,0.003
22266,0.004,0.006,0.000,0.003
22267,0.004,0.006,0.000,0.003
22268,0.004,0.006,0.000,0.003
22269,0.004,0.006,0.000,0.003
22270,0.004,0.006,0.000,0.003
22271,0.004,0.006,0.000,0.003
22272,0.004,0.006,0.000,0.003
22273,0.004,0.006,0.000,0.003
22274,0.004,0.006,0.000,0.003
22275,0.004,0.006,0.000,0.003
22276,0.004,0.006,0.000,0.003
22277,0.004,0.006,0.000,0.003
22278,0.004,0.006,0.000,0.003
22279,0.004,0.006,0.000,0.003
22280,0.004,0.006,0.000,0.003
22281,0.004,0.006,0.000,0.003
22282,0.004,0.006,0.000,0.003
22283,0.004,0.006,0.000,0.003
22284,0.004,0.006,0.000,0.003
22285,0.004,0.006,0.000,0.003
22286,0.004,0.006,0.000,0.003
22287,0.004,0.006,0.000,0.003
22288,0.004,0.006,0.000,0.003
22289,0.004,0.006,0.000,0.003
22290,0.004,0.006,0.000,0.003
22291,0.004,0.006,0.000,0.003
22292,0.004,0.006,0.000,0.003
22293,0.004,0.006,0.000,0.003
22294,0.004,0.006,0.000,0.003
22295,0.004,0.006,0.000,0.003
22296,0.004,0.006,0.000,0.003
22297,0.004,0.006,0.000,0.003
22298,0.004,0.006,0.000,0.003
22299,0.004,0.006,0.000,0.003
22300,0.004,0.006,0.000,0.003
22301,0.004,0.006,0.000,0.003
22302,0.004,0.006,0.000,0.003
22303,0.004,0.006,0.000,0.003
22304,0.004,0.006,0.000,0.003
22305,0.004,0.006,0.000,0.003
22306,0.004,0.006,0.000,0.003
22307,0.004,0.006,0.000,0.003
22308,0.004,0.006,0.000,0.003
22309,0.004,0.006,0.000,0.003
22310,0.004,0.006,0.000,0.003
22311,0.004,0.006,0.000,0.003
22312,0.004,0.006,0.000,0.003
22313,0.004,0.006,0.000,0.003
22314,0.004,0.006,0.000,0.003
22315,0.004,0.006,0.000,0.003
22316,0.004,0.006,0.000,0.003
22317,0.004,0.006,0.000,0.003
22318,0.004,0.006,0.000,0.003
22319,0.004,0.006,0.000,0.003
22320,0.004,0.006,0.000,0.003
22321,0.004,0.006,0.000,0.003
22322,0.004,0.006,0.000,0.003
22323,0.004,0.006,0.000,0.003
22324,0.004,0.006,0.000,0.003
22325,0.004,0.006,0.000,0.003
22326,0.004,0.006,0.000,0.003
22327,0.004,0.006,0.000,0.003
22328,0.004,0.006,0.000,0.003
22329,0.004,0.006,0.000,0.003
22330,0.004,0.006,0.000,0.003
22331,0.004,0.006,0.000,0.003
22332,0.004,0.006,0.000,0.003
22333,0.004,0.006,0.000,0.003
22334,0.004,0.006,0.000,0.003
22335,0.004,0.006,0.000,0.003
22336,0.004,0.006,0.000,0.003
22337,0.004,0.006,0.000,0.003
22338,0.004,0.006,0.000,0.003
22339,0.004,0.006,0.000,0.003
22340,0.004,0.006,0.000,0.003
22341,0.004,0.006,0.000,0.003
22342,0.004,0.006,0.000,0.003
22343,0.004,0.006,0.000,0.003
22344,0.004,0.006,0.000,0.003
22345,0.004,0.006,0.000,0.003
22346,0.004,0.006,0.000,0.003
22347,0.004,0.006,0.000,0.003
22348,0.004,0.006,0.000,0.003
22349,0.004,0.006,0.000,0.003
22350,0.004,0.006,0.000,0.003
22351,0.004,0.006,0.000,0.003
22352,0.004,0.006,0.000,0.003
22353,0.004,0.006,0.000,0.003
22354,0.004,0.006,0.000,0.003
22355,0.004,0.006,0.000,0.003
22356,0.004,0.006,0.000,0.003
22357,0.004,0.006,0.000,0.003
22358,0.004,0.006,0.000,0.003
22359,0.004,0.006,0.000,0.003
22360,0.004,0.006,0.000,0.003
22361,0.004,0.006,0.000,0.003
22362,0.004,0.006,0.000,0.003
22363,0.004,0.006,0.000,0.003
22364,0.004,0.006,0.000,0.003
22365,0.004,0.006,0.000,0.003
22366,0.004,0.006,0.000,0.003
22367,0.004,0.006,0.000,0.003
22368,0.004,0.006,0.000,0.003
22369,0.004,0.006,0.000,0.003
22370,0.004,0.006,0.000,0.003
22371,0.004,0.006,0.000,0.003
22372,0.004,0.006,0.000,0.003
22373,0.004,0.006,0.000,0.003
22374,0.004,0.006,0.000,0.003
22375,0.004,0.006,0.000,0.003
22376,0.004,0.006,0.000,0.003
22377,0.004,0.006,0.000,0.003
22378,0.004,0.006,0.000,0.003
22379,0.004,0.006,0.000,0.003
22380,0.004,0.006,0.000,0.003
22381,0.004,0.006,0.000,0.003
22382,0.004,0.006,0.000,0.003
22383,0.004,0.006,0.000,0.003
22384,0.004,0.006,0.000,0.003
22385,0.004,0.006,0.000,0.003
22386,0.004,0.006,0.000,0.003
22387,0.004,0.006,0.000,0.003
22388,0.004,0.006,0.000,0.003
22389,0.004,0.006,0.000,0.003
22390,0.004,0.006,0.000,0.003
22391,0.004,0.006,0.000,0.003
22392,0.004,0.006,0.000,0.003
22393,0.004,0.006,0.000,0.003
22394,0.004,0.006,0.000,0.003
22395,0.004,0.006,0.000,0.003
22396,0.004,0.006,0.000,0.003
22397,0.004,0.006,0.000,0.003
22398,0.004,0.006,0.000,0.003
22399,0.004,0.006,0.000,0.003
22400,0.004,0.006,0.000,0.003
22401,0.004,0.006,0.000,0.003
22402,0.004,0.006,0.000,0.003
22403,0.004,0.006,0.000,0.003
22404,0.004,0.006,0.000,0.003
22405,0.004,0.006,0.000,0.003
22406,0.004,0.006,0.000,0.003
22407,0.004,0.006,0.000,0.003
22408,0.004,0.006,0.000,0.003
22409,0.004,0.006,0.000,0.003
22410,0.004,0.006,0.000,0.003
22411,0.004,0.006,0.000,0.003
22412,0.004,0.006,0.000,0.003
22413,0.004,0.006,0.000,0.003
22414,0.004,0.006,0.000,0.003
22415,0.004,0.006,0.000,0.003
22416,0.004,0.006,0.000,0.003
22417,0.004,0.006,0.000,0.003
22418,0.004,0.006,0.000,0.003
22419,0.004,0.006,0.000,0.003
22420,0.004,0.006,0.000,0.003
22421,0.004,0.006,0.000,0.003
22422,0.004,0.006,0.000,0.003
22423,0.004,0.006,0.000,0.003
22424,0.004,0.006,0.000,0.003
22425,0.004,0.006,0.000,0.003
22426,0.004,0.006,0.000,0.003
22427,0.004,0.006,0.000,0.003
22428,0.004,0.006,0.000,0.003
22429,0.004,0.006,0.000,0.003
22430,0.004,0.006,0.000,0.003
22431,0.004,0.006,0.000,0.003
22432,0.004,0.006,0.000,0.003
22433,0.004,0.006,0.000,0.003
22434,0.004,0.006,0.000,0.003
22435,0.004,0.006,0.000,0.003
22436,0.004,0.006,0.000,0.003
22437,0.004,0.006,0.000,0.003
22438,0.004,0.006,0.000,0.003
22439,0.004,0.006,0.000,0.003
22440,0.004,0.006,0.000,0.003
22441,0.004,0.006,0.000,0.003
22442,0.004,0.006,0.000,0.003
22443,0.004,0.006,0.000,0.003
22444,0.004,0.006,0.000,0.003
22445,0.004,0.006,0.000,0.003
22446,0.004,0.006,0.000,0.003
22447,0.004,0.006,0.000,0.003
22448,0.004,0.006,0.000,0.003
22449,0.004,0.006,0.000,0.003
22450,0.004,0.006,0.000,0.003
22451,0.004,0.006,0.000,0.003
22452,0.004,0.006,0.000,0.003
22453,0.004,0.006,0.000,0.003
22454,0.004,0.006,0.000,0.003
22455,0.004,0.006,0.000,0.003
22456,0.004,0.006,0.000,0.003
22457,0.004,0.006,0.000,0.003
22458,0.004,0.006,0.000,0.003
22459,0.004,0.006,0.000,0.003
22460,0.004,0.006,0.000,0.003
22461,0.004,0.006,0.000,0.003
22462,0.004,0.006,0.000,0.003
22463,0.004,0.006,0.000,0.003
22464,0.004,0.006,0.000,0.003
22465,0.004,0.006,0.000,0.003
22466,0.004,0.006,0.000,0.003
22467,0.004,0.006,0.000,0.003
22468,0.004,0.006,0.000,0.003
22469,0.004,0.006,0.000,0.003
22470,0.004,0.006,0.000,0.003
22471,0.004,0.006,0.000,0.003
22472,0.004,0.006,0.000,0.003
22473,0.004,0.006,0.000,0.003
22474,0.004,0.006,0.000,0.003
22475,0.004,0.006,0.000,0.003
22476,0.004,0.006,0.000,0.003
22477,0.004,0.006,0.000,0.003
22478,0.004,0.006,0.000,0.003
22479,0.004,0.006,0.000,0.003
22480,0.004,0.006,0.000,0.003
22481,0.004,0.006,0.000,0.003
22482,0.004,0.006,0.000,0.003
22483,0.004,0.006,0.000,0.003
22484,0.004,0.006,0.000,0.003
22485,0.004,0.006,0.000,0.003
22486,0.004,0.006,0.000,0.003
22487,0.004,0.006,0.000,0.003
22488,0.004,0.006,0.000,0.003
22489,0.004,0.006,0.000,0.003
22490,0.004,0.006,0.000,0.003
22491,0.004,0.006,0.000,0.003
22492,0.004,0.006,0.000,0.003
22493,0.004,0.006,0.000,0.003
22494,0.004,0.006,0.000,0.003
22495,0.004,0.006,0.000,0.003
22496,0.004,0.006,0.000,0.003
22497,0.004,0.006,0.000,0.003
22498,0.004,0.006,0.000,0.003
22499,0.004,0.006,0.000,0.003
22500,0.004,0.006,0.000,0.003
22501,0.004,0.006,0.000,0.003
22502,0.004,0.006,0.000,0.003
22503,0.004,0.006,0.000,0.003
22504,0.004,0.006,0.000,0.003
22505,0.004,0.006,0.000,0.003
22506,0.004,0.006,0.000,0.003
22507,0.004,0.006,0.000,0.003
22508,0.004,0.006,0.000,0.003
22509,0.004,0.006,0.000,0.003
22510,0.004,0.006,0.000,0.003
22511,0.004,0.006,0.000,0.003
22512,0.004,0.006,0.000,0.003
22513,0.004,0.006,0.000,0.003
22514,0.004,0.006,0.000,0.003
22515,0.004,0.006,0.000,0.003
22516,0.004,0.006,0.000,0.003
22517,0.004,0.006,0.000,0.003
22518,0.004,0.006,0.000,0.003
22519,0.004,0.006,0.000,0.003
22520,0.004,0.006,0.000,0.003
22521,0.004,0.006,0.000,0.003
22522,0.004,0.006,0.000,0.003
22523,0.004,0.006,0.000,0.003
22524,0.004,0.006,0.000,0.003
22525,0.004,0.006,0.000,0.003
22526,0.004,0.006,0.000,0.003
22527,0.004,0.006,0.000,0.003
22528,0.004,0.006,0.000,0.003
22529,0.004,0.006,0.000,0.003
22530,0.004,0.006,0.000,0.003
22531,0.004,0.006,0.000,0.003
22532,0.004,0.006,0.000,0.003
22533,0.004,0.006,0.000,0.003
22534,0.004,0.006,0.000,0.003
22535,0.004,0.006,0.000,0.003
22536,0.004,0.006,0.000,0.003
22537,0.004,0.006,0.000,0.003
22538,0.004,0.006,0.000,0.003
22539,0.004,0.006,0.000,0.003
22540,0.004,0.006,0.000,0.003
22541,0.004,0.006,0.000,0.003
22542,0.004,0.006,0.000,0.003
22543,0.004,0.006,0.000,0.003
22544,0.004,0.006,0.000,0.003
22545,0.004,0.006,0.000,0.003
22546,0.004,0.006,0.000,0.003
22547,0.004,0.006,0.000,0.003
22548,0.004,0.006,0.000,0.003
22549,0.004,0.006,0.000,0.003
22550,0.004,0.006,0.000,0.003
22551,0.004,0.006,0.000,0.003
22552,0.004,0.006,0.000,0.003
22553,0.004,0.006,0.000,0.003
22554,0.004,0.006,0.000,0.003
22555,0.004,0.006,0.000,0.003
22556,0.004,0.006,0.000,0.003
22557,0.004,0.006,0.000,0.003
22558,0.004,0.006,0.000,0.003
22559,0.004,0.006,0.000,0.003
22560,0.004,0.006,0.000,0.003
22561,0.004,0.006,0.000,0.003
22562,0.004,0.006,0.000,0.003
22563,0.004,0.006,0.000,0.003
22564,0.004,0.006,0.000,0.003
22565,0.004,0.006,0.000,0.003
22566,0.004,0.006,0.000,0.003
22567,0.004,0.006,0.000,0.003
22568,0.004,0.006,0.000,0.003
22569,0.004,0.006,0.000,0.003
22570,0.004,0.006,0.000,0.003
22571,0.004,0.006,0.000,0.003
22572,0.004,0.006,0.000,0.003
22573,0.004,0.006,0.000,0.003
22574,0.004,0.006,0.000,0.003
22575,0.004,0.006,0.000,0.003
22576,0.004,0.006,0.000,0.003
22577,0.004,0.006,0.000,0.003
22578,0.004,0.006,0.000,0.003
22579,0.004,0.006,0.000,0.003
22580,0.004,0.006,0.000,0.003
22581,0.004,0.006,0.000,0.003
22582,0.004,0.006,0.000,0.003
22583,0.004,0.006,0.000,0.003
22584,0.004,0.006,0.000,0.003
22585,0.004,0.006,0.000,0.003
22586,0.004,0.006,0.000,0.003
22587,0.004,0.006,0.000,0.003
22588,0.004,0.006,0.000,0.003
22589,0.004,0.006,0.000,0.003
22590,0.004,0.006,0.000,0.003
22591,0.004,0.006,0.000,0.003
22592,0.004,0.006,0.000,0.003
22593,0.004,0.006,0.000,0.003
22594,0.004,0.006,0.000,0.003
22595,0.004,0.006,0.000,0.003
22596,0.004,0.006,0.000,0.003
22597,0.004,0.006,0.000,0.003
22598,0.004,0.006,0.000,0.003
22599,0.004,0.006,0.000,0.003
22600,0.004,0.006,0.000,0.003
22601,0.004,0.006,0.000,0.003
22602,0.004,0.006,0.000,0.003
22603,0.004,0.006,0.000,0.003
22604,0.004,0.006,0.000,0.003
22605,0.004,0.006,0.000,0.003
22606,0.004,0.006,0.000,0.003
22607,0.004,0.006,0.000,0.003
22608,0.004,0.006,0.000,0.003
22609,0.004,0.006,0.000,0.003
22610,0.004,0.006,0.000,0.003
22611,0.004,0.006,0.000,0.003
22612,0.004,0.006,0.000,0.003
22613,0.004,0.006,0.000,0.003
22614,0.004,0.006,0.000,0.003
22615,0.004,0.006,0.000,0.003
22616,0.004,0.006,0.000,0.003
22617,0.004,0.006,0.000,0.003
22618,0.004,0.006,0.000,0.003
22619,0.004,0.006,0.000,0.003
22620,0.004,0.006,0.000,0.003
22621,0.004,0.006,0.000,0.003
22622,0.004,0.006,0.000,0.003
22623,0.004,0.006,0.000,0.003
22624,0.004,0.006,0.000,0.003
22625,0.004,0.006,0.000,0.003
22626,0.004,0.006,0.000,0.003
22627,0.004,0.006,0.000,0.003
22628,0.004,0.006,0.000,0.003
22629,0.004,0.006,0.000,0.003
22630,0.004,0.006,0.000,0.003
22631,0.004,0.006,0.000,0.003
22632,0.004,0.006,0.000,0.003
22633,0.004,0.006,0.000,0.003
22634,0.004,0.006,0.000,0.003
22635,0.004,0.006,0.000,0.003
22636,0.004,0.006,0.000,0.003
22637,0.004,0.006,0.000,0.003
22638,0.004,0.006,0.000,0.003
22639,0.004,0.006,0.000,0.003
22640,0.004,0.006,0.000,0.003
22641,0.004,0.006,0.000,0.003
22642,0.004,0.006,0.000,0.003
22643,0.004,0.006,0.000,0.003
22644,0.004,0.006,0.000,0.003
22645,0.004,0.006,0.000,0.003
22646,0.004,0.006,0.000,0.003
22647,0.004,0.006,0.000,0.003
22648,0.004,0.006,0.000,0.003
22649,0.004,0.006,0.000,0.003
22650,0.004,0.006,0.000,0.003
22651,0.004,0.006,0.000,0.003
22652,0.004,0.006,0.000,0.003
22653,0.004,0.006,0.000,0.003
22654,0.004,0.006,0.000,0.003
22655,0.004,0.006,0.000,0.003
22656,0.004,0.006,0.000,0.003
22657,0.004,0.006,0.000,0.003
22658,0.004,0.006,0.000,0.003
22659,0.004,0.006,0.000,0.003
22660,0.004,0.006,0.000,0.003
22661,0.004,0.006,0.000,0.003
22662,0.004,0.006,0.000,0.003
22663,0.004,0.006,0.000,0.003
22664,0.004,0.006,0.000,0.003
22665,0.004,0.006,0.000,0.003
22666,0.004,0.006,0.000,0.003
22667,0.004,0.006,0.000,0.003
22668,0.004,0.006,0.000,0.003
22669,0.004,0.006,0.000,0.003
22670,0.004,0.006,0.000,0.003
22671,0.004,0.006,0.000,0.003
22672,0.004,0.006,0.000,0.003
22673,0.004,0.006,0.000,0.003
22674,0.004,0.006,0.000,0.003
22675,0.004,0.006,0.000,0.003
22676,0.004,0.006,0.000,0.003
22677,0.004,0.006,0.000,0.003
22678,0.004,0.006,0.000,0.003
22679,0.004,0.006,0.000,0.003
22680,0.004,0.006,0.000,0.003
22681,0.004,0.006,0.000,0.003
22682,0.004,0.006,0.000,0.003
22683,0.004,0.006,0.000,0.003
22684,0.004,0.006,0.000,0.003
22685,0.004,0.006,0.000,0.003
22686,0.004,0.006,0.000,0.003
22687,0.004,0.006,0.000,0.003
22688,0.004,0.006,0.000,0.003
22689,0.004,0.006,0.000,0.003
22690,0.004,0.006,0.000,0.003
22691,0.004,0.006,0.000,0.003
22692,0.004,0.006,0.000,0.003
22693,0.004,0.006,0.000,0.003
22694,0.004,0.006,0.000,0.003
22695,0.004,0.006,0.000,0.003
22696,0.004,0.006,0.000,0.003
22697,0.004,0.006,0.000,0.003
22698,0.004,0.006,0.000,0.003
22699,0.004,0.006,0.000,0.003
22700,0.004,0.006,0.000,0.003
22701,0.004,0.006,0.000,0.003
22702,0.004,0.006,0.000,0.003
22703,0.004,0.006,0.000,0.003
22704,0.004,0.006,0.000,0.003
22705,0.004,0.006,0.000,0.003
22706,0.004,0.006,0.000,0.003
22707,0.004,0.006,0.000,0.003
22708,0.004,0.006,0.000,0.003
22709,0.004,0.006,0.000,0.003
22710,0.004,0.006,0.000,0.003
22711,0.004,0.006,0.000,0.003
22712,0.004,0.006,0.000,0.003
22713,0.004,0.006,0.000,0.003
22714,0.004,0.006,0.000,0.003
22715,0.004,0.006,0.000,0.003
22716,0.004,0.006,0.000,0.003
22717,0.004,0.006,0.000,0.003
22718,0.004,0.006,0.000,0.003
22719,0.004,0.006,0.000,0.003
22720,0.004,0.006,0.000,0.003
22721,0.004,0.006,0.000,0.003
22722,0.004,0.006,0.000,0.003
22723,0.004,0.006,0.000,0.003
22724,0.004,0.006,0.000,0.003
22725,0.004,0.006,0.000,0.003
22726,0.004,0.006,0.000,0.003
22727,0.004,0.006,0.000,0.003
22728,0.004,0.006,0.000,0.003
22729,0.004,0.006,0.000,0.003
22730,0.004,0.006,0.000,0.003
22731,0.004,0.006,0.000,0.003
22732,0.004,0.006,0.000,0.003
22733,0.004,0.006,0.000,0.003
22734,0.004,0.006,0.000,0.003
22735,0.004,0.006,0.000,0.003
22736,0.004,0.006,0.000,0.003
22737,0.004,0.006,0.000,0.003
22738,0.004,0.006,0.000,0.003
22739,0.004,0.006,0.000,0.003
22740,0.004,0.006,0.000,0.003
22741,0.004,0.006,0.000,0.003
22742,0.004,0.006,0.000,0.003
22743,0.004,0.006,0.000,0.003
22744,0.004,0.006,0.000,0.003
22745,0.004,0.006,0.000,0.003
22746,0.004,0.006,0.000,0.003
22747,0.004,0.006,0.000,0.003
22748,0.004,0.006,0.000,0.003
22749,0.004,0.006,0.000,0.003
22750,0.004,0.006,0.000,0.003
22751,0.004,0.006,0.000,0.003
22752,0.004,0.006,0.000,0.003
22753,0.004,0.006,0.000,0.003
22754,0.004,0.006,0.000,0.003
22755,0.004,0.006,0.000,0.003
22756,0.004,0.006,0.000,0.003
22757,0.004,0.006,0.000,0.003
22758,0.004,0.006,0.000,0.003
22759,0.004,0.006,0.000,0.003
22760,0.004,0.006,0.000,0.003
22761,0.004,0.006,0.000,0.003
22762,0.004,0.006,0.000,0.003
22763,0.004,0.006,0.000,0.003
22764,0.004,0.006,0.000,0.003
22765,0.004,0.006,0.000,0.003
22766,0.004,0.006,0.000,0.003
22767,0.004,0.006,0.000,0.003
22768,0.004,0.006,0.000,0.003
22769,0.004,0.006,0.000,0.003
22770,0.004,0.006,0.000,0.003
22771,0.004,0.006,0.000,0.003
22772,0.004,0.006,0.000,0.003
22773,0.004,0.006,0.000,0.003
22774,0.004,0.006,0.000,0.003
22775,0.004,0.006,0.000,0.003
22776,0.004,0.006,0.000,0.003
22777,0.004,0.006,0.000,0.003
22778,0.004,0.006,0.000,0.003
22779,0.004,0.006,0.000,0.003
22780,0.004,0.006,0.000,0.003
22781,0.004,0.006,0.000,0.003
22782,0.004,0.006,0.000,0.003
22783,0.004,0.006,0.000,0.003
22784,0.004,0.006,0.000,0.003
22785,0.004,0.006,0.000,0.003
22786,0.004,0.006,0.000,0.003
22787,0.004,0.006,0.000,0.003
22788,0.004,0.006,0.000,0.003
22789,0.004,0.006,0.000,0.003
22790,0.004,0.006,0.000,0.003
22791,0.004,0.006,0.000,0.003
22792,0.004,0.006,0.000,0.003
22793,0.004,0.006,0.000,0.003
22794,0.004,0.006,0.000,0.003
22795,0.004,0.006,0.000,0.003
22796,0.004,0.006,0.000,0.003
22797,0.004,0.006,0.000,0.003
22798,0.004,0.006,0.000,0.003
22799,0.004,0.006,0.000,0.003
22800,0.004,0.006,0.000,0.003
22801,0.004,0.006,0.000,0.003
22802,0.004,0.006,0.000,0.003
22803,0.004,0.006,0.000,0.003
22804,0.004,0.006,0.000,0.003
22805,0.004,0.006,0.000,0.003
22806,0.004,0.006,0.000,0.003
22807,0.004,0.006,0.000,0.003
22808,0.004,0.006,0.000,0.003
22809,0.004,0.006,0.000,0.003
22810,0.004,0.006,0.000,0.003
22811,0.004,0.006,0.000,0.003
22812,0.004,0.006,0.000,0.003
22813,0.004,0.006,0.000,0.003
22814,0.004,0.006,0.000,0.003
22815,0.004,0.006,0.000,0.003
22816,0.004,0.006,0.000,0.003
22817,0.004,0.006,0.000,0.003
22818,0.004,0.006,0.000,0.003
22819,0.004,0.006,0.000,0.003
22820,0.004,0.006,0.000,0.003
22821,0.004,0.006,0.000,0.003
22822,0.004,0.006,0.000,0.003
22823,0.004,0.006,0.000,0.003
22824,0.004,0.006,0.000,0.003
22825,0.004,0.006,0.000,0.003
22826,0.004,0.006,0.000,0.003
22827,0.004,0.006,0.000,0.003
22828,0.004,0.006,0.000,0.003
22829,0.004,0.006,0.000,0.003
22830,0.004,0.006,0.000,0.003
22831,0.004,0.006,0.000,0.003
22832,0.004,0.006,0.000,0.003
22833,0.004,0.006,0.000,0.003
22834,0.004,0.006,0.000,0.003
22835,0.004,0.006,0.000,0.003
22836,0.004,0.006,0.000,0.003
22837,0.004,0.006,0.000,0.003
22838,0.004,0.006,0.000,0.003
22839,0.004,0.006,0.000,0.003
22840,0.004,0.006,0.000,0.003
22841,0.004,0.006,0.000,0.003
22842,0.004,0.006,0.000,0.003
22843,0.004,0.006,0.000,0.003
22844,0.004,0.006,0.000,0.003
22845,0.004,0.006,0.000,0.003
22846,0.004,0.006,0.000,0.003
22847,0.004,0.006,0.000,0.003
22848,0.004,0.006,0.000,0.003
22849,0.004,0.006,0.000,0.003
22850,0.004,0.006,0.000,0.003
22851,0.004,0.006,0.000,0.003
22852,0.004,0.006,0.000,0.003
22853,0.004,0.006,0.000,0.003
22854,0.004,0.006,0.000,0.003
22855,0.004,0.006,0.000,0.003
22856,0.004,0.006,0.000,0.003
22857,0.004,0.006,0.000,0.003
22858,0.004,0.006,0.000,0.003
22859,0.004,0.006,0.000,0.003
22860,0.004,0.006,0.000,0.003
22861,0.004,0.006,0.000,0.003
22862,0.004,0.006,0.000,0.003
22863,0.004,0.006,0.000,0.003
22864,0.004,0.006,0.000,0.003
22865,0.004,0.006,0.000,0.003
22866,0.004,0.006,0.000,0.003
22867,0.004,0.006,0.000,0.003
22868,0.004,0.006,0.000,0.003
22869,0.004,0.006,0.000,0.003
22870,0.004,0.006,0.000,0.003
22871,0.004,0.006,0.000,0.003
22872,0.004,0.006,0.000,0.003
22873,0.004,0.006,0.000,0.003
22874,0.004,0.006,0.000,0.003
22875,0.004,0.006,0.000,0.003
22876,0.004,0.006,0.000,0.003
22877,0.004,0.006,0.000,0.003
22878,0.004,0.006,0.000,0.003
22879,0.004,0.006,0.000,0.003
22880,0.004,0.006,0.000,0.003
22881,0.004,0.006,0.000,0.003
22882,0.004,0.006,0.000,0.003
22883,0.004,0.006,0.000,0.003
22884,0.004,0.006,0.000,0.003
22885,0.004,0.006,0.000,0.003
22886,0.004,0.006,0.000,0.003
22887,0.004,0.006,0.000,0.003
22888,0.004,0.006,0.000,0.003
22889,0.004,0.006,0.000,0.003
22890,0.004,0.006,0.000,0.003
22891,0.004,0.006,0.000,0.003
22892,0.004,0.006,0.000,0.003
22893,0.004,0.006,0.000,0.003
22894,0.004,0.006,0.000,0.003
22895,0.004,0.006,0.000,0.003
22896,0.004,0.006,0.000,0.003
22897,0.004,0.006,0.000,0.003
22898,0.004,0.006,0.000,0.003
22899,0.004,0.006,0.000,0.003
22900,0.004,0.006,0.000,0.003
22901,0.004,0.006,0.000,0.003
22902,0.004,0.006,0.000,0.003
22903,0.004,0.006,0.000,0.003
22904,0.004,0.006,0.000,0.003
22905,0.004,0.006,0.000,0.003
22906,0.004,0.006,0.000,0.003
22907,0.004,0.006,0.000,0.003
22908,0.004,0.006,0.000,0.003
22909,0.004,0.006,0.000,0.003
22910,0.004,0.006,0.000,0.003
22911,0.004,0.006,0.000,0.003
22912,0.004,0.006,0.000,0.003
22913,0.004,0.006,0.000,0.003
22914,0.004,0.006,0.000,0.003
22915,0.004,0.006,0.000,0.003
22916,0.004,0.006,0.000,0.003
22917,0.004,0.006,0.000,0.003
22918,0.004,0.006,0.000,0.003
22919,0.004,0.006,0.000,0.003
22920,0.004,0.006,0.000,0.003
22921,0.004,0.006,0.000,0.003
22922,0.004,0.006,0.000,0.003
22923,0.004,0.006,0.000,0.003
22924,0.004,0.006,0.000,0.003
22925,0.004,0.006,0.000,0.003
22926,0.004,0.006,0.000,0.003
22927,0.004,0.006,0.000,0.003
22928,0.004,0.006,0.000,0.003
22929,0.004,0.006,0.000,0.003
22930,0.004,0.006,0.000,0.003
22931,0.004,0.006,0.000,0.003
22932,0.004,0.006,0.000,0.003
22933,0.004,0.006,0.000,0.003
22934,0.004,0.006,0.000,0.003
22935,0.004,0.006,0.000,0.003
22936,0.004,0.006,0.000,0.003
22937,0.004,0.006,0.000,0.003
22938,0.004,0.006,0.000,0.003
22939,0.004,0.006,0.000,0.003
22940,0.004,0.006,0.000,0.003
22941,0.004,0.006,0.000,0.003
22942,0.004,0.006,0.000,0.003
22943,0.004,0.006,0.000,0.003
22944,0.004,0.006,0.000,0.003
22945,0.004,0.006,0.000,0.003
22946,0.004,0.006,0.000,0.003
22947,0.004,0.006,0.000,0.003
22948,0.004,0.006,0.000,0.003
22949,0.004,0.006,0.000,0.003
22950,0.004,0.006,0.000,0.003
22951,0.004,0.006,0.000,0.003
22952,0.004,0.006,0.000,0.003
22953,0.004,0.006,0.000,0.003
22954,0.004,0.006,0.000,0.003
22955,0.004,0.006,0.000,0.003
22956,0.004,0.006,0.000,0.003
22957,0.004,0.006,0.000,0.003
22958,0.004,0.006,0.000,0.003
22959,0.004,0.006,0.000,0.003
22960,0.004,0.006,0.000,0.003
22961,0.004,0.006,0.000,0.003
22962,0.004,0.006,0.000,0.003
22963,0.004,0.006,0.000,0.003
22964,0.004,0.006,0.000,0.003
22965,0.004,0.006,0.000,0.003
22966,0.004,0.006,0.000,0.003
22967,0.004,0.006,0.000,0.003
22968,0.004,0.006,0.000,0.003
22969,0.004,0.006,0.000,0.003
22970,0.004,0.006,0.000,0.003
22971,0.004,0.006,0.000,0.003
22972,0.004,0.006,0.000,0.003
22973,0.004,0.006,0.000,0.003
22974,0.004,0.006,0.000,0.003
22975,0.004,0.006,0.000,0.003
22976,0.004,0.006,0.000,0.003
22977,0.004,0.006,0.000,0.003
22978,0.004,0.006,0.000,0.003
22979,0.004,0.006,0.000,0.003
22980,0.004,0.006,0.000,0.003
22981,0.004,0.006,0.000,0.003
22982,0.004,0.006,0.000,0.003
22983,0.004,0.006,0.000,0.003
22984,0.004,0.006,0.000,0.003
22985,0.004,0.006,0.000,0.003
22986,0.004,0.006,0.000,0.003
22987,0.004,0.006,0.000,0.003
22988,0.004,0.006,0.000,0.003
22989,0.004,0.006,0.000,0.003
22990,0.004,0.006,0.000,0.003
22991,0.004,0.006,0.000,0.003
22992,0.004,0.006,0.000,0.003
22993,0.004,0.006,0.000,0.003
22994,0.004,0.006,0.000,0.003
22995,0.004,0.006,0.000,0.003
22996,0.004,0.006,0.000,0.003
22997,0.004,0.006,0.000,0.003
22998,0.004,0.006,0.000,0.003
22999,0.004,0.006,0.000,0.003
23000,0.004,0.006,0.000,0.003
23001,0.004,0.006,0.000,0.003
23002,0.004,0.006,0.000,0.003
23003,0.004,0.006,0.000,0.003
23004,0.004,0.006,0.000,0.003
23005,0.004,0.006,0.000,0.003
23006,0.004,0.006,0.000,0.003
23007,0.004,0.006,0.000,0.003
23008,0.004,0.006,0.000,0.003
23009,0.004,0.006,0.000,0.003
23010,0.004,0.006,0.000,0.003
23011,0.004,0.006,0.000,0.003
23012,0.004,0.006,0.000,0.003
23013,0.004,0.006,0.000,0.003
23014,0.004,0.006,0.000,0.003
23015,0.004,0.006,0.000,0.003
23016,0.004,0.006,0.000,0.003
23017,0.004,0.006,0.000,0.003
23018,0.004,0.006,0.000,0.003
23019,0.004,0.006,0.000,0.003
23020,0.004,0.006,0.000,0.003
23021,0.004,0.006,0.000,0.003
23022,0.004,0.006,0.000,0.003
23023,0.004,0.006,0.000,0.003
23024,0.004,0.006,0.000,0.003
23025,0.004,0.006,0.000,0.003
23026,0.004,0.006,0.000,0.003
23027,0.004,0.006,0.000,0.003
23028,0.004,0.006,0.000,0.003
23029,0.004,0.006,0.000,0.003
23030,0.004,0.006,0.000,0.003
23031,0.004,0.006,0.000,0.003
23032,0.004,0.006,0.000,0.003
23033,0.004,0.006,0.000,0.003
23034,0.004,0.006,0.000,0.003
23035,0.004,0.006,0.000,0.003
23036,0.004,0.006,0.000,0.003
23037,0.004,0.006,0.000,0.003
23038,0.004,0.006,0.000,0.003
23039,0.004,0.006,0.000,0.003
23040,0.004,0.006,0.000,0.003
23041,0.004,0.006,0.000,0.003
23042,0.004,0.006,0.000,0.003
23043,0.004,0.006,0.000,0.003
23044,0.004,0.006,0.000,0.003
23045,0.004,0.006,0.000,0.003
23046,0.004,0.006,0.000,0.003
23047,0.004,0.006,0.000,0.003
23048,0.004,0.006,0.000,0.003
23049,0.004,0.006,0.000,0.003
23050,0.004,0.006,0.000,0.003
23051,0.004,0.006,0.000,0.003
23052,0.004,0.006,0.000,0.003
23053,0.004,0.006,0.000,0.003
23054,0.004,0.006,0.000,0.003
23055,0.004,0.006,0.000,0.003
23056,0.004,0.006,0.000,0.003
23057,0.004,0.006,0.000,0.003
23058,0.004,0.006,0.000,0.003
23059,0.004,0.006,0.000,0.003
23060,0.004,0.006,0.000,0.003
23061,0.004,0.006,0.000,0.003
23062,0.004,0.006,0.000,0.003
23063,0.004,0.006,0.000,0.003
23064,0.004,0.006,0.000,0.003
23065,0.004,0.006,0.000,0.003
23066,0.004,0.006,0.000,0.003
23067,0.004,0.006,0.000,0.003
23068,0.004,0.006,0.000,0.003
23069,0.004,0.006,0.000,0.003
23070,0.004,0.006,0.000,0.003
23071,0.004,0.006,0.000,0.003
23072,0.004,0.006,0.000,0.003
23073,0.004,0.006,0.000,0.003
23074,0.004,0.006,0.000,0.003
23075,0.004,0.006,0.000,0.003
23076,0.004,0.006,0.000,0.003
23077,0.004,0.006,0.000,0.003
23078,0.004,0.006,0.000,0.003
23079,0.004,0.006,0.000,0.003
23080,0.004,0.006,0.000,0.003
23081,0.004,0.006,0.000,0.003
23082,0.004,0.006,0.000,0.003
23083,0.004,0.006,0.000,0.003
23084,0.004,0.006,0.000,0.003
23085,0.004,0.006,0.000,0.003
23086,0.004,0.006,0.000,0.003
23087,0.004,0.006,0.000,0.003
23088,0.004,0.006,0.000,0.003
23089,0.004,0.006,0.000,0.003
23090,0.004,0.006,0.000,0.003
23091,0.004,0.006,0.000,0.003
23092,0.004,0.006,0.000,0.003
23093,0.004,0.006,0.000,0.003
23094,0.004,0.006,0.000,0.003
23095,0.004,0.006,0.000,0.003
23096,0.004,0.006,0.000,0.003
23097,0.004,0.006,0.000,0.003
23098,0.004,0.006,0.000,0.003
23099,0.004,0.006,0.000,0.003
23100,0.004,0.006,0.000,0.003
23101,0.004,0.006,0.000,0.003
23102,0.004,0.006,0.000,0.003
23103,0.004,0.006,0.000,0.003
23104,0.004,0.006,0.000,0.003
23105,0.004,0.006,0.000,0.003
23106,0.004,0.006,0.000,0.003
23107,0.004,0.006,0.000,0.003
23108,0.004,0.006,0.000,0.003
23109,0.004,0.006,0.000,0.003
23110,0.004,0.006,0.000,0.003
23111,0.004,0.006,0.000,0.003
23112,0.004,0.006,0.000,0.003
23113,0.004,0.006,0.000,0.003
23114,0.004,0.006,0.000,0.003
23115,0.004,0.006,0.000,0.003
23116,0.004,0.006,0.000,0.003
23117,0.004,0.006,0.000,0.003
23118,0.004,0.006,0.000,0.003
23119,0.004,0.006,0.000,0.003
23120,0.004,0.006,0.000,0.003
23121,0.004,0.006,0.000,0.003
23122,0.004,0.006,0.000,0.003
23123,0.004,0.006,0.000,0.003
23124,0.004,0.006,0.000,0.003
23125,0.004,0.006,0.000,0.003
23126,0.004,0.006,0.000,0.003
23127,0.004,0.006,0.000,0.003
23128,0.004,0.006,0.000,0.003
23129,0.004,0.006,0.000,0.003
23130,0.004,0.006,0.000,0.003
23131,0.004,0.006,0.000,0.003
23132,0.004,0.006,0.000,0.003
23133,0.004,0.006,0.000,0.003
23134,0.004,0.006,0.000,0.003
23135,0.004,0.006,0.000,0.003
23136,0.004,0.006,0.000,0.003
23137,0.004,0.006,0.000,0.003
23138,0.004,0.006,0.000,0.003
23139,0.004,0.006,0.000,0.003
23140,0.004,0.006,0.000,0.003
23141,0.004,0.006,0.000,0.003
23142,0.004,0.006,0.000,0.003
23143,0.004,0.006,0.000,0.003
23144,0.004,0.006,0.000,0.003
23145,0.004,0.006,0.000,0.003
23146,0.004,0.006,0.000,0.003
23147,0.004,0.006,0.000,0.003
23148,0.004,0.006,0.000,0.003
23149,0.004,0.006,0.000,0.003
23150,0.004,0.006,0.000,0.003
23151,0.004,0.006,0.000,0.003
23152,0.004,0.006,0.000,0.003
23153,0.004,0.006,0.000,0.003
23154,0.004,0.006,0.000,0.003
23155,0.004,0.006,0.000,0.003
23156,0.004,0.006,0.000,0.003
23157,0.004,0.006,0.000,0.003
23158,0.004,0.006,0.000,0.003
23159,0.004,0.006,0.000,0.003
23160,0.004,0.006,0.000,0.003
23161,0.004,0.006,0.000,0.003
23162,0.004,0.006,0.000,0.003
23163,0.004,0.006,0.000,0.003
23164,0.004,0.006,0.000,0.003
23165,0.004,0.006,0.000,0.003
23166,0.004,0.006,0.000,0.003
23167,0.004,0.006,0.000,0.003
23168,0.004,0.006,0.000,0.003
23169,0.004,0.006,0.000,0.003
23170,0.004,0.006,0.000,0.003
23171,0.004,0.006,0.000,0.003
23172,0.004,0.006,0.000,0.003
23173,0.004,0.006,0.000,0.003
23174,0.004,0.006,0.000,0.003
23175,0.004,0.006,0.000,0.003
23176,0.004,0.006,0.000,0.003
23177,0.004,0.006,0.000,0.003
23178,0.004,0.006,0.000,0.003
23179,0.004,0.006,0.000,0.003
23180,0.004,0.006,0.000,0.003
23181,0.004,0.006,0.000,0.003
23182,0.004,0.006,0.000,0.003
23183,0.004,0.006,0.000,0.003
23184,0.004,0.006,0.000,0.003
23185,0.004,0.006,0.000,0.003
23186,0.004,0.006,0.000,0.003
23187,0.004,0.006,0.000,0.003
23188,0.004,0.006,0.000,0.003
23189,0.004,0.006,0.000,0.003
23190,0.004,0.006,0.000,0.003
23191,0.004,0.006,0.000,0.003
23192,0.004,0.006,0.000,0.003
23193,0.004,0.006,0.000,0.003
23194,0.004,0.006,0.000,0.003
23195,0.004,0.006,0.000,0.003
23196,0.004,0.006,0.000,0.003
23197,0.004,0.006,0.000,0.003
23198,0.004,0.006,0.000,0.003
23199,0.004,0.006,0.000,0.003
23200,0.004,0.006,0.000,0.003
23201,0.004,0.006,0.000,0.003
23202,0.004,0.006,0.000,0.003
23203,0.004,0.006,0.000,0.003
23204,0.004,0.006,0.000,0.003
23205,0.004,0.006,0.000,0.003
23206,0.004,0.006,0.000,0.003
23207,0.004,0.006,0.000,0.003
23208,0.004,0.006,0.000,0.003
23209,0.004,0.006,0.000,0.003
23210,0.004,0.006,0.000,0.003
23211,0.004,0.006,0.000,0.003
23212,0.004,0.006,0.000,0.003
23213,0.004,0.006,0.000,0.003
23214,0.004,0.006,0.000,0.003
23215,0.004,0.006,0.000,0.003
23216,0.004,0.006,0.000,0.003
23217,0.004,0.006,0.000,0.003
23218,0.004,0.006,0.000,0.003
23219,0.004,0.006,0.000,0.003
23220,0.004,0.006,0.000,0.003
23221,0.004,0.006,0.000,0.003
23222,0.004,0.006,0.000,0.003
23223,0.004,0.006,0.000,0.003
23224,0.004,0.006,0.000,0.003
23225,0.004,0.006,0.000,0.003
23226,0.004,0.006,0.000,0.003
23227,0.004,0.006,0.000,0.003
23228,0.004,0.006,0.000,0.003
23229,0.004,0.006,0.000,0.003
23230,0.004,0.006,0.000,0.003
23231,0.004,0.006,0.000,0.003
23232,0.004,0.006,0.000,0.003
23233,0.004,0.006,0.000,0.003
23234,0.004,0.006,0.000,0.003
23235,0.004,0.006,0.000,0.003
23236,0.004,0.006,0.000,0.003
23237,0.004,0.006,0.000,0.003
23238,0.004,0.006,0.000,0.003
23239,0.004,0.006,0.000,0.003
23240,0.004,0.006,0.000,0.003
23241,0.004,0.006,0.000,0.003
23242,0.004,0.006,0.000,0.003
23243,0.004,0.006,0.000,0.003
23244,0.004,0.006,0.000,0.003
23245,0.004,0.006,0.000,0.003
23246,0.004,0.006,0.000,0.003
23247,0.004,0.006,0.000,0.003
23248,0.004,0.006,0.000,0.003
23249,0.004,0.006,0.000,0.003
23250,0.004,0.006,0.000,0.003
23251,0.004,0.006,0.000,0.003
23252,0.004,0.006,0.000,0.003
23253,0.004,0.006,0.000,0.003
23254,0.004,0.006,0.000,0.003
23255,0.004,0.006,0.000,0.003
23256,0.004,0.006,0.000,0.003
23257,0.004,0.006,0.000,0.003
23258,0.004,0.006,0.000,0.003
23259,0.004,0.006,0.000,0.003
23260,0.004,0.006,0.000,0.003
23261,0.004,0.006,0.000,0.003
23262,0.004,0.006,0.000,0.003
23263,0.004,0.006,0.000,0.003
23264,0.004,0.006,0.000,0.003
23265,0.004,0.006,0.000,0.003
23266,0.004,0.006,0.000,0.003
23267,0.004,0.006,0.000,0.003
23268,0.004,0.006,0.000,0.003
23269,0.004,0.006,0.000,0.003
23270,0.004,0.006,0.000,0.003
23271,0.004,0.006,0.000,0.003
23272,0.004,0.006,0.000,0.003
23273,0.004,0.006,0.000,0.003
23274,0.004,0.006,0.000,0.003
23275,0.004,0.006,0.000,0.003
23276,0.004,0.006,0.000,0.003
23277,0.004,0.006,0.000,0.003
23278,0.004,0.006,0.000,0.003
23279,0.004,0.006,0.000,0.003
23280,0.004,0.006,0.000,0.003
23281,0.004,0.006,0.000,0.003
23282,0.004,0.006,0.000,0.003
23283,0.004,0.006,0.000,0.003
23284,0.004,0.006,0.000,0.003
23285,0.004,0.006,0.000,0.003
23286,0.004,0.006,0.000,0.003
23287,0.004,0.006,0.000,0.003
23288,0.004,0.006,0.000,0.003
23289,0.004,0.006,0.000,0.003
23290,0.004,0.006,0.000,0.003
23291,0.004,0.006,0.000,0.003
23292,0.004,0.006,0.000,0.003
23293,0.004,0.006,0.000,0.003
23294,0.004,0.006,0.000,0.003
23295,0.004,0.006,0.000,0.003
23296,0.004,0.006,0.000,0.003
23297,0.004,0.006,0.000,0.003
23298,0.004,0.006,0.000,0.003
23299,0.004,0.006,0.000,0.003
23300,0.004,0.006,0.000,0.003
23301,0.004,0.006,0.000,0.003
23302,0.004,0.006,0.000,0.003
23303,0.004,0.006,0.000,0.003
23304,0.004,0.006,0.000,0.003
23305,0.004,0.006,0.000,0.003
23306,0.004,0.006,0.000,0.003
23307,0.004,0.006,0.000,0.003
23308,0.004,0.006,0.000,0.003
23309,0.004,0.006,0.000,0.003
23310,0.004,0.006,0.000,0.003
23311,0.004,0.006,0.000,0.003
23312,0.004,0.006,0.000,0.003
23313,0.004,0.006,0.000,0.003
23314,0.004,0.006,0.000,0.003
23315,0.004,0.006,0.000,0.003
23316,0.004,0.006,0.000,0.003
23317,0.004,0.006,0.000,0.003
23318,0.004,0.006,0.000,0.003
23319,0.004,0.006,0.000,0.003
23320,0.004,0.006,0.000,0.003
23321,0.004,0.006,0.000,0.003
23322,0.004,0.006,0.000,0.003
23323,0.004,0.006,0.000,0.003
23324,0.004,0.006,0.000,0.003
23325,0.004,0.006,0.000,0.003
23326,0.004,0.006,0.000,0.003
23327,0.004,0.006,0.000,0.003
23328,0.004,0.006,0.000,0.003
23329,0.004,0.006,0.000,0.003
23330,0.004,0.006,0.000,0.003
23331,0.004,0.006,0.000,0.003
23332,0.004,0.006,0.000,0.003
23333,0.004,0.006,0.000,0.003
23334,0.004,0.006,0.000,0.003
23335,0.004,0.006,0.000,0.003
23336,0.004,0.006,0.000,0.003
23337,0.004,0.006,0.000,0.003
23338,0.004,0.006,0.000,0.003
23339,0.004,0.006,0.000,0.003
23340,0.004,0.006,0.000,0.003
23341,0.004,0.006,0.000,0.003
23342,0.004,0.006,0.000,0.003
23343,0.004,0.006,0.000,0.003
23344,0.004,0.006,0.000,0.003
23345,0.004,0.006,0.000,0.003
23346,0.004,0.006,0.000,0.003
23347,0.004,0.006,0.000,0.003
23348,0.004,0.006,0.000,0.003
23349,0.004,0.006,0.000,0.003
23350,0.004,0.006,0.000,0.003
23351,0.004,0.006,0.000,0.003
23352,0.004,0.006,0.000,0.003
23353,0.004,0.006,0.000,0.003
23354,0.004,0.006,0.000,0.003
23355,0.004,0.006,0.000,0.003
23356,0.004,0.006,0.000,0.003
23357,0.004,0.006,0.000,0.003
23358,0.004,0.006,0.000,0.003
23359,0.004,0.006,0.000,0.003
23360,0.004,0.006,0.000,0.003
23361,0.004,0.006,0.000,0.003
23362,0.004,0.006,0.000,0.003
23363,0.004,0.006,0.000,0.003
23364,0.004,0.006,0.000,0.003
23365,0.004,0.006,0.000,0.003
23366,0.004,0.006,0.000,0.003
23367,0.004,0.006,0.000,0.003
23368,0.004,0.006,0.000,0.003
23369,0.004,0.006,0.000,0.003
23370,0.004,0.006,0.000,0.003
23371,0.004,0.006,0.000,0.003
23372,0.004,0.006,0.000,0.003
23373,0.004,0.006,0.000,0.003
23374,0.004,0.006,0.000,0.003
23375,0.004,0.006,0.000,0.003
23376,0.004,0.006,0.000,0.003
23377,0.004,0.006,0.000,0.003
23378,0.004,0.006,0.000,0.003
23379,0.004,0.006,0.000,0.003
23380,0.004,0.006,0.000,0.003
23381,0.004,0.006,0.000,0.003
23382,0.004,0.006,0.000,0.003
23383,0.004,0.006,0.000,0.003
23384,0.004,0.006,0.000,0.003
23385,0.004,0.006,0.000,0.003
23386,0.004,0.006,0.000,0.003
23387,0.004,0.006,0.000,0.003
23388,0.004,0.006,0.000,0.003
23389,0.004,0.006,0.000,0.003
23390,0.004,0.006,0.000,0.003
23391,0.004,0.006,0.000,0.003
23392,0.004,0.006,0.000,0.003
23393,0.004,0.006,0.000,0.003
23394,0.004,0.006,0.000,0.003
23395,0.004,0.006,0.000,0.003
23396,0.004,0.006,0.000,0.003
23397,0.004,0.006,0.000,0.003
23398,0.004,0.006,0.000,0.003
23399,0.004,0.006,0.000,0.003
23400,0.004,0.006,0.000,0.003
23401,0.004,0.006,0.000,0.003
23402,0.004,0.006,0.000,0.003
23403,0.004,0.006,0.000,0.003
23404,0.004,0.006,0.000,0.003
23405,0.004,0.006,0.000,0.003
23406,0.004,0.006,0.000,0.003
23407,0.004,0.006,0.000,0.003
23408,0.004,0.006,0.000,0.003
23409,0.004,0.006,0.000,0.003
23410,0.004,0.006,0.000,0.003
23411,0.004,0.006,0.000,0.003
23412,0.004,0.006,0.000,0.003
23413,0.004,0.006,0.000,0.003
23414,0.004,0.006,0.000,0.003
23415,0.004,0.006,0.000,0.003
23416,0.004,0.006,0.000,0.003
23417,0.004,0.006,0.000,0.003
23418,0.004,0.006,0.000,0.003
23419,0.004,0.006,0.000,0.003
23420,0.004,0.006,0.000,0.003
23421,0.004,0.006,0.000,0.003
23422,0.004,0.006,0.000,0.003
23423,0.004,0.006,0.000,0.003
23424,0.004,0.006,0.000,0.003
23425,0.004,0.006,0.000,0.003
23426,0.004,0.006,0.000,0.003
23427,0.004,0.006,0.000,0.003
23428,0.004,0.006,0.000,0.003
23429,0.004,0.006,0.000,0.003
23430,0.004,0.006,0.000,0.003
23431,0.004,0.006,0.000,0.003
23432,0.004,0.006,0.000,0.003
23433,0.004,0.006,0.000,0.003
23434,0.004,0.006,0.000,0.003
23435,0.004,0.006,0.000,0.003
23436,0.004,0.006,0.000,0.003
23437,0.004,0.006,0.000,0.003
23438,0.004,0.006,0.000,0.003
23439,0.004,0.006,0.000,0.003
23440,0.004,0.006,0.000,0.003
23441,0.004,0.006,0.000,0.003
23442,0.004,0.006,0.000,0.003
23443,0.004,0.006,0.000,0.003
23444,0.004,0.006,0.000,0.003
23445,0.004,0.006,0.000,0.003
23446,0.004,0.006,0.000,0.003
23447,0.004,0.006,0.000,0.003
23448,0.004,0.006,0.000,0.003
23449,0.004,0.006,0.000,0.003
23450,0.004,0.006,0.000,0.003
23451,0.004,0.006,0.000,0.003
23452,0.004,0.006,0.000,0.003
23453,0.004,0.006,0.000,0.003
23454,0.004,0.006,0.000,0.003
23455,0.004,0.006,0.000,0.003
23456,0.004,0.006,0.000,0.003
23457,0.004,0.006,0.000,0.003
23458,0.004,0.006,0.000,0.003
23459,0.004,0.006,0.000,0.003
23460,0.004,0.006,0.000,0.003
23461,0.004,0.006,0.000,0.003
23462,0.004,0.006,0.000,0.003
23463,0.004,0.006,0.000,0.003
23464,0.004,0.006,0.000,0.003
23465,0.004,0.006,0.000,0.003
23466,0.004,0.006,0.000,0.003
23467,0.004,0.006,0.000,0.003
23468,0.004,0.006,0.000,0.003
23469,0.004,0.006,0.000,0.003
23470,0.004,0.006,0.000,0.003
23471,0.004,0.006,0.000,0.003
23472,0.004,0.006,0.000,0.003
23473,0.004,0.006,0.000,0.003
23474,0.004,0.006,0.000,0.003
23475,0.004,0.006,0.000,0.003
23476,0.004,0.006,0.000,0.003
23477,0.004,0.006,0.000,0.003
23478,0.004,0.006,0.000,0.003
23479,0.004,0.006,0.000,0.003
23480,0.004,0.006,0.000,0.003
23481,0.004,0.006,0.000,0.003
23482,0.004,0.006,0.000,0.003
23483,0.004,0.006,0.000,0.003
23484,0.004,0.006,0.000,0.003
23485,0.004,0.006,0.000,0.003
23486,0.004,0.006,0.000,0.003
23487,0.004,0.006,0.000,0.003
23488,0.004,0.006,0.000,0.003
23489,0.004,0.006,0.000,0.003
23490,0.004,0.006,0.000,0.003
23491,0.004,0.006,0.000,0.003
23492,0.004,0.006,0.000,0.003
23493,0.004,0.006,0.000,0.003
23494,0.004,0.006,0.000,0.003
23495,0.004,0.006,0.000,0.003
23496,0.004,0.006,0.000,0.003
23497,0.004,0.006,0.000,0.003
23498,0.004,0.006,0.000,0.003
23499,0.004,0.006,0.000,0.003
23500,0.004,0.006,0.000,0.003
23501,0.004,0.006,0.000,0.003
23502,0.004,0.006,0.000,0.003
23503,0.004,0.006,0.000,0.003
23504,0.004,0.006,0.000,0.003
23505,0.004,0.006,0.000,0.003
23506,0.004,0.006,0.000,0.003
23507,0.004,0.006,0.000,0.003
23508,0.004,0.006,0.000,0.003
23509,0.004,0.006,0.000,0.003
23510,0.004,0.006,0.000,0.003
23511,0.004,0.006,0.000,0.003
23512,0.004,0.006,0.000,0.003
23513,0.004,0.006,0.000,0.003
23514,0.004,0.006,0.000,0.003
23515,0.004,0.006,0.000,0.003
23516,0.004,0.006,0.000,0.003
23517,0.004,0.006,0.000,0.003
23518,0.004,0.006,0.000,0.003
23519,0.004,0.006,0.000,0.003
23520,0.004,0.006,0.000,0.003
23521,0.004,0.006,0.000,0.003
23522,0.004,0.006,0.000,0.003
23523,0.004,0.006,0.000,0.003
23524,0.004,0.006,0.000,0.003
23525,0.004,0.006,0.000,0.003
23526,0.004,0.006,0.000,0.003
23527,0.004,0.006,0.000,0.003
23528,0.004,0.006,0.000,0.003
23529,0.004,0.006,0.000,0.003
23530,0.004,0.006,0.000,0.003
23531,0.004,0.006,0.000,0.003
23532,0.004,0.006,0.000,0.003
23533,0.004,0.006,0.000,0.003
23534,0.004,0.006,0.000,0.003
23535,0.004,0.006,0.000,0.003
23536,0.004,0.006,0.000,0.003
23537,0.004,0.006,0.000,0.003
23538,0.004,0.006,0.000,0.003
23539,0.004,0.006,0.000,0.003
23540,0.004,0.006,0.000,0.003
23541,0.004,0.006,0.000,0.003
23542,0.004,0.006,0.000,0.003
23543,0.004,0.006,0.000,0.003
23544,0.004,0.006,0.000,0.003
23545,0.004,0.006,0.000,0.003
23546,0.004,0.006,0.000,0.003
23547,0.004,0.006,0.000,0.003
23548,0.004,0.006,0.000,0.003
23549,0.004,0.006,0.000,0.003
23550,0.004,0.006,0.000,0.003
23551,0.004,0.006,0.000,0.003
23552,0.004,0.006,0.000,0.003
23553,0.004,0.006,0.000,0.003
23554,0.004,0.006,0.000,0.003
23555,0.004,0.006,0.000,0.003
23556,0.004,0.006,0.000,0.003
23557,0.004,0.006,0.000,0.003
23558,0.004,0.006,0.000,0.003
23559,0.004,0.006,0.000,0.003
23560,0.004,0.006,0.000,0.003
23561,0.004,0.006,0.000,0.003
23562,0.004,0.006,0.000,0.003
23563,0.004,0.006,0.000,0.003
23564,0.004,0.006,0.000,0.003
23565,0.004,0.006,0.000,0.003
23566,0.004,0.006,0.000,0.003
23567,0.004,0.006,0.000,0.003
23568,0.004,0.006,0.000,0.003
23569,0.004,0.006,0.000,0.003
23570,0.004,0.006,0.000,0.003
23571,0.004,0.006,0.000,0.003
23572,0.004,0.006,0.000,0.003
23573,0.004,0.006,0.000,0.003
23574,0.004,0.006,0.000,0.003
23575,0.004,0.006,0.000,0.003
23576,0.004,0.006,0.000,0.003
23577,0.004,0.006,0.000,0.003
23578,0.004,0.006,0.000,0.003
23579,0.004,0.006,0.000,0.003
23580,0.004,0.006,0.000,0.003
23581,0.004,0.006,0.000,0.003
23582,0.004,0.006,0.000,0.003
23583,0.004,0.006,0.000,0.003
23584,0.004,0.006,0.000,0.003
23585,0.004,0.006,0.000,0.003
23586,0.004,0.006,0.000,0.003
23587,0.004,0.006,0.000,0.003
23588,0.004,0.006,0.000,0.003
23589,0.004,0.006,0.000,0.003
23590,0.004,0.006,0.000,0.003
23591,0.004,0.006,0.000,0.003
23592,0.004,0.006,0.000,0.003
23593,0.004,0.006,0.000,0.003
23594,0.004,0.006,0.000,0.003
23595,0.004,0.006,0.000,0.003
23596,0.004,0.006,0.000,0.003
23597,0.004,0.006,0.000,0.003
23598,0.004,0.006,0.000,0.003
23599,0.004,0.006,0.000,0.003
23600,0.004,0.006,0.000,0.003
23601,0.004,0.006,0.000,0.003
23602,0.004,0.006,0.000,0.003
23603,0.004,0.006,0.000,0.003
23604,0.004,0.006,0.000,0.003
23605,0.004,0.006,0.000,0.003
23606,0.004,0.006,0.000,0.003
23607,0.004,0.006,0.000,0.003
23608,0.004,0.006,0.000,0.003
23609,0.004,0.006,0.000,0.003
23610,0.004,0.006,0.000,0.003
23611,0.004,0.006,0.000,0.003
23612,0.004,0.006,0.000,0.003
23613,0.004,0.006,0.000,0.003
23614,0.004,0.006,0.000,0.003
23615,0.004,0.006,0.000,0.003
23616,0.004,0.006,0.000,0.003
23617,0.004,0.006,0.000,0.003
23618,0.004,0.006,0.000,0.003
23619,0.004,0.006,0.000,0.003
23620,0.004,0.006,0.000,0.003
23621,0.004,0.006,0.000,0.003
23622,0.004,0.006,0.000,0.003
23623,0.004,0.006,0.000,0.003
23624,0.004,0.006,0.000,0.003
23625,0.004,0.006,0.000,0.003
23626,0.004,0.006,0.000,0.003
23627,0.004,0.006,0.000,0.003
23628,0.004,0.006,0.000,0.003
23629,0.004,0.006,0.000,0.003
23630,0.004,0.006,0.000,0.003
23631,0.004,0.006,0.000,0.003
23632,0.004,0.006,0.000,0.003
23633,0.004,0.006,0.000,0.003
23634,0.004,0.006,0.000,0.003
23635,0.004,0.006,0.000,0.003
23636,0.004,0.006,0.000,0.003
23637,0.004,0.006,0.000,0.003
23638,0.004,0.006,0.000,0.003
23639,0.004,0.006,0.000,0.003
23640,0.004,0.006,0.000,0.003
23641,0.004,0.006,0.000,0.003
23642,0.004,0.006,0.000,0.003
23643,0.004,0.006,0.000,0.003
23644,0.004,0.006,0.000,0.003
23645,0.004,0.006,0.000,0.003
23646,0.004,0.006,0.000,0.003
23647,0.004,0.006,0.000,0.003
23648,0.004,0.006,0.000,0.003
23649,0.004,0.006,0.000,0.003
23650,0.004,0.006,0.000,0.003
23651,0.004,0.006,0.000,0.003
23652,0.004,0.006,0.000,0.003
23653,0.004,0.006,0.000,0.003
23654,0.004,0.006,0.000,0.003
23655,0.004,0.006,0.000,0.003
23656,0.004,0.006,0.000,0.003
23657,0.004,0.006,0.000,0.003
23658,0.004,0.006,0.000,0.003
23659,0.004,0.006,0.000,0.003
23660,0.004,0.006,0.000,0.003
23661,0.004,0.006,0.000,0.003
23662,0.004,0.006,0.000,0.003
23663,0.004,0.006,0.000,0.003
23664,0.004,0.006,0.000,0.003
23665,0.004,0.006,0.000,0.003
23666,0.004,0.006,0.000,0.003
23667,0.004,0.006,0.000,0.003
23668,0.004,0.006,0.000,0.003
23669,0.004,0.006,0.000,0.003
23670,0.004,0.006,0.000,0.003
23671,0.004,0.006,0.000,0.003
23672,0.004,0.006,0.000,0.003
23673,0.004,0.006,0.000,0.003
23674,0.004,0.006,0.000,0.003
23675,0.004,0.006,0.000,0.003
23676,0.004,0.006,0.000,0.003
23677,0.004,0.006,0.000,0.003
23678,0.004,0.006,0.000,0.003
23679,0.004,0.006,0.000,0.003
23680,0.004,0.006,0.000,0.003
23681,0.004,0.006,0.000,0.003
23682,0.004,0.006,0.000,0.003
23683,0.004,0.006,0.000,0.003
23684,0.004,0.006,0.000,0.003
23685,0.004,0.006,0.000,0.003
23686,0.004,0.006,0.000,0.003
23687,0.004,0.006,0.000,0.003
23688,0.004,0.006,0.000,0.003
23689,0.004,0.006,0.000,0.003
23690,0.004,0.006,0.000,0.003
23691,0.004,0.006,0.000,0.003
23692,0.004,0.006,0.000,0.003
23693,0.004,0.006,0.000,0.003
23694,0.004,0.006,0.000,0.003
23695,0.004,0.006,0.000,0.003
23696,0.004,0.006,0.000,0.003
23697,0.004,0.006,0.000,0.003
23698,0.004,0.006,0.000,0.003
23699,0.004,0.006,0.000,0.003
23700,0.004,0.006,0.000,0.003
23701,0.004,0.006,0.000,0.003
23702,0.004,0.006,0.000,0.003
23703,0.004,0.006,0.000,0.003
23704,0.004,0.006,0.000,0.003
23705,0.004,0.006,0.000,0.003
23706,0.004,0.006,0.000,0.003
23707,0.004,0.006,0.000,0.003
23708,0.004,0.006,0.000,0.003
23709,0.004,0.006,0.000,0.003
23710,0.004,0.006,0.000,0.003
23711,0.004,0.006,0.000,0.003
23712,0.004,0.006,0.000,0.003
23713,0.004,0.006,0.000,0.003
23714,0.004,0.006,0.000,0.003
23715,0.004,0.006,0.000,0.003
23716,0.004,0.006,0.000,0.003
23717,0.004,0.006,0.000,0.003
23718,0.004,0.006,0.000,0.003
23719,0.004,0.006,0.000,0.003
23720,0.004,0.006,0.000,0.003
23721,0.004,0.006,0.000,0.003
23722,0.004,0.006,0.000,0.003
23723,0.004,0.006,0.000,0.003
23724,0.004,0.006,0.000,0.003
23725,0.004,0.006,0.000,0.003
23726,0.004,0.006,0.000,0.003
23727,0.004,0.006,0.000,0.003
23728,0.004,0.006,0.000,0.003
23729,0.004,0.006,0.000,0.003
23730,0.004,0.006,0.000,0.003
23731,0.004,0.006,0.000,0.003
23732,0.004,0.006,0.000,0.003
23733,0.004,0.006,0.000,0.003
23734,0.004,0.006,0.000,0.003
23735,0.004,0.006,0.000,0.003
23736,0.004,0.006,0.000,0.003
23737,0.004,0.006,0.000,0.003
23738,0.004,0.006,0.000,0.003
23739,0.004,0.006,0.000,0.003
23740,0.004,0.006,0.000,0.003
23741,0.004,0.006,0.000,0.003
23742,0.004,0.006,0.000,0.003
23743,0.004,0.006,0.000,0.003
23744,0.004,0.006,0.000,0.003
23745,0.004,0.006,0.000,0.003
23746,0.004,0.006,0.000,0.003
23747,0.004,0.006,0.000,0.003
23748,0.004,0.006,0.000,0.003
23749,0.004,0.006,0.000,0.003
23750,0.004,0.006,0.000,0.003
23751,0.004,0.006,0.000,0.003
23752,0.004,0.006,0.000,0.003
23753,0.004,0.006,0.000,0.003
23754,0.004,0.006,0.000,0.003
23755,0.004,0.006,0.000,0.003
23756,0.004,0.006,0.000,0.003
23757,0.004,0.006,0.000,0.003
23758,0.004,0.006,0.000,0.003
23759,0.004,0.006,0.000,0.003
23760,0.004,0.006,0.000,0.003
23761,0.004,0.006,0.000,0.003
23762,0.004,0.006,0.000,0.003
23763,0.004,0.006,0.000,0.003
23764,0.004,0.006,0.000,0.003
23765,0.004,0.006,0.000,0.003
23766,0.004,0.006,0.000,0.003
23767,0.004,0.006,0.000,0.003
23768,0.004,0.006,0.000,0.003
23769,0.004,0.006,0.000,0.003
23770,0.004,0.006,0.000,0.003
23771,0.004,0.006,0.000,0.003
23772,0.004,0.006,0.000,0.003
23773,0.004,0.006,0.000,0.003
23774,0.004,0.006,0.000,0.003
23775,0.004,0.006,0.000,0.003
23776,0.004,0.006,0.000,0.003
23777,0.004,0.006,0.000,0.003
23778,0.004,0.006,0.000,0.003
23779,0.004,0.006,0.000,0.003
23780,0.004,0.006,0.000,0.003
23781,0.004,0.006,0.000,0.003
23782,0.004,0.006,0.000,0.003
23783,0.004,0.006,0.000,0.003
23784,0.004,0.006,0.000,0.003
23785,0.004,0.006,0.000,0.003
23786,0.004,0.006,0.000,0.003
23787,0.004,0.006,0.000,0.003
23788,0.004,0.006,0.000,0.003
23789,0.004,0.006,0.000,0.003
23790,0.004,0.006,0.000,0.003
23791,0.004,0.006,0.000,0.003
23792,0.004,0.006,0.000,0.003
23793,0.004,0.006,0.000,0.003
23794,0.004,0.006,0.000,0.003
23795,0.004,0.006,0.000,0.003
23796,0.004,0.006,0.000,0.003
23797,0.004,0.006,0.000,0.003
23798,0.004,0.006,0.000,0.003
23799,0.004,0.006,0.000,0.003
23800,0.004,0.006,0.000,0.003
23801,0.004,0.006,0.000,0.003
23802,0.004,0.006,0.000,0.003
23803,0.004,0.006,0.000,0.003
23804,0.004,0.006,0.000,0.003
23805,0.004,0.006,0.000,0.003
23806,0.004,0.006,0.000,0.003
23807,0.004,0.006,0.000,0.003
23808,0.004,0.006,0.000,0.003
23809,0.004,0.006,0.000,0.003
23810,0.004,0.006,0.000,0.003
23811,0.004,0.006,0.000,0.003
23812,0.004,0.006,0.000,0.003
23813,0.004,0.006,0.000,0.003
23814,0.004,0.006,0.000,0.003
23815,0.004,0.006,0.000,0.003
23816,0.004,0.006,0.000,0.003
23817,0.004,0.006,0.000,0.003
23818,0.004,0.006,0.000,0.003
23819,0.004,0.006,0.000,0.003
23820,0.004,0.006,0.000,0.003
23821,0.004,0.006,0.000,0.003
23822,0.004,0.006,0.000,0.003
23823,0.004,0.006,0.000,0.003
23824,0.004,0.006,0.000,0.003
23825,0.004,0.006,0.000,0.003
23826,0.004,0.006,0.000,0.003
23827,0.004,0.006,0.000,0.003
23828,0.004,0.006,0.000,0.003
23829,0.004,0.006,0.000,0.003
23830,0.004,0.006,0.000,0.003
23831,0.004,0.006,0.000,0.003
23832,0.004,0.006,0.000,0.003
23833,0.004,0.006,0.000,0.003
23834,0.004,0.006,0.000,0.003
23835,0.004,0.006,0.000,0.003
23836,0.004,0.006,0.000,0.003
23837,0.004,0.006,0.000,0.003
23838,0.004,0.006,0.000,0.003
23839,0.004,0.006,0.000,0.003
23840,0.004,0.006,0.000,0.003
23841,0.004,0.006,0.000,0.003
23842,0.004,0.006,0.000,0.003
23843,0.004,0.006,0.000,0.003
23844,0.004,0.006,0.000,0.003
23845,0.004,0.006,0.000,0.003
23846,0.004,0.006,0.000,0.003
23847,0.004,0.006,0.000,0.003
23848,0.004,0.006,0.000,0.003
23849,0.004,0.006,0.000,0.003
23850,0.004,0.006,0.000,0.003
23851,0.004,0.006,0.000,0.003
23852,0.004,0.006,0.000,0.003
23853,0.004,0.006,0.000,0.003
23854,0.004,0.006,0.000,0.003
23855,0.004,0.006,0.000,0.003
23856,0.004,0.006,0.000,0.003
23857,0.004,0.006,0.000,0.003
23858,0.004,0.006,0.000,0.003
23859,0.004,0.006,0.000,0.003
23860,0.004,0.006,0.000,0.003
23861,0.004,0.006,0.000,0.003
23862,0.004,0.006,0.000,0.003
23863,0.004,0.006,0.000,0.003
23864,0.004,0.006,0.000,0.003
23865,0.004,0.006,0.000,0.003
23866,0.004,0.006,0.000,0.003
23867,0.004,0.006,0.000,0.003
23868,0.004,0.006,0.000,0.003
23869,0.004,0.006,0.000,0.003
23870,0.004,0.006,0.000,0.003
23871,0.004,0.006,0.000,0.003
23872,0.004,0.006,0.000,0.003
23873,0.004,0.006,0.000,0.003
23874,0.004,0.006,0.000,0.003
23875,0.004,0.006,0.000,0.003
23876,0.004,0.006,0.000,0.003
23877,0.004,0.006,0.000,0.003
23878,0.004,0.006,0.000,0.003
23879,0.004,0.006,0.000,0.003
23880,0.004,0.006,0.000,0.003
23881,0.004,0.006,0.000,0.003
23882,0.004,0.006,0.000,0.003
23883,0.004,0.006,0.000,0.003
23884,0.004,0.006,0.000,0.003
23885,0.004,0.006,0.000,0.003
23886,0.004,0.006,0.000,0.003
23887,0.004,0.006,0.000,0.003
23888,0.004,0.006,0.000,0.003
23889,0.004,0.006,0.000,0.003
23890,0.004,0.006,0.000,0.003
23891,0.004,0.006,0.000,0.003
23892,0.004,0.006,0.000,0.003
23893,0.004,0.006,0.000,0.003
23894,0.004,0.006,0.000,0.003
23895,0.004,0.006,0.000,0.003
23896,0.004,0.006,0.000,0.003
23897,0.004,0.006,0.000,0.003
23898,0.004,0.006,0.000,0.003
23899,0.004,0.006,0.000,0.003
23900,0.004,0.006,0.000,0.003
23901,0.004,0.006,0.000,0.003
23902,0.004,0.006,0.000,0.003
23903,0.004,0.006,0.000,0.003
23904,0.004,0.006,0.000,0.003
23905,0.004,0.006,0.000,0.003
23906,0.004,0.006,0.000,0.003
23907,0.004,0.006,0.000,0.003
23908,0.004,0.006,0.000,0.003
23909,0.004,0.006,0.000,0.003
23910,0.004,0.006,0.000,0.003
23911,0.004,0.006,0.000,0.003
23912,0.004,0.006,0.000,0.003
23913,0.004,0.006,0.000,0.003
23914,0.004,0.006,0.000,0.003
23915,0.004,0.006,0.000,0.003
23916,0.004,0.006,0.000,0.003
23917,0.004,0.006,0.000,0.003
23918,0.004,0.006,0.000,0.003
23919,0.004,0.006,0.000,0.003
23920,0.004,0.006,0.000,0.003
23921,0.004,0.006,0.000,0.003
23922,0.004,0.006,0.000,0.003
23923,0.004,0.006,0.000,0.003
23924,0.004,0.006,0.000,0.003
23925,0.004,0.006,0.000,0.003
23926,0.004,0.006,0.000,0.003
23927,0.004,0.006,0.000,0.003
23928,0.004,0.006,0.000,0.003
23929,0.004,0.006,0.000,0.003
23930,0.004,0.006,0.000,0.003
23931,0.004,0.006,0.000,0.003
23932,0.004,0.006,0.000,0.003
23933,0.004,0.006,0.000,0.003
23934,0.004,0.006,0.000,0.003
23935,0.004,0.006,0.000,0.003
23936,0.004,0.006,0.000,0.003
23937,0.004,0.006,0.000,0.003
23938,0.004,0.006,0.000,0.003
23939,0.004,0.006,0.000,0.003
23940,0.004,0.006,0.000,0.003
23941,0.004,0.006,0.000,0.003
23942,0.004,0.006,0.000,0.003
23943,0.004,0.006,0.000,0.003
23944,0.004,0.006,0.000,0.003
23945,0.004,0.006,0.000,0.003
23946,0.004,0.006,0.000,0.003
23947,0.004,0.006,0.000,0.003
23948,0.004,0.006,0.000,0.003
23949,0.004,0.006,0.000,0.003
23950,0.004,0.006,0.000,0.003
23951,0.004,0.006,0.000,0.003
23952,0.004,0.006,0.000,0.003
23953,0.004,0.006,0.000,0.003
23954,0.004,0.006,0.000,0.003
23955,0.004,0.006,0.000,0.003
23956,0.004,0.006,0.000,0.003
23957,0.004,0.006,0.000,0.003
23958,0.004,0.006,0.000,0.003
23959,0.004,0.006,0.000,0.003
23960,0.004,0.006,0.000,0.003
23961,0.004,0.006,0.000,0.003
23962,0.004,0.006,0.000,0.003
23963,0.004,0.006,0.000,0.003
23964,0.004,0.006,0.000,0.003
23965,0.004,0.006,0.000,0.003
23966,0.004,0.006,0.000,0.003
23967,0.004,0.006,0.000,0.003
23968,0.004,0.006,0.000,0.003
23969,0.004,0.006,0.000,0.003
23970,0.004,0.006,0.000,0.003
23971,0.004,0.006,0.000,0.003
23972,0.004,0.006,0.000,0.003
23973,0.004,0.006,0.000,0.003
23974,0.004,0.006,0.000,0.003
23975,0.004,0.006,0.000,0.003
23976,0.004,0.006,0.000,0.003
23977,0.004,0.006,0.000,0.003
23978,0.004,0.006,0.000,0.003
23979,0.004,0.006,0.000,0.003
23980,0.004,0.006,0.000,0.003
23981,0.004,0.006,0.000,0.003
23982,0.004,0.006,0.000,0.003
23983,0.004,0.006,0.000,0.003
23984,0.004,0.006,0.000,0.003
23985,0.004,0.006,0.000,0.003
23986,0.004,0.006,0.000,0.003
23987,0.004,0.006,0.000,0.003
23988,0.004,0.006,0.000,0.003
23989,0.004,0.006,0.000,0.003
23990,0.004,0.006,0.000,0.003
23991,0.004,0.006,0.000,0.003
23992,0.004,0.006,0.000,0.003
23993,0.004,0.006,0.000,0.003
23994,0.004,0.006,0.000,0.003
23995,0.004,0.006,0.000,0.003
23996,0.004,0.006,0.000,0.003
23997,0.004,0.006,0.000,0.003
23998,0.004,0.006,0.000,0.003
23999,0.004,0.006,0.000,0.003
24000,0.004,0.006,0.000,0.003
24001,0.004,0.006,0.000,0.003
24002,0.004,0.006,0.000,0.003
24003,0.004,0.006,0.000,0.003
24004,0.004,0.006,0.000,0.003
24005,0.004,0.006,0.000,0.003
24006,0.004,0.006,0.000,0.003
24007,0.004,0.006,0.000,0.003
24008,0.004,0.006,0.000,0.003
24009,0.004,0.006,0.000,0.003
24010,0.004,0.006,0.000,0.003
24011,0.004,0.006,0.000,0.003
24012,0.004,0.006,0.000,0.003
24013,0.004,0.006,0.000,0.003
24014,0.004,0.006,0.000,0.003
24015,0.004,0.006,0.000,0.003
24016,0.004,0.006,0.000,0.003
24017,0.004,0.006,0.000,0.003
24018,0.004,0.006,0.000,0.003
24019,0.004,0.006,0.000,0.003
24020,0.004,0.006,0.000,0.003
24021,0.004,0.006,0.000,0.003
24022,0.004,0.006,0.000,0.003
24023,0.004,0.006,0.000,0.003
24024,0.004,0.006,0.000,0.003
24025,0.004,0.006,0.000,0.003
24026,0.004,0.006,0.000,0.003
24027,0.004,0.006,0.000,0.003
24028,0.004,0.006,0.000,0.003
24029,0.004,0.006,0.000,0.003
24030,0.004,0.006,0.000,0.003
24031,0.004,0.006,0.000,0.003
24032,0.004,0.006,0.000,0.003
24033,0.004,0.006,0.000,0.003
24034,0.004,0.006,0.000,0.003
24035,0.004,0.006,0.000,0.003
24036,0.004,0.006,0.000,0.003
24037,0.004,0.006,0.000,0.003
24038,0.004,0.006,0.000,0.003
24039,0.004,0.006,0.000,0.003
24040,0.004,0.006,0.000,0.003
24041,0.004,0.006,0.000,0.003
24042,0.004,0.006,0.000,0.003
24043,0.004,0.006,0.000,0.003
24044,0.004,0.006,0.000,0.003
24045,0.004,0.006,0.000,0.003
24046,0.004,0.006,0.000,0.003
24047,0.004,0.006,0.000,0.003
24048,0.004,0.006,0.000,0.003
24049,0.004,0.006,0.000,0.003
24050,0.004,0.006,0.000,0.003
24051,0.004,0.006,0.000,0.003
24052,0.004,0.006,0.000,0.003
24053,0.004,0.006,0.000,0.003
24054,0.004,0.006,0.000,0.003
24055,0.004,0.006,0.000,0.003
24056,0.004,0.006,0.000,0.003
24057,0.004,0.006,0.000,0.003
24058,0.004,0.006,0.000,0.003
24059,0.004,0.006,0.000,0.003
24060,0.004,0.006,0.000,0.003
24061,0.004,0.006,0.000,0.003
24062,0.004,0.006,0.000,0.003
24063,0.004,0.006,0.000,0.003
24064,0.004,0.006,0.000,0.003
24065,0.004,0.006,0.000,0.003
24066,0.004,0.006,0.000,0.003
24067,0.004,0.006,0.000,0.003
24068,0.004,0.006,0.000,0.003
24069,0.004,0.006,0.000,0.003
24070,0.004,0.006,0.000,0.003
24071,0.004,0.006,0.000,0.003
24072,0.004,0.006,0.000,0.003
24073,0.004,0.006,0.000,0.003
24074,0.004,0.006,0.000,0.003
24075,0.004,0.006,0.000,0.003
24076,0.004,0.006,0.000,0.003
24077,0.004,0.006,0.000,0.003
24078,0.004,0.006,0.000,0.003
24079,0.004,0.006,0.000,0.003
24080,0.004,0.006,0.000,0.003
24081,0.004,0.006,0.000,0.003
24082,0.004,0.006,0.000,0.003
24083,0.004,0.006,0.000,0.003
24084,0.004,0.006,0.000,0.003
24085,0.004,0.006,0.000,0.003
24086,0.004,0.006,0.000,0.003
24087,0.004,0.006,0.000,0.003
24088,0.004,0.006,0.000,0.003
24089,0.004,0.006,0.000,0.003
24090,0.004,0.006,0.000,0.003
24091,0.004,0.006,0.000,0.003
24092,0.004,0.006,0.000,0.003
24093,0.004,0.006,0.000,0.003
24094,0.004,0.006,0.000,0.003
24095,0.004,0.006,0.000,0.003
24096,0.004,0.006,0.000,0.003
24097,0.004,0.006,0.000,0.003
24098,0.004,0.006,0.000,0.003
24099,0.004,0.006,0.000,0.003
24100,0.004,0.006,0.000,0.003
24101,0.004,0.006,0.000,0.003
24102,0.004,0.006,0.000,0.003
24103,0.004,0.006,0.000,0.003
24104,0.004,0.006,0.000,0.003
24105,0.004,0.006,0.000,0.003
24106,0.004,0.006,0.000,0.003
24107,0.004,0.006,0.000,0.003
24108,0.004,0.006,0.000,0.003
24109,0.004,0.006,0.000,0.003
24110,0.004,0.006,0.000,0.003
24111,0.004,0.006,0.000,0.003
24112,0.004,0.006,0.000,0.003
24113,0.004,0.006,0.000,0.003
24114,0.004,0.006,0.000,0.003
24115,0.004,0.006,0.000,0.003
24116,0.004,0.006,0.000,0.003
24117,0.004,0.006,0.000,0.003
24118,0.004,0.006,0.000,0.003
24119,0.004,0.006,0.000,0.003
24120,0.004,0.006,0.000,0.003
24121,0.004,0.006,0.000,0.003
24122,0.004,0.006,0.000,0.003
24123,0.004,0.006,0.000,0.003
24124,0.004,0.006,0.000,0.003
24125,0.004,0.006,0.000,0.003
24126,0.004,0.006,0.000,0.003
24127,0.004,0.006,0.000,0.003
24128,0.004,0.006,0.000,0.003
24129,0.004,0.006,0.000,0.003
24130,0.004,0.006,0.000,0.003
24131,0.004,0.006,0.000,0.003
24132,0.004,0.006,0.000,0.003
24133,0.004,0.006,0.000,0.003
24134,0.004,0.006,0.000,0.003
24135,0.004,0.006,0.000,0.003
24136,0.004,0.006,0.000,0.003
24137,0.004,0.006,0.000,0.003
24138,0.004,0.006,0.000,0.003
24139,0.004,0.006,0.000,0.003
24140,0.004,0.006,0.000,0.003
24141,0.004,0.006,0.000,0.003
24142,0.004,0.006,0.000,0.003
24143,0.004,0.006,0.000,0.003
24144,0.004,0.006,0.000,0.003
24145,0.004,0.006,0.000,0.003
24146,0.004,0.006,0.000,0.003
24147,0.004,0.006,0.000,0.003
24148,0.004,0.006,0.000,0.003
24149,0.004,0.006,0.000,0.003
24150,0.004,0.006,0.000,0.003
24151,0.004,0.006,0.000,0.003
24152,0.004,0.006,0.000,0.003
24153,0.004,0.006,0.000,0.003
24154,0.004,0.006,0.000,0.003
24155,0.004,0.006,0.000,0.003
24156,0.004,0.006,0.000,0.003
24157,0.004,0.006,0.000,0.003
24158,0.004,0.006,0.000,0.003
24159,0.004,0.006,0.000,0.003
24160,0.004,0.006,0.000,0.003
24161,0.004,0.006,0.000,0.003
24162,0.004,0.006,0.000,0.003
24163,0.004,0.006,0.000,0.003
24164,0.004,0.006,0.000,0.003
24165,0.004,0.006,0.000,0.003
24166,0.004,0.006,0.000,0.003
24167,0.004,0.006,0.000,0.003
24168,0.004,0.006,0.000,0.003
24169,0.004,0.006,0.000,0.003
24170,0.004,0.006,0.000,0.003
24171,0.004,0.006,0.000,0.003
24172,0.004,0.006,0.000,0.003
24173,0.004,0.006,0.000,0.003
24174,0.004,0.006,0.000,0.003
24175,0.004,0.006,0.000,0.003
24176,0.004,0.006,0.000,0.003
24177,0.004,0.006,0.000,0.003
24178,0.004,0.006,0.000,0.003
24179,0.004,0.006,0.000,0.003
24180,0.004,0.006,0.000,0.003
24181,0.004,0.006,0.000,0.003
24182,0.004,0.006,0.000,0.003
24183,0.004,0.006,0.000,0.003
24184,0.004,0.006,0.000,0.003
24185,0.004,0.006,0.000,0.003
24186,0.004,0.006,0.000,0.003
24187,0.004,0.006,0.000,0.003
24188,0.004,0.006,0.000,0.003
24189,0.004,0.006,0.000,0.003
24190,0.004,0.006,0.000,0.003
24191,0.004,0.006,0.000,0.003
24192,0.004,0.006,0.000,0.003
24193,0.004,0.006,0.000,0.003
24194,0.004,0.006,0.000,0.003
24195,0.004,0.006,0.000,0.003
24196,0.004,0.006,0.000,0.003
24197,0.004,0.006,0.000,0.003
24198,0.004,0.006,0.000,0.003
24199,0.004,0.006,0.000,0.003
24200,0.004,0.006,0.000,0.003
24201,0.004,0.006,0.000,0.003
24202,0.004,0.006,0.000,0.003
24203,0.004,0.006,0.000,0.003
24204,0.004,0.006,0.000,0.003
24205,0.004,0.006,0.000,0.003
24206,0.004,0.006,0.000,0.003
24207,0.004,0.006,0.000,0.003
24208,0.004,0.006,0.000,0.003
24209,0.004,0.006,0.000,0.003
24210,0.004,0.006,0.000,0.003
24211,0.004,0.006,0.000,0.003
24212,0.004,0.006,0.000,0.003
24213,0.004,0.006,0.000,0.003
24214,0.004,0.006,0.000,0.003
24215,0.004,0.006,0.000,0.003
24216,0.004,0.006,0.000,0.003
24217,0.004,0.006,0.000,0.003
24218,0.004,0.006,0.000,0.003
24219,0.004,0.006,0.000,0.003
24220,0.004,0.006,0.000,0.003
24221,0.004,0.006,0.000,0.003
24222,0.004,0.006,0.000,0.003
24223,0.004,0.006,0.000,0.003
24224,0.004,0.006,0.000,0.003
24225,0.004,0.006,0.000,0.003
24226,0.004,0.006,0.000,0.003
24227,0.004,0.006,0.000,0.003
24228,0.004,0.006,0.000,0.003
24229,0.004,0.006,0.000,0.003
24230,0.004,0.006,0.000,0.003
24231,0.004,0.006,0.000,0.003
24232,0.004,0.006,0.000,0.003
24233,0.004,0.006,0.000,0.003
24234,0.004,0.006,0.000,0.003
24235,0.004,0.006,0.000,0.003
24236,0.004,0.006,0.000,0.003
24237,0.004,0.006,0.000,0.003
24238,0.004,0.006,0.000,0.003
24239,0.004,0.006,0.000,0.003
24240,0.004,0.006,0.000,0.003
24241,0.004,0.006,0.000,0.003
24242,0.004,0.006,0.000,0.003
24243,0.004,0.006,0.000,0.003
24244,0.004,0.006,0.000,0.003
24245,0.004,0.006,0.000,0.003
24246,0.004,0.006,0.000,0.003
24247,0.004,0.006,0.000,0.003
24248,0.004,0.006,0.000,0.003
24249,0.004,0.006,0.000,0.003
24250,0.004,0.006,0.000,0.003
24251,0.004,0.006,0.000,0.003
24252,0.004,0.006,0.000,0.003
24253,0.004,0.006,0.000,0.003
24254,0.004,0.006,0.000,0.003
24255,0.004,0.006,0.000,0.003
24256,0.004,0.006,0.000,0.003
24257,0.004,0.006,0.000,0.003
24258,0.004,0.006,0.000,0.003
24259,0.004,0.006,0.000,0.003
24260,0.004,0.006,0.000,0.003
24261,0.004,0.006,0.000,0.003
24262,0.004,0.006,0.000,0.003
24263,0.004,0.006,0.000,0.003
24264,0.004,0.006,0.000,0.003
24265,0.004,0.006,0.000,0.003
24266,0.004,0.006,0.000,0.003
24267,0.004,0.006,0.000,0.003
24268,0.004,0.006,0.000,0.003
24269,0.004,0.006,0.000,0.003
24270,0.004,0.006,0.000,0.003
24271,0.004,0.006,0.000,0.003
24272,0.004,0.006,0.000,0.003
24273,0.004,0.006,0.000,0.003
24274,0.004,0.006,0.000,0.003
24275,0.004,0.006,0.000,0.003
24276,0.004,0.006,0.000,0.003
24277,0.004,0.006,0.000,0.003
24278,0.004,0.006,0.000,0.003
24279,0.004,0.006,0.000,0.003
24280,0.004,0.006,0.000,0.003
24281,0.004,0.006,0.000,0.003
24282,0.004,0.006,0.000,0.003
24283,0.004,0.006,0.000,0.003
24284,0.004,0.006,0.000,0.003
24285,0.004,0.006,0.000,0.003
24286,0.004,0.006,0.000,0.003
24287,0.004,0.006,0.000,0.003
24288,0.004,0.006,0.000,0.003
24289,0.004,0.006,0.000,0.003
24290,0.004,0.006,0.000,0.003
24291,0.004,0.006,0.000,0.003
24292,0.004,0.006,0.000,0.003
24293,0.004,0.006,0.000,0.003
24294,0.004,0.006,0.000,0.003
24295,0.004,0.006,0.000,0.003
24296,0.004,0.006,0.000,0.003
24297,0.004,0.006,0.000,0.003
24298,0.004,0.006,0.000,0.003
24299,0.004,0.006,0.000,0.003
24300,0.004,0.006,0.000,0.003
24301,0.004,0.006,0.000,0.003
24302,0.004,0.006,0.000,0.003
24303,0.004,0.006,0.000,0.003
24304,0.004,0.006,0.000,0.003
24305,0.004,0.006,0.000,0.003
24306,0.004,0.006,0.000,0.003
24307,0.004,0.006,0.000,0.003
24308,0.004,0.006,0.000,0.003
24309,0.004,0.006,0.000,0.003
24310,0.004,0.006,0.000,0.003
24311,0.004,0.006,0.000,0.003
24312,0.004,0.006,0.000,0.003
24313,0.004,0.006,0.000,0.003
24314,0.004,0.006,0.000,0.003
24315,0.004,0.006,0.000,0.003
24316,0.004,0.006,0.000,0.003
24317,0.004,0.006,0.000,0.003
24318,0.004,0.006,0.000,0.003
24319,0.004,0.006,0.000,0.003
24320,0.004,0.006,0.000,0.003
24321,0.004,0.006,0.000,0.003
24322,0.004,0.006,0.000,0.003
24323,0.004,0.006,0.000,0.003
24324,0.004,0.006,0.000,0.003
24325,0.004,0.006,0.000,0.003
24326,0.004,0.006,0.000,0.003
24327,0.004,0.006,0.000,0.003
24328,0.004,0.006,0.000,0.003
24329,0.004,0.006,0.000,0.003
24330,0.004,0.006,0.000,0.003
24331,0.004,0.006,0.000,0.003
24332,0.004,0.006,0.000,0.003
24333,0.004,0.006,0.000,0.003
24334,0.004,0.006,0.000,0.003
24335,0.004,0.006,0.000,0.003
24336,0.004,0.006,0.000,0.003
24337,0.004,0.006,0.000,0.003
24338,0.004,0.006,0.000,0.003
24339,0.004,0.006,0.000,0.003
24340,0.004,0.006,0.000,0.003
24341,0.004,0.006,0.000,0.003
24342,0.004,0.006,0.000,0.003
24343,0.004,0.006,0.000,0.003
24344,0.004,0.006,0.000,0.003
24345,0.004,0.006,0.000,0.003
24346,0.004,0.006,0.000,0.003
24347,0.004,0.006,0.000,0.003
24348,0.004,0.006,0.000,0.003
24349,0.004,0.006,0.000,0.003
24350,0.004,0.006,0.000,0.003
24351,0.004,0.006,0.000,0.003
24352,0.004,0.006,0.000,0.003
24353,0.004,0.006,0.000,0.003
24354,0.004,0.006,0.000,0.003
24355,0.004,0.006,0.000,0.003
24356,0.004,0.006,0.000,0.003
24357,0.004,0.006,0.000,0.003
24358,0.004,0.006,0.000,0.003
24359,0.004,0.006,0.000,0.003
24360,0.004,0.006,0.000,0.003
24361,0.004,0.006,0.000,0.003
24362,0.004,0.006,0.000,0.003
24363,0.004,0.006,0.000,0.003
24364,0.004,0.006,0.000,0.003
24365,0.004,0.006,0.000,0.003
24366,0.004,0.006,0.000,0.003
24367,0.004,0.006,0.000,0.003
24368,0.004,0.006,0.000,0.003
24369,0.004,0.006,0.000,0.003
24370,0.004,0.006,0.000,0.003
24371,0.004,0.006,0.000,0.003
24372,0.004,0.006,0.000,0.003
24373,0.004,0.006,0.000,0.003
24374,0.004,0.006,0.000,0.003
24375,0.004,0.006,0.000,0.003
24376,0.004,0.006,0.000,0.003
24377,0.004,0.006,0.000,0.003
24378,0.004,0.006,0.000,0.003
24379,0.004,0.006,0.000,0.003
24380,0.004,0.006,0.000,0.003
24381,0.004,0.006,0.000,0.003
24382,0.004,0.006,0.000,0.003
24383,0.004,0.006,0.000,0.003
24384,0.004,0.006,0.000,0.003
24385,0.004,0.006,0.000,0.003
24386,0.004,0.006,0.000,0.003
24387,0.004,0.006,0.000,0.003
24388,0.004,0.006,0.000,0.003
24389,0.004,0.006,0.000,0.003
24390,0.004,0.006,0.000,0.003
24391,0.004,0.006,0.000,0.003
24392,0.004,0.006,0.000,0.003
24393,0.004,0.006,0.000,0.003
24394,0.004,0.006,0.000,0.003
24395,0.004,0.006,0.000,0.003
24396,0.004,0.006,0.000,0.003
24397,0.004,0.006,0.000,0.003
24398,0.004,0.006,0.000,0.003
24399,0.004,0.006,0.000,0.003
24400,0.004,0.006,0.000,0.003
24401,0.004,0.006,0.000,0.003
24402,0.004,0.006,0.000,0.003
24403,0.004,0.006,0.000,0.003
24404,0.004,0.006,0.000,0.003
24405,0.004,0.006,0.000,0.003
24406,0.004,0.006,0.000,0.003
24407,0.004,0.006,0.000,0.003
24408,0.004,0.006,0.000,0.003
24409,0.004,0.006,0.000,0.003
24410,0.004,0.006,0.000,0.003
24411,0.004,0.006,0.000,0.003
24412,0.004,0.006,0.000,0.003
24413,0.004,0.006,0.000,0.003
24414,0.004,0.006,0.000,0.003
24415,0.004,0.006,0.000,0.003
24416,0.004,0.006,0.000,0.003
24417,0.004,0.006,0.000,0.003
24418,0.004,0.006,0.000,0.003
24419,0.004,0.006,0.000,0.003
24420,0.004,0.006,0.000,0.003
24421,0.004,0.006,0.000,0.003
24422,0.004,0.006,0.000,0.003
24423,0.004,0.006,0.000,0.003
24424,0.004,0.006,0.000,0.003
24425,0.004,0.006,0.000,0.003
24426,0.004,0.006,0.000,0.003
24427,0.004,0.006,0.000,0.003
24428,0.004,0.006,0.000,0.003
24429,0.004,0.006,0.000,0.003
24430,0.004,0.006,0.000,0.003
24431,0.004,0.006,0.000,0.003
24432,0.004,0.006,0.000,0.003
24433,0.004,0.006,0.000,0.003
24434,0.004,0.006,0.000,0.003
24435,0.004,0.006,0.000,0.003
24436,0.004,0.006,0.000,0.003
24437,0.004,0.006,0.000,0.003
24438,0.004,0.006,0.000,0.003
24439,0.004,0.006,0.000,0.003
24440,0.004,0.006,0.000,0.003
24441,0.004,0.006,0.000,0.003
24442,0.004,0.006,0.000,0.003
24443,0.004,0.006,0.000,0.003
24444,0.004,0.006,0.000,0.003
24445,0.004,0.006,0.000,0.003
24446,0.004,0.006,0.000,0.003
24447,0.004,0.006,0.000,0.003
24448,0.004,0.006,0.000,0.003
24449,0.004,0.006,0.000,0.003
24450,0.004,0.006,0.000,0.003
24451,0.004,0.006,0.000,0.003
24452,0.004,0.006,0.000,0.003
24453,0.004,0.006,0.000,0.003
24454,0.004,0.006,0.000,0.003
24455,0.004,0.006,0.000,0.003
24456,0.004,0.006,0.000,0.003
24457,0.004,0.006,0.000,0.003
24458,0.004,0.006,0.000,0.003
24459,0.004,0.006,0.000,0.003
24460,0.004,0.006,0.000,0.003
24461,0.004,0.006,0.000,0.003
24462,0.004,0.006,0.000,0.003
24463,0.004,0.006,0.000,0.003
24464,0.004,0.006,0.000,0.003
24465,0.004,0.006,0.000,0.003
24466,0.004,0.006,0.000,0.003
24467,0.004,0.006,0.000,0.003
24468,0.004,0.006,0.000,0.003
24469,0.004,0.006,0.000,0.003
24470,0.004,0.006,0.000,0.003
24471,0.004,0.006,0.000,0.003
24472,0.004,0.006,0.000,0.003
24473,0.004,0.006,0.000,0.003
24474,0.004,0.006,0.000,0.003
24475,0.004,0.006,0.000,0.003
24476,0.004,0.006,0.000,0.003
24477,0.004,0.006,0.000,0.003
24478,0.004,0.006,0.000,0.003
24479,0.004,0.006,0.000,0.003
24480,0.004,0.006,0.000,0.003
24481,0.004,0.006,0.000,0.003
24482,0.004,0.006,0.000,0.003
24483,0.004,0.006,0.000,0.003
24484,0.004,0.006,0.000,0.003
24485,0.004,0.006,0.000,0.003
24486,0.004,0.006,0.000,0.003
24487,0.004,0.006,0.000,0.003
24488,0.004,0.006,0.000,0.003
24489,0.004,0.006,0.000,0.003
24490,0.004,0.006,0.000,0.003
24491,0.004,0.006,0.000,0.003
24492,0.004,0.006,0.000,0.003
24493,0.004,0.006,0.000,0.003
24494,0.004,0.006,0.000,0.003
24495,0.004,0.006,0.000,0.003
24496,0.004,0.006,0.000,0.003
24497,0.004,0.006,0.000,0.003
24498,0.004,0.006,0.000,0.003
24499,0.004,0.006,0.000,0.003
24500,0.004,0.006,0.000,0.003
24501,0.004,0.006,0.000,0.003
24502,0.004,0.006,0.000,0.003
24503,0.004,0.006,0.000,0.003
24504,0.004,0.006,0.000,0.003
24505,0.004,0.006,0.000,0.003
24506,0.004,0.006,0.000,0.003
24507,0.004,0.006,0.000,0.003
24508,0.004,0.006,0.000,0.003
24509,0.004,0.006,0.000,0.003
24510,0.004,0.006,0.000,0.003
24511,0.004,0.006,0.000,0.003
24512,0.004,0.006,0.000,0.003
24513,0.004,0.006,0.000,0.003
24514,0.004,0.006,0.000,0.003
24515,0.004,0.006,0.000,0.003
24516,0.004,0.006,0.000,0.003
24517,0.004,0.006,0.000,0.003
24518,0.004,0.006,0.000,0.003
24519,0.004,0.006,0.000,0.003
24520,0.004,0.006,0.000,0.003
24521,0.004,0.006,0.000,0.003
24522,0.004,0.006,0.000,0.003
24523,0.004,0.006,0.000,0.003
24524,0.004,0.006,0.000,0.003
24525,0.004,0.006,0.000,0.003
24526,0.004,0.006,0.000,0.003
24527,0.004,0.006,0.000,0.003
24528,0.004,0.006,0.000,0.003
24529,0.004,0.006,0.000,0.003
24530,0.004,0.006,0.000,0.003
24531,0.004,0.006,0.000,0.003
24532,0.004,0.006,0.000,0.003
24533,0.004,0.006,0.000,0.003
24534,0.004,0.006,0.000,0.003
24535,0.004,0.006,0.000,0.003
24536,0.004,0.006,0.000,0.003
24537,0.004,0.006,0.000,0.003
24538,0.004,0.006,0.000,0.003
24539,0.004,0.006,0.000,0.003
24540,0.004,0.006,0.000,0.003
24541,0.004,0.006,0.000,0.003
24542,0.004,0.006,0.000,0.003
24543,0.004,0.006,0.000,0.003
24544,0.004,0.006,0.000,0.003
24545,0.004,0.006,0.000,0.003
24546,0.004,0.006,0.000,0.003
24547,0.004,0.006,0.000,0.003
24548,0.004,0.006,0.000,0.003
24549,0.004,0.006,0.000,0.003
24550,0.004,0.006,0.000,0.003
24551,0.004,0.006,0.000,0.003
24552,0.004,0.006,0.000,0.003
24553,0.004,0.006,0.000,0.003
24554,0.004,0.006,0.000,0.003
24555,0.004,0.006,0.000,0.003
24556,0.004,0.006,0.000,0.003
24557,0.004,0.006,0.000,0.003
24558,0.004,0.006,0.000,0.003
24559,0.004,0.006,0.000,0.003
24560,0.004,0.006,0.000,0.003
24561,0.004,0.006,0.000,0.003
24562,0.004,0.006,0.000,0.003
24563,0.004,0.006,0.000,0.003
24564,0.004,0.006,0.000,0.003
24565,0.004,0.006,0.000,0.003
24566,0.004,0.006,0.000,0.003
24567,0.004,0.006,0.000,0.003
24568,0.004,0.006,0.000,0.003
24569,0.004,0.006,0.000,0.003
24570,0.004,0.006,0.000,0.003
24571,0.004,0.006,0.000,0.003
24572,0.004,0.006,0.000,0.003
24573,0.004,0.006,0.000,0.003
24574,0.004,0.006,0.000,0.003
24575,0.004,0.006,0.000,0.003
24576,0.004,0.006,0.000,0.003
24577,0.004,0.006,0.000,0.003
24578,0.004,0.006,0.000,0.003
24579,0.004,0.006,0.000,0.003
24580,0.004,0.006,0.000,0.003
24581,0.004,0.006,0.000,0.003
24582,0.004,0.006,0.000,0.003
24583,0.004,0.006,0.000,0.003
24584,0.004,0.006,0.000,0.003
24585,0.004,0.006,0.000,0.003
24586,0.004,0.006,0.000,0.003
24587,0.004,0.006,0.000,0.003
24588,0.004,0.006,0.000,0.003
24589,0.004,0.006,0.000,0.003
24590,0.004,0.006,0.000,0.003
24591,0.004,0.006,0.000,0.003
24592,0.004,0.006,0.000,0.003
24593,0.004,0.006,0.000,0.003
24594,0.004,0.006,0.000,0.003
24595,0.004,0.006,0.000,0.003
24596,0.004,0.006,0.000,0.003
24597,0.004,0.006,0.000,0.003
24598,0.004,0.006,0.000,0.003
24599,0.004,0.006,0.000,0.003
24600,0.004,0.006,0.000,0.003
24601,0.004,0.006,0.000,0.003
24602,0.004,0.006,0.000,0.003
24603,0.004,0.006,0.000,0.003
24604,0.004,0.006,0.000,0.003
24605,0.004,0.006,0.000,0.003
24606,0.004,0.006,0.000,0.003
24607,0.004,0.006,0.000,0.003
24608,0.004,0.006,0.000,0.003
24609,0.004,0.006,0.000,0.003
24610,0.004,0.006,0.000,0.003
24611,0.004,0.006,0.000,0.003
24612,0.004,0.006,0.000,0.003
24613,0.004,0.006,0.000,0.003
24614,0.004,0.006,0.000,0.003
24615,0.004,0.006,0.000,0.003
24616,0.004,0.006,0.000,0.003
24617,0.004,0.006,0.000,0.003
24618,0.004,0.006,0.000,0.003
24619,0.004,0.006,0.000,0.003
24620,0.004,0.006,0.000,0.003
24621,0.004,0.006,0.000,0.003
24622,0.004,0.006,0.000,0.003
24623,0.004,0.006,0.000,0.003
24624,0.004,0.006,0.000,0.003
24625,0.004,0.006,0.000,0.003
24626,0.004,0.006,0.000,0.003
24627,0.004,0.006,0.000,0.003
24628,0.004,0.006,0.000,0.003
24629,0.004,0.006,0.000,0.003
24630,0.004,0.006,0.000,0.003
24631,0.004,0.006,0.000,0.003
24632,0.004,0.006,0.000,0.003
24633,0.004,0.006,0.000,0.003
24634,0.004,0.006,0.000,0.003
24635,0.004,0.006,0.000,0.003
24636,0.004,0.006,0.000,0.003
24637,0.004,0.006,0.000,0.003
24638,0.004,0.006,0.000,0.003
24639,0.004,0.006,0.000,0.003
24640,0.004,0.006,0.000,0.003
24641,0.004,0.006,0.000,0.003
24642,0.004,0.006,0.000,0.003
24643,0.004,0.006,0.000,0.003
24644,0.004,0.006,0.000,0.003
24645,0.004,0.006,0.000,0.003
24646,0.004,0.006,0.000,0.003
24647,0.004,0.006,0.000,0.003
24648,0.004,0.006,0.000,0.003
24649,0.004,0.006,0.000,0.003
24650,0.004,0.006,0.000,0.003
24651,0.004,0.006,0.000,0.003
24652,0.004,0.006,0.000,0.003
24653,0.004,0.006,0.000,0.003
24654,0.004,0.006,0.000,0.003
24655,0.004,0.006,0.000,0.003
24656,0.004,0.006,0.000,0.003
24657,0.004,0.006,0.000,0.003
24658,0.004,0.006,0.000,0.003
24659,0.004,0.006,0.000,0.003
24660,0.004,0.006,0.000,0.003
24661,0.004,0.006,0.000,0.003
24662,0.004,0.006,0.000,0.003
24663,0.004,0.006,0.000,0.003
24664,0.004,0.006,0.000,0.003
24665,0.004,0.006,0.000,0.003
24666,0.004,0.006,0.000,0.003
24667,0.004,0.006,0.000,0.003
24668,0.004,0.006,0.000,0.003
24669,0.004,0.006,0.000,0.003
24670,0.004,0.006,0.000,0.003
24671,0.004,0.006,0.000,0.003
24672,0.004,0.006,0.000,0.003
24673,0.004,0.006,0.000,0.003
24674,0.004,0.006,0.000,0.003
24675,0.004,0.006,0.000,0.003
24676,0.004,0.006,0.000,0.003
24677,0.004,0.006,0.000,0.003
24678,0.004,0.006,0.000,0.003
24679,0.004,0.006,0.000,0.003
24680,0.004,0.006,0.000,0.003
24681,0.004,0.006,0.000,0.003
24682,0.004,0.006,0.000,0.003
24683,0.004,0.006,0.000,0.003
24684,0.004,0.006,0.000,0.003
24685,0.004,0.006,0.000,0.003
24686,0.004,0.006,0.000,0.003
24687,0.004,0.006,0.000,0.003
24688,0.004,0.006,0.000,0.003
24689,0.004,0.006,0.000,0.003
24690,0.004,0.006,0.000,0.003
24691,0.004,0.006,0.000,0.003
24692,0.004,0.006,0.000,0.003
24693,0.004,0.006,0.000,0.003
24694,0.004,0.006,0.000,0.003
24695,0.004,0.006,0.000,0.003
24696,0.004,0.006,0.000,0.003
24697,0.004,0.006,0.000,0.003
24698,0.004,0.006,0.000,0.003
24699,0.004,0.006,0.000,0.003
24700,0.004,0.006,0.000,0.003
24701,0.004,0.006,0.000,0.003
24702,0.004,0.006,0.000,0.003
24703,0.004,0.006,0.000,0.003
24704,0.004,0.006,0.000,0.003
24705,0.004,0.006,0.000,0.003
24706,0.004,0.006,0.000,0.003
24707,0.004,0.006,0.000,0.003
24708,0.004,0.006,0.000,0.003
24709,0.004,0.006,0.000,0.003
24710,0.004,0.006,0.000,0.003
24711,0.004,0.006,0.000,0.003
24712,0.004,0.006,0.000,0.003
24713,0.004,0.006,0.000,0.003
24714,0.004,0.006,0.000,0.003
24715,0.004,0.006,0.000,0.003
24716,0.004,0.006,0.000,0.003
24717,0.004,0.006,0.000,0.003
24718,0.004,0.006,0.000,0.003
24719,0.004,0.006,0.000,0.003
24720,0.004,0.006,0.000,0.003
24721,0.004,0.006,0.000,0.003
24722,0.004,0.006,0.000,0.003
24723,0.004,0.006,0.000,0.003
24724,0.004,0.006,0.000,0.003
24725,0.004,0.006,0.000,0.003
24726,0.004,0.006,0.000,0.003
24727,0.004,0.006,0.000,0.003
24728,0.004,0.006,0.000,0.003
24729,0.004,0.006,0.000,0.003
24730,0.004,0.006,0.000,0.003
24731,0.004,0.006,0.000,0.003
24732,0.004,0.006,0.000,0.003
24733,0.004,0.006,0.000,0.003
24734,0.004,0.006,0.000,0.003
24735,0.004,0.006,0.000,0.003
24736,0.004,0.006,0.000,0.003
24737,0.004,0.006,0.000,0.003
24738,0.004,0.006,0.000,0.003
24739,0.004,0.006,0.000,0.003
24740,0.004,0.006,0.000,0.003
24741,0.004,0.006,0.000,0.003
24742,0.004,0.006,0.000,0.003
24743,0.004,0.006,0.000,0.003
24744,0.004,0.006,0.000,0.003
24745,0.004,0.006,0.000,0.003
24746,0.004,0.006,0.000,0.003
24747,0.004,0.006,0.000,0.003
24748,0.004,0.006,0.000,0.003
24749,0.004,0.006,0.000,0.003
24750,0.004,0.006,0.000,0.003
24751,0.004,0.006,0.000,0.003
24752,0.004,0.006,0.000,0.003
24753,0.004,0.006,0.000,0.003
24754,0.004,0.006,0.000,0.003
24755,0.004,0.006,0.000,0.003
24756,0.004,0.006,0.000,0.003
24757,0.004,0.006,0.000,0.003
24758,0.004,0.006,0.000,0.003
24759,0.004,0.006,0.000,0.003
24760,0.004,0.006,0.000,0.003
24761,0.004,0.006,0.000,0.003
24762,0.004,0.006,0.000,0.003
24763,0.004,0.006,0.000,0.003
24764,0.004,0.006,0.000,0.003
24765,0.004,0.006,0.000,0.003
24766,0.004,0.006,0.000,0.003
24767,0.004,0.006,0.000,0.003
24768,0.004,0.006,0.000,0.003
24769,0.004,0.006,0.000,0.003
24770,0.004,0.006,0.000,0.003
24771,0.004,0.006,0.000,0.003
24772,0.004,0.006,0.000,0.003
24773,0.004,0.006,0.000,0.003
24774,0.004,0.006,0.000,0.003
24775,0.004,0.006,0.000,0.003
24776,0.004,0.006,0.000,0.003
24777,0.004,0.006,0.000,0.003
24778,0.004,0.006,0.000,0.003
24779,0.004,0.006,0.000,0.003
24780,0.004,0.006,0.000,0.003
24781,0.004,0.006,0.000,0.003
24782,0.004,0.006,0.000,0.003
24783,0.004,0.006,0.000,0.003
24784,0.004,0.006,0.000,0.003
24785,0.004,0.006,0.000,0.003
24786,0.004,0.006,0.000,0.003
24787,0.004,0.006,0.000,0.003
24788,0.004,0.006,0.000,0.003
24789,0.004,0.006,0.000,0.003
24790,0.004,0.006,0.000,0.003
24791,0.004,0.006,0.000,0.003
24792,0.004,0.006,0.000,0.003
24793,0.004,0.006,0.000,0.003
24794,0.004,0.006,0.000,0.003
24795,0.004,0.006,0.000,0.003
24796,0.004,0.006,0.000,0.003
24797,0.004,0.006,0.000,0.003
24798,0.004,0.006,0.000,0.003
24799,0.004,0.006,0.000,0.003
24800,0.004,0.006,0.000,0.003
24801,0.004,0.006,0.000,0.003
24802,0.004,0.006,0.000,0.003
24803,0.004,0.006,0.000,0.003
24804,0.004,0.006,0.000,0.003
24805,0.004,0.006,0.000,0.003
24806,0.004,0.006,0.000,0.003
24807,0.004,0.006,0.000,0.003
24808,0.004,0.006,0.000,0.003
24809,0.004,0.006,0.000,0.003
24810,0.004,0.006,0.000,0.003
24811,0.004,0.006,0.000,0.003
24812,0.004,0.006,0.000,0.003
24813,0.004,0.006,0.000,0.003
24814,0.004,0.006,0.000,0.003
24815,0.004,0.006,0.000,0.003
24816,0.004,0.006,0.000,0.003
24817,0.004,0.006,0.000,0.003
24818,0.004,0.006,0.000,0.003
24819,0.004,0.006,0.000,0.003
24820,0.004,0.006,0.000,0.003
24821,0.004,0.006,0.000,0.003
24822,0.004,0.006,0.000,0.003
24823,0.004,0.006,0.000,0.003
24824,0.004,0.006,0.000,0.003
24825,0.004,0.006,0.000,0.003
24826,0.004,0.006,0.000,0.003
24827,0.004,0.006,0.000,0.003
24828,0.004,0.006,0.000,0.003
24829,0.004,0.006,0.000,0.003
24830,0.004,0.006,0.000,0.003
24831,0.004,0.006,0.000,0.003
24832,0.004,0.006,0.000,0.003
24833,0.004,0.006,0.000,0.003
24834,0.004,0.006,0.000,0.003
24835,0.004,0.006,0.000,0.003
24836,0.004,0.006,0.000,0.003
24837,0.004,0.006,0.000,0.003
24838,0.004,0.006,0.000,0.003
24839,0.004,0.006,0.000,0.003
24840,0.004,0.006,0.000,0.003
24841,0.004,0.006,0.000,0.003
24842,0.004,0.006,0.000,0.003
24843,0.004,0.006,0.000,0.003
24844,0.004,0.006,0.000,0.003
24845,0.004,0.006,0.000,0.003
24846,0.004,0.006,0.000,0.003
24847,0.004,0.006,0.000,0.003
24848,0.004,0.006,0.000,0.003
24849,0.004,0.006,0.000,0.003
24850,0.004,0.006,0.000,0.003
24851,0.004,0.006,0.000,0.003
24852,0.004,0.006,0.000,0.003
24853,0.004,0.006,0.000,0.003
24854,0.004,0.006,0.000,0.003
24855,0.004,0.006,0.000,0.003
24856,0.004,0.006,0.000,0.003
24857,0.004,0.006,0.000,0.003
24858,0.004,0.006,0.000,0.003
24859,0.004,0.006,0.000,0.003
24860,0.004,0.006,0.000,0.003
24861,0.004,0.006,0.000,0.003
24862,0.004,0.006,0.000,0.003
24863,0.004,0.006,0.000,0.003
24864,0.004,0.006,0.000,0.003
24865,0.004,0.006,0.000,0.003
24866,0.004,0.006,0.000,0.003
24867,0.004,0.006,0.000,0.003
24868,0.004,0.006,0.000,0.003
24869,0.004,0.006,0.000,0.003
24870,0.004,0.006,0.000,0.003
24871,0.004,0.006,0.000,0.003
24872,0.004,0.006,0.000,0.003
24873,0.004,0.006,0.000,0.003
24874,0.004,0.006,0.000,0.003
24875,0.004,0.006,0.000,0.003
24876,0.004,0.006,0.000,0.003
24877,0.004,0.006,0.000,0.003
24878,0.004,0.006,0.000,0.003
24879,0.004,0.006,0.000,0.003
24880,0.004,0.006,0.000,0.003
24881,0.004,0.006,0.000,0.003
24882,0.004,0.006,0.000,0.003
24883,0.004,0.006,0.000,0.003
24884,0.004,0.006,0.000,0.003
24885,0.004,0.006,0.000,0.003
24886,0.004,0.006,0.000,0.003
24887,0.004,0.006,0.000,0.003
24888,0.004,0.006,0.000,0.003
24889,0.004,0.006,0.000,0.003
24890,0.004,0.006,0.000,0.003
24891,0.004,0.006,0.000,0.003
24892,0.004,0.006,0.000,0.003
24893,0.004,0.006,0.000,0.003
24894,0.004,0.006,0.000,0.003
24895,0.004,0.006,0.000,0.003
24896,0.004,0.006,0.000,0.003
24897,0.004,0.006,0.000,0.003
24898,0.004,0.006,0.000,0.003
24899,0.004,0.006,0.000,0.003
24900,0.004,0.006,0.000,0.003
24901,0.004,0.006,0.000,0.003
24902,0.004,0.006,0.000,0.003
24903,0.004,0.006,0.000,0.003
24904,0.004,0.006,0.000,0.003
24905,0.004,0.006,0.000,0.003
24906,0.004,0.006,0.000,0.003
24907,0.004,0.006,0.000,0.003
24908,0.004,0.006,0.000,0.003
24909,0.004,0.006,0.000,0.003
24910,0.004,0.006,0.000,0.003
24911,0.004,0.006,0.000,0.003
24912,0.004,0.006,0.000,0.003
24913,0.004,0.006,0.000,0.003
24914,0.004,0.006,0.000,0.003
24915,0.004,0.006,0.000,0.003
24916,0.004,0.006,0.000,0.003
24917,0.004,0.006,0.000,0.003
24918,0.004,0.006,0.000,0.003
24919,0.004,0.006,0.000,0.003
24920,0.004,0.006,0.000,0.003
24921,0.004,0.006,0.000,0.003
24922,0.004,0.006,0.000,0.003
24923,0.004,0.006,0.000,0.003
24924,0.004,0.006,0.000,0.003
24925,0.004,0.006,0.000,0.003
24926,0.004,0.006,0.000,0.003
24927,0.004,0.006,0.000,0.003
24928,0.004,0.006,0.000,0.003
24929,0.004,0.006,0.000,0.003
24930,0.004,0.006,0.000,0.003
24931,0.004,0.006,0.000,0.003
24932,0.004,0.006,0.000,0.003
24933,0.004,0.006,0.000,0.003
24934,0.004,0.006,0.000,0.003
24935,0.004,0.006,0.000,0.003
24936,0.004,0.006,0.000,0.003
24937,0.004,0.006,0.000,0.003
24938,0.004,0.006,0.000,0.003
24939,0.004,0.006,0.000,0.003
24940,0.004,0.006,0.000,0.003
24941,0.004,0.006,0.000,0.003
24942,0.004,0.006,0.000,0.003
24943,0.004,0.006,0.000,0.003
24944,0.004,0.006,0.000,0.003
24945,0.004,0.006,0.000,0.003
24946,0.004,0.006,0.000,0.003
24947,0.004,0.006,0.000,0.003
24948,0.004,0.006,0.000,0.003
24949,0.004,0.006,0.000,0.003
24950,0.004,0.006,0.000,0.003
24951,0.004,0.006,0.000,0.003
24952,0.004,0.006,0.000,0.003
24953,0.004,0.006,0.000,0.003
24954,0.004,0.006,0.000,0.003
24955,0.004,0.006,0.000,0.003
24956,0.004,0.006,0.000,0.003
24957,0.004,0.006,0.000,0.003
24958,0.004,0.006,0.000,0.003
24959,0.004,0.006,0.000,0.003
24960,0.004,0.006,0.000,0.003
24961,0.004,0.006,0.000,0.003
24962,0.004,0.006,0.000,0.003
24963,0.004,0.006,0.000,0.003
24964,0.004,0.006,0.000,0.003
24965,0.004,0.006,0.000,0.003
24966,0.004,0.006,0.000,0.003
24967,0.004,0.006,0.000,0.003
24968,0.004,0.006,0.000,0.003
24969,0.004,0.006,0.000,0.003
24970,0.004,0.006,0.000,0.003
24971,0.004,0.006,0.000,0.003
24972,0.004,0.006,0.000,0.003
24973,0.004,0.006,0.000,0.003
24974,0.004,0.006,0.000,0.003
24975,0.004,0.006,0.000,0.003
24976,0.004,0.006,0.000,0.003
24977,0.004,0.006,0.000,0.003
24978,0.004,0.006,0.000,0.003
24979,0.004,0.006,0.000,0.003
24980,0.004,0.006,0.000,0.003
24981,0.004,0.006,0.000,0.003
24982,0.004,0.006,0.000,0.003
24983,0.004,0.006,0.000,0.003
24984,0.004,0.006,0.000,0.003
24985,0.004,0.006,0.000,0.003
24986,0.004,0.006,0.000,0.003
24987,0.004,0.006,0.000,0.003
24988,0.004,0.006,0.000,0.003
24989,0.004,0.006,0.000,0.003
24990,0.004,0.006,0.000,0.003
24991,0.004,0.006,0.000,0.003
24992,0.004,0.006,0.000,0.003
24993,0.004,0.006,0.000,0.003
24994,0.004,0.006,0.000,0.003
24995,0.004,0.006,0.000,0.003
24996,0.004,0.006,0.000,0.003
24997,0.004,0.006,0.000,0.003
24998,0.004,0.006,0.000,0.003
24999,0.004,0.006,0.000,0.003
25000,0.004,0.006,0.000,0.003
25001,0.004,0.006,0.000,0.003
25002,0.004,0.006,0.000,0.003
25003,0.004,0.006,0.000,0.003
25004,0.004,0.006,0.000,0.003
25005,0.004,0.006,0.000,0.003
25006,0.004,0.006,0.000,0.003
25007,0.004,0.006,0.000,0.003
25008,0.004,0.006,0.000,0.003
25009,0.004,0.006,0.000,0.003
25010,0.004,0.006,0.000,0.003
25011,0.004,0.006,0.000,0.003
25012,0.004,0.006,0.000,0.003
25013,0.004,0.006,0.000,0.003
25014,0.004,0.006,0.000,0.003
25015,0.004,0.006,0.000,0.003
25016,0.004,0.006,0.000,0.003
25017,0.004,0.006,0.000,0.003
25018,0.004,0.006,0.000,0.003
25019,0.004,0.006,0.000,0.003
25020,0.004,0.006,0.000,0.003
25021,0.004,0.006,0.000,0.003
25022,0.004,0.006,0.000,0.003
25023,0.004,0.006,0.000,0.003
25024,0.004,0.006,0.000,0.003
25025,0.004,0.006,0.000,0.003
25026,0.004,0.006,0.000,0.003
25027,0.004,0.006,0.000,0.003
25028,0.004,0.006,0.000,0.003
25029,0.004,0.006,0.000,0.003
25030,0.004,0.006,0.000,0.003
25031,0.004,0.006,0.000,0.003
25032,0.004,0.006,0.000,0.003
25033,0.004,0.006,0.000,0.003
25034,0.004,0.006,0.000,0.003
25035,0.004,0.006,0.000,0.003
25036,0.004,0.006,0.000,0.003
25037,0.004,0.006,0.000,0.003
25038,0.004,0.006,0.000,0.003
25039,0.004,0.006,0.000,0.003
25040,0.004,0.006,0.000,0.003
25041,0.004,0.006,0.000,0.003
25042,0.004,0.006,0.000,0.003
25043,0.004,0.006,0.000,0.003
25044,0.004,0.006,0.000,0.003
25045,0.004,0.006,0.000,0.003
25046,0.004,0.006,0.000,0.003
25047,0.004,0.006,0.000,0.003
25048,0.004,0.006,0.000,0.003
25049,0.004,0.006,0.000,0.003
25050,0.004,0.006,0.000,0.003
25051,0.004,0.006,0.000,0.003
25052,0.004,0.006,0.000,0.003
25053,0.004,0.006,0.000,0.003
25054,0.004,0.006,0.000,0.003
25055,0.004,0.006,0.000,0.003
25056,0.004,0.006,0.000,0.003
25057,0.004,0.006,0.000,0.003
25058,0.004,0.006,0.000,0.003
25059,0.004,0.006,0.000,0.003
25060,0.004,0.006,0.000,0.003
25061,0.004,0.006,0.000,0.003
25062,0.004,0.006,0.000,0.003
25063,0.004,0.006,0.000,0.003
25064,0.004,0.006,0.000,0.003
25065,0.004,0.006,0.000,0.003
25066,0.004,0.006,0.000,0.003
25067,0.004,0.006,0.000,0.003
25068,0.004,0.006,0.000,0.003
25069,0.004,0.006,0.000,0.003
25070,0.004,0.006,0.000,0.003
25071,0.004,0.006,0.000,0.003
25072,0.004,0.006,0.000,0.003
25073,0.004,0.006,0.000,0.003
25074,0.004,0.006,0.000,0.003
25075,0.004,0.006,0.000,0.003
25076,0.004,0.006,0.000,0.003
25077,0.004,0.006,0.000,0.003
25078,0.004,0.006,0.000,0.003
25079,0.004,0.006,0.000,0.003
25080,0.004,0.006,0.000,0.003
25081,0.004,0.006,0.000,0.003
25082,0.004,0.006,0.000,0.003
25083,0.004,0.006,0.000,0.003
25084,0.004,0.006,0.000,0.003
25085,0.004,0.006,0.000,0.003
25086,0.004,0.006,0.000,0.003
25087,0.004,0.006,0.000,0.003
25088,0.004,0.006,0.000,0.003
25089,0.004,0.006,0.000,0.003
25090,0.004,0.006,0.000,0.003
25091,0.004,0.006,0.000,0.003
25092,0.004,0.006,0.000,0.003
25093,0.004,0.006,0.000,0.003
25094,0.004,0.006,0.000,0.003
25095,0.004,0.006,0.000,0.003
25096,0.004,0.006,0.000,0.003
25097,0.004,0.006,0.000,0.003
25098,0.004,0.006,0.000,0.003
25099,0.004,0.006,0.000,0.003
25100,0.004,0.006,0.000,0.003
25101,0.004,0.006,0.000,0.003
25102,0.004,0.006,0.000,0.003
25103,0.004,0.006,0.000,0.003
25104,0.004,0.006,0.000,0.003
25105,0.004,0.006,0.000,0.003
25106,0.004,0.006,0.000,0.003
25107,0.004,0.006,0.000,0.003
25108,0.004,0.006,0.000,0.003
25109,0.004,0.006,0.000,0.003
25110,0.004,0.006,0.000,0.003
25111,0.004,0.006,0.000,0.003
25112,0.004,0.006,0.000,0.003
25113,0.004,0.006,0.000,0.003
25114,0.004,0.006,0.000,0.003
25115,0.004,0.006,0.000,0.003
25116,0.004,0.006,0.000,0.003
25117,0.004,0.006,0.000,0.003
25118,0.004,0.006,0.000,0.003
25119,0.004,0.006,0.000,0.003
25120,0.004,0.006,0.000,0.003
25121,0.004,0.006,0.000,0.003
25122,0.004,0.006,0.000,0.003
25123,0.004,0.006,0.000,0.003
25124,0.004,0.006,0.000,0.003
25125,0.004,0.006,0.000,0.003
25126,0.004,0.006,0.000,0.003
25127,0.004,0.006,0.000,0.003
25128,0.004,0.006,0.000,0.003
25129,0.004,0.006,0.000,0.003
25130,0.004,0.006,0.000,0.003
25131,0.004,0.006,0.000,0.003
25132,0.004,0.006,0.000,0.003
25133,0.004,0.006,0.000,0.003
25134,0.004,0.006,0.000,0.003
25135,0.004,0.006,0.000,0.003
25136,0.004,0.006,0.000,0.003
25137,0.004,0.006,0.000,0.003
25138,0.004,0.006,0.000,0.003
25139,0.004,0.006,0.000,0.003
25140,0.004,0.006,0.000,0.003
25141,0.004,0.006,0.000,0.003
25142,0.004,0.006,0.000,0.003
25143,0.004,0.006,0.000,0.003
25144,0.004,0.006,0.000,0.003
25145,0.004,0.006,0.000,0.003
25146,0.004,0.006,0.000,0.003
25147,0.004,0.006,0.000,0.003
25148,0.004,0.006,0.000,0.003
25149,0.004,0.006,0.000,0.003
25150,0.004,0.006,0.000,0.003
25151,0.004,0.006,0.000,0.003
25152,0.004,0.006,0.000,0.003
25153,0.004,0.006,0.000,0.003
25154,0.004,0.006,0.000,0.003
25155,0.004,0.006,0.000,0.003
25156,0.004,0.006,0.000,0.003
25157,0.004,0.006,0.000,0.003
25158,0.004,0.006,0.000,0.003
25159,0.004,0.006,0.000,0.003
25160,0.004,0.006,0.000,0.003
25161,0.004,0.006,0.000,0.003
25162,0.004,0.006,0.000,0.003
25163,0.004,0.006,0.000,0.003
25164,0.004,0.006,0.000,0.003
25165,0.004,0.006,0.000,0.003
25166,0.004,0.006,0.000,0.003
25167,0.004,0.006,0.000,0.003
25168,0.004,0.006,0.000,0.003
25169,0.004,0.006,0.000,0.003
25170,0.004,0.006,0.000,0.003
25171,0.004,0.006,0.000,0.003
25172,0.004,0.006,0.000,0.003
25173,0.004,0.006,0.000,0.003
25174,0.004,0.006,0.000,0.003
25175,0.004,0.006,0.000,0.003
25176,0.004,0.006,0.000,0.003
25177,0.004,0.006,0.000,0.003
25178,0.004,0.006,0.000,0.003
25179,0.004,0.006,0.000,0.003
25180,0.004,0.006,0.000,0.003
25181,0.004,0.006,0.000,0.003
25182,0.004,0.006,0.000,0.003
25183,0.004,0.006,0.000,0.003
25184,0.004,0.006,0.000,0.003
25185,0.004,0.006,0.000,0.003
25186,0.004,0.006,0.000,0.003
25187,0.004,0.006,0.000,0.003
25188,0.004,0.006,0.000,0.003
25189,0.004,0.006,0.000,0.003
25190,0.004,0.006,0.000,0.003
25191,0.004,0.006,0.000,0.003
25192,0.004,0.006,0.000,0.003
25193,0.004,0.006,0.000,0.003
25194,0.004,0.006,0.000,0.003
25195,0.004,0.006,0.000,0.003
25196,0.004,0.006,0.000,0.003
25197,0.004,0.006,0.000,0.003
25198,0.004,0.006,0.000,0.003
25199,0.004,0.006,0.000,0.003
25200,0.004,0.006,0.000,0.003
25201,0.004,0.006,0.000,0.003
25202,0.004,0.006,0.000,0.003
25203,0.004,0.006,0.000,0.003
25204,0.004,0.006,0.000,0.003
25205,0.004,0.006,0.000,0.003
25206,0.004,0.006,0.000,0.003
25207,0.004,0.006,0.000,0.003
25208,0.004,0.006,0.000,0.003
25209,0.004,0.006,0.000,0.003
25210,0.004,0.006,0.000,0.003
25211,0.004,0.006,0.000,0.003
25212,0.004,0.006,0.000,0.003
25213,0.004,0.006,0.000,0.003
25214,0.004,0.006,0.000,0.003
25215,0.004,0.006,0.000,0.003
25216,0.004,0.006,0.000,0.003
25217,0.004,0.006,0.000,0.003
25218,0.004,0.006,0.000,0.003
25219,0.004,0.006,0.000,0.003
25220,0.004,0.006,0.000,0.003
25221,0.004,0.006,0.000,0.003
25222,0.004,0.006,0.000,0.003
25223,0.004,0.006,0.000,0.003
25224,0.004,0.006,0.000,0.003
25225,0.004,0.006,0.000,0.003
25226,0.004,0.006,0.000,0.003
25227,0.004,0.006,0.000,0.003
25228,0.004,0.006,0.000,0.003
25229,0.004,0.006,0.000,0.003
25230,0.004,0.006,0.000,0.003
25231,0.004,0.006,0.000,0.003
25232,0.004,0.006,0.000,0.003
25233,0.004,0.006,0.000,0.003
25234,0.004,0.006,0.000,0.003
25235,0.004,0.006,0.000,0.003
25236,0.004,0.006,0.000,0.003
25237,0.004,0.006,0.000,0.003
25238,0.004,0.006,0.000,0.003
25239,0.004,0.006,0.000,0.003
25240,0.004,0.006,0.000,0.003
25241,0.004,0.006,0.000,0.003
25242,0.004,0.006,0.000,0.003
25243,0.004,0.006,0.000,0.003
25244,0.004,0.006,0.000,0.003
25245,0.004,0.006,0.000,0.003
25246,0.004,0.006,0.000,0.003
25247,0.004,0.006,0.000,0.003
25248,0.004,0.006,0.000,0.003
25249,0.004,0.006,0.000,0.003
25250,0.004,0.006,0.000,0.003
25251,0.004,0.006,0.000,0.003
25252,0.004,0.006,0.000,0.003
25253,0.004,0.006,0.000,0.003
25254,0.004,0.006,0.000,0.003
25255,0.004,0.006,0.000,0.003
25256,0.004,0.006,0.000,0.003
25257,0.004,0.006,0.000,0.003
25258,0.004,0.006,0.000,0.003
25259,0.004,0.006,0.000,0.003
25260,0.004,0.006,0.000,0.003
25261,0.004,0.006,0.000,0.003
25262,0.004,0.006,0.000,0.003
25263,0.004,0.006,0.000,0.003
25264,0.004,0.006,0.000,0.003
25265,0.004,0.006,0.000,0.003
25266,0.004,0.006,0.000,0.003
25267,0.004,0.006,0.000,0.003
25268,0.004,0.006,0.000,0.003
25269,0.004,0.006,0.000,0.003
25270,0.004,0.006,0.000,0.003
25271,0.004,0.006,0.000,0.003
25272,0.004,0.006,0.000,0.003
25273,0.004,0.006,0.000,0.003
25274,0.004,0.006,0.000,0.003
25275,0.004,0.006,0.000,0.003
25276,0.004,0.006,0.000,0.003
25277,0.004,0.006,0.000,0.003
25278,0.004,0.006,0.000,0.003
25279,0.004,0.006,0.000,0.003
25280,0.004,0.006,0.000,0.003
25281,0.004,0.006,0.000,0.003
25282,0.004,0.006,0.000,0.003
25283,0.004,0.006,0.000,0.003
25284,0.004,0.006,0.000,0.003
25285,0.004,0.006,0.000,0.003
25286,0.004,0.006,0.000,0.003
25287,0.004,0.006,0.000,0.003
25288,0.004,0.006,0.000,0.003
25289,0.004,0.006,0.000,0.003
25290,0.004,0.006,0.000,0.003
25291,0.004,0.006,0.000,0.003
25292,0.004,0.006,0.000,0.003
25293,0.004,0.006,0.000,0.003
25294,0.004,0.006,0.000,0.003
25295,0.004,0.006,0.000,0.003
25296,0.004,0.006,0.000,0.003
25297,0.004,0.006,0.000,0.003
25298,0.004,0.006,0.000,0.003
25299,0.004,0.006,0.000,0.003
25300,0.004,0.006,0.000,0.003
25301,0.004,0.006,0.000,0.003
25302,0.004,0.006,0.000,0.003
25303,0.004,0.006,0.000,0.003
25304,0.004,0.006,0.000,0.003
25305,0.004,0.006,0.000,0.003
25306,0.004,0.006,0.000,0.003
25307,0.004,0.006,0.000,0.003
25308,0.004,0.006,0.000,0.003
25309,0.004,0.006,0.000,0.003
25310,0.004,0.006,0.000,0.003
25311,0.004,0.006,0.000,0.003
25312,0.004,0.006,0.000,0.003
25313,0.004,0.006,0.000,0.003
25314,0.004,0.006,0.000,0.003
25315,0.004,0.006,0.000,0.003
25316,0.004,0.006,0.000,0.003
25317,0.004,0.006,0.000,0.003
25318,0.004,0.006,0.000,0.003
25319,0.004,0.006,0.000,0.003
25320,0.004,0.006,0.000,0.003
25321,0.004,0.006,0.000,0.003
25322,0.004,0.006,0.000,0.003
25323,0.004,0.006,0.000,0.003
25324,0.004,0.006,0.000,0.003
25325,0.004,0.006,0.000,0.003
25326,0.004,0.006,0.000,0.003
25327,0.004,0.006,0.000,0.003
25328,0.004,0.006,0.000,0.003
25329,0.004,0.006,0.000,0.003
25330,0.004,0.006,0.000,0.003
25331,0.004,0.006,0.000,0.003
25332,0.004,0.006,0.000,0.003
25333,0.004,0.006,0.000,0.003
25334,0.004,0.006,0.000,0.003
25335,0.004,0.006,0.000,0.003
25336,0.004,0.006,0.000,0.003
25337,0.004,0.006,0.000,0.003
25338,0.004,0.006,0.000,0.003
25339,0.004,0.006,0.000,0.003
25340,0.004,0.006,0.000,0.003
25341,0.004,0.006,0.000,0.003
25342,0.004,0.006,0.000,0.003
25343,0.004,0.006,0.000,0.003
25344,0.004,0.006,0.000,0.003
25345,0.004,0.006,0.000,0.003
25346,0.004,0.006,0.000,0.003
25347,0.004,0.006,0.000,0.003
25348,0.004,0.006,0.000,0.003
25349,0.004,0.006,0.000,0.003
25350,0.004,0.006,0.000,0.003
25351,0.004,0.006,0.000,0.003
25352,0.004,0.006,0.000,0.003
25353,0.004,0.006,0.000,0.003
25354,0.004,0.006,0.000,0.003
25355,0.004,0.006,0.000,0.003
25356,0.004,0.006,0.000,0.003
25357,0.004,0.006,0.000,0.003
25358,0.004,0.006,0.000,0.003
25359,0.004,0.006,0.000,0.003
25360,0.004,0.006,0.000,0.003
25361,0.004,0.006,0.000,0.003
25362,0.004,0.006,0.000,0.003
25363,0.004,0.006,0.000,0.003
25364,0.004,0.006,0.000,0.003
25365,0.004,0.006,0.000,0.003
25366,0.004,0.006,0.000,0.003
25367,0.004,0.006,0.000,0.003
25368,0.004,0.006,0.000,0.003
25369,0.004,0.006,0.000,0.003
25370,0.004,0.006,0.000,0.003
25371,0.004,0.006,0.000,0.003
25372,0.004,0.006,0.000,0.003
25373,0.004,0.006,0.000,0.003
25374,0.004,0.006,0.000,0.003
25375,0.004,0.006,0.000,0.003
25376,0.004,0.006,0.000,0.003
25377,0.004,0.006,0.000,0.003
25378,0.004,0.006,0.000,0.003
25379,0.004,0.006,0.000,0.003
25380,0.004,0.006,0.000,0.003
25381,0.004,0.006,0.000,0.003
25382,0.004,0.006,0.000,0.003
25383,0.004,0.006,0.000,0.003
25384,0.004,0.006,0.000,0.003
25385,0.004,0.006,0.000,0.003
25386,0.004,0.006,0.000,0.003
25387,0.004,0.006,0.000,0.003
25388,0.004,0.006,0.000,0.003
25389,0.004,0.006,0.000,0.003
25390,0.004,0.006,0.000,0.003
25391,0.004,0.006,0.000,0.003
25392,0.004,0.006,0.000,0.003
25393,0.004,0.006,0.000,0.003
25394,0.004,0.006,0.000,0.003
25395,0.004,0.006,0.000,0.003
25396,0.004,0.006,0.000,0.003
25397,0.004,0.006,0.000,0.003
25398,0.004,0.006,0.000,0.003
25399,0.004,0.006,0.000,0.003
25400,0.004,0.006,0.000,0.003
25401,0.004,0.006,0.000,0.003
25402,0.004,0.006,0.000,0.003
25403,0.004,0.006,0.000,0.003
25404,0.004,0.006,0.000,0.003
25405,0.004,0.006,0.000,0.003
25406,0.004,0.006,0.000,0.003
25407,0.004,0.006,0.000,0.003
25408,0.004,0.006,0.000,0.003
25409,0.004,0.006,0.000,0.003
25410,0.004,0.006,0.000,0.003
25411,0.004,0.006,0.000,0.003
25412,0.004,0.006,0.000,0.003
25413,0.004,0.006,0.000,0.003
25414,0.004,0.006,0.000,0.003
25415,0.004,0.006,0.000,0.003
25416,0.004,0.006,0.000,0.003
25417,0.004,0.006,0.000,0.003
25418,0.004,0.006,0.000,0.003
25419,0.004,0.006,0.000,0.003
25420,0.004,0.006,0.000,0.003
25421,0.004,0.006,0.000,0.003
25422,0.004,0.006,0.000,0.003
25423,0.004,0.006,0.000,0.003
25424,0.004,0.006,0.000,0.003
25425,0.004,0.006,0.000,0.003
25426,0.004,0.006,0.000,0.003
25427,0.004,0.006,0.000,0.003
25428,0.004,0.006,0.000,0.003
25429,0.004,0.006,0.000,0.003
25430,0.004,0.006,0.000,0.003
25431,0.004,0.006,0.000,0.003
25432,0.004,0.006,0.000,0.003
25433,0.004,0.006,0.000,0.003
25434,0.004,0.006,0.000,0.003
25435,0.004,0.006,0.000,0.003
25436,0.004,0.006,0.000,0.003
25437,0.004,0.006,0.000,0.003
25438,0.004,0.006,0.000,0.003
25439,0.004,0.006,0.000,0.003
25440,0.004,0.006,0.000,0.003
25441,0.004,0.006,0.000,0.003
25442,0.004,0.006,0.000,0.003
25443,0.004,0.006,0.000,0.003
25444,0.004,0.006,0.000,0.003
25445,0.004,0.006,0.000,0.003
25446,0.004,0.006,0.000,0.003
25447,0.004,0.006,0.000,0.003
25448,0.004,0.006,0.000,0.003
25449,0.004,0.006,0.000,0.003
25450,0.004,0.006,0.000,0.003
25451,0.004,0.006,0.000,0.003
25452,0.004,0.006,0.000,0.003
25453,0.004,0.006,0.000,0.003
25454,0.004,0.006,0.000,0.003
25455,0.004,0.006,0.000,0.003
25456,0.004,0.006,0.000,0.003
25457,0.004,0.006,0.000,0.003
25458,0.004,0.006,0.000,0.003
25459,0.004,0.006,0.000,0.003
25460,0.004,0.006,0.000,0.003
25461,0.004,0.006,0.000,0.003
25462,0.004,0.006,0.000,0.003
25463,0.004,0.006,0.000,0.003
25464,0.004,0.006,0.000,0.003
25465,0.004,0.006,0.000,0.003
25466,0.004,0.006,0.000,0.003
25467,0.004,0.006,0.000,0.003
25468,0.004,0.006,0.000,0.003
25469,0.004,0.006,0.000,0.003
25470,0.004,0.006,0.000,0.003
25471,0.004,0.006,0.000,0.003
25472,0.004,0.006,0.000,0.003
25473,0.004,0.006,0.000,0.003
25474,0.004,0.006,0.000,0.003
25475,0.004,0.006,0.000,0.003
25476,0.004,0.006,0.000,0.003
25477,0.004,0.006,0.000,0.003
25478,0.004,0.006,0.000,0.003
25479,0.004,0.006,0.000,0.003
25480,0.004,0.006,0.000,0.003
25481,0.004,0.006,0.000,0.003
25482,0.004,0.006,0.000,0.003
25483,0.004,0.006,0.000,0.003
25484,0.004,0.006,0.000,0.003
25485,0.004,0.006,0.000,0.003
25486,0.004,0.006,0.000,0.003
25487,0.004,0.006,0.000,0.003
25488,0.004,0.006,0.000,0.003
25489,0.004,0.006,0.000,0.003
25490,0.004,0.006,0.000,0.003
25491,0.004,0.006,0.000,0.003
25492,0.004,0.006,0.000,0.003
25493,0.004,0.006,0.000,0.003
25494,0.004,0.006,0.000,0.003
25495,0.004,0.006,0.000,0.003
25496,0.004,0.006,0.000,0.003
25497,0.004,0.006,0.000,0.003
25498,0.004,0.006,0.000,0.003
25499,0.004,0.006,0.000,0.003
25500,0.004,0.006,0.000,0.003
25501,0.004,0.006,0.000,0.003
25502,0.004,0.006,0.000,0.003
25503,0.004,0.006,0.000,0.003
25504,0.004,0.006,0.000,0.003
25505,0.004,0.006,0.000,0.003
25506,0.004,0.006,0.000,0.003
25507,0.004,0.006,0.000,0.003
25508,0.004,0.006,0.000,0.003
25509,0.004,0.006,0.000,0.003
25510,0.004,0.006,0.000,0.003
25511,0.004,0.006,0.000,0.003
25512,0.004,0.006,0.000,0.003
25513,0.004,0.006,0.000,0.003
25514,0.004,0.006,0.000,0.003
25515,0.004,0.006,0.000,0.003
25516,0.004,0.006,0.000,0.003
25517,0.004,0.006,0.000,0.003
25518,0.004,0.006,0.000,0.003
25519,0.004,0.006,0.000,0.003
25520,0.004,0.006,0.000,0.003
25521,0.004,0.006,0.000,0.003
25522,0.004,0.006,0.000,0.003
25523,0.004,0.006,0.000,0.003
25524,0.004,0.006,0.000,0.003
25525,0.004,0.006,0.000,0.003
25526,0.004,0.006,0.000,0.003
25527,0.004,0.006,0.000,0.003
25528,0.004,0.006,0.000,0.003
25529,0.004,0.006,0.000,0.003
25530,0.004,0.006,0.000,0.003
25531,0.004,0.006,0.000,0.003
25532,0.004,0.006,0.000,0.003
25533,0.004,0.006,0.000,0.003
25534,0.004,0.006,0.000,0.003
25535,0.004,0.006,0.000,0.003
25536,0.004,0.006,0.000,0.003
25537,0.004,0.006,0.000,0.003
25538,0.004,0.006,0.000,0.003
25539,0.004,0.006,0.000,0.003
25540,0.004,0.006,0.000,0.003
25541,0.004,0.006,0.000,0.003
25542,0.004,0.006,0.000,0.003
25543,0.004,0.006,0.000,0.003
25544,0.004,0.006,0.000,0.003
25545,0.004,0.006,0.000,0.003
25546,0.004,0.006,0.000,0.003
25547,0.004,0.006,0.000,0.003
25548,0.004,0.006,0.000,0.003
25549,0.004,0.006,0.000,0.003
25550,0.004,0.006,0.000,0.003
25551,0.004,0.006,0.000,0.003
25552,0.004,0.006,0.000,0.003
25553,0.004,0.006,0.000,0.003
25554,0.004,0.006,0.000,0.003
25555,0.004,0.006,0.000,0.003
25556,0.004,0.006,0.000,0.003
25557,0.004,0.006,0.000,0.003
25558,0.004,0.006,0.000,0.003
25559,0.004,0.006,0.000,0.003
25560,0.004,0.006,0.000,0.003
25561,0.004,0.006,0.000,0.003
25562,0.004,0.006,0.000,0.003
25563,0.004,0.006,0.000,0.003
25564,0.004,0.006,0.000,0.003
25565,0.004,0.006,0.000,0.003
25566,0.004,0.006,0.000,0.003
25567,0.004,0.006,0.000,0.003
25568,0.004,0.006,0.000,0.003
25569,0.004,0.006,0.000,0.003
25570,0.004,0.006,0.000,0.003
25571,0.004,0.006,0.000,0.003
25572,0.004,0.006,0.000,0.003
25573,0.004,0.006,0.000,0.003
25574,0.004,0.006,0.000,0.003
25575,0.004,0.006,0.000,0.003
25576,0.004,0.006,0.000,0.003
25577,0.004,0.006,0.000,0.003
25578,0.004,0.006,0.000,0.003
25579,0.004,0.006,0.000,0.003
25580,0.004,0.006,0.000,0.003
25581,0.004,0.006,0.000,0.003
25582,0.004,0.006,0.000,0.003
25583,0.004,0.006,0.000,0.003
25584,0.004,0.006,0.000,0.003
25585,0.004,0.006,0.000,0.003
25586,0.004,0.006,0.000,0.003
25587,0.004,0.006,0.000,0.003
25588,0.004,0.006,0.000,0.003
25589,0.004,0.006,0.000,0.003
25590,0.004,0.006,0.000,0.003
25591,0.004,0.006,0.000,0.003
25592,0.004,0.006,0.000,0.003
25593,0.004,0.006,0.000,0.003
25594,0.004,0.006,0.000,0.003
25595,0.004,0.006,0.000,0.003
25596,0.004,0.006,0.000,0.003
25597,0.004,0.006,0.000,0.003
25598,0.004,0.006,0.000,0.003
25599,0.004,0.006,0.000,0.003
25600,0.004,0.006,0.000,0.003
25601,0.004,0.006,0.000,0.003
25602,0.004,0.006,0.000,0.003
25603,0.004,0.006,0.000,0.003
25604,0.004,0.006,0.000,0.003
25605,0.004,0.006,0.000,0.003
25606,0.004,0.006,0.000,0.003
25607,0.004,0.006,0.000,0.003
25608,0.004,0.006,0.000,0.003
25609,0.004,0.006,0.000,0.003
25610,0.004,0.006,0.000,0.003
25611,0.004,0.006,0.000,0.003
25612,0.004,0.006,0.000,0.003
25613,0.004,0.006,0.000,0.003
25614,0.004,0.006,0.000,0.003
25615,0.004,0.006,0.000,0.003
25616,0.004,0.006,0.000,0.003
25617,0.004,0.006,0.000,0.003
25618,0.004,0.006,0.000,0.003
25619,0.004,0.006,0.000,0.003
25620,0.004,0.006,0.000,0.003
25621,0.004,0.006,0.000,0.003
25622,0.004,0.006,0.000,0.003
25623,0.004,0.006,0.000,0.003
25624,0.004,0.006,0.000,0.003
25625,0.004,0.006,0.000,0.003
25626,0.004,0.006,0.000,0.003
25627,0.004,0.006,0.000,0.003
25628,0.004,0.006,0.000,0.003
25629,0.004,0.006,0.000,0.003
25630,0.004,0.006,0.000,0.003
25631,0.004,0.006,0.000,0.003
25632,0.004,0.006,0.000,0.003
25633,0.004,0.006,0.000,0.003
25634,0.004,0.006,0.000,0.003
25635,0.004,0.006,0.000,0.003
25636,0.004,0.006,0.000,0.003
25637,0.004,0.006,0.000,0.003
25638,0.004,0.006,0.000,0.003
25639,0.004,0.006,0.000,0.003
25640,0.004,0.006,0.000,0.003
25641,0.004,0.006,0.000,0.003
25642,0.004,0.006,0.000,0.003
25643,0.004,0.006,0.000,0.003
25644,0.004,0.006,0.000,0.003
25645,0.004,0.006,0.000,0.003
25646,0.004,0.006,0.000,0.003
25647,0.004,0.006,0.000,0.003
25648,0.004,0.006,0.000,0.003
25649,0.004,0.006,0.000,0.003
25650,0.004,0.006,0.000,0.003
25651,0.004,0.006,0.000,0.003
25652,0.004,0.006,0.000,0.003
25653,0.004,0.006,0.000,0.003
25654,0.004,0.006,0.000,0.003
25655,0.004,0.006,0.000,0.003
25656,0.004,0.006,0.000,0.003
25657,0.004,0.006,0.000,0.003
25658,0.004,0.006,0.000,0.003
25659,0.004,0.006,0.000,0.003
25660,0.004,0.006,0.000,0.003
25661,0.004,0.006,0.000,0.003
25662,0.004,0.006,0.000,0.003
25663,0.004,0.006,0.000,0.003
25664,0.004,0.006,0.000,0.003
25665,0.004,0.006,0.000,0.003
25666,0.004,0.006,0.000,0.003
25667,0.004,0.006,0.000,0.003
25668,0.004,0.006,0.000,0.003
25669,0.004,0.006,0.000,0.003
25670,0.004,0.006,0.000,0.003
25671,0.004,0.006,0.000,0.003
25672,0.004,0.006,0.000,0.003
25673,0.004,0.006,0.000,0.003
25674,0.004,0.006,0.000,0.003
25675,0.004,0.006,0.000,0.003
25676,0.004,0.006,0.000,0.003
25677,0.004,0.006,0.000,0.003
25678,0.004,0.006,0.000,0.003
25679,0.004,0.006,0.000,0.003
25680,0.004,0.006,0.000,0.003
25681,0.004,0.006,0.000,0.003
25682,0.004,0.006,0.000,0.003
25683,0.004,0.006,0.000,0.003
25684,0.004,0.006,0.000,0.003
25685,0.004,0.006,0.000,0.003
25686,0.004,0.006,0.000,0.003
25687,0.004,0.006,0.000,0.003
25688,0.004,0.006,0.000,0.003
25689,0.004,0.006,0.000,0.003
25690,0.004,0.006,0.000,0.003
25691,0.004,0.006,0.000,0.003
25692,0.004,0.006,0.000,0.003
25693,0.004,0.006,0.000,0.003
25694,0.004,0.006,0.000,0.003
25695,0.004,0.006,0.000,0.003
25696,0.004,0.006,0.000,0.003
25697,0.004,0.006,0.000,0.003
25698,0.004,0.006,0.000,0.003
25699,0.004,0.006,0.000,0.003
25700,0.004,0.006,0.000,0.003
25701,0.004,0.006,0.000,0.003
25702,0.004,0.006,0.000,0.003
25703,0.004,0.006,0.000,0.003
25704,0.004,0.006,0.000,0.003
25705,0.004,0.006,0.000,0.003
25706,0.004,0.006,0.000,0.003
25707,0.004,0.006,0.000,0.003
25708,0.004,0.006,0.000,0.003
25709,0.004,0.006,0.000,0.003
25710,0.004,0.006,0.000,0.003
25711,0.004,0.006,0.000,0.003
25712,0.004,0.006,0.000,0.003
25713,0.004,0.006,0.000,0.003
25714,0.004,0.006,0.000,0.003
25715,0.004,0.006,0.000,0.003
25716,0.004,0.006,0.000,0.003
25717,0.004,0.006,0.000,0.003
25718,0.004,0.006,0.000,0.003
25719,0.004,0.006,0.000,0.003
25720,0.004,0.006,0.000,0.003
25721,0.004,0.006,0.000,0.003
25722,0.004,0.006,0.000,0.003
25723,0.004,0.006,0.000,0.003
25724,0.004,0.006,0.000,0.003
25725,0.004,0.006,0.000,0.003
25726,0.004,0.006,0.000,0.003
25727,0.004,0.006,0.000,0.003
25728,0.004,0.006,0.000,0.003
25729,0.004,0.006,0.000,0.003
25730,0.004,0.006,0.000,0.003
25731,0.004,0.006,0.000,0.003
25732,0.004,0.006,0.000,0.003
25733,0.004,0.006,0.000,0.003
25734,0.004,0.006,0.000,0.003
25735,0.004,0.006,0.000,0.003
25736,0.004,0.006,0.000,0.003
25737,0.004,0.006,0.000,0.003
25738,0.004,0.006,0.000,0.003
25739,0.004,0.006,0.000,0.003
25740,0.004,0.006,0.000,0.003
25741,0.004,0.006,0.000,0.003
25742,0.004,0.006,0.000,0.003
25743,0.004,0.006,0.000,0.003
25744,0.004,0.006,0.000,0.003
25745,0.004,0.006,0.000,0.003
25746,0.004,0.006,0.000,0.003
25747,0.004,0.006,0.000,0.003
25748,0.004,0.006,0.000,0.003
25749,0.004,0.006,0.000,0.003
25750,0.004,0.006,0.000,0.003
25751,0.004,0.006,0.000,0.003
25752,0.004,0.006,0.000,0.003
25753,0.004,0.006,0.000,0.003
25754,0.004,0.006,0.000,0.003
25755,0.004,0.006,0.000,0.003
25756,0.004,0.006,0.000,0.003
25757,0.004,0.006,0.000,0.003
25758,0.004,0.006,0.000,0.003
25759,0.004,0.006,0.000,0.003
25760,0.004,0.006,0.000,0.003
25761,0.004,0.006,0.000,0.003
25762,0.004,0.006,0.000,0.003
25763,0.004,0.006,0.000,0.003
25764,0.004,0.006,0.000,0.003
25765,0.004,0.006,0.000,0.003
25766,0.004,0.006,0.000,0.003
25767,0.004,0.006,0.000,0.003
25768,0.004,0.006,0.000,0.003
25769,0.004,0.006,0.000,0.003
25770,0.004,0.006,0.000,0.003
25771,0.004,0.006,0.000,0.003
25772,0.004,0.006,0.000,0.003
25773,0.004,0.006,0.000,0.003
25774,0.004,0.006,0.000,0.003
25775,0.004,0.006,0.000,0.003
25776,0.004,0.006,0.000,0.003
25777,0.004,0.006,0.000,0.003
25778,0.004,0.006,0.000,0.003
25779,0.004,0.006,0.000,0.003
25780,0.004,0.006,0.000,0.003
25781,0.004,0.006,0.000,0.003
25782,0.004,0.006,0.000,0.003
25783,0.004,0.006,0.000,0.003
25784,0.004,0.006,0.000,0.003
25785,0.004,0.006,0.000,0.003
25786,0.004,0.006,0.000,0.003
25787,0.004,0.006,0.000,0.003
25788,0.004,0.006,0.000,0.003
25789,0.004,0.006,0.000,0.003
25790,0.004,0.006,0.000,0.003
25791,0.004,0.006,0.000,0.003
25792,0.004,0.006,0.000,0.003
25793,0.004,0.006,0.000,0.003
25794,0.004,0.006,0.000,0.003
25795,0.004,0.006,0.000,0.003
25796,0.004,0.006,0.000,0.003
25797,0.004,0.006,0.000,0.003
25798,0.004,0.006,0.000,0.003
25799,0.004,0.006,0.000,0.003
25800,0.004,0.006,0.000,0.003
25801,0.004,0.006,0.000,0.003
25802,0.004,0.006,0.000,0.003
25803,0.004,0.006,0.000,0.003
25804,0.004,0.006,0.000,0.003
25805,0.004,0.006,0.000,0.003
25806,0.004,0.006,0.000,0.003
25807,0.004,0.006,0.000,0.003
25808,0.004,0.006,0.000,0.003
25809,0.004,0.006,0.000,0.003
25810,0.004,0.006,0.000,0.003
25811,0.004,0.006,0.000,0.003
25812,0.004,0.006,0.000,0.003
25813,0.004,0.006,0.000,0.003
25814,0.004,0.006,0.000,0.003
25815,0.004,0.006,0.000,0.003
25816,0.004,0.006,0.000,0.003
25817,0.004,0.006,0.000,0.003
25818,0.004,0.006,0.000,0.003
25819,0.004,0.006,0.000,0.003
25820,0.004,0.006,0.000,0.003
25821,0.004,0.006,0.000,0.003
25822,0.004,0.006,0.000,0.003
25823,0.004,0.006,0.000,0.003
25824,0.004,0.006,0.000,0.003
25825,0.004,0.006,0.000,0.003
25826,0.004,0.006,0.000,0.003
25827,0.004,0.006,0.000,0.003
25828,0.004,0.006,0.000,0.003
25829,0.004,0.006,0.000,0.003
25830,0.004,0.006,0.000,0.003
25831,0.004,0.006,0.000,0.003
25832,0.004,0.006,0.000,0.003
25833,0.004,0.006,0.000,0.003
25834,0.004,0.006,0.000,0.003
25835,0.004,0.006,0.000,0.003
25836,0.004,0.006,0.000,0.003
25837,0.004,0.006,0.000,0.003
25838,0.004,0.006,0.000,0.003
25839,0.004,0.006,0.000,0.003
25840,0.004,0.006,0.000,0.003
25841,0.004,0.006,0.000,0.003
25842,0.004,0.006,0.000,0.003
25843,0.004,0.006,0.000,0.003
25844,0.004,0.006,0.000,0.003
25845,0.004,0.006,0.000,0.003
25846,0.004,0.006,0.000,0.003
25847,0.004,0.006,0.000,0.003
25848,0.004,0.006,0.000,0.003
25849,0.004,0.006,0.000,0.003
25850,0.004,0.006,0.000,0.003
25851,0.004,0.006,0.000,0.003
25852,0.004,0.006,0.000,0.003
25853,0.004,0.006,0.000,0.003
25854,0.004,0.006,0.000,0.003
25855,0.004,0.006,0.000,0.003
25856,0.004,0.006,0.000,0.003
25857,0.004,0.006,0.000,0.003
25858,0.004,0.006,0.000,0.003
25859,0.004,0.006,0.000,0.003
25860,0.004,0.006,0.000,0.003
25861,0.004,0.006,0.000,0.003
25862,0.004,0.006,0.000,0.003
25863,0.004,0.006,0.000,0.003
25864,0.004,0.006,0.000,0.003
25865,0.004,0.006,0.000,0.003
25866,0.004,0.006,0.000,0.003
25867,0.004,0.006,0.000,0.003
25868,0.004,0.006,0.000,0.003
25869,0.004,0.006,0.000,0.003
25870,0.004,0.006,0.000,0.003
25871,0.004,0.006,0.000,0.003
25872,0.004,0.006,0.000,0.003
25873,0.004,0.006,0.000,0.003
25874,0.004,0.006,0.000,0.003
25875,0.004,0.006,0.000,0.003
25876,0.004,0.006,0.000,0.003
25877,0.004,0.006,0.000,0.003
25878,0.004,0.006,0.000,0.003
25879,0.004,0.006,0.000,0.003
25880,0.004,0.006,0.000,0.003
25881,0.004,0.006,0.000,0.003
25882,0.004,0.006,0.000,0.003
25883,0.004,0.006,0.000,0.003
25884,0.004,0.006,0.000,0.003
25885,0.004,0.006,0.000,0.003
25886,0.004,0.006,0.000,0.003
25887,0.004,0.006,0.000,0.003
25888,0.004,0.006,0.000,0.003
25889,0.004,0.006,0.000,0.003
25890,0.004,0.006,0.000,0.003
25891,0.004,0.006,0.000,0.003
25892,0.004,0.006,0.000,0.003
25893,0.004,0.006,0.000,0.003
25894,0.004,0.006,0.000,0.003
25895,0.004,0.006,0.000,0.003
25896,0.004,0.006,0.000,0.003
25897,0.004,0.006,0.000,0.003
25898,0.004,0.006,0.000,0.003
25899,0.004,0.006,0.000,0.003
25900,0.004,0.006,0.000,0.003
25901,0.004,0.006,0.000,0.003
25902,0.004,0.006,0.000,0.003
25903,0.004,0.006,0.000,0.003
25904,0.004,0.006,0.000,0.003
25905,0.004,0.006,0.000,0.003
25906,0.004,0.006,0.000,0.003
25907,0.004,0.006,0.000,0.003
25908,0.004,0.006,0.000,0.003
25909,0.004,0.006,0.000,0.003
25910,0.004,0.006,0.000,0.003
25911,0.004,0.006,0.000,0.003
25912,0.004,0.006,0.000,0.003
25913,0.004,0.006,0.000,0.003
25914,0.004,0.006,0.000,0.003
25915,0.004,0.006,0.000,0.003
25916,0.004,0.006,0.000,0.003
25917,0.004,0.006,0.000,0.003
25918,0.004,0.006,0.000,0.003
25919,0.004,0.006,0.000,0.003
25920,0.004,0.006,0.000,0.003
25921,0.004,0.006,0.000,0.003
25922,0.004,0.006,0.000,0.003
25923,0.004,0.006,0.000,0.003
25924,0.004,0.006,0.000,0.003
25925,0.004,0.006,0.000,0.003
25926,0.004,0.006,0.000,0.003
25927,0.004,0.006,0.000,0.003
25928,0.004,0.006,0.000,0.003
25929,0.004,0.006,0.000,0.003
25930,0.004,0.006,0.000,0.003
25931,0.004,0.006,0.000,0.003
25932,0.004,0.006,0.000,0.003
25933,0.004,0.006,0.000,0.003
25934,0.004,0.006,0.000,0.003
25935,0.004,0.006,0.000,0.003
25936,0.004,0.006,0.000,0.003
25937,0.004,0.006,0.000,0.003
25938,0.004,0.006,0.000,0.003
25939,0.004,0.006,0.000,0.003
25940,0.004,0.006,0.000,0.003
25941,0.004,0.006,0.000,0.003
25942,0.004,0.006,0.000,0.003
25943,0.004,0.006,0.000,0.003
25944,0.004,0.006,0.000,0.003
25945,0.004,0.006,0.000,0.003
25946,0.004,0.006,0.000,0.003
25947,0.004,0.006,0.000,0.003
25948,0.004,0.006,0.000,0.003
25949,0.004,0.006,0.000,0.003
25950,0.004,0.006,0.000,0.003
25951,0.004,0.006,0.000,0.003
25952,0.004,0.006,0.000,0.003
25953,0.004,0.006,0.000,0.003
25954,0.004,0.006,0.000,0.003
25955,0.004,0.006,0.000,0.003
25956,0.004,0.006,0.000,0.003
25957,0.004,0.006,0.000,0.003
25958,0.004,0.006,0.000,0.003
25959,0.004,0.006,0.000,0.003
25960,0.004,0.006,0.000,0.003
25961,0.004,0.006,0.000,0.003
25962,0.004,0.006,0.000,0.003
25963,0.004,0.006,0.000,0.003
25964,0.004,0.006,0.000,0.003
25965,0.004,0.006,0.000,0.003
25966,0.004,0.006,0.000,0.003
25967,0.004,0.006,0.000,0.003
25968,0.004,0.006,0.000,0.003
25969,0.004,0.006,0.000,0.003
25970,0.004,0.006,0.000,0.003
25971,0.004,0.006,0.000,0.003
25972,0.004,0.006,0.000,0.003
25973,0.004,0.006,0.000,0.003
25974,0.004,0.006,0.000,0.003
25975,0.004,0.006,0.000,0.003
25976,0.004,0.006,0.000,0.003
25977,0.004,0.006,0.000,0.003
25978,0.004,0.006,0.000,0.003
25979,0.004,0.006,0.000,0.003
25980,0.004,0.006,0.000,0.003
25981,0.004,0.006,0.000,0.003
25982,0.004,0.006,0.000,0.003
25983,0.004,0.006,0.000,0.003
25984,0.004,0.006,0.000,0.003
25985,0.004,0.006,0.000,0.003
25986,0.004,0.006,0.000,0.003
25987,0.004,0.006,0.000,0.003
25988,0.004,0.006,0.000,0.003
25989,0.004,0.006,0.000,0.003
25990,0.004,0.006,0.000,0.003
25991,0.004,0.006,0.000,0.003
25992,0.004,0.006,0.000,0.003
25993,0.004,0.006,0.000,0.003
25994,0.004,0.006,0.000,0.003
25995,0.004,0.006,0.000,0.003
25996,0.004,0.006,0.000,0.003
25997,0.004,0.006,0.000,0.003
25998,0.004,0.006,0.000,0.003
25999,0.004,0.006,0.000,0.003
26000,0.004,0.006,0.000,0.003
26001,0.004,0.006,0.000,0.003
26002,0.004,0.006,0.000,0.003
26003,0.004,0.006,0.000,0.003
26004,0.004,0.006,0.000,0.003
26005,0.004,0.006,0.000,0.003
26006,0.004,0.006,0.000,0.003
26007,0.004,0.006,0.000,0.003
26008,0.004,0.006,0.000,0.003
26009,0.004,0.006,0.000,0.003
26010,0.004,0.006,0.000,0.003
26011,0.004,0.006,0.000,0.003
26012,0.004,0.006,0.000,0.003
26013,0.004,0.006,0.000,0.003
26014,0.004,0.006,0.000,0.003
26015,0.004,0.006,0.000,0.003
26016,0.004,0.006,0.000,0.003
26017,0.004,0.006,0.000,0.003
26018,0.004,0.006,0.000,0.003
26019,0.004,0.006,0.000,0.003
26020,0.004,0.006,0.000,0.003
26021,0.004,0.006,0.000,0.003
26022,0.004,0.006,0.000,0.003
26023,0.004,0.006,0.000,0.003
26024,0.004,0.006,0.000,0.003
26025,0.004,0.006,0.000,0.003
26026,0.004,0.006,0.000,0.003
26027,0.004,0.006,0.000,0.003
26028,0.004,0.006,0.000,0.003
26029,0.004,0.006,0.000,0.003
26030,0.004,0.006,0.000,0.003
26031,0.004,0.006,0.000,0.003
26032,0.004,0.006,0.000,0.003
26033,0.004,0.006,0.000,0.003
26034,0.004,0.006,0.000,0.003
26035,0.004,0.006,0.000,0.003
26036,0.004,0.006,0.000,0.003
26037,0.004,0.006,0.000,0.003
26038,0.004,0.006,0.000,0.003
26039,0.004,0.006,0.000,0.003
26040,0.004,0.006,0.000,0.003
26041,0.004,0.006,0.000,0.003
26042,0.004,0.006,0.000,0.003
26043,0.004,0.006,0.000,0.003
26044,0.004,0.006,0.000,0.003
26045,0.004,0.006,0.000,0.003
26046,0.004,0.006,0.000,0.003
26047,0.004,0.006,0.000,0.003
26048,0.004,0.006,0.000,0.003
26049,0.004,0.006,0.000,0.003
26050,0.004,0.006,0.000,0.003
26051,0.004,0.006,0.000,0.003
26052,0.004,0.006,0.000,0.003
26053,0.004,0.006,0.000,0.003
26054,0.004,0.006,0.000,0.003
26055,0.004,0.006,0.000,0.003
26056,0.004,0.006,0.000,0.003
26057,0.004,0.006,0.000,0.003
26058,0.004,0.006,0.000,0.003
26059,0.004,0.006,0.000,0.003
26060,0.004,0.006,0.000,0.003
26061,0.004,0.006,0.000,0.003
26062,0.004,0.006,0.000,0.003
26063,0.004,0.006,0.000,0.003
26064,0.004,0.006,0.000,0.003
26065,0.004,0.006,0.000,0.003
26066,0.004,0.006,0.000,0.003
26067,0.004,0.006,0.000,0.003
26068,0.004,0.006,0.000,0.003
26069,0.004,0.006,0.000,0.003
26070,0.004,0.006,0.000,0.003
26071,0.004,0.006,0.000,0.003
26072,0.004,0.006,0.000,0.003
26073,0.004,0.006,0.000,0.003
26074,0.004,0.006,0.000,0.003
26075,0.004,0.006,0.000,0.003
26076,0.004,0.006,0.000,0.003
26077,0.004,0.006,0.000,0.003
26078,0.004,0.006,0.000,0.003
26079,0.004,0.006,0.000,0.003
26080,0.004,0.006,0.000,0.003
26081,0.004,0.006,0.000,0.003
26082,0.004,0.006,0.000,0.003
26083,0.004,0.006,0.000,0.003
26084,0.004,0.006,0.000,0.003
26085,0.004,0.006,0.000,0.003
26086,0.004,0.006,0.000,0.003
26087,0.004,0.006,0.000,0.003
26088,0.004,0.006,0.000,0.003
26089,0.004,0.006,0.000,0.003
26090,0.004,0.006,0.000,0.003
26091,0.004,0.006,0.000,0.003
26092,0.004,0.006,0.000,0.003
26093,0.004,0.006,0.000,0.003
26094,0.004,0.006,0.000,0.003
26095,0.004,0.006,0.000,0.003
26096,0.004,0.006,0.000,0.003
26097,0.004,0.006,0.000,0.003
26098,0.004,0.006,0.000,0.003
26099,0.004,0.006,0.000,0.003
26100,0.004,0.006,0.000,0.003
26101,0.004,0.006,0.000,0.003
26102,0.004,0.006,0.000,0.003
26103,0.004,0.006,0.000,0.003
26104,0.004,0.006,0.000,0.003
26105,0.004,0.006,0.000,0.003
26106,0.004,0.006,0.000,0.003
26107,0.004,0.006,0.000,0.003
26108,0.004,0.006,0.000,0.003
26109,0.004,0.006,0.000,0.003
26110,0.004,0.006,0.000,0.003
26111,0.004,0.006,0.000,0.003
26112,0.004,0.006,0.000,0.003
26113,0.004,0.006,0.000,0.003
26114,0.004,0.006,0.000,0.003
26115,0.004,0.006,0.000,0.003
26116,0.004,0.006,0.000,0.003
26117,0.004,0.006,0.000,0.003
26118,0.004,0.006,0.000,0.003
26119,0.004,0.006,0.000,0.003
26120,0.004,0.006,0.000,0.003
26121,0.004,0.006,0.000,0.003
26122,0.004,0.006,0.000,0.003
26123,0.004,0.006,0.000,0.003
26124,0.004,0.006,0.000,0.003
26125,0.004,0.006,0.000,0.003
26126,0.004,0.006,0.000,0.003
26127,0.004,0.006,0.000,0.003
26128,0.004,0.006,0.000,0.003
26129,0.004,0.006,0.000,0.003
26130,0.004,0.006,0.000,0.003
26131,0.004,0.006,0.000,0.003
26132,0.004,0.006,0.000,0.003
26133,0.004,0.006,0.000,0.003
26134,0.004,0.006,0.000,0.003
26135,0.004,0.006,0.000,0.003
26136,0.004,0.006,0.000,0.003
26137,0.004,0.006,0.000,0.003
26138,0.004,0.006,0.000,0.003
26139,0.004,0.006,0.000,0.003
26140,0.004,0.006,0.000,0.003
26141,0.004,0.006,0.000,0.003
26142,0.004,0.006,0.000,0.003
26143,0.004,0.006,0.000,0.003
26144,0.004,0.006,0.000,0.003
26145,0.004,0.006,0.000,0.003
26146,0.004,0.006,0.000,0.003
26147,0.004,0.006,0.000,0.003
26148,0.004,0.006,0.000,0.003
26149,0.004,0.006,0.000,0.003
26150,0.004,0.006,0.000,0.003
26151,0.004,0.006,0.000,0.003
26152,0.004,0.006,0.000,0.003
26153,0.004,0.006,0.000,0.003
26154,0.004,0.006,0.000,0.003
26155,0.004,0.006,0.000,0.003
26156,0.004,0.006,0.000,0.003
26157,0.004,0.006,0.000,0.003
26158,0.004,0.006,0.000,0.003
26159,0.004,0.006,0.000,0.003
26160,0.004,0.006,0.000,0.003
26161,0.004,0.006,0.000,0.003
26162,0.004,0.006,0.000,0.003
26163,0.004,0.006,0.000,0.003
26164,0.004,0.006,0.000,0.003
26165,0.004,0.006,0.000,0.003
26166,0.004,0.006,0.000,0.003
26167,0.004,0.006,0.000,0.003
26168,0.004,0.006,0.000,0.003
26169,0.004,0.006,0.000,0.003
26170,0.004,0.006,0.000,0.003
26171,0.004,0.006,0.000,0.003
26172,0.004,0.006,0.000,0.003
26173,0.004,0.006,0.000,0.003
26174,0.004,0.006,0.000,0.003
26175,0.004,0.006,0.000,0.003
26176,0.004,0.006,0.000,0.003
26177,0.004,0.006,0.000,0.003
26178,0.004,0.006,0.000,0.003
26179,0.004,0.006,0.000,0.003
26180,0.004,0.006,0.000,0.003
26181,0.004,0.006,0.000,0.003
26182,0.004,0.006,0.000,0.003
26183,0.004,0.006,0.000,0.003
26184,0.004,0.006,0.000,0.003
26185,0.004,0.006,0.000,0.003
26186,0.004,0.006,0.000,0.003
26187,0.004,0.006,0.000,0.003
26188,0.004,0.006,0.000,0.003
26189,0.004,0.006,0.000,0.003
26190,0.004,0.006,0.000,0.003
26191,0.004,0.006,0.000,0.003
26192,0.004,0.006,0.000,0.003
26193,0.004,0.006,0.000,0.003
26194,0.004,0.006,0.000,0.003
26195,0.004,0.006,0.000,0.003
26196,0.004,0.006,0.000,0.003
26197,0.004,0.006,0.000,0.003
26198,0.004,0.006,0.000,0.003
26199,0.004,0.006,0.000,0.003
26200,0.004,0.006,0.000,0.003
26201,0.004,0.006,0.000,0.003
26202,0.004,0.006,0.000,0.003
26203,0.004,0.006,0.000,0.003
26204,0.004,0.006,0.000,0.003
26205,0.004,0.006,0.000,0.003
26206,0.004,0.006,0.000,0.003
26207,0.004,0.006,0.000,0.003
26208,0.004,0.006,0.000,0.003
26209,0.004,0.006,0.000,0.003
26210,0.004,0.006,0.000,0.003
26211,0.004,0.006,0.000,0.003
26212,0.004,0.006,0.000,0.003
26213,0.004,0.006,0.000,0.003
26214,0.004,0.006,0.000,0.003
26215,0.004,0.006,0.000,0.003
26216,0.004,0.006,0.000,0.003
26217,0.004,0.006,0.000,0.003
26218,0.004,0.006,0.000,0.003
26219,0.004,0.006,0.000,0.003
26220,0.004,0.006,0.000,0.003
26221,0.004,0.006,0.000,0.003
26222,0.004,0.006,0.000,0.003
26223,0.004,0.006,0.000,0.003
26224,0.004,0.006,0.000,0.003
26225,0.004,0.006,0.000,0.003
26226,0.004,0.006,0.000,0.003
26227,0.004,0.006,0.000,0.003
26228,0.004,0.006,0.000,0.003
26229,0.004,0.006,0.000,0.003
26230,0.004,0.006,0.000,0.003
26231,0.004,0.006,0.000,0.003
26232,0.004,0.006,0.000,0.003
26233,0.004,0.006,0.000,0.003
26234,0.004,0.006,0.000,0.003
26235,0.004,0.006,0.000,0.003
26236,0.004,0.006,0.000,0.003
26237,0.004,0.006,0.000,0.003
26238,0.004,0.006,0.000,0.003
26239,0.004,0.006,0.000,0.003
26240,0.004,0.006,0.000,0.003
26241,0.004,0.006,0.000,0.003
26242,0.004,0.006,0.000,0.003
26243,0.004,0.006,0.000,0.003
26244,0.004,0.006,0.000,0.003
26245,0.004,0.006,0.000,0.003
26246,0.004,0.006,0.000,0.003
26247,0.004,0.006,0.000,0.003
26248,0.004,0.006,0.000,0.003
26249,0.004,0.006,0.000,0.003
26250,0.004,0.006,0.000,0.003
26251,0.004,0.006,0.000,0.003
26252,0.004,0.006,0.000,0.003
26253,0.004,0.006,0.000,0.003
26254,0.004,0.006,0.000,0.003
26255,0.004,0.006,0.000,0.003
26256,0.004,0.006,0.000,0.003
26257,0.004,0.006,0.000,0.003
26258,0.004,0.006,0.000,0.003
26259,0.004,0.006,0.000,0.003
26260,0.004,0.006,0.000,0.003
26261,0.004,0.006,0.000,0.003
26262,0.004,0.006,0.000,0.003
26263,0.004,0.006,0.000,0.003
26264,0.004,0.006,0.000,0.003
26265,0.004,0.006,0.000,0.003
26266,0.004,0.006,0.000,0.003
26267,0.004,0.006,0.000,0.003
26268,0.004,0.006,0.000,0.003
26269,0.004,0.006,0.000,0.003
26270,0.004,0.006,0.000,0.003
26271,0.004,0.006,0.000,0.003
26272,0.004,0.006,0.000,0.003
26273,0.004,0.006,0.000,0.003
26274,0.004,0.006,0.000,0.003
26275,0.004,0.006,0.000,0.003
26276,0.004,0.006,0.000,0.003
26277,0.004,0.006,0.000,0.003
26278,0.004,0.006,0.000,0.003
26279,0.004,0.006,0.000,0.003
26280,0.004,0.006,0.000,0.003
26281,0.004,0.006,0.000,0.003
26282,0.004,0.006,0.000,0.003
26283,0.004,0.006,0.000,0.003
26284,0.004,0.006,0.000,0.003
26285,0.004,0.006,0.000,0.003
26286,0.004,0.006,0.000,0.003
26287,0.004,0.006,0.000,0.003
26288,0.004,0.006,0.000,0.003
26289,0.004,0.006,0.000,0.003
26290,0.004,0.006,0.000,0.003
26291,0.004,0.006,0.000,0.003
26292,0.004,0.006,0.000,0.003
26293,0.004,0.006,0.000,0.003
26294,0.004,0.006,0.000,0.003
26295,0.004,0.006,0.000,0.003
26296,0.004,0.006,0.000,0.003
26297,0.004,0.006,0.000,0.003
26298,0.004,0.006,0.000,0.003
26299,0.004,0.006,0.000,0.003
26300,0.004,0.006,0.000,0.003
26301,0.004,0.006,0.000,0.003
26302,0.004,0.006,0.000,0.003
26303,0.004,0.006,0.000,0.003
26304,0.004,0.006,0.000,0.003
26305,0.004,0.006,0.000,0.003
26306,0.004,0.006,0.000,0.003
26307,0.004,0.006,0.000,0.003
26308,0.004,0.006,0.000,0.003
26309,0.004,0.006,0.000,0.003
26310,0.004,0.006,0.000,0.003
26311,0.004,0.006,0.000,0.003
26312,0.004,0.006,0.000,0.003
26313,0.004,0.006,0.000,0.003
26314,0.004,0.006,0.000,0.003
26315,0.004,0.006,0.000,0.003
26316,0.004,0.006,0.000,0.003
26317,0.004,0.006,0.000,0.003
26318,0.004,0.006,0.000,0.003
26319,0.004,0.006,0.000,0.003
26320,0.004,0.006,0.000,0.003
26321,0.004,0.006,0.000,0.003
26322,0.004,0.006,0.000,0.003
26323,0.004,0.006,0.000,0.003
26324,0.004,0.006,0.000,0.003
26325,0.004,0.006,0.000,0.003
26326,0.004,0.006,0.000,0.003
26327,0.004,0.006,0.000,0.003
26328,0.004,0.006,0.000,0.003
26329,0.004,0.006,0.000,0.003
26330,0.004,0.006,0.000,0.003
26331,0.004,0.006,0.000,0.003
26332,0.004,0.006,0.000,0.003
26333,0.004,0.006,0.000,0.003
26334,0.004,0.006,0.000,0.003
26335,0.004,0.006,0.000,0.003
26336,0.004,0.006,0.000,0.003
26337,0.004,0.006,0.000,0.003
26338,0.004,0.006,0.000,0.003
26339,0.004,0.006,0.000,0.003
26340,0.004,0.006,0.000,0.003
26341,0.004,0.006,0.000,0.003
26342,0.004,0.006,0.000,0.003
26343,0.004,0.006,0.000,0.003
26344,0.004,0.006,0.000,0.003
26345,0.004,0.006,0.000,0.003
26346,0.004,0.006,0.000,0.003
26347,0.004,0.006,0.000,0.003
26348,0.004,0.006,0.000,0.003
26349,0.004,0.006,0.000,0.003
26350,0.004,0.006,0.000,0.003
26351,0.004,0.006,0.000,0.003
26352,0.004,0.006,0.000,0.003
26353,0.004,0.006,0.000,0.003
26354,0.004,0.006,0.000,0.003
26355,0.004,0.006,0.000,0.003
26356,0.004,0.006,0.000,0.003
26357,0.004,0.006,0.000,0.003
26358,0.004,0.006,0.000,0.003
26359,0.004,0.006,0.000,0.003
26360,0.004,0.006,0.000,0.003
26361,0.004,0.006,0.000,0.003
26362,0.004,0.006,0.000,0.003
26363,0.004,0.006,0.000,0.003
26364,0.004,0.006,0.000,0.003
26365,0.004,0.006,0.000,0.003
26366,0.004,0.006,0.000,0.003
26367,0.004,0.006,0.000,0.003
26368,0.004,0.006,0.000,0.003
26369,0.004,0.006,0.000,0.003
26370,0.004,0.006,0.000,0.003
26371,0.004,0.006,0.000,0.003
26372,0.004,0.006,0.000,0.003
26373,0.004,0.006,0.000,0.003
26374,0.004,0.006,0.000,0.003
26375,0.004,0.006,0.000,0.003
26376,0.004,0.006,0.000,0.003
26377,0.004,0.006,0.000,0.003
26378,0.004,0.006,0.000,0.003
26379,0.004,0.006,0.000,0.003
26380,0.004,0.006,0.000,0.003
26381,0.004,0.006,0.000,0.003
26382,0.004,0.006,0.000,0.003
26383,0.004,0.006,0.000,0.003
26384,0.004,0.006,0.000,0.003
26385,0.004,0.006,0.000,0.003
26386,0.004,0.006,0.000,0.003
26387,0.004,0.006,0.000,0.003
26388,0.004,0.006,0.000,0.003
26389,0.004,0.006,0.000,0.003
26390,0.004,0.006,0.000,0.003
26391,0.004,0.006,0.000,0.003
26392,0.004,0.006,0.000,0.003
26393,0.004,0.006,0.000,0.003
26394,0.004,0.006,0.000,0.003
26395,0.004,0.006,0.000,0.003
26396,0.004,0.006,0.000,0.003
26397,0.004,0.006,0.000,0.003
26398,0.004,0.006,0.000,0.003
26399,0.004,0.006,0.000,0.003
26400,0.004,0.006,0.000,0.003
26401,0.004,0.006,0.000,0.003
26402,0.004,0.006,0.000,0.003
26403,0.004,0.006,0.000,0.003
26404,0.004,0.006,0.000,0.003
26405,0.004,0.006,0.000,0.003
26406,0.004,0.006,0.000,0.003
26407,0.004,0.006,0.000,0.003
26408,0.004,0.006,0.000,0.003
26409,0.004,0.006,0.000,0.003
26410,0.004,0.006,0.000,0.003
26411,0.004,0.006,0.000,0.003
26412,0.004,0.006,0.000,0.003
26413,0.004,0.006,0.000,0.003
26414,0.004,0.006,0.000,0.003
26415,0.004,0.006,0.000,0.003
26416,0.004,0.006,0.000,0.003
26417,0.004,0.006,0.000,0.003
26418,0.004,0.006,0.000,0.003
26419,0.004,0.006,0.000,0.003
26420,0.004,0.006,0.000,0.003
26421,0.004,0.006,0.000,0.003
26422,0.004,0.006,0.000,0.003
26423,0.004,0.006,0.000,0.003
26424,0.004,0.006,0.000,0.003
26425,0.004,0.006,0.000,0.003
26426,0.004,0.006,0.000,0.003
26427,0.004,0.006,0.000,0.003
26428,0.004,0.006,0.000,0.003
26429,0.004,0.006,0.000,0.003
26430,0.004,0.006,0.000,0.003
26431,0.004,0.006,0.000,0.003
26432,0.004,0.006,0.000,0.003
26433,0.004,0.006,0.000,0.003
26434,0.004,0.006,0.000,0.003
26435,0.004,0.006,0.000,0.003
26436,0.004,0.006,0.000,0.003
26437,0.004,0.006,0.000,0.003
26438,0.004,0.006,0.000,0.003
26439,0.004,0.006,0.000,0.003
26440,0.004,0.006,0.000,0.003
26441,0.004,0.006,0.000,0.003
26442,0.004,0.006,0.000,0.003
26443,0.004,0.006,0.000,0.003
26444,0.004,0.006,0.000,0.003
26445,0.004,0.006,0.000,0.003
26446,0.004,0.006,0.000,0.003
26447,0.004,0.006,0.000,0.003
26448,0.004,0.006,0.000,0.003
26449,0.004,0.006,0.000,0.003
26450,0.004,0.006,0.000,0.003
26451,0.004,0.006,0.000,0.003
26452,0.004,0.006,0.000,0.003
26453,0.004,0.006,0.000,0.003
26454,0.004,0.006,0.000,0.003
26455,0.004,0.006,0.000,0.003
26456,0.004,0.006,0.000,0.003
26457,0.004,0.006,0.000,0.003
26458,0.004,0.006,0.000,0.003
26459,0.004,0.006,0.000,0.003
26460,0.004,0.006,0.000,0.003
26461,0.004,0.006,0.000,0.003
26462,0.004,0.006,0.000,0.003
26463,0.004,0.006,0.000,0.003
26464,0.004,0.006,0.000,0.003
26465,0.004,0.006,0.000,0.003
26466,0.004,0.006,0.000,0.003
26467,0.004,0.006,0.000,0.003
26468,0.004,0.006,0.000,0.003
26469,0.004,0.006,0.000,0.003
26470,0.004,0.006,0.000,0.003
26471,0.004,0.006,0.000,0.003
26472,0.004,0.006,0.000,0.003
26473,0.004,0.006,0.000,0.003
26474,0.004,0.006,0.000,0.003
26475,0.004,0.006,0.000,0.003
26476,0.004,0.006,0.000,0.003
26477,0.004,0.006,0.000,0.003
26478,0.004,0.006,0.000,0.003
26479,0.004,0.006,0.000,0.003
26480,0.004,0.006,0.000,0.003
26481,0.004,0.006,0.000,0.003
26482,0.004,0.006,0.000,0.003
26483,0.004,0.006,0.000,0.003
26484,0.004,0.006,0.000,0.003
26485,0.004,0.006,0.000,0.003
26486,0.004,0.006,0.000,0.003
26487,0.004,0.006,0.000,0.003
26488,0.004,0.006,0.000,0.003
26489,0.004,0.006,0.000,0.003
26490,0.004,0.006,0.000,0.003
26491,0.004,0.006,0.000,0.003
26492,0.004,0.006,0.000,0.003
26493,0.004,0.006,0.000,0.003
26494,0.004,0.006,0.000,0.003
26495,0.004,0.006,0.000,0.003
26496,0.004,0.006,0.000,0.003
26497,0.004,0.006,0.000,0.003
26498,0.004,0.006,0.000,0.003
26499,0.004,0.006,0.000,0.003
26500,0.004,0.006,0.000,0.003
26501,0.004,0.006,0.000,0.003
26502,0.004,0.006,0.000,0.003
26503,0.004,0.006,0.000,0.003
26504,0.004,0.006,0.000,0.003
26505,0.004,0.006,0.000,0.003
26506,0.004,0.006,0.000,0.003
26507,0.004,0.006,0.000,0.003
26508,0.004,0.006,0.000,0.003
26509,0.004,0.006,0.000,0.003
26510,0.004,0.006,0.000,0.003
26511,0.004,0.006,0.000,0.003
26512,0.004,0.006,0.000,0.003
26513,0.004,0.006,0.000,0.003
26514,0.004,0.006,0.000,0.003
26515,0.004,0.006,0.000,0.003
26516,0.004,0.006,0.000,0.003
26517,0.004,0.006,0.000,0.003
26518,0.004,0.006,0.000,0.003
26519,0.004,0.006,0.000,0.003
26520,0.004,0.006,0.000,0.003
26521,0.004,0.006,0.000,0.003
26522,0.004,0.006,0.000,0.003
26523,0.004,0.006,0.000,0.003
26524,0.004,0.006,0.000,0.003
26525,0.004,0.006,0.000,0.003
26526,0.004,0.006,0.000,0.003
26527,0.004,0.006,0.000,0.003
26528,0.004,0.006,0.000,0.003
26529,0.004,0.006,0.000,0.003
26530,0.004,0.006,0.000,0.003
26531,0.004,0.006,0.000,0.003
26532,0.004,0.006,0.000,0.003
26533,0.004,0.006,0.000,0.003
26534,0.004,0.006,0.000,0.003
26535,0.004,0.006,0.000,0.003
26536,0.004,0.006,0.000,0.003
26537,0.004,0.006,0.000,0.003
26538,0.004,0.006,0.000,0.003
26539,0.004,0.006,0.000,0.003
26540,0.004,0.006,0.000,0.003
26541,0.004,0.006,0.000,0.003
26542,0.004,0.006,0.000,0.003
26543,0.004,0.006,0.000,0.003
26544,0.004,0.006,0.000,0.003
26545,0.004,0.006,0.000,0.003
26546,0.004,0.006,0.000,0.003
26547,0.004,0.006,0.000,0.003
26548,0.004,0.006,0.000,0.003
26549,0.004,0.006,0.000,0.003
26550,0.004,0.006,0.000,0.003
26551,0.004,0.006,0.000,0.003
26552,0.004,0.006,0.000,0.003
26553,0.004,0.006,0.000,0.003
26554,0.004,0.006,0.000,0.003
26555,0.004,0.006,0.000,0.003
26556,0.004,0.006,0.000,0.003
26557,0.004,0.006,0.000,0.003
26558,0.004,0.006,0.000,0.003
26559,0.004,0.006,0.000,0.003
26560,0.004,0.006,0.000,0.003
26561,0.004,0.006,0.000,0.003
26562,0.004,0.006,0.000,0.003
26563,0.004,0.006,0.000,0.003
26564,0.004,0.006,0.000,0.003
26565,0.004,0.006,0.000,0.003
26566,0.004,0.006,0.000,0.003
26567,0.004,0.006,0.000,0.003
26568,0.004,0.006,0.000,0.003
26569,0.004,0.006,0.000,0.003
26570,0.004,0.006,0.000,0.003
26571,0.004,0.006,0.000,0.003
26572,0.004,0.006,0.000,0.003
26573,0.004,0.006,0.000,0.003
26574,0.004,0.006,0.000,0.003
26575,0.004,0.006,0.000,0.003
26576,0.004,0.006,0.000,0.003
26577,0.004,0.006,0.000,0.003
26578,0.004,0.006,0.000,0.003
26579,0.004,0.006,0.000,0.003
26580,0.004,0.006,0.000,0.003
26581,0.004,0.006,0.000,0.003
26582,0.004,0.006,0.000,0.003
26583,0.004,0.006,0.000,0.003
26584,0.004,0.006,0.000,0.003
26585,0.004,0.006,0.000,0.003
26586,0.004,0.006,0.000,0.003
26587,0.004,0.006,0.000,0.003
26588,0.004,0.006,0.000,0.003
26589,0.004,0.006,0.000,0.003
26590,0.004,0.006,0.000,0.003
26591,0.004,0.006,0.000,0.003
26592,0.004,0.006,0.000,0.003
26593,0.004,0.006,0.000,0.003
26594,0.004,0.006,0.000,0.003
26595,0.004,0.006,0.000,0.003
26596,0.004,0.006,0.000,0.003
26597,0.004,0.006,0.000,0.003
26598,0.004,0.006,0.000,0.003
26599,0.004,0.006,0.000,0.003
26600,0.004,0.006,0.000,0.003
26601,0.004,0.006,0.000,0.003
26602,0.004,0.006,0.000,0.003
26603,0.004,0.006,0.000,0.003
26604,0.004,0.006,0.000,0.003
26605,0.004,0.006,0.000,0.003
26606,0.004,0.006,0.000,0.003
26607,0.004,0.006,0.000,0.003
26608,0.004,0.006,0.000,0.003
26609,0.004,0.006,0.000,0.003
26610,0.004,0.006,0.000,0.003
26611,0.004,0.006,0.000,0.003
26612,0.004,0.006,0.000,0.003
26613,0.004,0.006,0.000,0.003
26614,0.004,0.006,0.000,0.003
26615,0.004,0.006,0.000,0.003
26616,0.004,0.006,0.000,0.003
26617,0.004,0.006,0.000,0.003
26618,0.004,0.006,0.000,0.003
26619,0.004,0.006,0.000,0.003
26620,0.004,0.006,0.000,0.003
26621,0.004,0.006,0.000,0.003
26622,0.004,0.006,0.000,0.003
26623,0.004,0.006,0.000,0.003
26624,0.004,0.006,0.000,0.003
26625,0.004,0.006,0.000,0.003
26626,0.004,0.006,0.000,0.003
26627,0.004,0.006,0.000,0.003
26628,0.004,0.006,0.000,0.003
26629,0.004,0.006,0.000,0.003
26630,0.004,0.006,0.000,0.003
26631,0.004,0.006,0.000,0.003
26632,0.004,0.006,0.000,0.003
26633,0.004,0.006,0.000,0.003
26634,0.004,0.006,0.000,0.003
26635,0.004,0.006,0.000,0.003
26636,0.004,0.006,0.000,0.003
26637,0.004,0.006,0.000,0.003
26638,0.004,0.006,0.000,0.003
26639,0.004,0.006,0.000,0.003
26640,0.004,0.006,0.000,0.003
26641,0.004,0.006,0.000,0.003
26642,0.004,0.006,0.000,0.003
26643,0.004,0.006,0.000,0.003
26644,0.004,0.006,0.000,0.003
26645,0.004,0.006,0.000,0.003
26646,0.004,0.006,0.000,0.003
26647,0.004,0.006,0.000,0.003
26648,0.004,0.006,0.000,0.003
26649,0.004,0.006,0.000,0.003
26650,0.004,0.006,0.000,0.003
26651,0.004,0.006,0.000,0.003
26652,0.004,0.006,0.000,0.003
26653,0.004,0.006,0.000,0.003
26654,0.004,0.006,0.000,0.003
26655,0.004,0.006,0.000,0.003
26656,0.004,0.006,0.000,0.003
26657,0.004,0.006,0.000,0.003
26658,0.004,0.006,0.000,0.003
26659,0.004,0.006,0.000,0.003
26660,0.004,0.006,0.000,0.003
26661,0.004,0.006,0.000,0.003
26662,0.004,0.006,0.000,0.003
26663,0.004,0.006,0.000,0.003
26664,0.004,0.006,0.000,0.003
26665,0.004,0.006,0.000,0.003
26666,0.004,0.006,0.000,0.003
26667,0.004,0.006,0.000,0.003
26668,0.004,0.006,0.000,0.003
26669,0.004,0.006,0.000,0.003
26670,0.004,0.006,0.000,0.003
26671,0.004,0.006,0.000,0.003
26672,0.004,0.006,0.000,0.003
26673,0.004,0.006,0.000,0.003
26674,0.004,0.006,0.000,0.003
26675,0.004,0.006,0.000,0.003
26676,0.004,0.006,0.000,0.003
26677,0.004,0.006,0.000,0.003
26678,0.004,0.006,0.000,0.003
26679,0.004,0.006,0.000,0.003
26680,0.004,0.006,0.000,0.003
26681,0.004,0.006,0.000,0.003
26682,0.004,0.006,0.000,0.003
26683,0.004,0.006,0.000,0.003
26684,0.004,0.006,0.000,0.003
26685,0.004,0.006,0.000,0.003
26686,0.004,0.006,0.000,0.003
26687,0.004,0.006,0.000,0.003
26688,0.004,0.006,0.000,0.003
26689,0.004,0.006,0.000,0.003
26690,0.004,0.006,0.000,0.003
26691,0.004,0.006,0.000,0.003
26692,0.004,0.006,0.000,0.003
26693,0.004,0.006,0.000,0.003
26694,0.004,0.006,0.000,0.003
26695,0.004,0.006,0.000,0.003
26696,0.004,0.006,0.000,0.003
26697,0.004,0.006,0.000,0.003
26698,0.004,0.006,0.000,0.003
26699,0.004,0.006,0.000,0.003
26700,0.004,0.006,0.000,0.003
26701,0.004,0.006,0.000,0.003
26702,0.004,0.006,0.000,0.003
26703,0.004,0.006,0.000,0.003
26704,0.004,0.006,0.000,0.003
26705,0.004,0.006,0.000,0.003
26706,0.004,0.006,0.000,0.003
26707,0.004,0.006,0.000,0.003
26708,0.004,0.006,0.000,0.003
26709,0.004,0.006,0.000,0.003
26710,0.004,0.006,0.000,0.003
26711,0.004,0.006,0.000,0.003
26712,0.004,0.006,0.000,0.003
26713,0.004,0.006,0.000,0.003
26714,0.004,0.006,0.000,0.003
26715,0.004,0.006,0.000,0.003
26716,0.004,0.006,0.000,0.003
26717,0.004,0.006,0.000,0.003
26718,0.004,0.006,0.000,0.003
26719,0.004,0.006,0.000,0.003
26720,0.004,0.006,0.000,0.003
26721,0.004,0.006,0.000,0.003
26722,0.004,0.006,0.000,0.003
26723,0.004,0.006,0.000,0.003
26724,0.004,0.006,0.000,0.003
26725,0.004,0.006,0.000,0.003
26726,0.004,0.006,0.000,0.003
26727,0.004,0.006,0.000,0.003
26728,0.004,0.006,0.000,0.003
26729,0.004,0.006,0.000,0.003
26730,0.004,0.006,0.000,0.003
26731,0.004,0.006,0.000,0.003
26732,0.004,0.006,0.000,0.003
26733,0.004,0.006,0.000,0.003
26734,0.004,0.006,0.000,0.003
26735,0.004,0.006,0.000,0.003
26736,0.004,0.006,0.000,0.003
26737,0.004,0.006,0.000,0.003
26738,0.004,0.006,0.000,0.003
26739,0.004,0.006,0.000,0.003
26740,0.004,0.006,0.000,0.003
26741,0.004,0.006,0.000,0.003
26742,0.004,0.006,0.000,0.003
26743,0.004,0.006,0.000,0.003
26744,0.004,0.006,0.000,0.003
26745,0.004,0.006,0.000,0.003
26746,0.004,0.006,0.000,0.003
26747,0.004,0.006,0.000,0.003
26748,0.004,0.006,0.000,0.003
26749,0.004,0.006,0.000,0.003
26750,0.004,0.006,0.000,0.003
26751,0.004,0.006,0.000,0.003
26752,0.004,0.006,0.000,0.003
26753,0.004,0.006,0.000,0.003
26754,0.004,0.006,0.000,0.003
26755,0.004,0.006,0.000,0.003
26756,0.004,0.006,0.000,0.003
26757,0.004,0.006,0.000,0.003
26758,0.004,0.006,0.000,0.003
26759,0.004,0.006,0.000,0.003
26760,0.004,0.006,0.000,0.003
26761,0.004,0.006,0.000,0.003
26762,0.004,0.006,0.000,0.003
26763,0.004,0.006,0.000,0.003
26764,0.004,0.006,0.000,0.003
26765,0.004,0.006,0.000,0.003
26766,0.004,0.006,0.000,0.003
26767,0.004,0.006,0.000,0.003
26768,0.004,0.006,0.000,0.003
26769,0.004,0.006,0.000,0.003
26770,0.004,0.006,0.000,0.003
26771,0.004,0.006,0.000,0.003
26772,0.004,0.006,0.000,0.003
26773,0.004,0.006,0.000,0.003
26774,0.004,0.006,0.000,0.003
26775,0.004,0.006,0.000,0.003
26776,0.004,0.006,0.000,0.003
26777,0.004,0.006,0.000,0.003
26778,0.004,0.006,0.000,0.003
26779,0.004,0.006,0.000,0.003
26780,0.004,0.006,0.000,0.003
26781,0.004,0.006,0.000,0.003
26782,0.004,0.006,0.000,0.003
26783,0.004,0.006,0.000,0.003
26784,0.004,0.006,0.000,0.003
26785,0.004,0.006,0.000,0.003
26786,0.004,0.006,0.000,0.003
26787,0.004,0.006,0.000,0.003
26788,0.004,0.006,0.000,0.003
26789,0.004,0.006,0.000,0.003
26790,0.004,0.006,0.000,0.003
26791,0.004,0.006,0.000,0.003
26792,0.004,0.006,0.000,0.003
26793,0.004,0.006,0.000,0.003
26794,0.004,0.006,0.000,0.003
26795,0.004,0.006,0.000,0.003
26796,0.004,0.006,0.000,0.003
26797,0.004,0.006,0.000,0.003
26798,0.004,0.006,0.000,0.003
26799,0.004,0.006,0.000,0.003
26800,0.004,0.006,0.000,0.003
26801,0.004,0.006,0.000,0.003
26802,0.004,0.006,0.000,0.003
26803,0.004,0.006,0.000,0.003
26804,0.004,0.006,0.000,0.003
26805,0.004,0.006,0.000,0.003
26806,0.004,0.006,0.000,0.003
26807,0.004,0.006,0.000,0.003
26808,0.004,0.006,0.000,0.003
26809,0.004,0.006,0.000,0.003
26810,0.004,0.006,0.000,0.003
26811,0.004,0.006,0.000,0.003
26812,0.004,0.006,0.000,0.003
26813,0.004,0.006,0.000,0.003
26814,0.004,0.006,0.000,0.003
26815,0.004,0.006,0.000,0.003
26816,0.004,0.006,0.000,0.003
26817,0.004,0.006,0.000,0.003
26818,0.004,0.006,0.000,0.003
26819,0.004,0.006,0.000,0.003
26820,0.004,0.006,0.000,0.003
26821,0.004,0.006,0.000,0.003
26822,0.004,0.006,0.000,0.003
26823,0.004,0.006,0.000,0.003
26824,0.004,0.006,0.000,0.003
26825,0.004,0.006,0.000,0.003
26826,0.004,0.006,0.000,0.003
26827,0.004,0.006,0.000,0.003
26828,0.004,0.006,0.000,0.003
26829,0.004,0.006,0.000,0.003
26830,0.004,0.006,0.000,0.003
26831,0.004,0.006,0.000,0.003
26832,0.004,0.006,0.000,0.003
26833,0.004,0.006,0.000,0.003
26834,0.004,0.006,0.000,0.003
26835,0.004,0.006,0.000,0.003
26836,0.004,0.006,0.000,0.003
26837,0.004,0.006,0.000,0.003
26838,0.004,0.006,0.000,0.003
26839,0.004,0.006,0.000,0.003
26840,0.004,0.006,0.000,0.003
26841,0.004,0.006,0.000,0.003
26842,0.004,0.006,0.000,0.003
26843,0.004,0.006,0.000,0.003
26844,0.004,0.006,0.000,0.003
26845,0.004,0.006,0.000,0.003
26846,0.004,0.006,0.000,0.003
26847,0.004,0.006,0.000,0.003
26848,0.004,0.006,0.000,0.003
26849,0.004,0.006,0.000,0.003
26850,0.004,0.006,0.000,0.003
26851,0.004,0.006,0.000,0.003
26852,0.004,0.006,0.000,0.003
26853,0.004,0.006,0.000,0.003
26854,0.004,0.006,0.000,0.003
26855,0.004,0.006,0.000,0.003
26856,0.004,0.006,0.000,0.003
26857,0.004,0.006,0.000,0.003
26858,0.004,0.006,0.000,0.003
26859,0.004,0.006,0.000,0.003
26860,0.004,0.006,0.000,0.003
26861,0.004,0.006,0.000,0.003
26862,0.004,0.006,0.000,0.003
26863,0.004,0.006,0.000,0.003
26864,0.004,0.006,0.000,0.003
26865,0.004,0.006,0.000,0.003
26866,0.004,0.006,0.000,0.003
26867,0.004,0.006,0.000,0.003
26868,0.004,0.006,0.000,0.003
26869,0.004,0.006,0.000,0.003
26870,0.004,0.006,0.000,0.003
26871,0.004,0.006,0.000,0.003
26872,0.004,0.006,0.000,0.003
26873,0.004,0.006,0.000,0.003
26874,0.004,0.006,0.000,0.003
26875,0.004,0.006,0.000,0.003
26876,0.004,0.006,0.000,0.003
26877,0.004,0.006,0.000,0.003
26878,0.004,0.006,0.000,0.003
26879,0.004,0.006,0.000,0.003
26880,0.004,0.006,0.000,0.003
26881,0.004,0.006,0.000,0.003
26882,0.004,0.006,0.000,0.003
26883,0.004,0.006,0.000,0.003
26884,0.004,0.006,0.000,0.003
26885,0.004,0.006,0.000,0.003
26886,0.004,0.006,0.000,0.003
26887,0.004,0.006,0.000,0.003
26888,0.004,0.006,0.000,0.003
26889,0.004,0.006,0.000,0.003
26890,0.004,0.006,0.000,0.003
26891,0.004,0.006,0.000,0.003
26892,0.004,0.006,0.000,0.003
26893,0.004,0.006,0.000,0.003
26894,0.004,0.006,0.000,0.003
26895,0.004,0.006,0.000,0.003
26896,0.004,0.006,0.000,0.003
26897,0.004,0.006,0.000,0.003
26898,0.004,0.006,0.000,0.003
26899,0.004,0.006,0.000,0.003
26900,0.004,0.006,0.000,0.003
26901,0.004,0.006,0.000,0.003
26902,0.004,0.006,0.000,0.003
26903,0.004,0.006,0.000,0.003
26904,0.004,0.006,0.000,0.003
26905,0.004,0.006,0.000,0.003
26906,0.004,0.006,0.000,0.003
26907,0.004,0.006,0.000,0.003
26908,0.004,0.006,0.000,0.003
26909,0.004,0.006,0.000,0.003
26910,0.004,0.006,0.000,0.003
26911,0.004,0.006,0.000,0.003
26912,0.004,0.006,0.000,0.003
26913,0.004,0.006,0.000,0.003
26914,0.004,0.006,0.000,0.003
26915,0.004,0.006,0.000,0.003
26916,0.004,0.006,0.000,0.003
26917,0.004,0.006,0.000,0.003
26918,0.004,0.006,0.000,0.003
26919,0.004,0.006,0.000,0.003
26920,0.004,0.006,0.000,0.003
26921,0.004,0.006,0.000,0.003
26922,0.004,0.006,0.000,0.003
26923,0.004,0.006,0.000,0.003
26924,0.004,0.006,0.000,0.003
26925,0.004,0.006,0.000,0.003
26926,0.004,0.006,0.000,0.003
26927,0.004,0.006,0.000,0.003
26928,0.004,0.006,0.000,0.003
26929,0.004,0.006,0.000,0.003
26930,0.004,0.006,0.000,0.003
26931,0.004,0.006,0.000,0.003
26932,0.004,0.006,0.000,0.003
26933,0.004,0.006,0.000,0.003
26934,0.004,0.006,0.000,0.003
26935,0.004,0.006,0.000,0.003
26936,0.004,0.006,0.000,0.003
26937,0.004,0.006,0.000,0.003
26938,0.004,0.006,0.000,0.003
26939,0.004,0.006,0.000,0.003
26940,0.004,0.006,0.000,0.003
26941,0.004,0.006,0.000,0.003
26942,0.004,0.006,0.000,0.003
26943,0.004,0.006,0.000,0.003
26944,0.004,0.006,0.000,0.003
26945,0.004,0.006,0.000,0.003
26946,0.004,0.006,0.000,0.003
26947,0.004,0.006,0.000,0.003
26948,0.004,0.006,0.000,0.003
26949,0.004,0.006,0.000,0.003
26950,0.004,0.006,0.000,0.003
26951,0.004,0.006,0.000,0.003
26952,0.004,0.006,0.000,0.003
26953,0.004,0.006,0.000,0.003
26954,0.004,0.006,0.000,0.003
26955,0.004,0.006,0.000,0.003
26956,0.004,0.006,0.000,0.003
26957,0.004,0.006,0.000,0.003
26958,0.004,0.006,0.000,0.003
26959,0.004,0.006,0.000,0.003
26960,0.004,0.006,0.000,0.003
26961,0.004,0.006,0.000,0.003
26962,0.004,0.006,0.000,0.003
26963,0.004,0.006,0.000,0.003
26964,0.004,0.006,0.000,0.003
26965,0.004,0.006,0.000,0.003
26966,0.004,0.006,0.000,0.003
26967,0.004,0.006,0.000,0.003
26968,0.004,0.006,0.000,0.003
26969,0.004,0.006,0.000,0.003
26970,0.004,0.006,0.000,0.003
26971,0.004,0.006,0.000,0.003
26972,0.004,0.006,0.000,0.003
26973,0.004,0.006,0.000,0.003
26974,0.004,0.006,0.000,0.003
26975,0.004,0.006,0.000,0.003
26976,0.004,0.006,0.000,0.003
26977,0.004,0.006,0.000,0.003
26978,0.004,0.006,0.000,0.003
26979,0.004,0.006,0.000,0.003
26980,0.004,0.006,0.000,0.003
26981,0.004,0.006,0.000,0.003
26982,0.004,0.006,0.000,0.003
26983,0.004,0.006,0.000,0.003
26984,0.004,0.006,0.000,0.003
26985,0.004,0.006,0.000,0.003
26986,0.004,0.006,0.000,0.003
26987,0.004,0.006,0.000,0.003
26988,0.004,0.006,0.000,0.003
26989,0.004,0.006,0.000,0.003
26990,0.004,0.006,0.000,0.003
26991,0.004,0.006,0.000,0.003
26992,0.004,0.006,0.000,0.003
26993,0.004,0.006,0.000,0.003
26994,0.004,0.006,0.000,0.003
26995,0.004,0.006,0.000,0.003
26996,0.004,0.006,0.000,0.003
26997,0.004,0.006,0.000,0.003
26998,0.004,0.006,0.000,0.003
26999,0.004,0.006,0.000,0.003
27000,0.004,0.006,0.000,0.003
27001,0.004,0.006,0.000,0.003
