frame,tank1,tank2,tank3,overall
1,0.000,0.000,0.000,0.000
2,0.000,0.000,0.000,0.000
3,0.000,0.000,0.000,0.000
4,0.000,0.000,0.000,0.000
5,0.000,0.000,0.000,0.000
6,0.000,0.000,0.000,0.000
7,0.000,0.000,0.000,0.000
8,0.001,0.000,0.000,0.000
9,0.001,0.000,0.000,0.000
10,0.001,0.000,0.000,0.000
11,0.001,0.000,0.000,0.000
12,0.001,0.000,0.000,0.000
13,0.001,0.000,0.000,0.000
14,0.001,0.000,0.000,0.000
15,0.001,0.000,0.000,0.000
16,0.001,0.000,0.000,0.000
17,0.001,0.000,0.000,0.000
18,0.001,0.000,0.000,0.000
19,0.001,0.000,0.000,0.000
20,0.001,0.000,0.000,0.000
21,0.001,0.000,0.000,0.000
22,0.001,0.000,0.000,0.000
23,0.001,0.000,0.000,0.000
24,0.001,0.000,0.000,0.000
25,0.001,0.000,0.000,0.000
26,0.001,0.000,0.000,0.000
27,0.001,0.000,0.000,0.000
28,0.001,0.000,0.000,0.000
29,0.001,0.000,0.000,0.000
30,0.001,0.000,0.000,0.000
31,0.001,0.000,0.000,0.000
32,0.001,0.000,0.000,0.000
33,0.001,0.000,0.000,0.000
34,0.001,0.000,0.000,0.000
35,0.001,0.000,0.000,0.000
36,0.001,0.000,0.000,0.000
37,0.001,0.000,0.000,0.000
38,0.001,0.000,0.000,0.000
39,0.001,0.000,0.000,0.000
40,0.001,0.000,0.000,0.000
41,0.001,0.000,0.000,0.000
42,0.001,0.000,0.000,0.000
43,0.001,0.000,0.000,0.000
44,0.001,0.000,0.000,0.000
45,0.001,0.000,0.000,0.000
46,0.001,0.000,0.000,0.000
47,0.001,0.000,0.000,0.000
48,0.001,0.000,0.000,0.000
49,0.001,0.000,0.000,0.000
50,0.001,0.000,0.000,0.000
51,0.001,0.000,0.000,0.000
52,0.001,0.000,0.000,0.000
53,0.001,0.000,0.000,0.000
54,0.001,0.000,0.000,0.000
55,0.001,0.000,0.000,0.000
56,0.001,0.000,0.000,0.000
57,0.001,0.000,0.000,0.000
58,0.001,0.000,0.000,0.000
59,0.001,0.000,0.000,0.000
60,0.001,0.000,0.000,0.000
61,0.001,0.000,0.000,0.000
62,0.001,0.000,0.000,0.000
63,0.001,0.000,0.000,0.000
64,0.001,0.000,0.000,0.000
65,0.001,0.000,0.000,0.000
66,0.001,0.000,0.000,0.000
67,0.001,0.000,0.000,0.000
68,0.001,0.000,0.000,0.000
69,0.001,0.000,0.000,0.000
70,0.001,0.000,0.000,0.000
71,0.001,0.000,0.000,0.000
72,0.001,0.000,0.000,0.000
73,0.001,0.000,0.000,0.000
74,0.001,0.000,0.000,0.000
75,0.001,0.000,0.000,0.000
76,0.001,0.000,0.000,0.000
77,0.001,0.000,0.000,0.000
78,0.001,0.000,0.000,0.000
79,0.001,0.000,0.000,0.000
80,0.001,0.000,0.000,0.000
81,0.001,0.000,0.000,0.000
82,0.001,0.000,0.000,0.000
83,0.001,0.000,0.000,0.000
84,0.001,0.000,0.000,0.000
85,0.001,0.000,0.000,0.000
86,0.001,0.000,0.000,0.000
87,0.001,0.000,0.000,0.000
88,0.001,0.000,0.000,0.000
89,0.001,0.000,0.000,0.000
90,0.001,0.000,0.000,0.000
91,0.001,0.000,0.000,0.000
92,0.001,0.000,0.000,0.000
93,0.001,0.000,0.000,0.000
94,0.001,0.000,0.000,0.000
95,0.001,0.000,0.000,0.000
96,0.001,0.000,0.000,0.000
97,0.001,0.000,0.000,0.000
98,0.001,0.000,0.000,0.000
99,0.001,0.000,0.000,0.000
100,0.001,0.000,0.000,0.000
101,0.001,0.000,0.000,0.000
102,0.001,0.000,0.000,0.000
103,0.001,0.000,0.000,0.000
104,0.001,0.000,0.000,0.000
105,0.001,0.000,0.000,0.000
106,0.001,0.000,0.000,0.000
107,0.001,0.000,0.000,0.000
108,0.001,0.000,0.000,0.000
109,0.001,0.000,0.000,0.000
110,0.001,0.000,0.000,0.000
111,0.001,0.000,0.000,0.000
112,0.001,0.000,0.000,0.000
113,0.001,0.000,0.000,0.000
114,0.001,0.000,0.000,0.000
115,0.001,0.000,0.000,0.000
116,0.001,0.000,0.000,0.000
117,0.001,0.000,0.000,0.000
118,0.001,0.000,0.000,0.000
119,0.001,0.000,0.000,0.000
120,0.001,0.000,0.000,0.000
121,0.001,0.000,0.000,0.000
122,0.001,0.000,0.000,0.000
123,0.001,0.000,0.000,0.000
124,0.001,0.000,0.000,0.000
125,0.001,0.000,0.000,0.000
126,0.001,0.000,0.000,0.000
127,0.001,0.000,0.000,0.000
128,0.001,0.000,0.000,0.000
129,0.001,0.000,0.000,0.000
130,0.001,0.000,0.000,0.000
131,0.001,0.000,0.000,0.000
132,0.001,0.000,0.000,0.000
133,0.001,0.000,0.000,0.000
134,0.001,0.000,0.000,0.000
135,0.001,0.000,0.000,0.000
136,0.001,0.000,0.000,0.000
137,0.001,0.000,0.000,0.000
138,0.001,0.000,0.000,0.000
139,0.001,0.000,0.000,0.000
140,0.001,0.000,0.000,0.000
141,0.001,0.000,0.000,0.000
142,0.001,0.000,0.000,0.000
143,0.001,0.000,0.000,0.000
144,0.001,0.000,0.000,0.000
145,0.001,0.000,0.000,0.000
146,0.001,0.000,0.000,0.000
147,0.001,0.000,0.000,0.000
148,0.001,0.000,0.000,0.000
149,0.001,0.000,0.000,0.000
150,0.001,0.000,0.000,0.000
151,0.001,0.000,0.000,0.000
152,0.001,0.000,0.000,0.000
153,0.001,0.000,0.000,0.000
154,0.001,0.000,0.000,0.000
155,0.001,0.000,0.000,0.000
156,0.001,0.000,0.000,0.000
157,0.001,0.000,0.000,0.000
158,0.001,0.000,0.000,0.000
159,0.001,0.000,0.000,0.000
160,0.001,0.000,0.000,0.000
161,0.001,0.000,0.000,0.000
162,0.001,0.000,0.000,0.000
163,0.001,0.000,0.000,0.000
164,0.001,0.000,0.000,0.000
165,0.001,0.000,0.000,0.000
166,0.001,0.000,0.000,0.000
167,0.001,0.000,0.000,0.000
168,0.001,0.000,0.000,0.000
169,0.001,0.000,0.000,0.000
170,0.001,0.000,0.000,0.000
171,0.001,0.000,0.000,0.000
172,0.001,0.000,0.000,0.000
173,0.001,0.000,0.000,0.000
174,0.001,0.000,0.000,0.000
175,0.001,0.000,0.000,0.000
176,0.001,0.000,0.000,0.000
177,0.001,0.000,0.000,0.000
178,0.001,0.000,0.000,0.000
179,0.001,0.000,0.000,0.000
180,0.001,0.000,0.000,0.000
181,0.001,0.000,0.000,0.000
182,0.001,0.000,0.000,0.000
183,0.001,0.000,0.000,0.000
184,0.001,0.000,0.000,0.000
185,0.001,0.000,0.000,0.000
186,0.001,0.000,0.000,0.000
187,0.001,0.000,0.000,0.000
188,0.001,0.000,0.000,0.000
189,0.001,0.000,0.000,0.000
190,0.001,0.000,0.000,0.000
191,0.001,0.000,0.000,0.000
192,0.001,0.000,0.000,0.000
193,0.001,0.000,0.000,0.000
194,0.001,0.000,0.000,0.000
195,0.001,0.000,0.000,0.000
196,0.001,0.000,0.000,0.000
197,0.001,0.000,0.000,0.000
198,0.001,0.000,0.000,0.000
199,0.001,0.000,0.000,0.000
200,0.001,0.000,0.000,0.000
201,0.001,0.000,0.000,0.000
202,0.001,0.000,0.000,0.000
203,0.001,0.000,0.000,0.000
204,0.001,0.000,0.000,0.000
205,0.001,0.000,0.000,0.000
206,0.001,0.000,0.000,0.000
207,0.001,0.000,0.000,0.000
208,0.001,0.000,0.000,0.000
209,0.001,0.000,0.000,0.000
210,0.001,0.000,0.000,0.000
211,0.001,0.000,0.000,0.000
212,0.001,0.000,0.000,0.000
213,0.001,0.000,0.000,0.000
214,0.001,0.000,0.000,0.000
215,0.001,0.000,0.000,0.000
216,0.001,0.000,0.000,0.000
217,0.001,0.000,0.000,0.000
218,0.001,0.000,0.000,0.000
219,0.001,0.000,0.000,0.000
220,0.001,0.000,0.000,0.000
221,0.001,0.000,0.000,0.000
222,0.001,0.000,0.000,0.000
223,0.001,0.000,0.000,0.000
224,0.001,0.000,0.000,0.000
225,0.001,0.000,0.000,0.000
226,0.001,0.000,0.000,0.000
227,0.001,0.000,0.000,0.000
228,0.001,0.000,0.000,0.000
229,0.001,0.000,0.000,0.000
230,0.001,0.000,0.000,0.000
231,0.001,0.000,0.000,0.000
232,0.001,0.000,0.000,0.000
233,0.001,0.000,0.000,0.000
234,0.001,0.000,0.000,0.000
235,0.001,0.000,0.000,0.000
236,0.001,0.000,0.000,0.000
237,0.001,0.000,0.000,0.000
238,0.001,0.000,0.000,0.000
239,0.001,0.000,0.000,0.000
240,0.001,0.000,0.000,0.000
241,0.001,0.000,0.000,0.000
242,0.001,0.000,0.000,0.000
243,0.001,0.000,0.000,0.000
244,0.001,0.000,0.000,0.000
245,0.001,0.000,0.000,0.000
246,0.001,0.000,0.000,0.000
247,0.001,0.000,0.000,0.000
248,0.001,0.000,0.000,0.000
249,0.001,0.000,0.000,0.000
250,0.001,0.000,0.000,0.000
251,0.001,0.000,0.000,0.000
252,0.001,0.000,0.000,0.000
253,0.001,0.000,0.000,0.000
254,0.001,0.000,0.000,0.000
255,0.001,0.000,0.000,0.000
256,0.001,0.000,0.000,0.000
257,0.001,0.000,0.000,0.000
258,0.001,0.000,0.000,0.000
259,0.001,0.000,0.000,0.000
260,0.001,0.000,0.000,0.000
261,0.001,0.000,0.000,0.000
262,0.001,0.000,0.000,0.000
263,0.001,0.000,0.000,0.000
264,0.001,0.000,0.000,0.000
265,0.001,0.000,0.000,0.000
266,0.001,0.000,0.000,0.000
267,0.001,0.000,0.000,0.000
268,0.001,0.000,0.000,0.000
269,0.001,0.000,0.000,0.000
270,0.001,0.000,0.000,0.000
271,0.001,0.000,0.000,0.000
272,0.001,0.000,0.000,0.000
273,0.001,0.000,0.000,0.000
274,0.001,0.000,0.000,0.000
275,0.001,0.000,0.000,0.000
276,0.001,0.000,0.000,0.000
277,0.001,0.000,0.000,0.000
278,0.001,0.000,0.000,0.000
279,0.001,0.000,0.000,0.000
280,0.001,0.000,0.000,0.000
281,0.001,0.000,0.000,0.000
282,0.001,0.000,0.000,0.000
283,0.001,0.000,0.000,0.000
284,0.001,0.000,0.000,0.000
285,0.001,0.000,0.000,0.000
286,0.001,0.000,0.000,0.000
287,0.001,0.000,0.000,0.000
288,0.001,0.000,0.000,0.000
289,0.001,0.000,0.000,0.000
290,0.001,0.000,0.000,0.000
291,0.001,0.000,0.000,0.000
292,0.001,0.000,0.000,0.000
293,0.001,0.000,0.000,0.000
294,0.001,0.000,0.000,0.000
295,0.001,0.000,0.000,0.000
296,0.001,0.000,0.000,0.000
297,0.001,0.000,0.000,0.000
298,0.001,0.000,0.000,0.000
299,0.001,0.000,0.000,0.000
300,0.001,0.000,0.000,0.000
301,0.001,0.000,0.000,0.000
302,0.001,0.000,0.000,0.000
303,0.001,0.000,0.000,0.000
304,0.001,0.000,0.000,0.000
305,0.001,0.000,0.000,0.000
306,0.001,0.000,0.000,0.000
307,0.001,0.000,0.000,0.000
308,0.001,0.000,0.000,0.000
309,0.001,0.000,0.000,0.000
310,0.001,0.000,0.000,0.000
311,0.001,0.000,0.000,0.000
312,0.001,0.000,0.000,0.000
313,0.001,0.000,0.000,0.000
314,0.001,0.000,0.000,0.000
315,0.001,0.000,0.000,0.000
316,0.001,0.000,0.000,0.000
317,0.001,0.000,0.000,0.000
318,0.001,0.000,0.000,0.000
319,0.001,0.000,0.000,0.000
320,0.001,0.000,0.000,0.000
321,0.001,0.000,0.000,0.000
322,0.001,0.000,0.000,0.000
323,0.001,0.000,0.000,0.000
324,0.001,0.000,0.000,0.000
325,0.001,0.000,0.000,0.000
326,0.001,0.000,0.000,0.000
327,0.001,0.000,0.000,0.000
328,0.001,0.000,0.000,0.000
329,0.001,0.000,0.000,0.000
330,0.001,0.000,0.000,0.000
331,0.001,0.000,0.000,0.000
332,0.001,0.000,0.000,0.000
333,0.001,0.000,0.000,0.000
334,0.001,0.000,0.000,0.000
335,0.001,0.000,0.000,0.000
336,0.001,0.000,0.000,0.000
337,0.001,0.000,0.000,0.000
338,0.001,0.000,0.000,0.000
339,0.001,0.000,0.000,0.000
340,0.001,0.000,0.000,0.000
341,0.001,0.000,0.000,0.000
342,0.001,0.000,0.000,0.000
343,0.001,0.000,0.000,0.000
344,0.001,0.000,0.000,0.000
345,0.001,0.000,0.000,0.000
346,0.001,0.000,0.000,0.000
347,0.001,0.000,0.000,0.000
348,0.001,0.000,0.000,0.000
349,0.001,0.000,0.000,0.000
350,0.001,0.000,0.000,0.000
351,0.001,0.000,0.000,0.000
352,0.001,0.000,0.000,0.000
353,0.001,0.000,0.000,0.000
354,0.001,0.000,0.000,0.000
355,0.001,0.000,0.000,0.000
356,0.001,0.000,0.000,0.000
357,0.001,0.000,0.000,0.000
358,0.001,0.000,0.000,0.000
359,0.001,0.000,0.000,0.000
360,0.001,0.000,0.000,0.000
361,0.001,0.000,0.000,0.000
362,0.001,0.000,0.000,0.000
363,0.001,0.000,0.000,0.000
364,0.001,0.000,0.000,0.000
365,0.001,0.000,0.000,0.000
366,0.001,0.000,0.000,0.000
367,0.001,0.000,0.000,0.000
368,0.001,0.000,0.000,0.000
369,0.001,0.000,0.000,0.000
370,0.001,0.000,0.000,0.000
371,0.001,0.000,0.000,0.000
372,0.001,0.000,0.000,0.000
373,0.001,0.000,0.000,0.000
374,0.001,0.000,0.000,0.000
375,0.001,0.000,0.000,0.000
376,0.001,0.000,0.000,0.000
377,0.001,0.000,0.000,0.000
378,0.001,0.000,0.000,0.000
379,0.001,0.000,0.000,0.000
380,0.001,0.000,0.000,0.000
381,0.001,0.000,0.000,0.000
382,0.001,0.000,0.000,0.000
383,0.001,0.000,0.000,0.000
384,0.001,0.000,0.000,0.000
385,0.001,0.000,0.000,0.000
386,0.001,0.000,0.000,0.000
387,0.001,0.000,0.000,0.000
388,0.001,0.000,0.000,0.000
389,0.001,0.000,0.000,0.000
390,0.001,0.000,0.000,0.000
391,0.001,0.000,0.000,0.000
392,0.001,0.000,0.000,0.000
393,0.001,0.000,0.000,0.000
394,0.001,0.000,0.000,0.000
395,0.001,0.000,0.000,0.000
396,0.001,0.000,0.000,0.000
397,0.001,0.000,0.000,0.000
398,0.001,0.000,0.000,0.000
399,0.001,0.000,0.000,0.000
400,0.001,0.000,0.000,0.000
401,0.001,0.000,0.000,0.000
402,0.001,0.000,0.000,0.000
403,0.001,0.000,0.000,0.000
404,0.001,0.000,0.000,0.000
405,0.001,0.000,0.000,0.000
406,0.001,0.000,0.000,0.000
407,0.001,0.000,0.000,0.000
408,0.001,0.000,0.000,0.000
409,0.001,0.000,0.000,0.000
410,0.001,0.000,0.000,0.000
411,0.001,0.000,0.000,0.000
412,0.001,0.000,0.000,0.000
413,0.001,0.000,0.000,0.000
414,0.001,0.000,0.000,0.000
415,0.001,0.000,0.000,0.000
416,0.001,0.000,0.000,0.000
417,0.001,0.000,0.000,0.000
418,0.001,0.000,0.000,0.000
419,0.001,0.000,0.000,0.000
420,0.001,0.000,0.000,0.000
421,0.001,0.000,0.000,0.000
422,0.001,0.000,0.000,0.000
423,0.001,0.000,0.000,0.000
424,0.001,0.000,0.000,0.000
425,0.001,0.000,0.000,0.000
426,0.001,0.000,0.000,0.000
427,0.001,0.000,0.000,0.000
428,0.001,0.000,0.000,0.000
429,0.001,0.000,0.000,0.000
430,0.001,0.000,0.000,0.000
431,0.001,0.000,0.000,0.000
432,0.001,0.000,0.000,0.000
433,0.001,0.000,0.000,0.000
434,0.001,0.000,0.000,0.000
435,0.001,0.000,0.000,0.000
436,0.001,0.000,0.000,0.000
437,0.001,0.000,0.000,0.000
438,0.001,0.000,0.000,0.000
439,0.001,0.000,0.000,0.000
440,0.001,0.000,0.000,0.000
441,0.001,0.000,0.000,0.000
442,0.001,0.000,0.000,0.000
443,0.001,0.000,0.000,0.000
444,0.001,0.000,0.000,0.000
445,0.001,0.000,0.000,0.000
446,0.001,0.000,0.000,0.000
447,0.001,0.000,0.000,0.000
448,0.001,0.000,0.000,0.000
449,0.001,0.000,0.000,0.000
450,0.001,0.000,0.000,0.000
451,0.001,0.000,0.000,0.000
452,0.001,0.000,0.000,0.000
453,0.001,0.000,0.000,0.000
454,0.001,0.000,0.000,0.000
455,0.001,0.000,0.000,0.000
456,0.001,0.000,0.000,0.000
457,0.001,0.000,0.000,0.000
458,0.001,0.000,0.000,0.000
459,0.001,0.000,0.000,0.000
460,0.001,0.000,0.000,0.000
461,0.001,0.000,0.000,0.000
462,0.001,0.000,0.000,0.000
463,0.001,0.000,0.000,0.000
464,0.001,0.000,0.000,0.000
465,0.001,0.000,0.000,0.000
466,0.001,0.000,0.000,0.000
467,0.001,0.000,0.000,0.000
468,0.001,0.000,0.000,0.000
469,0.001,0.000,0.000,0.000
470,0.001,0.000,0.000,0.000
471,0.001,0.000,0.000,0.000
472,0.001,0.000,0.000,0.000
473,0.001,0.000,0.000,0.000
474,0.001,0.000,0.000,0.000
475,0.001,0.000,0.000,0.000
476,0.001,0.000,0.000,0.000
477,0.001,0.000,0.000,0.000
478,0.001,0.000,0.000,0.000
479,0.001,0.000,0.000,0.000
480,0.001,0.000,0.000,0.000
481,0.001,0.000,0.000,0.000
482,0.001,0.000,0.000,0.000
483,0.001,0.000,0.000,0.000
484,0.001,0.000,0.000,0.000
485,0.001,0.000,0.000,0.000
486,0.001,0.000,0.000,0.000
487,0.001,0.000,0.000,0.000
488,0.001,0.000,0.000,0.000
489,0.001,0.000,0.000,0.000
490,0.001,0.000,0.000,0.000
491,0.001,0.000,0.000,0.000
492,0.001,0.000,0.000,0.000
493,0.001,0.000,0.000,0.000
494,0.001,0.000,0.000,0.000
495,0.001,0.000,0.000,0.000
496,0.001,0.000,0.000,0.000
497,0.001,0.000,0.000,0.000
498,0.001,0.000,0.000,0.000
499,0.001,0.000,0.000,0.000
500,0.001,0.000,0.000,0.000
501,0.001,0.000,0.000,0.000
502,0.001,0.000,0.000,0.000
503,0.001,0.000,0.000,0.000
504,0.001,0.000,0.000,0.000
505,0.001,0.000,0.000,0.000
506,0.001,0.000,0.000,0.000
507,0.001,0.000,0.000,0.000
508,0.001,0.000,0.000,0.000
509,0.001,0.000,0.000,0.000
510,0.001,0.000,0.000,0.000
511,0.001,0.000,0.000,0.000
512,0.001,0.000,0.000,0.000
513,0.001,0.000,0.000,0.000
514,0.001,0.000,0.000,0.000
515,0.001,0.000,0.000,0.000
516,0.001,0.000,0.000,0.000
517,0.001,0.000,0.000,0.000
518,0.001,0.000,0.000,0.000
519,0.001,0.000,0.000,0.000
520,0.001,0.000,0.000,0.000
521,0.001,0.000,0.000,0.000
522,0.001,0.000,0.000,0.000
523,0.001,0.000,0.000,0.000
524,0.001,0.000,0.000,0.000
525,0.001,0.000,0.000,0.000
526,0.001,0.000,0.000,0.000
527,0.001,0.000,0.000,0.000
528,0.001,0.000,0.000,0.000
529,0.001,0.000,0.000,0.000
530,0.001,0.000,0.000,0.000
531,0.001,0.000,0.000,0.000
532,0.001,0.000,0.000,0.000
533,0.001,0.000,0.000,0.000
534,0.001,0.000,0.000,0.000
535,0.001,0.000,0.000,0.000
536,0.001,0.000,0.000,0.000
537,0.001,0.000,0.000,0.000
538,0.001,0.000,0.000,0.000
539,0.001,0.000,0.000,0.000
540,0.001,0.000,0.000,0.000
541,0.001,0.000,0.000,0.000
542,0.001,0.000,0.000,0.000
543,0.001,0.000,0.000,0.000
544,0.001,0.000,0.000,0.000
545,0.001,0.000,0.000,0.000
546,0.001,0.000,0.000,0.000
547,0.001,0.000,0.000,0.000
548,0.001,0.000,0.000,0.000
549,0.001,0.000,0.000,0.000
550,0.001,0.000,0.000,0.000
551,0.001,0.000,0.000,0.000
552,0.001,0.000,0.000,0.000
553,0.001,0.000,0.000,0.000
554,0.001,0.000,0.000,0.000
555,0.001,0.000,0.000,0.000
556,0.001,0.000,0.000,0.000
557,0.001,0.000,0.000,0.000
558,0.001,0.000,0.000,0.000
559,0.001,0.000,0.000,0.000
560,0.001,0.000,0.000,0.000
561,0.001,0.000,0.000,0.000
562,0.001,0.000,0.000,0.000
563,0.001,0.000,0.000,0.000
564,0.001,0.000,0.000,0.000
565,0.001,0.000,0.000,0.000
566,0.001,0.000,0.000,0.000
567,0.001,0.000,0.000,0.000
568,0.001,0.000,0.000,0.000
569,0.001,0.000,0.000,0.000
570,0.001,0.000,0.000,0.000
571,0.001,0.000,0.000,0.000
572,0.001,0.000,0.000,0.000
573,0.001,0.000,0.000,0.000
574,0.001,0.000,0.000,0.000
575,0.001,0.000,0.000,0.000
576,0.001,0.000,0.000,0.000
577,0.001,0.000,0.000,0.000
578,0.001,0.000,0.000,0.000
579,0.001,0.000,0.000,0.000
580,0.001,0.000,0.000,0.000
581,0.001,0.000,0.000,0.000
582,0.001,0.000,0.000,0.000
583,0.001,0.000,0.000,0.000
584,0.001,0.000,0.000,0.000
585,0.001,0.000,0.000,0.000
586,0.001,0.000,0.000,0.000
587,0.001,0.000,0.000,0.000
588,0.001,0.000,0.000,0.000
589,0.001,0.000,0.000,0.000
590,0.001,0.000,0.000,0.000
591,0.001,0.000,0.000,0.000
592,0.001,0.000,0.000,0.000
593,0.001,0.000,0.000,0.000
594,0.001,0.000,0.000,0.000
595,0.001,0.000,0.000,0.000
596,0.001,0.000,0.000,0.000
597,0.001,0.000,0.000,0.000
598,0.001,0.000,0.000,0.000
599,0.001,0.000,0.000,0.000
600,0.001,0.000,0.000,0.000
601,0.001,0.000,0.000,0.000
602,0.001,0.000,0.000,0.000
603,0.001,0.000,0.000,0.000
604,0.001,0.000,0.000,0.000
605,0.001,0.000,0.000,0.000
606,0.001,0.000,0.000,0.000
607,0.001,0.000,0.000,0.000
608,0.001,0.000,0.000,0.000
609,0.001,0.000,0.000,0.000
610,0.001,0.000,0.000,0.000
611,0.001,0.000,0.000,0.000
612,0.001,0.000,0.000,0.000
613,0.001,0.000,0.000,0.000
614,0.001,0.000,0.000,0.000
615,0.001,0.000,0.000,0.000
616,0.001,0.000,0.000,0.000
617,0.001,0.000,0.000,0.000
618,0.001,0.000,0.000,0.000
619,0.001,0.000,0.000,0.000
620,0.001,0.000,0.000,0.000
621,0.001,0.000,0.000,0.000
622,0.001,0.000,0.000,0.000
623,0.001,0.000,0.000,0.000
624,0.001,0.000,0.000,0.000
625,0.001,0.000,0.000,0.000
626,0.001,0.000,0.000,0.000
627,0.001,0.000,0.000,0.000
628,0.001,0.000,0.000,0.000
629,0.001,0.000,0.000,0.000
630,0.001,0.000,0.000,0.000
631,0.001,0.000,0.000,0.000
632,0.001,0.000,0.000,0.000
633,0.001,0.000,0.000,0.000
634,0.001,0.000,0.000,0.000
635,0.001,0.000,0.000,0.000
636,0.001,0.000,0.000,0.000
637,0.001,0.000,0.000,0.000
638,0.001,0.000,0.000,0.000
639,0.001,0.000,0.000,0.000
640,0.001,0.000,0.000,0.000
641,0.001,0.000,0.000,0.000
642,0.001,0.000,0.000,0.000
643,0.001,0.000,0.000,0.000
644,0.001,0.000,0.000,0.000
645,0.001,0.000,0.000,0.000
646,0.001,0.000,0.000,0.000
647,0.001,0.000,0.000,0.000
648,0.001,0.000,0.000,0.000
649,0.001,0.000,0.000,0.000
650,0.001,0.000,0.000,0.000
651,0.001,0.000,0.000,0.000
652,0.001,0.000,0.000,0.000
653,0.001,0.000,0.000,0.000
654,0.001,0.000,0.000,0.000
655,0.001,0.000,0.000,0.000
656,0.001,0.000,0.000,0.000
657,0.001,0.000,0.000,0.000
658,0.001,0.000,0.000,0.000
659,0.001,0.000,0.000,0.000
660,0.001,0.000,0.000,0.000
661,0.001,0.000,0.000,0.000
662,0.001,0.000,0.000,0.000
663,0.001,0.000,0.000,0.000
664,0.001,0.000,0.000,0.000
665,0.001,0.000,0.000,0.000
666,0.001,0.000,0.000,0.000
667,0.001,0.000,0.000,0.000
668,0.001,0.000,0.000,0.000
669,0.001,0.000,0.000,0.000
670,0.001,0.000,0.000,0.000
671,0.001,0.000,0.000,0.000
672,0.001,0.000,0.000,0.000
673,0.001,0.000,0.000,0.000
674,0.001,0.000,0.000,0.000
675,0.001,0.000,0.000,0.000
676,0.001,0.000,0.000,0.000
677,0.001,0.000,0.000,0.000
678,0.001,0.000,0.000,0.000
679,0.001,0.000,0.000,0.000
680,0.001,0.000,0.000,0.000
681,0.001,0.000,0.000,0.000
682,0.001,0.000,0.000,0.000
683,0.001,0.000,0.000,0.000
684,0.001,0.000,0.000,0.000
685,0.001,0.000,0.000,0.000
686,0.001,0.000,0.000,0.000
687,0.001,0.000,0.000,0.000
688,0.001,0.000,0.000,0.000
689,0.001,0.000,0.000,0.000
690,0.001,0.000,0.000,0.000
691,0.001,0.000,0.000,0.000
692,0.001,0.000,0.000,0.000
693,0.001,0.000,0.000,0.000
694,0.001,0.000,0.000,0.000
695,0.001,0.000,0.000,0.000
696,0.001,0.000,0.000,0.000
697,0.001,0.000,0.000,0.000
698,0.001,0.000,0.000,0.000
699,0.001,0.000,0.000,0.000
700,0.001,0.000,0.000,0.000
701,0.001,0.000,0.000,0.000
702,0.001,0.000,0.000,0.000
703,0.001,0.000,0.000,0.000
704,0.001,0.000,0.000,0.000
705,0.001,0.000,0.000,0.000
706,0.001,0.000,0.000,0.000
707,0.001,0.000,0.000,0.000
708,0.001,0.000,0.000,0.000
709,0.001,0.000,0.000,0.000
710,0.001,0.000,0.000,0.000
711,0.001,0.000,0.000,0.000
712,0.001,0.000,0.000,0.000
713,0.001,0.000,0.000,0.000
714,0.001,0.000,0.000,0.000
715,0.001,0.000,0.000,0.000
716,0.001,0.000,0.000,0.000
717,0.001,0.000,0.000,0.000
718,0.001,0.000,0.000,0.000
719,0.001,0.000,0.000,0.000
720,0.001,0.000,0.000,0.000
721,0.001,0.000,0.000,0.000
722,0.001,0.000,0.000,0.000
723,0.001,0.000,0.000,0.000
724,0.001,0.000,0.000,0.000
725,0.001,0.000,0.000,0.000
726,0.001,0.000,0.000,0.000
727,0.001,0.000,0.000,0.000
728,0.001,0.000,0.000,0.000
729,0.001,0.000,0.000,0.000
730,0.001,0.000,0.000,0.000
731,0.001,0.000,0.000,0.000
732,0.001,0.000,0.000,0.000
733,0.001,0.000,0.000,0.000
734,0.001,0.000,0.000,0.000
735,0.001,0.000,0.000,0.000
736,0.001,0.000,0.000,0.000
737,0.001,0.000,0.000,0.000
738,0.001,0.000,0.000,0.000
739,0.001,0.000,0.000,0.000
740,0.001,0.000,0.000,0.000
741,0.001,0.000,0.000,0.000
742,0.001,0.000,0.000,0.000
743,0.001,0.000,0.000,0.000
744,0.001,0.000,0.000,0.000
745,0.001,0.000,0.000,0.000
746,0.001,0.000,0.000,0.000
747,0.001,0.000,0.000,0.000
748,0.001,0.000,0.000,0.000
749,0.001,0.000,0.000,0.000
750,0.001,0.000,0.000,0.000
751,0.001,0.000,0.000,0.000
752,0.001,0.000,0.000,0.000
753,0.001,0.000,0.000,0.000
754,0.001,0.000,0.000,0.000
755,0.001,0.000,0.000,0.000
756,0.001,0.000,0.000,0.000
757,0.001,0.000,0.000,0.000
758,0.001,0.000,0.000,0.000
759,0.001,0.000,0.000,0.000
760,0.001,0.000,0.000,0.000
761,0.001,0.000,0.000,0.000
762,0.001,0.000,0.000,0.000
763,0.001,0.000,0.000,0.000
764,0.001,0.000,0.000,0.000
765,0.001,0.000,0.000,0.000
766,0.001,0.000,0.000,0.000
767,0.001,0.000,0.000,0.000
768,0.001,0.000,0.000,0.000
769,0.001,0.000,0.000,0.000
770,0.001,0.000,0.000,0.000
771,0.001,0.000,0.000,0.000
772,0.001,0.000,0.000,0.000
773,0.001,0.000,0.000,0.000
774,0.001,0.000,0.000,0.000
775,0.001,0.000,0.000,0.000
776,0.001,0.000,0.000,0.000
777,0.001,0.000,0.000,0.000
778,0.001,0.000,0.000,0.000
779,0.001,0.000,0.000,0.000
780,0.001,0.000,0.000,0.000
781,0.001,0.000,0.000,0.000
782,0.001,0.000,0.000,0.000
783,0.001,0.000,0.000,0.000
784,0.001,0.000,0.000,0.000
785,0.001,0.000,0.000,0.000
786,0.001,0.000,0.000,0.000
787,0.001,0.000,0.000,0.000
788,0.001,0.000,0.000,0.000
789,0.001,0.000,0.000,0.000
790,0.001,0.000,0.000,0.000
791,0.001,0.000,0.000,0.000
792,0.001,0.000,0.000,0.000
793,0.001,0.000,0.000,0.000
794,0.001,0.000,0.000,0.000
795,0.001,0.000,0.000,0.000
796,0.001,0.000,0.000,0.000
797,0.001,0.000,0.000,0.000
798,0.001,0.000,0.000,0.000
799,0.001,0.000,0.000,0.000
800,0.001,0.000,0.000,0.000
801,0.001,0.000,0.000,0.000
802,0.001,0.000,0.000,0.000
803,0.001,0.000,0.000,0.000
804,0.001,0.000,0.000,0.000
805,0.001,0.000,0.000,0.000
806,0.001,0.000,0.000,0.000
807,0.001,0.000,0.000,0.000
808,0.001,0.000,0.000,0.000
809,0.001,0.000,0.000,0.000
810,0.001,0.000,0.000,0.000
811,0.001,0.000,0.000,0.000
812,0.001,0.000,0.000,0.000
813,0.001,0.000,0.000,0.000
814,0.001,0.000,0.000,0.000
815,0.001,0.000,0.000,0.000
816,0.001,0.000,0.000,0.000
817,0.001,0.000,0.000,0.000
818,0.001,0.000,0.000,0.000
819,0.001,0.000,0.000,0.000
820,0.001,0.000,0.000,0.000
821,0.001,0.000,0.000,0.000
822,0.001,0.000,0.000,0.000
823,0.001,0.000,0.000,0.000
824,0.001,0.000,0.000,0.000
825,0.001,0.000,0.000,0.000
826,0.001,0.000,0.000,0.000
827,0.001,0.000,0.000,0.000
828,0.001,0.000,0.000,0.000
829,0.001,0.000,0.000,0.000
830,0.001,0.000,0.000,0.000
831,0.001,0.000,0.000,0.000
832,0.001,0.000,0.000,0.000
833,0.001,0.000,0.000,0.000
834,0.001,0.000,0.000,0.000
835,0.001,0.000,0.000,0.000
836,0.001,0.000,0.000,0.000
837,0.001,0.000,0.000,0.000
838,0.001,0.000,0.000,0.000
839,0.001,0.000,0.000,0.000
840,0.001,0.000,0.000,0.000
841,0.001,0.000,0.000,0.000
842,0.001,0.000,0.000,0.000
843,0.001,0.000,0.000,0.000
844,0.001,0.000,0.000,0.000
845,0.001,0.000,0.000,0.000
846,0.001,0.000,0.000,0.000
847,0.001,0.000,0.000,0.000
848,0.001,0.000,0.000,0.000
849,0.001,0.000,0.000,0.000
850,0.001,0.000,0.000,0.000
851,0.001,0.000,0.000,0.000
852,0.001,0.000,0.000,0.000
853,0.001,0.000,0.000,0.000
854,0.001,0.000,0.000,0.000
855,0.001,0.000,0.000,0.000
856,0.001,0.000,0.000,0.000
857,0.001,0.000,0.000,0.000
858,0.001,0.000,0.000,0.000
859,0.001,0.000,0.000,0.000
860,0.001,0.000,0.000,0.000
861,0.001,0.000,0.000,0.000
862,0.001,0.000,0.000,0.000
863,0.001,0.000,0.000,0.000
864,0.001,0.000,0.000,0.000
865,0.001,0.000,0.000,0.000
866,0.001,0.000,0.000,0.000
867,0.001,0.000,0.000,0.000
868,0.001,0.000,0.000,0.000
869,0.001,0.000,0.000,0.000
870,0.001,0.000,0.000,0.000
871,0.001,0.000,0.000,0.000
872,0.001,0.001,0.000,0.000
873,0.001,0.000,0.000,0.000
874,0.001,0.000,0.000,0.000
875,0.001,0.000,0.000,0.000
876,0.001,0.000,0.000,0.000
877,0.001,0.002,0.000,0.001
878,0.001,0.002,0.000,0.001
879,0.001,0.002,0.000,0.001
880,0.001,0.002,0.000,0.001
881,0.001,0.002,0.000,0.001
882,0.001,0.003,0.000,0.001
883,0.001,0.003,0.000,0.001
884,0.001,0.003,0.000,0.001
885,0.001,0.003,0.000,0.001
886,0.001,0.003,0.000,0.001
887,0.001,0.002,0.000,0.001
888,0.001,0.002,0.000,0.001
889,0.001,0.002,0.000,0.001
890,0.001,0.002,0.000,0.001
891,0.001,0.002,0.000,0.001
892,0.001,0.002,0.000,0.001
893,0.001,0.002,0.000,0.001
894,0.001,0.002,0.000,0.001
895,0.001,0.002,0.000,0.001
896,0.001,0.002,0.000,0.001
897,0.001,0.002,0.000,0.001
898,0.001,0.002,0.000,0.001
899,0.001,0.004,0.000,0.002
900,0.001,0.005,0.000,0.002
901,0.001,0.005,0.000,0.002
902,0.001,0.003,0.000,0.001
903,0.001,0.003,0.000,0.001
904,0.001,0.003,0.000,0.001
905,0.001,0.002,0.000,0.001
906,0.001,0.002,0.000,0.001
907,0.001,0.002,0.000,0.001
908,0.001,0.002,0.000,0.001
909,0.001,0.002,0.000,0.001
910,0.001,0.002,0.000,0.001
911,0.001,0.002,0.000,0.001
912,0.001,0.002,0.000,0.001
913,0.001,0.002,0.000,0.001
914,0.001,0.002,0.000,0.001
915,0.001,0.002,0.000,0.001
916,0.001,0.002,0.000,0.001
917,0.001,0.002,0.000,0.001
918,0.001,0.002,0.000,0.001
919,0.001,0.002,0.000,0.001
920,0.001,0.002,0.000,0.001
921,0.001,0.002,0.000,0.001
922,0.001,0.002,0.000,0.001
923,0.001,0.002,0.000,0.001
924,0.001,0.002,0.000,0.001
925,0.001,0.002,0.000,0.001
926,0.001,0.002,0.000,0.001
927,0.001,0.002,0.000,0.001
928,0.001,0.002,0.000,0.001
929,0.001,0.002,0.000,0.001
930,0.001,0.002,0.000,0.001
931,0.001,0.002,0.000,0.001
932,0.001,0.002,0.000,0.001
933,0.001,0.002,0.000,0.001
934,0.001,0.002,0.000,0.001
935,0.001,0.002,0.000,0.001
936,0.001,0.002,0.000,0.001
937,0.001,0.002,0.000,0.001
938,0.001,0.002,0.000,0.001
939,0.001,0.002,0.000,0.001
940,0.001,0.002,0.000,0.001
941,0.001,0.002,0.000,0.001
942,0.001,0.002,0.000,0.001
943,0.001,0.002,0.000,0.001
944,0.001,0.002,0.000,0.001
945,0.001,0.002,0.000,0.001
946,0.001,0.002,0.000,0.001
947,0.001,0.002,0.000,0.001
948,0.001,0.002,0.000,0.001
949,0.001,0.002,0.000,0.001
950,0.001,0.002,0.000,0.001
951,0.001,0.002,0.000,0.001
952,0.001,0.002,0.000,0.001
953,0.001,0.002,0.000,0.001
954,0.001,0.002,0.000,0.001
955,0.001,0.002,0.000,0.001
956,0.001,0.002,0.000,0.001
957,0.001,0.002,0.000,0.001
958,0.001,0.002,0.000,0.001
959,0.001,0.002,0.000,0.001
960,0.001,0.002,0.000,0.001
961,0.001,0.002,0.000,0.001
962,0.001,0.002,0.000,0.001
963,0.001,0.002,0.000,0.001
964,0.001,0.002,0.000,0.001
965,0.001,0.002,0.000,0.001
966,0.001,0.002,0.000,0.001
967,0.001,0.002,0.000,0.001
968,0.001,0.002,0.000,0.001
969,0.001,0.002,0.000,0.001
970,0.001,0.002,0.000,0.001
971,0.001,0.002,0.000,0.001
972,0.001,0.002,0.000,0.001
973,0.001,0.004,0.000,0.002
974,0.001,0.009,0.000,0.003
975,0.001,0.014,0.000,0.005
976,0.001,0.016,0.000,0.006
977,0.001,0.019,0.000,0.007
978,0.001,0.020,0.000,0.007
979,0.001,0.020,0.000,0.007
980,0.001,0.020,0.000,0.007
981,0.001,0.019,0.000,0.007
982,0.001,0.019,0.000,0.007
983,0.001,0.018,0.000,0.007
984,0.001,0.018,0.000,0.007
985,0.001,0.019,0.000,0.007
986,0.001,0.019,0.000,0.007
987,0.001,0.016,0.000,0.006
988,0.001,0.015,0.000,0.005
989,0.001,0.011,0.000,0.004
990,0.001,0.011,0.000,0.004
991,0.001,0.011,0.000,0.004
992,0.001,0.011,0.000,0.004
993,0.001,0.011,0.000,0.004
994,0.001,0.011,0.000,0.004
995,0.001,0.011,0.000,0.004
996,0.001,0.011,0.000,0.004
997,0.001,0.012,0.000,0.004
998,0.001,0.010,0.000,0.004
999,0.001,0.010,0.000,0.004
1000,0.001,0.009,0.000,0.004
1001,0.001,0.009,0.000,0.003
1002,0.001,0.008,0.000,0.003
1003,0.001,0.008,0.000,0.003
1004,0.001,0.008,0.000,0.003
1005,0.001,0.008,0.000,0.003
1006,0.001,0.007,0.000,0.003
1007,0.001,0.007,0.000,0.003
1008,0.001,0.007,0.000,0.003
1009,0.001,0.006,0.000,0.002
1010,0.001,0.007,0.000,0.003
1011,0.001,0.007,0.000,0.003
1012,0.001,0.008,0.000,0.003
1013,0.001,0.008,0.000,0.003
1014,0.001,0.009,0.000,0.003
1015,0.001,0.009,0.000,0.003
1016,0.001,0.009,0.000,0.003
1017,0.001,0.010,0.000,0.004
1018,0.001,0.010,0.000,0.004
1019,0.001,0.011,0.000,0.004
1020,0.001,0.009,0.000,0.003
1021,0.001,0.008,0.000,0.003
1022,0.001,0.007,0.000,0.003
1023,0.001,0.007,0.000,0.003
1024,0.001,0.006,0.000,0.002
1025,0.001,0.004,0.000,0.002
1026,0.001,0.004,0.000,0.002
1027,0.001,0.003,0.000,0.001
1028,0.001,0.003,0.000,0.001
1029,0.001,0.004,0.000,0.002
1030,0.001,0.004,0.000,0.002
1031,0.001,0.004,0.000,0.002
1032,0.001,0.004,0.000,0.002
1033,0.001,0.004,0.000,0.002
1034,0.001,0.004,0.000,0.002
1035,0.001,0.004,0.000,0.002
1036,0.001,0.004,0.000,0.002
1037,0.001,0.004,0.000,0.002
1038,0.001,0.004,0.000,0.002
1039,0.001,0.004,0.000,0.002
1040,0.001,0.004,0.000,0.002
1041,0.001,0.004,0.000,0.002
1042,0.001,0.004,0.000,0.002
1043,0.001,0.004,0.000,0.002
1044,0.001,0.004,0.000,0.002
1045,0.001,0.004,0.000,0.002
1046,0.001,0.004,0.000,0.002
1047,0.001,0.004,0.000,0.002
1048,0.001,0.004,0.000,0.002
1049,0.001,0.004,0.000,0.002
1050,0.001,0.004,0.000,0.002
1051,0.001,0.004,0.000,0.002
1052,0.001,0.004,0.000,0.002
1053,0.001,0.004,0.000,0.002
1054,0.001,0.004,0.000,0.002
1055,0.001,0.004,0.000,0.002
1056,0.001,0.004,0.000,0.002
1057,0.001,0.004,0.000,0.002
1058,0.001,0.004,0.000,0.002
1059,0.001,0.004,0.000,0.002
1060,0.001,0.004,0.000,0.002
1061,0.001,0.004,0.000,0.002
1062,0.001,0.004,0.000,0.002
1063,0.001,0.004,0.000,0.002
1064,0.001,0.004,0.000,0.002
1065,0.001,0.004,0.000,0.002
1066,0.001,0.004,0.000,0.002
1067,0.001,0.004,0.000,0.002
1068,0.001,0.004,0.000,0.002
1069,0.001,0.004,0.000,0.002
1070,0.001,0.004,0.000,0.002
1071,0.001,0.004,0.000,0.002
1072,0.001,0.004,0.000,0.002
1073,0.001,0.004,0.000,0.002
1074,0.001,0.004,0.000,0.002
1075,0.001,0.004,0.000,0.002
1076,0.001,0.004,0.000,0.002
1077,0.001,0.004,0.000,0.002
1078,0.001,0.004,0.000,0.002
1079,0.001,0.004,0.000,0.002
1080,0.001,0.004,0.000,0.002
1081,0.001,0.004,0.000,0.002
1082,0.001,0.004,0.000,0.002
1083,0.001,0.004,0.000,0.002
1084,0.001,0.004,0.000,0.002
1085,0.001,0.004,0.000,0.002
1086,0.001,0.004,0.000,0.002
1087,0.001,0.004,0.000,0.002
1088,0.001,0.004,0.000,0.002
1089,0.001,0.004,0.000,0.002
1090,0.001,0.004,0.000,0.002
1091,0.001,0.004,0.000,0.002
1092,0.001,0.004,0.000,0.002
1093,0.001,0.004,0.000,0.002
1094,0.001,0.004,0.000,0.002
1095,0.001,0.004,0.000,0.002
1096,0.001,0.004,0.000,0.002
1097,0.001,0.004,0.000,0.002
1098,0.001,0.004,0.000,0.002
1099,0.001,0.004,0.000,0.002
1100,0.001,0.004,0.000,0.002
1101,0.001,0.004,0.000,0.002
1102,0.001,0.004,0.000,0.002
1103,0.001,0.004,0.000,0.002
1104,0.001,0.004,0.000,0.002
1105,0.001,0.004,0.000,0.002
1106,0.001,0.004,0.000,0.002
1107,0.001,0.004,0.000,0.002
1108,0.001,0.004,0.000,0.002
1109,0.001,0.004,0.000,0.002
1110,0.001,0.004,0.000,0.002
1111,0.001,0.004,0.000,0.002
1112,0.001,0.004,0.000,0.002
1113,0.001,0.004,0.000,0.002
1114,0.001,0.004,0.000,0.002
1115,0.001,0.004,0.000,0.002
1116,0.001,0.004,0.000,0.002
1117,0.001,0.004,0.000,0.002
1118,0.001,0.004,0.000,0.002
1119,0.001,0.004,0.000,0.002
1120,0.001,0.004,0.000,0.002
1121,0.001,0.004,0.000,0.002
1122,0.001,0.004,0.000,0.002
1123,0.001,0.004,0.000,0.002
1124,0.001,0.004,0.000,0.002
1125,0.001,0.004,0.000,0.002
1126,0.001,0.004,0.000,0.002
1127,0.001,0.004,0.000,0.002
1128,0.001,0.004,0.000,0.002
1129,0.001,0.004,0.000,0.002
1130,0.001,0.004,0.000,0.002
1131,0.001,0.004,0.000,0.002
1132,0.001,0.004,0.000,0.002
1133,0.001,0.004,0.000,0.002
1134,0.001,0.004,0.000,0.002
1135,0.001,0.004,0.000,0.002
1136,0.001,0.004,0.000,0.002
1137,0.001,0.004,0.000,0.002
1138,0.001,0.004,0.000,0.002
1139,0.001,0.004,0.000,0.002
1140,0.001,0.004,0.000,0.002
1141,0.001,0.004,0.000,0.002
1142,0.001,0.004,0.000,0.002
1143,0.001,0.004,0.000,0.002
1144,0.006,0.004,0.000,0.004
1145,0.004,0.004,0.000,0.003
1146,0.006,0.004,0.000,0.004
1147,0.009,0.004,0.000,0.005
1148,0.010,0.004,0.000,0.005
1149,0.014,0.004,0.000,0.006
1150,0.014,0.004,0.000,0.006
1151,0.013,0.004,0.000,0.006
1152,0.013,0.004,0.000,0.006
1153,0.013,0.004,0.000,0.006
1154,0.011,0.004,0.000,0.005
1155,0.012,0.004,0.000,0.006
1156,0.011,0.004,0.000,0.005
1157,0.011,0.004,0.000,0.005
1158,0.010,0.004,0.000,0.005
1159,0.010,0.004,0.000,0.005
1160,0.011,0.004,0.000,0.005
1161,0.008,0.004,0.000,0.004
1162,0.010,0.004,0.000,0.005
1163,0.011,0.004,0.000,0.005
1164,0.012,0.004,0.000,0.006
1165,0.006,0.004,0.000,0.004
1166,0.008,0.004,0.000,0.004
1167,0.007,0.004,0.000,0.004
1168,0.010,0.004,0.000,0.005
1169,0.005,0.004,0.000,0.003
1170,0.006,0.004,0.000,0.004
1171,0.010,0.004,0.000,0.005
1172,0.010,0.004,0.000,0.005
1173,0.006,0.004,0.000,0.004
1174,0.008,0.004,0.000,0.004
1175,0.005,0.004,0.000,0.003
1176,0.008,0.004,0.000,0.004
1177,0.008,0.004,0.000,0.004
1178,0.003,0.004,0.000,0.002
1179,0.003,0.004,0.000,0.002
1180,0.004,0.004,0.000,0.003
1181,0.005,0.004,0.000,0.003
1182,0.004,0.004,0.000,0.003
1183,0.004,0.004,0.000,0.003
1184,0.007,0.004,0.000,0.004
1185,0.004,0.004,0.000,0.003
1186,0.005,0.004,0.000,0.003
1187,0.008,0.004,0.000,0.004
1188,0.006,0.004,0.000,0.003
1189,0.008,0.004,0.000,0.004
1190,0.007,0.004,0.000,0.004
1191,0.010,0.004,0.000,0.005
1192,0.010,0.004,0.000,0.005
1193,0.010,0.004,0.000,0.005
1194,0.010,0.004,0.000,0.005
1195,0.011,0.004,0.000,0.005
1196,0.009,0.004,0.000,0.005
1197,0.009,0.004,0.000,0.005
1198,0.008,0.004,0.000,0.004
1199,0.010,0.004,0.000,0.005
1200,0.007,0.004,0.000,0.004
1201,0.007,0.004,0.000,0.004
1202,0.003,0.004,0.000,0.002
1203,0.004,0.004,0.000,0.003
1204,0.006,0.004,0.000,0.003
1205,0.003,0.004,0.000,0.003
1206,0.003,0.004,0.000,0.002
1207,0.004,0.004,0.000,0.003
1208,0.002,0.004,0.000,0.002
1209,0.003,0.004,0.000,0.002
1210,0.003,0.004,0.000,0.002
1211,0.003,0.004,0.000,0.002
1212,0.003,0.004,0.000,0.002
1213,0.003,0.004,0.000,0.002
1214,0.003,0.004,0.000,0.002
1215,0.003,0.004,0.000,0.002
1216,0.003,0.004,0.000,0.002
1217,0.003,0.004,0.000,0.002
1218,0.004,0.004,0.000,0.003
1219,0.003,0.004,0.000,0.003
1220,0.011,0.004,0.000,0.005
1221,0.010,0.004,0.000,0.005
1222,0.010,0.004,0.000,0.005
1223,0.012,0.004,0.000,0.006
1224,0.015,0.004,0.000,0.007
1225,0.015,0.004,0.000,0.007
1226,0.015,0.004,0.000,0.007
1227,0.015,0.004,0.000,0.007
1228,0.015,0.004,0.000,0.007
1229,0.014,0.004,0.000,0.007
1230,0.014,0.004,0.000,0.007
1231,0.013,0.004,0.000,0.006
1232,0.013,0.004,0.000,0.006
1233,0.013,0.004,0.000,0.006
1234,0.013,0.004,0.000,0.006
1235,0.013,0.004,0.000,0.006
1236,0.012,0.004,0.000,0.006
1237,0.012,0.004,0.000,0.006
1238,0.012,0.004,0.000,0.006
1239,0.011,0.004,0.000,0.005
1240,0.011,0.004,0.000,0.005
1241,0.009,0.004,0.000,0.005
1242,0.009,0.004,0.000,0.005
1243,0.009,0.004,0.000,0.004
1244,0.007,0.004,0.000,0.004
1245,0.008,0.004,0.000,0.004
1246,0.007,0.004,0.000,0.004
1247,0.007,0.004,0.000,0.004
1248,0.007,0.004,0.000,0.004
1249,0.006,0.004,0.000,0.003
1250,0.006,0.004,0.000,0.004
1251,0.006,0.004,0.000,0.003
1252,0.006,0.004,0.000,0.003
1253,0.005,0.004,0.000,0.003
1254,0.005,0.004,0.000,0.003
1255,0.004,0.004,0.000,0.003
1256,0.004,0.004,0.000,0.003
1257,0.004,0.004,0.000,0.003
1258,0.004,0.004,0.000,0.003
1259,0.004,0.004,0.000,0.003
1260,0.004,0.004,0.000,0.003
1261,0.004,0.004,0.000,0.003
1262,0.004,0.004,0.000,0.003
1263,0.004,0.004,0.000,0.003
1264,0.004,0.004,0.000,0.003
1265,0.004,0.004,0.000,0.003
1266,0.004,0.004,0.000,0.003
1267,0.004,0.004,0.000,0.003
1268,0.004,0.004,0.000,0.003
1269,0.004,0.004,0.000,0.003
1270,0.004,0.004,0.000,0.003
1271,0.004,0.004,0.000,0.003
1272,0.004,0.004,0.000,0.003
1273,0.004,0.004,0.000,0.003
1274,0.004,0.004,0.000,0.003
1275,0.004,0.004,0.000,0.003
1276,0.004,0.004,0.000,0.003
1277,0.004,0.004,0.000,0.003
1278,0.004,0.004,0.000,0.003
1279,0.004,0.004,0.000,0.003
1280,0.004,0.004,0.000,0.003
1281,0.004,0.004,0.000,0.003
1282,0.004,0.004,0.000,0.003
1283,0.007,0.004,0.000,0.004
1284,0.007,0.004,0.000,0.004
1285,0.007,0.004,0.000,0.004
1286,0.007,0.004,0.000,0.004
1287,0.007,0.004,0.000,0.004
1288,0.004,0.004,0.000,0.003
1289,0.006,0.004,0.000,0.003
1290,0.005,0.004,0.000,0.003
1291,0.004,0.004,0.000,0.003
1292,0.004,0.004,0.000,0.003
1293,0.004,0.004,0.000,0.003
1294,0.004,0.004,0.000,0.003
1295,0.004,0.004,0.000,0.003
1296,0.004,0.004,0.000,0.003
1297,0.004,0.004,0.000,0.003
1298,0.004,0.004,0.000,0.003
1299,0.004,0.004,0.000,0.003
1300,0.004,0.004,0.000,0.003
1301,0.004,0.004,0.000,0.003
1302,0.004,0.004,0.000,0.003
1303,0.004,0.004,0.000,0.003
1304,0.004,0.004,0.000,0.003
1305,0.004,0.004,0.000,0.003
1306,0.005,0.004,0.000,0.003
1307,0.004,0.004,0.000,0.003
1308,0.005,0.004,0.000,0.003
1309,0.007,0.004,0.000,0.004
1310,0.007,0.004,0.000,0.004
1311,0.007,0.004,0.000,0.004
1312,0.006,0.004,0.000,0.003
1313,0.006,0.004,0.000,0.003
1314,0.004,0.004,0.000,0.003
1315,0.006,0.004,0.000,0.003
1316,0.003,0.004,0.000,0.003
1317,0.004,0.004,0.000,0.003
1318,0.003,0.004,0.000,0.003
1319,0.003,0.004,0.000,0.003
1320,0.003,0.004,0.000,0.003
1321,0.003,0.004,0.000,0.002
1322,0.003,0.004,0.000,0.002
1323,0.003,0.004,0.000,0.002
1324,0.003,0.004,0.000,0.002
1325,0.003,0.004,0.000,0.002
1326,0.003,0.004,0.000,0.002
1327,0.003,0.004,0.000,0.002
1328,0.003,0.004,0.000,0.002
1329,0.003,0.004,0.000,0.002
1330,0.003,0.004,0.000,0.002
1331,0.003,0.004,0.000,0.002
1332,0.003,0.004,0.000,0.002
1333,0.003,0.004,0.000,0.002
1334,0.003,0.004,0.000,0.002
1335,0.003,0.004,0.000,0.002
1336,0.003,0.004,0.000,0.002
1337,0.003,0.004,0.000,0.002
1338,0.003,0.004,0.000,0.002
1339,0.003,0.004,0.000,0.002
1340,0.003,0.004,0.000,0.002
1341,0.003,0.004,0.000,0.002
1342,0.003,0.004,0.000,0.002
1343,0.003,0.004,0.000,0.002
1344,0.003,0.004,0.000,0.002
1345,0.003,0.004,0.000,0.002
1346,0.003,0.004,0.000,0.002
1347,0.003,0.004,0.000,0.002
1348,0.003,0.004,0.000,0.002
1349,0.003,0.004,0.000,0.002
1350,0.003,0.004,0.000,0.002
1351,0.003,0.004,0.000,0.002
1352,0.003,0.004,0.000,0.002
1353,0.003,0.004,0.000,0.002
1354,0.003,0.004,0.000,0.002
1355,0.003,0.004,0.000,0.002
1356,0.003,0.004,0.000,0.002
1357,0.003,0.004,0.000,0.002
1358,0.003,0.004,0.000,0.002
1359,0.003,0.004,0.000,0.002
1360,0.003,0.004,0.000,0.002
1361,0.003,0.004,0.000,0.002
1362,0.003,0.004,0.000,0.002
1363,0.003,0.004,0.000,0.002
1364,0.003,0.004,0.000,0.002
1365,0.003,0.004,0.000,0.002
1366,0.003,0.004,0.000,0.002
1367,0.003,0.004,0.000,0.002
1368,0.003,0.004,0.000,0.002
1369,0.003,0.004,0.000,0.002
1370,0.003,0.004,0.000,0.002
1371,0.003,0.004,0.000,0.002
1372,0.003,0.004,0.000,0.002
1373,0.003,0.004,0.000,0.002
1374,0.003,0.004,0.000,0.002
1375,0.003,0.004,0.000,0.002
1376,0.003,0.004,0.000,0.002
1377,0.003,0.004,0.000,0.002
1378,0.003,0.004,0.000,0.002
1379,0.003,0.004,0.000,0.002
1380,0.003,0.004,0.000,0.002
1381,0.003,0.004,0.000,0.002
1382,0.003,0.004,0.000,0.002
1383,0.003,0.004,0.000,0.002
1384,0.003,0.004,0.000,0.002
1385,0.003,0.004,0.000,0.002
1386,0.003,0.004,0.000,0.002
1387,0.003,0.004,0.000,0.002
1388,0.003,0.004,0.000,0.002
1389,0.003,0.004,0.000,0.002
1390,0.003,0.004,0.000,0.002
1391,0.003,0.004,0.000,0.002
1392,0.003,0.004,0.000,0.002
1393,0.003,0.004,0.000,0.002
1394,0.003,0.004,0.000,0.002
1395,0.003,0.004,0.000,0.002
1396,0.003,0.004,0.000,0.002
1397,0.003,0.004,0.000,0.002
1398,0.003,0.004,0.000,0.002
1399,0.003,0.004,0.000,0.002
1400,0.003,0.004,0.000,0.002
1401,0.003,0.004,0.000,0.002
1402,0.003,0.004,0.000,0.002
1403,0.003,0.004,0.000,0.002
1404,0.003,0.004,0.000,0.002
1405,0.003,0.004,0.000,0.002
1406,0.003,0.004,0.000,0.002
1407,0.003,0.004,0.000,0.002
1408,0.003,0.004,0.000,0.002
1409,0.003,0.004,0.000,0.002
1410,0.003,0.004,0.000,0.002
1411,0.003,0.004,0.000,0.002
1412,0.003,0.004,0.000,0.002
1413,0.003,0.004,0.000,0.002
1414,0.003,0.004,0.000,0.002
1415,0.003,0.004,0.000,0.002
1416,0.003,0.004,0.000,0.002
1417,0.003,0.004,0.000,0.002
1418,0.003,0.004,0.000,0.002
1419,0.003,0.004,0.000,0.002
1420,0.003,0.004,0.000,0.002
1421,0.003,0.004,0.000,0.002
1422,0.003,0.004,0.000,0.002
1423,0.003,0.004,0.000,0.002
1424,0.003,0.004,0.000,0.002
1425,0.003,0.004,0.000,0.002
1426,0.003,0.004,0.000,0.002
1427,0.003,0.004,0.000,0.002
1428,0.003,0.004,0.000,0.002
1429,0.003,0.004,0.000,0.002
1430,0.003,0.004,0.000,0.002
1431,0.003,0.004,0.000,0.002
1432,0.003,0.004,0.000,0.002
1433,0.003,0.004,0.000,0.002
1434,0.003,0.004,0.000,0.002
1435,0.003,0.004,0.000,0.002
1436,0.003,0.004,0.000,0.002
1437,0.003,0.004,0.000,0.002
1438,0.003,0.004,0.000,0.002
1439,0.003,0.004,0.000,0.002
1440,0.003,0.004,0.000,0.002
1441,0.003,0.004,0.000,0.002
1442,0.003,0.004,0.000,0.002
1443,0.003,0.004,0.000,0.002
1444,0.003,0.004,0.000,0.002
1445,0.003,0.004,0.000,0.002
1446,0.003,0.004,0.000,0.002
1447,0.003,0.004,0.000,0.002
1448,0.003,0.004,0.000,0.002
1449,0.003,0.004,0.000,0.002
1450,0.003,0.004,0.000,0.002
1451,0.003,0.004,0.000,0.002
1452,0.003,0.004,0.000,0.002
1453,0.003,0.004,0.000,0.002
1454,0.003,0.004,0.000,0.002
1455,0.003,0.004,0.000,0.002
1456,0.003,0.004,0.000,0.002
1457,0.003,0.004,0.000,0.002
1458,0.003,0.004,0.000,0.002
1459,0.003,0.004,0.000,0.002
1460,0.003,0.004,0.000,0.002
1461,0.003,0.004,0.000,0.002
1462,0.003,0.004,0.000,0.002
1463,0.003,0.004,0.000,0.002
1464,0.003,0.004,0.000,0.002
1465,0.003,0.004,0.000,0.002
1466,0.003,0.004,0.000,0.002
1467,0.003,0.004,0.000,0.002
1468,0.003,0.004,0.000,0.002
1469,0.003,0.004,0.000,0.002
1470,0.003,0.004,0.000,0.002
1471,0.003,0.004,0.000,0.002
1472,0.003,0.004,0.000,0.002
1473,0.003,0.004,0.000,0.002
1474,0.003,0.004,0.000,0.002
1475,0.003,0.004,0.000,0.002
1476,0.003,0.004,0.000,0.002
1477,0.003,0.004,0.000,0.002
1478,0.003,0.004,0.000,0.002
1479,0.003,0.004,0.000,0.002
1480,0.003,0.004,0.000,0.002
1481,0.003,0.004,0.000,0.002
1482,0.003,0.004,0.000,0.002
1483,0.003,0.004,0.000,0.002
1484,0.003,0.004,0.000,0.002
1485,0.003,0.004,0.000,0.002
1486,0.003,0.004,0.000,0.002
1487,0.003,0.004,0.000,0.002
1488,0.003,0.004,0.000,0.002
1489,0.003,0.004,0.000,0.002
1490,0.003,0.004,0.000,0.002
1491,0.003,0.004,0.000,0.002
1492,0.003,0.004,0.000,0.002
1493,0.003,0.004,0.000,0.002
1494,0.003,0.004,0.000,0.002
1495,0.003,0.004,0.000,0.002
1496,0.003,0.004,0.000,0.002
1497,0.003,0.004,0.000,0.002
1498,0.003,0.004,0.000,0.002
1499,0.003,0.004,0.000,0.002
1500,0.003,0.004,0.000,0.002
1501,0.003,0.004,0.000,0.002
1502,0.003,0.004,0.000,0.002
1503,0.003,0.004,0.000,0.002
1504,0.003,0.004,0.000,0.002
1505,0.003,0.004,0.000,0.002
1506,0.003,0.004,0.000,0.002
1507,0.003,0.004,0.000,0.002
1508,0.003,0.004,0.000,0.002
1509,0.003,0.004,0.000,0.002
1510,0.003,0.004,0.000,0.002
1511,0.003,0.004,0.000,0.002
1512,0.003,0.004,0.000,0.002
1513,0.003,0.004,0.000,0.002
1514,0.003,0.004,0.000,0.002
1515,0.003,0.004,0.000,0.002
1516,0.003,0.004,0.000,0.002
1517,0.003,0.004,0.000,0.002
1518,0.003,0.004,0.000,0.002
1519,0.003,0.004,0.000,0.002
1520,0.003,0.004,0.000,0.002
1521,0.003,0.004,0.000,0.002
1522,0.003,0.004,0.000,0.002
1523,0.003,0.004,0.000,0.002
1524,0.003,0.004,0.000,0.002
1525,0.003,0.004,0.000,0.002
1526,0.003,0.004,0.000,0.002
1527,0.003,0.004,0.000,0.002
1528,0.003,0.004,0.000,0.002
1529,0.003,0.004,0.000,0.002
1530,0.003,0.004,0.000,0.002
1531,0.003,0.004,0.000,0.002
1532,0.003,0.004,0.000,0.002
1533,0.003,0.004,0.000,0.002
1534,0.003,0.004,0.000,0.002
1535,0.003,0.004,0.000,0.002
1536,0.003,0.004,0.000,0.002
1537,0.003,0.004,0.000,0.002
1538,0.003,0.004,0.000,0.002
1539,0.003,0.004,0.000,0.002
1540,0.003,0.004,0.000,0.002
1541,0.003,0.004,0.000,0.002
1542,0.003,0.004,0.000,0.002
1543,0.003,0.004,0.000,0.002
1544,0.003,0.004,0.000,0.002
1545,0.003,0.004,0.000,0.002
1546,0.003,0.004,0.000,0.002
1547,0.003,0.004,0.000,0.002
1548,0.003,0.004,0.000,0.002
1549,0.003,0.004,0.000,0.002
1550,0.003,0.004,0.000,0.002
1551,0.003,0.004,0.000,0.002
1552,0.003,0.004,0.000,0.002
1553,0.003,0.004,0.000,0.002
1554,0.003,0.004,0.000,0.002
1555,0.003,0.004,0.000,0.002
1556,0.003,0.004,0.000,0.002
1557,0.003,0.004,0.000,0.002
1558,0.003,0.004,0.000,0.002
1559,0.003,0.004,0.000,0.002
1560,0.003,0.004,0.000,0.002
1561,0.003,0.004,0.000,0.002
1562,0.003,0.004,0.000,0.002
1563,0.003,0.004,0.000,0.002
1564,0.003,0.004,0.000,0.002
1565,0.003,0.004,0.000,0.002
1566,0.003,0.004,0.000,0.002
1567,0.003,0.004,0.000,0.002
1568,0.003,0.004,0.000,0.002
1569,0.003,0.004,0.000,0.002
1570,0.003,0.004,0.000,0.002
1571,0.003,0.004,0.000,0.002
1572,0.003,0.004,0.000,0.002
1573,0.003,0.004,0.000,0.002
1574,0.003,0.004,0.000,0.002
1575,0.003,0.004,0.000,0.002
1576,0.003,0.004,0.000,0.002
1577,0.003,0.004,0.000,0.002
1578,0.003,0.004,0.000,0.002
1579,0.003,0.004,0.000,0.002
1580,0.003,0.004,0.000,0.002
1581,0.003,0.004,0.000,0.002
1582,0.003,0.004,0.000,0.002
1583,0.003,0.004,0.000,0.002
1584,0.003,0.004,0.000,0.002
1585,0.003,0.004,0.000,0.002
1586,0.003,0.004,0.000,0.002
1587,0.003,0.004,0.000,0.002
1588,0.003,0.004,0.000,0.002
1589,0.003,0.004,0.000,0.002
1590,0.003,0.004,0.000,0.002
1591,0.003,0.004,0.000,0.002
1592,0.003,0.004,0.000,0.002
1593,0.003,0.004,0.000,0.002
1594,0.003,0.004,0.000,0.002
1595,0.003,0.004,0.000,0.002
1596,0.003,0.004,0.000,0.002
1597,0.003,0.004,0.000,0.002
1598,0.003,0.004,0.000,0.002
1599,0.003,0.004,0.000,0.002
1600,0.003,0.004,0.000,0.002
1601,0.003,0.004,0.000,0.002
1602,0.003,0.004,0.000,0.002
1603,0.003,0.004,0.000,0.002
1604,0.003,0.004,0.000,0.002
1605,0.003,0.004,0.000,0.002
1606,0.003,0.004,0.000,0.002
1607,0.003,0.004,0.000,0.002
1608,0.003,0.004,0.000,0.002
1609,0.003,0.004,0.000,0.002
1610,0.003,0.004,0.000,0.002
1611,0.003,0.004,0.000,0.002
1612,0.003,0.004,0.000,0.002
1613,0.003,0.004,0.000,0.002
1614,0.003,0.004,0.000,0.002
1615,0.003,0.004,0.000,0.002
1616,0.003,0.004,0.000,0.002
1617,0.003,0.004,0.000,0.002
1618,0.003,0.004,0.000,0.002
1619,0.003,0.004,0.000,0.002
1620,0.003,0.004,0.000,0.002
1621,0.003,0.004,0.000,0.002
1622,0.003,0.004,0.000,0.002
1623,0.003,0.004,0.000,0.002
1624,0.003,0.004,0.000,0.002
1625,0.003,0.004,0.000,0.002
1626,0.003,0.004,0.000,0.002
1627,0.003,0.004,0.000,0.002
1628,0.003,0.004,0.000,0.002
1629,0.003,0.004,0.000,0.002
1630,0.003,0.004,0.000,0.002
1631,0.003,0.004,0.000,0.002
1632,0.003,0.004,0.000,0.002
1633,0.003,0.004,0.000,0.002
1634,0.003,0.004,0.000,0.002
1635,0.003,0.004,0.000,0.002
1636,0.003,0.004,0.000,0.002
1637,0.003,0.004,0.000,0.002
1638,0.003,0.004,0.000,0.002
1639,0.003,0.004,0.000,0.002
1640,0.003,0.004,0.000,0.002
1641,0.003,0.004,0.000,0.002
1642,0.003,0.004,0.000,0.002
1643,0.003,0.004,0.000,0.002
1644,0.003,0.004,0.000,0.002
1645,0.003,0.004,0.000,0.002
1646,0.003,0.004,0.000,0.002
1647,0.003,0.004,0.000,0.002
1648,0.003,0.004,0.000,0.002
1649,0.003,0.004,0.000,0.002
1650,0.003,0.004,0.000,0.002
1651,0.003,0.004,0.000,0.002
1652,0.003,0.004,0.000,0.002
1653,0.003,0.004,0.000,0.002
1654,0.003,0.004,0.000,0.002
1655,0.003,0.004,0.000,0.002
1656,0.003,0.004,0.000,0.002
1657,0.003,0.004,0.000,0.002
1658,0.003,0.004,0.000,0.002
1659,0.003,0.004,0.000,0.002
1660,0.003,0.004,0.000,0.002
1661,0.003,0.004,0.000,0.002
1662,0.003,0.004,0.000,0.002
1663,0.003,0.004,0.000,0.002
1664,0.003,0.004,0.000,0.002
1665,0.003,0.004,0.000,0.002
1666,0.003,0.004,0.000,0.002
1667,0.003,0.004,0.000,0.002
1668,0.003,0.004,0.000,0.002
1669,0.003,0.004,0.000,0.002
1670,0.003,0.004,0.000,0.002
1671,0.003,0.004,0.000,0.002
1672,0.003,0.004,0.000,0.002
1673,0.003,0.004,0.000,0.002
1674,0.003,0.004,0.000,0.002
1675,0.003,0.004,0.000,0.002
1676,0.003,0.004,0.000,0.002
1677,0.003,0.004,0.000,0.002
1678,0.003,0.004,0.000,0.002
1679,0.003,0.004,0.000,0.002
1680,0.003,0.004,0.000,0.002
1681,0.003,0.004,0.000,0.002
1682,0.003,0.004,0.000,0.002
1683,0.003,0.004,0.000,0.002
1684,0.003,0.004,0.000,0.002
1685,0.003,0.004,0.000,0.002
1686,0.003,0.004,0.000,0.002
1687,0.003,0.004,0.000,0.002
1688,0.003,0.004,0.000,0.002
1689,0.003,0.004,0.000,0.002
1690,0.003,0.004,0.000,0.002
1691,0.003,0.004,0.000,0.002
1692,0.003,0.004,0.000,0.002
1693,0.003,0.004,0.000,0.002
1694,0.003,0.004,0.000,0.002
1695,0.003,0.004,0.000,0.002
1696,0.003,0.004,0.000,0.002
1697,0.003,0.004,0.000,0.002
1698,0.003,0.004,0.000,0.002
1699,0.003,0.004,0.000,0.002
1700,0.003,0.004,0.000,0.002
1701,0.003,0.004,0.000,0.002
1702,0.003,0.004,0.000,0.002
1703,0.003,0.004,0.000,0.002
1704,0.003,0.004,0.000,0.002
1705,0.003,0.004,0.000,0.002
1706,0.003,0.004,0.000,0.002
1707,0.003,0.004,0.000,0.002
1708,0.003,0.004,0.000,0.002
1709,0.003,0.004,0.000,0.002
1710,0.003,0.004,0.000,0.002
1711,0.003,0.004,0.000,0.002
1712,0.003,0.004,0.000,0.002
1713,0.003,0.004,0.000,0.002
1714,0.003,0.004,0.000,0.002
1715,0.003,0.004,0.000,0.002
1716,0.003,0.004,0.000,0.002
1717,0.003,0.004,0.000,0.002
1718,0.003,0.004,0.000,0.002
1719,0.003,0.004,0.000,0.002
1720,0.003,0.004,0.000,0.002
1721,0.003,0.004,0.000,0.002
1722,0.003,0.004,0.000,0.002
1723,0.003,0.004,0.000,0.002
1724,0.003,0.004,0.000,0.002
1725,0.003,0.004,0.000,0.002
1726,0.003,0.004,0.000,0.002
1727,0.003,0.004,0.000,0.002
1728,0.003,0.004,0.000,0.002
1729,0.003,0.004,0.000,0.002
1730,0.003,0.004,0.000,0.002
1731,0.003,0.004,0.000,0.002
1732,0.003,0.004,0.000,0.002
1733,0.003,0.004,0.000,0.002
1734,0.003,0.004,0.000,0.002
1735,0.003,0.004,0.000,0.002
1736,0.003,0.004,0.000,0.002
1737,0.003,0.004,0.000,0.002
1738,0.003,0.004,0.000,0.002
1739,0.003,0.004,0.000,0.002
1740,0.003,0.004,0.000,0.002
1741,0.003,0.004,0.000,0.002
1742,0.003,0.004,0.000,0.002
1743,0.003,0.004,0.000,0.002
1744,0.003,0.004,0.000,0.002
1745,0.003,0.004,0.000,0.002
1746,0.003,0.004,0.000,0.002
1747,0.003,0.004,0.000,0.002
1748,0.003,0.004,0.000,0.002
1749,0.003,0.004,0.000,0.002
1750,0.003,0.004,0.000,0.002
1751,0.003,0.004,0.000,0.002
1752,0.003,0.004,0.000,0.002
1753,0.003,0.004,0.000,0.002
1754,0.003,0.004,0.000,0.002
1755,0.003,0.004,0.000,0.002
1756,0.003,0.004,0.000,0.002
1757,0.003,0.004,0.000,0.002
1758,0.003,0.004,0.000,0.002
1759,0.003,0.004,0.000,0.002
1760,0.003,0.004,0.000,0.002
1761,0.003,0.004,0.000,0.002
1762,0.003,0.004,0.000,0.002
1763,0.003,0.004,0.000,0.002
1764,0.003,0.004,0.000,0.002
1765,0.003,0.004,0.000,0.002
1766,0.003,0.004,0.000,0.002
1767,0.003,0.004,0.000,0.002
1768,0.003,0.004,0.000,0.002
1769,0.003,0.004,0.000,0.002
1770,0.003,0.004,0.000,0.002
1771,0.003,0.004,0.000,0.002
1772,0.003,0.004,0.000,0.002
1773,0.003,0.004,0.000,0.002
1774,0.003,0.004,0.000,0.002
1775,0.003,0.004,0.000,0.002
1776,0.003,0.004,0.000,0.002
1777,0.003,0.004,0.000,0.002
1778,0.003,0.004,0.000,0.002
1779,0.003,0.004,0.000,0.002
1780,0.003,0.004,0.000,0.002
1781,0.003,0.004,0.000,0.002
1782,0.003,0.004,0.000,0.003
1783,0.003,0.004,0.000,0.003
1784,0.003,0.004,0.000,0.003
1785,0.003,0.004,0.000,0.002
1786,0.003,0.004,0.000,0.003
1787,0.003,0.004,0.000,0.002
1788,0.003,0.004,0.000,0.003
1789,0.003,0.004,0.000,0.002
1790,0.003,0.004,0.000,0.002
1791,0.003,0.004,0.000,0.002
1792,0.003,0.004,0.000,0.002
1793,0.003,0.004,0.000,0.002
1794,0.003,0.004,0.000,0.002
1795,0.003,0.004,0.000,0.002
1796,0.003,0.004,0.000,0.002
1797,0.003,0.004,0.000,0.002
1798,0.003,0.004,0.000,0.002
1799,0.003,0.004,0.000,0.002
1800,0.003,0.004,0.000,0.002
1801,0.003,0.004,0.000,0.002
1802,0.003,0.004,0.000,0.002
1803,0.003,0.004,0.000,0.002
1804,0.003,0.004,0.000,0.002
1805,0.003,0.004,0.000,0.002
1806,0.003,0.004,0.000,0.002
1807,0.003,0.004,0.000,0.002
1808,0.003,0.004,0.000,0.002
1809,0.003,0.004,0.000,0.002
1810,0.003,0.004,0.000,0.002
1811,0.003,0.004,0.000,0.002
1812,0.003,0.004,0.000,0.002
1813,0.003,0.004,0.000,0.002
1814,0.003,0.004,0.000,0.002
1815,0.003,0.004,0.000,0.002
1816,0.003,0.004,0.000,0.003
1817,0.003,0.004,0.000,0.003
1818,0.003,0.004,0.000,0.003
1819,0.003,0.004,0.000,0.003
1820,0.003,0.004,0.000,0.003
1821,0.003,0.004,0.000,0.002
1822,0.003,0.004,0.000,0.002
1823,0.003,0.004,0.000,0.002
1824,0.003,0.004,0.000,0.002
1825,0.003,0.004,0.000,0.002
1826,0.003,0.004,0.000,0.002
1827,0.003,0.004,0.000,0.002
1828,0.003,0.004,0.000,0.002
1829,0.003,0.004,0.000,0.002
1830,0.003,0.004,0.000,0.002
1831,0.003,0.004,0.000,0.002
1832,0.003,0.004,0.000,0.002
1833,0.003,0.004,0.000,0.002
1834,0.003,0.004,0.000,0.002
1835,0.003,0.004,0.000,0.002
1836,0.003,0.004,0.000,0.002
1837,0.003,0.004,0.000,0.002
1838,0.003,0.004,0.000,0.002
1839,0.003,0.004,0.000,0.002
1840,0.003,0.004,0.000,0.002
1841,0.003,0.004,0.000,0.002
1842,0.003,0.004,0.000,0.002
1843,0.003,0.004,0.000,0.002
1844,0.003,0.004,0.000,0.002
1845,0.003,0.004,0.000,0.002
1846,0.003,0.004,0.000,0.002
1847,0.003,0.004,0.000,0.002
1848,0.003,0.004,0.000,0.002
1849,0.003,0.004,0.000,0.002
1850,0.003,0.004,0.000,0.002
1851,0.003,0.004,0.000,0.002
1852,0.003,0.004,0.000,0.002
1853,0.003,0.004,0.000,0.002
1854,0.003,0.004,0.000,0.002
1855,0.003,0.004,0.000,0.002
1856,0.003,0.004,0.000,0.002
1857,0.003,0.004,0.000,0.002
1858,0.003,0.004,0.000,0.002
1859,0.003,0.004,0.000,0.002
1860,0.003,0.004,0.000,0.002
1861,0.003,0.004,0.000,0.002
1862,0.003,0.004,0.000,0.002
1863,0.003,0.004,0.000,0.002
1864,0.003,0.004,0.000,0.002
1865,0.003,0.004,0.000,0.002
1866,0.003,0.004,0.000,0.002
1867,0.003,0.004,0.000,0.002
1868,0.003,0.004,0.000,0.002
1869,0.003,0.004,0.000,0.002
1870,0.003,0.004,0.000,0.002
1871,0.003,0.004,0.000,0.002
1872,0.003,0.004,0.000,0.002
1873,0.003,0.004,0.000,0.002
1874,0.003,0.004,0.000,0.002
1875,0.003,0.004,0.000,0.002
1876,0.003,0.004,0.000,0.002
1877,0.003,0.004,0.000,0.002
1878,0.003,0.004,0.000,0.002
1879,0.003,0.004,0.000,0.002
1880,0.003,0.004,0.000,0.002
1881,0.003,0.004,0.000,0.002
1882,0.003,0.004,0.000,0.002
1883,0.003,0.004,0.000,0.002
1884,0.003,0.004,0.000,0.002
1885,0.003,0.004,0.000,0.002
1886,0.003,0.004,0.000,0.002
1887,0.003,0.004,0.000,0.002
1888,0.003,0.004,0.000,0.002
1889,0.003,0.004,0.000,0.002
1890,0.003,0.004,0.000,0.002
1891,0.003,0.004,0.000,0.002
1892,0.003,0.004,0.000,0.002
1893,0.003,0.004,0.000,0.002
1894,0.003,0.004,0.000,0.002
1895,0.003,0.004,0.000,0.002
1896,0.003,0.004,0.000,0.002
1897,0.003,0.004,0.000,0.002
1898,0.003,0.004,0.000,0.002
1899,0.003,0.004,0.000,0.002
1900,0.003,0.004,0.000,0.002
1901,0.003,0.004,0.000,0.002
1902,0.003,0.004,0.000,0.002
1903,0.003,0.004,0.000,0.002
1904,0.003,0.004,0.000,0.002
1905,0.003,0.004,0.000,0.002
1906,0.003,0.004,0.000,0.002
1907,0.003,0.004,0.000,0.002
1908,0.003,0.004,0.000,0.002
1909,0.003,0.004,0.000,0.002
1910,0.003,0.004,0.000,0.002
1911,0.003,0.004,0.000,0.002
1912,0.003,0.004,0.000,0.002
1913,0.003,0.004,0.000,0.002
1914,0.003,0.004,0.000,0.002
1915,0.003,0.004,0.000,0.002
1916,0.003,0.004,0.000,0.002
1917,0.003,0.004,0.000,0.002
1918,0.003,0.004,0.000,0.002
1919,0.003,0.004,0.000,0.002
1920,0.003,0.004,0.000,0.002
1921,0.003,0.004,0.000,0.002
1922,0.003,0.004,0.000,0.002
1923,0.003,0.004,0.000,0.002
1924,0.003,0.004,0.000,0.002
1925,0.003,0.004,0.000,0.002
1926,0.003,0.004,0.000,0.002
1927,0.003,0.004,0.000,0.002
1928,0.003,0.004,0.000,0.002
1929,0.003,0.004,0.000,0.002
1930,0.003,0.004,0.000,0.002
1931,0.003,0.004,0.000,0.002
1932,0.003,0.004,0.000,0.002
1933,0.003,0.004,0.000,0.002
1934,0.003,0.004,0.000,0.002
1935,0.003,0.004,0.000,0.002
1936,0.003,0.004,0.000,0.002
1937,0.003,0.004,0.000,0.002
1938,0.003,0.004,0.000,0.002
1939,0.003,0.004,0.000,0.002
1940,0.003,0.004,0.000,0.002
1941,0.003,0.004,0.000,0.002
1942,0.003,0.004,0.000,0.002
1943,0.003,0.004,0.000,0.002
1944,0.003,0.004,0.000,0.002
1945,0.003,0.004,0.000,0.002
1946,0.003,0.004,0.000,0.002
1947,0.003,0.004,0.000,0.002
1948,0.003,0.004,0.000,0.002
1949,0.003,0.004,0.000,0.002
1950,0.003,0.004,0.000,0.002
1951,0.003,0.004,0.000,0.002
1952,0.003,0.004,0.000,0.002
1953,0.003,0.004,0.000,0.002
1954,0.003,0.004,0.000,0.002
1955,0.003,0.004,0.000,0.002
1956,0.003,0.004,0.000,0.002
1957,0.003,0.004,0.000,0.002
1958,0.003,0.004,0.000,0.002
1959,0.003,0.004,0.000,0.002
1960,0.003,0.004,0.000,0.002
1961,0.003,0.004,0.000,0.003
1962,0.003,0.004,0.000,0.003
1963,0.003,0.004,0.000,0.003
1964,0.003,0.004,0.000,0.003
1965,0.003,0.004,0.000,0.003
1966,0.003,0.004,0.000,0.003
1967,0.003,0.004,0.000,0.003
1968,0.003,0.004,0.000,0.003
1969,0.003,0.004,0.000,0.003
1970,0.003,0.004,0.000,0.003
1971,0.003,0.004,0.000,0.002
1972,0.003,0.004,0.000,0.002
1973,0.003,0.004,0.000,0.002
1974,0.003,0.004,0.000,0.002
1975,0.003,0.004,0.000,0.002
1976,0.003,0.004,0.000,0.002
1977,0.003,0.004,0.000,0.002
1978,0.003,0.004,0.000,0.002
1979,0.003,0.004,0.000,0.002
1980,0.003,0.004,0.000,0.002
1981,0.003,0.004,0.000,0.002
1982,0.003,0.004,0.000,0.002
1983,0.003,0.004,0.000,0.002
1984,0.003,0.004,0.000,0.002
1985,0.003,0.004,0.000,0.002
1986,0.003,0.004,0.000,0.002
1987,0.003,0.004,0.000,0.002
1988,0.003,0.004,0.000,0.002
1989,0.003,0.004,0.000,0.002
1990,0.003,0.004,0.000,0.002
1991,0.003,0.004,0.000,0.002
1992,0.003,0.004,0.000,0.002
1993,0.003,0.004,0.000,0.002
1994,0.003,0.004,0.000,0.002
1995,0.003,0.004,0.000,0.002
1996,0.003,0.004,0.000,0.002
1997,0.003,0.004,0.000,0.002
1998,0.003,0.004,0.000,0.002
1999,0.003,0.004,0.000,0.002
2000,0.003,0.004,0.000,0.002
2001,0.003,0.004,0.000,0.002
2002,0.003,0.004,0.000,0.002
2003,0.003,0.004,0.000,0.002
2004,0.003,0.004,0.000,0.002
2005,0.003,0.004,0.000,0.002
2006,0.003,0.004,0.000,0.002
2007,0.003,0.004,0.000,0.002
2008,0.003,0.004,0.000,0.002
2009,0.003,0.004,0.000,0.002
2010,0.003,0.004,0.000,0.002
2011,0.003,0.004,0.000,0.002
2012,0.003,0.004,0.000,0.002
2013,0.003,0.004,0.000,0.002
2014,0.003,0.004,0.000,0.002
2015,0.003,0.004,0.000,0.002
2016,0.003,0.004,0.000,0.002
2017,0.003,0.004,0.000,0.002
2018,0.003,0.004,0.000,0.002
2019,0.003,0.004,0.000,0.002
2020,0.003,0.004,0.000,0.002
2021,0.003,0.004,0.000,0.002
2022,0.003,0.004,0.000,0.002
2023,0.003,0.004,0.000,0.002
2024,0.003,0.004,0.000,0.002
2025,0.003,0.004,0.000,0.002
2026,0.003,0.004,0.000,0.002
2027,0.003,0.004,0.000,0.002
2028,0.003,0.004,0.000,0.002
2029,0.003,0.004,0.000,0.002
2030,0.003,0.004,0.000,0.002
2031,0.003,0.004,0.000,0.002
2032,0.003,0.004,0.000,0.002
2033,0.003,0.004,0.000,0.002
2034,0.003,0.004,0.000,0.002
2035,0.003,0.004,0.000,0.002
2036,0.003,0.004,0.000,0.002
2037,0.003,0.004,0.000,0.002
2038,0.003,0.004,0.000,0.002
2039,0.003,0.004,0.000,0.002
2040,0.003,0.004,0.000,0.002
2041,0.003,0.004,0.000,0.002
2042,0.003,0.004,0.000,0.002
2043,0.003,0.004,0.000,0.002
2044,0.003,0.004,0.000,0.002
2045,0.003,0.004,0.000,0.002
2046,0.003,0.004,0.000,0.002
2047,0.003,0.004,0.000,0.002
2048,0.003,0.004,0.000,0.002
2049,0.003,0.004,0.000,0.002
2050,0.003,0.004,0.000,0.002
2051,0.003,0.004,0.000,0.002
2052,0.003,0.004,0.000,0.002
2053,0.003,0.004,0.000,0.002
2054,0.003,0.004,0.000,0.002
2055,0.003,0.004,0.000,0.002
2056,0.003,0.004,0.000,0.002
2057,0.003,0.004,0.000,0.002
2058,0.003,0.004,0.000,0.002
2059,0.003,0.004,0.000,0.002
2060,0.003,0.004,0.000,0.002
2061,0.003,0.004,0.000,0.002
2062,0.003,0.004,0.000,0.002
2063,0.003,0.004,0.000,0.002
2064,0.003,0.004,0.000,0.002
2065,0.003,0.004,0.000,0.002
2066,0.003,0.004,0.000,0.002
2067,0.003,0.004,0.000,0.002
2068,0.003,0.004,0.000,0.002
2069,0.003,0.004,0.000,0.002
2070,0.003,0.004,0.000,0.002
2071,0.003,0.004,0.000,0.002
2072,0.003,0.004,0.000,0.002
2073,0.003,0.004,0.000,0.002
2074,0.003,0.004,0.000,0.002
2075,0.003,0.004,0.000,0.002
2076,0.003,0.004,0.000,0.002
2077,0.003,0.004,0.000,0.002
2078,0.003,0.004,0.000,0.002
2079,0.003,0.004,0.000,0.002
2080,0.003,0.004,0.000,0.002
2081,0.003,0.004,0.000,0.002
2082,0.003,0.004,0.000,0.002
2083,0.003,0.004,0.000,0.002
2084,0.003,0.004,0.000,0.002
2085,0.003,0.004,0.000,0.002
2086,0.003,0.004,0.000,0.002
2087,0.003,0.004,0.000,0.002
2088,0.003,0.004,0.000,0.002
2089,0.003,0.004,0.000,0.002
2090,0.003,0.004,0.000,0.002
2091,0.003,0.004,0.000,0.002
2092,0.003,0.004,0.000,0.002
2093,0.003,0.004,0.000,0.002
2094,0.003,0.004,0.000,0.002
2095,0.003,0.004,0.000,0.002
2096,0.003,0.004,0.000,0.002
2097,0.003,0.004,0.000,0.002
2098,0.003,0.004,0.000,0.002
2099,0.003,0.004,0.000,0.002
2100,0.003,0.004,0.000,0.002
2101,0.003,0.004,0.000,0.002
2102,0.003,0.004,0.000,0.002
2103,0.003,0.004,0.000,0.002
2104,0.003,0.004,0.000,0.002
2105,0.003,0.004,0.000,0.002
2106,0.003,0.004,0.000,0.002
2107,0.003,0.004,0.000,0.002
2108,0.003,0.004,0.000,0.002
2109,0.003,0.004,0.000,0.002
2110,0.003,0.004,0.000,0.002
2111,0.003,0.004,0.000,0.002
2112,0.003,0.004,0.000,0.002
2113,0.003,0.004,0.000,0.002
2114,0.003,0.004,0.000,0.002
2115,0.003,0.004,0.000,0.002
2116,0.003,0.004,0.000,0.002
2117,0.003,0.004,0.000,0.002
2118,0.003,0.004,0.000,0.002
2119,0.003,0.004,0.000,0.002
2120,0.003,0.004,0.000,0.002
2121,0.003,0.004,0.000,0.002
2122,0.003,0.004,0.000,0.002
2123,0.003,0.004,0.000,0.002
2124,0.003,0.004,0.000,0.002
2125,0.003,0.004,0.000,0.002
2126,0.003,0.004,0.000,0.002
2127,0.003,0.004,0.000,0.002
2128,0.003,0.004,0.000,0.002
2129,0.003,0.004,0.000,0.002
2130,0.003,0.004,0.000,0.002
2131,0.003,0.004,0.000,0.002
2132,0.003,0.004,0.000,0.002
2133,0.003,0.004,0.000,0.002
2134,0.003,0.004,0.000,0.002
2135,0.003,0.004,0.000,0.002
2136,0.003,0.004,0.000,0.002
2137,0.003,0.004,0.000,0.002
2138,0.003,0.004,0.000,0.002
2139,0.003,0.004,0.000,0.002
2140,0.003,0.004,0.000,0.002
2141,0.003,0.004,0.000,0.002
2142,0.003,0.004,0.000,0.002
2143,0.003,0.004,0.000,0.002
2144,0.003,0.004,0.000,0.002
2145,0.003,0.004,0.000,0.002
2146,0.003,0.004,0.000,0.002
2147,0.003,0.004,0.000,0.002
2148,0.003,0.004,0.000,0.002
2149,0.003,0.004,0.000,0.002
2150,0.003,0.004,0.000,0.002
2151,0.003,0.004,0.000,0.002
2152,0.003,0.004,0.000,0.002
2153,0.003,0.004,0.000,0.002
2154,0.003,0.004,0.000,0.002
2155,0.003,0.004,0.000,0.002
2156,0.003,0.004,0.000,0.002
2157,0.003,0.004,0.000,0.002
2158,0.003,0.004,0.000,0.002
2159,0.003,0.004,0.000,0.002
2160,0.003,0.004,0.000,0.002
2161,0.003,0.004,0.000,0.002
2162,0.003,0.004,0.000,0.002
2163,0.003,0.004,0.000,0.002
2164,0.003,0.004,0.000,0.002
2165,0.003,0.004,0.000,0.002
2166,0.003,0.004,0.000,0.002
2167,0.003,0.004,0.000,0.002
2168,0.003,0.004,0.000,0.002
2169,0.003,0.004,0.000,0.002
2170,0.003,0.004,0.000,0.002
2171,0.003,0.004,0.000,0.002
2172,0.003,0.004,0.000,0.002
2173,0.003,0.004,0.000,0.002
2174,0.003,0.004,0.000,0.002
2175,0.003,0.004,0.000,0.002
2176,0.003,0.004,0.000,0.002
2177,0.003,0.004,0.000,0.002
2178,0.003,0.004,0.000,0.002
2179,0.003,0.004,0.000,0.002
2180,0.003,0.004,0.000,0.002
2181,0.003,0.004,0.000,0.002
2182,0.003,0.004,0.000,0.002
2183,0.003,0.004,0.000,0.002
2184,0.003,0.004,0.000,0.002
2185,0.003,0.004,0.000,0.002
2186,0.003,0.004,0.000,0.002
2187,0.003,0.004,0.000,0.002
2188,0.003,0.004,0.000,0.002
2189,0.003,0.004,0.000,0.002
2190,0.003,0.004,0.000,0.002
2191,0.003,0.004,0.000,0.002
2192,0.003,0.004,0.000,0.002
2193,0.003,0.004,0.000,0.002
2194,0.003,0.004,0.000,0.002
2195,0.003,0.004,0.000,0.002
2196,0.003,0.004,0.000,0.002
2197,0.003,0.004,0.000,0.002
2198,0.003,0.004,0.000,0.002
2199,0.003,0.004,0.000,0.002
2200,0.003,0.004,0.000,0.002
2201,0.003,0.004,0.000,0.002
2202,0.003,0.004,0.000,0.002
2203,0.003,0.004,0.000,0.002
2204,0.003,0.004,0.000,0.002
2205,0.003,0.004,0.000,0.002
2206,0.003,0.004,0.000,0.002
2207,0.003,0.004,0.000,0.002
2208,0.003,0.004,0.000,0.002
2209,0.003,0.004,0.000,0.002
2210,0.003,0.004,0.000,0.002
2211,0.003,0.004,0.000,0.002
2212,0.003,0.004,0.000,0.002
2213,0.003,0.004,0.000,0.002
2214,0.003,0.004,0.000,0.002
2215,0.003,0.004,0.000,0.002
2216,0.003,0.004,0.000,0.002
2217,0.003,0.004,0.000,0.002
2218,0.003,0.004,0.000,0.002
2219,0.003,0.004,0.000,0.002
2220,0.003,0.004,0.000,0.003
2221,0.003,0.004,0.000,0.002
2222,0.003,0.004,0.000,0.002
2223,0.003,0.004,0.000,0.002
2224,0.003,0.004,0.000,0.002
2225,0.003,0.004,0.000,0.002
2226,0.003,0.004,0.000,0.002
2227,0.003,0.004,0.000,0.002
2228,0.003,0.004,0.000,0.002
2229,0.003,0.004,0.000,0.002
2230,0.003,0.004,0.000,0.002
2231,0.003,0.004,0.000,0.002
2232,0.003,0.004,0.000,0.002
2233,0.003,0.004,0.000,0.002
2234,0.003,0.004,0.000,0.002
2235,0.003,0.004,0.000,0.002
2236,0.003,0.004,0.000,0.002
2237,0.003,0.004,0.000,0.002
2238,0.003,0.004,0.000,0.002
2239,0.003,0.004,0.000,0.002
2240,0.003,0.004,0.000,0.002
2241,0.003,0.004,0.000,0.002
2242,0.003,0.004,0.000,0.002
2243,0.003,0.004,0.000,0.002
2244,0.003,0.004,0.000,0.002
2245,0.003,0.004,0.000,0.002
2246,0.003,0.004,0.000,0.002
2247,0.003,0.004,0.000,0.002
2248,0.003,0.004,0.000,0.002
2249,0.003,0.004,0.000,0.002
2250,0.003,0.004,0.000,0.002
2251,0.003,0.004,0.000,0.002
2252,0.003,0.004,0.000,0.002
2253,0.003,0.004,0.000,0.002
2254,0.003,0.004,0.000,0.002
2255,0.003,0.004,0.000,0.002
2256,0.003,0.004,0.000,0.002
2257,0.003,0.004,0.000,0.002
2258,0.003,0.004,0.000,0.002
2259,0.003,0.004,0.000,0.002
2260,0.003,0.004,0.000,0.002
2261,0.003,0.004,0.000,0.002
2262,0.003,0.004,0.000,0.002
2263,0.003,0.004,0.000,0.002
2264,0.003,0.004,0.000,0.002
2265,0.003,0.004,0.000,0.002
2266,0.003,0.004,0.000,0.002
2267,0.003,0.004,0.000,0.002
2268,0.003,0.004,0.000,0.002
2269,0.003,0.004,0.000,0.002
2270,0.003,0.004,0.000,0.002
2271,0.003,0.004,0.000,0.002
2272,0.003,0.004,0.000,0.002
2273,0.003,0.004,0.000,0.002
2274,0.003,0.004,0.000,0.002
2275,0.003,0.004,0.000,0.002
2276,0.003,0.004,0.000,0.002
2277,0.003,0.004,0.000,0.002
2278,0.003,0.004,0.000,0.002
2279,0.003,0.004,0.000,0.002
2280,0.003,0.004,0.000,0.002
2281,0.003,0.004,0.000,0.002
2282,0.003,0.004,0.000,0.002
2283,0.003,0.004,0.000,0.002
2284,0.003,0.004,0.000,0.002
2285,0.003,0.004,0.000,0.002
2286,0.003,0.004,0.000,0.002
2287,0.003,0.004,0.000,0.002
2288,0.003,0.004,0.000,0.002
2289,0.003,0.004,0.000,0.002
2290,0.003,0.004,0.000,0.002
2291,0.003,0.004,0.000,0.002
2292,0.003,0.004,0.000,0.002
2293,0.003,0.004,0.000,0.002
2294,0.003,0.004,0.000,0.002
2295,0.003,0.004,0.000,0.002
2296,0.003,0.004,0.000,0.002
2297,0.003,0.004,0.000,0.002
2298,0.003,0.004,0.000,0.002
2299,0.003,0.004,0.000,0.002
2300,0.003,0.004,0.000,0.002
2301,0.003,0.004,0.000,0.002
2302,0.003,0.004,0.000,0.002
2303,0.003,0.004,0.000,0.002
2304,0.003,0.004,0.000,0.002
2305,0.003,0.004,0.000,0.002
2306,0.003,0.004,0.000,0.002
2307,0.003,0.004,0.000,0.002
2308,0.003,0.004,0.000,0.002
2309,0.003,0.004,0.000,0.002
2310,0.003,0.004,0.000,0.002
2311,0.003,0.004,0.000,0.002
2312,0.003,0.004,0.000,0.002
2313,0.003,0.004,0.000,0.002
2314,0.003,0.004,0.000,0.002
2315,0.003,0.004,0.000,0.002
2316,0.003,0.004,0.000,0.002
2317,0.003,0.004,0.000,0.002
2318,0.003,0.004,0.000,0.002
2319,0.003,0.004,0.000,0.002
2320,0.003,0.004,0.000,0.002
2321,0.003,0.004,0.000,0.002
2322,0.003,0.004,0.000,0.002
2323,0.003,0.004,0.000,0.002
2324,0.003,0.004,0.000,0.002
2325,0.003,0.004,0.000,0.002
2326,0.003,0.004,0.000,0.002
2327,0.003,0.004,0.000,0.002
2328,0.003,0.004,0.000,0.002
2329,0.003,0.004,0.000,0.002
2330,0.003,0.004,0.000,0.002
2331,0.003,0.004,0.000,0.002
2332,0.003,0.004,0.000,0.002
2333,0.003,0.004,0.000,0.002
2334,0.003,0.004,0.000,0.002
2335,0.003,0.004,0.000,0.002
2336,0.003,0.004,0.000,0.002
2337,0.003,0.004,0.000,0.002
2338,0.003,0.004,0.000,0.002
2339,0.003,0.004,0.000,0.002
2340,0.003,0.004,0.000,0.002
2341,0.003,0.004,0.000,0.002
2342,0.003,0.004,0.000,0.002
2343,0.003,0.004,0.000,0.002
2344,0.003,0.004,0.000,0.002
2345,0.003,0.004,0.000,0.002
2346,0.003,0.004,0.000,0.002
2347,0.003,0.004,0.000,0.002
2348,0.003,0.004,0.000,0.002
2349,0.003,0.004,0.000,0.002
2350,0.003,0.004,0.000,0.002
2351,0.003,0.004,0.000,0.002
2352,0.003,0.004,0.000,0.002
2353,0.003,0.004,0.000,0.002
2354,0.003,0.004,0.000,0.002
2355,0.003,0.004,0.000,0.002
2356,0.003,0.004,0.000,0.002
2357,0.003,0.004,0.000,0.002
2358,0.003,0.004,0.000,0.002
2359,0.003,0.004,0.000,0.002
2360,0.003,0.004,0.000,0.002
2361,0.003,0.004,0.000,0.002
2362,0.003,0.004,0.000,0.002
2363,0.003,0.004,0.000,0.002
2364,0.003,0.004,0.000,0.002
2365,0.003,0.004,0.000,0.002
2366,0.003,0.004,0.000,0.002
2367,0.003,0.004,0.000,0.002
2368,0.003,0.004,0.000,0.002
2369,0.003,0.004,0.000,0.002
2370,0.003,0.004,0.000,0.002
2371,0.003,0.004,0.000,0.002
2372,0.003,0.004,0.000,0.002
2373,0.003,0.004,0.000,0.002
2374,0.003,0.004,0.000,0.002
2375,0.003,0.004,0.000,0.002
2376,0.003,0.004,0.000,0.002
2377,0.003,0.004,0.000,0.002
2378,0.003,0.004,0.000,0.002
2379,0.003,0.004,0.000,0.002
2380,0.003,0.004,0.000,0.002
2381,0.003,0.004,0.000,0.002
2382,0.003,0.004,0.000,0.002
2383,0.003,0.004,0.000,0.002
2384,0.003,0.004,0.000,0.002
2385,0.003,0.004,0.000,0.002
2386,0.003,0.004,0.000,0.002
2387,0.003,0.004,0.000,0.002
2388,0.003,0.004,0.000,0.002
2389,0.003,0.004,0.000,0.002
2390,0.003,0.004,0.000,0.002
2391,0.003,0.004,0.000,0.002
2392,0.003,0.004,0.000,0.002
2393,0.003,0.004,0.000,0.002
2394,0.003,0.004,0.000,0.002
2395,0.003,0.004,0.000,0.002
2396,0.003,0.004,0.000,0.002
2397,0.003,0.004,0.000,0.002
2398,0.003,0.004,0.000,0.002
2399,0.003,0.004,0.000,0.002
2400,0.003,0.004,0.000,0.002
2401,0.003,0.004,0.000,0.002
2402,0.003,0.004,0.000,0.002
2403,0.003,0.004,0.000,0.002
2404,0.003,0.004,0.000,0.002
2405,0.003,0.004,0.000,0.002
2406,0.003,0.004,0.000,0.002
2407,0.003,0.004,0.000,0.002
2408,0.003,0.004,0.000,0.002
2409,0.003,0.004,0.000,0.002
2410,0.003,0.004,0.000,0.002
2411,0.003,0.004,0.000,0.002
2412,0.003,0.004,0.000,0.002
2413,0.003,0.004,0.000,0.002
2414,0.003,0.004,0.000,0.002
2415,0.003,0.004,0.000,0.002
2416,0.003,0.004,0.000,0.002
2417,0.003,0.004,0.000,0.002
2418,0.003,0.004,0.000,0.002
2419,0.003,0.004,0.000,0.002
2420,0.003,0.004,0.000,0.002
2421,0.003,0.004,0.000,0.002
2422,0.003,0.004,0.000,0.002
2423,0.003,0.004,0.000,0.002
2424,0.003,0.004,0.000,0.002
2425,0.003,0.004,0.000,0.002
2426,0.003,0.004,0.000,0.002
2427,0.003,0.004,0.000,0.002
2428,0.003,0.004,0.000,0.002
2429,0.003,0.004,0.000,0.002
2430,0.003,0.004,0.000,0.002
2431,0.003,0.004,0.000,0.002
2432,0.003,0.004,0.000,0.002
2433,0.003,0.004,0.000,0.002
2434,0.003,0.004,0.000,0.002
2435,0.003,0.004,0.000,0.002
2436,0.003,0.004,0.000,0.002
2437,0.003,0.004,0.000,0.002
2438,0.003,0.004,0.000,0.002
2439,0.003,0.004,0.000,0.002
2440,0.003,0.004,0.000,0.002
2441,0.003,0.004,0.000,0.002
2442,0.003,0.004,0.000,0.002
2443,0.003,0.004,0.000,0.002
2444,0.003,0.004,0.000,0.002
2445,0.003,0.004,0.000,0.002
2446,0.003,0.004,0.000,0.002
2447,0.003,0.004,0.000,0.002
2448,0.003,0.004,0.000,0.002
2449,0.003,0.004,0.000,0.002
2450,0.003,0.004,0.000,0.002
2451,0.003,0.004,0.000,0.002
2452,0.003,0.004,0.000,0.002
2453,0.003,0.004,0.000,0.002
2454,0.003,0.004,0.000,0.002
2455,0.003,0.004,0.000,0.002
2456,0.003,0.004,0.000,0.002
2457,0.003,0.004,0.000,0.002
2458,0.003,0.004,0.000,0.002
2459,0.003,0.004,0.000,0.002
2460,0.003,0.004,0.000,0.002
2461,0.003,0.004,0.000,0.002
2462,0.003,0.004,0.000,0.002
2463,0.003,0.004,0.000,0.002
2464,0.003,0.004,0.000,0.002
2465,0.003,0.004,0.000,0.002
2466,0.003,0.004,0.000,0.002
2467,0.003,0.004,0.000,0.002
2468,0.003,0.004,0.000,0.002
2469,0.003,0.004,0.000,0.002
2470,0.003,0.004,0.000,0.002
2471,0.003,0.004,0.000,0.002
2472,0.003,0.004,0.000,0.002
2473,0.003,0.004,0.000,0.002
2474,0.003,0.004,0.000,0.002
2475,0.003,0.004,0.000,0.002
2476,0.003,0.004,0.000,0.002
2477,0.003,0.004,0.000,0.002
2478,0.003,0.004,0.000,0.002
2479,0.003,0.004,0.000,0.002
2480,0.003,0.004,0.000,0.002
2481,0.003,0.004,0.000,0.002
2482,0.003,0.004,0.000,0.002
2483,0.003,0.004,0.000,0.002
2484,0.003,0.004,0.000,0.002
2485,0.003,0.004,0.000,0.002
2486,0.003,0.004,0.000,0.002
2487,0.003,0.004,0.000,0.002
2488,0.003,0.004,0.000,0.002
2489,0.003,0.004,0.000,0.002
2490,0.003,0.004,0.000,0.002
2491,0.003,0.004,0.000,0.002
2492,0.003,0.004,0.000,0.002
2493,0.003,0.004,0.000,0.002
2494,0.003,0.004,0.000,0.002
2495,0.003,0.004,0.000,0.002
2496,0.003,0.004,0.000,0.002
2497,0.003,0.004,0.000,0.002
2498,0.003,0.004,0.000,0.002
2499,0.003,0.004,0.000,0.002
2500,0.003,0.004,0.000,0.002
2501,0.003,0.004,0.000,0.002
2502,0.003,0.004,0.000,0.002
2503,0.003,0.004,0.000,0.002
2504,0.003,0.004,0.000,0.002
2505,0.003,0.004,0.000,0.002
2506,0.003,0.004,0.000,0.002
2507,0.003,0.004,0.000,0.002
2508,0.003,0.004,0.000,0.002
2509,0.003,0.004,0.000,0.002
2510,0.003,0.004,0.000,0.002
2511,0.003,0.004,0.000,0.002
2512,0.003,0.004,0.000,0.002
2513,0.003,0.004,0.000,0.002
2514,0.003,0.004,0.000,0.002
2515,0.003,0.004,0.000,0.002
2516,0.003,0.004,0.000,0.002
2517,0.003,0.004,0.000,0.002
2518,0.003,0.004,0.000,0.002
2519,0.003,0.004,0.000,0.002
2520,0.003,0.004,0.000,0.002
2521,0.003,0.004,0.000,0.002
2522,0.003,0.004,0.000,0.002
2523,0.003,0.004,0.000,0.002
2524,0.003,0.004,0.000,0.002
2525,0.003,0.004,0.000,0.002
2526,0.003,0.004,0.000,0.002
2527,0.003,0.004,0.000,0.002
2528,0.003,0.004,0.000,0.002
2529,0.003,0.004,0.000,0.002
2530,0.003,0.004,0.000,0.002
2531,0.003,0.004,0.000,0.002
2532,0.003,0.004,0.000,0.002
2533,0.003,0.004,0.000,0.002
2534,0.003,0.004,0.000,0.002
2535,0.003,0.004,0.000,0.002
2536,0.003,0.004,0.000,0.002
2537,0.003,0.004,0.000,0.002
2538,0.003,0.004,0.000,0.002
2539,0.003,0.004,0.000,0.002
2540,0.003,0.004,0.000,0.002
2541,0.003,0.004,0.000,0.002
2542,0.003,0.004,0.000,0.002
2543,0.003,0.004,0.000,0.002
2544,0.003,0.004,0.000,0.002
2545,0.003,0.004,0.000,0.002
2546,0.003,0.004,0.000,0.002
2547,0.003,0.004,0.000,0.002
2548,0.003,0.004,0.000,0.002
2549,0.003,0.004,0.000,0.002
2550,0.003,0.004,0.000,0.002
2551,0.003,0.004,0.000,0.002
2552,0.003,0.004,0.000,0.002
2553,0.003,0.004,0.000,0.002
2554,0.003,0.004,0.000,0.002
2555,0.003,0.004,0.000,0.002
2556,0.003,0.004,0.000,0.002
2557,0.003,0.004,0.000,0.002
2558,0.003,0.004,0.000,0.002
2559,0.003,0.004,0.000,0.002
2560,0.003,0.004,0.000,0.002
2561,0.003,0.004,0.000,0.002
2562,0.003,0.004,0.000,0.002
2563,0.003,0.004,0.000,0.002
2564,0.003,0.004,0.000,0.002
2565,0.003,0.004,0.000,0.002
2566,0.003,0.004,0.000,0.002
2567,0.003,0.004,0.000,0.002
2568,0.003,0.004,0.000,0.002
2569,0.003,0.004,0.000,0.002
2570,0.003,0.004,0.000,0.002
2571,0.003,0.004,0.000,0.002
2572,0.003,0.004,0.000,0.002
2573,0.003,0.004,0.000,0.002
2574,0.003,0.004,0.000,0.002
2575,0.003,0.004,0.000,0.002
2576,0.003,0.004,0.000,0.002
2577,0.003,0.004,0.000,0.002
2578,0.003,0.004,0.000,0.002
2579,0.003,0.004,0.000,0.002
2580,0.003,0.004,0.000,0.002
2581,0.003,0.004,0.000,0.002
2582,0.003,0.004,0.000,0.002
2583,0.003,0.004,0.000,0.002
2584,0.003,0.004,0.000,0.002
2585,0.003,0.004,0.000,0.002
2586,0.003,0.004,0.000,0.002
2587,0.003,0.004,0.000,0.002
2588,0.003,0.004,0.000,0.002
2589,0.003,0.004,0.000,0.002
2590,0.003,0.004,0.000,0.002
2591,0.003,0.004,0.000,0.002
2592,0.003,0.004,0.000,0.002
2593,0.003,0.004,0.000,0.002
2594,0.003,0.004,0.000,0.002
2595,0.003,0.004,0.000,0.002
2596,0.003,0.004,0.000,0.002
2597,0.003,0.004,0.000,0.002
2598,0.003,0.004,0.000,0.002
2599,0.003,0.004,0.000,0.002
2600,0.003,0.004,0.000,0.002
2601,0.003,0.004,0.000,0.002
2602,0.003,0.004,0.000,0.002
2603,0.003,0.004,0.000,0.002
2604,0.003,0.004,0.000,0.002
2605,0.003,0.004,0.000,0.002
2606,0.003,0.004,0.000,0.002
2607,0.003,0.004,0.000,0.002
2608,0.003,0.004,0.000,0.002
2609,0.003,0.004,0.000,0.002
2610,0.003,0.004,0.000,0.002
2611,0.003,0.004,0.000,0.002
2612,0.003,0.004,0.000,0.002
2613,0.003,0.004,0.000,0.002
2614,0.003,0.004,0.000,0.002
2615,0.003,0.004,0.000,0.002
2616,0.003,0.004,0.000,0.002
2617,0.003,0.004,0.000,0.002
2618,0.003,0.004,0.000,0.002
2619,0.003,0.004,0.000,0.002
2620,0.003,0.004,0.000,0.002
2621,0.003,0.004,0.000,0.002
2622,0.003,0.004,0.000,0.002
2623,0.003,0.004,0.000,0.002
2624,0.003,0.004,0.000,0.002
2625,0.003,0.004,0.000,0.002
2626,0.003,0.004,0.000,0.002
2627,0.003,0.004,0.000,0.002
2628,0.003,0.004,0.000,0.002
2629,0.003,0.004,0.000,0.002
2630,0.003,0.004,0.000,0.002
2631,0.003,0.004,0.000,0.002
2632,0.003,0.004,0.000,0.002
2633,0.003,0.004,0.000,0.002
2634,0.003,0.004,0.000,0.002
2635,0.003,0.004,0.000,0.002
2636,0.003,0.004,0.000,0.002
2637,0.003,0.004,0.000,0.002
2638,0.003,0.004,0.000,0.002
2639,0.003,0.004,0.000,0.002
2640,0.003,0.004,0.000,0.002
2641,0.003,0.004,0.000,0.002
2642,0.003,0.004,0.000,0.002
2643,0.003,0.004,0.000,0.002
2644,0.003,0.004,0.000,0.002
2645,0.003,0.004,0.000,0.002
2646,0.003,0.004,0.000,0.002
2647,0.003,0.004,0.000,0.002
2648,0.003,0.004,0.000,0.002
2649,0.003,0.004,0.000,0.002
2650,0.003,0.004,0.000,0.002
2651,0.003,0.004,0.000,0.002
2652,0.003,0.004,0.000,0.002
2653,0.003,0.004,0.000,0.002
2654,0.003,0.004,0.000,0.002
2655,0.003,0.004,0.000,0.002
2656,0.003,0.004,0.000,0.002
2657,0.003,0.004,0.000,0.002
2658,0.003,0.004,0.000,0.002
2659,0.003,0.004,0.000,0.002
2660,0.003,0.004,0.000,0.002
2661,0.003,0.004,0.000,0.002
2662,0.003,0.004,0.000,0.002
2663,0.003,0.004,0.000,0.002
2664,0.003,0.004,0.000,0.002
2665,0.003,0.004,0.000,0.002
2666,0.003,0.004,0.000,0.002
2667,0.003,0.004,0.000,0.002
2668,0.003,0.004,0.000,0.002
2669,0.003,0.004,0.000,0.002
2670,0.003,0.004,0.000,0.002
2671,0.003,0.004,0.000,0.002
2672,0.003,0.004,0.000,0.002
2673,0.003,0.004,0.000,0.002
2674,0.003,0.004,0.000,0.002
2675,0.003,0.004,0.000,0.002
2676,0.003,0.004,0.000,0.002
2677,0.003,0.004,0.000,0.002
2678,0.003,0.004,0.000,0.002
2679,0.003,0.004,0.000,0.002
2680,0.003,0.004,0.000,0.002
2681,0.003,0.004,0.000,0.002
2682,0.003,0.004,0.000,0.002
2683,0.003,0.004,0.000,0.002
2684,0.003,0.004,0.000,0.002
2685,0.003,0.004,0.000,0.002
2686,0.003,0.004,0.000,0.002
2687,0.003,0.004,0.000,0.002
2688,0.003,0.004,0.000,0.002
2689,0.003,0.004,0.000,0.002
2690,0.003,0.004,0.000,0.002
2691,0.003,0.004,0.000,0.002
2692,0.003,0.004,0.000,0.002
2693,0.003,0.004,0.000,0.002
2694,0.003,0.004,0.000,0.002
2695,0.003,0.004,0.000,0.002
2696,0.003,0.004,0.000,0.002
2697,0.003,0.004,0.000,0.002
2698,0.003,0.004,0.000,0.002
2699,0.003,0.004,0.000,0.002
2700,0.003,0.004,0.000,0.002
2701,0.003,0.004,0.000,0.002
2702,0.003,0.004,0.000,0.002
2703,0.003,0.004,0.000,0.002
2704,0.003,0.004,0.000,0.002
2705,0.003,0.004,0.000,0.002
2706,0.003,0.004,0.000,0.002
2707,0.003,0.004,0.000,0.002
2708,0.003,0.004,0.000,0.002
2709,0.003,0.004,0.000,0.002
2710,0.003,0.004,0.000,0.002
2711,0.003,0.004,0.000,0.002
2712,0.003,0.004,0.000,0.002
2713,0.003,0.004,0.000,0.002
2714,0.003,0.004,0.000,0.002
2715,0.003,0.004,0.000,0.002
2716,0.003,0.004,0.000,0.002
2717,0.003,0.004,0.000,0.002
2718,0.003,0.004,0.000,0.002
2719,0.003,0.004,0.000,0.002
2720,0.003,0.004,0.000,0.002
2721,0.003,0.004,0.000,0.002
2722,0.003,0.004,0.000,0.002
2723,0.003,0.004,0.000,0.002
2724,0.003,0.004,0.000,0.002
2725,0.003,0.004,0.000,0.002
2726,0.003,0.004,0.000,0.002
2727,0.003,0.004,0.000,0.002
2728,0.003,0.004,0.000,0.002
2729,0.003,0.004,0.000,0.002
2730,0.003,0.004,0.000,0.002
2731,0.003,0.004,0.000,0.002
2732,0.003,0.004,0.000,0.002
2733,0.003,0.004,0.000,0.002
2734,0.003,0.004,0.000,0.002
2735,0.003,0.004,0.000,0.002
2736,0.003,0.004,0.000,0.002
2737,0.003,0.004,0.000,0.002
2738,0.003,0.004,0.000,0.002
2739,0.003,0.004,0.000,0.002
2740,0.003,0.004,0.000,0.002
2741,0.003,0.004,0.000,0.002
2742,0.003,0.004,0.000,0.002
2743,0.003,0.004,0.000,0.002
2744,0.003,0.004,0.000,0.002
2745,0.003,0.004,0.000,0.002
2746,0.003,0.004,0.000,0.002
2747,0.003,0.004,0.000,0.002
2748,0.003,0.004,0.000,0.002
2749,0.003,0.004,0.000,0.002
2750,0.003,0.004,0.000,0.002
2751,0.003,0.004,0.000,0.002
2752,0.003,0.004,0.000,0.002
2753,0.003,0.004,0.000,0.002
2754,0.003,0.004,0.000,0.002
2755,0.003,0.004,0.000,0.002
2756,0.003,0.004,0.000,0.002
2757,0.003,0.004,0.000,0.002
2758,0.003,0.004,0.000,0.002
2759,0.003,0.004,0.000,0.002
2760,0.003,0.004,0.000,0.002
2761,0.003,0.004,0.000,0.002
2762,0.003,0.004,0.000,0.002
2763,0.003,0.004,0.000,0.002
2764,0.003,0.004,0.000,0.002
2765,0.003,0.004,0.000,0.002
2766,0.003,0.004,0.000,0.002
2767,0.003,0.004,0.000,0.002
2768,0.003,0.004,0.000,0.002
2769,0.003,0.004,0.000,0.002
2770,0.003,0.004,0.000,0.002
2771,0.003,0.004,0.000,0.002
2772,0.003,0.004,0.000,0.002
2773,0.003,0.004,0.000,0.002
2774,0.003,0.004,0.000,0.002
2775,0.003,0.004,0.000,0.002
2776,0.003,0.004,0.000,0.002
2777,0.003,0.004,0.000,0.002
2778,0.003,0.004,0.000,0.002
2779,0.003,0.004,0.000,0.002
2780,0.003,0.004,0.000,0.002
2781,0.003,0.004,0.000,0.002
2782,0.003,0.004,0.000,0.002
2783,0.003,0.004,0.000,0.002
2784,0.003,0.004,0.000,0.002
2785,0.003,0.004,0.000,0.002
2786,0.003,0.004,0.000,0.002
2787,0.003,0.004,0.000,0.002
2788,0.003,0.004,0.000,0.002
2789,0.003,0.004,0.000,0.002
2790,0.003,0.004,0.000,0.002
2791,0.003,0.004,0.000,0.002
2792,0.003,0.004,0.000,0.002
2793,0.003,0.004,0.000,0.002
2794,0.003,0.004,0.000,0.002
2795,0.003,0.004,0.000,0.002
2796,0.003,0.004,0.000,0.002
2797,0.003,0.004,0.000,0.002
2798,0.003,0.004,0.000,0.002
2799,0.003,0.004,0.000,0.002
2800,0.003,0.004,0.000,0.002
2801,0.003,0.004,0.000,0.002
2802,0.003,0.004,0.000,0.002
2803,0.003,0.004,0.000,0.002
2804,0.003,0.004,0.000,0.002
2805,0.003,0.004,0.000,0.002
2806,0.003,0.004,0.000,0.002
2807,0.003,0.004,0.000,0.002
2808,0.003,0.004,0.000,0.002
2809,0.003,0.004,0.000,0.002
2810,0.003,0.004,0.000,0.002
2811,0.003,0.004,0.000,0.002
2812,0.003,0.004,0.000,0.002
2813,0.003,0.004,0.000,0.002
2814,0.003,0.004,0.000,0.002
2815,0.003,0.004,0.000,0.002
2816,0.003,0.004,0.000,0.002
2817,0.003,0.004,0.000,0.002
2818,0.003,0.004,0.000,0.002
2819,0.003,0.004,0.000,0.002
2820,0.003,0.004,0.000,0.002
2821,0.003,0.004,0.000,0.002
2822,0.003,0.004,0.000,0.002
2823,0.003,0.004,0.000,0.002
2824,0.003,0.004,0.000,0.002
2825,0.003,0.004,0.000,0.002
2826,0.003,0.004,0.000,0.002
2827,0.003,0.004,0.000,0.002
2828,0.003,0.004,0.000,0.002
2829,0.003,0.004,0.000,0.002
2830,0.003,0.004,0.000,0.002
2831,0.003,0.004,0.000,0.002
2832,0.003,0.004,0.000,0.002
2833,0.003,0.004,0.000,0.002
2834,0.003,0.004,0.000,0.002
2835,0.003,0.004,0.000,0.002
2836,0.003,0.004,0.000,0.002
2837,0.003,0.004,0.000,0.002
2838,0.003,0.004,0.000,0.002
2839,0.003,0.004,0.000,0.002
2840,0.003,0.004,0.000,0.002
2841,0.003,0.004,0.000,0.002
2842,0.003,0.004,0.000,0.002
2843,0.003,0.004,0.000,0.002
2844,0.003,0.004,0.000,0.002
2845,0.003,0.004,0.000,0.002
2846,0.003,0.004,0.000,0.002
2847,0.003,0.004,0.000,0.002
2848,0.003,0.004,0.000,0.002
2849,0.003,0.004,0.000,0.002
2850,0.003,0.004,0.000,0.002
2851,0.003,0.004,0.000,0.002
2852,0.003,0.004,0.000,0.002
2853,0.003,0.004,0.000,0.002
2854,0.003,0.004,0.000,0.002
2855,0.003,0.004,0.000,0.002
2856,0.003,0.004,0.000,0.002
2857,0.003,0.004,0.000,0.002
2858,0.003,0.004,0.000,0.002
2859,0.003,0.004,0.000,0.002
2860,0.003,0.004,0.000,0.002
2861,0.003,0.004,0.000,0.002
2862,0.003,0.004,0.000,0.002
2863,0.003,0.004,0.000,0.002
2864,0.003,0.004,0.000,0.002
2865,0.003,0.004,0.000,0.002
2866,0.003,0.004,0.000,0.002
2867,0.003,0.004,0.000,0.002
2868,0.003,0.004,0.000,0.002
2869,0.003,0.004,0.000,0.002
2870,0.003,0.004,0.000,0.002
2871,0.003,0.004,0.000,0.002
2872,0.003,0.004,0.000,0.002
2873,0.003,0.004,0.000,0.002
2874,0.003,0.004,0.000,0.002
2875,0.003,0.004,0.000,0.002
2876,0.003,0.004,0.000,0.002
2877,0.003,0.004,0.000,0.002
2878,0.003,0.004,0.000,0.002
2879,0.003,0.004,0.000,0.002
2880,0.003,0.004,0.000,0.002
2881,0.003,0.004,0.000,0.002
2882,0.003,0.004,0.000,0.002
2883,0.003,0.004,0.000,0.002
2884,0.003,0.004,0.000,0.002
2885,0.003,0.004,0.000,0.002
2886,0.003,0.004,0.000,0.002
2887,0.003,0.004,0.000,0.002
2888,0.003,0.004,0.000,0.002
2889,0.003,0.004,0.000,0.002
2890,0.003,0.004,0.000,0.002
2891,0.003,0.004,0.000,0.002
2892,0.003,0.004,0.000,0.002
2893,0.003,0.004,0.000,0.002
2894,0.003,0.004,0.000,0.002
2895,0.003,0.004,0.000,0.002
2896,0.003,0.004,0.000,0.002
2897,0.003,0.004,0.000,0.002
2898,0.003,0.004,0.000,0.002
2899,0.003,0.004,0.000,0.002
2900,0.003,0.004,0.000,0.002
2901,0.003,0.004,0.000,0.002
2902,0.003,0.004,0.000,0.002
2903,0.003,0.004,0.000,0.002
2904,0.003,0.004,0.000,0.002
2905,0.003,0.004,0.000,0.002
2906,0.003,0.004,0.000,0.002
2907,0.003,0.004,0.000,0.002
2908,0.003,0.004,0.000,0.002
2909,0.003,0.004,0.000,0.002
2910,0.003,0.004,0.000,0.002
2911,0.003,0.004,0.000,0.002
2912,0.003,0.004,0.000,0.002
2913,0.003,0.004,0.000,0.002
2914,0.003,0.004,0.000,0.002
2915,0.003,0.004,0.000,0.002
2916,0.003,0.004,0.000,0.002
2917,0.003,0.004,0.000,0.002
2918,0.003,0.004,0.000,0.002
2919,0.003,0.004,0.000,0.002
2920,0.003,0.004,0.000,0.002
2921,0.003,0.004,0.000,0.002
2922,0.003,0.004,0.000,0.002
2923,0.003,0.004,0.000,0.002
2924,0.003,0.004,0.000,0.002
2925,0.003,0.004,0.000,0.002
2926,0.003,0.004,0.000,0.002
2927,0.003,0.004,0.000,0.002
2928,0.003,0.004,0.000,0.002
2929,0.003,0.004,0.000,0.002
2930,0.003,0.004,0.000,0.002
2931,0.003,0.004,0.000,0.002
2932,0.003,0.004,0.000,0.002
2933,0.003,0.004,0.000,0.002
2934,0.003,0.004,0.000,0.002
2935,0.003,0.004,0.000,0.002
2936,0.003,0.004,0.000,0.002
2937,0.003,0.004,0.000,0.002
2938,0.003,0.004,0.000,0.002
2939,0.003,0.004,0.000,0.002
2940,0.003,0.004,0.000,0.002
2941,0.003,0.004,0.000,0.002
2942,0.003,0.004,0.000,0.002
2943,0.003,0.004,0.000,0.002
2944,0.003,0.004,0.000,0.002
2945,0.003,0.004,0.000,0.002
2946,0.003,0.004,0.000,0.002
2947,0.003,0.004,0.000,0.002
2948,0.003,0.004,0.000,0.002
2949,0.003,0.004,0.000,0.002
2950,0.003,0.004,0.000,0.002
2951,0.003,0.004,0.000,0.002
2952,0.003,0.004,0.000,0.002
2953,0.003,0.004,0.000,0.002
2954,0.003,0.004,0.000,0.002
2955,0.003,0.004,0.000,0.002
2956,0.003,0.004,0.000,0.002
2957,0.003,0.004,0.000,0.002
2958,0.003,0.004,0.000,0.002
2959,0.003,0.004,0.000,0.002
2960,0.003,0.004,0.000,0.002
2961,0.003,0.004,0.000,0.002
2962,0.003,0.004,0.000,0.002
2963,0.003,0.004,0.000,0.002
2964,0.003,0.004,0.000,0.002
2965,0.003,0.004,0.000,0.002
2966,0.003,0.004,0.000,0.002
2967,0.003,0.004,0.000,0.002
2968,0.003,0.004,0.000,0.002
2969,0.003,0.004,0.000,0.002
2970,0.003,0.004,0.000,0.002
2971,0.003,0.004,0.000,0.002
2972,0.003,0.004,0.000,0.002
2973,0.003,0.004,0.000,0.002
2974,0.003,0.004,0.000,0.002
2975,0.003,0.004,0.000,0.002
2976,0.003,0.004,0.000,0.002
2977,0.003,0.004,0.000,0.002
2978,0.003,0.004,0.000,0.002
2979,0.003,0.004,0.000,0.002
2980,0.003,0.004,0.000,0.002
2981,0.003,0.004,0.000,0.002
2982,0.003,0.004,0.000,0.002
2983,0.003,0.004,0.000,0.002
2984,0.003,0.004,0.000,0.002
2985,0.003,0.004,0.000,0.002
2986,0.003,0.004,0.000,0.002
2987,0.003,0.004,0.000,0.002
2988,0.003,0.004,0.000,0.002
2989,0.003,0.004,0.000,0.002
2990,0.003,0.004,0.000,0.002
2991,0.003,0.004,0.000,0.002
2992,0.003,0.004,0.000,0.002
2993,0.003,0.004,0.000,0.002
2994,0.003,0.004,0.000,0.002
2995,0.003,0.004,0.000,0.002
2996,0.003,0.004,0.000,0.002
2997,0.003,0.004,0.000,0.002
2998,0.003,0.004,0.000,0.002
2999,0.003,0.004,0.000,0.002
3000,0.003,0.004,0.000,0.002
3001,0.003,0.004,0.000,0.002
3002,0.003,0.004,0.000,0.002
3003,0.003,0.004,0.000,0.002
3004,0.003,0.004,0.000,0.002
3005,0.003,0.004,0.000,0.002
3006,0.003,0.004,0.000,0.002
3007,0.003,0.004,0.000,0.002
3008,0.003,0.004,0.000,0.002
3009,0.003,0.004,0.000,0.002
3010,0.003,0.004,0.000,0.002
3011,0.003,0.004,0.000,0.002
3012,0.003,0.004,0.000,0.002
3013,0.003,0.004,0.000,0.002
3014,0.003,0.004,0.000,0.002
3015,0.003,0.004,0.000,0.002
3016,0.003,0.004,0.000,0.002
3017,0.003,0.004,0.000,0.002
3018,0.003,0.004,0.000,0.002
3019,0.003,0.004,0.000,0.002
3020,0.003,0.004,0.000,0.002
3021,0.003,0.004,0.000,0.002
3022,0.003,0.004,0.000,0.002
3023,0.003,0.004,0.000,0.002
3024,0.003,0.004,0.000,0.002
3025,0.003,0.004,0.000,0.002
3026,0.003,0.004,0.000,0.002
3027,0.003,0.004,0.000,0.002
3028,0.003,0.004,0.000,0.002
3029,0.003,0.004,0.000,0.002
3030,0.003,0.004,0.000,0.002
3031,0.003,0.004,0.000,0.002
3032,0.003,0.004,0.000,0.002
3033,0.003,0.004,0.000,0.002
3034,0.003,0.004,0.000,0.002
3035,0.003,0.004,0.000,0.002
3036,0.003,0.004,0.000,0.002
3037,0.003,0.004,0.000,0.002
3038,0.003,0.004,0.000,0.002
3039,0.003,0.004,0.000,0.002
3040,0.003,0.004,0.000,0.002
3041,0.003,0.004,0.000,0.002
3042,0.003,0.004,0.000,0.002
3043,0.003,0.004,0.000,0.002
3044,0.003,0.004,0.000,0.002
3045,0.003,0.004,0.000,0.002
3046,0.003,0.004,0.000,0.002
3047,0.003,0.004,0.000,0.002
3048,0.003,0.004,0.000,0.002
3049,0.003,0.004,0.000,0.002
3050,0.003,0.004,0.000,0.002
3051,0.003,0.004,0.000,0.002
3052,0.003,0.004,0.000,0.002
3053,0.003,0.004,0.000,0.002
3054,0.003,0.004,0.000,0.002
3055,0.003,0.004,0.000,0.002
3056,0.003,0.004,0.000,0.002
3057,0.003,0.004,0.000,0.002
3058,0.003,0.004,0.000,0.002
3059,0.003,0.004,0.000,0.002
3060,0.003,0.004,0.000,0.002
3061,0.003,0.004,0.000,0.002
3062,0.003,0.004,0.000,0.002
3063,0.003,0.004,0.000,0.002
3064,0.003,0.004,0.000,0.002
3065,0.003,0.004,0.000,0.002
3066,0.003,0.004,0.000,0.002
3067,0.003,0.004,0.000,0.002
3068,0.003,0.004,0.000,0.002
3069,0.003,0.004,0.000,0.002
3070,0.003,0.004,0.000,0.002
3071,0.003,0.004,0.000,0.002
3072,0.003,0.004,0.000,0.002
3073,0.003,0.004,0.000,0.002
3074,0.003,0.004,0.000,0.002
3075,0.003,0.004,0.000,0.002
3076,0.003,0.004,0.000,0.002
3077,0.003,0.004,0.000,0.002
3078,0.003,0.004,0.000,0.002
3079,0.003,0.004,0.000,0.002
3080,0.003,0.004,0.000,0.002
3081,0.003,0.004,0.000,0.002
3082,0.003,0.004,0.000,0.002
3083,0.003,0.004,0.000,0.002
3084,0.003,0.004,0.000,0.002
3085,0.003,0.004,0.000,0.002
3086,0.003,0.004,0.000,0.002
3087,0.003,0.004,0.000,0.002
3088,0.003,0.004,0.000,0.002
3089,0.003,0.004,0.000,0.002
3090,0.003,0.004,0.000,0.002
3091,0.003,0.004,0.000,0.002
3092,0.003,0.004,0.000,0.002
3093,0.003,0.004,0.000,0.002
3094,0.003,0.004,0.000,0.002
3095,0.003,0.004,0.000,0.002
3096,0.003,0.004,0.000,0.002
3097,0.003,0.004,0.000,0.002
3098,0.003,0.004,0.000,0.002
3099,0.003,0.004,0.000,0.002
3100,0.003,0.004,0.000,0.002
3101,0.003,0.004,0.000,0.002
3102,0.003,0.004,0.000,0.002
3103,0.003,0.004,0.000,0.002
3104,0.003,0.004,0.000,0.002
3105,0.003,0.004,0.000,0.002
3106,0.003,0.004,0.000,0.002
3107,0.003,0.004,0.000,0.002
3108,0.003,0.004,0.000,0.002
3109,0.003,0.004,0.000,0.002
3110,0.003,0.004,0.000,0.002
3111,0.003,0.004,0.000,0.002
3112,0.003,0.004,0.000,0.002
3113,0.003,0.004,0.000,0.002
3114,0.003,0.004,0.000,0.002
3115,0.003,0.004,0.000,0.002
3116,0.003,0.004,0.000,0.002
3117,0.003,0.004,0.000,0.002
3118,0.003,0.004,0.000,0.002
3119,0.003,0.004,0.000,0.002
3120,0.003,0.004,0.000,0.002
3121,0.003,0.004,0.000,0.002
3122,0.003,0.004,0.000,0.002
3123,0.003,0.004,0.000,0.002
3124,0.003,0.004,0.000,0.002
3125,0.003,0.004,0.000,0.002
3126,0.003,0.004,0.000,0.002
3127,0.003,0.004,0.000,0.002
3128,0.003,0.004,0.000,0.002
3129,0.003,0.004,0.000,0.002
3130,0.003,0.004,0.000,0.002
3131,0.003,0.004,0.000,0.002
3132,0.003,0.004,0.000,0.002
3133,0.003,0.004,0.000,0.002
3134,0.003,0.004,0.000,0.002
3135,0.003,0.004,0.000,0.002
3136,0.003,0.004,0.000,0.002
3137,0.003,0.004,0.000,0.002
3138,0.003,0.004,0.000,0.002
3139,0.003,0.004,0.000,0.002
3140,0.003,0.004,0.000,0.002
3141,0.003,0.004,0.000,0.002
3142,0.003,0.004,0.000,0.002
3143,0.003,0.004,0.000,0.002
3144,0.003,0.004,0.000,0.002
3145,0.003,0.004,0.000,0.002
3146,0.003,0.004,0.000,0.002
3147,0.003,0.004,0.000,0.002
3148,0.003,0.004,0.000,0.002
3149,0.003,0.004,0.000,0.002
3150,0.003,0.004,0.000,0.003
3151,0.003,0.004,0.000,0.002
3152,0.003,0.004,0.000,0.002
3153,0.003,0.004,0.000,0.002
3154,0.003,0.004,0.000,0.002
3155,0.003,0.004,0.000,0.002
3156,0.003,0.004,0.000,0.002
3157,0.003,0.004,0.000,0.002
3158,0.003,0.004,0.000,0.002
3159,0.003,0.004,0.000,0.002
3160,0.003,0.004,0.000,0.002
3161,0.003,0.004,0.000,0.002
3162,0.003,0.004,0.000,0.002
3163,0.003,0.004,0.000,0.002
3164,0.003,0.004,0.000,0.002
3165,0.003,0.004,0.000,0.002
3166,0.003,0.004,0.000,0.002
3167,0.003,0.004,0.000,0.002
3168,0.003,0.004,0.000,0.002
3169,0.003,0.004,0.000,0.002
3170,0.003,0.004,0.000,0.002
3171,0.003,0.004,0.000,0.002
3172,0.003,0.004,0.000,0.002
3173,0.003,0.004,0.000,0.002
3174,0.003,0.004,0.000,0.002
3175,0.003,0.004,0.000,0.002
3176,0.003,0.004,0.000,0.002
3177,0.003,0.004,0.000,0.002
3178,0.003,0.004,0.000,0.002
3179,0.003,0.004,0.000,0.002
3180,0.003,0.004,0.000,0.002
3181,0.003,0.004,0.000,0.002
3182,0.003,0.004,0.000,0.002
3183,0.003,0.004,0.000,0.002
3184,0.003,0.004,0.000,0.002
3185,0.003,0.004,0.000,0.002
3186,0.003,0.004,0.000,0.002
3187,0.003,0.004,0.000,0.002
3188,0.003,0.004,0.000,0.002
3189,0.003,0.004,0.000,0.002
3190,0.003,0.004,0.000,0.002
3191,0.003,0.004,0.000,0.002
3192,0.003,0.004,0.000,0.002
3193,0.003,0.004,0.000,0.002
3194,0.003,0.004,0.000,0.002
3195,0.003,0.004,0.000,0.002
3196,0.003,0.004,0.000,0.002
3197,0.003,0.004,0.000,0.002
3198,0.003,0.004,0.000,0.002
3199,0.003,0.004,0.000,0.002
3200,0.003,0.004,0.000,0.002
3201,0.003,0.004,0.000,0.002
3202,0.003,0.004,0.000,0.002
3203,0.003,0.004,0.000,0.002
3204,0.003,0.004,0.000,0.002
3205,0.003,0.004,0.000,0.002
3206,0.003,0.004,0.000,0.002
3207,0.003,0.004,0.000,0.002
3208,0.003,0.004,0.000,0.002
3209,0.003,0.004,0.000,0.002
3210,0.003,0.004,0.000,0.002
3211,0.003,0.004,0.000,0.002
3212,0.003,0.004,0.000,0.002
3213,0.003,0.004,0.000,0.002
3214,0.003,0.004,0.000,0.002
3215,0.003,0.004,0.000,0.002
3216,0.003,0.004,0.000,0.002
3217,0.003,0.004,0.000,0.002
3218,0.003,0.004,0.000,0.002
3219,0.003,0.004,0.000,0.002
3220,0.003,0.004,0.000,0.002
3221,0.003,0.004,0.000,0.002
3222,0.003,0.004,0.000,0.002
3223,0.003,0.004,0.000,0.002
3224,0.003,0.004,0.000,0.002
3225,0.003,0.004,0.000,0.002
3226,0.003,0.004,0.000,0.002
3227,0.003,0.004,0.000,0.002
3228,0.003,0.004,0.000,0.002
3229,0.003,0.004,0.000,0.002
3230,0.003,0.004,0.000,0.002
3231,0.003,0.004,0.000,0.002
3232,0.003,0.004,0.000,0.002
3233,0.003,0.004,0.000,0.002
3234,0.003,0.004,0.000,0.002
3235,0.003,0.004,0.000,0.002
3236,0.003,0.004,0.000,0.002
3237,0.003,0.004,0.000,0.002
3238,0.003,0.004,0.000,0.002
3239,0.003,0.004,0.000,0.002
3240,0.003,0.004,0.000,0.002
3241,0.003,0.004,0.000,0.002
3242,0.003,0.004,0.000,0.002
3243,0.003,0.004,0.000,0.002
3244,0.003,0.004,0.000,0.002
3245,0.003,0.004,0.000,0.002
3246,0.003,0.004,0.000,0.002
3247,0.003,0.004,0.000,0.002
3248,0.003,0.004,0.000,0.002
3249,0.003,0.004,0.000,0.002
3250,0.003,0.004,0.000,0.002
3251,0.003,0.004,0.000,0.002
3252,0.003,0.004,0.000,0.002
3253,0.003,0.004,0.000,0.002
3254,0.003,0.004,0.000,0.002
3255,0.003,0.004,0.000,0.002
3256,0.003,0.004,0.000,0.002
3257,0.003,0.004,0.000,0.002
3258,0.003,0.004,0.000,0.002
3259,0.003,0.004,0.000,0.002
3260,0.003,0.004,0.000,0.002
3261,0.003,0.004,0.000,0.002
3262,0.003,0.004,0.000,0.002
3263,0.003,0.004,0.000,0.002
3264,0.003,0.004,0.000,0.002
3265,0.003,0.004,0.000,0.002
3266,0.003,0.004,0.000,0.002
3267,0.003,0.004,0.000,0.002
3268,0.003,0.004,0.000,0.002
3269,0.003,0.004,0.000,0.002
3270,0.003,0.004,0.000,0.002
3271,0.003,0.004,0.000,0.002
3272,0.003,0.004,0.000,0.002
3273,0.003,0.004,0.000,0.002
3274,0.003,0.004,0.000,0.002
3275,0.003,0.004,0.000,0.002
3276,0.003,0.004,0.000,0.002
3277,0.003,0.004,0.000,0.002
3278,0.003,0.004,0.000,0.002
3279,0.003,0.004,0.000,0.002
3280,0.003,0.004,0.000,0.002
3281,0.003,0.004,0.000,0.002
3282,0.003,0.004,0.000,0.002
3283,0.003,0.004,0.000,0.002
3284,0.003,0.004,0.000,0.002
3285,0.003,0.004,0.000,0.002
3286,0.003,0.004,0.000,0.002
3287,0.003,0.015,0.000,0.006
3288,0.003,0.004,0.000,0.002
3289,0.003,0.004,0.000,0.002
3290,0.003,0.004,0.000,0.002
3291,0.003,0.004,0.000,0.002
3292,0.003,0.004,0.000,0.002
3293,0.003,0.004,0.000,0.002
3294,0.003,0.004,0.000,0.002
3295,0.003,0.004,0.000,0.002
3296,0.003,0.004,0.000,0.002
3297,0.003,0.004,0.000,0.002
3298,0.003,0.004,0.000,0.002
3299,0.003,0.004,0.000,0.002
3300,0.003,0.004,0.000,0.002
3301,0.003,0.004,0.000,0.002
3302,0.003,0.004,0.000,0.002
3303,0.003,0.004,0.000,0.002
3304,0.003,0.004,0.000,0.002
3305,0.003,0.004,0.000,0.002
3306,0.003,0.004,0.000,0.002
3307,0.003,0.004,0.000,0.002
3308,0.003,0.004,0.000,0.002
3309,0.003,0.004,0.000,0.002
3310,0.003,0.004,0.000,0.002
3311,0.003,0.004,0.000,0.002
3312,0.003,0.004,0.000,0.002
3313,0.003,0.004,0.000,0.002
3314,0.003,0.004,0.000,0.002
3315,0.003,0.004,0.000,0.002
3316,0.003,0.004,0.000,0.002
3317,0.003,0.004,0.000,0.002
3318,0.003,0.004,0.000,0.002
3319,0.003,0.004,0.000,0.002
3320,0.003,0.004,0.000,0.002
3321,0.003,0.004,0.000,0.003
3322,0.003,0.004,0.000,0.003
3323,0.003,0.004,0.000,0.003
3324,0.003,0.012,0.000,0.005
3325,0.003,0.013,0.000,0.006
3326,0.003,0.018,0.000,0.008
3327,0.003,0.024,0.000,0.009
3328,0.003,0.024,0.000,0.010
3329,0.003,0.025,0.000,0.010
3330,0.003,0.026,0.000,0.010
3331,0.003,0.025,0.000,0.010
3332,0.003,0.025,0.000,0.010
3333,0.003,0.025,0.000,0.010
3334,0.003,0.024,0.000,0.010
3335,0.003,0.023,0.000,0.009
3336,0.003,0.023,0.000,0.009
3337,0.003,0.021,0.000,0.008
3338,0.003,0.021,0.000,0.009
3339,0.003,0.021,0.000,0.009
3340,0.003,0.023,0.000,0.009
3341,0.003,0.022,0.000,0.009
3342,0.003,0.023,0.000,0.009
3343,0.003,0.021,0.000,0.008
3344,0.003,0.019,0.000,0.008
3345,0.003,0.016,0.000,0.007
3346,0.003,0.015,0.000,0.006
3347,0.003,0.014,0.000,0.006
3348,0.003,0.014,0.000,0.006
3349,0.003,0.015,0.000,0.006
3350,0.003,0.015,0.000,0.006
3351,0.003,0.016,0.000,0.007
3352,0.003,0.020,0.000,0.008
3353,0.003,0.016,0.000,0.007
3354,0.003,0.013,0.000,0.006
3355,0.003,0.010,0.000,0.005
3356,0.003,0.010,0.000,0.005
3357,0.003,0.010,0.000,0.005
3358,0.003,0.010,0.000,0.004
3359,0.003,0.012,0.000,0.005
3360,0.003,0.010,0.000,0.005
3361,0.003,0.011,0.000,0.005
3362,0.003,0.013,0.000,0.006
3363,0.003,0.012,0.000,0.005
3364,0.003,0.008,0.000,0.004
3365,0.003,0.009,0.000,0.004
3366,0.003,0.014,0.000,0.006
3367,0.003,0.013,0.000,0.006
3368,0.003,0.017,0.000,0.007
3369,0.003,0.025,0.000,0.010
3370,0.003,0.023,0.000,0.009
3371,0.003,0.024,0.000,0.009
3372,0.003,0.024,0.000,0.009
3373,0.003,0.023,0.000,0.009
3374,0.003,0.024,0.000,0.010
3375,0.003,0.024,0.000,0.010
3376,0.003,0.024,0.000,0.010
3377,0.003,0.020,0.000,0.008
3378,0.003,0.019,0.000,0.008
3379,0.003,0.019,0.000,0.008
3380,0.003,0.019,0.000,0.008
3381,0.003,0.019,0.000,0.008
3382,0.003,0.014,0.000,0.006
3383,0.003,0.020,0.000,0.008
3384,0.003,0.019,0.000,0.008
3385,0.003,0.019,0.000,0.008
3386,0.003,0.016,0.000,0.007
3387,0.003,0.018,0.000,0.007
3388,0.003,0.013,0.000,0.006
3389,0.003,0.016,0.000,0.007
3390,0.003,0.016,0.000,0.007
3391,0.003,0.015,0.000,0.007
3392,0.003,0.014,0.000,0.006
3393,0.003,0.013,0.000,0.006
3394,0.003,0.010,0.000,0.005
3395,0.003,0.010,0.000,0.005
3396,0.003,0.009,0.000,0.004
3397,0.003,0.009,0.000,0.004
3398,0.003,0.011,0.000,0.005
3399,0.003,0.010,0.000,0.005
3400,0.003,0.010,0.000,0.005
3401,0.003,0.012,0.000,0.005
3402,0.003,0.012,0.000,0.005
3403,0.003,0.013,0.000,0.006
3404,0.003,0.012,0.000,0.005
3405,0.003,0.009,0.000,0.004
3406,0.003,0.009,0.000,0.004
3407,0.003,0.008,0.000,0.004
3408,0.003,0.010,0.000,0.005
3409,0.003,0.010,0.000,0.005
3410,0.003,0.009,0.000,0.004
3411,0.003,0.008,0.000,0.004
3412,0.003,0.008,0.000,0.004
3413,0.003,0.009,0.000,0.004
3414,0.003,0.008,0.000,0.004
3415,0.003,0.007,0.000,0.004
3416,0.003,0.008,0.000,0.004
3417,0.003,0.007,0.000,0.004
3418,0.003,0.008,0.000,0.004
3419,0.003,0.008,0.000,0.004
3420,0.003,0.008,0.000,0.004
3421,0.003,0.008,0.000,0.004
3422,0.003,0.008,0.000,0.004
3423,0.003,0.008,0.000,0.004
3424,0.003,0.008,0.000,0.004
3425,0.003,0.008,0.000,0.004
3426,0.003,0.008,0.000,0.004
3427,0.003,0.008,0.000,0.004
3428,0.003,0.008,0.000,0.004
3429,0.003,0.008,0.000,0.004
3430,0.003,0.008,0.000,0.004
3431,0.003,0.008,0.000,0.004
3432,0.003,0.008,0.000,0.004
3433,0.003,0.008,0.000,0.004
3434,0.003,0.008,0.000,0.004
3435,0.003,0.008,0.000,0.004
3436,0.003,0.008,0.000,0.004
3437,0.003,0.008,0.000,0.004
3438,0.003,0.008,0.000,0.004
3439,0.003,0.008,0.000,0.004
3440,0.003,0.008,0.000,0.004
3441,0.003,0.008,0.000,0.004
3442,0.003,0.008,0.000,0.004
3443,0.003,0.008,0.000,0.004
3444,0.003,0.008,0.000,0.004
3445,0.003,0.008,0.000,0.004
3446,0.003,0.008,0.000,0.004
3447,0.003,0.008,0.000,0.004
3448,0.003,0.008,0.000,0.004
3449,0.003,0.008,0.000,0.004
3450,0.003,0.008,0.000,0.004
3451,0.003,0.008,0.000,0.004
3452,0.003,0.008,0.000,0.004
3453,0.003,0.008,0.000,0.004
3454,0.003,0.008,0.000,0.004
3455,0.003,0.008,0.000,0.004
3456,0.003,0.008,0.000,0.004
3457,0.003,0.008,0.000,0.004
3458,0.003,0.008,0.000,0.004
3459,0.003,0.008,0.000,0.004
3460,0.003,0.008,0.000,0.004
3461,0.003,0.008,0.000,0.004
3462,0.003,0.008,0.000,0.004
3463,0.003,0.008,0.000,0.004
3464,0.003,0.008,0.000,0.004
3465,0.003,0.008,0.000,0.004
3466,0.003,0.008,0.000,0.004
3467,0.003,0.008,0.000,0.004
3468,0.003,0.008,0.000,0.004
3469,0.003,0.008,0.000,0.004
3470,0.003,0.008,0.000,0.004
3471,0.003,0.008,0.000,0.004
3472,0.003,0.008,0.000,0.004
3473,0.003,0.008,0.000,0.004
3474,0.003,0.008,0.000,0.004
3475,0.003,0.008,0.000,0.004
3476,0.003,0.008,0.000,0.004
3477,0.003,0.008,0.000,0.004
3478,0.003,0.008,0.000,0.004
3479,0.003,0.008,0.000,0.004
3480,0.003,0.008,0.000,0.004
3481,0.003,0.008,0.000,0.004
3482,0.003,0.008,0.000,0.004
3483,0.003,0.008,0.000,0.004
3484,0.003,0.008,0.000,0.004
3485,0.003,0.008,0.000,0.004
3486,0.003,0.008,0.000,0.004
3487,0.003,0.008,0.000,0.004
3488,0.003,0.008,0.000,0.004
3489,0.003,0.008,0.000,0.004
3490,0.003,0.008,0.000,0.004
3491,0.003,0.008,0.000,0.004
3492,0.003,0.008,0.000,0.004
3493,0.003,0.008,0.000,0.004
3494,0.003,0.008,0.000,0.004
3495,0.003,0.008,0.000,0.004
3496,0.003,0.008,0.000,0.004
3497,0.003,0.008,0.000,0.004
3498,0.003,0.008,0.000,0.004
3499,0.003,0.008,0.000,0.004
3500,0.003,0.008,0.000,0.004
3501,0.003,0.008,0.000,0.004
3502,0.003,0.008,0.000,0.004
3503,0.003,0.008,0.000,0.004
3504,0.003,0.008,0.000,0.004
3505,0.003,0.008,0.000,0.004
3506,0.003,0.008,0.000,0.004
3507,0.003,0.008,0.000,0.004
3508,0.003,0.008,0.000,0.004
3509,0.003,0.008,0.000,0.004
3510,0.003,0.008,0.000,0.004
3511,0.003,0.008,0.000,0.004
3512,0.003,0.008,0.000,0.004
3513,0.003,0.008,0.000,0.004
3514,0.003,0.008,0.000,0.004
3515,0.003,0.008,0.000,0.004
3516,0.003,0.008,0.000,0.004
3517,0.003,0.008,0.000,0.004
3518,0.003,0.008,0.000,0.004
3519,0.003,0.008,0.000,0.004
3520,0.003,0.008,0.000,0.004
3521,0.003,0.008,0.000,0.004
3522,0.003,0.008,0.000,0.004
3523,0.003,0.008,0.000,0.004
3524,0.003,0.008,0.000,0.004
3525,0.003,0.008,0.000,0.004
3526,0.003,0.008,0.000,0.004
3527,0.003,0.008,0.000,0.004
3528,0.003,0.008,0.000,0.004
3529,0.003,0.008,0.000,0.004
3530,0.003,0.008,0.000,0.004
3531,0.003,0.008,0.000,0.004
3532,0.003,0.008,0.000,0.004
3533,0.003,0.008,0.000,0.004
3534,0.003,0.008,0.000,0.004
3535,0.003,0.008,0.000,0.004
3536,0.003,0.008,0.000,0.004
3537,0.003,0.008,0.000,0.004
3538,0.003,0.008,0.000,0.004
3539,0.003,0.008,0.000,0.004
3540,0.003,0.008,0.000,0.004
3541,0.003,0.008,0.000,0.004
3542,0.003,0.008,0.000,0.004
3543,0.003,0.008,0.000,0.004
3544,0.003,0.008,0.000,0.004
3545,0.003,0.008,0.000,0.004
3546,0.003,0.008,0.000,0.004
3547,0.003,0.008,0.000,0.004
3548,0.003,0.008,0.000,0.004
3549,0.003,0.008,0.000,0.004
3550,0.003,0.008,0.000,0.004
3551,0.003,0.008,0.000,0.004
3552,0.003,0.008,0.000,0.004
3553,0.003,0.008,0.000,0.004
3554,0.003,0.008,0.000,0.004
3555,0.003,0.008,0.000,0.004
3556,0.003,0.008,0.000,0.004
3557,0.003,0.008,0.000,0.004
3558,0.003,0.008,0.000,0.004
3559,0.003,0.008,0.000,0.004
3560,0.003,0.008,0.000,0.004
3561,0.003,0.008,0.000,0.004
3562,0.003,0.008,0.000,0.004
3563,0.003,0.008,0.000,0.004
3564,0.003,0.008,0.000,0.004
3565,0.003,0.008,0.000,0.004
3566,0.003,0.008,0.000,0.004
3567,0.003,0.008,0.000,0.004
3568,0.003,0.008,0.000,0.004
3569,0.003,0.008,0.000,0.004
3570,0.003,0.008,0.000,0.004
3571,0.003,0.008,0.000,0.004
3572,0.003,0.008,0.000,0.004
3573,0.003,0.008,0.000,0.004
3574,0.003,0.008,0.000,0.004
3575,0.003,0.008,0.000,0.004
3576,0.003,0.008,0.000,0.004
3577,0.003,0.008,0.000,0.004
3578,0.003,0.008,0.000,0.004
3579,0.003,0.008,0.000,0.004
3580,0.003,0.008,0.000,0.004
3581,0.003,0.008,0.000,0.004
3582,0.003,0.008,0.000,0.004
3583,0.003,0.008,0.000,0.004
3584,0.003,0.008,0.000,0.004
3585,0.003,0.008,0.000,0.004
3586,0.003,0.008,0.000,0.004
3587,0.003,0.008,0.000,0.004
3588,0.003,0.008,0.000,0.004
3589,0.003,0.008,0.000,0.004
3590,0.003,0.008,0.000,0.004
3591,0.003,0.008,0.000,0.004
3592,0.003,0.008,0.000,0.004
3593,0.003,0.008,0.000,0.004
3594,0.003,0.008,0.000,0.004
3595,0.003,0.008,0.000,0.004
3596,0.003,0.008,0.000,0.004
3597,0.003,0.008,0.000,0.004
3598,0.003,0.008,0.000,0.004
3599,0.003,0.008,0.000,0.004
3600,0.003,0.008,0.000,0.004
3601,0.003,0.008,0.000,0.004
3602,0.003,0.008,0.000,0.004
3603,0.003,0.008,0.000,0.004
3604,0.003,0.008,0.000,0.004
3605,0.003,0.008,0.000,0.004
3606,0.003,0.008,0.000,0.004
3607,0.003,0.008,0.000,0.004
3608,0.003,0.008,0.000,0.004
3609,0.003,0.008,0.000,0.004
3610,0.003,0.008,0.000,0.004
3611,0.003,0.008,0.000,0.004
3612,0.003,0.008,0.000,0.004
3613,0.003,0.008,0.000,0.004
3614,0.003,0.008,0.000,0.004
3615,0.003,0.008,0.000,0.004
3616,0.003,0.008,0.000,0.004
3617,0.003,0.008,0.000,0.004
3618,0.003,0.008,0.000,0.004
3619,0.003,0.008,0.000,0.004
3620,0.003,0.008,0.000,0.004
3621,0.003,0.008,0.000,0.004
3622,0.003,0.008,0.000,0.004
3623,0.003,0.008,0.000,0.004
3624,0.003,0.008,0.000,0.004
3625,0.003,0.008,0.000,0.004
3626,0.003,0.008,0.000,0.004
3627,0.003,0.008,0.000,0.004
3628,0.003,0.008,0.000,0.004
3629,0.003,0.008,0.000,0.004
3630,0.003,0.008,0.000,0.004
3631,0.003,0.008,0.000,0.004
3632,0.003,0.008,0.000,0.004
3633,0.003,0.008,0.000,0.004
3634,0.003,0.008,0.000,0.004
3635,0.003,0.008,0.000,0.004
3636,0.003,0.008,0.000,0.004
3637,0.003,0.008,0.000,0.004
3638,0.003,0.008,0.000,0.004
3639,0.003,0.008,0.000,0.004
3640,0.003,0.008,0.000,0.004
3641,0.003,0.008,0.000,0.004
3642,0.003,0.008,0.000,0.004
3643,0.003,0.008,0.000,0.004
3644,0.003,0.008,0.000,0.004
3645,0.003,0.008,0.000,0.004
3646,0.003,0.008,0.000,0.004
3647,0.003,0.008,0.000,0.004
3648,0.003,0.008,0.000,0.004
3649,0.003,0.008,0.000,0.004
3650,0.003,0.008,0.000,0.004
3651,0.003,0.008,0.000,0.004
3652,0.003,0.008,0.000,0.004
3653,0.003,0.008,0.000,0.004
3654,0.003,0.008,0.000,0.004
3655,0.003,0.008,0.000,0.004
3656,0.003,0.008,0.000,0.004
3657,0.003,0.008,0.000,0.004
3658,0.003,0.008,0.000,0.004
3659,0.003,0.008,0.000,0.004
3660,0.003,0.008,0.000,0.004
3661,0.003,0.008,0.000,0.004
3662,0.003,0.008,0.000,0.004
3663,0.003,0.008,0.000,0.004
3664,0.003,0.008,0.000,0.004
3665,0.003,0.008,0.000,0.004
3666,0.003,0.008,0.000,0.004
3667,0.003,0.008,0.000,0.004
3668,0.003,0.008,0.000,0.004
3669,0.003,0.008,0.000,0.004
3670,0.003,0.008,0.000,0.004
3671,0.003,0.008,0.000,0.004
3672,0.003,0.008,0.000,0.004
3673,0.003,0.008,0.000,0.004
3674,0.003,0.008,0.000,0.004
3675,0.003,0.008,0.000,0.004
3676,0.003,0.008,0.000,0.004
3677,0.003,0.008,0.000,0.004
3678,0.003,0.008,0.000,0.004
3679,0.003,0.008,0.000,0.004
3680,0.003,0.008,0.000,0.004
3681,0.003,0.008,0.000,0.004
3682,0.003,0.008,0.000,0.004
3683,0.003,0.008,0.000,0.004
3684,0.003,0.008,0.000,0.004
3685,0.003,0.008,0.000,0.004
3686,0.003,0.008,0.000,0.004
3687,0.003,0.008,0.000,0.004
3688,0.003,0.008,0.000,0.004
3689,0.003,0.008,0.000,0.004
3690,0.003,0.008,0.000,0.004
3691,0.003,0.008,0.000,0.004
3692,0.003,0.008,0.000,0.004
3693,0.003,0.008,0.000,0.004
3694,0.003,0.008,0.000,0.004
3695,0.003,0.008,0.000,0.004
3696,0.003,0.008,0.000,0.004
3697,0.003,0.008,0.000,0.004
3698,0.003,0.008,0.000,0.004
3699,0.003,0.008,0.000,0.004
3700,0.003,0.008,0.000,0.004
3701,0.003,0.008,0.000,0.004
3702,0.003,0.008,0.000,0.004
3703,0.003,0.008,0.000,0.004
3704,0.003,0.008,0.000,0.004
3705,0.003,0.008,0.000,0.004
3706,0.003,0.008,0.000,0.004
3707,0.003,0.008,0.000,0.004
3708,0.003,0.008,0.000,0.004
3709,0.003,0.008,0.000,0.004
3710,0.003,0.008,0.000,0.004
3711,0.003,0.008,0.000,0.004
3712,0.003,0.008,0.000,0.004
3713,0.003,0.008,0.000,0.004
3714,0.003,0.008,0.000,0.004
3715,0.003,0.008,0.000,0.004
3716,0.003,0.008,0.000,0.004
3717,0.003,0.008,0.000,0.004
3718,0.003,0.008,0.000,0.004
3719,0.003,0.008,0.000,0.004
3720,0.003,0.008,0.000,0.004
3721,0.003,0.008,0.000,0.004
3722,0.003,0.008,0.000,0.004
3723,0.003,0.008,0.000,0.004
3724,0.003,0.009,0.000,0.004
3725,0.003,0.009,0.000,0.004
3726,0.003,0.012,0.000,0.005
3727,0.003,0.015,0.000,0.006
3728,0.003,0.021,0.000,0.009
3729,0.003,0.023,0.000,0.009
3730,0.003,0.026,0.000,0.010
3731,0.003,0.025,0.000,0.010
3732,0.003,0.025,0.000,0.010
3733,0.003,0.027,0.000,0.011
3734,0.003,0.027,0.000,0.011
3735,0.003,0.025,0.000,0.010
3736,0.003,0.023,0.000,0.009
3737,0.003,0.025,0.000,0.010
3738,0.003,0.025,0.000,0.010
3739,0.003,0.025,0.000,0.010
3740,0.003,0.027,0.000,0.010
3741,0.003,0.019,0.000,0.008
3742,0.003,0.017,0.000,0.007
3743,0.003,0.019,0.000,0.008
3744,0.003,0.018,0.000,0.007
3745,0.003,0.018,0.000,0.007
3746,0.003,0.017,0.000,0.007
3747,0.003,0.020,0.000,0.008
3748,0.003,0.019,0.000,0.008
3749,0.003,0.019,0.000,0.008
3750,0.003,0.018,0.000,0.007
3751,0.003,0.018,0.000,0.007
3752,0.003,0.015,0.000,0.006
3753,0.003,0.015,0.000,0.006
3754,0.003,0.010,0.000,0.005
3755,0.003,0.011,0.000,0.005
3756,0.003,0.011,0.000,0.005
3757,0.003,0.011,0.000,0.005
3758,0.003,0.010,0.000,0.005
3759,0.003,0.009,0.000,0.004
3760,0.003,0.009,0.000,0.004
3761,0.003,0.009,0.000,0.004
3762,0.003,0.009,0.000,0.004
3763,0.003,0.009,0.000,0.004
3764,0.003,0.009,0.000,0.004
3765,0.003,0.009,0.000,0.004
3766,0.003,0.009,0.000,0.004
3767,0.003,0.009,0.000,0.004
3768,0.003,0.009,0.000,0.004
3769,0.003,0.009,0.000,0.004
3770,0.003,0.009,0.000,0.004
3771,0.003,0.009,0.000,0.004
3772,0.003,0.009,0.000,0.004
3773,0.003,0.009,0.000,0.004
3774,0.003,0.009,0.000,0.004
3775,0.003,0.009,0.000,0.004
3776,0.003,0.009,0.000,0.004
3777,0.003,0.009,0.000,0.004
3778,0.003,0.009,0.000,0.004
3779,0.003,0.009,0.000,0.004
3780,0.003,0.009,0.000,0.004
3781,0.003,0.009,0.000,0.004
3782,0.003,0.009,0.000,0.004
3783,0.003,0.009,0.000,0.004
3784,0.003,0.009,0.000,0.004
3785,0.003,0.009,0.000,0.004
3786,0.003,0.009,0.000,0.004
3787,0.003,0.009,0.000,0.004
3788,0.003,0.009,0.000,0.004
3789,0.003,0.009,0.000,0.004
3790,0.003,0.009,0.000,0.004
3791,0.003,0.009,0.000,0.004
3792,0.003,0.009,0.000,0.004
3793,0.003,0.009,0.000,0.004
3794,0.003,0.009,0.000,0.004
3795,0.003,0.009,0.000,0.004
3796,0.003,0.009,0.000,0.004
3797,0.003,0.009,0.000,0.004
3798,0.003,0.009,0.000,0.004
3799,0.003,0.009,0.000,0.004
3800,0.003,0.009,0.000,0.004
3801,0.003,0.009,0.000,0.004
3802,0.003,0.009,0.000,0.004
3803,0.003,0.009,0.000,0.004
3804,0.003,0.009,0.000,0.004
3805,0.003,0.009,0.000,0.004
3806,0.003,0.009,0.000,0.004
3807,0.003,0.009,0.000,0.004
3808,0.003,0.009,0.000,0.004
3809,0.003,0.009,0.000,0.004
3810,0.003,0.009,0.000,0.004
3811,0.003,0.009,0.000,0.004
3812,0.003,0.009,0.000,0.004
3813,0.003,0.009,0.000,0.004
3814,0.003,0.009,0.000,0.004
3815,0.003,0.009,0.000,0.004
3816,0.003,0.009,0.000,0.004
3817,0.003,0.009,0.000,0.004
3818,0.003,0.009,0.000,0.004
3819,0.003,0.009,0.000,0.004
3820,0.003,0.009,0.000,0.004
3821,0.003,0.009,0.000,0.004
3822,0.003,0.009,0.000,0.004
3823,0.003,0.009,0.000,0.004
3824,0.003,0.009,0.000,0.004
3825,0.003,0.009,0.000,0.004
3826,0.003,0.009,0.000,0.004
3827,0.003,0.009,0.000,0.004
3828,0.003,0.009,0.000,0.004
3829,0.003,0.009,0.000,0.004
3830,0.003,0.009,0.000,0.004
3831,0.003,0.009,0.000,0.004
3832,0.003,0.009,0.000,0.004
3833,0.003,0.009,0.000,0.004
3834,0.003,0.009,0.000,0.004
3835,0.003,0.009,0.000,0.004
3836,0.003,0.009,0.000,0.004
3837,0.003,0.009,0.000,0.004
3838,0.003,0.009,0.000,0.004
3839,0.003,0.009,0.000,0.004
3840,0.003,0.009,0.000,0.004
3841,0.003,0.009,0.000,0.004
3842,0.003,0.009,0.000,0.004
3843,0.003,0.009,0.000,0.004
3844,0.003,0.009,0.000,0.004
3845,0.003,0.009,0.000,0.004
3846,0.003,0.009,0.000,0.004
3847,0.003,0.009,0.000,0.004
3848,0.003,0.009,0.000,0.004
3849,0.003,0.009,0.000,0.004
3850,0.003,0.009,0.000,0.004
3851,0.003,0.009,0.000,0.004
3852,0.003,0.009,0.000,0.004
3853,0.003,0.009,0.000,0.004
3854,0.003,0.009,0.000,0.004
3855,0.003,0.009,0.000,0.004
3856,0.003,0.009,0.000,0.004
3857,0.003,0.009,0.000,0.004
3858,0.003,0.009,0.000,0.004
3859,0.003,0.009,0.000,0.004
3860,0.003,0.009,0.000,0.004
3861,0.003,0.009,0.000,0.004
3862,0.003,0.009,0.000,0.004
3863,0.003,0.009,0.000,0.004
3864,0.003,0.009,0.000,0.004
3865,0.003,0.009,0.000,0.004
3866,0.003,0.009,0.000,0.004
3867,0.003,0.009,0.000,0.004
3868,0.003,0.009,0.000,0.004
3869,0.003,0.009,0.000,0.004
3870,0.003,0.009,0.000,0.004
3871,0.003,0.009,0.000,0.004
3872,0.003,0.009,0.000,0.004
3873,0.003,0.009,0.000,0.004
3874,0.003,0.009,0.000,0.004
3875,0.003,0.009,0.000,0.004
3876,0.003,0.009,0.000,0.004
3877,0.003,0.009,0.000,0.004
3878,0.003,0.009,0.000,0.004
3879,0.003,0.009,0.000,0.004
3880,0.003,0.009,0.000,0.004
3881,0.003,0.009,0.000,0.004
3882,0.003,0.009,0.000,0.004
3883,0.003,0.009,0.000,0.004
3884,0.003,0.009,0.000,0.004
3885,0.003,0.009,0.000,0.004
3886,0.003,0.009,0.000,0.004
3887,0.003,0.009,0.000,0.004
3888,0.003,0.009,0.000,0.004
3889,0.003,0.009,0.000,0.004
3890,0.003,0.009,0.000,0.004
3891,0.003,0.009,0.000,0.004
3892,0.003,0.009,0.000,0.004
3893,0.003,0.009,0.000,0.004
3894,0.003,0.009,0.000,0.004
3895,0.003,0.009,0.000,0.004
3896,0.003,0.009,0.000,0.004
3897,0.003,0.009,0.000,0.004
3898,0.003,0.009,0.000,0.004
3899,0.003,0.009,0.000,0.004
3900,0.003,0.009,0.000,0.004
3901,0.003,0.009,0.000,0.004
3902,0.003,0.009,0.000,0.004
3903,0.003,0.009,0.000,0.004
3904,0.003,0.009,0.000,0.004
3905,0.003,0.009,0.000,0.004
3906,0.003,0.009,0.000,0.004
3907,0.003,0.009,0.000,0.004
3908,0.003,0.009,0.000,0.004
3909,0.003,0.009,0.000,0.004
3910,0.003,0.009,0.000,0.004
3911,0.003,0.009,0.000,0.004
3912,0.003,0.009,0.000,0.004
3913,0.003,0.009,0.000,0.004
3914,0.003,0.009,0.000,0.004
3915,0.003,0.009,0.000,0.004
3916,0.003,0.009,0.000,0.004
3917,0.003,0.009,0.000,0.004
3918,0.003,0.009,0.000,0.004
3919,0.003,0.009,0.000,0.004
3920,0.003,0.009,0.000,0.004
3921,0.003,0.009,0.000,0.004
3922,0.003,0.009,0.000,0.004
3923,0.003,0.009,0.000,0.004
3924,0.003,0.009,0.000,0.004
3925,0.003,0.009,0.000,0.004
3926,0.003,0.009,0.000,0.004
3927,0.003,0.009,0.000,0.004
3928,0.003,0.009,0.000,0.004
3929,0.003,0.009,0.000,0.004
3930,0.003,0.009,0.000,0.004
3931,0.003,0.009,0.000,0.004
3932,0.003,0.009,0.000,0.004
3933,0.003,0.009,0.000,0.004
3934,0.003,0.009,0.000,0.004
3935,0.003,0.009,0.000,0.004
3936,0.003,0.009,0.000,0.004
3937,0.003,0.009,0.000,0.004
3938,0.003,0.009,0.000,0.004
3939,0.003,0.009,0.000,0.004
3940,0.003,0.009,0.000,0.004
3941,0.003,0.009,0.000,0.004
3942,0.003,0.009,0.000,0.004
3943,0.003,0.009,0.000,0.004
3944,0.003,0.009,0.000,0.004
3945,0.003,0.009,0.000,0.004
3946,0.003,0.009,0.000,0.004
3947,0.003,0.009,0.000,0.004
3948,0.003,0.009,0.000,0.004
3949,0.003,0.009,0.000,0.004
3950,0.003,0.009,0.000,0.004
3951,0.003,0.009,0.000,0.004
3952,0.003,0.009,0.000,0.004
3953,0.003,0.009,0.000,0.004
3954,0.003,0.009,0.000,0.004
3955,0.003,0.009,0.000,0.004
3956,0.003,0.009,0.000,0.004
3957,0.003,0.009,0.000,0.004
3958,0.003,0.009,0.000,0.004
3959,0.003,0.009,0.000,0.004
3960,0.003,0.009,0.000,0.004
3961,0.003,0.009,0.000,0.004
3962,0.003,0.009,0.000,0.004
3963,0.003,0.009,0.000,0.004
3964,0.003,0.009,0.000,0.004
3965,0.003,0.009,0.000,0.004
3966,0.003,0.009,0.000,0.004
3967,0.003,0.009,0.000,0.004
3968,0.003,0.009,0.000,0.004
3969,0.003,0.009,0.000,0.004
3970,0.003,0.009,0.000,0.004
3971,0.003,0.009,0.000,0.004
3972,0.003,0.009,0.000,0.004
3973,0.003,0.009,0.000,0.004
3974,0.003,0.009,0.000,0.004
3975,0.003,0.009,0.000,0.004
3976,0.003,0.009,0.000,0.004
3977,0.003,0.009,0.000,0.004
3978,0.003,0.009,0.000,0.004
3979,0.003,0.009,0.000,0.004
3980,0.003,0.009,0.000,0.004
3981,0.003,0.009,0.000,0.004
3982,0.003,0.009,0.000,0.004
3983,0.003,0.009,0.000,0.004
3984,0.003,0.009,0.000,0.004
3985,0.003,0.009,0.000,0.004
3986,0.003,0.009,0.000,0.004
3987,0.003,0.009,0.000,0.004
3988,0.003,0.009,0.000,0.004
3989,0.003,0.009,0.000,0.004
3990,0.003,0.009,0.000,0.004
3991,0.003,0.009,0.000,0.004
3992,0.003,0.009,0.000,0.004
3993,0.003,0.009,0.000,0.004
3994,0.003,0.009,0.000,0.004
3995,0.003,0.009,0.000,0.004
3996,0.003,0.009,0.000,0.004
3997,0.003,0.009,0.000,0.004
3998,0.003,0.009,0.000,0.004
3999,0.003,0.009,0.000,0.004
4000,0.003,0.009,0.000,0.004
4001,0.003,0.009,0.000,0.004
4002,0.003,0.009,0.000,0.004
4003,0.003,0.009,0.000,0.004
4004,0.003,0.009,0.000,0.004
4005,0.003,0.009,0.000,0.004
4006,0.003,0.009,0.000,0.004
4007,0.003,0.009,0.000,0.004
4008,0.003,0.009,0.000,0.004
4009,0.003,0.009,0.000,0.004
4010,0.003,0.009,0.000,0.004
4011,0.003,0.009,0.000,0.004
4012,0.003,0.009,0.000,0.004
4013,0.003,0.009,0.000,0.004
4014,0.003,0.009,0.000,0.004
4015,0.003,0.009,0.000,0.004
4016,0.003,0.009,0.000,0.004
4017,0.003,0.009,0.000,0.004
4018,0.003,0.009,0.000,0.004
4019,0.003,0.009,0.000,0.004
4020,0.003,0.009,0.000,0.004
4021,0.003,0.009,0.000,0.004
4022,0.003,0.009,0.000,0.004
4023,0.003,0.009,0.000,0.004
4024,0.003,0.009,0.000,0.004
4025,0.003,0.009,0.000,0.004
4026,0.003,0.009,0.000,0.004
4027,0.003,0.009,0.000,0.004
4028,0.003,0.009,0.000,0.004
4029,0.003,0.009,0.000,0.004
4030,0.003,0.009,0.000,0.004
4031,0.003,0.009,0.000,0.004
4032,0.003,0.009,0.000,0.004
4033,0.003,0.009,0.000,0.004
4034,0.003,0.009,0.000,0.004
4035,0.003,0.009,0.000,0.004
4036,0.003,0.009,0.000,0.004
4037,0.003,0.009,0.000,0.004
4038,0.003,0.009,0.000,0.004
4039,0.003,0.009,0.000,0.004
4040,0.003,0.009,0.000,0.004
4041,0.003,0.009,0.000,0.004
4042,0.003,0.009,0.000,0.004
4043,0.003,0.009,0.000,0.004
4044,0.003,0.009,0.000,0.004
4045,0.003,0.009,0.000,0.004
4046,0.003,0.009,0.000,0.004
4047,0.003,0.009,0.000,0.004
4048,0.003,0.009,0.000,0.004
4049,0.003,0.009,0.000,0.004
4050,0.003,0.009,0.000,0.004
4051,0.003,0.009,0.000,0.004
4052,0.003,0.009,0.000,0.004
4053,0.003,0.009,0.000,0.004
4054,0.003,0.009,0.000,0.004
4055,0.003,0.009,0.000,0.004
4056,0.003,0.009,0.000,0.004
4057,0.003,0.009,0.000,0.004
4058,0.003,0.009,0.000,0.004
4059,0.003,0.009,0.000,0.004
4060,0.003,0.009,0.000,0.004
4061,0.003,0.009,0.000,0.004
4062,0.003,0.009,0.000,0.004
4063,0.003,0.009,0.000,0.004
4064,0.003,0.009,0.000,0.004
4065,0.003,0.009,0.000,0.004
4066,0.003,0.009,0.000,0.004
4067,0.003,0.009,0.000,0.004
4068,0.003,0.009,0.000,0.004
4069,0.003,0.009,0.000,0.004
4070,0.003,0.009,0.000,0.004
4071,0.003,0.009,0.000,0.004
4072,0.003,0.009,0.000,0.004
4073,0.003,0.009,0.000,0.004
4074,0.003,0.009,0.000,0.004
4075,0.003,0.009,0.000,0.004
4076,0.003,0.009,0.000,0.004
4077,0.003,0.009,0.000,0.004
4078,0.003,0.009,0.000,0.004
4079,0.003,0.009,0.000,0.004
4080,0.003,0.009,0.000,0.004
4081,0.003,0.009,0.000,0.004
4082,0.003,0.009,0.000,0.004
4083,0.003,0.009,0.000,0.004
4084,0.003,0.009,0.000,0.004
4085,0.003,0.009,0.000,0.004
4086,0.003,0.009,0.000,0.004
4087,0.003,0.009,0.000,0.004
4088,0.003,0.009,0.000,0.004
4089,0.003,0.009,0.000,0.004
4090,0.003,0.009,0.000,0.004
4091,0.003,0.009,0.000,0.004
4092,0.003,0.009,0.000,0.004
4093,0.003,0.009,0.000,0.004
4094,0.003,0.009,0.000,0.004
4095,0.003,0.009,0.000,0.004
4096,0.003,0.009,0.000,0.004
4097,0.003,0.009,0.000,0.004
4098,0.003,0.009,0.000,0.004
4099,0.003,0.009,0.000,0.004
4100,0.003,0.009,0.000,0.004
4101,0.003,0.009,0.000,0.004
4102,0.003,0.009,0.000,0.004
4103,0.003,0.009,0.000,0.004
4104,0.003,0.009,0.000,0.004
4105,0.003,0.009,0.000,0.004
4106,0.003,0.009,0.000,0.004
4107,0.003,0.009,0.000,0.004
4108,0.003,0.009,0.000,0.004
4109,0.003,0.009,0.000,0.004
4110,0.003,0.009,0.000,0.004
4111,0.003,0.009,0.000,0.004
4112,0.003,0.009,0.000,0.004
4113,0.003,0.009,0.000,0.004
4114,0.003,0.009,0.000,0.004
4115,0.003,0.009,0.000,0.004
4116,0.003,0.009,0.000,0.004
4117,0.003,0.009,0.000,0.004
4118,0.003,0.009,0.000,0.004
4119,0.003,0.009,0.000,0.004
4120,0.003,0.009,0.000,0.004
4121,0.003,0.009,0.000,0.004
4122,0.003,0.009,0.000,0.004
4123,0.003,0.009,0.000,0.004
4124,0.003,0.009,0.000,0.004
4125,0.003,0.009,0.000,0.004
4126,0.003,0.009,0.000,0.004
4127,0.003,0.009,0.000,0.004
4128,0.003,0.009,0.000,0.004
4129,0.003,0.009,0.000,0.004
4130,0.003,0.009,0.000,0.004
4131,0.003,0.009,0.000,0.004
4132,0.003,0.009,0.000,0.004
4133,0.003,0.009,0.000,0.004
4134,0.003,0.009,0.000,0.004
4135,0.003,0.009,0.000,0.004
4136,0.003,0.009,0.000,0.004
4137,0.003,0.009,0.000,0.004
4138,0.003,0.009,0.000,0.004
4139,0.003,0.009,0.000,0.004
4140,0.003,0.009,0.000,0.004
4141,0.003,0.009,0.000,0.004
4142,0.003,0.009,0.000,0.004
4143,0.003,0.009,0.000,0.004
4144,0.003,0.009,0.000,0.004
4145,0.003,0.009,0.000,0.004
4146,0.003,0.009,0.000,0.004
4147,0.003,0.009,0.000,0.004
4148,0.003,0.009,0.000,0.004
4149,0.003,0.009,0.000,0.004
4150,0.003,0.009,0.000,0.004
4151,0.003,0.009,0.000,0.004
4152,0.003,0.009,0.000,0.004
4153,0.003,0.009,0.000,0.004
4154,0.003,0.009,0.000,0.004
4155,0.003,0.009,0.000,0.004
4156,0.003,0.009,0.000,0.004
4157,0.003,0.009,0.000,0.004
4158,0.003,0.009,0.000,0.004
4159,0.003,0.009,0.000,0.004
4160,0.003,0.009,0.000,0.004
4161,0.003,0.009,0.000,0.004
4162,0.003,0.009,0.000,0.004
4163,0.003,0.009,0.000,0.004
4164,0.003,0.009,0.000,0.004
4165,0.003,0.009,0.000,0.004
4166,0.003,0.009,0.000,0.004
4167,0.003,0.009,0.000,0.004
4168,0.003,0.009,0.000,0.004
4169,0.003,0.009,0.000,0.004
4170,0.003,0.009,0.000,0.004
4171,0.003,0.009,0.000,0.004
4172,0.003,0.009,0.000,0.004
4173,0.003,0.009,0.000,0.004
4174,0.003,0.009,0.000,0.004
4175,0.003,0.009,0.000,0.004
4176,0.003,0.009,0.000,0.004
4177,0.003,0.009,0.000,0.004
4178,0.003,0.009,0.000,0.004
4179,0.003,0.009,0.000,0.004
4180,0.003,0.009,0.000,0.004
4181,0.003,0.009,0.000,0.004
4182,0.003,0.009,0.000,0.004
4183,0.003,0.009,0.000,0.004
4184,0.003,0.009,0.000,0.004
4185,0.003,0.009,0.000,0.004
4186,0.003,0.009,0.000,0.004
4187,0.003,0.009,0.000,0.004
4188,0.003,0.009,0.000,0.004
4189,0.003,0.009,0.000,0.004
4190,0.003,0.009,0.000,0.004
4191,0.003,0.009,0.000,0.004
4192,0.003,0.009,0.000,0.004
4193,0.003,0.009,0.000,0.004
4194,0.003,0.009,0.000,0.004
4195,0.003,0.009,0.000,0.004
4196,0.003,0.009,0.000,0.004
4197,0.003,0.009,0.000,0.004
4198,0.003,0.009,0.000,0.004
4199,0.003,0.009,0.000,0.004
4200,0.003,0.009,0.000,0.004
4201,0.003,0.009,0.000,0.004
4202,0.003,0.009,0.000,0.004
4203,0.003,0.009,0.000,0.004
4204,0.003,0.009,0.000,0.004
4205,0.003,0.009,0.000,0.004
4206,0.003,0.009,0.000,0.004
4207,0.003,0.009,0.000,0.004
4208,0.003,0.009,0.000,0.004
4209,0.003,0.009,0.000,0.004
4210,0.003,0.009,0.000,0.004
4211,0.003,0.009,0.000,0.004
4212,0.003,0.009,0.000,0.004
4213,0.003,0.009,0.000,0.004
4214,0.003,0.009,0.000,0.004
4215,0.003,0.009,0.000,0.004
4216,0.003,0.009,0.000,0.004
4217,0.003,0.009,0.000,0.004
4218,0.003,0.009,0.000,0.004
4219,0.003,0.009,0.000,0.004
4220,0.003,0.009,0.000,0.004
4221,0.003,0.009,0.000,0.004
4222,0.003,0.009,0.000,0.004
4223,0.003,0.009,0.000,0.004
4224,0.003,0.009,0.000,0.004
4225,0.003,0.009,0.000,0.004
4226,0.003,0.009,0.000,0.004
4227,0.003,0.009,0.000,0.004
4228,0.003,0.009,0.000,0.004
4229,0.003,0.009,0.000,0.004
4230,0.003,0.009,0.000,0.004
4231,0.003,0.009,0.000,0.004
4232,0.003,0.009,0.000,0.004
4233,0.003,0.009,0.000,0.004
4234,0.003,0.009,0.000,0.004
4235,0.003,0.009,0.000,0.004
4236,0.003,0.009,0.000,0.004
4237,0.003,0.009,0.000,0.004
4238,0.003,0.009,0.000,0.004
4239,0.003,0.009,0.000,0.004
4240,0.003,0.009,0.000,0.004
4241,0.003,0.009,0.000,0.004
4242,0.003,0.009,0.000,0.004
4243,0.003,0.009,0.000,0.004
4244,0.003,0.009,0.000,0.004
4245,0.003,0.009,0.000,0.004
4246,0.003,0.009,0.000,0.004
4247,0.003,0.009,0.000,0.004
4248,0.003,0.009,0.000,0.004
4249,0.003,0.009,0.000,0.004
4250,0.003,0.009,0.000,0.004
4251,0.003,0.009,0.000,0.004
4252,0.003,0.009,0.000,0.004
4253,0.003,0.009,0.000,0.004
4254,0.003,0.009,0.000,0.004
4255,0.003,0.009,0.000,0.004
4256,0.003,0.009,0.000,0.004
4257,0.003,0.009,0.000,0.004
4258,0.003,0.009,0.000,0.004
4259,0.003,0.009,0.000,0.004
4260,0.003,0.009,0.000,0.004
4261,0.003,0.009,0.000,0.004
4262,0.003,0.009,0.000,0.004
4263,0.003,0.009,0.000,0.004
4264,0.003,0.009,0.000,0.004
4265,0.003,0.009,0.000,0.004
4266,0.003,0.009,0.000,0.004
4267,0.003,0.009,0.000,0.004
4268,0.003,0.009,0.000,0.004
4269,0.003,0.009,0.000,0.004
4270,0.003,0.009,0.000,0.004
4271,0.003,0.009,0.000,0.004
4272,0.003,0.009,0.000,0.004
4273,0.003,0.009,0.000,0.004
4274,0.003,0.009,0.000,0.004
4275,0.003,0.009,0.000,0.004
4276,0.003,0.009,0.000,0.004
4277,0.003,0.009,0.000,0.004
4278,0.003,0.009,0.000,0.004
4279,0.003,0.009,0.000,0.004
4280,0.003,0.009,0.000,0.004
4281,0.003,0.009,0.000,0.004
4282,0.003,0.009,0.000,0.004
4283,0.003,0.009,0.000,0.004
4284,0.003,0.009,0.000,0.004
4285,0.003,0.009,0.000,0.004
4286,0.003,0.009,0.000,0.004
4287,0.003,0.009,0.000,0.004
4288,0.003,0.009,0.000,0.004
4289,0.003,0.009,0.000,0.004
4290,0.003,0.009,0.000,0.004
4291,0.003,0.009,0.000,0.004
4292,0.003,0.009,0.000,0.004
4293,0.003,0.009,0.000,0.004
4294,0.003,0.009,0.000,0.004
4295,0.003,0.009,0.000,0.004
4296,0.003,0.009,0.000,0.004
4297,0.003,0.009,0.000,0.004
4298,0.003,0.009,0.000,0.004
4299,0.003,0.009,0.000,0.004
4300,0.003,0.009,0.000,0.004
4301,0.003,0.009,0.000,0.004
4302,0.003,0.009,0.000,0.004
4303,0.003,0.009,0.000,0.004
4304,0.003,0.009,0.000,0.004
4305,0.003,0.009,0.000,0.004
4306,0.003,0.009,0.000,0.004
4307,0.003,0.009,0.000,0.004
4308,0.003,0.009,0.000,0.004
4309,0.003,0.009,0.000,0.004
4310,0.003,0.009,0.000,0.004
4311,0.003,0.009,0.000,0.004
4312,0.003,0.009,0.000,0.004
4313,0.003,0.009,0.000,0.004
4314,0.003,0.009,0.000,0.004
4315,0.003,0.009,0.000,0.004
4316,0.003,0.009,0.000,0.004
4317,0.003,0.009,0.000,0.004
4318,0.003,0.009,0.000,0.004
4319,0.003,0.009,0.000,0.004
4320,0.003,0.009,0.000,0.004
4321,0.003,0.009,0.000,0.004
4322,0.003,0.009,0.000,0.004
4323,0.003,0.009,0.000,0.004
4324,0.003,0.009,0.000,0.004
4325,0.003,0.009,0.000,0.004
4326,0.003,0.009,0.000,0.004
4327,0.003,0.009,0.000,0.004
4328,0.003,0.009,0.000,0.004
4329,0.003,0.009,0.000,0.004
4330,0.003,0.009,0.000,0.004
4331,0.003,0.009,0.000,0.004
4332,0.003,0.009,0.000,0.004
4333,0.003,0.009,0.000,0.004
4334,0.003,0.009,0.000,0.004
4335,0.003,0.009,0.000,0.004
4336,0.003,0.009,0.000,0.004
4337,0.003,0.009,0.000,0.004
4338,0.003,0.009,0.000,0.004
4339,0.003,0.009,0.000,0.004
4340,0.003,0.009,0.000,0.004
4341,0.003,0.009,0.000,0.004
4342,0.003,0.009,0.000,0.004
4343,0.003,0.009,0.000,0.004
4344,0.003,0.009,0.000,0.004
4345,0.003,0.009,0.000,0.004
4346,0.003,0.009,0.000,0.004
4347,0.003,0.009,0.000,0.004
4348,0.003,0.009,0.000,0.004
4349,0.003,0.009,0.000,0.004
4350,0.003,0.009,0.000,0.004
4351,0.003,0.009,0.000,0.004
4352,0.003,0.009,0.000,0.004
4353,0.003,0.009,0.000,0.004
4354,0.003,0.009,0.000,0.004
4355,0.003,0.009,0.000,0.004
4356,0.003,0.009,0.000,0.004
4357,0.003,0.009,0.000,0.004
4358,0.003,0.009,0.000,0.004
4359,0.003,0.009,0.000,0.004
4360,0.003,0.009,0.000,0.004
4361,0.003,0.009,0.000,0.004
4362,0.003,0.009,0.000,0.004
4363,0.003,0.009,0.000,0.004
4364,0.003,0.009,0.000,0.004
4365,0.003,0.009,0.000,0.004
4366,0.003,0.009,0.000,0.004
4367,0.003,0.009,0.000,0.004
4368,0.003,0.009,0.000,0.004
4369,0.003,0.009,0.000,0.004
4370,0.003,0.009,0.000,0.004
4371,0.003,0.009,0.000,0.004
4372,0.003,0.009,0.000,0.004
4373,0.003,0.009,0.000,0.004
4374,0.003,0.009,0.000,0.004
4375,0.003,0.009,0.000,0.004
4376,0.003,0.009,0.000,0.004
4377,0.003,0.009,0.000,0.004
4378,0.003,0.009,0.000,0.004
4379,0.003,0.009,0.000,0.004
4380,0.003,0.009,0.000,0.004
4381,0.003,0.009,0.000,0.004
4382,0.003,0.009,0.000,0.004
4383,0.003,0.009,0.000,0.004
4384,0.003,0.009,0.000,0.004
4385,0.003,0.009,0.000,0.004
4386,0.003,0.009,0.000,0.004
4387,0.003,0.009,0.000,0.004
4388,0.003,0.009,0.000,0.004
4389,0.003,0.009,0.000,0.004
4390,0.003,0.009,0.000,0.004
4391,0.003,0.009,0.000,0.004
4392,0.003,0.009,0.000,0.004
4393,0.003,0.009,0.000,0.004
4394,0.003,0.009,0.000,0.004
4395,0.003,0.009,0.000,0.004
4396,0.003,0.009,0.000,0.004
4397,0.003,0.009,0.000,0.004
4398,0.003,0.009,0.000,0.004
4399,0.003,0.009,0.000,0.004
4400,0.003,0.009,0.000,0.004
4401,0.003,0.009,0.000,0.004
4402,0.003,0.009,0.000,0.004
4403,0.003,0.009,0.000,0.004
4404,0.003,0.009,0.000,0.004
4405,0.003,0.009,0.000,0.004
4406,0.003,0.009,0.000,0.004
4407,0.003,0.009,0.000,0.004
4408,0.003,0.009,0.000,0.004
4409,0.003,0.009,0.000,0.004
4410,0.003,0.009,0.000,0.004
4411,0.003,0.009,0.000,0.004
4412,0.003,0.009,0.000,0.004
4413,0.003,0.009,0.000,0.004
4414,0.003,0.009,0.000,0.004
4415,0.003,0.009,0.000,0.004
4416,0.003,0.009,0.000,0.004
4417,0.003,0.009,0.000,0.004
4418,0.003,0.009,0.000,0.004
4419,0.003,0.009,0.000,0.004
4420,0.003,0.009,0.000,0.004
4421,0.003,0.009,0.000,0.004
4422,0.003,0.009,0.000,0.004
4423,0.003,0.009,0.000,0.004
4424,0.003,0.009,0.000,0.004
4425,0.003,0.009,0.000,0.004
4426,0.003,0.009,0.000,0.004
4427,0.003,0.009,0.000,0.004
4428,0.003,0.009,0.000,0.004
4429,0.003,0.009,0.000,0.004
4430,0.003,0.009,0.000,0.004
4431,0.003,0.009,0.000,0.004
4432,0.003,0.009,0.000,0.004
4433,0.003,0.009,0.000,0.004
4434,0.003,0.009,0.000,0.004
4435,0.003,0.009,0.000,0.004
4436,0.003,0.009,0.000,0.004
4437,0.003,0.009,0.000,0.004
4438,0.003,0.009,0.000,0.004
4439,0.003,0.009,0.000,0.004
4440,0.003,0.009,0.000,0.004
4441,0.003,0.009,0.000,0.004
4442,0.003,0.009,0.000,0.004
4443,0.003,0.009,0.000,0.004
4444,0.003,0.009,0.000,0.004
4445,0.003,0.009,0.000,0.004
4446,0.003,0.009,0.000,0.004
4447,0.003,0.009,0.000,0.004
4448,0.003,0.009,0.000,0.004
4449,0.003,0.009,0.000,0.004
4450,0.003,0.009,0.000,0.004
4451,0.003,0.009,0.000,0.004
4452,0.003,0.009,0.000,0.004
4453,0.003,0.009,0.000,0.004
4454,0.003,0.009,0.000,0.004
4455,0.003,0.009,0.000,0.004
4456,0.003,0.009,0.000,0.004
4457,0.003,0.009,0.000,0.004
4458,0.003,0.009,0.000,0.004
4459,0.003,0.009,0.000,0.004
4460,0.003,0.009,0.000,0.004
4461,0.003,0.009,0.000,0.004
4462,0.003,0.009,0.000,0.004
4463,0.003,0.009,0.000,0.004
4464,0.003,0.009,0.000,0.004
4465,0.003,0.009,0.000,0.004
4466,0.003,0.009,0.000,0.004
4467,0.003,0.009,0.000,0.004
4468,0.003,0.009,0.000,0.004
4469,0.003,0.009,0.000,0.004
4470,0.003,0.009,0.000,0.004
4471,0.003,0.009,0.000,0.004
4472,0.003,0.009,0.000,0.004
4473,0.003,0.009,0.000,0.004
4474,0.003,0.009,0.000,0.004
4475,0.003,0.009,0.000,0.004
4476,0.003,0.009,0.000,0.004
4477,0.003,0.009,0.000,0.004
4478,0.003,0.009,0.000,0.004
4479,0.003,0.009,0.000,0.004
4480,0.003,0.009,0.000,0.004
4481,0.003,0.009,0.000,0.004
4482,0.003,0.009,0.000,0.004
4483,0.003,0.009,0.000,0.004
4484,0.003,0.009,0.000,0.004
4485,0.003,0.009,0.000,0.004
4486,0.003,0.009,0.000,0.004
4487,0.003,0.009,0.000,0.004
4488,0.003,0.009,0.000,0.004
4489,0.003,0.009,0.000,0.004
4490,0.003,0.009,0.000,0.004
4491,0.003,0.009,0.000,0.004
4492,0.003,0.009,0.000,0.004
4493,0.003,0.009,0.000,0.004
4494,0.003,0.009,0.000,0.004
4495,0.003,0.009,0.000,0.004
4496,0.003,0.009,0.000,0.004
4497,0.003,0.009,0.000,0.004
4498,0.003,0.009,0.000,0.004
4499,0.003,0.009,0.000,0.004
4500,0.003,0.009,0.000,0.004
4501,0.003,0.009,0.000,0.004
4502,0.003,0.009,0.000,0.004
4503,0.003,0.009,0.000,0.004
4504,0.003,0.009,0.000,0.004
4505,0.003,0.009,0.000,0.004
4506,0.003,0.009,0.000,0.004
4507,0.003,0.009,0.000,0.004
4508,0.003,0.009,0.000,0.004
4509,0.003,0.009,0.000,0.004
4510,0.003,0.009,0.000,0.004
4511,0.003,0.009,0.000,0.004
4512,0.003,0.009,0.000,0.004
4513,0.003,0.009,0.000,0.004
4514,0.003,0.009,0.000,0.004
4515,0.003,0.009,0.000,0.004
4516,0.003,0.009,0.000,0.004
4517,0.003,0.009,0.000,0.004
4518,0.003,0.009,0.000,0.004
4519,0.003,0.009,0.000,0.004
4520,0.003,0.009,0.000,0.004
4521,0.003,0.009,0.000,0.004
4522,0.003,0.009,0.000,0.004
4523,0.003,0.009,0.000,0.004
4524,0.003,0.009,0.000,0.004
4525,0.003,0.009,0.000,0.004
4526,0.003,0.009,0.000,0.004
4527,0.003,0.009,0.000,0.004
4528,0.003,0.009,0.000,0.004
4529,0.003,0.009,0.000,0.004
4530,0.003,0.009,0.000,0.004
4531,0.003,0.009,0.000,0.004
4532,0.003,0.009,0.000,0.004
4533,0.003,0.009,0.000,0.004
4534,0.003,0.009,0.000,0.004
4535,0.003,0.009,0.000,0.004
4536,0.003,0.009,0.000,0.004
4537,0.003,0.009,0.000,0.004
4538,0.003,0.009,0.000,0.004
4539,0.003,0.009,0.000,0.004
4540,0.003,0.009,0.000,0.004
4541,0.003,0.009,0.000,0.004
4542,0.003,0.009,0.000,0.004
4543,0.003,0.009,0.000,0.004
4544,0.003,0.009,0.000,0.004
4545,0.003,0.009,0.000,0.004
4546,0.003,0.009,0.000,0.004
4547,0.003,0.009,0.000,0.004
4548,0.003,0.009,0.000,0.004
4549,0.003,0.009,0.000,0.004
4550,0.003,0.009,0.000,0.004
4551,0.003,0.009,0.000,0.004
4552,0.003,0.009,0.000,0.004
4553,0.003,0.009,0.000,0.004
4554,0.003,0.009,0.000,0.004
4555,0.003,0.009,0.000,0.004
4556,0.003,0.009,0.000,0.004
4557,0.003,0.009,0.000,0.004
4558,0.003,0.009,0.000,0.004
4559,0.003,0.009,0.000,0.004
4560,0.003,0.009,0.000,0.004
4561,0.003,0.009,0.000,0.004
4562,0.003,0.009,0.000,0.004
4563,0.003,0.009,0.000,0.004
4564,0.003,0.009,0.000,0.004
4565,0.003,0.009,0.000,0.004
4566,0.003,0.009,0.000,0.004
4567,0.003,0.009,0.000,0.004
4568,0.003,0.009,0.000,0.004
4569,0.003,0.009,0.000,0.004
4570,0.003,0.009,0.000,0.004
4571,0.003,0.009,0.000,0.004
4572,0.003,0.009,0.000,0.004
4573,0.003,0.009,0.000,0.004
4574,0.003,0.009,0.000,0.004
4575,0.003,0.009,0.000,0.004
4576,0.003,0.009,0.000,0.004
4577,0.003,0.009,0.000,0.004
4578,0.003,0.009,0.000,0.004
4579,0.003,0.009,0.000,0.004
4580,0.003,0.009,0.000,0.004
4581,0.003,0.009,0.000,0.004
4582,0.003,0.009,0.000,0.004
4583,0.003,0.009,0.000,0.004
4584,0.003,0.009,0.000,0.004
4585,0.003,0.009,0.000,0.004
4586,0.003,0.009,0.000,0.004
4587,0.003,0.009,0.000,0.004
4588,0.003,0.009,0.000,0.004
4589,0.003,0.009,0.000,0.004
4590,0.003,0.009,0.000,0.004
4591,0.003,0.009,0.000,0.004
4592,0.003,0.009,0.000,0.004
4593,0.003,0.009,0.000,0.004
4594,0.003,0.009,0.000,0.004
4595,0.003,0.009,0.000,0.004
4596,0.003,0.009,0.000,0.004
4597,0.003,0.009,0.000,0.004
4598,0.003,0.009,0.000,0.004
4599,0.003,0.009,0.000,0.004
4600,0.003,0.009,0.000,0.004
4601,0.003,0.009,0.000,0.004
4602,0.003,0.009,0.000,0.004
4603,0.003,0.009,0.000,0.004
4604,0.003,0.009,0.000,0.004
4605,0.003,0.009,0.000,0.004
4606,0.003,0.009,0.000,0.004
4607,0.003,0.009,0.000,0.004
4608,0.003,0.009,0.000,0.004
4609,0.003,0.009,0.000,0.004
4610,0.003,0.009,0.000,0.004
4611,0.003,0.009,0.000,0.004
4612,0.003,0.009,0.000,0.004
4613,0.003,0.009,0.000,0.004
4614,0.003,0.009,0.000,0.004
4615,0.003,0.009,0.000,0.004
4616,0.003,0.009,0.000,0.004
4617,0.003,0.009,0.000,0.004
4618,0.003,0.009,0.000,0.004
4619,0.003,0.009,0.000,0.004
4620,0.003,0.009,0.000,0.004
4621,0.003,0.009,0.000,0.004
4622,0.003,0.009,0.000,0.004
4623,0.003,0.009,0.000,0.004
4624,0.003,0.009,0.000,0.004
4625,0.003,0.009,0.000,0.004
4626,0.003,0.009,0.000,0.004
4627,0.003,0.009,0.000,0.004
4628,0.003,0.009,0.000,0.004
4629,0.003,0.009,0.000,0.004
4630,0.003,0.009,0.000,0.004
4631,0.003,0.009,0.000,0.004
4632,0.003,0.009,0.000,0.004
4633,0.003,0.009,0.000,0.004
4634,0.003,0.009,0.000,0.004
4635,0.003,0.009,0.000,0.004
4636,0.003,0.009,0.000,0.004
4637,0.003,0.009,0.000,0.004
4638,0.003,0.009,0.000,0.004
4639,0.003,0.009,0.000,0.004
4640,0.003,0.009,0.000,0.004
4641,0.003,0.009,0.000,0.004
4642,0.003,0.009,0.000,0.004
4643,0.003,0.009,0.000,0.004
4644,0.003,0.009,0.000,0.004
4645,0.003,0.009,0.000,0.004
4646,0.003,0.009,0.000,0.004
4647,0.003,0.009,0.000,0.004
4648,0.003,0.009,0.000,0.004
4649,0.003,0.009,0.000,0.004
4650,0.003,0.009,0.000,0.004
4651,0.003,0.009,0.000,0.004
4652,0.003,0.009,0.000,0.004
4653,0.003,0.009,0.000,0.004
4654,0.003,0.009,0.000,0.004
4655,0.003,0.009,0.000,0.004
4656,0.003,0.009,0.000,0.004
4657,0.003,0.009,0.000,0.004
4658,0.003,0.009,0.000,0.004
4659,0.003,0.009,0.000,0.004
4660,0.003,0.009,0.000,0.004
4661,0.003,0.009,0.000,0.004
4662,0.003,0.009,0.000,0.004
4663,0.003,0.009,0.000,0.004
4664,0.003,0.009,0.000,0.004
4665,0.003,0.009,0.000,0.004
4666,0.003,0.009,0.000,0.004
4667,0.003,0.009,0.000,0.004
4668,0.003,0.009,0.000,0.004
4669,0.003,0.009,0.000,0.004
4670,0.003,0.009,0.000,0.004
4671,0.003,0.009,0.000,0.004
4672,0.003,0.009,0.000,0.004
4673,0.003,0.009,0.000,0.004
4674,0.003,0.009,0.000,0.004
4675,0.003,0.009,0.000,0.004
4676,0.003,0.009,0.000,0.004
4677,0.003,0.009,0.000,0.004
4678,0.003,0.009,0.000,0.004
4679,0.003,0.009,0.000,0.004
4680,0.003,0.009,0.000,0.004
4681,0.003,0.009,0.000,0.004
4682,0.003,0.009,0.000,0.004
4683,0.003,0.009,0.000,0.004
4684,0.003,0.009,0.000,0.004
4685,0.003,0.009,0.000,0.004
4686,0.003,0.009,0.000,0.004
4687,0.003,0.009,0.000,0.004
4688,0.003,0.009,0.000,0.004
4689,0.003,0.009,0.000,0.004
4690,0.003,0.009,0.000,0.004
4691,0.003,0.009,0.000,0.004
4692,0.003,0.009,0.000,0.004
4693,0.003,0.009,0.000,0.004
4694,0.003,0.009,0.000,0.004
4695,0.003,0.009,0.000,0.004
4696,0.003,0.009,0.000,0.004
4697,0.003,0.009,0.000,0.004
4698,0.003,0.009,0.000,0.004
4699,0.003,0.009,0.000,0.004
4700,0.003,0.009,0.000,0.004
4701,0.003,0.009,0.000,0.004
4702,0.003,0.009,0.000,0.004
4703,0.003,0.009,0.000,0.004
4704,0.003,0.009,0.000,0.004
4705,0.003,0.009,0.000,0.004
4706,0.003,0.009,0.000,0.004
4707,0.003,0.009,0.000,0.004
4708,0.003,0.009,0.000,0.004
4709,0.003,0.009,0.000,0.004
4710,0.003,0.009,0.000,0.004
4711,0.003,0.009,0.000,0.004
4712,0.003,0.009,0.000,0.004
4713,0.003,0.009,0.000,0.004
4714,0.003,0.009,0.000,0.004
4715,0.003,0.009,0.000,0.004
4716,0.003,0.009,0.000,0.004
4717,0.003,0.009,0.000,0.004
4718,0.003,0.009,0.000,0.004
4719,0.003,0.009,0.000,0.004
4720,0.003,0.009,0.000,0.004
4721,0.003,0.009,0.000,0.004
4722,0.003,0.009,0.000,0.004
4723,0.003,0.009,0.000,0.004
4724,0.003,0.009,0.000,0.004
4725,0.003,0.009,0.000,0.004
4726,0.003,0.009,0.000,0.004
4727,0.003,0.009,0.000,0.004
4728,0.003,0.009,0.000,0.004
4729,0.003,0.009,0.000,0.004
4730,0.003,0.009,0.000,0.004
4731,0.003,0.009,0.000,0.004
4732,0.003,0.009,0.000,0.004
4733,0.003,0.009,0.000,0.004
4734,0.003,0.009,0.000,0.004
4735,0.003,0.009,0.000,0.004
4736,0.003,0.009,0.000,0.004
4737,0.003,0.009,0.000,0.004
4738,0.003,0.009,0.000,0.004
4739,0.003,0.009,0.000,0.004
4740,0.003,0.009,0.000,0.004
4741,0.003,0.009,0.000,0.004
4742,0.003,0.009,0.000,0.004
4743,0.003,0.009,0.000,0.004
4744,0.003,0.009,0.000,0.004
4745,0.003,0.009,0.000,0.004
4746,0.003,0.009,0.000,0.004
4747,0.003,0.009,0.000,0.004
4748,0.003,0.009,0.000,0.004
4749,0.003,0.009,0.000,0.004
4750,0.003,0.009,0.000,0.004
4751,0.003,0.009,0.000,0.004
4752,0.003,0.009,0.000,0.004
4753,0.003,0.009,0.000,0.004
4754,0.003,0.009,0.000,0.004
4755,0.003,0.009,0.000,0.004
4756,0.003,0.009,0.000,0.004
4757,0.003,0.009,0.000,0.004
4758,0.003,0.009,0.000,0.004
4759,0.003,0.009,0.000,0.004
4760,0.003,0.009,0.000,0.004
4761,0.003,0.009,0.000,0.004
4762,0.003,0.009,0.000,0.004
4763,0.003,0.009,0.000,0.004
4764,0.003,0.009,0.000,0.004
4765,0.003,0.009,0.000,0.004
4766,0.003,0.009,0.000,0.004
4767,0.003,0.009,0.000,0.004
4768,0.003,0.009,0.000,0.004
4769,0.003,0.009,0.000,0.004
4770,0.003,0.009,0.000,0.004
4771,0.003,0.009,0.000,0.004
4772,0.003,0.009,0.000,0.004
4773,0.003,0.009,0.000,0.004
4774,0.003,0.009,0.000,0.004
4775,0.003,0.009,0.000,0.004
4776,0.003,0.009,0.000,0.004
4777,0.003,0.009,0.000,0.004
4778,0.003,0.009,0.000,0.004
4779,0.003,0.009,0.000,0.004
4780,0.003,0.009,0.000,0.004
4781,0.003,0.009,0.000,0.004
4782,0.003,0.009,0.000,0.004
4783,0.003,0.009,0.000,0.004
4784,0.003,0.009,0.000,0.004
4785,0.003,0.009,0.000,0.004
4786,0.003,0.009,0.000,0.004
4787,0.003,0.009,0.000,0.004
4788,0.003,0.009,0.000,0.004
4789,0.003,0.009,0.000,0.004
4790,0.003,0.009,0.000,0.004
4791,0.003,0.009,0.000,0.004
4792,0.003,0.009,0.000,0.004
4793,0.003,0.009,0.000,0.004
4794,0.003,0.009,0.000,0.004
4795,0.003,0.009,0.000,0.004
4796,0.003,0.009,0.000,0.004
4797,0.003,0.009,0.000,0.004
4798,0.003,0.009,0.000,0.004
4799,0.003,0.009,0.000,0.004
4800,0.003,0.009,0.000,0.004
4801,0.003,0.009,0.000,0.004
4802,0.003,0.009,0.000,0.004
4803,0.003,0.009,0.000,0.004
4804,0.003,0.009,0.000,0.004
4805,0.003,0.009,0.000,0.004
4806,0.003,0.009,0.000,0.004
4807,0.003,0.009,0.000,0.004
4808,0.003,0.009,0.000,0.004
4809,0.003,0.009,0.000,0.004
4810,0.003,0.009,0.000,0.004
4811,0.003,0.009,0.000,0.004
4812,0.003,0.009,0.000,0.004
4813,0.003,0.009,0.000,0.004
4814,0.003,0.009,0.000,0.004
4815,0.003,0.009,0.000,0.004
4816,0.003,0.009,0.000,0.004
4817,0.003,0.009,0.000,0.004
4818,0.003,0.009,0.000,0.004
4819,0.003,0.009,0.000,0.004
4820,0.003,0.009,0.000,0.004
4821,0.003,0.009,0.000,0.004
4822,0.003,0.009,0.000,0.004
4823,0.003,0.009,0.000,0.004
4824,0.003,0.009,0.000,0.004
4825,0.003,0.009,0.000,0.004
4826,0.003,0.009,0.000,0.004
4827,0.003,0.009,0.000,0.004
4828,0.003,0.009,0.000,0.004
4829,0.003,0.009,0.000,0.004
4830,0.003,0.009,0.000,0.004
4831,0.003,0.009,0.000,0.004
4832,0.003,0.009,0.000,0.004
4833,0.003,0.009,0.000,0.004
4834,0.003,0.009,0.000,0.004
4835,0.003,0.009,0.000,0.004
4836,0.003,0.009,0.000,0.004
4837,0.003,0.009,0.000,0.004
4838,0.003,0.009,0.000,0.004
4839,0.003,0.009,0.000,0.004
4840,0.003,0.009,0.000,0.004
4841,0.003,0.009,0.000,0.004
4842,0.003,0.009,0.000,0.004
4843,0.003,0.009,0.000,0.004
4844,0.003,0.009,0.000,0.004
4845,0.003,0.009,0.000,0.004
4846,0.003,0.009,0.000,0.004
4847,0.003,0.009,0.000,0.004
4848,0.003,0.009,0.000,0.004
4849,0.003,0.009,0.000,0.004
4850,0.003,0.009,0.000,0.004
4851,0.003,0.009,0.000,0.004
4852,0.003,0.009,0.000,0.004
4853,0.003,0.009,0.000,0.004
4854,0.003,0.009,0.000,0.004
4855,0.003,0.009,0.000,0.004
4856,0.003,0.009,0.000,0.004
4857,0.003,0.009,0.000,0.004
4858,0.003,0.009,0.000,0.004
4859,0.003,0.009,0.000,0.004
4860,0.003,0.009,0.000,0.004
4861,0.003,0.009,0.000,0.004
4862,0.003,0.009,0.000,0.004
4863,0.003,0.009,0.000,0.004
4864,0.003,0.009,0.000,0.004
4865,0.003,0.009,0.000,0.004
4866,0.003,0.009,0.000,0.004
4867,0.003,0.009,0.000,0.004
4868,0.003,0.009,0.000,0.004
4869,0.003,0.009,0.000,0.004
4870,0.003,0.009,0.000,0.004
4871,0.003,0.009,0.000,0.004
4872,0.003,0.009,0.000,0.004
4873,0.003,0.009,0.000,0.004
4874,0.003,0.009,0.000,0.004
4875,0.003,0.009,0.000,0.004
4876,0.003,0.009,0.000,0.004
4877,0.003,0.009,0.000,0.004
4878,0.003,0.009,0.000,0.004
4879,0.003,0.009,0.000,0.004
4880,0.003,0.009,0.000,0.004
4881,0.003,0.009,0.000,0.004
4882,0.003,0.009,0.000,0.004
4883,0.003,0.009,0.000,0.004
4884,0.003,0.009,0.000,0.004
4885,0.003,0.009,0.000,0.004
4886,0.003,0.009,0.000,0.004
4887,0.003,0.009,0.000,0.004
4888,0.003,0.009,0.000,0.004
4889,0.003,0.009,0.000,0.004
4890,0.003,0.009,0.000,0.004
4891,0.003,0.009,0.000,0.004
4892,0.003,0.009,0.000,0.004
4893,0.003,0.009,0.000,0.004
4894,0.003,0.009,0.000,0.004
4895,0.003,0.009,0.000,0.004
4896,0.003,0.009,0.000,0.004
4897,0.003,0.009,0.000,0.004
4898,0.003,0.009,0.000,0.004
4899,0.003,0.009,0.000,0.004
4900,0.003,0.009,0.000,0.004
4901,0.003,0.009,0.000,0.004
4902,0.003,0.009,0.000,0.004
4903,0.003,0.009,0.000,0.004
4904,0.003,0.009,0.000,0.004
4905,0.003,0.009,0.000,0.004
4906,0.003,0.009,0.000,0.004
4907,0.003,0.009,0.000,0.004
4908,0.003,0.009,0.000,0.004
4909,0.003,0.009,0.000,0.004
4910,0.003,0.009,0.000,0.004
4911,0.003,0.009,0.000,0.004
4912,0.003,0.009,0.000,0.004
4913,0.003,0.009,0.000,0.004
4914,0.003,0.009,0.000,0.004
4915,0.003,0.009,0.000,0.004
4916,0.003,0.009,0.000,0.004
4917,0.003,0.009,0.000,0.004
4918,0.003,0.009,0.000,0.004
4919,0.003,0.009,0.000,0.004
4920,0.003,0.009,0.000,0.004
4921,0.003,0.009,0.000,0.004
4922,0.003,0.009,0.000,0.004
4923,0.003,0.009,0.000,0.004
4924,0.003,0.009,0.000,0.004
4925,0.003,0.009,0.000,0.004
4926,0.003,0.009,0.000,0.004
4927,0.003,0.009,0.000,0.004
4928,0.003,0.009,0.000,0.004
4929,0.003,0.009,0.000,0.004
4930,0.003,0.009,0.000,0.004
4931,0.003,0.009,0.000,0.004
4932,0.003,0.009,0.000,0.004
4933,0.003,0.009,0.000,0.004
4934,0.003,0.009,0.000,0.004
4935,0.003,0.009,0.000,0.004
4936,0.003,0.009,0.000,0.004
4937,0.003,0.009,0.000,0.004
4938,0.003,0.009,0.000,0.004
4939,0.003,0.009,0.000,0.004
4940,0.003,0.009,0.000,0.004
4941,0.003,0.009,0.000,0.004
4942,0.003,0.009,0.000,0.004
4943,0.003,0.009,0.000,0.004
4944,0.003,0.009,0.000,0.004
4945,0.003,0.009,0.000,0.004
4946,0.003,0.009,0.000,0.004
4947,0.003,0.009,0.000,0.004
4948,0.003,0.009,0.000,0.004
4949,0.003,0.009,0.000,0.004
4950,0.003,0.009,0.000,0.004
4951,0.003,0.009,0.000,0.004
4952,0.003,0.009,0.000,0.004
4953,0.003,0.009,0.000,0.004
4954,0.003,0.009,0.000,0.004
4955,0.003,0.009,0.000,0.004
4956,0.003,0.009,0.000,0.004
4957,0.003,0.009,0.000,0.004
4958,0.003,0.009,0.000,0.004
4959,0.003,0.009,0.000,0.004
4960,0.003,0.009,0.000,0.004
4961,0.003,0.009,0.000,0.004
4962,0.003,0.009,0.000,0.004
4963,0.003,0.009,0.000,0.004
4964,0.003,0.009,0.000,0.004
4965,0.003,0.009,0.000,0.004
4966,0.003,0.009,0.000,0.004
4967,0.003,0.009,0.000,0.004
4968,0.003,0.009,0.000,0.004
4969,0.003,0.009,0.000,0.004
4970,0.003,0.009,0.000,0.004
4971,0.003,0.009,0.000,0.004
4972,0.003,0.009,0.000,0.004
4973,0.003,0.009,0.000,0.004
4974,0.003,0.009,0.000,0.004
4975,0.003,0.009,0.000,0.004
4976,0.003,0.009,0.000,0.004
4977,0.003,0.009,0.000,0.004
4978,0.003,0.009,0.000,0.004
4979,0.003,0.009,0.000,0.004
4980,0.003,0.009,0.000,0.004
4981,0.003,0.009,0.000,0.004
4982,0.003,0.009,0.000,0.004
4983,0.003,0.009,0.000,0.004
4984,0.003,0.009,0.000,0.004
4985,0.003,0.009,0.000,0.004
4986,0.003,0.009,0.000,0.004
4987,0.003,0.009,0.000,0.004
4988,0.003,0.009,0.000,0.004
4989,0.003,0.009,0.000,0.004
4990,0.003,0.009,0.000,0.004
4991,0.003,0.009,0.000,0.004
4992,0.003,0.009,0.000,0.004
4993,0.003,0.009,0.000,0.004
4994,0.003,0.009,0.000,0.004
4995,0.003,0.009,0.000,0.004
4996,0.003,0.009,0.000,0.004
4997,0.003,0.009,0.000,0.004
4998,0.003,0.009,0.000,0.004
4999,0.003,0.009,0.000,0.004
5000,0.003,0.009,0.000,0.004
5001,0.003,0.009,0.000,0.004
5002,0.003,0.009,0.000,0.004
5003,0.003,0.009,0.000,0.004
5004,0.003,0.009,0.000,0.004
5005,0.003,0.009,0.000,0.004
5006,0.003,0.009,0.000,0.004
5007,0.003,0.009,0.000,0.004
5008,0.003,0.009,0.000,0.004
5009,0.003,0.009,0.000,0.004
5010,0.003,0.009,0.000,0.004
5011,0.003,0.009,0.000,0.004
5012,0.003,0.009,0.000,0.004
5013,0.003,0.009,0.000,0.004
5014,0.003,0.009,0.000,0.004
5015,0.003,0.009,0.000,0.004
5016,0.003,0.009,0.000,0.004
5017,0.003,0.009,0.000,0.004
5018,0.003,0.009,0.000,0.004
5019,0.003,0.009,0.000,0.004
5020,0.003,0.009,0.000,0.004
5021,0.003,0.009,0.000,0.004
5022,0.003,0.009,0.000,0.004
5023,0.003,0.009,0.000,0.004
5024,0.003,0.009,0.000,0.004
5025,0.003,0.009,0.000,0.004
5026,0.003,0.009,0.000,0.004
5027,0.003,0.009,0.000,0.004
5028,0.003,0.009,0.000,0.004
5029,0.003,0.009,0.000,0.004
5030,0.003,0.009,0.000,0.004
5031,0.003,0.009,0.000,0.004
5032,0.003,0.009,0.000,0.004
5033,0.003,0.009,0.000,0.004
5034,0.003,0.009,0.000,0.004
5035,0.003,0.009,0.000,0.004
5036,0.003,0.009,0.000,0.004
5037,0.003,0.009,0.000,0.004
5038,0.003,0.009,0.000,0.004
5039,0.003,0.009,0.000,0.004
5040,0.003,0.009,0.000,0.004
5041,0.003,0.009,0.000,0.004
5042,0.003,0.009,0.000,0.004
5043,0.003,0.009,0.000,0.004
5044,0.003,0.009,0.000,0.004
5045,0.003,0.009,0.000,0.004
5046,0.003,0.009,0.000,0.004
5047,0.003,0.009,0.000,0.004
5048,0.003,0.009,0.000,0.004
5049,0.003,0.009,0.000,0.004
5050,0.003,0.009,0.000,0.004
5051,0.003,0.009,0.000,0.004
5052,0.003,0.009,0.000,0.004
5053,0.003,0.009,0.000,0.004
5054,0.003,0.009,0.000,0.004
5055,0.003,0.009,0.000,0.004
5056,0.003,0.009,0.000,0.004
5057,0.003,0.009,0.000,0.004
5058,0.003,0.009,0.000,0.004
5059,0.003,0.009,0.000,0.004
5060,0.003,0.009,0.000,0.004
5061,0.003,0.009,0.000,0.004
5062,0.003,0.009,0.000,0.004
5063,0.003,0.009,0.000,0.004
5064,0.003,0.009,0.000,0.004
5065,0.003,0.009,0.000,0.004
5066,0.003,0.009,0.000,0.004
5067,0.003,0.009,0.000,0.004
5068,0.003,0.009,0.000,0.004
5069,0.003,0.009,0.000,0.004
5070,0.003,0.009,0.000,0.004
5071,0.003,0.009,0.000,0.004
5072,0.003,0.009,0.000,0.004
5073,0.003,0.009,0.000,0.004
5074,0.003,0.009,0.000,0.004
5075,0.003,0.009,0.000,0.004
5076,0.003,0.009,0.000,0.004
5077,0.003,0.009,0.000,0.004
5078,0.003,0.009,0.000,0.004
5079,0.003,0.009,0.000,0.004
5080,0.003,0.009,0.000,0.004
5081,0.003,0.009,0.000,0.004
5082,0.003,0.009,0.000,0.004
5083,0.003,0.009,0.000,0.004
5084,0.003,0.009,0.000,0.004
5085,0.003,0.009,0.000,0.004
5086,0.003,0.009,0.000,0.004
5087,0.003,0.009,0.000,0.004
5088,0.003,0.009,0.000,0.004
5089,0.003,0.009,0.000,0.004
5090,0.003,0.009,0.000,0.004
5091,0.003,0.009,0.000,0.004
5092,0.003,0.009,0.000,0.004
5093,0.003,0.009,0.000,0.004
5094,0.003,0.009,0.000,0.004
5095,0.003,0.009,0.000,0.004
5096,0.003,0.009,0.000,0.004
5097,0.003,0.009,0.000,0.004
5098,0.003,0.009,0.000,0.004
5099,0.003,0.009,0.000,0.004
5100,0.003,0.009,0.000,0.004
5101,0.003,0.009,0.000,0.004
5102,0.003,0.009,0.000,0.004
5103,0.003,0.009,0.000,0.004
5104,0.003,0.009,0.000,0.004
5105,0.003,0.009,0.000,0.004
5106,0.003,0.009,0.000,0.004
5107,0.003,0.009,0.000,0.004
5108,0.003,0.009,0.000,0.004
5109,0.003,0.009,0.000,0.004
5110,0.003,0.009,0.000,0.004
5111,0.003,0.009,0.000,0.004
5112,0.003,0.009,0.000,0.004
5113,0.003,0.009,0.000,0.004
5114,0.003,0.009,0.000,0.004
5115,0.003,0.009,0.000,0.004
5116,0.003,0.009,0.000,0.004
5117,0.003,0.009,0.000,0.004
5118,0.003,0.009,0.000,0.004
5119,0.003,0.009,0.000,0.004
5120,0.003,0.009,0.000,0.004
5121,0.003,0.009,0.000,0.004
5122,0.003,0.009,0.000,0.004
5123,0.003,0.009,0.000,0.004
5124,0.003,0.009,0.000,0.004
5125,0.003,0.009,0.000,0.004
5126,0.003,0.009,0.000,0.004
5127,0.003,0.009,0.000,0.004
5128,0.003,0.009,0.000,0.004
5129,0.003,0.009,0.000,0.004
5130,0.003,0.009,0.000,0.004
5131,0.003,0.009,0.000,0.004
5132,0.003,0.009,0.000,0.004
5133,0.003,0.009,0.000,0.004
5134,0.003,0.009,0.000,0.004
5135,0.003,0.009,0.000,0.004
5136,0.003,0.009,0.000,0.004
5137,0.003,0.009,0.000,0.004
5138,0.003,0.009,0.000,0.004
5139,0.003,0.009,0.000,0.004
5140,0.003,0.009,0.000,0.004
5141,0.003,0.009,0.000,0.004
5142,0.003,0.009,0.000,0.004
5143,0.003,0.009,0.000,0.004
5144,0.003,0.009,0.000,0.004
5145,0.003,0.009,0.000,0.004
5146,0.003,0.009,0.000,0.004
5147,0.003,0.009,0.000,0.004
5148,0.003,0.009,0.000,0.004
5149,0.003,0.009,0.000,0.004
5150,0.003,0.009,0.000,0.004
5151,0.003,0.009,0.000,0.004
5152,0.003,0.009,0.000,0.004
5153,0.003,0.009,0.000,0.004
5154,0.003,0.009,0.000,0.004
5155,0.003,0.009,0.000,0.004
5156,0.003,0.009,0.000,0.004
5157,0.003,0.009,0.000,0.004
5158,0.003,0.009,0.000,0.004
5159,0.003,0.009,0.000,0.004
5160,0.003,0.009,0.000,0.004
5161,0.003,0.009,0.000,0.004
5162,0.003,0.009,0.000,0.004
5163,0.003,0.009,0.000,0.004
5164,0.003,0.009,0.000,0.004
5165,0.003,0.009,0.000,0.004
5166,0.003,0.009,0.000,0.004
5167,0.003,0.009,0.000,0.004
5168,0.003,0.009,0.000,0.004
5169,0.003,0.009,0.000,0.004
5170,0.003,0.009,0.000,0.004
5171,0.003,0.009,0.000,0.004
5172,0.003,0.009,0.000,0.004
5173,0.003,0.009,0.000,0.004
5174,0.003,0.009,0.000,0.004
5175,0.003,0.009,0.000,0.004
5176,0.003,0.009,0.000,0.004
5177,0.003,0.009,0.000,0.004
5178,0.003,0.009,0.000,0.004
5179,0.003,0.009,0.000,0.004
5180,0.003,0.009,0.000,0.004
5181,0.003,0.009,0.000,0.004
5182,0.003,0.009,0.000,0.004
5183,0.003,0.009,0.000,0.004
5184,0.003,0.009,0.000,0.004
5185,0.003,0.009,0.000,0.004
5186,0.003,0.009,0.000,0.004
5187,0.003,0.009,0.000,0.004
5188,0.003,0.009,0.000,0.004
5189,0.003,0.009,0.000,0.004
5190,0.003,0.009,0.000,0.004
5191,0.003,0.009,0.000,0.004
5192,0.003,0.009,0.000,0.004
5193,0.003,0.009,0.000,0.004
5194,0.003,0.009,0.000,0.004
5195,0.003,0.009,0.000,0.004
5196,0.003,0.009,0.000,0.004
5197,0.003,0.009,0.000,0.004
5198,0.003,0.009,0.000,0.004
5199,0.003,0.009,0.000,0.004
5200,0.003,0.009,0.000,0.004
5201,0.003,0.009,0.000,0.004
5202,0.003,0.009,0.000,0.004
5203,0.003,0.009,0.000,0.004
5204,0.003,0.009,0.000,0.004
5205,0.003,0.009,0.000,0.004
5206,0.003,0.009,0.000,0.004
5207,0.003,0.009,0.000,0.004
5208,0.003,0.009,0.000,0.004
5209,0.003,0.009,0.000,0.004
5210,0.003,0.009,0.000,0.004
5211,0.003,0.009,0.000,0.004
5212,0.003,0.009,0.000,0.004
5213,0.003,0.009,0.000,0.004
5214,0.003,0.009,0.000,0.004
5215,0.003,0.009,0.000,0.004
5216,0.003,0.009,0.000,0.004
5217,0.003,0.009,0.000,0.004
5218,0.003,0.009,0.000,0.004
5219,0.003,0.009,0.000,0.004
5220,0.003,0.009,0.000,0.004
5221,0.003,0.009,0.000,0.004
5222,0.003,0.009,0.000,0.004
5223,0.003,0.009,0.000,0.004
5224,0.003,0.009,0.000,0.004
5225,0.003,0.009,0.000,0.004
5226,0.003,0.009,0.000,0.004
5227,0.003,0.009,0.000,0.004
5228,0.003,0.009,0.000,0.004
5229,0.003,0.009,0.000,0.004
5230,0.003,0.009,0.000,0.004
5231,0.003,0.009,0.000,0.004
5232,0.003,0.009,0.000,0.004
5233,0.003,0.009,0.000,0.004
5234,0.003,0.009,0.000,0.004
5235,0.003,0.009,0.000,0.004
5236,0.003,0.009,0.000,0.004
5237,0.003,0.009,0.000,0.004
5238,0.003,0.009,0.000,0.004
5239,0.003,0.009,0.000,0.004
5240,0.003,0.009,0.000,0.004
5241,0.003,0.009,0.000,0.004
5242,0.003,0.009,0.000,0.004
5243,0.003,0.009,0.000,0.004
5244,0.003,0.009,0.000,0.004
5245,0.003,0.009,0.000,0.004
5246,0.003,0.009,0.000,0.004
5247,0.003,0.009,0.000,0.004
5248,0.003,0.009,0.000,0.004
5249,0.003,0.009,0.000,0.004
5250,0.003,0.009,0.000,0.004
5251,0.003,0.009,0.000,0.004
5252,0.003,0.009,0.000,0.004
5253,0.003,0.009,0.000,0.004
5254,0.003,0.009,0.000,0.004
5255,0.003,0.009,0.000,0.004
5256,0.003,0.009,0.000,0.004
5257,0.003,0.009,0.000,0.004
5258,0.003,0.009,0.000,0.004
5259,0.003,0.009,0.000,0.004
5260,0.003,0.009,0.000,0.004
5261,0.003,0.009,0.000,0.004
5262,0.003,0.009,0.000,0.004
5263,0.003,0.009,0.000,0.004
5264,0.003,0.009,0.000,0.004
5265,0.003,0.009,0.000,0.004
5266,0.003,0.009,0.000,0.004
5267,0.003,0.009,0.000,0.004
5268,0.003,0.009,0.000,0.004
5269,0.003,0.009,0.000,0.004
5270,0.003,0.009,0.000,0.004
5271,0.003,0.009,0.000,0.004
5272,0.003,0.009,0.000,0.004
5273,0.003,0.009,0.000,0.004
5274,0.003,0.009,0.000,0.004
5275,0.003,0.009,0.000,0.004
5276,0.003,0.009,0.000,0.004
5277,0.003,0.009,0.000,0.004
5278,0.003,0.009,0.000,0.004
5279,0.003,0.009,0.000,0.004
5280,0.003,0.009,0.000,0.004
5281,0.003,0.009,0.000,0.004
5282,0.003,0.009,0.000,0.004
5283,0.003,0.009,0.000,0.004
5284,0.003,0.009,0.000,0.004
5285,0.003,0.009,0.000,0.004
5286,0.003,0.009,0.000,0.004
5287,0.003,0.009,0.000,0.004
5288,0.003,0.009,0.000,0.004
5289,0.003,0.009,0.000,0.004
5290,0.003,0.009,0.000,0.004
5291,0.003,0.009,0.000,0.004
5292,0.003,0.009,0.000,0.004
5293,0.003,0.009,0.000,0.004
5294,0.003,0.009,0.000,0.004
5295,0.003,0.009,0.000,0.004
5296,0.003,0.009,0.000,0.004
5297,0.003,0.009,0.000,0.004
5298,0.003,0.009,0.000,0.004
5299,0.003,0.009,0.000,0.004
5300,0.003,0.009,0.000,0.004
5301,0.003,0.009,0.000,0.004
5302,0.003,0.009,0.000,0.004
5303,0.003,0.009,0.000,0.004
5304,0.003,0.009,0.000,0.004
5305,0.003,0.009,0.000,0.004
5306,0.003,0.009,0.000,0.004
5307,0.003,0.009,0.000,0.004
5308,0.003,0.009,0.000,0.004
5309,0.003,0.009,0.000,0.004
5310,0.003,0.009,0.000,0.004
5311,0.003,0.009,0.000,0.004
5312,0.003,0.009,0.000,0.004
5313,0.003,0.009,0.000,0.004
5314,0.003,0.009,0.000,0.004
5315,0.003,0.009,0.000,0.004
5316,0.003,0.009,0.000,0.004
5317,0.003,0.009,0.000,0.004
5318,0.003,0.009,0.000,0.004
5319,0.003,0.009,0.000,0.004
5320,0.003,0.009,0.000,0.004
5321,0.003,0.009,0.000,0.004
5322,0.003,0.009,0.000,0.004
5323,0.003,0.009,0.000,0.004
5324,0.003,0.009,0.000,0.004
5325,0.003,0.009,0.000,0.004
5326,0.003,0.009,0.000,0.004
5327,0.003,0.009,0.000,0.004
5328,0.003,0.009,0.000,0.004
5329,0.003,0.009,0.000,0.004
5330,0.003,0.009,0.000,0.004
5331,0.003,0.009,0.000,0.004
5332,0.003,0.009,0.000,0.004
5333,0.003,0.009,0.000,0.004
5334,0.003,0.009,0.000,0.004
5335,0.003,0.009,0.000,0.004
5336,0.003,0.009,0.000,0.004
5337,0.003,0.009,0.000,0.004
5338,0.003,0.009,0.000,0.004
5339,0.003,0.009,0.000,0.004
5340,0.003,0.009,0.000,0.004
5341,0.003,0.009,0.000,0.004
5342,0.003,0.009,0.000,0.004
5343,0.003,0.009,0.000,0.004
5344,0.003,0.009,0.000,0.004
5345,0.003,0.009,0.000,0.004
5346,0.003,0.009,0.000,0.004
5347,0.003,0.009,0.000,0.004
5348,0.003,0.009,0.000,0.004
5349,0.003,0.009,0.000,0.004
5350,0.003,0.009,0.000,0.004
5351,0.003,0.009,0.000,0.004
5352,0.003,0.009,0.000,0.004
5353,0.003,0.009,0.000,0.004
5354,0.003,0.009,0.000,0.004
5355,0.003,0.009,0.000,0.004
5356,0.003,0.009,0.000,0.004
5357,0.003,0.009,0.000,0.004
5358,0.003,0.009,0.000,0.004
5359,0.003,0.009,0.000,0.004
5360,0.003,0.009,0.000,0.004
5361,0.003,0.009,0.000,0.004
5362,0.003,0.009,0.000,0.004
5363,0.003,0.009,0.000,0.004
5364,0.003,0.009,0.000,0.004
5365,0.003,0.009,0.000,0.004
5366,0.003,0.009,0.000,0.004
5367,0.003,0.009,0.000,0.004
5368,0.003,0.009,0.000,0.004
5369,0.003,0.009,0.000,0.004
5370,0.003,0.009,0.000,0.004
5371,0.003,0.009,0.000,0.004
5372,0.003,0.009,0.000,0.004
5373,0.003,0.009,0.000,0.004
5374,0.003,0.009,0.000,0.004
5375,0.003,0.009,0.000,0.004
5376,0.003,0.009,0.000,0.004
5377,0.003,0.009,0.000,0.004
5378,0.003,0.009,0.000,0.004
5379,0.003,0.009,0.000,0.004
5380,0.003,0.009,0.000,0.004
5381,0.003,0.009,0.000,0.004
5382,0.003,0.009,0.000,0.004
5383,0.003,0.009,0.000,0.004
5384,0.003,0.009,0.000,0.004
5385,0.003,0.009,0.000,0.004
5386,0.003,0.009,0.000,0.004
5387,0.003,0.009,0.000,0.004
5388,0.003,0.009,0.000,0.004
5389,0.003,0.009,0.000,0.004
5390,0.003,0.009,0.000,0.004
5391,0.003,0.009,0.000,0.004
5392,0.003,0.009,0.000,0.004
5393,0.003,0.009,0.000,0.004
5394,0.003,0.009,0.000,0.004
5395,0.003,0.009,0.000,0.004
5396,0.003,0.009,0.000,0.004
5397,0.003,0.009,0.000,0.004
5398,0.003,0.009,0.000,0.004
5399,0.003,0.009,0.000,0.004
5400,0.003,0.009,0.000,0.004
5401,0.003,0.009,0.000,0.004
5402,0.003,0.009,0.000,0.004
5403,0.003,0.009,0.000,0.004
5404,0.003,0.009,0.000,0.004
5405,0.003,0.009,0.000,0.004
5406,0.003,0.009,0.000,0.004
5407,0.003,0.009,0.000,0.004
5408,0.003,0.009,0.000,0.004
5409,0.003,0.009,0.000,0.004
5410,0.003,0.009,0.000,0.004
5411,0.003,0.009,0.000,0.004
5412,0.003,0.009,0.000,0.004
5413,0.003,0.009,0.000,0.004
5414,0.003,0.009,0.000,0.004
5415,0.003,0.009,0.000,0.004
5416,0.003,0.009,0.000,0.004
5417,0.003,0.009,0.000,0.004
5418,0.003,0.009,0.000,0.004
5419,0.003,0.009,0.000,0.004
5420,0.003,0.009,0.000,0.004
5421,0.003,0.009,0.000,0.004
5422,0.003,0.009,0.000,0.004
5423,0.003,0.009,0.000,0.004
5424,0.003,0.009,0.000,0.004
5425,0.003,0.009,0.000,0.004
5426,0.003,0.009,0.000,0.004
5427,0.003,0.009,0.000,0.004
5428,0.003,0.009,0.000,0.004
5429,0.003,0.009,0.000,0.004
5430,0.003,0.009,0.000,0.004
5431,0.003,0.009,0.000,0.004
5432,0.003,0.009,0.000,0.004
5433,0.003,0.009,0.000,0.004
5434,0.003,0.009,0.000,0.004
5435,0.003,0.009,0.000,0.004
5436,0.003,0.009,0.000,0.004
5437,0.003,0.009,0.000,0.004
5438,0.003,0.009,0.000,0.004
5439,0.003,0.009,0.000,0.004
5440,0.003,0.009,0.000,0.004
5441,0.003,0.009,0.000,0.004
5442,0.003,0.009,0.000,0.004
5443,0.003,0.009,0.000,0.004
5444,0.003,0.009,0.000,0.004
5445,0.003,0.009,0.000,0.004
5446,0.003,0.009,0.000,0.004
5447,0.003,0.009,0.000,0.004
5448,0.003,0.009,0.000,0.004
5449,0.003,0.009,0.000,0.004
5450,0.003,0.009,0.000,0.004
5451,0.003,0.009,0.000,0.004
5452,0.003,0.009,0.000,0.004
5453,0.003,0.009,0.000,0.004
5454,0.003,0.009,0.000,0.004
5455,0.003,0.009,0.000,0.004
5456,0.003,0.009,0.000,0.004
5457,0.003,0.009,0.000,0.004
5458,0.003,0.009,0.000,0.004
5459,0.003,0.009,0.000,0.004
5460,0.003,0.009,0.000,0.004
5461,0.003,0.009,0.000,0.004
5462,0.003,0.009,0.000,0.004
5463,0.003,0.009,0.000,0.004
5464,0.003,0.009,0.000,0.004
5465,0.003,0.009,0.000,0.004
5466,0.003,0.009,0.000,0.004
5467,0.003,0.009,0.000,0.004
5468,0.003,0.009,0.000,0.004
5469,0.003,0.009,0.000,0.004
5470,0.003,0.009,0.000,0.004
5471,0.003,0.009,0.000,0.004
5472,0.003,0.009,0.000,0.004
5473,0.003,0.009,0.000,0.004
5474,0.003,0.009,0.000,0.004
5475,0.003,0.009,0.000,0.004
5476,0.003,0.009,0.000,0.004
5477,0.003,0.009,0.000,0.004
5478,0.003,0.009,0.000,0.004
5479,0.003,0.009,0.000,0.004
5480,0.003,0.009,0.000,0.004
5481,0.003,0.009,0.000,0.004
5482,0.003,0.009,0.000,0.004
5483,0.003,0.009,0.000,0.004
5484,0.003,0.009,0.000,0.004
5485,0.003,0.009,0.000,0.004
5486,0.003,0.009,0.000,0.004
5487,0.003,0.009,0.000,0.004
5488,0.003,0.009,0.000,0.004
5489,0.003,0.009,0.000,0.004
5490,0.003,0.009,0.000,0.004
5491,0.003,0.009,0.000,0.004
5492,0.003,0.009,0.000,0.004
5493,0.003,0.009,0.000,0.004
5494,0.003,0.009,0.000,0.004
5495,0.003,0.009,0.000,0.004
5496,0.003,0.009,0.000,0.004
5497,0.003,0.009,0.000,0.004
5498,0.003,0.009,0.000,0.004
5499,0.003,0.009,0.000,0.004
5500,0.003,0.009,0.000,0.004
5501,0.003,0.009,0.000,0.004
5502,0.003,0.009,0.000,0.004
5503,0.003,0.009,0.000,0.004
5504,0.003,0.009,0.000,0.004
5505,0.003,0.009,0.000,0.004
5506,0.003,0.009,0.000,0.004
5507,0.003,0.009,0.000,0.004
5508,0.003,0.009,0.000,0.004
5509,0.003,0.009,0.000,0.004
5510,0.003,0.009,0.000,0.004
5511,0.003,0.009,0.000,0.004
5512,0.003,0.009,0.000,0.004
5513,0.003,0.009,0.000,0.004
5514,0.003,0.009,0.000,0.004
5515,0.003,0.009,0.000,0.004
5516,0.003,0.009,0.000,0.004
5517,0.003,0.009,0.000,0.004
5518,0.003,0.009,0.000,0.004
5519,0.003,0.009,0.000,0.004
5520,0.003,0.009,0.000,0.004
5521,0.003,0.009,0.000,0.004
5522,0.003,0.009,0.000,0.004
5523,0.003,0.009,0.000,0.004
5524,0.003,0.009,0.000,0.004
5525,0.003,0.009,0.000,0.004
5526,0.003,0.009,0.000,0.004
5527,0.003,0.009,0.000,0.004
5528,0.003,0.009,0.000,0.004
5529,0.003,0.009,0.000,0.004
5530,0.003,0.009,0.000,0.004
5531,0.003,0.009,0.000,0.004
5532,0.003,0.009,0.000,0.004
5533,0.003,0.009,0.000,0.004
5534,0.003,0.009,0.000,0.004
5535,0.003,0.009,0.000,0.004
5536,0.003,0.009,0.000,0.004
5537,0.003,0.009,0.000,0.004
5538,0.003,0.009,0.000,0.004
5539,0.003,0.009,0.000,0.004
5540,0.003,0.009,0.000,0.004
5541,0.003,0.009,0.000,0.004
5542,0.003,0.009,0.000,0.004
5543,0.003,0.009,0.000,0.004
5544,0.003,0.009,0.000,0.004
5545,0.003,0.009,0.000,0.004
5546,0.003,0.009,0.000,0.004
5547,0.003,0.009,0.000,0.004
5548,0.003,0.009,0.000,0.004
5549,0.003,0.009,0.000,0.004
5550,0.003,0.009,0.000,0.004
5551,0.003,0.009,0.000,0.004
5552,0.003,0.009,0.000,0.004
5553,0.003,0.009,0.000,0.004
5554,0.003,0.009,0.000,0.004
5555,0.003,0.009,0.000,0.004
5556,0.003,0.009,0.000,0.004
5557,0.003,0.009,0.000,0.004
5558,0.003,0.009,0.000,0.004
5559,0.003,0.009,0.000,0.004
5560,0.003,0.009,0.000,0.004
5561,0.003,0.009,0.000,0.004
5562,0.003,0.009,0.000,0.004
5563,0.003,0.009,0.000,0.004
5564,0.003,0.009,0.000,0.004
5565,0.003,0.009,0.000,0.004
5566,0.003,0.009,0.000,0.004
5567,0.003,0.009,0.000,0.004
5568,0.003,0.009,0.000,0.004
5569,0.003,0.009,0.000,0.004
5570,0.003,0.009,0.000,0.004
5571,0.003,0.009,0.000,0.004
5572,0.003,0.009,0.000,0.004
5573,0.003,0.009,0.000,0.004
5574,0.003,0.009,0.000,0.004
5575,0.003,0.009,0.000,0.004
5576,0.003,0.009,0.000,0.004
5577,0.003,0.009,0.000,0.004
5578,0.003,0.009,0.000,0.004
5579,0.003,0.009,0.000,0.004
5580,0.003,0.009,0.000,0.004
5581,0.003,0.009,0.000,0.004
5582,0.003,0.009,0.000,0.004
5583,0.003,0.009,0.000,0.004
5584,0.003,0.009,0.000,0.004
5585,0.003,0.009,0.000,0.004
5586,0.003,0.009,0.000,0.004
5587,0.003,0.009,0.000,0.004
5588,0.003,0.009,0.000,0.004
5589,0.003,0.009,0.000,0.004
5590,0.003,0.009,0.000,0.004
5591,0.003,0.009,0.000,0.004
5592,0.003,0.009,0.000,0.004
5593,0.003,0.009,0.000,0.004
5594,0.003,0.009,0.000,0.004
5595,0.003,0.009,0.000,0.004
5596,0.003,0.009,0.000,0.004
5597,0.003,0.009,0.000,0.004
5598,0.003,0.009,0.000,0.004
5599,0.003,0.009,0.000,0.004
5600,0.003,0.009,0.000,0.004
5601,0.003,0.009,0.000,0.004
5602,0.003,0.009,0.000,0.004
5603,0.003,0.009,0.000,0.004
5604,0.003,0.009,0.000,0.004
5605,0.003,0.009,0.000,0.004
5606,0.003,0.009,0.000,0.004
5607,0.003,0.009,0.000,0.004
5608,0.003,0.009,0.000,0.004
5609,0.003,0.009,0.000,0.004
5610,0.003,0.009,0.000,0.004
5611,0.003,0.009,0.000,0.004
5612,0.003,0.009,0.000,0.004
5613,0.003,0.009,0.000,0.004
5614,0.003,0.009,0.000,0.004
5615,0.003,0.009,0.000,0.004
5616,0.003,0.009,0.000,0.004
5617,0.003,0.009,0.000,0.004
5618,0.003,0.009,0.000,0.004
5619,0.003,0.009,0.000,0.004
5620,0.003,0.009,0.000,0.004
5621,0.003,0.009,0.000,0.004
5622,0.003,0.009,0.000,0.004
5623,0.003,0.009,0.000,0.004
5624,0.003,0.009,0.000,0.004
5625,0.003,0.009,0.000,0.004
5626,0.003,0.009,0.000,0.004
5627,0.003,0.009,0.000,0.004
5628,0.003,0.009,0.000,0.004
5629,0.003,0.009,0.000,0.004
5630,0.003,0.009,0.000,0.004
5631,0.003,0.009,0.000,0.004
5632,0.003,0.009,0.000,0.004
5633,0.003,0.009,0.000,0.004
5634,0.003,0.009,0.000,0.004
5635,0.003,0.009,0.000,0.004
5636,0.003,0.009,0.000,0.004
5637,0.003,0.009,0.000,0.004
5638,0.003,0.009,0.000,0.004
5639,0.003,0.009,0.000,0.004
5640,0.003,0.009,0.000,0.004
5641,0.003,0.009,0.000,0.004
5642,0.003,0.009,0.000,0.004
5643,0.003,0.009,0.000,0.004
5644,0.003,0.009,0.000,0.004
5645,0.003,0.009,0.000,0.004
5646,0.003,0.009,0.000,0.004
5647,0.003,0.009,0.000,0.004
5648,0.003,0.009,0.000,0.004
5649,0.003,0.009,0.000,0.004
5650,0.003,0.009,0.000,0.004
5651,0.003,0.009,0.000,0.004
5652,0.003,0.009,0.000,0.004
5653,0.003,0.009,0.000,0.004
5654,0.003,0.009,0.000,0.004
5655,0.003,0.009,0.000,0.004
5656,0.003,0.009,0.000,0.004
5657,0.003,0.009,0.000,0.004
5658,0.003,0.009,0.000,0.004
5659,0.003,0.009,0.000,0.004
5660,0.003,0.009,0.000,0.004
5661,0.003,0.009,0.000,0.004
5662,0.003,0.009,0.000,0.004
5663,0.003,0.009,0.000,0.004
5664,0.003,0.009,0.000,0.004
5665,0.003,0.009,0.000,0.004
5666,0.003,0.009,0.000,0.004
5667,0.003,0.009,0.000,0.004
5668,0.003,0.009,0.000,0.004
5669,0.003,0.009,0.000,0.004
5670,0.003,0.009,0.000,0.004
5671,0.003,0.009,0.000,0.004
5672,0.003,0.009,0.000,0.004
5673,0.003,0.009,0.000,0.004
5674,0.003,0.009,0.000,0.004
5675,0.003,0.009,0.000,0.004
5676,0.003,0.009,0.000,0.004
5677,0.003,0.009,0.000,0.004
5678,0.003,0.009,0.000,0.004
5679,0.003,0.009,0.000,0.004
5680,0.003,0.009,0.000,0.004
5681,0.003,0.009,0.000,0.004
5682,0.003,0.009,0.000,0.004
5683,0.003,0.009,0.000,0.004
5684,0.003,0.009,0.000,0.004
5685,0.003,0.009,0.000,0.004
5686,0.003,0.009,0.000,0.004
5687,0.003,0.009,0.000,0.004
5688,0.003,0.009,0.000,0.004
5689,0.003,0.009,0.000,0.004
5690,0.003,0.009,0.000,0.004
5691,0.003,0.009,0.000,0.004
5692,0.003,0.009,0.000,0.004
5693,0.003,0.009,0.000,0.004
5694,0.003,0.009,0.000,0.004
5695,0.003,0.009,0.000,0.004
5696,0.003,0.009,0.000,0.004
5697,0.003,0.009,0.000,0.004
5698,0.003,0.009,0.000,0.004
5699,0.003,0.009,0.000,0.004
5700,0.003,0.009,0.000,0.004
5701,0.003,0.009,0.000,0.004
5702,0.003,0.009,0.000,0.004
5703,0.003,0.009,0.000,0.004
5704,0.003,0.009,0.000,0.004
5705,0.003,0.009,0.000,0.004
5706,0.003,0.009,0.000,0.004
5707,0.003,0.009,0.000,0.004
5708,0.003,0.009,0.000,0.004
5709,0.003,0.009,0.000,0.004
5710,0.003,0.009,0.000,0.004
5711,0.003,0.009,0.000,0.004
5712,0.003,0.009,0.000,0.004
5713,0.003,0.009,0.000,0.004
5714,0.003,0.009,0.000,0.004
5715,0.003,0.009,0.000,0.004
5716,0.003,0.009,0.000,0.004
5717,0.003,0.009,0.000,0.004
5718,0.003,0.009,0.000,0.004
5719,0.003,0.009,0.000,0.004
5720,0.003,0.009,0.000,0.004
5721,0.004,0.009,0.000,0.004
5722,0.007,0.009,0.000,0.006
5723,0.011,0.009,0.000,0.007
5724,0.011,0.009,0.000,0.007
5725,0.008,0.009,0.000,0.006
5726,0.011,0.009,0.000,0.007
5727,0.011,0.009,0.000,0.007
5728,0.011,0.009,0.000,0.007
5729,0.007,0.009,0.000,0.006
5730,0.007,0.009,0.000,0.006
5731,0.007,0.009,0.000,0.006
5732,0.007,0.009,0.000,0.006
5733,0.007,0.009,0.000,0.006
5734,0.007,0.009,0.000,0.006
5735,0.005,0.009,0.000,0.005
5736,0.006,0.009,0.000,0.005
5737,0.006,0.009,0.000,0.005
5738,0.006,0.009,0.000,0.005
5739,0.006,0.009,0.000,0.005
5740,0.004,0.009,0.000,0.004
5741,0.004,0.009,0.000,0.004
5742,0.004,0.009,0.000,0.004
5743,0.004,0.009,0.000,0.004
5744,0.004,0.009,0.000,0.004
5745,0.004,0.009,0.000,0.004
5746,0.004,0.009,0.000,0.004
5747,0.004,0.009,0.000,0.004
5748,0.004,0.009,0.000,0.004
5749,0.004,0.009,0.000,0.004
5750,0.004,0.009,0.000,0.004
5751,0.004,0.009,0.000,0.004
5752,0.004,0.009,0.000,0.004
5753,0.004,0.009,0.000,0.004
5754,0.004,0.009,0.000,0.004
5755,0.004,0.009,0.000,0.004
5756,0.004,0.009,0.000,0.004
5757,0.004,0.009,0.000,0.004
5758,0.004,0.009,0.000,0.004
5759,0.004,0.009,0.000,0.004
5760,0.004,0.009,0.000,0.004
5761,0.004,0.009,0.000,0.004
5762,0.004,0.009,0.000,0.004
5763,0.004,0.009,0.000,0.004
5764,0.004,0.009,0.000,0.004
5765,0.004,0.009,0.000,0.004
5766,0.004,0.009,0.000,0.004
5767,0.004,0.009,0.000,0.004
5768,0.004,0.009,0.000,0.004
5769,0.004,0.009,0.000,0.004
5770,0.004,0.009,0.000,0.004
5771,0.004,0.009,0.000,0.004
5772,0.004,0.009,0.000,0.004
5773,0.004,0.009,0.000,0.004
5774,0.004,0.009,0.000,0.004
5775,0.004,0.009,0.000,0.004
5776,0.004,0.009,0.000,0.004
5777,0.004,0.009,0.000,0.004
5778,0.004,0.009,0.000,0.004
5779,0.004,0.009,0.000,0.004
5780,0.004,0.009,0.000,0.004
5781,0.004,0.009,0.000,0.004
5782,0.004,0.009,0.000,0.004
5783,0.004,0.009,0.000,0.004
5784,0.004,0.009,0.000,0.004
5785,0.004,0.009,0.000,0.004
5786,0.004,0.009,0.000,0.004
5787,0.004,0.009,0.000,0.004
5788,0.004,0.009,0.000,0.004
5789,0.004,0.009,0.000,0.004
5790,0.004,0.009,0.000,0.004
5791,0.004,0.009,0.000,0.004
5792,0.004,0.009,0.000,0.004
5793,0.004,0.009,0.000,0.004
5794,0.004,0.009,0.000,0.004
5795,0.004,0.009,0.000,0.004
5796,0.004,0.009,0.000,0.004
5797,0.004,0.009,0.000,0.004
5798,0.004,0.009,0.000,0.004
5799,0.004,0.009,0.000,0.004
5800,0.004,0.009,0.000,0.004
5801,0.004,0.009,0.000,0.004
5802,0.004,0.009,0.000,0.004
5803,0.004,0.009,0.000,0.004
5804,0.004,0.009,0.000,0.004
5805,0.004,0.009,0.000,0.004
5806,0.005,0.009,0.000,0.005
5807,0.003,0.009,0.000,0.004
5808,0.004,0.009,0.000,0.005
5809,0.004,0.009,0.000,0.005
5810,0.004,0.009,0.000,0.005
5811,0.004,0.009,0.000,0.005
5812,0.004,0.009,0.000,0.005
5813,0.004,0.009,0.000,0.005
5814,0.004,0.009,0.000,0.005
5815,0.004,0.009,0.000,0.005
5816,0.004,0.009,0.000,0.005
5817,0.004,0.009,0.000,0.005
5818,0.004,0.009,0.000,0.005
5819,0.004,0.009,0.000,0.005
5820,0.004,0.009,0.000,0.005
5821,0.004,0.009,0.000,0.005
5822,0.004,0.009,0.000,0.005
5823,0.004,0.009,0.000,0.005
5824,0.004,0.009,0.000,0.005
5825,0.004,0.009,0.000,0.005
5826,0.004,0.009,0.000,0.005
5827,0.004,0.009,0.000,0.005
5828,0.004,0.009,0.000,0.005
5829,0.004,0.009,0.000,0.005
5830,0.004,0.009,0.000,0.005
5831,0.004,0.009,0.000,0.005
5832,0.004,0.009,0.000,0.005
5833,0.004,0.009,0.000,0.005
5834,0.004,0.009,0.000,0.005
5835,0.004,0.009,0.000,0.005
5836,0.004,0.009,0.000,0.005
5837,0.004,0.009,0.000,0.005
5838,0.004,0.009,0.000,0.005
5839,0.004,0.009,0.000,0.005
5840,0.004,0.009,0.000,0.005
5841,0.004,0.009,0.000,0.005
5842,0.004,0.009,0.000,0.005
5843,0.004,0.009,0.000,0.005
5844,0.004,0.009,0.000,0.005
5845,0.004,0.009,0.000,0.005
5846,0.004,0.009,0.000,0.005
5847,0.004,0.009,0.000,0.005
5848,0.004,0.009,0.000,0.005
5849,0.004,0.009,0.000,0.005
5850,0.004,0.009,0.000,0.005
5851,0.004,0.009,0.000,0.005
5852,0.004,0.009,0.000,0.005
5853,0.004,0.009,0.000,0.005
5854,0.004,0.009,0.000,0.005
5855,0.004,0.009,0.000,0.005
5856,0.004,0.009,0.000,0.005
5857,0.004,0.009,0.000,0.005
5858,0.004,0.009,0.000,0.005
5859,0.004,0.009,0.000,0.005
5860,0.004,0.009,0.000,0.005
5861,0.004,0.009,0.000,0.005
5862,0.004,0.009,0.000,0.005
5863,0.004,0.009,0.000,0.005
5864,0.004,0.009,0.000,0.005
5865,0.004,0.009,0.000,0.005
5866,0.004,0.009,0.000,0.005
5867,0.004,0.009,0.000,0.005
5868,0.004,0.009,0.000,0.005
5869,0.004,0.009,0.000,0.005
5870,0.004,0.009,0.000,0.005
5871,0.004,0.009,0.000,0.005
5872,0.004,0.009,0.000,0.005
5873,0.004,0.009,0.000,0.005
5874,0.004,0.009,0.000,0.005
5875,0.004,0.009,0.000,0.005
5876,0.004,0.009,0.000,0.005
5877,0.004,0.009,0.000,0.005
5878,0.004,0.009,0.000,0.005
5879,0.004,0.009,0.000,0.005
5880,0.004,0.009,0.000,0.005
5881,0.004,0.009,0.000,0.005
5882,0.004,0.009,0.000,0.005
5883,0.004,0.009,0.000,0.005
5884,0.004,0.009,0.000,0.005
5885,0.004,0.009,0.000,0.005
5886,0.004,0.009,0.000,0.005
5887,0.004,0.009,0.000,0.005
5888,0.004,0.009,0.000,0.005
5889,0.004,0.009,0.000,0.005
5890,0.004,0.009,0.000,0.005
5891,0.004,0.009,0.000,0.005
5892,0.004,0.009,0.000,0.005
5893,0.004,0.009,0.000,0.005
5894,0.004,0.009,0.000,0.005
5895,0.004,0.009,0.000,0.005
5896,0.004,0.009,0.000,0.005
5897,0.004,0.009,0.000,0.005
5898,0.004,0.009,0.000,0.005
5899,0.004,0.009,0.000,0.005
5900,0.004,0.009,0.000,0.005
5901,0.004,0.009,0.000,0.005
5902,0.004,0.009,0.000,0.005
5903,0.004,0.009,0.000,0.005
5904,0.004,0.009,0.000,0.005
5905,0.004,0.009,0.000,0.005
5906,0.004,0.009,0.000,0.005
5907,0.004,0.009,0.000,0.005
5908,0.004,0.009,0.000,0.005
5909,0.004,0.009,0.000,0.005
5910,0.004,0.009,0.000,0.005
5911,0.004,0.009,0.000,0.005
5912,0.004,0.009,0.000,0.005
5913,0.004,0.009,0.000,0.005
5914,0.004,0.009,0.000,0.005
5915,0.004,0.009,0.000,0.005
5916,0.004,0.009,0.000,0.005
5917,0.004,0.009,0.000,0.005
5918,0.004,0.009,0.000,0.005
5919,0.004,0.009,0.000,0.005
5920,0.004,0.009,0.000,0.005
5921,0.004,0.009,0.000,0.005
5922,0.004,0.009,0.000,0.005
5923,0.004,0.009,0.000,0.005
5924,0.004,0.009,0.000,0.005
5925,0.004,0.009,0.000,0.005
5926,0.004,0.009,0.000,0.005
5927,0.004,0.009,0.000,0.005
5928,0.004,0.009,0.000,0.005
5929,0.004,0.009,0.000,0.005
5930,0.004,0.009,0.000,0.005
5931,0.004,0.009,0.000,0.005
5932,0.004,0.009,0.000,0.005
5933,0.004,0.009,0.000,0.005
5934,0.004,0.009,0.000,0.005
5935,0.004,0.009,0.000,0.005
5936,0.004,0.009,0.000,0.005
5937,0.004,0.009,0.000,0.005
5938,0.004,0.009,0.000,0.005
5939,0.004,0.009,0.000,0.005
5940,0.004,0.009,0.000,0.005
5941,0.004,0.009,0.000,0.005
5942,0.004,0.009,0.000,0.005
5943,0.004,0.009,0.000,0.005
5944,0.004,0.009,0.000,0.005
5945,0.004,0.009,0.000,0.005
5946,0.004,0.009,0.000,0.005
5947,0.004,0.009,0.000,0.005
5948,0.004,0.009,0.000,0.005
5949,0.004,0.009,0.000,0.005
5950,0.004,0.009,0.000,0.005
5951,0.004,0.009,0.000,0.005
5952,0.004,0.009,0.000,0.005
5953,0.004,0.009,0.000,0.005
5954,0.004,0.009,0.000,0.005
5955,0.004,0.009,0.000,0.005
5956,0.004,0.009,0.000,0.005
5957,0.004,0.009,0.000,0.005
5958,0.004,0.009,0.000,0.005
5959,0.004,0.009,0.000,0.005
5960,0.004,0.009,0.000,0.005
5961,0.004,0.009,0.000,0.005
5962,0.004,0.009,0.000,0.005
5963,0.004,0.009,0.000,0.005
5964,0.004,0.009,0.000,0.005
5965,0.004,0.009,0.000,0.005
5966,0.004,0.009,0.000,0.005
5967,0.004,0.009,0.000,0.005
5968,0.004,0.009,0.000,0.005
5969,0.004,0.009,0.000,0.005
5970,0.004,0.009,0.000,0.005
5971,0.004,0.009,0.000,0.005
5972,0.004,0.009,0.000,0.005
5973,0.004,0.009,0.000,0.005
5974,0.004,0.009,0.000,0.005
5975,0.004,0.009,0.000,0.005
5976,0.004,0.009,0.000,0.005
5977,0.004,0.009,0.000,0.005
5978,0.004,0.009,0.000,0.005
5979,0.004,0.009,0.000,0.005
5980,0.004,0.009,0.000,0.005
5981,0.004,0.009,0.000,0.005
5982,0.004,0.009,0.000,0.005
5983,0.004,0.009,0.000,0.005
5984,0.004,0.009,0.000,0.005
5985,0.004,0.009,0.000,0.005
5986,0.004,0.009,0.000,0.005
5987,0.004,0.009,0.000,0.005
5988,0.004,0.009,0.000,0.005
5989,0.004,0.009,0.000,0.005
5990,0.004,0.009,0.000,0.005
5991,0.004,0.009,0.000,0.005
5992,0.004,0.009,0.000,0.005
5993,0.004,0.009,0.000,0.005
5994,0.004,0.009,0.000,0.005
5995,0.004,0.009,0.000,0.005
5996,0.004,0.009,0.000,0.005
5997,0.004,0.009,0.000,0.005
5998,0.004,0.009,0.000,0.005
5999,0.004,0.009,0.000,0.005
6000,0.004,0.009,0.000,0.005
6001,0.004,0.009,0.000,0.005
6002,0.004,0.009,0.000,0.005
6003,0.004,0.009,0.000,0.005
6004,0.004,0.009,0.000,0.005
6005,0.004,0.009,0.000,0.005
6006,0.004,0.009,0.000,0.005
6007,0.004,0.009,0.000,0.005
6008,0.004,0.009,0.000,0.005
6009,0.004,0.009,0.000,0.005
6010,0.004,0.009,0.000,0.005
6011,0.004,0.009,0.000,0.005
6012,0.004,0.009,0.000,0.005
6013,0.004,0.009,0.000,0.005
6014,0.004,0.009,0.000,0.005
6015,0.004,0.009,0.000,0.005
6016,0.004,0.009,0.000,0.005
6017,0.004,0.009,0.000,0.005
6018,0.004,0.009,0.000,0.005
6019,0.004,0.009,0.000,0.005
6020,0.004,0.009,0.000,0.005
6021,0.004,0.009,0.000,0.005
6022,0.004,0.009,0.000,0.005
6023,0.004,0.009,0.000,0.005
6024,0.004,0.009,0.000,0.005
6025,0.004,0.009,0.000,0.005
6026,0.004,0.009,0.000,0.005
6027,0.004,0.009,0.000,0.005
6028,0.004,0.009,0.000,0.005
6029,0.004,0.009,0.000,0.005
6030,0.004,0.009,0.000,0.005
6031,0.004,0.009,0.000,0.005
6032,0.004,0.009,0.000,0.005
6033,0.004,0.009,0.000,0.005
6034,0.004,0.009,0.000,0.005
6035,0.004,0.009,0.000,0.005
6036,0.004,0.009,0.000,0.005
6037,0.004,0.009,0.000,0.005
6038,0.004,0.009,0.000,0.005
6039,0.004,0.009,0.000,0.005
6040,0.004,0.009,0.000,0.005
6041,0.004,0.009,0.000,0.005
6042,0.004,0.009,0.000,0.005
6043,0.004,0.009,0.000,0.005
6044,0.004,0.009,0.000,0.005
6045,0.004,0.009,0.000,0.005
6046,0.004,0.009,0.000,0.005
6047,0.004,0.009,0.000,0.005
6048,0.004,0.009,0.000,0.005
6049,0.004,0.009,0.000,0.005
6050,0.004,0.009,0.000,0.005
6051,0.004,0.009,0.000,0.005
6052,0.004,0.009,0.000,0.005
6053,0.004,0.009,0.000,0.005
6054,0.004,0.009,0.000,0.005
6055,0.004,0.009,0.000,0.005
6056,0.004,0.009,0.000,0.005
6057,0.004,0.009,0.000,0.005
6058,0.004,0.009,0.000,0.005
6059,0.004,0.009,0.000,0.005
6060,0.004,0.009,0.000,0.005
6061,0.004,0.009,0.000,0.005
6062,0.004,0.009,0.000,0.005
6063,0.004,0.009,0.000,0.005
6064,0.004,0.009,0.000,0.005
6065,0.004,0.009,0.000,0.005
6066,0.004,0.009,0.000,0.005
6067,0.004,0.009,0.000,0.005
6068,0.004,0.009,0.000,0.005
6069,0.004,0.009,0.000,0.005
6070,0.004,0.009,0.000,0.005
6071,0.004,0.009,0.000,0.005
6072,0.004,0.009,0.000,0.005
6073,0.004,0.009,0.000,0.005
6074,0.004,0.009,0.000,0.005
6075,0.004,0.009,0.000,0.005
6076,0.004,0.009,0.000,0.005
6077,0.004,0.009,0.000,0.005
6078,0.004,0.009,0.000,0.005
6079,0.004,0.009,0.000,0.005
6080,0.004,0.009,0.000,0.005
6081,0.004,0.009,0.000,0.005
6082,0.004,0.009,0.000,0.005
6083,0.004,0.009,0.000,0.005
6084,0.004,0.009,0.000,0.005
6085,0.004,0.009,0.000,0.005
6086,0.004,0.009,0.000,0.005
6087,0.004,0.009,0.000,0.005
6088,0.004,0.009,0.000,0.005
6089,0.004,0.009,0.000,0.005
6090,0.004,0.009,0.000,0.005
6091,0.004,0.009,0.000,0.005
6092,0.004,0.009,0.000,0.005
6093,0.004,0.009,0.000,0.005
6094,0.004,0.009,0.000,0.005
6095,0.004,0.009,0.000,0.005
6096,0.004,0.009,0.000,0.005
6097,0.004,0.009,0.000,0.005
6098,0.004,0.009,0.000,0.005
6099,0.004,0.009,0.000,0.005
6100,0.004,0.009,0.000,0.005
6101,0.004,0.009,0.000,0.005
6102,0.004,0.009,0.000,0.005
6103,0.004,0.009,0.000,0.005
6104,0.004,0.009,0.000,0.005
6105,0.004,0.009,0.000,0.005
6106,0.004,0.009,0.000,0.005
6107,0.004,0.009,0.000,0.005
6108,0.004,0.009,0.000,0.005
6109,0.004,0.009,0.000,0.005
6110,0.004,0.009,0.000,0.005
6111,0.004,0.009,0.000,0.005
6112,0.004,0.009,0.000,0.005
6113,0.004,0.009,0.000,0.005
6114,0.004,0.009,0.000,0.005
6115,0.004,0.009,0.000,0.005
6116,0.004,0.009,0.000,0.005
6117,0.004,0.009,0.000,0.005
6118,0.004,0.009,0.000,0.005
6119,0.004,0.009,0.000,0.005
6120,0.004,0.009,0.000,0.005
6121,0.004,0.009,0.000,0.005
6122,0.004,0.009,0.000,0.005
6123,0.004,0.009,0.000,0.005
6124,0.004,0.009,0.000,0.005
6125,0.004,0.009,0.000,0.005
6126,0.004,0.009,0.000,0.005
6127,0.004,0.009,0.000,0.005
6128,0.004,0.009,0.000,0.005
6129,0.004,0.009,0.000,0.005
6130,0.004,0.009,0.000,0.005
6131,0.004,0.009,0.000,0.005
6132,0.004,0.009,0.000,0.005
6133,0.004,0.009,0.000,0.005
6134,0.004,0.009,0.000,0.005
6135,0.004,0.009,0.000,0.005
6136,0.004,0.009,0.000,0.005
6137,0.004,0.009,0.000,0.005
6138,0.004,0.009,0.000,0.005
6139,0.004,0.009,0.000,0.005
6140,0.004,0.009,0.000,0.005
6141,0.004,0.009,0.000,0.005
6142,0.004,0.009,0.000,0.005
6143,0.004,0.009,0.000,0.005
6144,0.004,0.009,0.000,0.005
6145,0.004,0.009,0.000,0.005
6146,0.004,0.009,0.000,0.005
6147,0.004,0.009,0.000,0.005
6148,0.004,0.009,0.000,0.005
6149,0.004,0.009,0.000,0.005
6150,0.004,0.009,0.000,0.005
6151,0.004,0.009,0.000,0.005
6152,0.004,0.009,0.000,0.005
6153,0.004,0.009,0.000,0.005
6154,0.004,0.009,0.000,0.005
6155,0.004,0.009,0.000,0.005
6156,0.004,0.009,0.000,0.005
6157,0.004,0.009,0.000,0.005
6158,0.004,0.009,0.000,0.005
6159,0.004,0.009,0.000,0.005
6160,0.004,0.009,0.000,0.005
6161,0.004,0.009,0.000,0.005
6162,0.004,0.009,0.000,0.005
6163,0.004,0.009,0.000,0.005
6164,0.004,0.009,0.000,0.005
6165,0.004,0.009,0.000,0.005
6166,0.004,0.009,0.000,0.005
6167,0.004,0.009,0.000,0.005
6168,0.004,0.009,0.000,0.005
6169,0.004,0.009,0.000,0.005
6170,0.004,0.009,0.000,0.005
6171,0.004,0.009,0.000,0.005
6172,0.004,0.009,0.000,0.005
6173,0.004,0.009,0.000,0.005
6174,0.004,0.009,0.000,0.005
6175,0.004,0.009,0.000,0.005
6176,0.004,0.009,0.000,0.005
6177,0.004,0.009,0.000,0.005
6178,0.004,0.009,0.000,0.005
6179,0.004,0.009,0.000,0.005
6180,0.004,0.009,0.000,0.005
6181,0.004,0.009,0.000,0.005
6182,0.004,0.009,0.000,0.005
6183,0.004,0.009,0.000,0.005
6184,0.004,0.009,0.000,0.005
6185,0.004,0.009,0.000,0.005
6186,0.004,0.009,0.000,0.005
6187,0.004,0.009,0.000,0.005
6188,0.004,0.009,0.000,0.005
6189,0.004,0.009,0.000,0.005
6190,0.004,0.009,0.000,0.005
6191,0.004,0.009,0.000,0.005
6192,0.004,0.009,0.000,0.005
6193,0.004,0.009,0.000,0.005
6194,0.004,0.009,0.000,0.005
6195,0.004,0.009,0.000,0.005
6196,0.004,0.009,0.000,0.005
6197,0.004,0.009,0.000,0.005
6198,0.004,0.009,0.000,0.005
6199,0.004,0.009,0.000,0.005
6200,0.004,0.009,0.000,0.005
6201,0.004,0.009,0.000,0.005
6202,0.004,0.009,0.000,0.005
6203,0.004,0.009,0.000,0.005
6204,0.004,0.009,0.000,0.005
6205,0.004,0.009,0.000,0.005
6206,0.004,0.009,0.000,0.005
6207,0.004,0.009,0.000,0.005
6208,0.004,0.009,0.000,0.005
6209,0.004,0.009,0.000,0.005
6210,0.004,0.009,0.000,0.005
6211,0.004,0.009,0.000,0.005
6212,0.004,0.009,0.000,0.005
6213,0.004,0.009,0.000,0.005
6214,0.004,0.009,0.000,0.005
6215,0.004,0.009,0.000,0.005
6216,0.004,0.009,0.000,0.005
6217,0.004,0.009,0.000,0.005
6218,0.004,0.009,0.000,0.005
6219,0.004,0.009,0.000,0.005
6220,0.004,0.009,0.000,0.005
6221,0.004,0.009,0.000,0.005
6222,0.004,0.009,0.000,0.005
6223,0.004,0.009,0.000,0.005
6224,0.004,0.009,0.000,0.005
6225,0.004,0.009,0.000,0.005
6226,0.004,0.009,0.000,0.005
6227,0.004,0.009,0.000,0.005
6228,0.004,0.009,0.000,0.005
6229,0.004,0.009,0.000,0.005
6230,0.004,0.009,0.000,0.005
6231,0.004,0.009,0.000,0.005
6232,0.004,0.009,0.000,0.005
6233,0.004,0.009,0.000,0.005
6234,0.004,0.009,0.000,0.005
6235,0.004,0.009,0.000,0.005
6236,0.004,0.009,0.000,0.005
6237,0.004,0.009,0.000,0.005
6238,0.004,0.009,0.000,0.005
6239,0.004,0.009,0.000,0.005
6240,0.004,0.009,0.000,0.005
6241,0.004,0.009,0.000,0.005
6242,0.004,0.009,0.000,0.005
6243,0.004,0.009,0.000,0.005
6244,0.004,0.009,0.000,0.005
6245,0.004,0.009,0.000,0.005
6246,0.004,0.009,0.000,0.005
6247,0.004,0.009,0.000,0.005
6248,0.004,0.009,0.000,0.005
6249,0.004,0.009,0.000,0.005
6250,0.004,0.009,0.000,0.005
6251,0.004,0.009,0.000,0.005
6252,0.004,0.009,0.000,0.005
6253,0.004,0.009,0.000,0.005
6254,0.004,0.009,0.000,0.005
6255,0.004,0.009,0.000,0.005
6256,0.004,0.009,0.000,0.005
6257,0.004,0.009,0.000,0.005
6258,0.004,0.009,0.000,0.005
6259,0.004,0.009,0.000,0.005
6260,0.004,0.009,0.000,0.005
6261,0.004,0.009,0.000,0.005
6262,0.004,0.009,0.000,0.005
6263,0.004,0.009,0.000,0.005
6264,0.004,0.009,0.000,0.005
6265,0.004,0.009,0.000,0.005
6266,0.004,0.009,0.000,0.005
6267,0.004,0.009,0.000,0.005
6268,0.004,0.009,0.000,0.005
6269,0.004,0.009,0.000,0.005
6270,0.004,0.009,0.000,0.005
6271,0.004,0.009,0.000,0.005
6272,0.004,0.009,0.000,0.005
6273,0.004,0.009,0.000,0.005
6274,0.004,0.009,0.000,0.005
6275,0.004,0.009,0.000,0.005
6276,0.004,0.009,0.000,0.005
6277,0.004,0.009,0.000,0.005
6278,0.004,0.009,0.000,0.005
6279,0.004,0.009,0.000,0.005
6280,0.004,0.009,0.000,0.005
6281,0.004,0.009,0.000,0.005
6282,0.004,0.009,0.000,0.005
6283,0.004,0.009,0.000,0.005
6284,0.004,0.009,0.000,0.005
6285,0.004,0.009,0.000,0.005
6286,0.004,0.009,0.000,0.005
6287,0.004,0.009,0.000,0.005
6288,0.004,0.009,0.000,0.005
6289,0.004,0.009,0.000,0.005
6290,0.004,0.009,0.000,0.005
6291,0.004,0.009,0.000,0.005
6292,0.004,0.009,0.000,0.005
6293,0.004,0.009,0.000,0.005
6294,0.004,0.009,0.000,0.005
6295,0.004,0.009,0.000,0.005
6296,0.004,0.009,0.000,0.005
6297,0.004,0.009,0.000,0.005
6298,0.004,0.009,0.000,0.005
6299,0.004,0.009,0.000,0.005
6300,0.004,0.009,0.000,0.005
6301,0.004,0.009,0.000,0.005
6302,0.004,0.009,0.000,0.005
6303,0.004,0.009,0.000,0.005
6304,0.004,0.009,0.000,0.005
6305,0.004,0.009,0.000,0.005
6306,0.004,0.009,0.000,0.005
6307,0.004,0.009,0.000,0.005
6308,0.004,0.009,0.000,0.005
6309,0.004,0.009,0.000,0.005
6310,0.004,0.009,0.000,0.005
6311,0.004,0.009,0.000,0.005
6312,0.004,0.009,0.000,0.005
6313,0.004,0.009,0.000,0.005
6314,0.004,0.009,0.000,0.005
6315,0.004,0.009,0.000,0.005
6316,0.004,0.009,0.000,0.005
6317,0.004,0.009,0.000,0.005
6318,0.004,0.009,0.000,0.005
6319,0.004,0.009,0.000,0.005
6320,0.004,0.009,0.000,0.005
6321,0.004,0.009,0.000,0.005
6322,0.004,0.009,0.000,0.005
6323,0.004,0.009,0.000,0.005
6324,0.004,0.009,0.000,0.005
6325,0.004,0.009,0.000,0.005
6326,0.004,0.009,0.000,0.005
6327,0.004,0.009,0.000,0.005
6328,0.004,0.009,0.000,0.005
6329,0.004,0.009,0.000,0.005
6330,0.004,0.009,0.000,0.005
6331,0.004,0.009,0.000,0.005
6332,0.004,0.009,0.000,0.005
6333,0.004,0.009,0.000,0.005
6334,0.004,0.009,0.000,0.005
6335,0.004,0.009,0.000,0.005
6336,0.004,0.009,0.000,0.005
6337,0.004,0.009,0.000,0.005
6338,0.004,0.009,0.000,0.005
6339,0.004,0.009,0.000,0.005
6340,0.004,0.009,0.000,0.005
6341,0.004,0.009,0.000,0.005
6342,0.004,0.009,0.000,0.005
6343,0.004,0.009,0.000,0.005
6344,0.004,0.009,0.000,0.005
6345,0.004,0.009,0.000,0.005
6346,0.004,0.009,0.000,0.005
6347,0.004,0.009,0.000,0.005
6348,0.004,0.009,0.000,0.005
6349,0.004,0.009,0.000,0.005
6350,0.004,0.009,0.000,0.005
6351,0.004,0.009,0.000,0.005
6352,0.004,0.009,0.000,0.005
6353,0.004,0.009,0.000,0.005
6354,0.004,0.009,0.000,0.005
6355,0.004,0.009,0.000,0.005
6356,0.004,0.009,0.000,0.005
6357,0.004,0.009,0.000,0.005
6358,0.004,0.009,0.000,0.005
6359,0.004,0.009,0.000,0.005
6360,0.004,0.009,0.000,0.005
6361,0.004,0.009,0.000,0.005
6362,0.004,0.009,0.000,0.005
6363,0.004,0.009,0.000,0.005
6364,0.004,0.009,0.000,0.005
6365,0.004,0.009,0.000,0.005
6366,0.004,0.009,0.000,0.005
6367,0.004,0.009,0.000,0.005
6368,0.004,0.009,0.000,0.005
6369,0.004,0.009,0.000,0.005
6370,0.004,0.009,0.000,0.005
6371,0.004,0.009,0.000,0.005
6372,0.004,0.009,0.000,0.005
6373,0.004,0.009,0.000,0.005
6374,0.004,0.009,0.000,0.005
6375,0.004,0.009,0.000,0.005
6376,0.004,0.009,0.000,0.005
6377,0.004,0.009,0.000,0.005
6378,0.004,0.009,0.000,0.005
6379,0.004,0.009,0.000,0.005
6380,0.004,0.009,0.000,0.005
6381,0.004,0.009,0.000,0.005
6382,0.004,0.009,0.000,0.005
6383,0.004,0.009,0.000,0.005
6384,0.004,0.009,0.000,0.005
6385,0.004,0.009,0.000,0.005
6386,0.004,0.009,0.000,0.005
6387,0.004,0.009,0.000,0.005
6388,0.004,0.009,0.000,0.005
6389,0.004,0.009,0.000,0.005
6390,0.004,0.009,0.000,0.005
6391,0.004,0.009,0.000,0.005
6392,0.004,0.009,0.000,0.005
6393,0.004,0.009,0.000,0.005
6394,0.004,0.009,0.000,0.005
6395,0.004,0.009,0.000,0.005
6396,0.004,0.009,0.000,0.005
6397,0.004,0.009,0.000,0.005
6398,0.004,0.009,0.000,0.005
6399,0.004,0.009,0.000,0.005
6400,0.004,0.009,0.000,0.005
6401,0.004,0.009,0.000,0.005
6402,0.004,0.009,0.000,0.005
6403,0.004,0.009,0.000,0.005
6404,0.004,0.009,0.000,0.005
6405,0.004,0.009,0.000,0.005
6406,0.004,0.009,0.000,0.005
6407,0.004,0.009,0.000,0.005
6408,0.004,0.009,0.000,0.005
6409,0.004,0.009,0.000,0.005
6410,0.004,0.009,0.000,0.005
6411,0.004,0.009,0.000,0.005
6412,0.004,0.009,0.000,0.005
6413,0.004,0.009,0.000,0.005
6414,0.004,0.009,0.000,0.005
6415,0.004,0.009,0.000,0.005
6416,0.004,0.009,0.000,0.005
6417,0.004,0.009,0.000,0.005
6418,0.004,0.009,0.000,0.005
6419,0.004,0.009,0.000,0.005
6420,0.004,0.009,0.000,0.005
6421,0.004,0.009,0.000,0.005
6422,0.004,0.009,0.000,0.005
6423,0.004,0.009,0.000,0.005
6424,0.004,0.009,0.000,0.005
6425,0.004,0.009,0.000,0.005
6426,0.004,0.009,0.000,0.005
6427,0.004,0.009,0.000,0.005
6428,0.004,0.009,0.000,0.005
6429,0.004,0.009,0.000,0.005
6430,0.004,0.009,0.000,0.005
6431,0.004,0.009,0.000,0.005
6432,0.004,0.009,0.000,0.005
6433,0.004,0.009,0.000,0.005
6434,0.004,0.009,0.000,0.005
6435,0.004,0.009,0.000,0.005
6436,0.004,0.009,0.000,0.005
6437,0.004,0.009,0.000,0.005
6438,0.004,0.009,0.000,0.005
6439,0.004,0.009,0.000,0.005
6440,0.004,0.009,0.000,0.005
6441,0.004,0.009,0.000,0.005
6442,0.004,0.009,0.000,0.005
6443,0.004,0.009,0.000,0.005
6444,0.004,0.009,0.000,0.005
6445,0.004,0.009,0.000,0.005
6446,0.004,0.009,0.000,0.005
6447,0.004,0.009,0.000,0.005
6448,0.004,0.009,0.000,0.005
6449,0.004,0.009,0.000,0.005
6450,0.004,0.009,0.000,0.005
6451,0.004,0.009,0.000,0.005
6452,0.004,0.009,0.000,0.005
6453,0.004,0.009,0.000,0.005
6454,0.004,0.009,0.000,0.005
6455,0.004,0.009,0.000,0.005
6456,0.004,0.009,0.000,0.005
6457,0.004,0.009,0.000,0.005
6458,0.004,0.009,0.000,0.005
6459,0.004,0.009,0.000,0.005
6460,0.004,0.009,0.000,0.005
6461,0.004,0.009,0.000,0.005
6462,0.004,0.009,0.000,0.005
6463,0.004,0.009,0.000,0.005
6464,0.004,0.009,0.000,0.005
6465,0.004,0.009,0.000,0.005
6466,0.004,0.009,0.000,0.005
6467,0.004,0.009,0.000,0.005
6468,0.004,0.009,0.000,0.005
6469,0.004,0.009,0.000,0.005
6470,0.004,0.009,0.000,0.005
6471,0.004,0.009,0.000,0.005
6472,0.004,0.009,0.000,0.005
6473,0.004,0.009,0.000,0.005
6474,0.004,0.009,0.000,0.005
6475,0.004,0.009,0.000,0.005
6476,0.004,0.009,0.000,0.005
6477,0.004,0.009,0.000,0.005
6478,0.004,0.009,0.000,0.005
6479,0.004,0.009,0.000,0.005
6480,0.004,0.009,0.000,0.005
6481,0.004,0.009,0.000,0.005
6482,0.004,0.009,0.000,0.005
6483,0.004,0.009,0.000,0.005
6484,0.004,0.009,0.000,0.005
6485,0.004,0.009,0.000,0.005
6486,0.004,0.009,0.000,0.005
6487,0.004,0.009,0.000,0.005
6488,0.004,0.009,0.000,0.005
6489,0.004,0.009,0.000,0.005
6490,0.004,0.009,0.000,0.005
6491,0.004,0.009,0.000,0.005
6492,0.004,0.009,0.000,0.005
6493,0.004,0.009,0.000,0.005
6494,0.004,0.009,0.000,0.005
6495,0.004,0.009,0.000,0.005
6496,0.004,0.009,0.000,0.005
6497,0.004,0.009,0.000,0.005
6498,0.004,0.009,0.000,0.005
6499,0.004,0.009,0.000,0.005
6500,0.004,0.009,0.000,0.005
6501,0.004,0.009,0.000,0.005
6502,0.004,0.009,0.000,0.005
6503,0.004,0.009,0.000,0.005
6504,0.004,0.009,0.000,0.005
6505,0.004,0.009,0.000,0.005
6506,0.004,0.009,0.000,0.005
6507,0.004,0.009,0.000,0.005
6508,0.004,0.009,0.000,0.005
6509,0.004,0.009,0.000,0.005
6510,0.004,0.009,0.000,0.005
6511,0.004,0.009,0.000,0.005
6512,0.004,0.009,0.000,0.005
6513,0.004,0.009,0.000,0.005
6514,0.004,0.009,0.000,0.005
6515,0.004,0.009,0.000,0.005
6516,0.004,0.009,0.000,0.005
6517,0.004,0.009,0.000,0.005
6518,0.004,0.009,0.000,0.005
6519,0.004,0.009,0.000,0.005
6520,0.004,0.009,0.000,0.005
6521,0.004,0.009,0.000,0.005
6522,0.004,0.009,0.000,0.005
6523,0.004,0.009,0.000,0.005
6524,0.004,0.009,0.000,0.005
6525,0.004,0.009,0.000,0.005
6526,0.004,0.009,0.000,0.005
6527,0.004,0.009,0.000,0.005
6528,0.004,0.009,0.000,0.005
6529,0.004,0.009,0.000,0.005
6530,0.004,0.009,0.000,0.005
6531,0.004,0.009,0.000,0.005
6532,0.004,0.009,0.000,0.005
6533,0.004,0.009,0.000,0.005
6534,0.004,0.009,0.000,0.005
6535,0.004,0.009,0.000,0.005
6536,0.004,0.009,0.000,0.005
6537,0.004,0.009,0.000,0.005
6538,0.004,0.009,0.000,0.005
6539,0.004,0.009,0.000,0.005
6540,0.004,0.009,0.000,0.005
6541,0.004,0.009,0.000,0.005
6542,0.004,0.009,0.000,0.005
6543,0.004,0.009,0.000,0.005
6544,0.004,0.009,0.000,0.005
6545,0.004,0.009,0.000,0.005
6546,0.004,0.009,0.000,0.005
6547,0.004,0.009,0.000,0.005
6548,0.004,0.009,0.000,0.005
6549,0.004,0.009,0.000,0.005
6550,0.004,0.009,0.000,0.005
6551,0.004,0.009,0.000,0.005
6552,0.004,0.009,0.000,0.005
6553,0.004,0.009,0.000,0.005
6554,0.004,0.009,0.000,0.005
6555,0.004,0.009,0.000,0.005
6556,0.004,0.009,0.000,0.005
6557,0.004,0.009,0.000,0.005
6558,0.004,0.009,0.000,0.005
6559,0.004,0.009,0.000,0.005
6560,0.004,0.009,0.000,0.005
6561,0.004,0.009,0.000,0.005
6562,0.004,0.009,0.000,0.005
6563,0.004,0.009,0.000,0.005
6564,0.004,0.009,0.000,0.005
6565,0.004,0.009,0.000,0.005
6566,0.004,0.009,0.000,0.005
6567,0.004,0.009,0.000,0.005
6568,0.004,0.009,0.000,0.005
6569,0.004,0.009,0.000,0.005
6570,0.004,0.009,0.000,0.005
6571,0.004,0.009,0.000,0.005
6572,0.004,0.009,0.000,0.005
6573,0.004,0.009,0.000,0.005
6574,0.004,0.009,0.000,0.005
6575,0.004,0.009,0.000,0.005
6576,0.004,0.009,0.000,0.005
6577,0.004,0.009,0.000,0.005
6578,0.004,0.009,0.000,0.005
6579,0.004,0.009,0.000,0.005
6580,0.004,0.009,0.000,0.005
6581,0.004,0.009,0.000,0.005
6582,0.004,0.009,0.000,0.005
6583,0.004,0.009,0.000,0.005
6584,0.004,0.009,0.000,0.005
6585,0.004,0.009,0.000,0.005
6586,0.004,0.009,0.000,0.005
6587,0.004,0.009,0.000,0.005
6588,0.004,0.009,0.000,0.005
6589,0.004,0.009,0.000,0.005
6590,0.004,0.009,0.000,0.005
6591,0.004,0.009,0.000,0.005
6592,0.004,0.009,0.000,0.005
6593,0.004,0.009,0.000,0.005
6594,0.004,0.009,0.000,0.005
6595,0.004,0.009,0.000,0.005
6596,0.004,0.009,0.000,0.005
6597,0.004,0.009,0.000,0.005
6598,0.004,0.009,0.000,0.005
6599,0.004,0.009,0.000,0.005
6600,0.004,0.009,0.000,0.005
6601,0.004,0.009,0.000,0.005
6602,0.004,0.009,0.000,0.005
6603,0.004,0.009,0.000,0.005
6604,0.004,0.009,0.000,0.005
6605,0.004,0.009,0.000,0.005
6606,0.004,0.009,0.000,0.005
6607,0.004,0.009,0.000,0.005
6608,0.004,0.009,0.000,0.005
6609,0.004,0.009,0.000,0.005
6610,0.004,0.009,0.000,0.005
6611,0.004,0.009,0.000,0.005
6612,0.004,0.009,0.000,0.005
6613,0.004,0.009,0.000,0.005
6614,0.004,0.009,0.000,0.005
6615,0.004,0.009,0.000,0.005
6616,0.004,0.009,0.000,0.005
6617,0.004,0.009,0.000,0.005
6618,0.004,0.009,0.000,0.005
6619,0.004,0.009,0.000,0.005
6620,0.004,0.009,0.000,0.005
6621,0.004,0.009,0.000,0.005
6622,0.004,0.009,0.000,0.005
6623,0.004,0.009,0.000,0.005
6624,0.004,0.009,0.000,0.005
6625,0.004,0.009,0.000,0.005
6626,0.004,0.009,0.000,0.005
6627,0.004,0.009,0.000,0.005
6628,0.004,0.009,0.000,0.005
6629,0.004,0.009,0.000,0.005
6630,0.004,0.009,0.000,0.005
6631,0.004,0.009,0.000,0.005
6632,0.004,0.009,0.000,0.005
6633,0.004,0.009,0.000,0.005
6634,0.004,0.009,0.000,0.005
6635,0.004,0.009,0.000,0.005
6636,0.004,0.009,0.000,0.005
6637,0.004,0.009,0.000,0.005
6638,0.004,0.009,0.000,0.005
6639,0.004,0.009,0.000,0.005
6640,0.004,0.009,0.000,0.005
6641,0.004,0.009,0.000,0.005
6642,0.004,0.009,0.000,0.005
6643,0.004,0.009,0.000,0.005
6644,0.004,0.009,0.000,0.005
6645,0.004,0.009,0.000,0.005
6646,0.004,0.009,0.000,0.005
6647,0.004,0.009,0.000,0.005
6648,0.004,0.009,0.000,0.005
6649,0.004,0.009,0.000,0.005
6650,0.004,0.009,0.000,0.005
6651,0.004,0.009,0.000,0.005
6652,0.004,0.009,0.000,0.005
6653,0.004,0.009,0.000,0.005
6654,0.004,0.009,0.000,0.005
6655,0.004,0.009,0.000,0.005
6656,0.004,0.009,0.000,0.005
6657,0.004,0.009,0.000,0.005
6658,0.004,0.009,0.000,0.005
6659,0.004,0.009,0.000,0.005
6660,0.004,0.009,0.000,0.005
6661,0.004,0.009,0.000,0.005
6662,0.004,0.009,0.000,0.005
6663,0.004,0.009,0.000,0.005
6664,0.004,0.009,0.000,0.005
6665,0.004,0.009,0.000,0.005
6666,0.004,0.009,0.000,0.005
6667,0.004,0.009,0.000,0.005
6668,0.004,0.009,0.000,0.005
6669,0.004,0.009,0.000,0.005
6670,0.004,0.009,0.000,0.005
6671,0.004,0.009,0.000,0.005
6672,0.004,0.009,0.000,0.005
6673,0.004,0.009,0.000,0.005
6674,0.004,0.009,0.000,0.005
6675,0.004,0.009,0.000,0.005
6676,0.004,0.009,0.000,0.005
6677,0.004,0.009,0.000,0.005
6678,0.004,0.009,0.000,0.005
6679,0.004,0.009,0.000,0.005
6680,0.004,0.009,0.000,0.005
6681,0.004,0.009,0.000,0.005
6682,0.004,0.009,0.000,0.005
6683,0.004,0.009,0.000,0.005
6684,0.004,0.009,0.000,0.005
6685,0.004,0.009,0.000,0.005
6686,0.004,0.009,0.000,0.005
6687,0.004,0.009,0.000,0.005
6688,0.004,0.009,0.000,0.005
6689,0.004,0.009,0.000,0.005
6690,0.004,0.009,0.000,0.005
6691,0.004,0.009,0.000,0.005
6692,0.004,0.009,0.000,0.005
6693,0.004,0.009,0.000,0.005
6694,0.004,0.009,0.000,0.005
6695,0.004,0.009,0.000,0.005
6696,0.004,0.009,0.000,0.005
6697,0.004,0.009,0.000,0.005
6698,0.004,0.009,0.000,0.005
6699,0.004,0.009,0.000,0.005
6700,0.004,0.009,0.000,0.005
6701,0.004,0.009,0.000,0.005
6702,0.004,0.009,0.000,0.005
6703,0.004,0.009,0.000,0.005
6704,0.004,0.009,0.000,0.005
6705,0.004,0.009,0.000,0.005
6706,0.004,0.009,0.000,0.005
6707,0.004,0.009,0.000,0.005
6708,0.004,0.009,0.000,0.005
6709,0.004,0.009,0.000,0.005
6710,0.004,0.009,0.000,0.005
6711,0.004,0.009,0.000,0.005
6712,0.004,0.009,0.000,0.005
6713,0.004,0.009,0.000,0.005
6714,0.004,0.009,0.000,0.005
6715,0.004,0.009,0.000,0.005
6716,0.004,0.009,0.000,0.005
6717,0.004,0.009,0.000,0.005
6718,0.004,0.009,0.000,0.005
6719,0.004,0.009,0.000,0.005
6720,0.004,0.009,0.000,0.005
6721,0.004,0.009,0.000,0.005
6722,0.004,0.009,0.000,0.005
6723,0.004,0.009,0.000,0.005
6724,0.004,0.009,0.000,0.005
6725,0.004,0.009,0.000,0.005
6726,0.004,0.009,0.000,0.005
6727,0.004,0.009,0.000,0.005
6728,0.004,0.009,0.000,0.005
6729,0.004,0.009,0.000,0.005
6730,0.004,0.009,0.000,0.005
6731,0.004,0.009,0.000,0.005
6732,0.004,0.009,0.000,0.005
6733,0.004,0.009,0.000,0.005
6734,0.004,0.009,0.000,0.005
6735,0.004,0.009,0.000,0.005
6736,0.004,0.009,0.000,0.005
6737,0.004,0.009,0.000,0.005
6738,0.004,0.009,0.000,0.005
6739,0.004,0.009,0.000,0.005
6740,0.004,0.009,0.000,0.005
6741,0.004,0.009,0.000,0.005
6742,0.004,0.009,0.000,0.005
6743,0.004,0.009,0.000,0.005
6744,0.004,0.009,0.000,0.005
6745,0.004,0.009,0.000,0.005
6746,0.004,0.009,0.000,0.005
6747,0.004,0.009,0.000,0.005
6748,0.004,0.009,0.000,0.005
6749,0.004,0.009,0.000,0.005
6750,0.004,0.009,0.000,0.005
6751,0.004,0.009,0.000,0.005
6752,0.004,0.009,0.000,0.005
6753,0.004,0.009,0.000,0.005
6754,0.004,0.009,0.000,0.005
6755,0.004,0.009,0.000,0.005
6756,0.004,0.009,0.000,0.005
6757,0.004,0.009,0.000,0.005
6758,0.004,0.009,0.000,0.005
6759,0.004,0.009,0.000,0.005
6760,0.004,0.009,0.000,0.005
6761,0.004,0.009,0.000,0.005
6762,0.004,0.009,0.000,0.005
6763,0.004,0.009,0.000,0.005
6764,0.004,0.009,0.000,0.005
6765,0.004,0.009,0.000,0.005
6766,0.004,0.009,0.000,0.005
6767,0.004,0.009,0.000,0.005
6768,0.004,0.009,0.000,0.005
6769,0.004,0.009,0.000,0.005
6770,0.004,0.009,0.000,0.005
6771,0.004,0.009,0.000,0.005
6772,0.004,0.009,0.000,0.005
6773,0.004,0.009,0.000,0.005
6774,0.004,0.009,0.000,0.005
6775,0.004,0.009,0.000,0.005
6776,0.004,0.009,0.000,0.005
6777,0.004,0.009,0.000,0.005
6778,0.004,0.009,0.000,0.005
6779,0.004,0.009,0.000,0.005
6780,0.004,0.009,0.000,0.005
6781,0.004,0.009,0.000,0.005
6782,0.004,0.009,0.000,0.005
6783,0.004,0.009,0.000,0.005
6784,0.004,0.009,0.000,0.005
6785,0.004,0.009,0.000,0.005
6786,0.004,0.009,0.000,0.005
6787,0.004,0.009,0.000,0.005
6788,0.004,0.009,0.000,0.005
6789,0.004,0.009,0.000,0.005
6790,0.004,0.009,0.000,0.005
6791,0.004,0.009,0.000,0.005
6792,0.004,0.009,0.000,0.005
6793,0.004,0.009,0.000,0.005
6794,0.004,0.009,0.000,0.005
6795,0.004,0.009,0.000,0.005
6796,0.004,0.009,0.000,0.005
6797,0.004,0.009,0.000,0.005
6798,0.004,0.009,0.000,0.005
6799,0.004,0.009,0.000,0.005
6800,0.004,0.009,0.000,0.005
6801,0.004,0.009,0.000,0.005
6802,0.004,0.009,0.000,0.005
6803,0.004,0.009,0.000,0.005
6804,0.004,0.009,0.000,0.005
6805,0.004,0.009,0.000,0.005
6806,0.004,0.009,0.000,0.005
6807,0.004,0.009,0.000,0.005
6808,0.004,0.009,0.000,0.005
6809,0.004,0.009,0.000,0.005
6810,0.004,0.009,0.000,0.005
6811,0.004,0.009,0.000,0.005
6812,0.004,0.009,0.000,0.005
6813,0.004,0.009,0.000,0.005
6814,0.004,0.009,0.000,0.005
6815,0.004,0.009,0.000,0.005
6816,0.004,0.009,0.000,0.005
6817,0.004,0.009,0.000,0.005
6818,0.004,0.009,0.000,0.005
6819,0.004,0.009,0.000,0.005
6820,0.004,0.009,0.000,0.005
6821,0.004,0.009,0.000,0.005
6822,0.004,0.009,0.000,0.005
6823,0.004,0.009,0.000,0.005
6824,0.004,0.009,0.000,0.005
6825,0.004,0.009,0.000,0.005
6826,0.004,0.009,0.000,0.005
6827,0.004,0.009,0.000,0.005
6828,0.004,0.009,0.000,0.005
6829,0.004,0.009,0.000,0.005
6830,0.004,0.009,0.000,0.005
6831,0.004,0.009,0.000,0.005
6832,0.004,0.009,0.000,0.005
6833,0.004,0.009,0.000,0.005
6834,0.004,0.009,0.000,0.005
6835,0.004,0.009,0.000,0.005
6836,0.004,0.009,0.000,0.005
6837,0.004,0.009,0.000,0.005
6838,0.004,0.009,0.000,0.005
6839,0.004,0.009,0.000,0.005
6840,0.004,0.009,0.000,0.005
6841,0.004,0.009,0.000,0.005
6842,0.004,0.009,0.000,0.005
6843,0.004,0.009,0.000,0.005
6844,0.004,0.009,0.000,0.005
6845,0.004,0.009,0.000,0.005
6846,0.004,0.009,0.000,0.005
6847,0.004,0.009,0.000,0.005
6848,0.004,0.009,0.000,0.005
6849,0.004,0.009,0.000,0.005
6850,0.004,0.009,0.000,0.005
6851,0.004,0.009,0.000,0.005
6852,0.004,0.009,0.000,0.005
6853,0.004,0.009,0.000,0.005
6854,0.004,0.009,0.000,0.005
6855,0.004,0.009,0.000,0.005
6856,0.004,0.009,0.000,0.005
6857,0.004,0.009,0.000,0.005
6858,0.004,0.009,0.000,0.005
6859,0.004,0.009,0.000,0.005
6860,0.004,0.009,0.000,0.005
6861,0.004,0.009,0.000,0.005
6862,0.004,0.009,0.000,0.005
6863,0.004,0.009,0.000,0.005
6864,0.004,0.009,0.000,0.005
6865,0.004,0.009,0.000,0.005
6866,0.004,0.009,0.000,0.005
6867,0.004,0.009,0.000,0.005
6868,0.004,0.009,0.000,0.005
6869,0.004,0.009,0.000,0.005
6870,0.004,0.009,0.000,0.005
6871,0.004,0.009,0.000,0.005
6872,0.004,0.009,0.000,0.005
6873,0.004,0.009,0.000,0.005
6874,0.004,0.009,0.000,0.005
6875,0.004,0.009,0.000,0.005
6876,0.004,0.009,0.000,0.005
6877,0.004,0.009,0.000,0.005
6878,0.004,0.009,0.000,0.005
6879,0.004,0.009,0.000,0.005
6880,0.004,0.009,0.000,0.005
6881,0.004,0.009,0.000,0.005
6882,0.004,0.009,0.000,0.005
6883,0.004,0.009,0.000,0.005
6884,0.004,0.009,0.000,0.005
6885,0.004,0.009,0.000,0.005
6886,0.004,0.009,0.000,0.005
6887,0.004,0.009,0.000,0.005
6888,0.004,0.009,0.000,0.005
6889,0.004,0.009,0.000,0.005
6890,0.004,0.009,0.000,0.005
6891,0.004,0.009,0.000,0.005
6892,0.004,0.009,0.000,0.005
6893,0.004,0.009,0.000,0.005
6894,0.004,0.009,0.000,0.005
6895,0.004,0.009,0.000,0.005
6896,0.004,0.009,0.000,0.005
6897,0.004,0.009,0.000,0.005
6898,0.004,0.009,0.000,0.005
6899,0.004,0.009,0.000,0.005
6900,0.004,0.009,0.000,0.005
6901,0.004,0.009,0.000,0.005
6902,0.004,0.009,0.000,0.005
6903,0.004,0.009,0.000,0.005
6904,0.004,0.009,0.000,0.005
6905,0.004,0.009,0.000,0.005
6906,0.004,0.009,0.000,0.005
6907,0.004,0.009,0.000,0.005
6908,0.004,0.009,0.000,0.005
6909,0.004,0.009,0.000,0.005
6910,0.004,0.009,0.000,0.005
6911,0.004,0.009,0.000,0.005
6912,0.004,0.009,0.000,0.005
6913,0.004,0.009,0.000,0.005
6914,0.004,0.009,0.000,0.005
6915,0.004,0.009,0.000,0.005
6916,0.004,0.009,0.000,0.005
6917,0.004,0.009,0.000,0.005
6918,0.004,0.009,0.000,0.005
6919,0.004,0.009,0.000,0.005
6920,0.004,0.009,0.000,0.005
6921,0.004,0.009,0.000,0.005
6922,0.004,0.009,0.000,0.005
6923,0.004,0.009,0.000,0.005
6924,0.004,0.009,0.000,0.005
6925,0.004,0.009,0.000,0.005
6926,0.004,0.009,0.000,0.005
6927,0.004,0.009,0.000,0.005
6928,0.004,0.009,0.000,0.005
6929,0.004,0.009,0.000,0.005
6930,0.004,0.009,0.000,0.005
6931,0.004,0.009,0.000,0.005
6932,0.004,0.009,0.000,0.005
6933,0.004,0.009,0.000,0.005
6934,0.004,0.009,0.000,0.005
6935,0.004,0.009,0.000,0.005
6936,0.004,0.009,0.000,0.005
6937,0.004,0.009,0.000,0.005
6938,0.004,0.009,0.000,0.005
6939,0.004,0.009,0.000,0.005
6940,0.004,0.009,0.000,0.005
6941,0.004,0.009,0.000,0.005
6942,0.004,0.009,0.000,0.005
6943,0.004,0.009,0.000,0.005
6944,0.004,0.009,0.000,0.005
6945,0.004,0.009,0.000,0.005
6946,0.004,0.009,0.000,0.005
6947,0.004,0.009,0.000,0.005
6948,0.004,0.009,0.000,0.005
6949,0.004,0.009,0.000,0.005
6950,0.004,0.009,0.000,0.005
6951,0.004,0.009,0.000,0.005
6952,0.004,0.009,0.000,0.005
6953,0.004,0.009,0.000,0.005
6954,0.004,0.009,0.000,0.005
6955,0.004,0.009,0.000,0.005
6956,0.004,0.009,0.000,0.005
6957,0.004,0.009,0.000,0.005
6958,0.004,0.009,0.000,0.005
6959,0.004,0.009,0.000,0.005
6960,0.004,0.009,0.000,0.005
6961,0.004,0.009,0.000,0.005
6962,0.004,0.009,0.000,0.005
6963,0.004,0.009,0.000,0.005
6964,0.004,0.009,0.000,0.005
6965,0.004,0.009,0.000,0.005
6966,0.004,0.009,0.000,0.005
6967,0.004,0.009,0.000,0.005
6968,0.004,0.009,0.000,0.005
6969,0.004,0.009,0.000,0.005
6970,0.004,0.009,0.000,0.005
6971,0.004,0.009,0.000,0.005
6972,0.004,0.009,0.000,0.005
6973,0.004,0.009,0.000,0.005
6974,0.004,0.009,0.000,0.005
6975,0.004,0.009,0.000,0.005
6976,0.004,0.009,0.000,0.005
6977,0.004,0.009,0.000,0.005
6978,0.004,0.009,0.000,0.005
6979,0.004,0.009,0.000,0.005
6980,0.004,0.009,0.000,0.005
6981,0.004,0.009,0.000,0.005
6982,0.004,0.009,0.000,0.005
6983,0.004,0.009,0.000,0.005
6984,0.004,0.009,0.000,0.005
6985,0.004,0.009,0.000,0.005
6986,0.004,0.009,0.000,0.005
6987,0.004,0.009,0.000,0.005
6988,0.004,0.009,0.000,0.005
6989,0.004,0.009,0.000,0.005
6990,0.004,0.009,0.000,0.005
6991,0.004,0.009,0.000,0.005
6992,0.004,0.009,0.000,0.005
6993,0.004,0.009,0.000,0.005
6994,0.004,0.009,0.000,0.005
6995,0.004,0.009,0.000,0.005
6996,0.004,0.009,0.000,0.005
6997,0.004,0.009,0.000,0.005
6998,0.004,0.009,0.000,0.005
6999,0.004,0.009,0.000,0.005
7000,0.004,0.009,0.000,0.005
7001,0.004,0.009,0.000,0.005
7002,0.004,0.009,0.000,0.005
7003,0.004,0.009,0.000,0.005
7004,0.004,0.009,0.000,0.005
7005,0.004,0.009,0.000,0.005
7006,0.004,0.009,0.000,0.005
7007,0.004,0.009,0.000,0.005
7008,0.004,0.009,0.000,0.005
7009,0.004,0.009,0.000,0.005
7010,0.004,0.009,0.000,0.005
7011,0.004,0.009,0.000,0.005
7012,0.004,0.009,0.000,0.005
7013,0.004,0.009,0.000,0.005
7014,0.004,0.009,0.000,0.005
7015,0.004,0.009,0.000,0.005
7016,0.004,0.009,0.000,0.005
7017,0.004,0.009,0.000,0.005
7018,0.004,0.009,0.000,0.005
7019,0.004,0.009,0.000,0.005
7020,0.004,0.009,0.000,0.005
7021,0.004,0.009,0.000,0.005
7022,0.004,0.009,0.000,0.005
7023,0.004,0.009,0.000,0.005
7024,0.004,0.009,0.000,0.005
7025,0.004,0.009,0.000,0.005
7026,0.004,0.009,0.000,0.005
7027,0.004,0.009,0.000,0.005
7028,0.004,0.009,0.000,0.005
7029,0.004,0.009,0.000,0.005
7030,0.004,0.009,0.000,0.005
7031,0.004,0.009,0.000,0.005
7032,0.004,0.009,0.000,0.005
7033,0.004,0.009,0.000,0.005
7034,0.004,0.009,0.000,0.005
7035,0.004,0.009,0.000,0.005
7036,0.004,0.009,0.000,0.005
7037,0.004,0.009,0.000,0.005
7038,0.004,0.009,0.000,0.005
7039,0.004,0.009,0.000,0.005
7040,0.004,0.009,0.000,0.005
7041,0.004,0.009,0.000,0.005
7042,0.004,0.009,0.000,0.005
7043,0.004,0.009,0.000,0.005
7044,0.004,0.009,0.000,0.005
7045,0.004,0.009,0.000,0.005
7046,0.004,0.009,0.000,0.005
7047,0.004,0.009,0.000,0.005
7048,0.004,0.009,0.000,0.005
7049,0.004,0.009,0.000,0.005
7050,0.004,0.009,0.000,0.005
7051,0.004,0.009,0.000,0.005
7052,0.004,0.009,0.000,0.005
7053,0.004,0.009,0.000,0.005
7054,0.004,0.009,0.000,0.005
7055,0.004,0.009,0.000,0.005
7056,0.004,0.009,0.000,0.005
7057,0.004,0.009,0.000,0.005
7058,0.004,0.009,0.000,0.005
7059,0.004,0.009,0.000,0.005
7060,0.004,0.009,0.000,0.005
7061,0.004,0.009,0.000,0.005
7062,0.004,0.009,0.000,0.005
7063,0.004,0.009,0.000,0.005
7064,0.004,0.009,0.000,0.005
7065,0.004,0.009,0.000,0.005
7066,0.004,0.009,0.000,0.005
7067,0.004,0.009,0.000,0.005
7068,0.004,0.009,0.000,0.005
7069,0.004,0.009,0.000,0.005
7070,0.004,0.009,0.000,0.005
7071,0.004,0.009,0.000,0.005
7072,0.004,0.009,0.000,0.005
7073,0.004,0.009,0.000,0.005
7074,0.004,0.009,0.000,0.005
7075,0.004,0.009,0.000,0.005
7076,0.004,0.009,0.000,0.005
7077,0.004,0.009,0.000,0.005
7078,0.004,0.009,0.000,0.005
7079,0.004,0.009,0.000,0.005
7080,0.004,0.009,0.000,0.005
7081,0.004,0.009,0.000,0.005
7082,0.004,0.009,0.000,0.005
7083,0.004,0.009,0.000,0.005
7084,0.004,0.009,0.000,0.005
7085,0.004,0.009,0.000,0.005
7086,0.004,0.009,0.000,0.005
7087,0.004,0.009,0.000,0.005
7088,0.004,0.009,0.000,0.005
7089,0.004,0.009,0.000,0.005
7090,0.004,0.009,0.000,0.005
7091,0.004,0.009,0.000,0.005
7092,0.004,0.009,0.000,0.005
7093,0.004,0.009,0.000,0.005
7094,0.004,0.009,0.000,0.005
7095,0.004,0.009,0.000,0.005
7096,0.004,0.009,0.000,0.005
7097,0.004,0.009,0.000,0.005
7098,0.004,0.009,0.000,0.005
7099,0.004,0.009,0.000,0.005
7100,0.004,0.009,0.000,0.005
7101,0.004,0.009,0.000,0.005
7102,0.004,0.009,0.000,0.005
7103,0.004,0.009,0.000,0.005
7104,0.004,0.009,0.000,0.005
7105,0.004,0.009,0.000,0.005
7106,0.004,0.009,0.000,0.005
7107,0.004,0.009,0.000,0.005
7108,0.004,0.009,0.000,0.005
7109,0.004,0.009,0.000,0.005
7110,0.004,0.009,0.000,0.005
7111,0.004,0.009,0.000,0.005
7112,0.004,0.009,0.000,0.005
7113,0.004,0.009,0.000,0.005
7114,0.004,0.009,0.000,0.005
7115,0.004,0.009,0.000,0.005
7116,0.004,0.009,0.000,0.005
7117,0.004,0.009,0.000,0.005
7118,0.004,0.009,0.000,0.005
7119,0.004,0.009,0.000,0.005
7120,0.004,0.009,0.000,0.005
7121,0.004,0.009,0.000,0.005
7122,0.004,0.009,0.000,0.005
7123,0.004,0.009,0.000,0.005
7124,0.004,0.009,0.000,0.005
7125,0.004,0.009,0.000,0.005
7126,0.004,0.009,0.000,0.005
7127,0.004,0.009,0.000,0.005
7128,0.004,0.009,0.000,0.005
7129,0.004,0.009,0.000,0.005
7130,0.004,0.009,0.000,0.005
7131,0.004,0.009,0.000,0.005
7132,0.004,0.009,0.000,0.005
7133,0.004,0.009,0.000,0.005
7134,0.004,0.009,0.000,0.005
7135,0.004,0.009,0.000,0.005
7136,0.004,0.009,0.000,0.005
7137,0.004,0.009,0.000,0.005
7138,0.004,0.009,0.000,0.005
7139,0.004,0.009,0.000,0.005
7140,0.004,0.009,0.000,0.005
7141,0.004,0.009,0.000,0.005
7142,0.004,0.009,0.000,0.005
7143,0.004,0.009,0.000,0.005
7144,0.004,0.009,0.000,0.005
7145,0.004,0.009,0.000,0.005
7146,0.004,0.009,0.000,0.005
7147,0.004,0.009,0.000,0.005
7148,0.004,0.009,0.000,0.005
7149,0.004,0.009,0.000,0.005
7150,0.004,0.009,0.000,0.005
7151,0.004,0.009,0.000,0.005
7152,0.004,0.009,0.000,0.005
7153,0.004,0.009,0.000,0.005
7154,0.004,0.009,0.000,0.005
7155,0.004,0.009,0.000,0.005
7156,0.004,0.009,0.000,0.005
7157,0.004,0.009,0.000,0.005
7158,0.004,0.009,0.000,0.005
7159,0.004,0.009,0.000,0.005
7160,0.004,0.009,0.000,0.005
7161,0.004,0.009,0.000,0.005
7162,0.004,0.009,0.000,0.005
7163,0.004,0.009,0.000,0.005
7164,0.004,0.009,0.000,0.005
7165,0.004,0.009,0.000,0.005
7166,0.004,0.009,0.000,0.005
7167,0.004,0.009,0.000,0.005
7168,0.004,0.009,0.000,0.005
7169,0.004,0.009,0.000,0.005
7170,0.004,0.009,0.000,0.005
7171,0.004,0.009,0.000,0.005
7172,0.004,0.009,0.000,0.005
7173,0.004,0.009,0.000,0.005
7174,0.004,0.009,0.000,0.005
7175,0.004,0.009,0.000,0.005
7176,0.004,0.009,0.000,0.005
7177,0.004,0.009,0.000,0.005
7178,0.004,0.009,0.000,0.005
7179,0.004,0.009,0.000,0.005
7180,0.004,0.009,0.000,0.005
7181,0.004,0.009,0.000,0.005
7182,0.004,0.009,0.000,0.005
7183,0.004,0.009,0.000,0.005
7184,0.004,0.009,0.000,0.005
7185,0.004,0.009,0.000,0.005
7186,0.004,0.009,0.000,0.005
7187,0.004,0.009,0.000,0.005
7188,0.004,0.009,0.000,0.005
7189,0.004,0.009,0.000,0.005
7190,0.004,0.009,0.000,0.005
7191,0.004,0.009,0.000,0.005
7192,0.004,0.009,0.000,0.005
7193,0.004,0.009,0.000,0.005
7194,0.004,0.009,0.000,0.005
7195,0.004,0.009,0.000,0.005
7196,0.004,0.009,0.000,0.005
7197,0.004,0.009,0.000,0.005
7198,0.004,0.009,0.000,0.005
7199,0.004,0.009,0.000,0.005
7200,0.004,0.009,0.000,0.005
7201,0.004,0.009,0.000,0.005
7202,0.004,0.009,0.000,0.005
7203,0.004,0.009,0.000,0.005
7204,0.004,0.009,0.000,0.005
7205,0.004,0.009,0.000,0.005
7206,0.004,0.009,0.000,0.005
7207,0.004,0.009,0.000,0.005
7208,0.004,0.009,0.000,0.005
7209,0.004,0.009,0.000,0.005
7210,0.004,0.009,0.000,0.005
7211,0.004,0.009,0.000,0.005
7212,0.004,0.009,0.000,0.005
7213,0.004,0.009,0.000,0.005
7214,0.004,0.009,0.000,0.005
7215,0.004,0.009,0.000,0.005
7216,0.004,0.009,0.000,0.005
7217,0.004,0.009,0.000,0.005
7218,0.004,0.009,0.000,0.005
7219,0.004,0.009,0.000,0.005
7220,0.004,0.009,0.000,0.005
7221,0.004,0.009,0.000,0.005
7222,0.004,0.009,0.000,0.005
7223,0.004,0.009,0.000,0.005
7224,0.004,0.009,0.000,0.005
7225,0.004,0.009,0.000,0.005
7226,0.004,0.009,0.000,0.005
7227,0.004,0.009,0.000,0.005
7228,0.004,0.009,0.000,0.005
7229,0.004,0.009,0.000,0.005
7230,0.004,0.009,0.000,0.005
7231,0.004,0.009,0.000,0.005
7232,0.004,0.009,0.000,0.005
7233,0.004,0.009,0.000,0.005
7234,0.004,0.009,0.000,0.005
7235,0.004,0.009,0.000,0.005
7236,0.004,0.009,0.000,0.005
7237,0.004,0.009,0.000,0.005
7238,0.004,0.009,0.000,0.005
7239,0.004,0.009,0.000,0.005
7240,0.004,0.009,0.000,0.005
7241,0.004,0.009,0.000,0.005
7242,0.004,0.009,0.000,0.005
7243,0.004,0.009,0.000,0.005
7244,0.004,0.009,0.000,0.005
7245,0.004,0.009,0.000,0.005
7246,0.004,0.009,0.000,0.005
7247,0.004,0.009,0.000,0.005
7248,0.004,0.009,0.000,0.005
7249,0.004,0.009,0.000,0.005
7250,0.004,0.009,0.000,0.005
7251,0.004,0.009,0.000,0.005
7252,0.004,0.009,0.000,0.005
7253,0.004,0.009,0.000,0.005
7254,0.004,0.009,0.000,0.005
7255,0.004,0.009,0.000,0.005
7256,0.004,0.009,0.000,0.005
7257,0.004,0.009,0.000,0.005
7258,0.004,0.009,0.000,0.005
7259,0.004,0.009,0.000,0.005
7260,0.004,0.009,0.000,0.005
7261,0.004,0.009,0.000,0.005
7262,0.004,0.009,0.000,0.005
7263,0.004,0.009,0.000,0.005
7264,0.004,0.009,0.000,0.005
7265,0.004,0.009,0.000,0.005
7266,0.004,0.009,0.000,0.005
7267,0.004,0.009,0.000,0.005
7268,0.004,0.009,0.000,0.005
7269,0.004,0.009,0.000,0.005
7270,0.004,0.009,0.000,0.005
7271,0.004,0.009,0.000,0.005
7272,0.004,0.009,0.000,0.005
7273,0.004,0.009,0.000,0.005
7274,0.004,0.009,0.000,0.005
7275,0.004,0.009,0.000,0.005
7276,0.004,0.009,0.000,0.005
7277,0.004,0.009,0.000,0.005
7278,0.004,0.009,0.000,0.005
7279,0.004,0.009,0.000,0.005
7280,0.004,0.009,0.000,0.005
7281,0.004,0.009,0.000,0.005
7282,0.004,0.009,0.000,0.005
7283,0.004,0.009,0.000,0.005
7284,0.004,0.009,0.000,0.005
7285,0.004,0.009,0.000,0.005
7286,0.004,0.009,0.000,0.005
7287,0.004,0.009,0.000,0.005
7288,0.004,0.009,0.000,0.005
7289,0.004,0.009,0.000,0.005
7290,0.004,0.009,0.000,0.005
7291,0.004,0.009,0.000,0.005
7292,0.004,0.009,0.000,0.005
7293,0.004,0.009,0.000,0.005
7294,0.004,0.009,0.000,0.005
7295,0.004,0.009,0.000,0.005
7296,0.004,0.009,0.000,0.005
7297,0.004,0.009,0.000,0.005
7298,0.004,0.009,0.000,0.005
7299,0.004,0.009,0.000,0.005
7300,0.004,0.009,0.000,0.005
7301,0.004,0.009,0.000,0.005
7302,0.004,0.009,0.000,0.005
7303,0.004,0.009,0.000,0.005
7304,0.004,0.009,0.000,0.005
7305,0.004,0.009,0.000,0.005
7306,0.004,0.009,0.000,0.005
7307,0.004,0.009,0.000,0.005
7308,0.004,0.009,0.000,0.005
7309,0.004,0.009,0.000,0.005
7310,0.004,0.009,0.000,0.005
7311,0.004,0.009,0.000,0.005
7312,0.004,0.009,0.000,0.005
7313,0.004,0.009,0.000,0.005
7314,0.004,0.009,0.000,0.005
7315,0.004,0.009,0.000,0.005
7316,0.004,0.009,0.000,0.005
7317,0.004,0.009,0.000,0.005
7318,0.004,0.009,0.000,0.005
7319,0.004,0.009,0.000,0.005
7320,0.004,0.009,0.000,0.005
7321,0.004,0.009,0.000,0.005
7322,0.004,0.009,0.000,0.005
7323,0.004,0.009,0.000,0.005
7324,0.004,0.009,0.000,0.005
7325,0.004,0.009,0.000,0.005
7326,0.004,0.009,0.000,0.005
7327,0.004,0.009,0.000,0.005
7328,0.004,0.009,0.000,0.005
7329,0.004,0.009,0.000,0.005
7330,0.004,0.009,0.000,0.005
7331,0.004,0.009,0.000,0.005
7332,0.004,0.009,0.000,0.005
7333,0.004,0.009,0.000,0.005
7334,0.004,0.009,0.000,0.005
7335,0.010,0.009,0.000,0.007
7336,0.009,0.009,0.000,0.006
7337,0.007,0.009,0.000,0.006
7338,0.011,0.009,0.000,0.007
7339,0.013,0.009,0.000,0.008
7340,0.018,0.009,0.000,0.010
7341,0.019,0.009,0.000,0.010
7342,0.017,0.009,0.000,0.009
7343,0.017,0.009,0.000,0.009
7344,0.017,0.009,0.000,0.009
7345,0.020,0.009,0.000,0.010
7346,0.020,0.009,0.000,0.010
7347,0.019,0.009,0.000,0.010
7348,0.019,0.009,0.000,0.010
7349,0.020,0.009,0.000,0.010
7350,0.018,0.009,0.000,0.010
7351,0.021,0.009,0.000,0.011
7352,0.020,0.009,0.000,0.010
7353,0.021,0.009,0.000,0.011
7354,0.020,0.009,0.000,0.010
7355,0.015,0.009,0.000,0.009
7356,0.019,0.009,0.000,0.010
7357,0.017,0.009,0.000,0.009
7358,0.016,0.009,0.000,0.009
7359,0.018,0.009,0.000,0.010
7360,0.015,0.009,0.000,0.008
7361,0.016,0.009,0.000,0.009
7362,0.014,0.009,0.000,0.008
7363,0.014,0.009,0.000,0.008
7364,0.014,0.009,0.000,0.008
7365,0.014,0.009,0.000,0.008
7366,0.012,0.009,0.000,0.008
7367,0.012,0.009,0.000,0.007
7368,0.011,0.009,0.000,0.007
7369,0.011,0.009,0.000,0.007
7370,0.011,0.009,0.000,0.007
7371,0.010,0.009,0.000,0.007
7372,0.009,0.009,0.000,0.006
7373,0.010,0.009,0.000,0.007
7374,0.008,0.009,0.000,0.006
7375,0.010,0.009,0.000,0.007
7376,0.008,0.009,0.000,0.006
7377,0.008,0.009,0.000,0.006
7378,0.008,0.009,0.000,0.006
7379,0.008,0.009,0.000,0.006
7380,0.007,0.009,0.000,0.006
7381,0.009,0.009,0.000,0.006
7382,0.010,0.009,0.000,0.007
7383,0.009,0.009,0.000,0.006
7384,0.010,0.009,0.000,0.007
7385,0.010,0.009,0.000,0.007
7386,0.010,0.009,0.000,0.007
7387,0.011,0.009,0.000,0.007
7388,0.011,0.009,0.000,0.007
7389,0.014,0.009,0.000,0.008
7390,0.014,0.009,0.000,0.008
7391,0.009,0.009,0.000,0.006
7392,0.011,0.009,0.000,0.007
7393,0.008,0.009,0.000,0.006
7394,0.006,0.009,0.000,0.005
7395,0.007,0.009,0.000,0.006
7396,0.009,0.009,0.000,0.006
7397,0.009,0.009,0.000,0.006
7398,0.007,0.009,0.000,0.006
7399,0.007,0.009,0.000,0.006
7400,0.007,0.009,0.000,0.006
7401,0.007,0.009,0.000,0.005
7402,0.007,0.009,0.000,0.005
7403,0.007,0.009,0.000,0.005
7404,0.007,0.009,0.000,0.005
7405,0.007,0.009,0.000,0.005
7406,0.008,0.009,0.000,0.006
7407,0.007,0.009,0.000,0.006
7408,0.007,0.009,0.000,0.006
7409,0.007,0.009,0.000,0.006
7410,0.006,0.009,0.000,0.005
7411,0.006,0.009,0.000,0.005
7412,0.007,0.009,0.000,0.006
7413,0.006,0.009,0.000,0.005
7414,0.006,0.009,0.000,0.005
7415,0.008,0.009,0.000,0.006
7416,0.008,0.009,0.000,0.006
7417,0.007,0.009,0.000,0.006
7418,0.006,0.009,0.000,0.005
7419,0.005,0.009,0.000,0.005
7420,0.005,0.009,0.000,0.005
7421,0.005,0.009,0.000,0.005
7422,0.005,0.009,0.000,0.005
7423,0.006,0.009,0.000,0.005
7424,0.006,0.009,0.000,0.005
7425,0.007,0.009,0.000,0.006
7426,0.007,0.009,0.000,0.006
7427,0.007,0.009,0.000,0.006
7428,0.007,0.009,0.000,0.006
7429,0.007,0.009,0.000,0.006
7430,0.005,0.009,0.000,0.005
7431,0.005,0.009,0.000,0.005
7432,0.006,0.009,0.000,0.005
7433,0.005,0.009,0.000,0.005
7434,0.005,0.009,0.000,0.005
7435,0.005,0.009,0.000,0.005
7436,0.005,0.009,0.000,0.005
7437,0.005,0.009,0.000,0.005
7438,0.005,0.009,0.000,0.005
7439,0.005,0.009,0.000,0.005
7440,0.005,0.009,0.000,0.005
7441,0.005,0.009,0.000,0.005
7442,0.005,0.009,0.000,0.005
7443,0.005,0.009,0.000,0.005
7444,0.005,0.009,0.000,0.005
7445,0.005,0.009,0.000,0.005
7446,0.005,0.009,0.000,0.005
7447,0.005,0.009,0.000,0.005
7448,0.005,0.009,0.000,0.005
7449,0.006,0.009,0.000,0.005
7450,0.006,0.009,0.000,0.005
7451,0.007,0.009,0.000,0.006
7452,0.007,0.009,0.000,0.006
7453,0.007,0.009,0.000,0.006
7454,0.007,0.009,0.000,0.006
7455,0.007,0.009,0.000,0.006
7456,0.005,0.009,0.000,0.005
7457,0.006,0.009,0.000,0.005
7458,0.005,0.009,0.000,0.005
7459,0.005,0.009,0.000,0.005
7460,0.005,0.009,0.000,0.005
7461,0.006,0.009,0.000,0.005
7462,0.006,0.009,0.000,0.005
7463,0.006,0.009,0.000,0.005
7464,0.006,0.009,0.000,0.005
7465,0.006,0.009,0.000,0.005
7466,0.006,0.009,0.000,0.005
7467,0.006,0.009,0.000,0.005
7468,0.006,0.009,0.000,0.005
7469,0.006,0.009,0.000,0.005
7470,0.006,0.009,0.000,0.005
7471,0.006,0.009,0.000,0.005
7472,0.006,0.009,0.000,0.005
7473,0.006,0.009,0.000,0.005
7474,0.006,0.009,0.000,0.005
7475,0.006,0.009,0.000,0.005
7476,0.006,0.009,0.000,0.005
7477,0.006,0.009,0.000,0.005
7478,0.006,0.009,0.000,0.005
7479,0.006,0.009,0.000,0.005
7480,0.006,0.009,0.000,0.005
7481,0.006,0.009,0.000,0.005
7482,0.006,0.009,0.000,0.005
7483,0.006,0.009,0.000,0.005
7484,0.006,0.009,0.000,0.005
7485,0.006,0.009,0.000,0.005
7486,0.006,0.009,0.000,0.005
7487,0.006,0.009,0.000,0.005
7488,0.006,0.009,0.000,0.005
7489,0.006,0.009,0.000,0.005
7490,0.006,0.009,0.000,0.005
7491,0.006,0.009,0.000,0.005
7492,0.006,0.009,0.000,0.005
7493,0.006,0.009,0.000,0.005
7494,0.006,0.009,0.000,0.005
7495,0.006,0.009,0.000,0.005
7496,0.006,0.009,0.000,0.005
7497,0.006,0.009,0.000,0.005
7498,0.006,0.009,0.000,0.005
7499,0.006,0.009,0.000,0.005
7500,0.006,0.009,0.000,0.005
7501,0.006,0.009,0.000,0.005
7502,0.006,0.009,0.000,0.005
7503,0.006,0.009,0.000,0.005
7504,0.006,0.009,0.000,0.005
7505,0.006,0.009,0.000,0.005
7506,0.006,0.009,0.000,0.005
7507,0.006,0.009,0.000,0.005
7508,0.006,0.009,0.000,0.005
7509,0.006,0.009,0.000,0.005
7510,0.006,0.009,0.000,0.005
7511,0.006,0.009,0.000,0.005
7512,0.006,0.009,0.000,0.005
7513,0.006,0.009,0.000,0.005
7514,0.006,0.009,0.000,0.005
7515,0.006,0.009,0.000,0.005
7516,0.006,0.009,0.000,0.005
7517,0.006,0.009,0.000,0.005
7518,0.006,0.009,0.000,0.005
7519,0.006,0.009,0.000,0.005
7520,0.006,0.009,0.000,0.005
7521,0.006,0.009,0.000,0.005
7522,0.006,0.009,0.000,0.005
7523,0.006,0.009,0.000,0.005
7524,0.006,0.009,0.000,0.005
7525,0.006,0.009,0.000,0.005
7526,0.006,0.009,0.000,0.005
7527,0.006,0.009,0.000,0.005
7528,0.006,0.009,0.000,0.005
7529,0.006,0.009,0.000,0.005
7530,0.006,0.009,0.000,0.005
7531,0.006,0.009,0.000,0.005
7532,0.006,0.009,0.000,0.005
7533,0.006,0.009,0.000,0.005
7534,0.006,0.009,0.000,0.005
7535,0.006,0.009,0.000,0.005
7536,0.006,0.009,0.000,0.005
7537,0.006,0.009,0.000,0.005
7538,0.006,0.009,0.000,0.005
7539,0.006,0.009,0.000,0.005
7540,0.006,0.009,0.000,0.005
7541,0.006,0.009,0.000,0.005
7542,0.006,0.009,0.000,0.005
7543,0.006,0.009,0.000,0.005
7544,0.006,0.009,0.000,0.005
7545,0.006,0.009,0.000,0.005
7546,0.006,0.009,0.000,0.005
7547,0.006,0.009,0.000,0.005
7548,0.006,0.009,0.000,0.005
7549,0.006,0.009,0.000,0.005
7550,0.006,0.009,0.000,0.005
7551,0.006,0.009,0.000,0.005
7552,0.006,0.009,0.000,0.005
7553,0.006,0.009,0.000,0.005
7554,0.006,0.009,0.000,0.005
7555,0.006,0.009,0.000,0.005
7556,0.006,0.009,0.000,0.005
7557,0.006,0.009,0.000,0.005
7558,0.006,0.009,0.000,0.005
7559,0.006,0.009,0.000,0.005
7560,0.006,0.009,0.000,0.005
7561,0.006,0.009,0.000,0.005
7562,0.006,0.009,0.000,0.005
7563,0.006,0.009,0.000,0.005
7564,0.006,0.009,0.000,0.005
7565,0.006,0.009,0.000,0.005
7566,0.006,0.009,0.000,0.005
7567,0.006,0.009,0.000,0.005
7568,0.006,0.009,0.000,0.005
7569,0.006,0.009,0.000,0.005
7570,0.006,0.009,0.000,0.005
7571,0.006,0.009,0.000,0.005
7572,0.006,0.009,0.000,0.005
7573,0.006,0.009,0.000,0.005
7574,0.006,0.009,0.000,0.005
7575,0.006,0.009,0.000,0.005
7576,0.006,0.009,0.000,0.005
7577,0.006,0.009,0.000,0.005
7578,0.006,0.009,0.000,0.005
7579,0.006,0.009,0.000,0.005
7580,0.006,0.009,0.000,0.005
7581,0.006,0.009,0.000,0.005
7582,0.006,0.009,0.000,0.005
7583,0.006,0.009,0.000,0.005
7584,0.006,0.009,0.000,0.005
7585,0.006,0.009,0.000,0.005
7586,0.006,0.009,0.000,0.005
7587,0.006,0.009,0.000,0.005
7588,0.006,0.009,0.000,0.005
7589,0.006,0.009,0.000,0.005
7590,0.006,0.009,0.000,0.005
7591,0.006,0.009,0.000,0.005
7592,0.006,0.009,0.000,0.005
7593,0.006,0.009,0.000,0.005
7594,0.006,0.009,0.000,0.005
7595,0.006,0.009,0.000,0.005
7596,0.006,0.009,0.000,0.005
7597,0.006,0.009,0.000,0.005
7598,0.006,0.009,0.000,0.005
7599,0.006,0.009,0.000,0.005
7600,0.006,0.009,0.000,0.005
7601,0.006,0.009,0.000,0.005
7602,0.006,0.009,0.000,0.005
7603,0.006,0.009,0.000,0.005
7604,0.006,0.009,0.000,0.005
7605,0.006,0.009,0.000,0.005
7606,0.006,0.009,0.000,0.005
7607,0.006,0.009,0.000,0.005
7608,0.006,0.009,0.000,0.005
7609,0.006,0.009,0.000,0.005
7610,0.006,0.009,0.000,0.005
7611,0.006,0.009,0.000,0.005
7612,0.006,0.009,0.000,0.005
7613,0.006,0.009,0.000,0.005
7614,0.006,0.009,0.000,0.005
7615,0.006,0.009,0.000,0.005
7616,0.006,0.009,0.000,0.005
7617,0.006,0.009,0.000,0.005
7618,0.006,0.009,0.000,0.005
7619,0.006,0.009,0.000,0.005
7620,0.006,0.009,0.000,0.005
7621,0.006,0.009,0.000,0.005
7622,0.006,0.009,0.000,0.005
7623,0.006,0.009,0.000,0.005
7624,0.006,0.009,0.000,0.005
7625,0.006,0.009,0.000,0.005
7626,0.006,0.009,0.000,0.005
7627,0.006,0.009,0.000,0.005
7628,0.006,0.009,0.000,0.005
7629,0.006,0.009,0.000,0.005
7630,0.006,0.009,0.000,0.005
7631,0.006,0.009,0.000,0.005
7632,0.006,0.009,0.000,0.005
7633,0.006,0.009,0.000,0.005
7634,0.006,0.009,0.000,0.005
7635,0.006,0.009,0.000,0.005
7636,0.006,0.009,0.000,0.005
7637,0.006,0.009,0.000,0.005
7638,0.006,0.009,0.000,0.005
7639,0.006,0.009,0.000,0.005
7640,0.006,0.009,0.000,0.005
7641,0.006,0.009,0.000,0.005
7642,0.006,0.009,0.000,0.005
7643,0.006,0.009,0.000,0.005
7644,0.006,0.009,0.000,0.005
7645,0.006,0.009,0.000,0.005
7646,0.006,0.009,0.000,0.005
7647,0.006,0.009,0.000,0.005
7648,0.006,0.009,0.000,0.005
7649,0.006,0.009,0.000,0.005
7650,0.006,0.009,0.000,0.005
7651,0.006,0.009,0.000,0.005
7652,0.006,0.009,0.000,0.005
7653,0.006,0.009,0.000,0.005
7654,0.006,0.009,0.000,0.005
7655,0.006,0.009,0.000,0.005
7656,0.006,0.009,0.000,0.005
7657,0.006,0.009,0.000,0.005
7658,0.006,0.009,0.000,0.005
7659,0.006,0.009,0.000,0.005
7660,0.006,0.009,0.000,0.005
7661,0.006,0.009,0.000,0.005
7662,0.006,0.009,0.000,0.005
7663,0.006,0.009,0.000,0.005
7664,0.006,0.009,0.000,0.005
7665,0.006,0.009,0.000,0.005
7666,0.006,0.009,0.000,0.005
7667,0.006,0.009,0.000,0.005
7668,0.006,0.009,0.000,0.005
7669,0.006,0.009,0.000,0.005
7670,0.006,0.009,0.000,0.005
7671,0.006,0.009,0.000,0.005
7672,0.006,0.009,0.000,0.005
7673,0.006,0.009,0.000,0.005
7674,0.006,0.009,0.000,0.005
7675,0.006,0.009,0.000,0.005
7676,0.006,0.009,0.000,0.005
7677,0.006,0.009,0.000,0.005
7678,0.006,0.009,0.000,0.005
7679,0.006,0.009,0.000,0.005
7680,0.006,0.009,0.000,0.005
7681,0.006,0.009,0.000,0.005
7682,0.006,0.009,0.000,0.005
7683,0.006,0.009,0.000,0.005
7684,0.006,0.009,0.000,0.005
7685,0.006,0.009,0.000,0.005
7686,0.006,0.009,0.000,0.005
7687,0.006,0.009,0.000,0.005
7688,0.006,0.009,0.000,0.005
7689,0.006,0.009,0.000,0.005
7690,0.006,0.009,0.000,0.005
7691,0.006,0.009,0.000,0.005
7692,0.006,0.009,0.000,0.005
7693,0.006,0.009,0.000,0.005
7694,0.006,0.009,0.000,0.005
7695,0.006,0.009,0.000,0.005
7696,0.006,0.009,0.000,0.005
7697,0.006,0.009,0.000,0.005
7698,0.006,0.009,0.000,0.005
7699,0.006,0.009,0.000,0.005
7700,0.006,0.009,0.000,0.005
7701,0.006,0.009,0.000,0.005
7702,0.006,0.009,0.000,0.005
7703,0.006,0.009,0.000,0.005
7704,0.006,0.009,0.000,0.005
7705,0.006,0.009,0.000,0.005
7706,0.006,0.009,0.000,0.005
7707,0.006,0.009,0.000,0.005
7708,0.006,0.009,0.000,0.005
7709,0.006,0.009,0.000,0.005
7710,0.006,0.009,0.000,0.005
7711,0.006,0.009,0.000,0.005
7712,0.006,0.009,0.000,0.005
7713,0.006,0.009,0.000,0.005
7714,0.006,0.009,0.000,0.005
7715,0.006,0.009,0.000,0.005
7716,0.006,0.009,0.000,0.005
7717,0.006,0.009,0.000,0.005
7718,0.006,0.009,0.000,0.005
7719,0.006,0.009,0.000,0.005
7720,0.006,0.009,0.000,0.005
7721,0.006,0.009,0.000,0.005
7722,0.006,0.009,0.000,0.005
7723,0.006,0.009,0.000,0.005
7724,0.006,0.009,0.000,0.005
7725,0.006,0.009,0.000,0.005
7726,0.006,0.009,0.000,0.005
7727,0.006,0.009,0.000,0.005
7728,0.006,0.009,0.000,0.005
7729,0.006,0.009,0.000,0.005
7730,0.006,0.009,0.000,0.005
7731,0.006,0.009,0.000,0.005
7732,0.006,0.009,0.000,0.005
7733,0.006,0.009,0.000,0.005
7734,0.006,0.009,0.000,0.005
7735,0.006,0.009,0.000,0.005
7736,0.006,0.009,0.000,0.005
7737,0.006,0.009,0.000,0.005
7738,0.006,0.009,0.000,0.005
7739,0.006,0.009,0.000,0.005
7740,0.006,0.009,0.000,0.005
7741,0.006,0.009,0.000,0.005
7742,0.006,0.009,0.000,0.005
7743,0.006,0.009,0.000,0.005
7744,0.006,0.009,0.000,0.005
7745,0.006,0.009,0.000,0.005
7746,0.006,0.009,0.000,0.005
7747,0.006,0.009,0.000,0.005
7748,0.006,0.009,0.000,0.005
7749,0.006,0.009,0.000,0.005
7750,0.006,0.009,0.000,0.005
7751,0.006,0.009,0.000,0.005
7752,0.006,0.009,0.000,0.005
7753,0.006,0.009,0.000,0.005
7754,0.006,0.009,0.000,0.005
7755,0.006,0.009,0.000,0.005
7756,0.006,0.009,0.000,0.005
7757,0.006,0.009,0.000,0.005
7758,0.006,0.009,0.000,0.005
7759,0.006,0.009,0.000,0.005
7760,0.006,0.009,0.000,0.005
7761,0.006,0.009,0.000,0.005
7762,0.006,0.009,0.000,0.005
7763,0.006,0.009,0.000,0.005
7764,0.006,0.009,0.000,0.005
7765,0.006,0.009,0.000,0.005
7766,0.006,0.009,0.000,0.005
7767,0.006,0.009,0.000,0.005
7768,0.006,0.009,0.000,0.005
7769,0.006,0.009,0.000,0.005
7770,0.006,0.009,0.000,0.005
7771,0.006,0.009,0.000,0.005
7772,0.006,0.009,0.000,0.005
7773,0.006,0.009,0.000,0.005
7774,0.006,0.009,0.000,0.005
7775,0.006,0.009,0.000,0.005
7776,0.006,0.009,0.000,0.005
7777,0.006,0.009,0.000,0.005
7778,0.006,0.009,0.000,0.005
7779,0.006,0.009,0.000,0.005
7780,0.006,0.009,0.000,0.005
7781,0.006,0.009,0.000,0.005
7782,0.006,0.009,0.000,0.005
7783,0.006,0.009,0.000,0.005
7784,0.006,0.009,0.000,0.005
7785,0.006,0.009,0.000,0.005
7786,0.006,0.009,0.000,0.005
7787,0.006,0.009,0.000,0.005
7788,0.006,0.009,0.000,0.005
7789,0.006,0.009,0.000,0.005
7790,0.006,0.009,0.000,0.005
7791,0.006,0.009,0.000,0.005
7792,0.006,0.009,0.000,0.005
7793,0.006,0.009,0.000,0.005
7794,0.006,0.009,0.000,0.005
7795,0.006,0.009,0.000,0.005
7796,0.006,0.009,0.000,0.005
7797,0.006,0.009,0.000,0.005
7798,0.006,0.009,0.000,0.005
7799,0.006,0.009,0.000,0.005
7800,0.006,0.009,0.000,0.005
7801,0.006,0.009,0.000,0.005
7802,0.006,0.009,0.000,0.005
7803,0.006,0.009,0.000,0.005
7804,0.006,0.009,0.000,0.005
7805,0.006,0.009,0.000,0.005
7806,0.006,0.009,0.000,0.005
7807,0.006,0.009,0.000,0.005
7808,0.006,0.009,0.000,0.005
7809,0.006,0.009,0.000,0.005
7810,0.006,0.009,0.000,0.005
7811,0.006,0.009,0.000,0.005
7812,0.006,0.009,0.000,0.005
7813,0.006,0.009,0.000,0.005
7814,0.006,0.009,0.000,0.005
7815,0.006,0.009,0.000,0.005
7816,0.006,0.009,0.000,0.005
7817,0.006,0.009,0.000,0.005
7818,0.006,0.009,0.000,0.005
7819,0.006,0.009,0.000,0.005
7820,0.006,0.009,0.000,0.005
7821,0.006,0.009,0.000,0.005
7822,0.006,0.009,0.000,0.005
7823,0.006,0.009,0.000,0.005
7824,0.006,0.009,0.000,0.005
7825,0.006,0.009,0.000,0.005
7826,0.006,0.009,0.000,0.005
7827,0.006,0.009,0.000,0.005
7828,0.006,0.009,0.000,0.005
7829,0.006,0.009,0.000,0.005
7830,0.006,0.009,0.000,0.005
7831,0.006,0.009,0.000,0.005
7832,0.006,0.009,0.000,0.005
7833,0.006,0.009,0.000,0.005
7834,0.006,0.009,0.000,0.005
7835,0.006,0.009,0.000,0.005
7836,0.006,0.009,0.000,0.005
7837,0.006,0.009,0.000,0.005
7838,0.006,0.009,0.000,0.005
7839,0.006,0.009,0.000,0.005
7840,0.006,0.009,0.000,0.005
7841,0.006,0.009,0.000,0.005
7842,0.006,0.009,0.000,0.005
7843,0.006,0.009,0.000,0.005
7844,0.006,0.009,0.000,0.005
7845,0.006,0.009,0.000,0.005
7846,0.006,0.009,0.000,0.005
7847,0.006,0.009,0.000,0.005
7848,0.006,0.009,0.000,0.005
7849,0.006,0.009,0.000,0.005
7850,0.006,0.009,0.000,0.005
7851,0.006,0.009,0.000,0.005
7852,0.006,0.009,0.000,0.005
7853,0.006,0.009,0.000,0.005
7854,0.006,0.009,0.000,0.005
7855,0.006,0.009,0.000,0.005
7856,0.006,0.009,0.000,0.005
7857,0.006,0.009,0.000,0.005
7858,0.006,0.009,0.000,0.005
7859,0.006,0.009,0.000,0.005
7860,0.006,0.009,0.000,0.005
7861,0.006,0.009,0.000,0.005
7862,0.006,0.009,0.000,0.005
7863,0.006,0.009,0.000,0.005
7864,0.006,0.009,0.000,0.005
7865,0.006,0.009,0.000,0.005
7866,0.006,0.009,0.000,0.005
7867,0.006,0.009,0.000,0.005
7868,0.006,0.009,0.000,0.005
7869,0.006,0.009,0.000,0.005
7870,0.006,0.009,0.000,0.005
7871,0.006,0.009,0.000,0.005
7872,0.006,0.009,0.000,0.005
7873,0.006,0.009,0.000,0.005
7874,0.006,0.009,0.000,0.005
7875,0.006,0.009,0.000,0.005
7876,0.006,0.009,0.000,0.005
7877,0.006,0.009,0.000,0.005
7878,0.006,0.009,0.000,0.005
7879,0.006,0.009,0.000,0.005
7880,0.006,0.009,0.000,0.005
7881,0.006,0.009,0.000,0.005
7882,0.006,0.009,0.000,0.005
7883,0.006,0.009,0.000,0.005
7884,0.006,0.009,0.000,0.005
7885,0.006,0.009,0.000,0.005
7886,0.006,0.009,0.000,0.005
7887,0.006,0.009,0.000,0.005
7888,0.006,0.009,0.000,0.005
7889,0.006,0.009,0.000,0.005
7890,0.006,0.009,0.000,0.005
7891,0.006,0.009,0.000,0.005
7892,0.006,0.009,0.000,0.005
7893,0.006,0.009,0.000,0.005
7894,0.006,0.009,0.000,0.005
7895,0.006,0.009,0.000,0.005
7896,0.006,0.009,0.000,0.005
7897,0.006,0.009,0.000,0.005
7898,0.006,0.009,0.000,0.005
7899,0.006,0.009,0.000,0.005
7900,0.006,0.009,0.000,0.005
7901,0.006,0.009,0.000,0.005
7902,0.006,0.009,0.000,0.005
7903,0.006,0.009,0.000,0.005
7904,0.006,0.009,0.000,0.005
7905,0.006,0.009,0.000,0.005
7906,0.006,0.009,0.000,0.005
7907,0.006,0.009,0.000,0.005
7908,0.006,0.009,0.000,0.005
7909,0.006,0.009,0.000,0.005
7910,0.006,0.009,0.000,0.005
7911,0.006,0.009,0.000,0.005
7912,0.006,0.009,0.000,0.005
7913,0.006,0.009,0.000,0.005
7914,0.006,0.009,0.000,0.005
7915,0.006,0.009,0.000,0.005
7916,0.006,0.009,0.000,0.005
7917,0.006,0.009,0.000,0.005
7918,0.006,0.009,0.000,0.005
7919,0.006,0.009,0.000,0.005
7920,0.006,0.009,0.000,0.005
7921,0.006,0.009,0.000,0.005
7922,0.006,0.009,0.000,0.005
7923,0.006,0.009,0.000,0.005
7924,0.006,0.009,0.000,0.005
7925,0.006,0.009,0.000,0.005
7926,0.006,0.009,0.000,0.005
7927,0.006,0.009,0.000,0.005
7928,0.006,0.009,0.000,0.005
7929,0.006,0.009,0.000,0.005
7930,0.006,0.009,0.000,0.005
7931,0.006,0.009,0.000,0.005
7932,0.006,0.009,0.000,0.005
7933,0.006,0.009,0.000,0.005
7934,0.006,0.009,0.000,0.005
7935,0.006,0.009,0.000,0.005
7936,0.006,0.009,0.000,0.005
7937,0.006,0.009,0.000,0.005
7938,0.006,0.009,0.000,0.005
7939,0.006,0.009,0.000,0.005
7940,0.006,0.009,0.000,0.005
7941,0.006,0.009,0.000,0.005
7942,0.006,0.009,0.000,0.005
7943,0.006,0.009,0.000,0.005
7944,0.006,0.009,0.000,0.005
7945,0.006,0.009,0.000,0.005
7946,0.006,0.009,0.000,0.005
7947,0.006,0.009,0.000,0.005
7948,0.006,0.009,0.000,0.005
7949,0.006,0.009,0.000,0.005
7950,0.006,0.009,0.000,0.005
7951,0.006,0.009,0.000,0.005
7952,0.006,0.009,0.000,0.005
7953,0.006,0.009,0.000,0.005
7954,0.006,0.009,0.000,0.005
7955,0.006,0.009,0.000,0.005
7956,0.006,0.009,0.000,0.005
7957,0.006,0.009,0.000,0.005
7958,0.006,0.009,0.000,0.005
7959,0.006,0.009,0.000,0.005
7960,0.006,0.009,0.000,0.005
7961,0.006,0.009,0.000,0.005
7962,0.006,0.009,0.000,0.005
7963,0.006,0.009,0.000,0.005
7964,0.006,0.009,0.000,0.005
7965,0.006,0.009,0.000,0.005
7966,0.006,0.009,0.000,0.005
7967,0.006,0.009,0.000,0.005
7968,0.006,0.009,0.000,0.005
7969,0.006,0.009,0.000,0.005
7970,0.006,0.009,0.000,0.005
7971,0.006,0.009,0.000,0.005
7972,0.006,0.009,0.000,0.005
7973,0.006,0.009,0.000,0.005
7974,0.006,0.009,0.000,0.005
7975,0.006,0.009,0.000,0.005
7976,0.006,0.009,0.000,0.005
7977,0.006,0.009,0.000,0.005
7978,0.006,0.009,0.000,0.005
7979,0.006,0.009,0.000,0.005
7980,0.006,0.009,0.000,0.005
7981,0.006,0.009,0.000,0.005
7982,0.006,0.009,0.000,0.005
7983,0.006,0.009,0.000,0.005
7984,0.006,0.009,0.000,0.005
7985,0.006,0.009,0.000,0.005
7986,0.006,0.009,0.000,0.005
7987,0.006,0.009,0.000,0.005
7988,0.006,0.009,0.000,0.005
7989,0.006,0.009,0.000,0.005
7990,0.006,0.009,0.000,0.005
7991,0.006,0.009,0.000,0.005
7992,0.006,0.009,0.000,0.005
7993,0.006,0.009,0.000,0.005
7994,0.006,0.009,0.000,0.005
7995,0.006,0.009,0.000,0.005
7996,0.006,0.009,0.000,0.005
7997,0.006,0.009,0.000,0.005
7998,0.006,0.009,0.000,0.005
7999,0.006,0.009,0.000,0.005
8000,0.006,0.009,0.000,0.005
8001,0.006,0.009,0.000,0.005
8002,0.006,0.009,0.000,0.005
8003,0.006,0.009,0.000,0.005
8004,0.006,0.009,0.000,0.005
8005,0.006,0.009,0.000,0.005
8006,0.006,0.009,0.000,0.005
8007,0.006,0.009,0.000,0.005
8008,0.006,0.009,0.000,0.005
8009,0.006,0.009,0.000,0.005
8010,0.006,0.009,0.000,0.005
8011,0.006,0.009,0.000,0.005
8012,0.006,0.009,0.000,0.005
8013,0.006,0.009,0.000,0.005
8014,0.006,0.009,0.000,0.005
8015,0.006,0.009,0.000,0.005
8016,0.006,0.009,0.000,0.005
8017,0.006,0.009,0.000,0.005
8018,0.006,0.009,0.000,0.005
8019,0.006,0.009,0.000,0.005
8020,0.006,0.009,0.000,0.005
8021,0.006,0.009,0.000,0.005
8022,0.006,0.009,0.000,0.005
8023,0.006,0.009,0.000,0.005
8024,0.006,0.009,0.000,0.005
8025,0.006,0.009,0.000,0.005
8026,0.006,0.009,0.000,0.005
8027,0.006,0.009,0.000,0.005
8028,0.006,0.009,0.000,0.005
8029,0.006,0.009,0.000,0.005
8030,0.006,0.009,0.000,0.005
8031,0.006,0.009,0.000,0.005
8032,0.006,0.009,0.000,0.005
8033,0.006,0.009,0.000,0.005
8034,0.006,0.009,0.000,0.005
8035,0.006,0.009,0.000,0.005
8036,0.006,0.009,0.000,0.005
8037,0.006,0.009,0.000,0.005
8038,0.006,0.009,0.000,0.005
8039,0.006,0.009,0.000,0.005
8040,0.006,0.009,0.000,0.005
8041,0.006,0.009,0.000,0.005
8042,0.006,0.009,0.000,0.005
8043,0.006,0.009,0.000,0.005
8044,0.006,0.009,0.000,0.005
8045,0.006,0.009,0.000,0.005
8046,0.006,0.009,0.000,0.005
8047,0.006,0.009,0.000,0.005
8048,0.006,0.009,0.000,0.005
8049,0.006,0.009,0.000,0.005
8050,0.006,0.009,0.000,0.005
8051,0.006,0.009,0.000,0.005
8052,0.006,0.009,0.000,0.005
8053,0.006,0.009,0.000,0.005
8054,0.006,0.009,0.000,0.005
8055,0.006,0.009,0.000,0.005
8056,0.006,0.009,0.000,0.005
8057,0.006,0.009,0.000,0.005
8058,0.006,0.009,0.000,0.005
8059,0.006,0.009,0.000,0.005
8060,0.006,0.009,0.000,0.005
8061,0.006,0.009,0.000,0.005
8062,0.006,0.009,0.000,0.005
8063,0.006,0.009,0.000,0.005
8064,0.006,0.009,0.000,0.005
8065,0.006,0.009,0.000,0.005
8066,0.006,0.009,0.000,0.005
8067,0.006,0.009,0.000,0.005
8068,0.006,0.009,0.000,0.005
8069,0.006,0.009,0.000,0.005
8070,0.006,0.009,0.000,0.005
8071,0.006,0.009,0.000,0.005
8072,0.006,0.009,0.000,0.005
8073,0.006,0.009,0.000,0.005
8074,0.006,0.009,0.000,0.005
8075,0.006,0.009,0.000,0.005
8076,0.006,0.009,0.000,0.005
8077,0.006,0.009,0.000,0.005
8078,0.006,0.009,0.000,0.005
8079,0.006,0.009,0.000,0.005
8080,0.006,0.009,0.000,0.005
8081,0.006,0.009,0.000,0.005
8082,0.006,0.009,0.000,0.005
8083,0.006,0.009,0.000,0.005
8084,0.006,0.009,0.000,0.005
8085,0.006,0.009,0.000,0.005
8086,0.006,0.009,0.000,0.005
8087,0.006,0.009,0.000,0.005
8088,0.006,0.009,0.000,0.005
8089,0.006,0.009,0.000,0.005
8090,0.006,0.009,0.000,0.005
8091,0.006,0.009,0.000,0.005
8092,0.006,0.009,0.000,0.005
8093,0.006,0.009,0.000,0.005
8094,0.006,0.009,0.000,0.005
8095,0.006,0.009,0.000,0.005
8096,0.006,0.009,0.000,0.005
8097,0.006,0.009,0.000,0.005
8098,0.006,0.009,0.000,0.005
8099,0.006,0.009,0.000,0.005
8100,0.006,0.009,0.000,0.005
8101,0.006,0.009,0.000,0.005
8102,0.006,0.009,0.000,0.005
8103,0.006,0.009,0.000,0.005
8104,0.006,0.009,0.000,0.005
8105,0.006,0.009,0.000,0.005
8106,0.006,0.009,0.000,0.005
8107,0.006,0.009,0.000,0.005
8108,0.006,0.009,0.000,0.005
8109,0.006,0.009,0.000,0.005
8110,0.006,0.009,0.000,0.005
8111,0.006,0.009,0.000,0.005
8112,0.006,0.009,0.000,0.005
8113,0.006,0.009,0.000,0.005
8114,0.006,0.009,0.000,0.005
8115,0.006,0.009,0.000,0.005
8116,0.006,0.009,0.000,0.005
8117,0.006,0.009,0.000,0.005
8118,0.006,0.009,0.000,0.005
8119,0.006,0.009,0.000,0.005
8120,0.006,0.009,0.000,0.005
8121,0.006,0.009,0.000,0.005
8122,0.006,0.009,0.000,0.005
8123,0.006,0.009,0.000,0.005
8124,0.006,0.009,0.000,0.005
8125,0.006,0.009,0.000,0.005
8126,0.006,0.009,0.000,0.005
8127,0.006,0.009,0.000,0.005
8128,0.006,0.009,0.000,0.005
8129,0.006,0.009,0.000,0.005
8130,0.006,0.009,0.000,0.005
8131,0.006,0.009,0.000,0.005
8132,0.006,0.009,0.000,0.005
8133,0.006,0.009,0.000,0.005
8134,0.006,0.009,0.000,0.005
8135,0.006,0.009,0.000,0.005
8136,0.006,0.009,0.000,0.005
8137,0.006,0.009,0.000,0.005
8138,0.006,0.009,0.000,0.005
8139,0.006,0.009,0.000,0.005
8140,0.006,0.009,0.000,0.005
8141,0.006,0.009,0.000,0.005
8142,0.006,0.009,0.000,0.005
8143,0.006,0.009,0.000,0.005
8144,0.006,0.009,0.000,0.005
8145,0.006,0.009,0.000,0.005
8146,0.006,0.009,0.000,0.005
8147,0.006,0.009,0.000,0.005
8148,0.006,0.009,0.000,0.005
8149,0.006,0.009,0.000,0.005
8150,0.006,0.009,0.000,0.005
8151,0.006,0.009,0.000,0.005
8152,0.006,0.009,0.000,0.005
8153,0.006,0.009,0.000,0.005
8154,0.006,0.009,0.000,0.005
8155,0.006,0.009,0.000,0.005
8156,0.006,0.009,0.000,0.005
8157,0.006,0.009,0.000,0.005
8158,0.006,0.009,0.000,0.005
8159,0.006,0.009,0.000,0.005
8160,0.006,0.009,0.000,0.005
8161,0.006,0.009,0.000,0.005
8162,0.006,0.009,0.000,0.005
8163,0.006,0.009,0.000,0.005
8164,0.006,0.009,0.000,0.005
8165,0.006,0.009,0.000,0.005
8166,0.006,0.009,0.000,0.005
8167,0.006,0.009,0.000,0.005
8168,0.006,0.009,0.000,0.005
8169,0.006,0.009,0.000,0.005
8170,0.006,0.009,0.000,0.005
8171,0.006,0.009,0.000,0.005
8172,0.006,0.009,0.000,0.005
8173,0.006,0.009,0.000,0.005
8174,0.006,0.009,0.000,0.005
8175,0.006,0.009,0.000,0.005
8176,0.006,0.009,0.000,0.005
8177,0.006,0.009,0.000,0.005
8178,0.006,0.009,0.000,0.005
8179,0.006,0.009,0.000,0.005
8180,0.006,0.009,0.000,0.005
8181,0.006,0.009,0.000,0.005
8182,0.006,0.009,0.000,0.005
8183,0.006,0.009,0.000,0.005
8184,0.006,0.009,0.000,0.005
8185,0.006,0.009,0.000,0.005
8186,0.006,0.009,0.000,0.005
8187,0.006,0.009,0.000,0.005
8188,0.006,0.009,0.000,0.005
8189,0.006,0.009,0.000,0.005
8190,0.006,0.009,0.000,0.005
8191,0.006,0.009,0.000,0.005
8192,0.006,0.009,0.000,0.005
8193,0.006,0.009,0.000,0.005
8194,0.006,0.009,0.000,0.005
8195,0.006,0.009,0.000,0.005
8196,0.006,0.009,0.000,0.005
8197,0.006,0.009,0.000,0.005
8198,0.006,0.009,0.000,0.005
8199,0.006,0.009,0.000,0.005
8200,0.006,0.009,0.000,0.005
8201,0.006,0.009,0.000,0.005
8202,0.006,0.009,0.000,0.005
8203,0.006,0.009,0.000,0.005
8204,0.006,0.009,0.000,0.005
8205,0.006,0.009,0.000,0.005
8206,0.006,0.009,0.000,0.005
8207,0.006,0.009,0.000,0.005
8208,0.006,0.009,0.000,0.005
8209,0.006,0.009,0.000,0.005
8210,0.006,0.009,0.000,0.005
8211,0.006,0.009,0.000,0.005
8212,0.006,0.009,0.000,0.005
8213,0.006,0.009,0.000,0.005
8214,0.006,0.009,0.000,0.005
8215,0.006,0.009,0.000,0.005
8216,0.006,0.009,0.000,0.005
8217,0.006,0.009,0.000,0.005
8218,0.006,0.009,0.000,0.005
8219,0.006,0.009,0.000,0.005
8220,0.006,0.009,0.000,0.005
8221,0.006,0.009,0.000,0.005
8222,0.006,0.009,0.000,0.005
8223,0.006,0.009,0.000,0.005
8224,0.006,0.009,0.000,0.005
8225,0.006,0.009,0.000,0.005
8226,0.006,0.009,0.000,0.005
8227,0.006,0.009,0.000,0.005
8228,0.006,0.009,0.000,0.005
8229,0.006,0.009,0.000,0.005
8230,0.006,0.009,0.000,0.005
8231,0.006,0.009,0.000,0.005
8232,0.006,0.009,0.000,0.005
8233,0.006,0.009,0.000,0.005
8234,0.006,0.009,0.000,0.005
8235,0.006,0.009,0.000,0.005
8236,0.006,0.009,0.000,0.005
8237,0.006,0.009,0.000,0.005
8238,0.006,0.009,0.000,0.005
8239,0.006,0.009,0.000,0.005
8240,0.006,0.009,0.000,0.005
8241,0.006,0.009,0.000,0.005
8242,0.006,0.009,0.000,0.005
8243,0.006,0.009,0.000,0.005
8244,0.006,0.009,0.000,0.005
8245,0.006,0.009,0.000,0.005
8246,0.006,0.009,0.000,0.005
8247,0.006,0.009,0.000,0.005
8248,0.006,0.009,0.000,0.005
8249,0.006,0.009,0.000,0.005
8250,0.006,0.009,0.000,0.005
8251,0.006,0.009,0.000,0.005
8252,0.006,0.009,0.000,0.005
8253,0.006,0.009,0.000,0.005
8254,0.006,0.009,0.000,0.005
8255,0.006,0.009,0.000,0.005
8256,0.006,0.009,0.000,0.005
8257,0.006,0.009,0.000,0.005
8258,0.006,0.009,0.000,0.005
8259,0.006,0.009,0.000,0.005
8260,0.006,0.009,0.000,0.005
8261,0.006,0.009,0.000,0.005
8262,0.006,0.009,0.000,0.005
8263,0.006,0.009,0.000,0.005
8264,0.006,0.009,0.000,0.005
8265,0.006,0.009,0.000,0.005
8266,0.006,0.009,0.000,0.005
8267,0.006,0.009,0.000,0.005
8268,0.006,0.009,0.000,0.005
8269,0.006,0.009,0.000,0.005
8270,0.006,0.009,0.000,0.005
8271,0.006,0.009,0.000,0.005
8272,0.006,0.009,0.000,0.005
8273,0.006,0.009,0.000,0.005
8274,0.006,0.009,0.000,0.005
8275,0.006,0.009,0.000,0.005
8276,0.006,0.009,0.000,0.005
8277,0.006,0.009,0.000,0.005
8278,0.006,0.009,0.000,0.005
8279,0.006,0.009,0.000,0.005
8280,0.006,0.009,0.000,0.005
8281,0.006,0.009,0.000,0.005
8282,0.006,0.009,0.000,0.005
8283,0.006,0.009,0.000,0.005
8284,0.006,0.009,0.000,0.005
8285,0.006,0.009,0.000,0.005
8286,0.006,0.009,0.000,0.005
8287,0.006,0.009,0.000,0.005
8288,0.006,0.009,0.000,0.005
8289,0.006,0.009,0.000,0.005
8290,0.006,0.009,0.000,0.005
8291,0.006,0.009,0.000,0.005
8292,0.006,0.009,0.000,0.005
8293,0.006,0.009,0.000,0.005
8294,0.006,0.009,0.000,0.005
8295,0.006,0.009,0.000,0.005
8296,0.006,0.009,0.000,0.005
8297,0.006,0.009,0.000,0.005
8298,0.006,0.009,0.000,0.005
8299,0.006,0.009,0.000,0.005
8300,0.006,0.009,0.000,0.005
8301,0.006,0.009,0.000,0.005
8302,0.006,0.009,0.000,0.005
8303,0.006,0.009,0.000,0.005
8304,0.006,0.009,0.000,0.005
8305,0.006,0.009,0.000,0.005
8306,0.006,0.009,0.000,0.005
8307,0.006,0.009,0.000,0.005
8308,0.006,0.009,0.000,0.005
8309,0.006,0.009,0.000,0.005
8310,0.006,0.009,0.000,0.005
8311,0.006,0.009,0.000,0.005
8312,0.006,0.009,0.000,0.005
8313,0.006,0.009,0.000,0.005
8314,0.006,0.009,0.000,0.005
8315,0.006,0.009,0.000,0.005
8316,0.006,0.009,0.000,0.005
8317,0.006,0.009,0.000,0.005
8318,0.006,0.009,0.000,0.005
8319,0.006,0.009,0.000,0.005
8320,0.006,0.009,0.000,0.005
8321,0.006,0.009,0.000,0.005
8322,0.006,0.009,0.000,0.005
8323,0.006,0.009,0.000,0.005
8324,0.006,0.009,0.000,0.005
8325,0.006,0.009,0.000,0.005
8326,0.006,0.009,0.000,0.005
8327,0.006,0.009,0.000,0.005
8328,0.006,0.009,0.000,0.005
8329,0.006,0.009,0.000,0.005
8330,0.006,0.009,0.000,0.005
8331,0.006,0.009,0.000,0.005
8332,0.006,0.009,0.000,0.005
8333,0.006,0.009,0.000,0.005
8334,0.006,0.009,0.000,0.005
8335,0.006,0.009,0.000,0.005
8336,0.006,0.009,0.000,0.005
8337,0.006,0.009,0.000,0.005
8338,0.006,0.009,0.000,0.005
8339,0.006,0.009,0.000,0.005
8340,0.006,0.009,0.000,0.005
8341,0.006,0.009,0.000,0.005
8342,0.006,0.009,0.000,0.005
8343,0.006,0.009,0.000,0.005
8344,0.006,0.009,0.000,0.005
8345,0.006,0.009,0.000,0.005
8346,0.006,0.009,0.000,0.005
8347,0.006,0.009,0.000,0.005
8348,0.006,0.009,0.000,0.005
8349,0.006,0.009,0.000,0.005
8350,0.006,0.009,0.000,0.005
8351,0.006,0.009,0.000,0.005
8352,0.006,0.009,0.000,0.005
8353,0.006,0.009,0.000,0.005
8354,0.006,0.009,0.000,0.005
8355,0.006,0.009,0.000,0.005
8356,0.006,0.009,0.000,0.005
8357,0.006,0.009,0.000,0.005
8358,0.006,0.009,0.000,0.005
8359,0.006,0.009,0.000,0.005
8360,0.006,0.009,0.000,0.005
8361,0.006,0.009,0.000,0.005
8362,0.006,0.009,0.000,0.005
8363,0.006,0.009,0.000,0.005
8364,0.006,0.009,0.000,0.005
8365,0.006,0.009,0.000,0.005
8366,0.006,0.009,0.000,0.005
8367,0.006,0.009,0.000,0.005
8368,0.006,0.009,0.000,0.005
8369,0.006,0.009,0.000,0.005
8370,0.006,0.009,0.000,0.005
8371,0.006,0.009,0.000,0.005
8372,0.006,0.009,0.000,0.005
8373,0.006,0.009,0.000,0.005
8374,0.006,0.009,0.000,0.005
8375,0.006,0.009,0.000,0.005
8376,0.006,0.009,0.000,0.005
8377,0.006,0.009,0.000,0.005
8378,0.006,0.009,0.000,0.005
8379,0.006,0.009,0.000,0.005
8380,0.006,0.009,0.000,0.005
8381,0.006,0.009,0.000,0.005
8382,0.007,0.009,0.000,0.006
8383,0.008,0.009,0.000,0.006
8384,0.008,0.009,0.000,0.006
8385,0.008,0.009,0.000,0.006
8386,0.009,0.009,0.000,0.006
8387,0.009,0.009,0.000,0.007
8388,0.011,0.009,0.000,0.007
8389,0.010,0.009,0.000,0.007
8390,0.017,0.009,0.000,0.009
8391,0.015,0.009,0.000,0.008
8392,0.017,0.009,0.000,0.009
8393,0.018,0.009,0.000,0.010
8394,0.019,0.009,0.000,0.010
8395,0.021,0.009,0.000,0.011
8396,0.025,0.009,0.000,0.012
8397,0.025,0.009,0.000,0.012
8398,0.025,0.009,0.000,0.012
8399,0.025,0.009,0.000,0.012
8400,0.023,0.009,0.000,0.011
8401,0.023,0.009,0.000,0.011
8402,0.022,0.009,0.000,0.011
8403,0.026,0.009,0.000,0.012
8404,0.025,0.009,0.000,0.012
8405,0.025,0.009,0.000,0.012
8406,0.027,0.009,0.000,0.013
8407,0.026,0.009,0.000,0.013
8408,0.027,0.009,0.000,0.013
8409,0.027,0.009,0.000,0.013
8410,0.027,0.009,0.000,0.013
8411,0.027,0.009,0.000,0.013
8412,0.027,0.009,0.000,0.013
8413,0.024,0.009,0.000,0.012
8414,0.025,0.009,0.000,0.012
8415,0.025,0.009,0.000,0.012
8416,0.024,0.009,0.000,0.012
8417,0.024,0.009,0.000,0.012
8418,0.024,0.009,0.000,0.012
8419,0.020,0.009,0.000,0.010
8420,0.021,0.009,0.000,0.011
8421,0.021,0.009,0.000,0.011
8422,0.021,0.009,0.000,0.011
8423,0.021,0.009,0.000,0.011
8424,0.021,0.009,0.000,0.011
8425,0.015,0.009,0.000,0.008
8426,0.017,0.009,0.000,0.009
8427,0.014,0.009,0.000,0.008
8428,0.011,0.009,0.000,0.007
8429,0.012,0.009,0.000,0.007
8430,0.013,0.009,0.000,0.008
8431,0.018,0.009,0.000,0.010
8432,0.020,0.009,0.000,0.010
8433,0.022,0.009,0.000,0.011
8434,0.019,0.009,0.000,0.010
8435,0.023,0.009,0.000,0.011
8436,0.026,0.009,0.000,0.013
8437,0.030,0.009,0.000,0.014
8438,0.034,0.009,0.000,0.015
8439,0.029,0.009,0.000,0.013
8440,0.032,0.009,0.000,0.015
8441,0.032,0.009,0.000,0.015
8442,0.032,0.009,0.000,0.015
8443,0.032,0.009,0.000,0.015
8444,0.033,0.009,0.000,0.015
8445,0.032,0.009,0.000,0.015
8446,0.029,0.009,0.000,0.014
8447,0.033,0.009,0.000,0.015
8448,0.031,0.009,0.000,0.014
8449,0.027,0.009,0.000,0.013
8450,0.024,0.009,0.000,0.012
8451,0.028,0.009,0.000,0.013
8452,0.028,0.009,0.000,0.013
8453,0.022,0.009,0.000,0.011
8454,0.023,0.009,0.000,0.012
8455,0.023,0.009,0.000,0.011
8456,0.020,0.009,0.000,0.010
8457,0.020,0.009,0.000,0.010
8458,0.020,0.009,0.000,0.010
8459,0.019,0.009,0.000,0.010
8460,0.019,0.009,0.000,0.010
8461,0.019,0.009,0.000,0.010
8462,0.018,0.009,0.000,0.010
8463,0.017,0.009,0.000,0.009
8464,0.017,0.009,0.000,0.009
8465,0.017,0.009,0.000,0.009
8466,0.016,0.009,0.000,0.009
8467,0.017,0.009,0.000,0.009
8468,0.017,0.009,0.000,0.009
8469,0.018,0.009,0.000,0.009
8470,0.017,0.009,0.000,0.009
8471,0.017,0.009,0.000,0.009
8472,0.015,0.009,0.000,0.009
8473,0.015,0.009,0.000,0.009
8474,0.015,0.009,0.000,0.009
8475,0.014,0.009,0.000,0.008
8476,0.015,0.009,0.000,0.009
8477,0.015,0.009,0.000,0.009
8478,0.016,0.009,0.000,0.009
8479,0.014,0.009,0.000,0.008
8480,0.014,0.009,0.000,0.008
8481,0.016,0.009,0.000,0.009
8482,0.014,0.009,0.000,0.008
8483,0.014,0.009,0.000,0.008
8484,0.014,0.009,0.000,0.008
8485,0.014,0.009,0.000,0.008
8486,0.014,0.009,0.000,0.008
8487,0.014,0.009,0.000,0.008
8488,0.015,0.009,0.000,0.009
8489,0.014,0.009,0.000,0.008
8490,0.014,0.009,0.000,0.008
8491,0.015,0.009,0.000,0.008
8492,0.015,0.009,0.000,0.008
8493,0.014,0.009,0.000,0.008
8494,0.014,0.009,0.000,0.008
8495,0.014,0.009,0.000,0.008
8496,0.014,0.009,0.000,0.008
8497,0.014,0.009,0.000,0.008
8498,0.014,0.009,0.000,0.008
8499,0.014,0.009,0.000,0.008
8500,0.014,0.009,0.000,0.008
8501,0.014,0.009,0.000,0.008
8502,0.014,0.009,0.000,0.008
8503,0.014,0.009,0.000,0.008
8504,0.014,0.009,0.000,0.008
8505,0.014,0.009,0.000,0.008
8506,0.013,0.009,0.000,0.008
8507,0.013,0.009,0.000,0.008
8508,0.013,0.009,0.000,0.008
8509,0.013,0.009,0.000,0.008
8510,0.013,0.009,0.000,0.008
8511,0.013,0.009,0.000,0.008
8512,0.013,0.009,0.000,0.008
8513,0.013,0.009,0.000,0.008
8514,0.013,0.009,0.000,0.008
8515,0.013,0.009,0.000,0.008
8516,0.013,0.009,0.000,0.008
8517,0.013,0.009,0.000,0.008
8518,0.013,0.009,0.000,0.008
8519,0.013,0.009,0.000,0.008
8520,0.013,0.009,0.000,0.008
8521,0.013,0.009,0.000,0.008
8522,0.013,0.009,0.000,0.008
8523,0.013,0.009,0.000,0.008
8524,0.013,0.009,0.000,0.008
8525,0.013,0.009,0.000,0.008
8526,0.013,0.009,0.000,0.008
8527,0.013,0.009,0.000,0.008
8528,0.013,0.009,0.000,0.008
8529,0.013,0.009,0.000,0.008
8530,0.013,0.009,0.000,0.008
8531,0.013,0.009,0.000,0.008
8532,0.013,0.009,0.000,0.008
8533,0.013,0.009,0.000,0.008
8534,0.013,0.009,0.000,0.008
8535,0.013,0.009,0.000,0.008
8536,0.013,0.009,0.000,0.008
8537,0.013,0.009,0.000,0.008
8538,0.013,0.009,0.000,0.008
8539,0.013,0.009,0.000,0.008
8540,0.013,0.009,0.000,0.008
8541,0.013,0.009,0.000,0.008
8542,0.013,0.009,0.000,0.008
8543,0.013,0.009,0.000,0.008
8544,0.013,0.009,0.000,0.008
8545,0.013,0.009,0.000,0.008
8546,0.013,0.009,0.000,0.008
8547,0.013,0.009,0.000,0.008
8548,0.013,0.009,0.000,0.008
8549,0.013,0.009,0.000,0.008
8550,0.013,0.009,0.000,0.008
8551,0.013,0.009,0.000,0.008
8552,0.013,0.009,0.000,0.008
8553,0.013,0.009,0.000,0.008
8554,0.013,0.009,0.000,0.008
8555,0.013,0.009,0.000,0.008
8556,0.013,0.009,0.000,0.008
8557,0.013,0.009,0.000,0.008
8558,0.013,0.009,0.000,0.008
8559,0.013,0.009,0.000,0.008
8560,0.013,0.009,0.000,0.008
8561,0.013,0.009,0.000,0.008
8562,0.013,0.009,0.000,0.008
8563,0.013,0.009,0.000,0.008
8564,0.013,0.009,0.000,0.008
8565,0.013,0.009,0.000,0.008
8566,0.013,0.009,0.000,0.008
8567,0.013,0.009,0.000,0.008
8568,0.013,0.009,0.000,0.008
8569,0.013,0.009,0.000,0.008
8570,0.013,0.009,0.000,0.008
8571,0.013,0.009,0.000,0.008
8572,0.013,0.009,0.000,0.008
8573,0.013,0.009,0.000,0.008
8574,0.013,0.009,0.000,0.008
8575,0.013,0.009,0.000,0.008
8576,0.013,0.009,0.000,0.008
8577,0.013,0.009,0.000,0.008
8578,0.013,0.009,0.000,0.008
8579,0.013,0.009,0.000,0.008
8580,0.013,0.009,0.000,0.008
8581,0.013,0.009,0.000,0.008
8582,0.013,0.009,0.000,0.008
8583,0.013,0.009,0.000,0.008
8584,0.013,0.009,0.000,0.008
8585,0.013,0.009,0.000,0.008
8586,0.013,0.009,0.000,0.008
8587,0.013,0.009,0.000,0.008
8588,0.013,0.009,0.000,0.008
8589,0.013,0.009,0.000,0.008
8590,0.013,0.009,0.000,0.008
8591,0.013,0.009,0.000,0.008
8592,0.013,0.009,0.000,0.008
8593,0.013,0.009,0.000,0.008
8594,0.013,0.009,0.000,0.008
8595,0.013,0.009,0.000,0.008
8596,0.013,0.009,0.000,0.008
8597,0.013,0.009,0.000,0.008
8598,0.013,0.009,0.000,0.008
8599,0.013,0.009,0.000,0.008
8600,0.013,0.009,0.000,0.008
8601,0.013,0.009,0.000,0.008
8602,0.013,0.009,0.000,0.008
8603,0.013,0.009,0.000,0.008
8604,0.013,0.009,0.000,0.008
8605,0.013,0.009,0.000,0.008
8606,0.013,0.009,0.000,0.008
8607,0.013,0.009,0.000,0.008
8608,0.013,0.009,0.000,0.008
8609,0.013,0.009,0.000,0.008
8610,0.013,0.009,0.000,0.008
8611,0.013,0.009,0.000,0.008
8612,0.013,0.009,0.000,0.008
8613,0.013,0.009,0.000,0.008
8614,0.013,0.009,0.000,0.008
8615,0.013,0.009,0.000,0.008
8616,0.013,0.009,0.000,0.008
8617,0.013,0.009,0.000,0.008
8618,0.013,0.009,0.000,0.008
8619,0.013,0.009,0.000,0.008
8620,0.013,0.009,0.000,0.008
8621,0.013,0.009,0.000,0.008
8622,0.013,0.009,0.000,0.008
8623,0.013,0.009,0.000,0.008
8624,0.013,0.009,0.000,0.008
8625,0.013,0.009,0.000,0.008
8626,0.013,0.009,0.000,0.008
8627,0.013,0.009,0.000,0.008
8628,0.013,0.009,0.000,0.008
8629,0.013,0.009,0.000,0.008
8630,0.013,0.009,0.000,0.008
8631,0.013,0.009,0.000,0.008
8632,0.013,0.009,0.000,0.008
8633,0.013,0.009,0.000,0.008
8634,0.013,0.009,0.000,0.008
8635,0.013,0.009,0.000,0.008
8636,0.013,0.009,0.000,0.008
8637,0.013,0.009,0.000,0.008
8638,0.013,0.009,0.000,0.008
8639,0.013,0.009,0.000,0.008
8640,0.013,0.009,0.000,0.008
8641,0.013,0.009,0.000,0.008
8642,0.013,0.009,0.000,0.008
8643,0.013,0.009,0.000,0.008
8644,0.013,0.009,0.000,0.008
8645,0.013,0.009,0.000,0.008
8646,0.013,0.009,0.000,0.008
8647,0.013,0.009,0.000,0.008
8648,0.013,0.009,0.000,0.008
8649,0.013,0.009,0.000,0.008
8650,0.013,0.009,0.000,0.008
8651,0.013,0.009,0.000,0.008
8652,0.013,0.009,0.000,0.008
8653,0.013,0.009,0.000,0.008
8654,0.013,0.009,0.000,0.008
8655,0.013,0.009,0.000,0.008
8656,0.013,0.009,0.000,0.008
8657,0.013,0.009,0.000,0.008
8658,0.013,0.009,0.000,0.008
8659,0.013,0.009,0.000,0.008
8660,0.013,0.009,0.000,0.008
8661,0.013,0.009,0.000,0.008
8662,0.013,0.009,0.000,0.008
8663,0.013,0.009,0.000,0.008
8664,0.013,0.009,0.000,0.008
8665,0.013,0.009,0.000,0.008
8666,0.013,0.009,0.000,0.008
8667,0.013,0.009,0.000,0.008
8668,0.013,0.009,0.000,0.008
8669,0.013,0.009,0.000,0.008
8670,0.013,0.009,0.000,0.008
8671,0.013,0.009,0.000,0.008
8672,0.013,0.009,0.000,0.008
8673,0.013,0.009,0.000,0.008
8674,0.013,0.009,0.000,0.008
8675,0.013,0.009,0.000,0.008
8676,0.013,0.009,0.000,0.008
8677,0.013,0.009,0.000,0.008
8678,0.013,0.009,0.000,0.008
8679,0.013,0.009,0.000,0.008
8680,0.013,0.009,0.000,0.008
8681,0.013,0.009,0.000,0.008
8682,0.013,0.009,0.000,0.008
8683,0.013,0.009,0.000,0.008
8684,0.013,0.009,0.000,0.008
8685,0.013,0.009,0.000,0.008
8686,0.013,0.009,0.000,0.008
8687,0.013,0.009,0.000,0.008
8688,0.013,0.009,0.000,0.008
8689,0.013,0.009,0.000,0.008
8690,0.013,0.009,0.000,0.008
8691,0.013,0.009,0.000,0.008
8692,0.013,0.009,0.000,0.008
8693,0.013,0.009,0.000,0.008
8694,0.013,0.009,0.000,0.008
8695,0.013,0.009,0.000,0.008
8696,0.013,0.009,0.000,0.008
8697,0.013,0.009,0.000,0.008
8698,0.013,0.009,0.000,0.008
8699,0.013,0.009,0.000,0.008
8700,0.013,0.009,0.000,0.008
8701,0.013,0.009,0.000,0.008
8702,0.013,0.009,0.000,0.008
8703,0.013,0.009,0.000,0.008
8704,0.013,0.009,0.000,0.008
8705,0.013,0.009,0.000,0.008
8706,0.013,0.009,0.000,0.008
8707,0.013,0.009,0.000,0.008
8708,0.013,0.009,0.000,0.008
8709,0.013,0.009,0.000,0.008
8710,0.013,0.009,0.000,0.008
8711,0.013,0.009,0.000,0.008
8712,0.013,0.009,0.000,0.008
8713,0.013,0.009,0.000,0.008
8714,0.013,0.009,0.000,0.008
8715,0.013,0.009,0.000,0.008
8716,0.013,0.009,0.000,0.008
8717,0.013,0.009,0.000,0.008
8718,0.013,0.009,0.000,0.008
8719,0.013,0.009,0.000,0.008
8720,0.013,0.009,0.000,0.008
8721,0.013,0.009,0.000,0.008
8722,0.013,0.009,0.000,0.008
8723,0.013,0.009,0.000,0.008
8724,0.013,0.009,0.000,0.008
8725,0.013,0.009,0.000,0.008
8726,0.013,0.009,0.000,0.008
8727,0.013,0.009,0.000,0.008
8728,0.013,0.009,0.000,0.008
8729,0.013,0.009,0.000,0.008
8730,0.013,0.009,0.000,0.008
8731,0.013,0.009,0.000,0.008
8732,0.013,0.009,0.000,0.008
8733,0.013,0.009,0.000,0.008
8734,0.013,0.009,0.000,0.008
8735,0.013,0.009,0.000,0.008
8736,0.013,0.009,0.000,0.008
8737,0.013,0.009,0.000,0.008
8738,0.013,0.009,0.000,0.008
8739,0.013,0.009,0.000,0.008
8740,0.013,0.009,0.000,0.008
8741,0.013,0.009,0.000,0.008
8742,0.013,0.009,0.000,0.008
8743,0.013,0.009,0.000,0.008
8744,0.013,0.009,0.000,0.008
8745,0.013,0.009,0.000,0.008
8746,0.013,0.009,0.000,0.008
8747,0.013,0.009,0.000,0.008
8748,0.013,0.009,0.000,0.008
8749,0.013,0.009,0.000,0.008
8750,0.013,0.009,0.000,0.008
8751,0.013,0.009,0.000,0.008
8752,0.013,0.009,0.000,0.008
8753,0.013,0.009,0.000,0.008
8754,0.013,0.009,0.000,0.008
8755,0.013,0.009,0.000,0.008
8756,0.013,0.009,0.000,0.008
8757,0.013,0.009,0.000,0.008
8758,0.013,0.009,0.000,0.008
8759,0.013,0.009,0.000,0.008
8760,0.013,0.009,0.000,0.008
8761,0.013,0.009,0.000,0.008
8762,0.013,0.009,0.000,0.008
8763,0.013,0.009,0.000,0.008
8764,0.013,0.009,0.000,0.008
8765,0.013,0.009,0.000,0.008
8766,0.013,0.009,0.000,0.008
8767,0.013,0.009,0.000,0.008
8768,0.013,0.009,0.000,0.008
8769,0.013,0.009,0.000,0.008
8770,0.013,0.009,0.000,0.008
8771,0.013,0.009,0.000,0.008
8772,0.013,0.009,0.000,0.008
8773,0.013,0.009,0.000,0.008
8774,0.013,0.009,0.000,0.008
8775,0.013,0.009,0.000,0.008
8776,0.013,0.009,0.000,0.008
8777,0.013,0.009,0.000,0.008
8778,0.013,0.009,0.000,0.008
8779,0.013,0.009,0.000,0.008
8780,0.013,0.009,0.000,0.008
8781,0.013,0.009,0.000,0.008
8782,0.013,0.009,0.000,0.008
8783,0.013,0.009,0.000,0.008
8784,0.013,0.009,0.000,0.008
8785,0.013,0.009,0.000,0.008
8786,0.013,0.009,0.000,0.008
8787,0.013,0.009,0.000,0.008
8788,0.013,0.009,0.000,0.008
8789,0.013,0.009,0.000,0.008
8790,0.013,0.009,0.000,0.008
8791,0.013,0.009,0.000,0.008
8792,0.013,0.009,0.000,0.008
8793,0.013,0.009,0.000,0.008
8794,0.013,0.009,0.000,0.008
8795,0.013,0.009,0.000,0.008
8796,0.013,0.009,0.000,0.008
8797,0.013,0.009,0.000,0.008
8798,0.013,0.009,0.000,0.008
8799,0.013,0.009,0.000,0.008
8800,0.013,0.009,0.000,0.008
8801,0.013,0.009,0.000,0.008
8802,0.013,0.009,0.000,0.008
8803,0.013,0.009,0.000,0.008
8804,0.013,0.009,0.000,0.008
8805,0.013,0.009,0.000,0.008
8806,0.013,0.009,0.000,0.008
8807,0.013,0.009,0.000,0.008
8808,0.013,0.009,0.000,0.008
8809,0.013,0.009,0.000,0.008
8810,0.013,0.009,0.000,0.008
8811,0.013,0.009,0.000,0.008
8812,0.013,0.009,0.000,0.008
8813,0.013,0.009,0.000,0.008
8814,0.013,0.009,0.000,0.008
8815,0.013,0.009,0.000,0.008
8816,0.013,0.009,0.000,0.008
8817,0.013,0.009,0.000,0.008
8818,0.013,0.009,0.000,0.008
8819,0.013,0.009,0.000,0.008
8820,0.013,0.009,0.000,0.008
8821,0.013,0.009,0.000,0.008
8822,0.013,0.009,0.000,0.008
8823,0.013,0.009,0.000,0.008
8824,0.013,0.009,0.000,0.008
8825,0.013,0.009,0.000,0.008
8826,0.013,0.009,0.000,0.008
8827,0.013,0.009,0.000,0.008
8828,0.013,0.009,0.000,0.008
8829,0.013,0.009,0.000,0.008
8830,0.013,0.009,0.000,0.008
8831,0.013,0.009,0.000,0.008
8832,0.013,0.009,0.000,0.008
8833,0.013,0.009,0.000,0.008
8834,0.013,0.009,0.000,0.008
8835,0.013,0.009,0.000,0.008
8836,0.013,0.009,0.000,0.008
8837,0.013,0.009,0.000,0.008
8838,0.013,0.009,0.000,0.008
8839,0.013,0.009,0.000,0.008
8840,0.013,0.009,0.000,0.008
8841,0.013,0.009,0.000,0.008
8842,0.013,0.009,0.000,0.008
8843,0.013,0.009,0.000,0.008
8844,0.013,0.009,0.000,0.008
8845,0.013,0.009,0.000,0.008
8846,0.013,0.009,0.000,0.008
8847,0.013,0.009,0.000,0.008
8848,0.013,0.009,0.000,0.008
8849,0.013,0.009,0.000,0.008
8850,0.013,0.009,0.000,0.008
8851,0.013,0.009,0.000,0.008
8852,0.013,0.009,0.000,0.008
8853,0.013,0.009,0.000,0.008
8854,0.013,0.009,0.000,0.008
8855,0.013,0.009,0.000,0.008
8856,0.013,0.009,0.000,0.008
8857,0.013,0.009,0.000,0.008
8858,0.013,0.009,0.000,0.008
8859,0.013,0.009,0.000,0.008
8860,0.013,0.009,0.000,0.008
8861,0.013,0.009,0.000,0.008
8862,0.013,0.009,0.000,0.008
8863,0.013,0.009,0.000,0.008
8864,0.013,0.009,0.000,0.008
8865,0.013,0.009,0.000,0.008
8866,0.013,0.009,0.000,0.008
8867,0.013,0.009,0.000,0.008
8868,0.013,0.009,0.000,0.008
8869,0.013,0.009,0.000,0.008
8870,0.013,0.009,0.000,0.008
8871,0.013,0.009,0.000,0.008
8872,0.013,0.009,0.000,0.008
8873,0.013,0.009,0.000,0.008
8874,0.013,0.009,0.000,0.008
8875,0.013,0.009,0.000,0.008
8876,0.013,0.009,0.000,0.008
8877,0.013,0.009,0.000,0.008
8878,0.013,0.009,0.000,0.008
8879,0.013,0.009,0.000,0.008
8880,0.013,0.009,0.000,0.008
8881,0.013,0.009,0.000,0.008
8882,0.013,0.009,0.000,0.008
8883,0.013,0.009,0.000,0.008
8884,0.013,0.009,0.000,0.008
8885,0.013,0.009,0.000,0.008
8886,0.013,0.009,0.000,0.008
8887,0.013,0.009,0.000,0.008
8888,0.013,0.009,0.000,0.008
8889,0.013,0.009,0.000,0.008
8890,0.013,0.009,0.000,0.008
8891,0.013,0.009,0.000,0.008
8892,0.013,0.009,0.000,0.008
8893,0.013,0.009,0.000,0.008
8894,0.013,0.009,0.000,0.008
8895,0.013,0.009,0.000,0.008
8896,0.013,0.009,0.000,0.008
8897,0.013,0.009,0.000,0.008
8898,0.013,0.009,0.000,0.008
8899,0.013,0.009,0.000,0.008
8900,0.013,0.009,0.000,0.008
8901,0.013,0.009,0.000,0.008
8902,0.013,0.009,0.000,0.008
8903,0.013,0.009,0.000,0.008
8904,0.013,0.009,0.000,0.008
8905,0.013,0.009,0.000,0.008
8906,0.013,0.009,0.000,0.008
8907,0.013,0.009,0.000,0.008
8908,0.013,0.009,0.000,0.008
8909,0.013,0.009,0.000,0.008
8910,0.013,0.009,0.000,0.008
8911,0.013,0.009,0.000,0.008
8912,0.013,0.009,0.000,0.008
8913,0.013,0.009,0.000,0.008
8914,0.013,0.009,0.000,0.008
8915,0.013,0.009,0.000,0.008
8916,0.013,0.009,0.000,0.008
8917,0.013,0.009,0.000,0.008
8918,0.013,0.009,0.000,0.008
8919,0.013,0.009,0.000,0.008
8920,0.013,0.009,0.000,0.008
8921,0.013,0.009,0.000,0.008
8922,0.013,0.009,0.000,0.008
8923,0.013,0.009,0.000,0.008
8924,0.013,0.009,0.000,0.008
8925,0.013,0.009,0.000,0.008
8926,0.013,0.009,0.000,0.008
8927,0.013,0.009,0.000,0.008
8928,0.013,0.009,0.000,0.008
8929,0.013,0.009,0.000,0.008
8930,0.013,0.009,0.000,0.008
8931,0.013,0.009,0.000,0.008
8932,0.013,0.009,0.000,0.008
8933,0.013,0.009,0.000,0.008
8934,0.013,0.009,0.000,0.008
8935,0.013,0.009,0.000,0.008
8936,0.013,0.009,0.000,0.008
8937,0.013,0.009,0.000,0.008
8938,0.013,0.009,0.000,0.008
8939,0.013,0.009,0.000,0.008
8940,0.013,0.009,0.000,0.008
8941,0.013,0.009,0.000,0.008
8942,0.013,0.009,0.000,0.008
8943,0.013,0.009,0.000,0.008
8944,0.013,0.009,0.000,0.008
8945,0.013,0.009,0.000,0.008
8946,0.013,0.009,0.000,0.008
8947,0.013,0.009,0.000,0.008
8948,0.013,0.009,0.000,0.008
8949,0.013,0.009,0.000,0.008
8950,0.013,0.009,0.000,0.008
8951,0.013,0.009,0.000,0.008
8952,0.013,0.009,0.000,0.008
8953,0.013,0.009,0.000,0.008
8954,0.013,0.009,0.000,0.008
8955,0.013,0.009,0.000,0.008
8956,0.013,0.009,0.000,0.008
8957,0.013,0.009,0.000,0.008
8958,0.013,0.009,0.000,0.008
8959,0.013,0.009,0.000,0.008
8960,0.013,0.009,0.000,0.008
8961,0.013,0.009,0.000,0.008
8962,0.013,0.009,0.000,0.008
8963,0.013,0.009,0.000,0.008
8964,0.013,0.009,0.000,0.008
8965,0.013,0.009,0.000,0.008
8966,0.013,0.009,0.000,0.008
8967,0.013,0.009,0.000,0.008
8968,0.013,0.009,0.000,0.008
8969,0.013,0.009,0.000,0.008
8970,0.013,0.009,0.000,0.008
8971,0.013,0.009,0.000,0.008
8972,0.013,0.009,0.000,0.008
8973,0.013,0.009,0.000,0.008
8974,0.013,0.009,0.000,0.008
8975,0.013,0.009,0.000,0.008
8976,0.013,0.009,0.000,0.008
8977,0.013,0.009,0.000,0.008
8978,0.013,0.009,0.000,0.008
8979,0.013,0.009,0.000,0.008
8980,0.013,0.009,0.000,0.008
8981,0.013,0.009,0.000,0.008
8982,0.013,0.009,0.000,0.008
8983,0.013,0.009,0.000,0.008
8984,0.013,0.009,0.000,0.008
8985,0.013,0.009,0.000,0.008
8986,0.013,0.009,0.000,0.008
8987,0.013,0.009,0.000,0.008
8988,0.013,0.009,0.000,0.008
8989,0.013,0.009,0.000,0.008
8990,0.013,0.009,0.000,0.008
8991,0.013,0.009,0.000,0.008
8992,0.013,0.009,0.000,0.008
8993,0.013,0.009,0.000,0.008
8994,0.013,0.009,0.000,0.008
8995,0.013,0.009,0.000,0.008
8996,0.013,0.009,0.000,0.008
8997,0.013,0.009,0.000,0.008
8998,0.013,0.009,0.000,0.008
8999,0.013,0.009,0.000,0.008
9000,0.013,0.009,0.000,0.008
9001,0.013,0.009,0.000,0.008
9002,0.013,0.009,0.000,0.008
9003,0.013,0.009,0.000,0.008
9004,0.013,0.009,0.000,0.008
9005,0.013,0.009,0.000,0.008
9006,0.013,0.009,0.000,0.008
9007,0.013,0.009,0.000,0.008
9008,0.013,0.009,0.000,0.008
9009,0.013,0.009,0.000,0.008
9010,0.013,0.009,0.000,0.008
9011,0.013,0.009,0.000,0.008
9012,0.013,0.009,0.000,0.008
9013,0.013,0.009,0.000,0.008
9014,0.013,0.009,0.000,0.008
9015,0.013,0.009,0.000,0.008
9016,0.013,0.009,0.000,0.008
9017,0.013,0.009,0.000,0.008
9018,0.013,0.009,0.000,0.008
9019,0.013,0.009,0.000,0.008
9020,0.013,0.009,0.000,0.008
9021,0.013,0.009,0.000,0.008
9022,0.013,0.009,0.000,0.008
9023,0.013,0.009,0.000,0.008
9024,0.013,0.009,0.000,0.008
9025,0.013,0.009,0.000,0.008
9026,0.013,0.009,0.000,0.008
9027,0.013,0.009,0.000,0.008
9028,0.013,0.009,0.000,0.008
9029,0.013,0.009,0.000,0.008
9030,0.013,0.009,0.000,0.008
9031,0.013,0.009,0.000,0.008
9032,0.013,0.009,0.000,0.008
9033,0.013,0.009,0.000,0.008
9034,0.013,0.009,0.000,0.008
9035,0.013,0.009,0.000,0.008
9036,0.013,0.009,0.000,0.008
9037,0.013,0.009,0.000,0.008
9038,0.013,0.009,0.000,0.008
9039,0.013,0.009,0.000,0.008
9040,0.013,0.009,0.000,0.008
9041,0.013,0.009,0.000,0.008
9042,0.013,0.009,0.000,0.008
9043,0.013,0.009,0.000,0.008
9044,0.013,0.009,0.000,0.008
9045,0.013,0.009,0.000,0.008
9046,0.013,0.009,0.000,0.008
9047,0.013,0.009,0.000,0.008
9048,0.013,0.009,0.000,0.008
9049,0.013,0.009,0.000,0.008
9050,0.013,0.009,0.000,0.008
9051,0.013,0.009,0.000,0.008
9052,0.013,0.009,0.000,0.008
9053,0.013,0.009,0.000,0.008
9054,0.013,0.009,0.000,0.008
9055,0.013,0.009,0.000,0.008
9056,0.013,0.009,0.000,0.008
9057,0.013,0.009,0.000,0.008
9058,0.013,0.009,0.000,0.008
9059,0.013,0.009,0.000,0.008
9060,0.013,0.009,0.000,0.008
9061,0.013,0.009,0.000,0.008
9062,0.013,0.009,0.000,0.008
9063,0.013,0.009,0.000,0.008
9064,0.013,0.009,0.000,0.008
9065,0.013,0.009,0.000,0.008
9066,0.013,0.009,0.000,0.008
9067,0.013,0.009,0.000,0.008
9068,0.013,0.009,0.000,0.008
9069,0.013,0.009,0.000,0.008
9070,0.013,0.009,0.000,0.008
9071,0.013,0.009,0.000,0.008
9072,0.013,0.009,0.000,0.008
9073,0.013,0.009,0.000,0.008
9074,0.013,0.009,0.000,0.008
9075,0.013,0.009,0.000,0.008
9076,0.013,0.009,0.000,0.008
9077,0.013,0.009,0.000,0.008
9078,0.013,0.009,0.000,0.008
9079,0.013,0.009,0.000,0.008
9080,0.013,0.009,0.000,0.008
9081,0.013,0.009,0.000,0.008
9082,0.013,0.009,0.000,0.008
9083,0.013,0.009,0.000,0.008
9084,0.013,0.009,0.000,0.008
9085,0.013,0.009,0.000,0.008
9086,0.013,0.009,0.000,0.008
9087,0.013,0.009,0.000,0.008
9088,0.013,0.009,0.000,0.008
9089,0.013,0.009,0.000,0.008
9090,0.013,0.009,0.000,0.008
9091,0.013,0.009,0.000,0.008
9092,0.013,0.009,0.000,0.008
9093,0.013,0.009,0.000,0.008
9094,0.013,0.009,0.000,0.008
9095,0.013,0.009,0.000,0.008
9096,0.013,0.009,0.000,0.008
9097,0.013,0.009,0.000,0.008
9098,0.013,0.009,0.000,0.008
9099,0.013,0.009,0.000,0.008
9100,0.013,0.009,0.000,0.008
9101,0.013,0.009,0.000,0.008
9102,0.013,0.009,0.000,0.008
9103,0.013,0.009,0.000,0.008
9104,0.013,0.009,0.000,0.008
9105,0.013,0.009,0.000,0.008
9106,0.013,0.009,0.000,0.008
9107,0.013,0.009,0.000,0.008
9108,0.013,0.009,0.000,0.008
9109,0.013,0.009,0.000,0.008
9110,0.013,0.009,0.000,0.008
9111,0.013,0.009,0.000,0.008
9112,0.013,0.009,0.000,0.008
9113,0.013,0.009,0.000,0.008
9114,0.013,0.009,0.000,0.008
9115,0.013,0.009,0.000,0.008
9116,0.013,0.009,0.000,0.008
9117,0.013,0.009,0.000,0.008
9118,0.013,0.009,0.000,0.008
9119,0.013,0.009,0.000,0.008
9120,0.013,0.009,0.000,0.008
9121,0.013,0.009,0.000,0.008
9122,0.013,0.009,0.000,0.008
9123,0.013,0.009,0.000,0.008
9124,0.013,0.009,0.000,0.008
9125,0.013,0.009,0.000,0.008
9126,0.013,0.009,0.000,0.008
9127,0.013,0.009,0.000,0.008
9128,0.013,0.009,0.000,0.008
9129,0.013,0.009,0.000,0.008
9130,0.013,0.009,0.000,0.008
9131,0.013,0.009,0.000,0.008
9132,0.013,0.009,0.000,0.008
9133,0.013,0.009,0.000,0.008
9134,0.013,0.009,0.000,0.008
9135,0.013,0.009,0.000,0.008
9136,0.013,0.009,0.000,0.008
9137,0.013,0.009,0.000,0.008
9138,0.013,0.009,0.000,0.008
9139,0.013,0.009,0.000,0.008
9140,0.013,0.009,0.000,0.008
9141,0.013,0.009,0.000,0.008
9142,0.013,0.009,0.000,0.008
9143,0.013,0.009,0.000,0.008
9144,0.013,0.009,0.000,0.008
9145,0.013,0.009,0.000,0.008
9146,0.013,0.009,0.000,0.008
9147,0.013,0.009,0.000,0.008
9148,0.013,0.009,0.000,0.008
9149,0.013,0.009,0.000,0.008
9150,0.013,0.009,0.000,0.008
9151,0.013,0.009,0.000,0.008
9152,0.013,0.009,0.000,0.008
9153,0.013,0.009,0.000,0.008
9154,0.013,0.009,0.000,0.008
9155,0.013,0.009,0.000,0.008
9156,0.013,0.009,0.000,0.008
9157,0.013,0.009,0.000,0.008
9158,0.013,0.009,0.000,0.008
9159,0.013,0.009,0.000,0.008
9160,0.013,0.009,0.000,0.008
9161,0.013,0.009,0.000,0.008
9162,0.013,0.009,0.000,0.008
9163,0.013,0.009,0.000,0.008
9164,0.013,0.009,0.000,0.008
9165,0.013,0.009,0.000,0.008
9166,0.013,0.009,0.000,0.008
9167,0.013,0.009,0.000,0.008
9168,0.013,0.009,0.000,0.008
9169,0.013,0.009,0.000,0.008
9170,0.013,0.009,0.000,0.008
9171,0.013,0.009,0.000,0.008
9172,0.013,0.009,0.000,0.008
9173,0.013,0.009,0.000,0.008
9174,0.013,0.009,0.000,0.008
9175,0.013,0.009,0.000,0.008
9176,0.013,0.009,0.000,0.008
9177,0.013,0.009,0.000,0.008
9178,0.013,0.009,0.000,0.008
9179,0.013,0.009,0.000,0.008
9180,0.013,0.009,0.000,0.008
9181,0.013,0.009,0.000,0.008
9182,0.013,0.009,0.000,0.008
9183,0.013,0.009,0.000,0.008
9184,0.013,0.009,0.000,0.008
9185,0.013,0.009,0.000,0.008
9186,0.013,0.009,0.000,0.008
9187,0.013,0.009,0.000,0.008
9188,0.013,0.009,0.000,0.008
9189,0.013,0.009,0.000,0.008
9190,0.013,0.009,0.000,0.008
9191,0.013,0.009,0.000,0.008
9192,0.013,0.009,0.000,0.008
9193,0.013,0.009,0.000,0.008
9194,0.013,0.009,0.000,0.008
9195,0.013,0.009,0.000,0.008
9196,0.013,0.009,0.000,0.008
9197,0.013,0.009,0.000,0.008
9198,0.013,0.009,0.000,0.008
9199,0.013,0.009,0.000,0.008
9200,0.013,0.009,0.000,0.008
9201,0.013,0.009,0.000,0.008
9202,0.013,0.009,0.000,0.008
9203,0.013,0.009,0.000,0.008
9204,0.013,0.009,0.000,0.008
9205,0.013,0.009,0.000,0.008
9206,0.013,0.009,0.000,0.008
9207,0.013,0.009,0.000,0.008
9208,0.013,0.009,0.000,0.008
9209,0.013,0.009,0.000,0.008
9210,0.013,0.009,0.000,0.008
9211,0.013,0.009,0.000,0.008
9212,0.013,0.009,0.000,0.008
9213,0.013,0.009,0.000,0.008
9214,0.013,0.009,0.000,0.008
9215,0.013,0.009,0.000,0.008
9216,0.013,0.009,0.000,0.008
9217,0.013,0.009,0.000,0.008
9218,0.013,0.009,0.000,0.008
9219,0.013,0.009,0.000,0.008
9220,0.013,0.009,0.000,0.008
9221,0.013,0.009,0.000,0.008
9222,0.013,0.009,0.000,0.008
9223,0.013,0.009,0.000,0.008
9224,0.013,0.009,0.000,0.008
9225,0.013,0.009,0.000,0.008
9226,0.013,0.009,0.000,0.008
9227,0.013,0.009,0.000,0.008
9228,0.013,0.009,0.000,0.008
9229,0.013,0.009,0.000,0.008
9230,0.013,0.009,0.000,0.008
9231,0.013,0.009,0.000,0.008
9232,0.013,0.009,0.000,0.008
9233,0.013,0.009,0.000,0.008
9234,0.013,0.009,0.000,0.008
9235,0.013,0.009,0.000,0.008
9236,0.013,0.009,0.000,0.008
9237,0.013,0.009,0.000,0.008
9238,0.013,0.009,0.000,0.008
9239,0.013,0.009,0.000,0.008
9240,0.013,0.009,0.000,0.008
9241,0.013,0.009,0.000,0.008
9242,0.013,0.009,0.000,0.008
9243,0.013,0.009,0.000,0.008
9244,0.013,0.009,0.000,0.008
9245,0.013,0.009,0.000,0.008
9246,0.013,0.009,0.000,0.008
9247,0.013,0.009,0.000,0.008
9248,0.013,0.009,0.000,0.008
9249,0.013,0.009,0.000,0.008
9250,0.013,0.009,0.000,0.008
9251,0.013,0.009,0.000,0.008
9252,0.013,0.009,0.000,0.008
9253,0.013,0.009,0.000,0.008
9254,0.013,0.009,0.000,0.008
9255,0.013,0.009,0.000,0.008
9256,0.013,0.009,0.000,0.008
9257,0.013,0.009,0.000,0.008
9258,0.013,0.009,0.000,0.008
9259,0.013,0.009,0.000,0.008
9260,0.013,0.009,0.000,0.008
9261,0.013,0.009,0.000,0.008
9262,0.013,0.009,0.000,0.008
9263,0.013,0.009,0.000,0.008
9264,0.013,0.009,0.000,0.008
9265,0.013,0.009,0.000,0.008
9266,0.013,0.009,0.000,0.008
9267,0.013,0.009,0.000,0.008
9268,0.013,0.009,0.000,0.008
9269,0.013,0.009,0.000,0.008
9270,0.013,0.009,0.000,0.008
9271,0.013,0.009,0.000,0.008
9272,0.013,0.009,0.000,0.008
9273,0.013,0.009,0.000,0.008
9274,0.013,0.009,0.000,0.008
9275,0.013,0.009,0.000,0.008
9276,0.013,0.009,0.000,0.008
9277,0.013,0.009,0.000,0.008
9278,0.013,0.009,0.000,0.008
9279,0.013,0.009,0.000,0.008
9280,0.013,0.009,0.000,0.008
9281,0.013,0.009,0.000,0.008
9282,0.013,0.009,0.000,0.008
9283,0.013,0.009,0.000,0.008
9284,0.013,0.009,0.000,0.008
9285,0.013,0.009,0.000,0.008
9286,0.013,0.009,0.000,0.008
9287,0.013,0.009,0.000,0.008
9288,0.013,0.009,0.000,0.008
9289,0.013,0.009,0.000,0.008
9290,0.013,0.009,0.000,0.008
9291,0.013,0.009,0.000,0.008
9292,0.013,0.009,0.000,0.008
9293,0.013,0.009,0.000,0.008
9294,0.013,0.009,0.000,0.008
9295,0.013,0.009,0.000,0.008
9296,0.013,0.009,0.000,0.008
9297,0.013,0.009,0.000,0.008
9298,0.013,0.009,0.000,0.008
9299,0.013,0.009,0.000,0.008
9300,0.013,0.009,0.000,0.008
9301,0.013,0.009,0.000,0.008
9302,0.013,0.009,0.000,0.008
9303,0.013,0.009,0.000,0.008
9304,0.013,0.009,0.000,0.008
9305,0.013,0.009,0.000,0.008
9306,0.013,0.009,0.000,0.008
9307,0.013,0.009,0.000,0.008
9308,0.013,0.009,0.000,0.008
9309,0.013,0.009,0.000,0.008
9310,0.013,0.009,0.000,0.008
9311,0.013,0.009,0.000,0.008
9312,0.013,0.009,0.000,0.008
9313,0.013,0.009,0.000,0.008
9314,0.013,0.009,0.000,0.008
9315,0.013,0.009,0.000,0.008
9316,0.013,0.009,0.000,0.008
9317,0.013,0.009,0.000,0.008
9318,0.013,0.009,0.000,0.008
9319,0.013,0.009,0.000,0.008
9320,0.013,0.009,0.000,0.008
9321,0.013,0.009,0.000,0.008
9322,0.013,0.009,0.000,0.008
9323,0.013,0.009,0.000,0.008
9324,0.013,0.009,0.000,0.008
9325,0.013,0.009,0.000,0.008
9326,0.013,0.009,0.000,0.008
9327,0.013,0.009,0.000,0.008
9328,0.013,0.009,0.000,0.008
9329,0.013,0.009,0.000,0.008
9330,0.013,0.009,0.000,0.008
9331,0.013,0.009,0.000,0.008
9332,0.013,0.009,0.000,0.008
9333,0.013,0.009,0.000,0.008
9334,0.013,0.009,0.000,0.008
9335,0.013,0.009,0.000,0.008
9336,0.013,0.009,0.000,0.008
9337,0.013,0.009,0.000,0.008
9338,0.013,0.009,0.000,0.008
9339,0.013,0.009,0.000,0.008
9340,0.013,0.009,0.000,0.008
9341,0.013,0.009,0.000,0.008
9342,0.013,0.009,0.000,0.008
9343,0.013,0.009,0.000,0.008
9344,0.013,0.009,0.000,0.008
9345,0.013,0.009,0.000,0.008
9346,0.013,0.009,0.000,0.008
9347,0.013,0.009,0.000,0.008
9348,0.013,0.009,0.000,0.008
9349,0.013,0.009,0.000,0.008
9350,0.013,0.009,0.000,0.008
9351,0.013,0.009,0.000,0.008
9352,0.013,0.009,0.000,0.008
9353,0.013,0.009,0.000,0.008
9354,0.013,0.009,0.000,0.008
9355,0.013,0.009,0.000,0.008
9356,0.013,0.009,0.000,0.008
9357,0.013,0.009,0.000,0.008
9358,0.013,0.009,0.000,0.008
9359,0.013,0.009,0.000,0.008
9360,0.013,0.009,0.000,0.008
9361,0.013,0.009,0.000,0.008
9362,0.013,0.009,0.000,0.008
9363,0.013,0.009,0.000,0.008
9364,0.013,0.009,0.000,0.008
9365,0.013,0.009,0.000,0.008
9366,0.013,0.009,0.000,0.008
9367,0.013,0.009,0.000,0.008
9368,0.013,0.009,0.000,0.008
9369,0.013,0.009,0.000,0.008
9370,0.013,0.009,0.000,0.008
9371,0.013,0.009,0.000,0.008
9372,0.013,0.009,0.000,0.008
9373,0.013,0.009,0.000,0.008
9374,0.013,0.009,0.000,0.008
9375,0.013,0.009,0.000,0.008
9376,0.013,0.009,0.000,0.008
9377,0.013,0.009,0.000,0.008
9378,0.013,0.009,0.000,0.008
9379,0.013,0.009,0.000,0.008
9380,0.013,0.009,0.000,0.008
9381,0.013,0.009,0.000,0.008
9382,0.013,0.009,0.000,0.008
9383,0.013,0.009,0.000,0.008
9384,0.013,0.009,0.000,0.008
9385,0.013,0.009,0.000,0.008
9386,0.013,0.009,0.000,0.008
9387,0.013,0.009,0.000,0.008
9388,0.013,0.009,0.000,0.008
9389,0.013,0.009,0.000,0.008
9390,0.013,0.009,0.000,0.008
9391,0.013,0.009,0.000,0.008
9392,0.013,0.009,0.000,0.008
9393,0.013,0.009,0.000,0.008
9394,0.013,0.009,0.000,0.008
9395,0.013,0.009,0.000,0.008
9396,0.013,0.009,0.000,0.008
9397,0.013,0.009,0.000,0.008
9398,0.013,0.009,0.000,0.008
9399,0.013,0.009,0.000,0.008
9400,0.013,0.009,0.000,0.008
9401,0.013,0.009,0.000,0.008
9402,0.013,0.009,0.000,0.008
9403,0.013,0.009,0.000,0.008
9404,0.013,0.009,0.000,0.008
9405,0.013,0.009,0.000,0.008
9406,0.013,0.009,0.000,0.008
9407,0.013,0.009,0.000,0.008
9408,0.013,0.009,0.000,0.008
9409,0.013,0.009,0.000,0.008
9410,0.013,0.009,0.000,0.008
9411,0.013,0.009,0.000,0.008
9412,0.013,0.009,0.000,0.008
9413,0.013,0.009,0.000,0.008
9414,0.013,0.009,0.000,0.008
9415,0.013,0.009,0.000,0.008
9416,0.013,0.009,0.000,0.008
9417,0.013,0.009,0.000,0.008
9418,0.013,0.009,0.000,0.008
9419,0.013,0.009,0.000,0.008
9420,0.013,0.009,0.000,0.008
9421,0.013,0.009,0.000,0.008
9422,0.013,0.009,0.000,0.008
9423,0.013,0.009,0.000,0.008
9424,0.013,0.009,0.000,0.008
9425,0.013,0.009,0.000,0.008
9426,0.013,0.009,0.000,0.008
9427,0.013,0.009,0.000,0.008
9428,0.013,0.009,0.000,0.008
9429,0.013,0.009,0.000,0.008
9430,0.013,0.009,0.000,0.008
9431,0.013,0.009,0.000,0.008
9432,0.013,0.009,0.000,0.008
9433,0.013,0.009,0.000,0.008
9434,0.013,0.009,0.000,0.008
9435,0.013,0.009,0.000,0.008
9436,0.013,0.009,0.000,0.008
9437,0.013,0.009,0.000,0.008
9438,0.013,0.009,0.000,0.008
9439,0.013,0.009,0.000,0.008
9440,0.013,0.009,0.000,0.008
9441,0.013,0.009,0.000,0.008
9442,0.013,0.009,0.000,0.008
9443,0.013,0.009,0.000,0.008
9444,0.013,0.009,0.000,0.008
9445,0.013,0.009,0.000,0.008
9446,0.013,0.009,0.000,0.008
9447,0.013,0.009,0.000,0.008
9448,0.013,0.009,0.000,0.008
9449,0.013,0.009,0.000,0.008
9450,0.013,0.009,0.000,0.008
9451,0.013,0.009,0.000,0.008
9452,0.013,0.009,0.000,0.008
9453,0.013,0.009,0.000,0.008
9454,0.013,0.009,0.000,0.008
9455,0.013,0.009,0.000,0.008
9456,0.013,0.009,0.000,0.008
9457,0.013,0.009,0.000,0.008
9458,0.013,0.009,0.000,0.008
9459,0.013,0.009,0.000,0.008
9460,0.013,0.009,0.000,0.008
9461,0.013,0.009,0.000,0.008
9462,0.013,0.009,0.000,0.008
9463,0.013,0.009,0.000,0.008
9464,0.013,0.009,0.000,0.008
9465,0.013,0.009,0.000,0.008
9466,0.013,0.009,0.000,0.008
9467,0.013,0.009,0.000,0.008
9468,0.013,0.009,0.000,0.008
9469,0.013,0.009,0.000,0.008
9470,0.013,0.009,0.000,0.008
9471,0.013,0.009,0.000,0.008
9472,0.013,0.009,0.000,0.008
9473,0.013,0.009,0.000,0.008
9474,0.013,0.009,0.000,0.008
9475,0.013,0.009,0.000,0.008
9476,0.013,0.009,0.000,0.008
9477,0.013,0.009,0.000,0.008
9478,0.013,0.009,0.000,0.008
9479,0.013,0.009,0.000,0.008
9480,0.013,0.009,0.000,0.008
9481,0.013,0.009,0.000,0.008
9482,0.013,0.009,0.000,0.008
9483,0.013,0.009,0.000,0.008
9484,0.013,0.009,0.000,0.008
9485,0.013,0.009,0.000,0.008
9486,0.013,0.009,0.000,0.008
9487,0.013,0.009,0.000,0.008
9488,0.013,0.009,0.000,0.008
9489,0.013,0.009,0.000,0.008
9490,0.013,0.009,0.000,0.008
9491,0.013,0.009,0.000,0.008
9492,0.013,0.009,0.000,0.008
9493,0.013,0.009,0.000,0.008
9494,0.013,0.009,0.000,0.008
9495,0.013,0.009,0.000,0.008
9496,0.013,0.009,0.000,0.008
9497,0.013,0.009,0.000,0.008
9498,0.013,0.009,0.000,0.008
9499,0.013,0.009,0.000,0.008
9500,0.013,0.009,0.000,0.008
9501,0.013,0.009,0.000,0.008
9502,0.013,0.009,0.000,0.008
9503,0.013,0.009,0.000,0.008
9504,0.013,0.009,0.000,0.008
9505,0.013,0.009,0.000,0.008
9506,0.013,0.009,0.000,0.008
9507,0.013,0.009,0.000,0.008
9508,0.013,0.009,0.000,0.008
9509,0.013,0.009,0.000,0.008
9510,0.013,0.009,0.000,0.008
9511,0.013,0.009,0.000,0.008
9512,0.013,0.009,0.000,0.008
9513,0.013,0.009,0.000,0.008
9514,0.013,0.009,0.000,0.008
9515,0.013,0.009,0.000,0.008
9516,0.013,0.009,0.000,0.008
9517,0.013,0.009,0.000,0.008
9518,0.013,0.009,0.000,0.008
9519,0.013,0.009,0.000,0.008
9520,0.013,0.009,0.000,0.008
9521,0.013,0.009,0.000,0.008
9522,0.013,0.009,0.000,0.008
9523,0.013,0.009,0.000,0.008
9524,0.013,0.009,0.000,0.008
9525,0.013,0.009,0.000,0.008
9526,0.013,0.009,0.000,0.008
9527,0.013,0.009,0.000,0.008
9528,0.013,0.009,0.000,0.008
9529,0.013,0.009,0.000,0.008
9530,0.013,0.009,0.000,0.008
9531,0.013,0.009,0.000,0.008
9532,0.013,0.009,0.000,0.008
9533,0.013,0.009,0.000,0.008
9534,0.013,0.009,0.000,0.008
9535,0.013,0.009,0.000,0.008
9536,0.013,0.009,0.000,0.008
9537,0.013,0.009,0.000,0.008
9538,0.013,0.009,0.000,0.008
9539,0.013,0.009,0.000,0.008
9540,0.013,0.009,0.000,0.008
9541,0.013,0.009,0.000,0.008
9542,0.013,0.009,0.000,0.008
9543,0.013,0.009,0.000,0.008
9544,0.013,0.009,0.000,0.008
9545,0.013,0.009,0.000,0.008
9546,0.013,0.009,0.000,0.008
9547,0.013,0.009,0.000,0.008
9548,0.013,0.009,0.000,0.008
9549,0.013,0.009,0.000,0.008
9550,0.013,0.009,0.000,0.008
9551,0.013,0.009,0.000,0.008
9552,0.013,0.009,0.000,0.008
9553,0.013,0.009,0.000,0.008
9554,0.013,0.009,0.000,0.008
9555,0.013,0.009,0.000,0.008
9556,0.013,0.009,0.000,0.008
9557,0.013,0.009,0.000,0.008
9558,0.013,0.009,0.000,0.008
9559,0.013,0.009,0.000,0.008
9560,0.013,0.009,0.000,0.008
9561,0.013,0.009,0.000,0.008
9562,0.013,0.009,0.000,0.008
9563,0.013,0.009,0.000,0.008
9564,0.013,0.009,0.000,0.008
9565,0.013,0.009,0.000,0.008
9566,0.013,0.009,0.000,0.008
9567,0.013,0.009,0.000,0.008
9568,0.013,0.009,0.000,0.008
9569,0.013,0.009,0.000,0.008
9570,0.013,0.009,0.000,0.008
9571,0.013,0.009,0.000,0.008
9572,0.013,0.009,0.000,0.008
9573,0.013,0.009,0.000,0.008
9574,0.013,0.009,0.000,0.008
9575,0.013,0.009,0.000,0.008
9576,0.013,0.009,0.000,0.008
9577,0.013,0.009,0.000,0.008
9578,0.013,0.009,0.000,0.008
9579,0.013,0.009,0.000,0.008
9580,0.013,0.009,0.000,0.008
9581,0.013,0.009,0.000,0.008
9582,0.013,0.009,0.000,0.008
9583,0.013,0.009,0.000,0.008
9584,0.013,0.009,0.000,0.008
9585,0.013,0.009,0.000,0.008
9586,0.013,0.009,0.000,0.008
9587,0.013,0.009,0.000,0.008
9588,0.013,0.009,0.000,0.008
9589,0.013,0.009,0.000,0.008
9590,0.013,0.009,0.000,0.008
9591,0.013,0.009,0.000,0.008
9592,0.013,0.009,0.000,0.008
9593,0.013,0.009,0.000,0.008
9594,0.013,0.009,0.000,0.008
9595,0.013,0.009,0.000,0.008
9596,0.013,0.009,0.000,0.008
9597,0.013,0.009,0.000,0.008
9598,0.013,0.009,0.000,0.008
9599,0.013,0.009,0.000,0.008
9600,0.013,0.009,0.000,0.008
9601,0.013,0.009,0.000,0.008
9602,0.013,0.009,0.000,0.008
9603,0.013,0.009,0.000,0.008
9604,0.013,0.009,0.000,0.008
9605,0.013,0.009,0.000,0.008
9606,0.013,0.009,0.000,0.008
9607,0.013,0.009,0.000,0.008
9608,0.013,0.009,0.000,0.008
9609,0.013,0.009,0.000,0.008
9610,0.013,0.009,0.000,0.008
9611,0.013,0.009,0.000,0.008
9612,0.013,0.009,0.000,0.008
9613,0.013,0.009,0.000,0.008
9614,0.013,0.009,0.000,0.008
9615,0.013,0.009,0.000,0.008
9616,0.013,0.009,0.000,0.008
9617,0.013,0.009,0.000,0.008
9618,0.013,0.009,0.000,0.008
9619,0.013,0.009,0.000,0.008
9620,0.013,0.009,0.000,0.008
9621,0.013,0.009,0.000,0.008
9622,0.013,0.009,0.000,0.008
9623,0.013,0.009,0.000,0.008
9624,0.013,0.009,0.000,0.008
9625,0.013,0.009,0.000,0.008
9626,0.013,0.009,0.000,0.008
9627,0.013,0.009,0.000,0.008
9628,0.013,0.009,0.000,0.008
9629,0.013,0.009,0.000,0.008
9630,0.013,0.009,0.000,0.008
9631,0.013,0.009,0.000,0.008
9632,0.013,0.009,0.000,0.008
9633,0.013,0.009,0.000,0.008
9634,0.013,0.009,0.000,0.008
9635,0.013,0.009,0.000,0.008
9636,0.013,0.009,0.000,0.008
9637,0.013,0.009,0.000,0.008
9638,0.013,0.009,0.000,0.008
9639,0.013,0.009,0.000,0.008
9640,0.013,0.009,0.000,0.008
9641,0.013,0.009,0.000,0.008
9642,0.013,0.009,0.000,0.008
9643,0.013,0.009,0.000,0.008
9644,0.013,0.009,0.000,0.008
9645,0.013,0.009,0.000,0.008
9646,0.013,0.009,0.000,0.008
9647,0.013,0.009,0.000,0.008
9648,0.013,0.009,0.000,0.008
9649,0.013,0.009,0.000,0.008
9650,0.013,0.009,0.000,0.008
9651,0.013,0.009,0.000,0.008
9652,0.013,0.009,0.000,0.008
9653,0.013,0.009,0.000,0.008
9654,0.013,0.009,0.000,0.008
9655,0.013,0.009,0.000,0.008
9656,0.013,0.009,0.000,0.008
9657,0.013,0.009,0.000,0.008
9658,0.013,0.009,0.000,0.008
9659,0.013,0.009,0.000,0.008
9660,0.013,0.009,0.000,0.008
9661,0.013,0.009,0.000,0.008
9662,0.013,0.009,0.000,0.008
9663,0.013,0.009,0.000,0.008
9664,0.013,0.009,0.000,0.008
9665,0.013,0.009,0.000,0.008
9666,0.013,0.009,0.000,0.008
9667,0.013,0.009,0.000,0.008
9668,0.013,0.009,0.000,0.008
9669,0.013,0.009,0.000,0.008
9670,0.013,0.009,0.000,0.008
9671,0.013,0.009,0.000,0.008
9672,0.013,0.009,0.000,0.008
9673,0.013,0.009,0.000,0.008
9674,0.013,0.009,0.000,0.008
9675,0.013,0.009,0.000,0.008
9676,0.013,0.009,0.000,0.008
9677,0.013,0.009,0.000,0.008
9678,0.013,0.009,0.000,0.008
9679,0.013,0.009,0.000,0.008
9680,0.013,0.009,0.000,0.008
9681,0.013,0.009,0.000,0.008
9682,0.013,0.009,0.000,0.008
9683,0.013,0.009,0.000,0.008
9684,0.013,0.009,0.000,0.008
9685,0.013,0.009,0.000,0.008
9686,0.013,0.009,0.000,0.008
9687,0.013,0.009,0.000,0.008
9688,0.013,0.009,0.000,0.008
9689,0.013,0.009,0.000,0.008
9690,0.013,0.009,0.000,0.008
9691,0.013,0.009,0.000,0.008
9692,0.013,0.009,0.000,0.008
9693,0.013,0.009,0.000,0.008
9694,0.013,0.009,0.000,0.008
9695,0.013,0.009,0.000,0.008
9696,0.013,0.009,0.000,0.008
9697,0.013,0.009,0.000,0.008
9698,0.013,0.009,0.000,0.008
9699,0.013,0.009,0.000,0.008
9700,0.013,0.009,0.000,0.008
9701,0.013,0.009,0.000,0.008
9702,0.013,0.009,0.000,0.008
9703,0.013,0.009,0.000,0.008
9704,0.013,0.009,0.000,0.008
9705,0.013,0.009,0.000,0.008
9706,0.013,0.009,0.000,0.008
9707,0.013,0.009,0.000,0.008
9708,0.013,0.009,0.000,0.008
9709,0.013,0.009,0.000,0.008
9710,0.013,0.009,0.000,0.008
9711,0.013,0.009,0.000,0.008
9712,0.013,0.009,0.000,0.008
9713,0.013,0.009,0.000,0.008
9714,0.013,0.009,0.000,0.008
9715,0.013,0.009,0.000,0.008
9716,0.013,0.009,0.000,0.008
9717,0.013,0.009,0.000,0.008
9718,0.013,0.009,0.000,0.008
9719,0.013,0.009,0.000,0.008
9720,0.013,0.009,0.000,0.008
9721,0.013,0.009,0.000,0.008
9722,0.013,0.009,0.000,0.008
9723,0.013,0.009,0.000,0.008
9724,0.013,0.009,0.000,0.008
9725,0.013,0.009,0.000,0.008
9726,0.013,0.009,0.000,0.008
9727,0.013,0.009,0.000,0.008
9728,0.013,0.009,0.000,0.008
9729,0.013,0.009,0.000,0.008
9730,0.013,0.009,0.000,0.008
9731,0.013,0.009,0.000,0.008
9732,0.013,0.009,0.000,0.008
9733,0.013,0.009,0.000,0.008
9734,0.013,0.009,0.000,0.008
9735,0.013,0.009,0.000,0.008
9736,0.013,0.009,0.000,0.008
9737,0.013,0.009,0.000,0.008
9738,0.013,0.009,0.000,0.008
9739,0.013,0.009,0.000,0.008
9740,0.013,0.009,0.000,0.008
9741,0.013,0.009,0.000,0.008
9742,0.013,0.009,0.000,0.008
9743,0.013,0.009,0.000,0.008
9744,0.013,0.009,0.000,0.008
9745,0.013,0.009,0.000,0.008
9746,0.013,0.009,0.000,0.008
9747,0.013,0.009,0.000,0.008
9748,0.013,0.009,0.000,0.008
9749,0.013,0.009,0.000,0.008
9750,0.013,0.009,0.000,0.008
9751,0.013,0.009,0.000,0.008
9752,0.013,0.009,0.000,0.008
9753,0.013,0.009,0.000,0.008
9754,0.013,0.009,0.000,0.008
9755,0.013,0.009,0.000,0.008
9756,0.013,0.009,0.000,0.008
9757,0.013,0.009,0.000,0.008
9758,0.013,0.009,0.000,0.008
9759,0.013,0.009,0.000,0.008
9760,0.013,0.009,0.000,0.008
9761,0.013,0.009,0.000,0.008
9762,0.013,0.009,0.000,0.008
9763,0.013,0.009,0.000,0.008
9764,0.013,0.009,0.000,0.008
9765,0.013,0.009,0.000,0.008
9766,0.013,0.009,0.000,0.008
9767,0.013,0.009,0.000,0.008
9768,0.013,0.009,0.000,0.008
9769,0.013,0.009,0.000,0.008
9770,0.013,0.009,0.000,0.008
9771,0.013,0.009,0.000,0.008
9772,0.013,0.009,0.000,0.008
9773,0.013,0.009,0.000,0.008
9774,0.013,0.009,0.000,0.008
9775,0.013,0.009,0.000,0.008
9776,0.013,0.009,0.000,0.008
9777,0.013,0.009,0.000,0.008
9778,0.013,0.009,0.000,0.008
9779,0.013,0.009,0.000,0.008
9780,0.013,0.009,0.000,0.008
9781,0.013,0.009,0.000,0.008
9782,0.013,0.009,0.000,0.008
9783,0.013,0.009,0.000,0.008
9784,0.013,0.009,0.000,0.008
9785,0.013,0.009,0.000,0.008
9786,0.013,0.009,0.000,0.008
9787,0.013,0.009,0.000,0.008
9788,0.013,0.009,0.000,0.008
9789,0.013,0.009,0.000,0.008
9790,0.013,0.009,0.000,0.008
9791,0.013,0.009,0.000,0.008
9792,0.013,0.009,0.000,0.008
9793,0.013,0.009,0.000,0.008
9794,0.013,0.009,0.000,0.008
9795,0.013,0.009,0.000,0.008
9796,0.013,0.009,0.000,0.008
9797,0.013,0.009,0.000,0.008
9798,0.013,0.009,0.000,0.008
9799,0.013,0.009,0.000,0.008
9800,0.013,0.009,0.000,0.008
9801,0.013,0.009,0.000,0.008
9802,0.013,0.009,0.000,0.008
9803,0.013,0.009,0.000,0.008
9804,0.013,0.009,0.000,0.008
9805,0.013,0.009,0.000,0.008
9806,0.013,0.009,0.000,0.008
9807,0.013,0.009,0.000,0.008
9808,0.013,0.009,0.000,0.008
9809,0.013,0.009,0.000,0.008
9810,0.013,0.009,0.000,0.008
9811,0.013,0.009,0.000,0.008
9812,0.013,0.009,0.000,0.008
9813,0.013,0.009,0.000,0.008
9814,0.013,0.009,0.000,0.008
9815,0.013,0.009,0.000,0.008
9816,0.013,0.009,0.000,0.008
9817,0.013,0.009,0.000,0.008
9818,0.013,0.009,0.000,0.008
9819,0.013,0.009,0.000,0.008
9820,0.013,0.009,0.000,0.008
9821,0.013,0.009,0.000,0.008
9822,0.013,0.009,0.000,0.008
9823,0.013,0.009,0.000,0.008
9824,0.013,0.009,0.000,0.008
9825,0.013,0.009,0.000,0.008
9826,0.013,0.009,0.000,0.008
9827,0.013,0.009,0.000,0.008
9828,0.013,0.009,0.000,0.008
9829,0.013,0.009,0.000,0.008
9830,0.013,0.009,0.000,0.008
9831,0.013,0.009,0.000,0.008
9832,0.013,0.009,0.000,0.008
9833,0.013,0.009,0.000,0.008
9834,0.013,0.009,0.000,0.008
9835,0.013,0.009,0.000,0.008
9836,0.013,0.009,0.000,0.008
9837,0.013,0.009,0.000,0.008
9838,0.013,0.009,0.000,0.008
9839,0.013,0.009,0.000,0.008
9840,0.013,0.009,0.000,0.008
9841,0.013,0.009,0.000,0.008
9842,0.013,0.009,0.000,0.008
9843,0.013,0.009,0.000,0.008
9844,0.013,0.009,0.000,0.008
9845,0.013,0.009,0.000,0.008
9846,0.013,0.009,0.000,0.008
9847,0.013,0.009,0.000,0.008
9848,0.013,0.009,0.000,0.008
9849,0.013,0.009,0.000,0.008
9850,0.013,0.009,0.000,0.008
9851,0.013,0.009,0.000,0.008
9852,0.013,0.009,0.000,0.008
9853,0.013,0.009,0.000,0.008
9854,0.013,0.009,0.000,0.008
9855,0.013,0.009,0.000,0.008
9856,0.013,0.009,0.000,0.008
9857,0.013,0.009,0.000,0.008
9858,0.013,0.009,0.000,0.008
9859,0.013,0.009,0.000,0.008
9860,0.013,0.009,0.000,0.008
9861,0.013,0.009,0.000,0.008
9862,0.013,0.009,0.000,0.008
9863,0.013,0.009,0.000,0.008
9864,0.013,0.009,0.000,0.008
9865,0.013,0.009,0.000,0.008
9866,0.013,0.009,0.000,0.008
9867,0.013,0.009,0.000,0.008
9868,0.013,0.009,0.000,0.008
9869,0.013,0.009,0.000,0.008
9870,0.013,0.009,0.000,0.008
9871,0.013,0.009,0.000,0.008
9872,0.013,0.009,0.000,0.008
9873,0.013,0.009,0.000,0.008
9874,0.013,0.009,0.000,0.008
9875,0.013,0.009,0.000,0.008
9876,0.013,0.009,0.000,0.008
9877,0.013,0.009,0.000,0.008
9878,0.013,0.009,0.000,0.008
9879,0.013,0.009,0.000,0.008
9880,0.013,0.009,0.000,0.008
9881,0.013,0.009,0.000,0.008
9882,0.013,0.009,0.000,0.008
9883,0.013,0.009,0.000,0.008
9884,0.013,0.009,0.000,0.008
9885,0.013,0.009,0.000,0.008
9886,0.013,0.009,0.000,0.008
9887,0.013,0.009,0.000,0.008
9888,0.013,0.009,0.000,0.008
9889,0.013,0.009,0.000,0.008
9890,0.013,0.009,0.000,0.008
9891,0.013,0.009,0.000,0.008
9892,0.013,0.009,0.000,0.008
9893,0.013,0.009,0.000,0.008
9894,0.013,0.009,0.000,0.008
9895,0.013,0.009,0.000,0.008
9896,0.013,0.009,0.000,0.008
9897,0.013,0.009,0.000,0.008
9898,0.013,0.009,0.000,0.008
9899,0.013,0.009,0.000,0.008
9900,0.013,0.009,0.000,0.008
9901,0.013,0.009,0.000,0.008
9902,0.013,0.009,0.000,0.008
9903,0.013,0.009,0.000,0.008
9904,0.013,0.009,0.000,0.008
9905,0.013,0.009,0.000,0.008
9906,0.013,0.009,0.000,0.008
9907,0.013,0.009,0.000,0.008
9908,0.013,0.009,0.000,0.008
9909,0.013,0.009,0.000,0.008
9910,0.013,0.009,0.000,0.008
9911,0.013,0.009,0.000,0.008
9912,0.013,0.009,0.000,0.008
9913,0.013,0.009,0.000,0.008
9914,0.013,0.009,0.000,0.008
9915,0.013,0.009,0.000,0.008
9916,0.013,0.009,0.000,0.008
9917,0.013,0.009,0.000,0.008
9918,0.013,0.009,0.000,0.008
9919,0.013,0.009,0.000,0.008
9920,0.013,0.009,0.000,0.008
9921,0.013,0.009,0.000,0.008
9922,0.013,0.009,0.000,0.008
9923,0.013,0.009,0.000,0.008
9924,0.013,0.009,0.000,0.008
9925,0.013,0.009,0.000,0.008
9926,0.013,0.009,0.000,0.008
9927,0.013,0.009,0.000,0.008
9928,0.013,0.009,0.000,0.008
9929,0.013,0.009,0.000,0.008
9930,0.013,0.009,0.000,0.008
9931,0.013,0.009,0.000,0.008
9932,0.013,0.009,0.000,0.008
9933,0.013,0.009,0.000,0.008
9934,0.013,0.009,0.000,0.008
9935,0.013,0.009,0.000,0.008
9936,0.013,0.009,0.000,0.008
9937,0.013,0.009,0.000,0.008
9938,0.013,0.009,0.000,0.008
9939,0.013,0.009,0.000,0.008
9940,0.013,0.009,0.000,0.008
9941,0.013,0.009,0.000,0.008
9942,0.013,0.009,0.000,0.008
9943,0.013,0.009,0.000,0.008
9944,0.013,0.009,0.000,0.008
9945,0.013,0.009,0.000,0.008
9946,0.013,0.009,0.000,0.008
9947,0.013,0.009,0.000,0.008
9948,0.013,0.009,0.000,0.008
9949,0.013,0.009,0.000,0.008
9950,0.013,0.009,0.000,0.008
9951,0.013,0.009,0.000,0.008
9952,0.013,0.009,0.000,0.008
9953,0.013,0.009,0.000,0.008
9954,0.013,0.009,0.000,0.008
9955,0.013,0.009,0.000,0.008
9956,0.013,0.009,0.000,0.008
9957,0.013,0.009,0.000,0.008
9958,0.013,0.009,0.000,0.008
9959,0.013,0.009,0.000,0.008
9960,0.013,0.009,0.000,0.008
9961,0.013,0.009,0.000,0.008
9962,0.013,0.009,0.000,0.008
9963,0.013,0.009,0.000,0.008
9964,0.013,0.009,0.000,0.008
9965,0.013,0.009,0.000,0.008
9966,0.013,0.009,0.000,0.008
9967,0.013,0.009,0.000,0.008
9968,0.013,0.009,0.000,0.008
9969,0.013,0.009,0.000,0.008
9970,0.013,0.009,0.000,0.008
9971,0.013,0.009,0.000,0.008
9972,0.013,0.009,0.000,0.008
9973,0.013,0.009,0.000,0.008
9974,0.013,0.009,0.000,0.008
9975,0.013,0.009,0.000,0.008
9976,0.013,0.009,0.000,0.008
9977,0.013,0.009,0.000,0.008
9978,0.013,0.009,0.000,0.008
9979,0.013,0.009,0.000,0.008
9980,0.013,0.009,0.000,0.008
9981,0.013,0.009,0.000,0.008
9982,0.013,0.009,0.000,0.008
9983,0.013,0.009,0.000,0.008
9984,0.013,0.009,0.000,0.008
9985,0.013,0.009,0.000,0.008
9986,0.013,0.009,0.000,0.008
9987,0.013,0.009,0.000,0.008
9988,0.013,0.009,0.000,0.008
9989,0.013,0.009,0.000,0.008
9990,0.013,0.009,0.000,0.008
9991,0.013,0.009,0.000,0.008
9992,0.013,0.009,0.000,0.008
9993,0.013,0.009,0.000,0.008
9994,0.013,0.009,0.000,0.008
9995,0.013,0.009,0.000,0.008
9996,0.013,0.009,0.000,0.008
9997,0.013,0.009,0.000,0.008
9998,0.013,0.009,0.000,0.008
9999,0.013,0.009,0.000,0.008
10000,0.013,0.009,0.000,0.008
10001,0.013,0.009,0.000,0.008
10002,0.013,0.009,0.000,0.008
10003,0.013,0.009,0.000,0.008
10004,0.013,0.009,0.000,0.008
10005,0.013,0.009,0.000,0.008
10006,0.013,0.009,0.000,0.008
10007,0.013,0.009,0.000,0.008
10008,0.013,0.009,0.000,0.008
10009,0.013,0.009,0.000,0.008
10010,0.013,0.009,0.000,0.008
10011,0.013,0.009,0.000,0.008
10012,0.013,0.009,0.000,0.008
10013,0.013,0.009,0.000,0.008
10014,0.013,0.009,0.000,0.008
10015,0.013,0.009,0.000,0.008
10016,0.013,0.009,0.000,0.008
10017,0.013,0.009,0.000,0.008
10018,0.013,0.009,0.000,0.008
10019,0.013,0.009,0.000,0.008
10020,0.013,0.009,0.000,0.008
10021,0.013,0.009,0.000,0.008
10022,0.013,0.009,0.000,0.008
10023,0.013,0.009,0.000,0.008
10024,0.013,0.009,0.000,0.008
10025,0.013,0.009,0.000,0.008
10026,0.013,0.009,0.000,0.008
10027,0.013,0.009,0.000,0.008
10028,0.013,0.009,0.000,0.008
10029,0.013,0.009,0.000,0.008
10030,0.013,0.009,0.000,0.008
10031,0.013,0.009,0.000,0.008
10032,0.013,0.009,0.000,0.008
10033,0.013,0.009,0.000,0.008
10034,0.013,0.009,0.000,0.008
10035,0.013,0.009,0.000,0.008
10036,0.013,0.009,0.000,0.008
10037,0.013,0.009,0.000,0.008
10038,0.013,0.009,0.000,0.008
10039,0.013,0.009,0.000,0.008
10040,0.013,0.009,0.000,0.008
10041,0.013,0.009,0.000,0.008
10042,0.013,0.009,0.000,0.008
10043,0.013,0.009,0.000,0.008
10044,0.013,0.009,0.000,0.008
10045,0.013,0.009,0.000,0.008
10046,0.013,0.009,0.000,0.008
10047,0.013,0.009,0.000,0.008
10048,0.013,0.009,0.000,0.008
10049,0.013,0.009,0.000,0.008
10050,0.013,0.009,0.000,0.008
10051,0.013,0.009,0.000,0.008
10052,0.013,0.009,0.000,0.008
10053,0.013,0.009,0.000,0.008
10054,0.013,0.009,0.000,0.008
10055,0.013,0.009,0.000,0.008
10056,0.013,0.009,0.000,0.008
10057,0.013,0.009,0.000,0.008
10058,0.013,0.009,0.000,0.008
10059,0.013,0.009,0.000,0.008
10060,0.013,0.009,0.000,0.008
10061,0.013,0.009,0.000,0.008
10062,0.013,0.009,0.000,0.008
10063,0.013,0.009,0.000,0.008
10064,0.013,0.009,0.000,0.008
10065,0.013,0.009,0.000,0.008
10066,0.013,0.009,0.000,0.008
10067,0.013,0.009,0.000,0.008
10068,0.013,0.009,0.000,0.008
10069,0.013,0.009,0.000,0.008
10070,0.013,0.009,0.000,0.008
10071,0.013,0.009,0.000,0.008
10072,0.013,0.009,0.000,0.008
10073,0.013,0.009,0.000,0.008
10074,0.013,0.009,0.000,0.008
10075,0.013,0.009,0.000,0.008
10076,0.013,0.009,0.000,0.008
10077,0.013,0.009,0.000,0.008
10078,0.013,0.009,0.000,0.008
10079,0.013,0.009,0.000,0.008
10080,0.013,0.009,0.000,0.008
10081,0.013,0.009,0.000,0.008
10082,0.013,0.009,0.000,0.008
10083,0.013,0.009,0.000,0.008
10084,0.013,0.009,0.000,0.008
10085,0.013,0.009,0.000,0.008
10086,0.013,0.009,0.000,0.008
10087,0.013,0.009,0.000,0.008
10088,0.013,0.009,0.000,0.008
10089,0.013,0.009,0.000,0.008
10090,0.013,0.009,0.000,0.008
10091,0.013,0.009,0.000,0.008
10092,0.013,0.009,0.000,0.008
10093,0.013,0.009,0.000,0.008
10094,0.013,0.009,0.000,0.008
10095,0.013,0.009,0.000,0.008
10096,0.013,0.009,0.000,0.008
10097,0.013,0.009,0.000,0.008
10098,0.013,0.009,0.000,0.008
10099,0.013,0.009,0.000,0.008
10100,0.013,0.009,0.000,0.008
10101,0.013,0.009,0.000,0.008
10102,0.013,0.009,0.000,0.008
10103,0.013,0.009,0.000,0.008
10104,0.013,0.009,0.000,0.008
10105,0.013,0.009,0.000,0.008
10106,0.013,0.009,0.000,0.008
10107,0.013,0.009,0.000,0.008
10108,0.013,0.009,0.000,0.008
10109,0.013,0.009,0.000,0.008
10110,0.013,0.009,0.000,0.008
10111,0.013,0.009,0.000,0.008
10112,0.013,0.009,0.000,0.008
10113,0.013,0.009,0.000,0.008
10114,0.013,0.009,0.000,0.008
10115,0.013,0.009,0.000,0.008
10116,0.013,0.009,0.000,0.008
10117,0.013,0.009,0.000,0.008
10118,0.013,0.009,0.000,0.008
10119,0.013,0.009,0.000,0.008
10120,0.013,0.009,0.000,0.008
10121,0.013,0.009,0.000,0.008
10122,0.013,0.009,0.000,0.008
10123,0.013,0.009,0.000,0.008
10124,0.013,0.009,0.000,0.008
10125,0.013,0.009,0.000,0.008
10126,0.013,0.009,0.000,0.008
10127,0.013,0.009,0.000,0.008
10128,0.013,0.009,0.000,0.008
10129,0.013,0.009,0.000,0.008
10130,0.013,0.009,0.000,0.008
10131,0.013,0.009,0.000,0.008
10132,0.013,0.009,0.000,0.008
10133,0.013,0.009,0.000,0.008
10134,0.013,0.009,0.000,0.008
10135,0.013,0.009,0.000,0.008
10136,0.013,0.009,0.000,0.008
10137,0.013,0.009,0.000,0.008
10138,0.013,0.009,0.000,0.008
10139,0.013,0.009,0.000,0.008
10140,0.013,0.009,0.000,0.008
10141,0.013,0.009,0.000,0.008
10142,0.013,0.009,0.000,0.008
10143,0.013,0.009,0.000,0.008
10144,0.013,0.009,0.000,0.008
10145,0.013,0.009,0.000,0.008
10146,0.013,0.009,0.000,0.008
10147,0.013,0.009,0.000,0.008
10148,0.013,0.009,0.000,0.008
10149,0.013,0.009,0.000,0.008
10150,0.013,0.009,0.000,0.008
10151,0.013,0.009,0.000,0.008
10152,0.013,0.009,0.000,0.008
10153,0.013,0.009,0.000,0.008
10154,0.013,0.009,0.000,0.008
10155,0.013,0.009,0.000,0.008
10156,0.013,0.009,0.000,0.008
10157,0.013,0.009,0.000,0.008
10158,0.013,0.009,0.000,0.008
10159,0.013,0.009,0.000,0.008
10160,0.013,0.009,0.000,0.008
10161,0.013,0.009,0.000,0.008
10162,0.013,0.009,0.000,0.008
10163,0.013,0.009,0.000,0.008
10164,0.013,0.009,0.000,0.008
10165,0.013,0.009,0.000,0.008
10166,0.013,0.009,0.000,0.008
10167,0.013,0.009,0.000,0.008
10168,0.013,0.009,0.000,0.008
10169,0.013,0.009,0.000,0.008
10170,0.013,0.009,0.000,0.008
10171,0.013,0.009,0.000,0.008
10172,0.013,0.009,0.000,0.008
10173,0.013,0.009,0.000,0.008
10174,0.013,0.009,0.000,0.008
10175,0.013,0.009,0.000,0.008
10176,0.013,0.009,0.000,0.008
10177,0.013,0.009,0.000,0.008
10178,0.013,0.009,0.000,0.008
10179,0.013,0.009,0.000,0.008
10180,0.014,0.009,0.000,0.008
10181,0.013,0.009,0.000,0.008
10182,0.016,0.009,0.000,0.009
10183,0.015,0.009,0.000,0.008
10184,0.015,0.009,0.000,0.008
10185,0.016,0.009,0.000,0.009
10186,0.017,0.009,0.000,0.009
10187,0.019,0.009,0.000,0.010
10188,0.019,0.009,0.000,0.010
10189,0.020,0.009,0.000,0.010
10190,0.020,0.009,0.000,0.010
10191,0.022,0.009,0.000,0.011
10192,0.024,0.009,0.000,0.012
10193,0.024,0.009,0.000,0.012
10194,0.024,0.009,0.000,0.012
10195,0.024,0.009,0.000,0.012
10196,0.026,0.009,0.000,0.012
10197,0.026,0.009,0.000,0.012
10198,0.027,0.009,0.000,0.013
10199,0.026,0.009,0.000,0.013
10200,0.028,0.009,0.000,0.013
10201,0.027,0.009,0.000,0.013
10202,0.027,0.009,0.000,0.013
10203,0.026,0.009,0.000,0.013
10204,0.025,0.009,0.000,0.012
10205,0.027,0.009,0.000,0.013
10206,0.027,0.009,0.000,0.013
10207,0.024,0.009,0.000,0.012
10208,0.023,0.009,0.000,0.011
10209,0.023,0.009,0.000,0.011
10210,0.023,0.009,0.000,0.012
10211,0.023,0.009,0.000,0.012
10212,0.022,0.009,0.000,0.011
10213,0.022,0.009,0.000,0.011
10214,0.022,0.009,0.000,0.011
10215,0.022,0.009,0.000,0.011
10216,0.022,0.009,0.000,0.011
10217,0.022,0.009,0.000,0.011
10218,0.022,0.009,0.000,0.011
10219,0.022,0.009,0.000,0.011
10220,0.022,0.009,0.000,0.011
10221,0.022,0.009,0.000,0.011
10222,0.022,0.009,0.000,0.011
10223,0.022,0.009,0.000,0.011
10224,0.020,0.009,0.000,0.011
10225,0.020,0.009,0.000,0.011
10226,0.022,0.009,0.000,0.011
10227,0.020,0.009,0.000,0.010
10228,0.019,0.009,0.000,0.010
10229,0.021,0.009,0.000,0.011
10230,0.027,0.009,0.000,0.013
10231,0.027,0.009,0.000,0.013
10232,0.031,0.009,0.000,0.014
10233,0.031,0.009,0.000,0.014
10234,0.035,0.009,0.000,0.016
10235,0.035,0.009,0.000,0.016
10236,0.034,0.009,0.000,0.016
10237,0.036,0.009,0.000,0.016
10238,0.037,0.009,0.000,0.017
10239,0.035,0.009,0.000,0.016
10240,0.036,0.009,0.000,0.016
10241,0.035,0.009,0.000,0.016
10242,0.035,0.009,0.000,0.016
10243,0.033,0.009,0.000,0.015
10244,0.033,0.009,0.000,0.015
10245,0.029,0.009,0.000,0.013
10246,0.026,0.009,0.000,0.013
10247,0.029,0.009,0.000,0.014
10248,0.028,0.009,0.000,0.013
10249,0.029,0.009,0.000,0.014
10250,0.029,0.009,0.000,0.014
10251,0.027,0.009,0.000,0.013
10252,0.027,0.009,0.000,0.013
10253,0.027,0.009,0.000,0.013
10254,0.028,0.009,0.000,0.013
10255,0.029,0.009,0.000,0.013
10256,0.027,0.009,0.000,0.013
10257,0.026,0.009,0.000,0.012
10258,0.024,0.009,0.000,0.012
10259,0.022,0.009,0.000,0.011
10260,0.025,0.009,0.000,0.012
10261,0.023,0.009,0.000,0.012
10262,0.022,0.009,0.000,0.011
10263,0.021,0.009,0.000,0.011
10264,0.023,0.009,0.000,0.011
10265,0.021,0.009,0.000,0.011
10266,0.020,0.009,0.000,0.010
10267,0.022,0.009,0.000,0.011
10268,0.022,0.009,0.000,0.011
10269,0.020,0.009,0.000,0.011
10270,0.019,0.009,0.000,0.010
10271,0.018,0.009,0.000,0.010
10272,0.016,0.009,0.000,0.009
10273,0.017,0.009,0.000,0.009
10274,0.017,0.009,0.000,0.009
10275,0.017,0.009,0.000,0.009
10276,0.017,0.009,0.000,0.009
10277,0.017,0.009,0.000,0.009
10278,0.017,0.009,0.000,0.009
10279,0.017,0.009,0.000,0.009
10280,0.017,0.009,0.000,0.009
10281,0.017,0.009,0.000,0.009
10282,0.017,0.009,0.000,0.009
10283,0.016,0.009,0.000,0.009
10284,0.017,0.009,0.000,0.009
10285,0.016,0.009,0.000,0.009
10286,0.016,0.009,0.000,0.009
10287,0.017,0.009,0.000,0.009
10288,0.017,0.009,0.000,0.009
10289,0.016,0.009,0.000,0.009
10290,0.016,0.009,0.000,0.009
10291,0.016,0.009,0.000,0.009
10292,0.016,0.009,0.000,0.009
10293,0.016,0.009,0.000,0.009
10294,0.016,0.009,0.000,0.009
10295,0.016,0.009,0.000,0.009
10296,0.016,0.009,0.000,0.009
10297,0.016,0.009,0.000,0.009
10298,0.016,0.009,0.000,0.009
10299,0.016,0.009,0.000,0.009
10300,0.017,0.009,0.000,0.009
10301,0.016,0.009,0.000,0.009
10302,0.017,0.009,0.000,0.009
10303,0.016,0.009,0.000,0.009
10304,0.017,0.009,0.000,0.009
10305,0.016,0.009,0.000,0.009
10306,0.016,0.009,0.000,0.009
10307,0.016,0.009,0.000,0.009
10308,0.016,0.009,0.000,0.009
10309,0.016,0.009,0.000,0.009
10310,0.016,0.009,0.000,0.009
10311,0.016,0.009,0.000,0.009
10312,0.016,0.009,0.000,0.009
10313,0.016,0.009,0.000,0.009
10314,0.016,0.009,0.000,0.009
10315,0.016,0.009,0.000,0.009
10316,0.016,0.009,0.000,0.009
10317,0.016,0.009,0.000,0.009
10318,0.016,0.009,0.000,0.009
10319,0.016,0.009,0.000,0.009
10320,0.016,0.009,0.000,0.009
10321,0.016,0.009,0.000,0.009
10322,0.016,0.009,0.000,0.009
10323,0.016,0.009,0.000,0.009
10324,0.017,0.009,0.000,0.009
10325,0.017,0.009,0.000,0.009
10326,0.018,0.009,0.000,0.009
10327,0.018,0.009,0.000,0.010
10328,0.018,0.009,0.000,0.010
10329,0.019,0.009,0.000,0.010
10330,0.018,0.009,0.000,0.010
10331,0.018,0.009,0.000,0.010
10332,0.018,0.009,0.000,0.010
10333,0.018,0.009,0.000,0.010
10334,0.018,0.009,0.000,0.010
10335,0.018,0.009,0.000,0.010
10336,0.017,0.009,0.000,0.009
10337,0.017,0.009,0.000,0.009
10338,0.017,0.009,0.000,0.009
10339,0.017,0.009,0.000,0.009
10340,0.017,0.009,0.000,0.009
10341,0.017,0.009,0.000,0.009
10342,0.017,0.009,0.000,0.009
10343,0.017,0.009,0.000,0.009
10344,0.017,0.009,0.000,0.009
10345,0.017,0.009,0.000,0.009
10346,0.017,0.009,0.000,0.009
10347,0.017,0.009,0.000,0.009
10348,0.017,0.009,0.000,0.009
10349,0.017,0.009,0.000,0.009
10350,0.017,0.009,0.000,0.009
10351,0.017,0.009,0.000,0.009
10352,0.017,0.009,0.000,0.009
10353,0.017,0.009,0.000,0.009
10354,0.017,0.009,0.000,0.009
10355,0.017,0.009,0.000,0.009
10356,0.017,0.009,0.000,0.009
10357,0.017,0.009,0.000,0.009
10358,0.017,0.009,0.000,0.009
10359,0.017,0.009,0.000,0.009
10360,0.017,0.009,0.000,0.009
10361,0.017,0.009,0.000,0.009
10362,0.017,0.009,0.000,0.009
10363,0.017,0.009,0.000,0.009
10364,0.017,0.009,0.000,0.009
10365,0.017,0.009,0.000,0.009
10366,0.017,0.009,0.000,0.009
10367,0.017,0.009,0.000,0.009
10368,0.017,0.009,0.000,0.009
10369,0.017,0.009,0.000,0.009
10370,0.017,0.009,0.000,0.009
10371,0.017,0.009,0.000,0.009
10372,0.017,0.009,0.000,0.009
10373,0.017,0.009,0.000,0.009
10374,0.017,0.009,0.000,0.009
10375,0.017,0.009,0.000,0.009
10376,0.017,0.009,0.000,0.009
10377,0.017,0.009,0.000,0.009
10378,0.017,0.009,0.000,0.009
10379,0.017,0.009,0.000,0.009
10380,0.017,0.009,0.000,0.009
10381,0.017,0.009,0.000,0.009
10382,0.017,0.009,0.000,0.009
10383,0.017,0.009,0.000,0.009
10384,0.017,0.009,0.000,0.009
10385,0.017,0.009,0.000,0.009
10386,0.017,0.009,0.000,0.009
10387,0.017,0.009,0.000,0.009
10388,0.017,0.009,0.000,0.009
10389,0.017,0.009,0.000,0.009
10390,0.017,0.009,0.000,0.009
10391,0.017,0.009,0.000,0.009
10392,0.017,0.009,0.000,0.009
10393,0.017,0.009,0.000,0.009
10394,0.017,0.009,0.000,0.009
10395,0.017,0.009,0.000,0.009
10396,0.017,0.009,0.000,0.009
10397,0.017,0.009,0.000,0.009
10398,0.017,0.009,0.000,0.009
10399,0.017,0.009,0.000,0.009
10400,0.017,0.009,0.000,0.009
10401,0.017,0.009,0.000,0.009
10402,0.017,0.009,0.000,0.009
10403,0.017,0.009,0.000,0.009
10404,0.017,0.009,0.000,0.009
10405,0.017,0.009,0.000,0.009
10406,0.017,0.009,0.000,0.009
10407,0.017,0.009,0.000,0.009
10408,0.017,0.009,0.000,0.009
10409,0.017,0.009,0.000,0.009
10410,0.017,0.009,0.000,0.009
10411,0.017,0.009,0.000,0.009
10412,0.017,0.009,0.000,0.009
10413,0.017,0.009,0.000,0.009
10414,0.017,0.009,0.000,0.009
10415,0.017,0.009,0.000,0.009
10416,0.017,0.009,0.000,0.009
10417,0.017,0.009,0.000,0.009
10418,0.017,0.009,0.000,0.009
10419,0.017,0.009,0.000,0.009
10420,0.017,0.009,0.000,0.009
10421,0.017,0.009,0.000,0.009
10422,0.017,0.009,0.000,0.009
10423,0.017,0.009,0.000,0.009
10424,0.017,0.009,0.000,0.009
10425,0.017,0.009,0.000,0.009
10426,0.017,0.009,0.000,0.009
10427,0.017,0.009,0.000,0.009
10428,0.017,0.009,0.000,0.009
10429,0.017,0.009,0.000,0.009
10430,0.017,0.009,0.000,0.009
10431,0.017,0.009,0.000,0.009
10432,0.017,0.009,0.000,0.009
10433,0.017,0.009,0.000,0.009
10434,0.017,0.009,0.000,0.009
10435,0.017,0.009,0.000,0.009
10436,0.017,0.009,0.000,0.009
10437,0.017,0.009,0.000,0.009
10438,0.017,0.009,0.000,0.009
10439,0.017,0.009,0.000,0.009
10440,0.017,0.009,0.000,0.009
10441,0.017,0.009,0.000,0.009
10442,0.017,0.009,0.000,0.009
10443,0.017,0.009,0.000,0.009
10444,0.017,0.009,0.000,0.009
10445,0.017,0.009,0.000,0.009
10446,0.017,0.009,0.000,0.009
10447,0.017,0.009,0.000,0.009
10448,0.017,0.009,0.000,0.009
10449,0.017,0.009,0.000,0.009
10450,0.017,0.009,0.000,0.009
10451,0.017,0.009,0.000,0.009
10452,0.017,0.009,0.000,0.009
10453,0.017,0.009,0.000,0.009
10454,0.017,0.009,0.000,0.009
10455,0.017,0.009,0.000,0.009
10456,0.017,0.009,0.000,0.009
10457,0.017,0.009,0.000,0.009
10458,0.017,0.009,0.000,0.009
10459,0.017,0.009,0.000,0.009
10460,0.017,0.009,0.000,0.009
10461,0.017,0.009,0.000,0.009
10462,0.017,0.009,0.000,0.009
10463,0.017,0.009,0.000,0.009
10464,0.017,0.009,0.000,0.009
10465,0.017,0.009,0.000,0.009
10466,0.017,0.009,0.000,0.009
10467,0.017,0.009,0.000,0.009
10468,0.017,0.009,0.000,0.009
10469,0.017,0.009,0.000,0.009
10470,0.017,0.009,0.000,0.009
10471,0.017,0.009,0.000,0.009
10472,0.017,0.009,0.000,0.009
10473,0.017,0.009,0.000,0.009
10474,0.017,0.009,0.000,0.009
10475,0.017,0.009,0.000,0.009
10476,0.017,0.009,0.000,0.009
10477,0.017,0.009,0.000,0.009
10478,0.017,0.009,0.000,0.009
10479,0.017,0.009,0.000,0.009
10480,0.017,0.009,0.000,0.009
10481,0.017,0.009,0.000,0.009
10482,0.017,0.009,0.000,0.009
10483,0.017,0.009,0.000,0.009
10484,0.017,0.009,0.000,0.009
10485,0.017,0.009,0.000,0.009
10486,0.017,0.009,0.000,0.009
10487,0.017,0.009,0.000,0.009
10488,0.017,0.009,0.000,0.009
10489,0.017,0.009,0.000,0.009
10490,0.017,0.009,0.000,0.009
10491,0.017,0.009,0.000,0.009
10492,0.017,0.009,0.000,0.009
10493,0.017,0.009,0.000,0.009
10494,0.017,0.009,0.000,0.009
10495,0.017,0.009,0.000,0.009
10496,0.017,0.009,0.000,0.009
10497,0.017,0.009,0.000,0.009
10498,0.017,0.009,0.000,0.009
10499,0.017,0.009,0.000,0.009
10500,0.017,0.009,0.000,0.009
10501,0.017,0.009,0.000,0.009
10502,0.017,0.009,0.000,0.009
10503,0.017,0.009,0.000,0.009
10504,0.017,0.009,0.000,0.009
10505,0.017,0.009,0.000,0.009
10506,0.017,0.009,0.000,0.009
10507,0.017,0.009,0.000,0.009
10508,0.017,0.009,0.000,0.009
10509,0.017,0.009,0.000,0.009
10510,0.017,0.009,0.000,0.009
10511,0.017,0.009,0.000,0.009
10512,0.017,0.009,0.000,0.009
10513,0.017,0.009,0.000,0.009
10514,0.017,0.009,0.000,0.009
10515,0.017,0.009,0.000,0.009
10516,0.017,0.009,0.000,0.009
10517,0.017,0.009,0.000,0.009
10518,0.017,0.009,0.000,0.009
10519,0.017,0.009,0.000,0.009
10520,0.017,0.009,0.000,0.009
10521,0.017,0.009,0.000,0.009
10522,0.017,0.009,0.000,0.009
10523,0.017,0.009,0.000,0.009
10524,0.017,0.009,0.000,0.009
10525,0.017,0.009,0.000,0.009
10526,0.017,0.009,0.000,0.009
10527,0.017,0.009,0.000,0.009
10528,0.017,0.009,0.000,0.009
10529,0.017,0.009,0.000,0.009
10530,0.017,0.009,0.000,0.009
10531,0.017,0.009,0.000,0.009
10532,0.017,0.009,0.000,0.009
10533,0.017,0.009,0.000,0.009
10534,0.017,0.009,0.000,0.009
10535,0.017,0.009,0.000,0.009
10536,0.017,0.009,0.000,0.009
10537,0.017,0.009,0.000,0.009
10538,0.017,0.009,0.000,0.009
10539,0.017,0.009,0.000,0.009
10540,0.017,0.009,0.000,0.009
10541,0.017,0.009,0.000,0.009
10542,0.017,0.009,0.000,0.009
10543,0.017,0.009,0.000,0.009
10544,0.017,0.009,0.000,0.009
10545,0.017,0.009,0.000,0.009
10546,0.017,0.009,0.000,0.009
10547,0.017,0.009,0.000,0.009
10548,0.017,0.009,0.000,0.009
10549,0.017,0.009,0.000,0.009
10550,0.017,0.009,0.000,0.009
10551,0.017,0.009,0.000,0.009
10552,0.017,0.009,0.000,0.009
10553,0.017,0.009,0.000,0.009
10554,0.017,0.009,0.000,0.009
10555,0.017,0.009,0.000,0.009
10556,0.017,0.009,0.000,0.009
10557,0.017,0.009,0.000,0.009
10558,0.017,0.009,0.000,0.009
10559,0.017,0.009,0.000,0.009
10560,0.017,0.009,0.000,0.009
10561,0.017,0.009,0.000,0.009
10562,0.017,0.009,0.000,0.009
10563,0.017,0.009,0.000,0.009
10564,0.017,0.009,0.000,0.009
10565,0.017,0.009,0.000,0.009
10566,0.017,0.009,0.000,0.009
10567,0.017,0.009,0.000,0.009
10568,0.017,0.009,0.000,0.009
10569,0.017,0.009,0.000,0.009
10570,0.017,0.009,0.000,0.009
10571,0.017,0.009,0.000,0.009
10572,0.017,0.009,0.000,0.009
10573,0.017,0.009,0.000,0.009
10574,0.017,0.009,0.000,0.009
10575,0.017,0.009,0.000,0.009
10576,0.017,0.009,0.000,0.009
10577,0.017,0.009,0.000,0.009
10578,0.017,0.009,0.000,0.009
10579,0.017,0.009,0.000,0.009
10580,0.017,0.009,0.000,0.009
10581,0.017,0.009,0.000,0.009
10582,0.017,0.009,0.000,0.009
10583,0.017,0.009,0.000,0.009
10584,0.017,0.009,0.000,0.009
10585,0.017,0.009,0.000,0.009
10586,0.017,0.009,0.000,0.009
10587,0.017,0.009,0.000,0.009
10588,0.017,0.009,0.000,0.009
10589,0.017,0.009,0.000,0.009
10590,0.017,0.009,0.000,0.009
10591,0.017,0.009,0.000,0.009
10592,0.017,0.009,0.000,0.009
10593,0.017,0.009,0.000,0.009
10594,0.017,0.009,0.000,0.009
10595,0.017,0.009,0.000,0.009
10596,0.017,0.009,0.000,0.009
10597,0.017,0.009,0.000,0.009
10598,0.017,0.009,0.000,0.009
10599,0.017,0.009,0.000,0.009
10600,0.017,0.009,0.000,0.009
10601,0.017,0.009,0.000,0.009
10602,0.017,0.009,0.000,0.009
10603,0.017,0.009,0.000,0.009
10604,0.017,0.009,0.000,0.009
10605,0.017,0.009,0.000,0.009
10606,0.017,0.009,0.000,0.009
10607,0.017,0.009,0.000,0.009
10608,0.017,0.009,0.000,0.009
10609,0.017,0.009,0.000,0.009
10610,0.017,0.009,0.000,0.009
10611,0.017,0.009,0.000,0.009
10612,0.017,0.009,0.000,0.009
10613,0.017,0.009,0.000,0.009
10614,0.017,0.009,0.000,0.009
10615,0.017,0.009,0.000,0.009
10616,0.017,0.009,0.000,0.009
10617,0.017,0.009,0.000,0.009
10618,0.017,0.009,0.000,0.009
10619,0.017,0.009,0.000,0.009
10620,0.017,0.009,0.000,0.009
10621,0.017,0.009,0.000,0.009
10622,0.017,0.009,0.000,0.009
10623,0.017,0.009,0.000,0.009
10624,0.017,0.009,0.000,0.009
10625,0.017,0.009,0.000,0.009
10626,0.017,0.009,0.000,0.009
10627,0.017,0.009,0.000,0.009
10628,0.017,0.009,0.000,0.009
10629,0.017,0.009,0.000,0.009
10630,0.017,0.009,0.000,0.009
10631,0.017,0.009,0.000,0.009
10632,0.017,0.009,0.000,0.009
10633,0.017,0.009,0.000,0.009
10634,0.017,0.009,0.000,0.009
10635,0.017,0.009,0.000,0.009
10636,0.017,0.009,0.000,0.009
10637,0.017,0.009,0.000,0.009
10638,0.017,0.009,0.000,0.009
10639,0.017,0.009,0.000,0.009
10640,0.017,0.009,0.000,0.009
10641,0.017,0.009,0.000,0.009
10642,0.017,0.009,0.000,0.009
10643,0.017,0.009,0.000,0.009
10644,0.017,0.009,0.000,0.009
10645,0.017,0.009,0.000,0.009
10646,0.017,0.009,0.000,0.009
10647,0.017,0.009,0.000,0.009
10648,0.017,0.009,0.000,0.009
10649,0.017,0.009,0.000,0.009
10650,0.017,0.009,0.000,0.009
10651,0.017,0.009,0.000,0.009
10652,0.017,0.009,0.000,0.009
10653,0.017,0.009,0.000,0.009
10654,0.017,0.009,0.000,0.009
10655,0.017,0.009,0.000,0.009
10656,0.017,0.009,0.000,0.009
10657,0.017,0.009,0.000,0.009
10658,0.017,0.009,0.000,0.009
10659,0.017,0.009,0.000,0.009
10660,0.017,0.009,0.000,0.009
10661,0.017,0.009,0.000,0.009
10662,0.017,0.009,0.000,0.009
10663,0.017,0.009,0.000,0.009
10664,0.017,0.009,0.000,0.009
10665,0.017,0.009,0.000,0.009
10666,0.017,0.009,0.000,0.009
10667,0.017,0.009,0.000,0.009
10668,0.017,0.009,0.000,0.009
10669,0.017,0.009,0.000,0.009
10670,0.017,0.009,0.000,0.009
10671,0.017,0.009,0.000,0.009
10672,0.017,0.009,0.000,0.009
10673,0.017,0.009,0.000,0.009
10674,0.017,0.009,0.000,0.009
10675,0.017,0.009,0.000,0.009
10676,0.017,0.009,0.000,0.009
10677,0.017,0.009,0.000,0.009
10678,0.017,0.009,0.000,0.009
10679,0.017,0.009,0.000,0.009
10680,0.017,0.009,0.000,0.009
10681,0.017,0.009,0.000,0.009
10682,0.017,0.009,0.000,0.009
10683,0.017,0.009,0.000,0.009
10684,0.017,0.009,0.000,0.009
10685,0.017,0.009,0.000,0.009
10686,0.017,0.009,0.000,0.009
10687,0.017,0.009,0.000,0.009
10688,0.017,0.009,0.000,0.009
10689,0.017,0.009,0.000,0.009
10690,0.017,0.009,0.000,0.009
10691,0.017,0.009,0.000,0.009
10692,0.017,0.009,0.000,0.009
10693,0.017,0.009,0.000,0.009
10694,0.017,0.009,0.000,0.009
10695,0.017,0.009,0.000,0.009
10696,0.017,0.009,0.000,0.009
10697,0.017,0.009,0.000,0.009
10698,0.017,0.009,0.000,0.009
10699,0.017,0.009,0.000,0.009
10700,0.017,0.009,0.000,0.009
10701,0.017,0.009,0.000,0.009
10702,0.017,0.009,0.000,0.009
10703,0.017,0.009,0.000,0.009
10704,0.017,0.009,0.000,0.009
10705,0.017,0.009,0.000,0.009
10706,0.017,0.009,0.000,0.009
10707,0.017,0.009,0.000,0.009
10708,0.017,0.009,0.000,0.009
10709,0.017,0.009,0.000,0.009
10710,0.017,0.009,0.000,0.009
10711,0.017,0.009,0.000,0.009
10712,0.017,0.009,0.000,0.009
10713,0.017,0.009,0.000,0.009
10714,0.017,0.009,0.000,0.009
10715,0.017,0.009,0.000,0.009
10716,0.017,0.009,0.000,0.009
10717,0.017,0.009,0.000,0.009
10718,0.017,0.009,0.000,0.009
10719,0.017,0.009,0.000,0.009
10720,0.017,0.009,0.000,0.009
10721,0.017,0.009,0.000,0.009
10722,0.017,0.009,0.000,0.009
10723,0.017,0.009,0.000,0.009
10724,0.017,0.009,0.000,0.009
10725,0.017,0.009,0.000,0.009
10726,0.017,0.009,0.000,0.009
10727,0.017,0.009,0.000,0.009
10728,0.017,0.009,0.000,0.009
10729,0.017,0.009,0.000,0.009
10730,0.017,0.009,0.000,0.009
10731,0.017,0.009,0.000,0.009
10732,0.017,0.009,0.000,0.009
10733,0.017,0.009,0.000,0.009
10734,0.017,0.009,0.000,0.009
10735,0.017,0.009,0.000,0.009
10736,0.017,0.009,0.000,0.009
10737,0.017,0.009,0.000,0.009
10738,0.017,0.009,0.000,0.009
10739,0.017,0.009,0.000,0.009
10740,0.017,0.009,0.000,0.009
10741,0.017,0.009,0.000,0.009
10742,0.017,0.009,0.000,0.009
10743,0.017,0.009,0.000,0.009
10744,0.017,0.009,0.000,0.009
10745,0.017,0.009,0.000,0.009
10746,0.017,0.009,0.000,0.009
10747,0.017,0.009,0.000,0.009
10748,0.017,0.009,0.000,0.009
10749,0.017,0.009,0.000,0.009
10750,0.017,0.009,0.000,0.009
10751,0.017,0.009,0.000,0.009
10752,0.017,0.009,0.000,0.009
10753,0.017,0.009,0.000,0.009
10754,0.017,0.009,0.000,0.009
10755,0.017,0.009,0.000,0.009
10756,0.017,0.009,0.000,0.009
10757,0.017,0.009,0.000,0.009
10758,0.017,0.009,0.000,0.009
10759,0.017,0.009,0.000,0.009
10760,0.017,0.009,0.000,0.009
10761,0.017,0.009,0.000,0.009
10762,0.017,0.009,0.000,0.009
10763,0.017,0.009,0.000,0.009
10764,0.017,0.009,0.000,0.009
10765,0.017,0.009,0.000,0.009
10766,0.017,0.009,0.000,0.009
10767,0.017,0.009,0.000,0.009
10768,0.017,0.009,0.000,0.009
10769,0.017,0.009,0.000,0.009
10770,0.017,0.009,0.000,0.009
10771,0.017,0.009,0.000,0.009
10772,0.017,0.009,0.000,0.009
10773,0.017,0.009,0.000,0.009
10774,0.017,0.009,0.000,0.009
10775,0.017,0.009,0.000,0.009
10776,0.017,0.009,0.000,0.009
10777,0.017,0.009,0.000,0.009
10778,0.017,0.009,0.000,0.009
10779,0.017,0.009,0.000,0.009
10780,0.017,0.009,0.000,0.009
10781,0.017,0.009,0.000,0.009
10782,0.017,0.009,0.000,0.009
10783,0.017,0.009,0.000,0.009
10784,0.017,0.009,0.000,0.009
10785,0.017,0.009,0.000,0.009
10786,0.017,0.009,0.000,0.009
10787,0.017,0.009,0.000,0.009
10788,0.017,0.009,0.000,0.009
10789,0.017,0.009,0.000,0.009
10790,0.017,0.009,0.000,0.009
10791,0.017,0.009,0.000,0.009
10792,0.017,0.009,0.000,0.009
10793,0.017,0.009,0.000,0.009
10794,0.017,0.009,0.000,0.009
10795,0.017,0.009,0.000,0.009
10796,0.017,0.009,0.000,0.009
10797,0.017,0.009,0.000,0.009
10798,0.017,0.009,0.000,0.009
10799,0.017,0.009,0.000,0.009
10800,0.017,0.009,0.000,0.009
10801,0.017,0.009,0.000,0.009
10802,0.017,0.009,0.000,0.009
10803,0.017,0.009,0.000,0.009
10804,0.017,0.009,0.000,0.009
10805,0.017,0.009,0.000,0.009
10806,0.017,0.009,0.000,0.009
10807,0.017,0.009,0.000,0.009
10808,0.017,0.009,0.000,0.009
10809,0.017,0.009,0.000,0.009
10810,0.017,0.009,0.000,0.009
10811,0.017,0.009,0.000,0.009
10812,0.017,0.009,0.000,0.009
10813,0.017,0.009,0.000,0.009
10814,0.017,0.009,0.000,0.009
10815,0.017,0.009,0.000,0.009
10816,0.017,0.009,0.000,0.009
10817,0.017,0.009,0.000,0.009
10818,0.017,0.009,0.000,0.009
10819,0.017,0.009,0.000,0.009
10820,0.017,0.009,0.000,0.009
10821,0.017,0.009,0.000,0.009
10822,0.017,0.009,0.000,0.009
10823,0.017,0.009,0.000,0.009
10824,0.017,0.009,0.000,0.009
10825,0.017,0.009,0.000,0.009
10826,0.017,0.009,0.000,0.009
10827,0.017,0.009,0.000,0.009
10828,0.017,0.009,0.000,0.009
10829,0.017,0.009,0.000,0.009
10830,0.017,0.009,0.000,0.009
10831,0.017,0.009,0.000,0.009
10832,0.017,0.009,0.000,0.009
10833,0.017,0.009,0.000,0.009
10834,0.017,0.009,0.000,0.009
10835,0.017,0.009,0.000,0.009
10836,0.017,0.009,0.000,0.009
10837,0.017,0.009,0.000,0.009
10838,0.017,0.009,0.000,0.009
10839,0.017,0.009,0.000,0.009
10840,0.017,0.009,0.000,0.009
10841,0.017,0.009,0.000,0.009
10842,0.017,0.009,0.000,0.009
10843,0.017,0.009,0.000,0.009
10844,0.017,0.009,0.000,0.009
10845,0.017,0.009,0.000,0.009
10846,0.017,0.009,0.000,0.009
10847,0.017,0.009,0.000,0.009
10848,0.017,0.009,0.000,0.009
10849,0.017,0.009,0.000,0.009
10850,0.017,0.009,0.000,0.009
10851,0.017,0.009,0.000,0.009
10852,0.017,0.009,0.000,0.009
10853,0.017,0.009,0.000,0.009
10854,0.017,0.009,0.000,0.009
10855,0.017,0.009,0.000,0.009
10856,0.017,0.009,0.000,0.009
10857,0.017,0.009,0.000,0.009
10858,0.017,0.009,0.000,0.009
10859,0.017,0.009,0.000,0.009
10860,0.017,0.009,0.000,0.009
10861,0.017,0.009,0.000,0.009
10862,0.017,0.009,0.000,0.009
10863,0.017,0.009,0.000,0.009
10864,0.017,0.009,0.000,0.009
10865,0.017,0.009,0.000,0.009
10866,0.017,0.009,0.000,0.009
10867,0.017,0.009,0.000,0.009
10868,0.017,0.009,0.000,0.009
10869,0.017,0.009,0.000,0.009
10870,0.017,0.009,0.000,0.009
10871,0.017,0.009,0.000,0.009
10872,0.017,0.009,0.000,0.009
10873,0.017,0.009,0.000,0.009
10874,0.017,0.009,0.000,0.009
10875,0.017,0.009,0.000,0.009
10876,0.017,0.009,0.000,0.009
10877,0.017,0.009,0.000,0.009
10878,0.017,0.009,0.000,0.009
10879,0.017,0.009,0.000,0.009
10880,0.017,0.009,0.000,0.009
10881,0.017,0.009,0.000,0.009
10882,0.017,0.009,0.000,0.009
10883,0.017,0.009,0.000,0.009
10884,0.017,0.009,0.000,0.009
10885,0.017,0.009,0.000,0.009
10886,0.017,0.009,0.000,0.009
10887,0.017,0.009,0.000,0.009
10888,0.017,0.009,0.000,0.009
10889,0.017,0.009,0.000,0.009
10890,0.017,0.009,0.000,0.009
10891,0.017,0.009,0.000,0.009
10892,0.017,0.009,0.000,0.009
10893,0.017,0.009,0.000,0.009
10894,0.017,0.009,0.000,0.009
10895,0.017,0.009,0.000,0.009
10896,0.017,0.009,0.000,0.009
10897,0.017,0.009,0.000,0.009
10898,0.017,0.009,0.000,0.009
10899,0.017,0.009,0.000,0.009
10900,0.017,0.009,0.000,0.009
10901,0.017,0.009,0.000,0.009
10902,0.017,0.009,0.000,0.009
10903,0.017,0.009,0.000,0.009
10904,0.017,0.009,0.000,0.009
10905,0.017,0.009,0.000,0.009
10906,0.017,0.009,0.000,0.009
10907,0.017,0.009,0.000,0.009
10908,0.017,0.009,0.000,0.009
10909,0.017,0.009,0.000,0.009
10910,0.017,0.009,0.000,0.009
10911,0.017,0.009,0.000,0.009
10912,0.017,0.009,0.000,0.009
10913,0.017,0.009,0.000,0.009
10914,0.017,0.009,0.000,0.009
10915,0.017,0.009,0.000,0.009
10916,0.017,0.009,0.000,0.009
10917,0.017,0.009,0.000,0.009
10918,0.017,0.009,0.000,0.009
10919,0.017,0.009,0.000,0.009
10920,0.017,0.009,0.000,0.009
10921,0.017,0.009,0.000,0.009
10922,0.017,0.009,0.000,0.009
10923,0.017,0.009,0.000,0.009
10924,0.017,0.009,0.000,0.009
10925,0.017,0.009,0.000,0.009
10926,0.017,0.009,0.000,0.009
10927,0.017,0.009,0.000,0.009
10928,0.017,0.009,0.000,0.009
10929,0.017,0.009,0.000,0.009
10930,0.017,0.009,0.000,0.009
10931,0.017,0.009,0.000,0.009
10932,0.017,0.009,0.000,0.009
10933,0.017,0.009,0.000,0.009
10934,0.017,0.009,0.000,0.009
10935,0.017,0.009,0.000,0.009
10936,0.017,0.009,0.000,0.009
10937,0.017,0.009,0.000,0.009
10938,0.017,0.009,0.000,0.009
10939,0.017,0.009,0.000,0.009
10940,0.017,0.009,0.000,0.009
10941,0.017,0.009,0.000,0.009
10942,0.017,0.009,0.000,0.009
10943,0.017,0.009,0.000,0.009
10944,0.017,0.009,0.000,0.009
10945,0.017,0.009,0.000,0.009
10946,0.017,0.009,0.000,0.009
10947,0.017,0.009,0.000,0.009
10948,0.017,0.009,0.000,0.009
10949,0.017,0.009,0.000,0.009
10950,0.017,0.009,0.000,0.009
10951,0.017,0.009,0.000,0.009
10952,0.017,0.009,0.000,0.009
10953,0.017,0.009,0.000,0.009
10954,0.017,0.009,0.000,0.009
10955,0.017,0.009,0.000,0.009
10956,0.017,0.009,0.000,0.009
10957,0.017,0.009,0.000,0.009
10958,0.017,0.009,0.000,0.009
10959,0.017,0.009,0.000,0.009
10960,0.017,0.009,0.000,0.009
10961,0.017,0.009,0.000,0.009
10962,0.017,0.009,0.000,0.009
10963,0.017,0.009,0.000,0.009
10964,0.017,0.009,0.000,0.009
10965,0.017,0.009,0.000,0.009
10966,0.017,0.009,0.000,0.009
10967,0.017,0.009,0.000,0.009
10968,0.017,0.009,0.000,0.009
10969,0.017,0.009,0.000,0.009
10970,0.017,0.009,0.000,0.009
10971,0.017,0.009,0.000,0.009
10972,0.017,0.009,0.000,0.009
10973,0.017,0.009,0.000,0.009
10974,0.017,0.009,0.000,0.009
10975,0.017,0.009,0.000,0.009
10976,0.017,0.009,0.000,0.009
10977,0.017,0.009,0.000,0.009
10978,0.017,0.009,0.000,0.009
10979,0.017,0.009,0.000,0.009
10980,0.017,0.009,0.000,0.009
10981,0.017,0.009,0.000,0.009
10982,0.017,0.009,0.000,0.009
10983,0.017,0.009,0.000,0.009
10984,0.017,0.009,0.000,0.009
10985,0.017,0.009,0.000,0.009
10986,0.017,0.009,0.000,0.009
10987,0.017,0.009,0.000,0.009
10988,0.017,0.009,0.000,0.009
10989,0.017,0.009,0.000,0.009
10990,0.017,0.009,0.000,0.009
10991,0.017,0.009,0.000,0.009
10992,0.017,0.009,0.000,0.009
10993,0.017,0.009,0.000,0.009
10994,0.017,0.009,0.000,0.009
10995,0.017,0.009,0.000,0.009
10996,0.017,0.009,0.000,0.009
10997,0.017,0.009,0.000,0.009
10998,0.017,0.009,0.000,0.009
10999,0.017,0.009,0.000,0.009
11000,0.017,0.009,0.000,0.009
11001,0.017,0.009,0.000,0.009
11002,0.017,0.009,0.000,0.009
11003,0.017,0.009,0.000,0.009
11004,0.017,0.009,0.000,0.009
11005,0.017,0.009,0.000,0.009
11006,0.017,0.009,0.000,0.009
11007,0.017,0.009,0.000,0.009
11008,0.017,0.009,0.000,0.009
11009,0.017,0.009,0.000,0.009
11010,0.017,0.009,0.000,0.009
11011,0.017,0.009,0.000,0.009
11012,0.017,0.009,0.000,0.009
11013,0.017,0.009,0.000,0.009
11014,0.017,0.009,0.000,0.009
11015,0.017,0.009,0.000,0.009
11016,0.017,0.009,0.000,0.009
11017,0.017,0.009,0.000,0.009
11018,0.017,0.009,0.000,0.009
11019,0.017,0.009,0.000,0.009
11020,0.017,0.009,0.000,0.009
11021,0.017,0.009,0.000,0.009
11022,0.017,0.009,0.000,0.009
11023,0.017,0.009,0.000,0.009
11024,0.017,0.009,0.000,0.009
11025,0.017,0.009,0.000,0.009
11026,0.017,0.009,0.000,0.009
11027,0.017,0.009,0.000,0.009
11028,0.017,0.009,0.000,0.009
11029,0.017,0.009,0.000,0.009
11030,0.017,0.009,0.000,0.009
11031,0.017,0.009,0.000,0.009
11032,0.017,0.009,0.000,0.009
11033,0.017,0.009,0.000,0.009
11034,0.017,0.009,0.000,0.009
11035,0.017,0.009,0.000,0.009
11036,0.017,0.009,0.000,0.009
11037,0.017,0.009,0.000,0.009
11038,0.017,0.009,0.000,0.009
11039,0.017,0.009,0.000,0.009
11040,0.017,0.009,0.000,0.009
11041,0.017,0.009,0.000,0.009
11042,0.017,0.009,0.000,0.009
11043,0.017,0.009,0.000,0.009
11044,0.017,0.009,0.000,0.009
11045,0.017,0.009,0.000,0.009
11046,0.017,0.009,0.000,0.009
11047,0.017,0.009,0.000,0.009
11048,0.017,0.009,0.000,0.009
11049,0.017,0.009,0.000,0.009
11050,0.017,0.009,0.000,0.009
11051,0.017,0.009,0.000,0.009
11052,0.017,0.009,0.000,0.009
11053,0.017,0.009,0.000,0.009
11054,0.017,0.009,0.000,0.009
11055,0.017,0.009,0.000,0.009
11056,0.017,0.009,0.000,0.009
11057,0.017,0.009,0.000,0.009
11058,0.017,0.009,0.000,0.009
11059,0.017,0.009,0.000,0.009
11060,0.017,0.009,0.000,0.009
11061,0.017,0.009,0.000,0.009
11062,0.017,0.009,0.000,0.009
11063,0.017,0.009,0.000,0.009
11064,0.017,0.009,0.000,0.009
11065,0.017,0.009,0.000,0.009
11066,0.017,0.009,0.000,0.009
11067,0.017,0.009,0.000,0.009
11068,0.017,0.009,0.000,0.009
11069,0.017,0.009,0.000,0.009
11070,0.017,0.009,0.000,0.009
11071,0.017,0.009,0.000,0.009
11072,0.017,0.009,0.000,0.009
11073,0.017,0.009,0.000,0.009
11074,0.017,0.009,0.000,0.009
11075,0.017,0.009,0.000,0.009
11076,0.017,0.009,0.000,0.009
11077,0.017,0.009,0.000,0.009
11078,0.017,0.009,0.000,0.009
11079,0.017,0.009,0.000,0.009
11080,0.017,0.009,0.000,0.009
11081,0.017,0.009,0.000,0.009
11082,0.017,0.009,0.000,0.009
11083,0.017,0.009,0.000,0.009
11084,0.017,0.009,0.000,0.009
11085,0.017,0.009,0.000,0.009
11086,0.017,0.009,0.000,0.009
11087,0.017,0.009,0.000,0.009
11088,0.017,0.009,0.000,0.009
11089,0.017,0.009,0.000,0.009
11090,0.017,0.009,0.000,0.009
11091,0.017,0.009,0.000,0.009
11092,0.017,0.009,0.000,0.009
11093,0.017,0.009,0.000,0.009
11094,0.017,0.009,0.000,0.009
11095,0.017,0.009,0.000,0.009
11096,0.017,0.009,0.000,0.009
11097,0.017,0.009,0.000,0.009
11098,0.017,0.009,0.000,0.009
11099,0.017,0.009,0.000,0.009
11100,0.017,0.009,0.000,0.009
11101,0.017,0.009,0.000,0.009
11102,0.017,0.009,0.000,0.009
11103,0.017,0.009,0.000,0.009
11104,0.017,0.009,0.000,0.009
11105,0.017,0.009,0.000,0.009
11106,0.017,0.009,0.000,0.009
11107,0.017,0.009,0.000,0.009
11108,0.017,0.009,0.000,0.009
11109,0.017,0.009,0.000,0.009
11110,0.017,0.009,0.000,0.009
11111,0.017,0.009,0.000,0.009
11112,0.017,0.009,0.000,0.009
11113,0.017,0.009,0.000,0.009
11114,0.017,0.009,0.000,0.009
11115,0.017,0.009,0.000,0.009
11116,0.017,0.009,0.000,0.009
11117,0.017,0.009,0.000,0.009
11118,0.017,0.009,0.000,0.009
11119,0.017,0.009,0.000,0.009
11120,0.017,0.009,0.000,0.009
11121,0.017,0.009,0.000,0.009
11122,0.017,0.009,0.000,0.009
11123,0.017,0.009,0.000,0.009
11124,0.017,0.009,0.000,0.009
11125,0.017,0.009,0.000,0.009
11126,0.017,0.009,0.000,0.009
11127,0.017,0.009,0.000,0.009
11128,0.017,0.009,0.000,0.009
11129,0.017,0.009,0.000,0.009
11130,0.017,0.009,0.000,0.009
11131,0.017,0.009,0.000,0.009
11132,0.017,0.009,0.000,0.009
11133,0.017,0.009,0.000,0.009
11134,0.017,0.009,0.000,0.009
11135,0.017,0.009,0.000,0.009
11136,0.017,0.009,0.000,0.009
11137,0.017,0.009,0.000,0.009
11138,0.017,0.009,0.000,0.009
11139,0.017,0.009,0.000,0.009
11140,0.017,0.009,0.000,0.009
11141,0.017,0.009,0.000,0.009
11142,0.017,0.009,0.000,0.009
11143,0.017,0.009,0.000,0.009
11144,0.017,0.009,0.000,0.009
11145,0.017,0.009,0.000,0.009
11146,0.017,0.009,0.000,0.009
11147,0.017,0.009,0.000,0.009
11148,0.017,0.009,0.000,0.009
11149,0.017,0.009,0.000,0.009
11150,0.017,0.009,0.000,0.009
11151,0.017,0.009,0.000,0.009
11152,0.017,0.009,0.000,0.009
11153,0.017,0.009,0.000,0.009
11154,0.017,0.009,0.000,0.009
11155,0.017,0.009,0.000,0.009
11156,0.017,0.009,0.000,0.009
11157,0.017,0.009,0.000,0.009
11158,0.017,0.009,0.000,0.009
11159,0.017,0.009,0.000,0.009
11160,0.017,0.009,0.000,0.009
11161,0.017,0.009,0.000,0.009
11162,0.017,0.009,0.000,0.009
11163,0.017,0.009,0.000,0.009
11164,0.017,0.009,0.000,0.009
11165,0.017,0.009,0.000,0.009
11166,0.017,0.009,0.000,0.009
11167,0.017,0.009,0.000,0.009
11168,0.017,0.009,0.000,0.009
11169,0.017,0.009,0.000,0.009
11170,0.017,0.009,0.000,0.009
11171,0.017,0.009,0.000,0.009
11172,0.017,0.009,0.000,0.009
11173,0.017,0.009,0.000,0.009
11174,0.017,0.009,0.000,0.009
11175,0.017,0.009,0.000,0.009
11176,0.017,0.009,0.000,0.009
11177,0.017,0.009,0.000,0.009
11178,0.017,0.009,0.000,0.009
11179,0.017,0.009,0.000,0.009
11180,0.017,0.009,0.000,0.009
11181,0.017,0.009,0.000,0.009
11182,0.017,0.009,0.000,0.009
11183,0.017,0.009,0.000,0.009
11184,0.017,0.009,0.000,0.009
11185,0.017,0.009,0.000,0.009
11186,0.017,0.009,0.000,0.009
11187,0.017,0.009,0.000,0.009
11188,0.017,0.009,0.000,0.009
11189,0.017,0.009,0.000,0.009
11190,0.017,0.009,0.000,0.009
11191,0.017,0.009,0.000,0.009
11192,0.017,0.009,0.000,0.009
11193,0.017,0.009,0.000,0.009
11194,0.017,0.009,0.000,0.009
11195,0.017,0.009,0.000,0.009
11196,0.017,0.009,0.000,0.009
11197,0.017,0.009,0.000,0.009
11198,0.017,0.009,0.000,0.009
11199,0.017,0.009,0.000,0.009
11200,0.017,0.009,0.000,0.009
11201,0.017,0.009,0.000,0.009
11202,0.017,0.009,0.000,0.009
11203,0.017,0.009,0.000,0.009
11204,0.017,0.009,0.000,0.009
11205,0.017,0.009,0.000,0.009
11206,0.017,0.009,0.000,0.009
11207,0.017,0.009,0.000,0.009
11208,0.017,0.009,0.000,0.009
11209,0.017,0.009,0.000,0.009
11210,0.017,0.009,0.000,0.009
11211,0.017,0.009,0.000,0.009
11212,0.017,0.009,0.000,0.009
11213,0.017,0.009,0.000,0.009
11214,0.017,0.009,0.000,0.009
11215,0.017,0.009,0.000,0.009
11216,0.017,0.009,0.000,0.009
11217,0.017,0.009,0.000,0.009
11218,0.017,0.009,0.000,0.009
11219,0.017,0.009,0.000,0.009
11220,0.017,0.009,0.000,0.009
11221,0.017,0.009,0.000,0.009
11222,0.017,0.009,0.000,0.009
11223,0.017,0.009,0.000,0.009
11224,0.017,0.009,0.000,0.009
11225,0.017,0.009,0.000,0.009
11226,0.017,0.009,0.000,0.009
11227,0.017,0.009,0.000,0.009
11228,0.017,0.009,0.000,0.009
11229,0.017,0.009,0.000,0.009
11230,0.017,0.009,0.000,0.009
11231,0.017,0.009,0.000,0.009
11232,0.017,0.009,0.000,0.009
11233,0.017,0.009,0.000,0.009
11234,0.017,0.009,0.000,0.009
11235,0.017,0.009,0.000,0.009
11236,0.017,0.009,0.000,0.009
11237,0.017,0.009,0.000,0.009
11238,0.017,0.009,0.000,0.009
11239,0.017,0.009,0.000,0.009
11240,0.017,0.009,0.000,0.009
11241,0.017,0.009,0.000,0.009
11242,0.017,0.009,0.000,0.009
11243,0.017,0.009,0.000,0.009
11244,0.017,0.009,0.000,0.009
11245,0.017,0.009,0.000,0.009
11246,0.017,0.009,0.000,0.009
11247,0.017,0.009,0.000,0.009
11248,0.017,0.009,0.000,0.009
11249,0.017,0.009,0.000,0.009
11250,0.017,0.009,0.000,0.009
11251,0.017,0.009,0.000,0.009
11252,0.017,0.009,0.000,0.009
11253,0.017,0.009,0.000,0.009
11254,0.017,0.009,0.000,0.009
11255,0.017,0.009,0.000,0.009
11256,0.017,0.009,0.000,0.009
11257,0.017,0.009,0.000,0.009
11258,0.017,0.009,0.000,0.009
11259,0.017,0.009,0.000,0.009
11260,0.017,0.009,0.000,0.009
11261,0.017,0.009,0.000,0.009
11262,0.017,0.009,0.000,0.009
11263,0.017,0.009,0.000,0.009
11264,0.017,0.009,0.000,0.009
11265,0.017,0.009,0.000,0.009
11266,0.017,0.009,0.000,0.009
11267,0.017,0.009,0.000,0.009
11268,0.017,0.009,0.000,0.009
11269,0.017,0.009,0.000,0.009
11270,0.017,0.009,0.000,0.009
11271,0.017,0.009,0.000,0.009
11272,0.017,0.009,0.000,0.009
11273,0.017,0.009,0.000,0.009
11274,0.017,0.009,0.000,0.009
11275,0.017,0.009,0.000,0.009
11276,0.017,0.009,0.000,0.009
11277,0.017,0.009,0.000,0.009
11278,0.017,0.009,0.000,0.009
11279,0.017,0.009,0.000,0.009
11280,0.017,0.009,0.000,0.009
11281,0.017,0.009,0.000,0.009
11282,0.017,0.009,0.000,0.009
11283,0.017,0.009,0.000,0.009
11284,0.017,0.009,0.000,0.009
11285,0.017,0.009,0.000,0.009
11286,0.017,0.009,0.000,0.009
11287,0.017,0.009,0.000,0.009
11288,0.017,0.009,0.000,0.009
11289,0.017,0.009,0.000,0.009
11290,0.017,0.009,0.000,0.009
11291,0.017,0.009,0.000,0.009
11292,0.017,0.009,0.000,0.009
11293,0.017,0.009,0.000,0.009
11294,0.017,0.009,0.000,0.009
11295,0.017,0.009,0.000,0.009
11296,0.017,0.009,0.000,0.009
11297,0.017,0.009,0.000,0.009
11298,0.017,0.009,0.000,0.009
11299,0.017,0.009,0.000,0.009
11300,0.017,0.009,0.000,0.009
11301,0.017,0.009,0.000,0.009
11302,0.017,0.009,0.000,0.009
11303,0.017,0.009,0.000,0.009
11304,0.017,0.009,0.000,0.009
11305,0.017,0.009,0.000,0.009
11306,0.017,0.009,0.000,0.009
11307,0.017,0.009,0.000,0.009
11308,0.017,0.009,0.000,0.009
11309,0.017,0.009,0.000,0.009
11310,0.017,0.009,0.000,0.009
11311,0.017,0.009,0.000,0.009
11312,0.017,0.009,0.000,0.009
11313,0.017,0.009,0.000,0.009
11314,0.017,0.009,0.000,0.009
11315,0.017,0.009,0.000,0.009
11316,0.017,0.009,0.000,0.009
11317,0.017,0.009,0.000,0.009
11318,0.017,0.009,0.000,0.009
11319,0.017,0.009,0.000,0.009
11320,0.017,0.009,0.000,0.009
11321,0.017,0.009,0.000,0.009
11322,0.017,0.009,0.000,0.009
11323,0.017,0.009,0.000,0.009
11324,0.017,0.009,0.000,0.009
11325,0.017,0.009,0.000,0.009
11326,0.017,0.009,0.000,0.009
11327,0.017,0.009,0.000,0.009
11328,0.017,0.009,0.000,0.009
11329,0.017,0.009,0.000,0.009
11330,0.017,0.009,0.000,0.009
11331,0.017,0.009,0.000,0.009
11332,0.017,0.009,0.000,0.009
11333,0.017,0.009,0.000,0.009
11334,0.017,0.009,0.000,0.009
11335,0.017,0.009,0.000,0.009
11336,0.017,0.009,0.000,0.009
11337,0.017,0.009,0.000,0.009
11338,0.017,0.009,0.000,0.009
11339,0.017,0.009,0.000,0.009
11340,0.017,0.009,0.000,0.009
11341,0.017,0.009,0.000,0.009
11342,0.017,0.009,0.000,0.009
11343,0.017,0.009,0.000,0.009
11344,0.017,0.009,0.000,0.009
11345,0.017,0.009,0.000,0.009
11346,0.017,0.009,0.000,0.009
11347,0.017,0.009,0.000,0.009
11348,0.017,0.009,0.000,0.009
11349,0.017,0.009,0.000,0.009
11350,0.017,0.009,0.000,0.009
11351,0.017,0.009,0.000,0.009
11352,0.017,0.009,0.000,0.009
11353,0.017,0.009,0.000,0.009
11354,0.017,0.009,0.000,0.009
11355,0.017,0.009,0.000,0.009
11356,0.017,0.009,0.000,0.009
11357,0.017,0.009,0.000,0.009
11358,0.017,0.009,0.000,0.009
11359,0.017,0.009,0.000,0.009
11360,0.017,0.009,0.000,0.009
11361,0.017,0.009,0.000,0.009
11362,0.017,0.009,0.000,0.009
11363,0.017,0.009,0.000,0.009
11364,0.017,0.009,0.000,0.009
11365,0.017,0.009,0.000,0.009
11366,0.017,0.009,0.000,0.009
11367,0.017,0.009,0.000,0.009
11368,0.017,0.009,0.000,0.009
11369,0.017,0.009,0.000,0.009
11370,0.017,0.009,0.000,0.009
11371,0.017,0.009,0.000,0.009
11372,0.017,0.009,0.000,0.009
11373,0.017,0.009,0.000,0.009
11374,0.017,0.009,0.000,0.009
11375,0.017,0.009,0.000,0.009
11376,0.017,0.009,0.000,0.009
11377,0.017,0.009,0.000,0.009
11378,0.017,0.009,0.000,0.009
11379,0.017,0.009,0.000,0.009
11380,0.017,0.009,0.000,0.009
11381,0.017,0.009,0.000,0.009
11382,0.017,0.009,0.000,0.009
11383,0.017,0.009,0.000,0.009
11384,0.017,0.009,0.000,0.009
11385,0.017,0.009,0.000,0.009
11386,0.017,0.009,0.000,0.009
11387,0.017,0.009,0.000,0.009
11388,0.017,0.009,0.000,0.009
11389,0.017,0.009,0.000,0.009
11390,0.017,0.009,0.000,0.009
11391,0.017,0.009,0.000,0.009
11392,0.017,0.009,0.000,0.009
11393,0.017,0.009,0.000,0.009
11394,0.017,0.009,0.000,0.009
11395,0.017,0.009,0.000,0.009
11396,0.017,0.009,0.000,0.009
11397,0.017,0.009,0.000,0.009
11398,0.017,0.009,0.000,0.009
11399,0.017,0.009,0.000,0.009
11400,0.017,0.009,0.000,0.009
11401,0.017,0.009,0.000,0.009
11402,0.017,0.009,0.000,0.009
11403,0.017,0.009,0.000,0.009
11404,0.017,0.009,0.000,0.009
11405,0.017,0.009,0.000,0.009
11406,0.017,0.009,0.000,0.009
11407,0.017,0.009,0.000,0.009
11408,0.017,0.009,0.000,0.009
11409,0.017,0.009,0.000,0.009
11410,0.017,0.009,0.000,0.009
11411,0.017,0.009,0.000,0.009
11412,0.017,0.009,0.000,0.009
11413,0.017,0.009,0.000,0.009
11414,0.017,0.009,0.000,0.009
11415,0.017,0.009,0.000,0.009
11416,0.017,0.009,0.000,0.009
11417,0.017,0.009,0.000,0.009
11418,0.017,0.009,0.000,0.009
11419,0.017,0.009,0.000,0.009
11420,0.017,0.009,0.000,0.009
11421,0.017,0.009,0.000,0.009
11422,0.017,0.009,0.000,0.009
11423,0.017,0.009,0.000,0.009
11424,0.017,0.009,0.000,0.009
11425,0.017,0.009,0.000,0.009
11426,0.017,0.009,0.000,0.009
11427,0.017,0.009,0.000,0.009
11428,0.017,0.009,0.000,0.009
11429,0.017,0.009,0.000,0.009
11430,0.017,0.009,0.000,0.009
11431,0.017,0.009,0.000,0.009
11432,0.017,0.009,0.000,0.009
11433,0.017,0.009,0.000,0.009
11434,0.017,0.009,0.000,0.009
11435,0.017,0.009,0.000,0.009
11436,0.017,0.009,0.000,0.009
11437,0.017,0.009,0.000,0.009
11438,0.017,0.009,0.000,0.009
11439,0.017,0.009,0.000,0.009
11440,0.017,0.009,0.000,0.009
11441,0.017,0.009,0.000,0.009
11442,0.017,0.009,0.000,0.009
11443,0.017,0.009,0.000,0.009
11444,0.017,0.009,0.000,0.009
11445,0.017,0.009,0.000,0.009
11446,0.017,0.009,0.000,0.009
11447,0.017,0.009,0.000,0.009
11448,0.017,0.009,0.000,0.009
11449,0.017,0.009,0.000,0.009
11450,0.017,0.009,0.000,0.009
11451,0.017,0.009,0.000,0.009
11452,0.017,0.009,0.000,0.009
11453,0.017,0.009,0.000,0.009
11454,0.017,0.009,0.000,0.009
11455,0.017,0.009,0.000,0.009
11456,0.017,0.009,0.000,0.009
11457,0.017,0.009,0.000,0.009
11458,0.017,0.009,0.000,0.009
11459,0.017,0.009,0.000,0.009
11460,0.017,0.009,0.000,0.009
11461,0.017,0.009,0.000,0.009
11462,0.017,0.009,0.000,0.009
11463,0.017,0.009,0.000,0.009
11464,0.017,0.009,0.000,0.009
11465,0.017,0.009,0.000,0.009
11466,0.017,0.009,0.000,0.009
11467,0.017,0.009,0.000,0.009
11468,0.017,0.009,0.000,0.009
11469,0.017,0.009,0.000,0.009
11470,0.017,0.009,0.000,0.009
11471,0.017,0.009,0.000,0.009
11472,0.017,0.009,0.000,0.009
11473,0.017,0.009,0.000,0.009
11474,0.017,0.009,0.000,0.009
11475,0.017,0.009,0.000,0.009
11476,0.017,0.009,0.000,0.009
11477,0.017,0.009,0.000,0.009
11478,0.017,0.009,0.000,0.009
11479,0.017,0.009,0.000,0.009
11480,0.017,0.009,0.000,0.009
11481,0.017,0.009,0.000,0.009
11482,0.017,0.009,0.000,0.009
11483,0.017,0.009,0.000,0.009
11484,0.017,0.009,0.000,0.009
11485,0.017,0.009,0.000,0.009
11486,0.017,0.009,0.000,0.009
11487,0.017,0.009,0.000,0.009
11488,0.017,0.009,0.000,0.009
11489,0.017,0.009,0.000,0.009
11490,0.017,0.009,0.000,0.009
11491,0.017,0.009,0.000,0.009
11492,0.017,0.009,0.000,0.009
11493,0.017,0.009,0.000,0.009
11494,0.017,0.009,0.000,0.009
11495,0.017,0.009,0.000,0.009
11496,0.017,0.009,0.000,0.009
11497,0.017,0.009,0.000,0.009
11498,0.017,0.009,0.000,0.009
11499,0.017,0.009,0.000,0.009
11500,0.017,0.009,0.000,0.009
11501,0.017,0.009,0.000,0.009
11502,0.017,0.009,0.000,0.009
11503,0.017,0.009,0.000,0.009
11504,0.017,0.009,0.000,0.009
11505,0.017,0.009,0.000,0.009
11506,0.017,0.009,0.000,0.009
11507,0.017,0.009,0.000,0.009
11508,0.017,0.009,0.000,0.009
11509,0.017,0.009,0.000,0.009
11510,0.017,0.009,0.000,0.009
11511,0.017,0.009,0.000,0.009
11512,0.017,0.009,0.000,0.009
11513,0.017,0.009,0.000,0.009
11514,0.017,0.009,0.000,0.009
11515,0.017,0.009,0.000,0.009
11516,0.017,0.009,0.000,0.009
11517,0.017,0.009,0.000,0.009
11518,0.017,0.009,0.000,0.009
11519,0.017,0.009,0.000,0.009
11520,0.017,0.009,0.000,0.009
11521,0.017,0.009,0.000,0.009
11522,0.017,0.009,0.000,0.009
11523,0.017,0.009,0.000,0.009
11524,0.017,0.009,0.000,0.009
11525,0.017,0.009,0.000,0.009
11526,0.017,0.009,0.000,0.009
11527,0.017,0.009,0.000,0.009
11528,0.017,0.009,0.000,0.009
11529,0.017,0.009,0.000,0.009
11530,0.017,0.009,0.000,0.009
11531,0.017,0.009,0.000,0.009
11532,0.017,0.009,0.000,0.009
11533,0.017,0.009,0.000,0.009
11534,0.017,0.009,0.000,0.009
11535,0.017,0.009,0.000,0.009
11536,0.017,0.009,0.000,0.009
11537,0.017,0.009,0.000,0.009
11538,0.017,0.009,0.000,0.009
11539,0.017,0.009,0.000,0.009
11540,0.017,0.009,0.000,0.009
11541,0.017,0.009,0.000,0.009
11542,0.017,0.009,0.000,0.009
11543,0.017,0.009,0.000,0.009
11544,0.017,0.009,0.000,0.009
11545,0.017,0.009,0.000,0.009
11546,0.017,0.009,0.000,0.009
11547,0.017,0.009,0.000,0.009
11548,0.017,0.009,0.000,0.009
11549,0.017,0.009,0.000,0.009
11550,0.017,0.009,0.000,0.009
11551,0.017,0.009,0.000,0.009
11552,0.017,0.009,0.000,0.009
11553,0.017,0.009,0.000,0.009
11554,0.017,0.009,0.000,0.009
11555,0.017,0.009,0.000,0.009
11556,0.017,0.009,0.000,0.009
11557,0.017,0.009,0.000,0.009
11558,0.017,0.009,0.000,0.009
11559,0.017,0.009,0.000,0.009
11560,0.017,0.009,0.000,0.009
11561,0.017,0.009,0.000,0.009
11562,0.017,0.009,0.000,0.009
11563,0.017,0.009,0.000,0.009
11564,0.017,0.009,0.000,0.009
11565,0.017,0.009,0.000,0.009
11566,0.017,0.009,0.000,0.009
11567,0.017,0.009,0.000,0.009
11568,0.017,0.009,0.000,0.009
11569,0.017,0.009,0.000,0.009
11570,0.017,0.009,0.000,0.009
11571,0.017,0.009,0.000,0.009
11572,0.017,0.009,0.000,0.009
11573,0.017,0.009,0.000,0.009
11574,0.017,0.009,0.000,0.009
11575,0.017,0.009,0.000,0.009
11576,0.017,0.009,0.000,0.009
11577,0.017,0.009,0.000,0.009
11578,0.017,0.009,0.000,0.009
11579,0.017,0.009,0.000,0.009
11580,0.017,0.009,0.000,0.009
11581,0.017,0.009,0.000,0.009
11582,0.017,0.009,0.000,0.009
11583,0.017,0.009,0.000,0.009
11584,0.017,0.009,0.000,0.009
11585,0.017,0.009,0.000,0.009
11586,0.017,0.009,0.000,0.009
11587,0.017,0.009,0.000,0.009
11588,0.017,0.009,0.000,0.009
11589,0.017,0.009,0.000,0.009
11590,0.017,0.009,0.000,0.009
11591,0.017,0.009,0.000,0.009
11592,0.017,0.009,0.000,0.009
11593,0.017,0.009,0.000,0.009
11594,0.017,0.009,0.000,0.009
11595,0.017,0.009,0.000,0.009
11596,0.017,0.009,0.000,0.009
11597,0.017,0.009,0.000,0.009
11598,0.017,0.009,0.000,0.009
11599,0.017,0.009,0.000,0.009
11600,0.017,0.009,0.000,0.009
11601,0.017,0.009,0.000,0.009
11602,0.017,0.009,0.000,0.009
11603,0.017,0.009,0.000,0.009
11604,0.017,0.009,0.000,0.009
11605,0.017,0.009,0.000,0.009
11606,0.017,0.009,0.000,0.009
11607,0.017,0.009,0.000,0.009
11608,0.017,0.009,0.000,0.009
11609,0.017,0.009,0.000,0.009
11610,0.017,0.009,0.000,0.009
11611,0.017,0.009,0.000,0.009
11612,0.017,0.009,0.000,0.009
11613,0.017,0.009,0.000,0.009
11614,0.017,0.009,0.000,0.009
11615,0.017,0.009,0.000,0.009
11616,0.017,0.009,0.000,0.009
11617,0.017,0.009,0.000,0.009
11618,0.017,0.009,0.000,0.009
11619,0.017,0.009,0.000,0.009
11620,0.017,0.009,0.000,0.009
11621,0.017,0.009,0.000,0.009
11622,0.017,0.009,0.000,0.009
11623,0.017,0.009,0.000,0.009
11624,0.017,0.009,0.000,0.009
11625,0.017,0.009,0.000,0.009
11626,0.017,0.009,0.000,0.009
11627,0.017,0.009,0.000,0.009
11628,0.017,0.009,0.000,0.009
11629,0.017,0.009,0.000,0.009
11630,0.017,0.009,0.000,0.009
11631,0.017,0.009,0.000,0.009
11632,0.017,0.009,0.000,0.009
11633,0.017,0.009,0.000,0.009
11634,0.017,0.009,0.000,0.009
11635,0.017,0.009,0.000,0.009
11636,0.017,0.009,0.000,0.009
11637,0.017,0.009,0.000,0.009
11638,0.017,0.009,0.000,0.009
11639,0.017,0.009,0.000,0.009
11640,0.017,0.009,0.000,0.009
11641,0.017,0.009,0.000,0.009
11642,0.017,0.009,0.000,0.009
11643,0.017,0.009,0.000,0.009
11644,0.017,0.009,0.000,0.009
11645,0.017,0.009,0.000,0.009
11646,0.017,0.009,0.000,0.009
11647,0.017,0.009,0.000,0.009
11648,0.017,0.009,0.000,0.009
11649,0.017,0.009,0.000,0.009
11650,0.017,0.009,0.000,0.009
11651,0.017,0.009,0.000,0.009
11652,0.017,0.009,0.000,0.009
11653,0.017,0.009,0.000,0.009
11654,0.017,0.009,0.000,0.009
11655,0.017,0.009,0.000,0.009
11656,0.017,0.009,0.000,0.009
11657,0.017,0.009,0.000,0.009
11658,0.017,0.009,0.000,0.009
11659,0.017,0.009,0.000,0.009
11660,0.017,0.009,0.000,0.009
11661,0.017,0.009,0.000,0.009
11662,0.017,0.009,0.000,0.009
11663,0.017,0.009,0.000,0.009
11664,0.017,0.009,0.000,0.009
11665,0.017,0.009,0.000,0.009
11666,0.017,0.009,0.000,0.009
11667,0.017,0.009,0.000,0.009
11668,0.017,0.009,0.000,0.009
11669,0.017,0.009,0.000,0.009
11670,0.017,0.009,0.000,0.009
11671,0.017,0.009,0.000,0.009
11672,0.017,0.009,0.000,0.009
11673,0.017,0.009,0.000,0.009
11674,0.017,0.009,0.000,0.009
11675,0.017,0.009,0.000,0.009
11676,0.017,0.009,0.000,0.009
11677,0.017,0.009,0.000,0.009
11678,0.017,0.009,0.000,0.009
11679,0.017,0.009,0.000,0.009
11680,0.017,0.009,0.000,0.009
11681,0.017,0.009,0.000,0.009
11682,0.017,0.009,0.000,0.009
11683,0.017,0.009,0.000,0.009
11684,0.017,0.009,0.000,0.009
11685,0.017,0.009,0.000,0.009
11686,0.017,0.009,0.000,0.009
11687,0.017,0.009,0.000,0.009
11688,0.017,0.009,0.000,0.009
11689,0.017,0.009,0.000,0.009
11690,0.017,0.009,0.000,0.009
11691,0.017,0.009,0.000,0.009
11692,0.017,0.009,0.000,0.009
11693,0.017,0.009,0.000,0.009
11694,0.017,0.009,0.000,0.009
11695,0.017,0.009,0.000,0.009
11696,0.017,0.009,0.000,0.009
11697,0.017,0.009,0.000,0.009
11698,0.017,0.009,0.000,0.009
11699,0.017,0.009,0.000,0.009
11700,0.017,0.009,0.000,0.009
11701,0.017,0.009,0.000,0.009
11702,0.017,0.009,0.000,0.009
11703,0.017,0.009,0.000,0.009
11704,0.017,0.009,0.000,0.009
11705,0.017,0.009,0.000,0.009
11706,0.017,0.009,0.000,0.009
11707,0.017,0.009,0.000,0.009
11708,0.017,0.009,0.000,0.009
11709,0.017,0.009,0.000,0.009
11710,0.017,0.009,0.000,0.009
11711,0.017,0.009,0.000,0.009
11712,0.017,0.009,0.000,0.009
11713,0.017,0.009,0.000,0.009
11714,0.017,0.009,0.000,0.009
11715,0.017,0.009,0.000,0.009
11716,0.017,0.009,0.000,0.009
11717,0.017,0.009,0.000,0.009
11718,0.017,0.009,0.000,0.009
11719,0.017,0.009,0.000,0.009
11720,0.017,0.009,0.000,0.009
11721,0.017,0.009,0.000,0.009
11722,0.017,0.009,0.000,0.009
11723,0.017,0.009,0.000,0.009
11724,0.017,0.009,0.000,0.009
11725,0.017,0.009,0.000,0.009
11726,0.017,0.009,0.000,0.009
11727,0.017,0.009,0.000,0.009
11728,0.017,0.009,0.000,0.009
11729,0.017,0.009,0.000,0.009
11730,0.017,0.009,0.000,0.009
11731,0.017,0.009,0.000,0.009
11732,0.017,0.009,0.000,0.009
11733,0.017,0.009,0.000,0.009
11734,0.017,0.009,0.000,0.009
11735,0.017,0.009,0.000,0.009
11736,0.017,0.009,0.000,0.009
11737,0.017,0.009,0.000,0.009
11738,0.017,0.009,0.000,0.009
11739,0.017,0.009,0.000,0.009
11740,0.017,0.009,0.000,0.009
11741,0.017,0.009,0.000,0.009
11742,0.017,0.009,0.000,0.009
11743,0.017,0.009,0.000,0.009
11744,0.017,0.009,0.000,0.009
11745,0.017,0.009,0.000,0.009
11746,0.017,0.009,0.000,0.009
11747,0.017,0.009,0.000,0.009
11748,0.017,0.009,0.000,0.009
11749,0.017,0.009,0.000,0.009
11750,0.017,0.009,0.000,0.009
11751,0.017,0.009,0.000,0.009
11752,0.017,0.009,0.000,0.009
11753,0.017,0.009,0.000,0.009
11754,0.017,0.009,0.000,0.009
11755,0.017,0.009,0.000,0.009
11756,0.017,0.009,0.000,0.009
11757,0.017,0.009,0.000,0.009
11758,0.017,0.009,0.000,0.009
11759,0.017,0.009,0.000,0.009
11760,0.017,0.009,0.000,0.009
11761,0.017,0.009,0.000,0.009
11762,0.017,0.009,0.000,0.009
11763,0.017,0.009,0.000,0.009
11764,0.017,0.009,0.000,0.009
11765,0.017,0.009,0.000,0.009
11766,0.017,0.009,0.000,0.009
11767,0.017,0.009,0.000,0.009
11768,0.017,0.009,0.000,0.009
11769,0.017,0.009,0.000,0.009
11770,0.017,0.009,0.000,0.009
11771,0.017,0.009,0.000,0.009
11772,0.017,0.009,0.000,0.009
11773,0.017,0.009,0.000,0.009
11774,0.017,0.009,0.000,0.009
11775,0.017,0.009,0.000,0.009
11776,0.017,0.009,0.000,0.009
11777,0.017,0.009,0.000,0.009
11778,0.017,0.009,0.000,0.009
11779,0.017,0.009,0.000,0.009
11780,0.017,0.009,0.000,0.009
11781,0.017,0.009,0.000,0.009
11782,0.017,0.009,0.000,0.009
11783,0.017,0.009,0.000,0.009
11784,0.017,0.009,0.000,0.009
11785,0.017,0.009,0.000,0.009
11786,0.017,0.009,0.000,0.009
11787,0.017,0.009,0.000,0.009
11788,0.017,0.009,0.000,0.009
11789,0.017,0.009,0.000,0.009
11790,0.017,0.009,0.000,0.009
11791,0.017,0.009,0.000,0.009
11792,0.017,0.009,0.000,0.009
11793,0.017,0.009,0.000,0.009
11794,0.017,0.009,0.000,0.009
11795,0.017,0.009,0.000,0.009
11796,0.017,0.009,0.000,0.009
11797,0.017,0.009,0.000,0.009
11798,0.017,0.009,0.000,0.009
11799,0.017,0.009,0.000,0.009
11800,0.017,0.009,0.000,0.009
11801,0.017,0.009,0.000,0.009
11802,0.017,0.009,0.000,0.009
11803,0.017,0.009,0.000,0.009
11804,0.017,0.009,0.000,0.009
11805,0.017,0.009,0.000,0.009
11806,0.017,0.009,0.000,0.009
11807,0.017,0.009,0.000,0.009
11808,0.017,0.009,0.000,0.009
11809,0.017,0.009,0.000,0.009
11810,0.017,0.009,0.000,0.009
11811,0.017,0.009,0.000,0.009
11812,0.017,0.009,0.000,0.009
11813,0.017,0.009,0.000,0.009
11814,0.017,0.009,0.000,0.009
11815,0.017,0.009,0.000,0.009
11816,0.017,0.009,0.000,0.009
11817,0.017,0.009,0.000,0.009
11818,0.017,0.009,0.000,0.009
11819,0.017,0.009,0.000,0.009
11820,0.017,0.009,0.000,0.009
11821,0.017,0.009,0.000,0.009
11822,0.017,0.009,0.000,0.009
11823,0.017,0.009,0.000,0.009
11824,0.017,0.009,0.000,0.009
11825,0.017,0.009,0.000,0.009
11826,0.017,0.009,0.000,0.009
11827,0.017,0.009,0.000,0.009
11828,0.017,0.009,0.000,0.009
11829,0.017,0.009,0.000,0.009
11830,0.017,0.009,0.000,0.009
11831,0.017,0.009,0.000,0.009
11832,0.017,0.009,0.000,0.009
11833,0.017,0.009,0.000,0.009
11834,0.017,0.009,0.000,0.009
11835,0.017,0.009,0.000,0.009
11836,0.017,0.009,0.000,0.009
11837,0.017,0.009,0.000,0.009
11838,0.017,0.009,0.000,0.009
11839,0.017,0.009,0.000,0.009
11840,0.017,0.009,0.000,0.009
11841,0.017,0.009,0.000,0.009
11842,0.017,0.009,0.000,0.009
11843,0.017,0.009,0.000,0.009
11844,0.017,0.009,0.000,0.009
11845,0.017,0.009,0.000,0.009
11846,0.017,0.009,0.000,0.009
11847,0.017,0.009,0.000,0.009
11848,0.017,0.009,0.000,0.009
11849,0.017,0.009,0.000,0.009
11850,0.017,0.009,0.000,0.009
11851,0.017,0.009,0.000,0.009
11852,0.017,0.009,0.000,0.009
11853,0.017,0.009,0.000,0.009
11854,0.017,0.009,0.000,0.009
11855,0.017,0.009,0.000,0.009
11856,0.017,0.009,0.000,0.009
11857,0.017,0.009,0.000,0.009
11858,0.017,0.009,0.000,0.009
11859,0.017,0.009,0.000,0.009
11860,0.017,0.009,0.000,0.009
11861,0.017,0.009,0.000,0.009
11862,0.017,0.009,0.000,0.009
11863,0.017,0.009,0.000,0.009
11864,0.017,0.009,0.000,0.009
11865,0.017,0.009,0.000,0.009
11866,0.017,0.009,0.000,0.009
11867,0.017,0.009,0.000,0.009
11868,0.017,0.009,0.000,0.009
11869,0.017,0.009,0.000,0.009
11870,0.017,0.009,0.000,0.009
11871,0.017,0.009,0.000,0.009
11872,0.017,0.009,0.000,0.009
11873,0.017,0.009,0.000,0.009
11874,0.017,0.009,0.000,0.009
11875,0.017,0.009,0.000,0.009
11876,0.017,0.009,0.000,0.009
11877,0.017,0.009,0.000,0.009
11878,0.017,0.009,0.000,0.009
11879,0.017,0.009,0.000,0.009
11880,0.017,0.009,0.000,0.009
11881,0.017,0.009,0.000,0.009
11882,0.017,0.009,0.000,0.009
11883,0.017,0.009,0.000,0.009
11884,0.017,0.009,0.000,0.009
11885,0.017,0.009,0.000,0.009
11886,0.017,0.009,0.000,0.009
11887,0.017,0.009,0.000,0.009
11888,0.017,0.009,0.000,0.009
11889,0.017,0.009,0.000,0.009
11890,0.017,0.009,0.000,0.009
11891,0.017,0.009,0.000,0.009
11892,0.017,0.009,0.000,0.009
11893,0.017,0.009,0.000,0.009
11894,0.017,0.009,0.000,0.009
11895,0.017,0.009,0.000,0.009
11896,0.017,0.009,0.000,0.009
11897,0.017,0.009,0.000,0.009
11898,0.017,0.009,0.000,0.009
11899,0.017,0.009,0.000,0.009
11900,0.017,0.009,0.000,0.009
11901,0.017,0.009,0.000,0.009
11902,0.017,0.009,0.000,0.009
11903,0.017,0.009,0.000,0.009
11904,0.017,0.009,0.000,0.009
11905,0.017,0.009,0.000,0.009
11906,0.017,0.009,0.000,0.009
11907,0.017,0.009,0.000,0.009
11908,0.017,0.009,0.000,0.009
11909,0.017,0.009,0.000,0.009
11910,0.017,0.009,0.000,0.009
11911,0.017,0.009,0.000,0.009
11912,0.017,0.009,0.000,0.009
11913,0.017,0.009,0.000,0.009
11914,0.017,0.009,0.000,0.009
11915,0.017,0.009,0.000,0.009
11916,0.017,0.009,0.000,0.009
11917,0.017,0.009,0.000,0.009
11918,0.017,0.009,0.000,0.009
11919,0.017,0.009,0.000,0.009
11920,0.017,0.009,0.000,0.009
11921,0.017,0.009,0.000,0.009
11922,0.017,0.009,0.000,0.009
11923,0.017,0.009,0.000,0.009
11924,0.017,0.009,0.000,0.009
11925,0.017,0.009,0.000,0.009
11926,0.017,0.009,0.000,0.009
11927,0.017,0.009,0.000,0.009
11928,0.017,0.009,0.000,0.009
11929,0.017,0.009,0.000,0.009
11930,0.017,0.009,0.000,0.009
11931,0.017,0.009,0.000,0.009
11932,0.017,0.009,0.000,0.009
11933,0.017,0.009,0.000,0.009
11934,0.017,0.009,0.000,0.009
11935,0.017,0.009,0.000,0.009
11936,0.017,0.009,0.000,0.009
11937,0.017,0.009,0.000,0.009
11938,0.017,0.009,0.000,0.009
11939,0.017,0.009,0.000,0.009
11940,0.017,0.009,0.000,0.009
11941,0.017,0.009,0.000,0.009
11942,0.017,0.009,0.000,0.009
11943,0.017,0.009,0.000,0.009
11944,0.017,0.009,0.000,0.009
11945,0.017,0.009,0.000,0.009
11946,0.017,0.009,0.000,0.009
11947,0.017,0.009,0.000,0.009
11948,0.017,0.009,0.000,0.009
11949,0.017,0.009,0.000,0.009
11950,0.017,0.009,0.000,0.009
11951,0.017,0.009,0.000,0.009
11952,0.017,0.009,0.000,0.009
11953,0.017,0.009,0.000,0.009
11954,0.017,0.009,0.000,0.009
11955,0.017,0.009,0.000,0.009
11956,0.017,0.009,0.000,0.009
11957,0.017,0.009,0.000,0.009
11958,0.017,0.009,0.000,0.009
11959,0.017,0.009,0.000,0.009
11960,0.017,0.009,0.000,0.009
11961,0.017,0.009,0.000,0.009
11962,0.017,0.009,0.000,0.009
11963,0.017,0.009,0.000,0.009
11964,0.017,0.009,0.000,0.009
11965,0.017,0.009,0.000,0.009
11966,0.017,0.009,0.000,0.009
11967,0.017,0.009,0.000,0.009
11968,0.017,0.009,0.000,0.009
11969,0.017,0.009,0.000,0.009
11970,0.017,0.009,0.000,0.009
11971,0.017,0.009,0.000,0.009
11972,0.017,0.009,0.000,0.009
11973,0.017,0.009,0.000,0.009
11974,0.017,0.009,0.000,0.009
11975,0.017,0.009,0.000,0.009
11976,0.017,0.009,0.000,0.009
11977,0.017,0.009,0.000,0.009
11978,0.017,0.009,0.000,0.009
11979,0.017,0.009,0.000,0.009
11980,0.017,0.009,0.000,0.009
11981,0.017,0.009,0.000,0.009
11982,0.017,0.009,0.000,0.009
11983,0.017,0.009,0.000,0.009
11984,0.017,0.009,0.000,0.009
11985,0.017,0.009,0.000,0.009
11986,0.017,0.009,0.000,0.009
11987,0.017,0.009,0.000,0.009
11988,0.017,0.009,0.000,0.009
11989,0.017,0.009,0.000,0.009
11990,0.017,0.009,0.000,0.009
11991,0.017,0.009,0.000,0.009
11992,0.017,0.009,0.000,0.009
11993,0.017,0.009,0.000,0.009
11994,0.017,0.009,0.000,0.009
11995,0.017,0.009,0.000,0.009
11996,0.017,0.009,0.000,0.009
11997,0.017,0.009,0.000,0.009
11998,0.017,0.009,0.000,0.009
11999,0.017,0.009,0.000,0.009
12000,0.017,0.009,0.000,0.009
12001,0.017,0.009,0.000,0.009
12002,0.017,0.009,0.000,0.009
12003,0.017,0.009,0.000,0.009
12004,0.017,0.009,0.000,0.009
12005,0.017,0.009,0.000,0.009
12006,0.017,0.009,0.000,0.009
12007,0.017,0.009,0.000,0.009
12008,0.017,0.009,0.000,0.009
12009,0.017,0.009,0.000,0.009
12010,0.017,0.009,0.000,0.009
12011,0.017,0.009,0.000,0.009
12012,0.017,0.009,0.000,0.009
12013,0.017,0.009,0.000,0.009
12014,0.017,0.009,0.000,0.009
12015,0.017,0.009,0.000,0.009
12016,0.017,0.009,0.000,0.009
12017,0.017,0.009,0.000,0.009
12018,0.017,0.009,0.000,0.009
12019,0.017,0.009,0.000,0.009
12020,0.017,0.009,0.000,0.009
12021,0.017,0.009,0.000,0.009
12022,0.017,0.009,0.000,0.009
12023,0.017,0.009,0.000,0.009
12024,0.017,0.009,0.000,0.009
12025,0.017,0.009,0.000,0.009
12026,0.017,0.009,0.000,0.009
12027,0.017,0.009,0.000,0.009
12028,0.017,0.009,0.000,0.009
12029,0.017,0.009,0.000,0.009
12030,0.017,0.009,0.000,0.009
12031,0.017,0.009,0.000,0.009
12032,0.017,0.009,0.000,0.009
12033,0.017,0.009,0.000,0.009
12034,0.017,0.009,0.000,0.009
12035,0.017,0.009,0.000,0.009
12036,0.017,0.009,0.000,0.009
12037,0.017,0.009,0.000,0.009
12038,0.017,0.009,0.000,0.009
12039,0.017,0.009,0.000,0.009
12040,0.017,0.009,0.000,0.009
12041,0.017,0.009,0.000,0.009
12042,0.017,0.009,0.000,0.009
12043,0.017,0.009,0.000,0.009
12044,0.017,0.009,0.000,0.009
12045,0.017,0.009,0.000,0.009
12046,0.017,0.009,0.000,0.009
12047,0.017,0.009,0.000,0.009
12048,0.017,0.009,0.000,0.009
12049,0.017,0.009,0.000,0.009
12050,0.017,0.009,0.000,0.009
12051,0.017,0.009,0.000,0.009
12052,0.017,0.009,0.000,0.009
12053,0.017,0.009,0.000,0.009
12054,0.017,0.009,0.000,0.009
12055,0.017,0.009,0.000,0.009
12056,0.017,0.009,0.000,0.009
12057,0.017,0.009,0.000,0.009
12058,0.017,0.009,0.000,0.009
12059,0.017,0.009,0.000,0.009
12060,0.017,0.009,0.000,0.009
12061,0.017,0.009,0.000,0.009
12062,0.017,0.009,0.000,0.009
12063,0.017,0.009,0.000,0.009
12064,0.017,0.009,0.000,0.009
12065,0.017,0.009,0.000,0.009
12066,0.017,0.009,0.000,0.009
12067,0.017,0.009,0.000,0.009
12068,0.017,0.009,0.000,0.009
12069,0.017,0.009,0.000,0.009
12070,0.017,0.009,0.000,0.009
12071,0.017,0.009,0.000,0.009
12072,0.017,0.009,0.000,0.009
12073,0.017,0.009,0.000,0.009
12074,0.017,0.009,0.000,0.009
12075,0.017,0.009,0.000,0.009
12076,0.017,0.009,0.000,0.009
12077,0.017,0.009,0.000,0.009
12078,0.017,0.009,0.000,0.009
12079,0.017,0.009,0.000,0.009
12080,0.017,0.009,0.000,0.009
12081,0.017,0.009,0.000,0.009
12082,0.017,0.009,0.000,0.009
12083,0.017,0.009,0.000,0.009
12084,0.017,0.009,0.000,0.009
12085,0.017,0.009,0.000,0.009
12086,0.017,0.009,0.000,0.009
12087,0.017,0.009,0.000,0.009
12088,0.017,0.009,0.000,0.009
12089,0.017,0.009,0.000,0.009
12090,0.017,0.009,0.000,0.009
12091,0.017,0.009,0.000,0.009
12092,0.017,0.009,0.000,0.009
12093,0.017,0.009,0.000,0.009
12094,0.017,0.009,0.000,0.009
12095,0.017,0.009,0.000,0.009
12096,0.017,0.009,0.000,0.009
12097,0.017,0.009,0.000,0.009
12098,0.017,0.009,0.000,0.009
12099,0.017,0.009,0.000,0.009
12100,0.017,0.009,0.000,0.009
12101,0.017,0.009,0.000,0.009
12102,0.017,0.009,0.000,0.009
12103,0.017,0.009,0.000,0.009
12104,0.017,0.009,0.000,0.009
12105,0.017,0.009,0.000,0.009
12106,0.017,0.009,0.000,0.009
12107,0.017,0.009,0.000,0.009
12108,0.017,0.009,0.000,0.009
12109,0.017,0.009,0.000,0.009
12110,0.017,0.009,0.000,0.009
12111,0.017,0.009,0.000,0.009
12112,0.017,0.009,0.000,0.009
12113,0.017,0.009,0.000,0.009
12114,0.017,0.009,0.000,0.009
12115,0.017,0.009,0.000,0.009
12116,0.017,0.009,0.000,0.009
12117,0.017,0.009,0.000,0.009
12118,0.017,0.009,0.000,0.009
12119,0.017,0.009,0.000,0.009
12120,0.017,0.009,0.000,0.009
12121,0.017,0.009,0.000,0.009
12122,0.017,0.009,0.000,0.009
12123,0.017,0.009,0.000,0.009
12124,0.017,0.009,0.000,0.009
12125,0.017,0.009,0.000,0.009
12126,0.017,0.009,0.000,0.009
12127,0.017,0.009,0.000,0.009
12128,0.017,0.009,0.000,0.009
12129,0.017,0.009,0.000,0.009
12130,0.017,0.009,0.000,0.009
12131,0.017,0.009,0.000,0.009
12132,0.017,0.009,0.000,0.009
12133,0.017,0.009,0.000,0.009
12134,0.017,0.009,0.000,0.009
12135,0.017,0.009,0.000,0.009
12136,0.017,0.009,0.000,0.009
12137,0.017,0.009,0.000,0.009
12138,0.017,0.009,0.000,0.009
12139,0.017,0.009,0.000,0.009
12140,0.017,0.009,0.000,0.009
12141,0.017,0.009,0.000,0.009
12142,0.017,0.009,0.000,0.009
12143,0.017,0.009,0.000,0.009
12144,0.017,0.009,0.000,0.009
12145,0.017,0.009,0.000,0.009
12146,0.017,0.009,0.000,0.009
12147,0.017,0.009,0.000,0.009
12148,0.017,0.009,0.000,0.009
12149,0.017,0.009,0.000,0.009
12150,0.017,0.009,0.000,0.009
12151,0.017,0.009,0.000,0.009
12152,0.017,0.009,0.000,0.009
12153,0.017,0.009,0.000,0.009
12154,0.017,0.009,0.000,0.009
12155,0.017,0.009,0.000,0.009
12156,0.017,0.009,0.000,0.009
12157,0.017,0.009,0.000,0.009
12158,0.017,0.009,0.000,0.009
12159,0.017,0.009,0.000,0.009
12160,0.017,0.009,0.000,0.009
12161,0.017,0.009,0.000,0.009
12162,0.017,0.009,0.000,0.009
12163,0.017,0.009,0.000,0.009
12164,0.017,0.009,0.000,0.009
12165,0.017,0.009,0.000,0.009
12166,0.017,0.009,0.000,0.009
12167,0.017,0.009,0.000,0.009
12168,0.017,0.009,0.000,0.009
12169,0.017,0.009,0.000,0.009
12170,0.017,0.009,0.000,0.009
12171,0.017,0.009,0.000,0.009
12172,0.017,0.009,0.000,0.009
12173,0.017,0.009,0.000,0.009
12174,0.017,0.009,0.000,0.009
12175,0.017,0.009,0.000,0.009
12176,0.017,0.009,0.000,0.009
12177,0.017,0.009,0.000,0.009
12178,0.017,0.009,0.000,0.009
12179,0.017,0.009,0.000,0.009
12180,0.017,0.009,0.000,0.009
12181,0.017,0.009,0.000,0.009
12182,0.017,0.009,0.000,0.009
12183,0.017,0.009,0.000,0.009
12184,0.017,0.009,0.000,0.009
12185,0.017,0.009,0.000,0.009
12186,0.017,0.009,0.000,0.009
12187,0.017,0.009,0.000,0.009
12188,0.017,0.009,0.000,0.009
12189,0.017,0.009,0.000,0.009
12190,0.017,0.009,0.000,0.009
12191,0.017,0.009,0.000,0.009
12192,0.017,0.009,0.000,0.009
12193,0.017,0.009,0.000,0.009
12194,0.017,0.009,0.000,0.009
12195,0.017,0.009,0.000,0.009
12196,0.017,0.009,0.000,0.009
12197,0.017,0.009,0.000,0.009
12198,0.017,0.009,0.000,0.009
12199,0.017,0.009,0.000,0.009
12200,0.017,0.009,0.000,0.009
12201,0.017,0.009,0.000,0.009
12202,0.017,0.009,0.000,0.009
12203,0.017,0.009,0.000,0.009
12204,0.017,0.009,0.000,0.009
12205,0.017,0.009,0.000,0.009
12206,0.017,0.009,0.000,0.009
12207,0.017,0.009,0.000,0.009
12208,0.017,0.009,0.000,0.009
12209,0.017,0.009,0.000,0.009
12210,0.017,0.009,0.000,0.009
12211,0.017,0.009,0.000,0.009
12212,0.017,0.009,0.000,0.009
12213,0.017,0.009,0.000,0.009
12214,0.017,0.009,0.000,0.009
12215,0.017,0.009,0.000,0.009
12216,0.017,0.009,0.000,0.009
12217,0.017,0.009,0.000,0.009
12218,0.017,0.009,0.000,0.009
12219,0.017,0.009,0.000,0.009
12220,0.017,0.009,0.000,0.009
12221,0.017,0.009,0.000,0.009
12222,0.017,0.009,0.000,0.009
12223,0.017,0.009,0.000,0.009
12224,0.017,0.009,0.000,0.009
12225,0.017,0.009,0.000,0.009
12226,0.017,0.009,0.000,0.009
12227,0.017,0.009,0.000,0.009
12228,0.017,0.009,0.000,0.009
12229,0.017,0.009,0.000,0.009
12230,0.017,0.009,0.000,0.009
12231,0.017,0.009,0.000,0.009
12232,0.017,0.009,0.000,0.009
12233,0.017,0.009,0.000,0.009
12234,0.017,0.009,0.000,0.009
12235,0.017,0.009,0.000,0.009
12236,0.017,0.009,0.000,0.009
12237,0.017,0.009,0.000,0.009
12238,0.017,0.009,0.000,0.009
12239,0.017,0.009,0.000,0.009
12240,0.017,0.009,0.000,0.009
12241,0.017,0.009,0.000,0.009
12242,0.017,0.009,0.000,0.009
12243,0.017,0.009,0.000,0.009
12244,0.017,0.009,0.000,0.009
12245,0.017,0.009,0.000,0.009
12246,0.017,0.009,0.000,0.009
12247,0.017,0.009,0.000,0.009
12248,0.017,0.009,0.000,0.009
12249,0.017,0.009,0.000,0.009
12250,0.017,0.009,0.000,0.009
12251,0.017,0.009,0.000,0.009
12252,0.017,0.009,0.000,0.009
12253,0.017,0.009,0.000,0.009
12254,0.017,0.009,0.000,0.009
12255,0.017,0.009,0.000,0.009
12256,0.017,0.009,0.000,0.009
12257,0.017,0.009,0.000,0.009
12258,0.017,0.009,0.000,0.009
12259,0.017,0.009,0.000,0.009
12260,0.017,0.009,0.000,0.009
12261,0.017,0.009,0.000,0.009
12262,0.017,0.009,0.000,0.009
12263,0.017,0.009,0.000,0.009
12264,0.017,0.009,0.000,0.009
12265,0.017,0.009,0.000,0.009
12266,0.017,0.009,0.000,0.009
12267,0.017,0.009,0.000,0.009
12268,0.017,0.009,0.000,0.009
12269,0.017,0.009,0.000,0.009
12270,0.017,0.009,0.000,0.009
12271,0.017,0.009,0.000,0.009
12272,0.017,0.009,0.000,0.009
12273,0.017,0.009,0.000,0.009
12274,0.017,0.009,0.000,0.009
12275,0.017,0.009,0.000,0.009
12276,0.017,0.009,0.000,0.009
12277,0.017,0.009,0.000,0.009
12278,0.017,0.009,0.000,0.009
12279,0.017,0.009,0.000,0.009
12280,0.017,0.009,0.000,0.009
12281,0.017,0.009,0.000,0.009
12282,0.017,0.009,0.000,0.009
12283,0.017,0.009,0.000,0.009
12284,0.017,0.009,0.000,0.009
12285,0.017,0.009,0.000,0.009
12286,0.017,0.009,0.000,0.009
12287,0.017,0.009,0.000,0.009
12288,0.017,0.009,0.000,0.009
12289,0.017,0.009,0.000,0.009
12290,0.017,0.009,0.000,0.009
12291,0.017,0.009,0.000,0.009
12292,0.017,0.009,0.000,0.009
12293,0.017,0.009,0.000,0.009
12294,0.017,0.009,0.000,0.009
12295,0.017,0.009,0.000,0.009
12296,0.017,0.009,0.000,0.009
12297,0.017,0.009,0.000,0.009
12298,0.017,0.009,0.000,0.009
12299,0.017,0.009,0.000,0.009
12300,0.017,0.009,0.000,0.009
12301,0.017,0.009,0.000,0.009
12302,0.017,0.009,0.000,0.009
12303,0.017,0.009,0.000,0.009
12304,0.017,0.009,0.000,0.009
12305,0.017,0.009,0.000,0.009
12306,0.017,0.009,0.000,0.009
12307,0.017,0.009,0.000,0.009
12308,0.017,0.009,0.000,0.009
12309,0.017,0.009,0.000,0.009
12310,0.017,0.009,0.000,0.009
12311,0.017,0.009,0.000,0.009
12312,0.017,0.009,0.000,0.009
12313,0.017,0.009,0.000,0.009
12314,0.017,0.009,0.000,0.009
12315,0.017,0.009,0.000,0.009
12316,0.017,0.009,0.000,0.009
12317,0.017,0.009,0.000,0.009
12318,0.017,0.009,0.000,0.009
12319,0.017,0.009,0.000,0.009
12320,0.017,0.009,0.000,0.009
12321,0.017,0.009,0.000,0.009
12322,0.017,0.009,0.000,0.009
12323,0.017,0.009,0.000,0.009
12324,0.017,0.009,0.000,0.009
12325,0.017,0.009,0.000,0.009
12326,0.017,0.009,0.000,0.009
12327,0.017,0.009,0.000,0.009
12328,0.017,0.009,0.000,0.009
12329,0.017,0.009,0.000,0.009
12330,0.017,0.009,0.000,0.009
12331,0.017,0.009,0.000,0.009
12332,0.017,0.009,0.000,0.009
12333,0.017,0.009,0.000,0.009
12334,0.017,0.009,0.000,0.009
12335,0.017,0.009,0.000,0.009
12336,0.017,0.009,0.000,0.009
12337,0.017,0.009,0.000,0.009
12338,0.017,0.009,0.000,0.009
12339,0.017,0.009,0.000,0.009
12340,0.017,0.009,0.000,0.009
12341,0.017,0.009,0.000,0.009
12342,0.017,0.009,0.000,0.009
12343,0.017,0.009,0.000,0.009
12344,0.017,0.009,0.000,0.009
12345,0.017,0.009,0.000,0.009
12346,0.017,0.009,0.000,0.009
12347,0.017,0.009,0.000,0.009
12348,0.017,0.009,0.000,0.009
12349,0.017,0.009,0.000,0.009
12350,0.017,0.009,0.000,0.009
12351,0.017,0.009,0.000,0.009
12352,0.017,0.009,0.000,0.009
12353,0.017,0.009,0.000,0.009
12354,0.017,0.009,0.000,0.009
12355,0.017,0.009,0.000,0.009
12356,0.017,0.009,0.000,0.009
12357,0.017,0.009,0.000,0.009
12358,0.017,0.009,0.000,0.009
12359,0.017,0.009,0.000,0.009
12360,0.017,0.009,0.000,0.009
12361,0.017,0.009,0.000,0.009
12362,0.017,0.009,0.000,0.009
12363,0.017,0.009,0.000,0.009
12364,0.017,0.009,0.000,0.009
12365,0.017,0.009,0.000,0.009
12366,0.017,0.009,0.000,0.009
12367,0.017,0.009,0.000,0.009
12368,0.017,0.009,0.000,0.009
12369,0.017,0.009,0.000,0.009
12370,0.020,0.009,0.000,0.010
12371,0.023,0.009,0.000,0.011
12372,0.025,0.009,0.000,0.012
12373,0.025,0.009,0.000,0.012
12374,0.029,0.009,0.000,0.014
12375,0.030,0.009,0.000,0.014
12376,0.027,0.009,0.000,0.013
12377,0.028,0.009,0.000,0.013
12378,0.028,0.009,0.000,0.013
12379,0.027,0.009,0.000,0.013
12380,0.027,0.009,0.000,0.013
12381,0.028,0.009,0.000,0.013
12382,0.028,0.009,0.000,0.013
12383,0.028,0.009,0.000,0.013
12384,0.029,0.009,0.000,0.013
12385,0.029,0.009,0.000,0.013
12386,0.029,0.009,0.000,0.013
12387,0.030,0.009,0.000,0.014
12388,0.030,0.009,0.000,0.014
12389,0.027,0.009,0.000,0.013
12390,0.030,0.009,0.000,0.014
12391,0.029,0.009,0.000,0.014
12392,0.029,0.009,0.000,0.014
12393,0.029,0.009,0.000,0.013
12394,0.029,0.009,0.000,0.013
12395,0.028,0.009,0.000,0.013
12396,0.024,0.009,0.000,0.012
12397,0.024,0.009,0.000,0.012
12398,0.024,0.009,0.000,0.012
12399,0.022,0.009,0.000,0.011
12400,0.022,0.009,0.000,0.011
12401,0.022,0.009,0.000,0.011
12402,0.020,0.009,0.000,0.010
12403,0.021,0.009,0.000,0.011
12404,0.020,0.009,0.000,0.010
12405,0.020,0.009,0.000,0.010
12406,0.020,0.009,0.000,0.010
12407,0.020,0.009,0.000,0.010
12408,0.019,0.009,0.000,0.010
12409,0.019,0.009,0.000,0.010
12410,0.019,0.009,0.000,0.010
12411,0.018,0.009,0.000,0.010
12412,0.018,0.009,0.000,0.010
12413,0.018,0.009,0.000,0.010
12414,0.018,0.009,0.000,0.010
12415,0.018,0.009,0.000,0.010
12416,0.018,0.009,0.000,0.010
12417,0.018,0.009,0.000,0.010
12418,0.018,0.009,0.000,0.010
12419,0.018,0.009,0.000,0.010
12420,0.018,0.009,0.000,0.010
12421,0.020,0.009,0.000,0.010
12422,0.027,0.009,0.000,0.013
12423,0.023,0.009,0.000,0.011
12424,0.023,0.009,0.000,0.011
12425,0.022,0.009,0.000,0.011
12426,0.022,0.009,0.000,0.011
12427,0.022,0.009,0.000,0.011
12428,0.023,0.009,0.000,0.011
12429,0.023,0.009,0.000,0.011
12430,0.023,0.009,0.000,0.011
12431,0.027,0.009,0.000,0.013
12432,0.023,0.009,0.000,0.011
12433,0.023,0.009,0.000,0.011
12434,0.023,0.009,0.000,0.011
12435,0.023,0.009,0.000,0.011
12436,0.020,0.009,0.000,0.010
12437,0.021,0.009,0.000,0.011
12438,0.027,0.009,0.000,0.013
12439,0.024,0.009,0.000,0.012
12440,0.022,0.009,0.000,0.011
12441,0.022,0.009,0.000,0.011
12442,0.025,0.009,0.000,0.012
12443,0.028,0.009,0.000,0.013
12444,0.028,0.009,0.000,0.013
12445,0.026,0.009,0.000,0.013
12446,0.026,0.009,0.000,0.013
12447,0.022,0.009,0.000,0.011
12448,0.022,0.009,0.000,0.011
12449,0.022,0.009,0.000,0.011
12450,0.020,0.009,0.000,0.010
12451,0.018,0.009,0.000,0.010
12452,0.018,0.009,0.000,0.010
12453,0.018,0.009,0.000,0.010
12454,0.018,0.009,0.000,0.010
12455,0.018,0.009,0.000,0.010
12456,0.018,0.009,0.000,0.010
12457,0.018,0.009,0.000,0.010
12458,0.018,0.009,0.000,0.010
12459,0.018,0.009,0.000,0.010
12460,0.018,0.009,0.000,0.010
12461,0.018,0.009,0.000,0.010
12462,0.018,0.009,0.000,0.010
12463,0.018,0.009,0.000,0.010
12464,0.018,0.009,0.000,0.010
12465,0.018,0.009,0.000,0.010
12466,0.018,0.009,0.000,0.010
12467,0.018,0.009,0.000,0.010
12468,0.018,0.009,0.000,0.010
12469,0.018,0.009,0.000,0.010
12470,0.018,0.009,0.000,0.010
12471,0.018,0.009,0.000,0.010
12472,0.018,0.009,0.000,0.010
12473,0.018,0.009,0.000,0.010
12474,0.018,0.009,0.000,0.010
12475,0.018,0.009,0.000,0.010
12476,0.018,0.009,0.000,0.010
12477,0.018,0.009,0.000,0.010
12478,0.018,0.009,0.000,0.010
12479,0.018,0.009,0.000,0.010
12480,0.018,0.009,0.000,0.010
12481,0.018,0.009,0.000,0.010
12482,0.018,0.009,0.000,0.010
12483,0.018,0.009,0.000,0.010
12484,0.018,0.009,0.000,0.010
12485,0.018,0.009,0.000,0.010
12486,0.018,0.009,0.000,0.010
12487,0.018,0.009,0.000,0.010
12488,0.018,0.009,0.000,0.010
12489,0.018,0.009,0.000,0.010
12490,0.018,0.009,0.000,0.010
12491,0.018,0.009,0.000,0.010
12492,0.018,0.009,0.000,0.010
12493,0.018,0.009,0.000,0.010
12494,0.018,0.009,0.000,0.010
12495,0.018,0.009,0.000,0.010
12496,0.018,0.009,0.000,0.010
12497,0.018,0.009,0.000,0.010
12498,0.018,0.009,0.000,0.010
12499,0.018,0.009,0.000,0.010
12500,0.018,0.009,0.000,0.010
12501,0.018,0.009,0.000,0.010
12502,0.018,0.009,0.000,0.010
12503,0.018,0.009,0.000,0.010
12504,0.018,0.009,0.000,0.010
12505,0.018,0.009,0.000,0.010
12506,0.018,0.009,0.000,0.010
12507,0.018,0.009,0.000,0.010
12508,0.018,0.009,0.000,0.010
12509,0.018,0.009,0.000,0.010
12510,0.018,0.009,0.000,0.010
12511,0.018,0.009,0.000,0.010
12512,0.018,0.009,0.000,0.010
12513,0.018,0.009,0.000,0.010
12514,0.018,0.009,0.000,0.010
12515,0.018,0.009,0.000,0.010
12516,0.018,0.009,0.000,0.010
12517,0.018,0.009,0.000,0.010
12518,0.018,0.009,0.000,0.010
12519,0.018,0.009,0.000,0.010
12520,0.018,0.009,0.000,0.010
12521,0.018,0.009,0.000,0.010
12522,0.018,0.009,0.000,0.010
12523,0.018,0.009,0.000,0.010
12524,0.018,0.009,0.000,0.010
12525,0.018,0.009,0.000,0.010
12526,0.018,0.009,0.000,0.010
12527,0.018,0.009,0.000,0.010
12528,0.018,0.009,0.000,0.010
12529,0.018,0.009,0.000,0.010
12530,0.018,0.009,0.000,0.010
12531,0.018,0.009,0.000,0.010
12532,0.018,0.009,0.000,0.010
12533,0.018,0.009,0.000,0.010
12534,0.018,0.009,0.000,0.010
12535,0.018,0.009,0.000,0.010
12536,0.018,0.009,0.000,0.010
12537,0.018,0.009,0.000,0.010
12538,0.018,0.009,0.000,0.010
12539,0.018,0.009,0.000,0.010
12540,0.018,0.009,0.000,0.010
12541,0.018,0.009,0.000,0.010
12542,0.018,0.009,0.000,0.010
12543,0.018,0.009,0.000,0.010
12544,0.018,0.009,0.000,0.010
12545,0.018,0.009,0.000,0.010
12546,0.018,0.009,0.000,0.010
12547,0.018,0.009,0.000,0.010
12548,0.018,0.009,0.000,0.010
12549,0.018,0.009,0.000,0.010
12550,0.018,0.009,0.000,0.010
12551,0.018,0.009,0.000,0.010
12552,0.018,0.009,0.000,0.010
12553,0.018,0.009,0.000,0.010
12554,0.018,0.009,0.000,0.010
12555,0.018,0.009,0.000,0.010
12556,0.018,0.009,0.000,0.010
12557,0.018,0.009,0.000,0.010
12558,0.018,0.009,0.000,0.010
12559,0.018,0.009,0.000,0.010
12560,0.018,0.009,0.000,0.010
12561,0.018,0.009,0.000,0.010
12562,0.018,0.009,0.000,0.010
12563,0.018,0.009,0.000,0.010
12564,0.018,0.009,0.000,0.010
12565,0.018,0.009,0.000,0.010
12566,0.018,0.009,0.000,0.010
12567,0.018,0.009,0.000,0.010
12568,0.018,0.009,0.000,0.010
12569,0.018,0.009,0.000,0.010
12570,0.018,0.009,0.000,0.010
12571,0.018,0.009,0.000,0.010
12572,0.018,0.009,0.000,0.010
12573,0.018,0.009,0.000,0.010
12574,0.018,0.009,0.000,0.010
12575,0.018,0.009,0.000,0.010
12576,0.018,0.009,0.000,0.010
12577,0.018,0.009,0.000,0.010
12578,0.018,0.009,0.000,0.010
12579,0.018,0.009,0.000,0.010
12580,0.018,0.009,0.000,0.010
12581,0.018,0.009,0.000,0.010
12582,0.018,0.009,0.000,0.010
12583,0.018,0.009,0.000,0.010
12584,0.018,0.009,0.000,0.010
12585,0.018,0.009,0.000,0.010
12586,0.018,0.009,0.000,0.010
12587,0.018,0.009,0.000,0.010
12588,0.018,0.009,0.000,0.010
12589,0.018,0.009,0.000,0.010
12590,0.018,0.009,0.000,0.010
12591,0.018,0.009,0.000,0.010
12592,0.018,0.009,0.000,0.010
12593,0.018,0.009,0.000,0.010
12594,0.018,0.009,0.000,0.010
12595,0.018,0.009,0.000,0.010
12596,0.018,0.009,0.000,0.010
12597,0.018,0.009,0.000,0.010
12598,0.018,0.009,0.000,0.010
12599,0.018,0.009,0.000,0.010
12600,0.018,0.009,0.000,0.010
12601,0.018,0.009,0.000,0.010
12602,0.018,0.009,0.000,0.010
12603,0.018,0.009,0.000,0.010
12604,0.018,0.009,0.000,0.010
12605,0.018,0.009,0.000,0.010
12606,0.018,0.009,0.000,0.010
12607,0.018,0.009,0.000,0.010
12608,0.018,0.009,0.000,0.010
12609,0.018,0.009,0.000,0.010
12610,0.018,0.009,0.000,0.010
12611,0.018,0.009,0.000,0.010
12612,0.018,0.009,0.000,0.010
12613,0.018,0.009,0.000,0.010
12614,0.018,0.009,0.000,0.010
12615,0.018,0.009,0.000,0.010
12616,0.018,0.009,0.000,0.010
12617,0.018,0.009,0.000,0.010
12618,0.018,0.009,0.000,0.010
12619,0.018,0.009,0.000,0.010
12620,0.018,0.009,0.000,0.010
12621,0.018,0.009,0.000,0.010
12622,0.018,0.009,0.000,0.010
12623,0.018,0.009,0.000,0.010
12624,0.018,0.009,0.000,0.010
12625,0.018,0.009,0.000,0.010
12626,0.018,0.009,0.000,0.010
12627,0.018,0.009,0.000,0.010
12628,0.018,0.009,0.000,0.010
12629,0.018,0.009,0.000,0.010
12630,0.018,0.009,0.000,0.010
12631,0.018,0.009,0.000,0.010
12632,0.018,0.009,0.000,0.010
12633,0.018,0.009,0.000,0.010
12634,0.018,0.009,0.000,0.010
12635,0.018,0.009,0.000,0.010
12636,0.018,0.009,0.000,0.010
12637,0.018,0.009,0.000,0.010
12638,0.018,0.009,0.000,0.010
12639,0.018,0.009,0.000,0.010
12640,0.018,0.009,0.000,0.010
12641,0.018,0.009,0.000,0.010
12642,0.018,0.009,0.000,0.010
12643,0.018,0.009,0.000,0.010
12644,0.018,0.009,0.000,0.010
12645,0.018,0.009,0.000,0.010
12646,0.018,0.009,0.000,0.010
12647,0.018,0.009,0.000,0.010
12648,0.018,0.009,0.000,0.010
12649,0.018,0.009,0.000,0.010
12650,0.018,0.009,0.000,0.010
12651,0.018,0.009,0.000,0.010
12652,0.018,0.009,0.000,0.010
12653,0.018,0.009,0.000,0.010
12654,0.018,0.009,0.000,0.010
12655,0.018,0.009,0.000,0.010
12656,0.018,0.009,0.000,0.010
12657,0.018,0.009,0.000,0.010
12658,0.018,0.009,0.000,0.010
12659,0.018,0.009,0.000,0.010
12660,0.018,0.009,0.000,0.010
12661,0.018,0.009,0.000,0.010
12662,0.018,0.009,0.000,0.010
12663,0.018,0.009,0.000,0.010
12664,0.018,0.009,0.000,0.010
12665,0.018,0.009,0.000,0.010
12666,0.018,0.009,0.000,0.010
12667,0.018,0.009,0.000,0.010
12668,0.018,0.009,0.000,0.010
12669,0.018,0.009,0.000,0.010
12670,0.018,0.009,0.000,0.010
12671,0.018,0.009,0.000,0.010
12672,0.018,0.009,0.000,0.010
12673,0.018,0.009,0.000,0.010
12674,0.018,0.009,0.000,0.010
12675,0.018,0.009,0.000,0.010
12676,0.018,0.009,0.000,0.010
12677,0.018,0.009,0.000,0.010
12678,0.018,0.009,0.000,0.010
12679,0.018,0.009,0.000,0.010
12680,0.018,0.009,0.000,0.010
12681,0.018,0.009,0.000,0.010
12682,0.018,0.009,0.000,0.010
12683,0.018,0.009,0.000,0.010
12684,0.018,0.009,0.000,0.010
12685,0.018,0.009,0.000,0.010
12686,0.018,0.009,0.000,0.010
12687,0.018,0.009,0.000,0.010
12688,0.018,0.009,0.000,0.010
12689,0.018,0.009,0.000,0.010
12690,0.018,0.009,0.000,0.010
12691,0.018,0.009,0.000,0.010
12692,0.018,0.009,0.000,0.010
12693,0.018,0.009,0.000,0.010
12694,0.018,0.009,0.000,0.010
12695,0.018,0.009,0.000,0.010
12696,0.018,0.009,0.000,0.010
12697,0.018,0.009,0.000,0.010
12698,0.018,0.009,0.000,0.010
12699,0.018,0.009,0.000,0.010
12700,0.018,0.009,0.000,0.010
12701,0.018,0.009,0.000,0.010
12702,0.018,0.009,0.000,0.010
12703,0.018,0.009,0.000,0.010
12704,0.018,0.009,0.000,0.010
12705,0.018,0.009,0.000,0.010
12706,0.018,0.009,0.000,0.010
12707,0.018,0.009,0.000,0.010
12708,0.018,0.009,0.000,0.010
12709,0.018,0.009,0.000,0.010
12710,0.018,0.009,0.000,0.010
12711,0.018,0.009,0.000,0.010
12712,0.018,0.009,0.000,0.010
12713,0.018,0.009,0.000,0.010
12714,0.018,0.009,0.000,0.010
12715,0.018,0.009,0.000,0.010
12716,0.018,0.009,0.000,0.010
12717,0.018,0.009,0.000,0.010
12718,0.018,0.009,0.000,0.010
12719,0.018,0.009,0.000,0.010
12720,0.018,0.009,0.000,0.010
12721,0.018,0.009,0.000,0.010
12722,0.018,0.009,0.000,0.010
12723,0.018,0.009,0.000,0.010
12724,0.018,0.009,0.000,0.010
12725,0.018,0.009,0.000,0.010
12726,0.018,0.009,0.000,0.010
12727,0.018,0.009,0.000,0.010
12728,0.018,0.009,0.000,0.010
12729,0.018,0.009,0.000,0.010
12730,0.018,0.009,0.000,0.010
12731,0.018,0.009,0.000,0.010
12732,0.018,0.009,0.000,0.010
12733,0.018,0.009,0.000,0.010
12734,0.018,0.009,0.000,0.010
12735,0.018,0.009,0.000,0.010
12736,0.018,0.009,0.000,0.010
12737,0.018,0.009,0.000,0.010
12738,0.018,0.009,0.000,0.010
12739,0.018,0.009,0.000,0.010
12740,0.018,0.009,0.000,0.010
12741,0.018,0.009,0.000,0.010
12742,0.018,0.009,0.000,0.010
12743,0.018,0.009,0.000,0.010
12744,0.018,0.009,0.000,0.010
12745,0.018,0.009,0.000,0.010
12746,0.018,0.009,0.000,0.010
12747,0.018,0.009,0.000,0.010
12748,0.018,0.009,0.000,0.010
12749,0.018,0.009,0.000,0.010
12750,0.018,0.009,0.000,0.010
12751,0.018,0.009,0.000,0.010
12752,0.018,0.009,0.000,0.010
12753,0.018,0.009,0.000,0.010
12754,0.018,0.009,0.000,0.010
12755,0.018,0.009,0.000,0.010
12756,0.018,0.009,0.000,0.010
12757,0.018,0.009,0.000,0.010
12758,0.018,0.009,0.000,0.010
12759,0.018,0.009,0.000,0.010
12760,0.018,0.009,0.000,0.010
12761,0.018,0.009,0.000,0.010
12762,0.018,0.009,0.000,0.010
12763,0.018,0.009,0.000,0.010
12764,0.018,0.009,0.000,0.010
12765,0.018,0.009,0.000,0.010
12766,0.018,0.009,0.000,0.010
12767,0.018,0.009,0.000,0.010
12768,0.018,0.009,0.000,0.010
12769,0.018,0.009,0.000,0.010
12770,0.018,0.009,0.000,0.010
12771,0.018,0.009,0.000,0.010
12772,0.018,0.009,0.000,0.010
12773,0.018,0.009,0.000,0.010
12774,0.018,0.009,0.000,0.010
12775,0.018,0.009,0.000,0.010
12776,0.018,0.009,0.000,0.010
12777,0.018,0.009,0.000,0.010
12778,0.018,0.009,0.000,0.010
12779,0.018,0.009,0.000,0.010
12780,0.018,0.009,0.000,0.010
12781,0.018,0.009,0.000,0.010
12782,0.018,0.009,0.000,0.010
12783,0.018,0.009,0.000,0.010
12784,0.018,0.009,0.000,0.010
12785,0.018,0.009,0.000,0.010
12786,0.018,0.009,0.000,0.010
12787,0.018,0.009,0.000,0.010
12788,0.018,0.009,0.000,0.010
12789,0.018,0.009,0.000,0.010
12790,0.018,0.009,0.000,0.010
12791,0.018,0.009,0.000,0.010
12792,0.018,0.009,0.000,0.010
12793,0.018,0.009,0.000,0.010
12794,0.018,0.009,0.000,0.010
12795,0.018,0.009,0.000,0.010
12796,0.018,0.009,0.000,0.010
12797,0.018,0.009,0.000,0.010
12798,0.018,0.009,0.000,0.010
12799,0.018,0.009,0.000,0.010
12800,0.018,0.009,0.000,0.010
12801,0.018,0.009,0.000,0.010
12802,0.018,0.009,0.000,0.010
12803,0.018,0.009,0.000,0.010
12804,0.018,0.009,0.000,0.010
12805,0.018,0.009,0.000,0.010
12806,0.018,0.009,0.000,0.010
12807,0.018,0.009,0.000,0.010
12808,0.018,0.009,0.000,0.010
12809,0.018,0.009,0.000,0.010
12810,0.018,0.009,0.000,0.010
12811,0.018,0.009,0.000,0.010
12812,0.018,0.009,0.000,0.010
12813,0.018,0.009,0.000,0.010
12814,0.018,0.009,0.000,0.010
12815,0.018,0.009,0.000,0.010
12816,0.018,0.009,0.000,0.010
12817,0.018,0.009,0.000,0.010
12818,0.018,0.009,0.000,0.010
12819,0.018,0.009,0.000,0.010
12820,0.018,0.009,0.000,0.010
12821,0.018,0.009,0.000,0.010
12822,0.018,0.009,0.000,0.010
12823,0.018,0.009,0.000,0.010
12824,0.018,0.009,0.000,0.010
12825,0.018,0.009,0.000,0.010
12826,0.018,0.009,0.000,0.010
12827,0.018,0.009,0.000,0.010
12828,0.018,0.009,0.000,0.010
12829,0.018,0.009,0.000,0.010
12830,0.018,0.009,0.000,0.010
12831,0.018,0.009,0.000,0.010
12832,0.018,0.009,0.000,0.010
12833,0.018,0.009,0.000,0.010
12834,0.018,0.009,0.000,0.010
12835,0.018,0.009,0.000,0.010
12836,0.018,0.009,0.000,0.010
12837,0.018,0.009,0.000,0.010
12838,0.018,0.009,0.000,0.010
12839,0.018,0.009,0.000,0.010
12840,0.018,0.009,0.000,0.010
12841,0.018,0.009,0.000,0.010
12842,0.018,0.009,0.000,0.010
12843,0.018,0.009,0.000,0.010
12844,0.018,0.009,0.000,0.010
12845,0.018,0.009,0.000,0.010
12846,0.018,0.009,0.000,0.010
12847,0.018,0.009,0.000,0.010
12848,0.018,0.009,0.000,0.010
12849,0.018,0.009,0.000,0.010
12850,0.018,0.009,0.000,0.010
12851,0.018,0.009,0.000,0.010
12852,0.018,0.009,0.000,0.010
12853,0.018,0.009,0.000,0.010
12854,0.018,0.009,0.000,0.010
12855,0.018,0.009,0.000,0.010
12856,0.018,0.009,0.000,0.010
12857,0.018,0.009,0.000,0.010
12858,0.018,0.009,0.000,0.010
12859,0.018,0.009,0.000,0.010
12860,0.018,0.009,0.000,0.010
12861,0.018,0.009,0.000,0.010
12862,0.018,0.009,0.000,0.010
12863,0.018,0.009,0.000,0.010
12864,0.018,0.009,0.000,0.010
12865,0.018,0.009,0.000,0.010
12866,0.018,0.009,0.000,0.010
12867,0.018,0.009,0.000,0.010
12868,0.018,0.009,0.000,0.010
12869,0.018,0.009,0.000,0.010
12870,0.018,0.009,0.000,0.010
12871,0.018,0.009,0.000,0.010
12872,0.018,0.009,0.000,0.010
12873,0.018,0.009,0.000,0.010
12874,0.018,0.009,0.000,0.010
12875,0.018,0.009,0.000,0.010
12876,0.018,0.009,0.000,0.010
12877,0.018,0.009,0.000,0.010
12878,0.018,0.009,0.000,0.010
12879,0.018,0.009,0.000,0.010
12880,0.018,0.009,0.000,0.010
12881,0.018,0.009,0.000,0.010
12882,0.018,0.009,0.000,0.010
12883,0.018,0.009,0.000,0.010
12884,0.018,0.009,0.000,0.010
12885,0.018,0.009,0.000,0.010
12886,0.018,0.009,0.000,0.010
12887,0.018,0.009,0.000,0.010
12888,0.018,0.009,0.000,0.010
12889,0.018,0.009,0.000,0.010
12890,0.018,0.009,0.000,0.010
12891,0.018,0.009,0.000,0.010
12892,0.018,0.009,0.000,0.010
12893,0.018,0.009,0.000,0.010
12894,0.018,0.009,0.000,0.010
12895,0.018,0.009,0.000,0.010
12896,0.018,0.009,0.000,0.010
12897,0.018,0.009,0.000,0.010
12898,0.018,0.009,0.000,0.010
12899,0.018,0.009,0.000,0.010
12900,0.018,0.009,0.000,0.010
12901,0.018,0.009,0.000,0.010
12902,0.018,0.009,0.000,0.010
12903,0.018,0.009,0.000,0.010
12904,0.018,0.009,0.000,0.010
12905,0.018,0.009,0.000,0.010
12906,0.018,0.009,0.000,0.010
12907,0.018,0.009,0.000,0.010
12908,0.018,0.009,0.000,0.010
12909,0.018,0.009,0.000,0.010
12910,0.018,0.009,0.000,0.010
12911,0.018,0.009,0.000,0.010
12912,0.018,0.009,0.000,0.010
12913,0.018,0.009,0.000,0.010
12914,0.018,0.009,0.000,0.010
12915,0.018,0.009,0.000,0.010
12916,0.018,0.009,0.000,0.010
12917,0.018,0.009,0.000,0.010
12918,0.018,0.009,0.000,0.010
12919,0.018,0.009,0.000,0.010
12920,0.018,0.009,0.000,0.010
12921,0.018,0.009,0.000,0.010
12922,0.018,0.009,0.000,0.010
12923,0.018,0.009,0.000,0.010
12924,0.018,0.009,0.000,0.010
12925,0.018,0.009,0.000,0.010
12926,0.018,0.009,0.000,0.010
12927,0.018,0.009,0.000,0.010
12928,0.018,0.009,0.000,0.010
12929,0.018,0.009,0.000,0.010
12930,0.018,0.009,0.000,0.010
12931,0.018,0.009,0.000,0.010
12932,0.018,0.009,0.000,0.010
12933,0.018,0.009,0.000,0.010
12934,0.018,0.009,0.000,0.010
12935,0.018,0.009,0.000,0.010
12936,0.018,0.009,0.000,0.010
12937,0.018,0.009,0.000,0.010
12938,0.018,0.009,0.000,0.010
12939,0.018,0.009,0.000,0.010
12940,0.018,0.009,0.000,0.010
12941,0.018,0.009,0.000,0.010
12942,0.018,0.009,0.000,0.010
12943,0.018,0.009,0.000,0.010
12944,0.018,0.009,0.000,0.010
12945,0.018,0.009,0.000,0.010
12946,0.018,0.009,0.000,0.010
12947,0.018,0.009,0.000,0.010
12948,0.018,0.009,0.000,0.010
12949,0.018,0.009,0.000,0.010
12950,0.018,0.009,0.000,0.010
12951,0.018,0.009,0.000,0.010
12952,0.018,0.009,0.000,0.010
12953,0.018,0.009,0.000,0.010
12954,0.018,0.009,0.000,0.010
12955,0.018,0.009,0.000,0.010
12956,0.018,0.009,0.000,0.010
12957,0.018,0.009,0.000,0.010
12958,0.018,0.009,0.000,0.010
12959,0.018,0.009,0.000,0.010
12960,0.018,0.009,0.000,0.010
12961,0.018,0.009,0.000,0.010
12962,0.018,0.009,0.000,0.010
12963,0.018,0.009,0.000,0.010
12964,0.018,0.009,0.000,0.010
12965,0.018,0.009,0.000,0.010
12966,0.018,0.009,0.000,0.010
12967,0.018,0.009,0.000,0.010
12968,0.018,0.009,0.000,0.010
12969,0.018,0.009,0.000,0.010
12970,0.018,0.009,0.000,0.010
12971,0.018,0.009,0.000,0.010
12972,0.018,0.009,0.000,0.010
12973,0.018,0.009,0.000,0.010
12974,0.018,0.009,0.000,0.010
12975,0.018,0.009,0.000,0.010
12976,0.018,0.009,0.000,0.010
12977,0.018,0.009,0.000,0.010
12978,0.018,0.009,0.000,0.010
12979,0.018,0.009,0.000,0.010
12980,0.018,0.009,0.000,0.010
12981,0.018,0.009,0.000,0.010
12982,0.018,0.009,0.000,0.010
12983,0.018,0.009,0.000,0.010
12984,0.018,0.009,0.000,0.010
12985,0.018,0.009,0.000,0.010
12986,0.018,0.009,0.000,0.010
12987,0.018,0.009,0.000,0.010
12988,0.018,0.009,0.000,0.010
12989,0.018,0.009,0.000,0.010
12990,0.018,0.009,0.000,0.010
12991,0.018,0.009,0.000,0.010
12992,0.018,0.009,0.000,0.010
12993,0.018,0.009,0.000,0.010
12994,0.018,0.009,0.000,0.010
12995,0.018,0.009,0.000,0.010
12996,0.018,0.009,0.000,0.010
12997,0.018,0.009,0.000,0.010
12998,0.018,0.009,0.000,0.010
12999,0.018,0.009,0.000,0.010
13000,0.018,0.009,0.000,0.010
13001,0.018,0.009,0.000,0.010
13002,0.018,0.009,0.000,0.010
13003,0.018,0.009,0.000,0.010
13004,0.018,0.009,0.000,0.010
13005,0.018,0.009,0.000,0.010
13006,0.018,0.009,0.000,0.010
13007,0.018,0.009,0.000,0.010
13008,0.018,0.009,0.000,0.010
13009,0.018,0.009,0.000,0.010
13010,0.018,0.009,0.000,0.010
13011,0.018,0.009,0.000,0.010
13012,0.018,0.009,0.000,0.010
13013,0.018,0.009,0.000,0.010
13014,0.018,0.009,0.000,0.010
13015,0.018,0.009,0.000,0.010
13016,0.018,0.009,0.000,0.010
13017,0.018,0.009,0.000,0.010
13018,0.018,0.009,0.000,0.010
13019,0.018,0.009,0.000,0.010
13020,0.018,0.009,0.000,0.010
13021,0.018,0.009,0.000,0.010
13022,0.018,0.009,0.000,0.010
13023,0.018,0.009,0.000,0.010
13024,0.018,0.009,0.000,0.010
13025,0.018,0.009,0.000,0.010
13026,0.018,0.009,0.000,0.010
13027,0.018,0.009,0.000,0.010
13028,0.018,0.009,0.000,0.010
13029,0.018,0.009,0.000,0.010
13030,0.018,0.009,0.000,0.010
13031,0.018,0.009,0.000,0.010
13032,0.018,0.009,0.000,0.010
13033,0.018,0.009,0.000,0.010
13034,0.018,0.009,0.000,0.010
13035,0.018,0.009,0.000,0.010
13036,0.018,0.009,0.000,0.010
13037,0.018,0.009,0.000,0.010
13038,0.018,0.009,0.000,0.010
13039,0.018,0.009,0.000,0.010
13040,0.018,0.009,0.000,0.010
13041,0.018,0.009,0.000,0.010
13042,0.018,0.009,0.000,0.010
13043,0.018,0.009,0.000,0.010
13044,0.018,0.009,0.000,0.010
13045,0.018,0.009,0.000,0.010
13046,0.018,0.009,0.000,0.010
13047,0.018,0.009,0.000,0.010
13048,0.018,0.009,0.000,0.010
13049,0.018,0.009,0.000,0.010
13050,0.018,0.009,0.000,0.010
13051,0.018,0.009,0.000,0.010
13052,0.018,0.009,0.000,0.010
13053,0.018,0.009,0.000,0.010
13054,0.018,0.009,0.000,0.010
13055,0.018,0.009,0.000,0.010
13056,0.018,0.009,0.000,0.010
13057,0.018,0.009,0.000,0.010
13058,0.018,0.009,0.000,0.010
13059,0.018,0.009,0.000,0.010
13060,0.018,0.009,0.000,0.010
13061,0.018,0.009,0.000,0.010
13062,0.018,0.009,0.000,0.010
13063,0.018,0.009,0.000,0.010
13064,0.018,0.009,0.000,0.010
13065,0.018,0.009,0.000,0.010
13066,0.018,0.009,0.000,0.010
13067,0.018,0.009,0.000,0.010
13068,0.021,0.009,0.000,0.011
13069,0.027,0.009,0.000,0.013
13070,0.030,0.009,0.000,0.014
13071,0.029,0.009,0.000,0.014
13072,0.031,0.009,0.000,0.014
13073,0.033,0.009,0.000,0.015
13074,0.033,0.009,0.000,0.015
13075,0.036,0.009,0.000,0.016
13076,0.037,0.009,0.000,0.017
13077,0.036,0.009,0.000,0.016
13078,0.037,0.009,0.000,0.017
13079,0.038,0.009,0.000,0.017
13080,0.036,0.009,0.000,0.016
13081,0.037,0.009,0.000,0.017
13082,0.036,0.009,0.000,0.016
13083,0.033,0.009,0.000,0.015
13084,0.031,0.009,0.000,0.014
13085,0.031,0.009,0.000,0.014
13086,0.031,0.009,0.000,0.014
13087,0.031,0.009,0.000,0.014
13088,0.030,0.009,0.000,0.014
13089,0.032,0.009,0.000,0.015
13090,0.033,0.009,0.000,0.015
13091,0.032,0.009,0.000,0.015
13092,0.029,0.009,0.000,0.014
13093,0.029,0.009,0.000,0.014
13094,0.031,0.009,0.000,0.014
13095,0.030,0.009,0.000,0.014
13096,0.031,0.009,0.000,0.014
13097,0.028,0.009,0.000,0.013
13098,0.027,0.009,0.000,0.013
13099,0.027,0.009,0.000,0.013
13100,0.027,0.009,0.000,0.013
13101,0.028,0.009,0.000,0.013
13102,0.025,0.009,0.000,0.012
13103,0.025,0.009,0.000,0.012
13104,0.025,0.009,0.000,0.012
13105,0.029,0.009,0.000,0.013
13106,0.028,0.009,0.000,0.013
13107,0.028,0.009,0.000,0.013
13108,0.028,0.009,0.000,0.013
13109,0.028,0.009,0.000,0.013
13110,0.028,0.009,0.000,0.013
13111,0.029,0.009,0.000,0.014
13112,0.026,0.009,0.000,0.013
13113,0.025,0.009,0.000,0.012
13114,0.024,0.009,0.000,0.012
13115,0.024,0.009,0.000,0.012
13116,0.025,0.009,0.000,0.012
13117,0.024,0.009,0.000,0.012
13118,0.027,0.009,0.000,0.013
13119,0.024,0.009,0.000,0.012
13120,0.025,0.009,0.000,0.012
13121,0.021,0.009,0.000,0.011
13122,0.021,0.009,0.000,0.011
13123,0.021,0.009,0.000,0.011
13124,0.023,0.009,0.000,0.012
13125,0.023,0.009,0.000,0.012
13126,0.023,0.009,0.000,0.012
13127,0.027,0.009,0.000,0.013
13128,0.022,0.009,0.000,0.011
13129,0.021,0.009,0.000,0.011
13130,0.020,0.009,0.000,0.010
13131,0.019,0.009,0.000,0.010
13132,0.019,0.009,0.000,0.010
13133,0.020,0.009,0.000,0.010
13134,0.024,0.009,0.000,0.012
13135,0.020,0.009,0.000,0.011
13136,0.021,0.009,0.000,0.011
13137,0.022,0.009,0.000,0.011
13138,0.023,0.009,0.000,0.011
13139,0.020,0.009,0.000,0.010
13140,0.021,0.009,0.000,0.011
13141,0.020,0.009,0.000,0.010
13142,0.020,0.009,0.000,0.010
13143,0.020,0.009,0.000,0.010
13144,0.025,0.009,0.000,0.012
13145,0.026,0.009,0.000,0.012
13146,0.021,0.009,0.000,0.011
13147,0.020,0.009,0.000,0.010
13148,0.020,0.009,0.000,0.010
13149,0.020,0.009,0.000,0.010
13150,0.020,0.009,0.000,0.010
13151,0.020,0.009,0.000,0.010
13152,0.020,0.009,0.000,0.010
13153,0.022,0.009,0.000,0.011
13154,0.020,0.009,0.000,0.010
13155,0.019,0.009,0.000,0.010
13156,0.019,0.009,0.000,0.010
13157,0.019,0.009,0.000,0.010
13158,0.019,0.009,0.000,0.010
13159,0.019,0.009,0.000,0.010
13160,0.019,0.009,0.000,0.010
13161,0.019,0.009,0.000,0.010
13162,0.019,0.009,0.000,0.010
13163,0.019,0.009,0.000,0.010
13164,0.019,0.009,0.000,0.010
13165,0.019,0.009,0.000,0.010
13166,0.019,0.009,0.000,0.010
13167,0.019,0.009,0.000,0.010
13168,0.019,0.009,0.000,0.010
13169,0.019,0.009,0.000,0.010
13170,0.019,0.009,0.000,0.010
13171,0.019,0.009,0.000,0.010
13172,0.019,0.009,0.000,0.010
13173,0.019,0.009,0.000,0.010
13174,0.019,0.009,0.000,0.010
13175,0.019,0.009,0.000,0.010
13176,0.021,0.009,0.000,0.011
13177,0.019,0.009,0.000,0.010
13178,0.019,0.009,0.000,0.010
13179,0.019,0.009,0.000,0.010
13180,0.019,0.009,0.000,0.010
13181,0.019,0.009,0.000,0.010
13182,0.019,0.009,0.000,0.010
13183,0.019,0.009,0.000,0.010
13184,0.019,0.009,0.000,0.010
13185,0.019,0.009,0.000,0.010
13186,0.019,0.009,0.000,0.010
13187,0.019,0.009,0.000,0.010
13188,0.019,0.009,0.000,0.010
13189,0.019,0.009,0.000,0.010
13190,0.019,0.009,0.000,0.010
13191,0.019,0.009,0.000,0.010
13192,0.019,0.009,0.000,0.010
13193,0.019,0.009,0.000,0.010
13194,0.019,0.009,0.000,0.010
13195,0.019,0.009,0.000,0.010
13196,0.019,0.009,0.000,0.010
13197,0.019,0.009,0.000,0.010
13198,0.019,0.009,0.000,0.010
13199,0.019,0.009,0.000,0.010
13200,0.019,0.009,0.000,0.010
13201,0.021,0.009,0.000,0.011
13202,0.019,0.009,0.000,0.010
13203,0.019,0.009,0.000,0.010
13204,0.019,0.009,0.000,0.010
13205,0.019,0.009,0.000,0.010
13206,0.019,0.009,0.000,0.010
13207,0.019,0.009,0.000,0.010
13208,0.019,0.009,0.000,0.010
13209,0.019,0.009,0.000,0.010
13210,0.019,0.009,0.000,0.010
13211,0.019,0.009,0.000,0.010
13212,0.019,0.009,0.000,0.010
13213,0.019,0.009,0.000,0.010
13214,0.019,0.009,0.000,0.010
13215,0.019,0.009,0.000,0.010
13216,0.019,0.009,0.000,0.010
13217,0.019,0.009,0.000,0.010
13218,0.019,0.009,0.000,0.010
13219,0.019,0.009,0.000,0.010
13220,0.019,0.009,0.000,0.010
13221,0.019,0.009,0.000,0.010
13222,0.019,0.009,0.000,0.010
13223,0.019,0.009,0.000,0.010
13224,0.019,0.009,0.000,0.010
13225,0.019,0.009,0.000,0.010
13226,0.019,0.009,0.000,0.010
13227,0.019,0.009,0.000,0.010
13228,0.019,0.009,0.000,0.010
13229,0.019,0.009,0.000,0.010
13230,0.019,0.009,0.000,0.010
13231,0.019,0.009,0.000,0.010
13232,0.019,0.009,0.000,0.010
13233,0.019,0.009,0.000,0.010
13234,0.019,0.009,0.000,0.010
13235,0.019,0.009,0.000,0.010
13236,0.019,0.009,0.000,0.010
13237,0.019,0.009,0.000,0.010
13238,0.019,0.009,0.000,0.010
13239,0.019,0.009,0.000,0.010
13240,0.019,0.009,0.000,0.010
13241,0.019,0.009,0.000,0.010
13242,0.019,0.009,0.000,0.010
13243,0.019,0.009,0.000,0.010
13244,0.019,0.009,0.000,0.010
13245,0.019,0.009,0.000,0.010
13246,0.019,0.009,0.000,0.010
13247,0.019,0.009,0.000,0.010
13248,0.019,0.009,0.000,0.010
13249,0.019,0.009,0.000,0.010
13250,0.019,0.009,0.000,0.010
13251,0.019,0.009,0.000,0.010
13252,0.019,0.009,0.000,0.010
13253,0.019,0.009,0.000,0.010
13254,0.019,0.009,0.000,0.010
13255,0.019,0.009,0.000,0.010
13256,0.019,0.009,0.000,0.010
13257,0.019,0.009,0.000,0.010
13258,0.019,0.009,0.000,0.010
13259,0.019,0.009,0.000,0.010
13260,0.019,0.009,0.000,0.010
13261,0.019,0.009,0.000,0.010
13262,0.019,0.009,0.000,0.010
13263,0.019,0.009,0.000,0.010
13264,0.019,0.009,0.000,0.010
13265,0.019,0.009,0.000,0.010
13266,0.019,0.009,0.000,0.010
13267,0.019,0.009,0.000,0.010
13268,0.019,0.009,0.000,0.010
13269,0.019,0.009,0.000,0.010
13270,0.019,0.009,0.000,0.010
13271,0.019,0.009,0.000,0.010
13272,0.019,0.009,0.000,0.010
13273,0.019,0.009,0.000,0.010
13274,0.019,0.009,0.000,0.010
13275,0.019,0.009,0.000,0.010
13276,0.019,0.009,0.000,0.010
13277,0.019,0.009,0.000,0.010
13278,0.019,0.009,0.000,0.010
13279,0.019,0.009,0.000,0.010
13280,0.019,0.009,0.000,0.010
13281,0.019,0.009,0.000,0.010
13282,0.019,0.009,0.000,0.010
13283,0.019,0.009,0.000,0.010
13284,0.019,0.009,0.000,0.010
13285,0.019,0.009,0.000,0.010
13286,0.019,0.009,0.000,0.010
13287,0.019,0.009,0.000,0.010
13288,0.019,0.009,0.000,0.010
13289,0.019,0.009,0.000,0.010
13290,0.019,0.009,0.000,0.010
13291,0.019,0.009,0.000,0.010
13292,0.019,0.009,0.000,0.010
13293,0.019,0.009,0.000,0.010
13294,0.019,0.009,0.000,0.010
13295,0.019,0.009,0.000,0.010
13296,0.019,0.009,0.000,0.010
13297,0.019,0.009,0.000,0.010
13298,0.019,0.009,0.000,0.010
13299,0.019,0.009,0.000,0.010
13300,0.019,0.009,0.000,0.010
13301,0.019,0.009,0.000,0.010
13302,0.019,0.009,0.000,0.010
13303,0.019,0.009,0.000,0.010
13304,0.019,0.009,0.000,0.010
13305,0.019,0.009,0.000,0.010
13306,0.019,0.009,0.000,0.010
13307,0.019,0.009,0.000,0.010
13308,0.019,0.009,0.000,0.010
13309,0.019,0.009,0.000,0.010
13310,0.019,0.009,0.000,0.010
13311,0.019,0.009,0.000,0.010
13312,0.019,0.009,0.000,0.010
13313,0.019,0.009,0.000,0.010
13314,0.019,0.009,0.000,0.010
13315,0.019,0.009,0.000,0.010
13316,0.019,0.009,0.000,0.010
13317,0.019,0.009,0.000,0.010
13318,0.019,0.009,0.000,0.010
13319,0.019,0.009,0.000,0.010
13320,0.019,0.009,0.000,0.010
13321,0.019,0.009,0.000,0.010
13322,0.019,0.009,0.000,0.010
13323,0.019,0.009,0.000,0.010
13324,0.019,0.009,0.000,0.010
13325,0.019,0.009,0.000,0.010
13326,0.019,0.009,0.000,0.010
13327,0.019,0.009,0.000,0.010
13328,0.019,0.009,0.000,0.010
13329,0.019,0.009,0.000,0.010
13330,0.019,0.009,0.000,0.010
13331,0.019,0.009,0.000,0.010
13332,0.019,0.009,0.000,0.010
13333,0.019,0.009,0.000,0.010
13334,0.019,0.009,0.000,0.010
13335,0.019,0.009,0.000,0.010
13336,0.019,0.009,0.000,0.010
13337,0.019,0.009,0.000,0.010
13338,0.019,0.009,0.000,0.010
13339,0.019,0.009,0.000,0.010
13340,0.019,0.009,0.000,0.010
13341,0.019,0.009,0.000,0.010
13342,0.019,0.009,0.000,0.010
13343,0.019,0.009,0.000,0.010
13344,0.019,0.009,0.000,0.010
13345,0.019,0.009,0.000,0.010
13346,0.019,0.009,0.000,0.010
13347,0.019,0.009,0.000,0.010
13348,0.019,0.009,0.000,0.010
13349,0.019,0.009,0.000,0.010
13350,0.019,0.009,0.000,0.010
13351,0.019,0.009,0.000,0.010
13352,0.019,0.009,0.000,0.010
13353,0.019,0.009,0.000,0.010
13354,0.019,0.009,0.000,0.010
13355,0.019,0.009,0.000,0.010
13356,0.019,0.009,0.000,0.010
13357,0.019,0.009,0.000,0.010
13358,0.019,0.009,0.000,0.010
13359,0.019,0.009,0.000,0.010
13360,0.019,0.009,0.000,0.010
13361,0.019,0.009,0.000,0.010
13362,0.019,0.009,0.000,0.010
13363,0.019,0.009,0.000,0.010
13364,0.019,0.009,0.000,0.010
13365,0.019,0.009,0.000,0.010
13366,0.019,0.009,0.000,0.010
13367,0.019,0.009,0.000,0.010
13368,0.019,0.009,0.000,0.010
13369,0.019,0.009,0.000,0.010
13370,0.019,0.009,0.000,0.010
13371,0.019,0.009,0.000,0.010
13372,0.019,0.009,0.000,0.010
13373,0.019,0.009,0.000,0.010
13374,0.019,0.009,0.000,0.010
13375,0.019,0.009,0.000,0.010
13376,0.019,0.009,0.000,0.010
13377,0.019,0.009,0.000,0.010
13378,0.019,0.009,0.000,0.010
13379,0.019,0.009,0.000,0.010
13380,0.019,0.009,0.000,0.010
13381,0.019,0.009,0.000,0.010
13382,0.019,0.009,0.000,0.010
13383,0.019,0.009,0.000,0.010
13384,0.019,0.009,0.000,0.010
13385,0.019,0.009,0.000,0.010
13386,0.019,0.009,0.000,0.010
13387,0.019,0.009,0.000,0.010
13388,0.019,0.009,0.000,0.010
13389,0.019,0.009,0.000,0.010
13390,0.019,0.009,0.000,0.010
13391,0.019,0.009,0.000,0.010
13392,0.019,0.009,0.000,0.010
13393,0.019,0.009,0.000,0.010
13394,0.019,0.009,0.000,0.010
13395,0.019,0.009,0.000,0.010
13396,0.019,0.009,0.000,0.010
13397,0.019,0.009,0.000,0.010
13398,0.019,0.009,0.000,0.010
13399,0.019,0.009,0.000,0.010
13400,0.019,0.009,0.000,0.010
13401,0.019,0.009,0.000,0.010
13402,0.019,0.009,0.000,0.010
13403,0.019,0.009,0.000,0.010
13404,0.019,0.009,0.000,0.010
13405,0.019,0.009,0.000,0.010
13406,0.019,0.009,0.000,0.010
13407,0.019,0.009,0.000,0.010
13408,0.019,0.009,0.000,0.010
13409,0.019,0.009,0.000,0.010
13410,0.019,0.009,0.000,0.010
13411,0.019,0.009,0.000,0.010
13412,0.019,0.009,0.000,0.010
13413,0.019,0.009,0.000,0.010
13414,0.019,0.009,0.000,0.010
13415,0.019,0.009,0.000,0.010
13416,0.019,0.009,0.000,0.010
13417,0.019,0.009,0.000,0.010
13418,0.019,0.009,0.000,0.010
13419,0.019,0.009,0.000,0.010
13420,0.019,0.009,0.000,0.010
13421,0.019,0.009,0.000,0.010
13422,0.019,0.009,0.000,0.010
13423,0.019,0.009,0.000,0.010
13424,0.019,0.009,0.000,0.010
13425,0.019,0.009,0.000,0.010
13426,0.019,0.009,0.000,0.010
13427,0.019,0.009,0.000,0.010
13428,0.019,0.009,0.000,0.010
13429,0.019,0.009,0.000,0.010
13430,0.019,0.009,0.000,0.010
13431,0.019,0.009,0.000,0.010
13432,0.019,0.009,0.000,0.010
13433,0.019,0.009,0.000,0.010
13434,0.019,0.009,0.000,0.010
13435,0.019,0.009,0.000,0.010
13436,0.019,0.009,0.000,0.010
13437,0.019,0.009,0.000,0.010
13438,0.019,0.009,0.000,0.010
13439,0.019,0.009,0.000,0.010
13440,0.019,0.009,0.000,0.010
13441,0.019,0.009,0.000,0.010
13442,0.019,0.009,0.000,0.010
13443,0.019,0.009,0.000,0.010
13444,0.019,0.009,0.000,0.010
13445,0.019,0.009,0.000,0.010
13446,0.019,0.009,0.000,0.010
13447,0.019,0.009,0.000,0.010
13448,0.019,0.009,0.000,0.010
13449,0.019,0.009,0.000,0.010
13450,0.019,0.009,0.000,0.010
13451,0.019,0.009,0.000,0.010
13452,0.019,0.009,0.000,0.010
13453,0.019,0.009,0.000,0.010
13454,0.019,0.009,0.000,0.010
13455,0.019,0.009,0.000,0.010
13456,0.019,0.009,0.000,0.010
13457,0.019,0.009,0.000,0.010
13458,0.019,0.009,0.000,0.010
13459,0.019,0.009,0.000,0.010
13460,0.019,0.009,0.000,0.010
13461,0.019,0.009,0.000,0.010
13462,0.019,0.009,0.000,0.010
13463,0.019,0.009,0.000,0.010
13464,0.019,0.009,0.000,0.010
13465,0.019,0.009,0.000,0.010
13466,0.019,0.009,0.000,0.010
13467,0.019,0.009,0.000,0.010
13468,0.019,0.009,0.000,0.010
13469,0.019,0.009,0.000,0.010
13470,0.019,0.009,0.000,0.010
13471,0.019,0.009,0.000,0.010
13472,0.019,0.009,0.000,0.010
13473,0.019,0.009,0.000,0.010
13474,0.019,0.009,0.000,0.010
13475,0.019,0.009,0.000,0.010
13476,0.019,0.009,0.000,0.010
13477,0.019,0.009,0.000,0.010
13478,0.019,0.009,0.000,0.010
13479,0.019,0.009,0.000,0.010
13480,0.019,0.009,0.000,0.010
13481,0.019,0.009,0.000,0.010
13482,0.019,0.009,0.000,0.010
13483,0.019,0.009,0.000,0.010
13484,0.019,0.009,0.000,0.010
13485,0.019,0.009,0.000,0.010
13486,0.019,0.009,0.000,0.010
13487,0.019,0.009,0.000,0.010
13488,0.019,0.009,0.000,0.010
13489,0.019,0.009,0.000,0.010
13490,0.019,0.009,0.000,0.010
13491,0.019,0.009,0.000,0.010
13492,0.019,0.009,0.000,0.010
13493,0.019,0.009,0.000,0.010
13494,0.019,0.009,0.000,0.010
13495,0.019,0.009,0.000,0.010
13496,0.019,0.009,0.000,0.010
13497,0.019,0.009,0.000,0.010
13498,0.019,0.009,0.000,0.010
13499,0.019,0.009,0.000,0.010
13500,0.019,0.009,0.000,0.010
13501,0.019,0.009,0.000,0.010
13502,0.019,0.009,0.000,0.010
13503,0.019,0.009,0.000,0.010
13504,0.019,0.009,0.000,0.010
13505,0.019,0.009,0.000,0.010
13506,0.019,0.009,0.000,0.010
13507,0.019,0.009,0.000,0.010
13508,0.019,0.009,0.000,0.010
13509,0.019,0.009,0.000,0.010
13510,0.019,0.009,0.000,0.010
13511,0.019,0.009,0.000,0.010
13512,0.019,0.009,0.000,0.010
13513,0.019,0.009,0.000,0.010
13514,0.019,0.009,0.000,0.010
13515,0.019,0.009,0.000,0.010
13516,0.019,0.009,0.000,0.010
13517,0.019,0.009,0.000,0.010
13518,0.019,0.009,0.000,0.010
13519,0.019,0.009,0.000,0.010
13520,0.019,0.009,0.000,0.010
13521,0.019,0.009,0.000,0.010
13522,0.019,0.009,0.000,0.010
13523,0.019,0.009,0.000,0.010
13524,0.019,0.009,0.000,0.010
13525,0.019,0.009,0.000,0.010
13526,0.019,0.009,0.000,0.010
13527,0.019,0.009,0.000,0.010
13528,0.019,0.009,0.000,0.010
13529,0.019,0.009,0.000,0.010
13530,0.019,0.009,0.000,0.010
13531,0.019,0.009,0.000,0.010
13532,0.019,0.009,0.000,0.010
13533,0.019,0.009,0.000,0.010
13534,0.019,0.009,0.000,0.010
13535,0.019,0.009,0.000,0.010
13536,0.019,0.009,0.000,0.010
13537,0.019,0.009,0.000,0.010
13538,0.019,0.009,0.000,0.010
13539,0.019,0.009,0.000,0.010
13540,0.019,0.009,0.000,0.010
13541,0.019,0.009,0.000,0.010
13542,0.019,0.009,0.000,0.010
13543,0.019,0.009,0.000,0.010
13544,0.019,0.009,0.000,0.010
13545,0.019,0.009,0.000,0.010
13546,0.019,0.009,0.000,0.010
13547,0.019,0.009,0.000,0.010
13548,0.019,0.009,0.000,0.010
13549,0.019,0.009,0.000,0.010
13550,0.019,0.009,0.000,0.010
13551,0.019,0.009,0.000,0.010
13552,0.019,0.009,0.000,0.010
13553,0.019,0.009,0.000,0.010
13554,0.019,0.009,0.000,0.010
13555,0.019,0.009,0.000,0.010
13556,0.019,0.009,0.000,0.010
13557,0.019,0.009,0.000,0.010
13558,0.019,0.009,0.000,0.010
13559,0.019,0.009,0.000,0.010
13560,0.019,0.009,0.000,0.010
13561,0.019,0.009,0.000,0.010
13562,0.019,0.009,0.000,0.010
13563,0.019,0.009,0.000,0.010
13564,0.019,0.009,0.000,0.010
13565,0.019,0.009,0.000,0.010
13566,0.019,0.009,0.000,0.010
13567,0.019,0.009,0.000,0.010
13568,0.019,0.009,0.000,0.010
13569,0.019,0.009,0.000,0.010
13570,0.019,0.009,0.000,0.010
13571,0.019,0.009,0.000,0.010
13572,0.019,0.009,0.000,0.010
13573,0.019,0.009,0.000,0.010
13574,0.019,0.009,0.000,0.010
13575,0.019,0.009,0.000,0.010
13576,0.019,0.009,0.000,0.010
13577,0.019,0.009,0.000,0.010
13578,0.019,0.009,0.000,0.010
13579,0.019,0.009,0.000,0.010
13580,0.019,0.009,0.000,0.010
13581,0.019,0.009,0.000,0.010
13582,0.019,0.009,0.000,0.010
13583,0.019,0.009,0.000,0.010
13584,0.019,0.009,0.000,0.010
13585,0.019,0.009,0.000,0.010
13586,0.019,0.009,0.000,0.010
13587,0.019,0.009,0.000,0.010
13588,0.019,0.009,0.000,0.010
13589,0.019,0.009,0.000,0.010
13590,0.019,0.009,0.000,0.010
13591,0.019,0.009,0.000,0.010
13592,0.019,0.009,0.000,0.010
13593,0.019,0.009,0.000,0.010
13594,0.019,0.009,0.000,0.010
13595,0.019,0.009,0.000,0.010
13596,0.019,0.009,0.000,0.010
13597,0.019,0.009,0.000,0.010
13598,0.019,0.009,0.000,0.010
13599,0.019,0.009,0.000,0.010
13600,0.019,0.009,0.000,0.010
13601,0.019,0.009,0.000,0.010
13602,0.019,0.009,0.000,0.010
13603,0.019,0.009,0.000,0.010
13604,0.019,0.009,0.000,0.010
13605,0.019,0.009,0.000,0.010
13606,0.019,0.009,0.000,0.010
13607,0.019,0.009,0.000,0.010
13608,0.019,0.009,0.000,0.010
13609,0.019,0.009,0.000,0.010
13610,0.019,0.009,0.000,0.010
13611,0.019,0.009,0.000,0.010
13612,0.019,0.009,0.000,0.010
13613,0.019,0.009,0.000,0.010
13614,0.019,0.009,0.000,0.010
13615,0.019,0.009,0.000,0.010
13616,0.019,0.009,0.000,0.010
13617,0.019,0.009,0.000,0.010
13618,0.019,0.009,0.000,0.010
13619,0.019,0.009,0.000,0.010
13620,0.019,0.009,0.000,0.010
13621,0.019,0.009,0.000,0.010
13622,0.019,0.009,0.000,0.010
13623,0.019,0.009,0.000,0.010
13624,0.019,0.009,0.000,0.010
13625,0.019,0.009,0.000,0.010
13626,0.019,0.009,0.000,0.010
13627,0.019,0.009,0.000,0.010
13628,0.019,0.009,0.000,0.010
13629,0.019,0.009,0.000,0.010
13630,0.019,0.009,0.000,0.010
13631,0.019,0.009,0.000,0.010
13632,0.019,0.009,0.000,0.010
13633,0.019,0.009,0.000,0.010
13634,0.019,0.009,0.000,0.010
13635,0.019,0.009,0.000,0.010
13636,0.019,0.009,0.000,0.010
13637,0.019,0.009,0.000,0.010
13638,0.019,0.009,0.000,0.010
13639,0.019,0.009,0.000,0.010
13640,0.019,0.009,0.000,0.010
13641,0.019,0.009,0.000,0.010
13642,0.019,0.009,0.000,0.010
13643,0.019,0.009,0.000,0.010
13644,0.019,0.009,0.000,0.010
13645,0.019,0.009,0.000,0.010
13646,0.019,0.009,0.000,0.010
13647,0.019,0.009,0.000,0.010
13648,0.019,0.009,0.000,0.010
13649,0.019,0.009,0.000,0.010
13650,0.019,0.009,0.000,0.010
13651,0.019,0.009,0.000,0.010
13652,0.019,0.009,0.000,0.010
13653,0.019,0.009,0.000,0.010
13654,0.019,0.009,0.000,0.010
13655,0.019,0.009,0.000,0.010
13656,0.019,0.009,0.000,0.010
13657,0.019,0.009,0.000,0.010
13658,0.019,0.009,0.000,0.010
13659,0.019,0.009,0.000,0.010
13660,0.019,0.009,0.000,0.010
13661,0.019,0.009,0.000,0.010
13662,0.019,0.009,0.000,0.010
13663,0.019,0.009,0.000,0.010
13664,0.019,0.009,0.000,0.010
13665,0.019,0.009,0.000,0.010
13666,0.019,0.009,0.000,0.010
13667,0.019,0.009,0.000,0.010
13668,0.019,0.009,0.000,0.010
13669,0.019,0.009,0.000,0.010
13670,0.019,0.009,0.000,0.010
13671,0.019,0.009,0.000,0.010
13672,0.019,0.009,0.000,0.010
13673,0.019,0.009,0.000,0.010
13674,0.019,0.009,0.000,0.010
13675,0.019,0.009,0.000,0.010
13676,0.019,0.009,0.000,0.010
13677,0.019,0.009,0.000,0.010
13678,0.019,0.009,0.000,0.010
13679,0.019,0.009,0.000,0.010
13680,0.019,0.009,0.000,0.010
13681,0.019,0.009,0.000,0.010
13682,0.019,0.009,0.000,0.010
13683,0.019,0.009,0.000,0.010
13684,0.019,0.009,0.000,0.010
13685,0.019,0.009,0.000,0.010
13686,0.019,0.009,0.000,0.010
13687,0.019,0.009,0.000,0.010
13688,0.019,0.009,0.000,0.010
13689,0.019,0.009,0.000,0.010
13690,0.019,0.009,0.000,0.010
13691,0.019,0.009,0.000,0.010
13692,0.019,0.009,0.000,0.010
13693,0.019,0.009,0.000,0.010
13694,0.019,0.009,0.000,0.010
13695,0.019,0.009,0.000,0.010
13696,0.019,0.009,0.000,0.010
13697,0.019,0.009,0.000,0.010
13698,0.019,0.009,0.000,0.010
13699,0.019,0.009,0.000,0.010
13700,0.019,0.009,0.000,0.010
13701,0.019,0.009,0.000,0.010
13702,0.019,0.009,0.000,0.010
13703,0.019,0.009,0.000,0.010
13704,0.019,0.009,0.000,0.010
13705,0.019,0.009,0.000,0.010
13706,0.019,0.009,0.000,0.010
13707,0.019,0.009,0.000,0.010
13708,0.019,0.009,0.000,0.010
13709,0.019,0.009,0.000,0.010
13710,0.019,0.009,0.000,0.010
13711,0.019,0.009,0.000,0.010
13712,0.019,0.009,0.000,0.010
13713,0.019,0.009,0.000,0.010
13714,0.019,0.009,0.000,0.010
13715,0.019,0.009,0.000,0.010
13716,0.019,0.009,0.000,0.010
13717,0.019,0.009,0.000,0.010
13718,0.019,0.009,0.000,0.010
13719,0.019,0.009,0.000,0.010
13720,0.019,0.009,0.000,0.010
13721,0.019,0.009,0.000,0.010
13722,0.019,0.009,0.000,0.010
13723,0.019,0.009,0.000,0.010
13724,0.019,0.009,0.000,0.010
13725,0.019,0.009,0.000,0.010
13726,0.019,0.009,0.000,0.010
13727,0.019,0.009,0.000,0.010
13728,0.019,0.009,0.000,0.010
13729,0.019,0.009,0.000,0.010
13730,0.019,0.009,0.000,0.010
13731,0.019,0.009,0.000,0.010
13732,0.019,0.009,0.000,0.010
13733,0.019,0.009,0.000,0.010
13734,0.019,0.009,0.000,0.010
13735,0.019,0.009,0.000,0.010
13736,0.019,0.009,0.000,0.010
13737,0.019,0.009,0.000,0.010
13738,0.019,0.009,0.000,0.010
13739,0.019,0.009,0.000,0.010
13740,0.019,0.009,0.000,0.010
13741,0.019,0.009,0.000,0.010
13742,0.019,0.009,0.000,0.010
13743,0.019,0.009,0.000,0.010
13744,0.019,0.009,0.000,0.010
13745,0.019,0.009,0.000,0.010
13746,0.019,0.009,0.000,0.010
13747,0.019,0.009,0.000,0.010
13748,0.019,0.009,0.000,0.010
13749,0.019,0.009,0.000,0.010
13750,0.019,0.009,0.000,0.010
13751,0.019,0.009,0.000,0.010
13752,0.019,0.009,0.000,0.010
13753,0.019,0.009,0.000,0.010
13754,0.019,0.009,0.000,0.010
13755,0.019,0.009,0.000,0.010
13756,0.019,0.009,0.000,0.010
13757,0.019,0.009,0.000,0.010
13758,0.019,0.009,0.000,0.010
13759,0.019,0.009,0.000,0.010
13760,0.019,0.009,0.000,0.010
13761,0.019,0.009,0.000,0.010
13762,0.019,0.009,0.000,0.010
13763,0.019,0.009,0.000,0.010
13764,0.019,0.009,0.000,0.010
13765,0.019,0.009,0.000,0.010
13766,0.019,0.009,0.000,0.010
13767,0.019,0.009,0.000,0.010
13768,0.019,0.009,0.000,0.010
13769,0.019,0.009,0.000,0.010
13770,0.019,0.009,0.000,0.010
13771,0.019,0.009,0.000,0.010
13772,0.019,0.009,0.000,0.010
13773,0.019,0.009,0.000,0.010
13774,0.019,0.009,0.000,0.010
13775,0.019,0.009,0.000,0.010
13776,0.019,0.009,0.000,0.010
13777,0.019,0.009,0.000,0.010
13778,0.019,0.009,0.000,0.010
13779,0.019,0.009,0.000,0.010
13780,0.019,0.009,0.000,0.010
13781,0.019,0.009,0.000,0.010
13782,0.019,0.009,0.000,0.010
13783,0.019,0.009,0.000,0.010
13784,0.019,0.009,0.000,0.010
13785,0.019,0.009,0.000,0.010
13786,0.019,0.009,0.000,0.010
13787,0.019,0.009,0.000,0.010
13788,0.019,0.009,0.000,0.010
13789,0.019,0.009,0.000,0.010
13790,0.019,0.009,0.000,0.010
13791,0.019,0.009,0.000,0.010
13792,0.019,0.009,0.000,0.010
13793,0.019,0.009,0.000,0.010
13794,0.019,0.009,0.000,0.010
13795,0.019,0.009,0.000,0.010
13796,0.019,0.009,0.000,0.010
13797,0.019,0.009,0.000,0.010
13798,0.019,0.009,0.000,0.010
13799,0.019,0.009,0.000,0.010
13800,0.019,0.009,0.000,0.010
13801,0.019,0.009,0.000,0.010
13802,0.019,0.009,0.000,0.010
13803,0.019,0.009,0.000,0.010
13804,0.019,0.009,0.000,0.010
13805,0.019,0.009,0.000,0.010
13806,0.019,0.009,0.000,0.010
13807,0.019,0.009,0.000,0.010
13808,0.019,0.009,0.000,0.010
13809,0.019,0.009,0.000,0.010
13810,0.019,0.009,0.000,0.010
13811,0.019,0.009,0.000,0.010
13812,0.019,0.009,0.000,0.010
13813,0.019,0.009,0.000,0.010
13814,0.019,0.009,0.000,0.010
13815,0.019,0.009,0.000,0.010
13816,0.019,0.009,0.000,0.010
13817,0.019,0.009,0.000,0.010
13818,0.019,0.009,0.000,0.010
13819,0.019,0.009,0.000,0.010
13820,0.019,0.009,0.000,0.010
13821,0.019,0.009,0.000,0.010
13822,0.019,0.009,0.000,0.010
13823,0.019,0.009,0.000,0.010
13824,0.019,0.009,0.000,0.010
13825,0.019,0.009,0.000,0.010
13826,0.019,0.009,0.000,0.010
13827,0.019,0.009,0.000,0.010
13828,0.019,0.009,0.000,0.010
13829,0.019,0.009,0.000,0.010
13830,0.019,0.009,0.000,0.010
13831,0.019,0.009,0.000,0.010
13832,0.019,0.009,0.000,0.010
13833,0.019,0.009,0.000,0.010
13834,0.019,0.009,0.000,0.010
13835,0.019,0.009,0.000,0.010
13836,0.019,0.009,0.000,0.010
13837,0.019,0.009,0.000,0.010
13838,0.019,0.009,0.000,0.010
13839,0.019,0.009,0.000,0.010
13840,0.019,0.009,0.000,0.010
13841,0.019,0.009,0.000,0.010
13842,0.019,0.009,0.000,0.010
13843,0.019,0.009,0.000,0.010
13844,0.019,0.009,0.000,0.010
13845,0.019,0.009,0.000,0.010
13846,0.019,0.009,0.000,0.010
13847,0.019,0.009,0.000,0.010
13848,0.019,0.009,0.000,0.010
13849,0.019,0.009,0.000,0.010
13850,0.019,0.009,0.000,0.010
13851,0.019,0.009,0.000,0.010
13852,0.019,0.009,0.000,0.010
13853,0.019,0.009,0.000,0.010
13854,0.019,0.009,0.000,0.010
13855,0.019,0.009,0.000,0.010
13856,0.019,0.009,0.000,0.010
13857,0.019,0.009,0.000,0.010
13858,0.019,0.009,0.000,0.010
13859,0.019,0.009,0.000,0.010
13860,0.019,0.009,0.000,0.010
13861,0.019,0.009,0.000,0.010
13862,0.019,0.009,0.000,0.010
13863,0.019,0.009,0.000,0.010
13864,0.019,0.009,0.000,0.010
13865,0.019,0.009,0.000,0.010
13866,0.019,0.009,0.000,0.010
13867,0.019,0.009,0.000,0.010
13868,0.019,0.009,0.000,0.010
13869,0.019,0.009,0.000,0.010
13870,0.019,0.009,0.000,0.010
13871,0.019,0.009,0.000,0.010
13872,0.019,0.009,0.000,0.010
13873,0.019,0.009,0.000,0.010
13874,0.019,0.009,0.000,0.010
13875,0.019,0.009,0.000,0.010
13876,0.019,0.009,0.000,0.010
13877,0.019,0.009,0.000,0.010
13878,0.019,0.009,0.000,0.010
13879,0.019,0.009,0.000,0.010
13880,0.019,0.009,0.000,0.010
13881,0.019,0.009,0.000,0.010
13882,0.019,0.009,0.000,0.010
13883,0.019,0.009,0.000,0.010
13884,0.019,0.009,0.000,0.010
13885,0.019,0.009,0.000,0.010
13886,0.019,0.009,0.000,0.010
13887,0.019,0.009,0.000,0.010
13888,0.019,0.009,0.000,0.010
13889,0.019,0.009,0.000,0.010
13890,0.019,0.009,0.000,0.010
13891,0.019,0.009,0.000,0.010
13892,0.019,0.009,0.000,0.010
13893,0.019,0.009,0.000,0.010
13894,0.019,0.009,0.000,0.010
13895,0.019,0.009,0.000,0.010
13896,0.019,0.009,0.000,0.010
13897,0.019,0.009,0.000,0.010
13898,0.019,0.009,0.000,0.010
13899,0.019,0.009,0.000,0.010
13900,0.019,0.009,0.000,0.010
13901,0.019,0.009,0.000,0.010
13902,0.019,0.009,0.000,0.010
13903,0.019,0.009,0.000,0.010
13904,0.019,0.009,0.000,0.010
13905,0.019,0.009,0.000,0.010
13906,0.019,0.009,0.000,0.010
13907,0.019,0.009,0.000,0.010
13908,0.019,0.009,0.000,0.010
13909,0.019,0.009,0.000,0.010
13910,0.019,0.009,0.000,0.010
13911,0.019,0.009,0.000,0.010
13912,0.019,0.009,0.000,0.010
13913,0.019,0.009,0.000,0.010
13914,0.019,0.009,0.000,0.010
13915,0.019,0.009,0.000,0.010
13916,0.019,0.009,0.000,0.010
13917,0.019,0.009,0.000,0.010
13918,0.019,0.009,0.000,0.010
13919,0.019,0.009,0.000,0.010
13920,0.019,0.009,0.000,0.010
13921,0.019,0.009,0.000,0.010
13922,0.019,0.009,0.000,0.010
13923,0.019,0.009,0.000,0.010
13924,0.019,0.009,0.000,0.010
13925,0.019,0.009,0.000,0.010
13926,0.019,0.009,0.000,0.010
13927,0.019,0.009,0.000,0.010
13928,0.019,0.009,0.000,0.010
13929,0.019,0.009,0.000,0.010
13930,0.019,0.009,0.000,0.010
13931,0.019,0.009,0.000,0.010
13932,0.019,0.009,0.000,0.010
13933,0.019,0.009,0.000,0.010
13934,0.019,0.009,0.000,0.010
13935,0.019,0.009,0.000,0.010
13936,0.019,0.009,0.000,0.010
13937,0.019,0.009,0.000,0.010
13938,0.019,0.009,0.000,0.010
13939,0.019,0.009,0.000,0.010
13940,0.019,0.009,0.000,0.010
13941,0.019,0.009,0.000,0.010
13942,0.019,0.009,0.000,0.010
13943,0.019,0.009,0.000,0.010
13944,0.019,0.009,0.000,0.010
13945,0.019,0.009,0.000,0.010
13946,0.019,0.009,0.000,0.010
13947,0.019,0.009,0.000,0.010
13948,0.019,0.009,0.000,0.010
13949,0.019,0.009,0.000,0.010
13950,0.019,0.009,0.000,0.010
13951,0.019,0.009,0.000,0.010
13952,0.019,0.009,0.000,0.010
13953,0.019,0.009,0.000,0.010
13954,0.019,0.009,0.000,0.010
13955,0.019,0.009,0.000,0.010
13956,0.019,0.009,0.000,0.010
13957,0.019,0.009,0.000,0.010
13958,0.019,0.009,0.000,0.010
13959,0.019,0.009,0.000,0.010
13960,0.019,0.009,0.000,0.010
13961,0.019,0.009,0.000,0.010
13962,0.019,0.009,0.000,0.010
13963,0.019,0.009,0.000,0.010
13964,0.019,0.009,0.000,0.010
13965,0.019,0.009,0.000,0.010
13966,0.019,0.009,0.000,0.010
13967,0.019,0.009,0.000,0.010
13968,0.019,0.009,0.000,0.010
13969,0.019,0.009,0.000,0.010
13970,0.019,0.009,0.000,0.010
13971,0.019,0.009,0.000,0.010
13972,0.019,0.009,0.000,0.010
13973,0.019,0.009,0.000,0.010
13974,0.019,0.009,0.000,0.010
13975,0.019,0.009,0.000,0.010
13976,0.019,0.009,0.000,0.010
13977,0.019,0.009,0.000,0.010
13978,0.019,0.009,0.000,0.010
13979,0.019,0.009,0.000,0.010
13980,0.019,0.009,0.000,0.010
13981,0.019,0.009,0.000,0.010
13982,0.019,0.009,0.000,0.010
13983,0.019,0.009,0.000,0.010
13984,0.019,0.009,0.000,0.010
13985,0.019,0.009,0.000,0.010
13986,0.019,0.009,0.000,0.010
13987,0.019,0.009,0.000,0.010
13988,0.019,0.009,0.000,0.010
13989,0.019,0.009,0.000,0.010
13990,0.019,0.009,0.000,0.010
13991,0.019,0.009,0.000,0.010
13992,0.019,0.009,0.000,0.010
13993,0.019,0.009,0.000,0.010
13994,0.019,0.009,0.000,0.010
13995,0.019,0.009,0.000,0.010
13996,0.019,0.009,0.000,0.010
13997,0.019,0.009,0.000,0.010
13998,0.019,0.009,0.000,0.010
13999,0.019,0.009,0.000,0.010
14000,0.019,0.009,0.000,0.010
14001,0.019,0.009,0.000,0.010
14002,0.019,0.009,0.000,0.010
14003,0.019,0.009,0.000,0.010
14004,0.019,0.009,0.000,0.010
14005,0.019,0.009,0.000,0.010
14006,0.019,0.009,0.000,0.010
14007,0.019,0.009,0.000,0.010
14008,0.019,0.009,0.000,0.010
14009,0.019,0.009,0.000,0.010
14010,0.019,0.009,0.000,0.010
14011,0.019,0.009,0.000,0.010
14012,0.019,0.009,0.000,0.010
14013,0.019,0.009,0.000,0.010
14014,0.019,0.009,0.000,0.010
14015,0.019,0.009,0.000,0.010
14016,0.019,0.009,0.000,0.010
14017,0.019,0.009,0.000,0.010
14018,0.019,0.009,0.000,0.010
14019,0.019,0.009,0.000,0.010
14020,0.019,0.009,0.000,0.010
14021,0.019,0.009,0.000,0.010
14022,0.019,0.009,0.000,0.010
14023,0.019,0.009,0.000,0.010
14024,0.019,0.009,0.000,0.010
14025,0.019,0.009,0.000,0.010
14026,0.019,0.009,0.000,0.010
14027,0.019,0.009,0.000,0.010
14028,0.019,0.009,0.000,0.010
14029,0.019,0.009,0.000,0.010
14030,0.019,0.009,0.000,0.010
14031,0.019,0.009,0.000,0.010
14032,0.019,0.009,0.000,0.010
14033,0.019,0.009,0.000,0.010
14034,0.019,0.009,0.000,0.010
14035,0.019,0.009,0.000,0.010
14036,0.019,0.009,0.000,0.010
14037,0.019,0.009,0.000,0.010
14038,0.019,0.009,0.000,0.010
14039,0.019,0.009,0.000,0.010
14040,0.019,0.009,0.000,0.010
14041,0.019,0.009,0.000,0.010
14042,0.019,0.009,0.000,0.010
14043,0.019,0.009,0.000,0.010
14044,0.019,0.009,0.000,0.010
14045,0.019,0.009,0.000,0.010
14046,0.019,0.009,0.000,0.010
14047,0.019,0.009,0.000,0.010
14048,0.019,0.009,0.000,0.010
14049,0.019,0.009,0.000,0.010
14050,0.019,0.009,0.000,0.010
14051,0.019,0.009,0.000,0.010
14052,0.019,0.009,0.000,0.010
14053,0.019,0.009,0.000,0.010
14054,0.019,0.009,0.000,0.010
14055,0.019,0.009,0.000,0.010
14056,0.019,0.009,0.000,0.010
14057,0.019,0.009,0.000,0.010
14058,0.019,0.009,0.000,0.010
14059,0.019,0.009,0.000,0.010
14060,0.019,0.009,0.000,0.010
14061,0.019,0.009,0.000,0.010
14062,0.019,0.009,0.000,0.010
14063,0.019,0.009,0.000,0.010
14064,0.019,0.009,0.000,0.010
14065,0.019,0.009,0.000,0.010
14066,0.019,0.009,0.000,0.010
14067,0.019,0.009,0.000,0.010
14068,0.019,0.009,0.000,0.010
14069,0.019,0.009,0.000,0.010
14070,0.019,0.009,0.000,0.010
14071,0.019,0.009,0.000,0.010
14072,0.019,0.009,0.000,0.010
14073,0.019,0.009,0.000,0.010
14074,0.019,0.009,0.000,0.010
14075,0.019,0.009,0.000,0.010
14076,0.019,0.009,0.000,0.010
14077,0.019,0.009,0.000,0.010
14078,0.019,0.009,0.000,0.010
14079,0.019,0.009,0.000,0.010
14080,0.019,0.009,0.000,0.010
14081,0.019,0.009,0.000,0.010
14082,0.019,0.009,0.000,0.010
14083,0.019,0.009,0.000,0.010
14084,0.019,0.009,0.000,0.010
14085,0.019,0.009,0.000,0.010
14086,0.019,0.009,0.000,0.010
14087,0.019,0.009,0.000,0.010
14088,0.019,0.009,0.000,0.010
14089,0.019,0.009,0.000,0.010
14090,0.019,0.009,0.000,0.010
14091,0.019,0.009,0.000,0.010
14092,0.019,0.009,0.000,0.010
14093,0.019,0.009,0.000,0.010
14094,0.019,0.009,0.000,0.010
14095,0.019,0.009,0.000,0.010
14096,0.019,0.009,0.000,0.010
14097,0.019,0.009,0.000,0.010
14098,0.019,0.009,0.000,0.010
14099,0.019,0.009,0.000,0.010
14100,0.019,0.009,0.000,0.010
14101,0.019,0.009,0.000,0.010
14102,0.019,0.009,0.000,0.010
14103,0.019,0.009,0.000,0.010
14104,0.019,0.009,0.000,0.010
14105,0.019,0.009,0.000,0.010
14106,0.019,0.009,0.000,0.010
14107,0.019,0.009,0.000,0.010
14108,0.019,0.009,0.000,0.010
14109,0.019,0.009,0.000,0.010
14110,0.019,0.009,0.000,0.010
14111,0.019,0.009,0.000,0.010
14112,0.019,0.009,0.000,0.010
14113,0.019,0.009,0.000,0.010
14114,0.019,0.009,0.000,0.010
14115,0.019,0.009,0.000,0.010
14116,0.019,0.009,0.000,0.010
14117,0.019,0.009,0.000,0.010
14118,0.019,0.009,0.000,0.010
14119,0.019,0.009,0.000,0.010
14120,0.019,0.009,0.000,0.010
14121,0.019,0.009,0.000,0.010
14122,0.019,0.009,0.000,0.010
14123,0.019,0.009,0.000,0.010
14124,0.019,0.009,0.000,0.010
14125,0.019,0.009,0.000,0.010
14126,0.019,0.009,0.000,0.010
14127,0.019,0.009,0.000,0.010
14128,0.019,0.009,0.000,0.010
14129,0.019,0.009,0.000,0.010
14130,0.019,0.009,0.000,0.010
14131,0.019,0.009,0.000,0.010
14132,0.019,0.009,0.000,0.010
14133,0.020,0.009,0.000,0.010
14134,0.022,0.009,0.000,0.011
14135,0.022,0.009,0.000,0.011
14136,0.023,0.009,0.000,0.011
14137,0.023,0.009,0.000,0.012
14138,0.026,0.009,0.000,0.013
14139,0.025,0.009,0.000,0.012
14140,0.022,0.009,0.000,0.011
14141,0.024,0.009,0.000,0.012
14142,0.022,0.009,0.000,0.011
14143,0.021,0.009,0.000,0.011
14144,0.023,0.009,0.000,0.011
14145,0.026,0.009,0.000,0.012
14146,0.023,0.009,0.000,0.011
14147,0.026,0.009,0.000,0.013
14148,0.023,0.009,0.000,0.011
14149,0.025,0.009,0.000,0.012
14150,0.026,0.009,0.000,0.013
14151,0.021,0.009,0.000,0.011
14152,0.023,0.009,0.000,0.011
14153,0.022,0.009,0.000,0.011
14154,0.022,0.009,0.000,0.011
14155,0.022,0.009,0.000,0.011
14156,0.022,0.009,0.000,0.011
14157,0.022,0.009,0.000,0.011
14158,0.022,0.009,0.000,0.011
14159,0.022,0.009,0.000,0.011
14160,0.022,0.009,0.000,0.011
14161,0.020,0.009,0.000,0.010
14162,0.020,0.009,0.000,0.010
14163,0.020,0.009,0.000,0.010
14164,0.019,0.009,0.000,0.010
14165,0.019,0.009,0.000,0.010
14166,0.019,0.009,0.000,0.010
14167,0.019,0.009,0.000,0.010
14168,0.019,0.009,0.000,0.010
14169,0.019,0.009,0.000,0.010
14170,0.019,0.009,0.000,0.010
14171,0.019,0.009,0.000,0.010
14172,0.019,0.009,0.000,0.010
14173,0.020,0.009,0.000,0.010
14174,0.020,0.009,0.000,0.010
14175,0.020,0.009,0.000,0.010
14176,0.020,0.009,0.000,0.010
14177,0.019,0.009,0.000,0.010
14178,0.019,0.009,0.000,0.010
14179,0.020,0.009,0.000,0.010
14180,0.019,0.009,0.000,0.010
14181,0.019,0.009,0.000,0.010
14182,0.019,0.009,0.000,0.010
14183,0.019,0.009,0.000,0.010
14184,0.019,0.009,0.000,0.010
14185,0.019,0.009,0.000,0.010
14186,0.019,0.009,0.000,0.010
14187,0.019,0.009,0.000,0.010
14188,0.019,0.009,0.000,0.010
14189,0.019,0.009,0.000,0.010
14190,0.019,0.009,0.000,0.010
14191,0.019,0.009,0.000,0.010
14192,0.019,0.009,0.000,0.010
14193,0.019,0.009,0.000,0.010
14194,0.019,0.009,0.000,0.010
14195,0.019,0.009,0.000,0.010
14196,0.019,0.009,0.000,0.010
14197,0.019,0.009,0.000,0.010
14198,0.019,0.009,0.000,0.010
14199,0.019,0.009,0.000,0.010
14200,0.019,0.009,0.000,0.010
14201,0.019,0.009,0.000,0.010
14202,0.019,0.009,0.000,0.010
14203,0.019,0.009,0.000,0.010
14204,0.019,0.009,0.000,0.010
14205,0.019,0.009,0.000,0.010
14206,0.019,0.009,0.000,0.010
14207,0.019,0.009,0.000,0.010
14208,0.019,0.009,0.000,0.010
14209,0.019,0.009,0.000,0.010
14210,0.019,0.009,0.000,0.010
14211,0.019,0.009,0.000,0.010
14212,0.019,0.009,0.000,0.010
14213,0.019,0.009,0.000,0.010
14214,0.019,0.009,0.000,0.010
14215,0.019,0.009,0.000,0.010
14216,0.019,0.009,0.000,0.010
14217,0.019,0.009,0.000,0.010
14218,0.019,0.009,0.000,0.010
14219,0.019,0.009,0.000,0.010
14220,0.019,0.009,0.000,0.010
14221,0.019,0.009,0.000,0.010
14222,0.019,0.009,0.000,0.010
14223,0.019,0.009,0.000,0.010
14224,0.019,0.009,0.000,0.010
14225,0.019,0.009,0.000,0.010
14226,0.019,0.009,0.000,0.010
14227,0.019,0.009,0.000,0.010
14228,0.019,0.009,0.000,0.010
14229,0.019,0.009,0.000,0.010
14230,0.019,0.009,0.000,0.010
14231,0.019,0.009,0.000,0.010
14232,0.019,0.009,0.000,0.010
14233,0.019,0.009,0.000,0.010
14234,0.019,0.009,0.000,0.010
14235,0.019,0.009,0.000,0.010
14236,0.019,0.009,0.000,0.010
14237,0.019,0.009,0.000,0.010
14238,0.019,0.009,0.000,0.010
14239,0.019,0.009,0.000,0.010
14240,0.019,0.009,0.000,0.010
14241,0.019,0.009,0.000,0.010
14242,0.019,0.009,0.000,0.010
14243,0.019,0.009,0.000,0.010
14244,0.019,0.009,0.000,0.010
14245,0.019,0.009,0.000,0.010
14246,0.019,0.009,0.000,0.010
14247,0.019,0.009,0.000,0.010
14248,0.019,0.009,0.000,0.010
14249,0.019,0.009,0.000,0.010
14250,0.019,0.009,0.000,0.010
14251,0.019,0.009,0.000,0.010
14252,0.019,0.009,0.000,0.010
14253,0.019,0.009,0.000,0.010
14254,0.019,0.009,0.000,0.010
14255,0.019,0.009,0.000,0.010
14256,0.019,0.009,0.000,0.010
14257,0.019,0.009,0.000,0.010
14258,0.019,0.009,0.000,0.010
14259,0.019,0.009,0.000,0.010
14260,0.019,0.009,0.000,0.010
14261,0.019,0.009,0.000,0.010
14262,0.019,0.009,0.000,0.010
14263,0.019,0.009,0.000,0.010
14264,0.019,0.009,0.000,0.010
14265,0.019,0.009,0.000,0.010
14266,0.019,0.009,0.000,0.010
14267,0.019,0.009,0.000,0.010
14268,0.019,0.009,0.000,0.010
14269,0.019,0.009,0.000,0.010
14270,0.019,0.009,0.000,0.010
14271,0.019,0.009,0.000,0.010
14272,0.019,0.009,0.000,0.010
14273,0.019,0.009,0.000,0.010
14274,0.019,0.009,0.000,0.010
14275,0.019,0.009,0.000,0.010
14276,0.019,0.009,0.000,0.010
14277,0.019,0.009,0.000,0.010
14278,0.019,0.009,0.000,0.010
14279,0.019,0.009,0.000,0.010
14280,0.019,0.009,0.000,0.010
14281,0.019,0.009,0.000,0.010
14282,0.019,0.009,0.000,0.010
14283,0.019,0.009,0.000,0.010
14284,0.019,0.009,0.000,0.010
14285,0.019,0.009,0.000,0.010
14286,0.019,0.009,0.000,0.010
14287,0.019,0.009,0.000,0.010
14288,0.019,0.009,0.000,0.010
14289,0.019,0.009,0.000,0.010
14290,0.019,0.009,0.000,0.010
14291,0.019,0.009,0.000,0.010
14292,0.019,0.009,0.000,0.010
14293,0.019,0.009,0.000,0.010
14294,0.019,0.009,0.000,0.010
14295,0.019,0.009,0.000,0.010
14296,0.019,0.009,0.000,0.010
14297,0.019,0.009,0.000,0.010
14298,0.019,0.009,0.000,0.010
14299,0.019,0.009,0.000,0.010
14300,0.019,0.009,0.000,0.010
14301,0.019,0.009,0.000,0.010
14302,0.019,0.009,0.000,0.010
14303,0.019,0.009,0.000,0.010
14304,0.019,0.009,0.000,0.010
14305,0.019,0.009,0.000,0.010
14306,0.019,0.009,0.000,0.010
14307,0.019,0.009,0.000,0.010
14308,0.019,0.009,0.000,0.010
14309,0.019,0.009,0.000,0.010
14310,0.019,0.009,0.000,0.010
14311,0.019,0.009,0.000,0.010
14312,0.019,0.009,0.000,0.010
14313,0.019,0.009,0.000,0.010
14314,0.019,0.009,0.000,0.010
14315,0.019,0.009,0.000,0.010
14316,0.019,0.009,0.000,0.010
14317,0.019,0.009,0.000,0.010
14318,0.019,0.009,0.000,0.010
14319,0.019,0.009,0.000,0.010
14320,0.019,0.009,0.000,0.010
14321,0.019,0.009,0.000,0.010
14322,0.019,0.009,0.000,0.010
14323,0.019,0.009,0.000,0.010
14324,0.019,0.009,0.000,0.010
14325,0.019,0.009,0.000,0.010
14326,0.019,0.009,0.000,0.010
14327,0.019,0.009,0.000,0.010
14328,0.019,0.009,0.000,0.010
14329,0.019,0.009,0.000,0.010
14330,0.019,0.009,0.000,0.010
14331,0.019,0.009,0.000,0.010
14332,0.019,0.009,0.000,0.010
14333,0.019,0.009,0.000,0.010
14334,0.019,0.009,0.000,0.010
14335,0.019,0.009,0.000,0.010
14336,0.019,0.009,0.000,0.010
14337,0.019,0.009,0.000,0.010
14338,0.019,0.009,0.000,0.010
14339,0.019,0.009,0.000,0.010
14340,0.019,0.009,0.000,0.010
14341,0.019,0.009,0.000,0.010
14342,0.019,0.009,0.000,0.010
14343,0.019,0.009,0.000,0.010
14344,0.019,0.009,0.000,0.010
14345,0.019,0.009,0.000,0.010
14346,0.019,0.009,0.000,0.010
14347,0.019,0.009,0.000,0.010
14348,0.019,0.009,0.000,0.010
14349,0.019,0.009,0.000,0.010
14350,0.019,0.009,0.000,0.010
14351,0.019,0.009,0.000,0.010
14352,0.019,0.009,0.000,0.010
14353,0.019,0.009,0.000,0.010
14354,0.019,0.009,0.000,0.010
14355,0.019,0.009,0.000,0.010
14356,0.019,0.009,0.000,0.010
14357,0.019,0.009,0.000,0.010
14358,0.019,0.009,0.000,0.010
14359,0.019,0.009,0.000,0.010
14360,0.019,0.009,0.000,0.010
14361,0.019,0.009,0.000,0.010
14362,0.019,0.009,0.000,0.010
14363,0.019,0.009,0.000,0.010
14364,0.019,0.009,0.000,0.010
14365,0.019,0.009,0.000,0.010
14366,0.019,0.009,0.000,0.010
14367,0.019,0.009,0.000,0.010
14368,0.019,0.009,0.000,0.010
14369,0.019,0.009,0.000,0.010
14370,0.019,0.009,0.000,0.010
14371,0.019,0.009,0.000,0.010
14372,0.019,0.009,0.000,0.010
14373,0.019,0.009,0.000,0.010
14374,0.019,0.009,0.000,0.010
14375,0.019,0.009,0.000,0.010
14376,0.019,0.009,0.000,0.010
14377,0.019,0.009,0.000,0.010
14378,0.019,0.009,0.000,0.010
14379,0.019,0.009,0.000,0.010
14380,0.019,0.009,0.000,0.010
14381,0.019,0.009,0.000,0.010
14382,0.019,0.009,0.000,0.010
14383,0.019,0.009,0.000,0.010
14384,0.019,0.009,0.000,0.010
14385,0.019,0.009,0.000,0.010
14386,0.019,0.009,0.000,0.010
14387,0.019,0.009,0.000,0.010
14388,0.019,0.009,0.000,0.010
14389,0.019,0.009,0.000,0.010
14390,0.019,0.009,0.000,0.010
14391,0.019,0.009,0.000,0.010
14392,0.019,0.009,0.000,0.010
14393,0.019,0.009,0.000,0.010
14394,0.019,0.009,0.000,0.010
14395,0.019,0.009,0.000,0.010
14396,0.019,0.009,0.000,0.010
14397,0.019,0.009,0.000,0.010
14398,0.019,0.009,0.000,0.010
14399,0.019,0.009,0.000,0.010
14400,0.019,0.009,0.000,0.010
14401,0.019,0.009,0.000,0.010
14402,0.019,0.009,0.000,0.010
14403,0.019,0.009,0.000,0.010
14404,0.019,0.009,0.000,0.010
14405,0.019,0.009,0.000,0.010
14406,0.019,0.009,0.000,0.010
14407,0.019,0.009,0.000,0.010
14408,0.019,0.009,0.000,0.010
14409,0.019,0.009,0.000,0.010
14410,0.019,0.009,0.000,0.010
14411,0.019,0.009,0.000,0.010
14412,0.019,0.009,0.000,0.010
14413,0.019,0.009,0.000,0.010
14414,0.019,0.009,0.000,0.010
14415,0.019,0.009,0.000,0.010
14416,0.019,0.009,0.000,0.010
14417,0.019,0.009,0.000,0.010
14418,0.019,0.009,0.000,0.010
14419,0.019,0.009,0.000,0.010
14420,0.019,0.009,0.000,0.010
14421,0.019,0.009,0.000,0.010
14422,0.019,0.009,0.000,0.010
14423,0.019,0.009,0.000,0.010
14424,0.019,0.009,0.000,0.010
14425,0.019,0.009,0.000,0.010
14426,0.019,0.009,0.000,0.010
14427,0.019,0.009,0.000,0.010
14428,0.019,0.009,0.000,0.010
14429,0.019,0.009,0.000,0.010
14430,0.019,0.009,0.000,0.010
14431,0.019,0.009,0.000,0.010
14432,0.019,0.009,0.000,0.010
14433,0.019,0.009,0.000,0.010
14434,0.019,0.009,0.000,0.010
14435,0.019,0.009,0.000,0.010
14436,0.019,0.009,0.000,0.010
14437,0.019,0.009,0.000,0.010
14438,0.019,0.009,0.000,0.010
14439,0.019,0.009,0.000,0.010
14440,0.019,0.009,0.000,0.010
14441,0.019,0.009,0.000,0.010
14442,0.019,0.009,0.000,0.010
14443,0.019,0.009,0.000,0.010
14444,0.019,0.009,0.000,0.010
14445,0.019,0.009,0.000,0.010
14446,0.019,0.009,0.000,0.010
14447,0.019,0.009,0.000,0.010
14448,0.019,0.009,0.000,0.010
14449,0.019,0.009,0.000,0.010
14450,0.019,0.009,0.000,0.010
14451,0.019,0.009,0.000,0.010
14452,0.019,0.009,0.000,0.010
14453,0.019,0.009,0.000,0.010
14454,0.019,0.009,0.000,0.010
14455,0.019,0.009,0.000,0.010
14456,0.019,0.009,0.000,0.010
14457,0.019,0.009,0.000,0.010
14458,0.019,0.009,0.000,0.010
14459,0.019,0.009,0.000,0.010
14460,0.019,0.009,0.000,0.010
14461,0.019,0.009,0.000,0.010
14462,0.019,0.009,0.000,0.010
14463,0.019,0.009,0.000,0.010
14464,0.019,0.009,0.000,0.010
14465,0.019,0.009,0.000,0.010
14466,0.019,0.009,0.000,0.010
14467,0.019,0.009,0.000,0.010
14468,0.019,0.009,0.000,0.010
14469,0.019,0.009,0.000,0.010
14470,0.019,0.009,0.000,0.010
14471,0.019,0.009,0.000,0.010
14472,0.019,0.009,0.000,0.010
14473,0.019,0.009,0.000,0.010
14474,0.019,0.009,0.000,0.010
14475,0.019,0.009,0.000,0.010
14476,0.019,0.009,0.000,0.010
14477,0.019,0.009,0.000,0.010
14478,0.019,0.009,0.000,0.010
14479,0.019,0.009,0.000,0.010
14480,0.019,0.009,0.000,0.010
14481,0.019,0.009,0.000,0.010
14482,0.019,0.009,0.000,0.010
14483,0.019,0.009,0.000,0.010
14484,0.019,0.009,0.000,0.010
14485,0.019,0.009,0.000,0.010
14486,0.019,0.009,0.000,0.010
14487,0.019,0.009,0.000,0.010
14488,0.019,0.009,0.000,0.010
14489,0.019,0.009,0.000,0.010
14490,0.019,0.009,0.000,0.010
14491,0.019,0.009,0.000,0.010
14492,0.019,0.009,0.000,0.010
14493,0.019,0.009,0.000,0.010
14494,0.019,0.009,0.000,0.010
14495,0.019,0.009,0.000,0.010
14496,0.019,0.009,0.000,0.010
14497,0.019,0.009,0.000,0.010
14498,0.019,0.009,0.000,0.010
14499,0.019,0.009,0.000,0.010
14500,0.019,0.009,0.000,0.010
14501,0.019,0.009,0.000,0.010
14502,0.019,0.009,0.000,0.010
14503,0.019,0.009,0.000,0.010
14504,0.019,0.009,0.000,0.010
14505,0.019,0.009,0.000,0.010
14506,0.019,0.009,0.000,0.010
14507,0.019,0.009,0.000,0.010
14508,0.019,0.009,0.000,0.010
14509,0.019,0.009,0.000,0.010
14510,0.019,0.009,0.000,0.010
14511,0.019,0.009,0.000,0.010
14512,0.019,0.009,0.000,0.010
14513,0.019,0.009,0.000,0.010
14514,0.019,0.009,0.000,0.010
14515,0.019,0.009,0.000,0.010
14516,0.019,0.009,0.000,0.010
14517,0.019,0.009,0.000,0.010
14518,0.019,0.009,0.000,0.010
14519,0.019,0.009,0.000,0.010
14520,0.019,0.009,0.000,0.010
14521,0.019,0.009,0.000,0.010
14522,0.019,0.009,0.000,0.010
14523,0.019,0.009,0.000,0.010
14524,0.019,0.009,0.000,0.010
14525,0.019,0.009,0.000,0.010
14526,0.019,0.009,0.000,0.010
14527,0.019,0.009,0.000,0.010
14528,0.019,0.009,0.000,0.010
14529,0.019,0.009,0.000,0.010
14530,0.019,0.009,0.000,0.010
14531,0.019,0.009,0.000,0.010
14532,0.019,0.009,0.000,0.010
14533,0.019,0.009,0.000,0.010
14534,0.019,0.009,0.000,0.010
14535,0.019,0.009,0.000,0.010
14536,0.019,0.009,0.000,0.010
14537,0.019,0.009,0.000,0.010
14538,0.019,0.009,0.000,0.010
14539,0.019,0.009,0.000,0.010
14540,0.019,0.009,0.000,0.010
14541,0.019,0.009,0.000,0.010
14542,0.019,0.009,0.000,0.010
14543,0.019,0.009,0.000,0.010
14544,0.019,0.009,0.000,0.010
14545,0.019,0.009,0.000,0.010
14546,0.019,0.009,0.000,0.010
14547,0.019,0.009,0.000,0.010
14548,0.019,0.009,0.000,0.010
14549,0.019,0.009,0.000,0.010
14550,0.019,0.009,0.000,0.010
14551,0.019,0.009,0.000,0.010
14552,0.019,0.009,0.000,0.010
14553,0.019,0.009,0.000,0.010
14554,0.019,0.009,0.000,0.010
14555,0.019,0.009,0.000,0.010
14556,0.019,0.009,0.000,0.010
14557,0.019,0.009,0.000,0.010
14558,0.019,0.009,0.000,0.010
14559,0.019,0.009,0.000,0.010
14560,0.019,0.009,0.000,0.010
14561,0.019,0.009,0.000,0.010
14562,0.019,0.009,0.000,0.010
14563,0.019,0.009,0.000,0.010
14564,0.019,0.009,0.000,0.010
14565,0.019,0.009,0.000,0.010
14566,0.019,0.009,0.000,0.010
14567,0.019,0.009,0.000,0.010
14568,0.019,0.009,0.000,0.010
14569,0.019,0.009,0.000,0.010
14570,0.019,0.009,0.000,0.010
14571,0.019,0.009,0.000,0.010
14572,0.019,0.009,0.000,0.010
14573,0.019,0.009,0.000,0.010
14574,0.019,0.009,0.000,0.010
14575,0.019,0.009,0.000,0.010
14576,0.019,0.009,0.000,0.010
14577,0.019,0.009,0.000,0.010
14578,0.019,0.009,0.000,0.010
14579,0.019,0.009,0.000,0.010
14580,0.019,0.009,0.000,0.010
14581,0.019,0.009,0.000,0.010
14582,0.019,0.009,0.000,0.010
14583,0.019,0.009,0.000,0.010
14584,0.019,0.009,0.000,0.010
14585,0.019,0.009,0.000,0.010
14586,0.019,0.009,0.000,0.010
14587,0.019,0.009,0.000,0.010
14588,0.019,0.009,0.000,0.010
14589,0.019,0.009,0.000,0.010
14590,0.019,0.009,0.000,0.010
14591,0.019,0.009,0.000,0.010
14592,0.019,0.009,0.000,0.010
14593,0.019,0.009,0.000,0.010
14594,0.019,0.009,0.000,0.010
14595,0.019,0.009,0.000,0.010
14596,0.019,0.009,0.000,0.010
14597,0.019,0.009,0.000,0.010
14598,0.019,0.009,0.000,0.010
14599,0.019,0.009,0.000,0.010
14600,0.019,0.009,0.000,0.010
14601,0.019,0.009,0.000,0.010
14602,0.019,0.009,0.000,0.010
14603,0.019,0.009,0.000,0.010
14604,0.019,0.009,0.000,0.010
14605,0.019,0.009,0.000,0.010
14606,0.019,0.009,0.000,0.010
14607,0.019,0.009,0.000,0.010
14608,0.019,0.009,0.000,0.010
14609,0.019,0.009,0.000,0.010
14610,0.019,0.009,0.000,0.010
14611,0.019,0.009,0.000,0.010
14612,0.019,0.009,0.000,0.010
14613,0.019,0.009,0.000,0.010
14614,0.019,0.009,0.000,0.010
14615,0.019,0.009,0.000,0.010
14616,0.019,0.009,0.000,0.010
14617,0.019,0.009,0.000,0.010
14618,0.019,0.009,0.000,0.010
14619,0.019,0.009,0.000,0.010
14620,0.019,0.009,0.000,0.010
14621,0.019,0.009,0.000,0.010
14622,0.019,0.009,0.000,0.010
14623,0.019,0.009,0.000,0.010
14624,0.019,0.009,0.000,0.010
14625,0.019,0.009,0.000,0.010
14626,0.019,0.009,0.000,0.010
14627,0.019,0.009,0.000,0.010
14628,0.019,0.009,0.000,0.010
14629,0.019,0.009,0.000,0.010
14630,0.019,0.009,0.000,0.010
14631,0.019,0.009,0.000,0.010
14632,0.019,0.009,0.000,0.010
14633,0.019,0.009,0.000,0.010
14634,0.019,0.009,0.000,0.010
14635,0.019,0.009,0.000,0.010
14636,0.019,0.009,0.000,0.010
14637,0.019,0.009,0.000,0.010
14638,0.019,0.009,0.000,0.010
14639,0.019,0.009,0.000,0.010
14640,0.019,0.009,0.000,0.010
14641,0.019,0.009,0.000,0.010
14642,0.019,0.009,0.000,0.010
14643,0.019,0.009,0.000,0.010
14644,0.019,0.009,0.000,0.010
14645,0.019,0.009,0.000,0.010
14646,0.019,0.009,0.000,0.010
14647,0.019,0.009,0.000,0.010
14648,0.019,0.009,0.000,0.010
14649,0.019,0.009,0.000,0.010
14650,0.019,0.009,0.000,0.010
14651,0.019,0.009,0.000,0.010
14652,0.019,0.009,0.000,0.010
14653,0.019,0.009,0.000,0.010
14654,0.019,0.009,0.000,0.010
14655,0.019,0.009,0.000,0.010
14656,0.019,0.009,0.000,0.010
14657,0.019,0.009,0.000,0.010
14658,0.019,0.009,0.000,0.010
14659,0.019,0.009,0.000,0.010
14660,0.019,0.009,0.000,0.010
14661,0.019,0.009,0.000,0.010
14662,0.019,0.009,0.000,0.010
14663,0.019,0.009,0.000,0.010
14664,0.019,0.009,0.000,0.010
14665,0.019,0.009,0.000,0.010
14666,0.019,0.009,0.000,0.010
14667,0.019,0.009,0.000,0.010
14668,0.019,0.009,0.000,0.010
14669,0.019,0.009,0.000,0.010
14670,0.019,0.009,0.000,0.010
14671,0.019,0.009,0.000,0.010
14672,0.019,0.009,0.000,0.010
14673,0.019,0.009,0.000,0.010
14674,0.019,0.009,0.000,0.010
14675,0.019,0.009,0.000,0.010
14676,0.019,0.009,0.000,0.010
14677,0.019,0.009,0.000,0.010
14678,0.019,0.009,0.000,0.010
14679,0.019,0.009,0.000,0.010
14680,0.019,0.009,0.000,0.010
14681,0.019,0.009,0.000,0.010
14682,0.019,0.009,0.000,0.010
14683,0.019,0.009,0.000,0.010
14684,0.019,0.009,0.000,0.010
14685,0.019,0.009,0.000,0.010
14686,0.019,0.009,0.000,0.010
14687,0.019,0.009,0.000,0.010
14688,0.019,0.009,0.000,0.010
14689,0.019,0.009,0.000,0.010
14690,0.019,0.009,0.000,0.010
14691,0.019,0.009,0.000,0.010
14692,0.019,0.009,0.000,0.010
14693,0.019,0.009,0.000,0.010
14694,0.019,0.009,0.000,0.010
14695,0.019,0.009,0.000,0.010
14696,0.019,0.009,0.000,0.010
14697,0.019,0.009,0.000,0.010
14698,0.019,0.009,0.000,0.010
14699,0.019,0.009,0.000,0.010
14700,0.019,0.009,0.000,0.010
14701,0.019,0.009,0.000,0.010
14702,0.019,0.009,0.000,0.010
14703,0.019,0.009,0.000,0.010
14704,0.019,0.009,0.000,0.010
14705,0.019,0.009,0.000,0.010
14706,0.019,0.009,0.000,0.010
14707,0.019,0.009,0.000,0.010
14708,0.019,0.009,0.000,0.010
14709,0.019,0.009,0.000,0.010
14710,0.019,0.009,0.000,0.010
14711,0.019,0.009,0.000,0.010
14712,0.019,0.009,0.000,0.010
14713,0.019,0.009,0.000,0.010
14714,0.019,0.009,0.000,0.010
14715,0.019,0.009,0.000,0.010
14716,0.019,0.009,0.000,0.010
14717,0.019,0.009,0.000,0.010
14718,0.019,0.009,0.000,0.010
14719,0.019,0.009,0.000,0.010
14720,0.019,0.009,0.000,0.010
14721,0.019,0.009,0.000,0.010
14722,0.019,0.009,0.000,0.010
14723,0.019,0.009,0.000,0.010
14724,0.019,0.009,0.000,0.010
14725,0.019,0.009,0.000,0.010
14726,0.019,0.009,0.000,0.010
14727,0.019,0.009,0.000,0.010
14728,0.019,0.009,0.000,0.010
14729,0.019,0.009,0.000,0.010
14730,0.019,0.009,0.000,0.010
14731,0.019,0.009,0.000,0.010
14732,0.019,0.009,0.000,0.010
14733,0.019,0.009,0.000,0.010
14734,0.019,0.009,0.000,0.010
14735,0.019,0.009,0.000,0.010
14736,0.019,0.009,0.000,0.010
14737,0.019,0.009,0.000,0.010
14738,0.019,0.009,0.000,0.010
14739,0.019,0.009,0.000,0.010
14740,0.019,0.009,0.000,0.010
14741,0.019,0.009,0.000,0.010
14742,0.019,0.009,0.000,0.010
14743,0.019,0.009,0.000,0.010
14744,0.019,0.009,0.000,0.010
14745,0.019,0.009,0.000,0.010
14746,0.019,0.009,0.000,0.010
14747,0.019,0.009,0.000,0.010
14748,0.019,0.009,0.000,0.010
14749,0.019,0.009,0.000,0.010
14750,0.019,0.009,0.000,0.010
14751,0.019,0.009,0.000,0.010
14752,0.019,0.009,0.000,0.010
14753,0.019,0.009,0.000,0.010
14754,0.019,0.009,0.000,0.010
14755,0.019,0.009,0.000,0.010
14756,0.019,0.009,0.000,0.010
14757,0.019,0.009,0.000,0.010
14758,0.019,0.009,0.000,0.010
14759,0.019,0.009,0.000,0.010
14760,0.019,0.009,0.000,0.010
14761,0.019,0.009,0.000,0.010
14762,0.019,0.009,0.000,0.010
14763,0.019,0.009,0.000,0.010
14764,0.019,0.009,0.000,0.010
14765,0.019,0.009,0.000,0.010
14766,0.019,0.009,0.000,0.010
14767,0.019,0.009,0.000,0.010
14768,0.019,0.009,0.000,0.010
14769,0.019,0.009,0.000,0.010
14770,0.019,0.009,0.000,0.010
14771,0.019,0.009,0.000,0.010
14772,0.019,0.009,0.000,0.010
14773,0.019,0.009,0.000,0.010
14774,0.019,0.009,0.000,0.010
14775,0.019,0.009,0.000,0.010
14776,0.019,0.009,0.000,0.010
14777,0.019,0.009,0.000,0.010
14778,0.019,0.009,0.000,0.010
14779,0.019,0.009,0.000,0.010
14780,0.019,0.009,0.000,0.010
14781,0.019,0.009,0.000,0.010
14782,0.019,0.009,0.000,0.010
14783,0.019,0.009,0.000,0.010
14784,0.019,0.009,0.000,0.010
14785,0.019,0.009,0.000,0.010
14786,0.019,0.009,0.000,0.010
14787,0.019,0.009,0.000,0.010
14788,0.019,0.009,0.000,0.010
14789,0.019,0.009,0.000,0.010
14790,0.019,0.009,0.000,0.010
14791,0.019,0.009,0.000,0.010
14792,0.019,0.009,0.000,0.010
14793,0.019,0.009,0.000,0.010
14794,0.019,0.009,0.000,0.010
14795,0.019,0.009,0.000,0.010
14796,0.019,0.009,0.000,0.010
14797,0.019,0.009,0.000,0.010
14798,0.019,0.009,0.000,0.010
14799,0.019,0.009,0.000,0.010
14800,0.019,0.009,0.000,0.010
14801,0.019,0.009,0.000,0.010
14802,0.019,0.009,0.000,0.010
14803,0.019,0.009,0.000,0.010
14804,0.019,0.009,0.000,0.010
14805,0.019,0.009,0.000,0.010
14806,0.019,0.009,0.000,0.010
14807,0.019,0.009,0.000,0.010
14808,0.019,0.009,0.000,0.010
14809,0.019,0.009,0.000,0.010
14810,0.019,0.009,0.000,0.010
14811,0.019,0.009,0.000,0.010
14812,0.019,0.009,0.000,0.010
14813,0.019,0.009,0.000,0.010
14814,0.019,0.009,0.000,0.010
14815,0.019,0.009,0.000,0.010
14816,0.019,0.009,0.000,0.010
14817,0.019,0.009,0.000,0.010
14818,0.019,0.009,0.000,0.010
14819,0.019,0.009,0.000,0.010
14820,0.019,0.009,0.000,0.010
14821,0.019,0.009,0.000,0.010
14822,0.019,0.009,0.000,0.010
14823,0.019,0.009,0.000,0.010
14824,0.019,0.009,0.000,0.010
14825,0.019,0.009,0.000,0.010
14826,0.019,0.009,0.000,0.010
14827,0.019,0.009,0.000,0.010
14828,0.019,0.009,0.000,0.010
14829,0.019,0.009,0.000,0.010
14830,0.019,0.009,0.000,0.010
14831,0.019,0.009,0.000,0.010
14832,0.019,0.009,0.000,0.010
14833,0.019,0.009,0.000,0.010
14834,0.019,0.009,0.000,0.010
14835,0.019,0.009,0.000,0.010
14836,0.019,0.009,0.000,0.010
14837,0.019,0.009,0.000,0.010
14838,0.019,0.009,0.000,0.010
14839,0.019,0.009,0.000,0.010
14840,0.019,0.009,0.000,0.010
14841,0.019,0.009,0.000,0.010
14842,0.019,0.009,0.000,0.010
14843,0.019,0.009,0.000,0.010
14844,0.019,0.009,0.000,0.010
14845,0.019,0.009,0.000,0.010
14846,0.019,0.009,0.000,0.010
14847,0.019,0.009,0.000,0.010
14848,0.019,0.009,0.000,0.010
14849,0.019,0.009,0.000,0.010
14850,0.019,0.009,0.000,0.010
14851,0.019,0.009,0.000,0.010
14852,0.019,0.009,0.000,0.010
14853,0.019,0.009,0.000,0.010
14854,0.019,0.009,0.000,0.010
14855,0.019,0.009,0.000,0.010
14856,0.019,0.009,0.000,0.010
14857,0.019,0.009,0.000,0.010
14858,0.019,0.009,0.000,0.010
14859,0.019,0.009,0.000,0.010
14860,0.019,0.009,0.000,0.010
14861,0.019,0.009,0.000,0.010
14862,0.019,0.009,0.000,0.010
14863,0.019,0.009,0.000,0.010
14864,0.019,0.009,0.000,0.010
14865,0.019,0.009,0.000,0.010
14866,0.019,0.009,0.000,0.010
14867,0.019,0.009,0.000,0.010
14868,0.019,0.009,0.000,0.010
14869,0.019,0.009,0.000,0.010
14870,0.019,0.009,0.000,0.010
14871,0.019,0.009,0.000,0.010
14872,0.019,0.009,0.000,0.010
14873,0.019,0.009,0.000,0.010
14874,0.019,0.009,0.000,0.010
14875,0.019,0.009,0.000,0.010
14876,0.019,0.009,0.000,0.010
14877,0.019,0.009,0.000,0.010
14878,0.019,0.009,0.000,0.010
14879,0.019,0.009,0.000,0.010
14880,0.019,0.009,0.000,0.010
14881,0.019,0.009,0.000,0.010
14882,0.019,0.009,0.000,0.010
14883,0.019,0.009,0.000,0.010
14884,0.019,0.009,0.000,0.010
14885,0.019,0.009,0.000,0.010
14886,0.019,0.009,0.000,0.010
14887,0.019,0.009,0.000,0.010
14888,0.019,0.009,0.000,0.010
14889,0.019,0.009,0.000,0.010
14890,0.019,0.009,0.000,0.010
14891,0.019,0.009,0.000,0.010
14892,0.019,0.009,0.000,0.010
14893,0.019,0.009,0.000,0.010
14894,0.019,0.009,0.000,0.010
14895,0.019,0.009,0.000,0.010
14896,0.019,0.009,0.000,0.010
14897,0.019,0.009,0.000,0.010
14898,0.019,0.009,0.000,0.010
14899,0.019,0.009,0.000,0.010
14900,0.019,0.009,0.000,0.010
14901,0.019,0.009,0.000,0.010
14902,0.019,0.009,0.000,0.010
14903,0.019,0.009,0.000,0.010
14904,0.019,0.009,0.000,0.010
14905,0.019,0.009,0.000,0.010
14906,0.019,0.009,0.000,0.010
14907,0.019,0.009,0.000,0.010
14908,0.019,0.009,0.000,0.010
14909,0.019,0.009,0.000,0.010
14910,0.019,0.009,0.000,0.010
14911,0.019,0.009,0.000,0.010
14912,0.019,0.009,0.000,0.010
14913,0.019,0.009,0.000,0.010
14914,0.019,0.009,0.000,0.010
14915,0.019,0.009,0.000,0.010
14916,0.019,0.009,0.000,0.010
14917,0.019,0.009,0.000,0.010
14918,0.019,0.009,0.000,0.010
14919,0.019,0.009,0.000,0.010
14920,0.019,0.009,0.000,0.010
14921,0.019,0.009,0.000,0.010
14922,0.019,0.009,0.000,0.010
14923,0.019,0.009,0.000,0.010
14924,0.019,0.009,0.000,0.010
14925,0.019,0.009,0.000,0.010
14926,0.019,0.009,0.000,0.010
14927,0.019,0.009,0.000,0.010
14928,0.019,0.009,0.000,0.010
14929,0.019,0.009,0.000,0.010
14930,0.019,0.009,0.000,0.010
14931,0.019,0.009,0.000,0.010
14932,0.019,0.009,0.000,0.010
14933,0.019,0.009,0.000,0.010
14934,0.019,0.009,0.000,0.010
14935,0.019,0.009,0.000,0.010
14936,0.019,0.009,0.000,0.010
14937,0.019,0.009,0.000,0.010
14938,0.019,0.009,0.000,0.010
14939,0.019,0.009,0.000,0.010
14940,0.019,0.009,0.000,0.010
14941,0.019,0.009,0.000,0.010
14942,0.019,0.009,0.000,0.010
14943,0.019,0.009,0.000,0.010
14944,0.019,0.009,0.000,0.010
14945,0.019,0.009,0.000,0.010
14946,0.019,0.009,0.000,0.010
14947,0.019,0.009,0.000,0.010
14948,0.019,0.009,0.000,0.010
14949,0.019,0.009,0.000,0.010
14950,0.019,0.009,0.000,0.010
14951,0.019,0.009,0.000,0.010
14952,0.019,0.009,0.000,0.010
14953,0.019,0.009,0.000,0.010
14954,0.019,0.009,0.000,0.010
14955,0.019,0.009,0.000,0.010
14956,0.019,0.009,0.000,0.010
14957,0.019,0.009,0.000,0.010
14958,0.019,0.009,0.000,0.010
14959,0.019,0.009,0.000,0.010
14960,0.019,0.009,0.000,0.010
14961,0.019,0.009,0.000,0.010
14962,0.019,0.009,0.000,0.010
14963,0.019,0.009,0.000,0.010
14964,0.019,0.009,0.000,0.010
14965,0.019,0.009,0.000,0.010
14966,0.019,0.009,0.000,0.010
14967,0.019,0.009,0.000,0.010
14968,0.019,0.009,0.000,0.010
14969,0.019,0.009,0.000,0.010
14970,0.019,0.009,0.000,0.010
14971,0.019,0.009,0.000,0.010
14972,0.019,0.009,0.000,0.010
14973,0.019,0.009,0.000,0.010
14974,0.019,0.009,0.000,0.010
14975,0.019,0.009,0.000,0.010
14976,0.019,0.009,0.000,0.010
14977,0.019,0.009,0.000,0.010
14978,0.019,0.009,0.000,0.010
14979,0.019,0.009,0.000,0.010
14980,0.019,0.009,0.000,0.010
14981,0.019,0.009,0.000,0.010
14982,0.019,0.009,0.000,0.010
14983,0.019,0.009,0.000,0.010
14984,0.019,0.009,0.000,0.010
14985,0.019,0.009,0.000,0.010
14986,0.019,0.009,0.000,0.010
14987,0.019,0.009,0.000,0.010
14988,0.019,0.009,0.000,0.010
14989,0.019,0.009,0.000,0.010
14990,0.019,0.009,0.000,0.010
14991,0.019,0.009,0.000,0.010
14992,0.019,0.009,0.000,0.010
14993,0.019,0.009,0.000,0.010
14994,0.019,0.009,0.000,0.010
14995,0.019,0.009,0.000,0.010
14996,0.019,0.009,0.000,0.010
14997,0.019,0.009,0.000,0.010
14998,0.019,0.009,0.000,0.010
14999,0.019,0.009,0.000,0.010
15000,0.019,0.009,0.000,0.010
15001,0.019,0.009,0.000,0.010
15002,0.019,0.009,0.000,0.010
15003,0.019,0.009,0.000,0.010
15004,0.019,0.009,0.000,0.010
15005,0.019,0.009,0.000,0.010
15006,0.019,0.009,0.000,0.010
15007,0.019,0.009,0.000,0.010
15008,0.019,0.009,0.000,0.010
15009,0.019,0.009,0.000,0.010
15010,0.019,0.009,0.000,0.010
15011,0.019,0.009,0.000,0.010
15012,0.019,0.009,0.000,0.010
15013,0.019,0.009,0.000,0.010
15014,0.019,0.009,0.000,0.010
15015,0.019,0.009,0.000,0.010
15016,0.019,0.009,0.000,0.010
15017,0.019,0.009,0.000,0.010
15018,0.019,0.009,0.000,0.010
15019,0.019,0.009,0.000,0.010
15020,0.019,0.009,0.000,0.010
15021,0.019,0.009,0.000,0.010
15022,0.019,0.009,0.000,0.010
15023,0.019,0.009,0.000,0.010
15024,0.019,0.009,0.000,0.010
15025,0.019,0.009,0.000,0.010
15026,0.019,0.009,0.000,0.010
15027,0.019,0.009,0.000,0.010
15028,0.019,0.009,0.000,0.010
15029,0.019,0.009,0.000,0.010
15030,0.019,0.009,0.000,0.010
15031,0.019,0.009,0.000,0.010
15032,0.019,0.009,0.000,0.010
15033,0.019,0.009,0.000,0.010
15034,0.019,0.009,0.000,0.010
15035,0.019,0.009,0.000,0.010
15036,0.019,0.009,0.000,0.010
15037,0.019,0.009,0.000,0.010
15038,0.019,0.009,0.000,0.010
15039,0.019,0.009,0.000,0.010
15040,0.019,0.009,0.000,0.010
15041,0.019,0.009,0.000,0.010
15042,0.019,0.009,0.000,0.010
15043,0.019,0.009,0.000,0.010
15044,0.019,0.009,0.000,0.010
15045,0.019,0.009,0.000,0.010
15046,0.019,0.009,0.000,0.010
15047,0.019,0.009,0.000,0.010
15048,0.019,0.009,0.000,0.010
15049,0.019,0.009,0.000,0.010
15050,0.019,0.009,0.000,0.010
15051,0.019,0.009,0.000,0.010
15052,0.019,0.009,0.000,0.010
15053,0.019,0.009,0.000,0.010
15054,0.019,0.009,0.000,0.010
15055,0.019,0.009,0.000,0.010
15056,0.019,0.009,0.000,0.010
15057,0.019,0.009,0.000,0.010
15058,0.019,0.009,0.000,0.010
15059,0.019,0.009,0.000,0.010
15060,0.019,0.009,0.000,0.010
15061,0.019,0.009,0.000,0.010
15062,0.019,0.009,0.000,0.010
15063,0.019,0.009,0.000,0.010
15064,0.019,0.009,0.000,0.010
15065,0.019,0.009,0.000,0.010
15066,0.019,0.009,0.000,0.010
15067,0.019,0.009,0.000,0.010
15068,0.019,0.009,0.000,0.010
15069,0.019,0.009,0.000,0.010
15070,0.019,0.009,0.000,0.010
15071,0.019,0.009,0.000,0.010
15072,0.019,0.009,0.000,0.010
15073,0.019,0.009,0.000,0.010
15074,0.019,0.009,0.000,0.010
15075,0.019,0.009,0.000,0.010
15076,0.019,0.009,0.000,0.010
15077,0.019,0.009,0.000,0.010
15078,0.019,0.009,0.000,0.010
15079,0.019,0.009,0.000,0.010
15080,0.019,0.009,0.000,0.010
15081,0.019,0.009,0.000,0.010
15082,0.019,0.009,0.000,0.010
15083,0.019,0.009,0.000,0.010
15084,0.019,0.009,0.000,0.010
15085,0.019,0.009,0.000,0.010
15086,0.019,0.009,0.000,0.010
15087,0.019,0.009,0.000,0.010
15088,0.019,0.009,0.000,0.010
15089,0.019,0.009,0.000,0.010
15090,0.019,0.009,0.000,0.010
15091,0.019,0.009,0.000,0.010
15092,0.019,0.009,0.000,0.010
15093,0.019,0.009,0.000,0.010
15094,0.019,0.009,0.000,0.010
15095,0.019,0.009,0.000,0.010
15096,0.019,0.009,0.000,0.010
15097,0.019,0.009,0.000,0.010
15098,0.019,0.009,0.000,0.010
15099,0.019,0.009,0.000,0.010
15100,0.019,0.009,0.000,0.010
15101,0.019,0.009,0.000,0.010
15102,0.019,0.009,0.000,0.010
15103,0.019,0.009,0.000,0.010
15104,0.019,0.009,0.000,0.010
15105,0.019,0.009,0.000,0.010
15106,0.019,0.009,0.000,0.010
15107,0.019,0.009,0.000,0.010
15108,0.019,0.009,0.000,0.010
15109,0.019,0.009,0.000,0.010
15110,0.019,0.009,0.000,0.010
15111,0.019,0.009,0.000,0.010
15112,0.019,0.009,0.000,0.010
15113,0.019,0.009,0.000,0.010
15114,0.019,0.009,0.000,0.010
15115,0.019,0.009,0.000,0.010
15116,0.019,0.009,0.000,0.010
15117,0.019,0.009,0.000,0.010
15118,0.019,0.009,0.000,0.010
15119,0.019,0.009,0.000,0.010
15120,0.019,0.009,0.000,0.010
15121,0.019,0.009,0.000,0.010
15122,0.019,0.009,0.000,0.010
15123,0.019,0.009,0.000,0.010
15124,0.019,0.009,0.000,0.010
15125,0.019,0.009,0.000,0.010
15126,0.019,0.009,0.000,0.010
15127,0.019,0.009,0.000,0.010
15128,0.019,0.009,0.000,0.010
15129,0.019,0.009,0.000,0.010
15130,0.019,0.009,0.000,0.010
15131,0.019,0.009,0.000,0.010
15132,0.019,0.009,0.000,0.010
15133,0.019,0.009,0.000,0.010
15134,0.019,0.009,0.000,0.010
15135,0.019,0.009,0.000,0.010
15136,0.019,0.009,0.000,0.010
15137,0.019,0.009,0.000,0.010
15138,0.019,0.009,0.000,0.010
15139,0.019,0.009,0.000,0.010
15140,0.019,0.009,0.000,0.010
15141,0.019,0.009,0.000,0.010
15142,0.019,0.009,0.000,0.010
15143,0.019,0.009,0.000,0.010
15144,0.019,0.009,0.000,0.010
15145,0.019,0.009,0.000,0.010
15146,0.019,0.009,0.000,0.010
15147,0.019,0.009,0.000,0.010
15148,0.019,0.009,0.000,0.010
15149,0.019,0.009,0.000,0.010
15150,0.019,0.009,0.000,0.010
15151,0.019,0.009,0.000,0.010
15152,0.019,0.009,0.000,0.010
15153,0.019,0.009,0.000,0.010
15154,0.019,0.009,0.000,0.010
15155,0.019,0.009,0.000,0.010
15156,0.019,0.009,0.000,0.010
15157,0.019,0.009,0.000,0.010
15158,0.019,0.009,0.000,0.010
15159,0.019,0.009,0.000,0.010
15160,0.019,0.009,0.000,0.010
15161,0.019,0.009,0.000,0.010
15162,0.019,0.009,0.000,0.010
15163,0.019,0.009,0.000,0.010
15164,0.019,0.009,0.000,0.010
15165,0.019,0.009,0.000,0.010
15166,0.019,0.009,0.000,0.010
15167,0.019,0.009,0.000,0.010
15168,0.019,0.009,0.000,0.010
15169,0.019,0.009,0.000,0.010
15170,0.019,0.009,0.000,0.010
15171,0.019,0.009,0.000,0.010
15172,0.019,0.009,0.000,0.010
15173,0.019,0.009,0.000,0.010
15174,0.019,0.009,0.000,0.010
15175,0.019,0.009,0.000,0.010
15176,0.019,0.009,0.000,0.010
15177,0.019,0.009,0.000,0.010
15178,0.019,0.009,0.000,0.010
15179,0.019,0.009,0.000,0.010
15180,0.019,0.009,0.000,0.010
15181,0.019,0.009,0.000,0.010
15182,0.019,0.009,0.000,0.010
15183,0.019,0.009,0.000,0.010
15184,0.019,0.009,0.000,0.010
15185,0.019,0.009,0.000,0.010
15186,0.019,0.009,0.000,0.010
15187,0.019,0.009,0.000,0.010
15188,0.019,0.009,0.000,0.010
15189,0.019,0.009,0.000,0.010
15190,0.019,0.009,0.000,0.010
15191,0.019,0.009,0.000,0.010
15192,0.019,0.009,0.000,0.010
15193,0.019,0.009,0.000,0.010
15194,0.019,0.009,0.000,0.010
15195,0.019,0.009,0.000,0.010
15196,0.019,0.009,0.000,0.010
15197,0.019,0.009,0.000,0.010
15198,0.019,0.009,0.000,0.010
15199,0.019,0.009,0.000,0.010
15200,0.019,0.009,0.000,0.010
15201,0.019,0.009,0.000,0.010
15202,0.019,0.009,0.000,0.010
15203,0.019,0.009,0.000,0.010
15204,0.019,0.009,0.000,0.010
15205,0.019,0.009,0.000,0.010
15206,0.019,0.009,0.000,0.010
15207,0.019,0.009,0.000,0.010
15208,0.019,0.009,0.000,0.010
15209,0.019,0.009,0.000,0.010
15210,0.019,0.009,0.000,0.010
15211,0.019,0.009,0.000,0.010
15212,0.019,0.009,0.000,0.010
15213,0.019,0.009,0.000,0.010
15214,0.019,0.009,0.000,0.010
15215,0.019,0.009,0.000,0.010
15216,0.019,0.009,0.000,0.010
15217,0.019,0.009,0.000,0.010
15218,0.019,0.009,0.000,0.010
15219,0.019,0.009,0.000,0.010
15220,0.019,0.009,0.000,0.010
15221,0.019,0.009,0.000,0.010
15222,0.019,0.009,0.000,0.010
15223,0.019,0.009,0.000,0.010
15224,0.019,0.009,0.000,0.010
15225,0.019,0.009,0.000,0.010
15226,0.019,0.009,0.000,0.010
15227,0.019,0.009,0.000,0.010
15228,0.019,0.009,0.000,0.010
15229,0.019,0.009,0.000,0.010
15230,0.019,0.009,0.000,0.010
15231,0.019,0.009,0.000,0.010
15232,0.019,0.009,0.000,0.010
15233,0.019,0.009,0.000,0.010
15234,0.019,0.009,0.000,0.010
15235,0.019,0.009,0.000,0.010
15236,0.019,0.009,0.000,0.010
15237,0.019,0.009,0.000,0.010
15238,0.019,0.009,0.000,0.010
15239,0.019,0.009,0.000,0.010
15240,0.019,0.009,0.000,0.010
15241,0.019,0.009,0.000,0.010
15242,0.019,0.009,0.000,0.010
15243,0.019,0.009,0.000,0.010
15244,0.019,0.009,0.000,0.010
15245,0.019,0.009,0.000,0.010
15246,0.019,0.009,0.000,0.010
15247,0.019,0.009,0.000,0.010
15248,0.019,0.009,0.000,0.010
15249,0.019,0.009,0.000,0.010
15250,0.019,0.009,0.000,0.010
15251,0.019,0.009,0.000,0.010
15252,0.019,0.009,0.000,0.010
15253,0.019,0.009,0.000,0.010
15254,0.019,0.009,0.000,0.010
15255,0.019,0.009,0.000,0.010
15256,0.019,0.009,0.000,0.010
15257,0.019,0.009,0.000,0.010
15258,0.019,0.009,0.000,0.010
15259,0.019,0.009,0.000,0.010
15260,0.019,0.009,0.000,0.010
15261,0.019,0.009,0.000,0.010
15262,0.019,0.009,0.000,0.010
15263,0.019,0.009,0.000,0.010
15264,0.019,0.009,0.000,0.010
15265,0.019,0.009,0.000,0.010
15266,0.019,0.009,0.000,0.010
15267,0.019,0.009,0.000,0.010
15268,0.019,0.009,0.000,0.010
15269,0.019,0.009,0.000,0.010
15270,0.019,0.009,0.000,0.010
15271,0.019,0.009,0.000,0.010
15272,0.019,0.009,0.000,0.010
15273,0.019,0.009,0.000,0.010
15274,0.019,0.009,0.000,0.010
15275,0.019,0.009,0.000,0.010
15276,0.019,0.009,0.000,0.010
15277,0.019,0.009,0.000,0.010
15278,0.019,0.009,0.000,0.010
15279,0.019,0.009,0.000,0.010
15280,0.019,0.009,0.000,0.010
15281,0.019,0.009,0.000,0.010
15282,0.019,0.009,0.000,0.010
15283,0.019,0.009,0.000,0.010
15284,0.019,0.009,0.000,0.010
15285,0.019,0.009,0.000,0.010
15286,0.019,0.009,0.000,0.010
15287,0.019,0.009,0.000,0.010
15288,0.019,0.009,0.000,0.010
15289,0.019,0.009,0.000,0.010
15290,0.019,0.009,0.000,0.010
15291,0.019,0.009,0.000,0.010
15292,0.019,0.009,0.000,0.010
15293,0.019,0.009,0.000,0.010
15294,0.019,0.009,0.000,0.010
15295,0.019,0.009,0.000,0.010
15296,0.019,0.009,0.000,0.010
15297,0.019,0.009,0.000,0.010
15298,0.019,0.009,0.000,0.010
15299,0.019,0.009,0.000,0.010
15300,0.019,0.009,0.000,0.010
15301,0.019,0.009,0.000,0.010
15302,0.019,0.009,0.000,0.010
15303,0.019,0.009,0.000,0.010
15304,0.019,0.009,0.000,0.010
15305,0.019,0.009,0.000,0.010
15306,0.019,0.009,0.000,0.010
15307,0.019,0.009,0.000,0.010
15308,0.019,0.009,0.000,0.010
15309,0.019,0.009,0.000,0.010
15310,0.019,0.009,0.000,0.010
15311,0.019,0.009,0.000,0.010
15312,0.019,0.009,0.000,0.010
15313,0.019,0.009,0.000,0.010
15314,0.019,0.009,0.000,0.010
15315,0.019,0.009,0.000,0.010
15316,0.019,0.009,0.000,0.010
15317,0.019,0.009,0.000,0.010
15318,0.019,0.009,0.000,0.010
15319,0.019,0.009,0.000,0.010
15320,0.019,0.009,0.000,0.010
15321,0.019,0.009,0.000,0.010
15322,0.019,0.009,0.000,0.010
15323,0.019,0.009,0.000,0.010
15324,0.019,0.009,0.000,0.010
15325,0.019,0.009,0.000,0.010
15326,0.019,0.009,0.000,0.010
15327,0.019,0.009,0.000,0.010
15328,0.019,0.009,0.000,0.010
15329,0.019,0.009,0.000,0.010
15330,0.019,0.009,0.000,0.010
15331,0.019,0.009,0.000,0.010
15332,0.019,0.009,0.000,0.010
15333,0.019,0.009,0.000,0.010
15334,0.019,0.009,0.000,0.010
15335,0.019,0.009,0.000,0.010
15336,0.019,0.009,0.000,0.010
15337,0.019,0.009,0.000,0.010
15338,0.019,0.009,0.000,0.010
15339,0.019,0.009,0.000,0.010
15340,0.019,0.009,0.000,0.010
15341,0.019,0.009,0.000,0.010
15342,0.019,0.009,0.000,0.010
15343,0.019,0.009,0.000,0.010
15344,0.019,0.009,0.000,0.010
15345,0.019,0.009,0.000,0.010
15346,0.019,0.009,0.000,0.010
15347,0.019,0.009,0.000,0.010
15348,0.019,0.009,0.000,0.010
15349,0.019,0.009,0.000,0.010
15350,0.019,0.009,0.000,0.010
15351,0.019,0.009,0.000,0.010
15352,0.019,0.009,0.000,0.010
15353,0.019,0.009,0.000,0.010
15354,0.019,0.009,0.000,0.010
15355,0.019,0.009,0.000,0.010
15356,0.019,0.009,0.000,0.010
15357,0.019,0.009,0.000,0.010
15358,0.019,0.009,0.000,0.010
15359,0.019,0.009,0.000,0.010
15360,0.019,0.009,0.000,0.010
15361,0.019,0.009,0.000,0.010
15362,0.019,0.009,0.000,0.010
15363,0.019,0.009,0.000,0.010
15364,0.019,0.009,0.000,0.010
15365,0.019,0.009,0.000,0.010
15366,0.019,0.009,0.000,0.010
15367,0.019,0.009,0.000,0.010
15368,0.019,0.009,0.000,0.010
15369,0.019,0.009,0.000,0.010
15370,0.019,0.009,0.000,0.010
15371,0.019,0.009,0.000,0.010
15372,0.019,0.009,0.000,0.010
15373,0.019,0.009,0.000,0.010
15374,0.019,0.009,0.000,0.010
15375,0.019,0.009,0.000,0.010
15376,0.019,0.009,0.000,0.010
15377,0.019,0.009,0.000,0.010
15378,0.019,0.009,0.000,0.010
15379,0.019,0.009,0.000,0.010
15380,0.019,0.009,0.000,0.010
15381,0.019,0.009,0.000,0.010
15382,0.019,0.009,0.000,0.010
15383,0.019,0.009,0.000,0.010
15384,0.019,0.009,0.000,0.010
15385,0.019,0.009,0.000,0.010
15386,0.019,0.009,0.000,0.010
15387,0.019,0.009,0.000,0.010
15388,0.019,0.009,0.000,0.010
15389,0.019,0.009,0.000,0.010
15390,0.019,0.009,0.000,0.010
15391,0.019,0.009,0.000,0.010
15392,0.019,0.009,0.000,0.010
15393,0.019,0.009,0.000,0.010
15394,0.019,0.009,0.000,0.010
15395,0.019,0.009,0.000,0.010
15396,0.019,0.009,0.000,0.010
15397,0.019,0.009,0.000,0.010
15398,0.019,0.009,0.000,0.010
15399,0.019,0.009,0.000,0.010
15400,0.019,0.009,0.000,0.010
15401,0.019,0.009,0.000,0.010
15402,0.019,0.009,0.000,0.010
15403,0.019,0.009,0.000,0.010
15404,0.019,0.009,0.000,0.010
15405,0.019,0.009,0.000,0.010
15406,0.019,0.009,0.000,0.010
15407,0.019,0.009,0.000,0.010
15408,0.019,0.009,0.000,0.010
15409,0.019,0.009,0.000,0.010
15410,0.019,0.009,0.000,0.010
15411,0.019,0.009,0.000,0.010
15412,0.019,0.009,0.000,0.010
15413,0.019,0.009,0.000,0.010
15414,0.019,0.009,0.000,0.010
15415,0.019,0.009,0.000,0.010
15416,0.019,0.009,0.000,0.010
15417,0.019,0.009,0.000,0.010
15418,0.019,0.009,0.000,0.010
15419,0.019,0.009,0.000,0.010
15420,0.019,0.009,0.000,0.010
15421,0.019,0.009,0.000,0.010
15422,0.019,0.009,0.000,0.010
15423,0.019,0.009,0.000,0.010
15424,0.019,0.009,0.000,0.010
15425,0.019,0.009,0.000,0.010
15426,0.019,0.009,0.000,0.010
15427,0.019,0.009,0.000,0.010
15428,0.019,0.009,0.000,0.010
15429,0.019,0.009,0.000,0.010
15430,0.019,0.009,0.000,0.010
15431,0.019,0.009,0.000,0.010
15432,0.019,0.009,0.000,0.010
15433,0.019,0.009,0.000,0.010
15434,0.019,0.009,0.000,0.010
15435,0.019,0.009,0.000,0.010
15436,0.019,0.009,0.000,0.010
15437,0.019,0.009,0.000,0.010
15438,0.019,0.009,0.000,0.010
15439,0.019,0.009,0.000,0.010
15440,0.019,0.009,0.000,0.010
15441,0.019,0.009,0.000,0.010
15442,0.019,0.009,0.000,0.010
15443,0.019,0.009,0.000,0.010
15444,0.019,0.009,0.000,0.010
15445,0.019,0.009,0.000,0.010
15446,0.019,0.009,0.000,0.010
15447,0.019,0.009,0.000,0.010
15448,0.019,0.009,0.000,0.010
15449,0.019,0.009,0.000,0.010
15450,0.019,0.009,0.000,0.010
15451,0.019,0.009,0.000,0.010
15452,0.019,0.009,0.000,0.010
15453,0.019,0.009,0.000,0.010
15454,0.019,0.009,0.000,0.010
15455,0.019,0.009,0.000,0.010
15456,0.019,0.009,0.000,0.010
15457,0.019,0.009,0.000,0.010
15458,0.019,0.009,0.000,0.010
15459,0.019,0.009,0.000,0.010
15460,0.019,0.009,0.000,0.010
15461,0.019,0.009,0.000,0.010
15462,0.019,0.009,0.000,0.010
15463,0.019,0.009,0.000,0.010
15464,0.019,0.009,0.000,0.010
15465,0.019,0.009,0.000,0.010
15466,0.019,0.009,0.000,0.010
15467,0.019,0.009,0.000,0.010
15468,0.019,0.009,0.000,0.010
15469,0.019,0.009,0.000,0.010
15470,0.019,0.009,0.000,0.010
15471,0.019,0.009,0.000,0.010
15472,0.019,0.009,0.000,0.010
15473,0.019,0.009,0.000,0.010
15474,0.019,0.009,0.000,0.010
15475,0.019,0.009,0.000,0.010
15476,0.019,0.009,0.000,0.010
15477,0.019,0.009,0.000,0.010
15478,0.019,0.009,0.000,0.010
15479,0.019,0.009,0.000,0.010
15480,0.019,0.009,0.000,0.010
15481,0.019,0.009,0.000,0.010
15482,0.019,0.009,0.000,0.010
15483,0.019,0.009,0.000,0.010
15484,0.019,0.009,0.000,0.010
15485,0.019,0.009,0.000,0.010
15486,0.019,0.009,0.000,0.010
15487,0.019,0.009,0.000,0.010
15488,0.019,0.009,0.000,0.010
15489,0.019,0.009,0.000,0.010
15490,0.019,0.009,0.000,0.010
15491,0.019,0.009,0.000,0.010
15492,0.019,0.009,0.000,0.010
15493,0.019,0.009,0.000,0.010
15494,0.019,0.009,0.000,0.010
15495,0.019,0.009,0.000,0.010
15496,0.019,0.009,0.000,0.010
15497,0.019,0.009,0.000,0.010
15498,0.019,0.009,0.000,0.010
15499,0.019,0.009,0.000,0.010
15500,0.019,0.009,0.000,0.010
15501,0.019,0.009,0.000,0.010
15502,0.019,0.009,0.000,0.010
15503,0.019,0.009,0.000,0.010
15504,0.019,0.009,0.000,0.010
15505,0.019,0.009,0.000,0.010
15506,0.019,0.009,0.000,0.010
15507,0.019,0.009,0.000,0.010
15508,0.019,0.009,0.000,0.010
15509,0.019,0.009,0.000,0.010
15510,0.019,0.009,0.000,0.010
15511,0.019,0.009,0.000,0.010
15512,0.019,0.009,0.000,0.010
15513,0.019,0.009,0.000,0.010
15514,0.019,0.009,0.000,0.010
15515,0.019,0.009,0.000,0.010
15516,0.019,0.009,0.000,0.010
15517,0.019,0.009,0.000,0.010
15518,0.019,0.009,0.000,0.010
15519,0.019,0.009,0.000,0.010
15520,0.019,0.009,0.000,0.010
15521,0.019,0.009,0.000,0.010
15522,0.019,0.009,0.000,0.010
15523,0.019,0.009,0.000,0.010
15524,0.019,0.009,0.000,0.010
15525,0.019,0.009,0.000,0.010
15526,0.019,0.009,0.000,0.010
15527,0.019,0.009,0.000,0.010
15528,0.019,0.009,0.000,0.010
15529,0.019,0.009,0.000,0.010
15530,0.019,0.009,0.000,0.010
15531,0.019,0.009,0.000,0.010
15532,0.019,0.009,0.000,0.010
15533,0.019,0.009,0.000,0.010
15534,0.019,0.009,0.000,0.010
15535,0.019,0.009,0.000,0.010
15536,0.019,0.009,0.000,0.010
15537,0.019,0.009,0.000,0.010
15538,0.019,0.009,0.000,0.010
15539,0.019,0.009,0.000,0.010
15540,0.019,0.009,0.000,0.010
15541,0.019,0.009,0.000,0.010
15542,0.019,0.009,0.000,0.010
15543,0.019,0.009,0.000,0.010
15544,0.019,0.009,0.000,0.010
15545,0.019,0.009,0.000,0.010
15546,0.019,0.009,0.000,0.010
15547,0.019,0.009,0.000,0.010
15548,0.019,0.009,0.000,0.010
15549,0.019,0.009,0.000,0.010
15550,0.019,0.009,0.000,0.010
15551,0.019,0.009,0.000,0.010
15552,0.019,0.009,0.000,0.010
15553,0.019,0.009,0.000,0.010
15554,0.019,0.009,0.000,0.010
15555,0.019,0.009,0.000,0.010
15556,0.019,0.009,0.000,0.010
15557,0.019,0.009,0.000,0.010
15558,0.019,0.009,0.000,0.010
15559,0.019,0.009,0.000,0.010
15560,0.019,0.009,0.000,0.010
15561,0.019,0.009,0.000,0.010
15562,0.019,0.009,0.000,0.010
15563,0.019,0.009,0.000,0.010
15564,0.019,0.009,0.000,0.010
15565,0.019,0.009,0.000,0.010
15566,0.019,0.009,0.000,0.010
15567,0.019,0.009,0.000,0.010
15568,0.019,0.009,0.000,0.010
15569,0.019,0.009,0.000,0.010
15570,0.019,0.009,0.000,0.010
15571,0.019,0.009,0.000,0.010
15572,0.019,0.009,0.000,0.010
15573,0.019,0.009,0.000,0.010
15574,0.019,0.009,0.000,0.010
15575,0.019,0.009,0.000,0.010
15576,0.019,0.009,0.000,0.010
15577,0.019,0.009,0.000,0.010
15578,0.019,0.009,0.000,0.010
15579,0.019,0.009,0.000,0.010
15580,0.019,0.009,0.000,0.010
15581,0.019,0.009,0.000,0.010
15582,0.019,0.009,0.000,0.010
15583,0.019,0.009,0.000,0.010
15584,0.019,0.009,0.000,0.010
15585,0.019,0.009,0.000,0.010
15586,0.019,0.009,0.000,0.010
15587,0.019,0.009,0.000,0.010
15588,0.019,0.009,0.000,0.010
15589,0.019,0.009,0.000,0.010
15590,0.019,0.009,0.000,0.010
15591,0.019,0.009,0.000,0.010
15592,0.019,0.009,0.000,0.010
15593,0.019,0.009,0.000,0.010
15594,0.019,0.009,0.000,0.010
15595,0.019,0.009,0.000,0.010
15596,0.019,0.009,0.000,0.010
15597,0.019,0.009,0.000,0.010
15598,0.019,0.009,0.000,0.010
15599,0.019,0.009,0.000,0.010
15600,0.019,0.009,0.000,0.010
15601,0.019,0.009,0.000,0.010
15602,0.019,0.009,0.000,0.010
15603,0.019,0.009,0.000,0.010
15604,0.019,0.009,0.000,0.010
15605,0.019,0.009,0.000,0.010
15606,0.019,0.009,0.000,0.010
15607,0.019,0.009,0.000,0.010
15608,0.019,0.009,0.000,0.010
15609,0.019,0.009,0.000,0.010
15610,0.019,0.009,0.000,0.010
15611,0.019,0.009,0.000,0.010
15612,0.019,0.009,0.000,0.010
15613,0.019,0.009,0.000,0.010
15614,0.019,0.009,0.000,0.010
15615,0.019,0.009,0.000,0.010
15616,0.019,0.009,0.000,0.010
15617,0.019,0.009,0.000,0.010
15618,0.019,0.009,0.000,0.010
15619,0.019,0.009,0.000,0.010
15620,0.019,0.009,0.000,0.010
15621,0.019,0.009,0.000,0.010
15622,0.019,0.009,0.000,0.010
15623,0.019,0.009,0.000,0.010
15624,0.019,0.009,0.000,0.010
15625,0.019,0.009,0.000,0.010
15626,0.019,0.009,0.000,0.010
15627,0.019,0.009,0.000,0.010
15628,0.019,0.009,0.000,0.010
15629,0.019,0.009,0.000,0.010
15630,0.019,0.009,0.000,0.010
15631,0.019,0.009,0.000,0.010
15632,0.019,0.009,0.000,0.010
15633,0.019,0.009,0.000,0.010
15634,0.019,0.009,0.000,0.010
15635,0.019,0.009,0.000,0.010
15636,0.019,0.009,0.000,0.010
15637,0.019,0.009,0.000,0.010
15638,0.019,0.009,0.000,0.010
15639,0.019,0.009,0.000,0.010
15640,0.019,0.009,0.000,0.010
15641,0.019,0.009,0.000,0.010
15642,0.019,0.009,0.000,0.010
15643,0.019,0.009,0.000,0.010
15644,0.019,0.009,0.000,0.010
15645,0.019,0.009,0.000,0.010
15646,0.019,0.009,0.000,0.010
15647,0.019,0.009,0.000,0.010
15648,0.019,0.009,0.000,0.010
15649,0.019,0.009,0.000,0.010
15650,0.019,0.009,0.000,0.010
15651,0.019,0.009,0.000,0.010
15652,0.019,0.009,0.000,0.010
15653,0.019,0.009,0.000,0.010
15654,0.019,0.009,0.000,0.010
15655,0.019,0.009,0.000,0.010
15656,0.019,0.009,0.000,0.010
15657,0.019,0.009,0.000,0.010
15658,0.019,0.009,0.000,0.010
15659,0.019,0.009,0.000,0.010
15660,0.019,0.009,0.000,0.010
15661,0.019,0.009,0.000,0.010
15662,0.019,0.009,0.000,0.010
15663,0.019,0.009,0.000,0.010
15664,0.019,0.009,0.000,0.010
15665,0.019,0.009,0.000,0.010
15666,0.019,0.009,0.000,0.010
15667,0.019,0.009,0.000,0.010
15668,0.019,0.009,0.000,0.010
15669,0.019,0.009,0.000,0.010
15670,0.019,0.009,0.000,0.010
15671,0.019,0.009,0.000,0.010
15672,0.019,0.009,0.000,0.010
15673,0.019,0.009,0.000,0.010
15674,0.019,0.009,0.000,0.010
15675,0.019,0.009,0.000,0.010
15676,0.019,0.009,0.000,0.010
15677,0.019,0.009,0.000,0.010
15678,0.019,0.009,0.000,0.010
15679,0.019,0.009,0.000,0.010
15680,0.019,0.009,0.000,0.010
15681,0.019,0.009,0.000,0.010
15682,0.019,0.009,0.000,0.010
15683,0.019,0.009,0.000,0.010
15684,0.019,0.009,0.000,0.010
15685,0.019,0.009,0.000,0.010
15686,0.019,0.009,0.000,0.010
15687,0.019,0.009,0.000,0.010
15688,0.019,0.009,0.000,0.010
15689,0.019,0.009,0.000,0.010
15690,0.019,0.009,0.000,0.010
15691,0.019,0.009,0.000,0.010
15692,0.019,0.009,0.000,0.010
15693,0.019,0.009,0.000,0.010
15694,0.019,0.009,0.000,0.010
15695,0.019,0.009,0.000,0.010
15696,0.019,0.009,0.000,0.010
15697,0.019,0.009,0.000,0.010
15698,0.019,0.009,0.000,0.010
15699,0.019,0.009,0.000,0.010
15700,0.019,0.009,0.000,0.010
15701,0.019,0.009,0.000,0.010
15702,0.019,0.009,0.000,0.010
15703,0.019,0.009,0.000,0.010
15704,0.019,0.009,0.000,0.010
15705,0.019,0.009,0.000,0.010
15706,0.019,0.009,0.000,0.010
15707,0.019,0.009,0.000,0.010
15708,0.019,0.009,0.000,0.010
15709,0.019,0.009,0.000,0.010
15710,0.019,0.009,0.000,0.010
15711,0.019,0.009,0.000,0.010
15712,0.019,0.009,0.000,0.010
15713,0.019,0.009,0.000,0.010
15714,0.019,0.009,0.000,0.010
15715,0.019,0.009,0.000,0.010
15716,0.019,0.009,0.000,0.010
15717,0.019,0.009,0.000,0.010
15718,0.019,0.009,0.000,0.010
15719,0.019,0.009,0.000,0.010
15720,0.019,0.009,0.000,0.010
15721,0.019,0.009,0.000,0.010
15722,0.019,0.009,0.000,0.010
15723,0.019,0.009,0.000,0.010
15724,0.019,0.009,0.000,0.010
15725,0.019,0.009,0.000,0.010
15726,0.019,0.009,0.000,0.010
15727,0.019,0.009,0.000,0.010
15728,0.019,0.009,0.000,0.010
15729,0.019,0.009,0.000,0.010
15730,0.019,0.009,0.000,0.010
15731,0.019,0.009,0.000,0.010
15732,0.019,0.009,0.000,0.010
15733,0.019,0.009,0.000,0.010
15734,0.019,0.009,0.000,0.010
15735,0.019,0.009,0.000,0.010
15736,0.019,0.009,0.000,0.010
15737,0.019,0.009,0.000,0.010
15738,0.019,0.009,0.000,0.010
15739,0.019,0.009,0.000,0.010
15740,0.019,0.009,0.000,0.010
15741,0.019,0.009,0.000,0.010
15742,0.019,0.009,0.000,0.010
15743,0.019,0.009,0.000,0.010
15744,0.019,0.009,0.000,0.010
15745,0.019,0.009,0.000,0.010
15746,0.019,0.009,0.000,0.010
15747,0.019,0.009,0.000,0.010
15748,0.019,0.009,0.000,0.010
15749,0.019,0.009,0.000,0.010
15750,0.019,0.009,0.000,0.010
15751,0.019,0.009,0.000,0.010
15752,0.019,0.009,0.000,0.010
15753,0.019,0.009,0.000,0.010
15754,0.019,0.009,0.000,0.010
15755,0.019,0.009,0.000,0.010
15756,0.019,0.009,0.000,0.010
15757,0.019,0.009,0.000,0.010
15758,0.019,0.009,0.000,0.010
15759,0.019,0.009,0.000,0.010
15760,0.019,0.009,0.000,0.010
15761,0.019,0.009,0.000,0.010
15762,0.019,0.009,0.000,0.010
15763,0.019,0.009,0.000,0.010
15764,0.019,0.009,0.000,0.010
15765,0.019,0.009,0.000,0.010
15766,0.019,0.009,0.000,0.010
15767,0.019,0.009,0.000,0.010
15768,0.019,0.009,0.000,0.010
15769,0.019,0.009,0.000,0.010
15770,0.019,0.009,0.000,0.010
15771,0.019,0.009,0.000,0.010
15772,0.019,0.009,0.000,0.010
15773,0.019,0.009,0.000,0.010
15774,0.019,0.009,0.000,0.010
15775,0.019,0.009,0.000,0.010
15776,0.019,0.009,0.000,0.010
15777,0.019,0.009,0.000,0.010
15778,0.019,0.009,0.000,0.010
15779,0.019,0.009,0.000,0.010
15780,0.019,0.009,0.000,0.010
15781,0.019,0.009,0.000,0.010
15782,0.019,0.009,0.000,0.010
15783,0.019,0.009,0.000,0.010
15784,0.019,0.009,0.000,0.010
15785,0.019,0.009,0.000,0.010
15786,0.019,0.009,0.000,0.010
15787,0.019,0.009,0.000,0.010
15788,0.019,0.009,0.000,0.010
15789,0.019,0.009,0.000,0.010
15790,0.019,0.009,0.000,0.010
15791,0.019,0.009,0.000,0.010
15792,0.019,0.009,0.000,0.010
15793,0.019,0.009,0.000,0.010
15794,0.019,0.009,0.000,0.010
15795,0.019,0.009,0.000,0.010
15796,0.019,0.009,0.000,0.010
15797,0.019,0.009,0.000,0.010
15798,0.019,0.009,0.000,0.010
15799,0.019,0.009,0.000,0.010
15800,0.019,0.009,0.000,0.010
15801,0.019,0.009,0.000,0.010
15802,0.019,0.009,0.000,0.010
15803,0.019,0.009,0.000,0.010
15804,0.019,0.009,0.000,0.010
15805,0.019,0.009,0.000,0.010
15806,0.019,0.009,0.000,0.010
15807,0.019,0.009,0.000,0.010
15808,0.019,0.009,0.000,0.010
15809,0.019,0.009,0.000,0.010
15810,0.019,0.009,0.000,0.010
15811,0.019,0.009,0.000,0.010
15812,0.019,0.009,0.000,0.010
15813,0.019,0.009,0.000,0.010
15814,0.019,0.009,0.000,0.010
15815,0.019,0.009,0.000,0.010
15816,0.019,0.009,0.000,0.010
15817,0.019,0.009,0.000,0.010
15818,0.019,0.009,0.000,0.010
15819,0.019,0.009,0.000,0.010
15820,0.019,0.009,0.000,0.010
15821,0.019,0.009,0.000,0.010
15822,0.019,0.009,0.000,0.010
15823,0.019,0.009,0.000,0.010
15824,0.019,0.009,0.000,0.010
15825,0.019,0.009,0.000,0.010
15826,0.019,0.009,0.000,0.010
15827,0.019,0.009,0.000,0.010
15828,0.019,0.009,0.000,0.010
15829,0.019,0.009,0.000,0.010
15830,0.019,0.009,0.000,0.010
15831,0.019,0.009,0.000,0.010
15832,0.021,0.009,0.000,0.011
15833,0.025,0.009,0.000,0.012
15834,0.021,0.009,0.000,0.011
15835,0.022,0.009,0.000,0.011
15836,0.027,0.009,0.000,0.013
15837,0.029,0.009,0.000,0.013
15838,0.030,0.009,0.000,0.014
15839,0.032,0.009,0.000,0.015
15840,0.030,0.009,0.000,0.014
15841,0.030,0.009,0.000,0.014
15842,0.032,0.009,0.000,0.015
15843,0.031,0.009,0.000,0.015
15844,0.032,0.009,0.000,0.015
15845,0.029,0.009,0.000,0.014
15846,0.031,0.009,0.000,0.014
15847,0.031,0.009,0.000,0.014
15848,0.031,0.009,0.000,0.014
15849,0.030,0.009,0.000,0.014
15850,0.033,0.009,0.000,0.015
15851,0.033,0.009,0.000,0.015
15852,0.031,0.009,0.000,0.014
15853,0.031,0.009,0.000,0.014
15854,0.031,0.009,0.000,0.014
15855,0.034,0.009,0.000,0.015
15856,0.034,0.009,0.000,0.015
15857,0.031,0.009,0.000,0.014
15858,0.029,0.009,0.000,0.014
15859,0.028,0.009,0.000,0.013
15860,0.028,0.009,0.000,0.013
15861,0.025,0.009,0.000,0.012
15862,0.037,0.009,0.000,0.016
15863,0.041,0.009,0.000,0.018
15864,0.040,0.009,0.000,0.018
15865,0.043,0.009,0.000,0.019
15866,0.044,0.009,0.000,0.019
15867,0.050,0.009,0.000,0.021
15868,0.047,0.009,0.000,0.020
15869,0.042,0.009,0.000,0.018
15870,0.038,0.009,0.000,0.017
15871,0.032,0.009,0.000,0.015
15872,0.032,0.009,0.000,0.015
15873,0.030,0.009,0.000,0.014
15874,0.034,0.009,0.000,0.015
15875,0.034,0.009,0.000,0.015
15876,0.030,0.009,0.000,0.014
15877,0.030,0.009,0.000,0.014
15878,0.026,0.009,0.000,0.013
15879,0.029,0.009,0.000,0.014
15880,0.024,0.009,0.000,0.012
15881,0.028,0.009,0.000,0.013
15882,0.026,0.009,0.000,0.012
15883,0.026,0.009,0.000,0.012
15884,0.027,0.009,0.000,0.013
15885,0.027,0.009,0.000,0.013
15886,0.026,0.009,0.000,0.012
15887,0.027,0.009,0.000,0.013
15888,0.025,0.009,0.000,0.012
15889,0.025,0.009,0.000,0.012
15890,0.025,0.009,0.000,0.012
15891,0.025,0.009,0.000,0.012
15892,0.022,0.009,0.000,0.011
15893,0.025,0.009,0.000,0.012
15894,0.025,0.009,0.000,0.012
15895,0.023,0.009,0.000,0.012
15896,0.023,0.009,0.000,0.012
15897,0.023,0.009,0.000,0.012
15898,0.023,0.009,0.000,0.012
15899,0.023,0.009,0.000,0.012
15900,0.023,0.009,0.000,0.012
15901,0.023,0.009,0.000,0.011
15902,0.022,0.009,0.000,0.011
15903,0.022,0.009,0.000,0.011
15904,0.022,0.009,0.000,0.011
15905,0.022,0.009,0.000,0.011
15906,0.022,0.009,0.000,0.011
15907,0.022,0.009,0.000,0.011
15908,0.022,0.009,0.000,0.011
15909,0.022,0.009,0.000,0.011
15910,0.022,0.009,0.000,0.011
15911,0.022,0.009,0.000,0.011
15912,0.022,0.009,0.000,0.011
15913,0.022,0.009,0.000,0.011
15914,0.022,0.009,0.000,0.011
15915,0.022,0.009,0.000,0.011
15916,0.022,0.009,0.000,0.011
15917,0.022,0.009,0.000,0.011
15918,0.022,0.009,0.000,0.011
15919,0.022,0.009,0.000,0.011
15920,0.022,0.009,0.000,0.011
15921,0.022,0.009,0.000,0.011
15922,0.022,0.009,0.000,0.011
15923,0.022,0.009,0.000,0.011
15924,0.022,0.009,0.000,0.011
15925,0.022,0.009,0.000,0.011
15926,0.022,0.009,0.000,0.011
15927,0.022,0.009,0.000,0.011
15928,0.022,0.009,0.000,0.011
15929,0.022,0.009,0.000,0.011
15930,0.022,0.009,0.000,0.011
15931,0.022,0.009,0.000,0.011
15932,0.022,0.009,0.000,0.011
15933,0.022,0.009,0.000,0.011
15934,0.022,0.009,0.000,0.011
15935,0.022,0.009,0.000,0.011
15936,0.022,0.009,0.000,0.011
15937,0.022,0.009,0.000,0.011
15938,0.022,0.009,0.000,0.011
15939,0.022,0.009,0.000,0.011
15940,0.022,0.009,0.000,0.011
15941,0.022,0.009,0.000,0.011
15942,0.022,0.009,0.000,0.011
15943,0.022,0.009,0.000,0.011
15944,0.022,0.009,0.000,0.011
15945,0.022,0.009,0.000,0.011
15946,0.022,0.009,0.000,0.011
15947,0.022,0.009,0.000,0.011
15948,0.022,0.009,0.000,0.011
15949,0.022,0.009,0.000,0.011
15950,0.022,0.009,0.000,0.011
15951,0.022,0.009,0.000,0.011
15952,0.022,0.009,0.000,0.011
15953,0.022,0.009,0.000,0.011
15954,0.022,0.009,0.000,0.011
15955,0.022,0.009,0.000,0.011
15956,0.022,0.009,0.000,0.011
15957,0.022,0.009,0.000,0.011
15958,0.022,0.009,0.000,0.011
15959,0.022,0.009,0.000,0.011
15960,0.022,0.009,0.000,0.011
15961,0.022,0.009,0.000,0.011
15962,0.022,0.009,0.000,0.011
15963,0.022,0.009,0.000,0.011
15964,0.022,0.009,0.000,0.011
15965,0.022,0.009,0.000,0.011
15966,0.022,0.009,0.000,0.011
15967,0.022,0.009,0.000,0.011
15968,0.022,0.009,0.000,0.011
15969,0.022,0.009,0.000,0.011
15970,0.022,0.009,0.000,0.011
15971,0.022,0.009,0.000,0.011
15972,0.022,0.009,0.000,0.011
15973,0.022,0.009,0.000,0.011
15974,0.022,0.009,0.000,0.011
15975,0.022,0.009,0.000,0.011
15976,0.022,0.009,0.000,0.011
15977,0.022,0.009,0.000,0.011
15978,0.022,0.009,0.000,0.011
15979,0.022,0.009,0.000,0.011
15980,0.022,0.009,0.000,0.011
15981,0.022,0.009,0.000,0.011
15982,0.022,0.009,0.000,0.011
15983,0.022,0.009,0.000,0.011
15984,0.022,0.009,0.000,0.011
15985,0.022,0.009,0.000,0.011
15986,0.022,0.009,0.000,0.011
15987,0.022,0.009,0.000,0.011
15988,0.022,0.009,0.000,0.011
15989,0.022,0.009,0.000,0.011
15990,0.022,0.009,0.000,0.011
15991,0.022,0.009,0.000,0.011
15992,0.022,0.009,0.000,0.011
15993,0.022,0.009,0.000,0.011
15994,0.022,0.009,0.000,0.011
15995,0.022,0.009,0.000,0.011
15996,0.022,0.009,0.000,0.011
15997,0.022,0.009,0.000,0.011
15998,0.022,0.009,0.000,0.011
15999,0.022,0.009,0.000,0.011
16000,0.022,0.009,0.000,0.011
16001,0.022,0.009,0.000,0.011
16002,0.022,0.009,0.000,0.011
16003,0.022,0.009,0.000,0.011
16004,0.022,0.009,0.000,0.011
16005,0.022,0.009,0.000,0.011
16006,0.022,0.009,0.000,0.011
16007,0.022,0.009,0.000,0.011
16008,0.022,0.009,0.000,0.011
16009,0.022,0.009,0.000,0.011
16010,0.022,0.009,0.000,0.011
16011,0.022,0.009,0.000,0.011
16012,0.022,0.009,0.000,0.011
16013,0.022,0.009,0.000,0.011
16014,0.022,0.009,0.000,0.011
16015,0.022,0.009,0.000,0.011
16016,0.022,0.009,0.000,0.011
16017,0.022,0.009,0.000,0.011
16018,0.022,0.009,0.000,0.011
16019,0.022,0.009,0.000,0.011
16020,0.022,0.009,0.000,0.011
16021,0.022,0.009,0.000,0.011
16022,0.022,0.009,0.000,0.011
16023,0.022,0.009,0.000,0.011
16024,0.022,0.009,0.000,0.011
16025,0.022,0.009,0.000,0.011
16026,0.022,0.009,0.000,0.011
16027,0.022,0.009,0.000,0.011
16028,0.022,0.009,0.000,0.011
16029,0.022,0.009,0.000,0.011
16030,0.022,0.009,0.000,0.011
16031,0.022,0.009,0.000,0.011
16032,0.022,0.009,0.000,0.011
16033,0.022,0.009,0.000,0.011
16034,0.022,0.009,0.000,0.011
16035,0.022,0.009,0.000,0.011
16036,0.022,0.009,0.000,0.011
16037,0.022,0.009,0.000,0.011
16038,0.022,0.009,0.000,0.011
16039,0.022,0.009,0.000,0.011
16040,0.022,0.009,0.000,0.011
16041,0.022,0.009,0.000,0.011
16042,0.022,0.009,0.000,0.011
16043,0.022,0.009,0.000,0.011
16044,0.022,0.009,0.000,0.011
16045,0.022,0.009,0.000,0.011
16046,0.022,0.009,0.000,0.011
16047,0.022,0.009,0.000,0.011
16048,0.022,0.009,0.000,0.011
16049,0.022,0.009,0.000,0.011
16050,0.022,0.009,0.000,0.011
16051,0.022,0.009,0.000,0.011
16052,0.022,0.009,0.000,0.011
16053,0.022,0.009,0.000,0.011
16054,0.022,0.009,0.000,0.011
16055,0.022,0.009,0.000,0.011
16056,0.022,0.009,0.000,0.011
16057,0.022,0.009,0.000,0.011
16058,0.022,0.009,0.000,0.011
16059,0.022,0.009,0.000,0.011
16060,0.022,0.009,0.000,0.011
16061,0.022,0.009,0.000,0.011
16062,0.022,0.009,0.000,0.011
16063,0.022,0.009,0.000,0.011
16064,0.022,0.009,0.000,0.011
16065,0.022,0.009,0.000,0.011
16066,0.022,0.009,0.000,0.011
16067,0.022,0.009,0.000,0.011
16068,0.022,0.009,0.000,0.011
16069,0.022,0.009,0.000,0.011
16070,0.022,0.009,0.000,0.011
16071,0.022,0.009,0.000,0.011
16072,0.022,0.009,0.000,0.011
16073,0.022,0.009,0.000,0.011
16074,0.022,0.009,0.000,0.011
16075,0.022,0.009,0.000,0.011
16076,0.022,0.009,0.000,0.011
16077,0.022,0.009,0.000,0.011
16078,0.022,0.009,0.000,0.011
16079,0.022,0.009,0.000,0.011
16080,0.022,0.009,0.000,0.011
16081,0.022,0.009,0.000,0.011
16082,0.022,0.009,0.000,0.011
16083,0.022,0.009,0.000,0.011
16084,0.022,0.009,0.000,0.011
16085,0.022,0.009,0.000,0.011
16086,0.022,0.009,0.000,0.011
16087,0.022,0.009,0.000,0.011
16088,0.022,0.009,0.000,0.011
16089,0.022,0.009,0.000,0.011
16090,0.022,0.009,0.000,0.011
16091,0.022,0.009,0.000,0.011
16092,0.022,0.009,0.000,0.011
16093,0.022,0.009,0.000,0.011
16094,0.022,0.009,0.000,0.011
16095,0.022,0.009,0.000,0.011
16096,0.022,0.009,0.000,0.011
16097,0.022,0.009,0.000,0.011
16098,0.022,0.009,0.000,0.011
16099,0.022,0.009,0.000,0.011
16100,0.022,0.009,0.000,0.011
16101,0.022,0.009,0.000,0.011
16102,0.022,0.009,0.000,0.011
16103,0.022,0.009,0.000,0.011
16104,0.022,0.009,0.000,0.011
16105,0.022,0.009,0.000,0.011
16106,0.022,0.009,0.000,0.011
16107,0.022,0.009,0.000,0.011
16108,0.022,0.009,0.000,0.011
16109,0.022,0.009,0.000,0.011
16110,0.022,0.009,0.000,0.011
16111,0.022,0.009,0.000,0.011
16112,0.022,0.009,0.000,0.011
16113,0.022,0.009,0.000,0.011
16114,0.022,0.009,0.000,0.011
16115,0.022,0.009,0.000,0.011
16116,0.022,0.009,0.000,0.011
16117,0.022,0.009,0.000,0.011
16118,0.022,0.009,0.000,0.011
16119,0.022,0.009,0.000,0.011
16120,0.022,0.009,0.000,0.011
16121,0.022,0.009,0.000,0.011
16122,0.022,0.009,0.000,0.011
16123,0.022,0.009,0.000,0.011
16124,0.022,0.009,0.000,0.011
16125,0.022,0.009,0.000,0.011
16126,0.022,0.009,0.000,0.011
16127,0.022,0.009,0.000,0.011
16128,0.022,0.009,0.000,0.011
16129,0.022,0.009,0.000,0.011
16130,0.022,0.009,0.000,0.011
16131,0.022,0.009,0.000,0.011
16132,0.022,0.009,0.000,0.011
16133,0.022,0.009,0.000,0.011
16134,0.022,0.009,0.000,0.011
16135,0.022,0.009,0.000,0.011
16136,0.022,0.009,0.000,0.011
16137,0.022,0.009,0.000,0.011
16138,0.022,0.009,0.000,0.011
16139,0.022,0.009,0.000,0.011
16140,0.022,0.009,0.000,0.011
16141,0.022,0.009,0.000,0.011
16142,0.022,0.009,0.000,0.011
16143,0.022,0.009,0.000,0.011
16144,0.022,0.009,0.000,0.011
16145,0.022,0.009,0.000,0.011
16146,0.022,0.009,0.000,0.011
16147,0.022,0.009,0.000,0.011
16148,0.022,0.009,0.000,0.011
16149,0.022,0.009,0.000,0.011
16150,0.022,0.009,0.000,0.011
16151,0.022,0.009,0.000,0.011
16152,0.022,0.009,0.000,0.011
16153,0.022,0.009,0.000,0.011
16154,0.022,0.009,0.000,0.011
16155,0.022,0.009,0.000,0.011
16156,0.022,0.009,0.000,0.011
16157,0.022,0.009,0.000,0.011
16158,0.022,0.009,0.000,0.011
16159,0.022,0.009,0.000,0.011
16160,0.022,0.009,0.000,0.011
16161,0.022,0.009,0.000,0.011
16162,0.022,0.009,0.000,0.011
16163,0.022,0.009,0.000,0.011
16164,0.022,0.009,0.000,0.011
16165,0.022,0.009,0.000,0.011
16166,0.022,0.009,0.000,0.011
16167,0.022,0.009,0.000,0.011
16168,0.022,0.009,0.000,0.011
16169,0.022,0.009,0.000,0.011
16170,0.022,0.009,0.000,0.011
16171,0.022,0.009,0.000,0.011
16172,0.022,0.009,0.000,0.011
16173,0.022,0.009,0.000,0.011
16174,0.022,0.009,0.000,0.011
16175,0.022,0.009,0.000,0.011
16176,0.022,0.009,0.000,0.011
16177,0.022,0.009,0.000,0.011
16178,0.022,0.009,0.000,0.011
16179,0.022,0.009,0.000,0.011
16180,0.022,0.009,0.000,0.011
16181,0.022,0.009,0.000,0.011
16182,0.022,0.009,0.000,0.011
16183,0.022,0.009,0.000,0.011
16184,0.022,0.009,0.000,0.011
16185,0.022,0.009,0.000,0.011
16186,0.022,0.009,0.000,0.011
16187,0.022,0.009,0.000,0.011
16188,0.022,0.009,0.000,0.011
16189,0.022,0.009,0.000,0.011
16190,0.022,0.009,0.000,0.011
16191,0.022,0.009,0.000,0.011
16192,0.022,0.009,0.000,0.011
16193,0.022,0.009,0.000,0.011
16194,0.022,0.009,0.000,0.011
16195,0.022,0.009,0.000,0.011
16196,0.022,0.009,0.000,0.011
16197,0.022,0.009,0.000,0.011
16198,0.022,0.009,0.000,0.011
16199,0.022,0.009,0.000,0.011
16200,0.022,0.009,0.000,0.011
16201,0.022,0.009,0.000,0.011
16202,0.022,0.009,0.000,0.011
16203,0.022,0.009,0.000,0.011
16204,0.022,0.009,0.000,0.011
16205,0.022,0.009,0.000,0.011
16206,0.022,0.009,0.000,0.011
16207,0.022,0.009,0.000,0.011
16208,0.022,0.009,0.000,0.011
16209,0.022,0.009,0.000,0.011
16210,0.022,0.009,0.000,0.011
16211,0.022,0.009,0.000,0.011
16212,0.022,0.009,0.000,0.011
16213,0.022,0.009,0.000,0.011
16214,0.022,0.009,0.000,0.011
16215,0.022,0.009,0.000,0.011
16216,0.022,0.009,0.000,0.011
16217,0.022,0.009,0.000,0.011
16218,0.022,0.009,0.000,0.011
16219,0.022,0.009,0.000,0.011
16220,0.022,0.009,0.000,0.011
16221,0.022,0.009,0.000,0.011
16222,0.022,0.009,0.000,0.011
16223,0.022,0.009,0.000,0.011
16224,0.022,0.009,0.000,0.011
16225,0.022,0.009,0.000,0.011
16226,0.022,0.009,0.000,0.011
16227,0.022,0.009,0.000,0.011
16228,0.022,0.009,0.000,0.011
16229,0.022,0.009,0.000,0.011
16230,0.022,0.009,0.000,0.011
16231,0.022,0.009,0.000,0.011
16232,0.022,0.009,0.000,0.011
16233,0.022,0.009,0.000,0.011
16234,0.022,0.009,0.000,0.011
16235,0.022,0.009,0.000,0.011
16236,0.022,0.009,0.000,0.011
16237,0.022,0.009,0.000,0.011
16238,0.022,0.009,0.000,0.011
16239,0.022,0.009,0.000,0.011
16240,0.022,0.009,0.000,0.011
16241,0.022,0.009,0.000,0.011
16242,0.022,0.009,0.000,0.011
16243,0.022,0.009,0.000,0.011
16244,0.022,0.009,0.000,0.011
16245,0.022,0.009,0.000,0.011
16246,0.022,0.009,0.000,0.011
16247,0.022,0.009,0.000,0.011
16248,0.022,0.009,0.000,0.011
16249,0.022,0.009,0.000,0.011
16250,0.022,0.009,0.000,0.011
16251,0.022,0.009,0.000,0.011
16252,0.022,0.009,0.000,0.011
16253,0.022,0.009,0.000,0.011
16254,0.022,0.009,0.000,0.011
16255,0.022,0.009,0.000,0.011
16256,0.022,0.009,0.000,0.011
16257,0.022,0.009,0.000,0.011
16258,0.022,0.009,0.000,0.011
16259,0.022,0.009,0.000,0.011
16260,0.022,0.009,0.000,0.011
16261,0.022,0.009,0.000,0.011
16262,0.022,0.009,0.000,0.011
16263,0.022,0.009,0.000,0.011
16264,0.022,0.009,0.000,0.011
16265,0.022,0.009,0.000,0.011
16266,0.022,0.009,0.000,0.011
16267,0.022,0.009,0.000,0.011
16268,0.022,0.009,0.000,0.011
16269,0.022,0.009,0.000,0.011
16270,0.022,0.009,0.000,0.011
16271,0.022,0.009,0.000,0.011
16272,0.022,0.009,0.000,0.011
16273,0.022,0.009,0.000,0.011
16274,0.022,0.009,0.000,0.011
16275,0.022,0.009,0.000,0.011
16276,0.022,0.009,0.000,0.011
16277,0.022,0.009,0.000,0.011
16278,0.022,0.009,0.000,0.011
16279,0.022,0.009,0.000,0.011
16280,0.022,0.009,0.000,0.011
16281,0.022,0.009,0.000,0.011
16282,0.022,0.009,0.000,0.011
16283,0.022,0.009,0.000,0.011
16284,0.022,0.009,0.000,0.011
16285,0.022,0.009,0.000,0.011
16286,0.022,0.009,0.000,0.011
16287,0.022,0.009,0.000,0.011
16288,0.022,0.009,0.000,0.011
16289,0.022,0.009,0.000,0.011
16290,0.022,0.009,0.000,0.011
16291,0.022,0.009,0.000,0.011
16292,0.022,0.009,0.000,0.011
16293,0.022,0.009,0.000,0.011
16294,0.022,0.009,0.000,0.011
16295,0.022,0.009,0.000,0.011
16296,0.022,0.009,0.000,0.011
16297,0.022,0.009,0.000,0.011
16298,0.022,0.009,0.000,0.011
16299,0.022,0.009,0.000,0.011
16300,0.022,0.009,0.000,0.011
16301,0.022,0.009,0.000,0.011
16302,0.022,0.009,0.000,0.011
16303,0.022,0.009,0.000,0.011
16304,0.022,0.009,0.000,0.011
16305,0.022,0.009,0.000,0.011
16306,0.022,0.009,0.000,0.011
16307,0.022,0.009,0.000,0.011
16308,0.022,0.009,0.000,0.011
16309,0.022,0.009,0.000,0.011
16310,0.022,0.009,0.000,0.011
16311,0.022,0.009,0.000,0.011
16312,0.022,0.009,0.000,0.011
16313,0.022,0.009,0.000,0.011
16314,0.022,0.009,0.000,0.011
16315,0.022,0.009,0.000,0.011
16316,0.022,0.009,0.000,0.011
16317,0.022,0.009,0.000,0.011
16318,0.022,0.009,0.000,0.011
16319,0.022,0.009,0.000,0.011
16320,0.022,0.009,0.000,0.011
16321,0.022,0.009,0.000,0.011
16322,0.022,0.009,0.000,0.011
16323,0.022,0.009,0.000,0.011
16324,0.022,0.009,0.000,0.011
16325,0.022,0.009,0.000,0.011
16326,0.022,0.009,0.000,0.011
16327,0.022,0.009,0.000,0.011
16328,0.022,0.009,0.000,0.011
16329,0.022,0.009,0.000,0.011
16330,0.022,0.009,0.000,0.011
16331,0.022,0.009,0.000,0.011
16332,0.022,0.009,0.000,0.011
16333,0.022,0.009,0.000,0.011
16334,0.022,0.009,0.000,0.011
16335,0.022,0.009,0.000,0.011
16336,0.022,0.009,0.000,0.011
16337,0.022,0.009,0.000,0.011
16338,0.022,0.009,0.000,0.011
16339,0.022,0.009,0.000,0.011
16340,0.022,0.009,0.000,0.011
16341,0.022,0.009,0.000,0.011
16342,0.022,0.009,0.000,0.011
16343,0.022,0.009,0.000,0.011
16344,0.022,0.009,0.000,0.011
16345,0.022,0.009,0.000,0.011
16346,0.022,0.009,0.000,0.011
16347,0.022,0.009,0.000,0.011
16348,0.022,0.009,0.000,0.011
16349,0.022,0.009,0.000,0.011
16350,0.022,0.009,0.000,0.011
16351,0.022,0.009,0.000,0.011
16352,0.022,0.009,0.000,0.011
16353,0.022,0.009,0.000,0.011
16354,0.022,0.009,0.000,0.011
16355,0.022,0.009,0.000,0.011
16356,0.022,0.009,0.000,0.011
16357,0.022,0.009,0.000,0.011
16358,0.022,0.009,0.000,0.011
16359,0.022,0.009,0.000,0.011
16360,0.022,0.009,0.000,0.011
16361,0.022,0.009,0.000,0.011
16362,0.022,0.009,0.000,0.011
16363,0.022,0.009,0.000,0.011
16364,0.022,0.009,0.000,0.011
16365,0.022,0.009,0.000,0.011
16366,0.022,0.009,0.000,0.011
16367,0.022,0.009,0.000,0.011
16368,0.022,0.009,0.000,0.011
16369,0.022,0.009,0.000,0.011
16370,0.022,0.009,0.000,0.011
16371,0.022,0.009,0.000,0.011
16372,0.022,0.009,0.000,0.011
16373,0.022,0.009,0.000,0.011
16374,0.022,0.009,0.000,0.011
16375,0.022,0.009,0.000,0.011
16376,0.022,0.009,0.000,0.011
16377,0.022,0.009,0.000,0.011
16378,0.022,0.009,0.000,0.011
16379,0.022,0.009,0.000,0.011
16380,0.022,0.009,0.000,0.011
16381,0.022,0.009,0.000,0.011
16382,0.022,0.009,0.000,0.011
16383,0.022,0.009,0.000,0.011
16384,0.022,0.009,0.000,0.011
16385,0.022,0.009,0.000,0.011
16386,0.022,0.009,0.000,0.011
16387,0.022,0.009,0.000,0.011
16388,0.022,0.009,0.000,0.011
16389,0.022,0.009,0.000,0.011
16390,0.022,0.009,0.000,0.011
16391,0.022,0.009,0.000,0.011
16392,0.022,0.009,0.000,0.011
16393,0.022,0.009,0.000,0.011
16394,0.022,0.009,0.000,0.011
16395,0.022,0.009,0.000,0.011
16396,0.022,0.009,0.000,0.011
16397,0.022,0.009,0.000,0.011
16398,0.022,0.009,0.000,0.011
16399,0.022,0.009,0.000,0.011
16400,0.022,0.009,0.000,0.011
16401,0.022,0.009,0.000,0.011
16402,0.022,0.009,0.000,0.011
16403,0.022,0.009,0.000,0.011
16404,0.022,0.009,0.000,0.011
16405,0.022,0.009,0.000,0.011
16406,0.022,0.009,0.000,0.011
16407,0.022,0.009,0.000,0.011
16408,0.022,0.009,0.000,0.011
16409,0.022,0.009,0.000,0.011
16410,0.022,0.009,0.000,0.011
16411,0.022,0.009,0.000,0.011
16412,0.022,0.009,0.000,0.011
16413,0.022,0.009,0.000,0.011
16414,0.022,0.009,0.000,0.011
16415,0.022,0.009,0.000,0.011
16416,0.022,0.009,0.000,0.011
16417,0.022,0.009,0.000,0.011
16418,0.022,0.009,0.000,0.011
16419,0.022,0.009,0.000,0.011
16420,0.022,0.009,0.000,0.011
16421,0.022,0.009,0.000,0.011
16422,0.022,0.009,0.000,0.011
16423,0.022,0.009,0.000,0.011
16424,0.022,0.009,0.000,0.011
16425,0.022,0.009,0.000,0.011
16426,0.022,0.009,0.000,0.011
16427,0.022,0.009,0.000,0.011
16428,0.022,0.009,0.000,0.011
16429,0.022,0.009,0.000,0.011
16430,0.022,0.009,0.000,0.011
16431,0.022,0.009,0.000,0.011
16432,0.022,0.009,0.000,0.011
16433,0.022,0.009,0.000,0.011
16434,0.022,0.009,0.000,0.011
16435,0.022,0.009,0.000,0.011
16436,0.022,0.009,0.000,0.011
16437,0.022,0.009,0.000,0.011
16438,0.022,0.009,0.000,0.011
16439,0.022,0.009,0.000,0.011
16440,0.022,0.009,0.000,0.011
16441,0.022,0.009,0.000,0.011
16442,0.022,0.009,0.000,0.011
16443,0.022,0.009,0.000,0.011
16444,0.022,0.009,0.000,0.011
16445,0.022,0.009,0.000,0.011
16446,0.022,0.009,0.000,0.011
16447,0.022,0.009,0.000,0.011
16448,0.022,0.009,0.000,0.011
16449,0.022,0.009,0.000,0.011
16450,0.022,0.009,0.000,0.011
16451,0.022,0.009,0.000,0.011
16452,0.022,0.009,0.000,0.011
16453,0.022,0.009,0.000,0.011
16454,0.022,0.009,0.000,0.011
16455,0.022,0.009,0.000,0.011
16456,0.022,0.009,0.000,0.011
16457,0.022,0.009,0.000,0.011
16458,0.022,0.009,0.000,0.011
16459,0.022,0.009,0.000,0.011
16460,0.022,0.009,0.000,0.011
16461,0.022,0.009,0.000,0.011
16462,0.022,0.009,0.000,0.011
16463,0.022,0.009,0.000,0.011
16464,0.022,0.009,0.000,0.011
16465,0.022,0.009,0.000,0.011
16466,0.022,0.009,0.000,0.011
16467,0.022,0.009,0.000,0.011
16468,0.022,0.009,0.000,0.011
16469,0.022,0.009,0.000,0.011
16470,0.022,0.009,0.000,0.011
16471,0.022,0.009,0.000,0.011
16472,0.022,0.009,0.000,0.011
16473,0.022,0.009,0.000,0.011
16474,0.022,0.009,0.000,0.011
16475,0.022,0.009,0.000,0.011
16476,0.022,0.009,0.000,0.011
16477,0.022,0.009,0.000,0.011
16478,0.022,0.009,0.000,0.011
16479,0.022,0.009,0.000,0.011
16480,0.022,0.009,0.000,0.011
16481,0.022,0.009,0.000,0.011
16482,0.022,0.009,0.000,0.011
16483,0.022,0.009,0.000,0.011
16484,0.022,0.009,0.000,0.011
16485,0.022,0.009,0.000,0.011
16486,0.022,0.009,0.000,0.011
16487,0.022,0.009,0.000,0.011
16488,0.022,0.009,0.000,0.011
16489,0.022,0.009,0.000,0.011
16490,0.022,0.009,0.000,0.011
16491,0.022,0.009,0.000,0.011
16492,0.022,0.009,0.000,0.011
16493,0.022,0.009,0.000,0.011
16494,0.022,0.009,0.000,0.011
16495,0.022,0.009,0.000,0.011
16496,0.022,0.009,0.000,0.011
16497,0.022,0.009,0.000,0.011
16498,0.022,0.009,0.000,0.011
16499,0.022,0.009,0.000,0.011
16500,0.022,0.009,0.000,0.011
16501,0.022,0.009,0.000,0.011
16502,0.022,0.009,0.000,0.011
16503,0.022,0.009,0.000,0.011
16504,0.022,0.009,0.000,0.011
16505,0.022,0.009,0.000,0.011
16506,0.022,0.009,0.000,0.011
16507,0.022,0.009,0.000,0.011
16508,0.022,0.009,0.000,0.011
16509,0.022,0.009,0.000,0.011
16510,0.022,0.009,0.000,0.011
16511,0.022,0.009,0.000,0.011
16512,0.022,0.009,0.000,0.011
16513,0.022,0.009,0.000,0.011
16514,0.022,0.009,0.000,0.011
16515,0.022,0.009,0.000,0.011
16516,0.022,0.009,0.000,0.011
16517,0.022,0.009,0.000,0.011
16518,0.022,0.009,0.000,0.011
16519,0.022,0.009,0.000,0.011
16520,0.022,0.009,0.000,0.011
16521,0.022,0.009,0.000,0.011
16522,0.022,0.009,0.000,0.011
16523,0.022,0.009,0.000,0.011
16524,0.022,0.009,0.000,0.011
16525,0.022,0.009,0.000,0.011
16526,0.022,0.009,0.000,0.011
16527,0.022,0.009,0.000,0.011
16528,0.022,0.009,0.000,0.011
16529,0.022,0.009,0.000,0.011
16530,0.022,0.009,0.000,0.011
16531,0.022,0.009,0.000,0.011
16532,0.022,0.009,0.000,0.011
16533,0.022,0.009,0.000,0.011
16534,0.022,0.009,0.000,0.011
16535,0.022,0.009,0.000,0.011
16536,0.022,0.009,0.000,0.011
16537,0.022,0.009,0.000,0.011
16538,0.022,0.009,0.000,0.011
16539,0.022,0.009,0.000,0.011
16540,0.022,0.009,0.000,0.011
16541,0.022,0.009,0.000,0.011
16542,0.022,0.009,0.000,0.011
16543,0.022,0.009,0.000,0.011
16544,0.022,0.009,0.000,0.011
16545,0.022,0.009,0.000,0.011
16546,0.022,0.009,0.000,0.011
16547,0.022,0.009,0.000,0.011
16548,0.022,0.009,0.000,0.011
16549,0.022,0.009,0.000,0.011
16550,0.022,0.009,0.000,0.011
16551,0.022,0.009,0.000,0.011
16552,0.022,0.009,0.000,0.011
16553,0.022,0.009,0.000,0.011
16554,0.022,0.009,0.000,0.011
16555,0.022,0.009,0.000,0.011
16556,0.022,0.009,0.000,0.011
16557,0.022,0.009,0.000,0.011
16558,0.022,0.009,0.000,0.011
16559,0.022,0.009,0.000,0.011
16560,0.022,0.009,0.000,0.011
16561,0.022,0.009,0.000,0.011
16562,0.022,0.009,0.000,0.011
16563,0.022,0.009,0.000,0.011
16564,0.022,0.009,0.000,0.011
16565,0.022,0.009,0.000,0.011
16566,0.022,0.009,0.000,0.011
16567,0.022,0.009,0.000,0.011
16568,0.022,0.009,0.000,0.011
16569,0.022,0.009,0.000,0.011
16570,0.022,0.009,0.000,0.011
16571,0.022,0.009,0.000,0.011
16572,0.022,0.009,0.000,0.011
16573,0.022,0.009,0.000,0.011
16574,0.022,0.009,0.000,0.011
16575,0.022,0.009,0.000,0.011
16576,0.022,0.009,0.000,0.011
16577,0.022,0.009,0.000,0.011
16578,0.022,0.009,0.000,0.011
16579,0.022,0.009,0.000,0.011
16580,0.022,0.009,0.000,0.011
16581,0.022,0.009,0.000,0.011
16582,0.022,0.009,0.000,0.011
16583,0.022,0.009,0.000,0.011
16584,0.022,0.009,0.000,0.011
16585,0.022,0.009,0.000,0.011
16586,0.022,0.009,0.000,0.011
16587,0.022,0.009,0.000,0.011
16588,0.022,0.009,0.000,0.011
16589,0.022,0.009,0.000,0.011
16590,0.022,0.009,0.000,0.011
16591,0.022,0.009,0.000,0.011
16592,0.022,0.009,0.000,0.011
16593,0.022,0.009,0.000,0.011
16594,0.022,0.009,0.000,0.011
16595,0.022,0.009,0.000,0.011
16596,0.022,0.009,0.000,0.011
16597,0.022,0.009,0.000,0.011
16598,0.022,0.009,0.000,0.011
16599,0.022,0.009,0.000,0.011
16600,0.022,0.009,0.000,0.011
16601,0.022,0.009,0.000,0.011
16602,0.022,0.009,0.000,0.011
16603,0.022,0.009,0.000,0.011
16604,0.022,0.009,0.000,0.011
16605,0.022,0.009,0.000,0.011
16606,0.022,0.009,0.000,0.011
16607,0.022,0.009,0.000,0.011
16608,0.022,0.009,0.000,0.011
16609,0.022,0.009,0.000,0.011
16610,0.022,0.009,0.000,0.011
16611,0.022,0.009,0.000,0.011
16612,0.022,0.009,0.000,0.011
16613,0.022,0.009,0.000,0.011
16614,0.022,0.009,0.000,0.011
16615,0.022,0.009,0.000,0.011
16616,0.022,0.009,0.000,0.011
16617,0.022,0.009,0.000,0.011
16618,0.022,0.009,0.000,0.011
16619,0.022,0.009,0.000,0.011
16620,0.022,0.009,0.000,0.011
16621,0.022,0.009,0.000,0.011
16622,0.022,0.009,0.000,0.011
16623,0.022,0.009,0.000,0.011
16624,0.022,0.009,0.000,0.011
16625,0.022,0.009,0.000,0.011
16626,0.022,0.009,0.000,0.011
16627,0.022,0.009,0.000,0.011
16628,0.022,0.009,0.000,0.011
16629,0.022,0.009,0.000,0.011
16630,0.022,0.009,0.000,0.011
16631,0.022,0.009,0.000,0.011
16632,0.022,0.009,0.000,0.011
16633,0.022,0.009,0.000,0.011
16634,0.022,0.009,0.000,0.011
16635,0.022,0.009,0.000,0.011
16636,0.022,0.009,0.000,0.011
16637,0.022,0.009,0.000,0.011
16638,0.022,0.009,0.000,0.011
16639,0.022,0.009,0.000,0.011
16640,0.022,0.009,0.000,0.011
16641,0.022,0.009,0.000,0.011
16642,0.022,0.009,0.000,0.011
16643,0.022,0.009,0.000,0.011
16644,0.022,0.009,0.000,0.011
16645,0.022,0.009,0.000,0.011
16646,0.022,0.009,0.000,0.011
16647,0.022,0.009,0.000,0.011
16648,0.022,0.009,0.000,0.011
16649,0.022,0.009,0.000,0.011
16650,0.022,0.009,0.000,0.011
16651,0.022,0.009,0.000,0.011
16652,0.022,0.009,0.000,0.011
16653,0.022,0.009,0.000,0.011
16654,0.022,0.009,0.000,0.011
16655,0.022,0.009,0.000,0.011
16656,0.022,0.009,0.000,0.011
16657,0.022,0.009,0.000,0.011
16658,0.022,0.009,0.000,0.011
16659,0.022,0.009,0.000,0.011
16660,0.022,0.009,0.000,0.011
16661,0.022,0.009,0.000,0.011
16662,0.022,0.009,0.000,0.011
16663,0.022,0.009,0.000,0.011
16664,0.022,0.009,0.000,0.011
16665,0.022,0.009,0.000,0.011
16666,0.022,0.009,0.000,0.011
16667,0.022,0.009,0.000,0.011
16668,0.022,0.009,0.000,0.011
16669,0.022,0.009,0.000,0.011
16670,0.022,0.009,0.000,0.011
16671,0.022,0.009,0.000,0.011
16672,0.022,0.009,0.000,0.011
16673,0.022,0.009,0.000,0.011
16674,0.022,0.009,0.000,0.011
16675,0.022,0.009,0.000,0.011
16676,0.022,0.009,0.000,0.011
16677,0.022,0.009,0.000,0.011
16678,0.022,0.009,0.000,0.011
16679,0.022,0.009,0.000,0.011
16680,0.022,0.009,0.000,0.011
16681,0.022,0.009,0.000,0.011
16682,0.022,0.009,0.000,0.011
16683,0.022,0.009,0.000,0.011
16684,0.022,0.009,0.000,0.011
16685,0.022,0.009,0.000,0.011
16686,0.022,0.009,0.000,0.011
16687,0.022,0.009,0.000,0.011
16688,0.022,0.009,0.000,0.011
16689,0.022,0.009,0.000,0.011
16690,0.022,0.009,0.000,0.011
16691,0.022,0.009,0.000,0.011
16692,0.022,0.009,0.000,0.011
16693,0.022,0.009,0.000,0.011
16694,0.022,0.009,0.000,0.011
16695,0.022,0.009,0.000,0.011
16696,0.022,0.009,0.000,0.011
16697,0.022,0.009,0.000,0.011
16698,0.022,0.009,0.000,0.011
16699,0.022,0.009,0.000,0.011
16700,0.022,0.009,0.000,0.011
16701,0.022,0.009,0.000,0.011
16702,0.022,0.009,0.000,0.011
16703,0.022,0.009,0.000,0.011
16704,0.022,0.009,0.000,0.011
16705,0.022,0.009,0.000,0.011
16706,0.022,0.009,0.000,0.011
16707,0.022,0.009,0.000,0.011
16708,0.022,0.009,0.000,0.011
16709,0.022,0.009,0.000,0.011
16710,0.022,0.009,0.000,0.011
16711,0.022,0.009,0.000,0.011
16712,0.022,0.009,0.000,0.011
16713,0.022,0.009,0.000,0.011
16714,0.022,0.009,0.000,0.011
16715,0.022,0.009,0.000,0.011
16716,0.022,0.009,0.000,0.011
16717,0.022,0.009,0.000,0.011
16718,0.022,0.009,0.000,0.011
16719,0.022,0.009,0.000,0.011
16720,0.022,0.009,0.000,0.011
16721,0.022,0.009,0.000,0.011
16722,0.022,0.009,0.000,0.011
16723,0.022,0.009,0.000,0.011
16724,0.022,0.009,0.000,0.011
16725,0.022,0.009,0.000,0.011
16726,0.022,0.009,0.000,0.011
16727,0.022,0.009,0.000,0.011
16728,0.022,0.009,0.000,0.011
16729,0.022,0.009,0.000,0.011
16730,0.022,0.009,0.000,0.011
16731,0.022,0.009,0.000,0.011
16732,0.022,0.009,0.000,0.011
16733,0.022,0.009,0.000,0.011
16734,0.022,0.009,0.000,0.011
16735,0.022,0.009,0.000,0.011
16736,0.022,0.009,0.000,0.011
16737,0.022,0.009,0.000,0.011
16738,0.022,0.009,0.000,0.011
16739,0.022,0.009,0.000,0.011
16740,0.022,0.009,0.000,0.011
16741,0.022,0.009,0.000,0.011
16742,0.022,0.009,0.000,0.011
16743,0.022,0.009,0.000,0.011
16744,0.022,0.009,0.000,0.011
16745,0.022,0.009,0.000,0.011
16746,0.022,0.009,0.000,0.011
16747,0.022,0.009,0.000,0.011
16748,0.022,0.009,0.000,0.011
16749,0.022,0.009,0.000,0.011
16750,0.022,0.009,0.000,0.011
16751,0.022,0.009,0.000,0.011
16752,0.022,0.009,0.000,0.011
16753,0.022,0.009,0.000,0.011
16754,0.022,0.009,0.000,0.011
16755,0.022,0.009,0.000,0.011
16756,0.022,0.009,0.000,0.011
16757,0.022,0.009,0.000,0.011
16758,0.022,0.009,0.000,0.011
16759,0.022,0.009,0.000,0.011
16760,0.022,0.009,0.000,0.011
16761,0.022,0.009,0.000,0.011
16762,0.022,0.009,0.000,0.011
16763,0.022,0.009,0.000,0.011
16764,0.022,0.009,0.000,0.011
16765,0.022,0.009,0.000,0.011
16766,0.022,0.009,0.000,0.011
16767,0.022,0.009,0.000,0.011
16768,0.022,0.009,0.000,0.011
16769,0.022,0.009,0.000,0.011
16770,0.022,0.009,0.000,0.011
16771,0.022,0.009,0.000,0.011
16772,0.022,0.009,0.000,0.011
16773,0.022,0.009,0.000,0.011
16774,0.022,0.009,0.000,0.011
16775,0.022,0.009,0.000,0.011
16776,0.022,0.009,0.000,0.011
16777,0.022,0.009,0.000,0.011
16778,0.022,0.009,0.000,0.011
16779,0.022,0.009,0.000,0.011
16780,0.022,0.009,0.000,0.011
16781,0.022,0.009,0.000,0.011
16782,0.022,0.009,0.000,0.011
16783,0.022,0.009,0.000,0.011
16784,0.022,0.009,0.000,0.011
16785,0.022,0.009,0.000,0.011
16786,0.022,0.009,0.000,0.011
16787,0.022,0.009,0.000,0.011
16788,0.022,0.009,0.000,0.011
16789,0.022,0.009,0.000,0.011
16790,0.022,0.009,0.000,0.011
16791,0.022,0.009,0.000,0.011
16792,0.022,0.009,0.000,0.011
16793,0.022,0.009,0.000,0.011
16794,0.022,0.009,0.000,0.011
16795,0.022,0.009,0.000,0.011
16796,0.022,0.009,0.000,0.011
16797,0.022,0.009,0.000,0.011
16798,0.022,0.009,0.000,0.011
16799,0.022,0.009,0.000,0.011
16800,0.022,0.009,0.000,0.011
16801,0.022,0.009,0.000,0.011
16802,0.022,0.009,0.000,0.011
16803,0.022,0.009,0.000,0.011
16804,0.022,0.009,0.000,0.011
16805,0.022,0.009,0.000,0.011
16806,0.022,0.009,0.000,0.011
16807,0.022,0.009,0.000,0.011
16808,0.022,0.009,0.000,0.011
16809,0.022,0.009,0.000,0.011
16810,0.022,0.009,0.000,0.011
16811,0.022,0.009,0.000,0.011
16812,0.022,0.009,0.000,0.011
16813,0.022,0.009,0.000,0.011
16814,0.022,0.009,0.000,0.011
16815,0.022,0.009,0.000,0.011
16816,0.022,0.009,0.000,0.011
16817,0.022,0.009,0.000,0.011
16818,0.022,0.009,0.000,0.011
16819,0.022,0.009,0.000,0.011
16820,0.022,0.009,0.000,0.011
16821,0.022,0.009,0.000,0.011
16822,0.022,0.009,0.000,0.011
16823,0.022,0.009,0.000,0.011
16824,0.022,0.009,0.000,0.011
16825,0.022,0.009,0.000,0.011
16826,0.022,0.009,0.000,0.011
16827,0.022,0.009,0.000,0.011
16828,0.022,0.009,0.000,0.011
16829,0.022,0.009,0.000,0.011
16830,0.022,0.009,0.000,0.011
16831,0.022,0.009,0.000,0.011
16832,0.022,0.009,0.000,0.011
16833,0.022,0.009,0.000,0.011
16834,0.022,0.009,0.000,0.011
16835,0.022,0.009,0.000,0.011
16836,0.022,0.009,0.000,0.011
16837,0.022,0.009,0.000,0.011
16838,0.022,0.009,0.000,0.011
16839,0.022,0.009,0.000,0.011
16840,0.022,0.009,0.000,0.011
16841,0.022,0.009,0.000,0.011
16842,0.022,0.009,0.000,0.011
16843,0.022,0.009,0.000,0.011
16844,0.022,0.009,0.000,0.011
16845,0.022,0.009,0.000,0.011
16846,0.022,0.009,0.000,0.011
16847,0.022,0.009,0.000,0.011
16848,0.022,0.009,0.000,0.011
16849,0.022,0.009,0.000,0.011
16850,0.022,0.009,0.000,0.011
16851,0.022,0.009,0.000,0.011
16852,0.022,0.009,0.000,0.011
16853,0.022,0.009,0.000,0.011
16854,0.022,0.009,0.000,0.011
16855,0.022,0.009,0.000,0.011
16856,0.022,0.009,0.000,0.011
16857,0.022,0.009,0.000,0.011
16858,0.022,0.009,0.000,0.011
16859,0.022,0.009,0.000,0.011
16860,0.022,0.009,0.000,0.011
16861,0.022,0.009,0.000,0.011
16862,0.022,0.009,0.000,0.011
16863,0.022,0.009,0.000,0.011
16864,0.022,0.009,0.000,0.011
16865,0.022,0.009,0.000,0.011
16866,0.022,0.009,0.000,0.011
16867,0.022,0.009,0.000,0.011
16868,0.022,0.009,0.000,0.011
16869,0.022,0.009,0.000,0.011
16870,0.022,0.009,0.000,0.011
16871,0.022,0.009,0.000,0.011
16872,0.022,0.009,0.000,0.011
16873,0.022,0.009,0.000,0.011
16874,0.022,0.009,0.000,0.011
16875,0.022,0.009,0.000,0.011
16876,0.022,0.009,0.000,0.011
16877,0.022,0.009,0.000,0.011
16878,0.022,0.009,0.000,0.011
16879,0.022,0.009,0.000,0.011
16880,0.022,0.009,0.000,0.011
16881,0.022,0.009,0.000,0.011
16882,0.022,0.009,0.000,0.011
16883,0.022,0.009,0.000,0.011
16884,0.022,0.009,0.000,0.011
16885,0.022,0.009,0.000,0.011
16886,0.022,0.009,0.000,0.011
16887,0.022,0.009,0.000,0.011
16888,0.022,0.009,0.000,0.011
16889,0.022,0.009,0.000,0.011
16890,0.022,0.009,0.000,0.011
16891,0.022,0.009,0.000,0.011
16892,0.022,0.009,0.000,0.011
16893,0.022,0.009,0.000,0.011
16894,0.022,0.009,0.000,0.011
16895,0.022,0.009,0.000,0.011
16896,0.022,0.009,0.000,0.011
16897,0.022,0.009,0.000,0.011
16898,0.022,0.009,0.000,0.011
16899,0.022,0.009,0.000,0.011
16900,0.022,0.009,0.000,0.011
16901,0.022,0.009,0.000,0.011
16902,0.022,0.009,0.000,0.011
16903,0.022,0.009,0.000,0.011
16904,0.022,0.009,0.000,0.011
16905,0.022,0.009,0.000,0.011
16906,0.022,0.009,0.000,0.011
16907,0.022,0.009,0.000,0.011
16908,0.022,0.009,0.000,0.011
16909,0.022,0.009,0.000,0.011
16910,0.022,0.009,0.000,0.011
16911,0.022,0.009,0.000,0.011
16912,0.022,0.009,0.000,0.011
16913,0.022,0.009,0.000,0.011
16914,0.022,0.009,0.000,0.011
16915,0.022,0.009,0.000,0.011
16916,0.022,0.009,0.000,0.011
16917,0.022,0.009,0.000,0.011
16918,0.022,0.009,0.000,0.011
16919,0.022,0.009,0.000,0.011
16920,0.022,0.009,0.000,0.011
16921,0.022,0.009,0.000,0.011
16922,0.022,0.009,0.000,0.011
16923,0.022,0.009,0.000,0.011
16924,0.022,0.009,0.000,0.011
16925,0.022,0.009,0.000,0.011
16926,0.022,0.009,0.000,0.011
16927,0.022,0.009,0.000,0.011
16928,0.022,0.009,0.000,0.011
16929,0.022,0.009,0.000,0.011
16930,0.022,0.009,0.000,0.011
16931,0.022,0.009,0.000,0.011
16932,0.022,0.009,0.000,0.011
16933,0.022,0.009,0.000,0.011
16934,0.022,0.009,0.000,0.011
16935,0.022,0.009,0.000,0.011
16936,0.022,0.009,0.000,0.011
16937,0.022,0.009,0.000,0.011
16938,0.022,0.009,0.000,0.011
16939,0.022,0.009,0.000,0.011
16940,0.022,0.009,0.000,0.011
16941,0.022,0.009,0.000,0.011
16942,0.022,0.009,0.000,0.011
16943,0.022,0.009,0.000,0.011
16944,0.022,0.009,0.000,0.011
16945,0.022,0.009,0.000,0.011
16946,0.022,0.009,0.000,0.011
16947,0.022,0.009,0.000,0.011
16948,0.022,0.009,0.000,0.011
16949,0.022,0.009,0.000,0.011
16950,0.022,0.009,0.000,0.011
16951,0.022,0.009,0.000,0.011
16952,0.022,0.009,0.000,0.011
16953,0.022,0.009,0.000,0.011
16954,0.022,0.009,0.000,0.011
16955,0.022,0.009,0.000,0.011
16956,0.022,0.009,0.000,0.011
16957,0.022,0.009,0.000,0.011
16958,0.022,0.009,0.000,0.011
16959,0.022,0.009,0.000,0.011
16960,0.022,0.009,0.000,0.011
16961,0.022,0.009,0.000,0.011
16962,0.022,0.009,0.000,0.011
16963,0.022,0.009,0.000,0.011
16964,0.022,0.009,0.000,0.011
16965,0.022,0.009,0.000,0.011
16966,0.022,0.009,0.000,0.011
16967,0.022,0.009,0.000,0.011
16968,0.022,0.009,0.000,0.011
16969,0.022,0.009,0.000,0.011
16970,0.022,0.009,0.000,0.011
16971,0.022,0.009,0.000,0.011
16972,0.022,0.009,0.000,0.011
16973,0.022,0.009,0.000,0.011
16974,0.022,0.009,0.000,0.011
16975,0.022,0.009,0.000,0.011
16976,0.022,0.009,0.000,0.011
16977,0.022,0.009,0.000,0.011
16978,0.022,0.009,0.000,0.011
16979,0.022,0.009,0.000,0.011
16980,0.022,0.009,0.000,0.011
16981,0.022,0.009,0.000,0.011
16982,0.022,0.009,0.000,0.011
16983,0.022,0.009,0.000,0.011
16984,0.022,0.009,0.000,0.011
16985,0.022,0.009,0.000,0.011
16986,0.022,0.009,0.000,0.011
16987,0.022,0.009,0.000,0.011
16988,0.022,0.009,0.000,0.011
16989,0.022,0.009,0.000,0.011
16990,0.022,0.009,0.000,0.011
16991,0.022,0.009,0.000,0.011
16992,0.022,0.009,0.000,0.011
16993,0.022,0.009,0.000,0.011
16994,0.022,0.009,0.000,0.011
16995,0.022,0.009,0.000,0.011
16996,0.022,0.009,0.000,0.011
16997,0.022,0.009,0.000,0.011
16998,0.022,0.009,0.000,0.011
16999,0.022,0.009,0.000,0.011
17000,0.022,0.009,0.000,0.011
17001,0.022,0.009,0.000,0.011
17002,0.022,0.009,0.000,0.011
17003,0.022,0.009,0.000,0.011
17004,0.022,0.009,0.000,0.011
17005,0.022,0.009,0.000,0.011
17006,0.022,0.009,0.000,0.011
17007,0.022,0.009,0.000,0.011
17008,0.022,0.009,0.000,0.011
17009,0.022,0.009,0.000,0.011
17010,0.022,0.009,0.000,0.011
17011,0.022,0.009,0.000,0.011
17012,0.022,0.009,0.000,0.011
17013,0.022,0.009,0.000,0.011
17014,0.022,0.009,0.000,0.011
17015,0.022,0.009,0.000,0.011
17016,0.022,0.009,0.000,0.011
17017,0.022,0.009,0.000,0.011
17018,0.022,0.009,0.000,0.011
17019,0.022,0.009,0.000,0.011
17020,0.022,0.009,0.000,0.011
17021,0.022,0.009,0.000,0.011
17022,0.022,0.009,0.000,0.011
17023,0.022,0.009,0.000,0.011
17024,0.022,0.009,0.000,0.011
17025,0.022,0.009,0.000,0.011
17026,0.022,0.009,0.000,0.011
17027,0.022,0.009,0.000,0.011
17028,0.022,0.009,0.000,0.011
17029,0.022,0.009,0.000,0.011
17030,0.022,0.009,0.000,0.011
17031,0.022,0.009,0.000,0.011
17032,0.022,0.009,0.000,0.011
17033,0.022,0.009,0.000,0.011
17034,0.022,0.009,0.000,0.011
17035,0.022,0.009,0.000,0.011
17036,0.022,0.009,0.000,0.011
17037,0.022,0.009,0.000,0.011
17038,0.022,0.009,0.000,0.011
17039,0.022,0.009,0.000,0.011
17040,0.022,0.009,0.000,0.011
17041,0.022,0.009,0.000,0.011
17042,0.022,0.009,0.000,0.011
17043,0.022,0.009,0.000,0.011
17044,0.022,0.009,0.000,0.011
17045,0.022,0.009,0.000,0.011
17046,0.022,0.009,0.000,0.011
17047,0.022,0.009,0.000,0.011
17048,0.022,0.009,0.000,0.011
17049,0.022,0.009,0.000,0.011
17050,0.022,0.009,0.000,0.011
17051,0.022,0.009,0.000,0.011
17052,0.022,0.009,0.000,0.011
17053,0.022,0.009,0.000,0.011
17054,0.022,0.009,0.000,0.011
17055,0.022,0.009,0.000,0.011
17056,0.022,0.009,0.000,0.011
17057,0.022,0.009,0.000,0.011
17058,0.022,0.009,0.000,0.011
17059,0.022,0.009,0.000,0.011
17060,0.022,0.009,0.000,0.011
17061,0.022,0.009,0.000,0.011
17062,0.022,0.009,0.000,0.011
17063,0.022,0.009,0.000,0.011
17064,0.022,0.009,0.000,0.011
17065,0.022,0.009,0.000,0.011
17066,0.022,0.009,0.000,0.011
17067,0.022,0.009,0.000,0.011
17068,0.022,0.009,0.000,0.011
17069,0.022,0.009,0.000,0.011
17070,0.022,0.009,0.000,0.011
17071,0.022,0.009,0.000,0.011
17072,0.022,0.009,0.000,0.011
17073,0.022,0.009,0.000,0.011
17074,0.022,0.009,0.000,0.011
17075,0.022,0.009,0.000,0.011
17076,0.022,0.009,0.000,0.011
17077,0.022,0.009,0.000,0.011
17078,0.022,0.009,0.000,0.011
17079,0.022,0.009,0.000,0.011
17080,0.022,0.009,0.000,0.011
17081,0.022,0.009,0.000,0.011
17082,0.022,0.009,0.000,0.011
17083,0.022,0.009,0.000,0.011
17084,0.022,0.009,0.000,0.011
17085,0.022,0.009,0.000,0.011
17086,0.022,0.009,0.000,0.011
17087,0.022,0.009,0.000,0.011
17088,0.022,0.009,0.000,0.011
17089,0.022,0.009,0.000,0.011
17090,0.022,0.009,0.000,0.011
17091,0.022,0.009,0.000,0.011
17092,0.022,0.009,0.000,0.011
17093,0.022,0.009,0.000,0.011
17094,0.022,0.009,0.000,0.011
17095,0.022,0.009,0.000,0.011
17096,0.022,0.009,0.000,0.011
17097,0.022,0.009,0.000,0.011
17098,0.022,0.009,0.000,0.011
17099,0.022,0.009,0.000,0.011
17100,0.022,0.009,0.000,0.011
17101,0.022,0.009,0.000,0.011
17102,0.022,0.009,0.000,0.011
17103,0.022,0.009,0.000,0.011
17104,0.022,0.009,0.000,0.011
17105,0.022,0.009,0.000,0.011
17106,0.022,0.009,0.000,0.011
17107,0.022,0.009,0.000,0.011
17108,0.022,0.009,0.000,0.011
17109,0.022,0.009,0.000,0.011
17110,0.022,0.009,0.000,0.011
17111,0.022,0.009,0.000,0.011
17112,0.022,0.009,0.000,0.011
17113,0.022,0.009,0.000,0.011
17114,0.022,0.009,0.000,0.011
17115,0.022,0.009,0.000,0.011
17116,0.022,0.009,0.000,0.011
17117,0.022,0.009,0.000,0.011
17118,0.022,0.009,0.000,0.011
17119,0.022,0.009,0.000,0.011
17120,0.022,0.009,0.000,0.011
17121,0.022,0.009,0.000,0.011
17122,0.022,0.009,0.000,0.011
17123,0.022,0.009,0.000,0.011
17124,0.022,0.009,0.000,0.011
17125,0.022,0.009,0.000,0.011
17126,0.022,0.009,0.000,0.011
17127,0.022,0.009,0.000,0.011
17128,0.022,0.009,0.000,0.011
17129,0.022,0.009,0.000,0.011
17130,0.022,0.009,0.000,0.011
17131,0.022,0.009,0.000,0.011
17132,0.022,0.009,0.000,0.011
17133,0.022,0.009,0.000,0.011
17134,0.022,0.009,0.000,0.011
17135,0.022,0.009,0.000,0.011
17136,0.022,0.009,0.000,0.011
17137,0.022,0.009,0.000,0.011
17138,0.022,0.009,0.000,0.011
17139,0.022,0.009,0.000,0.011
17140,0.022,0.009,0.000,0.011
17141,0.022,0.009,0.000,0.011
17142,0.022,0.009,0.000,0.011
17143,0.022,0.009,0.000,0.011
17144,0.022,0.009,0.000,0.011
17145,0.022,0.009,0.000,0.011
17146,0.022,0.009,0.000,0.011
17147,0.022,0.009,0.000,0.011
17148,0.022,0.009,0.000,0.011
17149,0.022,0.009,0.000,0.011
17150,0.022,0.009,0.000,0.011
17151,0.022,0.009,0.000,0.011
17152,0.022,0.009,0.000,0.011
17153,0.022,0.009,0.000,0.011
17154,0.022,0.009,0.000,0.011
17155,0.022,0.009,0.000,0.011
17156,0.022,0.009,0.000,0.011
17157,0.022,0.009,0.000,0.011
17158,0.022,0.009,0.000,0.011
17159,0.022,0.009,0.000,0.011
17160,0.022,0.009,0.000,0.011
17161,0.022,0.009,0.000,0.011
17162,0.022,0.009,0.000,0.011
17163,0.022,0.009,0.000,0.011
17164,0.022,0.009,0.000,0.011
17165,0.022,0.009,0.000,0.011
17166,0.022,0.009,0.000,0.011
17167,0.022,0.009,0.000,0.011
17168,0.022,0.009,0.000,0.011
17169,0.022,0.009,0.000,0.011
17170,0.022,0.009,0.000,0.011
17171,0.022,0.009,0.000,0.011
17172,0.022,0.009,0.000,0.011
17173,0.022,0.009,0.000,0.011
17174,0.022,0.009,0.000,0.011
17175,0.022,0.009,0.000,0.011
17176,0.022,0.009,0.000,0.011
17177,0.022,0.009,0.000,0.011
17178,0.022,0.009,0.000,0.011
17179,0.022,0.009,0.000,0.011
17180,0.022,0.009,0.000,0.011
17181,0.022,0.009,0.000,0.011
17182,0.022,0.009,0.000,0.011
17183,0.022,0.009,0.000,0.011
17184,0.022,0.009,0.000,0.011
17185,0.022,0.009,0.000,0.011
17186,0.022,0.009,0.000,0.011
17187,0.022,0.009,0.000,0.011
17188,0.022,0.009,0.000,0.011
17189,0.022,0.009,0.000,0.011
17190,0.022,0.009,0.000,0.011
17191,0.022,0.009,0.000,0.011
17192,0.022,0.009,0.000,0.011
17193,0.022,0.009,0.000,0.011
17194,0.022,0.009,0.000,0.011
17195,0.022,0.009,0.000,0.011
17196,0.022,0.009,0.000,0.011
17197,0.022,0.009,0.000,0.011
17198,0.022,0.009,0.000,0.011
17199,0.022,0.009,0.000,0.011
17200,0.022,0.009,0.000,0.011
17201,0.022,0.009,0.000,0.011
17202,0.022,0.009,0.000,0.011
17203,0.022,0.009,0.000,0.011
17204,0.022,0.009,0.000,0.011
17205,0.022,0.009,0.000,0.011
17206,0.022,0.009,0.000,0.011
17207,0.022,0.009,0.000,0.011
17208,0.022,0.009,0.000,0.011
17209,0.022,0.009,0.000,0.011
17210,0.022,0.009,0.000,0.011
17211,0.022,0.009,0.000,0.011
17212,0.022,0.009,0.000,0.011
17213,0.022,0.009,0.000,0.011
17214,0.022,0.009,0.000,0.011
17215,0.022,0.009,0.000,0.011
17216,0.022,0.009,0.000,0.011
17217,0.022,0.009,0.000,0.011
17218,0.022,0.009,0.000,0.011
17219,0.022,0.009,0.000,0.011
17220,0.022,0.009,0.000,0.011
17221,0.022,0.009,0.000,0.011
17222,0.022,0.009,0.000,0.011
17223,0.022,0.009,0.000,0.011
17224,0.022,0.009,0.000,0.011
17225,0.022,0.009,0.000,0.011
17226,0.022,0.009,0.000,0.011
17227,0.022,0.009,0.000,0.011
17228,0.022,0.009,0.000,0.011
17229,0.022,0.009,0.000,0.011
17230,0.022,0.009,0.000,0.011
17231,0.022,0.009,0.000,0.011
17232,0.022,0.009,0.000,0.011
17233,0.022,0.009,0.000,0.011
17234,0.022,0.009,0.000,0.011
17235,0.022,0.009,0.000,0.011
17236,0.022,0.009,0.000,0.011
17237,0.022,0.009,0.000,0.011
17238,0.022,0.009,0.000,0.011
17239,0.022,0.009,0.000,0.011
17240,0.022,0.009,0.000,0.011
17241,0.022,0.009,0.000,0.011
17242,0.022,0.009,0.000,0.011
17243,0.022,0.009,0.000,0.011
17244,0.022,0.009,0.000,0.011
17245,0.022,0.009,0.000,0.011
17246,0.022,0.009,0.000,0.011
17247,0.022,0.009,0.000,0.011
17248,0.022,0.009,0.000,0.011
17249,0.022,0.009,0.000,0.011
17250,0.022,0.009,0.000,0.011
17251,0.022,0.009,0.000,0.011
17252,0.022,0.009,0.000,0.011
17253,0.022,0.009,0.000,0.011
17254,0.022,0.009,0.000,0.011
17255,0.022,0.009,0.000,0.011
17256,0.022,0.009,0.000,0.011
17257,0.022,0.009,0.000,0.011
17258,0.022,0.009,0.000,0.011
17259,0.022,0.009,0.000,0.011
17260,0.022,0.009,0.000,0.011
17261,0.022,0.009,0.000,0.011
17262,0.022,0.009,0.000,0.011
17263,0.022,0.009,0.000,0.011
17264,0.022,0.009,0.000,0.011
17265,0.022,0.009,0.000,0.011
17266,0.022,0.009,0.000,0.011
17267,0.022,0.009,0.000,0.011
17268,0.022,0.009,0.000,0.011
17269,0.022,0.009,0.000,0.011
17270,0.022,0.009,0.000,0.011
17271,0.022,0.009,0.000,0.011
17272,0.022,0.009,0.000,0.011
17273,0.022,0.009,0.000,0.011
17274,0.022,0.009,0.000,0.011
17275,0.022,0.009,0.000,0.011
17276,0.022,0.009,0.000,0.011
17277,0.022,0.009,0.000,0.011
17278,0.022,0.009,0.000,0.011
17279,0.022,0.009,0.000,0.011
17280,0.022,0.009,0.000,0.011
17281,0.022,0.009,0.000,0.011
17282,0.022,0.009,0.000,0.011
17283,0.022,0.009,0.000,0.011
17284,0.022,0.009,0.000,0.011
17285,0.022,0.009,0.000,0.011
17286,0.022,0.009,0.000,0.011
17287,0.022,0.009,0.000,0.011
17288,0.022,0.009,0.000,0.011
17289,0.022,0.009,0.000,0.011
17290,0.022,0.009,0.000,0.011
17291,0.022,0.009,0.000,0.011
17292,0.022,0.009,0.000,0.011
17293,0.022,0.009,0.000,0.011
17294,0.022,0.009,0.000,0.011
17295,0.022,0.009,0.000,0.011
17296,0.022,0.009,0.000,0.011
17297,0.022,0.009,0.000,0.011
17298,0.022,0.009,0.000,0.011
17299,0.022,0.009,0.000,0.011
17300,0.022,0.009,0.000,0.011
17301,0.022,0.009,0.000,0.011
17302,0.022,0.009,0.000,0.011
17303,0.022,0.009,0.000,0.011
17304,0.022,0.009,0.000,0.011
17305,0.022,0.009,0.000,0.011
17306,0.022,0.009,0.000,0.011
17307,0.022,0.009,0.000,0.011
17308,0.022,0.009,0.000,0.011
17309,0.022,0.009,0.000,0.011
17310,0.022,0.009,0.000,0.011
17311,0.022,0.009,0.000,0.011
17312,0.022,0.009,0.000,0.011
17313,0.022,0.009,0.000,0.011
17314,0.022,0.009,0.000,0.011
17315,0.022,0.009,0.000,0.011
17316,0.022,0.009,0.000,0.011
17317,0.022,0.009,0.000,0.011
17318,0.022,0.009,0.000,0.011
17319,0.022,0.009,0.000,0.011
17320,0.022,0.009,0.000,0.011
17321,0.022,0.009,0.000,0.011
17322,0.022,0.009,0.000,0.011
17323,0.022,0.009,0.000,0.011
17324,0.022,0.009,0.000,0.011
17325,0.022,0.009,0.000,0.011
17326,0.022,0.009,0.000,0.011
17327,0.022,0.009,0.000,0.011
17328,0.022,0.009,0.000,0.011
17329,0.022,0.009,0.000,0.011
17330,0.022,0.009,0.000,0.011
17331,0.022,0.009,0.000,0.011
17332,0.022,0.009,0.000,0.011
17333,0.022,0.009,0.000,0.011
17334,0.022,0.009,0.000,0.011
17335,0.022,0.009,0.000,0.011
17336,0.022,0.009,0.000,0.011
17337,0.022,0.009,0.000,0.011
17338,0.022,0.009,0.000,0.011
17339,0.022,0.009,0.000,0.011
17340,0.022,0.009,0.000,0.011
17341,0.022,0.009,0.000,0.011
17342,0.022,0.009,0.000,0.011
17343,0.022,0.009,0.000,0.011
17344,0.022,0.009,0.000,0.011
17345,0.022,0.009,0.000,0.011
17346,0.022,0.009,0.000,0.011
17347,0.022,0.009,0.000,0.011
17348,0.022,0.009,0.000,0.011
17349,0.022,0.009,0.000,0.011
17350,0.022,0.009,0.000,0.011
17351,0.022,0.009,0.000,0.011
17352,0.022,0.009,0.000,0.011
17353,0.022,0.009,0.000,0.011
17354,0.022,0.009,0.000,0.011
17355,0.022,0.009,0.000,0.011
17356,0.022,0.009,0.000,0.011
17357,0.022,0.009,0.000,0.011
17358,0.022,0.009,0.000,0.011
17359,0.022,0.009,0.000,0.011
17360,0.022,0.009,0.000,0.011
17361,0.022,0.009,0.000,0.011
17362,0.022,0.009,0.000,0.011
17363,0.022,0.009,0.000,0.011
17364,0.022,0.009,0.000,0.011
17365,0.022,0.009,0.000,0.011
17366,0.022,0.009,0.000,0.011
17367,0.022,0.009,0.000,0.011
17368,0.022,0.009,0.000,0.011
17369,0.022,0.009,0.000,0.011
17370,0.022,0.009,0.000,0.011
17371,0.022,0.009,0.000,0.011
17372,0.022,0.009,0.000,0.011
17373,0.022,0.009,0.000,0.011
17374,0.022,0.009,0.000,0.011
17375,0.022,0.009,0.000,0.011
17376,0.022,0.009,0.000,0.011
17377,0.022,0.009,0.000,0.011
17378,0.022,0.009,0.000,0.011
17379,0.022,0.009,0.000,0.011
17380,0.022,0.009,0.000,0.011
17381,0.022,0.009,0.000,0.011
17382,0.022,0.009,0.000,0.011
17383,0.022,0.009,0.000,0.011
17384,0.022,0.009,0.000,0.011
17385,0.022,0.009,0.000,0.011
17386,0.022,0.009,0.000,0.011
17387,0.022,0.009,0.000,0.011
17388,0.022,0.009,0.000,0.011
17389,0.022,0.009,0.000,0.011
17390,0.022,0.009,0.000,0.011
17391,0.022,0.009,0.000,0.011
17392,0.022,0.009,0.000,0.011
17393,0.022,0.009,0.000,0.011
17394,0.022,0.009,0.000,0.011
17395,0.022,0.009,0.000,0.011
17396,0.022,0.009,0.000,0.011
17397,0.022,0.009,0.000,0.011
17398,0.022,0.009,0.000,0.011
17399,0.022,0.009,0.000,0.011
17400,0.022,0.009,0.000,0.011
17401,0.022,0.009,0.000,0.011
17402,0.022,0.009,0.000,0.011
17403,0.022,0.009,0.000,0.011
17404,0.022,0.009,0.000,0.011
17405,0.022,0.009,0.000,0.011
17406,0.022,0.009,0.000,0.011
17407,0.022,0.009,0.000,0.011
17408,0.022,0.009,0.000,0.011
17409,0.022,0.009,0.000,0.011
17410,0.022,0.009,0.000,0.011
17411,0.022,0.009,0.000,0.011
17412,0.022,0.009,0.000,0.011
17413,0.022,0.009,0.000,0.011
17414,0.022,0.009,0.000,0.011
17415,0.022,0.009,0.000,0.011
17416,0.022,0.009,0.000,0.011
17417,0.022,0.009,0.000,0.011
17418,0.022,0.009,0.000,0.011
17419,0.022,0.009,0.000,0.011
17420,0.022,0.009,0.000,0.011
17421,0.022,0.009,0.000,0.011
17422,0.022,0.009,0.000,0.011
17423,0.022,0.009,0.000,0.011
17424,0.022,0.009,0.000,0.011
17425,0.022,0.009,0.000,0.011
17426,0.022,0.009,0.000,0.011
17427,0.022,0.009,0.000,0.011
17428,0.022,0.009,0.000,0.011
17429,0.022,0.009,0.000,0.011
17430,0.022,0.009,0.000,0.011
17431,0.022,0.009,0.000,0.011
17432,0.022,0.009,0.000,0.011
17433,0.022,0.009,0.000,0.011
17434,0.022,0.009,0.000,0.011
17435,0.022,0.009,0.000,0.011
17436,0.022,0.009,0.000,0.011
17437,0.022,0.009,0.000,0.011
17438,0.022,0.009,0.000,0.011
17439,0.022,0.009,0.000,0.011
17440,0.022,0.009,0.000,0.011
17441,0.022,0.009,0.000,0.011
17442,0.022,0.009,0.000,0.011
17443,0.022,0.009,0.000,0.011
17444,0.022,0.009,0.000,0.011
17445,0.022,0.009,0.000,0.011
17446,0.022,0.009,0.000,0.011
17447,0.022,0.009,0.000,0.011
17448,0.022,0.009,0.000,0.011
17449,0.022,0.009,0.000,0.011
17450,0.022,0.009,0.000,0.011
17451,0.022,0.009,0.000,0.011
17452,0.022,0.009,0.000,0.011
17453,0.022,0.009,0.000,0.011
17454,0.022,0.009,0.000,0.011
17455,0.022,0.009,0.000,0.011
17456,0.022,0.009,0.000,0.011
17457,0.022,0.009,0.000,0.011
17458,0.022,0.009,0.000,0.011
17459,0.022,0.009,0.000,0.011
17460,0.022,0.009,0.000,0.011
17461,0.022,0.009,0.000,0.011
17462,0.022,0.009,0.000,0.011
17463,0.022,0.009,0.000,0.011
17464,0.022,0.009,0.000,0.011
17465,0.022,0.009,0.000,0.011
17466,0.022,0.009,0.000,0.011
17467,0.022,0.009,0.000,0.011
17468,0.022,0.009,0.000,0.011
17469,0.022,0.009,0.000,0.011
17470,0.022,0.009,0.000,0.011
17471,0.022,0.009,0.000,0.011
17472,0.022,0.009,0.000,0.011
17473,0.022,0.009,0.000,0.011
17474,0.022,0.009,0.000,0.011
17475,0.022,0.009,0.000,0.011
17476,0.022,0.009,0.000,0.011
17477,0.022,0.009,0.000,0.011
17478,0.022,0.009,0.000,0.011
17479,0.022,0.009,0.000,0.011
17480,0.022,0.009,0.000,0.011
17481,0.022,0.009,0.000,0.011
17482,0.022,0.009,0.000,0.011
17483,0.022,0.009,0.000,0.011
17484,0.022,0.009,0.000,0.011
17485,0.022,0.009,0.000,0.011
17486,0.022,0.009,0.000,0.011
17487,0.022,0.009,0.000,0.011
17488,0.022,0.009,0.000,0.011
17489,0.022,0.009,0.000,0.011
17490,0.022,0.009,0.000,0.011
17491,0.022,0.009,0.000,0.011
17492,0.022,0.009,0.000,0.011
17493,0.022,0.009,0.000,0.011
17494,0.022,0.009,0.000,0.011
17495,0.022,0.009,0.000,0.011
17496,0.022,0.009,0.000,0.011
17497,0.022,0.009,0.000,0.011
17498,0.022,0.009,0.000,0.011
17499,0.022,0.009,0.000,0.011
17500,0.022,0.009,0.000,0.011
17501,0.022,0.009,0.000,0.011
17502,0.022,0.009,0.000,0.011
17503,0.022,0.009,0.000,0.011
17504,0.022,0.009,0.000,0.011
17505,0.022,0.009,0.000,0.011
17506,0.022,0.009,0.000,0.011
17507,0.022,0.009,0.000,0.011
17508,0.022,0.009,0.000,0.011
17509,0.022,0.009,0.000,0.011
17510,0.022,0.009,0.000,0.011
17511,0.022,0.009,0.000,0.011
17512,0.022,0.009,0.000,0.011
17513,0.022,0.009,0.000,0.011
17514,0.022,0.009,0.000,0.011
17515,0.022,0.009,0.000,0.011
17516,0.022,0.009,0.000,0.011
17517,0.022,0.009,0.000,0.011
17518,0.022,0.009,0.000,0.011
17519,0.022,0.009,0.000,0.011
17520,0.022,0.009,0.000,0.011
17521,0.022,0.009,0.000,0.011
17522,0.022,0.009,0.000,0.011
17523,0.022,0.009,0.000,0.011
17524,0.022,0.009,0.000,0.011
17525,0.022,0.009,0.000,0.011
17526,0.022,0.009,0.000,0.011
17527,0.022,0.009,0.000,0.011
17528,0.022,0.009,0.000,0.011
17529,0.022,0.009,0.000,0.011
17530,0.022,0.009,0.000,0.011
17531,0.022,0.009,0.000,0.011
17532,0.022,0.009,0.000,0.011
17533,0.022,0.009,0.000,0.011
17534,0.022,0.009,0.000,0.011
17535,0.022,0.009,0.000,0.011
17536,0.022,0.009,0.000,0.011
17537,0.022,0.009,0.000,0.011
17538,0.022,0.009,0.000,0.011
17539,0.022,0.009,0.000,0.011
17540,0.022,0.009,0.000,0.011
17541,0.022,0.009,0.000,0.011
17542,0.022,0.009,0.000,0.011
17543,0.022,0.009,0.000,0.011
17544,0.022,0.009,0.000,0.011
17545,0.022,0.009,0.000,0.011
17546,0.022,0.009,0.000,0.011
17547,0.022,0.009,0.000,0.011
17548,0.022,0.009,0.000,0.011
17549,0.022,0.009,0.000,0.011
17550,0.022,0.009,0.000,0.011
17551,0.022,0.009,0.000,0.011
17552,0.022,0.009,0.000,0.011
17553,0.022,0.009,0.000,0.011
17554,0.022,0.009,0.000,0.011
17555,0.022,0.009,0.000,0.011
17556,0.022,0.009,0.000,0.011
17557,0.022,0.009,0.000,0.011
17558,0.022,0.009,0.000,0.011
17559,0.022,0.009,0.000,0.011
17560,0.022,0.009,0.000,0.011
17561,0.022,0.009,0.000,0.011
17562,0.022,0.009,0.000,0.011
17563,0.022,0.009,0.000,0.011
17564,0.022,0.009,0.000,0.011
17565,0.022,0.009,0.000,0.011
17566,0.022,0.009,0.000,0.011
17567,0.022,0.009,0.000,0.011
17568,0.022,0.009,0.000,0.011
17569,0.022,0.009,0.000,0.011
17570,0.022,0.009,0.000,0.011
17571,0.022,0.009,0.000,0.011
17572,0.022,0.009,0.000,0.011
17573,0.022,0.009,0.000,0.011
17574,0.022,0.009,0.000,0.011
17575,0.022,0.009,0.000,0.011
17576,0.022,0.009,0.000,0.011
17577,0.022,0.009,0.000,0.011
17578,0.022,0.009,0.000,0.011
17579,0.022,0.009,0.000,0.011
17580,0.022,0.009,0.000,0.011
17581,0.022,0.009,0.000,0.011
17582,0.022,0.009,0.000,0.011
17583,0.022,0.009,0.000,0.011
17584,0.022,0.009,0.000,0.011
17585,0.022,0.009,0.000,0.011
17586,0.022,0.009,0.000,0.011
17587,0.022,0.009,0.000,0.011
17588,0.022,0.009,0.000,0.011
17589,0.022,0.009,0.000,0.011
17590,0.022,0.009,0.000,0.011
17591,0.022,0.009,0.000,0.011
17592,0.022,0.009,0.000,0.011
17593,0.022,0.009,0.000,0.011
17594,0.022,0.009,0.000,0.011
17595,0.022,0.009,0.000,0.011
17596,0.022,0.009,0.000,0.011
17597,0.022,0.009,0.000,0.011
17598,0.022,0.009,0.000,0.011
17599,0.022,0.009,0.000,0.011
17600,0.022,0.009,0.000,0.011
17601,0.022,0.009,0.000,0.011
17602,0.022,0.009,0.000,0.011
17603,0.022,0.009,0.000,0.011
17604,0.022,0.009,0.000,0.011
17605,0.022,0.009,0.000,0.011
17606,0.022,0.009,0.000,0.011
17607,0.022,0.009,0.000,0.011
17608,0.022,0.009,0.000,0.011
17609,0.022,0.009,0.000,0.011
17610,0.022,0.009,0.000,0.011
17611,0.022,0.009,0.000,0.011
17612,0.022,0.009,0.000,0.011
17613,0.022,0.009,0.000,0.011
17614,0.022,0.009,0.000,0.011
17615,0.022,0.009,0.000,0.011
17616,0.022,0.009,0.000,0.011
17617,0.022,0.009,0.000,0.011
17618,0.022,0.009,0.000,0.011
17619,0.022,0.009,0.000,0.011
17620,0.022,0.009,0.000,0.011
17621,0.022,0.009,0.000,0.011
17622,0.022,0.009,0.000,0.011
17623,0.022,0.009,0.000,0.011
17624,0.022,0.009,0.000,0.011
17625,0.022,0.009,0.000,0.011
17626,0.022,0.009,0.000,0.011
17627,0.022,0.009,0.000,0.011
17628,0.022,0.009,0.000,0.011
17629,0.022,0.009,0.000,0.011
17630,0.022,0.009,0.000,0.011
17631,0.022,0.009,0.000,0.011
17632,0.022,0.009,0.000,0.011
17633,0.022,0.009,0.000,0.011
17634,0.022,0.009,0.000,0.011
17635,0.022,0.009,0.000,0.011
17636,0.022,0.009,0.000,0.011
17637,0.022,0.009,0.000,0.011
17638,0.022,0.009,0.000,0.011
17639,0.022,0.009,0.000,0.011
17640,0.022,0.009,0.000,0.011
17641,0.022,0.009,0.000,0.011
17642,0.022,0.009,0.000,0.011
17643,0.022,0.009,0.000,0.011
17644,0.022,0.009,0.000,0.011
17645,0.022,0.009,0.000,0.011
17646,0.022,0.009,0.000,0.011
17647,0.022,0.009,0.000,0.011
17648,0.022,0.009,0.000,0.011
17649,0.022,0.009,0.000,0.011
17650,0.022,0.009,0.000,0.011
17651,0.022,0.009,0.000,0.011
17652,0.022,0.009,0.000,0.011
17653,0.022,0.009,0.000,0.011
17654,0.022,0.009,0.000,0.011
17655,0.022,0.009,0.000,0.011
17656,0.022,0.009,0.000,0.011
17657,0.022,0.009,0.000,0.011
17658,0.022,0.009,0.000,0.011
17659,0.022,0.009,0.000,0.011
17660,0.022,0.009,0.000,0.011
17661,0.022,0.009,0.000,0.011
17662,0.022,0.009,0.000,0.011
17663,0.022,0.009,0.000,0.011
17664,0.022,0.009,0.000,0.011
17665,0.022,0.009,0.000,0.011
17666,0.022,0.009,0.000,0.011
17667,0.022,0.009,0.000,0.011
17668,0.022,0.009,0.000,0.011
17669,0.022,0.009,0.000,0.011
17670,0.022,0.009,0.000,0.011
17671,0.022,0.009,0.000,0.011
17672,0.022,0.009,0.000,0.011
17673,0.022,0.009,0.000,0.011
17674,0.022,0.009,0.000,0.011
17675,0.022,0.009,0.000,0.011
17676,0.022,0.009,0.000,0.011
17677,0.022,0.009,0.000,0.011
17678,0.022,0.009,0.000,0.011
17679,0.022,0.009,0.000,0.011
17680,0.022,0.009,0.000,0.011
17681,0.022,0.009,0.000,0.011
17682,0.022,0.009,0.000,0.011
17683,0.022,0.009,0.000,0.011
17684,0.022,0.009,0.000,0.011
17685,0.022,0.009,0.000,0.011
17686,0.022,0.009,0.000,0.011
17687,0.022,0.009,0.000,0.011
17688,0.022,0.009,0.000,0.011
17689,0.022,0.009,0.000,0.011
17690,0.022,0.009,0.000,0.011
17691,0.022,0.009,0.000,0.011
17692,0.022,0.009,0.000,0.011
17693,0.022,0.009,0.000,0.011
17694,0.022,0.009,0.000,0.011
17695,0.022,0.009,0.000,0.011
17696,0.022,0.009,0.000,0.011
17697,0.022,0.009,0.000,0.011
17698,0.022,0.009,0.000,0.011
17699,0.022,0.009,0.000,0.011
17700,0.022,0.009,0.000,0.011
17701,0.022,0.009,0.000,0.011
17702,0.022,0.009,0.000,0.011
17703,0.022,0.009,0.000,0.011
17704,0.022,0.009,0.000,0.011
17705,0.022,0.009,0.000,0.011
17706,0.022,0.009,0.000,0.011
17707,0.022,0.009,0.000,0.011
17708,0.022,0.009,0.000,0.011
17709,0.022,0.009,0.000,0.011
17710,0.022,0.009,0.000,0.011
17711,0.022,0.009,0.000,0.011
17712,0.022,0.009,0.000,0.011
17713,0.022,0.009,0.000,0.011
17714,0.022,0.009,0.000,0.011
17715,0.022,0.009,0.000,0.011
17716,0.022,0.009,0.000,0.011
17717,0.022,0.009,0.000,0.011
17718,0.022,0.009,0.000,0.011
17719,0.022,0.009,0.000,0.011
17720,0.022,0.009,0.000,0.011
17721,0.022,0.009,0.000,0.011
17722,0.022,0.009,0.000,0.011
17723,0.022,0.009,0.000,0.011
17724,0.022,0.009,0.000,0.011
17725,0.022,0.009,0.000,0.011
17726,0.022,0.009,0.000,0.011
17727,0.022,0.009,0.000,0.011
17728,0.022,0.009,0.000,0.011
17729,0.022,0.009,0.000,0.011
17730,0.022,0.009,0.000,0.011
17731,0.022,0.009,0.000,0.011
17732,0.022,0.009,0.000,0.011
17733,0.022,0.009,0.000,0.011
17734,0.022,0.009,0.000,0.011
17735,0.022,0.009,0.000,0.011
17736,0.022,0.009,0.000,0.011
17737,0.022,0.009,0.000,0.011
17738,0.022,0.009,0.000,0.011
17739,0.022,0.009,0.000,0.011
17740,0.022,0.009,0.000,0.011
17741,0.022,0.009,0.000,0.011
17742,0.022,0.009,0.000,0.011
17743,0.022,0.009,0.000,0.011
17744,0.022,0.009,0.000,0.011
17745,0.022,0.009,0.000,0.011
17746,0.022,0.009,0.000,0.011
17747,0.022,0.009,0.000,0.011
17748,0.022,0.009,0.000,0.011
17749,0.022,0.009,0.000,0.011
17750,0.022,0.009,0.000,0.011
17751,0.022,0.009,0.000,0.011
17752,0.022,0.009,0.000,0.011
17753,0.022,0.009,0.000,0.011
17754,0.022,0.009,0.000,0.011
17755,0.022,0.009,0.000,0.011
17756,0.022,0.009,0.000,0.011
17757,0.022,0.009,0.000,0.011
17758,0.022,0.009,0.000,0.011
17759,0.022,0.009,0.000,0.011
17760,0.022,0.009,0.000,0.011
17761,0.022,0.009,0.000,0.011
17762,0.022,0.009,0.000,0.011
17763,0.022,0.009,0.000,0.011
17764,0.022,0.009,0.000,0.011
17765,0.022,0.009,0.000,0.011
17766,0.022,0.009,0.000,0.011
17767,0.022,0.009,0.000,0.011
17768,0.022,0.009,0.000,0.011
17769,0.022,0.009,0.000,0.011
17770,0.022,0.009,0.000,0.011
17771,0.022,0.009,0.000,0.011
17772,0.022,0.009,0.000,0.011
17773,0.022,0.009,0.000,0.011
17774,0.022,0.009,0.000,0.011
17775,0.022,0.009,0.000,0.011
17776,0.022,0.009,0.000,0.011
17777,0.022,0.009,0.000,0.011
17778,0.022,0.009,0.000,0.011
17779,0.022,0.009,0.000,0.011
17780,0.022,0.009,0.000,0.011
17781,0.022,0.009,0.000,0.011
17782,0.022,0.009,0.000,0.011
17783,0.022,0.009,0.000,0.011
17784,0.022,0.009,0.000,0.011
17785,0.022,0.009,0.000,0.011
17786,0.022,0.009,0.000,0.011
17787,0.022,0.009,0.000,0.011
17788,0.022,0.009,0.000,0.011
17789,0.022,0.009,0.000,0.011
17790,0.022,0.009,0.000,0.011
17791,0.022,0.009,0.000,0.011
17792,0.022,0.009,0.000,0.011
17793,0.022,0.009,0.000,0.011
17794,0.022,0.009,0.000,0.011
17795,0.022,0.009,0.000,0.011
17796,0.022,0.009,0.000,0.011
17797,0.022,0.009,0.000,0.011
17798,0.022,0.009,0.000,0.011
17799,0.022,0.009,0.000,0.011
17800,0.022,0.009,0.000,0.011
17801,0.022,0.009,0.000,0.011
17802,0.022,0.009,0.000,0.011
17803,0.022,0.009,0.000,0.011
17804,0.022,0.009,0.000,0.011
17805,0.022,0.009,0.000,0.011
17806,0.022,0.009,0.000,0.011
17807,0.022,0.009,0.000,0.011
17808,0.022,0.009,0.000,0.011
17809,0.022,0.009,0.000,0.011
17810,0.022,0.009,0.000,0.011
17811,0.022,0.009,0.000,0.011
17812,0.022,0.009,0.000,0.011
17813,0.022,0.009,0.000,0.011
17814,0.022,0.009,0.000,0.011
17815,0.022,0.009,0.000,0.011
17816,0.022,0.009,0.000,0.011
17817,0.022,0.009,0.000,0.011
17818,0.022,0.009,0.000,0.011
17819,0.022,0.009,0.000,0.011
17820,0.022,0.009,0.000,0.011
17821,0.022,0.009,0.000,0.011
17822,0.022,0.009,0.000,0.011
17823,0.022,0.009,0.000,0.011
17824,0.022,0.009,0.000,0.011
17825,0.022,0.009,0.000,0.011
17826,0.022,0.009,0.000,0.011
17827,0.022,0.009,0.000,0.011
17828,0.022,0.009,0.000,0.011
17829,0.022,0.009,0.000,0.011
17830,0.022,0.009,0.000,0.011
17831,0.022,0.009,0.000,0.011
17832,0.022,0.009,0.000,0.011
17833,0.022,0.009,0.000,0.011
17834,0.022,0.009,0.000,0.011
17835,0.022,0.009,0.000,0.011
17836,0.022,0.009,0.000,0.011
17837,0.022,0.009,0.000,0.011
17838,0.022,0.009,0.000,0.011
17839,0.022,0.009,0.000,0.011
17840,0.022,0.009,0.000,0.011
17841,0.022,0.009,0.000,0.011
17842,0.022,0.009,0.000,0.011
17843,0.022,0.009,0.000,0.011
17844,0.022,0.009,0.000,0.011
17845,0.022,0.009,0.000,0.011
17846,0.022,0.009,0.000,0.011
17847,0.022,0.009,0.000,0.011
17848,0.022,0.009,0.000,0.011
17849,0.022,0.009,0.000,0.011
17850,0.022,0.009,0.000,0.011
17851,0.022,0.009,0.000,0.011
17852,0.022,0.009,0.000,0.011
17853,0.022,0.009,0.000,0.011
17854,0.022,0.009,0.000,0.011
17855,0.022,0.009,0.000,0.011
17856,0.022,0.009,0.000,0.011
17857,0.022,0.009,0.000,0.011
17858,0.022,0.009,0.000,0.011
17859,0.022,0.009,0.000,0.011
17860,0.022,0.009,0.000,0.011
17861,0.022,0.009,0.000,0.011
17862,0.022,0.009,0.000,0.011
17863,0.022,0.009,0.000,0.011
17864,0.022,0.009,0.000,0.011
17865,0.022,0.009,0.000,0.011
17866,0.022,0.009,0.000,0.011
17867,0.022,0.009,0.000,0.011
17868,0.022,0.009,0.000,0.011
17869,0.022,0.009,0.000,0.011
17870,0.022,0.009,0.000,0.011
17871,0.022,0.009,0.000,0.011
17872,0.022,0.009,0.000,0.011
17873,0.022,0.009,0.000,0.011
17874,0.022,0.009,0.000,0.011
17875,0.022,0.009,0.000,0.011
17876,0.022,0.009,0.000,0.011
17877,0.022,0.009,0.000,0.011
17878,0.022,0.009,0.000,0.011
17879,0.022,0.009,0.000,0.011
17880,0.022,0.009,0.000,0.011
17881,0.022,0.009,0.000,0.011
17882,0.022,0.009,0.000,0.011
17883,0.022,0.009,0.000,0.011
17884,0.022,0.009,0.000,0.011
17885,0.022,0.009,0.000,0.011
17886,0.022,0.009,0.000,0.011
17887,0.022,0.009,0.000,0.011
17888,0.022,0.009,0.000,0.011
17889,0.022,0.009,0.000,0.011
17890,0.022,0.009,0.000,0.011
17891,0.022,0.009,0.000,0.011
17892,0.022,0.009,0.000,0.011
17893,0.022,0.009,0.000,0.011
17894,0.022,0.009,0.000,0.011
17895,0.022,0.009,0.000,0.011
17896,0.022,0.009,0.000,0.011
17897,0.022,0.009,0.000,0.011
17898,0.022,0.009,0.000,0.011
17899,0.022,0.009,0.000,0.011
17900,0.022,0.009,0.000,0.011
17901,0.022,0.009,0.000,0.011
17902,0.022,0.009,0.000,0.011
17903,0.022,0.009,0.000,0.011
17904,0.022,0.009,0.000,0.011
17905,0.022,0.009,0.000,0.011
17906,0.022,0.009,0.000,0.011
17907,0.022,0.009,0.000,0.011
17908,0.022,0.009,0.000,0.011
17909,0.022,0.009,0.000,0.011
17910,0.022,0.009,0.000,0.011
17911,0.022,0.009,0.000,0.011
17912,0.022,0.009,0.000,0.011
17913,0.022,0.009,0.000,0.011
17914,0.022,0.009,0.000,0.011
17915,0.022,0.009,0.000,0.011
17916,0.022,0.009,0.000,0.011
17917,0.022,0.009,0.000,0.011
17918,0.022,0.009,0.000,0.011
17919,0.022,0.009,0.000,0.011
17920,0.022,0.009,0.000,0.011
17921,0.022,0.009,0.000,0.011
17922,0.022,0.009,0.000,0.011
17923,0.022,0.009,0.000,0.011
17924,0.022,0.009,0.000,0.011
17925,0.022,0.009,0.000,0.011
17926,0.022,0.009,0.000,0.011
17927,0.022,0.009,0.000,0.011
17928,0.022,0.009,0.000,0.011
17929,0.022,0.009,0.000,0.011
17930,0.022,0.009,0.000,0.011
17931,0.022,0.009,0.000,0.011
17932,0.022,0.009,0.000,0.011
17933,0.022,0.009,0.000,0.011
17934,0.022,0.009,0.000,0.011
17935,0.022,0.009,0.000,0.011
17936,0.022,0.009,0.000,0.011
17937,0.022,0.009,0.000,0.011
17938,0.022,0.009,0.000,0.011
17939,0.022,0.009,0.000,0.011
17940,0.022,0.009,0.000,0.011
17941,0.022,0.009,0.000,0.011
17942,0.022,0.009,0.000,0.011
17943,0.022,0.009,0.000,0.011
17944,0.022,0.009,0.000,0.011
17945,0.022,0.009,0.000,0.011
17946,0.022,0.009,0.000,0.011
17947,0.022,0.009,0.000,0.011
17948,0.022,0.009,0.000,0.011
17949,0.022,0.009,0.000,0.011
17950,0.022,0.009,0.000,0.011
17951,0.022,0.009,0.000,0.011
17952,0.022,0.009,0.000,0.011
17953,0.022,0.009,0.000,0.011
17954,0.022,0.009,0.000,0.011
17955,0.022,0.009,0.000,0.011
17956,0.022,0.009,0.000,0.011
17957,0.022,0.009,0.000,0.011
17958,0.022,0.009,0.000,0.011
17959,0.022,0.009,0.000,0.011
17960,0.022,0.009,0.000,0.011
17961,0.022,0.009,0.000,0.011
17962,0.022,0.009,0.000,0.011
17963,0.022,0.009,0.000,0.011
17964,0.022,0.009,0.000,0.011
17965,0.022,0.009,0.000,0.011
17966,0.022,0.009,0.000,0.011
17967,0.022,0.009,0.000,0.011
17968,0.022,0.009,0.000,0.011
17969,0.022,0.009,0.000,0.011
17970,0.022,0.009,0.000,0.011
17971,0.022,0.009,0.000,0.011
17972,0.022,0.009,0.000,0.011
17973,0.022,0.009,0.000,0.011
17974,0.022,0.009,0.000,0.011
17975,0.022,0.009,0.000,0.011
17976,0.022,0.009,0.000,0.011
17977,0.022,0.009,0.000,0.011
17978,0.022,0.009,0.000,0.011
17979,0.022,0.009,0.000,0.011
17980,0.022,0.009,0.000,0.011
17981,0.022,0.009,0.000,0.011
17982,0.022,0.009,0.000,0.011
17983,0.022,0.009,0.000,0.011
17984,0.022,0.009,0.000,0.011
17985,0.022,0.009,0.000,0.011
17986,0.022,0.009,0.000,0.011
17987,0.022,0.009,0.000,0.011
17988,0.022,0.009,0.000,0.011
17989,0.022,0.009,0.000,0.011
17990,0.022,0.009,0.000,0.011
17991,0.022,0.009,0.000,0.011
17992,0.022,0.009,0.000,0.011
17993,0.022,0.009,0.000,0.011
17994,0.022,0.009,0.000,0.011
17995,0.022,0.009,0.000,0.011
17996,0.022,0.009,0.000,0.011
17997,0.022,0.009,0.000,0.011
17998,0.022,0.009,0.000,0.011
17999,0.022,0.009,0.000,0.011
18000,0.022,0.009,0.000,0.011
18001,0.022,0.009,0.000,0.011
18002,0.022,0.009,0.000,0.011
18003,0.022,0.009,0.000,0.011
18004,0.022,0.009,0.000,0.011
18005,0.022,0.009,0.000,0.011
18006,0.022,0.009,0.000,0.011
18007,0.022,0.009,0.000,0.011
18008,0.022,0.009,0.000,0.011
18009,0.022,0.009,0.000,0.011
18010,0.022,0.009,0.000,0.011
18011,0.022,0.009,0.000,0.011
18012,0.022,0.009,0.000,0.011
18013,0.022,0.009,0.000,0.011
18014,0.022,0.009,0.000,0.011
18015,0.022,0.009,0.000,0.011
18016,0.022,0.009,0.000,0.011
18017,0.022,0.009,0.000,0.011
18018,0.022,0.009,0.000,0.011
18019,0.022,0.009,0.000,0.011
18020,0.022,0.009,0.000,0.011
18021,0.022,0.009,0.000,0.011
18022,0.022,0.009,0.000,0.011
18023,0.022,0.009,0.000,0.011
18024,0.025,0.009,0.000,0.012
18025,0.029,0.009,0.000,0.014
18026,0.027,0.009,0.000,0.013
18027,0.030,0.009,0.000,0.014
18028,0.035,0.009,0.000,0.016
18029,0.037,0.009,0.000,0.017
18030,0.041,0.009,0.000,0.018
18031,0.041,0.009,0.000,0.018
18032,0.042,0.009,0.000,0.018
18033,0.042,0.009,0.000,0.018
18034,0.042,0.009,0.000,0.018
18035,0.042,0.009,0.000,0.018
18036,0.043,0.009,0.000,0.019
18037,0.043,0.009,0.000,0.019
18038,0.041,0.009,0.000,0.018
18039,0.043,0.009,0.000,0.019
18040,0.041,0.009,0.000,0.018
18041,0.040,0.009,0.000,0.018
18042,0.040,0.009,0.000,0.018
18043,0.040,0.009,0.000,0.018
18044,0.039,0.009,0.000,0.017
18045,0.040,0.009,0.000,0.018
18046,0.040,0.009,0.000,0.018
18047,0.037,0.009,0.000,0.017
18048,0.038,0.009,0.000,0.017
18049,0.038,0.009,0.000,0.017
18050,0.035,0.009,0.000,0.016
18051,0.037,0.009,0.000,0.016
18052,0.036,0.009,0.000,0.016
18053,0.035,0.009,0.000,0.016
18054,0.035,0.009,0.000,0.016
18055,0.033,0.009,0.000,0.015
18056,0.032,0.009,0.000,0.015
18057,0.031,0.009,0.000,0.014
18058,0.033,0.009,0.000,0.015
18059,0.035,0.009,0.000,0.016
18060,0.033,0.009,0.000,0.015
18061,0.031,0.009,0.000,0.014
18062,0.033,0.009,0.000,0.015
18063,0.029,0.009,0.000,0.014
18064,0.029,0.009,0.000,0.014
18065,0.029,0.009,0.000,0.014
18066,0.027,0.009,0.000,0.013
18067,0.027,0.009,0.000,0.013
18068,0.026,0.009,0.000,0.012
18069,0.027,0.009,0.000,0.013
18070,0.026,0.009,0.000,0.013
18071,0.026,0.009,0.000,0.013
18072,0.025,0.009,0.000,0.012
18073,0.025,0.009,0.000,0.012
18074,0.025,0.009,0.000,0.012
18075,0.025,0.009,0.000,0.012
18076,0.025,0.009,0.000,0.012
18077,0.025,0.009,0.000,0.012
18078,0.025,0.009,0.000,0.012
18079,0.027,0.009,0.000,0.013
18080,0.026,0.009,0.000,0.013
18081,0.025,0.009,0.000,0.012
18082,0.025,0.009,0.000,0.012
18083,0.026,0.009,0.000,0.013
18084,0.026,0.009,0.000,0.013
18085,0.025,0.009,0.000,0.012
18086,0.025,0.009,0.000,0.012
18087,0.025,0.009,0.000,0.012
18088,0.025,0.009,0.000,0.012
18089,0.025,0.009,0.000,0.012
18090,0.025,0.009,0.000,0.012
18091,0.025,0.009,0.000,0.012
18092,0.026,0.009,0.000,0.013
18093,0.025,0.009,0.000,0.012
18094,0.025,0.009,0.000,0.012
18095,0.026,0.009,0.000,0.013
18096,0.026,0.009,0.000,0.013
18097,0.026,0.009,0.000,0.013
18098,0.026,0.009,0.000,0.013
18099,0.025,0.009,0.000,0.012
18100,0.024,0.009,0.000,0.012
18101,0.026,0.009,0.000,0.013
18102,0.025,0.009,0.000,0.012
18103,0.025,0.009,0.000,0.012
18104,0.025,0.009,0.000,0.012
18105,0.024,0.009,0.000,0.012
18106,0.024,0.009,0.000,0.012
18107,0.024,0.009,0.000,0.012
18108,0.025,0.009,0.000,0.012
18109,0.022,0.009,0.000,0.011
18110,0.023,0.009,0.000,0.012
18111,0.023,0.009,0.000,0.012
18112,0.023,0.009,0.000,0.012
18113,0.022,0.009,0.000,0.011
18114,0.022,0.009,0.000,0.011
18115,0.022,0.009,0.000,0.011
18116,0.022,0.009,0.000,0.011
18117,0.022,0.009,0.000,0.011
18118,0.022,0.009,0.000,0.011
18119,0.022,0.009,0.000,0.011
18120,0.022,0.009,0.000,0.011
18121,0.022,0.009,0.000,0.011
18122,0.023,0.009,0.000,0.011
18123,0.023,0.009,0.000,0.012
18124,0.028,0.009,0.000,0.013
18125,0.030,0.009,0.000,0.014
18126,0.033,0.009,0.000,0.015
18127,0.035,0.009,0.000,0.016
18128,0.034,0.009,0.000,0.015
18129,0.037,0.009,0.000,0.017
18130,0.037,0.009,0.000,0.017
18131,0.039,0.009,0.000,0.017
18132,0.041,0.009,0.000,0.018
18133,0.041,0.009,0.000,0.018
18134,0.039,0.009,0.000,0.017
18135,0.039,0.009,0.000,0.017
18136,0.039,0.009,0.000,0.017
18137,0.039,0.009,0.000,0.017
18138,0.039,0.009,0.000,0.017
18139,0.039,0.009,0.000,0.017
18140,0.039,0.009,0.000,0.017
18141,0.038,0.009,0.000,0.017
18142,0.037,0.009,0.000,0.017
18143,0.039,0.009,0.000,0.017
18144,0.038,0.009,0.000,0.017
18145,0.036,0.009,0.000,0.016
18146,0.037,0.009,0.000,0.017
18147,0.037,0.009,0.000,0.017
18148,0.037,0.009,0.000,0.016
18149,0.037,0.009,0.000,0.017
18150,0.034,0.009,0.000,0.016
18151,0.034,0.009,0.000,0.015
18152,0.035,0.009,0.000,0.016
18153,0.033,0.009,0.000,0.015
18154,0.033,0.009,0.000,0.015
18155,0.033,0.009,0.000,0.015
18156,0.033,0.009,0.000,0.015
18157,0.033,0.009,0.000,0.015
18158,0.032,0.009,0.000,0.015
18159,0.036,0.009,0.000,0.016
18160,0.034,0.009,0.000,0.015
18161,0.033,0.009,0.000,0.015
18162,0.029,0.009,0.000,0.014
18163,0.031,0.009,0.000,0.014
18164,0.029,0.009,0.000,0.014
18165,0.029,0.009,0.000,0.014
18166,0.028,0.009,0.000,0.013
18167,0.028,0.009,0.000,0.013
18168,0.026,0.009,0.000,0.013
18169,0.026,0.009,0.000,0.013
18170,0.026,0.009,0.000,0.013
18171,0.026,0.009,0.000,0.012
18172,0.028,0.009,0.000,0.013
18173,0.034,0.009,0.000,0.015
18174,0.038,0.009,0.000,0.017
18175,0.035,0.009,0.000,0.016
18176,0.034,0.009,0.000,0.016
18177,0.031,0.009,0.000,0.014
18178,0.034,0.009,0.000,0.015
18179,0.028,0.009,0.000,0.013
18180,0.028,0.009,0.000,0.013
18181,0.027,0.009,0.000,0.013
18182,0.034,0.009,0.000,0.015
18183,0.037,0.009,0.000,0.017
18184,0.037,0.009,0.000,0.016
18185,0.033,0.009,0.000,0.015
18186,0.027,0.009,0.000,0.013
18187,0.027,0.009,0.000,0.013
18188,0.026,0.009,0.000,0.013
18189,0.024,0.009,0.000,0.012
18190,0.024,0.009,0.000,0.012
18191,0.024,0.009,0.000,0.012
18192,0.024,0.009,0.000,0.012
18193,0.024,0.009,0.000,0.012
18194,0.025,0.009,0.000,0.012
18195,0.025,0.009,0.000,0.012
18196,0.023,0.009,0.000,0.012
18197,0.025,0.009,0.000,0.012
18198,0.025,0.009,0.000,0.012
18199,0.024,0.009,0.000,0.012
18200,0.024,0.009,0.000,0.012
18201,0.023,0.009,0.000,0.011
18202,0.023,0.009,0.000,0.011
18203,0.023,0.009,0.000,0.011
18204,0.023,0.009,0.000,0.011
18205,0.025,0.009,0.000,0.012
18206,0.025,0.009,0.000,0.012
18207,0.025,0.009,0.000,0.012
18208,0.024,0.009,0.000,0.012
18209,0.024,0.009,0.000,0.012
18210,0.024,0.009,0.000,0.012
18211,0.026,0.009,0.000,0.013
18212,0.025,0.009,0.000,0.012
18213,0.026,0.009,0.000,0.012
18214,0.025,0.009,0.000,0.012
18215,0.027,0.009,0.000,0.013
18216,0.024,0.009,0.000,0.012
18217,0.023,0.009,0.000,0.011
18218,0.023,0.009,0.000,0.011
18219,0.023,0.009,0.000,0.011
18220,0.023,0.009,0.000,0.011
18221,0.023,0.009,0.000,0.011
18222,0.023,0.009,0.000,0.011
18223,0.023,0.009,0.000,0.011
18224,0.023,0.009,0.000,0.011
18225,0.023,0.009,0.000,0.011
18226,0.025,0.009,0.000,0.012
18227,0.023,0.009,0.000,0.011
18228,0.024,0.009,0.000,0.012
18229,0.023,0.009,0.000,0.011
18230,0.023,0.009,0.000,0.011
18231,0.025,0.009,0.000,0.012
18232,0.024,0.009,0.000,0.012
18233,0.024,0.009,0.000,0.012
18234,0.023,0.009,0.000,0.011
18235,0.023,0.009,0.000,0.011
18236,0.023,0.009,0.000,0.011
18237,0.023,0.009,0.000,0.011
18238,0.023,0.009,0.000,0.011
18239,0.023,0.009,0.000,0.011
18240,0.024,0.009,0.000,0.012
18241,0.025,0.009,0.000,0.012
18242,0.026,0.009,0.000,0.012
18243,0.024,0.009,0.000,0.012
18244,0.023,0.009,0.000,0.012
18245,0.023,0.009,0.000,0.012
18246,0.023,0.009,0.000,0.012
18247,0.023,0.009,0.000,0.012
18248,0.023,0.009,0.000,0.012
18249,0.023,0.009,0.000,0.012
18250,0.023,0.009,0.000,0.012
18251,0.023,0.009,0.000,0.012
18252,0.023,0.009,0.000,0.012
18253,0.023,0.009,0.000,0.012
18254,0.023,0.009,0.000,0.012
18255,0.023,0.009,0.000,0.012
18256,0.023,0.009,0.000,0.012
18257,0.023,0.009,0.000,0.012
18258,0.023,0.009,0.000,0.012
18259,0.023,0.009,0.000,0.012
18260,0.023,0.009,0.000,0.012
18261,0.023,0.009,0.000,0.012
18262,0.023,0.009,0.000,0.012
18263,0.023,0.009,0.000,0.012
18264,0.023,0.009,0.000,0.012
18265,0.023,0.009,0.000,0.012
18266,0.023,0.009,0.000,0.012
18267,0.023,0.009,0.000,0.012
18268,0.023,0.009,0.000,0.012
18269,0.023,0.009,0.000,0.012
18270,0.023,0.009,0.000,0.012
18271,0.023,0.009,0.000,0.012
18272,0.023,0.009,0.000,0.012
18273,0.023,0.009,0.000,0.012
18274,0.023,0.009,0.000,0.012
18275,0.023,0.009,0.000,0.012
18276,0.023,0.009,0.000,0.012
18277,0.023,0.009,0.000,0.012
18278,0.023,0.009,0.000,0.012
18279,0.023,0.009,0.000,0.012
18280,0.023,0.009,0.000,0.012
18281,0.023,0.009,0.000,0.012
18282,0.023,0.009,0.000,0.012
18283,0.023,0.009,0.000,0.012
18284,0.023,0.009,0.000,0.012
18285,0.023,0.009,0.000,0.012
18286,0.023,0.009,0.000,0.012
18287,0.023,0.009,0.000,0.012
18288,0.023,0.009,0.000,0.012
18289,0.023,0.009,0.000,0.012
18290,0.023,0.009,0.000,0.012
18291,0.023,0.009,0.000,0.012
18292,0.023,0.009,0.000,0.012
18293,0.023,0.009,0.000,0.012
18294,0.023,0.009,0.000,0.012
18295,0.023,0.009,0.000,0.012
18296,0.023,0.009,0.000,0.012
18297,0.023,0.009,0.000,0.012
18298,0.023,0.009,0.000,0.012
18299,0.023,0.009,0.000,0.012
18300,0.023,0.009,0.000,0.012
18301,0.023,0.009,0.000,0.012
18302,0.023,0.009,0.000,0.012
18303,0.023,0.009,0.000,0.012
18304,0.023,0.009,0.000,0.012
18305,0.023,0.009,0.000,0.012
18306,0.023,0.009,0.000,0.012
18307,0.023,0.009,0.000,0.012
18308,0.023,0.009,0.000,0.012
18309,0.023,0.009,0.000,0.012
18310,0.023,0.009,0.000,0.012
18311,0.023,0.009,0.000,0.012
18312,0.023,0.009,0.000,0.012
18313,0.023,0.009,0.000,0.012
18314,0.023,0.009,0.000,0.012
18315,0.023,0.009,0.000,0.012
18316,0.023,0.009,0.000,0.012
18317,0.023,0.009,0.000,0.012
18318,0.023,0.009,0.000,0.012
18319,0.023,0.009,0.000,0.012
18320,0.023,0.009,0.000,0.012
18321,0.023,0.009,0.000,0.012
18322,0.023,0.009,0.000,0.012
18323,0.023,0.009,0.000,0.012
18324,0.023,0.009,0.000,0.012
18325,0.023,0.009,0.000,0.012
18326,0.023,0.009,0.000,0.012
18327,0.023,0.009,0.000,0.012
18328,0.023,0.009,0.000,0.012
18329,0.023,0.009,0.000,0.012
18330,0.023,0.009,0.000,0.012
18331,0.023,0.009,0.000,0.012
18332,0.023,0.009,0.000,0.012
18333,0.023,0.009,0.000,0.012
18334,0.023,0.009,0.000,0.012
18335,0.023,0.009,0.000,0.012
18336,0.023,0.009,0.000,0.012
18337,0.023,0.009,0.000,0.012
18338,0.023,0.009,0.000,0.012
18339,0.023,0.009,0.000,0.012
18340,0.023,0.009,0.000,0.012
18341,0.023,0.009,0.000,0.012
18342,0.023,0.009,0.000,0.012
18343,0.023,0.009,0.000,0.012
18344,0.023,0.009,0.000,0.012
18345,0.023,0.009,0.000,0.012
18346,0.023,0.009,0.000,0.012
18347,0.023,0.009,0.000,0.012
18348,0.023,0.009,0.000,0.012
18349,0.023,0.009,0.000,0.012
18350,0.023,0.009,0.000,0.012
18351,0.023,0.009,0.000,0.012
18352,0.023,0.009,0.000,0.012
18353,0.023,0.009,0.000,0.012
18354,0.023,0.009,0.000,0.012
18355,0.023,0.009,0.000,0.012
18356,0.023,0.009,0.000,0.012
18357,0.023,0.009,0.000,0.012
18358,0.023,0.009,0.000,0.012
18359,0.023,0.009,0.000,0.012
18360,0.023,0.009,0.000,0.012
18361,0.023,0.009,0.000,0.012
18362,0.023,0.009,0.000,0.012
18363,0.023,0.009,0.000,0.012
18364,0.023,0.009,0.000,0.012
18365,0.023,0.009,0.000,0.012
18366,0.023,0.009,0.000,0.012
18367,0.023,0.009,0.000,0.012
18368,0.023,0.009,0.000,0.012
18369,0.023,0.009,0.000,0.012
18370,0.023,0.009,0.000,0.012
18371,0.023,0.009,0.000,0.012
18372,0.023,0.009,0.000,0.012
18373,0.023,0.009,0.000,0.012
18374,0.023,0.009,0.000,0.012
18375,0.023,0.009,0.000,0.012
18376,0.023,0.009,0.000,0.012
18377,0.023,0.009,0.000,0.012
18378,0.023,0.009,0.000,0.012
18379,0.023,0.009,0.000,0.012
18380,0.023,0.009,0.000,0.012
18381,0.023,0.009,0.000,0.012
18382,0.023,0.009,0.000,0.012
18383,0.023,0.009,0.000,0.012
18384,0.023,0.009,0.000,0.012
18385,0.023,0.009,0.000,0.012
18386,0.023,0.009,0.000,0.012
18387,0.023,0.009,0.000,0.012
18388,0.023,0.009,0.000,0.012
18389,0.023,0.009,0.000,0.012
18390,0.023,0.009,0.000,0.012
18391,0.023,0.009,0.000,0.012
18392,0.023,0.009,0.000,0.012
18393,0.023,0.009,0.000,0.012
18394,0.023,0.009,0.000,0.012
18395,0.023,0.009,0.000,0.012
18396,0.023,0.009,0.000,0.012
18397,0.023,0.009,0.000,0.012
18398,0.023,0.009,0.000,0.012
18399,0.023,0.009,0.000,0.012
18400,0.023,0.009,0.000,0.012
18401,0.023,0.009,0.000,0.012
18402,0.023,0.009,0.000,0.012
18403,0.023,0.009,0.000,0.012
18404,0.023,0.009,0.000,0.012
18405,0.023,0.009,0.000,0.012
18406,0.023,0.009,0.000,0.012
18407,0.023,0.009,0.000,0.012
18408,0.023,0.009,0.000,0.012
18409,0.023,0.009,0.000,0.012
18410,0.023,0.009,0.000,0.012
18411,0.023,0.009,0.000,0.012
18412,0.023,0.009,0.000,0.012
18413,0.023,0.009,0.000,0.012
18414,0.023,0.009,0.000,0.012
18415,0.023,0.009,0.000,0.012
18416,0.023,0.009,0.000,0.012
18417,0.023,0.009,0.000,0.012
18418,0.023,0.009,0.000,0.012
18419,0.023,0.009,0.000,0.012
18420,0.023,0.009,0.000,0.012
18421,0.023,0.009,0.000,0.012
18422,0.023,0.009,0.000,0.012
18423,0.023,0.009,0.000,0.012
18424,0.023,0.009,0.000,0.012
18425,0.023,0.009,0.000,0.012
18426,0.023,0.009,0.000,0.012
18427,0.023,0.009,0.000,0.012
18428,0.023,0.009,0.000,0.012
18429,0.023,0.009,0.000,0.012
18430,0.023,0.009,0.000,0.012
18431,0.023,0.009,0.000,0.012
18432,0.023,0.009,0.000,0.012
18433,0.023,0.009,0.000,0.012
18434,0.023,0.009,0.000,0.012
18435,0.023,0.009,0.000,0.012
18436,0.023,0.009,0.000,0.012
18437,0.023,0.009,0.000,0.012
18438,0.023,0.009,0.000,0.012
18439,0.023,0.009,0.000,0.012
18440,0.023,0.009,0.000,0.012
18441,0.023,0.009,0.000,0.012
18442,0.023,0.009,0.000,0.012
18443,0.023,0.009,0.000,0.012
18444,0.023,0.009,0.000,0.012
18445,0.023,0.009,0.000,0.012
18446,0.023,0.009,0.000,0.012
18447,0.023,0.009,0.000,0.012
18448,0.023,0.009,0.000,0.012
18449,0.023,0.009,0.000,0.012
18450,0.023,0.009,0.000,0.012
18451,0.023,0.009,0.000,0.012
18452,0.023,0.009,0.000,0.012
18453,0.023,0.009,0.000,0.012
18454,0.023,0.009,0.000,0.012
18455,0.023,0.009,0.000,0.012
18456,0.023,0.009,0.000,0.012
18457,0.023,0.009,0.000,0.012
18458,0.023,0.009,0.000,0.012
18459,0.023,0.009,0.000,0.012
18460,0.023,0.009,0.000,0.012
18461,0.023,0.009,0.000,0.012
18462,0.023,0.009,0.000,0.012
18463,0.023,0.009,0.000,0.012
18464,0.023,0.009,0.000,0.012
18465,0.023,0.009,0.000,0.012
18466,0.023,0.009,0.000,0.012
18467,0.023,0.009,0.000,0.012
18468,0.023,0.009,0.000,0.012
18469,0.023,0.009,0.000,0.012
18470,0.023,0.009,0.000,0.012
18471,0.023,0.009,0.000,0.012
18472,0.023,0.009,0.000,0.012
18473,0.023,0.009,0.000,0.012
18474,0.023,0.009,0.000,0.012
18475,0.023,0.009,0.000,0.012
18476,0.023,0.009,0.000,0.012
18477,0.023,0.009,0.000,0.012
18478,0.023,0.009,0.000,0.012
18479,0.023,0.009,0.000,0.012
18480,0.023,0.009,0.000,0.012
18481,0.023,0.009,0.000,0.012
18482,0.023,0.009,0.000,0.012
18483,0.023,0.009,0.000,0.012
18484,0.023,0.009,0.000,0.012
18485,0.023,0.009,0.000,0.012
18486,0.023,0.009,0.000,0.012
18487,0.023,0.009,0.000,0.012
18488,0.023,0.009,0.000,0.012
18489,0.023,0.009,0.000,0.012
18490,0.023,0.009,0.000,0.012
18491,0.023,0.009,0.000,0.012
18492,0.023,0.009,0.000,0.012
18493,0.023,0.009,0.000,0.012
18494,0.023,0.009,0.000,0.012
18495,0.023,0.009,0.000,0.012
18496,0.023,0.009,0.000,0.012
18497,0.023,0.009,0.000,0.012
18498,0.023,0.009,0.000,0.012
18499,0.023,0.009,0.000,0.012
18500,0.023,0.009,0.000,0.012
18501,0.023,0.009,0.000,0.012
18502,0.023,0.009,0.000,0.012
18503,0.023,0.009,0.000,0.012
18504,0.023,0.009,0.000,0.012
18505,0.023,0.009,0.000,0.012
18506,0.023,0.009,0.000,0.012
18507,0.023,0.009,0.000,0.012
18508,0.023,0.009,0.000,0.012
18509,0.023,0.009,0.000,0.012
18510,0.023,0.009,0.000,0.012
18511,0.023,0.009,0.000,0.012
18512,0.023,0.009,0.000,0.012
18513,0.023,0.009,0.000,0.012
18514,0.023,0.009,0.000,0.012
18515,0.023,0.009,0.000,0.012
18516,0.023,0.009,0.000,0.012
18517,0.023,0.009,0.000,0.012
18518,0.023,0.009,0.000,0.012
18519,0.023,0.009,0.000,0.012
18520,0.023,0.009,0.000,0.012
18521,0.023,0.009,0.000,0.012
18522,0.023,0.009,0.000,0.012
18523,0.023,0.009,0.000,0.012
18524,0.023,0.009,0.000,0.012
18525,0.023,0.009,0.000,0.012
18526,0.023,0.009,0.000,0.012
18527,0.023,0.009,0.000,0.012
18528,0.023,0.009,0.000,0.012
18529,0.023,0.009,0.000,0.012
18530,0.023,0.009,0.000,0.012
18531,0.023,0.009,0.000,0.012
18532,0.023,0.009,0.000,0.012
18533,0.023,0.009,0.000,0.012
18534,0.023,0.009,0.000,0.012
18535,0.023,0.009,0.000,0.012
18536,0.023,0.009,0.000,0.012
18537,0.023,0.009,0.000,0.012
18538,0.023,0.009,0.000,0.012
18539,0.023,0.009,0.000,0.012
18540,0.023,0.009,0.000,0.012
18541,0.023,0.009,0.000,0.012
18542,0.023,0.009,0.000,0.012
18543,0.023,0.009,0.000,0.012
18544,0.023,0.009,0.000,0.012
18545,0.023,0.009,0.000,0.012
18546,0.023,0.009,0.000,0.012
18547,0.023,0.009,0.000,0.012
18548,0.023,0.009,0.000,0.012
18549,0.023,0.009,0.000,0.012
18550,0.023,0.009,0.000,0.012
18551,0.023,0.009,0.000,0.012
18552,0.023,0.009,0.000,0.012
18553,0.023,0.009,0.000,0.012
18554,0.023,0.009,0.000,0.012
18555,0.023,0.009,0.000,0.012
18556,0.023,0.009,0.000,0.012
18557,0.023,0.009,0.000,0.012
18558,0.023,0.009,0.000,0.012
18559,0.023,0.009,0.000,0.012
18560,0.023,0.009,0.000,0.012
18561,0.023,0.009,0.000,0.012
18562,0.023,0.009,0.000,0.012
18563,0.023,0.009,0.000,0.012
18564,0.023,0.009,0.000,0.012
18565,0.023,0.009,0.000,0.012
18566,0.023,0.009,0.000,0.012
18567,0.023,0.009,0.000,0.012
18568,0.023,0.009,0.000,0.012
18569,0.023,0.009,0.000,0.012
18570,0.023,0.009,0.000,0.012
18571,0.023,0.009,0.000,0.012
18572,0.023,0.009,0.000,0.012
18573,0.023,0.009,0.000,0.012
18574,0.023,0.009,0.000,0.012
18575,0.023,0.009,0.000,0.012
18576,0.023,0.009,0.000,0.012
18577,0.023,0.009,0.000,0.012
18578,0.023,0.009,0.000,0.012
18579,0.023,0.009,0.000,0.012
18580,0.023,0.009,0.000,0.012
18581,0.023,0.009,0.000,0.012
18582,0.023,0.009,0.000,0.012
18583,0.023,0.009,0.000,0.012
18584,0.023,0.009,0.000,0.012
18585,0.023,0.009,0.000,0.012
18586,0.023,0.009,0.000,0.012
18587,0.023,0.009,0.000,0.012
18588,0.023,0.009,0.000,0.012
18589,0.023,0.009,0.000,0.012
18590,0.023,0.009,0.000,0.011
18591,0.023,0.009,0.000,0.012
18592,0.023,0.009,0.000,0.012
18593,0.023,0.009,0.000,0.012
18594,0.023,0.009,0.000,0.012
18595,0.023,0.009,0.000,0.011
18596,0.023,0.009,0.000,0.011
18597,0.023,0.009,0.000,0.011
18598,0.023,0.009,0.000,0.011
18599,0.023,0.009,0.000,0.011
18600,0.023,0.009,0.000,0.011
18601,0.023,0.009,0.000,0.012
18602,0.023,0.009,0.000,0.012
18603,0.023,0.009,0.000,0.012
18604,0.023,0.009,0.000,0.012
18605,0.023,0.009,0.000,0.012
18606,0.023,0.009,0.000,0.012
18607,0.023,0.009,0.000,0.012
18608,0.023,0.009,0.000,0.012
18609,0.023,0.009,0.000,0.012
18610,0.023,0.009,0.000,0.012
18611,0.023,0.009,0.000,0.012
18612,0.023,0.009,0.000,0.012
18613,0.023,0.009,0.000,0.012
18614,0.023,0.009,0.000,0.012
18615,0.023,0.009,0.000,0.012
18616,0.023,0.009,0.000,0.012
18617,0.023,0.009,0.000,0.012
18618,0.023,0.009,0.000,0.012
18619,0.023,0.009,0.000,0.012
18620,0.023,0.009,0.000,0.012
18621,0.023,0.009,0.000,0.012
18622,0.023,0.009,0.000,0.012
18623,0.023,0.009,0.000,0.012
18624,0.023,0.009,0.000,0.012
18625,0.023,0.009,0.000,0.012
18626,0.023,0.009,0.000,0.012
18627,0.023,0.009,0.000,0.012
18628,0.023,0.009,0.000,0.012
18629,0.023,0.009,0.000,0.012
18630,0.023,0.009,0.000,0.012
18631,0.023,0.009,0.000,0.012
18632,0.023,0.009,0.000,0.012
18633,0.023,0.009,0.000,0.012
18634,0.023,0.009,0.000,0.012
18635,0.023,0.009,0.000,0.012
18636,0.023,0.009,0.000,0.012
18637,0.023,0.009,0.000,0.012
18638,0.023,0.009,0.000,0.012
18639,0.023,0.009,0.000,0.012
18640,0.023,0.009,0.000,0.012
18641,0.023,0.009,0.000,0.012
18642,0.023,0.009,0.000,0.012
18643,0.023,0.009,0.000,0.012
18644,0.023,0.009,0.000,0.012
18645,0.023,0.009,0.000,0.012
18646,0.023,0.009,0.000,0.012
18647,0.023,0.009,0.000,0.012
18648,0.023,0.009,0.000,0.012
18649,0.023,0.009,0.000,0.012
18650,0.023,0.009,0.000,0.012
18651,0.023,0.009,0.000,0.012
18652,0.023,0.009,0.000,0.012
18653,0.023,0.009,0.000,0.012
18654,0.023,0.009,0.000,0.012
18655,0.023,0.009,0.000,0.012
18656,0.023,0.009,0.000,0.012
18657,0.023,0.009,0.000,0.012
18658,0.023,0.009,0.000,0.012
18659,0.023,0.009,0.000,0.012
18660,0.023,0.009,0.000,0.012
18661,0.023,0.009,0.000,0.012
18662,0.023,0.009,0.000,0.012
18663,0.023,0.009,0.000,0.012
18664,0.023,0.009,0.000,0.012
18665,0.023,0.009,0.000,0.012
18666,0.023,0.009,0.000,0.012
18667,0.023,0.009,0.000,0.012
18668,0.023,0.009,0.000,0.012
18669,0.023,0.009,0.000,0.012
18670,0.023,0.009,0.000,0.012
18671,0.023,0.009,0.000,0.012
18672,0.023,0.009,0.000,0.012
18673,0.023,0.009,0.000,0.012
18674,0.023,0.009,0.000,0.012
18675,0.023,0.009,0.000,0.012
18676,0.023,0.009,0.000,0.012
18677,0.023,0.009,0.000,0.012
18678,0.023,0.009,0.000,0.012
18679,0.023,0.009,0.000,0.012
18680,0.023,0.009,0.000,0.012
18681,0.023,0.009,0.000,0.012
18682,0.023,0.009,0.000,0.012
18683,0.023,0.009,0.000,0.012
18684,0.023,0.009,0.000,0.012
18685,0.023,0.009,0.000,0.012
18686,0.023,0.009,0.000,0.012
18687,0.023,0.009,0.000,0.012
18688,0.023,0.009,0.000,0.012
18689,0.023,0.009,0.000,0.012
18690,0.023,0.009,0.000,0.012
18691,0.023,0.009,0.000,0.012
18692,0.023,0.009,0.000,0.012
18693,0.023,0.009,0.000,0.012
18694,0.023,0.009,0.000,0.012
18695,0.023,0.009,0.000,0.012
18696,0.023,0.009,0.000,0.012
18697,0.023,0.009,0.000,0.012
18698,0.023,0.009,0.000,0.012
18699,0.023,0.009,0.000,0.012
18700,0.023,0.009,0.000,0.012
18701,0.023,0.009,0.000,0.012
18702,0.023,0.009,0.000,0.012
18703,0.023,0.009,0.000,0.012
18704,0.023,0.009,0.000,0.012
18705,0.023,0.009,0.000,0.012
18706,0.023,0.009,0.000,0.012
18707,0.023,0.009,0.000,0.012
18708,0.023,0.009,0.000,0.012
18709,0.023,0.009,0.000,0.012
18710,0.023,0.009,0.000,0.012
18711,0.023,0.009,0.000,0.012
18712,0.023,0.009,0.000,0.012
18713,0.023,0.009,0.000,0.012
18714,0.023,0.009,0.000,0.012
18715,0.023,0.009,0.000,0.012
18716,0.023,0.009,0.000,0.012
18717,0.023,0.009,0.000,0.012
18718,0.023,0.009,0.000,0.012
18719,0.023,0.009,0.000,0.012
18720,0.023,0.009,0.000,0.012
18721,0.023,0.009,0.000,0.012
18722,0.023,0.009,0.000,0.012
18723,0.023,0.009,0.000,0.012
18724,0.023,0.009,0.000,0.012
18725,0.023,0.009,0.000,0.012
18726,0.023,0.009,0.000,0.012
18727,0.023,0.009,0.000,0.012
18728,0.023,0.009,0.000,0.012
18729,0.023,0.009,0.000,0.012
18730,0.023,0.009,0.000,0.012
18731,0.023,0.009,0.000,0.012
18732,0.023,0.009,0.000,0.012
18733,0.023,0.009,0.000,0.012
18734,0.023,0.009,0.000,0.012
18735,0.023,0.009,0.000,0.012
18736,0.023,0.009,0.000,0.012
18737,0.023,0.009,0.000,0.012
18738,0.023,0.009,0.000,0.012
18739,0.023,0.009,0.000,0.012
18740,0.023,0.009,0.000,0.012
18741,0.023,0.009,0.000,0.012
18742,0.023,0.009,0.000,0.012
18743,0.023,0.009,0.000,0.012
18744,0.023,0.009,0.000,0.012
18745,0.023,0.009,0.000,0.012
18746,0.023,0.009,0.000,0.012
18747,0.023,0.009,0.000,0.012
18748,0.023,0.009,0.000,0.012
18749,0.023,0.009,0.000,0.012
18750,0.023,0.009,0.000,0.012
18751,0.023,0.009,0.000,0.012
18752,0.023,0.009,0.000,0.012
18753,0.023,0.009,0.000,0.012
18754,0.023,0.009,0.000,0.012
18755,0.023,0.009,0.000,0.012
18756,0.023,0.009,0.000,0.012
18757,0.023,0.009,0.000,0.012
18758,0.023,0.009,0.000,0.012
18759,0.023,0.009,0.000,0.012
18760,0.023,0.009,0.000,0.012
18761,0.023,0.009,0.000,0.012
18762,0.023,0.009,0.000,0.012
18763,0.023,0.009,0.000,0.012
18764,0.023,0.009,0.000,0.012
18765,0.023,0.009,0.000,0.012
18766,0.023,0.009,0.000,0.012
18767,0.023,0.009,0.000,0.012
18768,0.023,0.009,0.000,0.012
18769,0.023,0.009,0.000,0.012
18770,0.023,0.009,0.000,0.012
18771,0.023,0.009,0.000,0.012
18772,0.023,0.009,0.000,0.012
18773,0.023,0.009,0.000,0.012
18774,0.023,0.009,0.000,0.012
18775,0.023,0.009,0.000,0.012
18776,0.023,0.009,0.000,0.012
18777,0.023,0.009,0.000,0.012
18778,0.023,0.009,0.000,0.012
18779,0.023,0.009,0.000,0.012
18780,0.023,0.009,0.000,0.012
18781,0.023,0.009,0.000,0.012
18782,0.023,0.009,0.000,0.012
18783,0.023,0.009,0.000,0.012
18784,0.023,0.009,0.000,0.012
18785,0.023,0.009,0.000,0.012
18786,0.023,0.009,0.000,0.012
18787,0.023,0.009,0.000,0.012
18788,0.023,0.009,0.000,0.012
18789,0.023,0.009,0.000,0.012
18790,0.023,0.009,0.000,0.012
18791,0.023,0.009,0.000,0.012
18792,0.023,0.009,0.000,0.012
18793,0.023,0.009,0.000,0.012
18794,0.023,0.009,0.000,0.012
18795,0.023,0.009,0.000,0.012
18796,0.023,0.009,0.000,0.012
18797,0.023,0.009,0.000,0.012
18798,0.023,0.009,0.000,0.012
18799,0.023,0.009,0.000,0.012
18800,0.023,0.009,0.000,0.012
18801,0.023,0.009,0.000,0.012
18802,0.023,0.009,0.000,0.012
18803,0.023,0.009,0.000,0.012
18804,0.023,0.009,0.000,0.012
18805,0.023,0.009,0.000,0.012
18806,0.023,0.009,0.000,0.012
18807,0.023,0.009,0.000,0.012
18808,0.023,0.009,0.000,0.012
18809,0.023,0.009,0.000,0.012
18810,0.023,0.009,0.000,0.012
18811,0.023,0.009,0.000,0.012
18812,0.023,0.009,0.000,0.012
18813,0.023,0.009,0.000,0.012
18814,0.023,0.009,0.000,0.012
18815,0.023,0.009,0.000,0.012
18816,0.023,0.009,0.000,0.012
18817,0.023,0.009,0.000,0.012
18818,0.023,0.009,0.000,0.012
18819,0.023,0.009,0.000,0.012
18820,0.023,0.009,0.000,0.012
18821,0.023,0.009,0.000,0.012
18822,0.023,0.009,0.000,0.012
18823,0.023,0.009,0.000,0.012
18824,0.023,0.009,0.000,0.012
18825,0.023,0.009,0.000,0.012
18826,0.023,0.009,0.000,0.012
18827,0.023,0.009,0.000,0.012
18828,0.023,0.009,0.000,0.012
18829,0.023,0.009,0.000,0.012
18830,0.023,0.009,0.000,0.012
18831,0.023,0.009,0.000,0.012
18832,0.023,0.009,0.000,0.012
18833,0.023,0.009,0.000,0.012
18834,0.023,0.009,0.000,0.012
18835,0.023,0.009,0.000,0.012
18836,0.023,0.009,0.000,0.012
18837,0.023,0.009,0.000,0.012
18838,0.023,0.009,0.000,0.012
18839,0.023,0.009,0.000,0.012
18840,0.023,0.009,0.000,0.012
18841,0.023,0.009,0.000,0.012
18842,0.023,0.009,0.000,0.012
18843,0.023,0.009,0.000,0.012
18844,0.023,0.009,0.000,0.012
18845,0.023,0.009,0.000,0.012
18846,0.023,0.009,0.000,0.012
18847,0.023,0.009,0.000,0.012
18848,0.023,0.009,0.000,0.012
18849,0.023,0.009,0.000,0.012
18850,0.023,0.009,0.000,0.012
18851,0.023,0.009,0.000,0.012
18852,0.023,0.009,0.000,0.012
18853,0.023,0.009,0.000,0.012
18854,0.023,0.009,0.000,0.012
18855,0.023,0.009,0.000,0.012
18856,0.023,0.009,0.000,0.012
18857,0.023,0.009,0.000,0.012
18858,0.023,0.009,0.000,0.012
18859,0.023,0.009,0.000,0.012
18860,0.023,0.009,0.000,0.012
18861,0.023,0.009,0.000,0.012
18862,0.023,0.009,0.000,0.012
18863,0.023,0.009,0.000,0.012
18864,0.023,0.009,0.000,0.012
18865,0.023,0.009,0.000,0.012
18866,0.023,0.009,0.000,0.012
18867,0.023,0.009,0.000,0.012
18868,0.023,0.009,0.000,0.012
18869,0.023,0.009,0.000,0.012
18870,0.023,0.009,0.000,0.012
18871,0.023,0.009,0.000,0.012
18872,0.023,0.009,0.000,0.012
18873,0.023,0.009,0.000,0.012
18874,0.023,0.009,0.000,0.012
18875,0.023,0.009,0.000,0.012
18876,0.023,0.009,0.000,0.012
18877,0.023,0.009,0.000,0.012
18878,0.023,0.009,0.000,0.012
18879,0.023,0.009,0.000,0.012
18880,0.023,0.009,0.000,0.012
18881,0.023,0.009,0.000,0.012
18882,0.023,0.009,0.000,0.012
18883,0.023,0.009,0.000,0.012
18884,0.023,0.009,0.000,0.012
18885,0.023,0.009,0.000,0.012
18886,0.023,0.009,0.000,0.012
18887,0.023,0.009,0.000,0.012
18888,0.023,0.009,0.000,0.012
18889,0.023,0.009,0.000,0.012
18890,0.023,0.009,0.000,0.012
18891,0.023,0.009,0.000,0.012
18892,0.023,0.009,0.000,0.012
18893,0.023,0.009,0.000,0.012
18894,0.023,0.009,0.000,0.012
18895,0.023,0.009,0.000,0.012
18896,0.023,0.009,0.000,0.012
18897,0.023,0.009,0.000,0.012
18898,0.023,0.009,0.000,0.012
18899,0.023,0.009,0.000,0.012
18900,0.023,0.009,0.000,0.012
18901,0.023,0.009,0.000,0.012
18902,0.023,0.009,0.000,0.012
18903,0.023,0.009,0.000,0.012
18904,0.023,0.009,0.000,0.012
18905,0.023,0.009,0.000,0.012
18906,0.023,0.009,0.000,0.012
18907,0.023,0.009,0.000,0.012
18908,0.023,0.009,0.000,0.012
18909,0.023,0.009,0.000,0.012
18910,0.023,0.009,0.000,0.012
18911,0.023,0.009,0.000,0.012
18912,0.023,0.009,0.000,0.012
18913,0.023,0.009,0.000,0.012
18914,0.023,0.009,0.000,0.012
18915,0.023,0.009,0.000,0.012
18916,0.023,0.009,0.000,0.012
18917,0.023,0.009,0.000,0.012
18918,0.023,0.009,0.000,0.012
18919,0.023,0.009,0.000,0.012
18920,0.023,0.009,0.000,0.012
18921,0.023,0.009,0.000,0.012
18922,0.023,0.009,0.000,0.012
18923,0.023,0.009,0.000,0.012
18924,0.023,0.009,0.000,0.012
18925,0.023,0.009,0.000,0.012
18926,0.023,0.009,0.000,0.012
18927,0.023,0.009,0.000,0.012
18928,0.023,0.009,0.000,0.012
18929,0.023,0.009,0.000,0.012
18930,0.023,0.009,0.000,0.012
18931,0.023,0.009,0.000,0.012
18932,0.023,0.009,0.000,0.012
18933,0.023,0.009,0.000,0.012
18934,0.023,0.009,0.000,0.012
18935,0.023,0.009,0.000,0.012
18936,0.023,0.009,0.000,0.012
18937,0.023,0.009,0.000,0.012
18938,0.023,0.009,0.000,0.012
18939,0.023,0.009,0.000,0.012
18940,0.023,0.009,0.000,0.012
18941,0.023,0.009,0.000,0.012
18942,0.023,0.009,0.000,0.012
18943,0.023,0.009,0.000,0.012
18944,0.023,0.009,0.000,0.012
18945,0.023,0.009,0.000,0.012
18946,0.023,0.009,0.000,0.012
18947,0.023,0.009,0.000,0.012
18948,0.023,0.009,0.000,0.012
18949,0.023,0.009,0.000,0.012
18950,0.023,0.009,0.000,0.012
18951,0.023,0.009,0.000,0.012
18952,0.023,0.009,0.000,0.012
18953,0.023,0.009,0.000,0.012
18954,0.023,0.009,0.000,0.012
18955,0.023,0.009,0.000,0.012
18956,0.023,0.009,0.000,0.012
18957,0.023,0.009,0.000,0.012
18958,0.023,0.009,0.000,0.012
18959,0.023,0.009,0.000,0.011
18960,0.023,0.009,0.000,0.011
18961,0.023,0.009,0.000,0.012
18962,0.023,0.009,0.000,0.012
18963,0.023,0.009,0.000,0.012
18964,0.023,0.009,0.000,0.012
18965,0.023,0.009,0.000,0.012
18966,0.023,0.009,0.000,0.012
18967,0.023,0.009,0.000,0.012
18968,0.023,0.009,0.000,0.012
18969,0.023,0.009,0.000,0.012
18970,0.023,0.009,0.000,0.012
18971,0.023,0.009,0.000,0.012
18972,0.023,0.009,0.000,0.012
18973,0.023,0.009,0.000,0.012
18974,0.023,0.009,0.000,0.012
18975,0.023,0.009,0.000,0.012
18976,0.023,0.009,0.000,0.012
18977,0.023,0.009,0.000,0.012
18978,0.023,0.009,0.000,0.012
18979,0.023,0.009,0.000,0.012
18980,0.023,0.009,0.000,0.012
18981,0.023,0.009,0.000,0.012
18982,0.023,0.009,0.000,0.012
18983,0.023,0.009,0.000,0.012
18984,0.023,0.009,0.000,0.012
18985,0.023,0.009,0.000,0.012
18986,0.023,0.009,0.000,0.012
18987,0.023,0.009,0.000,0.012
18988,0.023,0.009,0.000,0.012
18989,0.023,0.009,0.000,0.012
18990,0.023,0.009,0.000,0.012
18991,0.023,0.009,0.000,0.012
18992,0.023,0.009,0.000,0.012
18993,0.023,0.009,0.000,0.012
18994,0.023,0.009,0.000,0.012
18995,0.023,0.009,0.000,0.012
18996,0.023,0.009,0.000,0.012
18997,0.023,0.009,0.000,0.012
18998,0.023,0.009,0.000,0.012
18999,0.023,0.009,0.000,0.011
19000,0.023,0.009,0.000,0.011
19001,0.023,0.009,0.000,0.012
19002,0.023,0.009,0.000,0.012
19003,0.023,0.009,0.000,0.012
19004,0.023,0.009,0.000,0.012
19005,0.023,0.009,0.000,0.012
19006,0.023,0.009,0.000,0.012
19007,0.023,0.009,0.000,0.012
19008,0.023,0.009,0.000,0.012
19009,0.023,0.009,0.000,0.012
19010,0.023,0.009,0.000,0.012
19011,0.023,0.009,0.000,0.012
19012,0.023,0.009,0.000,0.012
19013,0.023,0.009,0.000,0.012
19014,0.023,0.009,0.000,0.012
19015,0.023,0.009,0.000,0.012
19016,0.023,0.009,0.000,0.012
19017,0.023,0.009,0.000,0.012
19018,0.023,0.009,0.000,0.012
19019,0.023,0.009,0.000,0.012
19020,0.023,0.009,0.000,0.012
19021,0.023,0.009,0.000,0.012
19022,0.023,0.009,0.000,0.012
19023,0.023,0.009,0.000,0.012
19024,0.023,0.009,0.000,0.012
19025,0.023,0.009,0.000,0.012
19026,0.023,0.009,0.000,0.012
19027,0.023,0.009,0.000,0.012
19028,0.023,0.009,0.000,0.012
19029,0.023,0.009,0.000,0.012
19030,0.023,0.009,0.000,0.012
19031,0.023,0.009,0.000,0.012
19032,0.023,0.009,0.000,0.012
19033,0.023,0.009,0.000,0.012
19034,0.023,0.009,0.000,0.012
19035,0.023,0.009,0.000,0.011
19036,0.023,0.009,0.000,0.011
19037,0.023,0.009,0.000,0.011
19038,0.023,0.009,0.000,0.011
19039,0.023,0.009,0.000,0.011
19040,0.023,0.009,0.000,0.011
19041,0.023,0.009,0.000,0.012
19042,0.023,0.009,0.000,0.012
19043,0.023,0.009,0.000,0.012
19044,0.023,0.009,0.000,0.012
19045,0.023,0.009,0.000,0.012
19046,0.023,0.009,0.000,0.012
19047,0.023,0.009,0.000,0.012
19048,0.023,0.009,0.000,0.012
19049,0.023,0.009,0.000,0.012
19050,0.023,0.009,0.000,0.012
19051,0.023,0.009,0.000,0.012
19052,0.023,0.009,0.000,0.012
19053,0.023,0.009,0.000,0.012
19054,0.023,0.009,0.000,0.012
19055,0.023,0.009,0.000,0.012
19056,0.023,0.009,0.000,0.012
19057,0.023,0.009,0.000,0.012
19058,0.023,0.009,0.000,0.012
19059,0.023,0.009,0.000,0.012
19060,0.023,0.009,0.000,0.012
19061,0.023,0.009,0.000,0.012
19062,0.023,0.009,0.000,0.012
19063,0.023,0.009,0.000,0.012
19064,0.023,0.009,0.000,0.012
19065,0.023,0.009,0.000,0.012
19066,0.023,0.009,0.000,0.012
19067,0.023,0.009,0.000,0.012
19068,0.023,0.009,0.000,0.012
19069,0.023,0.009,0.000,0.012
19070,0.023,0.009,0.000,0.012
19071,0.023,0.009,0.000,0.012
19072,0.023,0.009,0.000,0.012
19073,0.023,0.009,0.000,0.012
19074,0.023,0.009,0.000,0.012
19075,0.023,0.009,0.000,0.012
19076,0.023,0.009,0.000,0.012
19077,0.023,0.009,0.000,0.012
19078,0.023,0.009,0.000,0.012
19079,0.023,0.009,0.000,0.012
19080,0.023,0.009,0.000,0.012
19081,0.023,0.009,0.000,0.012
19082,0.023,0.009,0.000,0.012
19083,0.023,0.009,0.000,0.012
19084,0.023,0.009,0.000,0.012
19085,0.023,0.009,0.000,0.012
19086,0.023,0.009,0.000,0.012
19087,0.023,0.009,0.000,0.012
19088,0.023,0.009,0.000,0.012
19089,0.023,0.009,0.000,0.012
19090,0.023,0.009,0.000,0.012
19091,0.023,0.009,0.000,0.012
19092,0.023,0.009,0.000,0.012
19093,0.023,0.009,0.000,0.012
19094,0.023,0.009,0.000,0.012
19095,0.023,0.009,0.000,0.012
19096,0.023,0.009,0.000,0.012
19097,0.023,0.009,0.000,0.012
19098,0.023,0.009,0.000,0.012
19099,0.023,0.009,0.000,0.012
19100,0.023,0.009,0.000,0.012
19101,0.023,0.009,0.000,0.012
19102,0.023,0.009,0.000,0.012
19103,0.023,0.009,0.000,0.012
19104,0.023,0.009,0.000,0.012
19105,0.023,0.009,0.000,0.012
19106,0.023,0.009,0.000,0.012
19107,0.023,0.009,0.000,0.012
19108,0.023,0.009,0.000,0.012
19109,0.023,0.009,0.000,0.012
19110,0.023,0.009,0.000,0.012
19111,0.023,0.009,0.000,0.012
19112,0.023,0.009,0.000,0.012
19113,0.023,0.009,0.000,0.012
19114,0.023,0.009,0.000,0.012
19115,0.023,0.009,0.000,0.012
19116,0.023,0.009,0.000,0.012
19117,0.023,0.009,0.000,0.012
19118,0.023,0.009,0.000,0.012
19119,0.023,0.009,0.000,0.012
19120,0.023,0.009,0.000,0.012
19121,0.023,0.009,0.000,0.012
19122,0.023,0.009,0.000,0.012
19123,0.023,0.009,0.000,0.012
19124,0.023,0.009,0.000,0.012
19125,0.023,0.009,0.000,0.012
19126,0.023,0.009,0.000,0.012
19127,0.023,0.009,0.000,0.012
19128,0.023,0.009,0.000,0.012
19129,0.023,0.009,0.000,0.012
19130,0.023,0.009,0.000,0.012
19131,0.023,0.009,0.000,0.012
19132,0.023,0.009,0.000,0.012
19133,0.023,0.009,0.000,0.012
19134,0.023,0.009,0.000,0.012
19135,0.023,0.009,0.000,0.012
19136,0.023,0.009,0.000,0.012
19137,0.023,0.009,0.000,0.012
19138,0.023,0.009,0.000,0.012
19139,0.023,0.009,0.000,0.012
19140,0.023,0.009,0.000,0.012
19141,0.023,0.009,0.000,0.012
19142,0.023,0.009,0.000,0.012
19143,0.023,0.009,0.000,0.012
19144,0.023,0.009,0.000,0.012
19145,0.023,0.009,0.000,0.012
19146,0.023,0.009,0.000,0.012
19147,0.023,0.009,0.000,0.012
19148,0.023,0.009,0.000,0.012
19149,0.023,0.009,0.000,0.012
19150,0.023,0.009,0.000,0.012
19151,0.023,0.009,0.000,0.012
19152,0.023,0.009,0.000,0.012
19153,0.023,0.009,0.000,0.012
19154,0.023,0.009,0.000,0.012
19155,0.023,0.009,0.000,0.012
19156,0.023,0.009,0.000,0.012
19157,0.023,0.009,0.000,0.012
19158,0.023,0.009,0.000,0.012
19159,0.023,0.009,0.000,0.012
19160,0.023,0.009,0.000,0.012
19161,0.023,0.009,0.000,0.012
19162,0.023,0.009,0.000,0.012
19163,0.023,0.009,0.000,0.012
19164,0.023,0.009,0.000,0.012
19165,0.023,0.009,0.000,0.012
19166,0.023,0.009,0.000,0.012
19167,0.023,0.009,0.000,0.012
19168,0.023,0.009,0.000,0.012
19169,0.023,0.009,0.000,0.012
19170,0.023,0.009,0.000,0.012
19171,0.023,0.009,0.000,0.012
19172,0.023,0.009,0.000,0.012
19173,0.023,0.009,0.000,0.012
19174,0.023,0.009,0.000,0.012
19175,0.023,0.009,0.000,0.012
19176,0.023,0.009,0.000,0.012
19177,0.023,0.009,0.000,0.012
19178,0.023,0.009,0.000,0.012
19179,0.023,0.009,0.000,0.012
19180,0.023,0.009,0.000,0.012
19181,0.023,0.009,0.000,0.012
19182,0.023,0.009,0.000,0.012
19183,0.023,0.009,0.000,0.012
19184,0.023,0.009,0.000,0.012
19185,0.023,0.009,0.000,0.012
19186,0.023,0.009,0.000,0.012
19187,0.023,0.009,0.000,0.012
19188,0.023,0.009,0.000,0.012
19189,0.023,0.009,0.000,0.012
19190,0.023,0.009,0.000,0.012
19191,0.023,0.009,0.000,0.012
19192,0.023,0.009,0.000,0.012
19193,0.023,0.009,0.000,0.012
19194,0.023,0.009,0.000,0.012
19195,0.023,0.009,0.000,0.012
19196,0.023,0.009,0.000,0.012
19197,0.023,0.009,0.000,0.012
19198,0.023,0.009,0.000,0.012
19199,0.023,0.009,0.000,0.012
19200,0.023,0.009,0.000,0.012
19201,0.023,0.009,0.000,0.012
19202,0.023,0.009,0.000,0.012
19203,0.023,0.009,0.000,0.012
19204,0.023,0.009,0.000,0.012
19205,0.023,0.009,0.000,0.012
19206,0.023,0.009,0.000,0.012
19207,0.023,0.009,0.000,0.012
19208,0.023,0.009,0.000,0.012
19209,0.023,0.009,0.000,0.012
19210,0.023,0.009,0.000,0.012
19211,0.023,0.009,0.000,0.012
19212,0.023,0.009,0.000,0.012
19213,0.023,0.009,0.000,0.012
19214,0.023,0.009,0.000,0.012
19215,0.023,0.009,0.000,0.012
19216,0.023,0.009,0.000,0.012
19217,0.023,0.009,0.000,0.012
19218,0.023,0.009,0.000,0.012
19219,0.023,0.009,0.000,0.012
19220,0.023,0.009,0.000,0.012
19221,0.023,0.009,0.000,0.012
19222,0.023,0.009,0.000,0.012
19223,0.023,0.009,0.000,0.012
19224,0.023,0.009,0.000,0.012
19225,0.023,0.009,0.000,0.012
19226,0.023,0.009,0.000,0.012
19227,0.023,0.009,0.000,0.012
19228,0.023,0.009,0.000,0.012
19229,0.023,0.009,0.000,0.012
19230,0.023,0.009,0.000,0.012
19231,0.023,0.009,0.000,0.012
19232,0.023,0.009,0.000,0.012
19233,0.023,0.009,0.000,0.012
19234,0.023,0.009,0.000,0.012
19235,0.023,0.009,0.000,0.012
19236,0.023,0.009,0.000,0.012
19237,0.023,0.009,0.000,0.012
19238,0.023,0.009,0.000,0.012
19239,0.023,0.009,0.000,0.012
19240,0.023,0.009,0.000,0.012
19241,0.023,0.009,0.000,0.012
19242,0.023,0.009,0.000,0.012
19243,0.023,0.009,0.000,0.012
19244,0.023,0.009,0.000,0.012
19245,0.023,0.009,0.000,0.012
19246,0.023,0.009,0.000,0.012
19247,0.023,0.009,0.000,0.012
19248,0.023,0.009,0.000,0.012
19249,0.023,0.009,0.000,0.012
19250,0.023,0.009,0.000,0.012
19251,0.023,0.009,0.000,0.012
19252,0.023,0.009,0.000,0.012
19253,0.023,0.009,0.000,0.012
19254,0.023,0.009,0.000,0.012
19255,0.023,0.009,0.000,0.012
19256,0.023,0.009,0.000,0.012
19257,0.023,0.009,0.000,0.012
19258,0.023,0.009,0.000,0.012
19259,0.023,0.009,0.000,0.012
19260,0.023,0.009,0.000,0.012
19261,0.023,0.009,0.000,0.012
19262,0.023,0.009,0.000,0.012
19263,0.023,0.009,0.000,0.012
19264,0.023,0.009,0.000,0.012
19265,0.023,0.009,0.000,0.012
19266,0.023,0.009,0.000,0.012
19267,0.023,0.009,0.000,0.012
19268,0.023,0.009,0.000,0.012
19269,0.023,0.009,0.000,0.012
19270,0.023,0.009,0.000,0.012
19271,0.023,0.009,0.000,0.012
19272,0.023,0.009,0.000,0.012
19273,0.023,0.009,0.000,0.012
19274,0.023,0.009,0.000,0.012
19275,0.023,0.009,0.000,0.012
19276,0.023,0.009,0.000,0.012
19277,0.023,0.009,0.000,0.012
19278,0.023,0.009,0.000,0.012
19279,0.023,0.009,0.000,0.012
19280,0.023,0.009,0.000,0.012
19281,0.023,0.009,0.000,0.012
19282,0.023,0.009,0.000,0.012
19283,0.023,0.009,0.000,0.012
19284,0.023,0.009,0.000,0.012
19285,0.023,0.009,0.000,0.012
19286,0.023,0.009,0.000,0.012
19287,0.023,0.009,0.000,0.012
19288,0.023,0.009,0.000,0.012
19289,0.023,0.009,0.000,0.011
19290,0.023,0.009,0.000,0.012
19291,0.023,0.009,0.000,0.012
19292,0.023,0.009,0.000,0.012
19293,0.023,0.009,0.000,0.012
19294,0.023,0.009,0.000,0.012
19295,0.023,0.009,0.000,0.011
19296,0.023,0.009,0.000,0.011
19297,0.023,0.009,0.000,0.011
19298,0.023,0.009,0.000,0.011
19299,0.023,0.009,0.000,0.011
19300,0.023,0.009,0.000,0.011
19301,0.023,0.009,0.000,0.012
19302,0.023,0.009,0.000,0.012
19303,0.023,0.009,0.000,0.012
19304,0.023,0.009,0.000,0.012
19305,0.023,0.009,0.000,0.012
19306,0.023,0.009,0.000,0.012
19307,0.023,0.009,0.000,0.012
19308,0.023,0.009,0.000,0.012
19309,0.023,0.009,0.000,0.012
19310,0.023,0.009,0.000,0.012
19311,0.023,0.009,0.000,0.012
19312,0.023,0.009,0.000,0.012
19313,0.023,0.009,0.000,0.012
19314,0.023,0.009,0.000,0.012
19315,0.023,0.009,0.000,0.012
19316,0.023,0.009,0.000,0.012
19317,0.023,0.009,0.000,0.012
19318,0.023,0.009,0.000,0.012
19319,0.023,0.009,0.000,0.012
19320,0.023,0.009,0.000,0.012
19321,0.023,0.009,0.000,0.012
19322,0.023,0.009,0.000,0.012
19323,0.023,0.009,0.000,0.012
19324,0.023,0.009,0.000,0.012
19325,0.023,0.009,0.000,0.012
19326,0.023,0.009,0.000,0.012
19327,0.023,0.009,0.000,0.012
19328,0.023,0.009,0.000,0.012
19329,0.023,0.009,0.000,0.012
19330,0.023,0.009,0.000,0.012
19331,0.023,0.009,0.000,0.012
19332,0.023,0.009,0.000,0.012
19333,0.023,0.009,0.000,0.012
19334,0.023,0.009,0.000,0.012
19335,0.023,0.009,0.000,0.012
19336,0.023,0.009,0.000,0.012
19337,0.023,0.009,0.000,0.012
19338,0.023,0.009,0.000,0.012
19339,0.023,0.009,0.000,0.012
19340,0.023,0.009,0.000,0.012
19341,0.023,0.009,0.000,0.012
19342,0.023,0.009,0.000,0.012
19343,0.023,0.009,0.000,0.012
19344,0.023,0.009,0.000,0.012
19345,0.023,0.009,0.000,0.012
19346,0.023,0.009,0.000,0.012
19347,0.023,0.009,0.000,0.012
19348,0.023,0.009,0.000,0.012
19349,0.023,0.009,0.000,0.012
19350,0.023,0.009,0.000,0.012
19351,0.023,0.009,0.000,0.012
19352,0.023,0.009,0.000,0.012
19353,0.023,0.009,0.000,0.012
19354,0.023,0.009,0.000,0.012
19355,0.023,0.009,0.000,0.012
19356,0.023,0.009,0.000,0.012
19357,0.023,0.009,0.000,0.012
19358,0.023,0.009,0.000,0.012
19359,0.023,0.009,0.000,0.012
19360,0.023,0.009,0.000,0.012
19361,0.023,0.009,0.000,0.012
19362,0.023,0.009,0.000,0.012
19363,0.023,0.009,0.000,0.012
19364,0.023,0.009,0.000,0.012
19365,0.023,0.009,0.000,0.012
19366,0.023,0.009,0.000,0.012
19367,0.023,0.009,0.000,0.012
19368,0.023,0.009,0.000,0.012
19369,0.023,0.009,0.000,0.012
19370,0.023,0.009,0.000,0.012
19371,0.023,0.009,0.000,0.012
19372,0.023,0.009,0.000,0.012
19373,0.023,0.009,0.000,0.012
19374,0.023,0.009,0.000,0.012
19375,0.023,0.009,0.000,0.012
19376,0.023,0.009,0.000,0.012
19377,0.023,0.009,0.000,0.012
19378,0.023,0.009,0.000,0.012
19379,0.023,0.009,0.000,0.012
19380,0.023,0.009,0.000,0.012
19381,0.023,0.009,0.000,0.012
19382,0.023,0.009,0.000,0.012
19383,0.023,0.009,0.000,0.012
19384,0.023,0.009,0.000,0.012
19385,0.023,0.009,0.000,0.012
19386,0.023,0.009,0.000,0.012
19387,0.023,0.009,0.000,0.012
19388,0.023,0.009,0.000,0.012
19389,0.023,0.009,0.000,0.012
19390,0.023,0.009,0.000,0.012
19391,0.023,0.009,0.000,0.012
19392,0.023,0.009,0.000,0.012
19393,0.023,0.009,0.000,0.012
19394,0.023,0.009,0.000,0.012
19395,0.023,0.009,0.000,0.012
19396,0.023,0.009,0.000,0.012
19397,0.023,0.009,0.000,0.012
19398,0.023,0.009,0.000,0.012
19399,0.023,0.009,0.000,0.012
19400,0.023,0.009,0.000,0.012
19401,0.023,0.009,0.000,0.012
19402,0.023,0.009,0.000,0.012
19403,0.023,0.009,0.000,0.012
19404,0.023,0.009,0.000,0.012
19405,0.023,0.009,0.000,0.012
19406,0.023,0.009,0.000,0.012
19407,0.023,0.009,0.000,0.012
19408,0.023,0.009,0.000,0.012
19409,0.023,0.009,0.000,0.012
19410,0.023,0.009,0.000,0.012
19411,0.023,0.009,0.000,0.012
19412,0.023,0.009,0.000,0.012
19413,0.023,0.009,0.000,0.012
19414,0.023,0.009,0.000,0.012
19415,0.023,0.009,0.000,0.012
19416,0.023,0.009,0.000,0.012
19417,0.023,0.009,0.000,0.012
19418,0.023,0.009,0.000,0.012
19419,0.023,0.009,0.000,0.012
19420,0.023,0.009,0.000,0.012
19421,0.023,0.009,0.000,0.012
19422,0.023,0.009,0.000,0.012
19423,0.023,0.009,0.000,0.012
19424,0.023,0.009,0.000,0.012
19425,0.023,0.009,0.000,0.012
19426,0.023,0.009,0.000,0.012
19427,0.023,0.009,0.000,0.012
19428,0.023,0.009,0.000,0.012
19429,0.023,0.009,0.000,0.012
19430,0.023,0.009,0.000,0.012
19431,0.023,0.009,0.000,0.012
19432,0.023,0.009,0.000,0.012
19433,0.023,0.009,0.000,0.012
19434,0.023,0.009,0.000,0.012
19435,0.023,0.009,0.000,0.012
19436,0.023,0.009,0.000,0.012
19437,0.023,0.009,0.000,0.012
19438,0.023,0.009,0.000,0.012
19439,0.023,0.009,0.000,0.012
19440,0.023,0.009,0.000,0.012
19441,0.023,0.009,0.000,0.012
19442,0.023,0.009,0.000,0.012
19443,0.023,0.009,0.000,0.012
19444,0.023,0.009,0.000,0.012
19445,0.023,0.009,0.000,0.012
19446,0.023,0.009,0.000,0.012
19447,0.023,0.009,0.000,0.012
19448,0.023,0.009,0.000,0.012
19449,0.023,0.009,0.000,0.012
19450,0.023,0.009,0.000,0.012
19451,0.023,0.009,0.000,0.012
19452,0.023,0.009,0.000,0.012
19453,0.023,0.009,0.000,0.012
19454,0.023,0.009,0.000,0.012
19455,0.023,0.009,0.000,0.012
19456,0.023,0.009,0.000,0.012
19457,0.023,0.009,0.000,0.012
19458,0.023,0.009,0.000,0.012
19459,0.023,0.009,0.000,0.012
19460,0.023,0.009,0.000,0.012
19461,0.023,0.009,0.000,0.012
19462,0.023,0.009,0.000,0.012
19463,0.023,0.009,0.000,0.012
19464,0.023,0.009,0.000,0.012
19465,0.023,0.009,0.000,0.012
19466,0.023,0.009,0.000,0.012
19467,0.023,0.009,0.000,0.012
19468,0.023,0.009,0.000,0.012
19469,0.023,0.009,0.000,0.012
19470,0.023,0.009,0.000,0.012
19471,0.023,0.009,0.000,0.012
19472,0.023,0.009,0.000,0.012
19473,0.023,0.009,0.000,0.012
19474,0.023,0.009,0.000,0.012
19475,0.023,0.009,0.000,0.012
19476,0.023,0.009,0.000,0.012
19477,0.023,0.009,0.000,0.012
19478,0.023,0.009,0.000,0.012
19479,0.023,0.009,0.000,0.012
19480,0.023,0.009,0.000,0.012
19481,0.023,0.009,0.000,0.012
19482,0.023,0.009,0.000,0.012
19483,0.023,0.009,0.000,0.012
19484,0.023,0.009,0.000,0.012
19485,0.023,0.009,0.000,0.012
19486,0.023,0.009,0.000,0.012
19487,0.023,0.009,0.000,0.012
19488,0.023,0.009,0.000,0.012
19489,0.023,0.009,0.000,0.012
19490,0.023,0.009,0.000,0.012
19491,0.023,0.009,0.000,0.012
19492,0.023,0.009,0.000,0.012
19493,0.023,0.009,0.000,0.012
19494,0.023,0.009,0.000,0.012
19495,0.023,0.009,0.000,0.012
19496,0.023,0.009,0.000,0.012
19497,0.023,0.009,0.000,0.012
19498,0.023,0.009,0.000,0.012
19499,0.023,0.009,0.000,0.012
19500,0.023,0.009,0.000,0.012
19501,0.023,0.009,0.000,0.012
19502,0.023,0.009,0.000,0.012
19503,0.023,0.009,0.000,0.012
19504,0.023,0.009,0.000,0.012
19505,0.023,0.009,0.000,0.012
19506,0.023,0.009,0.000,0.012
19507,0.023,0.009,0.000,0.012
19508,0.023,0.009,0.000,0.012
19509,0.023,0.009,0.000,0.012
19510,0.023,0.009,0.000,0.012
19511,0.023,0.009,0.000,0.012
19512,0.023,0.009,0.000,0.012
19513,0.023,0.009,0.000,0.012
19514,0.023,0.009,0.000,0.012
19515,0.023,0.009,0.000,0.012
19516,0.023,0.009,0.000,0.012
19517,0.023,0.009,0.000,0.012
19518,0.023,0.009,0.000,0.012
19519,0.023,0.009,0.000,0.012
19520,0.023,0.009,0.000,0.012
19521,0.023,0.009,0.000,0.012
19522,0.023,0.009,0.000,0.012
19523,0.023,0.009,0.000,0.012
19524,0.023,0.009,0.000,0.012
19525,0.023,0.009,0.000,0.012
19526,0.023,0.009,0.000,0.012
19527,0.023,0.009,0.000,0.012
19528,0.023,0.009,0.000,0.012
19529,0.023,0.009,0.000,0.012
19530,0.023,0.009,0.000,0.012
19531,0.023,0.009,0.000,0.012
19532,0.023,0.009,0.000,0.012
19533,0.023,0.009,0.000,0.012
19534,0.023,0.009,0.000,0.012
19535,0.023,0.009,0.000,0.012
19536,0.023,0.009,0.000,0.012
19537,0.023,0.009,0.000,0.012
19538,0.023,0.009,0.000,0.012
19539,0.023,0.009,0.000,0.012
19540,0.023,0.009,0.000,0.012
19541,0.023,0.009,0.000,0.012
19542,0.023,0.009,0.000,0.012
19543,0.023,0.009,0.000,0.012
19544,0.023,0.009,0.000,0.012
19545,0.023,0.009,0.000,0.012
19546,0.023,0.009,0.000,0.012
19547,0.023,0.009,0.000,0.012
19548,0.023,0.009,0.000,0.012
19549,0.023,0.009,0.000,0.012
19550,0.023,0.009,0.000,0.012
19551,0.023,0.009,0.000,0.012
19552,0.023,0.009,0.000,0.012
19553,0.023,0.009,0.000,0.012
19554,0.023,0.009,0.000,0.012
19555,0.023,0.009,0.000,0.012
19556,0.023,0.009,0.000,0.012
19557,0.023,0.009,0.000,0.012
19558,0.023,0.009,0.000,0.012
19559,0.023,0.009,0.000,0.012
19560,0.023,0.009,0.000,0.012
19561,0.023,0.009,0.000,0.012
19562,0.023,0.009,0.000,0.012
19563,0.023,0.009,0.000,0.012
19564,0.023,0.009,0.000,0.012
19565,0.023,0.009,0.000,0.012
19566,0.023,0.009,0.000,0.012
19567,0.023,0.009,0.000,0.012
19568,0.023,0.009,0.000,0.012
19569,0.023,0.009,0.000,0.012
19570,0.023,0.009,0.000,0.012
19571,0.023,0.009,0.000,0.012
19572,0.023,0.009,0.000,0.012
19573,0.023,0.009,0.000,0.012
19574,0.023,0.009,0.000,0.012
19575,0.023,0.009,0.000,0.012
19576,0.023,0.009,0.000,0.012
19577,0.023,0.009,0.000,0.012
19578,0.023,0.009,0.000,0.012
19579,0.023,0.009,0.000,0.012
19580,0.023,0.009,0.000,0.012
19581,0.023,0.009,0.000,0.012
19582,0.023,0.009,0.000,0.012
19583,0.023,0.009,0.000,0.012
19584,0.023,0.009,0.000,0.012
19585,0.023,0.009,0.000,0.012
19586,0.023,0.009,0.000,0.012
19587,0.023,0.009,0.000,0.012
19588,0.023,0.009,0.000,0.012
19589,0.023,0.009,0.000,0.012
19590,0.023,0.009,0.000,0.012
19591,0.023,0.009,0.000,0.012
19592,0.023,0.009,0.000,0.012
19593,0.023,0.009,0.000,0.012
19594,0.023,0.009,0.000,0.012
19595,0.023,0.009,0.000,0.012
19596,0.023,0.009,0.000,0.012
19597,0.023,0.009,0.000,0.012
19598,0.023,0.009,0.000,0.012
19599,0.023,0.009,0.000,0.012
19600,0.023,0.009,0.000,0.012
19601,0.023,0.009,0.000,0.012
19602,0.023,0.009,0.000,0.012
19603,0.023,0.009,0.000,0.012
19604,0.023,0.009,0.000,0.012
19605,0.023,0.009,0.000,0.012
19606,0.023,0.009,0.000,0.012
19607,0.023,0.009,0.000,0.012
19608,0.023,0.009,0.000,0.012
19609,0.023,0.009,0.000,0.012
19610,0.023,0.009,0.000,0.012
19611,0.023,0.009,0.000,0.012
19612,0.023,0.009,0.000,0.012
19613,0.023,0.009,0.000,0.012
19614,0.023,0.009,0.000,0.012
19615,0.023,0.009,0.000,0.012
19616,0.023,0.009,0.000,0.012
19617,0.023,0.009,0.000,0.012
19618,0.023,0.009,0.000,0.012
19619,0.023,0.009,0.000,0.012
19620,0.023,0.009,0.000,0.012
19621,0.023,0.009,0.000,0.012
19622,0.023,0.009,0.000,0.012
19623,0.023,0.009,0.000,0.012
19624,0.023,0.009,0.000,0.012
19625,0.023,0.009,0.000,0.012
19626,0.023,0.009,0.000,0.012
19627,0.023,0.009,0.000,0.012
19628,0.023,0.009,0.000,0.012
19629,0.023,0.009,0.000,0.012
19630,0.023,0.009,0.000,0.012
19631,0.023,0.009,0.000,0.012
19632,0.023,0.009,0.000,0.012
19633,0.023,0.009,0.000,0.012
19634,0.023,0.009,0.000,0.012
19635,0.023,0.009,0.000,0.012
19636,0.023,0.009,0.000,0.012
19637,0.023,0.009,0.000,0.012
19638,0.023,0.009,0.000,0.012
19639,0.023,0.009,0.000,0.012
19640,0.023,0.009,0.000,0.011
19641,0.023,0.009,0.000,0.012
19642,0.023,0.009,0.000,0.012
19643,0.023,0.009,0.000,0.012
19644,0.023,0.009,0.000,0.012
19645,0.023,0.009,0.000,0.012
19646,0.023,0.009,0.000,0.012
19647,0.023,0.009,0.000,0.012
19648,0.023,0.009,0.000,0.012
19649,0.023,0.009,0.000,0.012
19650,0.023,0.009,0.000,0.012
19651,0.023,0.009,0.000,0.012
19652,0.023,0.009,0.000,0.012
19653,0.023,0.009,0.000,0.012
19654,0.023,0.009,0.000,0.012
19655,0.023,0.009,0.000,0.012
19656,0.023,0.009,0.000,0.012
19657,0.023,0.009,0.000,0.012
19658,0.023,0.009,0.000,0.012
19659,0.023,0.009,0.000,0.012
19660,0.023,0.009,0.000,0.012
19661,0.023,0.009,0.000,0.012
19662,0.023,0.009,0.000,0.012
19663,0.023,0.009,0.000,0.012
19664,0.023,0.009,0.000,0.012
19665,0.023,0.009,0.000,0.012
19666,0.023,0.009,0.000,0.012
19667,0.023,0.009,0.000,0.012
19668,0.023,0.009,0.000,0.012
19669,0.023,0.009,0.000,0.012
19670,0.023,0.009,0.000,0.012
19671,0.023,0.009,0.000,0.012
19672,0.023,0.009,0.000,0.012
19673,0.023,0.009,0.000,0.012
19674,0.023,0.009,0.000,0.012
19675,0.023,0.009,0.000,0.012
19676,0.023,0.009,0.000,0.012
19677,0.023,0.009,0.000,0.012
19678,0.023,0.009,0.000,0.012
19679,0.023,0.009,0.000,0.011
19680,0.023,0.009,0.000,0.011
19681,0.023,0.009,0.000,0.012
19682,0.023,0.009,0.000,0.012
19683,0.023,0.009,0.000,0.012
19684,0.023,0.009,0.000,0.012
19685,0.023,0.009,0.000,0.012
19686,0.023,0.009,0.000,0.012
19687,0.023,0.009,0.000,0.012
19688,0.023,0.009,0.000,0.012
19689,0.023,0.009,0.000,0.012
19690,0.023,0.009,0.000,0.012
19691,0.023,0.009,0.000,0.012
19692,0.023,0.009,0.000,0.012
19693,0.023,0.009,0.000,0.012
19694,0.023,0.009,0.000,0.012
19695,0.023,0.009,0.000,0.012
19696,0.023,0.009,0.000,0.012
19697,0.023,0.009,0.000,0.012
19698,0.023,0.009,0.000,0.012
19699,0.023,0.009,0.000,0.012
19700,0.023,0.009,0.000,0.012
19701,0.023,0.009,0.000,0.012
19702,0.023,0.009,0.000,0.012
19703,0.023,0.009,0.000,0.012
19704,0.023,0.009,0.000,0.012
19705,0.023,0.009,0.000,0.012
19706,0.023,0.009,0.000,0.012
19707,0.023,0.009,0.000,0.012
19708,0.023,0.009,0.000,0.012
19709,0.023,0.009,0.000,0.012
19710,0.023,0.009,0.000,0.012
19711,0.023,0.009,0.000,0.012
19712,0.023,0.009,0.000,0.012
19713,0.023,0.009,0.000,0.012
19714,0.023,0.009,0.000,0.012
19715,0.023,0.009,0.000,0.012
19716,0.023,0.009,0.000,0.012
19717,0.023,0.009,0.000,0.012
19718,0.023,0.009,0.000,0.012
19719,0.023,0.009,0.000,0.012
19720,0.023,0.009,0.000,0.012
19721,0.023,0.009,0.000,0.012
19722,0.023,0.009,0.000,0.012
19723,0.023,0.009,0.000,0.012
19724,0.023,0.009,0.000,0.012
19725,0.023,0.009,0.000,0.012
19726,0.023,0.009,0.000,0.012
19727,0.023,0.009,0.000,0.012
19728,0.023,0.009,0.000,0.012
19729,0.023,0.009,0.000,0.012
19730,0.023,0.009,0.000,0.012
19731,0.023,0.009,0.000,0.012
19732,0.023,0.009,0.000,0.012
19733,0.023,0.009,0.000,0.012
19734,0.023,0.009,0.000,0.012
19735,0.023,0.009,0.000,0.012
19736,0.023,0.009,0.000,0.012
19737,0.023,0.009,0.000,0.012
19738,0.023,0.009,0.000,0.012
19739,0.023,0.009,0.000,0.012
19740,0.023,0.009,0.000,0.012
19741,0.023,0.009,0.000,0.012
19742,0.023,0.009,0.000,0.012
19743,0.023,0.009,0.000,0.012
19744,0.023,0.009,0.000,0.012
19745,0.023,0.009,0.000,0.012
19746,0.023,0.009,0.000,0.012
19747,0.023,0.009,0.000,0.012
19748,0.023,0.009,0.000,0.012
19749,0.023,0.009,0.000,0.012
19750,0.023,0.009,0.000,0.012
19751,0.023,0.009,0.000,0.012
19752,0.023,0.009,0.000,0.012
19753,0.023,0.009,0.000,0.012
19754,0.023,0.009,0.000,0.012
19755,0.023,0.009,0.000,0.011
19756,0.023,0.009,0.000,0.011
19757,0.023,0.009,0.000,0.011
19758,0.023,0.009,0.000,0.011
19759,0.023,0.009,0.000,0.011
19760,0.023,0.009,0.000,0.011
19761,0.023,0.009,0.000,0.012
19762,0.023,0.009,0.000,0.012
19763,0.023,0.009,0.000,0.012
19764,0.023,0.009,0.000,0.012
19765,0.023,0.009,0.000,0.012
19766,0.023,0.009,0.000,0.012
19767,0.023,0.009,0.000,0.012
19768,0.023,0.009,0.000,0.012
19769,0.023,0.009,0.000,0.012
19770,0.023,0.009,0.000,0.012
19771,0.023,0.009,0.000,0.012
19772,0.023,0.009,0.000,0.012
19773,0.023,0.009,0.000,0.012
19774,0.023,0.009,0.000,0.012
19775,0.023,0.009,0.000,0.012
19776,0.023,0.009,0.000,0.012
19777,0.023,0.009,0.000,0.012
19778,0.023,0.009,0.000,0.012
19779,0.023,0.009,0.000,0.012
19780,0.023,0.009,0.000,0.012
19781,0.023,0.009,0.000,0.012
19782,0.023,0.009,0.000,0.012
19783,0.023,0.009,0.000,0.012
19784,0.023,0.009,0.000,0.012
19785,0.023,0.009,0.000,0.012
19786,0.023,0.009,0.000,0.012
19787,0.023,0.009,0.000,0.012
19788,0.023,0.009,0.000,0.012
19789,0.023,0.009,0.000,0.012
19790,0.023,0.009,0.000,0.012
19791,0.023,0.009,0.000,0.012
19792,0.023,0.009,0.000,0.012
19793,0.023,0.009,0.000,0.012
19794,0.023,0.009,0.000,0.012
19795,0.023,0.009,0.000,0.012
19796,0.023,0.009,0.000,0.012
19797,0.023,0.009,0.000,0.012
19798,0.023,0.009,0.000,0.012
19799,0.023,0.009,0.000,0.012
19800,0.023,0.009,0.000,0.012
19801,0.023,0.009,0.000,0.012
19802,0.023,0.009,0.000,0.012
19803,0.023,0.009,0.000,0.012
19804,0.023,0.009,0.000,0.012
19805,0.023,0.009,0.000,0.012
19806,0.023,0.009,0.000,0.012
19807,0.023,0.009,0.000,0.012
19808,0.023,0.009,0.000,0.012
19809,0.023,0.009,0.000,0.012
19810,0.023,0.009,0.000,0.012
19811,0.023,0.009,0.000,0.012
19812,0.023,0.009,0.000,0.012
19813,0.023,0.009,0.000,0.012
19814,0.023,0.009,0.000,0.012
19815,0.023,0.009,0.000,0.012
19816,0.023,0.009,0.000,0.012
19817,0.023,0.009,0.000,0.012
19818,0.023,0.009,0.000,0.012
19819,0.023,0.009,0.000,0.012
19820,0.023,0.009,0.000,0.012
19821,0.023,0.009,0.000,0.012
19822,0.023,0.009,0.000,0.012
19823,0.023,0.009,0.000,0.012
19824,0.023,0.009,0.000,0.012
19825,0.023,0.009,0.000,0.012
19826,0.023,0.009,0.000,0.012
19827,0.023,0.009,0.000,0.012
19828,0.023,0.009,0.000,0.012
19829,0.023,0.009,0.000,0.012
19830,0.023,0.009,0.000,0.012
19831,0.023,0.009,0.000,0.012
19832,0.023,0.009,0.000,0.012
19833,0.023,0.009,0.000,0.012
19834,0.023,0.009,0.000,0.012
19835,0.023,0.009,0.000,0.012
19836,0.023,0.009,0.000,0.012
19837,0.023,0.009,0.000,0.012
19838,0.023,0.009,0.000,0.012
19839,0.023,0.009,0.000,0.012
19840,0.023,0.009,0.000,0.012
19841,0.023,0.009,0.000,0.012
19842,0.023,0.009,0.000,0.012
19843,0.023,0.009,0.000,0.012
19844,0.023,0.009,0.000,0.012
19845,0.023,0.009,0.000,0.012
19846,0.023,0.009,0.000,0.012
19847,0.023,0.009,0.000,0.012
19848,0.023,0.009,0.000,0.012
19849,0.023,0.009,0.000,0.012
19850,0.023,0.009,0.000,0.012
19851,0.023,0.009,0.000,0.012
19852,0.023,0.009,0.000,0.012
19853,0.023,0.009,0.000,0.012
19854,0.023,0.009,0.000,0.012
19855,0.023,0.009,0.000,0.012
19856,0.023,0.009,0.000,0.012
19857,0.023,0.009,0.000,0.012
19858,0.023,0.009,0.000,0.012
19859,0.023,0.009,0.000,0.012
19860,0.023,0.009,0.000,0.012
19861,0.023,0.009,0.000,0.012
19862,0.023,0.009,0.000,0.012
19863,0.023,0.009,0.000,0.012
19864,0.023,0.009,0.000,0.012
19865,0.023,0.009,0.000,0.012
19866,0.023,0.009,0.000,0.012
19867,0.023,0.009,0.000,0.012
19868,0.023,0.009,0.000,0.012
19869,0.023,0.009,0.000,0.012
19870,0.023,0.009,0.000,0.012
19871,0.023,0.009,0.000,0.012
19872,0.023,0.009,0.000,0.012
19873,0.023,0.009,0.000,0.012
19874,0.023,0.009,0.000,0.012
19875,0.023,0.009,0.000,0.012
19876,0.023,0.009,0.000,0.012
19877,0.023,0.009,0.000,0.012
19878,0.023,0.009,0.000,0.012
19879,0.023,0.009,0.000,0.012
19880,0.023,0.009,0.000,0.012
19881,0.023,0.009,0.000,0.012
19882,0.023,0.009,0.000,0.012
19883,0.023,0.009,0.000,0.012
19884,0.023,0.009,0.000,0.012
19885,0.023,0.009,0.000,0.012
19886,0.023,0.009,0.000,0.012
19887,0.023,0.009,0.000,0.012
19888,0.023,0.009,0.000,0.012
19889,0.023,0.009,0.000,0.012
19890,0.023,0.009,0.000,0.012
19891,0.023,0.009,0.000,0.012
19892,0.023,0.009,0.000,0.012
19893,0.023,0.009,0.000,0.012
19894,0.023,0.009,0.000,0.012
19895,0.023,0.009,0.000,0.012
19896,0.023,0.009,0.000,0.012
19897,0.023,0.009,0.000,0.012
19898,0.023,0.009,0.000,0.012
19899,0.023,0.009,0.000,0.012
19900,0.023,0.009,0.000,0.012
19901,0.023,0.009,0.000,0.012
19902,0.023,0.009,0.000,0.012
19903,0.023,0.009,0.000,0.012
19904,0.023,0.009,0.000,0.012
19905,0.023,0.009,0.000,0.012
19906,0.023,0.009,0.000,0.012
19907,0.023,0.009,0.000,0.012
19908,0.023,0.009,0.000,0.012
19909,0.023,0.009,0.000,0.012
19910,0.023,0.009,0.000,0.012
19911,0.023,0.009,0.000,0.012
19912,0.023,0.009,0.000,0.012
19913,0.023,0.009,0.000,0.012
19914,0.023,0.009,0.000,0.012
19915,0.023,0.009,0.000,0.012
19916,0.023,0.009,0.000,0.012
19917,0.023,0.009,0.000,0.012
19918,0.023,0.009,0.000,0.012
19919,0.023,0.009,0.000,0.012
19920,0.023,0.009,0.000,0.012
19921,0.023,0.009,0.000,0.012
19922,0.023,0.009,0.000,0.012
19923,0.023,0.009,0.000,0.012
19924,0.023,0.009,0.000,0.012
19925,0.023,0.009,0.000,0.012
19926,0.023,0.009,0.000,0.012
19927,0.023,0.009,0.000,0.012
19928,0.023,0.009,0.000,0.012
19929,0.023,0.009,0.000,0.012
19930,0.023,0.009,0.000,0.012
19931,0.023,0.009,0.000,0.012
19932,0.023,0.009,0.000,0.012
19933,0.023,0.009,0.000,0.012
19934,0.023,0.009,0.000,0.012
19935,0.023,0.009,0.000,0.012
19936,0.023,0.009,0.000,0.012
19937,0.023,0.009,0.000,0.012
19938,0.023,0.009,0.000,0.012
19939,0.023,0.009,0.000,0.012
19940,0.023,0.009,0.000,0.012
19941,0.023,0.009,0.000,0.012
19942,0.023,0.009,0.000,0.012
19943,0.023,0.009,0.000,0.012
19944,0.023,0.009,0.000,0.012
19945,0.023,0.009,0.000,0.012
19946,0.023,0.009,0.000,0.012
19947,0.023,0.009,0.000,0.012
19948,0.023,0.009,0.000,0.012
19949,0.023,0.009,0.000,0.012
19950,0.023,0.009,0.000,0.012
19951,0.023,0.009,0.000,0.012
19952,0.023,0.009,0.000,0.012
19953,0.023,0.009,0.000,0.012
19954,0.023,0.009,0.000,0.012
19955,0.023,0.009,0.000,0.012
19956,0.023,0.009,0.000,0.012
19957,0.023,0.009,0.000,0.012
19958,0.023,0.009,0.000,0.012
19959,0.023,0.009,0.000,0.012
19960,0.023,0.009,0.000,0.012
19961,0.023,0.009,0.000,0.012
19962,0.023,0.009,0.000,0.012
19963,0.023,0.009,0.000,0.012
19964,0.023,0.009,0.000,0.012
19965,0.023,0.009,0.000,0.012
19966,0.023,0.009,0.000,0.012
19967,0.023,0.009,0.000,0.012
19968,0.023,0.009,0.000,0.012
19969,0.023,0.009,0.000,0.012
19970,0.023,0.009,0.000,0.012
19971,0.023,0.009,0.000,0.012
19972,0.023,0.009,0.000,0.012
19973,0.023,0.009,0.000,0.012
19974,0.023,0.009,0.000,0.012
19975,0.023,0.009,0.000,0.012
19976,0.023,0.009,0.000,0.012
19977,0.023,0.009,0.000,0.012
19978,0.023,0.009,0.000,0.012
19979,0.023,0.009,0.000,0.012
19980,0.023,0.009,0.000,0.012
19981,0.023,0.009,0.000,0.012
19982,0.023,0.009,0.000,0.012
19983,0.023,0.009,0.000,0.012
19984,0.023,0.009,0.000,0.012
19985,0.023,0.009,0.000,0.012
19986,0.023,0.009,0.000,0.012
19987,0.023,0.009,0.000,0.012
19988,0.023,0.009,0.000,0.012
19989,0.023,0.009,0.000,0.012
19990,0.023,0.009,0.000,0.012
19991,0.023,0.009,0.000,0.012
19992,0.023,0.009,0.000,0.012
19993,0.023,0.009,0.000,0.012
19994,0.023,0.009,0.000,0.012
19995,0.023,0.009,0.000,0.012
19996,0.023,0.009,0.000,0.012
19997,0.023,0.009,0.000,0.012
19998,0.023,0.009,0.000,0.012
19999,0.023,0.009,0.000,0.012
20000,0.023,0.009,0.000,0.012
20001,0.023,0.009,0.000,0.012
20002,0.023,0.009,0.000,0.012
20003,0.023,0.009,0.000,0.012
20004,0.023,0.009,0.000,0.012
20005,0.023,0.009,0.000,0.012
20006,0.023,0.009,0.000,0.012
20007,0.023,0.009,0.000,0.012
20008,0.023,0.009,0.000,0.012
20009,0.023,0.009,0.000,0.012
20010,0.023,0.009,0.000,0.012
20011,0.023,0.009,0.000,0.012
20012,0.023,0.009,0.000,0.012
20013,0.023,0.009,0.000,0.012
20014,0.023,0.009,0.000,0.012
20015,0.023,0.009,0.000,0.012
20016,0.023,0.009,0.000,0.012
20017,0.023,0.009,0.000,0.012
20018,0.023,0.009,0.000,0.012
20019,0.023,0.009,0.000,0.012
20020,0.023,0.009,0.000,0.012
20021,0.023,0.009,0.000,0.012
20022,0.023,0.009,0.000,0.012
20023,0.023,0.009,0.000,0.012
20024,0.023,0.009,0.000,0.012
20025,0.023,0.009,0.000,0.012
20026,0.023,0.009,0.000,0.012
20027,0.023,0.009,0.000,0.012
20028,0.023,0.009,0.000,0.012
20029,0.023,0.009,0.000,0.012
20030,0.023,0.009,0.000,0.012
20031,0.023,0.009,0.000,0.012
20032,0.023,0.009,0.000,0.012
20033,0.023,0.009,0.000,0.012
20034,0.023,0.009,0.000,0.012
20035,0.023,0.009,0.000,0.012
20036,0.023,0.009,0.000,0.012
20037,0.023,0.009,0.000,0.012
20038,0.023,0.009,0.000,0.012
20039,0.023,0.009,0.000,0.012
20040,0.023,0.009,0.000,0.012
20041,0.023,0.009,0.000,0.012
20042,0.023,0.009,0.000,0.012
20043,0.023,0.009,0.000,0.012
20044,0.023,0.009,0.000,0.012
20045,0.023,0.009,0.000,0.012
20046,0.023,0.009,0.000,0.012
20047,0.023,0.009,0.000,0.012
20048,0.023,0.009,0.000,0.012
20049,0.023,0.009,0.000,0.012
20050,0.023,0.009,0.000,0.012
20051,0.023,0.009,0.000,0.012
20052,0.023,0.009,0.000,0.012
20053,0.023,0.009,0.000,0.012
20054,0.023,0.009,0.000,0.012
20055,0.023,0.009,0.000,0.012
20056,0.023,0.009,0.000,0.012
20057,0.023,0.009,0.000,0.012
20058,0.023,0.009,0.000,0.012
20059,0.023,0.009,0.000,0.011
20060,0.023,0.009,0.000,0.011
20061,0.023,0.009,0.000,0.012
20062,0.023,0.009,0.000,0.012
20063,0.023,0.009,0.000,0.012
20064,0.023,0.009,0.000,0.012
20065,0.023,0.009,0.000,0.012
20066,0.023,0.009,0.000,0.012
20067,0.023,0.009,0.000,0.012
20068,0.023,0.009,0.000,0.012
20069,0.023,0.009,0.000,0.012
20070,0.023,0.009,0.000,0.012
20071,0.023,0.009,0.000,0.012
20072,0.023,0.009,0.000,0.012
20073,0.023,0.009,0.000,0.012
20074,0.023,0.009,0.000,0.012
20075,0.023,0.009,0.000,0.012
20076,0.023,0.009,0.000,0.012
20077,0.023,0.009,0.000,0.012
20078,0.023,0.009,0.000,0.012
20079,0.023,0.009,0.000,0.011
20080,0.023,0.009,0.000,0.011
20081,0.023,0.009,0.000,0.012
20082,0.023,0.009,0.000,0.012
20083,0.023,0.009,0.000,0.012
20084,0.023,0.009,0.000,0.012
20085,0.023,0.009,0.000,0.012
20086,0.023,0.009,0.000,0.012
20087,0.023,0.009,0.000,0.012
20088,0.023,0.009,0.000,0.012
20089,0.023,0.009,0.000,0.012
20090,0.023,0.009,0.000,0.012
20091,0.023,0.009,0.000,0.012
20092,0.023,0.009,0.000,0.012
20093,0.023,0.009,0.000,0.012
20094,0.023,0.009,0.000,0.012
20095,0.023,0.009,0.000,0.012
20096,0.023,0.009,0.000,0.012
20097,0.023,0.009,0.000,0.012
20098,0.023,0.009,0.000,0.012
20099,0.023,0.009,0.000,0.012
20100,0.023,0.009,0.000,0.012
20101,0.023,0.009,0.000,0.012
20102,0.023,0.009,0.000,0.012
20103,0.023,0.009,0.000,0.012
20104,0.023,0.009,0.000,0.012
20105,0.023,0.009,0.000,0.012
20106,0.023,0.009,0.000,0.012
20107,0.023,0.009,0.000,0.012
20108,0.023,0.009,0.000,0.012
20109,0.023,0.009,0.000,0.012
20110,0.023,0.009,0.000,0.012
20111,0.023,0.009,0.000,0.012
20112,0.023,0.009,0.000,0.012
20113,0.023,0.009,0.000,0.012
20114,0.023,0.009,0.000,0.012
20115,0.023,0.009,0.000,0.012
20116,0.023,0.009,0.000,0.012
20117,0.023,0.009,0.000,0.012
20118,0.023,0.009,0.000,0.012
20119,0.023,0.009,0.000,0.012
20120,0.023,0.009,0.000,0.012
20121,0.023,0.009,0.000,0.012
20122,0.023,0.009,0.000,0.012
20123,0.023,0.009,0.000,0.012
20124,0.023,0.009,0.000,0.012
20125,0.023,0.009,0.000,0.012
20126,0.023,0.009,0.000,0.012
20127,0.023,0.009,0.000,0.012
20128,0.023,0.009,0.000,0.012
20129,0.023,0.009,0.000,0.012
20130,0.023,0.009,0.000,0.012
20131,0.023,0.009,0.000,0.012
20132,0.023,0.009,0.000,0.012
20133,0.023,0.009,0.000,0.012
20134,0.023,0.009,0.000,0.012
20135,0.023,0.009,0.000,0.012
20136,0.023,0.009,0.000,0.012
20137,0.023,0.009,0.000,0.012
20138,0.023,0.009,0.000,0.012
20139,0.023,0.009,0.000,0.012
20140,0.023,0.009,0.000,0.012
20141,0.023,0.009,0.000,0.012
20142,0.023,0.009,0.000,0.012
20143,0.023,0.009,0.000,0.012
20144,0.023,0.009,0.000,0.012
20145,0.023,0.009,0.000,0.012
20146,0.023,0.009,0.000,0.012
20147,0.023,0.009,0.000,0.012
20148,0.023,0.009,0.000,0.012
20149,0.023,0.009,0.000,0.012
20150,0.023,0.009,0.000,0.012
20151,0.023,0.009,0.000,0.012
20152,0.023,0.009,0.000,0.012
20153,0.023,0.009,0.000,0.012
20154,0.023,0.009,0.000,0.012
20155,0.023,0.009,0.000,0.012
20156,0.023,0.009,0.000,0.012
20157,0.023,0.009,0.000,0.012
20158,0.023,0.009,0.000,0.012
20159,0.023,0.009,0.000,0.012
20160,0.023,0.009,0.000,0.012
20161,0.023,0.009,0.000,0.012
20162,0.023,0.009,0.000,0.012
20163,0.023,0.009,0.000,0.012
20164,0.023,0.009,0.000,0.012
20165,0.023,0.009,0.000,0.012
20166,0.023,0.009,0.000,0.012
20167,0.023,0.009,0.000,0.012
20168,0.023,0.009,0.000,0.012
20169,0.023,0.009,0.000,0.012
20170,0.023,0.009,0.000,0.012
20171,0.023,0.009,0.000,0.012
20172,0.023,0.009,0.000,0.012
20173,0.023,0.009,0.000,0.012
20174,0.023,0.009,0.000,0.012
20175,0.023,0.009,0.000,0.012
20176,0.023,0.009,0.000,0.012
20177,0.023,0.009,0.000,0.012
20178,0.023,0.009,0.000,0.012
20179,0.023,0.009,0.000,0.012
20180,0.023,0.009,0.000,0.012
20181,0.023,0.009,0.000,0.012
20182,0.023,0.009,0.000,0.012
20183,0.023,0.009,0.000,0.012
20184,0.023,0.009,0.000,0.012
20185,0.023,0.009,0.000,0.012
20186,0.023,0.009,0.000,0.012
20187,0.023,0.009,0.000,0.012
20188,0.023,0.009,0.000,0.012
20189,0.023,0.009,0.000,0.012
20190,0.023,0.009,0.000,0.012
20191,0.023,0.009,0.000,0.012
20192,0.023,0.009,0.000,0.012
20193,0.023,0.009,0.000,0.012
20194,0.023,0.009,0.000,0.012
20195,0.023,0.009,0.000,0.012
20196,0.023,0.009,0.000,0.012
20197,0.023,0.009,0.000,0.012
20198,0.023,0.009,0.000,0.012
20199,0.023,0.009,0.000,0.012
20200,0.023,0.009,0.000,0.012
20201,0.023,0.009,0.000,0.012
20202,0.023,0.009,0.000,0.012
20203,0.023,0.009,0.000,0.012
20204,0.023,0.009,0.000,0.012
20205,0.023,0.009,0.000,0.012
20206,0.023,0.009,0.000,0.012
20207,0.023,0.009,0.000,0.012
20208,0.023,0.009,0.000,0.012
20209,0.023,0.009,0.000,0.012
20210,0.023,0.009,0.000,0.012
20211,0.023,0.009,0.000,0.012
20212,0.023,0.009,0.000,0.012
20213,0.023,0.009,0.000,0.012
20214,0.023,0.009,0.000,0.012
20215,0.023,0.009,0.000,0.012
20216,0.023,0.009,0.000,0.012
20217,0.023,0.009,0.000,0.012
20218,0.023,0.009,0.000,0.012
20219,0.023,0.009,0.000,0.012
20220,0.023,0.009,0.000,0.012
20221,0.023,0.009,0.000,0.012
20222,0.023,0.009,0.000,0.012
20223,0.023,0.009,0.000,0.012
20224,0.023,0.009,0.000,0.012
20225,0.023,0.009,0.000,0.012
20226,0.023,0.009,0.000,0.012
20227,0.023,0.009,0.000,0.012
20228,0.023,0.009,0.000,0.012
20229,0.023,0.009,0.000,0.012
20230,0.023,0.009,0.000,0.012
20231,0.023,0.009,0.000,0.012
20232,0.023,0.009,0.000,0.012
20233,0.023,0.009,0.000,0.012
20234,0.023,0.009,0.000,0.012
20235,0.023,0.009,0.000,0.012
20236,0.023,0.009,0.000,0.012
20237,0.023,0.009,0.000,0.012
20238,0.023,0.009,0.000,0.012
20239,0.023,0.009,0.000,0.012
20240,0.023,0.009,0.000,0.012
20241,0.023,0.009,0.000,0.012
20242,0.025,0.009,0.000,0.012
20243,0.026,0.009,0.000,0.013
20244,0.027,0.009,0.000,0.013
20245,0.032,0.009,0.000,0.015
20246,0.032,0.009,0.000,0.015
20247,0.034,0.009,0.000,0.015
20248,0.035,0.009,0.000,0.016
20249,0.035,0.009,0.000,0.016
20250,0.035,0.009,0.000,0.016
20251,0.034,0.009,0.000,0.016
20252,0.037,0.009,0.000,0.017
20253,0.037,0.009,0.000,0.017
20254,0.035,0.009,0.000,0.016
20255,0.035,0.009,0.000,0.016
20256,0.036,0.009,0.000,0.016
20257,0.036,0.009,0.000,0.016
20258,0.035,0.009,0.000,0.016
20259,0.035,0.009,0.000,0.016
20260,0.037,0.009,0.000,0.016
20261,0.036,0.009,0.000,0.016
20262,0.034,0.009,0.000,0.016
20263,0.035,0.009,0.000,0.016
20264,0.035,0.009,0.000,0.016
20265,0.035,0.009,0.000,0.016
20266,0.037,0.009,0.000,0.016
20267,0.034,0.009,0.000,0.015
20268,0.034,0.009,0.000,0.015
20269,0.033,0.009,0.000,0.015
20270,0.033,0.009,0.000,0.015
20271,0.033,0.009,0.000,0.015
20272,0.033,0.009,0.000,0.015
20273,0.033,0.009,0.000,0.015
20274,0.033,0.009,0.000,0.015
20275,0.032,0.009,0.000,0.015
20276,0.031,0.009,0.000,0.014
20277,0.030,0.009,0.000,0.014
20278,0.030,0.009,0.000,0.014
20279,0.030,0.009,0.000,0.014
20280,0.035,0.009,0.000,0.016
20281,0.033,0.009,0.000,0.015
20282,0.030,0.009,0.000,0.014
20283,0.030,0.009,0.000,0.014
20284,0.028,0.009,0.000,0.013
20285,0.028,0.009,0.000,0.013
20286,0.028,0.009,0.000,0.013
20287,0.027,0.009,0.000,0.013
20288,0.026,0.009,0.000,0.013
20289,0.026,0.009,0.000,0.013
20290,0.026,0.009,0.000,0.012
20291,0.026,0.009,0.000,0.012
20292,0.025,0.009,0.000,0.012
20293,0.025,0.009,0.000,0.012
20294,0.025,0.009,0.000,0.012
20295,0.025,0.009,0.000,0.012
20296,0.026,0.009,0.000,0.013
20297,0.026,0.009,0.000,0.013
20298,0.028,0.009,0.000,0.013
20299,0.030,0.009,0.000,0.014
20300,0.027,0.009,0.000,0.013
20301,0.026,0.009,0.000,0.012
20302,0.025,0.009,0.000,0.012
20303,0.025,0.009,0.000,0.012
20304,0.025,0.009,0.000,0.012
20305,0.025,0.009,0.000,0.012
20306,0.025,0.009,0.000,0.012
20307,0.025,0.009,0.000,0.012
20308,0.025,0.009,0.000,0.012
20309,0.025,0.009,0.000,0.012
20310,0.026,0.009,0.000,0.012
20311,0.024,0.009,0.000,0.012
20312,0.024,0.009,0.000,0.012
20313,0.026,0.009,0.000,0.012
20314,0.029,0.009,0.000,0.014
20315,0.029,0.009,0.000,0.014
20316,0.027,0.009,0.000,0.013
20317,0.029,0.009,0.000,0.014
20318,0.025,0.009,0.000,0.012
20319,0.027,0.009,0.000,0.013
20320,0.025,0.009,0.000,0.012
20321,0.026,0.009,0.000,0.012
20322,0.028,0.009,0.000,0.013
20323,0.028,0.009,0.000,0.013
20324,0.028,0.009,0.000,0.013
20325,0.028,0.009,0.000,0.013
20326,0.028,0.009,0.000,0.013
20327,0.028,0.009,0.000,0.013
20328,0.027,0.009,0.000,0.013
20329,0.027,0.009,0.000,0.013
20330,0.025,0.009,0.000,0.012
20331,0.027,0.009,0.000,0.013
20332,0.025,0.009,0.000,0.012
20333,0.025,0.009,0.000,0.012
20334,0.025,0.009,0.000,0.012
20335,0.024,0.009,0.000,0.012
20336,0.024,0.009,0.000,0.012
20337,0.024,0.009,0.000,0.012
20338,0.024,0.009,0.000,0.012
20339,0.024,0.009,0.000,0.012
20340,0.024,0.009,0.000,0.012
20341,0.024,0.009,0.000,0.012
20342,0.024,0.009,0.000,0.012
20343,0.024,0.009,0.000,0.012
20344,0.024,0.009,0.000,0.012
20345,0.024,0.009,0.000,0.012
20346,0.024,0.009,0.000,0.012
20347,0.025,0.009,0.000,0.012
20348,0.024,0.009,0.000,0.012
20349,0.025,0.009,0.000,0.012
20350,0.025,0.009,0.000,0.012
20351,0.025,0.009,0.000,0.012
20352,0.025,0.009,0.000,0.012
20353,0.025,0.009,0.000,0.012
20354,0.026,0.009,0.000,0.013
20355,0.027,0.009,0.000,0.013
20356,0.024,0.009,0.000,0.012
20357,0.028,0.009,0.000,0.013
20358,0.024,0.009,0.000,0.012
20359,0.025,0.009,0.000,0.012
20360,0.025,0.009,0.000,0.012
20361,0.025,0.009,0.000,0.012
20362,0.025,0.009,0.000,0.012
20363,0.025,0.009,0.000,0.012
20364,0.025,0.009,0.000,0.012
20365,0.025,0.009,0.000,0.012
20366,0.025,0.009,0.000,0.012
20367,0.025,0.009,0.000,0.012
20368,0.025,0.009,0.000,0.012
20369,0.025,0.009,0.000,0.012
20370,0.025,0.009,0.000,0.012
20371,0.025,0.009,0.000,0.012
20372,0.025,0.009,0.000,0.012
20373,0.025,0.009,0.000,0.012
20374,0.025,0.009,0.000,0.012
20375,0.025,0.009,0.000,0.012
20376,0.025,0.009,0.000,0.012
20377,0.025,0.009,0.000,0.012
20378,0.025,0.009,0.000,0.012
20379,0.025,0.009,0.000,0.012
20380,0.025,0.009,0.000,0.012
20381,0.025,0.009,0.000,0.012
20382,0.025,0.009,0.000,0.012
20383,0.025,0.009,0.000,0.012
20384,0.025,0.009,0.000,0.012
20385,0.025,0.009,0.000,0.012
20386,0.025,0.009,0.000,0.012
20387,0.025,0.009,0.000,0.012
20388,0.025,0.009,0.000,0.012
20389,0.025,0.009,0.000,0.012
20390,0.025,0.009,0.000,0.012
20391,0.025,0.009,0.000,0.012
20392,0.025,0.009,0.000,0.012
20393,0.025,0.009,0.000,0.012
20394,0.025,0.009,0.000,0.012
20395,0.025,0.009,0.000,0.012
20396,0.025,0.009,0.000,0.012
20397,0.025,0.009,0.000,0.012
20398,0.025,0.009,0.000,0.012
20399,0.025,0.009,0.000,0.012
20400,0.025,0.009,0.000,0.012
20401,0.025,0.009,0.000,0.012
20402,0.025,0.009,0.000,0.012
20403,0.025,0.009,0.000,0.012
20404,0.025,0.009,0.000,0.012
20405,0.025,0.009,0.000,0.012
20406,0.025,0.009,0.000,0.012
20407,0.025,0.009,0.000,0.012
20408,0.025,0.009,0.000,0.012
20409,0.025,0.009,0.000,0.012
20410,0.025,0.009,0.000,0.012
20411,0.025,0.009,0.000,0.012
20412,0.025,0.009,0.000,0.012
20413,0.025,0.009,0.000,0.012
20414,0.025,0.009,0.000,0.012
20415,0.025,0.009,0.000,0.012
20416,0.025,0.009,0.000,0.012
20417,0.025,0.009,0.000,0.012
20418,0.025,0.009,0.000,0.012
20419,0.025,0.009,0.000,0.012
20420,0.025,0.009,0.000,0.012
20421,0.025,0.009,0.000,0.012
20422,0.025,0.009,0.000,0.012
20423,0.025,0.009,0.000,0.012
20424,0.025,0.009,0.000,0.012
20425,0.025,0.009,0.000,0.012
20426,0.025,0.009,0.000,0.012
20427,0.025,0.009,0.000,0.012
20428,0.025,0.009,0.000,0.012
20429,0.025,0.009,0.000,0.012
20430,0.025,0.009,0.000,0.012
20431,0.025,0.009,0.000,0.012
20432,0.025,0.009,0.000,0.012
20433,0.025,0.009,0.000,0.012
20434,0.025,0.009,0.000,0.012
20435,0.025,0.009,0.000,0.012
20436,0.025,0.009,0.000,0.012
20437,0.025,0.009,0.000,0.012
20438,0.025,0.009,0.000,0.012
20439,0.025,0.009,0.000,0.012
20440,0.025,0.009,0.000,0.012
20441,0.025,0.009,0.000,0.012
20442,0.025,0.009,0.000,0.012
20443,0.025,0.009,0.000,0.012
20444,0.025,0.009,0.000,0.012
20445,0.025,0.009,0.000,0.012
20446,0.025,0.009,0.000,0.012
20447,0.025,0.009,0.000,0.012
20448,0.025,0.009,0.000,0.012
20449,0.025,0.009,0.000,0.012
20450,0.025,0.009,0.000,0.012
20451,0.025,0.009,0.000,0.012
20452,0.025,0.009,0.000,0.012
20453,0.025,0.009,0.000,0.012
20454,0.025,0.009,0.000,0.012
20455,0.025,0.009,0.000,0.012
20456,0.025,0.009,0.000,0.012
20457,0.025,0.009,0.000,0.012
20458,0.025,0.009,0.000,0.012
20459,0.025,0.009,0.000,0.012
20460,0.025,0.009,0.000,0.012
20461,0.025,0.009,0.000,0.012
20462,0.025,0.009,0.000,0.012
20463,0.025,0.009,0.000,0.012
20464,0.025,0.009,0.000,0.012
20465,0.025,0.009,0.000,0.012
20466,0.025,0.009,0.000,0.012
20467,0.025,0.009,0.000,0.012
20468,0.025,0.009,0.000,0.012
20469,0.025,0.009,0.000,0.012
20470,0.025,0.009,0.000,0.012
20471,0.025,0.009,0.000,0.012
20472,0.025,0.009,0.000,0.012
20473,0.025,0.009,0.000,0.012
20474,0.025,0.009,0.000,0.012
20475,0.025,0.009,0.000,0.012
20476,0.025,0.009,0.000,0.012
20477,0.025,0.009,0.000,0.012
20478,0.025,0.009,0.000,0.012
20479,0.025,0.009,0.000,0.012
20480,0.025,0.009,0.000,0.012
20481,0.025,0.009,0.000,0.012
20482,0.025,0.009,0.000,0.012
20483,0.025,0.009,0.000,0.012
20484,0.025,0.009,0.000,0.012
20485,0.025,0.009,0.000,0.012
20486,0.025,0.009,0.000,0.012
20487,0.025,0.009,0.000,0.012
20488,0.025,0.009,0.000,0.012
20489,0.025,0.009,0.000,0.012
20490,0.025,0.009,0.000,0.012
20491,0.025,0.009,0.000,0.012
20492,0.025,0.009,0.000,0.012
20493,0.025,0.009,0.000,0.012
20494,0.025,0.009,0.000,0.012
20495,0.025,0.009,0.000,0.012
20496,0.025,0.009,0.000,0.012
20497,0.025,0.009,0.000,0.012
20498,0.025,0.009,0.000,0.012
20499,0.025,0.009,0.000,0.012
20500,0.025,0.009,0.000,0.012
20501,0.025,0.009,0.000,0.012
20502,0.025,0.009,0.000,0.012
20503,0.025,0.009,0.000,0.012
20504,0.025,0.009,0.000,0.012
20505,0.025,0.009,0.000,0.012
20506,0.025,0.009,0.000,0.012
20507,0.025,0.009,0.000,0.012
20508,0.025,0.009,0.000,0.012
20509,0.025,0.009,0.000,0.012
20510,0.025,0.009,0.000,0.012
20511,0.025,0.009,0.000,0.012
20512,0.025,0.009,0.000,0.012
20513,0.025,0.009,0.000,0.012
20514,0.025,0.009,0.000,0.012
20515,0.025,0.009,0.000,0.012
20516,0.025,0.009,0.000,0.012
20517,0.025,0.009,0.000,0.012
20518,0.025,0.009,0.000,0.012
20519,0.025,0.009,0.000,0.012
20520,0.025,0.009,0.000,0.012
20521,0.025,0.009,0.000,0.012
20522,0.025,0.009,0.000,0.012
20523,0.025,0.009,0.000,0.012
20524,0.025,0.009,0.000,0.012
20525,0.025,0.009,0.000,0.012
20526,0.025,0.009,0.000,0.012
20527,0.025,0.009,0.000,0.012
20528,0.025,0.009,0.000,0.012
20529,0.025,0.009,0.000,0.012
20530,0.025,0.009,0.000,0.012
20531,0.025,0.009,0.000,0.012
20532,0.025,0.009,0.000,0.012
20533,0.025,0.009,0.000,0.012
20534,0.025,0.009,0.000,0.012
20535,0.025,0.009,0.000,0.012
20536,0.025,0.009,0.000,0.012
20537,0.025,0.009,0.000,0.012
20538,0.025,0.009,0.000,0.012
20539,0.025,0.009,0.000,0.012
20540,0.025,0.009,0.000,0.012
20541,0.025,0.009,0.000,0.012
20542,0.025,0.009,0.000,0.012
20543,0.025,0.009,0.000,0.012
20544,0.025,0.009,0.000,0.012
20545,0.025,0.009,0.000,0.012
20546,0.025,0.009,0.000,0.012
20547,0.025,0.009,0.000,0.012
20548,0.025,0.009,0.000,0.012
20549,0.025,0.009,0.000,0.012
20550,0.025,0.009,0.000,0.012
20551,0.025,0.009,0.000,0.012
20552,0.025,0.009,0.000,0.012
20553,0.025,0.009,0.000,0.012
20554,0.025,0.009,0.000,0.012
20555,0.025,0.009,0.000,0.012
20556,0.025,0.009,0.000,0.012
20557,0.025,0.009,0.000,0.012
20558,0.025,0.009,0.000,0.012
20559,0.025,0.009,0.000,0.012
20560,0.025,0.009,0.000,0.012
20561,0.025,0.009,0.000,0.012
20562,0.025,0.009,0.000,0.012
20563,0.025,0.009,0.000,0.012
20564,0.025,0.009,0.000,0.012
20565,0.025,0.009,0.000,0.012
20566,0.025,0.009,0.000,0.012
20567,0.025,0.009,0.000,0.012
20568,0.025,0.009,0.000,0.012
20569,0.025,0.009,0.000,0.012
20570,0.025,0.009,0.000,0.012
20571,0.025,0.009,0.000,0.012
20572,0.025,0.009,0.000,0.012
20573,0.025,0.009,0.000,0.012
20574,0.025,0.009,0.000,0.012
20575,0.025,0.009,0.000,0.012
20576,0.025,0.009,0.000,0.012
20577,0.025,0.009,0.000,0.012
20578,0.025,0.009,0.000,0.012
20579,0.025,0.009,0.000,0.012
20580,0.025,0.009,0.000,0.012
20581,0.025,0.009,0.000,0.012
20582,0.025,0.009,0.000,0.012
20583,0.025,0.009,0.000,0.012
20584,0.025,0.009,0.000,0.012
20585,0.025,0.009,0.000,0.012
20586,0.025,0.009,0.000,0.012
20587,0.025,0.009,0.000,0.012
20588,0.025,0.009,0.000,0.012
20589,0.025,0.009,0.000,0.012
20590,0.025,0.009,0.000,0.012
20591,0.025,0.009,0.000,0.012
20592,0.025,0.009,0.000,0.012
20593,0.025,0.009,0.000,0.012
20594,0.025,0.009,0.000,0.012
20595,0.025,0.009,0.000,0.012
20596,0.025,0.009,0.000,0.012
20597,0.025,0.009,0.000,0.012
20598,0.025,0.009,0.000,0.012
20599,0.025,0.009,0.000,0.012
20600,0.025,0.009,0.000,0.012
20601,0.025,0.009,0.000,0.012
20602,0.025,0.009,0.000,0.012
20603,0.025,0.009,0.000,0.012
20604,0.025,0.009,0.000,0.012
20605,0.025,0.009,0.000,0.012
20606,0.025,0.009,0.000,0.012
20607,0.025,0.009,0.000,0.012
20608,0.025,0.009,0.000,0.012
20609,0.025,0.009,0.000,0.012
20610,0.025,0.009,0.000,0.012
20611,0.025,0.009,0.000,0.012
20612,0.025,0.009,0.000,0.012
20613,0.025,0.009,0.000,0.012
20614,0.025,0.009,0.000,0.012
20615,0.025,0.009,0.000,0.012
20616,0.025,0.009,0.000,0.012
20617,0.025,0.009,0.000,0.012
20618,0.025,0.009,0.000,0.012
20619,0.025,0.009,0.000,0.012
20620,0.025,0.009,0.000,0.012
20621,0.025,0.009,0.000,0.012
20622,0.025,0.009,0.000,0.012
20623,0.025,0.009,0.000,0.012
20624,0.025,0.009,0.000,0.012
20625,0.025,0.009,0.000,0.012
20626,0.025,0.009,0.000,0.012
20627,0.025,0.009,0.000,0.012
20628,0.025,0.009,0.000,0.012
20629,0.025,0.009,0.000,0.012
20630,0.025,0.009,0.000,0.012
20631,0.025,0.009,0.000,0.012
20632,0.025,0.009,0.000,0.012
20633,0.025,0.009,0.000,0.012
20634,0.025,0.009,0.000,0.012
20635,0.025,0.009,0.000,0.012
20636,0.025,0.009,0.000,0.012
20637,0.025,0.009,0.000,0.012
20638,0.025,0.009,0.000,0.012
20639,0.025,0.009,0.000,0.012
20640,0.025,0.009,0.000,0.012
20641,0.025,0.009,0.000,0.012
20642,0.025,0.009,0.000,0.012
20643,0.025,0.009,0.000,0.012
20644,0.025,0.009,0.000,0.012
20645,0.025,0.009,0.000,0.012
20646,0.025,0.009,0.000,0.012
20647,0.025,0.009,0.000,0.012
20648,0.025,0.009,0.000,0.012
20649,0.025,0.009,0.000,0.012
20650,0.025,0.009,0.000,0.012
20651,0.025,0.009,0.000,0.012
20652,0.025,0.009,0.000,0.012
20653,0.025,0.009,0.000,0.012
20654,0.025,0.009,0.000,0.012
20655,0.025,0.009,0.000,0.012
20656,0.025,0.009,0.000,0.012
20657,0.025,0.009,0.000,0.012
20658,0.025,0.009,0.000,0.012
20659,0.025,0.009,0.000,0.012
20660,0.025,0.009,0.000,0.012
20661,0.025,0.009,0.000,0.012
20662,0.025,0.009,0.000,0.012
20663,0.025,0.009,0.000,0.012
20664,0.025,0.009,0.000,0.012
20665,0.025,0.009,0.000,0.012
20666,0.025,0.009,0.000,0.012
20667,0.025,0.009,0.000,0.012
20668,0.025,0.009,0.000,0.012
20669,0.025,0.009,0.000,0.012
20670,0.025,0.009,0.000,0.012
20671,0.025,0.009,0.000,0.012
20672,0.025,0.009,0.000,0.012
20673,0.025,0.009,0.000,0.012
20674,0.025,0.009,0.000,0.012
20675,0.025,0.009,0.000,0.012
20676,0.025,0.009,0.000,0.012
20677,0.025,0.009,0.000,0.012
20678,0.025,0.009,0.000,0.012
20679,0.025,0.009,0.000,0.012
20680,0.025,0.009,0.000,0.012
20681,0.025,0.009,0.000,0.012
20682,0.025,0.009,0.000,0.012
20683,0.025,0.009,0.000,0.012
20684,0.025,0.009,0.000,0.012
20685,0.025,0.009,0.000,0.012
20686,0.025,0.009,0.000,0.012
20687,0.025,0.009,0.000,0.012
20688,0.025,0.009,0.000,0.012
20689,0.025,0.009,0.000,0.012
20690,0.025,0.009,0.000,0.012
20691,0.025,0.009,0.000,0.012
20692,0.025,0.009,0.000,0.012
20693,0.025,0.009,0.000,0.012
20694,0.025,0.009,0.000,0.012
20695,0.025,0.009,0.000,0.012
20696,0.025,0.009,0.000,0.012
20697,0.025,0.009,0.000,0.012
20698,0.025,0.009,0.000,0.012
20699,0.025,0.009,0.000,0.012
20700,0.025,0.009,0.000,0.012
20701,0.025,0.009,0.000,0.012
20702,0.025,0.009,0.000,0.012
20703,0.025,0.009,0.000,0.012
20704,0.025,0.009,0.000,0.012
20705,0.025,0.009,0.000,0.012
20706,0.025,0.009,0.000,0.012
20707,0.025,0.009,0.000,0.012
20708,0.025,0.009,0.000,0.012
20709,0.025,0.009,0.000,0.012
20710,0.025,0.009,0.000,0.012
20711,0.025,0.009,0.000,0.012
20712,0.025,0.009,0.000,0.012
20713,0.025,0.009,0.000,0.012
20714,0.025,0.009,0.000,0.012
20715,0.025,0.009,0.000,0.012
20716,0.025,0.009,0.000,0.012
20717,0.025,0.009,0.000,0.012
20718,0.025,0.009,0.000,0.012
20719,0.025,0.009,0.000,0.012
20720,0.025,0.009,0.000,0.012
20721,0.025,0.009,0.000,0.012
20722,0.025,0.009,0.000,0.012
20723,0.025,0.009,0.000,0.012
20724,0.025,0.009,0.000,0.012
20725,0.025,0.009,0.000,0.012
20726,0.025,0.009,0.000,0.012
20727,0.025,0.009,0.000,0.012
20728,0.025,0.009,0.000,0.012
20729,0.025,0.009,0.000,0.012
20730,0.025,0.009,0.000,0.012
20731,0.025,0.009,0.000,0.012
20732,0.025,0.009,0.000,0.012
20733,0.025,0.009,0.000,0.012
20734,0.025,0.009,0.000,0.012
20735,0.025,0.009,0.000,0.012
20736,0.025,0.009,0.000,0.012
20737,0.025,0.009,0.000,0.012
20738,0.025,0.009,0.000,0.012
20739,0.025,0.009,0.000,0.012
20740,0.025,0.009,0.000,0.012
20741,0.025,0.009,0.000,0.012
20742,0.025,0.009,0.000,0.012
20743,0.025,0.009,0.000,0.012
20744,0.025,0.009,0.000,0.012
20745,0.025,0.009,0.000,0.012
20746,0.025,0.009,0.000,0.012
20747,0.025,0.009,0.000,0.012
20748,0.025,0.009,0.000,0.012
20749,0.025,0.009,0.000,0.012
20750,0.025,0.009,0.000,0.012
20751,0.025,0.009,0.000,0.012
20752,0.025,0.009,0.000,0.012
20753,0.025,0.009,0.000,0.012
20754,0.025,0.009,0.000,0.012
20755,0.025,0.009,0.000,0.012
20756,0.025,0.009,0.000,0.012
20757,0.025,0.009,0.000,0.012
20758,0.025,0.009,0.000,0.012
20759,0.025,0.009,0.000,0.012
20760,0.025,0.009,0.000,0.012
20761,0.025,0.009,0.000,0.012
20762,0.025,0.009,0.000,0.012
20763,0.025,0.009,0.000,0.012
20764,0.025,0.009,0.000,0.012
20765,0.025,0.009,0.000,0.012
20766,0.025,0.009,0.000,0.012
20767,0.025,0.009,0.000,0.012
20768,0.025,0.009,0.000,0.012
20769,0.025,0.009,0.000,0.012
20770,0.025,0.009,0.000,0.012
20771,0.025,0.009,0.000,0.012
20772,0.025,0.009,0.000,0.012
20773,0.025,0.009,0.000,0.012
20774,0.025,0.009,0.000,0.012
20775,0.025,0.009,0.000,0.012
20776,0.025,0.009,0.000,0.012
20777,0.025,0.009,0.000,0.012
20778,0.025,0.009,0.000,0.012
20779,0.025,0.009,0.000,0.012
20780,0.025,0.009,0.000,0.012
20781,0.025,0.009,0.000,0.012
20782,0.025,0.009,0.000,0.012
20783,0.025,0.009,0.000,0.012
20784,0.025,0.009,0.000,0.012
20785,0.025,0.009,0.000,0.012
20786,0.025,0.009,0.000,0.012
20787,0.025,0.009,0.000,0.012
20788,0.025,0.009,0.000,0.012
20789,0.025,0.009,0.000,0.012
20790,0.025,0.009,0.000,0.012
20791,0.025,0.009,0.000,0.012
20792,0.025,0.009,0.000,0.012
20793,0.025,0.009,0.000,0.012
20794,0.025,0.009,0.000,0.012
20795,0.025,0.009,0.000,0.012
20796,0.025,0.009,0.000,0.012
20797,0.025,0.009,0.000,0.012
20798,0.025,0.009,0.000,0.012
20799,0.025,0.009,0.000,0.012
20800,0.025,0.009,0.000,0.012
20801,0.025,0.009,0.000,0.012
20802,0.025,0.009,0.000,0.012
20803,0.025,0.009,0.000,0.012
20804,0.025,0.009,0.000,0.012
20805,0.025,0.009,0.000,0.012
20806,0.025,0.009,0.000,0.012
20807,0.025,0.009,0.000,0.012
20808,0.025,0.009,0.000,0.012
20809,0.025,0.009,0.000,0.012
20810,0.025,0.009,0.000,0.012
20811,0.025,0.009,0.000,0.012
20812,0.025,0.009,0.000,0.012
20813,0.025,0.009,0.000,0.012
20814,0.025,0.009,0.000,0.012
20815,0.025,0.009,0.000,0.012
20816,0.025,0.009,0.000,0.012
20817,0.025,0.009,0.000,0.012
20818,0.025,0.009,0.000,0.012
20819,0.025,0.009,0.000,0.012
20820,0.025,0.009,0.000,0.012
20821,0.025,0.009,0.000,0.012
20822,0.025,0.009,0.000,0.012
20823,0.025,0.009,0.000,0.012
20824,0.025,0.009,0.000,0.012
20825,0.025,0.009,0.000,0.012
20826,0.025,0.009,0.000,0.012
20827,0.025,0.009,0.000,0.012
20828,0.025,0.009,0.000,0.012
20829,0.025,0.009,0.000,0.012
20830,0.025,0.009,0.000,0.012
20831,0.025,0.009,0.000,0.012
20832,0.025,0.009,0.000,0.012
20833,0.025,0.009,0.000,0.012
20834,0.025,0.009,0.000,0.012
20835,0.025,0.009,0.000,0.012
20836,0.025,0.009,0.000,0.012
20837,0.025,0.009,0.000,0.012
20838,0.025,0.009,0.000,0.012
20839,0.025,0.009,0.000,0.012
20840,0.025,0.009,0.000,0.012
20841,0.025,0.009,0.000,0.012
20842,0.025,0.009,0.000,0.012
20843,0.025,0.009,0.000,0.012
20844,0.025,0.009,0.000,0.012
20845,0.025,0.009,0.000,0.012
20846,0.025,0.009,0.000,0.012
20847,0.025,0.009,0.000,0.012
20848,0.025,0.009,0.000,0.012
20849,0.025,0.009,0.000,0.012
20850,0.025,0.009,0.000,0.012
20851,0.025,0.009,0.000,0.012
20852,0.025,0.009,0.000,0.012
20853,0.025,0.009,0.000,0.012
20854,0.025,0.009,0.000,0.012
20855,0.025,0.009,0.000,0.012
20856,0.025,0.009,0.000,0.012
20857,0.025,0.009,0.000,0.012
20858,0.025,0.009,0.000,0.012
20859,0.025,0.009,0.000,0.012
20860,0.025,0.009,0.000,0.012
20861,0.025,0.009,0.000,0.012
20862,0.025,0.009,0.000,0.012
20863,0.025,0.009,0.000,0.012
20864,0.025,0.009,0.000,0.012
20865,0.025,0.009,0.000,0.012
20866,0.025,0.009,0.000,0.012
20867,0.025,0.009,0.000,0.012
20868,0.025,0.009,0.000,0.012
20869,0.025,0.009,0.000,0.012
20870,0.025,0.009,0.000,0.012
20871,0.025,0.009,0.000,0.012
20872,0.025,0.009,0.000,0.012
20873,0.025,0.009,0.000,0.012
20874,0.025,0.009,0.000,0.012
20875,0.025,0.009,0.000,0.012
20876,0.025,0.009,0.000,0.012
20877,0.025,0.009,0.000,0.012
20878,0.025,0.009,0.000,0.012
20879,0.025,0.009,0.000,0.012
20880,0.025,0.009,0.000,0.012
20881,0.025,0.009,0.000,0.012
20882,0.025,0.009,0.000,0.012
20883,0.025,0.009,0.000,0.012
20884,0.025,0.009,0.000,0.012
20885,0.025,0.009,0.000,0.012
20886,0.025,0.009,0.000,0.012
20887,0.025,0.009,0.000,0.012
20888,0.025,0.009,0.000,0.012
20889,0.025,0.009,0.000,0.012
20890,0.025,0.009,0.000,0.012
20891,0.025,0.009,0.000,0.012
20892,0.025,0.009,0.000,0.012
20893,0.025,0.009,0.000,0.012
20894,0.025,0.009,0.000,0.012
20895,0.025,0.009,0.000,0.012
20896,0.025,0.009,0.000,0.012
20897,0.025,0.009,0.000,0.012
20898,0.025,0.009,0.000,0.012
20899,0.025,0.009,0.000,0.012
20900,0.025,0.009,0.000,0.012
20901,0.025,0.009,0.000,0.012
20902,0.025,0.009,0.000,0.012
20903,0.025,0.009,0.000,0.012
20904,0.025,0.009,0.000,0.012
20905,0.025,0.009,0.000,0.012
20906,0.025,0.009,0.000,0.012
20907,0.025,0.009,0.000,0.012
20908,0.025,0.009,0.000,0.012
20909,0.025,0.009,0.000,0.012
20910,0.025,0.009,0.000,0.012
20911,0.025,0.009,0.000,0.012
20912,0.025,0.009,0.000,0.012
20913,0.025,0.009,0.000,0.012
20914,0.025,0.009,0.000,0.012
20915,0.025,0.009,0.000,0.012
20916,0.025,0.009,0.000,0.012
20917,0.025,0.009,0.000,0.012
20918,0.025,0.009,0.000,0.012
20919,0.025,0.009,0.000,0.012
20920,0.025,0.009,0.000,0.012
20921,0.025,0.009,0.000,0.012
20922,0.025,0.009,0.000,0.012
20923,0.025,0.009,0.000,0.012
20924,0.025,0.009,0.000,0.012
20925,0.025,0.009,0.000,0.012
20926,0.025,0.009,0.000,0.012
20927,0.025,0.009,0.000,0.012
20928,0.025,0.009,0.000,0.012
20929,0.025,0.009,0.000,0.012
20930,0.025,0.009,0.000,0.012
20931,0.025,0.009,0.000,0.012
20932,0.025,0.009,0.000,0.012
20933,0.025,0.009,0.000,0.012
20934,0.025,0.009,0.000,0.012
20935,0.025,0.009,0.000,0.012
20936,0.025,0.009,0.000,0.012
20937,0.025,0.009,0.000,0.012
20938,0.025,0.009,0.000,0.012
20939,0.025,0.009,0.000,0.012
20940,0.025,0.009,0.000,0.012
20941,0.025,0.009,0.000,0.012
20942,0.025,0.009,0.000,0.012
20943,0.025,0.009,0.000,0.012
20944,0.025,0.009,0.000,0.012
20945,0.025,0.009,0.000,0.012
20946,0.025,0.009,0.000,0.012
20947,0.025,0.009,0.000,0.012
20948,0.025,0.009,0.000,0.012
20949,0.025,0.009,0.000,0.012
20950,0.025,0.009,0.000,0.012
20951,0.025,0.009,0.000,0.012
20952,0.025,0.009,0.000,0.012
20953,0.025,0.009,0.000,0.012
20954,0.025,0.009,0.000,0.012
20955,0.025,0.009,0.000,0.012
20956,0.025,0.009,0.000,0.012
20957,0.025,0.009,0.000,0.012
20958,0.025,0.009,0.000,0.012
20959,0.025,0.009,0.000,0.012
20960,0.025,0.009,0.000,0.012
20961,0.025,0.009,0.000,0.012
20962,0.025,0.009,0.000,0.012
20963,0.025,0.009,0.000,0.012
20964,0.025,0.009,0.000,0.012
20965,0.025,0.009,0.000,0.012
20966,0.025,0.009,0.000,0.012
20967,0.025,0.009,0.000,0.012
20968,0.025,0.009,0.000,0.012
20969,0.025,0.009,0.000,0.012
20970,0.025,0.009,0.000,0.012
20971,0.025,0.009,0.000,0.012
20972,0.025,0.009,0.000,0.012
20973,0.025,0.009,0.000,0.012
20974,0.025,0.009,0.000,0.012
20975,0.025,0.009,0.000,0.012
20976,0.025,0.009,0.000,0.012
20977,0.025,0.009,0.000,0.012
20978,0.025,0.009,0.000,0.012
20979,0.025,0.009,0.000,0.012
20980,0.025,0.009,0.000,0.012
20981,0.025,0.009,0.000,0.012
20982,0.025,0.009,0.000,0.012
20983,0.025,0.009,0.000,0.012
20984,0.025,0.009,0.000,0.012
20985,0.025,0.009,0.000,0.012
20986,0.025,0.009,0.000,0.012
20987,0.025,0.009,0.000,0.012
20988,0.025,0.009,0.000,0.012
20989,0.025,0.009,0.000,0.012
20990,0.025,0.009,0.000,0.012
20991,0.025,0.009,0.000,0.012
20992,0.025,0.009,0.000,0.012
20993,0.025,0.009,0.000,0.012
20994,0.025,0.009,0.000,0.012
20995,0.025,0.009,0.000,0.012
20996,0.025,0.009,0.000,0.012
20997,0.025,0.009,0.000,0.012
20998,0.025,0.009,0.000,0.012
20999,0.025,0.009,0.000,0.012
21000,0.025,0.009,0.000,0.012
21001,0.025,0.009,0.000,0.012
21002,0.025,0.009,0.000,0.012
21003,0.025,0.009,0.000,0.012
21004,0.025,0.009,0.000,0.012
21005,0.025,0.009,0.000,0.012
21006,0.025,0.009,0.000,0.012
21007,0.025,0.009,0.000,0.012
21008,0.025,0.009,0.000,0.012
21009,0.025,0.009,0.000,0.012
21010,0.025,0.009,0.000,0.012
21011,0.025,0.009,0.000,0.012
21012,0.025,0.009,0.000,0.012
21013,0.025,0.009,0.000,0.012
21014,0.025,0.009,0.000,0.012
21015,0.025,0.009,0.000,0.012
21016,0.025,0.009,0.000,0.012
21017,0.025,0.009,0.000,0.012
21018,0.025,0.009,0.000,0.012
21019,0.025,0.009,0.000,0.012
21020,0.025,0.009,0.000,0.012
21021,0.025,0.009,0.000,0.012
21022,0.025,0.009,0.000,0.012
21023,0.025,0.009,0.000,0.012
21024,0.025,0.009,0.000,0.012
21025,0.025,0.009,0.000,0.012
21026,0.025,0.009,0.000,0.012
21027,0.025,0.009,0.000,0.012
21028,0.025,0.009,0.000,0.012
21029,0.025,0.009,0.000,0.012
21030,0.025,0.009,0.000,0.012
21031,0.025,0.009,0.000,0.012
21032,0.025,0.009,0.000,0.012
21033,0.025,0.009,0.000,0.012
21034,0.025,0.009,0.000,0.012
21035,0.025,0.009,0.000,0.012
21036,0.025,0.009,0.000,0.012
21037,0.025,0.009,0.000,0.012
21038,0.025,0.009,0.000,0.012
21039,0.025,0.009,0.000,0.012
21040,0.025,0.009,0.000,0.012
21041,0.025,0.009,0.000,0.012
21042,0.025,0.009,0.000,0.012
21043,0.025,0.009,0.000,0.012
21044,0.025,0.009,0.000,0.012
21045,0.025,0.009,0.000,0.012
21046,0.025,0.009,0.000,0.012
21047,0.025,0.009,0.000,0.012
21048,0.025,0.009,0.000,0.012
21049,0.025,0.009,0.000,0.012
21050,0.025,0.009,0.000,0.012
21051,0.025,0.009,0.000,0.012
21052,0.025,0.009,0.000,0.012
21053,0.025,0.009,0.000,0.012
21054,0.025,0.009,0.000,0.012
21055,0.025,0.009,0.000,0.012
21056,0.025,0.009,0.000,0.012
21057,0.025,0.009,0.000,0.012
21058,0.025,0.009,0.000,0.012
21059,0.025,0.009,0.000,0.012
21060,0.025,0.009,0.000,0.012
21061,0.025,0.009,0.000,0.012
21062,0.025,0.009,0.000,0.012
21063,0.025,0.009,0.000,0.012
21064,0.025,0.009,0.000,0.012
21065,0.025,0.009,0.000,0.012
21066,0.025,0.009,0.000,0.012
21067,0.025,0.009,0.000,0.012
21068,0.025,0.009,0.000,0.012
21069,0.025,0.009,0.000,0.012
21070,0.025,0.009,0.000,0.012
21071,0.025,0.009,0.000,0.012
21072,0.025,0.009,0.000,0.012
21073,0.025,0.009,0.000,0.012
21074,0.025,0.009,0.000,0.012
21075,0.025,0.009,0.000,0.012
21076,0.025,0.009,0.000,0.012
21077,0.025,0.009,0.000,0.012
21078,0.025,0.009,0.000,0.012
21079,0.025,0.009,0.000,0.012
21080,0.025,0.009,0.000,0.012
21081,0.025,0.009,0.000,0.012
21082,0.025,0.009,0.000,0.012
21083,0.025,0.009,0.000,0.012
21084,0.025,0.009,0.000,0.012
21085,0.025,0.009,0.000,0.012
21086,0.025,0.009,0.000,0.012
21087,0.025,0.009,0.000,0.012
21088,0.025,0.009,0.000,0.012
21089,0.025,0.009,0.000,0.012
21090,0.025,0.009,0.000,0.012
21091,0.025,0.009,0.000,0.012
21092,0.025,0.009,0.000,0.012
21093,0.025,0.009,0.000,0.012
21094,0.025,0.009,0.000,0.012
21095,0.025,0.009,0.000,0.012
21096,0.025,0.009,0.000,0.012
21097,0.025,0.009,0.000,0.012
21098,0.025,0.009,0.000,0.012
21099,0.025,0.009,0.000,0.012
21100,0.025,0.009,0.000,0.012
21101,0.025,0.009,0.000,0.012
21102,0.025,0.009,0.000,0.012
21103,0.025,0.009,0.000,0.012
21104,0.025,0.009,0.000,0.012
21105,0.025,0.009,0.000,0.012
21106,0.025,0.009,0.000,0.012
21107,0.025,0.009,0.000,0.012
21108,0.025,0.009,0.000,0.012
21109,0.025,0.009,0.000,0.012
21110,0.025,0.009,0.000,0.012
21111,0.025,0.009,0.000,0.012
21112,0.025,0.009,0.000,0.012
21113,0.025,0.009,0.000,0.012
21114,0.025,0.009,0.000,0.012
21115,0.025,0.009,0.000,0.012
21116,0.025,0.009,0.000,0.012
21117,0.025,0.009,0.000,0.012
21118,0.025,0.009,0.000,0.012
21119,0.025,0.009,0.000,0.012
21120,0.025,0.009,0.000,0.012
21121,0.025,0.009,0.000,0.012
21122,0.025,0.009,0.000,0.012
21123,0.025,0.009,0.000,0.012
21124,0.025,0.009,0.000,0.012
21125,0.025,0.009,0.000,0.012
21126,0.025,0.009,0.000,0.012
21127,0.025,0.009,0.000,0.012
21128,0.025,0.009,0.000,0.012
21129,0.025,0.009,0.000,0.012
21130,0.025,0.009,0.000,0.012
21131,0.025,0.009,0.000,0.012
21132,0.025,0.009,0.000,0.012
21133,0.025,0.009,0.000,0.012
21134,0.025,0.009,0.000,0.012
21135,0.025,0.009,0.000,0.012
21136,0.025,0.009,0.000,0.012
21137,0.025,0.009,0.000,0.012
21138,0.025,0.009,0.000,0.012
21139,0.025,0.009,0.000,0.012
21140,0.025,0.009,0.000,0.012
21141,0.025,0.009,0.000,0.012
21142,0.025,0.009,0.000,0.012
21143,0.025,0.009,0.000,0.012
21144,0.025,0.009,0.000,0.012
21145,0.025,0.009,0.000,0.012
21146,0.025,0.009,0.000,0.012
21147,0.025,0.009,0.000,0.012
21148,0.025,0.009,0.000,0.012
21149,0.025,0.009,0.000,0.012
21150,0.025,0.009,0.000,0.012
21151,0.025,0.009,0.000,0.012
21152,0.025,0.009,0.000,0.012
21153,0.025,0.009,0.000,0.012
21154,0.025,0.009,0.000,0.012
21155,0.025,0.009,0.000,0.012
21156,0.025,0.009,0.000,0.012
21157,0.025,0.009,0.000,0.012
21158,0.025,0.009,0.000,0.012
21159,0.025,0.009,0.000,0.012
21160,0.025,0.009,0.000,0.012
21161,0.025,0.009,0.000,0.012
21162,0.025,0.009,0.000,0.012
21163,0.025,0.009,0.000,0.012
21164,0.025,0.009,0.000,0.012
21165,0.025,0.009,0.000,0.012
21166,0.025,0.009,0.000,0.012
21167,0.025,0.009,0.000,0.012
21168,0.025,0.009,0.000,0.012
21169,0.025,0.009,0.000,0.012
21170,0.025,0.009,0.000,0.012
21171,0.025,0.009,0.000,0.012
21172,0.025,0.009,0.000,0.012
21173,0.025,0.009,0.000,0.012
21174,0.025,0.009,0.000,0.012
21175,0.025,0.009,0.000,0.012
21176,0.025,0.009,0.000,0.012
21177,0.025,0.009,0.000,0.012
21178,0.025,0.009,0.000,0.012
21179,0.025,0.009,0.000,0.012
21180,0.025,0.009,0.000,0.012
21181,0.025,0.009,0.000,0.012
21182,0.025,0.009,0.000,0.012
21183,0.025,0.009,0.000,0.012
21184,0.025,0.009,0.000,0.012
21185,0.025,0.009,0.000,0.012
21186,0.025,0.009,0.000,0.012
21187,0.025,0.009,0.000,0.012
21188,0.025,0.009,0.000,0.012
21189,0.025,0.009,0.000,0.012
21190,0.025,0.009,0.000,0.012
21191,0.025,0.009,0.000,0.012
21192,0.025,0.009,0.000,0.012
21193,0.025,0.009,0.000,0.012
21194,0.025,0.009,0.000,0.012
21195,0.025,0.009,0.000,0.012
21196,0.025,0.009,0.000,0.012
21197,0.025,0.009,0.000,0.012
21198,0.025,0.009,0.000,0.012
21199,0.025,0.009,0.000,0.012
21200,0.025,0.009,0.000,0.012
21201,0.025,0.009,0.000,0.012
21202,0.025,0.009,0.000,0.012
21203,0.025,0.009,0.000,0.012
21204,0.025,0.009,0.000,0.012
21205,0.025,0.009,0.000,0.012
21206,0.025,0.009,0.000,0.012
21207,0.025,0.009,0.000,0.012
21208,0.025,0.009,0.000,0.012
21209,0.025,0.009,0.000,0.012
21210,0.025,0.009,0.000,0.012
21211,0.025,0.009,0.000,0.012
21212,0.025,0.009,0.000,0.012
21213,0.025,0.009,0.000,0.012
21214,0.025,0.009,0.000,0.012
21215,0.025,0.009,0.000,0.012
21216,0.025,0.009,0.000,0.012
21217,0.025,0.009,0.000,0.012
21218,0.025,0.009,0.000,0.012
21219,0.025,0.009,0.000,0.012
21220,0.025,0.009,0.000,0.012
21221,0.025,0.009,0.000,0.012
21222,0.025,0.009,0.000,0.012
21223,0.025,0.009,0.000,0.012
21224,0.025,0.009,0.000,0.012
21225,0.025,0.009,0.000,0.012
21226,0.025,0.009,0.000,0.012
21227,0.025,0.009,0.000,0.012
21228,0.025,0.009,0.000,0.012
21229,0.025,0.009,0.000,0.012
21230,0.025,0.009,0.000,0.012
21231,0.025,0.009,0.000,0.012
21232,0.025,0.009,0.000,0.012
21233,0.025,0.009,0.000,0.012
21234,0.025,0.009,0.000,0.012
21235,0.025,0.009,0.000,0.012
21236,0.025,0.009,0.000,0.012
21237,0.025,0.009,0.000,0.012
21238,0.025,0.009,0.000,0.012
21239,0.025,0.009,0.000,0.012
21240,0.025,0.009,0.000,0.012
21241,0.025,0.009,0.000,0.012
21242,0.025,0.009,0.000,0.012
21243,0.025,0.009,0.000,0.012
21244,0.025,0.009,0.000,0.012
21245,0.025,0.009,0.000,0.012
21246,0.025,0.009,0.000,0.012
21247,0.025,0.009,0.000,0.012
21248,0.025,0.009,0.000,0.012
21249,0.025,0.009,0.000,0.012
21250,0.025,0.009,0.000,0.012
21251,0.025,0.009,0.000,0.012
21252,0.025,0.009,0.000,0.012
21253,0.025,0.009,0.000,0.012
21254,0.025,0.009,0.000,0.012
21255,0.025,0.009,0.000,0.012
21256,0.025,0.009,0.000,0.012
21257,0.025,0.009,0.000,0.012
21258,0.025,0.009,0.000,0.012
21259,0.025,0.009,0.000,0.012
21260,0.025,0.009,0.000,0.012
21261,0.025,0.009,0.000,0.012
21262,0.025,0.009,0.000,0.012
21263,0.025,0.009,0.000,0.012
21264,0.025,0.009,0.000,0.012
21265,0.025,0.009,0.000,0.012
21266,0.025,0.009,0.000,0.012
21267,0.025,0.009,0.000,0.012
21268,0.025,0.009,0.000,0.012
21269,0.025,0.009,0.000,0.012
21270,0.025,0.009,0.000,0.012
21271,0.025,0.009,0.000,0.012
21272,0.025,0.009,0.000,0.012
21273,0.025,0.009,0.000,0.012
21274,0.025,0.009,0.000,0.012
21275,0.025,0.009,0.000,0.012
21276,0.025,0.009,0.000,0.012
21277,0.025,0.009,0.000,0.012
21278,0.025,0.009,0.000,0.012
21279,0.025,0.009,0.000,0.012
21280,0.025,0.009,0.000,0.012
21281,0.025,0.009,0.000,0.012
21282,0.025,0.009,0.000,0.012
21283,0.025,0.009,0.000,0.012
21284,0.025,0.009,0.000,0.012
21285,0.025,0.009,0.000,0.012
21286,0.025,0.009,0.000,0.012
21287,0.025,0.009,0.000,0.012
21288,0.025,0.009,0.000,0.012
21289,0.025,0.009,0.000,0.012
21290,0.025,0.009,0.000,0.012
21291,0.025,0.009,0.000,0.012
21292,0.025,0.009,0.000,0.012
21293,0.025,0.009,0.000,0.012
21294,0.025,0.009,0.000,0.012
21295,0.025,0.009,0.000,0.012
21296,0.025,0.009,0.000,0.012
21297,0.025,0.009,0.000,0.012
21298,0.025,0.009,0.000,0.012
21299,0.025,0.009,0.000,0.012
21300,0.025,0.009,0.000,0.012
21301,0.025,0.009,0.000,0.012
21302,0.025,0.009,0.000,0.012
21303,0.025,0.009,0.000,0.012
21304,0.025,0.009,0.000,0.012
21305,0.025,0.009,0.000,0.012
21306,0.025,0.009,0.000,0.012
21307,0.025,0.009,0.000,0.012
21308,0.025,0.009,0.000,0.012
21309,0.025,0.009,0.000,0.012
21310,0.025,0.009,0.000,0.012
21311,0.025,0.009,0.000,0.012
21312,0.025,0.009,0.000,0.012
21313,0.025,0.009,0.000,0.012
21314,0.025,0.009,0.000,0.012
21315,0.025,0.009,0.000,0.012
21316,0.025,0.009,0.000,0.012
21317,0.025,0.009,0.000,0.012
21318,0.025,0.009,0.000,0.012
21319,0.025,0.009,0.000,0.012
21320,0.025,0.009,0.000,0.012
21321,0.025,0.009,0.000,0.012
21322,0.025,0.009,0.000,0.012
21323,0.025,0.009,0.000,0.012
21324,0.025,0.009,0.000,0.012
21325,0.025,0.009,0.000,0.012
21326,0.025,0.009,0.000,0.012
21327,0.025,0.009,0.000,0.012
21328,0.025,0.009,0.000,0.012
21329,0.025,0.009,0.000,0.012
21330,0.025,0.009,0.000,0.012
21331,0.025,0.009,0.000,0.012
21332,0.025,0.009,0.000,0.012
21333,0.025,0.009,0.000,0.012
21334,0.025,0.009,0.000,0.012
21335,0.025,0.009,0.000,0.012
21336,0.025,0.009,0.000,0.012
21337,0.025,0.009,0.000,0.012
21338,0.025,0.009,0.000,0.012
21339,0.025,0.009,0.000,0.012
21340,0.025,0.009,0.000,0.012
21341,0.025,0.009,0.000,0.012
21342,0.025,0.009,0.000,0.012
21343,0.025,0.009,0.000,0.012
21344,0.025,0.009,0.000,0.012
21345,0.025,0.009,0.000,0.012
21346,0.025,0.009,0.000,0.012
21347,0.025,0.009,0.000,0.012
21348,0.025,0.009,0.000,0.012
21349,0.025,0.009,0.000,0.012
21350,0.025,0.009,0.000,0.012
21351,0.025,0.009,0.000,0.012
21352,0.025,0.009,0.000,0.012
21353,0.025,0.009,0.000,0.012
21354,0.025,0.009,0.000,0.012
21355,0.025,0.009,0.000,0.012
21356,0.025,0.009,0.000,0.012
21357,0.025,0.009,0.000,0.012
21358,0.025,0.009,0.000,0.012
21359,0.025,0.009,0.000,0.012
21360,0.025,0.009,0.000,0.012
21361,0.025,0.009,0.000,0.012
21362,0.025,0.009,0.000,0.012
21363,0.025,0.009,0.000,0.012
21364,0.025,0.009,0.000,0.012
21365,0.025,0.009,0.000,0.012
21366,0.025,0.009,0.000,0.012
21367,0.025,0.009,0.000,0.012
21368,0.025,0.009,0.000,0.012
21369,0.025,0.009,0.000,0.012
21370,0.025,0.009,0.000,0.012
21371,0.025,0.009,0.000,0.012
21372,0.025,0.009,0.000,0.012
21373,0.025,0.009,0.000,0.012
21374,0.025,0.009,0.000,0.012
21375,0.025,0.009,0.000,0.012
21376,0.025,0.009,0.000,0.012
21377,0.025,0.009,0.000,0.012
21378,0.025,0.009,0.000,0.012
21379,0.025,0.009,0.000,0.012
21380,0.025,0.009,0.000,0.012
21381,0.025,0.009,0.000,0.012
21382,0.025,0.009,0.000,0.012
21383,0.025,0.009,0.000,0.012
21384,0.025,0.009,0.000,0.012
21385,0.025,0.009,0.000,0.012
21386,0.025,0.009,0.000,0.012
21387,0.025,0.009,0.000,0.012
21388,0.025,0.009,0.000,0.012
21389,0.025,0.009,0.000,0.012
21390,0.025,0.009,0.000,0.012
21391,0.025,0.009,0.000,0.012
21392,0.025,0.009,0.000,0.012
21393,0.025,0.009,0.000,0.012
21394,0.025,0.009,0.000,0.012
21395,0.025,0.009,0.000,0.012
21396,0.025,0.009,0.000,0.012
21397,0.025,0.009,0.000,0.012
21398,0.025,0.009,0.000,0.012
21399,0.025,0.009,0.000,0.012
21400,0.025,0.009,0.000,0.012
21401,0.025,0.009,0.000,0.012
21402,0.025,0.009,0.000,0.012
21403,0.025,0.009,0.000,0.012
21404,0.025,0.009,0.000,0.012
21405,0.025,0.009,0.000,0.012
21406,0.025,0.009,0.000,0.012
21407,0.025,0.009,0.000,0.012
21408,0.025,0.009,0.000,0.012
21409,0.025,0.009,0.000,0.012
21410,0.025,0.009,0.000,0.012
21411,0.025,0.009,0.000,0.012
21412,0.025,0.009,0.000,0.012
21413,0.025,0.009,0.000,0.012
21414,0.025,0.009,0.000,0.012
21415,0.025,0.009,0.000,0.012
21416,0.025,0.009,0.000,0.012
21417,0.025,0.009,0.000,0.012
21418,0.025,0.009,0.000,0.012
21419,0.025,0.009,0.000,0.012
21420,0.025,0.009,0.000,0.012
21421,0.025,0.009,0.000,0.012
21422,0.025,0.009,0.000,0.012
21423,0.025,0.009,0.000,0.012
21424,0.025,0.009,0.000,0.012
21425,0.025,0.009,0.000,0.012
21426,0.025,0.009,0.000,0.012
21427,0.025,0.009,0.000,0.012
21428,0.025,0.009,0.000,0.012
21429,0.025,0.009,0.000,0.012
21430,0.025,0.009,0.000,0.012
21431,0.025,0.009,0.000,0.012
21432,0.025,0.009,0.000,0.012
21433,0.025,0.009,0.000,0.012
21434,0.025,0.009,0.000,0.012
21435,0.025,0.009,0.000,0.012
21436,0.025,0.009,0.000,0.012
21437,0.025,0.009,0.000,0.012
21438,0.025,0.009,0.000,0.012
21439,0.025,0.009,0.000,0.012
21440,0.025,0.009,0.000,0.012
21441,0.025,0.009,0.000,0.012
21442,0.025,0.009,0.000,0.012
21443,0.025,0.009,0.000,0.012
21444,0.025,0.009,0.000,0.012
21445,0.025,0.009,0.000,0.012
21446,0.025,0.009,0.000,0.012
21447,0.025,0.009,0.000,0.012
21448,0.025,0.009,0.000,0.012
21449,0.025,0.009,0.000,0.012
21450,0.025,0.009,0.000,0.012
21451,0.025,0.009,0.000,0.012
21452,0.025,0.009,0.000,0.012
21453,0.025,0.009,0.000,0.012
21454,0.025,0.009,0.000,0.012
21455,0.025,0.009,0.000,0.012
21456,0.025,0.009,0.000,0.012
21457,0.025,0.009,0.000,0.012
21458,0.025,0.009,0.000,0.012
21459,0.025,0.009,0.000,0.012
21460,0.025,0.009,0.000,0.012
21461,0.025,0.009,0.000,0.012
21462,0.025,0.009,0.000,0.012
21463,0.025,0.009,0.000,0.012
21464,0.025,0.009,0.000,0.012
21465,0.025,0.009,0.000,0.012
21466,0.025,0.009,0.000,0.012
21467,0.025,0.009,0.000,0.012
21468,0.025,0.009,0.000,0.012
21469,0.025,0.009,0.000,0.012
21470,0.025,0.009,0.000,0.012
21471,0.025,0.009,0.000,0.012
21472,0.025,0.009,0.000,0.012
21473,0.025,0.009,0.000,0.012
21474,0.025,0.009,0.000,0.012
21475,0.025,0.009,0.000,0.012
21476,0.025,0.009,0.000,0.012
21477,0.025,0.009,0.000,0.012
21478,0.025,0.009,0.000,0.012
21479,0.025,0.009,0.000,0.012
21480,0.025,0.009,0.000,0.012
21481,0.025,0.009,0.000,0.012
21482,0.025,0.009,0.000,0.012
21483,0.025,0.009,0.000,0.012
21484,0.025,0.009,0.000,0.012
21485,0.025,0.009,0.000,0.012
21486,0.025,0.009,0.000,0.012
21487,0.025,0.009,0.000,0.012
21488,0.025,0.009,0.000,0.012
21489,0.025,0.009,0.000,0.012
21490,0.025,0.009,0.000,0.012
21491,0.025,0.009,0.000,0.012
21492,0.025,0.009,0.000,0.012
21493,0.025,0.009,0.000,0.012
21494,0.025,0.009,0.000,0.012
21495,0.025,0.009,0.000,0.012
21496,0.025,0.009,0.000,0.012
21497,0.025,0.009,0.000,0.012
21498,0.025,0.009,0.000,0.012
21499,0.025,0.009,0.000,0.012
21500,0.025,0.009,0.000,0.012
21501,0.025,0.009,0.000,0.012
21502,0.025,0.009,0.000,0.012
21503,0.025,0.009,0.000,0.012
21504,0.025,0.009,0.000,0.012
21505,0.025,0.009,0.000,0.012
21506,0.025,0.009,0.000,0.012
21507,0.025,0.009,0.000,0.012
21508,0.025,0.009,0.000,0.012
21509,0.025,0.009,0.000,0.012
21510,0.025,0.009,0.000,0.012
21511,0.025,0.009,0.000,0.012
21512,0.025,0.009,0.000,0.012
21513,0.025,0.009,0.000,0.012
21514,0.025,0.009,0.000,0.012
21515,0.025,0.009,0.000,0.012
21516,0.025,0.009,0.000,0.012
21517,0.025,0.009,0.000,0.012
21518,0.025,0.009,0.000,0.012
21519,0.025,0.009,0.000,0.012
21520,0.025,0.009,0.000,0.012
21521,0.025,0.009,0.000,0.012
21522,0.025,0.009,0.000,0.012
21523,0.025,0.009,0.000,0.012
21524,0.025,0.009,0.000,0.012
21525,0.025,0.009,0.000,0.012
21526,0.025,0.009,0.000,0.012
21527,0.025,0.009,0.000,0.012
21528,0.025,0.009,0.000,0.012
21529,0.025,0.009,0.000,0.012
21530,0.025,0.009,0.000,0.012
21531,0.025,0.009,0.000,0.012
21532,0.025,0.009,0.000,0.012
21533,0.025,0.009,0.000,0.012
21534,0.025,0.009,0.000,0.012
21535,0.025,0.009,0.000,0.012
21536,0.025,0.009,0.000,0.012
21537,0.025,0.009,0.000,0.012
21538,0.025,0.009,0.000,0.012
21539,0.025,0.009,0.000,0.012
21540,0.025,0.009,0.000,0.012
21541,0.025,0.009,0.000,0.012
21542,0.025,0.009,0.000,0.012
21543,0.025,0.009,0.000,0.012
21544,0.025,0.009,0.000,0.012
21545,0.025,0.009,0.000,0.012
21546,0.025,0.009,0.000,0.012
21547,0.025,0.009,0.000,0.012
21548,0.025,0.009,0.000,0.012
21549,0.025,0.009,0.000,0.012
21550,0.025,0.009,0.000,0.012
21551,0.025,0.009,0.000,0.012
21552,0.025,0.009,0.000,0.012
21553,0.025,0.009,0.000,0.012
21554,0.025,0.009,0.000,0.012
21555,0.025,0.009,0.000,0.012
21556,0.025,0.009,0.000,0.012
21557,0.025,0.009,0.000,0.012
21558,0.025,0.009,0.000,0.012
21559,0.025,0.009,0.000,0.012
21560,0.025,0.009,0.000,0.012
21561,0.025,0.009,0.000,0.012
21562,0.025,0.009,0.000,0.012
21563,0.025,0.009,0.000,0.012
21564,0.025,0.009,0.000,0.012
21565,0.025,0.009,0.000,0.012
21566,0.025,0.009,0.000,0.012
21567,0.025,0.009,0.000,0.012
21568,0.025,0.009,0.000,0.012
21569,0.025,0.009,0.000,0.012
21570,0.025,0.009,0.000,0.012
21571,0.025,0.009,0.000,0.012
21572,0.025,0.009,0.000,0.012
21573,0.025,0.009,0.000,0.012
21574,0.025,0.009,0.000,0.012
21575,0.025,0.009,0.000,0.012
21576,0.025,0.009,0.000,0.012
21577,0.025,0.009,0.000,0.012
21578,0.025,0.009,0.000,0.012
21579,0.025,0.009,0.000,0.012
21580,0.025,0.009,0.000,0.012
21581,0.025,0.009,0.000,0.012
21582,0.025,0.009,0.000,0.012
21583,0.025,0.009,0.000,0.012
21584,0.025,0.009,0.000,0.012
21585,0.025,0.009,0.000,0.012
21586,0.025,0.009,0.000,0.012
21587,0.025,0.009,0.000,0.012
21588,0.025,0.009,0.000,0.012
21589,0.025,0.009,0.000,0.012
21590,0.025,0.009,0.000,0.012
21591,0.025,0.009,0.000,0.012
21592,0.025,0.009,0.000,0.012
21593,0.025,0.009,0.000,0.012
21594,0.025,0.009,0.000,0.012
21595,0.025,0.009,0.000,0.012
21596,0.025,0.009,0.000,0.012
21597,0.025,0.009,0.000,0.012
21598,0.025,0.009,0.000,0.012
21599,0.025,0.009,0.000,0.012
21600,0.025,0.009,0.000,0.012
21601,0.025,0.009,0.000,0.012
21602,0.025,0.009,0.000,0.012
21603,0.025,0.009,0.000,0.012
21604,0.025,0.009,0.000,0.012
21605,0.025,0.009,0.000,0.012
21606,0.025,0.009,0.000,0.012
21607,0.025,0.009,0.000,0.012
21608,0.025,0.009,0.000,0.012
21609,0.025,0.009,0.000,0.012
21610,0.025,0.009,0.000,0.012
21611,0.025,0.009,0.000,0.012
21612,0.025,0.009,0.000,0.012
21613,0.025,0.009,0.000,0.012
21614,0.025,0.009,0.000,0.012
21615,0.025,0.009,0.000,0.012
21616,0.025,0.009,0.000,0.012
21617,0.025,0.009,0.000,0.012
21618,0.025,0.009,0.000,0.012
21619,0.025,0.009,0.000,0.012
21620,0.025,0.009,0.000,0.012
21621,0.025,0.009,0.000,0.012
21622,0.025,0.009,0.000,0.012
21623,0.025,0.009,0.000,0.012
21624,0.025,0.009,0.000,0.012
21625,0.025,0.009,0.000,0.012
21626,0.025,0.009,0.000,0.012
21627,0.025,0.009,0.000,0.012
21628,0.025,0.009,0.000,0.012
21629,0.025,0.009,0.000,0.012
21630,0.025,0.009,0.000,0.012
21631,0.025,0.009,0.000,0.012
21632,0.025,0.009,0.000,0.012
21633,0.025,0.009,0.000,0.012
21634,0.025,0.009,0.000,0.012
21635,0.025,0.009,0.000,0.012
21636,0.025,0.009,0.000,0.012
21637,0.025,0.009,0.000,0.012
21638,0.025,0.009,0.000,0.012
21639,0.025,0.009,0.000,0.012
21640,0.025,0.009,0.000,0.012
21641,0.025,0.009,0.000,0.012
21642,0.025,0.009,0.000,0.012
21643,0.025,0.009,0.000,0.012
21644,0.025,0.009,0.000,0.012
21645,0.025,0.009,0.000,0.012
21646,0.025,0.009,0.000,0.012
21647,0.025,0.009,0.000,0.012
21648,0.025,0.009,0.000,0.012
21649,0.025,0.009,0.000,0.012
21650,0.025,0.009,0.000,0.012
21651,0.025,0.009,0.000,0.012
21652,0.025,0.009,0.000,0.012
21653,0.025,0.009,0.000,0.012
21654,0.025,0.009,0.000,0.012
21655,0.025,0.009,0.000,0.012
21656,0.025,0.009,0.000,0.012
21657,0.025,0.009,0.000,0.012
21658,0.025,0.009,0.000,0.012
21659,0.025,0.009,0.000,0.012
21660,0.025,0.009,0.000,0.012
21661,0.025,0.009,0.000,0.012
21662,0.025,0.009,0.000,0.012
21663,0.025,0.009,0.000,0.012
21664,0.025,0.009,0.000,0.012
21665,0.025,0.009,0.000,0.012
21666,0.025,0.009,0.000,0.012
21667,0.025,0.009,0.000,0.012
21668,0.025,0.009,0.000,0.012
21669,0.025,0.009,0.000,0.012
21670,0.025,0.009,0.000,0.012
21671,0.025,0.009,0.000,0.012
21672,0.025,0.009,0.000,0.012
21673,0.025,0.009,0.000,0.012
21674,0.025,0.009,0.000,0.012
21675,0.025,0.009,0.000,0.012
21676,0.025,0.009,0.000,0.012
21677,0.025,0.009,0.000,0.012
21678,0.025,0.009,0.000,0.012
21679,0.025,0.009,0.000,0.012
21680,0.025,0.009,0.000,0.012
21681,0.025,0.009,0.000,0.012
21682,0.025,0.009,0.000,0.012
21683,0.025,0.009,0.000,0.012
21684,0.025,0.009,0.000,0.012
21685,0.025,0.009,0.000,0.012
21686,0.025,0.009,0.000,0.012
21687,0.025,0.009,0.000,0.012
21688,0.025,0.009,0.000,0.012
21689,0.025,0.009,0.000,0.012
21690,0.025,0.009,0.000,0.012
21691,0.025,0.009,0.000,0.012
21692,0.025,0.009,0.000,0.012
21693,0.025,0.009,0.000,0.012
21694,0.025,0.009,0.000,0.012
21695,0.025,0.009,0.000,0.012
21696,0.025,0.009,0.000,0.012
21697,0.025,0.009,0.000,0.012
21698,0.025,0.009,0.000,0.012
21699,0.025,0.009,0.000,0.012
21700,0.025,0.009,0.000,0.012
21701,0.025,0.009,0.000,0.012
21702,0.025,0.009,0.000,0.012
21703,0.025,0.009,0.000,0.012
21704,0.025,0.009,0.000,0.012
21705,0.025,0.009,0.000,0.012
21706,0.025,0.009,0.000,0.012
21707,0.025,0.009,0.000,0.012
21708,0.025,0.009,0.000,0.012
21709,0.025,0.009,0.000,0.012
21710,0.025,0.009,0.000,0.012
21711,0.025,0.009,0.000,0.012
21712,0.025,0.009,0.000,0.012
21713,0.025,0.009,0.000,0.012
21714,0.025,0.009,0.000,0.012
21715,0.025,0.009,0.000,0.012
21716,0.025,0.009,0.000,0.012
21717,0.025,0.009,0.000,0.012
21718,0.025,0.009,0.000,0.012
21719,0.025,0.009,0.000,0.012
21720,0.025,0.009,0.000,0.012
21721,0.025,0.009,0.000,0.012
21722,0.025,0.009,0.000,0.012
21723,0.025,0.009,0.000,0.012
21724,0.025,0.009,0.000,0.012
21725,0.025,0.009,0.000,0.012
21726,0.025,0.009,0.000,0.012
21727,0.025,0.009,0.000,0.012
21728,0.025,0.009,0.000,0.012
21729,0.025,0.009,0.000,0.012
21730,0.025,0.009,0.000,0.012
21731,0.025,0.009,0.000,0.012
21732,0.025,0.009,0.000,0.012
21733,0.025,0.009,0.000,0.012
21734,0.025,0.009,0.000,0.012
21735,0.025,0.009,0.000,0.012
21736,0.025,0.009,0.000,0.012
21737,0.025,0.009,0.000,0.012
21738,0.025,0.009,0.000,0.012
21739,0.025,0.009,0.000,0.012
21740,0.025,0.009,0.000,0.012
21741,0.025,0.009,0.000,0.012
21742,0.025,0.009,0.000,0.012
21743,0.025,0.009,0.000,0.012
21744,0.025,0.009,0.000,0.012
21745,0.025,0.009,0.000,0.012
21746,0.025,0.009,0.000,0.012
21747,0.025,0.009,0.000,0.012
21748,0.025,0.009,0.000,0.012
21749,0.025,0.009,0.000,0.012
21750,0.025,0.009,0.000,0.012
21751,0.025,0.009,0.000,0.012
21752,0.025,0.009,0.000,0.012
21753,0.025,0.009,0.000,0.012
21754,0.025,0.009,0.000,0.012
21755,0.025,0.009,0.000,0.012
21756,0.025,0.009,0.000,0.012
21757,0.025,0.009,0.000,0.012
21758,0.025,0.009,0.000,0.012
21759,0.025,0.009,0.000,0.012
21760,0.025,0.009,0.000,0.012
21761,0.025,0.009,0.000,0.012
21762,0.025,0.009,0.000,0.012
21763,0.025,0.009,0.000,0.012
21764,0.025,0.009,0.000,0.012
21765,0.025,0.009,0.000,0.012
21766,0.025,0.009,0.000,0.012
21767,0.025,0.009,0.000,0.012
21768,0.025,0.009,0.000,0.012
21769,0.025,0.009,0.000,0.012
21770,0.025,0.009,0.000,0.012
21771,0.025,0.009,0.000,0.012
21772,0.025,0.009,0.000,0.012
21773,0.025,0.009,0.000,0.012
21774,0.025,0.009,0.000,0.012
21775,0.025,0.009,0.000,0.012
21776,0.025,0.009,0.000,0.012
21777,0.025,0.009,0.000,0.012
21778,0.025,0.009,0.000,0.012
21779,0.025,0.009,0.000,0.012
21780,0.025,0.009,0.000,0.012
21781,0.025,0.009,0.000,0.012
21782,0.025,0.009,0.000,0.012
21783,0.025,0.009,0.000,0.012
21784,0.025,0.009,0.000,0.012
21785,0.025,0.009,0.000,0.012
21786,0.025,0.009,0.000,0.012
21787,0.025,0.009,0.000,0.012
21788,0.025,0.009,0.000,0.012
21789,0.025,0.009,0.000,0.012
21790,0.025,0.009,0.000,0.012
21791,0.025,0.009,0.000,0.012
21792,0.025,0.009,0.000,0.012
21793,0.025,0.009,0.000,0.012
21794,0.025,0.009,0.000,0.012
21795,0.025,0.009,0.000,0.012
21796,0.025,0.009,0.000,0.012
21797,0.025,0.009,0.000,0.012
21798,0.025,0.009,0.000,0.012
21799,0.025,0.009,0.000,0.012
21800,0.025,0.009,0.000,0.012
21801,0.025,0.009,0.000,0.012
21802,0.025,0.009,0.000,0.012
21803,0.025,0.009,0.000,0.012
21804,0.025,0.009,0.000,0.012
21805,0.025,0.009,0.000,0.012
21806,0.025,0.009,0.000,0.012
21807,0.025,0.009,0.000,0.012
21808,0.025,0.009,0.000,0.012
21809,0.025,0.009,0.000,0.012
21810,0.025,0.009,0.000,0.012
21811,0.025,0.009,0.000,0.012
21812,0.025,0.009,0.000,0.012
21813,0.025,0.009,0.000,0.012
21814,0.025,0.009,0.000,0.012
21815,0.025,0.009,0.000,0.012
21816,0.025,0.009,0.000,0.012
21817,0.025,0.009,0.000,0.012
21818,0.025,0.009,0.000,0.012
21819,0.025,0.009,0.000,0.012
21820,0.025,0.009,0.000,0.012
21821,0.025,0.009,0.000,0.012
21822,0.025,0.009,0.000,0.012
21823,0.025,0.009,0.000,0.012
21824,0.025,0.009,0.000,0.012
21825,0.025,0.009,0.000,0.012
21826,0.025,0.009,0.000,0.012
21827,0.025,0.009,0.000,0.012
21828,0.025,0.009,0.000,0.012
21829,0.025,0.009,0.000,0.012
21830,0.025,0.009,0.000,0.012
21831,0.025,0.009,0.000,0.012
21832,0.025,0.009,0.000,0.012
21833,0.025,0.009,0.000,0.012
21834,0.025,0.009,0.000,0.012
21835,0.025,0.009,0.000,0.012
21836,0.025,0.009,0.000,0.012
21837,0.025,0.009,0.000,0.012
21838,0.025,0.009,0.000,0.012
21839,0.025,0.009,0.000,0.012
21840,0.025,0.009,0.000,0.012
21841,0.025,0.009,0.000,0.012
21842,0.025,0.009,0.000,0.012
21843,0.025,0.009,0.000,0.012
21844,0.025,0.009,0.000,0.012
21845,0.025,0.009,0.000,0.012
21846,0.025,0.009,0.000,0.012
21847,0.025,0.009,0.000,0.012
21848,0.025,0.009,0.000,0.012
21849,0.025,0.009,0.000,0.012
21850,0.025,0.009,0.000,0.012
21851,0.025,0.009,0.000,0.012
21852,0.025,0.009,0.000,0.012
21853,0.025,0.009,0.000,0.012
21854,0.025,0.009,0.000,0.012
21855,0.025,0.009,0.000,0.012
21856,0.025,0.009,0.000,0.012
21857,0.025,0.009,0.000,0.012
21858,0.025,0.009,0.000,0.012
21859,0.025,0.009,0.000,0.012
21860,0.025,0.009,0.000,0.012
21861,0.025,0.009,0.000,0.012
21862,0.025,0.009,0.000,0.012
21863,0.025,0.009,0.000,0.012
21864,0.025,0.009,0.000,0.012
21865,0.025,0.009,0.000,0.012
21866,0.025,0.009,0.000,0.012
21867,0.025,0.009,0.000,0.012
21868,0.025,0.009,0.000,0.012
21869,0.025,0.009,0.000,0.012
21870,0.025,0.009,0.000,0.012
21871,0.025,0.009,0.000,0.012
21872,0.025,0.009,0.000,0.012
21873,0.025,0.009,0.000,0.012
21874,0.025,0.009,0.000,0.012
21875,0.025,0.009,0.000,0.012
21876,0.025,0.009,0.000,0.012
21877,0.025,0.009,0.000,0.012
21878,0.025,0.009,0.000,0.012
21879,0.025,0.009,0.000,0.012
21880,0.025,0.009,0.000,0.012
21881,0.025,0.009,0.000,0.012
21882,0.025,0.009,0.000,0.012
21883,0.025,0.009,0.000,0.012
21884,0.025,0.009,0.000,0.012
21885,0.025,0.009,0.000,0.012
21886,0.025,0.009,0.000,0.012
21887,0.025,0.009,0.000,0.012
21888,0.025,0.009,0.000,0.012
21889,0.025,0.009,0.000,0.012
21890,0.025,0.009,0.000,0.012
21891,0.025,0.009,0.000,0.012
21892,0.025,0.009,0.000,0.012
21893,0.025,0.009,0.000,0.012
21894,0.025,0.009,0.000,0.012
21895,0.025,0.009,0.000,0.012
21896,0.025,0.009,0.000,0.012
21897,0.025,0.009,0.000,0.012
21898,0.025,0.009,0.000,0.012
21899,0.025,0.009,0.000,0.012
21900,0.025,0.009,0.000,0.012
21901,0.025,0.009,0.000,0.012
21902,0.025,0.009,0.000,0.012
21903,0.025,0.009,0.000,0.012
21904,0.025,0.009,0.000,0.012
21905,0.025,0.009,0.000,0.012
21906,0.025,0.009,0.000,0.012
21907,0.025,0.009,0.000,0.012
21908,0.025,0.009,0.000,0.012
21909,0.025,0.009,0.000,0.012
21910,0.025,0.009,0.000,0.012
21911,0.025,0.009,0.000,0.012
21912,0.025,0.009,0.000,0.012
21913,0.025,0.009,0.000,0.012
21914,0.025,0.009,0.000,0.012
21915,0.025,0.009,0.000,0.012
21916,0.025,0.009,0.000,0.012
21917,0.025,0.009,0.000,0.012
21918,0.025,0.009,0.000,0.012
21919,0.025,0.009,0.000,0.012
21920,0.025,0.009,0.000,0.012
21921,0.025,0.009,0.000,0.012
21922,0.025,0.009,0.000,0.012
21923,0.025,0.009,0.000,0.012
21924,0.025,0.009,0.000,0.012
21925,0.025,0.009,0.000,0.012
21926,0.025,0.009,0.000,0.012
21927,0.025,0.009,0.000,0.012
21928,0.025,0.009,0.000,0.012
21929,0.025,0.009,0.000,0.012
21930,0.025,0.009,0.000,0.012
21931,0.025,0.009,0.000,0.012
21932,0.025,0.009,0.000,0.012
21933,0.025,0.009,0.000,0.012
21934,0.025,0.009,0.000,0.012
21935,0.025,0.009,0.000,0.012
21936,0.025,0.009,0.000,0.012
21937,0.025,0.009,0.000,0.012
21938,0.025,0.009,0.000,0.012
21939,0.025,0.009,0.000,0.012
21940,0.025,0.009,0.000,0.012
21941,0.025,0.009,0.000,0.012
21942,0.025,0.009,0.000,0.012
21943,0.025,0.009,0.000,0.012
21944,0.025,0.009,0.000,0.012
21945,0.025,0.009,0.000,0.012
21946,0.025,0.009,0.000,0.012
21947,0.025,0.009,0.000,0.012
21948,0.025,0.009,0.000,0.012
21949,0.025,0.009,0.000,0.012
21950,0.025,0.009,0.000,0.012
21951,0.025,0.009,0.000,0.012
21952,0.025,0.009,0.000,0.012
21953,0.025,0.009,0.000,0.012
21954,0.025,0.009,0.000,0.012
21955,0.025,0.009,0.000,0.012
21956,0.025,0.009,0.000,0.012
21957,0.025,0.009,0.000,0.012
21958,0.025,0.009,0.000,0.012
21959,0.025,0.009,0.000,0.012
21960,0.025,0.009,0.000,0.012
21961,0.025,0.009,0.000,0.012
21962,0.025,0.009,0.000,0.012
21963,0.025,0.009,0.000,0.012
21964,0.025,0.009,0.000,0.012
21965,0.025,0.009,0.000,0.012
21966,0.025,0.009,0.000,0.012
21967,0.025,0.009,0.000,0.012
21968,0.025,0.009,0.000,0.012
21969,0.025,0.009,0.000,0.012
21970,0.025,0.009,0.000,0.012
21971,0.025,0.009,0.000,0.012
21972,0.025,0.009,0.000,0.012
21973,0.025,0.009,0.000,0.012
21974,0.025,0.009,0.000,0.012
21975,0.025,0.009,0.000,0.012
21976,0.025,0.009,0.000,0.012
21977,0.025,0.009,0.000,0.012
21978,0.025,0.009,0.000,0.012
21979,0.025,0.009,0.000,0.012
21980,0.025,0.009,0.000,0.012
21981,0.025,0.009,0.000,0.012
21982,0.025,0.009,0.000,0.012
21983,0.025,0.009,0.000,0.012
21984,0.025,0.009,0.000,0.012
21985,0.025,0.009,0.000,0.012
21986,0.025,0.009,0.000,0.012
21987,0.025,0.009,0.000,0.012
21988,0.025,0.009,0.000,0.012
21989,0.025,0.009,0.000,0.012
21990,0.025,0.009,0.000,0.012
21991,0.025,0.009,0.000,0.012
21992,0.025,0.009,0.000,0.012
21993,0.025,0.009,0.000,0.012
21994,0.025,0.009,0.000,0.012
21995,0.025,0.009,0.000,0.012
21996,0.025,0.009,0.000,0.012
21997,0.025,0.009,0.000,0.012
21998,0.025,0.009,0.000,0.012
21999,0.025,0.009,0.000,0.012
22000,0.025,0.009,0.000,0.012
22001,0.025,0.009,0.000,0.012
22002,0.025,0.009,0.000,0.012
22003,0.025,0.009,0.000,0.012
22004,0.025,0.009,0.000,0.012
22005,0.025,0.009,0.000,0.012
22006,0.025,0.009,0.000,0.012
22007,0.025,0.009,0.000,0.012
22008,0.025,0.009,0.000,0.012
22009,0.025,0.009,0.000,0.012
22010,0.025,0.009,0.000,0.012
22011,0.025,0.009,0.000,0.012
22012,0.025,0.009,0.000,0.012
22013,0.025,0.009,0.000,0.012
22014,0.025,0.009,0.000,0.012
22015,0.025,0.009,0.000,0.012
22016,0.025,0.009,0.000,0.012
22017,0.025,0.009,0.000,0.012
22018,0.025,0.009,0.000,0.012
22019,0.025,0.009,0.000,0.012
22020,0.025,0.009,0.000,0.012
22021,0.025,0.009,0.000,0.012
22022,0.025,0.009,0.000,0.012
22023,0.025,0.009,0.000,0.012
22024,0.025,0.009,0.000,0.012
22025,0.025,0.009,0.000,0.012
22026,0.025,0.009,0.000,0.012
22027,0.025,0.009,0.000,0.012
22028,0.025,0.009,0.000,0.012
22029,0.025,0.009,0.000,0.012
22030,0.025,0.009,0.000,0.012
22031,0.025,0.009,0.000,0.012
22032,0.025,0.009,0.000,0.012
22033,0.025,0.009,0.000,0.012
22034,0.025,0.009,0.000,0.012
22035,0.025,0.009,0.000,0.012
22036,0.025,0.009,0.000,0.012
22037,0.025,0.009,0.000,0.012
22038,0.025,0.009,0.000,0.012
22039,0.025,0.009,0.000,0.012
22040,0.025,0.009,0.000,0.012
22041,0.025,0.009,0.000,0.012
22042,0.025,0.009,0.000,0.012
22043,0.025,0.009,0.000,0.012
22044,0.025,0.009,0.000,0.012
22045,0.025,0.009,0.000,0.012
22046,0.025,0.009,0.000,0.012
22047,0.025,0.009,0.000,0.012
22048,0.025,0.009,0.000,0.012
22049,0.025,0.009,0.000,0.012
22050,0.025,0.009,0.000,0.012
22051,0.025,0.009,0.000,0.012
22052,0.025,0.009,0.000,0.012
22053,0.025,0.009,0.000,0.012
22054,0.025,0.009,0.000,0.012
22055,0.025,0.009,0.000,0.012
22056,0.025,0.009,0.000,0.012
22057,0.025,0.009,0.000,0.012
22058,0.025,0.009,0.000,0.012
22059,0.025,0.009,0.000,0.012
22060,0.025,0.009,0.000,0.012
22061,0.025,0.009,0.000,0.012
22062,0.025,0.009,0.000,0.012
22063,0.025,0.009,0.000,0.012
22064,0.025,0.009,0.000,0.012
22065,0.025,0.009,0.000,0.012
22066,0.025,0.009,0.000,0.012
22067,0.025,0.009,0.000,0.012
22068,0.025,0.009,0.000,0.012
22069,0.025,0.009,0.000,0.012
22070,0.025,0.009,0.000,0.012
22071,0.025,0.009,0.000,0.012
22072,0.025,0.009,0.000,0.012
22073,0.025,0.009,0.000,0.012
22074,0.025,0.009,0.000,0.012
22075,0.025,0.009,0.000,0.012
22076,0.025,0.009,0.000,0.012
22077,0.025,0.009,0.000,0.012
22078,0.025,0.009,0.000,0.012
22079,0.025,0.009,0.000,0.012
22080,0.025,0.009,0.000,0.012
22081,0.025,0.009,0.000,0.012
22082,0.025,0.009,0.000,0.012
22083,0.025,0.009,0.000,0.012
22084,0.025,0.009,0.000,0.012
22085,0.025,0.009,0.000,0.012
22086,0.025,0.009,0.000,0.012
22087,0.025,0.009,0.000,0.012
22088,0.025,0.009,0.000,0.012
22089,0.025,0.009,0.000,0.012
22090,0.025,0.009,0.000,0.012
22091,0.025,0.009,0.000,0.012
22092,0.025,0.009,0.000,0.012
22093,0.025,0.009,0.000,0.012
22094,0.025,0.009,0.000,0.012
22095,0.025,0.009,0.000,0.012
22096,0.025,0.009,0.000,0.012
22097,0.025,0.009,0.000,0.012
22098,0.025,0.009,0.000,0.012
22099,0.025,0.009,0.000,0.012
22100,0.025,0.009,0.000,0.012
22101,0.025,0.009,0.000,0.012
22102,0.025,0.009,0.000,0.012
22103,0.025,0.009,0.000,0.012
22104,0.025,0.009,0.000,0.012
22105,0.025,0.009,0.000,0.012
22106,0.025,0.009,0.000,0.012
22107,0.025,0.009,0.000,0.012
22108,0.025,0.009,0.000,0.012
22109,0.025,0.009,0.000,0.012
22110,0.025,0.009,0.000,0.012
22111,0.025,0.009,0.000,0.012
22112,0.025,0.009,0.000,0.012
22113,0.025,0.009,0.000,0.012
22114,0.025,0.009,0.000,0.012
22115,0.025,0.009,0.000,0.012
22116,0.025,0.009,0.000,0.012
22117,0.025,0.009,0.000,0.012
22118,0.025,0.009,0.000,0.012
22119,0.025,0.009,0.000,0.012
22120,0.025,0.009,0.000,0.012
22121,0.025,0.009,0.000,0.012
22122,0.025,0.009,0.000,0.012
22123,0.025,0.009,0.000,0.012
22124,0.025,0.009,0.000,0.012
22125,0.025,0.009,0.000,0.012
22126,0.025,0.009,0.000,0.012
22127,0.025,0.009,0.000,0.012
22128,0.025,0.009,0.000,0.012
22129,0.025,0.009,0.000,0.012
22130,0.025,0.009,0.000,0.012
22131,0.025,0.009,0.000,0.012
22132,0.025,0.009,0.000,0.012
22133,0.025,0.009,0.000,0.012
22134,0.025,0.009,0.000,0.012
22135,0.025,0.009,0.000,0.012
22136,0.025,0.009,0.000,0.012
22137,0.025,0.009,0.000,0.012
22138,0.025,0.009,0.000,0.012
22139,0.025,0.009,0.000,0.012
22140,0.025,0.009,0.000,0.012
22141,0.025,0.009,0.000,0.012
22142,0.025,0.009,0.000,0.012
22143,0.025,0.009,0.000,0.012
22144,0.025,0.009,0.000,0.012
22145,0.025,0.009,0.000,0.012
22146,0.025,0.009,0.000,0.012
22147,0.025,0.009,0.000,0.012
22148,0.025,0.009,0.000,0.012
22149,0.025,0.009,0.000,0.012
22150,0.025,0.009,0.000,0.012
22151,0.025,0.009,0.000,0.012
22152,0.025,0.009,0.000,0.012
22153,0.025,0.009,0.000,0.012
22154,0.025,0.009,0.000,0.012
22155,0.025,0.009,0.000,0.012
22156,0.025,0.009,0.000,0.012
22157,0.025,0.009,0.000,0.012
22158,0.025,0.009,0.000,0.012
22159,0.025,0.009,0.000,0.012
22160,0.025,0.009,0.000,0.012
22161,0.025,0.009,0.000,0.012
22162,0.025,0.009,0.000,0.012
22163,0.025,0.009,0.000,0.012
22164,0.025,0.009,0.000,0.012
22165,0.025,0.009,0.000,0.012
22166,0.025,0.009,0.000,0.012
22167,0.025,0.009,0.000,0.012
22168,0.025,0.009,0.000,0.012
22169,0.025,0.009,0.000,0.012
22170,0.025,0.009,0.000,0.012
22171,0.025,0.009,0.000,0.012
22172,0.025,0.009,0.000,0.012
22173,0.025,0.009,0.000,0.012
22174,0.025,0.009,0.000,0.012
22175,0.025,0.009,0.000,0.012
22176,0.025,0.009,0.000,0.012
22177,0.025,0.009,0.000,0.012
22178,0.025,0.009,0.000,0.012
22179,0.025,0.009,0.000,0.012
22180,0.025,0.009,0.000,0.012
22181,0.025,0.009,0.000,0.012
22182,0.025,0.009,0.000,0.012
22183,0.025,0.009,0.000,0.012
22184,0.025,0.009,0.000,0.012
22185,0.025,0.009,0.000,0.012
22186,0.025,0.009,0.000,0.012
22187,0.025,0.009,0.000,0.012
22188,0.025,0.009,0.000,0.012
22189,0.025,0.009,0.000,0.012
22190,0.025,0.009,0.000,0.012
22191,0.025,0.009,0.000,0.012
22192,0.025,0.009,0.000,0.012
22193,0.025,0.009,0.000,0.012
22194,0.025,0.009,0.000,0.012
22195,0.025,0.009,0.000,0.012
22196,0.025,0.009,0.000,0.012
22197,0.025,0.009,0.000,0.012
22198,0.025,0.009,0.000,0.012
22199,0.025,0.009,0.000,0.012
22200,0.025,0.009,0.000,0.012
22201,0.025,0.009,0.000,0.012
22202,0.025,0.009,0.000,0.012
22203,0.025,0.009,0.000,0.012
22204,0.025,0.009,0.000,0.012
22205,0.025,0.009,0.000,0.012
22206,0.025,0.009,0.000,0.012
22207,0.025,0.009,0.000,0.012
22208,0.025,0.009,0.000,0.012
22209,0.025,0.009,0.000,0.012
22210,0.025,0.009,0.000,0.012
22211,0.025,0.009,0.000,0.012
22212,0.025,0.009,0.000,0.012
22213,0.025,0.009,0.000,0.012
22214,0.025,0.009,0.000,0.012
22215,0.025,0.009,0.000,0.012
22216,0.025,0.009,0.000,0.012
22217,0.025,0.009,0.000,0.012
22218,0.025,0.009,0.000,0.012
22219,0.025,0.009,0.000,0.012
22220,0.025,0.009,0.000,0.012
22221,0.025,0.009,0.000,0.012
22222,0.025,0.009,0.000,0.012
22223,0.025,0.009,0.000,0.012
22224,0.025,0.009,0.000,0.012
22225,0.025,0.009,0.000,0.012
22226,0.025,0.009,0.000,0.012
22227,0.025,0.009,0.000,0.012
22228,0.025,0.009,0.000,0.012
22229,0.025,0.009,0.000,0.012
22230,0.025,0.009,0.000,0.012
22231,0.025,0.009,0.000,0.012
22232,0.025,0.009,0.000,0.012
22233,0.025,0.009,0.000,0.012
22234,0.025,0.009,0.000,0.012
22235,0.025,0.009,0.000,0.012
22236,0.025,0.009,0.000,0.012
22237,0.025,0.009,0.000,0.012
22238,0.025,0.009,0.000,0.012
22239,0.025,0.009,0.000,0.012
22240,0.025,0.009,0.000,0.012
22241,0.025,0.009,0.000,0.012
22242,0.025,0.009,0.000,0.012
22243,0.025,0.009,0.000,0.012
22244,0.025,0.009,0.000,0.012
22245,0.025,0.009,0.000,0.012
22246,0.025,0.009,0.000,0.012
22247,0.025,0.009,0.000,0.012
22248,0.025,0.009,0.000,0.012
22249,0.025,0.009,0.000,0.012
22250,0.025,0.009,0.000,0.012
22251,0.025,0.009,0.000,0.012
22252,0.025,0.009,0.000,0.012
22253,0.025,0.009,0.000,0.012
22254,0.025,0.009,0.000,0.012
22255,0.025,0.009,0.000,0.012
22256,0.025,0.009,0.000,0.012
22257,0.025,0.009,0.000,0.012
22258,0.025,0.009,0.000,0.012
22259,0.025,0.009,0.000,0.012
22260,0.025,0.009,0.000,0.012
22261,0.025,0.009,0.000,0.012
22262,0.025,0.009,0.000,0.012
22263,0.025,0.009,0.000,0.012
22264,0.025,0.009,0.000,0.012
22265,0.025,0.009,0.000,0.012
22266,0.025,0.009,0.000,0.012
22267,0.025,0.009,0.000,0.012
22268,0.025,0.009,0.000,0.012
22269,0.025,0.009,0.000,0.012
22270,0.025,0.009,0.000,0.012
22271,0.025,0.009,0.000,0.012
22272,0.025,0.009,0.000,0.012
22273,0.025,0.009,0.000,0.012
22274,0.025,0.009,0.000,0.012
22275,0.025,0.009,0.000,0.012
22276,0.025,0.009,0.000,0.012
22277,0.025,0.009,0.000,0.012
22278,0.025,0.009,0.000,0.012
22279,0.025,0.009,0.000,0.012
22280,0.025,0.009,0.000,0.012
22281,0.025,0.009,0.000,0.012
22282,0.025,0.009,0.000,0.012
22283,0.025,0.009,0.000,0.012
22284,0.025,0.009,0.000,0.012
22285,0.025,0.009,0.000,0.012
22286,0.025,0.009,0.000,0.012
22287,0.025,0.009,0.000,0.012
22288,0.025,0.009,0.000,0.012
22289,0.025,0.009,0.000,0.012
22290,0.025,0.009,0.000,0.012
22291,0.025,0.009,0.000,0.012
22292,0.025,0.009,0.000,0.012
22293,0.025,0.009,0.000,0.012
22294,0.025,0.009,0.000,0.012
22295,0.025,0.009,0.000,0.012
22296,0.025,0.009,0.000,0.012
22297,0.025,0.009,0.000,0.012
22298,0.025,0.009,0.000,0.012
22299,0.025,0.009,0.000,0.012
22300,0.025,0.009,0.000,0.012
22301,0.025,0.009,0.000,0.012
22302,0.025,0.009,0.000,0.012
22303,0.025,0.009,0.000,0.012
22304,0.025,0.009,0.000,0.012
22305,0.025,0.009,0.000,0.012
22306,0.025,0.009,0.000,0.012
22307,0.025,0.009,0.000,0.012
22308,0.025,0.009,0.000,0.012
22309,0.025,0.009,0.000,0.012
22310,0.025,0.009,0.000,0.012
22311,0.025,0.009,0.000,0.012
22312,0.025,0.009,0.000,0.012
22313,0.025,0.009,0.000,0.012
22314,0.025,0.009,0.000,0.012
22315,0.025,0.009,0.000,0.012
22316,0.025,0.009,0.000,0.012
22317,0.025,0.009,0.000,0.012
22318,0.025,0.009,0.000,0.012
22319,0.025,0.009,0.000,0.012
22320,0.025,0.009,0.000,0.012
22321,0.025,0.009,0.000,0.012
22322,0.025,0.009,0.000,0.012
22323,0.025,0.009,0.000,0.012
22324,0.025,0.009,0.000,0.012
22325,0.025,0.009,0.000,0.012
22326,0.025,0.009,0.000,0.012
22327,0.025,0.009,0.000,0.012
22328,0.025,0.009,0.000,0.012
22329,0.025,0.009,0.000,0.012
22330,0.025,0.009,0.000,0.012
22331,0.025,0.009,0.000,0.012
22332,0.025,0.009,0.000,0.012
22333,0.025,0.009,0.000,0.012
22334,0.025,0.009,0.000,0.012
22335,0.025,0.009,0.000,0.012
22336,0.025,0.009,0.000,0.012
22337,0.025,0.009,0.000,0.012
22338,0.025,0.009,0.000,0.012
22339,0.025,0.009,0.000,0.012
22340,0.025,0.009,0.000,0.012
22341,0.025,0.009,0.000,0.012
22342,0.025,0.009,0.000,0.012
22343,0.025,0.009,0.000,0.012
22344,0.025,0.009,0.000,0.012
22345,0.025,0.009,0.000,0.012
22346,0.025,0.009,0.000,0.012
22347,0.025,0.009,0.000,0.012
22348,0.025,0.009,0.000,0.012
22349,0.025,0.009,0.000,0.012
22350,0.025,0.009,0.000,0.012
22351,0.025,0.009,0.000,0.012
22352,0.025,0.009,0.000,0.012
22353,0.025,0.009,0.000,0.012
22354,0.025,0.009,0.000,0.012
22355,0.025,0.009,0.000,0.012
22356,0.025,0.009,0.000,0.012
22357,0.025,0.009,0.000,0.012
22358,0.025,0.009,0.000,0.012
22359,0.025,0.009,0.000,0.012
22360,0.025,0.009,0.000,0.012
22361,0.025,0.009,0.000,0.012
22362,0.025,0.009,0.000,0.012
22363,0.025,0.009,0.000,0.012
22364,0.025,0.009,0.000,0.012
22365,0.025,0.009,0.000,0.012
22366,0.025,0.009,0.000,0.012
22367,0.025,0.009,0.000,0.012
22368,0.025,0.009,0.000,0.012
22369,0.025,0.009,0.000,0.012
22370,0.025,0.009,0.000,0.012
22371,0.025,0.009,0.000,0.012
22372,0.025,0.009,0.000,0.012
22373,0.025,0.009,0.000,0.012
22374,0.025,0.009,0.000,0.012
22375,0.025,0.009,0.000,0.012
22376,0.025,0.009,0.000,0.012
22377,0.025,0.009,0.000,0.012
22378,0.025,0.009,0.000,0.012
22379,0.025,0.009,0.000,0.012
22380,0.025,0.009,0.000,0.012
22381,0.025,0.009,0.000,0.012
22382,0.025,0.009,0.000,0.012
22383,0.025,0.009,0.000,0.012
22384,0.025,0.009,0.000,0.012
22385,0.025,0.009,0.000,0.012
22386,0.025,0.009,0.000,0.012
22387,0.025,0.009,0.000,0.012
22388,0.025,0.009,0.000,0.012
22389,0.025,0.009,0.000,0.012
22390,0.025,0.009,0.000,0.012
22391,0.025,0.009,0.000,0.012
22392,0.025,0.009,0.000,0.012
22393,0.025,0.009,0.000,0.012
22394,0.025,0.009,0.000,0.012
22395,0.025,0.009,0.000,0.012
22396,0.025,0.009,0.000,0.012
22397,0.025,0.009,0.000,0.012
22398,0.025,0.009,0.000,0.012
22399,0.025,0.009,0.000,0.012
22400,0.025,0.009,0.000,0.012
22401,0.025,0.009,0.000,0.012
22402,0.025,0.009,0.000,0.012
22403,0.025,0.009,0.000,0.012
22404,0.025,0.009,0.000,0.012
22405,0.025,0.009,0.000,0.012
22406,0.025,0.009,0.000,0.012
22407,0.025,0.009,0.000,0.012
22408,0.025,0.009,0.000,0.012
22409,0.025,0.009,0.000,0.012
22410,0.025,0.009,0.000,0.012
22411,0.025,0.009,0.000,0.012
22412,0.025,0.009,0.000,0.012
22413,0.025,0.009,0.000,0.012
22414,0.025,0.009,0.000,0.012
22415,0.025,0.009,0.000,0.012
22416,0.025,0.009,0.000,0.012
22417,0.025,0.009,0.000,0.012
22418,0.025,0.009,0.000,0.012
22419,0.025,0.009,0.000,0.012
22420,0.025,0.009,0.000,0.012
22421,0.025,0.009,0.000,0.012
22422,0.025,0.009,0.000,0.012
22423,0.025,0.009,0.000,0.012
22424,0.025,0.009,0.000,0.012
22425,0.025,0.009,0.000,0.012
22426,0.025,0.009,0.000,0.012
22427,0.025,0.009,0.000,0.012
22428,0.025,0.009,0.000,0.012
22429,0.025,0.009,0.000,0.012
22430,0.025,0.009,0.000,0.012
22431,0.025,0.009,0.000,0.012
22432,0.025,0.009,0.000,0.012
22433,0.025,0.009,0.000,0.012
22434,0.025,0.009,0.000,0.012
22435,0.025,0.009,0.000,0.012
22436,0.025,0.009,0.000,0.012
22437,0.025,0.009,0.000,0.012
22438,0.025,0.009,0.000,0.012
22439,0.025,0.009,0.000,0.012
22440,0.025,0.009,0.000,0.012
22441,0.025,0.009,0.000,0.012
22442,0.025,0.009,0.000,0.012
22443,0.025,0.009,0.000,0.012
22444,0.025,0.009,0.000,0.012
22445,0.025,0.009,0.000,0.012
22446,0.025,0.009,0.000,0.012
22447,0.025,0.009,0.000,0.012
22448,0.025,0.009,0.000,0.012
22449,0.025,0.009,0.000,0.012
22450,0.025,0.009,0.000,0.012
22451,0.025,0.009,0.000,0.012
22452,0.025,0.009,0.000,0.012
22453,0.025,0.009,0.000,0.012
22454,0.025,0.009,0.000,0.012
22455,0.025,0.009,0.000,0.012
22456,0.025,0.009,0.000,0.012
22457,0.025,0.009,0.000,0.012
22458,0.025,0.009,0.000,0.012
22459,0.025,0.009,0.000,0.012
22460,0.025,0.009,0.000,0.012
22461,0.025,0.009,0.000,0.012
22462,0.025,0.009,0.000,0.012
22463,0.025,0.009,0.000,0.012
22464,0.025,0.009,0.000,0.012
22465,0.025,0.009,0.000,0.012
22466,0.025,0.009,0.000,0.012
22467,0.025,0.009,0.000,0.012
22468,0.025,0.009,0.000,0.012
22469,0.025,0.009,0.000,0.012
22470,0.025,0.009,0.000,0.012
22471,0.025,0.009,0.000,0.012
22472,0.025,0.009,0.000,0.012
22473,0.025,0.009,0.000,0.012
22474,0.025,0.009,0.000,0.012
22475,0.025,0.009,0.000,0.012
22476,0.025,0.009,0.000,0.012
22477,0.025,0.009,0.000,0.012
22478,0.025,0.009,0.000,0.012
22479,0.025,0.009,0.000,0.012
22480,0.025,0.009,0.000,0.012
22481,0.025,0.009,0.000,0.012
22482,0.025,0.009,0.000,0.012
22483,0.025,0.009,0.000,0.012
22484,0.025,0.009,0.000,0.012
22485,0.025,0.009,0.000,0.012
22486,0.025,0.009,0.000,0.012
22487,0.025,0.009,0.000,0.012
22488,0.025,0.009,0.000,0.012
22489,0.025,0.009,0.000,0.012
22490,0.025,0.009,0.000,0.012
22491,0.025,0.009,0.000,0.012
22492,0.025,0.009,0.000,0.012
22493,0.025,0.009,0.000,0.012
22494,0.025,0.009,0.000,0.012
22495,0.025,0.009,0.000,0.012
22496,0.025,0.009,0.000,0.012
22497,0.025,0.009,0.000,0.012
22498,0.025,0.009,0.000,0.012
22499,0.025,0.009,0.000,0.012
22500,0.025,0.009,0.000,0.012
22501,0.025,0.009,0.000,0.012
22502,0.025,0.009,0.000,0.012
22503,0.025,0.009,0.000,0.012
22504,0.025,0.009,0.000,0.012
22505,0.025,0.009,0.000,0.012
22506,0.025,0.009,0.000,0.012
22507,0.025,0.009,0.000,0.012
22508,0.025,0.009,0.000,0.012
22509,0.025,0.009,0.000,0.012
22510,0.025,0.009,0.000,0.012
22511,0.025,0.009,0.000,0.012
22512,0.025,0.009,0.000,0.012
22513,0.025,0.009,0.000,0.012
22514,0.025,0.009,0.000,0.012
22515,0.025,0.009,0.000,0.012
22516,0.025,0.009,0.000,0.012
22517,0.025,0.009,0.000,0.012
22518,0.025,0.009,0.000,0.012
22519,0.025,0.009,0.000,0.012
22520,0.025,0.009,0.000,0.012
22521,0.025,0.009,0.000,0.012
22522,0.025,0.009,0.000,0.012
22523,0.025,0.009,0.000,0.012
22524,0.025,0.009,0.000,0.012
22525,0.025,0.009,0.000,0.012
22526,0.025,0.009,0.000,0.012
22527,0.025,0.009,0.000,0.012
22528,0.025,0.009,0.000,0.012
22529,0.025,0.009,0.000,0.012
22530,0.025,0.009,0.000,0.012
22531,0.025,0.009,0.000,0.012
22532,0.025,0.009,0.000,0.012
22533,0.025,0.009,0.000,0.012
22534,0.025,0.009,0.000,0.012
22535,0.025,0.009,0.000,0.012
22536,0.025,0.009,0.000,0.012
22537,0.025,0.009,0.000,0.012
22538,0.025,0.009,0.000,0.012
22539,0.025,0.009,0.000,0.012
22540,0.025,0.009,0.000,0.012
22541,0.025,0.009,0.000,0.012
22542,0.025,0.009,0.000,0.012
22543,0.025,0.009,0.000,0.012
22544,0.025,0.009,0.000,0.012
22545,0.025,0.009,0.000,0.012
22546,0.025,0.009,0.000,0.012
22547,0.025,0.009,0.000,0.012
22548,0.025,0.009,0.000,0.012
22549,0.025,0.009,0.000,0.012
22550,0.025,0.009,0.000,0.012
22551,0.025,0.009,0.000,0.012
22552,0.025,0.009,0.000,0.012
22553,0.025,0.009,0.000,0.012
22554,0.025,0.009,0.000,0.012
22555,0.025,0.009,0.000,0.012
22556,0.025,0.009,0.000,0.012
22557,0.025,0.009,0.000,0.012
22558,0.025,0.009,0.000,0.012
22559,0.025,0.009,0.000,0.012
22560,0.025,0.009,0.000,0.012
22561,0.025,0.009,0.000,0.012
22562,0.025,0.009,0.000,0.012
22563,0.025,0.009,0.000,0.012
22564,0.025,0.009,0.000,0.012
22565,0.025,0.009,0.000,0.012
22566,0.025,0.009,0.000,0.012
22567,0.025,0.009,0.000,0.012
22568,0.025,0.009,0.000,0.012
22569,0.025,0.009,0.000,0.012
22570,0.025,0.009,0.000,0.012
22571,0.025,0.009,0.000,0.012
22572,0.025,0.009,0.000,0.012
22573,0.025,0.009,0.000,0.012
22574,0.025,0.009,0.000,0.012
22575,0.025,0.009,0.000,0.012
22576,0.025,0.009,0.000,0.012
22577,0.025,0.009,0.000,0.012
22578,0.025,0.009,0.000,0.012
22579,0.025,0.009,0.000,0.012
22580,0.025,0.009,0.000,0.012
22581,0.025,0.009,0.000,0.012
22582,0.025,0.009,0.000,0.012
22583,0.025,0.009,0.000,0.012
22584,0.025,0.009,0.000,0.012
22585,0.025,0.009,0.000,0.012
22586,0.025,0.009,0.000,0.012
22587,0.025,0.009,0.000,0.012
22588,0.025,0.009,0.000,0.012
22589,0.025,0.009,0.000,0.012
22590,0.025,0.009,0.000,0.012
22591,0.025,0.009,0.000,0.012
22592,0.025,0.009,0.000,0.012
22593,0.025,0.009,0.000,0.012
22594,0.025,0.009,0.000,0.012
22595,0.025,0.009,0.000,0.012
22596,0.025,0.009,0.000,0.012
22597,0.025,0.009,0.000,0.012
22598,0.025,0.009,0.000,0.012
22599,0.025,0.009,0.000,0.012
22600,0.025,0.009,0.000,0.012
22601,0.025,0.009,0.000,0.012
22602,0.025,0.009,0.000,0.012
22603,0.025,0.009,0.000,0.012
22604,0.025,0.009,0.000,0.012
22605,0.025,0.009,0.000,0.012
22606,0.025,0.009,0.000,0.012
22607,0.025,0.009,0.000,0.012
22608,0.025,0.009,0.000,0.012
22609,0.025,0.009,0.000,0.012
22610,0.025,0.009,0.000,0.012
22611,0.025,0.009,0.000,0.012
22612,0.025,0.009,0.000,0.012
22613,0.025,0.009,0.000,0.012
22614,0.025,0.009,0.000,0.012
22615,0.025,0.009,0.000,0.012
22616,0.025,0.009,0.000,0.012
22617,0.025,0.009,0.000,0.012
22618,0.025,0.009,0.000,0.012
22619,0.025,0.009,0.000,0.012
22620,0.025,0.009,0.000,0.012
22621,0.025,0.009,0.000,0.012
22622,0.025,0.009,0.000,0.012
22623,0.025,0.009,0.000,0.012
22624,0.025,0.009,0.000,0.012
22625,0.025,0.009,0.000,0.012
22626,0.025,0.009,0.000,0.012
22627,0.025,0.009,0.000,0.012
22628,0.025,0.009,0.000,0.012
22629,0.025,0.009,0.000,0.012
22630,0.025,0.009,0.000,0.012
22631,0.025,0.009,0.000,0.012
22632,0.025,0.009,0.000,0.012
22633,0.025,0.009,0.000,0.012
22634,0.025,0.009,0.000,0.012
22635,0.025,0.009,0.000,0.012
22636,0.025,0.009,0.000,0.012
22637,0.025,0.009,0.000,0.012
22638,0.025,0.009,0.000,0.012
22639,0.025,0.009,0.000,0.012
22640,0.025,0.009,0.000,0.012
22641,0.025,0.009,0.000,0.012
22642,0.025,0.009,0.000,0.012
22643,0.025,0.009,0.000,0.012
22644,0.025,0.009,0.000,0.012
22645,0.025,0.009,0.000,0.012
22646,0.025,0.009,0.000,0.012
22647,0.025,0.009,0.000,0.012
22648,0.025,0.009,0.000,0.012
22649,0.025,0.009,0.000,0.012
22650,0.025,0.009,0.000,0.012
22651,0.025,0.009,0.000,0.012
22652,0.025,0.009,0.000,0.012
22653,0.025,0.009,0.000,0.012
22654,0.025,0.009,0.000,0.012
22655,0.025,0.009,0.000,0.012
22656,0.025,0.009,0.000,0.012
22657,0.025,0.009,0.000,0.012
22658,0.025,0.009,0.000,0.012
22659,0.025,0.009,0.000,0.012
22660,0.025,0.009,0.000,0.012
22661,0.025,0.009,0.000,0.012
22662,0.025,0.009,0.000,0.012
22663,0.025,0.009,0.000,0.012
22664,0.025,0.009,0.000,0.012
22665,0.025,0.009,0.000,0.012
22666,0.025,0.009,0.000,0.012
22667,0.025,0.009,0.000,0.012
22668,0.025,0.009,0.000,0.012
22669,0.025,0.009,0.000,0.012
22670,0.025,0.009,0.000,0.012
22671,0.025,0.009,0.000,0.012
22672,0.025,0.009,0.000,0.012
22673,0.025,0.009,0.000,0.012
22674,0.025,0.009,0.000,0.012
22675,0.025,0.009,0.000,0.012
22676,0.025,0.009,0.000,0.012
22677,0.025,0.009,0.000,0.012
22678,0.025,0.009,0.000,0.012
22679,0.025,0.009,0.000,0.012
22680,0.025,0.009,0.000,0.012
22681,0.025,0.009,0.000,0.012
22682,0.025,0.009,0.000,0.012
22683,0.025,0.009,0.000,0.012
22684,0.025,0.009,0.000,0.012
22685,0.025,0.009,0.000,0.012
22686,0.025,0.009,0.000,0.012
22687,0.025,0.009,0.000,0.012
22688,0.025,0.009,0.000,0.012
22689,0.025,0.009,0.000,0.012
22690,0.025,0.009,0.000,0.012
22691,0.025,0.009,0.000,0.012
22692,0.025,0.009,0.000,0.012
22693,0.025,0.009,0.000,0.012
22694,0.025,0.009,0.000,0.012
22695,0.025,0.009,0.000,0.012
22696,0.025,0.009,0.000,0.012
22697,0.025,0.009,0.000,0.012
22698,0.025,0.009,0.000,0.012
22699,0.025,0.009,0.000,0.012
22700,0.025,0.009,0.000,0.012
22701,0.025,0.009,0.000,0.012
22702,0.025,0.009,0.000,0.012
22703,0.025,0.009,0.000,0.012
22704,0.025,0.009,0.000,0.012
22705,0.025,0.009,0.000,0.012
22706,0.025,0.009,0.000,0.012
22707,0.025,0.009,0.000,0.012
22708,0.025,0.009,0.000,0.012
22709,0.025,0.009,0.000,0.012
22710,0.025,0.009,0.000,0.012
22711,0.025,0.009,0.000,0.012
22712,0.025,0.009,0.000,0.012
22713,0.025,0.009,0.000,0.012
22714,0.025,0.009,0.000,0.012
22715,0.025,0.009,0.000,0.012
22716,0.025,0.009,0.000,0.012
22717,0.025,0.009,0.000,0.012
22718,0.025,0.009,0.000,0.012
22719,0.025,0.009,0.000,0.012
22720,0.025,0.009,0.000,0.012
22721,0.025,0.009,0.000,0.012
22722,0.025,0.009,0.000,0.012
22723,0.025,0.009,0.000,0.012
22724,0.025,0.009,0.000,0.012
22725,0.025,0.009,0.000,0.012
22726,0.025,0.009,0.000,0.012
22727,0.025,0.009,0.000,0.012
22728,0.025,0.009,0.000,0.012
22729,0.025,0.009,0.000,0.012
22730,0.025,0.009,0.000,0.012
22731,0.025,0.009,0.000,0.012
22732,0.025,0.009,0.000,0.012
22733,0.025,0.009,0.000,0.012
22734,0.025,0.009,0.000,0.012
22735,0.025,0.009,0.000,0.012
22736,0.025,0.009,0.000,0.012
22737,0.025,0.009,0.000,0.012
22738,0.025,0.009,0.000,0.012
22739,0.025,0.009,0.000,0.012
22740,0.025,0.009,0.000,0.012
22741,0.025,0.009,0.000,0.012
22742,0.025,0.009,0.000,0.012
22743,0.025,0.009,0.000,0.012
22744,0.025,0.009,0.000,0.012
22745,0.025,0.009,0.000,0.012
22746,0.025,0.009,0.000,0.012
22747,0.025,0.009,0.000,0.012
22748,0.025,0.009,0.000,0.012
22749,0.025,0.009,0.000,0.012
22750,0.025,0.009,0.000,0.012
22751,0.025,0.009,0.000,0.012
22752,0.025,0.009,0.000,0.012
22753,0.025,0.009,0.000,0.012
22754,0.025,0.009,0.000,0.012
22755,0.025,0.009,0.000,0.012
22756,0.025,0.009,0.000,0.012
22757,0.025,0.009,0.000,0.012
22758,0.025,0.009,0.000,0.012
22759,0.025,0.009,0.000,0.012
22760,0.025,0.009,0.000,0.012
22761,0.025,0.009,0.000,0.012
22762,0.025,0.009,0.000,0.012
22763,0.025,0.009,0.000,0.012
22764,0.025,0.009,0.000,0.012
22765,0.025,0.009,0.000,0.012
22766,0.025,0.009,0.000,0.012
22767,0.025,0.009,0.000,0.012
22768,0.025,0.009,0.000,0.012
22769,0.025,0.009,0.000,0.012
22770,0.025,0.009,0.000,0.012
22771,0.025,0.009,0.000,0.012
22772,0.025,0.009,0.000,0.012
22773,0.025,0.009,0.000,0.012
22774,0.025,0.009,0.000,0.012
22775,0.025,0.009,0.000,0.012
22776,0.025,0.009,0.000,0.012
22777,0.025,0.009,0.000,0.012
22778,0.025,0.009,0.000,0.012
22779,0.025,0.009,0.000,0.012
22780,0.025,0.009,0.000,0.012
22781,0.025,0.009,0.000,0.012
22782,0.025,0.009,0.000,0.012
22783,0.025,0.009,0.000,0.012
22784,0.025,0.009,0.000,0.012
22785,0.025,0.009,0.000,0.012
22786,0.025,0.009,0.000,0.012
22787,0.025,0.009,0.000,0.012
22788,0.025,0.009,0.000,0.012
22789,0.025,0.009,0.000,0.012
22790,0.025,0.009,0.000,0.012
22791,0.025,0.009,0.000,0.012
22792,0.025,0.009,0.000,0.012
22793,0.025,0.009,0.000,0.012
22794,0.025,0.009,0.000,0.012
22795,0.025,0.009,0.000,0.012
22796,0.025,0.009,0.000,0.012
22797,0.025,0.009,0.000,0.012
22798,0.025,0.009,0.000,0.012
22799,0.025,0.009,0.000,0.012
22800,0.025,0.009,0.000,0.012
22801,0.025,0.009,0.000,0.012
22802,0.025,0.009,0.000,0.012
22803,0.025,0.009,0.000,0.012
22804,0.025,0.009,0.000,0.012
22805,0.025,0.009,0.000,0.012
22806,0.025,0.009,0.000,0.012
22807,0.025,0.009,0.000,0.012
22808,0.025,0.009,0.000,0.012
22809,0.025,0.009,0.000,0.012
22810,0.025,0.009,0.000,0.012
22811,0.025,0.009,0.000,0.012
22812,0.025,0.009,0.000,0.012
22813,0.025,0.009,0.000,0.012
22814,0.025,0.009,0.000,0.012
22815,0.025,0.009,0.000,0.012
22816,0.025,0.009,0.000,0.012
22817,0.025,0.009,0.000,0.012
22818,0.025,0.009,0.000,0.012
22819,0.025,0.009,0.000,0.012
22820,0.025,0.009,0.000,0.012
22821,0.025,0.009,0.000,0.012
22822,0.025,0.009,0.000,0.012
22823,0.025,0.009,0.000,0.012
22824,0.025,0.009,0.000,0.012
22825,0.025,0.009,0.000,0.012
22826,0.025,0.009,0.000,0.012
22827,0.025,0.009,0.000,0.012
22828,0.025,0.009,0.000,0.012
22829,0.025,0.009,0.000,0.012
22830,0.025,0.009,0.000,0.012
22831,0.025,0.009,0.000,0.012
22832,0.025,0.009,0.000,0.012
22833,0.025,0.009,0.000,0.012
22834,0.025,0.009,0.000,0.012
22835,0.025,0.009,0.000,0.012
22836,0.025,0.009,0.000,0.012
22837,0.025,0.009,0.000,0.012
22838,0.025,0.009,0.000,0.012
22839,0.025,0.009,0.000,0.012
22840,0.025,0.009,0.000,0.012
22841,0.025,0.009,0.000,0.012
22842,0.025,0.009,0.000,0.012
22843,0.025,0.009,0.000,0.012
22844,0.025,0.009,0.000,0.012
22845,0.025,0.009,0.000,0.012
22846,0.025,0.009,0.000,0.012
22847,0.025,0.009,0.000,0.012
22848,0.025,0.009,0.000,0.012
22849,0.025,0.009,0.000,0.012
22850,0.025,0.009,0.000,0.012
22851,0.025,0.009,0.000,0.012
22852,0.025,0.009,0.000,0.012
22853,0.025,0.009,0.000,0.012
22854,0.025,0.009,0.000,0.012
22855,0.025,0.009,0.000,0.012
22856,0.025,0.009,0.000,0.012
22857,0.025,0.009,0.000,0.012
22858,0.025,0.009,0.000,0.012
22859,0.025,0.009,0.000,0.012
22860,0.025,0.009,0.000,0.012
22861,0.025,0.009,0.000,0.012
22862,0.025,0.009,0.000,0.012
22863,0.025,0.009,0.000,0.012
22864,0.025,0.009,0.000,0.012
22865,0.025,0.009,0.000,0.012
22866,0.025,0.009,0.000,0.012
22867,0.025,0.009,0.000,0.012
22868,0.025,0.009,0.000,0.012
22869,0.025,0.009,0.000,0.012
22870,0.025,0.009,0.000,0.012
22871,0.025,0.009,0.000,0.012
22872,0.025,0.009,0.000,0.012
22873,0.025,0.009,0.000,0.012
22874,0.025,0.009,0.000,0.012
22875,0.025,0.009,0.000,0.012
22876,0.025,0.009,0.000,0.012
22877,0.025,0.009,0.000,0.012
22878,0.025,0.009,0.000,0.012
22879,0.025,0.009,0.000,0.012
22880,0.025,0.009,0.000,0.012
22881,0.025,0.009,0.000,0.012
22882,0.025,0.009,0.000,0.012
22883,0.025,0.009,0.000,0.012
22884,0.025,0.009,0.000,0.012
22885,0.025,0.009,0.000,0.012
22886,0.025,0.009,0.000,0.012
22887,0.025,0.009,0.000,0.012
22888,0.025,0.009,0.000,0.012
22889,0.025,0.009,0.000,0.012
22890,0.025,0.009,0.000,0.012
22891,0.025,0.009,0.000,0.012
22892,0.025,0.009,0.000,0.012
22893,0.025,0.009,0.000,0.012
22894,0.025,0.009,0.000,0.012
22895,0.025,0.009,0.000,0.012
22896,0.025,0.009,0.000,0.012
22897,0.025,0.009,0.000,0.012
22898,0.025,0.009,0.000,0.012
22899,0.025,0.009,0.000,0.012
22900,0.025,0.009,0.000,0.012
22901,0.025,0.009,0.000,0.012
22902,0.025,0.009,0.000,0.012
22903,0.025,0.009,0.000,0.012
22904,0.025,0.009,0.000,0.012
22905,0.025,0.009,0.000,0.012
22906,0.025,0.009,0.000,0.012
22907,0.025,0.009,0.000,0.012
22908,0.025,0.009,0.000,0.012
22909,0.025,0.009,0.000,0.012
22910,0.025,0.009,0.000,0.012
22911,0.025,0.009,0.000,0.012
22912,0.025,0.009,0.000,0.012
22913,0.025,0.009,0.000,0.012
22914,0.025,0.009,0.000,0.012
22915,0.025,0.009,0.000,0.012
22916,0.025,0.009,0.000,0.012
22917,0.025,0.009,0.000,0.012
22918,0.025,0.009,0.000,0.012
22919,0.025,0.009,0.000,0.012
22920,0.025,0.009,0.000,0.012
22921,0.025,0.009,0.000,0.012
22922,0.025,0.009,0.000,0.012
22923,0.025,0.009,0.000,0.012
22924,0.025,0.009,0.000,0.012
22925,0.025,0.009,0.000,0.012
22926,0.025,0.009,0.000,0.012
22927,0.025,0.009,0.000,0.012
22928,0.025,0.009,0.000,0.012
22929,0.025,0.009,0.000,0.012
22930,0.025,0.009,0.000,0.012
22931,0.025,0.009,0.000,0.012
22932,0.025,0.009,0.000,0.012
22933,0.025,0.009,0.000,0.012
22934,0.025,0.009,0.000,0.012
22935,0.025,0.009,0.000,0.012
22936,0.025,0.009,0.000,0.012
22937,0.025,0.009,0.000,0.012
22938,0.025,0.009,0.000,0.012
22939,0.025,0.009,0.000,0.012
22940,0.025,0.009,0.000,0.012
22941,0.025,0.009,0.000,0.012
22942,0.025,0.009,0.000,0.012
22943,0.025,0.009,0.000,0.012
22944,0.025,0.009,0.000,0.012
22945,0.025,0.009,0.000,0.012
22946,0.025,0.009,0.000,0.012
22947,0.025,0.009,0.000,0.012
22948,0.025,0.009,0.000,0.012
22949,0.025,0.009,0.000,0.012
22950,0.025,0.009,0.000,0.012
22951,0.025,0.009,0.000,0.012
22952,0.025,0.009,0.000,0.012
22953,0.025,0.009,0.000,0.012
22954,0.025,0.009,0.000,0.012
22955,0.025,0.009,0.000,0.012
22956,0.025,0.009,0.000,0.012
22957,0.025,0.009,0.000,0.012
22958,0.025,0.009,0.000,0.012
22959,0.025,0.009,0.000,0.012
22960,0.025,0.009,0.000,0.012
22961,0.025,0.009,0.000,0.012
22962,0.025,0.009,0.000,0.012
22963,0.025,0.009,0.000,0.012
22964,0.025,0.009,0.000,0.012
22965,0.025,0.009,0.000,0.012
22966,0.025,0.009,0.000,0.012
22967,0.025,0.009,0.000,0.012
22968,0.025,0.009,0.000,0.012
22969,0.025,0.009,0.000,0.012
22970,0.025,0.009,0.000,0.012
22971,0.025,0.009,0.000,0.012
22972,0.025,0.009,0.000,0.012
22973,0.025,0.009,0.000,0.012
22974,0.025,0.009,0.000,0.012
22975,0.025,0.009,0.000,0.012
22976,0.025,0.009,0.000,0.012
22977,0.025,0.009,0.000,0.012
22978,0.025,0.009,0.000,0.012
22979,0.025,0.009,0.000,0.012
22980,0.025,0.009,0.000,0.012
22981,0.025,0.009,0.000,0.012
22982,0.025,0.009,0.000,0.012
22983,0.025,0.009,0.000,0.012
22984,0.025,0.009,0.000,0.012
22985,0.025,0.009,0.000,0.012
22986,0.025,0.009,0.000,0.012
22987,0.025,0.009,0.000,0.012
22988,0.025,0.009,0.000,0.012
22989,0.025,0.009,0.000,0.012
22990,0.025,0.009,0.000,0.012
22991,0.025,0.009,0.000,0.012
22992,0.025,0.009,0.000,0.012
22993,0.025,0.009,0.000,0.012
22994,0.025,0.009,0.000,0.012
22995,0.025,0.009,0.000,0.012
22996,0.025,0.009,0.000,0.012
22997,0.025,0.009,0.000,0.012
22998,0.025,0.009,0.000,0.012
22999,0.025,0.009,0.000,0.012
23000,0.025,0.009,0.000,0.012
23001,0.025,0.009,0.000,0.012
23002,0.025,0.009,0.000,0.012
23003,0.025,0.009,0.000,0.012
23004,0.025,0.009,0.000,0.012
23005,0.025,0.009,0.000,0.012
23006,0.025,0.009,0.000,0.012
23007,0.025,0.009,0.000,0.012
23008,0.025,0.009,0.000,0.012
23009,0.025,0.009,0.000,0.012
23010,0.025,0.009,0.000,0.012
23011,0.025,0.009,0.000,0.012
23012,0.025,0.009,0.000,0.012
23013,0.025,0.009,0.000,0.012
23014,0.025,0.009,0.000,0.012
23015,0.025,0.009,0.000,0.012
23016,0.025,0.009,0.000,0.012
23017,0.025,0.009,0.000,0.012
23018,0.025,0.009,0.000,0.012
23019,0.025,0.009,0.000,0.012
23020,0.025,0.009,0.000,0.012
23021,0.025,0.009,0.000,0.012
23022,0.025,0.009,0.000,0.012
23023,0.025,0.009,0.000,0.012
23024,0.025,0.009,0.000,0.012
23025,0.025,0.009,0.000,0.012
23026,0.025,0.009,0.000,0.012
23027,0.025,0.009,0.000,0.012
23028,0.025,0.009,0.000,0.012
23029,0.025,0.009,0.000,0.012
23030,0.025,0.009,0.000,0.012
23031,0.025,0.009,0.000,0.012
23032,0.025,0.009,0.000,0.012
23033,0.025,0.009,0.000,0.012
23034,0.025,0.009,0.000,0.012
23035,0.025,0.009,0.000,0.012
23036,0.025,0.009,0.000,0.012
23037,0.025,0.009,0.000,0.012
23038,0.025,0.009,0.000,0.012
23039,0.025,0.009,0.000,0.012
23040,0.025,0.009,0.000,0.012
23041,0.025,0.009,0.000,0.012
23042,0.025,0.009,0.000,0.012
23043,0.025,0.009,0.000,0.012
23044,0.025,0.009,0.000,0.012
23045,0.025,0.009,0.000,0.012
23046,0.025,0.009,0.000,0.012
23047,0.025,0.009,0.000,0.012
23048,0.025,0.009,0.000,0.012
23049,0.025,0.009,0.000,0.012
23050,0.025,0.009,0.000,0.012
23051,0.025,0.009,0.000,0.012
23052,0.025,0.009,0.000,0.012
23053,0.025,0.009,0.000,0.012
23054,0.025,0.009,0.000,0.012
23055,0.025,0.009,0.000,0.012
23056,0.025,0.009,0.000,0.012
23057,0.025,0.009,0.000,0.012
23058,0.025,0.009,0.000,0.012
23059,0.025,0.009,0.000,0.012
23060,0.025,0.009,0.000,0.012
23061,0.025,0.009,0.000,0.012
23062,0.025,0.009,0.000,0.012
23063,0.025,0.009,0.000,0.012
23064,0.025,0.009,0.000,0.012
23065,0.025,0.009,0.000,0.012
23066,0.025,0.009,0.000,0.012
23067,0.025,0.009,0.000,0.012
23068,0.025,0.009,0.000,0.012
23069,0.025,0.009,0.000,0.012
23070,0.025,0.009,0.000,0.012
23071,0.025,0.009,0.000,0.012
23072,0.025,0.009,0.000,0.012
23073,0.025,0.009,0.000,0.012
23074,0.025,0.009,0.000,0.012
23075,0.025,0.009,0.000,0.012
23076,0.025,0.009,0.000,0.012
23077,0.025,0.009,0.000,0.012
23078,0.025,0.009,0.000,0.012
23079,0.025,0.009,0.000,0.012
23080,0.025,0.009,0.000,0.012
23081,0.025,0.009,0.000,0.012
23082,0.025,0.009,0.000,0.012
23083,0.025,0.009,0.000,0.012
23084,0.025,0.009,0.000,0.012
23085,0.025,0.009,0.000,0.012
23086,0.025,0.009,0.000,0.012
23087,0.025,0.009,0.000,0.012
23088,0.025,0.009,0.000,0.012
23089,0.025,0.009,0.000,0.012
23090,0.025,0.009,0.000,0.012
23091,0.025,0.009,0.000,0.012
23092,0.025,0.009,0.000,0.012
23093,0.025,0.009,0.000,0.012
23094,0.025,0.009,0.000,0.012
23095,0.025,0.009,0.000,0.012
23096,0.025,0.009,0.000,0.012
23097,0.025,0.009,0.000,0.012
23098,0.025,0.009,0.000,0.012
23099,0.025,0.009,0.000,0.012
23100,0.025,0.009,0.000,0.012
23101,0.025,0.009,0.000,0.012
23102,0.025,0.009,0.000,0.012
23103,0.025,0.009,0.000,0.012
23104,0.025,0.009,0.000,0.012
23105,0.025,0.009,0.000,0.012
23106,0.025,0.009,0.000,0.012
23107,0.025,0.009,0.000,0.012
23108,0.025,0.009,0.000,0.012
23109,0.025,0.009,0.000,0.012
23110,0.025,0.009,0.000,0.012
23111,0.025,0.009,0.000,0.012
23112,0.025,0.009,0.000,0.012
23113,0.025,0.009,0.000,0.012
23114,0.025,0.009,0.000,0.012
23115,0.025,0.009,0.000,0.012
23116,0.025,0.009,0.000,0.012
23117,0.025,0.009,0.000,0.012
23118,0.025,0.009,0.000,0.012
23119,0.025,0.009,0.000,0.012
23120,0.025,0.009,0.000,0.012
23121,0.025,0.009,0.000,0.012
23122,0.025,0.009,0.000,0.012
23123,0.025,0.009,0.000,0.012
23124,0.025,0.009,0.000,0.012
23125,0.025,0.009,0.000,0.012
23126,0.025,0.009,0.000,0.012
23127,0.025,0.009,0.000,0.012
23128,0.025,0.009,0.000,0.012
23129,0.025,0.009,0.000,0.012
23130,0.025,0.009,0.000,0.012
23131,0.025,0.009,0.000,0.012
23132,0.025,0.009,0.000,0.012
23133,0.025,0.009,0.000,0.012
23134,0.025,0.009,0.000,0.012
23135,0.025,0.009,0.000,0.012
23136,0.025,0.009,0.000,0.012
23137,0.025,0.009,0.000,0.012
23138,0.025,0.009,0.000,0.012
23139,0.025,0.009,0.000,0.012
23140,0.025,0.009,0.000,0.012
23141,0.025,0.009,0.000,0.012
23142,0.025,0.009,0.000,0.012
23143,0.025,0.009,0.000,0.012
23144,0.025,0.009,0.000,0.012
23145,0.025,0.009,0.000,0.012
23146,0.025,0.009,0.000,0.012
23147,0.025,0.009,0.000,0.012
23148,0.025,0.009,0.000,0.012
23149,0.025,0.009,0.000,0.012
23150,0.025,0.009,0.000,0.012
23151,0.025,0.009,0.000,0.012
23152,0.025,0.009,0.000,0.012
23153,0.025,0.009,0.000,0.012
23154,0.025,0.009,0.000,0.012
23155,0.025,0.009,0.000,0.012
23156,0.025,0.009,0.000,0.012
23157,0.025,0.009,0.000,0.012
23158,0.025,0.009,0.000,0.012
23159,0.025,0.009,0.000,0.012
23160,0.025,0.009,0.000,0.012
23161,0.025,0.009,0.000,0.012
23162,0.025,0.009,0.000,0.012
23163,0.025,0.009,0.000,0.012
23164,0.025,0.009,0.000,0.012
23165,0.025,0.009,0.000,0.012
23166,0.025,0.009,0.000,0.012
23167,0.025,0.009,0.000,0.012
23168,0.025,0.009,0.000,0.012
23169,0.025,0.009,0.000,0.012
23170,0.025,0.009,0.000,0.012
23171,0.025,0.009,0.000,0.012
23172,0.025,0.009,0.000,0.012
23173,0.025,0.009,0.000,0.012
23174,0.025,0.009,0.000,0.012
23175,0.025,0.009,0.000,0.012
23176,0.025,0.009,0.000,0.012
23177,0.025,0.009,0.000,0.012
23178,0.025,0.009,0.000,0.012
23179,0.025,0.009,0.000,0.012
23180,0.025,0.009,0.000,0.012
23181,0.025,0.009,0.000,0.012
23182,0.025,0.009,0.000,0.012
23183,0.025,0.009,0.000,0.012
23184,0.025,0.009,0.000,0.012
23185,0.025,0.009,0.000,0.012
23186,0.025,0.009,0.000,0.012
23187,0.025,0.009,0.000,0.012
23188,0.025,0.009,0.000,0.012
23189,0.025,0.009,0.000,0.012
23190,0.025,0.009,0.000,0.012
23191,0.025,0.009,0.000,0.012
23192,0.025,0.009,0.000,0.012
23193,0.025,0.009,0.000,0.012
23194,0.025,0.009,0.000,0.012
23195,0.025,0.009,0.000,0.012
23196,0.025,0.009,0.000,0.012
23197,0.025,0.009,0.000,0.012
23198,0.025,0.009,0.000,0.012
23199,0.025,0.009,0.000,0.012
23200,0.025,0.009,0.000,0.012
23201,0.025,0.009,0.000,0.012
23202,0.025,0.009,0.000,0.012
23203,0.025,0.009,0.000,0.012
23204,0.025,0.009,0.000,0.012
23205,0.025,0.009,0.000,0.012
23206,0.025,0.009,0.000,0.012
23207,0.025,0.009,0.000,0.012
23208,0.025,0.009,0.000,0.012
23209,0.025,0.009,0.000,0.012
23210,0.025,0.009,0.000,0.012
23211,0.025,0.009,0.000,0.012
23212,0.025,0.009,0.000,0.012
23213,0.025,0.009,0.000,0.012
23214,0.025,0.009,0.000,0.012
23215,0.025,0.009,0.000,0.012
23216,0.025,0.009,0.000,0.012
23217,0.025,0.009,0.000,0.012
23218,0.025,0.009,0.000,0.012
23219,0.025,0.009,0.000,0.012
23220,0.025,0.009,0.000,0.012
23221,0.025,0.009,0.000,0.012
23222,0.025,0.009,0.000,0.012
23223,0.025,0.009,0.000,0.012
23224,0.025,0.009,0.000,0.012
23225,0.025,0.009,0.000,0.012
23226,0.025,0.009,0.000,0.012
23227,0.025,0.009,0.000,0.012
23228,0.025,0.009,0.000,0.012
23229,0.025,0.009,0.000,0.012
23230,0.025,0.009,0.000,0.012
23231,0.025,0.009,0.000,0.012
23232,0.025,0.009,0.000,0.012
23233,0.025,0.009,0.000,0.012
23234,0.025,0.009,0.000,0.012
23235,0.025,0.009,0.000,0.012
23236,0.025,0.009,0.000,0.012
23237,0.025,0.009,0.000,0.012
23238,0.025,0.009,0.000,0.012
23239,0.025,0.009,0.000,0.012
23240,0.025,0.009,0.000,0.012
23241,0.025,0.009,0.000,0.012
23242,0.025,0.009,0.000,0.012
23243,0.025,0.009,0.000,0.012
23244,0.025,0.009,0.000,0.012
23245,0.025,0.009,0.000,0.012
23246,0.025,0.009,0.000,0.012
23247,0.025,0.009,0.000,0.012
23248,0.025,0.009,0.000,0.012
23249,0.025,0.009,0.000,0.012
23250,0.025,0.009,0.000,0.012
23251,0.025,0.009,0.000,0.012
23252,0.025,0.009,0.000,0.012
23253,0.025,0.009,0.000,0.012
23254,0.025,0.009,0.000,0.012
23255,0.025,0.009,0.000,0.012
23256,0.025,0.009,0.000,0.012
23257,0.025,0.009,0.000,0.012
23258,0.025,0.009,0.000,0.012
23259,0.025,0.009,0.000,0.012
23260,0.025,0.009,0.000,0.012
23261,0.025,0.009,0.000,0.012
23262,0.025,0.009,0.000,0.012
23263,0.025,0.009,0.000,0.012
23264,0.025,0.009,0.000,0.012
23265,0.025,0.009,0.000,0.012
23266,0.025,0.009,0.000,0.012
23267,0.025,0.009,0.000,0.012
23268,0.025,0.009,0.000,0.012
23269,0.025,0.009,0.000,0.012
23270,0.025,0.009,0.000,0.012
23271,0.025,0.009,0.000,0.012
23272,0.025,0.009,0.000,0.012
23273,0.025,0.009,0.000,0.012
23274,0.025,0.009,0.000,0.012
23275,0.025,0.009,0.000,0.012
23276,0.025,0.009,0.000,0.012
23277,0.025,0.009,0.000,0.012
23278,0.025,0.009,0.000,0.012
23279,0.025,0.009,0.000,0.012
23280,0.025,0.009,0.000,0.012
23281,0.025,0.009,0.000,0.012
23282,0.025,0.009,0.000,0.012
23283,0.025,0.009,0.000,0.012
23284,0.025,0.009,0.000,0.012
23285,0.025,0.009,0.000,0.012
23286,0.025,0.009,0.000,0.012
23287,0.025,0.009,0.000,0.012
23288,0.025,0.009,0.000,0.012
23289,0.025,0.009,0.000,0.012
23290,0.025,0.009,0.000,0.012
23291,0.025,0.009,0.000,0.012
23292,0.025,0.009,0.000,0.012
23293,0.025,0.009,0.000,0.012
23294,0.025,0.009,0.000,0.012
23295,0.025,0.009,0.000,0.012
23296,0.025,0.009,0.000,0.012
23297,0.025,0.009,0.000,0.012
23298,0.025,0.009,0.000,0.012
23299,0.025,0.009,0.000,0.012
23300,0.025,0.009,0.000,0.012
23301,0.025,0.009,0.000,0.012
23302,0.025,0.009,0.000,0.012
23303,0.025,0.009,0.000,0.012
23304,0.025,0.009,0.000,0.012
23305,0.025,0.009,0.000,0.012
23306,0.025,0.009,0.000,0.012
23307,0.025,0.009,0.000,0.012
23308,0.025,0.009,0.000,0.012
23309,0.025,0.009,0.000,0.012
23310,0.025,0.009,0.000,0.012
23311,0.025,0.009,0.000,0.012
23312,0.025,0.009,0.000,0.012
23313,0.025,0.009,0.000,0.012
23314,0.025,0.009,0.000,0.012
23315,0.025,0.009,0.000,0.012
23316,0.025,0.009,0.000,0.012
23317,0.025,0.009,0.000,0.012
23318,0.025,0.009,0.000,0.012
23319,0.025,0.009,0.000,0.012
23320,0.025,0.009,0.000,0.012
23321,0.025,0.009,0.000,0.012
23322,0.025,0.009,0.000,0.012
23323,0.025,0.009,0.000,0.012
23324,0.025,0.009,0.000,0.012
23325,0.025,0.009,0.000,0.012
23326,0.025,0.009,0.000,0.012
23327,0.025,0.009,0.000,0.012
23328,0.025,0.009,0.000,0.012
23329,0.025,0.009,0.000,0.012
23330,0.025,0.009,0.000,0.012
23331,0.025,0.009,0.000,0.012
23332,0.025,0.009,0.000,0.012
23333,0.025,0.009,0.000,0.012
23334,0.025,0.009,0.000,0.012
23335,0.025,0.009,0.000,0.012
23336,0.025,0.009,0.000,0.012
23337,0.025,0.009,0.000,0.012
23338,0.025,0.009,0.000,0.012
23339,0.025,0.009,0.000,0.012
23340,0.025,0.009,0.000,0.012
23341,0.025,0.009,0.000,0.012
23342,0.025,0.009,0.000,0.012
23343,0.025,0.009,0.000,0.012
23344,0.025,0.009,0.000,0.012
23345,0.025,0.009,0.000,0.012
23346,0.025,0.009,0.000,0.012
23347,0.025,0.009,0.000,0.012
23348,0.025,0.009,0.000,0.012
23349,0.025,0.009,0.000,0.012
23350,0.025,0.009,0.000,0.012
23351,0.025,0.009,0.000,0.012
23352,0.025,0.009,0.000,0.012
23353,0.025,0.009,0.000,0.012
23354,0.025,0.009,0.000,0.012
23355,0.025,0.009,0.000,0.012
23356,0.025,0.009,0.000,0.012
23357,0.025,0.009,0.000,0.012
23358,0.025,0.009,0.000,0.012
23359,0.025,0.009,0.000,0.012
23360,0.025,0.009,0.000,0.012
23361,0.025,0.009,0.000,0.012
23362,0.025,0.009,0.000,0.012
23363,0.025,0.009,0.000,0.012
23364,0.025,0.009,0.000,0.012
23365,0.025,0.009,0.000,0.012
23366,0.025,0.009,0.000,0.012
23367,0.025,0.009,0.000,0.012
23368,0.025,0.009,0.000,0.012
23369,0.025,0.009,0.000,0.012
23370,0.025,0.009,0.000,0.012
23371,0.025,0.009,0.000,0.012
23372,0.025,0.009,0.000,0.012
23373,0.025,0.009,0.000,0.012
23374,0.025,0.009,0.000,0.012
23375,0.025,0.009,0.000,0.012
23376,0.025,0.009,0.000,0.012
23377,0.025,0.009,0.000,0.012
23378,0.025,0.009,0.000,0.012
23379,0.025,0.009,0.000,0.012
23380,0.025,0.009,0.000,0.012
23381,0.025,0.009,0.000,0.012
23382,0.025,0.009,0.000,0.012
23383,0.025,0.009,0.000,0.012
23384,0.025,0.009,0.000,0.012
23385,0.025,0.009,0.000,0.012
23386,0.025,0.009,0.000,0.012
23387,0.025,0.009,0.000,0.012
23388,0.025,0.009,0.000,0.012
23389,0.025,0.009,0.000,0.012
23390,0.025,0.009,0.000,0.012
23391,0.025,0.009,0.000,0.012
23392,0.025,0.009,0.000,0.012
23393,0.025,0.009,0.000,0.012
23394,0.025,0.009,0.000,0.012
23395,0.025,0.009,0.000,0.012
23396,0.025,0.009,0.000,0.012
23397,0.025,0.009,0.000,0.012
23398,0.025,0.009,0.000,0.012
23399,0.025,0.009,0.000,0.012
23400,0.025,0.009,0.000,0.012
23401,0.025,0.009,0.000,0.012
23402,0.025,0.009,0.000,0.012
23403,0.025,0.009,0.000,0.012
23404,0.025,0.009,0.000,0.012
23405,0.025,0.009,0.000,0.012
23406,0.025,0.009,0.000,0.012
23407,0.025,0.009,0.000,0.012
23408,0.025,0.009,0.000,0.012
23409,0.025,0.009,0.000,0.012
23410,0.025,0.009,0.000,0.012
23411,0.025,0.009,0.000,0.012
23412,0.025,0.009,0.000,0.012
23413,0.025,0.009,0.000,0.012
23414,0.025,0.009,0.000,0.012
23415,0.025,0.009,0.000,0.012
23416,0.025,0.009,0.000,0.012
23417,0.025,0.009,0.000,0.012
23418,0.025,0.009,0.000,0.012
23419,0.025,0.009,0.000,0.012
23420,0.025,0.009,0.000,0.012
23421,0.025,0.009,0.000,0.012
23422,0.025,0.009,0.000,0.012
23423,0.025,0.009,0.000,0.012
23424,0.025,0.009,0.000,0.012
23425,0.025,0.009,0.000,0.012
23426,0.025,0.009,0.000,0.012
23427,0.025,0.009,0.000,0.012
23428,0.025,0.009,0.000,0.012
23429,0.025,0.009,0.000,0.012
23430,0.025,0.009,0.000,0.012
23431,0.025,0.009,0.000,0.012
23432,0.025,0.009,0.000,0.012
23433,0.025,0.009,0.000,0.012
23434,0.025,0.009,0.000,0.012
23435,0.025,0.009,0.000,0.012
23436,0.025,0.009,0.000,0.012
23437,0.025,0.009,0.000,0.012
23438,0.025,0.009,0.000,0.012
23439,0.025,0.009,0.000,0.012
23440,0.025,0.009,0.000,0.012
23441,0.025,0.009,0.000,0.012
23442,0.025,0.009,0.000,0.012
23443,0.025,0.009,0.000,0.012
23444,0.025,0.009,0.000,0.012
23445,0.025,0.009,0.000,0.012
23446,0.025,0.009,0.000,0.012
23447,0.025,0.009,0.000,0.012
23448,0.025,0.009,0.000,0.012
23449,0.025,0.009,0.000,0.012
23450,0.025,0.009,0.000,0.012
23451,0.025,0.009,0.000,0.012
23452,0.025,0.009,0.000,0.012
23453,0.025,0.009,0.000,0.012
23454,0.025,0.009,0.000,0.012
23455,0.025,0.009,0.000,0.012
23456,0.025,0.009,0.000,0.012
23457,0.025,0.009,0.000,0.012
23458,0.025,0.009,0.000,0.012
23459,0.025,0.009,0.000,0.012
23460,0.025,0.009,0.000,0.012
23461,0.025,0.009,0.000,0.012
23462,0.025,0.009,0.000,0.012
23463,0.025,0.009,0.000,0.012
23464,0.025,0.009,0.000,0.012
23465,0.025,0.009,0.000,0.012
23466,0.025,0.009,0.000,0.012
23467,0.025,0.009,0.000,0.012
23468,0.025,0.009,0.000,0.012
23469,0.025,0.009,0.000,0.012
23470,0.025,0.009,0.000,0.012
23471,0.025,0.009,0.000,0.012
23472,0.025,0.009,0.000,0.012
23473,0.025,0.009,0.000,0.012
23474,0.025,0.009,0.000,0.012
23475,0.025,0.009,0.000,0.012
23476,0.025,0.009,0.000,0.012
23477,0.025,0.009,0.000,0.012
23478,0.025,0.009,0.000,0.012
23479,0.025,0.009,0.000,0.012
23480,0.025,0.009,0.000,0.012
23481,0.025,0.009,0.000,0.012
23482,0.025,0.009,0.000,0.012
23483,0.025,0.009,0.000,0.012
23484,0.025,0.009,0.000,0.012
23485,0.025,0.009,0.000,0.012
23486,0.025,0.009,0.000,0.012
23487,0.025,0.009,0.000,0.012
23488,0.025,0.009,0.000,0.012
23489,0.025,0.009,0.000,0.012
23490,0.025,0.009,0.000,0.012
23491,0.025,0.009,0.000,0.012
23492,0.025,0.009,0.000,0.012
23493,0.025,0.009,0.000,0.012
23494,0.025,0.009,0.000,0.012
23495,0.025,0.009,0.000,0.012
23496,0.025,0.009,0.000,0.012
23497,0.025,0.009,0.000,0.012
23498,0.025,0.009,0.000,0.012
23499,0.025,0.009,0.000,0.012
23500,0.025,0.009,0.000,0.012
23501,0.025,0.009,0.000,0.012
23502,0.025,0.009,0.000,0.012
23503,0.025,0.009,0.000,0.012
23504,0.025,0.009,0.000,0.012
23505,0.025,0.009,0.000,0.012
23506,0.025,0.009,0.000,0.012
23507,0.025,0.009,0.000,0.012
23508,0.025,0.009,0.000,0.012
23509,0.025,0.009,0.000,0.012
23510,0.025,0.009,0.000,0.012
23511,0.025,0.009,0.000,0.012
23512,0.025,0.009,0.000,0.012
23513,0.025,0.009,0.000,0.012
23514,0.025,0.009,0.000,0.012
23515,0.025,0.009,0.000,0.012
23516,0.025,0.009,0.000,0.012
23517,0.025,0.009,0.000,0.012
23518,0.025,0.009,0.000,0.012
23519,0.025,0.009,0.000,0.012
23520,0.025,0.009,0.000,0.012
23521,0.025,0.009,0.000,0.012
23522,0.025,0.009,0.000,0.012
23523,0.025,0.009,0.000,0.012
23524,0.025,0.009,0.000,0.012
23525,0.025,0.009,0.000,0.012
23526,0.025,0.009,0.000,0.012
23527,0.025,0.009,0.000,0.012
23528,0.025,0.009,0.000,0.012
23529,0.025,0.009,0.000,0.012
23530,0.025,0.009,0.000,0.012
23531,0.025,0.009,0.000,0.012
23532,0.025,0.009,0.000,0.012
23533,0.025,0.009,0.000,0.012
23534,0.025,0.009,0.000,0.012
23535,0.025,0.009,0.000,0.012
23536,0.025,0.009,0.000,0.012
23537,0.025,0.009,0.000,0.012
23538,0.025,0.009,0.000,0.012
23539,0.025,0.009,0.000,0.012
23540,0.025,0.009,0.000,0.012
23541,0.025,0.009,0.000,0.012
23542,0.025,0.009,0.000,0.012
23543,0.025,0.009,0.000,0.012
23544,0.025,0.009,0.000,0.012
23545,0.025,0.009,0.000,0.012
23546,0.025,0.009,0.000,0.012
23547,0.025,0.009,0.000,0.012
23548,0.025,0.009,0.000,0.012
23549,0.025,0.009,0.000,0.012
23550,0.025,0.009,0.000,0.012
23551,0.025,0.009,0.000,0.012
23552,0.025,0.009,0.000,0.012
23553,0.025,0.009,0.000,0.012
23554,0.025,0.009,0.000,0.012
23555,0.025,0.009,0.000,0.012
23556,0.025,0.009,0.000,0.012
23557,0.025,0.009,0.000,0.012
23558,0.025,0.009,0.000,0.012
23559,0.025,0.009,0.000,0.012
23560,0.025,0.009,0.000,0.012
23561,0.025,0.009,0.000,0.012
23562,0.025,0.009,0.000,0.012
23563,0.025,0.009,0.000,0.012
23564,0.025,0.009,0.000,0.012
23565,0.025,0.009,0.000,0.012
23566,0.025,0.009,0.000,0.012
23567,0.025,0.009,0.000,0.012
23568,0.025,0.009,0.000,0.012
23569,0.025,0.009,0.000,0.012
23570,0.025,0.009,0.000,0.012
23571,0.025,0.009,0.000,0.012
23572,0.025,0.009,0.000,0.012
23573,0.025,0.009,0.000,0.012
23574,0.025,0.009,0.000,0.012
23575,0.025,0.009,0.000,0.012
23576,0.025,0.009,0.000,0.012
23577,0.025,0.009,0.000,0.012
23578,0.025,0.009,0.000,0.012
23579,0.025,0.009,0.000,0.012
23580,0.025,0.009,0.000,0.012
23581,0.025,0.009,0.000,0.012
23582,0.025,0.009,0.000,0.012
23583,0.025,0.009,0.000,0.012
23584,0.025,0.009,0.000,0.012
23585,0.025,0.009,0.000,0.012
23586,0.025,0.009,0.000,0.012
23587,0.025,0.009,0.000,0.012
23588,0.025,0.009,0.000,0.012
23589,0.025,0.009,0.000,0.012
23590,0.025,0.009,0.000,0.012
23591,0.025,0.009,0.000,0.012
23592,0.025,0.009,0.000,0.012
23593,0.025,0.009,0.000,0.012
23594,0.025,0.009,0.000,0.012
23595,0.025,0.009,0.000,0.012
23596,0.025,0.009,0.000,0.012
23597,0.025,0.009,0.000,0.012
23598,0.025,0.009,0.000,0.012
23599,0.025,0.009,0.000,0.012
23600,0.025,0.009,0.000,0.012
23601,0.025,0.009,0.000,0.012
23602,0.025,0.009,0.000,0.012
23603,0.025,0.009,0.000,0.012
23604,0.025,0.009,0.000,0.012
23605,0.025,0.009,0.000,0.012
23606,0.025,0.009,0.000,0.012
23607,0.025,0.009,0.000,0.012
23608,0.025,0.009,0.000,0.012
23609,0.025,0.009,0.000,0.012
23610,0.025,0.009,0.000,0.012
23611,0.025,0.009,0.000,0.012
23612,0.025,0.009,0.000,0.012
23613,0.025,0.009,0.000,0.012
23614,0.025,0.009,0.000,0.012
23615,0.025,0.009,0.000,0.012
23616,0.025,0.009,0.000,0.012
23617,0.025,0.009,0.000,0.012
23618,0.025,0.009,0.000,0.012
23619,0.025,0.009,0.000,0.012
23620,0.025,0.009,0.000,0.012
23621,0.025,0.009,0.000,0.012
23622,0.025,0.009,0.000,0.012
23623,0.025,0.009,0.000,0.012
23624,0.025,0.009,0.000,0.012
23625,0.025,0.009,0.000,0.012
23626,0.025,0.009,0.000,0.012
23627,0.025,0.009,0.000,0.012
23628,0.025,0.009,0.000,0.012
23629,0.025,0.009,0.000,0.012
23630,0.025,0.009,0.000,0.012
23631,0.025,0.009,0.000,0.012
23632,0.025,0.009,0.000,0.012
23633,0.025,0.009,0.000,0.012
23634,0.025,0.009,0.000,0.012
23635,0.025,0.009,0.000,0.012
23636,0.025,0.009,0.000,0.012
23637,0.025,0.009,0.000,0.012
23638,0.025,0.009,0.000,0.012
23639,0.025,0.009,0.000,0.012
23640,0.025,0.009,0.000,0.012
23641,0.025,0.009,0.000,0.012
23642,0.025,0.009,0.000,0.012
23643,0.025,0.009,0.000,0.012
23644,0.025,0.009,0.000,0.012
23645,0.025,0.009,0.000,0.012
23646,0.025,0.009,0.000,0.012
23647,0.025,0.009,0.000,0.012
23648,0.025,0.009,0.000,0.012
23649,0.025,0.009,0.000,0.012
23650,0.025,0.009,0.000,0.012
23651,0.025,0.009,0.000,0.012
23652,0.025,0.009,0.000,0.012
23653,0.025,0.009,0.000,0.012
23654,0.025,0.009,0.000,0.012
23655,0.025,0.009,0.000,0.012
23656,0.025,0.009,0.000,0.012
23657,0.025,0.009,0.000,0.012
23658,0.025,0.009,0.000,0.012
23659,0.025,0.009,0.000,0.012
23660,0.025,0.009,0.000,0.012
23661,0.025,0.009,0.000,0.012
23662,0.025,0.009,0.000,0.012
23663,0.025,0.009,0.000,0.012
23664,0.025,0.009,0.000,0.012
23665,0.025,0.009,0.000,0.012
23666,0.025,0.009,0.000,0.012
23667,0.025,0.009,0.000,0.012
23668,0.025,0.009,0.000,0.012
23669,0.025,0.009,0.000,0.012
23670,0.025,0.009,0.000,0.012
23671,0.025,0.009,0.000,0.012
23672,0.025,0.009,0.000,0.012
23673,0.025,0.009,0.000,0.012
23674,0.025,0.009,0.000,0.012
23675,0.025,0.009,0.000,0.012
23676,0.025,0.009,0.000,0.012
23677,0.025,0.009,0.000,0.012
23678,0.025,0.009,0.000,0.012
23679,0.025,0.009,0.000,0.012
23680,0.025,0.009,0.000,0.012
23681,0.025,0.009,0.000,0.012
23682,0.025,0.009,0.000,0.012
23683,0.025,0.009,0.000,0.012
23684,0.025,0.009,0.000,0.012
23685,0.025,0.009,0.000,0.012
23686,0.025,0.009,0.000,0.012
23687,0.025,0.009,0.000,0.012
23688,0.025,0.009,0.000,0.012
23689,0.025,0.009,0.000,0.012
23690,0.025,0.009,0.000,0.012
23691,0.025,0.009,0.000,0.012
23692,0.025,0.009,0.000,0.012
23693,0.025,0.009,0.000,0.012
23694,0.025,0.009,0.000,0.012
23695,0.025,0.009,0.000,0.012
23696,0.025,0.009,0.000,0.012
23697,0.025,0.009,0.000,0.012
23698,0.025,0.009,0.000,0.012
23699,0.025,0.009,0.000,0.012
23700,0.025,0.009,0.000,0.012
23701,0.025,0.009,0.000,0.012
23702,0.025,0.009,0.000,0.012
23703,0.025,0.009,0.000,0.012
23704,0.025,0.009,0.000,0.012
23705,0.025,0.009,0.000,0.012
23706,0.025,0.009,0.000,0.012
23707,0.025,0.009,0.000,0.012
23708,0.025,0.009,0.000,0.012
23709,0.025,0.009,0.000,0.012
23710,0.025,0.009,0.000,0.012
23711,0.025,0.009,0.000,0.012
23712,0.025,0.009,0.000,0.012
23713,0.025,0.009,0.000,0.012
23714,0.025,0.009,0.000,0.012
23715,0.025,0.009,0.000,0.012
23716,0.025,0.009,0.000,0.012
23717,0.025,0.009,0.000,0.012
23718,0.025,0.009,0.000,0.012
23719,0.025,0.009,0.000,0.012
23720,0.025,0.009,0.000,0.012
23721,0.025,0.009,0.000,0.012
23722,0.025,0.009,0.000,0.012
23723,0.025,0.009,0.000,0.012
23724,0.025,0.009,0.000,0.012
23725,0.025,0.009,0.000,0.012
23726,0.025,0.009,0.000,0.012
23727,0.025,0.009,0.000,0.012
23728,0.025,0.009,0.000,0.012
23729,0.025,0.009,0.000,0.012
23730,0.025,0.009,0.000,0.012
23731,0.025,0.009,0.000,0.012
23732,0.025,0.009,0.000,0.012
23733,0.025,0.009,0.000,0.012
23734,0.025,0.009,0.000,0.012
23735,0.025,0.009,0.000,0.012
23736,0.025,0.009,0.000,0.012
23737,0.025,0.009,0.000,0.012
23738,0.025,0.009,0.000,0.012
23739,0.025,0.009,0.000,0.012
23740,0.025,0.009,0.000,0.012
23741,0.025,0.009,0.000,0.012
23742,0.025,0.009,0.000,0.012
23743,0.025,0.009,0.000,0.012
23744,0.025,0.009,0.000,0.012
23745,0.025,0.009,0.000,0.012
23746,0.025,0.009,0.000,0.012
23747,0.025,0.009,0.000,0.012
23748,0.025,0.009,0.000,0.012
23749,0.025,0.009,0.000,0.012
23750,0.025,0.009,0.000,0.012
23751,0.025,0.009,0.000,0.012
23752,0.025,0.009,0.000,0.012
23753,0.025,0.009,0.000,0.012
23754,0.025,0.009,0.000,0.012
23755,0.025,0.009,0.000,0.012
23756,0.025,0.009,0.000,0.012
23757,0.025,0.009,0.000,0.012
23758,0.025,0.009,0.000,0.012
23759,0.025,0.009,0.000,0.012
23760,0.025,0.009,0.000,0.012
23761,0.025,0.009,0.000,0.012
23762,0.025,0.009,0.000,0.012
23763,0.025,0.009,0.000,0.012
23764,0.025,0.009,0.000,0.012
23765,0.025,0.009,0.000,0.012
23766,0.025,0.009,0.000,0.012
23767,0.025,0.009,0.000,0.012
23768,0.025,0.009,0.000,0.012
23769,0.025,0.009,0.000,0.012
23770,0.025,0.009,0.000,0.012
23771,0.025,0.009,0.000,0.012
23772,0.025,0.009,0.000,0.012
23773,0.025,0.009,0.000,0.012
23774,0.025,0.009,0.000,0.012
23775,0.025,0.009,0.000,0.012
23776,0.025,0.009,0.000,0.012
23777,0.025,0.009,0.000,0.012
23778,0.025,0.009,0.000,0.012
23779,0.025,0.009,0.000,0.012
23780,0.025,0.009,0.000,0.012
23781,0.025,0.009,0.000,0.012
23782,0.025,0.009,0.000,0.012
23783,0.025,0.009,0.000,0.012
23784,0.025,0.009,0.000,0.012
23785,0.025,0.009,0.000,0.012
23786,0.025,0.009,0.000,0.012
23787,0.025,0.009,0.000,0.012
23788,0.025,0.009,0.000,0.012
23789,0.025,0.009,0.000,0.012
23790,0.025,0.009,0.000,0.012
23791,0.025,0.009,0.000,0.012
23792,0.025,0.009,0.000,0.012
23793,0.025,0.009,0.000,0.012
23794,0.025,0.009,0.000,0.012
23795,0.025,0.009,0.000,0.012
23796,0.025,0.009,0.000,0.012
23797,0.025,0.009,0.000,0.012
23798,0.025,0.009,0.000,0.012
23799,0.025,0.009,0.000,0.012
23800,0.025,0.009,0.000,0.012
23801,0.025,0.009,0.000,0.012
23802,0.025,0.009,0.000,0.012
23803,0.025,0.009,0.000,0.012
23804,0.025,0.009,0.000,0.012
23805,0.025,0.009,0.000,0.012
23806,0.025,0.009,0.000,0.012
23807,0.025,0.009,0.000,0.012
23808,0.025,0.009,0.000,0.012
23809,0.025,0.009,0.000,0.012
23810,0.025,0.009,0.000,0.012
23811,0.025,0.009,0.000,0.012
23812,0.025,0.009,0.000,0.012
23813,0.025,0.009,0.000,0.012
23814,0.025,0.009,0.000,0.012
23815,0.025,0.009,0.000,0.012
23816,0.025,0.009,0.000,0.012
23817,0.025,0.009,0.000,0.012
23818,0.025,0.009,0.000,0.012
23819,0.025,0.009,0.000,0.012
23820,0.025,0.009,0.000,0.012
23821,0.025,0.009,0.000,0.012
23822,0.025,0.009,0.000,0.012
23823,0.025,0.009,0.000,0.012
23824,0.025,0.009,0.000,0.012
23825,0.025,0.009,0.000,0.012
23826,0.025,0.009,0.000,0.012
23827,0.025,0.009,0.000,0.012
23828,0.025,0.009,0.000,0.012
23829,0.025,0.009,0.000,0.012
23830,0.025,0.009,0.000,0.012
23831,0.025,0.009,0.000,0.012
23832,0.025,0.009,0.000,0.012
23833,0.025,0.009,0.000,0.012
23834,0.025,0.009,0.000,0.012
23835,0.025,0.009,0.000,0.012
23836,0.025,0.009,0.000,0.012
23837,0.025,0.009,0.000,0.012
23838,0.025,0.009,0.000,0.012
23839,0.025,0.009,0.000,0.012
23840,0.025,0.009,0.000,0.012
23841,0.025,0.009,0.000,0.012
23842,0.025,0.009,0.000,0.012
23843,0.025,0.009,0.000,0.012
23844,0.025,0.009,0.000,0.012
23845,0.025,0.009,0.000,0.012
23846,0.025,0.009,0.000,0.012
23847,0.025,0.009,0.000,0.012
23848,0.025,0.009,0.000,0.012
23849,0.025,0.009,0.000,0.012
23850,0.025,0.009,0.000,0.012
23851,0.025,0.009,0.000,0.012
23852,0.025,0.009,0.000,0.012
23853,0.025,0.009,0.000,0.012
23854,0.025,0.009,0.000,0.012
23855,0.025,0.009,0.000,0.012
23856,0.025,0.009,0.000,0.012
23857,0.025,0.009,0.000,0.012
23858,0.025,0.009,0.000,0.012
23859,0.025,0.009,0.000,0.012
23860,0.025,0.009,0.000,0.012
23861,0.025,0.009,0.000,0.012
23862,0.025,0.009,0.000,0.012
23863,0.025,0.009,0.000,0.012
23864,0.025,0.009,0.000,0.012
23865,0.025,0.009,0.000,0.012
23866,0.025,0.009,0.000,0.012
23867,0.025,0.009,0.000,0.012
23868,0.025,0.009,0.000,0.012
23869,0.025,0.009,0.000,0.012
23870,0.025,0.009,0.000,0.012
23871,0.025,0.009,0.000,0.012
23872,0.025,0.009,0.000,0.012
23873,0.025,0.009,0.000,0.012
23874,0.025,0.009,0.000,0.012
23875,0.025,0.009,0.000,0.012
23876,0.025,0.009,0.000,0.012
23877,0.025,0.009,0.000,0.012
23878,0.025,0.009,0.000,0.012
23879,0.025,0.009,0.000,0.012
23880,0.025,0.009,0.000,0.012
23881,0.025,0.009,0.000,0.012
23882,0.025,0.009,0.000,0.012
23883,0.025,0.009,0.000,0.012
23884,0.025,0.009,0.000,0.012
23885,0.025,0.009,0.000,0.012
23886,0.025,0.009,0.000,0.012
23887,0.025,0.009,0.000,0.012
23888,0.025,0.009,0.000,0.012
23889,0.025,0.009,0.000,0.012
23890,0.025,0.009,0.000,0.012
23891,0.025,0.009,0.000,0.012
23892,0.025,0.009,0.000,0.012
23893,0.025,0.009,0.000,0.012
23894,0.025,0.009,0.000,0.012
23895,0.025,0.009,0.000,0.012
23896,0.025,0.009,0.000,0.012
23897,0.025,0.009,0.000,0.012
23898,0.025,0.009,0.000,0.012
23899,0.025,0.009,0.000,0.012
23900,0.025,0.009,0.000,0.012
23901,0.025,0.009,0.000,0.012
23902,0.025,0.009,0.000,0.012
23903,0.025,0.009,0.000,0.012
23904,0.025,0.009,0.000,0.012
23905,0.025,0.009,0.000,0.012
23906,0.025,0.009,0.000,0.012
23907,0.025,0.009,0.000,0.012
23908,0.025,0.009,0.000,0.012
23909,0.025,0.009,0.000,0.012
23910,0.025,0.009,0.000,0.012
23911,0.025,0.009,0.000,0.012
23912,0.025,0.009,0.000,0.012
23913,0.025,0.009,0.000,0.012
23914,0.025,0.009,0.000,0.012
23915,0.025,0.009,0.000,0.012
23916,0.025,0.009,0.000,0.012
23917,0.025,0.009,0.000,0.012
23918,0.025,0.009,0.000,0.012
23919,0.025,0.009,0.000,0.012
23920,0.025,0.009,0.000,0.012
23921,0.025,0.009,0.000,0.012
23922,0.025,0.009,0.000,0.012
23923,0.025,0.009,0.000,0.012
23924,0.025,0.009,0.000,0.012
23925,0.025,0.009,0.000,0.012
23926,0.025,0.009,0.000,0.012
23927,0.025,0.009,0.000,0.012
23928,0.025,0.009,0.000,0.012
23929,0.025,0.009,0.000,0.012
23930,0.025,0.009,0.000,0.012
23931,0.025,0.009,0.000,0.012
23932,0.025,0.009,0.000,0.012
23933,0.025,0.009,0.000,0.012
23934,0.025,0.009,0.000,0.012
23935,0.025,0.009,0.000,0.012
23936,0.025,0.009,0.000,0.012
23937,0.025,0.009,0.000,0.012
23938,0.025,0.009,0.000,0.012
23939,0.025,0.009,0.000,0.012
23940,0.025,0.009,0.000,0.012
23941,0.025,0.009,0.000,0.012
23942,0.025,0.009,0.000,0.012
23943,0.025,0.009,0.000,0.012
23944,0.025,0.009,0.000,0.012
23945,0.025,0.009,0.000,0.012
23946,0.025,0.009,0.000,0.012
23947,0.025,0.009,0.000,0.012
23948,0.025,0.009,0.000,0.012
23949,0.025,0.009,0.000,0.012
23950,0.025,0.009,0.000,0.012
23951,0.025,0.009,0.000,0.012
23952,0.025,0.009,0.000,0.012
23953,0.025,0.009,0.000,0.012
23954,0.025,0.009,0.000,0.012
23955,0.025,0.009,0.000,0.012
23956,0.025,0.009,0.000,0.012
23957,0.025,0.009,0.000,0.012
23958,0.025,0.009,0.000,0.012
23959,0.025,0.009,0.000,0.012
23960,0.025,0.009,0.000,0.012
23961,0.025,0.009,0.000,0.012
23962,0.025,0.009,0.000,0.012
23963,0.025,0.009,0.000,0.012
23964,0.025,0.009,0.000,0.012
23965,0.025,0.009,0.000,0.012
23966,0.025,0.009,0.000,0.012
23967,0.025,0.009,0.000,0.012
23968,0.025,0.009,0.000,0.012
23969,0.025,0.009,0.000,0.012
23970,0.025,0.009,0.000,0.012
23971,0.025,0.009,0.000,0.012
23972,0.025,0.009,0.000,0.012
23973,0.025,0.009,0.000,0.012
23974,0.025,0.009,0.000,0.012
23975,0.025,0.009,0.000,0.012
23976,0.025,0.009,0.000,0.012
23977,0.025,0.009,0.000,0.012
23978,0.025,0.009,0.000,0.012
23979,0.025,0.009,0.000,0.012
23980,0.025,0.009,0.000,0.012
23981,0.025,0.009,0.000,0.012
23982,0.025,0.009,0.000,0.012
23983,0.025,0.009,0.000,0.012
23984,0.025,0.009,0.000,0.012
23985,0.025,0.009,0.000,0.012
23986,0.025,0.009,0.000,0.012
23987,0.025,0.009,0.000,0.012
23988,0.025,0.009,0.000,0.012
23989,0.025,0.009,0.000,0.012
23990,0.025,0.009,0.000,0.012
23991,0.025,0.009,0.000,0.012
23992,0.025,0.009,0.000,0.012
23993,0.025,0.009,0.000,0.012
23994,0.025,0.009,0.000,0.012
23995,0.025,0.009,0.000,0.012
23996,0.025,0.009,0.000,0.012
23997,0.025,0.009,0.000,0.012
23998,0.025,0.009,0.000,0.012
23999,0.025,0.009,0.000,0.012
24000,0.025,0.009,0.000,0.012
24001,0.025,0.009,0.000,0.012
24002,0.025,0.009,0.000,0.012
24003,0.025,0.009,0.000,0.012
24004,0.025,0.009,0.000,0.012
24005,0.025,0.009,0.000,0.012
24006,0.025,0.009,0.000,0.012
24007,0.025,0.009,0.000,0.012
24008,0.025,0.009,0.000,0.012
24009,0.025,0.009,0.000,0.012
24010,0.025,0.009,0.000,0.012
24011,0.025,0.009,0.000,0.012
24012,0.025,0.009,0.000,0.012
24013,0.025,0.009,0.000,0.012
24014,0.025,0.009,0.000,0.012
24015,0.025,0.009,0.000,0.012
24016,0.025,0.009,0.000,0.012
24017,0.025,0.009,0.000,0.012
24018,0.025,0.009,0.000,0.012
24019,0.025,0.009,0.000,0.012
24020,0.025,0.009,0.000,0.012
24021,0.025,0.009,0.000,0.012
24022,0.025,0.009,0.000,0.012
24023,0.025,0.009,0.000,0.012
24024,0.025,0.009,0.000,0.012
24025,0.025,0.009,0.000,0.012
24026,0.025,0.009,0.000,0.012
24027,0.025,0.009,0.000,0.012
24028,0.025,0.009,0.000,0.012
24029,0.025,0.009,0.000,0.012
24030,0.025,0.009,0.000,0.012
24031,0.025,0.009,0.000,0.012
24032,0.025,0.009,0.000,0.012
24033,0.025,0.009,0.000,0.012
24034,0.025,0.009,0.000,0.012
24035,0.025,0.009,0.000,0.012
24036,0.025,0.009,0.000,0.012
24037,0.025,0.009,0.000,0.012
24038,0.025,0.009,0.000,0.012
24039,0.025,0.009,0.000,0.012
24040,0.025,0.009,0.000,0.012
24041,0.025,0.009,0.000,0.012
24042,0.025,0.009,0.000,0.012
24043,0.025,0.009,0.000,0.012
24044,0.025,0.009,0.000,0.012
24045,0.025,0.009,0.000,0.012
24046,0.025,0.009,0.000,0.012
24047,0.025,0.009,0.000,0.012
24048,0.025,0.009,0.000,0.012
24049,0.025,0.009,0.000,0.012
24050,0.025,0.009,0.000,0.012
24051,0.025,0.009,0.000,0.012
24052,0.025,0.009,0.000,0.012
24053,0.025,0.009,0.000,0.012
24054,0.025,0.009,0.000,0.012
24055,0.025,0.009,0.000,0.012
24056,0.025,0.009,0.000,0.012
24057,0.025,0.009,0.000,0.012
24058,0.025,0.009,0.000,0.012
24059,0.025,0.009,0.000,0.012
24060,0.025,0.009,0.000,0.012
24061,0.025,0.009,0.000,0.012
24062,0.025,0.009,0.000,0.012
24063,0.025,0.009,0.000,0.012
24064,0.025,0.009,0.000,0.012
24065,0.025,0.009,0.000,0.012
24066,0.025,0.009,0.000,0.012
24067,0.025,0.009,0.000,0.012
24068,0.025,0.009,0.000,0.012
24069,0.025,0.009,0.000,0.012
24070,0.025,0.009,0.000,0.012
24071,0.025,0.009,0.000,0.012
24072,0.025,0.009,0.000,0.012
24073,0.025,0.009,0.000,0.012
24074,0.025,0.009,0.000,0.012
24075,0.025,0.009,0.000,0.012
24076,0.025,0.009,0.000,0.012
24077,0.025,0.009,0.000,0.012
24078,0.025,0.009,0.000,0.012
24079,0.025,0.009,0.000,0.012
24080,0.025,0.009,0.000,0.012
24081,0.025,0.009,0.000,0.012
24082,0.025,0.009,0.000,0.012
24083,0.025,0.009,0.000,0.012
24084,0.025,0.009,0.000,0.012
24085,0.025,0.009,0.000,0.012
24086,0.025,0.009,0.000,0.012
24087,0.025,0.009,0.000,0.012
24088,0.025,0.009,0.000,0.012
24089,0.025,0.009,0.000,0.012
24090,0.025,0.009,0.000,0.012
24091,0.025,0.009,0.000,0.012
24092,0.025,0.009,0.000,0.012
24093,0.025,0.009,0.000,0.012
24094,0.025,0.009,0.000,0.012
24095,0.025,0.009,0.000,0.012
24096,0.025,0.009,0.000,0.012
24097,0.025,0.009,0.000,0.012
24098,0.025,0.009,0.000,0.012
24099,0.025,0.009,0.000,0.012
24100,0.025,0.009,0.000,0.012
24101,0.025,0.009,0.000,0.012
24102,0.025,0.009,0.000,0.012
24103,0.025,0.009,0.000,0.012
24104,0.025,0.009,0.000,0.012
24105,0.025,0.009,0.000,0.012
24106,0.025,0.009,0.000,0.012
24107,0.025,0.009,0.000,0.012
24108,0.025,0.009,0.000,0.012
24109,0.025,0.009,0.000,0.012
24110,0.025,0.009,0.000,0.012
24111,0.025,0.009,0.000,0.012
24112,0.025,0.009,0.000,0.012
24113,0.025,0.009,0.000,0.012
24114,0.025,0.009,0.000,0.012
24115,0.025,0.009,0.000,0.012
24116,0.025,0.009,0.000,0.012
24117,0.025,0.009,0.000,0.012
24118,0.025,0.009,0.000,0.012
24119,0.025,0.009,0.000,0.012
24120,0.025,0.009,0.000,0.012
24121,0.025,0.009,0.000,0.012
24122,0.025,0.009,0.000,0.012
24123,0.025,0.009,0.000,0.012
24124,0.025,0.009,0.000,0.012
24125,0.025,0.009,0.000,0.012
24126,0.025,0.009,0.000,0.012
24127,0.025,0.009,0.000,0.012
24128,0.025,0.009,0.000,0.012
24129,0.025,0.009,0.000,0.012
24130,0.025,0.009,0.000,0.012
24131,0.025,0.009,0.000,0.012
24132,0.025,0.009,0.000,0.012
24133,0.025,0.009,0.000,0.012
24134,0.025,0.009,0.000,0.012
24135,0.025,0.009,0.000,0.012
24136,0.025,0.009,0.000,0.012
24137,0.025,0.009,0.000,0.012
24138,0.025,0.009,0.000,0.012
24139,0.025,0.009,0.000,0.012
24140,0.025,0.009,0.000,0.012
24141,0.025,0.009,0.000,0.012
24142,0.025,0.009,0.000,0.012
24143,0.025,0.009,0.000,0.012
24144,0.025,0.009,0.000,0.012
24145,0.025,0.009,0.000,0.012
24146,0.025,0.009,0.000,0.012
24147,0.025,0.009,0.000,0.012
24148,0.025,0.009,0.000,0.012
24149,0.025,0.009,0.000,0.012
24150,0.025,0.009,0.000,0.012
24151,0.025,0.009,0.000,0.012
24152,0.025,0.009,0.000,0.012
24153,0.025,0.009,0.000,0.012
24154,0.025,0.009,0.000,0.012
24155,0.025,0.009,0.000,0.012
24156,0.025,0.009,0.000,0.012
24157,0.025,0.009,0.000,0.012
24158,0.025,0.009,0.000,0.012
24159,0.025,0.009,0.000,0.012
24160,0.024,0.009,0.000,0.012
24161,0.025,0.009,0.000,0.012
24162,0.025,0.009,0.000,0.012
24163,0.025,0.009,0.000,0.012
24164,0.025,0.009,0.000,0.012
24165,0.025,0.009,0.000,0.012
24166,0.025,0.009,0.000,0.012
24167,0.025,0.009,0.000,0.012
24168,0.025,0.009,0.000,0.012
24169,0.025,0.009,0.000,0.012
24170,0.025,0.009,0.000,0.012
24171,0.025,0.009,0.000,0.012
24172,0.025,0.009,0.000,0.012
24173,0.025,0.009,0.000,0.012
24174,0.025,0.009,0.000,0.012
24175,0.025,0.009,0.000,0.012
24176,0.025,0.009,0.000,0.012
24177,0.025,0.009,0.000,0.012
24178,0.025,0.009,0.000,0.012
24179,0.025,0.009,0.000,0.012
24180,0.025,0.009,0.000,0.012
24181,0.025,0.009,0.000,0.012
24182,0.025,0.009,0.000,0.012
24183,0.025,0.009,0.000,0.012
24184,0.025,0.009,0.000,0.012
24185,0.025,0.009,0.000,0.012
24186,0.025,0.009,0.000,0.012
24187,0.025,0.009,0.000,0.012
24188,0.025,0.009,0.000,0.012
24189,0.025,0.009,0.000,0.012
24190,0.025,0.009,0.000,0.012
24191,0.025,0.009,0.000,0.012
24192,0.025,0.009,0.000,0.012
24193,0.025,0.009,0.000,0.012
24194,0.025,0.009,0.000,0.012
24195,0.025,0.009,0.000,0.012
24196,0.025,0.009,0.000,0.012
24197,0.025,0.009,0.000,0.012
24198,0.025,0.009,0.000,0.012
24199,0.025,0.009,0.000,0.012
24200,0.025,0.009,0.000,0.012
24201,0.025,0.009,0.000,0.012
24202,0.025,0.009,0.000,0.012
24203,0.025,0.009,0.000,0.012
24204,0.025,0.009,0.000,0.012
24205,0.025,0.009,0.000,0.012
24206,0.025,0.009,0.000,0.012
24207,0.025,0.009,0.000,0.012
24208,0.025,0.009,0.000,0.012
24209,0.025,0.009,0.000,0.012
24210,0.025,0.009,0.000,0.012
24211,0.025,0.009,0.000,0.012
24212,0.025,0.009,0.000,0.012
24213,0.025,0.009,0.000,0.012
24214,0.025,0.009,0.000,0.012
24215,0.025,0.009,0.000,0.012
24216,0.025,0.009,0.000,0.012
24217,0.025,0.009,0.000,0.012
24218,0.025,0.009,0.000,0.012
24219,0.025,0.009,0.000,0.012
24220,0.025,0.009,0.000,0.012
24221,0.025,0.009,0.000,0.012
24222,0.025,0.009,0.000,0.012
24223,0.025,0.009,0.000,0.012
24224,0.025,0.009,0.000,0.012
24225,0.025,0.009,0.000,0.012
24226,0.025,0.009,0.000,0.012
24227,0.025,0.009,0.000,0.012
24228,0.025,0.009,0.000,0.012
24229,0.025,0.009,0.000,0.012
24230,0.025,0.009,0.000,0.012
24231,0.025,0.009,0.000,0.012
24232,0.025,0.009,0.000,0.012
24233,0.025,0.009,0.000,0.012
24234,0.025,0.009,0.000,0.012
24235,0.025,0.009,0.000,0.012
24236,0.025,0.009,0.000,0.012
24237,0.025,0.009,0.000,0.012
24238,0.025,0.009,0.000,0.012
24239,0.025,0.009,0.000,0.012
24240,0.025,0.009,0.000,0.012
24241,0.025,0.009,0.000,0.012
24242,0.025,0.009,0.000,0.012
24243,0.025,0.009,0.000,0.012
24244,0.025,0.009,0.000,0.012
24245,0.025,0.009,0.000,0.012
24246,0.025,0.009,0.000,0.012
24247,0.025,0.009,0.000,0.012
24248,0.025,0.009,0.000,0.012
24249,0.025,0.009,0.000,0.012
24250,0.025,0.009,0.000,0.012
24251,0.025,0.009,0.000,0.012
24252,0.025,0.009,0.000,0.012
24253,0.025,0.009,0.000,0.012
24254,0.025,0.009,0.000,0.012
24255,0.025,0.009,0.000,0.012
24256,0.025,0.009,0.000,0.012
24257,0.025,0.009,0.000,0.012
24258,0.025,0.009,0.000,0.012
24259,0.025,0.009,0.000,0.012
24260,0.025,0.009,0.000,0.012
24261,0.025,0.009,0.000,0.012
24262,0.025,0.009,0.000,0.012
24263,0.025,0.009,0.000,0.012
24264,0.025,0.009,0.000,0.012
24265,0.025,0.009,0.000,0.012
24266,0.025,0.009,0.000,0.012
24267,0.025,0.009,0.000,0.012
24268,0.025,0.009,0.000,0.012
24269,0.025,0.009,0.000,0.012
24270,0.025,0.009,0.000,0.012
24271,0.025,0.009,0.000,0.012
24272,0.025,0.009,0.000,0.012
24273,0.025,0.009,0.000,0.012
24274,0.025,0.009,0.000,0.012
24275,0.025,0.009,0.000,0.012
24276,0.025,0.009,0.000,0.012
24277,0.025,0.009,0.000,0.012
24278,0.025,0.009,0.000,0.012
24279,0.025,0.009,0.000,0.012
24280,0.025,0.009,0.000,0.012
24281,0.025,0.009,0.000,0.012
24282,0.025,0.009,0.000,0.012
24283,0.025,0.009,0.000,0.012
24284,0.025,0.009,0.000,0.012
24285,0.025,0.009,0.000,0.012
24286,0.025,0.009,0.000,0.012
24287,0.025,0.009,0.000,0.012
24288,0.025,0.009,0.000,0.012
24289,0.025,0.009,0.000,0.012
24290,0.025,0.009,0.000,0.012
24291,0.025,0.009,0.000,0.012
24292,0.025,0.009,0.000,0.012
24293,0.025,0.009,0.000,0.012
24294,0.025,0.009,0.000,0.012
24295,0.025,0.009,0.000,0.012
24296,0.025,0.009,0.000,0.012
24297,0.025,0.009,0.000,0.012
24298,0.025,0.009,0.000,0.012
24299,0.025,0.009,0.000,0.012
24300,0.025,0.009,0.000,0.012
24301,0.025,0.009,0.000,0.012
24302,0.025,0.009,0.000,0.012
24303,0.025,0.009,0.000,0.012
24304,0.025,0.009,0.000,0.012
24305,0.025,0.009,0.000,0.012
24306,0.025,0.009,0.000,0.012
24307,0.025,0.009,0.000,0.012
24308,0.025,0.009,0.000,0.012
24309,0.025,0.009,0.000,0.012
24310,0.025,0.009,0.000,0.012
24311,0.025,0.009,0.000,0.012
24312,0.025,0.009,0.000,0.012
24313,0.025,0.009,0.000,0.012
24314,0.025,0.009,0.000,0.012
24315,0.025,0.009,0.000,0.012
24316,0.025,0.009,0.000,0.012
24317,0.025,0.009,0.000,0.012
24318,0.025,0.009,0.000,0.012
24319,0.025,0.009,0.000,0.012
24320,0.025,0.009,0.000,0.012
24321,0.025,0.009,0.000,0.012
24322,0.025,0.009,0.000,0.012
24323,0.025,0.009,0.000,0.012
24324,0.025,0.009,0.000,0.012
24325,0.025,0.009,0.000,0.012
24326,0.025,0.009,0.000,0.012
24327,0.025,0.009,0.000,0.012
24328,0.025,0.009,0.000,0.012
24329,0.025,0.009,0.000,0.012
24330,0.025,0.009,0.000,0.012
24331,0.025,0.009,0.000,0.012
24332,0.025,0.009,0.000,0.012
24333,0.025,0.009,0.000,0.012
24334,0.025,0.009,0.000,0.012
24335,0.025,0.009,0.000,0.012
24336,0.025,0.009,0.000,0.012
24337,0.025,0.009,0.000,0.012
24338,0.025,0.009,0.000,0.012
24339,0.025,0.009,0.000,0.012
24340,0.025,0.009,0.000,0.012
24341,0.025,0.009,0.000,0.012
24342,0.025,0.009,0.000,0.012
24343,0.025,0.009,0.000,0.012
24344,0.025,0.009,0.000,0.012
24345,0.025,0.009,0.000,0.012
24346,0.025,0.009,0.000,0.012
24347,0.025,0.009,0.000,0.012
24348,0.025,0.009,0.000,0.012
24349,0.025,0.009,0.000,0.012
24350,0.025,0.009,0.000,0.012
24351,0.025,0.009,0.000,0.012
24352,0.025,0.009,0.000,0.012
24353,0.025,0.009,0.000,0.012
24354,0.025,0.009,0.000,0.012
24355,0.025,0.009,0.000,0.012
24356,0.025,0.009,0.000,0.012
24357,0.025,0.009,0.000,0.012
24358,0.025,0.009,0.000,0.012
24359,0.025,0.009,0.000,0.012
24360,0.025,0.009,0.000,0.012
24361,0.025,0.009,0.000,0.012
24362,0.025,0.009,0.000,0.012
24363,0.025,0.009,0.000,0.012
24364,0.025,0.009,0.000,0.012
24365,0.025,0.009,0.000,0.012
24366,0.025,0.009,0.000,0.012
24367,0.025,0.009,0.000,0.012
24368,0.025,0.009,0.000,0.012
24369,0.025,0.009,0.000,0.012
24370,0.025,0.009,0.000,0.012
24371,0.025,0.009,0.000,0.012
24372,0.025,0.009,0.000,0.012
24373,0.025,0.009,0.000,0.012
24374,0.025,0.009,0.000,0.012
24375,0.025,0.009,0.000,0.012
24376,0.025,0.009,0.000,0.012
24377,0.025,0.009,0.000,0.012
24378,0.025,0.009,0.000,0.012
24379,0.025,0.009,0.000,0.012
24380,0.025,0.009,0.000,0.012
24381,0.025,0.009,0.000,0.012
24382,0.025,0.009,0.000,0.012
24383,0.025,0.009,0.000,0.012
24384,0.025,0.009,0.000,0.012
24385,0.025,0.009,0.000,0.012
24386,0.025,0.009,0.000,0.012
24387,0.025,0.009,0.000,0.012
24388,0.025,0.009,0.000,0.012
24389,0.025,0.009,0.000,0.012
24390,0.025,0.009,0.000,0.012
24391,0.025,0.009,0.000,0.012
24392,0.025,0.009,0.000,0.012
24393,0.025,0.009,0.000,0.012
24394,0.025,0.009,0.000,0.012
24395,0.025,0.009,0.000,0.012
24396,0.025,0.009,0.000,0.012
24397,0.025,0.009,0.000,0.012
24398,0.025,0.009,0.000,0.012
24399,0.025,0.009,0.000,0.012
24400,0.025,0.009,0.000,0.012
24401,0.025,0.009,0.000,0.012
24402,0.025,0.009,0.000,0.012
24403,0.025,0.009,0.000,0.012
24404,0.025,0.009,0.000,0.012
24405,0.025,0.009,0.000,0.012
24406,0.025,0.009,0.000,0.012
24407,0.025,0.009,0.000,0.012
24408,0.025,0.009,0.000,0.012
24409,0.025,0.009,0.000,0.012
24410,0.025,0.009,0.000,0.012
24411,0.025,0.009,0.000,0.012
24412,0.025,0.009,0.000,0.012
24413,0.025,0.009,0.000,0.012
24414,0.025,0.009,0.000,0.012
24415,0.025,0.009,0.000,0.012
24416,0.025,0.009,0.000,0.012
24417,0.025,0.009,0.000,0.012
24418,0.025,0.009,0.000,0.012
24419,0.025,0.009,0.000,0.012
24420,0.025,0.009,0.000,0.012
24421,0.025,0.009,0.000,0.012
24422,0.025,0.009,0.000,0.012
24423,0.025,0.009,0.000,0.012
24424,0.025,0.009,0.000,0.012
24425,0.025,0.009,0.000,0.012
24426,0.025,0.009,0.000,0.012
24427,0.025,0.009,0.000,0.012
24428,0.025,0.009,0.000,0.012
24429,0.025,0.009,0.000,0.012
24430,0.025,0.009,0.000,0.012
24431,0.025,0.009,0.000,0.012
24432,0.025,0.009,0.000,0.012
24433,0.025,0.009,0.000,0.012
24434,0.025,0.009,0.000,0.012
24435,0.025,0.009,0.000,0.012
24436,0.025,0.009,0.000,0.012
24437,0.025,0.009,0.000,0.012
24438,0.025,0.009,0.000,0.012
24439,0.025,0.009,0.000,0.012
24440,0.025,0.009,0.000,0.012
24441,0.025,0.009,0.000,0.012
24442,0.025,0.009,0.000,0.012
24443,0.025,0.009,0.000,0.012
24444,0.025,0.009,0.000,0.012
24445,0.025,0.009,0.000,0.012
24446,0.025,0.009,0.000,0.012
24447,0.025,0.009,0.000,0.012
24448,0.025,0.009,0.000,0.012
24449,0.025,0.009,0.000,0.012
24450,0.025,0.009,0.000,0.012
24451,0.025,0.009,0.000,0.012
24452,0.025,0.009,0.000,0.012
24453,0.025,0.009,0.000,0.012
24454,0.025,0.009,0.000,0.012
24455,0.025,0.009,0.000,0.012
24456,0.025,0.009,0.000,0.012
24457,0.025,0.009,0.000,0.012
24458,0.025,0.009,0.000,0.012
24459,0.025,0.009,0.000,0.012
24460,0.025,0.009,0.000,0.012
24461,0.025,0.009,0.000,0.012
24462,0.025,0.009,0.000,0.012
24463,0.025,0.009,0.000,0.012
24464,0.025,0.009,0.000,0.012
24465,0.025,0.009,0.000,0.012
24466,0.025,0.009,0.000,0.012
24467,0.025,0.009,0.000,0.012
24468,0.025,0.009,0.000,0.012
24469,0.025,0.009,0.000,0.012
24470,0.025,0.009,0.000,0.012
24471,0.025,0.009,0.000,0.012
24472,0.025,0.009,0.000,0.012
24473,0.025,0.009,0.000,0.012
24474,0.025,0.009,0.000,0.012
24475,0.025,0.009,0.000,0.012
24476,0.025,0.009,0.000,0.012
24477,0.025,0.009,0.000,0.012
24478,0.025,0.009,0.000,0.012
24479,0.025,0.009,0.000,0.012
24480,0.025,0.009,0.000,0.012
24481,0.025,0.009,0.000,0.012
24482,0.025,0.009,0.000,0.012
24483,0.025,0.009,0.000,0.012
24484,0.025,0.009,0.000,0.012
24485,0.025,0.009,0.000,0.012
24486,0.025,0.009,0.000,0.012
24487,0.025,0.009,0.000,0.012
24488,0.025,0.009,0.000,0.012
24489,0.025,0.009,0.000,0.012
24490,0.025,0.009,0.000,0.012
24491,0.025,0.009,0.000,0.012
24492,0.025,0.009,0.000,0.012
24493,0.025,0.009,0.000,0.012
24494,0.025,0.009,0.000,0.012
24495,0.025,0.009,0.000,0.012
24496,0.025,0.009,0.000,0.012
24497,0.025,0.009,0.000,0.012
24498,0.025,0.009,0.000,0.012
24499,0.025,0.009,0.000,0.012
24500,0.025,0.009,0.000,0.012
24501,0.025,0.009,0.000,0.012
24502,0.025,0.009,0.000,0.012
24503,0.025,0.009,0.000,0.012
24504,0.025,0.009,0.000,0.012
24505,0.025,0.009,0.000,0.012
24506,0.025,0.009,0.000,0.012
24507,0.025,0.009,0.000,0.012
24508,0.025,0.009,0.000,0.012
24509,0.025,0.009,0.000,0.012
24510,0.025,0.009,0.000,0.012
24511,0.025,0.009,0.000,0.012
24512,0.025,0.009,0.000,0.012
24513,0.025,0.009,0.000,0.012
24514,0.025,0.009,0.000,0.012
24515,0.025,0.009,0.000,0.012
24516,0.025,0.009,0.000,0.012
24517,0.025,0.009,0.000,0.012
24518,0.025,0.009,0.000,0.012
24519,0.025,0.009,0.000,0.012
24520,0.025,0.009,0.000,0.012
24521,0.025,0.009,0.000,0.012
24522,0.025,0.009,0.000,0.012
24523,0.025,0.009,0.000,0.012
24524,0.025,0.009,0.000,0.012
24525,0.025,0.009,0.000,0.012
24526,0.025,0.009,0.000,0.012
24527,0.025,0.009,0.000,0.012
24528,0.025,0.009,0.000,0.012
24529,0.025,0.009,0.000,0.012
24530,0.025,0.009,0.000,0.012
24531,0.025,0.009,0.000,0.012
24532,0.025,0.009,0.000,0.012
24533,0.025,0.009,0.000,0.012
24534,0.025,0.009,0.000,0.012
24535,0.025,0.009,0.000,0.012
24536,0.025,0.009,0.000,0.012
24537,0.025,0.009,0.000,0.012
24538,0.025,0.009,0.000,0.012
24539,0.025,0.009,0.000,0.012
24540,0.025,0.009,0.000,0.012
24541,0.025,0.009,0.000,0.012
24542,0.025,0.009,0.000,0.012
24543,0.025,0.009,0.000,0.012
24544,0.025,0.009,0.000,0.012
24545,0.025,0.009,0.000,0.012
24546,0.025,0.009,0.000,0.012
24547,0.025,0.009,0.000,0.012
24548,0.025,0.009,0.000,0.012
24549,0.025,0.009,0.000,0.012
24550,0.025,0.009,0.000,0.012
24551,0.025,0.009,0.000,0.012
24552,0.025,0.009,0.000,0.012
24553,0.025,0.009,0.000,0.012
24554,0.025,0.009,0.000,0.012
24555,0.025,0.009,0.000,0.012
24556,0.025,0.009,0.000,0.012
24557,0.025,0.009,0.000,0.012
24558,0.025,0.009,0.000,0.012
24559,0.025,0.009,0.000,0.012
24560,0.025,0.009,0.000,0.012
24561,0.025,0.009,0.000,0.012
24562,0.025,0.009,0.000,0.012
24563,0.025,0.009,0.000,0.012
24564,0.025,0.009,0.000,0.012
24565,0.025,0.009,0.000,0.012
24566,0.025,0.009,0.000,0.012
24567,0.025,0.009,0.000,0.012
24568,0.025,0.009,0.000,0.012
24569,0.025,0.009,0.000,0.012
24570,0.025,0.009,0.000,0.012
24571,0.025,0.009,0.000,0.012
24572,0.025,0.009,0.000,0.012
24573,0.025,0.009,0.000,0.012
24574,0.025,0.009,0.000,0.012
24575,0.025,0.009,0.000,0.012
24576,0.025,0.009,0.000,0.012
24577,0.025,0.009,0.000,0.012
24578,0.025,0.009,0.000,0.012
24579,0.025,0.009,0.000,0.012
24580,0.025,0.009,0.000,0.012
24581,0.025,0.009,0.000,0.012
24582,0.025,0.009,0.000,0.012
24583,0.025,0.009,0.000,0.012
24584,0.025,0.009,0.000,0.012
24585,0.025,0.009,0.000,0.012
24586,0.025,0.009,0.000,0.012
24587,0.025,0.009,0.000,0.012
24588,0.025,0.009,0.000,0.012
24589,0.025,0.009,0.000,0.012
24590,0.025,0.009,0.000,0.012
24591,0.025,0.009,0.000,0.012
24592,0.025,0.009,0.000,0.012
24593,0.025,0.009,0.000,0.012
24594,0.025,0.009,0.000,0.012
24595,0.025,0.009,0.000,0.012
24596,0.025,0.009,0.000,0.012
24597,0.025,0.009,0.000,0.012
24598,0.025,0.009,0.000,0.012
24599,0.025,0.009,0.000,0.012
24600,0.025,0.009,0.000,0.012
24601,0.025,0.009,0.000,0.012
24602,0.025,0.009,0.000,0.012
24603,0.025,0.009,0.000,0.012
24604,0.025,0.009,0.000,0.012
24605,0.025,0.009,0.000,0.012
24606,0.025,0.009,0.000,0.012
24607,0.025,0.009,0.000,0.012
24608,0.025,0.009,0.000,0.012
24609,0.025,0.009,0.000,0.012
24610,0.025,0.009,0.000,0.012
24611,0.025,0.009,0.000,0.012
24612,0.025,0.009,0.000,0.012
24613,0.025,0.009,0.000,0.012
24614,0.025,0.009,0.000,0.012
24615,0.025,0.009,0.000,0.012
24616,0.025,0.009,0.000,0.012
24617,0.025,0.009,0.000,0.012
24618,0.025,0.009,0.000,0.012
24619,0.025,0.009,0.000,0.012
24620,0.025,0.009,0.000,0.012
24621,0.025,0.009,0.000,0.012
24622,0.025,0.009,0.000,0.012
24623,0.025,0.009,0.000,0.012
24624,0.025,0.009,0.000,0.012
24625,0.025,0.009,0.000,0.012
24626,0.025,0.009,0.000,0.012
24627,0.025,0.009,0.000,0.012
24628,0.025,0.009,0.000,0.012
24629,0.025,0.009,0.000,0.012
24630,0.025,0.009,0.000,0.012
24631,0.025,0.009,0.000,0.012
24632,0.025,0.009,0.000,0.012
24633,0.025,0.009,0.000,0.012
24634,0.025,0.009,0.000,0.012
24635,0.025,0.009,0.000,0.012
24636,0.025,0.009,0.000,0.012
24637,0.025,0.009,0.000,0.012
24638,0.025,0.009,0.000,0.012
24639,0.025,0.009,0.000,0.012
24640,0.025,0.009,0.000,0.012
24641,0.025,0.009,0.000,0.012
24642,0.025,0.009,0.000,0.012
24643,0.025,0.009,0.000,0.012
24644,0.025,0.009,0.000,0.012
24645,0.025,0.009,0.000,0.012
24646,0.025,0.009,0.000,0.012
24647,0.025,0.009,0.000,0.012
24648,0.025,0.009,0.000,0.012
24649,0.025,0.009,0.000,0.012
24650,0.025,0.009,0.000,0.012
24651,0.025,0.009,0.000,0.012
24652,0.025,0.009,0.000,0.012
24653,0.025,0.009,0.000,0.012
24654,0.025,0.009,0.000,0.012
24655,0.025,0.009,0.000,0.012
24656,0.025,0.009,0.000,0.012
24657,0.025,0.009,0.000,0.012
24658,0.025,0.009,0.000,0.012
24659,0.025,0.009,0.000,0.012
24660,0.025,0.009,0.000,0.012
24661,0.025,0.009,0.000,0.012
24662,0.025,0.009,0.000,0.012
24663,0.025,0.009,0.000,0.012
24664,0.025,0.009,0.000,0.012
24665,0.025,0.009,0.000,0.012
24666,0.025,0.009,0.000,0.012
24667,0.025,0.009,0.000,0.012
24668,0.025,0.009,0.000,0.012
24669,0.025,0.009,0.000,0.012
24670,0.025,0.009,0.000,0.012
24671,0.025,0.009,0.000,0.012
24672,0.025,0.009,0.000,0.012
24673,0.025,0.009,0.000,0.012
24674,0.025,0.009,0.000,0.012
24675,0.025,0.009,0.000,0.012
24676,0.025,0.009,0.000,0.012
24677,0.025,0.009,0.000,0.012
24678,0.025,0.009,0.000,0.012
24679,0.025,0.009,0.000,0.012
24680,0.025,0.009,0.000,0.012
24681,0.025,0.009,0.000,0.012
24682,0.025,0.009,0.000,0.012
24683,0.025,0.009,0.000,0.012
24684,0.025,0.009,0.000,0.012
24685,0.025,0.009,0.000,0.012
24686,0.025,0.009,0.000,0.012
24687,0.025,0.009,0.000,0.012
24688,0.025,0.009,0.000,0.012
24689,0.025,0.009,0.000,0.012
24690,0.025,0.009,0.000,0.012
24691,0.025,0.009,0.000,0.012
24692,0.025,0.009,0.000,0.012
24693,0.025,0.009,0.000,0.012
24694,0.025,0.009,0.000,0.012
24695,0.025,0.009,0.000,0.012
24696,0.025,0.009,0.000,0.012
24697,0.025,0.009,0.000,0.012
24698,0.025,0.009,0.000,0.012
24699,0.025,0.009,0.000,0.012
24700,0.025,0.009,0.000,0.012
24701,0.025,0.009,0.000,0.012
24702,0.025,0.009,0.000,0.012
24703,0.025,0.009,0.000,0.012
24704,0.025,0.009,0.000,0.012
24705,0.025,0.009,0.000,0.012
24706,0.025,0.009,0.000,0.012
24707,0.025,0.009,0.000,0.012
24708,0.025,0.009,0.000,0.012
24709,0.025,0.009,0.000,0.012
24710,0.025,0.009,0.000,0.012
24711,0.025,0.009,0.000,0.012
24712,0.025,0.009,0.000,0.012
24713,0.025,0.009,0.000,0.012
24714,0.025,0.009,0.000,0.012
24715,0.025,0.009,0.000,0.012
24716,0.025,0.009,0.000,0.012
24717,0.025,0.009,0.000,0.012
24718,0.025,0.009,0.000,0.012
24719,0.025,0.009,0.000,0.012
24720,0.025,0.009,0.000,0.012
24721,0.025,0.009,0.000,0.012
24722,0.025,0.009,0.000,0.012
24723,0.025,0.009,0.000,0.012
24724,0.025,0.009,0.000,0.012
24725,0.025,0.009,0.000,0.012
24726,0.025,0.009,0.000,0.012
24727,0.025,0.009,0.000,0.012
24728,0.025,0.009,0.000,0.012
24729,0.025,0.009,0.000,0.012
24730,0.025,0.009,0.000,0.012
24731,0.025,0.009,0.000,0.012
24732,0.025,0.009,0.000,0.012
24733,0.025,0.009,0.000,0.012
24734,0.025,0.009,0.000,0.012
24735,0.025,0.009,0.000,0.012
24736,0.025,0.009,0.000,0.012
24737,0.025,0.009,0.000,0.012
24738,0.025,0.009,0.000,0.012
24739,0.025,0.009,0.000,0.012
24740,0.025,0.009,0.000,0.012
24741,0.025,0.009,0.000,0.012
24742,0.025,0.009,0.000,0.012
24743,0.025,0.009,0.000,0.012
24744,0.025,0.009,0.000,0.012
24745,0.025,0.009,0.000,0.012
24746,0.025,0.009,0.000,0.012
24747,0.025,0.009,0.000,0.012
24748,0.025,0.009,0.000,0.012
24749,0.025,0.009,0.000,0.012
24750,0.025,0.009,0.000,0.012
24751,0.025,0.009,0.000,0.012
24752,0.025,0.009,0.000,0.012
24753,0.025,0.009,0.000,0.012
24754,0.025,0.009,0.000,0.012
24755,0.025,0.009,0.000,0.012
24756,0.025,0.009,0.000,0.012
24757,0.025,0.009,0.000,0.012
24758,0.025,0.009,0.000,0.012
24759,0.025,0.009,0.000,0.012
24760,0.025,0.009,0.000,0.012
24761,0.025,0.009,0.000,0.012
24762,0.025,0.009,0.000,0.012
24763,0.025,0.009,0.000,0.012
24764,0.025,0.009,0.000,0.012
24765,0.025,0.009,0.000,0.012
24766,0.025,0.009,0.000,0.012
24767,0.025,0.009,0.000,0.012
24768,0.025,0.009,0.000,0.012
24769,0.025,0.009,0.000,0.012
24770,0.025,0.009,0.000,0.012
24771,0.025,0.009,0.000,0.012
24772,0.025,0.009,0.000,0.012
24773,0.025,0.009,0.000,0.012
24774,0.025,0.009,0.000,0.012
24775,0.025,0.009,0.000,0.012
24776,0.025,0.009,0.000,0.012
24777,0.025,0.009,0.000,0.012
24778,0.025,0.009,0.000,0.012
24779,0.025,0.009,0.000,0.012
24780,0.025,0.009,0.000,0.012
24781,0.025,0.009,0.000,0.012
24782,0.025,0.009,0.000,0.012
24783,0.025,0.009,0.000,0.012
24784,0.025,0.009,0.000,0.012
24785,0.025,0.009,0.000,0.012
24786,0.025,0.009,0.000,0.012
24787,0.025,0.009,0.000,0.012
24788,0.025,0.009,0.000,0.012
24789,0.025,0.009,0.000,0.012
24790,0.025,0.009,0.000,0.012
24791,0.025,0.009,0.000,0.012
24792,0.025,0.009,0.000,0.012
24793,0.025,0.009,0.000,0.012
24794,0.025,0.009,0.000,0.012
24795,0.025,0.009,0.000,0.012
24796,0.025,0.009,0.000,0.012
24797,0.025,0.009,0.000,0.012
24798,0.025,0.009,0.000,0.012
24799,0.025,0.009,0.000,0.012
24800,0.025,0.009,0.000,0.012
24801,0.025,0.009,0.000,0.012
24802,0.025,0.009,0.000,0.012
24803,0.025,0.009,0.000,0.012
24804,0.025,0.009,0.000,0.012
24805,0.025,0.009,0.000,0.012
24806,0.025,0.009,0.000,0.012
24807,0.025,0.009,0.000,0.012
24808,0.025,0.009,0.000,0.012
24809,0.025,0.009,0.000,0.012
24810,0.025,0.009,0.000,0.012
24811,0.025,0.009,0.000,0.012
24812,0.025,0.009,0.000,0.012
24813,0.025,0.009,0.000,0.012
24814,0.025,0.009,0.000,0.012
24815,0.025,0.009,0.000,0.012
24816,0.025,0.009,0.000,0.012
24817,0.025,0.009,0.000,0.012
24818,0.025,0.009,0.000,0.012
24819,0.025,0.009,0.000,0.012
24820,0.025,0.009,0.000,0.012
24821,0.025,0.009,0.000,0.012
24822,0.025,0.009,0.000,0.012
24823,0.025,0.009,0.000,0.012
24824,0.025,0.009,0.000,0.012
24825,0.025,0.009,0.000,0.012
24826,0.025,0.009,0.000,0.012
24827,0.025,0.009,0.000,0.012
24828,0.025,0.009,0.000,0.012
24829,0.025,0.009,0.000,0.012
24830,0.025,0.009,0.000,0.012
24831,0.025,0.009,0.000,0.012
24832,0.025,0.009,0.000,0.012
24833,0.025,0.009,0.000,0.012
24834,0.025,0.009,0.000,0.012
24835,0.025,0.009,0.000,0.012
24836,0.025,0.009,0.000,0.012
24837,0.025,0.009,0.000,0.012
24838,0.025,0.009,0.000,0.012
24839,0.025,0.009,0.000,0.012
24840,0.025,0.009,0.000,0.012
24841,0.025,0.009,0.000,0.012
24842,0.025,0.009,0.000,0.012
24843,0.025,0.009,0.000,0.012
24844,0.025,0.009,0.000,0.012
24845,0.025,0.009,0.000,0.012
24846,0.025,0.009,0.000,0.012
24847,0.025,0.009,0.000,0.012
24848,0.025,0.009,0.000,0.012
24849,0.025,0.009,0.000,0.012
24850,0.025,0.009,0.000,0.012
24851,0.025,0.009,0.000,0.012
24852,0.025,0.009,0.000,0.012
24853,0.025,0.009,0.000,0.012
24854,0.025,0.009,0.000,0.012
24855,0.025,0.009,0.000,0.012
24856,0.025,0.009,0.000,0.012
24857,0.025,0.009,0.000,0.012
24858,0.025,0.009,0.000,0.012
24859,0.025,0.009,0.000,0.012
24860,0.025,0.009,0.000,0.012
24861,0.025,0.009,0.000,0.012
24862,0.025,0.009,0.000,0.012
24863,0.025,0.009,0.000,0.012
24864,0.025,0.009,0.000,0.012
24865,0.025,0.009,0.000,0.012
24866,0.025,0.009,0.000,0.012
24867,0.025,0.009,0.000,0.012
24868,0.025,0.009,0.000,0.012
24869,0.025,0.009,0.000,0.012
24870,0.025,0.009,0.000,0.012
24871,0.025,0.009,0.000,0.012
24872,0.025,0.009,0.000,0.012
24873,0.025,0.009,0.000,0.012
24874,0.025,0.009,0.000,0.012
24875,0.025,0.009,0.000,0.012
24876,0.025,0.009,0.000,0.012
24877,0.025,0.009,0.000,0.012
24878,0.025,0.009,0.000,0.012
24879,0.025,0.009,0.000,0.012
24880,0.025,0.009,0.000,0.012
24881,0.025,0.009,0.000,0.012
24882,0.025,0.009,0.000,0.012
24883,0.025,0.009,0.000,0.012
24884,0.025,0.009,0.000,0.012
24885,0.025,0.009,0.000,0.012
24886,0.025,0.009,0.000,0.012
24887,0.025,0.009,0.000,0.012
24888,0.025,0.009,0.000,0.012
24889,0.025,0.009,0.000,0.012
24890,0.025,0.009,0.000,0.012
24891,0.025,0.009,0.000,0.012
24892,0.025,0.009,0.000,0.012
24893,0.025,0.009,0.000,0.012
24894,0.025,0.009,0.000,0.012
24895,0.025,0.009,0.000,0.012
24896,0.025,0.009,0.000,0.012
24897,0.025,0.009,0.000,0.012
24898,0.025,0.009,0.000,0.012
24899,0.025,0.009,0.000,0.012
24900,0.025,0.009,0.000,0.012
24901,0.025,0.009,0.000,0.012
24902,0.025,0.009,0.000,0.012
24903,0.025,0.009,0.000,0.012
24904,0.025,0.009,0.000,0.012
24905,0.025,0.009,0.000,0.012
24906,0.025,0.009,0.000,0.012
24907,0.025,0.009,0.000,0.012
24908,0.025,0.009,0.000,0.012
24909,0.025,0.009,0.000,0.012
24910,0.025,0.009,0.000,0.012
24911,0.025,0.009,0.000,0.012
24912,0.025,0.009,0.000,0.012
24913,0.025,0.009,0.000,0.012
24914,0.025,0.009,0.000,0.012
24915,0.025,0.009,0.000,0.012
24916,0.025,0.009,0.000,0.012
24917,0.025,0.009,0.000,0.012
24918,0.025,0.009,0.000,0.012
24919,0.025,0.009,0.000,0.012
24920,0.025,0.009,0.000,0.012
24921,0.025,0.009,0.000,0.012
24922,0.025,0.009,0.000,0.012
24923,0.025,0.009,0.000,0.012
24924,0.025,0.009,0.000,0.012
24925,0.025,0.009,0.000,0.012
24926,0.025,0.009,0.000,0.012
24927,0.025,0.009,0.000,0.012
24928,0.025,0.009,0.000,0.012
24929,0.025,0.009,0.000,0.012
24930,0.025,0.009,0.000,0.012
24931,0.025,0.009,0.000,0.012
24932,0.025,0.009,0.000,0.012
24933,0.025,0.009,0.000,0.012
24934,0.025,0.009,0.000,0.012
24935,0.025,0.009,0.000,0.012
24936,0.025,0.009,0.000,0.012
24937,0.025,0.009,0.000,0.012
24938,0.025,0.009,0.000,0.012
24939,0.025,0.009,0.000,0.012
24940,0.025,0.009,0.000,0.012
24941,0.025,0.009,0.000,0.012
24942,0.025,0.009,0.000,0.012
24943,0.025,0.009,0.000,0.012
24944,0.025,0.009,0.000,0.012
24945,0.025,0.009,0.000,0.012
24946,0.025,0.009,0.000,0.012
24947,0.025,0.009,0.000,0.012
24948,0.025,0.009,0.000,0.012
24949,0.025,0.009,0.000,0.012
24950,0.025,0.009,0.000,0.012
24951,0.025,0.009,0.000,0.012
24952,0.025,0.009,0.000,0.012
24953,0.025,0.009,0.000,0.012
24954,0.025,0.009,0.000,0.012
24955,0.025,0.009,0.000,0.012
24956,0.025,0.009,0.000,0.012
24957,0.025,0.009,0.000,0.012
24958,0.025,0.009,0.000,0.012
24959,0.025,0.009,0.000,0.012
24960,0.025,0.009,0.000,0.012
24961,0.025,0.009,0.000,0.012
24962,0.025,0.009,0.000,0.012
24963,0.025,0.009,0.000,0.012
24964,0.025,0.009,0.000,0.012
24965,0.025,0.009,0.000,0.012
24966,0.025,0.009,0.000,0.012
24967,0.025,0.009,0.000,0.012
24968,0.025,0.009,0.000,0.012
24969,0.025,0.009,0.000,0.012
24970,0.025,0.009,0.000,0.012
24971,0.025,0.009,0.000,0.012
24972,0.025,0.009,0.000,0.012
24973,0.025,0.009,0.000,0.012
24974,0.025,0.009,0.000,0.012
24975,0.025,0.009,0.000,0.012
24976,0.025,0.009,0.000,0.012
24977,0.025,0.009,0.000,0.012
24978,0.025,0.009,0.000,0.012
24979,0.025,0.009,0.000,0.012
24980,0.025,0.009,0.000,0.012
24981,0.025,0.009,0.000,0.012
24982,0.025,0.009,0.000,0.012
24983,0.025,0.009,0.000,0.012
24984,0.025,0.009,0.000,0.012
24985,0.025,0.009,0.000,0.012
24986,0.025,0.009,0.000,0.012
24987,0.025,0.009,0.000,0.012
24988,0.025,0.009,0.000,0.012
24989,0.025,0.009,0.000,0.012
24990,0.025,0.009,0.000,0.012
24991,0.025,0.009,0.000,0.012
24992,0.025,0.009,0.000,0.012
24993,0.025,0.009,0.000,0.012
24994,0.025,0.009,0.000,0.012
24995,0.025,0.009,0.000,0.012
24996,0.025,0.009,0.000,0.012
24997,0.025,0.009,0.000,0.012
24998,0.025,0.009,0.000,0.012
24999,0.025,0.009,0.000,0.012
25000,0.025,0.009,0.000,0.012
25001,0.025,0.009,0.000,0.012
25002,0.025,0.009,0.000,0.012
25003,0.025,0.009,0.000,0.012
25004,0.025,0.009,0.000,0.012
25005,0.025,0.009,0.000,0.012
25006,0.025,0.009,0.000,0.012
25007,0.025,0.009,0.000,0.012
25008,0.025,0.009,0.000,0.012
25009,0.025,0.009,0.000,0.012
25010,0.025,0.009,0.000,0.012
25011,0.025,0.009,0.000,0.012
25012,0.025,0.009,0.000,0.012
25013,0.025,0.009,0.000,0.012
25014,0.025,0.009,0.000,0.012
25015,0.025,0.009,0.000,0.012
25016,0.025,0.009,0.000,0.012
25017,0.025,0.009,0.000,0.012
25018,0.025,0.009,0.000,0.012
25019,0.025,0.009,0.000,0.012
25020,0.025,0.009,0.000,0.012
25021,0.025,0.009,0.000,0.012
25022,0.025,0.009,0.000,0.012
25023,0.025,0.009,0.000,0.012
25024,0.025,0.009,0.000,0.012
25025,0.025,0.009,0.000,0.012
25026,0.025,0.009,0.000,0.012
25027,0.025,0.009,0.000,0.012
25028,0.025,0.009,0.000,0.012
25029,0.025,0.009,0.000,0.012
25030,0.025,0.009,0.000,0.012
25031,0.025,0.009,0.000,0.012
25032,0.025,0.009,0.000,0.012
25033,0.025,0.009,0.000,0.012
25034,0.025,0.009,0.000,0.012
25035,0.025,0.009,0.000,0.012
25036,0.025,0.009,0.000,0.012
25037,0.025,0.009,0.000,0.012
25038,0.025,0.009,0.000,0.012
25039,0.025,0.009,0.000,0.012
25040,0.025,0.009,0.000,0.012
25041,0.025,0.009,0.000,0.012
25042,0.025,0.009,0.000,0.012
25043,0.025,0.009,0.000,0.012
25044,0.025,0.009,0.000,0.012
25045,0.025,0.009,0.000,0.012
25046,0.025,0.009,0.000,0.012
25047,0.025,0.009,0.000,0.012
25048,0.025,0.009,0.000,0.012
25049,0.025,0.009,0.000,0.012
25050,0.025,0.009,0.000,0.012
25051,0.025,0.009,0.000,0.012
25052,0.025,0.009,0.000,0.012
25053,0.025,0.009,0.000,0.012
25054,0.025,0.009,0.000,0.012
25055,0.025,0.009,0.000,0.012
25056,0.025,0.009,0.000,0.012
25057,0.025,0.009,0.000,0.012
25058,0.025,0.009,0.000,0.012
25059,0.025,0.009,0.000,0.012
25060,0.025,0.009,0.000,0.012
25061,0.025,0.009,0.000,0.012
25062,0.025,0.009,0.000,0.012
25063,0.025,0.009,0.000,0.012
25064,0.025,0.009,0.000,0.012
25065,0.025,0.009,0.000,0.012
25066,0.025,0.009,0.000,0.012
25067,0.025,0.009,0.000,0.012
25068,0.025,0.009,0.000,0.012
25069,0.025,0.009,0.000,0.012
25070,0.025,0.009,0.000,0.012
25071,0.025,0.009,0.000,0.012
25072,0.025,0.009,0.000,0.012
25073,0.025,0.009,0.000,0.012
25074,0.025,0.009,0.000,0.012
25075,0.025,0.009,0.000,0.012
25076,0.025,0.009,0.000,0.012
25077,0.025,0.009,0.000,0.012
25078,0.025,0.009,0.000,0.012
25079,0.025,0.009,0.000,0.012
25080,0.025,0.009,0.000,0.012
25081,0.025,0.009,0.000,0.012
25082,0.025,0.009,0.000,0.012
25083,0.025,0.009,0.000,0.012
25084,0.025,0.009,0.000,0.012
25085,0.025,0.009,0.000,0.012
25086,0.025,0.009,0.000,0.012
25087,0.025,0.009,0.000,0.012
25088,0.025,0.009,0.000,0.012
25089,0.025,0.009,0.000,0.012
25090,0.025,0.009,0.000,0.012
25091,0.025,0.009,0.000,0.012
25092,0.025,0.009,0.000,0.012
25093,0.025,0.009,0.000,0.012
25094,0.025,0.009,0.000,0.012
25095,0.025,0.009,0.000,0.012
25096,0.025,0.009,0.000,0.012
25097,0.025,0.009,0.000,0.012
25098,0.025,0.009,0.000,0.012
25099,0.025,0.009,0.000,0.012
25100,0.025,0.009,0.000,0.012
25101,0.025,0.009,0.000,0.012
25102,0.025,0.009,0.000,0.012
25103,0.025,0.009,0.000,0.012
25104,0.025,0.009,0.000,0.012
25105,0.025,0.009,0.000,0.012
25106,0.025,0.009,0.000,0.012
25107,0.025,0.009,0.000,0.012
25108,0.025,0.009,0.000,0.012
25109,0.025,0.009,0.000,0.012
25110,0.025,0.009,0.000,0.012
25111,0.025,0.009,0.000,0.012
25112,0.025,0.009,0.000,0.012
25113,0.025,0.009,0.000,0.012
25114,0.025,0.009,0.000,0.012
25115,0.025,0.009,0.000,0.012
25116,0.025,0.009,0.000,0.012
25117,0.025,0.009,0.000,0.012
25118,0.025,0.009,0.000,0.012
25119,0.025,0.009,0.000,0.012
25120,0.025,0.009,0.000,0.012
25121,0.025,0.009,0.000,0.012
25122,0.025,0.009,0.000,0.012
25123,0.025,0.009,0.000,0.012
25124,0.025,0.009,0.000,0.012
25125,0.025,0.009,0.000,0.012
25126,0.025,0.009,0.000,0.012
25127,0.025,0.009,0.000,0.012
25128,0.025,0.009,0.000,0.012
25129,0.025,0.009,0.000,0.012
25130,0.025,0.009,0.000,0.012
25131,0.025,0.009,0.000,0.012
25132,0.025,0.009,0.000,0.012
25133,0.025,0.009,0.000,0.012
25134,0.025,0.009,0.000,0.012
25135,0.025,0.009,0.000,0.012
25136,0.025,0.009,0.000,0.012
25137,0.025,0.009,0.000,0.012
25138,0.025,0.009,0.000,0.012
25139,0.025,0.009,0.000,0.012
25140,0.025,0.009,0.000,0.012
25141,0.025,0.009,0.000,0.012
25142,0.025,0.009,0.000,0.012
25143,0.025,0.009,0.000,0.012
25144,0.025,0.009,0.000,0.012
25145,0.025,0.009,0.000,0.012
25146,0.025,0.009,0.000,0.012
25147,0.025,0.009,0.000,0.012
25148,0.025,0.009,0.000,0.012
25149,0.025,0.009,0.000,0.012
25150,0.025,0.009,0.000,0.012
25151,0.025,0.009,0.000,0.012
25152,0.025,0.009,0.000,0.012
25153,0.025,0.009,0.000,0.012
25154,0.025,0.009,0.000,0.012
25155,0.025,0.009,0.000,0.012
25156,0.025,0.009,0.000,0.012
25157,0.025,0.009,0.000,0.012
25158,0.025,0.009,0.000,0.012
25159,0.025,0.009,0.000,0.012
25160,0.025,0.009,0.000,0.012
25161,0.025,0.009,0.000,0.012
25162,0.025,0.009,0.000,0.012
25163,0.025,0.009,0.000,0.012
25164,0.025,0.009,0.000,0.012
25165,0.025,0.009,0.000,0.012
25166,0.025,0.009,0.000,0.012
25167,0.025,0.009,0.000,0.012
25168,0.025,0.009,0.000,0.012
25169,0.025,0.009,0.000,0.012
25170,0.025,0.009,0.000,0.012
25171,0.025,0.009,0.000,0.012
25172,0.025,0.009,0.000,0.012
25173,0.025,0.009,0.000,0.012
25174,0.025,0.009,0.000,0.012
25175,0.025,0.009,0.000,0.012
25176,0.025,0.009,0.000,0.012
25177,0.025,0.009,0.000,0.012
25178,0.025,0.009,0.000,0.012
25179,0.025,0.009,0.000,0.012
25180,0.025,0.009,0.000,0.012
25181,0.025,0.009,0.000,0.012
25182,0.025,0.009,0.000,0.012
25183,0.025,0.009,0.000,0.012
25184,0.025,0.009,0.000,0.012
25185,0.025,0.009,0.000,0.012
25186,0.025,0.009,0.000,0.012
25187,0.025,0.009,0.000,0.012
25188,0.025,0.009,0.000,0.012
25189,0.025,0.009,0.000,0.012
25190,0.025,0.009,0.000,0.012
25191,0.025,0.009,0.000,0.012
25192,0.025,0.009,0.000,0.012
25193,0.025,0.009,0.000,0.012
25194,0.025,0.009,0.000,0.012
25195,0.025,0.009,0.000,0.012
25196,0.025,0.009,0.000,0.012
25197,0.025,0.009,0.000,0.012
25198,0.025,0.009,0.000,0.012
25199,0.025,0.009,0.000,0.012
25200,0.025,0.009,0.000,0.012
25201,0.025,0.009,0.000,0.012
25202,0.025,0.009,0.000,0.012
25203,0.025,0.009,0.000,0.012
25204,0.025,0.009,0.000,0.012
25205,0.025,0.009,0.000,0.012
25206,0.025,0.009,0.000,0.012
25207,0.025,0.009,0.000,0.012
25208,0.025,0.009,0.000,0.012
25209,0.025,0.009,0.000,0.012
25210,0.025,0.009,0.000,0.012
25211,0.025,0.009,0.000,0.012
25212,0.025,0.009,0.000,0.012
25213,0.025,0.009,0.000,0.012
25214,0.025,0.009,0.000,0.012
25215,0.025,0.009,0.000,0.012
25216,0.025,0.009,0.000,0.012
25217,0.025,0.009,0.000,0.012
25218,0.025,0.009,0.000,0.012
25219,0.025,0.009,0.000,0.012
25220,0.025,0.009,0.000,0.012
25221,0.025,0.009,0.000,0.012
25222,0.025,0.009,0.000,0.012
25223,0.025,0.009,0.000,0.012
25224,0.025,0.009,0.000,0.012
25225,0.025,0.009,0.000,0.012
25226,0.025,0.009,0.000,0.012
25227,0.025,0.009,0.000,0.012
25228,0.025,0.009,0.000,0.012
25229,0.025,0.009,0.000,0.012
25230,0.025,0.009,0.000,0.012
25231,0.025,0.009,0.000,0.012
25232,0.025,0.009,0.000,0.012
25233,0.025,0.009,0.000,0.012
25234,0.025,0.009,0.000,0.012
25235,0.025,0.009,0.000,0.012
25236,0.025,0.009,0.000,0.012
25237,0.025,0.009,0.000,0.012
25238,0.025,0.009,0.000,0.012
25239,0.025,0.009,0.000,0.012
25240,0.025,0.009,0.000,0.012
25241,0.025,0.009,0.000,0.012
25242,0.025,0.009,0.000,0.012
25243,0.025,0.009,0.000,0.012
25244,0.025,0.009,0.000,0.012
25245,0.025,0.009,0.000,0.012
25246,0.025,0.009,0.000,0.012
25247,0.025,0.009,0.000,0.012
25248,0.025,0.009,0.000,0.012
25249,0.025,0.009,0.000,0.012
25250,0.025,0.009,0.000,0.012
25251,0.025,0.009,0.000,0.012
25252,0.025,0.009,0.000,0.012
25253,0.025,0.009,0.000,0.012
25254,0.025,0.009,0.000,0.012
25255,0.025,0.009,0.000,0.012
25256,0.025,0.009,0.000,0.012
25257,0.025,0.009,0.000,0.012
25258,0.025,0.009,0.000,0.012
25259,0.025,0.009,0.000,0.012
25260,0.025,0.009,0.000,0.012
25261,0.025,0.009,0.000,0.012
25262,0.025,0.009,0.000,0.012
25263,0.025,0.009,0.000,0.012
25264,0.025,0.009,0.000,0.012
25265,0.025,0.009,0.000,0.012
25266,0.025,0.009,0.000,0.012
25267,0.025,0.009,0.000,0.012
25268,0.025,0.009,0.000,0.012
25269,0.025,0.009,0.000,0.012
25270,0.025,0.009,0.000,0.012
25271,0.025,0.009,0.000,0.012
25272,0.025,0.009,0.000,0.012
25273,0.025,0.009,0.000,0.012
25274,0.025,0.009,0.000,0.012
25275,0.025,0.009,0.000,0.012
25276,0.025,0.009,0.000,0.012
25277,0.025,0.009,0.000,0.012
25278,0.025,0.009,0.000,0.012
25279,0.025,0.009,0.000,0.012
25280,0.025,0.009,0.000,0.012
25281,0.025,0.009,0.000,0.012
25282,0.025,0.009,0.000,0.012
25283,0.025,0.009,0.000,0.012
25284,0.025,0.009,0.000,0.012
25285,0.025,0.009,0.000,0.012
25286,0.025,0.009,0.000,0.012
25287,0.025,0.009,0.000,0.012
25288,0.025,0.009,0.000,0.012
25289,0.025,0.009,0.000,0.012
25290,0.025,0.009,0.000,0.012
25291,0.025,0.009,0.000,0.012
25292,0.025,0.009,0.000,0.012
25293,0.025,0.009,0.000,0.012
25294,0.025,0.009,0.000,0.012
25295,0.025,0.009,0.000,0.012
25296,0.025,0.009,0.000,0.012
25297,0.025,0.009,0.000,0.012
25298,0.025,0.009,0.000,0.012
25299,0.025,0.009,0.000,0.012
25300,0.025,0.009,0.000,0.012
25301,0.025,0.009,0.000,0.012
25302,0.025,0.009,0.000,0.012
25303,0.025,0.009,0.000,0.012
25304,0.025,0.009,0.000,0.012
25305,0.025,0.009,0.000,0.012
25306,0.025,0.009,0.000,0.012
25307,0.025,0.009,0.000,0.012
25308,0.025,0.009,0.000,0.012
25309,0.025,0.009,0.000,0.012
25310,0.025,0.009,0.000,0.012
25311,0.025,0.009,0.000,0.012
25312,0.025,0.009,0.000,0.012
25313,0.025,0.009,0.000,0.012
25314,0.025,0.009,0.000,0.012
25315,0.025,0.009,0.000,0.012
25316,0.025,0.009,0.000,0.012
25317,0.025,0.009,0.000,0.012
25318,0.025,0.009,0.000,0.012
25319,0.025,0.009,0.000,0.012
25320,0.025,0.009,0.000,0.012
25321,0.025,0.009,0.000,0.012
25322,0.025,0.009,0.000,0.012
25323,0.025,0.009,0.000,0.012
25324,0.025,0.009,0.000,0.012
25325,0.025,0.009,0.000,0.012
25326,0.025,0.009,0.000,0.012
25327,0.025,0.009,0.000,0.012
25328,0.025,0.009,0.000,0.012
25329,0.025,0.009,0.000,0.012
25330,0.025,0.009,0.000,0.012
25331,0.025,0.009,0.000,0.012
25332,0.025,0.009,0.000,0.012
25333,0.025,0.009,0.000,0.012
25334,0.025,0.009,0.000,0.012
25335,0.025,0.009,0.000,0.012
25336,0.025,0.009,0.000,0.012
25337,0.025,0.009,0.000,0.012
25338,0.025,0.009,0.000,0.012
25339,0.025,0.009,0.000,0.012
25340,0.025,0.009,0.000,0.012
25341,0.025,0.009,0.000,0.012
25342,0.025,0.009,0.000,0.012
25343,0.025,0.009,0.000,0.012
25344,0.025,0.009,0.000,0.012
25345,0.025,0.009,0.000,0.012
25346,0.025,0.009,0.000,0.012
25347,0.025,0.009,0.000,0.012
25348,0.025,0.009,0.000,0.012
25349,0.025,0.009,0.000,0.012
25350,0.025,0.009,0.000,0.012
25351,0.025,0.009,0.000,0.012
25352,0.025,0.009,0.000,0.012
25353,0.025,0.009,0.000,0.012
25354,0.025,0.009,0.000,0.012
25355,0.025,0.009,0.000,0.012
25356,0.025,0.009,0.000,0.012
25357,0.025,0.009,0.000,0.012
25358,0.025,0.009,0.000,0.012
25359,0.025,0.009,0.000,0.012
25360,0.025,0.009,0.000,0.012
25361,0.025,0.009,0.000,0.012
25362,0.025,0.009,0.000,0.012
25363,0.025,0.009,0.000,0.012
25364,0.025,0.009,0.000,0.012
25365,0.025,0.009,0.000,0.012
25366,0.025,0.009,0.000,0.012
25367,0.025,0.009,0.000,0.012
25368,0.025,0.009,0.000,0.012
25369,0.025,0.009,0.000,0.012
25370,0.025,0.009,0.000,0.012
25371,0.025,0.009,0.000,0.012
25372,0.025,0.009,0.000,0.012
25373,0.025,0.009,0.000,0.012
25374,0.025,0.009,0.000,0.012
25375,0.025,0.009,0.000,0.012
25376,0.025,0.009,0.000,0.012
25377,0.025,0.009,0.000,0.012
25378,0.025,0.009,0.000,0.012
25379,0.025,0.009,0.000,0.012
25380,0.025,0.009,0.000,0.012
25381,0.025,0.009,0.000,0.012
25382,0.025,0.009,0.000,0.012
25383,0.025,0.009,0.000,0.012
25384,0.025,0.009,0.000,0.012
25385,0.025,0.009,0.000,0.012
25386,0.025,0.009,0.000,0.012
25387,0.025,0.009,0.000,0.012
25388,0.025,0.009,0.000,0.012
25389,0.025,0.009,0.000,0.012
25390,0.025,0.009,0.000,0.012
25391,0.025,0.009,0.000,0.012
25392,0.025,0.009,0.000,0.012
25393,0.025,0.009,0.000,0.012
25394,0.025,0.009,0.000,0.012
25395,0.025,0.009,0.000,0.012
25396,0.025,0.009,0.000,0.012
25397,0.025,0.009,0.000,0.012
25398,0.025,0.009,0.000,0.012
25399,0.025,0.009,0.000,0.012
25400,0.025,0.009,0.000,0.012
25401,0.025,0.009,0.000,0.012
25402,0.025,0.009,0.000,0.012
25403,0.025,0.009,0.000,0.012
25404,0.025,0.009,0.000,0.012
25405,0.025,0.009,0.000,0.012
25406,0.025,0.009,0.000,0.012
25407,0.025,0.009,0.000,0.012
25408,0.025,0.009,0.000,0.012
25409,0.025,0.009,0.000,0.012
25410,0.025,0.009,0.000,0.012
25411,0.025,0.009,0.000,0.012
25412,0.025,0.009,0.000,0.012
25413,0.025,0.009,0.000,0.012
25414,0.025,0.009,0.000,0.012
25415,0.025,0.009,0.000,0.012
25416,0.025,0.009,0.000,0.012
25417,0.025,0.009,0.000,0.012
25418,0.025,0.009,0.000,0.012
25419,0.025,0.009,0.000,0.012
25420,0.025,0.009,0.000,0.012
25421,0.025,0.009,0.000,0.012
25422,0.025,0.009,0.000,0.012
25423,0.025,0.009,0.000,0.012
25424,0.025,0.009,0.000,0.012
25425,0.025,0.009,0.000,0.012
25426,0.025,0.009,0.000,0.012
25427,0.025,0.009,0.000,0.012
25428,0.025,0.009,0.000,0.012
25429,0.025,0.009,0.000,0.012
25430,0.025,0.009,0.000,0.012
25431,0.025,0.009,0.000,0.012
25432,0.025,0.009,0.000,0.012
25433,0.025,0.009,0.000,0.012
25434,0.025,0.009,0.000,0.012
25435,0.025,0.009,0.000,0.012
25436,0.025,0.009,0.000,0.012
25437,0.025,0.009,0.000,0.012
25438,0.025,0.009,0.000,0.012
25439,0.025,0.009,0.000,0.012
25440,0.025,0.009,0.000,0.012
25441,0.025,0.009,0.000,0.012
25442,0.025,0.009,0.000,0.012
25443,0.025,0.009,0.000,0.012
25444,0.025,0.009,0.000,0.012
25445,0.025,0.009,0.000,0.012
25446,0.025,0.009,0.000,0.012
25447,0.025,0.009,0.000,0.012
25448,0.025,0.009,0.000,0.012
25449,0.025,0.009,0.000,0.012
25450,0.025,0.009,0.000,0.012
25451,0.025,0.009,0.000,0.012
25452,0.025,0.009,0.000,0.012
25453,0.025,0.009,0.000,0.012
25454,0.025,0.009,0.000,0.012
25455,0.025,0.009,0.000,0.012
25456,0.025,0.009,0.000,0.012
25457,0.025,0.009,0.000,0.012
25458,0.025,0.009,0.000,0.012
25459,0.025,0.009,0.000,0.012
25460,0.025,0.009,0.000,0.012
25461,0.025,0.009,0.000,0.012
25462,0.025,0.009,0.000,0.012
25463,0.025,0.009,0.000,0.012
25464,0.025,0.009,0.000,0.012
25465,0.025,0.009,0.000,0.012
25466,0.025,0.009,0.000,0.012
25467,0.025,0.009,0.000,0.012
25468,0.025,0.009,0.000,0.012
25469,0.025,0.009,0.000,0.012
25470,0.025,0.009,0.000,0.012
25471,0.025,0.009,0.000,0.012
25472,0.025,0.009,0.000,0.012
25473,0.025,0.009,0.000,0.012
25474,0.025,0.009,0.000,0.012
25475,0.025,0.009,0.000,0.012
25476,0.025,0.009,0.000,0.012
25477,0.025,0.009,0.000,0.012
25478,0.025,0.009,0.000,0.012
25479,0.025,0.009,0.000,0.012
25480,0.025,0.009,0.000,0.012
25481,0.025,0.009,0.000,0.012
25482,0.025,0.009,0.000,0.012
25483,0.025,0.009,0.000,0.012
25484,0.025,0.009,0.000,0.012
25485,0.025,0.009,0.000,0.012
25486,0.025,0.009,0.000,0.012
25487,0.025,0.009,0.000,0.012
25488,0.025,0.009,0.000,0.012
25489,0.025,0.009,0.000,0.012
25490,0.025,0.009,0.000,0.012
25491,0.025,0.009,0.000,0.012
25492,0.025,0.009,0.000,0.012
25493,0.025,0.009,0.000,0.012
25494,0.025,0.009,0.000,0.012
25495,0.025,0.009,0.000,0.012
25496,0.025,0.009,0.000,0.012
25497,0.025,0.009,0.000,0.012
25498,0.025,0.009,0.000,0.012
25499,0.025,0.009,0.000,0.012
25500,0.025,0.009,0.000,0.012
25501,0.025,0.009,0.000,0.012
25502,0.025,0.009,0.000,0.012
25503,0.025,0.009,0.000,0.012
25504,0.025,0.009,0.000,0.012
25505,0.025,0.009,0.000,0.012
25506,0.025,0.009,0.000,0.012
25507,0.025,0.009,0.000,0.012
25508,0.025,0.009,0.000,0.012
25509,0.025,0.009,0.000,0.012
25510,0.025,0.009,0.000,0.012
25511,0.025,0.009,0.000,0.012
25512,0.025,0.009,0.000,0.012
25513,0.025,0.009,0.000,0.012
25514,0.025,0.009,0.000,0.012
25515,0.025,0.009,0.000,0.012
25516,0.025,0.009,0.000,0.012
25517,0.025,0.009,0.000,0.012
25518,0.025,0.009,0.000,0.012
25519,0.025,0.009,0.000,0.012
25520,0.025,0.009,0.000,0.012
25521,0.025,0.009,0.000,0.012
25522,0.025,0.009,0.000,0.012
25523,0.025,0.009,0.000,0.012
25524,0.025,0.009,0.000,0.012
25525,0.025,0.009,0.000,0.012
25526,0.025,0.009,0.000,0.012
25527,0.025,0.009,0.000,0.012
25528,0.025,0.009,0.000,0.012
25529,0.025,0.009,0.000,0.012
25530,0.025,0.009,0.000,0.012
25531,0.025,0.009,0.000,0.012
25532,0.025,0.009,0.000,0.012
25533,0.025,0.009,0.000,0.012
25534,0.025,0.009,0.000,0.012
25535,0.025,0.009,0.000,0.012
25536,0.025,0.009,0.000,0.012
25537,0.025,0.009,0.000,0.012
25538,0.025,0.009,0.000,0.012
25539,0.025,0.009,0.000,0.012
25540,0.025,0.009,0.000,0.012
25541,0.025,0.009,0.000,0.012
25542,0.025,0.009,0.000,0.012
25543,0.025,0.009,0.000,0.012
25544,0.025,0.009,0.000,0.012
25545,0.025,0.009,0.000,0.012
25546,0.025,0.009,0.000,0.012
25547,0.025,0.009,0.000,0.012
25548,0.025,0.009,0.000,0.012
25549,0.025,0.009,0.000,0.012
25550,0.025,0.009,0.000,0.012
25551,0.025,0.009,0.000,0.012
25552,0.025,0.009,0.000,0.012
25553,0.025,0.009,0.000,0.012
25554,0.025,0.009,0.000,0.012
25555,0.025,0.009,0.000,0.012
25556,0.025,0.009,0.000,0.012
25557,0.025,0.009,0.000,0.012
25558,0.025,0.009,0.000,0.012
25559,0.025,0.009,0.000,0.012
25560,0.025,0.009,0.000,0.012
25561,0.025,0.009,0.000,0.012
25562,0.025,0.009,0.000,0.012
25563,0.025,0.009,0.000,0.012
25564,0.025,0.009,0.000,0.012
25565,0.025,0.009,0.000,0.012
25566,0.025,0.009,0.000,0.012
25567,0.025,0.009,0.000,0.012
25568,0.025,0.009,0.000,0.012
25569,0.025,0.009,0.000,0.012
25570,0.025,0.009,0.000,0.012
25571,0.025,0.009,0.000,0.012
25572,0.025,0.009,0.000,0.012
25573,0.025,0.009,0.000,0.012
25574,0.025,0.009,0.000,0.012
25575,0.025,0.009,0.000,0.012
25576,0.025,0.009,0.000,0.012
25577,0.025,0.009,0.000,0.012
25578,0.025,0.009,0.000,0.012
25579,0.025,0.009,0.000,0.012
25580,0.025,0.009,0.000,0.012
25581,0.025,0.009,0.000,0.012
25582,0.025,0.009,0.000,0.012
25583,0.025,0.009,0.000,0.012
25584,0.025,0.009,0.000,0.012
25585,0.025,0.009,0.000,0.012
25586,0.025,0.009,0.000,0.012
25587,0.025,0.009,0.000,0.012
25588,0.025,0.009,0.000,0.012
25589,0.025,0.009,0.000,0.012
25590,0.025,0.009,0.000,0.012
25591,0.025,0.009,0.000,0.012
25592,0.025,0.009,0.000,0.012
25593,0.025,0.009,0.000,0.012
25594,0.025,0.009,0.000,0.012
25595,0.025,0.009,0.000,0.012
25596,0.025,0.009,0.000,0.012
25597,0.025,0.009,0.000,0.012
25598,0.025,0.009,0.000,0.012
25599,0.025,0.009,0.000,0.012
25600,0.025,0.009,0.000,0.012
25601,0.025,0.009,0.000,0.012
25602,0.025,0.009,0.000,0.012
25603,0.025,0.009,0.000,0.012
25604,0.025,0.009,0.000,0.012
25605,0.025,0.009,0.000,0.012
25606,0.025,0.009,0.000,0.012
25607,0.025,0.009,0.000,0.012
25608,0.025,0.009,0.000,0.012
25609,0.025,0.009,0.000,0.012
25610,0.025,0.009,0.000,0.012
25611,0.025,0.009,0.000,0.012
25612,0.025,0.009,0.000,0.012
25613,0.025,0.009,0.000,0.012
25614,0.025,0.009,0.000,0.012
25615,0.025,0.009,0.000,0.012
25616,0.025,0.009,0.000,0.012
25617,0.025,0.009,0.000,0.012
25618,0.025,0.009,0.000,0.012
25619,0.025,0.009,0.000,0.012
25620,0.025,0.009,0.000,0.012
25621,0.025,0.009,0.000,0.012
25622,0.025,0.009,0.000,0.012
25623,0.025,0.009,0.000,0.012
25624,0.025,0.009,0.000,0.012
25625,0.025,0.009,0.000,0.012
25626,0.025,0.009,0.000,0.012
25627,0.025,0.009,0.000,0.012
25628,0.025,0.009,0.000,0.012
25629,0.025,0.009,0.000,0.012
25630,0.025,0.009,0.000,0.012
25631,0.025,0.009,0.000,0.012
25632,0.025,0.009,0.000,0.012
25633,0.025,0.009,0.000,0.012
25634,0.025,0.009,0.000,0.012
25635,0.025,0.009,0.000,0.012
25636,0.025,0.009,0.000,0.012
25637,0.025,0.009,0.000,0.012
25638,0.025,0.009,0.000,0.012
25639,0.025,0.009,0.000,0.012
25640,0.025,0.009,0.000,0.012
25641,0.025,0.009,0.000,0.012
25642,0.025,0.009,0.000,0.012
25643,0.025,0.009,0.000,0.012
25644,0.025,0.009,0.000,0.012
25645,0.025,0.009,0.000,0.012
25646,0.025,0.009,0.000,0.012
25647,0.025,0.009,0.000,0.012
25648,0.025,0.009,0.000,0.012
25649,0.025,0.009,0.000,0.012
25650,0.025,0.009,0.000,0.012
25651,0.025,0.009,0.000,0.012
25652,0.025,0.009,0.000,0.012
25653,0.025,0.009,0.000,0.012
25654,0.025,0.009,0.000,0.012
25655,0.025,0.009,0.000,0.012
25656,0.025,0.009,0.000,0.012
25657,0.025,0.009,0.000,0.012
25658,0.025,0.009,0.000,0.012
25659,0.025,0.009,0.000,0.012
25660,0.025,0.009,0.000,0.012
25661,0.025,0.009,0.000,0.012
25662,0.025,0.009,0.000,0.012
25663,0.025,0.009,0.000,0.012
25664,0.025,0.009,0.000,0.012
25665,0.025,0.009,0.000,0.012
25666,0.025,0.009,0.000,0.012
25667,0.025,0.009,0.000,0.012
25668,0.025,0.009,0.000,0.012
25669,0.025,0.009,0.000,0.012
25670,0.025,0.009,0.000,0.012
25671,0.025,0.009,0.000,0.012
25672,0.025,0.009,0.000,0.012
25673,0.025,0.009,0.000,0.012
25674,0.025,0.009,0.000,0.012
25675,0.025,0.009,0.000,0.012
25676,0.025,0.009,0.000,0.012
25677,0.025,0.009,0.000,0.012
25678,0.025,0.009,0.000,0.012
25679,0.025,0.009,0.000,0.012
25680,0.025,0.009,0.000,0.012
25681,0.025,0.009,0.000,0.012
25682,0.025,0.009,0.000,0.012
25683,0.025,0.009,0.000,0.012
25684,0.025,0.009,0.000,0.012
25685,0.025,0.009,0.000,0.012
25686,0.025,0.009,0.000,0.012
25687,0.025,0.009,0.000,0.012
25688,0.025,0.009,0.000,0.012
25689,0.025,0.009,0.000,0.012
25690,0.025,0.009,0.000,0.012
25691,0.025,0.009,0.000,0.012
25692,0.025,0.009,0.000,0.012
25693,0.025,0.009,0.000,0.012
25694,0.025,0.009,0.000,0.012
25695,0.025,0.009,0.000,0.012
25696,0.025,0.009,0.000,0.012
25697,0.025,0.009,0.000,0.012
25698,0.025,0.009,0.000,0.012
25699,0.025,0.009,0.000,0.012
25700,0.025,0.009,0.000,0.012
25701,0.025,0.009,0.000,0.012
25702,0.025,0.009,0.000,0.012
25703,0.025,0.009,0.000,0.012
25704,0.025,0.009,0.000,0.012
25705,0.025,0.009,0.000,0.012
25706,0.025,0.009,0.000,0.012
25707,0.025,0.009,0.000,0.012
25708,0.025,0.009,0.000,0.012
25709,0.025,0.009,0.000,0.012
25710,0.025,0.009,0.000,0.012
25711,0.025,0.009,0.000,0.012
25712,0.025,0.009,0.000,0.012
25713,0.025,0.009,0.000,0.012
25714,0.025,0.009,0.000,0.012
25715,0.025,0.009,0.000,0.012
25716,0.025,0.009,0.000,0.012
25717,0.025,0.009,0.000,0.012
25718,0.025,0.009,0.000,0.012
25719,0.025,0.009,0.000,0.012
25720,0.025,0.009,0.000,0.012
25721,0.025,0.009,0.000,0.012
25722,0.025,0.009,0.000,0.012
25723,0.025,0.009,0.000,0.012
25724,0.025,0.009,0.000,0.012
25725,0.025,0.009,0.000,0.012
25726,0.025,0.009,0.000,0.012
25727,0.025,0.009,0.000,0.012
25728,0.025,0.009,0.000,0.012
25729,0.025,0.009,0.000,0.012
25730,0.025,0.009,0.000,0.012
25731,0.025,0.009,0.000,0.012
25732,0.025,0.009,0.000,0.012
25733,0.025,0.009,0.000,0.012
25734,0.025,0.009,0.000,0.012
25735,0.025,0.009,0.000,0.012
25736,0.025,0.009,0.000,0.012
25737,0.025,0.009,0.000,0.012
25738,0.025,0.009,0.000,0.012
25739,0.025,0.009,0.000,0.012
25740,0.025,0.009,0.000,0.012
25741,0.025,0.009,0.000,0.012
25742,0.025,0.009,0.000,0.012
25743,0.025,0.009,0.000,0.012
25744,0.025,0.009,0.000,0.012
25745,0.025,0.009,0.000,0.012
25746,0.025,0.009,0.000,0.012
25747,0.025,0.009,0.000,0.012
25748,0.025,0.009,0.000,0.012
25749,0.025,0.009,0.000,0.012
25750,0.025,0.009,0.000,0.012
25751,0.025,0.009,0.000,0.012
25752,0.025,0.009,0.000,0.012
25753,0.025,0.009,0.000,0.012
25754,0.025,0.009,0.000,0.012
25755,0.025,0.009,0.000,0.012
25756,0.025,0.009,0.000,0.012
25757,0.025,0.009,0.000,0.012
25758,0.025,0.009,0.000,0.012
25759,0.025,0.009,0.000,0.012
25760,0.025,0.009,0.000,0.012
25761,0.025,0.009,0.000,0.012
25762,0.025,0.009,0.000,0.012
25763,0.025,0.009,0.000,0.012
25764,0.025,0.009,0.000,0.012
25765,0.025,0.009,0.000,0.012
25766,0.025,0.009,0.000,0.012
25767,0.025,0.009,0.000,0.012
25768,0.025,0.009,0.000,0.012
25769,0.025,0.009,0.000,0.012
25770,0.025,0.009,0.000,0.012
25771,0.025,0.009,0.000,0.012
25772,0.025,0.009,0.000,0.012
25773,0.025,0.009,0.000,0.012
25774,0.025,0.009,0.000,0.012
25775,0.025,0.009,0.000,0.012
25776,0.025,0.009,0.000,0.012
25777,0.025,0.009,0.000,0.012
25778,0.025,0.009,0.000,0.012
25779,0.025,0.009,0.000,0.012
25780,0.025,0.009,0.000,0.012
25781,0.025,0.009,0.000,0.012
25782,0.025,0.009,0.000,0.012
25783,0.025,0.009,0.000,0.012
25784,0.025,0.009,0.000,0.012
25785,0.025,0.009,0.000,0.012
25786,0.025,0.009,0.000,0.012
25787,0.025,0.009,0.000,0.012
25788,0.025,0.009,0.000,0.012
25789,0.025,0.009,0.000,0.012
25790,0.025,0.009,0.000,0.012
25791,0.025,0.009,0.000,0.012
25792,0.025,0.009,0.000,0.012
25793,0.025,0.009,0.000,0.012
25794,0.025,0.009,0.000,0.012
25795,0.025,0.009,0.000,0.012
25796,0.025,0.009,0.000,0.012
25797,0.025,0.009,0.000,0.012
25798,0.025,0.009,0.000,0.012
25799,0.025,0.009,0.000,0.012
25800,0.025,0.009,0.000,0.012
25801,0.025,0.009,0.000,0.012
25802,0.025,0.009,0.000,0.012
25803,0.025,0.009,0.000,0.012
25804,0.025,0.009,0.000,0.012
25805,0.025,0.009,0.000,0.012
25806,0.025,0.009,0.000,0.012
25807,0.025,0.009,0.000,0.012
25808,0.025,0.009,0.000,0.012
25809,0.025,0.009,0.000,0.012
25810,0.025,0.009,0.000,0.012
25811,0.025,0.009,0.000,0.012
25812,0.025,0.009,0.000,0.012
25813,0.025,0.009,0.000,0.012
25814,0.025,0.009,0.000,0.012
25815,0.025,0.009,0.000,0.012
25816,0.025,0.009,0.000,0.012
25817,0.025,0.009,0.000,0.012
25818,0.025,0.009,0.000,0.012
25819,0.025,0.009,0.000,0.012
25820,0.025,0.009,0.000,0.012
25821,0.025,0.009,0.000,0.012
25822,0.025,0.009,0.000,0.012
25823,0.025,0.009,0.000,0.012
25824,0.025,0.009,0.000,0.012
25825,0.025,0.009,0.000,0.012
25826,0.025,0.009,0.000,0.012
25827,0.025,0.009,0.000,0.012
25828,0.025,0.009,0.000,0.012
25829,0.025,0.009,0.000,0.012
25830,0.025,0.009,0.000,0.012
25831,0.025,0.009,0.000,0.012
25832,0.025,0.009,0.000,0.012
25833,0.025,0.009,0.000,0.012
25834,0.025,0.009,0.000,0.012
25835,0.025,0.009,0.000,0.012
25836,0.025,0.009,0.000,0.012
25837,0.025,0.009,0.000,0.012
25838,0.025,0.009,0.000,0.012
25839,0.025,0.009,0.000,0.012
25840,0.025,0.009,0.000,0.012
25841,0.025,0.009,0.000,0.012
25842,0.025,0.009,0.000,0.012
25843,0.025,0.009,0.000,0.012
25844,0.025,0.009,0.000,0.012
25845,0.025,0.009,0.000,0.012
25846,0.025,0.009,0.000,0.012
25847,0.025,0.009,0.000,0.012
25848,0.025,0.009,0.000,0.012
25849,0.025,0.009,0.000,0.012
25850,0.025,0.009,0.000,0.012
25851,0.025,0.009,0.000,0.012
25852,0.025,0.009,0.000,0.012
25853,0.025,0.009,0.000,0.012
25854,0.025,0.009,0.000,0.012
25855,0.025,0.009,0.000,0.012
25856,0.025,0.009,0.000,0.012
25857,0.025,0.009,0.000,0.012
25858,0.025,0.009,0.000,0.012
25859,0.025,0.009,0.000,0.012
25860,0.025,0.009,0.000,0.012
25861,0.025,0.009,0.000,0.012
25862,0.025,0.009,0.000,0.012
25863,0.025,0.009,0.000,0.012
25864,0.025,0.009,0.000,0.012
25865,0.025,0.009,0.000,0.012
25866,0.025,0.009,0.000,0.012
25867,0.025,0.009,0.000,0.012
25868,0.025,0.009,0.000,0.012
25869,0.025,0.009,0.000,0.012
25870,0.025,0.009,0.000,0.012
25871,0.025,0.009,0.000,0.012
25872,0.025,0.009,0.000,0.012
25873,0.025,0.009,0.000,0.012
25874,0.025,0.009,0.000,0.012
25875,0.025,0.009,0.000,0.012
25876,0.025,0.009,0.000,0.012
25877,0.025,0.009,0.000,0.012
25878,0.025,0.009,0.000,0.012
25879,0.025,0.009,0.000,0.012
25880,0.025,0.009,0.000,0.012
25881,0.025,0.009,0.000,0.012
25882,0.025,0.009,0.000,0.012
25883,0.025,0.009,0.000,0.012
25884,0.025,0.009,0.000,0.012
25885,0.025,0.009,0.000,0.012
25886,0.025,0.009,0.000,0.012
25887,0.025,0.009,0.000,0.012
25888,0.025,0.009,0.000,0.012
25889,0.025,0.009,0.000,0.012
25890,0.025,0.009,0.000,0.012
25891,0.025,0.009,0.000,0.012
25892,0.025,0.009,0.000,0.012
25893,0.025,0.009,0.000,0.012
25894,0.025,0.009,0.000,0.012
25895,0.025,0.009,0.000,0.012
25896,0.025,0.009,0.000,0.012
25897,0.025,0.009,0.000,0.012
25898,0.025,0.009,0.000,0.012
25899,0.025,0.009,0.000,0.012
25900,0.025,0.009,0.000,0.012
25901,0.025,0.009,0.000,0.012
25902,0.025,0.009,0.000,0.012
25903,0.025,0.009,0.000,0.012
25904,0.025,0.009,0.000,0.012
25905,0.025,0.009,0.000,0.012
25906,0.025,0.009,0.000,0.012
25907,0.025,0.009,0.000,0.012
25908,0.025,0.009,0.000,0.012
25909,0.025,0.009,0.000,0.012
25910,0.025,0.009,0.000,0.012
25911,0.025,0.009,0.000,0.012
25912,0.025,0.009,0.000,0.012
25913,0.025,0.009,0.000,0.012
25914,0.025,0.009,0.000,0.012
25915,0.025,0.009,0.000,0.012
25916,0.025,0.009,0.000,0.012
25917,0.025,0.009,0.000,0.012
25918,0.025,0.009,0.000,0.012
25919,0.025,0.009,0.000,0.012
25920,0.025,0.009,0.000,0.012
25921,0.025,0.009,0.000,0.012
25922,0.025,0.009,0.000,0.012
25923,0.025,0.009,0.000,0.012
25924,0.025,0.009,0.000,0.012
25925,0.025,0.009,0.000,0.012
25926,0.025,0.009,0.000,0.012
25927,0.025,0.009,0.000,0.012
25928,0.025,0.009,0.000,0.012
25929,0.025,0.009,0.000,0.012
25930,0.025,0.009,0.000,0.012
25931,0.025,0.009,0.000,0.012
25932,0.025,0.009,0.000,0.012
25933,0.025,0.009,0.000,0.012
25934,0.025,0.009,0.000,0.012
25935,0.025,0.009,0.000,0.012
25936,0.025,0.009,0.000,0.012
25937,0.025,0.009,0.000,0.012
25938,0.025,0.009,0.000,0.012
25939,0.025,0.009,0.000,0.012
25940,0.025,0.009,0.000,0.012
25941,0.025,0.009,0.000,0.012
25942,0.025,0.009,0.000,0.012
25943,0.025,0.009,0.000,0.012
25944,0.025,0.009,0.000,0.012
25945,0.025,0.009,0.000,0.012
25946,0.025,0.009,0.000,0.012
25947,0.025,0.009,0.000,0.012
25948,0.025,0.009,0.000,0.012
25949,0.025,0.009,0.000,0.012
25950,0.025,0.009,0.000,0.012
25951,0.025,0.009,0.000,0.012
25952,0.025,0.009,0.000,0.012
25953,0.025,0.009,0.000,0.012
25954,0.025,0.009,0.000,0.012
25955,0.025,0.009,0.000,0.012
25956,0.025,0.009,0.000,0.012
25957,0.025,0.009,0.000,0.012
25958,0.025,0.009,0.000,0.012
25959,0.025,0.009,0.000,0.012
25960,0.025,0.009,0.000,0.012
25961,0.025,0.009,0.000,0.012
25962,0.025,0.009,0.000,0.012
25963,0.025,0.009,0.000,0.012
25964,0.025,0.009,0.000,0.012
25965,0.025,0.009,0.000,0.012
25966,0.025,0.009,0.000,0.012
25967,0.025,0.009,0.000,0.012
25968,0.025,0.009,0.000,0.012
25969,0.025,0.009,0.000,0.012
25970,0.025,0.009,0.000,0.012
25971,0.025,0.009,0.000,0.012
25972,0.025,0.009,0.000,0.012
25973,0.025,0.009,0.000,0.012
25974,0.025,0.009,0.000,0.012
25975,0.025,0.009,0.000,0.012
25976,0.025,0.009,0.000,0.012
25977,0.025,0.009,0.000,0.012
25978,0.025,0.009,0.000,0.012
25979,0.025,0.009,0.000,0.012
25980,0.025,0.009,0.000,0.012
25981,0.025,0.009,0.000,0.012
25982,0.025,0.009,0.000,0.012
25983,0.025,0.009,0.000,0.012
25984,0.025,0.009,0.000,0.012
25985,0.025,0.009,0.000,0.012
25986,0.025,0.009,0.000,0.012
25987,0.025,0.009,0.000,0.012
25988,0.025,0.009,0.000,0.012
25989,0.025,0.009,0.000,0.012
25990,0.025,0.009,0.000,0.012
25991,0.025,0.009,0.000,0.012
25992,0.025,0.009,0.000,0.012
25993,0.025,0.009,0.000,0.012
25994,0.025,0.009,0.000,0.012
25995,0.025,0.009,0.000,0.012
25996,0.025,0.009,0.000,0.012
25997,0.025,0.009,0.000,0.012
25998,0.025,0.009,0.000,0.012
25999,0.025,0.009,0.000,0.012
26000,0.025,0.009,0.000,0.012
26001,0.025,0.009,0.000,0.012
26002,0.025,0.009,0.000,0.012
26003,0.025,0.009,0.000,0.012
26004,0.025,0.009,0.000,0.012
26005,0.025,0.009,0.000,0.012
26006,0.025,0.009,0.000,0.012
26007,0.025,0.009,0.000,0.012
26008,0.025,0.009,0.000,0.012
26009,0.025,0.009,0.000,0.012
26010,0.025,0.009,0.000,0.012
26011,0.025,0.009,0.000,0.012
26012,0.025,0.009,0.000,0.012
26013,0.025,0.009,0.000,0.012
26014,0.025,0.009,0.000,0.012
26015,0.025,0.009,0.000,0.012
26016,0.025,0.009,0.000,0.012
26017,0.025,0.009,0.000,0.012
26018,0.025,0.009,0.000,0.012
26019,0.025,0.009,0.000,0.012
26020,0.025,0.009,0.000,0.012
26021,0.025,0.009,0.000,0.012
26022,0.025,0.009,0.000,0.012
26023,0.025,0.009,0.000,0.012
26024,0.025,0.009,0.000,0.012
26025,0.025,0.009,0.000,0.012
26026,0.025,0.009,0.000,0.012
26027,0.025,0.009,0.000,0.012
26028,0.025,0.009,0.000,0.012
26029,0.025,0.009,0.000,0.012
26030,0.025,0.009,0.000,0.012
26031,0.025,0.009,0.000,0.012
26032,0.025,0.009,0.000,0.012
26033,0.025,0.009,0.000,0.012
26034,0.025,0.009,0.000,0.012
26035,0.025,0.009,0.000,0.012
26036,0.025,0.009,0.000,0.012
26037,0.025,0.009,0.000,0.012
26038,0.025,0.009,0.000,0.012
26039,0.025,0.009,0.000,0.012
26040,0.025,0.009,0.000,0.012
26041,0.025,0.009,0.000,0.012
26042,0.025,0.009,0.000,0.012
26043,0.025,0.009,0.000,0.012
26044,0.025,0.009,0.000,0.012
26045,0.025,0.009,0.000,0.012
26046,0.025,0.009,0.000,0.012
26047,0.025,0.009,0.000,0.012
26048,0.025,0.009,0.000,0.012
26049,0.025,0.009,0.000,0.012
26050,0.025,0.009,0.000,0.012
26051,0.025,0.009,0.000,0.012
26052,0.025,0.009,0.000,0.012
26053,0.025,0.009,0.000,0.012
26054,0.025,0.009,0.000,0.012
26055,0.025,0.009,0.000,0.012
26056,0.025,0.009,0.000,0.012
26057,0.025,0.009,0.000,0.012
26058,0.025,0.009,0.000,0.012
26059,0.025,0.009,0.000,0.012
26060,0.025,0.009,0.000,0.012
26061,0.025,0.009,0.000,0.012
26062,0.025,0.009,0.000,0.012
26063,0.025,0.009,0.000,0.012
26064,0.025,0.009,0.000,0.012
26065,0.025,0.009,0.000,0.012
26066,0.025,0.009,0.000,0.012
26067,0.025,0.009,0.000,0.012
26068,0.025,0.009,0.000,0.012
26069,0.025,0.009,0.000,0.012
26070,0.025,0.009,0.000,0.012
26071,0.025,0.009,0.000,0.012
26072,0.025,0.009,0.000,0.012
26073,0.025,0.009,0.000,0.012
26074,0.025,0.009,0.000,0.012
26075,0.025,0.009,0.000,0.012
26076,0.025,0.009,0.000,0.012
26077,0.025,0.009,0.000,0.012
26078,0.025,0.009,0.000,0.012
26079,0.025,0.009,0.000,0.012
26080,0.025,0.009,0.000,0.012
26081,0.025,0.009,0.000,0.012
26082,0.025,0.009,0.000,0.012
26083,0.025,0.009,0.000,0.012
26084,0.025,0.009,0.000,0.012
26085,0.025,0.009,0.000,0.012
26086,0.025,0.009,0.000,0.012
26087,0.025,0.009,0.000,0.012
26088,0.025,0.009,0.000,0.012
26089,0.025,0.009,0.000,0.012
26090,0.025,0.009,0.000,0.012
26091,0.025,0.009,0.000,0.012
26092,0.025,0.009,0.000,0.012
26093,0.025,0.009,0.000,0.012
26094,0.025,0.009,0.000,0.012
26095,0.025,0.009,0.000,0.012
26096,0.025,0.009,0.000,0.012
26097,0.025,0.009,0.000,0.012
26098,0.025,0.009,0.000,0.012
26099,0.025,0.009,0.000,0.012
26100,0.025,0.009,0.000,0.012
26101,0.025,0.009,0.000,0.012
26102,0.025,0.009,0.000,0.012
26103,0.025,0.009,0.000,0.012
26104,0.025,0.009,0.000,0.012
26105,0.025,0.009,0.000,0.012
26106,0.025,0.009,0.000,0.012
26107,0.025,0.009,0.000,0.012
26108,0.025,0.009,0.000,0.012
26109,0.025,0.009,0.000,0.012
26110,0.025,0.009,0.000,0.012
26111,0.025,0.009,0.000,0.012
26112,0.025,0.009,0.000,0.012
26113,0.025,0.009,0.000,0.012
26114,0.025,0.009,0.000,0.012
26115,0.025,0.009,0.000,0.012
26116,0.025,0.009,0.000,0.012
26117,0.025,0.009,0.000,0.012
26118,0.025,0.009,0.000,0.012
26119,0.025,0.009,0.000,0.012
26120,0.025,0.009,0.000,0.012
26121,0.025,0.009,0.000,0.012
26122,0.025,0.009,0.000,0.012
26123,0.025,0.009,0.000,0.012
26124,0.025,0.009,0.000,0.012
26125,0.025,0.009,0.000,0.012
26126,0.025,0.009,0.000,0.012
26127,0.025,0.009,0.000,0.012
26128,0.025,0.009,0.000,0.012
26129,0.025,0.009,0.000,0.012
26130,0.025,0.009,0.000,0.012
26131,0.025,0.009,0.000,0.012
26132,0.025,0.009,0.000,0.012
26133,0.025,0.009,0.000,0.012
26134,0.025,0.009,0.000,0.012
26135,0.025,0.009,0.000,0.012
26136,0.025,0.009,0.000,0.012
26137,0.025,0.009,0.000,0.012
26138,0.025,0.009,0.000,0.012
26139,0.025,0.009,0.000,0.012
26140,0.025,0.009,0.000,0.012
26141,0.025,0.009,0.000,0.012
26142,0.025,0.009,0.000,0.012
26143,0.025,0.009,0.000,0.012
26144,0.025,0.009,0.000,0.012
26145,0.025,0.009,0.000,0.012
26146,0.025,0.009,0.000,0.012
26147,0.025,0.009,0.000,0.012
26148,0.025,0.009,0.000,0.012
26149,0.025,0.009,0.000,0.012
26150,0.025,0.009,0.000,0.012
26151,0.025,0.009,0.000,0.012
26152,0.025,0.009,0.000,0.012
26153,0.025,0.009,0.000,0.012
26154,0.025,0.009,0.000,0.012
26155,0.025,0.009,0.000,0.012
26156,0.025,0.009,0.000,0.012
26157,0.025,0.009,0.000,0.012
26158,0.025,0.009,0.000,0.012
26159,0.025,0.009,0.000,0.012
26160,0.025,0.009,0.000,0.012
26161,0.025,0.009,0.000,0.012
26162,0.025,0.009,0.000,0.012
26163,0.025,0.009,0.000,0.012
26164,0.025,0.009,0.000,0.012
26165,0.025,0.009,0.000,0.012
26166,0.025,0.009,0.000,0.012
26167,0.025,0.009,0.000,0.012
26168,0.025,0.009,0.000,0.012
26169,0.025,0.009,0.000,0.012
26170,0.025,0.009,0.000,0.012
26171,0.025,0.009,0.000,0.012
26172,0.025,0.009,0.000,0.012
26173,0.025,0.009,0.000,0.012
26174,0.025,0.009,0.000,0.012
26175,0.025,0.009,0.000,0.012
26176,0.025,0.009,0.000,0.012
26177,0.025,0.009,0.000,0.012
26178,0.025,0.009,0.000,0.012
26179,0.025,0.009,0.000,0.012
26180,0.025,0.009,0.000,0.012
26181,0.025,0.009,0.000,0.012
26182,0.025,0.009,0.000,0.012
26183,0.025,0.009,0.000,0.012
26184,0.025,0.009,0.000,0.012
26185,0.025,0.009,0.000,0.012
26186,0.025,0.009,0.000,0.012
26187,0.025,0.009,0.000,0.012
26188,0.025,0.009,0.000,0.012
26189,0.025,0.009,0.000,0.012
26190,0.025,0.009,0.000,0.012
26191,0.025,0.009,0.000,0.012
26192,0.025,0.009,0.000,0.012
26193,0.025,0.009,0.000,0.012
26194,0.025,0.009,0.000,0.012
26195,0.025,0.009,0.000,0.012
26196,0.025,0.009,0.000,0.012
26197,0.025,0.009,0.000,0.012
26198,0.025,0.009,0.000,0.012
26199,0.025,0.009,0.000,0.012
26200,0.025,0.009,0.000,0.012
26201,0.025,0.009,0.000,0.012
26202,0.025,0.009,0.000,0.012
26203,0.025,0.009,0.000,0.012
26204,0.025,0.009,0.000,0.012
26205,0.025,0.009,0.000,0.012
26206,0.025,0.009,0.000,0.012
26207,0.025,0.009,0.000,0.012
26208,0.025,0.009,0.000,0.012
26209,0.025,0.009,0.000,0.012
26210,0.025,0.009,0.000,0.012
26211,0.025,0.009,0.000,0.012
26212,0.025,0.009,0.000,0.012
26213,0.025,0.009,0.000,0.012
26214,0.025,0.009,0.000,0.012
26215,0.025,0.009,0.000,0.012
26216,0.025,0.009,0.000,0.012
26217,0.025,0.009,0.000,0.012
26218,0.025,0.009,0.000,0.012
26219,0.025,0.009,0.000,0.012
26220,0.025,0.009,0.000,0.012
26221,0.025,0.009,0.000,0.012
26222,0.025,0.009,0.000,0.012
26223,0.025,0.009,0.000,0.012
26224,0.025,0.009,0.000,0.012
26225,0.025,0.009,0.000,0.012
26226,0.025,0.009,0.000,0.012
26227,0.025,0.009,0.000,0.012
26228,0.025,0.009,0.000,0.012
26229,0.025,0.009,0.000,0.012
26230,0.025,0.009,0.000,0.012
26231,0.025,0.009,0.000,0.012
26232,0.025,0.009,0.000,0.012
26233,0.025,0.009,0.000,0.012
26234,0.025,0.009,0.000,0.012
26235,0.025,0.009,0.000,0.012
26236,0.025,0.009,0.000,0.012
26237,0.025,0.009,0.000,0.012
26238,0.025,0.009,0.000,0.012
26239,0.025,0.009,0.000,0.012
26240,0.025,0.009,0.000,0.012
26241,0.025,0.009,0.000,0.012
26242,0.025,0.009,0.000,0.012
26243,0.025,0.009,0.000,0.012
26244,0.025,0.009,0.000,0.012
26245,0.025,0.009,0.000,0.012
26246,0.025,0.009,0.000,0.012
26247,0.025,0.009,0.000,0.012
26248,0.025,0.009,0.000,0.012
26249,0.025,0.009,0.000,0.012
26250,0.025,0.009,0.000,0.012
26251,0.025,0.009,0.000,0.012
26252,0.025,0.009,0.000,0.012
26253,0.025,0.009,0.000,0.012
26254,0.025,0.009,0.000,0.012
26255,0.025,0.009,0.000,0.012
26256,0.025,0.009,0.000,0.012
26257,0.025,0.009,0.000,0.012
26258,0.025,0.009,0.000,0.012
26259,0.025,0.009,0.000,0.012
26260,0.025,0.009,0.000,0.012
26261,0.025,0.009,0.000,0.012
26262,0.025,0.009,0.000,0.012
26263,0.025,0.009,0.000,0.012
26264,0.025,0.009,0.000,0.012
26265,0.025,0.009,0.000,0.012
26266,0.025,0.009,0.000,0.012
26267,0.025,0.009,0.000,0.012
26268,0.025,0.009,0.000,0.012
26269,0.025,0.009,0.000,0.012
26270,0.025,0.009,0.000,0.012
26271,0.025,0.009,0.000,0.012
26272,0.025,0.009,0.000,0.012
26273,0.025,0.009,0.000,0.012
26274,0.025,0.009,0.000,0.012
26275,0.025,0.009,0.000,0.012
26276,0.025,0.009,0.000,0.012
26277,0.025,0.009,0.000,0.012
26278,0.025,0.009,0.000,0.012
26279,0.025,0.009,0.000,0.012
26280,0.025,0.009,0.000,0.012
26281,0.025,0.009,0.000,0.012
26282,0.025,0.009,0.000,0.012
26283,0.025,0.009,0.000,0.012
26284,0.025,0.009,0.000,0.012
26285,0.025,0.009,0.000,0.012
26286,0.025,0.009,0.000,0.012
26287,0.025,0.009,0.000,0.012
26288,0.025,0.009,0.000,0.012
26289,0.025,0.009,0.000,0.012
26290,0.025,0.009,0.000,0.012
26291,0.025,0.009,0.000,0.012
26292,0.025,0.009,0.000,0.012
26293,0.025,0.009,0.000,0.012
26294,0.025,0.009,0.000,0.012
26295,0.025,0.009,0.000,0.012
26296,0.025,0.009,0.000,0.012
26297,0.025,0.009,0.000,0.012
26298,0.025,0.009,0.000,0.012
26299,0.025,0.009,0.000,0.012
26300,0.025,0.009,0.000,0.012
26301,0.025,0.009,0.000,0.012
26302,0.025,0.009,0.000,0.012
26303,0.025,0.009,0.000,0.012
26304,0.025,0.009,0.000,0.012
26305,0.025,0.009,0.000,0.012
26306,0.025,0.009,0.000,0.012
26307,0.025,0.009,0.000,0.012
26308,0.025,0.009,0.000,0.012
26309,0.025,0.009,0.000,0.012
26310,0.025,0.009,0.000,0.012
26311,0.025,0.009,0.000,0.012
26312,0.025,0.009,0.000,0.012
26313,0.025,0.009,0.000,0.012
26314,0.025,0.009,0.000,0.012
26315,0.025,0.009,0.000,0.012
26316,0.025,0.009,0.000,0.012
26317,0.025,0.009,0.000,0.012
26318,0.025,0.009,0.000,0.012
26319,0.025,0.009,0.000,0.012
26320,0.025,0.009,0.000,0.012
26321,0.025,0.009,0.000,0.012
26322,0.025,0.009,0.000,0.012
26323,0.025,0.009,0.000,0.012
26324,0.025,0.009,0.000,0.012
26325,0.025,0.009,0.000,0.012
26326,0.025,0.009,0.000,0.012
26327,0.025,0.009,0.000,0.012
26328,0.025,0.009,0.000,0.012
26329,0.025,0.009,0.000,0.012
26330,0.025,0.009,0.000,0.012
26331,0.025,0.009,0.000,0.012
26332,0.025,0.009,0.000,0.012
26333,0.025,0.009,0.000,0.012
26334,0.025,0.009,0.000,0.012
26335,0.025,0.009,0.000,0.012
26336,0.025,0.009,0.000,0.012
26337,0.025,0.009,0.000,0.012
26338,0.025,0.009,0.000,0.012
26339,0.025,0.009,0.000,0.012
26340,0.025,0.009,0.000,0.012
26341,0.025,0.009,0.000,0.012
26342,0.025,0.009,0.000,0.012
26343,0.025,0.009,0.000,0.012
26344,0.025,0.009,0.000,0.012
26345,0.025,0.009,0.000,0.012
26346,0.025,0.009,0.000,0.012
26347,0.025,0.009,0.000,0.012
26348,0.025,0.009,0.000,0.012
26349,0.025,0.009,0.000,0.012
26350,0.025,0.009,0.000,0.012
26351,0.025,0.009,0.000,0.012
26352,0.025,0.009,0.000,0.012
26353,0.025,0.009,0.000,0.012
26354,0.025,0.009,0.000,0.012
26355,0.025,0.009,0.000,0.012
26356,0.025,0.009,0.000,0.012
26357,0.025,0.009,0.000,0.012
26358,0.025,0.009,0.000,0.012
26359,0.025,0.009,0.000,0.012
26360,0.025,0.009,0.000,0.012
26361,0.025,0.009,0.000,0.012
26362,0.025,0.009,0.000,0.012
26363,0.025,0.009,0.000,0.012
26364,0.025,0.009,0.000,0.012
26365,0.025,0.009,0.000,0.012
26366,0.025,0.009,0.000,0.012
26367,0.025,0.009,0.000,0.012
26368,0.025,0.009,0.000,0.012
26369,0.025,0.009,0.000,0.012
26370,0.025,0.009,0.000,0.012
26371,0.025,0.009,0.000,0.012
26372,0.025,0.009,0.000,0.012
26373,0.025,0.009,0.000,0.012
26374,0.025,0.009,0.000,0.012
26375,0.025,0.009,0.000,0.012
26376,0.025,0.009,0.000,0.012
26377,0.025,0.009,0.000,0.012
26378,0.025,0.009,0.000,0.012
26379,0.025,0.009,0.000,0.012
26380,0.025,0.009,0.000,0.012
26381,0.025,0.009,0.000,0.012
26382,0.025,0.009,0.000,0.012
26383,0.025,0.009,0.000,0.012
26384,0.025,0.009,0.000,0.012
26385,0.025,0.009,0.000,0.012
26386,0.025,0.009,0.000,0.012
26387,0.025,0.009,0.000,0.012
26388,0.025,0.009,0.000,0.012
26389,0.025,0.009,0.000,0.012
26390,0.025,0.009,0.000,0.012
26391,0.025,0.009,0.000,0.012
26392,0.025,0.009,0.000,0.012
26393,0.025,0.009,0.000,0.012
26394,0.025,0.009,0.000,0.012
26395,0.025,0.009,0.000,0.012
26396,0.025,0.009,0.000,0.012
26397,0.025,0.009,0.000,0.012
26398,0.025,0.009,0.000,0.012
26399,0.025,0.009,0.000,0.012
26400,0.025,0.009,0.000,0.012
26401,0.025,0.009,0.000,0.012
26402,0.025,0.009,0.000,0.012
26403,0.025,0.009,0.000,0.012
26404,0.025,0.009,0.000,0.012
26405,0.025,0.009,0.000,0.012
26406,0.025,0.009,0.000,0.012
26407,0.025,0.009,0.000,0.012
26408,0.025,0.009,0.000,0.012
26409,0.025,0.009,0.000,0.012
26410,0.025,0.009,0.000,0.012
26411,0.025,0.009,0.000,0.012
26412,0.025,0.009,0.000,0.012
26413,0.025,0.009,0.000,0.012
26414,0.025,0.009,0.000,0.012
26415,0.025,0.009,0.000,0.012
26416,0.025,0.009,0.000,0.012
26417,0.025,0.009,0.000,0.012
26418,0.025,0.009,0.000,0.012
26419,0.025,0.009,0.000,0.012
26420,0.025,0.009,0.000,0.012
26421,0.025,0.009,0.000,0.012
26422,0.025,0.009,0.000,0.012
26423,0.025,0.009,0.000,0.012
26424,0.025,0.009,0.000,0.012
26425,0.025,0.009,0.000,0.012
26426,0.025,0.009,0.000,0.012
26427,0.025,0.009,0.000,0.012
26428,0.025,0.009,0.000,0.012
26429,0.025,0.009,0.000,0.012
26430,0.025,0.009,0.000,0.012
26431,0.025,0.009,0.000,0.012
26432,0.025,0.009,0.000,0.012
26433,0.025,0.009,0.000,0.012
26434,0.025,0.009,0.000,0.012
26435,0.025,0.009,0.000,0.012
26436,0.025,0.009,0.000,0.012
26437,0.025,0.009,0.000,0.012
26438,0.025,0.009,0.000,0.012
26439,0.025,0.009,0.000,0.012
26440,0.025,0.009,0.000,0.012
26441,0.025,0.009,0.000,0.012
26442,0.025,0.009,0.000,0.012
26443,0.025,0.009,0.000,0.012
26444,0.025,0.009,0.000,0.012
26445,0.025,0.009,0.000,0.012
26446,0.025,0.009,0.000,0.012
26447,0.025,0.009,0.000,0.012
26448,0.025,0.009,0.000,0.012
26449,0.025,0.009,0.000,0.012
26450,0.025,0.009,0.000,0.012
26451,0.025,0.009,0.000,0.012
26452,0.025,0.009,0.000,0.012
26453,0.025,0.009,0.000,0.012
26454,0.025,0.009,0.000,0.012
26455,0.025,0.009,0.000,0.012
26456,0.025,0.009,0.000,0.012
26457,0.025,0.009,0.000,0.012
26458,0.025,0.009,0.000,0.012
26459,0.025,0.009,0.000,0.012
26460,0.025,0.009,0.000,0.012
26461,0.025,0.009,0.000,0.012
26462,0.025,0.009,0.000,0.012
26463,0.025,0.009,0.000,0.012
26464,0.025,0.009,0.000,0.012
26465,0.025,0.009,0.000,0.012
26466,0.025,0.009,0.000,0.012
26467,0.025,0.009,0.000,0.012
26468,0.025,0.009,0.000,0.012
26469,0.025,0.009,0.000,0.012
26470,0.025,0.009,0.000,0.012
26471,0.025,0.009,0.000,0.012
26472,0.025,0.009,0.000,0.012
26473,0.025,0.009,0.000,0.012
26474,0.025,0.009,0.000,0.012
26475,0.025,0.009,0.000,0.012
26476,0.025,0.009,0.000,0.012
26477,0.025,0.009,0.000,0.012
26478,0.025,0.009,0.000,0.012
26479,0.025,0.009,0.000,0.012
26480,0.025,0.009,0.000,0.012
26481,0.025,0.009,0.000,0.012
26482,0.025,0.009,0.000,0.012
26483,0.025,0.009,0.000,0.012
26484,0.025,0.009,0.000,0.012
26485,0.025,0.009,0.000,0.012
26486,0.025,0.009,0.000,0.012
26487,0.025,0.009,0.000,0.012
26488,0.025,0.009,0.000,0.012
26489,0.025,0.009,0.000,0.012
26490,0.025,0.009,0.000,0.012
26491,0.025,0.009,0.000,0.012
26492,0.025,0.009,0.000,0.012
26493,0.025,0.009,0.000,0.012
26494,0.025,0.009,0.000,0.012
26495,0.025,0.009,0.000,0.012
26496,0.025,0.009,0.000,0.012
26497,0.025,0.009,0.000,0.012
26498,0.025,0.009,0.000,0.012
26499,0.025,0.009,0.000,0.012
26500,0.025,0.009,0.000,0.012
26501,0.025,0.009,0.000,0.012
26502,0.025,0.009,0.000,0.012
26503,0.025,0.009,0.000,0.012
26504,0.025,0.009,0.000,0.012
26505,0.025,0.009,0.000,0.012
26506,0.025,0.009,0.000,0.012
26507,0.025,0.009,0.000,0.012
26508,0.025,0.009,0.000,0.012
26509,0.025,0.009,0.000,0.012
26510,0.025,0.009,0.000,0.012
26511,0.025,0.009,0.000,0.012
26512,0.025,0.009,0.000,0.012
26513,0.025,0.009,0.000,0.012
26514,0.025,0.009,0.000,0.012
26515,0.025,0.009,0.000,0.012
26516,0.025,0.009,0.000,0.012
26517,0.025,0.009,0.000,0.012
26518,0.025,0.009,0.000,0.012
26519,0.025,0.009,0.000,0.012
26520,0.025,0.009,0.000,0.012
26521,0.025,0.009,0.000,0.012
26522,0.025,0.009,0.000,0.012
26523,0.025,0.009,0.000,0.012
26524,0.025,0.009,0.000,0.012
26525,0.025,0.009,0.000,0.012
26526,0.025,0.009,0.000,0.012
26527,0.025,0.009,0.000,0.012
26528,0.025,0.009,0.000,0.012
26529,0.025,0.009,0.000,0.012
26530,0.025,0.009,0.000,0.012
26531,0.025,0.009,0.000,0.012
26532,0.025,0.009,0.000,0.012
26533,0.025,0.009,0.000,0.012
26534,0.025,0.009,0.000,0.012
26535,0.025,0.009,0.000,0.012
26536,0.025,0.009,0.000,0.012
26537,0.025,0.009,0.000,0.012
26538,0.025,0.009,0.000,0.012
26539,0.025,0.009,0.000,0.012
26540,0.025,0.009,0.000,0.012
26541,0.025,0.009,0.000,0.012
26542,0.025,0.009,0.000,0.012
26543,0.025,0.009,0.000,0.012
26544,0.025,0.009,0.000,0.012
26545,0.025,0.009,0.000,0.012
26546,0.025,0.009,0.000,0.012
26547,0.025,0.009,0.000,0.012
26548,0.025,0.009,0.000,0.012
26549,0.025,0.009,0.000,0.012
26550,0.025,0.009,0.000,0.012
26551,0.025,0.009,0.000,0.012
26552,0.025,0.009,0.000,0.012
26553,0.025,0.009,0.000,0.012
26554,0.025,0.009,0.000,0.012
26555,0.025,0.009,0.000,0.012
26556,0.025,0.009,0.000,0.012
26557,0.025,0.009,0.000,0.012
26558,0.025,0.009,0.000,0.012
26559,0.025,0.009,0.000,0.012
26560,0.025,0.009,0.000,0.012
26561,0.025,0.009,0.000,0.012
26562,0.025,0.009,0.000,0.012
26563,0.025,0.009,0.000,0.012
26564,0.025,0.009,0.000,0.012
26565,0.025,0.009,0.000,0.012
26566,0.025,0.009,0.000,0.012
26567,0.025,0.009,0.000,0.012
26568,0.025,0.009,0.000,0.012
26569,0.025,0.009,0.000,0.012
26570,0.025,0.009,0.000,0.012
26571,0.025,0.009,0.000,0.012
26572,0.025,0.009,0.000,0.012
26573,0.025,0.009,0.000,0.012
26574,0.025,0.009,0.000,0.012
26575,0.025,0.009,0.000,0.012
26576,0.025,0.009,0.000,0.012
26577,0.025,0.009,0.000,0.012
26578,0.025,0.009,0.000,0.012
26579,0.025,0.009,0.000,0.012
26580,0.025,0.009,0.000,0.012
26581,0.025,0.009,0.000,0.012
26582,0.025,0.009,0.000,0.012
26583,0.025,0.009,0.000,0.012
26584,0.025,0.009,0.000,0.012
26585,0.025,0.009,0.000,0.012
26586,0.025,0.009,0.000,0.012
26587,0.025,0.009,0.000,0.012
26588,0.025,0.009,0.000,0.012
26589,0.025,0.009,0.000,0.012
26590,0.025,0.009,0.000,0.012
26591,0.025,0.009,0.000,0.012
26592,0.025,0.009,0.000,0.012
26593,0.025,0.009,0.000,0.012
26594,0.025,0.009,0.000,0.012
26595,0.025,0.009,0.000,0.012
26596,0.025,0.009,0.000,0.012
26597,0.025,0.009,0.000,0.012
26598,0.025,0.009,0.000,0.012
26599,0.025,0.009,0.000,0.012
26600,0.025,0.009,0.000,0.012
26601,0.025,0.009,0.000,0.012
26602,0.025,0.009,0.000,0.012
26603,0.025,0.009,0.000,0.012
26604,0.025,0.009,0.000,0.012
26605,0.025,0.009,0.000,0.012
26606,0.025,0.009,0.000,0.012
26607,0.025,0.009,0.000,0.012
26608,0.025,0.009,0.000,0.012
26609,0.025,0.009,0.000,0.012
26610,0.025,0.009,0.000,0.012
26611,0.025,0.009,0.000,0.012
26612,0.025,0.009,0.000,0.012
26613,0.025,0.009,0.000,0.012
26614,0.025,0.009,0.000,0.012
26615,0.025,0.009,0.000,0.012
26616,0.025,0.009,0.000,0.012
26617,0.025,0.009,0.000,0.012
26618,0.025,0.009,0.000,0.012
26619,0.025,0.009,0.000,0.012
26620,0.025,0.009,0.000,0.012
26621,0.025,0.009,0.000,0.012
26622,0.025,0.009,0.000,0.012
26623,0.025,0.009,0.000,0.012
26624,0.025,0.009,0.000,0.012
26625,0.025,0.009,0.000,0.012
26626,0.025,0.009,0.000,0.012
26627,0.025,0.009,0.000,0.012
26628,0.025,0.009,0.000,0.012
26629,0.025,0.009,0.000,0.012
26630,0.025,0.009,0.000,0.012
26631,0.025,0.009,0.000,0.012
26632,0.025,0.009,0.000,0.012
26633,0.025,0.009,0.000,0.012
26634,0.025,0.009,0.000,0.012
26635,0.025,0.009,0.000,0.012
26636,0.025,0.009,0.000,0.012
26637,0.025,0.009,0.000,0.012
26638,0.025,0.009,0.000,0.012
26639,0.025,0.009,0.000,0.012
26640,0.025,0.009,0.000,0.012
26641,0.025,0.009,0.000,0.012
26642,0.025,0.009,0.000,0.012
26643,0.025,0.009,0.000,0.012
26644,0.025,0.009,0.000,0.012
26645,0.025,0.009,0.000,0.012
26646,0.025,0.009,0.000,0.012
26647,0.025,0.009,0.000,0.012
26648,0.025,0.009,0.000,0.012
26649,0.025,0.009,0.000,0.012
26650,0.025,0.009,0.000,0.012
26651,0.025,0.009,0.000,0.012
26652,0.025,0.009,0.000,0.012
26653,0.025,0.009,0.000,0.012
26654,0.025,0.009,0.000,0.012
26655,0.025,0.009,0.000,0.012
26656,0.025,0.009,0.000,0.012
26657,0.025,0.009,0.000,0.012
26658,0.025,0.009,0.000,0.012
26659,0.025,0.009,0.000,0.012
26660,0.025,0.009,0.000,0.012
26661,0.025,0.009,0.000,0.012
26662,0.025,0.009,0.000,0.012
26663,0.025,0.009,0.000,0.012
26664,0.025,0.009,0.000,0.012
26665,0.025,0.009,0.000,0.012
26666,0.025,0.009,0.000,0.012
26667,0.025,0.009,0.000,0.012
26668,0.025,0.009,0.000,0.012
26669,0.025,0.009,0.000,0.012
26670,0.025,0.009,0.000,0.012
26671,0.025,0.009,0.000,0.012
26672,0.025,0.009,0.000,0.012
26673,0.025,0.009,0.000,0.012
26674,0.025,0.009,0.000,0.012
26675,0.025,0.009,0.000,0.012
26676,0.025,0.009,0.000,0.012
26677,0.025,0.009,0.000,0.012
26678,0.025,0.009,0.000,0.012
26679,0.025,0.009,0.000,0.012
26680,0.025,0.009,0.000,0.012
26681,0.025,0.009,0.000,0.012
26682,0.025,0.009,0.000,0.012
26683,0.025,0.009,0.000,0.012
26684,0.025,0.009,0.000,0.012
26685,0.025,0.009,0.000,0.012
26686,0.025,0.009,0.000,0.012
26687,0.025,0.009,0.000,0.012
26688,0.025,0.009,0.000,0.012
26689,0.025,0.009,0.000,0.012
26690,0.025,0.009,0.000,0.012
26691,0.025,0.009,0.000,0.012
26692,0.025,0.009,0.000,0.012
26693,0.025,0.009,0.000,0.012
26694,0.025,0.009,0.000,0.012
26695,0.025,0.009,0.000,0.012
26696,0.025,0.009,0.000,0.012
26697,0.025,0.009,0.000,0.012
26698,0.025,0.009,0.000,0.012
26699,0.025,0.009,0.000,0.012
26700,0.025,0.009,0.000,0.012
26701,0.025,0.009,0.000,0.012
26702,0.025,0.009,0.000,0.012
26703,0.025,0.009,0.000,0.012
26704,0.025,0.009,0.000,0.012
26705,0.025,0.009,0.000,0.012
26706,0.025,0.009,0.000,0.012
26707,0.025,0.009,0.000,0.012
26708,0.025,0.009,0.000,0.012
26709,0.025,0.009,0.000,0.012
26710,0.025,0.009,0.000,0.012
26711,0.025,0.009,0.000,0.012
26712,0.025,0.009,0.000,0.012
26713,0.025,0.009,0.000,0.012
26714,0.025,0.009,0.000,0.012
26715,0.025,0.009,0.000,0.012
26716,0.025,0.009,0.000,0.012
26717,0.025,0.009,0.000,0.012
26718,0.025,0.009,0.000,0.012
26719,0.025,0.009,0.000,0.012
26720,0.025,0.009,0.000,0.012
26721,0.025,0.009,0.000,0.012
26722,0.025,0.009,0.000,0.012
26723,0.025,0.009,0.000,0.012
26724,0.025,0.009,0.000,0.012
26725,0.025,0.009,0.000,0.012
26726,0.025,0.009,0.000,0.012
26727,0.025,0.009,0.000,0.012
26728,0.025,0.009,0.000,0.012
26729,0.025,0.009,0.000,0.012
26730,0.025,0.009,0.000,0.012
26731,0.025,0.009,0.000,0.012
26732,0.025,0.009,0.000,0.012
26733,0.025,0.009,0.000,0.012
26734,0.025,0.009,0.000,0.012
26735,0.025,0.009,0.000,0.012
26736,0.025,0.009,0.000,0.012
26737,0.025,0.009,0.000,0.012
26738,0.025,0.009,0.000,0.012
26739,0.025,0.009,0.000,0.012
26740,0.025,0.009,0.000,0.012
26741,0.025,0.009,0.000,0.012
26742,0.025,0.009,0.000,0.012
26743,0.025,0.009,0.000,0.012
26744,0.025,0.009,0.000,0.012
26745,0.025,0.009,0.000,0.012
26746,0.025,0.009,0.000,0.012
26747,0.025,0.009,0.000,0.012
26748,0.025,0.009,0.000,0.012
26749,0.025,0.009,0.000,0.012
26750,0.025,0.009,0.000,0.012
26751,0.025,0.009,0.000,0.012
26752,0.025,0.009,0.000,0.012
26753,0.025,0.009,0.000,0.012
26754,0.025,0.009,0.000,0.012
26755,0.025,0.009,0.000,0.012
26756,0.025,0.009,0.000,0.012
26757,0.025,0.009,0.000,0.012
26758,0.025,0.009,0.000,0.012
26759,0.025,0.009,0.000,0.012
26760,0.025,0.009,0.000,0.012
26761,0.025,0.009,0.000,0.012
26762,0.025,0.009,0.000,0.012
26763,0.025,0.009,0.000,0.012
26764,0.025,0.009,0.000,0.012
26765,0.025,0.009,0.000,0.012
26766,0.025,0.009,0.000,0.012
26767,0.025,0.009,0.000,0.012
26768,0.025,0.009,0.000,0.012
26769,0.025,0.009,0.000,0.012
26770,0.025,0.009,0.000,0.012
26771,0.025,0.009,0.000,0.012
26772,0.025,0.009,0.000,0.012
26773,0.025,0.009,0.000,0.012
26774,0.025,0.009,0.000,0.012
26775,0.025,0.009,0.000,0.012
26776,0.025,0.009,0.000,0.012
26777,0.025,0.009,0.000,0.012
26778,0.025,0.009,0.000,0.012
26779,0.025,0.009,0.000,0.012
26780,0.025,0.009,0.000,0.012
26781,0.025,0.009,0.000,0.012
26782,0.025,0.009,0.000,0.012
26783,0.025,0.009,0.000,0.012
26784,0.025,0.009,0.000,0.012
26785,0.025,0.009,0.000,0.012
26786,0.025,0.009,0.000,0.012
26787,0.025,0.009,0.000,0.012
26788,0.025,0.009,0.000,0.012
26789,0.025,0.009,0.000,0.012
26790,0.025,0.009,0.000,0.012
26791,0.025,0.009,0.000,0.012
26792,0.025,0.009,0.000,0.012
26793,0.025,0.009,0.000,0.012
26794,0.025,0.009,0.000,0.012
26795,0.025,0.009,0.000,0.012
26796,0.025,0.009,0.000,0.012
26797,0.025,0.009,0.000,0.012
26798,0.025,0.009,0.000,0.012
26799,0.025,0.009,0.000,0.012
26800,0.025,0.009,0.000,0.012
26801,0.025,0.009,0.000,0.012
26802,0.025,0.009,0.000,0.012
26803,0.025,0.009,0.000,0.012
26804,0.025,0.009,0.000,0.012
26805,0.025,0.009,0.000,0.012
26806,0.025,0.009,0.000,0.012
26807,0.025,0.009,0.000,0.012
26808,0.025,0.009,0.000,0.012
26809,0.025,0.009,0.000,0.012
26810,0.025,0.009,0.000,0.012
26811,0.025,0.009,0.000,0.012
26812,0.025,0.009,0.000,0.012
26813,0.025,0.009,0.000,0.012
26814,0.025,0.009,0.000,0.012
26815,0.025,0.009,0.000,0.012
26816,0.025,0.009,0.000,0.012
26817,0.025,0.009,0.000,0.012
26818,0.025,0.009,0.000,0.012
26819,0.025,0.009,0.000,0.012
26820,0.025,0.009,0.000,0.012
26821,0.025,0.009,0.000,0.012
26822,0.025,0.009,0.000,0.012
26823,0.025,0.009,0.000,0.012
26824,0.025,0.009,0.000,0.012
26825,0.025,0.009,0.000,0.012
26826,0.025,0.009,0.000,0.012
26827,0.025,0.009,0.000,0.012
26828,0.025,0.009,0.000,0.012
26829,0.025,0.009,0.000,0.012
26830,0.025,0.009,0.000,0.012
26831,0.025,0.009,0.000,0.012
26832,0.025,0.009,0.000,0.012
26833,0.025,0.009,0.000,0.012
26834,0.025,0.009,0.000,0.012
26835,0.025,0.009,0.000,0.012
26836,0.025,0.009,0.000,0.012
26837,0.025,0.009,0.000,0.012
26838,0.025,0.009,0.000,0.012
26839,0.025,0.009,0.000,0.012
26840,0.025,0.009,0.000,0.012
26841,0.025,0.009,0.000,0.012
26842,0.025,0.009,0.000,0.012
26843,0.025,0.009,0.000,0.012
26844,0.025,0.009,0.000,0.012
26845,0.025,0.009,0.000,0.012
26846,0.025,0.009,0.000,0.012
26847,0.025,0.009,0.000,0.012
26848,0.025,0.009,0.000,0.012
26849,0.025,0.009,0.000,0.012
26850,0.025,0.009,0.000,0.012
26851,0.025,0.009,0.000,0.012
26852,0.025,0.009,0.000,0.012
26853,0.025,0.009,0.000,0.012
26854,0.025,0.009,0.000,0.012
26855,0.025,0.009,0.000,0.012
26856,0.025,0.009,0.000,0.012
26857,0.025,0.009,0.000,0.012
26858,0.025,0.009,0.000,0.012
26859,0.025,0.009,0.000,0.012
26860,0.025,0.009,0.000,0.012
26861,0.025,0.009,0.000,0.012
26862,0.025,0.009,0.000,0.012
26863,0.025,0.009,0.000,0.012
26864,0.025,0.009,0.000,0.012
26865,0.025,0.009,0.000,0.012
26866,0.025,0.009,0.000,0.012
26867,0.025,0.009,0.000,0.012
26868,0.025,0.009,0.000,0.012
26869,0.025,0.009,0.000,0.012
26870,0.025,0.009,0.000,0.012
26871,0.025,0.009,0.000,0.012
26872,0.025,0.009,0.000,0.012
26873,0.025,0.009,0.000,0.012
26874,0.025,0.009,0.000,0.012
26875,0.025,0.009,0.000,0.012
26876,0.025,0.009,0.000,0.012
26877,0.025,0.009,0.000,0.012
26878,0.025,0.009,0.000,0.012
26879,0.025,0.009,0.000,0.012
26880,0.025,0.009,0.000,0.012
26881,0.025,0.009,0.000,0.012
26882,0.025,0.009,0.000,0.012
26883,0.025,0.009,0.000,0.012
26884,0.025,0.009,0.000,0.012
26885,0.025,0.009,0.000,0.012
26886,0.025,0.009,0.000,0.012
26887,0.025,0.009,0.000,0.012
26888,0.025,0.009,0.000,0.012
26889,0.025,0.009,0.000,0.012
26890,0.025,0.009,0.000,0.012
26891,0.025,0.009,0.000,0.012
26892,0.025,0.009,0.000,0.012
26893,0.025,0.009,0.000,0.012
26894,0.025,0.009,0.000,0.012
26895,0.025,0.009,0.000,0.012
26896,0.025,0.009,0.000,0.012
26897,0.025,0.009,0.000,0.012
26898,0.025,0.009,0.000,0.012
26899,0.025,0.009,0.000,0.012
26900,0.025,0.009,0.000,0.012
26901,0.025,0.009,0.000,0.012
26902,0.025,0.009,0.000,0.012
26903,0.025,0.009,0.000,0.012
26904,0.025,0.009,0.000,0.012
26905,0.025,0.009,0.000,0.012
26906,0.025,0.009,0.000,0.012
26907,0.025,0.009,0.000,0.012
26908,0.025,0.009,0.000,0.012
26909,0.025,0.009,0.000,0.012
26910,0.025,0.009,0.000,0.012
26911,0.025,0.009,0.000,0.012
26912,0.025,0.009,0.000,0.012
26913,0.025,0.009,0.000,0.012
26914,0.025,0.009,0.000,0.012
26915,0.025,0.009,0.000,0.012
26916,0.025,0.009,0.000,0.012
26917,0.025,0.009,0.000,0.012
26918,0.025,0.009,0.000,0.012
26919,0.025,0.009,0.000,0.012
26920,0.025,0.009,0.000,0.012
26921,0.025,0.009,0.000,0.012
26922,0.025,0.009,0.000,0.012
26923,0.025,0.009,0.000,0.012
26924,0.025,0.009,0.000,0.012
26925,0.025,0.009,0.000,0.012
26926,0.025,0.009,0.000,0.012
26927,0.025,0.009,0.000,0.012
26928,0.025,0.009,0.000,0.012
26929,0.025,0.009,0.000,0.012
26930,0.025,0.009,0.000,0.012
26931,0.025,0.009,0.000,0.012
26932,0.025,0.009,0.000,0.012
26933,0.025,0.009,0.000,0.012
26934,0.025,0.009,0.000,0.012
26935,0.025,0.009,0.000,0.012
26936,0.025,0.009,0.000,0.012
26937,0.025,0.009,0.000,0.012
26938,0.025,0.009,0.000,0.012
26939,0.025,0.009,0.000,0.012
26940,0.025,0.009,0.000,0.012
26941,0.025,0.009,0.000,0.012
26942,0.025,0.009,0.000,0.012
26943,0.025,0.009,0.000,0.012
26944,0.025,0.009,0.000,0.012
26945,0.025,0.009,0.000,0.012
26946,0.025,0.009,0.000,0.012
26947,0.025,0.009,0.000,0.012
26948,0.025,0.009,0.000,0.012
26949,0.025,0.009,0.000,0.012
26950,0.025,0.009,0.000,0.012
26951,0.025,0.009,0.000,0.012
26952,0.025,0.009,0.000,0.012
26953,0.025,0.009,0.000,0.012
26954,0.025,0.009,0.000,0.012
26955,0.025,0.009,0.000,0.012
26956,0.025,0.009,0.000,0.012
26957,0.025,0.009,0.000,0.012
26958,0.025,0.009,0.000,0.012
26959,0.025,0.009,0.000,0.012
26960,0.025,0.009,0.000,0.012
26961,0.025,0.009,0.000,0.012
26962,0.025,0.009,0.000,0.012
26963,0.025,0.009,0.000,0.012
26964,0.025,0.009,0.000,0.012
26965,0.025,0.009,0.000,0.012
26966,0.025,0.009,0.000,0.012
26967,0.025,0.009,0.000,0.012
26968,0.025,0.009,0.000,0.012
26969,0.025,0.009,0.000,0.012
26970,0.025,0.009,0.000,0.012
26971,0.025,0.009,0.000,0.012
26972,0.025,0.009,0.000,0.012
26973,0.025,0.009,0.000,0.012
26974,0.025,0.009,0.000,0.012
26975,0.025,0.009,0.000,0.012
26976,0.025,0.009,0.000,0.012
26977,0.025,0.009,0.000,0.012
26978,0.025,0.009,0.000,0.012
26979,0.025,0.009,0.000,0.012
26980,0.025,0.009,0.000,0.012
26981,0.025,0.009,0.000,0.012
26982,0.025,0.009,0.000,0.012
26983,0.025,0.009,0.000,0.012
26984,0.025,0.009,0.000,0.012
26985,0.025,0.009,0.000,0.012
26986,0.025,0.009,0.000,0.012
26987,0.025,0.009,0.000,0.012
26988,0.025,0.009,0.000,0.012
26989,0.025,0.009,0.000,0.012
26990,0.025,0.009,0.000,0.012
26991,0.025,0.009,0.000,0.012
26992,0.025,0.009,0.000,0.012
26993,0.025,0.009,0.000,0.012
26994,0.025,0.009,0.000,0.012
26995,0.025,0.009,0.000,0.012
26996,0.025,0.009,0.000,0.012
26997,0.025,0.009,0.000,0.012
26998,0.025,0.009,0.000,0.012
26999,0.025,0.009,0.000,0.012
27000,0.025,0.009,0.000,0.012
